timestamp	device	q0	q1	q2	q3	yaw	pitch	roll
2026-03-15T22:24:32.4543429+08:00	0x09	-0.6196	0.2911	0.6912	0.2313	183.24	274.96	316.44
2026-03-15T22:24:32.5026769+08:00	0x08	-0.4110	0.5427	0.4522	0.5763	16.52	73.91	285.31
2026-03-15T22:24:32.5106526+08:00	0x09	-0.6180	0.2906	0.6922	0.2336	182.84	275.35	316.29
2026-03-15T22:24:32.5687328+08:00	0x09	-0.6180	0.2906	0.6922	0.2336	182.84	275.35	316.29
2026-03-15T22:24:32.6072198+08:00	0x08	-0.4098	0.5429	0.4510	0.5779	16.52	73.84	285.56
2026-03-15T22:24:32.6181858+08:00	0x09	-0.6164	0.2906	0.6928	0.2361	182.48	275.68	316.08
2026-03-15T22:24:32.6615481+08:00	0x08	-0.4123	0.5398	0.4531	0.5774	17.39	72.80	285.16
2026-03-15T22:24:32.6725200+08:00	0x09	-0.6164	0.2906	0.6928	0.2361	182.48	275.68	316.08
2026-03-15T22:24:32.7382305+08:00	0x09	-0.6189	0.2889	0.6919	0.2341	182.67	275.31	316.41
2026-03-15T22:24:32.7602260+08:00	0x08	-0.4160	0.5368	0.4550	0.5760	17.92	72.07	284.60
2026-03-15T22:24:32.7881910+08:00	0x05	0.8146	-0.1470	-0.5366	-0.1641	184.02	245.85	334.85
2026-03-15T22:24:32.7881910+08:00	0x09	-0.6189	0.2889	0.6919	0.2341	182.67	275.31	316.41
2026-03-15T22:24:32.8375336+08:00	0x09	-0.6227	0.2894	0.6893	0.2312	183.29	274.51	316.62
2026-03-15T22:24:32.8664225+08:00	0x08	-0.4184	0.5380	0.4536	0.5742	16.52	73.43	284.39
2026-03-15T22:24:32.8883182+08:00	0x09	-0.6227	0.2894	0.6893	0.2312	183.29	274.51	316.62
2026-03-15T22:24:32.9674283+08:00	0x08	-0.4204	0.5388	0.4521	0.5732	15.33	74.51	284.27
2026-03-15T22:24:32.9947276+08:00	0x09	-0.6285	0.2919	0.6840	0.2279	184.34	273.11	316.71
2026-03-15T22:24:33.0416260+08:00	0x09	-0.6285	0.2919	0.6840	0.2279	184.34	273.11	316.71
2026-03-15T22:24:33.0681538+08:00	0x08	-0.4198	0.5399	0.4493	0.5748	14.53	75.16	284.59
2026-03-15T22:24:33.1068922+08:00	0x09	-0.6312	0.2967	0.6791	0.2289	185.06	272.15	316.21
2026-03-15T22:24:33.1568754+08:00	0x09	-0.6312	0.2967	0.6791	0.2289	185.06	272.15	316.21
2026-03-15T22:24:33.1748377+08:00	0x08	-0.4147	0.5401	0.4456	0.5812	15.14	74.27	285.55
2026-03-15T22:24:33.2027527+08:00	0x09	-0.6347	0.3038	0.6720	0.2311	186.04	270.79	315.44
2026-03-15T22:24:33.2242274+08:00	0x05	0.7601	-0.0782	-0.6175	-0.1866	173.07	259.55	337.65
2026-03-15T22:24:33.2661161+08:00	0x09	-0.6347	0.3038	0.6720	0.2311	186.04	270.79	315.44
2026-03-15T22:24:33.2920470+08:00	0x08	-0.4105	0.5444	0.4394	0.5849	13.61	75.72	286.55
2026-03-15T22:24:33.3129898+08:00	0x09	-0.6369	0.3079	0.6670	0.2338	186.54	269.93	314.88
2026-03-15T22:24:33.3736258+08:00	0x09	-0.6369	0.3079	0.6670	0.2338	186.54	269.93	314.88
2026-03-15T22:24:33.3816111+08:00	0x08	-0.4085	0.5448	0.4366	0.5880	13.49	75.63	287.05
2026-03-15T22:24:33.4174935+08:00	0x09	-0.6390	0.3083	0.6645	0.2346	186.70	269.45	314.80
2026-03-15T22:24:33.4774510+08:00	0x09	-0.6439	0.3104	0.6589	0.2345	187.41	268.22	314.68
2026-03-15T22:24:33.4874353+08:00	0x08	-0.3902	0.5350	0.4382	0.6079	20.30	68.26	289.40
2026-03-15T22:24:33.5267098+08:00	0x09	-0.6439	0.3104	0.6589	0.2345	187.41	268.22	314.68
2026-03-15T22:24:33.5446721+08:00	0x08	-0.3769	0.5406	0.4280	0.6185	19.22	69.22	291.73
2026-03-15T22:24:33.5834787+08:00	0x09	-0.6378	0.3122	0.6602	0.2445	186.28	269.28	313.60
2026-03-15T22:24:33.6428432+08:00	0x09	-0.6378	0.3122	0.6602	0.2445	186.28	269.28	313.60
2026-03-15T22:24:33.6438201+08:00	0x08	-0.3876	0.5362	0.4391	0.6079	20.62	68.21	289.61
2026-03-15T22:24:33.6766496+08:00	0x05	0.8152	-0.0840	-0.5493	-0.1631	177.41	248.43	339.00
2026-03-15T22:24:33.7043725+08:00	0x09	-0.6233	0.3020	0.6765	0.2502	183.14	273.35	313.90
2026-03-15T22:24:33.7555248+08:00	0x09	-0.6233	0.3020	0.6765	0.2502	183.14	273.35	313.90
2026-03-15T22:24:33.7555248+08:00	0x08	-0.3993	0.5366	0.4432	0.5968	19.23	69.83	287.77
2026-03-15T22:24:33.8036240+08:00	0x09	-0.6105	0.2922	0.6911	0.2534	180.53	276.87	314.49
2026-03-15T22:24:33.8553729+08:00	0x08	-0.4003	0.5306	0.4500	0.5964	22.19	66.88	287.25
2026-03-15T22:24:33.8653470+08:00	0x09	-0.6105	0.2922	0.6911	0.2534	180.53	276.87	314.49
2026-03-15T22:24:33.9102120+08:00	0x09	-0.6072	0.2896	0.6960	0.2512	180.16	277.73	314.91
2026-03-15T22:24:33.9694482+08:00	0x08	-0.4046	0.5262	0.4580	0.5914	24.61	64.71	286.17
2026-03-15T22:24:33.9694482+08:00	0x09	-0.6072	0.2896	0.6960	0.2512	180.16	277.73	314.91
2026-03-15T22:24:34.0744621+08:00	0x08	-0.4027	0.5279	0.4571	0.5918	24.21	65.24	286.42
2026-03-15T22:24:34.0744621+08:00	0x09	-0.6027	0.2892	0.7011	0.2482	180.05	278.60	315.19
2026-03-15T22:24:34.1235156+08:00	0x09	-0.6027	0.2892	0.7011	0.2482	180.05	278.60	315.19
2026-03-15T22:24:34.1354775+08:00	0x05	0.8555	-0.0711	-0.4969	-0.1270	179.73	240.33	343.27
2026-03-15T22:24:34.1825550+08:00	0x08	-0.4011	0.5282	0.4575	0.5923	24.46	65.08	286.57
2026-03-15T22:24:34.1825550+08:00	0x09	-0.6016	0.2901	0.7015	0.2488	180.00	278.77	315.06
2026-03-15T22:24:34.2281363+08:00	0x09	-0.6016	0.2901	0.7015	0.2488	180.00	278.77	315.06
2026-03-15T22:24:34.2665758+08:00	0x08	-0.4003	0.5289	0.4575	0.5922	24.42	65.23	286.65
2026-03-15T22:24:34.2825342+08:00	0x09	-0.6021	0.2902	0.7012	0.2482	180.12	278.65	315.11
2026-03-15T22:24:34.3376748+08:00	0x09	-0.6021	0.2902	0.7012	0.2482	180.12	278.65	315.11
2026-03-15T22:24:34.3723989+08:00	0x08	-0.4030	0.5271	0.4605	0.5896	25.21	64.50	286.11
2026-03-15T22:24:34.3883570+08:00	0x09	-0.6042	0.2879	0.7016	0.2447	180.36	278.39	315.60
2026-03-15T22:24:34.4256097+08:00	0x08	-0.4040	0.5273	0.4610	0.5884	25.12	64.65	285.93
2026-03-15T22:24:34.4425909+08:00	0x09	-0.6042	0.2879	0.7016	0.2447	180.36	278.39	315.60
2026-03-15T22:24:34.4980138+08:00	0x09	-0.6053	0.2877	0.7011	0.2435	180.54	278.18	315.72
2026-03-15T22:24:34.5291267+08:00	0x08	-0.4033	0.5285	0.4597	0.5888	24.52	65.26	286.08
2026-03-15T22:24:34.5500725+08:00	0x09	-0.6053	0.2877	0.7011	0.2435	180.54	278.18	315.72
2026-03-15T22:24:34.5915868+08:00	0x05	0.8547	-0.0767	-0.4965	-0.1305	180.09	240.29	342.59
2026-03-15T22:24:34.6445273+08:00	0x08	-0.4038	0.5287	0.4599	0.5881	24.44	65.37	285.99
2026-03-15T22:24:34.6571149+08:00	0x09	-0.6061	0.2895	0.6996	0.2438	180.79	277.87	315.53
2026-03-15T22:24:34.7138152+08:00	0x09	-0.6061	0.2895	0.6996	0.2438	180.79	277.87	315.53
2026-03-15T22:24:34.7356511+08:00	0x08	-0.4054	0.5280	0.4611	0.5868	24.66	65.15	285.71
2026-03-15T22:24:34.7634174+08:00	0x09	-0.6073	0.2881	0.6997	0.2420	180.90	277.72	315.81
2026-03-15T22:24:34.8199159+08:00	0x09	-0.6073	0.2881	0.6997	0.2420	180.90	277.72	315.81
2026-03-15T22:24:34.8463893+08:00	0x08	-0.4055	0.5280	0.4609	0.5867	24.59	65.22	285.71
2026-03-15T22:24:34.8756861+08:00	0x09	-0.6076	0.2877	0.6997	0.2418	180.89	277.70	315.86
2026-03-15T22:24:34.9201463+08:00	0x09	-0.6076	0.2877	0.6997	0.2418	180.89	277.70	315.86
2026-03-15T22:24:34.9592208+08:00	0x08	-0.4054	0.5279	0.4608	0.5870	24.63	65.15	285.74
2026-03-15T22:24:34.9831626+08:00	0x09	-0.6076	0.2875	0.6997	0.2422	180.83	277.72	315.84
2026-03-15T22:24:35.0271504+08:00	0x09	-0.6076	0.2875	0.6997	0.2422	180.83	277.72	315.84
2026-03-15T22:24:35.0485189+08:00	0x05	0.8522	-0.0835	-0.4979	-0.1377	180.31	240.54	341.47
2026-03-15T22:24:35.0485189+08:00	0x08	-0.4055	0.5276	0.4608	0.5873	24.69	65.05	285.74
2026-03-15T22:24:35.0913782+08:00	0x09	-0.6075	0.2872	0.6998	0.2424	180.78	277.76	315.86
2026-03-15T22:24:35.1476359+08:00	0x09	-0.6075	0.2869	0.6998	0.2425	180.73	277.78	315.87
2026-03-15T22:24:35.1635923+08:00	0x08	-0.4057	0.5274	0.4608	0.5873	24.71	65.01	285.72
2026-03-15T22:24:35.2074738+08:00	0x09	-0.6075	0.2869	0.6998	0.2425	180.73	277.78	315.87
2026-03-15T22:24:35.2568350+08:00	0x09	-0.6075	0.2869	0.6998	0.2428	180.69	277.80	315.85
2026-03-15T22:24:35.2568350+08:00	0x08	-0.4057	0.5274	0.4607	0.5875	24.70	65.01	285.74
2026-03-15T22:24:35.3074824+08:00	0x09	-0.6075	0.2869	0.6998	0.2428	180.69	277.80	315.85
2026-03-15T22:24:35.3584205+08:00	0x09	-0.6071	0.2870	0.6998	0.2434	180.63	277.86	315.79
2026-03-15T22:24:35.3584205+08:00	0x08	-0.4055	0.5275	0.4605	0.5876	24.66	65.05	285.78
2026-03-15T22:24:35.4145910+08:00	0x09	-0.6071	0.2870	0.6998	0.2434	180.63	277.86	315.79
2026-03-15T22:24:35.4145910+08:00	0x08	-0.4054	0.5277	0.4604	0.5876	24.61	65.11	285.79
2026-03-15T22:24:35.4611039+08:00	0x09	-0.6070	0.2872	0.6998	0.2435	180.62	277.88	315.77
2026-03-15T22:24:35.5007435+08:00	0x05	0.8526	-0.0869	-0.4960	-0.1395	180.59	240.28	341.09
2026-03-15T22:24:35.5225935+08:00	0x09	-0.6070	0.2872	0.6998	0.2435	180.62	277.88	315.77
2026-03-15T22:24:35.5225935+08:00	0x08	-0.4053	0.5278	0.4604	0.5876	24.57	65.15	285.80
2026-03-15T22:24:35.5681987+08:00	0x09	-0.6069	0.2874	0.6998	0.2436	180.62	277.88	315.74
2026-03-15T22:24:35.6269317+08:00	0x08	-0.4052	0.5280	0.4603	0.5876	24.50	65.23	285.81
2026-03-15T22:24:35.6279274+08:00	0x09	-0.6069	0.2874	0.6998	0.2436	180.62	277.88	315.74
2026-03-15T22:24:35.7297512+08:00	0x08	-0.4052	0.5280	0.4604	0.5875	24.52	65.23	285.81
2026-03-15T22:24:35.7417270+08:00	0x09	-0.6068	0.2876	0.6998	0.2438	180.63	277.88	315.70
2026-03-15T22:24:35.7844173+08:00	0x09	-0.6068	0.2876	0.6998	0.2438	180.63	277.88	315.70
2026-03-15T22:24:35.8357607+08:00	0x08	-0.4054	0.5280	0.4605	0.5872	24.54	65.22	285.77
2026-03-15T22:24:35.8467309+08:00	0x09	-0.6070	0.2874	0.6998	0.2435	180.65	277.87	315.75
2026-03-15T22:24:35.8876524+08:00	0x09	-0.6070	0.2874	0.6998	0.2435	180.65	277.87	315.75
2026-03-15T22:24:35.9364906+08:00	0x08	-0.4055	0.5280	0.4607	0.5871	24.55	65.22	285.74
2026-03-15T22:24:35.9454667+08:00	0x09	-0.6071	0.2873	0.6998	0.2433	180.67	277.85	315.77
2026-03-15T22:24:35.9544436+08:00	0x05	0.8562	-0.0882	-0.4900	-0.1381	180.95	239.41	341.16
2026-03-15T22:24:35.9959119+08:00	0x09	-0.6071	0.2873	0.6998	0.2433	180.67	277.85	315.77
2026-03-15T22:24:36.0447825+08:00	0x08	-0.4058	0.5278	0.4610	0.5868	24.62	65.16	285.68
2026-03-15T22:24:36.0557525+08:00	0x09	-0.6071	0.2872	0.6999	0.2430	180.69	277.84	315.80
2026-03-15T22:24:36.1157703+08:00	0x09	-0.6071	0.2872	0.6999	0.2430	180.69	277.84	315.80
2026-03-15T22:24:36.1392449+08:00	0x08	-0.4058	0.5278	0.4610	0.5867	24.63	65.16	285.68
2026-03-15T22:24:36.1690412+08:00	0x09	-0.6070	0.2872	0.7000	0.2429	180.68	277.87	315.81
2026-03-15T22:24:36.2194598+08:00	0x09	-0.6070	0.2872	0.7000	0.2429	180.68	277.87	315.81
2026-03-15T22:24:36.2464379+08:00	0x08	-0.4046	0.5273	0.4612	0.5877	25.04	64.74	285.83
2026-03-15T22:24:36.3001537+08:00	0x08	-0.4042	0.5273	0.4614	0.5880	25.18	64.61	285.88
2026-03-15T22:24:36.3196068+08:00	0x09	-0.6070	0.2897	0.6984	0.2448	180.78	277.69	315.43
2026-03-15T22:24:36.3684928+08:00	0x09	-0.6070	0.2897	0.6984	0.2448	180.78	277.69	315.43
2026-03-15T22:24:36.4005033+08:00	0x08	-0.4034	0.5254	0.4611	0.5904	25.83	63.75	286.07
2026-03-15T22:24:36.4095643+08:00	0x05	0.8465	-0.0925	-0.5029	-0.1484	180.45	241.35	339.86
2026-03-15T22:24:36.4253607+08:00	0x09	-0.6117	0.2903	0.6951	0.2414	181.57	276.67	315.65
2026-03-15T22:24:36.4765869+08:00	0x09	-0.6117	0.2903	0.6951	0.2414	181.57	276.67	315.65
2026-03-15T22:24:36.5051406+08:00	0x08	-0.4036	0.5266	0.4591	0.5908	24.91	64.59	286.18
2026-03-15T22:24:36.5333908+08:00	0x09	-0.6159	0.2936	0.6906	0.2400	182.43	275.56	315.48
2026-03-15T22:24:36.5891879+08:00	0x09	-0.6159	0.2936	0.6906	0.2400	182.43	275.56	315.48
2026-03-15T22:24:36.6107980+08:00	0x08	-0.4101	0.5262	0.4609	0.5853	24.33	65.19	285.20
2026-03-15T22:24:36.6364046+08:00	0x09	-0.6209	0.2953	0.6865	0.2364	183.38	274.37	315.64
2026-03-15T22:24:36.6937669+08:00	0x09	-0.6209	0.2953	0.6865	0.2364	183.38	274.37	315.64
2026-03-15T22:24:36.7136085+08:00	0x08	-0.4144	0.5280	0.4585	0.5824	22.23	67.18	284.77
2026-03-15T22:24:36.7427185+08:00	0x09	-0.6314	0.3024	0.6753	0.2323	185.49	271.60	315.44
2026-03-15T22:24:36.8129662+08:00	0x09	-0.6414	0.3127	0.6614	0.2312	187.79	268.51	314.75
2026-03-15T22:24:36.8254127+08:00	0x08	-0.4131	0.5326	0.4513	0.5849	19.27	69.91	285.45
2026-03-15T22:24:36.8674392+08:00	0x09	-0.6414	0.3127	0.6614	0.2312	187.79	268.51	314.75
2026-03-15T22:24:36.9105956+08:00	0x09	-0.6525	0.3239	0.6454	0.2297	190.44	264.95	314.12
2026-03-15T22:24:36.9321742+08:00	0x08	-0.4035	0.5297	0.4486	0.5961	21.55	67.22	287.00
2026-03-15T22:24:36.9603785+08:00	0x09	-0.6525	0.3239	0.6454	0.2297	190.44	264.95	314.12
2026-03-15T22:24:37.0371616+08:00	0x09	-0.6681	0.3352	0.6252	0.2244	193.94	260.27	314.03
2026-03-15T22:24:37.0371616+08:00	0x08	-0.3870	0.5072	0.4588	0.6184	32.04	55.68	289.25
2026-03-15T22:24:37.0760570+08:00	0x09	-0.6681	0.3352	0.6252	0.2244	193.94	260.27	314.03
2026-03-15T22:24:37.1335115+08:00	0x09	-0.6852	0.3480	0.6014	0.2185	197.92	254.91	314.11
2026-03-15T22:24:37.1335115+08:00	0x08	-0.3744	0.4898	0.4637	0.6363	37.63	49.03	291.45
2026-03-15T22:24:37.1847202+08:00	0x09	-0.6852	0.3480	0.6014	0.2185	197.92	254.91	314.11
2026-03-15T22:24:37.1847202+08:00	0x08	-0.3645	0.4927	0.4545	0.6464	35.41	50.86	293.22
2026-03-15T22:24:37.2430280+08:00	0x09	-0.6930	0.3563	0.5880	0.2168	200.12	252.02	313.98
2026-03-15T22:24:37.2888916+08:00	0x09	-0.6930	0.3563	0.5880	0.2168	200.12	252.02	313.98
2026-03-15T22:24:37.2968700+08:00	0x08	-0.3757	0.4953	0.4583	0.6352	35.21	51.45	291.36
2026-03-15T22:24:37.3245721+08:00	0x05	0.7213	-0.0701	-0.6615	-0.1929	170.45	266.89	338.23
2026-03-15T22:24:37.3475102+08:00	0x09	-0.6923	0.3525	0.5912	0.2166	199.43	252.73	314.21
2026-03-15T22:24:37.3984929+08:00	0x08	-0.3811	0.4971	0.4589	0.6301	34.67	52.12	290.52
2026-03-15T22:24:37.3994908+08:00	0x09	-0.6907	0.3476	0.5960	0.2167	198.45	253.79	314.46
2026-03-15T22:24:37.4477187+08:00	0x09	-0.6907	0.3476	0.5960	0.2167	198.45	253.79	314.46
2026-03-15T22:24:37.4935950+08:00	0x08	-0.3783	0.4895	0.4657	0.6328	38.01	48.73	290.83
2026-03-15T22:24:37.5036585+08:00	0x09	-0.6926	0.3484	0.5937	0.2154	198.85	253.26	314.60
2026-03-15T22:24:37.5603953+08:00	0x09	-0.6926	0.3484	0.5937	0.2154	198.85	253.26	314.60
2026-03-15T22:24:37.5986249+08:00	0x08	-0.3565	0.4584	0.4922	0.6485	50.00	36.81	294.00
2026-03-15T22:24:37.6078923+08:00	0x09	-0.7077	0.3580	0.5739	0.2039	202.43	248.83	315.60
2026-03-15T22:24:37.6647028+08:00	0x09	-0.7077	0.3580	0.5739	0.2039	202.43	248.83	315.60
2026-03-15T22:24:37.7043337+08:00	0x08	-0.3001	0.4300	0.5025	0.6874	53.97	32.74	302.35
2026-03-15T22:24:37.7517804+08:00	0x09	-0.7342	0.3803	0.5303	0.1875	209.31	239.99	317.27
2026-03-15T22:24:37.7854276+08:00	0x09	-0.7342	0.3803	0.5303	0.1875	209.31	239.99	317.27
2026-03-15T22:24:37.7854276+08:00	0x05	0.7995	-0.0757	-0.5738	-0.1604	176.15	252.02	339.92
2026-03-15T22:24:37.8083691+08:00	0x08	-0.2708	0.3839	0.5293	0.7065	61.52	24.60	307.91
2026-03-15T22:24:37.8277199+08:00	0x09	-0.7630	0.3882	0.4918	0.1588	213.94	233.40	321.38
2026-03-15T22:24:37.8803630+08:00	0x09	-0.7847	0.3997	0.4538	0.1361	218.05	227.60	324.80
2026-03-15T22:24:37.9174076+08:00	0x08	-0.2380	0.3418	0.5429	0.7293	64.71	20.19	314.09
2026-03-15T22:24:37.9393705+08:00	0x09	-0.7847	0.3997	0.4538	0.1361	218.05	227.60	324.80
2026-03-15T22:24:37.9828838+08:00	0x09	-0.8024	0.4062	0.4224	0.1129	220.81	223.50	328.37
2026-03-15T22:24:38.0215990+08:00	0x08	-0.2066	0.3028	0.5561	0.7459	67.21	16.88	319.84
2026-03-15T22:24:38.0215990+08:00	0x08	-0.2066	0.3028	0.5561	0.7459	67.21	16.88	319.84
2026-03-15T22:24:38.0423008+08:00	0x09	-0.8024	0.4062	0.4224	0.1129	220.81	223.50	328.37
2026-03-15T22:24:38.0693949+08:00	0x08	-0.1836	0.2610	0.5680	0.7586	69.44	13.25	324.90
2026-03-15T22:24:38.0928856+08:00	0x09	-0.8140	0.4146	0.3948	0.0977	223.18	220.02	330.89
2026-03-15T22:24:38.1529776+08:00	0x09	-0.8140	0.4146	0.3948	0.0977	223.18	220.02	330.89
2026-03-15T22:24:38.1706734+08:00	0x08	-0.1644	0.2216	0.5796	0.7668	71.43	9.99	329.40
2026-03-15T22:24:38.2073742+08:00	0x09	-0.8221	0.4201	0.3734	0.0906	224.66	217.35	332.44
2026-03-15T22:24:38.2163506+08:00	0x05	0.8631	-0.1129	-0.4715	-0.1415	183.76	236.62	339.46
2026-03-15T22:24:38.2575744+08:00	0x09	-0.8221	0.4201	0.3734	0.0906	224.66	217.35	332.44
2026-03-15T22:24:38.2735648+08:00	0x08	-0.1506	0.1824	0.5917	0.7707	73.46	6.61	333.39
2026-03-15T22:24:38.3134593+08:00	0x09	-0.8293	0.4198	0.3592	0.0840	225.11	215.82	333.85
2026-03-15T22:24:38.3654064+08:00	0x09	-0.8293	0.4198	0.3592	0.0840	225.11	215.82	333.85
2026-03-15T22:24:38.3853522+08:00	0x08	-0.1394	0.1411	0.6060	0.7703	75.78	3.00	337.31
2026-03-15T22:24:38.4709346+08:00	0x09	-0.8429	0.4052	0.3452	0.0789	223.64	214.66	335.62
2026-03-15T22:24:38.4849048+08:00	0x08	-0.1293	0.0978	0.6172	0.7699	77.53	359.45	341.34
2026-03-15T22:24:38.5270399+08:00	0x09	-0.8429	0.4052	0.3452	0.0789	223.64	214.66	335.62
2026-03-15T22:24:38.5846795+08:00	0x09	-0.8476	0.3976	0.3412	0.0837	222.65	214.20	335.59
2026-03-15T22:24:38.5926578+08:00	0x08	-0.1151	0.0605	0.6243	0.7703	78.43	357.01	345.35
2026-03-15T22:24:38.6291876+08:00	0x09	-0.8476	0.3976	0.3412	0.0837	222.65	214.20	335.59
2026-03-15T22:24:38.6720776+08:00	0x05	0.8848	-0.1316	-0.4383	-0.0875	189.34	231.41	344.32
2026-03-15T22:24:38.6810485+08:00	0x09	-0.8516	0.3922	0.3345	0.0954	221.86	213.14	334.86
2026-03-15T22:24:38.7000339+08:00	0x08	-0.1025	0.0334	0.6275	0.7711	78.73	355.48	348.47
2026-03-15T22:24:38.7398457+08:00	0x09	-0.8516	0.3922	0.3345	0.0954	221.86	213.14	334.86
2026-03-15T22:24:38.7993978+08:00	0x09	-0.8514	0.3925	0.3322	0.1036	221.81	212.59	334.08
2026-03-15T22:24:38.7993978+08:00	0x08	-0.0961	0.0148	0.6270	0.7729	78.58	354.31	350.38
2026-03-15T22:24:38.8473565+08:00	0x09	-0.8514	0.3925	0.3322	0.1036	221.81	212.59	334.08
2026-03-15T22:24:38.9057358+08:00	0x09	-0.8484	0.3938	0.3356	0.1118	221.74	212.70	333.00
2026-03-15T22:24:38.9252264+08:00	0x08	-0.0991	0.0106	0.6240	0.7750	78.20	353.75	350.40
2026-03-15T22:24:38.9565262+08:00	0x09	-0.8484	0.3938	0.3356	0.1118	221.74	212.70	333.00
2026-03-15T22:24:38.9654437+08:00	0x08	-0.1202	0.0403	0.6255	0.7699	78.81	354.79	346.37
2026-03-15T22:24:39.0055713+08:00	0x09	-0.8442	0.3948	0.3423	0.1194	221.56	213.27	331.84
2026-03-15T22:24:39.0643813+08:00	0x08	-0.1423	0.1059	0.6189	0.7652	78.09	359.14	339.58
2026-03-15T22:24:39.0764037+08:00	0x09	-0.8381	0.3987	0.3510	0.1240	221.75	214.10	330.81
2026-03-15T22:24:39.1189353+08:00	0x09	-0.8381	0.3987	0.3510	0.1240	221.75	214.10	330.81
2026-03-15T22:24:39.1279110+08:00	0x05	0.8627	-0.1066	-0.4767	-0.1307	183.60	237.24	340.91
2026-03-15T22:24:39.1746003+08:00	0x08	-0.1655	0.1855	0.5974	0.7624	74.76	5.55	331.71
2026-03-15T22:24:39.1746003+08:00	0x09	-0.8293	0.3992	0.3725	0.1189	221.29	216.98	330.36
2026-03-15T22:24:39.2263421+08:00	0x09	-0.8293	0.3992	0.3725	0.1189	221.29	216.98	330.36
2026-03-15T22:24:39.2723721+08:00	0x08	-0.1959	0.2703	0.5675	0.7527	69.54	13.36	323.01
2026-03-15T22:24:39.2823359+08:00	0x09	-0.8171	0.3934	0.4069	0.1098	219.72	221.90	330.02
2026-03-15T22:24:39.3368497+08:00	0x09	-0.8171	0.3934	0.4069	0.1098	219.72	221.90	330.02
2026-03-15T22:24:39.3760909+08:00	0x08	-0.2451	0.3475	0.5324	0.7320	62.80	21.21	313.22
2026-03-15T22:24:39.3870829+08:00	0x09	-0.7941	0.3852	0.4536	0.1240	216.58	228.24	326.88
2026-03-15T22:24:39.4394580+08:00	0x09	-0.7941	0.3852	0.4536	0.1240	216.58	228.24	326.88
2026-03-15T22:24:39.4812550+08:00	0x08	-0.3278	0.4178	0.5085	0.6778	57.17	28.13	299.62
2026-03-15T22:24:39.4965454+08:00	0x09	-0.7507	0.3718	0.5178	0.1734	209.72	238.11	319.80
2026-03-15T22:24:39.5434190+08:00	0x09	-0.6932	0.3412	0.5954	0.2202	197.47	253.97	314.63
2026-03-15T22:24:39.5815677+08:00	0x08	-0.3254	0.4158	0.5093	0.6796	57.42	27.85	300.03
2026-03-15T22:24:39.5903936+08:00	0x05	0.7696	-0.0454	-0.6076	-0.1909	170.04	258.38	339.57
2026-03-15T22:24:39.5991583+08:00	0x09	-0.6932	0.3412	0.5954	0.2202	197.47	253.97	314.63
2026-03-15T22:24:39.6552983+08:00	0x09	-0.6534	0.2949	0.6603	0.2241	187.03	267.83	316.98
2026-03-15T22:24:39.6892094+08:00	0x08	-0.4059	0.4788	0.4901	0.6048	47.05	40.53	286.20
2026-03-15T22:24:39.7105619+08:00	0x09	-0.6534	0.2949	0.6603	0.2241	187.03	267.83	316.98
2026-03-15T22:24:39.7579165+08:00	0x09	-0.6524	0.2858	0.6669	0.2188	186.25	268.87	318.18
2026-03-15T22:24:39.7833725+08:00	0x08	-0.4578	0.5346	0.4558	0.5448	2.49	86.81	279.52
2026-03-15T22:24:39.8137491+08:00	0x09	-0.6524	0.2858	0.6669	0.2188	186.25	268.87	318.18
2026-03-15T22:24:39.8396787+08:00	0x08	-0.4514	0.5207	0.4624	0.5579	15.53	72.96	279.85
2026-03-15T22:24:39.8666129+08:00	0x09	-0.6531	0.2897	0.6646	0.2188	186.78	268.39	317.87
2026-03-15T22:24:39.9226089+08:00	0x09	-0.6531	0.2897	0.6646	0.2188	186.78	268.39	317.87
2026-03-15T22:24:39.9439472+08:00	0x08	-0.4487	0.5221	0.4606	0.5603	15.38	73.10	280.34
2026-03-15T22:24:39.9783549+08:00	0x09	-0.6538	0.2924	0.6630	0.2181	187.23	268.00	317.72
2026-03-15T22:24:40.0368205+08:00	0x09	-0.6501	0.3010	0.6600	0.2261	187.38	267.91	316.27
2026-03-15T22:24:40.0368205+08:00	0x05	0.7750	-0.0744	-0.6111	-0.1430	176.41	257.09	341.78
2026-03-15T22:24:40.0555840+08:00	0x08	-0.4431	0.5285	0.4534	0.5646	12.51	76.01	281.59
2026-03-15T22:24:40.0908964+08:00	0x09	-0.6501	0.3010	0.6600	0.2261	187.38	267.91	316.27
2026-03-15T22:24:40.1332981+08:00	0x09	-0.6487	0.3054	0.6585	0.2284	187.66	267.73	315.68
2026-03-15T22:24:40.1535353+08:00	0x08	-0.4408	0.5323	0.4498	0.5657	10.85	77.75	282.15
2026-03-15T22:24:40.1894158+08:00	0x09	-0.6487	0.3054	0.6585	0.2284	187.66	267.73	315.68
2026-03-15T22:24:40.2534675+08:00	0x09	-0.6494	0.3082	0.6568	0.2276	188.16	267.31	315.53
2026-03-15T22:24:40.2804936+08:00	0x08	-0.4425	0.5333	0.4488	0.5642	9.49	79.09	282.03
2026-03-15T22:24:40.3045272+08:00	0x09	-0.6494	0.3082	0.6568	0.2276	188.16	267.31	315.53
2026-03-15T22:24:40.3666910+08:00	0x09	-0.6532	0.3054	0.6567	0.2208	188.65	266.84	316.40
2026-03-15T22:24:40.3666910+08:00	0x08	-0.4460	0.5324	0.4493	0.5619	8.63	79.86	281.58
2026-03-15T22:24:40.4060438+08:00	0x09	-0.6532	0.3054	0.6567	0.2208	188.65	266.84	316.40
2026-03-15T22:24:40.4706121+08:00	0x09	-0.6580	0.3057	0.6517	0.2210	189.08	265.82	316.42
2026-03-15T22:24:40.4706121+08:00	0x08	-0.4432	0.5334	0.4434	0.5678	8.17	79.86	282.49
2026-03-15T22:24:40.4962580+08:00	0x05	0.6878	-0.0539	-0.6982	-0.1914	168.16	272.93	340.21
2026-03-15T22:24:40.5127832+08:00	0x09	-0.6580	0.3057	0.6517	0.2210	189.08	265.82	316.42
2026-03-15T22:24:40.5690850+08:00	0x08	-0.4308	0.5260	0.4391	0.5872	14.43	72.51	284.54
2026-03-15T22:24:40.6181697+08:00	0x09	-0.6911	0.3278	0.6005	0.2333	194.34	255.90	314.27
2026-03-15T22:24:40.6760137+08:00	0x08	-0.3921	0.4821	0.4537	0.6387	35.67	48.80	290.22
2026-03-15T22:24:40.6839919+08:00	0x09	-0.6911	0.3278	0.6005	0.2333	194.34	255.90	314.27
2026-03-15T22:24:40.7274740+08:00	0x08	-0.3459	0.4452	0.4570	0.6879	43.09	39.14	298.00
2026-03-15T22:24:40.7354525+08:00	0x09	-0.7243	0.3568	0.5405	0.2366	202.41	243.68	313.24
2026-03-15T22:24:40.7813592+08:00	0x09	-0.7243	0.3568	0.5405	0.2366	202.41	243.68	313.24
2026-03-15T22:24:40.8323335+08:00	0x08	-0.3363	0.4416	0.4555	0.6960	43.20	38.78	299.49
2026-03-15T22:24:40.8393152+08:00	0x09	-0.7350	0.3548	0.5344	0.2198	203.75	242.18	315.38
2026-03-15T22:24:40.8930826+08:00	0x09	-0.7350	0.3548	0.5344	0.2198	203.75	242.18	315.38
2026-03-15T22:24:40.9314253+08:00	0x08	-0.3886	0.4427	0.4774	0.6520	48.97	34.00	291.66
2026-03-15T22:24:40.9541329+08:00	0x09	-0.6945	0.3157	0.5972	0.2478	191.88	256.30	313.85
2026-03-15T22:24:40.9541329+08:00	0x05	0.6423	-0.0580	-0.7336	-0.2143	165.10	280.39	338.88
2026-03-15T22:24:40.9953747+08:00	0x09	-0.6945	0.3157	0.5972	0.2478	191.88	256.30	313.85
2026-03-15T22:24:41.0337690+08:00	0x08	-0.4171	0.4584	0.4856	0.6165	50.17	34.64	286.37
2026-03-15T22:24:41.0540651+08:00	0x09	-0.6495	0.2670	0.6654	0.2533	180.77	271.08	316.82
2026-03-15T22:24:41.1024493+08:00	0x09	-0.6495	0.2670	0.6654	0.2533	180.77	271.08	316.82
2026-03-15T22:24:41.1416829+08:00	0x08	-0.4326	0.4978	0.4688	0.5876	32.85	54.06	282.80
2026-03-15T22:24:41.2065896+08:00	0x09	-0.6506	0.2825	0.6732	0.2091	186.53	269.53	319.27
2026-03-15T22:24:41.2444493+08:00	0x08	-0.4514	0.5052	0.4820	0.5556	31.87	56.99	278.66
2026-03-15T22:24:41.2644258+08:00	0x09	-0.6506	0.2825	0.6732	0.2091	186.53	269.53	319.27
2026-03-15T22:24:41.3153196+08:00	0x09	-0.6518	0.2934	0.6729	0.1905	189.48	268.36	319.97
2026-03-15T22:24:41.3527552+08:00	0x08	-0.4518	0.5152	0.4850	0.5434	26.91	63.37	277.82
2026-03-15T22:24:41.3756913+08:00	0x09	-0.6518	0.2934	0.6729	0.1905	189.48	268.36	319.97
2026-03-15T22:24:41.4021993+08:00	0x05	0.6437	-0.0579	-0.7326	-0.2136	165.19	280.16	338.91
2026-03-15T22:24:41.4279087+08:00	0x09	-0.6566	0.2990	0.6712	0.1702	192.13	267.00	321.33
2026-03-15T22:24:41.4568269+08:00	0x08	-0.4502	0.5211	0.4897	0.5347	25.38	66.11	277.31
2026-03-15T22:24:41.4837544+08:00	0x09	-0.6566	0.2990	0.6712	0.1702	192.13	267.00	321.33
2026-03-15T22:24:41.5407267+08:00	0x09	-0.6610	0.3052	0.6671	0.1577	194.19	265.62	322.00
2026-03-15T22:24:41.5526909+08:00	0x08	-0.4439	0.5272	0.4917	0.5322	24.29	68.17	277.72
2026-03-15T22:24:41.5895913+08:00	0x09	-0.6610	0.3052	0.6671	0.1577	194.19	265.62	322.00
2026-03-15T22:24:41.6076757+08:00	0x08	-0.4410	0.5340	0.4921	0.5275	20.81	72.49	277.79
2026-03-15T22:24:41.6351696+08:00	0x09	-0.6649	0.3084	0.6639	0.1483	195.56	264.63	322.65
2026-03-15T22:24:41.6965556+08:00	0x09	-0.6652	0.3089	0.6645	0.1431	196.04	264.55	323.06
2026-03-15T22:24:41.7206907+08:00	0x08	-0.4406	0.5403	0.4911	0.5223	15.88	78.06	277.73
2026-03-15T22:24:41.7479814+08:00	0x09	-0.6652	0.3089	0.6645	0.1431	196.04	264.55	323.06
2026-03-15T22:24:41.8035610+08:00	0x09	-0.6636	0.3100	0.6654	0.1439	196.01	264.74	322.88
2026-03-15T22:24:41.8124470+08:00	0x08	-0.4349	0.5482	0.4837	0.5258	11.70	82.39	279.04
2026-03-15T22:24:41.8568325+08:00	0x05	0.3039	-0.1995	-0.8842	-0.2933	152.03	330.25	327.92
2026-03-15T22:24:41.8568325+08:00	0x09	-0.6636	0.3100	0.6654	0.1439	196.01	264.74	322.88
2026-03-15T22:24:41.9052580+08:00	0x09	-0.6613	0.3137	0.6653	0.1470	196.09	264.82	322.27
2026-03-15T22:24:41.9328157+08:00	0x08	-0.4333	0.5503	0.4828	0.5256	10.97	83.30	279.28
2026-03-15T22:24:41.9623299+08:00	0x09	-0.6613	0.3137	0.6653	0.1470	196.09	264.82	322.27
2026-03-15T22:24:42.0209310+08:00	0x09	-0.6609	0.3129	0.6663	0.1462	196.04	264.97	322.40
2026-03-15T22:24:42.0305203+08:00	0x08	-0.4292	0.5533	0.4787	0.5297	10.51	83.69	280.15
2026-03-15T22:24:42.0680818+08:00	0x09	-0.6609	0.3129	0.6663	0.1462	196.04	264.97	322.40
2026-03-15T22:24:42.1238250+08:00	0x09	-0.6604	0.3140	0.6658	0.1481	196.00	264.95	322.14
2026-03-15T22:24:42.1407769+08:00	0x08	-0.4244	0.5546	0.4754	0.5351	11.43	82.63	281.04
2026-03-15T22:24:42.1844641+08:00	0x09	-0.6604	0.3140	0.6658	0.1481	196.00	264.95	322.14
2026-03-15T22:24:42.2304877+08:00	0x08	-0.4210	0.5565	0.4720	0.5388	11.32	82.63	281.77
2026-03-15T22:24:42.2857417+08:00	0x09	-0.6556	0.3132	0.6689	0.1571	194.88	265.90	321.32
2026-03-15T22:24:42.3035284+08:00	0x05	0.1618	-0.0979	-0.9409	-0.2809	148.87	344.96	344.03
2026-03-15T22:24:42.3454140+08:00	0x09	-0.6556	0.3132	0.6689	0.1571	194.88	265.90	321.32
2026-03-15T22:24:42.3454140+08:00	0x08	-0.4221	0.5564	0.4720	0.5380	10.94	83.00	281.64
2026-03-15T22:24:42.3955122+08:00	0x09	-0.6530	0.3091	0.6726	0.1605	193.92	266.79	321.30
2026-03-15T22:24:42.4466315+08:00	0x08	-0.4263	0.5538	0.4744	0.5354	10.87	82.96	280.95
2026-03-15T22:24:42.4555062+08:00	0x09	-0.6530	0.3091	0.6726	0.1605	193.92	266.79	321.30
2026-03-15T22:24:42.4934057+08:00	0x08	-0.4302	0.5502	0.4768	0.5338	11.52	82.10	280.30
2026-03-15T22:24:42.5073702+08:00	0x09	-0.6548	0.3028	0.6741	0.1586	193.42	267.02	321.98
2026-03-15T22:24:42.5622650+08:00	0x09	-0.6548	0.3028	0.6741	0.1586	193.42	267.02	321.98
2026-03-15T22:24:42.6034254+08:00	0x08	-0.4321	0.5484	0.4765	0.5343	11.58	81.79	280.14
2026-03-15T22:24:42.6124050+08:00	0x09	-0.6585	0.2995	0.6723	0.1571	193.37	266.62	322.43
2026-03-15T22:24:42.6616174+08:00	0x09	-0.6585	0.2995	0.6723	0.1571	193.37	266.62	322.43
2026-03-15T22:24:42.7014047+08:00	0x08	-0.4319	0.5489	0.4740	0.5362	10.89	82.27	280.41
2026-03-15T22:24:42.7150425+08:00	0x09	-0.6616	0.2978	0.6701	0.1567	193.38	266.19	322.66
2026-03-15T22:24:42.7604427+08:00	0x05	0.0549	-0.0003	-0.9520	-0.3010	145.01	354.01	358.07
2026-03-15T22:24:42.7674248+08:00	0x09	-0.6616	0.2978	0.6701	0.1567	193.38	266.19	322.66
2026-03-15T22:24:42.8043264+08:00	0x08	-0.4309	0.5503	0.4709	0.5382	10.00	82.99	280.84
2026-03-15T22:24:42.8697270+08:00	0x09	-0.6649	0.2965	0.6668	0.1593	193.22	265.67	322.61
2026-03-15T22:24:42.9126165+08:00	0x08	-0.4285	0.5521	0.4677	0.5412	9.64	83.25	281.43
2026-03-15T22:24:42.9291560+08:00	0x09	-0.6649	0.2965	0.6668	0.1593	193.22	265.67	322.61
2026-03-15T22:24:42.9826331+08:00	0x09	-0.6668	0.2960	0.6650	0.1599	193.24	265.34	322.63
2026-03-15T22:24:43.0283190+08:00	0x08	-0.4291	0.5530	0.4658	0.5414	8.58	84.19	281.54
2026-03-15T22:24:43.0283190+08:00	0x09	-0.6668	0.2960	0.6650	0.1599	193.24	265.34	322.63
2026-03-15T22:24:43.0835637+08:00	0x09	-0.6683	0.2965	0.6630	0.1608	193.34	265.00	322.55
2026-03-15T22:24:43.1221958+08:00	0x08	-0.4261	0.5550	0.4617	0.5452	8.24	84.37	282.28
2026-03-15T22:24:43.1401469+08:00	0x09	-0.6683	0.2965	0.6630	0.1608	193.34	265.00	322.55
2026-03-15T22:24:43.2001532+08:00	0x09	-0.6671	0.3006	0.6614	0.1650	193.44	264.85	321.85
2026-03-15T22:24:43.2198329+08:00	0x05	0.0158	0.0057	-0.9301	-0.3669	136.94	358.08	359.94
2026-03-15T22:24:43.2198329+08:00	0x08	-0.4197	0.5599	0.4555	0.5503	7.65	84.97	283.58
2026-03-15T22:24:43.2587157+08:00	0x09	-0.6671	0.3006	0.6614	0.1650	193.44	264.85	321.85
2026-03-15T22:24:43.3055898+08:00	0x09	-0.6630	0.3021	0.6643	0.1671	193.20	265.48	321.48
2026-03-15T22:24:43.3315235+08:00	0x08	-0.4199	0.5602	0.4569	0.5487	7.66	85.14	283.41
2026-03-15T22:24:43.3534625+08:00	0x09	-0.6609	0.3001	0.6683	0.1628	193.15	266.09	321.95
2026-03-15T22:24:43.3837055+08:00	0x08	-0.4226	0.5566	0.4629	0.5452	9.09	83.89	282.53
2026-03-15T22:24:43.4133774+08:00	0x09	-0.6609	0.3001	0.6683	0.1628	193.15	266.09	321.95
2026-03-15T22:24:43.4639606+08:00	0x09	-0.6603	0.2969	0.6718	0.1566	193.20	266.52	322.72
2026-03-15T22:24:43.4833489+08:00	0x08	-0.4254	0.5548	0.4675	0.5411	9.59	83.62	281.77
2026-03-15T22:24:43.5238762+08:00	0x09	-0.6603	0.2969	0.6718	0.1566	193.20	266.52	322.72
2026-03-15T22:24:43.5724883+08:00	0x09	-0.6594	0.2960	0.6739	0.1531	193.31	266.78	323.06
2026-03-15T22:24:43.5825663+08:00	0x08	-0.4258	0.5544	0.4698	0.5390	9.94	83.48	281.47
2026-03-15T22:24:43.6312642+08:00	0x09	-0.6594	0.2960	0.6739	0.1531	193.31	266.78	323.06
2026-03-15T22:24:43.6773877+08:00	0x05	-0.0111	-0.0079	-0.8419	-0.5395	114.69	1.56	359.92
2026-03-15T22:24:43.6773877+08:00	0x09	-0.6598	0.2973	0.6736	0.1503	193.71	266.61	323.21
2026-03-15T22:24:43.6943424+08:00	0x08	-0.4236	0.5575	0.4682	0.5390	9.07	84.56	281.84
2026-03-15T22:24:43.7310734+08:00	0x09	-0.6598	0.2973	0.6736	0.1503	193.71	266.61	323.21
2026-03-15T22:24:43.7868972+08:00	0x09	-0.6576	0.3007	0.6741	0.1505	193.98	266.70	322.88
2026-03-15T22:24:43.7954161+08:00	0x08	-0.4193	0.5637	0.4633	0.5402	7.22	86.68	282.76
2026-03-15T22:24:43.8419246+08:00	0x09	-0.6576	0.3007	0.6741	0.1505	193.98	266.70	322.88
2026-03-15T22:24:43.9073543+08:00	0x08	-0.4146	0.5700	0.4585	0.5412	5.73	88.47	283.70
2026-03-15T22:24:43.9464305+08:00	0x09	-0.6531	0.3071	0.6758	0.1496	194.54	266.98	322.38
2026-03-15T22:24:44.0069508+08:00	0x09	-0.6531	0.3071	0.6758	0.1496	194.54	266.98	322.38
2026-03-15T22:24:44.0069508+08:00	0x08	-0.4125	0.5708	0.4598	0.5410	6.42	88.03	283.79
2026-03-15T22:24:44.0590948+08:00	0x09	-0.6562	0.3079	0.6736	0.1444	195.25	266.34	322.82
2026-03-15T22:24:44.1145888+08:00	0x09	-0.6562	0.3079	0.6736	0.1444	195.25	266.34	322.82
2026-03-15T22:24:44.1145888+08:00	0x08	-0.4104	0.5676	0.4621	0.5440	8.87	85.48	283.83
2026-03-15T22:24:44.1239083+08:00	0x05	-0.0165	-0.0093	-0.8349	-0.5501	113.24	2.17	0.16
2026-03-15T22:24:44.1637489+08:00	0x09	-0.6614	0.3082	0.6694	0.1393	196.00	265.36	323.35
2026-03-15T22:24:44.2158672+08:00	0x08	-0.4047	0.5670	0.4601	0.5505	10.81	83.34	284.69
2026-03-15T22:24:44.2262937+08:00	0x09	-0.6614	0.3082	0.6694	0.1393	196.00	265.36	323.35
2026-03-15T22:24:44.2718032+08:00	0x08	-0.3950	0.5692	0.4527	0.5613	11.87	81.93	286.51
2026-03-15T22:24:44.2718032+08:00	0x09	-0.6626	0.3108	0.6664	0.1423	196.17	264.87	322.93
2026-03-15T22:24:44.3182445+08:00	0x09	-0.6626	0.3108	0.6664	0.1423	196.17	264.87	322.93
2026-03-15T22:24:44.3699105+08:00	0x08	-0.3795	0.5726	0.4390	0.5790	12.74	80.35	289.55
2026-03-15T22:24:44.3844749+08:00	0x09	-0.6578	0.3160	0.6660	0.1544	195.60	265.22	321.39
2026-03-15T22:24:44.4412265+08:00	0x09	-0.6578	0.3160	0.6660	0.1544	195.60	265.22	321.39
2026-03-15T22:24:44.4786896+08:00	0x08	-0.3619	0.5774	0.4219	0.5981	12.79	79.51	293.07
2026-03-15T22:24:44.5305333+08:00	0x09	-0.6362	0.3304	0.6677	0.2005	192.29	267.77	315.87
2026-03-15T22:24:44.5796816+08:00	0x08	-0.3497	0.5792	0.4060	0.6143	12.41	78.83	295.85
2026-03-15T22:24:44.5906424+08:00	0x05	-0.0239	-0.0107	-0.8281	-0.5600	111.87	2.96	0.52
2026-03-15T22:24:44.5906424+08:00	0x09	-0.6362	0.3304	0.6677	0.2005	192.29	267.77	315.87
2026-03-15T22:24:44.6444691+08:00	0x09	-0.6263	0.3265	0.6729	0.2200	189.29	270.19	314.36
2026-03-15T22:24:44.6825032+08:00	0x08	-0.3419	0.5701	0.3969	0.6329	14.02	75.52	297.71
2026-03-15T22:24:44.6980743+08:00	0x09	-0.6263	0.3265	0.6729	0.2200	189.29	270.19	314.36
2026-03-15T22:24:44.7494977+08:00	0x09	-0.6129	0.3254	0.6753	0.2498	185.30	273.17	311.78
2026-03-15T22:24:44.7825248+08:00	0x08	-0.3136	0.5599	0.3790	0.6668	16.64	70.88	302.59
2026-03-15T22:24:44.8034682+08:00	0x09	-0.6129	0.3254	0.6753	0.2498	185.30	273.17	311.78
2026-03-15T22:24:44.8535192+08:00	0x09	-0.5906	0.3308	0.6737	0.2965	179.18	277.93	307.26
2026-03-15T22:24:44.8901608+08:00	0x08	-0.2860	0.5393	0.3648	0.7031	19.72	65.13	307.29
2026-03-15T22:24:44.9121020+08:00	0x09	-0.5906	0.3308	0.6737	0.2965	179.18	277.93	307.26
2026-03-15T22:24:44.9626368+08:00	0x09	-0.5777	0.3193	0.6793	0.3209	173.52	282.51	306.44
2026-03-15T22:24:44.9915596+08:00	0x08	-0.2916	0.5120	0.3668	0.7199	22.24	59.72	307.30
2026-03-15T22:24:45.0210381+08:00	0x09	-0.5905	0.3349	0.6514	0.3389	175.18	278.22	303.23
2026-03-15T22:24:45.0280189+08:00	0x05	-0.0262	-0.0112	-0.8263	-0.5626	111.52	3.20	0.63
2026-03-15T22:24:45.0700786+08:00	0x09	-0.5905	0.3349	0.6514	0.3389	175.18	278.22	303.23
2026-03-15T22:24:45.0969983+08:00	0x08	-0.2971	0.5020	0.3470	0.7344	19.95	58.97	308.30
2026-03-15T22:24:45.1269471+08:00	0x09	-0.6451	0.3338	0.6035	0.3289	183.44	264.37	304.18
2026-03-15T22:24:45.1478904+08:00	0x08	-0.3304	0.5174	0.3347	0.7149	13.78	64.59	305.04
2026-03-15T22:24:45.1844069+08:00	0x09	-0.6451	0.3338	0.6035	0.3289	183.44	264.37	304.18
2026-03-15T22:24:45.2409262+08:00	0x09	-0.6604	0.3471	0.5750	0.3356	187.74	257.85	302.59
2026-03-15T22:24:45.2506367+08:00	0x08	-0.3477	0.5538	0.3306	0.6805	6.85	74.55	302.92
2026-03-15T22:24:45.2885364+08:00	0x09	-0.6604	0.3471	0.5750	0.3356	187.74	257.85	302.59
2026-03-15T22:24:45.3462875+08:00	0x09	-0.6015	0.3603	0.6133	0.3637	178.47	272.03	298.42
2026-03-15T22:24:45.3562628+08:00	0x08	-0.3428	0.5631	0.3435	0.6689	7.90	75.83	302.28
2026-03-15T22:24:45.4025682+08:00	0x09	-0.6015	0.3603	0.6133	0.3637	178.47	272.03	298.42
2026-03-15T22:24:45.4470384+08:00	0x09	-0.5797	0.3610	0.6371	0.3573	175.67	277.95	299.04
2026-03-15T22:24:45.4687430+08:00	0x08	-0.3446	0.5645	0.3663	0.6545	10.36	75.58	300.16
2026-03-15T22:24:45.4809265+08:00	0x05	-0.0280	-0.0115	-0.8242	-0.5655	111.11	3.39	0.73
2026-03-15T22:24:45.5108453+08:00	0x09	-0.5797	0.3610	0.6371	0.3573	175.67	277.95	299.04
2026-03-15T22:24:45.5598122+08:00	0x08	-0.3483	0.5625	0.3879	0.6417	13.08	74.58	297.94
2026-03-15T22:24:45.6154963+08:00	0x09	-0.5582	0.3630	0.6658	0.3366	175.18	282.78	300.77
2026-03-15T22:24:45.6693547+08:00	0x09	-0.5582	0.3630	0.6658	0.3366	175.18	282.78	300.77
2026-03-15T22:24:45.6703887+08:00	0x08	-0.3531	0.5618	0.4033	0.6302	14.70	74.23	296.10
2026-03-15T22:24:45.7162816+08:00	0x09	-0.5567	0.3596	0.6756	0.3230	176.12	283.16	302.27
2026-03-15T22:24:45.7835909+08:00	0x09	-0.5567	0.3596	0.6756	0.3230	176.12	283.16	302.27
2026-03-15T22:24:45.7835909+08:00	0x08	-0.3613	0.5567	0.4190	0.6196	16.78	72.92	293.89
2026-03-15T22:24:45.8314855+08:00	0x09	-0.5576	0.3550	0.6828	0.3114	176.97	283.15	303.70
2026-03-15T22:24:45.8881869+08:00	0x08	-0.3660	0.5542	0.4275	0.6133	17.95	72.20	292.67
2026-03-15T22:24:45.8881869+08:00	0x09	-0.5576	0.3550	0.6828	0.3114	176.97	283.15	303.70
2026-03-15T22:24:45.9296126+08:00	0x09	-0.5601	0.3511	0.6862	0.3035	177.67	282.78	304.73
2026-03-15T22:24:45.9428681+08:00	0x05	-0.0294	-0.0117	-0.8222	-0.5683	110.73	3.54	0.81
2026-03-15T22:24:45.9844860+08:00	0x08	-0.3714	0.5493	0.4357	0.6087	19.58	70.71	291.44
2026-03-15T22:24:45.9844860+08:00	0x09	-0.5601	0.3511	0.6862	0.3035	177.67	282.78	304.73
2026-03-15T22:24:46.0379460+08:00	0x08	-0.3746	0.5468	0.4394	0.6063	20.30	70.01	290.81
2026-03-15T22:24:46.0489103+08:00	0x09	-0.5649	0.3459	0.6883	0.2957	178.41	282.06	305.88
2026-03-15T22:24:46.0923906+08:00	0x09	-0.5649	0.3459	0.6883	0.2957	178.41	282.06	305.88
2026-03-15T22:24:46.1386997+08:00	0x08	-0.3769	0.5455	0.4405	0.6053	20.43	69.79	290.48
2026-03-15T22:24:46.1999897+08:00	0x09	-0.5717	0.3413	0.6870	0.2911	179.06	280.93	306.70
2026-03-15T22:24:46.2416722+08:00	0x08	-0.3772	0.5462	0.4387	0.6058	19.88	70.24	290.58
2026-03-15T22:24:46.2576292+08:00	0x09	-0.5717	0.3413	0.6870	0.2911	179.06	280.93	306.70
2026-03-15T22:24:46.3055087+08:00	0x09	-0.5728	0.3415	0.6853	0.2926	179.06	280.69	306.56
2026-03-15T22:24:46.3474359+08:00	0x08	-0.3777	0.5464	0.4374	0.6063	19.50	70.48	290.63
2026-03-15T22:24:46.3618726+08:00	0x09	-0.5728	0.3415	0.6853	0.2926	179.06	280.69	306.56
2026-03-15T22:24:46.3908390+08:00	0x05	-0.0304	-0.0119	-0.8208	-0.5703	110.44	3.64	0.87
2026-03-15T22:24:46.4124487+08:00	0x09	-0.5737	0.3415	0.6840	0.2940	179.01	280.52	306.44
2026-03-15T22:24:46.4519360+08:00	0x08	-0.3779	0.5469	0.4357	0.6069	19.04	70.83	290.74
2026-03-15T22:24:46.4705157+08:00	0x09	-0.5737	0.3415	0.6840	0.2940	179.01	280.52	306.44
2026-03-15T22:24:46.5175348+08:00	0x09	-0.5745	0.3414	0.6828	0.2952	178.96	280.38	306.35
2026-03-15T22:24:46.5554115+08:00	0x08	-0.3789	0.5471	0.4349	0.6066	18.68	71.11	290.68
2026-03-15T22:24:46.5775990+08:00	0x09	-0.5745	0.3414	0.6828	0.2952	178.96	280.38	306.35
2026-03-15T22:24:46.6274572+08:00	0x09	-0.5751	0.3413	0.6820	0.2960	178.92	280.27	306.29
2026-03-15T22:24:46.6566181+08:00	0x08	-0.3804	0.5465	0.4352	0.6060	18.59	71.14	290.49
2026-03-15T22:24:46.6890547+08:00	0x09	-0.5758	0.3410	0.6817	0.2957	178.99	280.13	306.34
2026-03-15T22:24:46.7375303+08:00	0x09	-0.5758	0.3410	0.6817	0.2957	178.99	280.13	306.34
2026-03-15T22:24:46.7556155+08:00	0x08	-0.3812	0.5463	0.4353	0.6055	18.52	71.18	290.39
2026-03-15T22:24:46.7903919+08:00	0x09	-0.5760	0.3411	0.6815	0.2958	179.02	280.09	306.32
2026-03-15T22:24:46.8406665+08:00	0x09	-0.5760	0.3411	0.6815	0.2958	179.02	280.09	306.32
2026-03-15T22:24:46.8532241+08:00	0x05	-0.0312	-0.0120	-0.8196	-0.5719	110.22	3.72	0.91
2026-03-15T22:24:46.8632043+08:00	0x08	-0.3814	0.5466	0.4351	0.6053	18.39	71.32	290.38
2026-03-15T22:24:46.9019965+08:00	0x09	-0.5756	0.3418	0.6813	0.2961	179.04	280.10	306.23
2026-03-15T22:24:46.9199453+08:00	0x08	-0.3816	0.5470	0.4350	0.6050	18.23	71.51	290.36
2026-03-15T22:24:46.9484729+08:00	0x09	-0.5756	0.3418	0.6813	0.2961	179.04	280.10	306.23
2026-03-15T22:24:47.0062333+08:00	0x09	-0.5751	0.3426	0.6812	0.2965	179.03	280.15	306.12
2026-03-15T22:24:47.0208571+08:00	0x08	-0.3812	0.5476	0.4347	0.6048	18.11	71.67	290.40
2026-03-15T22:24:47.0572062+08:00	0x09	-0.5751	0.3426	0.6812	0.2965	179.03	280.15	306.12
2026-03-15T22:24:47.1092161+08:00	0x09	-0.5743	0.3436	0.6811	0.2971	179.01	280.23	305.98
2026-03-15T22:24:47.1253069+08:00	0x08	-0.3806	0.5482	0.4343	0.6050	17.99	71.83	290.51
2026-03-15T22:24:47.1678039+08:00	0x09	-0.5743	0.3436	0.6811	0.2971	179.01	280.23	305.98
2026-03-15T22:24:47.2304010+08:00	0x09	-0.5736	0.3444	0.6811	0.2977	178.98	280.32	305.86
2026-03-15T22:24:47.2378477+08:00	0x08	-0.3798	0.5487	0.4337	0.6054	17.92	71.92	290.63
2026-03-15T22:24:47.2713409+08:00	0x09	-0.5727	0.3455	0.6808	0.2986	178.94	280.40	305.67
2026-03-15T22:24:47.2988963+08:00	0x05	-0.0318	-0.0121	-0.8189	-0.5730	110.07	3.78	0.95
2026-03-15T22:24:47.3334745+08:00	0x09	-0.5727	0.3455	0.6808	0.2986	178.94	280.40	305.67
2026-03-15T22:24:47.3424872+08:00	0x08	-0.3788	0.5495	0.4328	0.6060	17.75	72.11	290.81
2026-03-15T22:24:47.3867165+08:00	0x09	-0.5719	0.3464	0.6806	0.2995	178.86	280.51	305.50
2026-03-15T22:24:47.4477260+08:00	0x09	-0.5719	0.3464	0.6806	0.2995	178.86	280.51	305.50
2026-03-15T22:24:47.4477260+08:00	0x08	-0.3783	0.5500	0.4324	0.6062	17.66	72.22	290.90
2026-03-15T22:24:47.4863219+08:00	0x09	-0.5713	0.3469	0.6805	0.3002	178.79	280.60	305.40
2026-03-15T22:24:47.5453992+08:00	0x08	-0.3782	0.5501	0.4324	0.6062	17.64	72.25	290.90
2026-03-15T22:24:47.5563707+08:00	0x09	-0.5713	0.3469	0.6805	0.3002	178.79	280.60	305.40
2026-03-15T22:24:47.5981831+08:00	0x09	-0.5710	0.3470	0.6806	0.3007	178.71	280.68	305.34
2026-03-15T22:24:47.6473472+08:00	0x08	-0.3781	0.5501	0.4323	0.6063	17.63	72.25	290.92
2026-03-15T22:24:47.6563277+08:00	0x09	-0.5710	0.3470	0.6806	0.3007	178.71	280.68	305.34
2026-03-15T22:24:47.7025463+08:00	0x09	-0.5707	0.3470	0.6806	0.3011	178.64	280.75	305.31
2026-03-15T22:24:47.7585046+08:00	0x08	-0.3781	0.5501	0.4324	0.6061	17.64	72.25	290.91
2026-03-15T22:24:47.7684767+08:00	0x09	-0.5705	0.3466	0.6809	0.3012	178.55	280.83	305.34
2026-03-15T22:24:47.8081803+08:00	0x08	-0.3784	0.5501	0.4326	0.6058	17.64	72.27	290.85
2026-03-15T22:24:47.8250587+08:00	0x09	-0.5705	0.3466	0.6809	0.3012	178.55	280.83	305.34
2026-03-15T22:24:47.8732145+08:00	0x09	-0.5705	0.3464	0.6810	0.3013	178.49	280.88	305.36
2026-03-15T22:24:47.9066506+08:00	0x08	-0.3797	0.5493	0.4339	0.6048	17.82	72.10	290.61
2026-03-15T22:24:47.9266214+08:00	0x09	-0.5705	0.3464	0.6810	0.3013	178.49	280.88	305.36
2026-03-15T22:24:47.9752092+08:00	0x09	-0.5713	0.3462	0.6809	0.3002	178.68	280.69	305.46
2026-03-15T22:24:48.0115772+08:00	0x08	-0.3811	0.5486	0.4349	0.6038	17.91	72.01	290.37
2026-03-15T22:24:48.0315852+08:00	0x09	-0.5713	0.3462	0.6809	0.3002	178.68	280.69	305.46
2026-03-15T22:24:48.0792216+08:00	0x09	-0.5722	0.3461	0.6808	0.2990	178.91	280.47	305.58
2026-03-15T22:24:48.1127251+08:00	0x08	-0.3818	0.5483	0.4355	0.6033	17.97	71.96	290.25
2026-03-15T22:24:48.1375923+08:00	0x09	-0.5722	0.3461	0.6808	0.2990	178.91	280.47	305.58
2026-03-15T22:24:48.1866927+08:00	0x09	-0.5728	0.3462	0.6806	0.2982	179.08	280.31	305.63
2026-03-15T22:24:48.2043702+08:00	0x05	-0.0326	-0.0122	-0.8176	-0.5747	109.83	3.86	1.00
2026-03-15T22:24:48.2229119+08:00	0x08	-0.3824	0.5480	0.4360	0.6027	18.02	71.92	290.13
2026-03-15T22:24:48.2456049+08:00	0x09	-0.5728	0.3462	0.6806	0.2982	179.08	280.31	305.63
2026-03-15T22:24:48.3231774+08:00	0x08	-0.3824	0.5486	0.4355	0.6026	17.81	72.14	290.16
2026-03-15T22:24:48.3689309+08:00	0x09	-0.5728	0.3463	0.6805	0.2980	179.13	280.27	305.63
2026-03-15T22:24:48.4000086+08:00	0x09	-0.5728	0.3463	0.6805	0.2980	179.13	280.27	305.63
2026-03-15T22:24:48.4243187+08:00	0x08	-0.3820	0.5490	0.4350	0.6029	17.67	72.29	290.25
2026-03-15T22:24:48.4558966+08:00	0x09	-0.5725	0.3466	0.6803	0.2987	179.07	280.32	305.55
2026-03-15T22:24:48.5107943+08:00	0x09	-0.5725	0.3466	0.6803	0.2987	179.07	280.32	305.55
2026-03-15T22:24:48.5346720+08:00	0x08	-0.3819	0.5493	0.4346	0.6029	17.54	72.41	290.28
2026-03-15T22:24:48.5615956+08:00	0x09	-0.5726	0.3468	0.6801	0.2990	179.05	280.30	305.50
2026-03-15T22:24:48.6163456+08:00	0x09	-0.5726	0.3468	0.6801	0.2990	179.05	280.30	305.50
2026-03-15T22:24:48.6352951+08:00	0x08	-0.3819	0.5496	0.4343	0.6029	17.42	72.52	290.31
2026-03-15T22:24:48.6718045+08:00	0x05	-0.0328	-0.0123	-0.8172	-0.5753	109.75	3.89	1.01
2026-03-15T22:24:48.6718045+08:00	0x09	-0.5727	0.3471	0.6796	0.2994	179.08	280.23	305.44
2026-03-15T22:24:48.6887563+08:00	0x08	-0.3817	0.5499	0.4339	0.6030	17.29	72.65	290.35
2026-03-15T22:24:48.7223935+08:00	0x09	-0.5727	0.3471	0.6796	0.2994	179.08	280.23	305.44
2026-03-15T22:24:48.7844611+08:00	0x09	-0.5728	0.3476	0.6792	0.2996	179.13	280.17	305.37
2026-03-15T22:24:48.7935727+08:00	0x08	-0.3820	0.5501	0.4339	0.6027	17.21	72.75	290.32
2026-03-15T22:24:48.8345318+08:00	0x09	-0.5728	0.3476	0.6792	0.2996	179.13	280.17	305.37
2026-03-15T22:24:48.9058133+08:00	0x09	-0.5728	0.3477	0.6792	0.2995	179.16	280.15	305.37
2026-03-15T22:24:48.9058133+08:00	0x08	-0.3820	0.5503	0.4340	0.6024	17.17	72.81	290.30
2026-03-15T22:24:48.9527326+08:00	0x09	-0.5728	0.3480	0.6791	0.2993	179.22	280.12	305.35
2026-03-15T22:24:48.9958048+08:00	0x09	-0.5728	0.3480	0.6791	0.2993	179.22	280.12	305.35
2026-03-15T22:24:49.0077720+08:00	0x08	-0.3819	0.5506	0.4339	0.6023	17.11	72.90	290.31
2026-03-15T22:24:49.0535731+08:00	0x09	-0.5727	0.3484	0.6790	0.2993	179.27	280.09	305.31
2026-03-15T22:24:49.1046546+08:00	0x09	-0.5727	0.3484	0.6790	0.2993	179.27	280.09	305.31
2026-03-15T22:24:49.1136313+08:00	0x08	-0.3816	0.5507	0.4337	0.6025	17.10	72.92	290.36
2026-03-15T22:24:49.1582517+08:00	0x09	-0.5726	0.3489	0.6788	0.2994	179.32	280.05	305.27
2026-03-15T22:24:49.2106708+08:00	0x08	-0.3810	0.5511	0.4333	0.6028	17.05	72.98	290.46
2026-03-15T22:24:49.2176204+08:00	0x09	-0.5726	0.3489	0.6788	0.2994	179.32	280.05	305.27
2026-03-15T22:24:49.2705227+08:00	0x09	-0.5721	0.3494	0.6788	0.2998	179.28	280.12	305.18
2026-03-15T22:24:49.3154506+08:00	0x08	-0.3803	0.5515	0.4329	0.6032	17.00	73.04	290.57
2026-03-15T22:24:49.3254457+08:00	0x09	-0.5721	0.3494	0.6788	0.2998	179.28	280.12	305.18
2026-03-15T22:24:49.3686375+08:00	0x09	-0.5717	0.3499	0.6787	0.3002	179.27	280.16	305.10
2026-03-15T22:24:49.4205713+08:00	0x08	-0.3803	0.5515	0.4329	0.6031	17.01	73.05	290.57
2026-03-15T22:24:49.4367415+08:00	0x09	-0.5716	0.3501	0.6787	0.3002	179.28	280.16	305.08
2026-03-15T22:24:49.4852563+08:00	0x09	-0.5716	0.3501	0.6787	0.3002	179.28	280.16	305.08
2026-03-15T22:24:49.5241513+08:00	0x08	-0.3797	0.5520	0.4325	0.6034	16.93	73.15	290.66
2026-03-15T22:24:49.5357243+08:00	0x09	-0.5711	0.3505	0.6786	0.3008	179.21	280.24	304.99
2026-03-15T22:24:49.5744228+08:00	0x05	-0.0332	-0.0124	-0.8166	-0.5761	109.63	3.93	1.04
2026-03-15T22:24:49.5744228+08:00	0x08	-0.3793	0.5525	0.4321	0.6035	16.82	73.28	290.74
2026-03-15T22:24:49.5853565+08:00	0x09	-0.5711	0.3505	0.6786	0.3008	179.21	280.24	304.99
2026-03-15T22:24:49.6455536+08:00	0x09	-0.5705	0.3507	0.6787	0.3014	179.10	280.37	304.92
2026-03-15T22:24:49.6912008+08:00	0x08	-0.3794	0.5523	0.4324	0.6034	16.89	73.21	290.70
2026-03-15T22:24:49.6912008+08:00	0x09	-0.5705	0.3507	0.6787	0.3014	179.10	280.37	304.92
2026-03-15T22:24:49.7506592+08:00	0x09	-0.5703	0.3506	0.6789	0.3015	179.05	280.43	304.91
2026-03-15T22:24:49.7795796+08:00	0x08	-0.3793	0.5523	0.4325	0.6034	16.93	73.19	290.70
2026-03-15T22:24:49.8046316+08:00	0x09	-0.5703	0.3506	0.6789	0.3015	179.05	280.43	304.91
2026-03-15T22:24:49.8571369+08:00	0x09	-0.5702	0.3507	0.6789	0.3017	179.04	280.45	304.89
2026-03-15T22:24:49.8850608+08:00	0x08	-0.3791	0.5524	0.4324	0.6035	16.93	73.20	290.73
2026-03-15T22:24:49.9177647+08:00	0x09	-0.5701	0.3508	0.6789	0.3017	179.03	280.46	304.88
2026-03-15T22:24:49.9709683+08:00	0x09	-0.5701	0.3508	0.6789	0.3017	179.03	280.46	304.88
2026-03-15T22:24:49.9899139+08:00	0x08	-0.3794	0.5523	0.4327	0.6031	16.95	73.19	290.66
2026-03-15T22:24:50.0250956+08:00	0x09	-0.5704	0.3506	0.6788	0.3014	179.07	280.40	304.92
2026-03-15T22:24:50.0806688+08:00	0x09	-0.5704	0.3506	0.6788	0.3014	179.07	280.40	304.92
2026-03-15T22:24:50.0906503+08:00	0x08	-0.3800	0.5521	0.4330	0.6027	16.95	73.19	290.57
2026-03-15T22:24:50.1240797+08:00	0x09	-0.5709	0.3503	0.6788	0.3010	179.14	280.32	304.99
2026-03-15T22:24:50.1769215+08:00	0x09	-0.5709	0.3503	0.6788	0.3010	179.14	280.32	304.99
2026-03-15T22:24:50.2018519+08:00	0x08	-0.3800	0.5523	0.4328	0.6027	16.86	73.27	290.59
2026-03-15T22:24:50.2396456+08:00	0x09	-0.5707	0.3504	0.6789	0.3012	179.09	280.37	304.97
2026-03-15T22:24:50.2905098+08:00	0x09	-0.5707	0.3504	0.6789	0.3012	179.09	280.37	304.97
2026-03-15T22:24:50.3013287+08:00	0x08	-0.3806	0.5519	0.4333	0.6024	16.94	73.19	290.48
2026-03-15T22:24:50.3486357+08:00	0x09	-0.5707	0.3499	0.6792	0.3010	179.05	280.42	305.03
2026-03-15T22:24:50.3954456+08:00	0x09	-0.5707	0.3499	0.6792	0.3010	179.05	280.42	305.03
2026-03-15T22:24:50.4059230+08:00	0x08	-0.3806	0.5520	0.4330	0.6025	16.86	73.25	290.51
2026-03-15T22:24:50.4616409+08:00	0x08	-0.3799	0.5525	0.4321	0.6031	16.71	73.38	290.66
2026-03-15T22:24:50.4818194+08:00	0x05	-0.0334	-0.0124	-0.8163	-0.5766	109.57	3.94	1.05
2026-03-15T22:24:50.4989731+08:00	0x09	-0.5706	0.3506	0.6784	0.3021	179.03	280.38	304.87
2026-03-15T22:24:50.5674082+08:00	0x09	-0.5706	0.3506	0.6784	0.3021	179.03	280.38	304.87
2026-03-15T22:24:50.5674082+08:00	0x08	-0.3796	0.5527	0.4315	0.6035	16.61	73.46	290.75
2026-03-15T22:24:50.6137502+08:00	0x09	-0.5704	0.3509	0.6781	0.3026	178.98	280.39	304.80
2026-03-15T22:24:50.6606068+08:00	0x09	-0.5704	0.3509	0.6781	0.3026	178.98	280.39	304.80
2026-03-15T22:24:50.6723279+08:00	0x08	-0.3795	0.5527	0.4313	0.6037	16.58	73.47	290.77
2026-03-15T22:24:50.7223463+08:00	0x09	-0.5705	0.3509	0.6780	0.3028	178.97	280.38	304.78
2026-03-15T22:24:50.7840622+08:00	0x09	-0.5705	0.3509	0.6780	0.3028	178.97	280.38	304.78
2026-03-15T22:24:50.7840622+08:00	0x08	-0.3795	0.5527	0.4311	0.6039	16.58	73.45	290.79
2026-03-15T22:24:50.8338565+08:00	0x09	-0.5705	0.3503	0.6784	0.3027	178.90	280.45	304.85
2026-03-15T22:24:50.8847193+08:00	0x08	-0.3790	0.5530	0.4307	0.6042	16.51	73.52	290.87
2026-03-15T22:24:50.8847193+08:00	0x09	-0.5705	0.3503	0.6784	0.3027	178.90	280.45	304.85
2026-03-15T22:24:50.9388420+08:00	0x05	-0.0335	-0.0124	-0.8162	-0.5767	109.55	3.95	1.05
2026-03-15T22:24:50.9388420+08:00	0x09	-0.5699	0.3502	0.6787	0.3034	178.72	280.63	304.80
2026-03-15T22:24:50.9807822+08:00	0x08	-0.3787	0.5530	0.4304	0.6046	16.50	73.51	290.94
2026-03-15T22:24:50.9987339+08:00	0x09	-0.5699	0.3502	0.6787	0.3034	178.72	280.63	304.80
2026-03-15T22:24:51.0836334+08:00	0x08	-0.3787	0.5528	0.4305	0.6047	16.56	73.43	290.93
2026-03-15T22:24:51.0906134+08:00	0x09	-0.5697	0.3509	0.6781	0.3040	178.74	280.59	304.69
2026-03-15T22:24:51.1410617+08:00	0x09	-0.5697	0.3509	0.6781	0.3040	178.74	280.59	304.69
2026-03-15T22:24:51.1853279+08:00	0x08	-0.3787	0.5527	0.4304	0.6048	16.57	73.41	290.94
2026-03-15T22:24:51.1992909+08:00	0x09	-0.5700	0.3511	0.6779	0.3039	178.82	280.50	304.68
2026-03-15T22:24:51.2509174+08:00	0x09	-0.5700	0.3511	0.6779	0.3039	178.82	280.50	304.68
2026-03-15T22:24:51.2868215+08:00	0x08	-0.3789	0.5525	0.4306	0.6047	16.63	73.34	290.91
2026-03-15T22:24:51.3057743+08:00	0x09	-0.5702	0.3511	0.6778	0.3036	178.88	280.44	304.70
2026-03-15T22:24:51.3456014+08:00	0x08	-0.3786	0.5525	0.4305	0.6051	16.69	73.27	290.96
2026-03-15T22:24:51.3635569+08:00	0x09	-0.5702	0.3511	0.6778	0.3036	178.88	280.44	304.70
2026-03-15T22:24:51.3914792+08:00	0x05	-0.0335	-0.0124	-0.8161	-0.5768	109.53	3.96	1.06
2026-03-15T22:24:51.4126063+08:00	0x09	-0.5702	0.3517	0.6776	0.3034	178.99	280.37	304.65
2026-03-15T22:24:51.4496610+08:00	0x08	-0.3790	0.5521	0.4311	0.6047	16.81	73.16	290.87
2026-03-15T22:24:51.4785857+08:00	0x09	-0.5702	0.3517	0.6776	0.3034	178.99	280.37	304.65
2026-03-15T22:24:51.5189956+08:00	0x09	-0.5701	0.3515	0.6780	0.3029	178.99	280.42	304.71
2026-03-15T22:24:51.5553102+08:00	0x08	-0.3791	0.5518	0.4316	0.6046	16.94	73.04	290.81
2026-03-15T22:24:51.5774012+08:00	0x09	-0.5697	0.3509	0.6787	0.3028	178.89	280.55	304.78
2026-03-15T22:24:51.6279489+08:00	0x09	-0.5697	0.3509	0.6787	0.3028	178.89	280.55	304.78
2026-03-15T22:24:51.6568117+08:00	0x08	-0.3789	0.5517	0.4316	0.6048	16.99	73.00	290.84
2026-03-15T22:24:51.6766831+08:00	0x09	-0.5692	0.3507	0.6791	0.3031	178.76	280.71	304.78
2026-03-15T22:24:51.7450702+08:00	0x09	-0.5692	0.3507	0.6791	0.3031	178.76	280.71	304.78
2026-03-15T22:24:51.7570342+08:00	0x08	-0.3786	0.5518	0.4315	0.6049	17.01	72.99	290.89
2026-03-15T22:24:51.7913024+08:00	0x09	-0.5688	0.3506	0.6793	0.3036	178.63	280.84	304.75
2026-03-15T22:24:51.8364194+08:00	0x05	-0.0336	-0.0124	-0.8160	-0.5769	109.52	3.96	1.06
2026-03-15T22:24:51.8493523+08:00	0x09	-0.5688	0.3506	0.6793	0.3036	178.63	280.84	304.75
2026-03-15T22:24:51.8678944+08:00	0x08	-0.3781	0.5519	0.4314	0.6053	17.05	72.94	290.96
2026-03-15T22:24:51.8958172+08:00	0x09	-0.5684	0.3506	0.6794	0.3041	178.53	280.94	304.71
2026-03-15T22:24:51.9544339+08:00	0x09	-0.5684	0.3506	0.6794	0.3041	178.53	280.94	304.71
2026-03-15T22:24:51.9634122+08:00	0x08	-0.3781	0.5515	0.4315	0.6055	17.16	72.81	290.95
2026-03-15T22:24:52.0032542+08:00	0x09	-0.5682	0.3504	0.6796	0.3042	178.47	281.01	304.72
2026-03-15T22:24:52.0634182+08:00	0x09	-0.5682	0.3504	0.6796	0.3042	178.47	281.01	304.72
2026-03-15T22:24:52.0793749+08:00	0x08	-0.3781	0.5514	0.4316	0.6055	17.21	72.76	290.95
2026-03-15T22:24:52.1630219+08:00	0x09	-0.5679	0.3502	0.6797	0.3047	178.35	281.11	304.70
2026-03-15T22:24:52.1889526+08:00	0x08	-0.3779	0.5515	0.4315	0.6057	17.22	72.75	290.98
2026-03-15T22:24:52.2215738+08:00	0x09	-0.5679	0.3502	0.6797	0.3047	178.35	281.11	304.70
2026-03-15T22:24:52.2315386+08:00	0x08	-0.3780	0.5513	0.4318	0.6056	17.27	72.69	290.94
2026-03-15T22:24:52.2764191+08:00	0x09	-0.5679	0.3501	0.6798	0.3046	178.34	281.13	304.72
2026-03-15T22:24:52.2973643+08:00	0x05	-0.0336	-0.0124	-0.8160	-0.5770	109.51	3.96	1.06
2026-03-15T22:24:52.3278760+08:00	0x09	-0.5679	0.3501	0.6798	0.3046	178.34	281.13	304.72
2026-03-15T22:24:52.3291334+08:00	0x08	-0.3781	0.5513	0.4318	0.6055	17.26	72.71	290.93
2026-03-15T22:24:52.3899646+08:00	0x09	-0.5679	0.3502	0.6798	0.3045	178.36	281.11	304.72
2026-03-15T22:24:52.4414540+08:00	0x09	-0.5679	0.3502	0.6798	0.3045	178.36	281.11	304.72
2026-03-15T22:24:52.4414540+08:00	0x08	-0.3780	0.5515	0.4316	0.6055	17.18	72.79	290.96
2026-03-15T22:24:52.4923839+08:00	0x09	-0.5679	0.3504	0.6797	0.3046	178.38	281.09	304.69
2026-03-15T22:24:52.5465167+08:00	0x09	-0.5679	0.3504	0.6797	0.3046	178.38	281.09	304.69
2026-03-15T22:24:52.5465167+08:00	0x08	-0.3781	0.5514	0.4317	0.6054	17.22	72.76	290.93
2026-03-15T22:24:52.5963990+08:00	0x09	-0.5680	0.3505	0.6797	0.3043	178.43	281.05	304.70
2026-03-15T22:24:52.6526060+08:00	0x08	-0.3779	0.5513	0.4319	0.6056	17.30	72.68	290.95
2026-03-15T22:24:52.6526060+08:00	0x09	-0.5680	0.3505	0.6797	0.3043	178.43	281.05	304.70
2026-03-15T22:24:52.7423954+08:00	0x05	-0.0336	-0.0124	-0.8159	-0.5770	109.50	3.96	1.06
2026-03-15T22:24:52.7623988+08:00	0x08	-0.3776	0.5517	0.4315	0.6057	17.23	72.77	291.01
2026-03-15T22:24:52.7623988+08:00	0x09	-0.5675	0.3508	0.6798	0.3046	178.40	281.12	304.65
2026-03-15T22:24:52.8025836+08:00	0x09	-0.5675	0.3508	0.6798	0.3046	178.40	281.12	304.65
2026-03-15T22:24:52.8525824+08:00	0x08	-0.3778	0.5516	0.4318	0.6054	17.25	72.76	290.96
2026-03-15T22:24:52.8625693+08:00	0x09	-0.5675	0.3512	0.6797	0.3043	178.48	281.08	304.63
2026-03-15T22:24:52.9104188+08:00	0x09	-0.5675	0.3512	0.6797	0.3043	178.48	281.08	304.63
2026-03-15T22:24:52.9613302+08:00	0x08	-0.3781	0.5517	0.4319	0.6051	17.20	72.82	290.91
2026-03-15T22:24:52.9721748+08:00	0x09	-0.5676	0.3515	0.6795	0.3042	178.55	281.02	304.61
2026-03-15T22:24:53.0187009+08:00	0x09	-0.5676	0.3515	0.6795	0.3042	178.55	281.02	304.61
2026-03-15T22:24:53.0701478+08:00	0x08	-0.3776	0.5521	0.4315	0.6053	17.10	72.94	290.99
2026-03-15T22:24:53.0701478+08:00	0x09	-0.5676	0.3523	0.6790	0.3044	178.64	280.93	304.52
2026-03-15T22:24:53.1133227+08:00	0x08	-0.3776	0.5526	0.4313	0.6051	16.98	73.09	291.01
2026-03-15T22:24:53.1348354+08:00	0x09	-0.5676	0.3523	0.6790	0.3044	178.64	280.93	304.52
2026-03-15T22:24:53.1854204+08:00	0x09	-0.5677	0.3529	0.6786	0.3045	178.72	280.85	304.45
2026-03-15T22:24:53.2020081+08:00	0x05	-0.0336	-0.0124	-0.8159	-0.5771	109.49	3.97	1.06
2026-03-15T22:24:53.2194856+08:00	0x08	-0.3777	0.5527	0.4313	0.6048	16.91	73.18	290.99
2026-03-15T22:24:53.2368619+08:00	0x09	-0.5677	0.3529	0.6786	0.3045	178.72	280.85	304.45
2026-03-15T22:24:53.2910168+08:00	0x09	-0.5679	0.3532	0.6783	0.3043	178.82	280.74	304.43
2026-03-15T22:24:53.3189430+08:00	0x08	-0.3778	0.5529	0.4313	0.6046	16.86	73.24	290.97
2026-03-15T22:24:53.3496851+08:00	0x09	-0.5681	0.3534	0.6781	0.3042	178.89	280.67	304.43
2026-03-15T22:24:53.3986416+08:00	0x09	-0.5681	0.3534	0.6781	0.3042	178.89	280.67	304.43
2026-03-15T22:24:53.4213675+08:00	0x08	-0.3777	0.5531	0.4312	0.6045	16.82	73.30	290.98
2026-03-15T22:24:53.4504652+08:00	0x09	-0.5682	0.3535	0.6780	0.3041	178.91	280.65	304.42
2026-03-15T22:24:53.5099056+08:00	0x09	-0.5682	0.3535	0.6780	0.3041	178.91	280.65	304.42
2026-03-15T22:24:53.5365896+08:00	0x08	-0.3778	0.5531	0.4313	0.6044	16.80	73.33	290.97
2026-03-15T22:24:53.5654339+08:00	0x09	-0.5681	0.3534	0.6781	0.3041	178.90	280.67	304.42
2026-03-15T22:24:53.6164866+08:00	0x09	-0.5681	0.3534	0.6781	0.3041	178.90	280.67	304.42
2026-03-15T22:24:53.6361952+08:00	0x08	-0.3778	0.5533	0.4313	0.6043	16.78	73.37	290.96
2026-03-15T22:24:53.6617814+08:00	0x05	-0.0336	-0.0124	-0.8159	-0.5771	109.49	3.97	1.06
2026-03-15T22:24:53.6737472+08:00	0x09	-0.5681	0.3536	0.6780	0.3042	178.91	280.66	304.40
2026-03-15T22:24:53.7192759+08:00	0x09	-0.5681	0.3536	0.6780	0.3042	178.91	280.66	304.40
2026-03-15T22:24:53.7312434+08:00	0x08	-0.3779	0.5533	0.4314	0.6041	16.77	73.39	290.94
2026-03-15T22:24:53.7813057+08:00	0x09	-0.5682	0.3538	0.6779	0.3040	178.97	280.60	304.40
2026-03-15T22:24:53.8378742+08:00	0x09	-0.5684	0.3538	0.6779	0.3038	179.01	280.57	304.42
2026-03-15T22:24:53.8476682+08:00	0x08	-0.3781	0.5533	0.4315	0.6039	16.75	73.42	290.90
2026-03-15T22:24:53.8815806+08:00	0x09	-0.5684	0.3538	0.6779	0.3038	179.01	280.57	304.42
2026-03-15T22:24:53.9432592+08:00	0x09	-0.5685	0.3538	0.6778	0.3037	179.05	280.52	304.42
2026-03-15T22:24:53.9432592+08:00	0x08	-0.3782	0.5534	0.4317	0.6037	16.73	73.45	290.88
2026-03-15T22:24:53.9985059+08:00	0x09	-0.5685	0.3538	0.6778	0.3037	179.05	280.52	304.42
2026-03-15T22:24:53.9985059+08:00	0x08	-0.3783	0.5533	0.4317	0.6036	16.72	73.46	290.87
2026-03-15T22:24:54.0414162+08:00	0x09	-0.5687	0.3538	0.6777	0.3035	179.09	280.47	304.44
2026-03-15T22:24:54.1005158+08:00	0x09	-0.5687	0.3538	0.6777	0.3035	179.09	280.47	304.44
2026-03-15T22:24:54.1110419+08:00	0x08	-0.3783	0.5535	0.4315	0.6036	16.66	73.52	290.88
2026-03-15T22:24:54.1110419+08:00	0x05	-0.0336	-0.0124	-0.8159	-0.5771	109.49	3.97	1.06
2026-03-15T22:24:54.1559218+08:00	0x09	-0.5686	0.3539	0.6776	0.3037	179.07	280.49	304.41
2026-03-15T22:24:54.2062327+08:00	0x08	-0.3783	0.5536	0.4314	0.6036	16.60	73.58	290.88
2026-03-15T22:24:54.2152061+08:00	0x09	-0.5686	0.3539	0.6776	0.3037	179.07	280.49	304.41
2026-03-15T22:24:54.2628594+08:00	0x09	-0.5687	0.3539	0.6775	0.3037	179.09	280.46	304.40
2026-03-15T22:24:54.3137235+08:00	0x08	-0.3783	0.5538	0.4312	0.6035	16.52	73.66	290.89
2026-03-15T22:24:54.3227089+08:00	0x09	-0.5688	0.3542	0.6773	0.3039	179.11	280.42	304.37
2026-03-15T22:24:54.3724583+08:00	0x09	-0.5688	0.3542	0.6773	0.3039	179.11	280.42	304.37
2026-03-15T22:24:54.4173387+08:00	0x08	-0.3782	0.5540	0.4309	0.6036	16.45	73.74	290.92
2026-03-15T22:24:54.4372820+08:00	0x09	-0.5688	0.3545	0.6770	0.3040	179.15	280.38	304.33
2026-03-15T22:24:54.4728791+08:00	0x09	-0.5688	0.3545	0.6770	0.3040	179.15	280.38	304.33
2026-03-15T22:24:54.5166020+08:00	0x08	-0.3783	0.5541	0.4309	0.6035	16.42	73.77	290.92
2026-03-15T22:24:54.5285718+08:00	0x09	-0.5688	0.3547	0.6770	0.3039	179.19	280.35	304.32
2026-03-15T22:24:54.5734500+08:00	0x05	-0.0336	-0.0124	-0.8158	-0.5772	109.48	3.97	1.06
2026-03-15T22:24:54.5864715+08:00	0x09	-0.5688	0.3547	0.6770	0.3039	179.19	280.35	304.32
2026-03-15T22:24:54.6254035+08:00	0x08	-0.3783	0.5541	0.4311	0.6034	16.45	73.75	290.90
2026-03-15T22:24:54.6353800+08:00	0x09	-0.5689	0.3546	0.6771	0.3037	179.21	280.34	304.35
2026-03-15T22:24:54.6965905+08:00	0x09	-0.5689	0.3546	0.6771	0.3037	179.21	280.34	304.35
2026-03-15T22:24:54.7255087+08:00	0x08	-0.3782	0.5544	0.4308	0.6033	16.36	73.86	290.93
2026-03-15T22:24:54.7520284+08:00	0x09	-0.5686	0.3548	0.6771	0.3039	179.18	280.38	304.31
2026-03-15T22:24:54.8128930+08:00	0x09	-0.5686	0.3548	0.6771	0.3039	179.18	280.38	304.31
2026-03-15T22:24:54.8374922+08:00	0x08	-0.3782	0.5545	0.4310	0.6031	16.35	73.90	290.90
2026-03-15T22:24:54.8946435+08:00	0x08	-0.3781	0.5549	0.4308	0.6029	16.25	74.03	290.92
2026-03-15T22:24:54.9076095+08:00	0x09	-0.5687	0.3553	0.6768	0.3037	179.29	280.31	304.27
2026-03-15T22:24:54.9554805+08:00	0x09	-0.5687	0.3553	0.6768	0.3037	179.29	280.31	304.27
2026-03-15T22:24:54.9854612+08:00	0x08	-0.3785	0.5547	0.4316	0.6023	16.34	73.98	290.82
2026-03-15T22:24:55.0143987+08:00	0x09	-0.5689	0.3561	0.6763	0.3035	179.45	280.15	304.21
2026-03-15T22:24:55.0143987+08:00	0x05	-0.0336	-0.0124	-0.8158	-0.5772	109.48	3.97	1.06
2026-03-15T22:24:55.0625573+08:00	0x09	-0.5689	0.3561	0.6763	0.3035	179.45	280.15	304.21
2026-03-15T22:24:55.0916445+08:00	0x08	-0.3790	0.5545	0.4320	0.6019	16.39	73.94	290.72
2026-03-15T22:24:55.1243733+08:00	0x09	-0.5700	0.3566	0.6756	0.3025	179.78	279.81	304.24
2026-03-15T22:24:55.1744596+08:00	0x09	-0.5700	0.3566	0.6756	0.3025	179.78	279.81	304.24
2026-03-15T22:24:55.1936750+08:00	0x08	-0.3787	0.5551	0.4316	0.6018	16.21	74.15	290.77
2026-03-15T22:24:55.2316483+08:00	0x09	-0.5704	0.3573	0.6752	0.3018	180.00	279.61	304.23
2026-03-15T22:24:55.2809218+08:00	0x09	-0.5704	0.3573	0.6752	0.3018	180.00	279.61	304.23
2026-03-15T22:24:55.2959401+08:00	0x08	-0.3785	0.5551	0.4318	0.6018	16.26	74.13	290.78
2026-03-15T22:24:55.3324686+08:00	0x09	-0.5706	0.3580	0.6748	0.3015	180.17	279.47	304.18
2026-03-15T22:24:55.3891404+08:00	0x09	-0.5706	0.3580	0.6748	0.3015	180.17	279.47	304.18
2026-03-15T22:24:55.4031031+08:00	0x08	-0.3787	0.5553	0.4320	0.6014	16.23	74.19	290.74
2026-03-15T22:24:55.4684731+08:00	0x05	-0.0336	-0.0125	-0.8158	-0.5772	109.48	3.97	1.06
2026-03-15T22:24:55.4944432+08:00	0x09	-0.5705	0.3585	0.6748	0.3009	180.30	279.42	304.18
2026-03-15T22:24:55.5123756+08:00	0x08	-0.3785	0.5556	0.4319	0.6012	16.17	74.29	290.75
2026-03-15T22:24:55.5512223+08:00	0x09	-0.5705	0.3585	0.6748	0.3009	180.30	279.42	304.18
2026-03-15T22:24:55.6037842+08:00	0x09	-0.5705	0.3588	0.6748	0.3008	180.35	279.40	304.17
2026-03-15T22:24:55.6127691+08:00	0x08	-0.3784	0.5560	0.4317	0.6011	16.06	74.41	290.78
2026-03-15T22:24:55.6552322+08:00	0x09	-0.5705	0.3588	0.6748	0.3008	180.35	279.40	304.17
2026-03-15T22:24:55.7077932+08:00	0x09	-0.5704	0.3591	0.6746	0.3009	180.38	279.37	304.12
2026-03-15T22:24:55.7225463+08:00	0x08	-0.3780	0.5562	0.4314	0.6014	16.04	74.44	290.85
2026-03-15T22:24:55.7686137+08:00	0x09	-0.5704	0.3591	0.6746	0.3009	180.38	279.37	304.12
2026-03-15T22:24:55.7686137+08:00	0x08	-0.3776	0.5565	0.4309	0.6017	15.96	74.51	290.94
2026-03-15T22:24:55.8272768+08:00	0x09	-0.5703	0.3595	0.6744	0.3011	180.40	279.35	304.07
2026-03-15T22:24:55.8873039+08:00	0x09	-0.5703	0.3595	0.6744	0.3011	180.40	279.35	304.07
2026-03-15T22:24:55.8873039+08:00	0x08	-0.3771	0.5569	0.4303	0.6021	15.87	74.60	291.03
2026-03-15T22:24:55.9270359+08:00	0x09	-0.5702	0.3598	0.6742	0.3016	180.38	279.35	304.00
2026-03-15T22:24:55.9270359+08:00	0x05	-0.0336	-0.0124	-0.8158	-0.5772	109.48	3.97	1.06
2026-03-15T22:24:55.9875822+08:00	0x09	-0.5701	0.3600	0.6740	0.3018	180.38	279.35	303.97
2026-03-15T22:24:55.9875822+08:00	0x08	-0.3770	0.5571	0.4300	0.6022	15.80	74.66	291.07
2026-03-15T22:24:56.0316020+08:00	0x09	-0.5701	0.3600	0.6740	0.3018	180.38	279.35	303.97
2026-03-15T22:24:56.0854609+08:00	0x08	-0.3767	0.5573	0.4296	0.6025	15.74	74.71	291.13
2026-03-15T22:24:56.0974289+08:00	0x09	-0.5701	0.3601	0.6739	0.3020	180.37	279.35	303.93
2026-03-15T22:24:56.1379278+08:00	0x09	-0.5701	0.3601	0.6739	0.3020	180.37	279.35	303.93
2026-03-15T22:24:56.1907950+08:00	0x08	-0.3765	0.5574	0.4293	0.6027	15.71	74.73	291.19
2026-03-15T22:24:56.2025145+08:00	0x09	-0.5700	0.3604	0.6737	0.3023	180.36	279.34	303.88
2026-03-15T22:24:56.2501670+08:00	0x09	-0.5700	0.3604	0.6737	0.3023	180.36	279.34	303.88
2026-03-15T22:24:56.2890606+08:00	0x08	-0.3762	0.5574	0.4292	0.6029	15.71	74.72	291.23
2026-03-15T22:24:56.2990371+08:00	0x09	-0.5700	0.3606	0.6735	0.3024	180.38	279.32	303.84
2026-03-15T22:24:56.3535593+08:00	0x09	-0.5700	0.3606	0.6735	0.3024	180.38	279.32	303.84
2026-03-15T22:24:56.3804870+08:00	0x05	-0.0337	-0.0124	-0.8158	-0.5772	109.48	3.97	1.07
2026-03-15T22:24:56.3944545+08:00	0x08	-0.3764	0.5572	0.4293	0.6029	15.76	74.66	291.20
2026-03-15T22:24:56.4153930+08:00	0x09	-0.5701	0.3605	0.6735	0.3023	180.39	279.30	303.87
2026-03-15T22:24:56.4630373+08:00	0x09	-0.5701	0.3605	0.6735	0.3023	180.39	279.30	303.87
2026-03-15T22:24:56.4990102+08:00	0x08	-0.3765	0.5570	0.4294	0.6030	15.81	74.59	291.19
2026-03-15T22:24:56.5750194+08:00	0x09	-0.5701	0.3602	0.6737	0.3023	180.34	279.35	303.91
2026-03-15T22:24:56.5969596+08:00	0x08	-0.3764	0.5570	0.4294	0.6032	15.83	74.56	291.21
2026-03-15T22:24:56.6149156+08:00	0x09	-0.5701	0.3602	0.6737	0.3023	180.34	279.35	303.91
2026-03-15T22:24:56.6568066+08:00	0x08	-0.3763	0.5568	0.4293	0.6034	15.88	74.50	291.23
2026-03-15T22:24:56.6737566+08:00	0x09	-0.5699	0.3598	0.6741	0.3024	180.24	279.44	303.93
2026-03-15T22:24:56.7238744+08:00	0x09	-0.5699	0.3598	0.6741	0.3024	180.24	279.44	303.93
2026-03-15T22:24:56.7617862+08:00	0x08	-0.3764	0.5566	0.4295	0.6034	15.95	74.41	291.20
2026-03-15T22:24:56.7817402+08:00	0x09	-0.5696	0.3595	0.6742	0.3027	180.15	279.54	303.93
2026-03-15T22:24:56.8307280+08:00	0x05	-0.0337	-0.0124	-0.8158	-0.5772	109.48	3.97	1.07
2026-03-15T22:24:56.8396979+08:00	0x09	-0.5696	0.3595	0.6742	0.3027	180.15	279.54	303.93
2026-03-15T22:24:56.8666234+08:00	0x08	-0.3769	0.5561	0.4298	0.6033	16.03	74.30	291.13
2026-03-15T22:24:56.8875672+08:00	0x09	-0.5697	0.3590	0.6745	0.3027	180.08	279.58	303.99
2026-03-15T22:24:56.9458706+08:00	0x09	-0.5697	0.3590	0.6745	0.3027	180.08	279.58	303.99
2026-03-15T22:24:56.9736233+08:00	0x08	-0.3765	0.5559	0.4296	0.6038	16.09	74.21	291.20
2026-03-15T22:24:56.9945399+08:00	0x09	-0.5695	0.3588	0.6746	0.3030	179.99	279.66	303.98
2026-03-15T22:24:57.0534036+08:00	0x09	-0.5695	0.3588	0.6746	0.3030	179.99	279.66	303.98
2026-03-15T22:24:57.0732252+08:00	0x08	-0.3760	0.5560	0.4292	0.6044	16.09	74.18	291.29
2026-03-15T22:24:57.1584171+08:00	0x09	-0.5692	0.3585	0.6748	0.3036	179.83	279.80	303.96
2026-03-15T22:24:57.1776864+08:00	0x08	-0.3764	0.5553	0.4300	0.6042	16.32	73.95	291.19
2026-03-15T22:24:57.2167655+08:00	0x09	-0.5692	0.3585	0.6748	0.3036	179.83	279.80	303.96
2026-03-15T22:24:57.2665105+08:00	0x09	-0.5691	0.3581	0.6752	0.3034	179.79	279.86	304.01
2026-03-15T22:24:57.2795180+08:00	0x08	-0.3765	0.5550	0.4303	0.6042	16.42	73.85	291.16
2026-03-15T22:24:57.2943981+08:00	0x05	-0.0337	-0.0124	-0.8158	-0.5772	109.48	3.97	1.07
2026-03-15T22:24:57.3177800+08:00	0x09	-0.5691	0.3581	0.6752	0.3034	179.79	279.86	304.01
2026-03-15T22:24:57.3687158+08:00	0x09	-0.5688	0.3580	0.6754	0.3034	179.73	279.94	304.03
2026-03-15T22:24:57.3852730+08:00	0x08	-0.3765	0.5549	0.4304	0.6043	16.46	73.81	291.15
2026-03-15T22:24:57.4253636+08:00	0x09	-0.5688	0.3580	0.6754	0.3034	179.73	279.94	304.03
2026-03-15T22:24:57.4782217+08:00	0x09	-0.5687	0.3579	0.6755	0.3035	179.70	279.97	304.03
2026-03-15T22:24:57.4852038+08:00	0x08	-0.3765	0.5548	0.4305	0.6043	16.50	73.76	291.15
2026-03-15T22:24:57.5360619+08:00	0x09	-0.5687	0.3579	0.6755	0.3035	179.70	279.97	304.03
2026-03-15T22:24:57.5430421+08:00	0x08	-0.3762	0.5549	0.4304	0.6044	16.52	73.76	291.18
2026-03-15T22:24:57.5865544+08:00	0x09	-0.5685	0.3579	0.6756	0.3036	179.67	280.02	304.02
2026-03-15T22:24:57.6419987+08:00	0x09	-0.5683	0.3580	0.6757	0.3037	179.64	280.06	304.00
2026-03-15T22:24:57.6497372+08:00	0x08	-0.3760	0.5550	0.4304	0.6045	16.55	73.73	291.21
2026-03-15T22:24:57.6955094+08:00	0x09	-0.5683	0.3580	0.6757	0.3037	179.64	280.06	304.00
2026-03-15T22:24:57.7443702+08:00	0x05	-0.0337	-0.0124	-0.8158	-0.5772	109.48	3.97	1.07
2026-03-15T22:24:57.7443702+08:00	0x08	-0.3757	0.5550	0.4304	0.6046	16.60	73.69	291.24
2026-03-15T22:24:57.7543538+08:00	0x09	-0.5681	0.3580	0.6758	0.3039	179.59	280.12	303.98
2026-03-15T22:24:57.8053130+08:00	0x09	-0.5681	0.3580	0.6758	0.3039	179.59	280.12	303.98
2026-03-15T22:24:57.8557305+08:00	0x08	-0.3754	0.5552	0.4302	0.6048	16.57	73.73	291.29
2026-03-15T22:24:57.8706865+08:00	0x09	-0.5678	0.3582	0.6759	0.3041	179.56	280.17	303.95
2026-03-15T22:24:57.9103171+08:00	0x09	-0.5678	0.3582	0.6759	0.3041	179.56	280.17	303.95
2026-03-15T22:24:57.9547675+08:00	0x08	-0.3752	0.5553	0.4301	0.6049	16.55	73.76	291.32
2026-03-15T22:24:57.9653013+08:00	0x09	-0.5676	0.3582	0.6760	0.3043	179.51	280.22	303.93
2026-03-15T22:24:58.0204684+08:00	0x09	-0.5676	0.3582	0.6760	0.3043	179.51	280.22	303.93
2026-03-15T22:24:58.0573890+08:00	0x08	-0.3749	0.5555	0.4298	0.6051	16.52	73.79	291.38
2026-03-15T22:24:58.0706043+08:00	0x09	-0.5674	0.3584	0.6759	0.3046	179.48	280.24	303.89
2026-03-15T22:24:58.1286894+08:00	0x09	-0.5674	0.3584	0.6759	0.3046	179.48	280.24	303.89
2026-03-15T22:24:58.1664502+08:00	0x08	-0.3747	0.5556	0.4297	0.6053	16.52	73.79	291.41
2026-03-15T22:24:58.1789295+08:00	0x09	-0.5673	0.3587	0.6757	0.3048	179.49	280.24	303.84
2026-03-15T22:24:58.2080599+08:00	0x05	-0.0337	-0.0124	-0.8158	-0.5772	109.48	3.97	1.07
2026-03-15T22:24:58.2324283+08:00	0x09	-0.5673	0.3588	0.6757	0.3047	179.52	280.22	303.84
2026-03-15T22:24:58.2634237+08:00	0x08	-0.3747	0.5555	0.4298	0.6052	16.56	73.75	291.39
2026-03-15T22:24:58.2834694+08:00	0x09	-0.5673	0.3588	0.6757	0.3047	179.52	280.22	303.84
2026-03-15T22:24:58.3357212+08:00	0x09	-0.5672	0.3590	0.6757	0.3047	179.53	280.23	303.82
2026-03-15T22:24:58.3754616+08:00	0x08	-0.3745	0.5556	0.4298	0.6053	16.57	73.75	291.42
2026-03-15T22:24:58.3965897+08:00	0x09	-0.5672	0.3590	0.6757	0.3047	179.53	280.23	303.82
2026-03-15T22:24:58.4343144+08:00	0x08	-0.3746	0.5554	0.4301	0.6052	16.65	73.68	291.39
2026-03-15T22:24:58.4469017+08:00	0x09	-0.5671	0.3590	0.6759	0.3046	179.52	280.26	303.83
2026-03-15T22:24:58.4995393+08:00	0x09	-0.5671	0.3590	0.6759	0.3046	179.52	280.26	303.83
2026-03-15T22:24:58.5294498+08:00	0x08	-0.3744	0.5554	0.4301	0.6052	16.68	73.67	291.40
2026-03-15T22:24:58.5550132+08:00	0x09	-0.5669	0.3589	0.6760	0.3047	179.49	280.30	303.83
2026-03-15T22:24:58.6136088+08:00	0x09	-0.5669	0.3589	0.6760	0.3047	179.49	280.30	303.83
2026-03-15T22:24:58.6253670+08:00	0x08	-0.3744	0.5554	0.4302	0.6052	16.70	73.65	291.40
2026-03-15T22:24:58.6535020+08:00	0x05	-0.0337	-0.0124	-0.8158	-0.5772	109.48	3.97	1.07
2026-03-15T22:24:58.6616877+08:00	0x09	-0.5667	0.3589	0.6761	0.3048	179.45	280.35	303.82
2026-03-15T22:24:58.7200570+08:00	0x09	-0.5667	0.3589	0.6760	0.3050	179.43	280.36	303.81
2026-03-15T22:24:58.7318057+08:00	0x08	-0.3742	0.5555	0.4303	0.6053	16.73	73.64	291.42
2026-03-15T22:24:58.7720477+08:00	0x09	-0.5667	0.3589	0.6760	0.3050	179.43	280.36	303.81
2026-03-15T22:24:58.8289189+08:00	0x09	-0.5667	0.3589	0.6760	0.3052	179.40	280.38	303.79
2026-03-15T22:24:58.8409021+08:00	0x08	-0.3741	0.5554	0.4303	0.6053	16.76	73.60	291.43
2026-03-15T22:24:58.8804579+08:00	0x09	-0.5667	0.3589	0.6760	0.3052	179.40	280.38	303.79
2026-03-15T22:24:58.9472610+08:00	0x09	-0.5666	0.3588	0.6760	0.3053	179.37	280.40	303.80
2026-03-15T22:24:58.9472610+08:00	0x08	-0.3742	0.5552	0.4304	0.6054	16.81	73.54	291.41
2026-03-15T22:24:58.9961023+08:00	0x09	-0.5666	0.3588	0.6760	0.3053	179.37	280.40	303.80
2026-03-15T22:24:59.0455304+08:00	0x09	-0.5666	0.3586	0.6761	0.3054	179.32	280.44	303.80
2026-03-15T22:24:59.0455304+08:00	0x08	-0.3743	0.5551	0.4303	0.6055	16.82	73.51	291.42
2026-03-15T22:24:59.1041222+08:00	0x09	-0.5666	0.3586	0.6761	0.3054	179.32	280.44	303.80
2026-03-15T22:24:59.1041222+08:00	0x05	-0.0337	-0.0124	-0.8158	-0.5772	109.48	3.97	1.07
2026-03-15T22:24:59.1657814+08:00	0x09	-0.5665	0.3585	0.6761	0.3056	179.27	280.47	303.79
2026-03-15T22:24:59.1657814+08:00	0x08	-0.3743	0.5549	0.4303	0.6056	16.84	73.47	291.41
2026-03-15T22:24:59.2077069+08:00	0x09	-0.5665	0.3585	0.6761	0.3056	179.27	280.47	303.79
2026-03-15T22:24:59.2581347+08:00	0x08	-0.3745	0.5547	0.4304	0.6056	16.88	73.41	291.38
2026-03-15T22:24:59.3156856+08:00	0x09	-0.5665	0.3582	0.6762	0.3060	179.18	280.53	303.79
2026-03-15T22:24:59.3156856+08:00	0x08	-0.3746	0.5547	0.4303	0.6057	16.86	73.42	291.39
2026-03-15T22:24:59.3601942+08:00	0x09	-0.5665	0.3582	0.6762	0.3060	179.18	280.53	303.79
2026-03-15T22:24:59.4130522+08:00	0x08	-0.3744	0.5548	0.4299	0.6060	16.79	73.46	291.45
2026-03-15T22:24:59.4237129+08:00	0x09	-0.5662	0.3578	0.6764	0.3062	179.07	280.63	303.81
2026-03-15T22:24:59.4695976+08:00	0x09	-0.5662	0.3578	0.6764	0.3062	179.07	280.63	303.81
2026-03-15T22:24:59.5255989+08:00	0x08	-0.3738	0.5553	0.4291	0.6065	16.65	73.59	291.58
2026-03-15T22:24:59.5255989+08:00	0x09	-0.5655	0.3576	0.6767	0.3071	178.84	280.85	303.76
2026-03-15T22:24:59.5567871+08:00	0x05	-0.0337	-0.0124	-0.8158	-0.5772	109.48	3.97	1.07
2026-03-15T22:24:59.5717467+08:00	0x09	-0.5655	0.3576	0.6767	0.3071	178.84	280.85	303.76
2026-03-15T22:24:59.6222102+08:00	0x08	-0.3736	0.5552	0.4288	0.6069	16.65	73.55	291.62
2026-03-15T22:24:59.6299693+08:00	0x09	-0.5651	0.3577	0.6767	0.3079	178.72	280.96	303.69
2026-03-15T22:24:59.6385217+08:00	0x09	-0.5651	0.3577	0.6767	0.3079	178.72	280.96	303.69
2026-03-15T22:24:59.6823331+08:00	0x09	-0.5651	0.3577	0.6767	0.3079	178.72	280.96	303.69
2026-03-15T22:24:59.7255057+08:00	0x08	-0.3735	0.5551	0.4286	0.6071	16.66	73.52	291.65
2026-03-15T22:24:59.7404666+08:00	0x09	-0.5650	0.3575	0.6767	0.3082	178.65	281.00	303.68
2026-03-15T22:24:59.7871763+08:00	0x09	-0.5650	0.3575	0.6767	0.3082	178.65	281.00	303.68
2026-03-15T22:24:59.8293736+08:00	0x08	-0.3734	0.5552	0.4284	0.6073	16.64	73.53	291.69
2026-03-15T22:24:59.8442615+08:00	0x09	-0.5650	0.3579	0.6764	0.3086	178.65	280.98	303.61
2026-03-15T22:24:59.9081615+08:00	0x09	-0.5652	0.3581	0.6761	0.3086	178.72	280.90	303.59
2026-03-15T22:24:59.9321466+08:00	0x08	-0.3737	0.5550	0.4286	0.6071	16.66	73.50	291.63
2026-03-15T22:24:59.9511689+08:00	0x09	-0.5652	0.3581	0.6761	0.3086	178.72	280.90	303.59
2026-03-15T22:25:00.0046327+08:00	0x09	-0.5657	0.3583	0.6758	0.3081	178.86	280.75	303.61
2026-03-15T22:25:00.0201170+08:00	0x05	-0.0337	-0.0124	-0.8158	-0.5772	109.48	3.97	1.07
2026-03-15T22:25:00.0380636+08:00	0x08	-0.3740	0.5549	0.4288	0.6069	16.65	73.51	291.58
2026-03-15T22:25:00.0578356+08:00	0x09	-0.5657	0.3583	0.6758	0.3081	178.86	280.75	303.61
2026-03-15T22:25:00.1201565+08:00	0x09	-0.5659	0.3585	0.6756	0.3079	178.95	280.66	303.61
2026-03-15T22:25:00.1422771+08:00	0x08	-0.3743	0.5548	0.4290	0.6067	16.66	73.51	291.54
2026-03-15T22:25:00.1686780+08:00	0x09	-0.5659	0.3585	0.6756	0.3079	178.95	280.66	303.61
2026-03-15T22:25:00.1969612+08:00	0x08	-0.3745	0.5547	0.4293	0.6065	16.70	73.48	291.50
2026-03-15T22:25:00.2240592+08:00	0x09	-0.5661	0.3585	0.6756	0.3075	179.01	280.61	303.64
2026-03-15T22:25:00.2734532+08:00	0x09	-0.5661	0.3585	0.6756	0.3075	179.01	280.61	303.64
2026-03-15T22:25:00.2973893+08:00	0x08	-0.3748	0.5546	0.4296	0.6062	16.72	73.48	291.44
2026-03-15T22:25:00.3355087+08:00	0x09	-0.5662	0.3585	0.6756	0.3073	179.04	280.58	303.66
2026-03-15T22:25:00.3819562+08:00	0x09	-0.5667	0.3581	0.6757	0.3067	179.11	280.51	303.75
2026-03-15T22:25:00.3998147+08:00	0x08	-0.3748	0.5544	0.4299	0.6061	16.80	73.40	291.41
2026-03-15T22:25:00.4403789+08:00	0x09	-0.5667	0.3581	0.6757	0.3067	179.11	280.51	303.75
2026-03-15T22:25:00.4682969+08:00	0x05	-0.0337	-0.0124	-0.8158	-0.5772	109.48	3.97	1.07
2026-03-15T22:25:00.4960869+08:00	0x09	-0.5666	0.3582	0.6756	0.3070	179.08	280.52	303.71
2026-03-15T22:25:00.5095670+08:00	0x08	-0.3745	0.5546	0.4295	0.6064	16.76	73.43	291.47
2026-03-15T22:25:00.5501644+08:00	0x09	-0.5666	0.3582	0.6756	0.3070	179.08	280.52	303.71
2026-03-15T22:25:00.6023545+08:00	0x09	-0.5662	0.3584	0.6755	0.3076	179.00	280.60	303.63
2026-03-15T22:25:00.6113267+08:00	0x08	-0.3740	0.5549	0.4290	0.6067	16.69	73.50	291.56
2026-03-15T22:25:00.6578758+08:00	0x09	-0.5662	0.3584	0.6755	0.3076	179.00	280.60	303.63
2026-03-15T22:25:00.7192606+08:00	0x09	-0.5659	0.3585	0.6755	0.3080	178.94	280.66	303.59
2026-03-15T22:25:00.7192606+08:00	0x08	-0.3739	0.5549	0.4290	0.6068	16.69	73.49	291.58
2026-03-15T22:25:00.7604402+08:00	0x09	-0.5659	0.3585	0.6755	0.3080	178.94	280.66	303.59
2026-03-15T22:25:00.8256684+08:00	0x09	-0.5656	0.3585	0.6757	0.3082	178.88	280.73	303.58
2026-03-15T22:25:00.8256684+08:00	0x08	-0.3739	0.5548	0.4291	0.6068	16.75	73.43	291.57
2026-03-15T22:25:00.8755368+08:00	0x09	-0.5653	0.3584	0.6760	0.3082	178.81	280.82	303.59
2026-03-15T22:25:00.9257201+08:00	0x05	-0.0336	-0.0124	-0.8158	-0.5772	109.48	3.97	1.06
2026-03-15T22:25:00.9257201+08:00	0x08	-0.3737	0.5547	0.4291	0.6070	16.80	73.39	291.60
2026-03-15T22:25:00.9357026+08:00	0x09	-0.5653	0.3584	0.6760	0.3082	178.81	280.82	303.59
2026-03-15T22:25:00.9745900+08:00	0x09	-0.5649	0.3583	0.6762	0.3085	178.72	280.93	303.57
2026-03-15T22:25:01.0204574+08:00	0x08	-0.3734	0.5546	0.4293	0.6072	16.89	73.29	291.62
2026-03-15T22:25:01.0412411+08:00	0x09	-0.5649	0.3583	0.6762	0.3085	178.72	280.93	303.57
2026-03-15T22:25:01.0771817+08:00	0x08	-0.3734	0.5546	0.4293	0.6072	16.93	73.27	291.62
2026-03-15T22:25:01.0881557+08:00	0x09	-0.5646	0.3583	0.6764	0.3087	178.65	281.02	303.56
2026-03-15T22:25:01.1478568+08:00	0x09	-0.5646	0.3583	0.6764	0.3087	178.65	281.02	303.56
2026-03-15T22:25:01.1920222+08:00	0x08	-0.3733	0.5546	0.4294	0.6072	16.93	73.27	291.62
2026-03-15T22:25:01.1920222+08:00	0x09	-0.5644	0.3581	0.6767	0.3088	178.58	281.10	303.57
2026-03-15T22:25:01.2477182+08:00	0x09	-0.5644	0.3581	0.6767	0.3088	178.58	281.10	303.57
2026-03-15T22:25:01.2896278+08:00	0x08	-0.3731	0.5548	0.4293	0.6072	16.92	73.30	291.65
2026-03-15T22:25:01.3075580+08:00	0x09	-0.5641	0.3583	0.6767	0.3090	178.55	281.14	303.53
2026-03-15T22:25:01.3562964+08:00	0x09	-0.5641	0.3583	0.6767	0.3090	178.55	281.14	303.53
2026-03-15T22:25:01.3782351+08:00	0x05	-0.0337	-0.0125	-0.8158	-0.5772	109.48	3.97	1.06
2026-03-15T22:25:01.3892089+08:00	0x08	-0.3732	0.5544	0.4298	0.6072	17.09	73.14	291.60
2026-03-15T22:25:01.4544025+08:00	0x09	-0.5640	0.3581	0.6769	0.3090	178.51	281.19	303.56
2026-03-15T22:25:01.5018012+08:00	0x08	-0.3728	0.5546	0.4295	0.6074	17.05	73.18	291.67
2026-03-15T22:25:01.5167596+08:00	0x09	-0.5640	0.3581	0.6769	0.3090	178.51	281.19	303.56
2026-03-15T22:25:01.5751985+08:00	0x09	-0.5637	0.3582	0.6771	0.3091	178.48	281.26	303.54
2026-03-15T22:25:01.5951362+08:00	0x08	-0.3728	0.5546	0.4296	0.6074	17.08	73.15	291.66
2026-03-15T22:25:01.6310624+08:00	0x09	-0.5637	0.3582	0.6771	0.3091	178.48	281.26	303.54
2026-03-15T22:25:01.6766727+08:00	0x09	-0.5636	0.3584	0.6772	0.3088	178.52	281.25	303.54
2026-03-15T22:25:01.7011008+08:00	0x08	-0.3730	0.5544	0.4300	0.6071	17.13	73.12	291.62
2026-03-15T22:25:01.7310084+08:00	0x09	-0.5636	0.3584	0.6772	0.3088	178.52	281.25	303.54
2026-03-15T22:25:01.7824886+08:00	0x09	-0.5636	0.3587	0.6771	0.3086	178.58	281.22	303.53
2026-03-15T22:25:01.8060962+08:00	0x08	-0.3726	0.5547	0.4297	0.6073	17.09	73.17	291.68
2026-03-15T22:25:01.8290343+08:00	0x05	-0.0337	-0.0125	-0.8158	-0.5772	109.48	3.97	1.06
2026-03-15T22:25:01.8360168+08:00	0x09	-0.5636	0.3587	0.6771	0.3086	178.58	281.22	303.53
2026-03-15T22:25:01.8878677+08:00	0x09	-0.5634	0.3594	0.6768	0.3089	178.63	281.19	303.43
2026-03-15T22:25:01.9087664+08:00	0x08	-0.3723	0.5550	0.4296	0.6074	17.06	73.22	291.71
2026-03-15T22:25:01.9446700+08:00	0x09	-0.5634	0.3594	0.6768	0.3089	178.63	281.19	303.43
2026-03-15T22:25:01.9596297+08:00	0x08	-0.3722	0.5552	0.4294	0.6073	17.01	73.30	291.73
2026-03-15T22:25:02.0447388+08:00	0x09	-0.5631	0.3601	0.6765	0.3092	178.67	281.17	303.33
2026-03-15T22:25:02.0666799+08:00	0x08	-0.3718	0.5556	0.4291	0.6074	16.95	73.38	291.80
2026-03-15T22:25:02.1015865+08:00	0x09	-0.5631	0.3601	0.6765	0.3092	178.67	281.17	303.33
2026-03-15T22:25:02.1556276+08:00	0x09	-0.5628	0.3603	0.6765	0.3094	178.64	281.22	303.30
2026-03-15T22:25:02.1740111+08:00	0x08	-0.3716	0.5557	0.4291	0.6075	16.96	73.38	291.83
2026-03-15T22:25:02.2095971+08:00	0x09	-0.5628	0.3603	0.6765	0.3094	178.64	281.22	303.30
2026-03-15T22:25:02.2686805+08:00	0x09	-0.5626	0.3604	0.6766	0.3094	178.62	281.26	303.29
2026-03-15T22:25:02.2794541+08:00	0x08	-0.3714	0.5557	0.4292	0.6075	16.99	73.35	291.84
2026-03-15T22:25:02.2794541+08:00	0x05	-0.0337	-0.0125	-0.8158	-0.5772	109.48	3.97	1.06
2026-03-15T22:25:02.3158717+08:00	0x09	-0.5626	0.3604	0.6766	0.3094	178.62	281.26	303.29
2026-03-15T22:25:02.3737972+08:00	0x09	-0.5624	0.3604	0.6768	0.3095	178.58	281.32	303.29
2026-03-15T22:25:02.3817783+08:00	0x08	-0.3713	0.5556	0.4292	0.6076	17.02	73.32	291.85
2026-03-15T22:25:02.4217956+08:00	0x09	-0.5624	0.3604	0.6768	0.3095	178.58	281.32	303.29
2026-03-15T22:25:02.4823123+08:00	0x09	-0.5622	0.3602	0.6770	0.3097	178.51	281.38	303.29
2026-03-15T22:25:02.4823123+08:00	0x08	-0.3711	0.5558	0.4289	0.6078	16.97	73.37	291.90
2026-03-15T22:25:02.5355794+08:00	0x09	-0.5618	0.3605	0.6769	0.3103	178.43	281.47	303.21
2026-03-15T22:25:02.5905007+08:00	0x09	-0.5618	0.3605	0.6769	0.3103	178.43	281.47	303.21
2026-03-15T22:25:02.5994765+08:00	0x08	-0.3714	0.5556	0.4291	0.6076	17.00	73.33	291.84
2026-03-15T22:25:02.6379207+08:00	0x09	-0.5622	0.3601	0.6769	0.3100	178.47	281.40	303.28
2026-03-15T22:25:02.6955326+08:00	0x08	-0.3718	0.5552	0.4293	0.6076	17.04	73.26	291.80
2026-03-15T22:25:02.7048605+08:00	0x09	-0.5622	0.3601	0.6769	0.3100	178.47	281.40	303.28
2026-03-15T22:25:02.7305442+08:00	0x05	-0.0337	-0.0125	-0.8158	-0.5772	109.48	3.97	1.06
2026-03-15T22:25:02.7503301+08:00	0x09	-0.5622	0.3600	0.6768	0.3102	178.43	281.42	303.27
2026-03-15T22:25:02.7921597+08:00	0x08	-0.3719	0.5549	0.4293	0.6078	17.11	73.16	291.79
2026-03-15T22:25:02.8174793+08:00	0x09	-0.5622	0.3600	0.6768	0.3102	178.43	281.42	303.27
2026-03-15T22:25:02.8524166+08:00	0x08	-0.3721	0.5546	0.4294	0.6079	17.16	73.07	291.76
2026-03-15T22:25:02.8683620+08:00	0x09	-0.5623	0.3597	0.6769	0.3103	178.38	281.44	303.29
2026-03-15T22:25:02.9152957+08:00	0x09	-0.5623	0.3597	0.6769	0.3103	178.38	281.44	303.29
2026-03-15T22:25:02.9539284+08:00	0x08	-0.3722	0.5544	0.4294	0.6081	17.19	73.01	291.76
2026-03-15T22:25:02.9743913+08:00	0x09	-0.5625	0.3593	0.6770	0.3102	178.35	281.44	303.33
2026-03-15T22:25:03.0212644+08:00	0x09	-0.5625	0.3593	0.6770	0.3102	178.35	281.44	303.33
2026-03-15T22:25:03.0591873+08:00	0x08	-0.3725	0.5540	0.4296	0.6081	17.24	72.93	291.72
2026-03-15T22:25:03.1225585+08:00	0x09	-0.5624	0.3587	0.6772	0.3105	178.22	281.54	303.38
2026-03-15T22:25:03.1621713+08:00	0x08	-0.3725	0.5538	0.4296	0.6083	17.30	72.86	291.73
2026-03-15T22:25:03.1721570+08:00	0x09	-0.5624	0.3587	0.6772	0.3105	178.22	281.54	303.38
2026-03-15T22:25:03.1920915+08:00	0x05	-0.0337	-0.0124	-0.8158	-0.5772	109.48	3.97	1.07
2026-03-15T22:25:03.2394316+08:00	0x09	-0.5623	0.3585	0.6773	0.3107	178.16	281.58	303.37
2026-03-15T22:25:03.2630862+08:00	0x08	-0.3727	0.5536	0.4297	0.6082	17.33	72.81	291.69
2026-03-15T22:25:03.2880153+08:00	0x09	-0.5623	0.3585	0.6773	0.3107	178.16	281.58	303.37
2026-03-15T22:25:03.3386262+08:00	0x09	-0.5622	0.3582	0.6774	0.3110	178.07	281.66	303.39
2026-03-15T22:25:03.3692875+08:00	0x08	-0.3730	0.5539	0.4297	0.6078	17.21	72.95	291.65
2026-03-15T22:25:03.3972103+08:00	0x09	-0.5622	0.3582	0.6774	0.3110	178.07	281.66	303.39
2026-03-15T22:25:03.4424925+08:00	0x09	-0.5621	0.3580	0.6775	0.3112	177.99	281.72	303.39
2026-03-15T22:25:03.4741174+08:00	0x08	-0.3732	0.5537	0.4299	0.6078	17.26	72.89	291.62
2026-03-15T22:25:03.5050607+08:00	0x09	-0.5621	0.3580	0.6775	0.3112	177.99	281.72	303.39
2026-03-15T22:25:03.5496599+08:00	0x09	-0.5620	0.3580	0.6776	0.3112	177.99	281.74	303.38
2026-03-15T22:25:03.5775947+08:00	0x08	-0.3732	0.5535	0.4300	0.6079	17.32	72.83	291.62
2026-03-15T22:25:03.6074716+08:00	0x09	-0.5620	0.3580	0.6776	0.3112	177.99	281.74	303.38
2026-03-15T22:25:03.6424113+08:00	0x05	-0.0337	-0.0125	-0.8158	-0.5772	109.48	3.97	1.06
2026-03-15T22:25:03.6763808+08:00	0x08	-0.3733	0.5535	0.4301	0.6077	17.32	72.83	291.59
2026-03-15T22:25:03.7132589+08:00	0x09	-0.5618	0.3585	0.6775	0.3114	178.01	281.74	303.33
2026-03-15T22:25:03.7322249+08:00	0x08	-0.3731	0.5538	0.4298	0.6078	17.23	72.93	291.64
2026-03-15T22:25:03.7607352+08:00	0x09	-0.5618	0.3585	0.6775	0.3114	178.01	281.74	303.33
2026-03-15T22:25:03.8185737+08:00	0x09	-0.5617	0.3588	0.6773	0.3116	178.01	281.73	303.27
2026-03-15T22:25:03.8405167+08:00	0x08	-0.3730	0.5539	0.4297	0.6078	17.20	72.96	291.65
2026-03-15T22:25:03.8712790+08:00	0x09	-0.5617	0.3588	0.6773	0.3116	178.01	281.73	303.27
2026-03-15T22:25:03.9254402+08:00	0x09	-0.5618	0.3591	0.6769	0.3118	178.05	281.67	303.22
2026-03-15T22:25:03.9403592+08:00	0x08	-0.3727	0.5542	0.4294	0.6079	17.14	73.03	291.71
2026-03-15T22:25:03.9782576+08:00	0x09	-0.5618	0.3591	0.6769	0.3118	178.05	281.67	303.22
2026-03-15T22:25:04.0292393+08:00	0x09	-0.5619	0.3594	0.6766	0.3120	178.09	281.61	303.18
2026-03-15T22:25:04.0518078+08:00	0x08	-0.3729	0.5542	0.4294	0.6078	17.11	73.06	291.68
2026-03-15T22:25:04.0867147+08:00	0x09	-0.5619	0.3594	0.6766	0.3120	178.09	281.61	303.18
2026-03-15T22:25:04.0935176+08:00	0x05	-0.0337	-0.0125	-0.8158	-0.5772	109.48	3.97	1.06
2026-03-15T22:25:04.1455551+08:00	0x09	-0.5621	0.3595	0.6764	0.3119	178.14	281.55	303.18
2026-03-15T22:25:04.1455551+08:00	0x08	-0.3730	0.5543	0.4294	0.6076	17.05	73.12	291.67
2026-03-15T22:25:04.1977000+08:00	0x09	-0.5621	0.3596	0.6763	0.3119	178.15	281.54	303.17
2026-03-15T22:25:04.2571105+08:00	0x09	-0.5621	0.3596	0.6763	0.3119	178.15	281.54	303.17
2026-03-15T22:25:04.2571105+08:00	0x08	-0.3731	0.5545	0.4293	0.6075	16.99	73.20	291.66
2026-03-15T22:25:04.3106534+08:00	0x09	-0.5621	0.3595	0.6764	0.3118	178.15	281.55	303.18
2026-03-15T22:25:04.3676949+08:00	0x08	-0.3732	0.5546	0.4292	0.6074	16.93	73.26	291.65
2026-03-15T22:25:04.3686929+08:00	0x09	-0.5621	0.3595	0.6764	0.3118	178.15	281.55	303.18
2026-03-15T22:25:04.4104681+08:00	0x09	-0.5620	0.3599	0.6763	0.3119	178.18	281.53	303.13
2026-03-15T22:25:04.4673862+08:00	0x08	-0.3735	0.5545	0.4294	0.6071	16.92	73.28	291.59
2026-03-15T22:25:04.4809483+08:00	0x09	-0.5620	0.3599	0.6763	0.3119	178.18	281.53	303.13
2026-03-15T22:25:04.5178806+08:00	0x09	-0.5623	0.3599	0.6761	0.3117	178.25	281.45	303.16
2026-03-15T22:25:04.5651571+08:00	0x05	-0.0337	-0.0125	-0.8158	-0.5772	109.48	3.97	1.06
2026-03-15T22:25:04.5651571+08:00	0x08	-0.3735	0.5548	0.4292	0.6071	16.83	73.36	291.61
2026-03-15T22:25:04.5751325+08:00	0x09	-0.5623	0.3599	0.6761	0.3117	178.25	281.45	303.16
2026-03-15T22:25:04.6257909+08:00	0x08	-0.3737	0.5548	0.4291	0.6070	16.80	73.39	291.60
2026-03-15T22:25:04.6257909+08:00	0x09	-0.5624	0.3601	0.6759	0.3118	178.28	281.40	303.13
2026-03-15T22:25:04.6838182+08:00	0x09	-0.5624	0.3601	0.6759	0.3118	178.28	281.40	303.13
2026-03-15T22:25:04.7249869+08:00	0x08	-0.3739	0.5547	0.4291	0.6069	16.77	73.41	291.57
2026-03-15T22:25:04.7374727+08:00	0x09	-0.5627	0.3601	0.6756	0.3118	178.32	281.33	303.13
2026-03-15T22:25:04.7884838+08:00	0x09	-0.5629	0.3601	0.6755	0.3118	178.34	281.28	303.13
2026-03-15T22:25:04.8239720+08:00	0x08	-0.3723	0.5546	0.4294	0.6078	17.12	73.11	291.74
2026-03-15T22:25:04.8389328+08:00	0x09	-0.5629	0.3601	0.6755	0.3118	178.34	281.28	303.13
2026-03-15T22:25:04.8957798+08:00	0x09	-0.5631	0.3600	0.6754	0.3117	178.36	281.25	303.14
2026-03-15T22:25:04.9274633+08:00	0x08	-0.3732	0.5548	0.4291	0.6073	16.88	73.33	291.66
2026-03-15T22:25:04.9542205+08:00	0x09	-0.5631	0.3600	0.6754	0.3117	178.36	281.25	303.14
2026-03-15T22:25:05.0050884+08:00	0x09	-0.5632	0.3601	0.6751	0.3120	178.35	281.23	303.11
2026-03-15T22:25:05.0140562+08:00	0x05	-0.0337	-0.0124	-0.8158	-0.5772	109.48	3.97	1.07
2026-03-15T22:25:05.0321853+08:00	0x08	-0.3743	0.5547	0.4289	0.6068	16.66	73.48	291.55
2026-03-15T22:25:05.0600501+08:00	0x09	-0.5632	0.3601	0.6751	0.3120	178.35	281.23	303.11
2026-03-15T22:25:05.1163764+08:00	0x09	-0.5634	0.3600	0.6750	0.3120	178.37	281.18	303.11
2026-03-15T22:25:05.1352715+08:00	0x08	-0.3747	0.5546	0.4290	0.6066	16.61	73.52	291.50
2026-03-15T22:25:05.1702173+08:00	0x09	-0.5634	0.3600	0.6750	0.3120	178.37	281.18	303.11
2026-03-15T22:25:05.2176573+08:00	0x09	-0.5637	0.3600	0.6748	0.3118	178.44	281.10	303.13
2026-03-15T22:25:05.2486098+08:00	0x08	-0.3747	0.5547	0.4289	0.6066	16.59	73.55	291.50
2026-03-15T22:25:05.2773813+08:00	0x09	-0.5636	0.3603	0.6747	0.3120	178.44	281.10	303.09
2026-03-15T22:25:05.3305650+08:00	0x09	-0.5636	0.3603	0.6747	0.3120	178.44	281.10	303.09
2026-03-15T22:25:05.3497138+08:00	0x08	-0.3746	0.5547	0.4290	0.6066	16.64	73.51	291.51
2026-03-15T22:25:05.3804182+08:00	0x09	-0.5635	0.3604	0.6747	0.3121	178.43	281.12	303.07
2026-03-15T22:25:05.4309768+08:00	0x09	-0.5635	0.3604	0.6747	0.3121	178.43	281.12	303.07
2026-03-15T22:25:05.4505824+08:00	0x08	-0.3747	0.5546	0.4292	0.6065	16.67	73.48	291.48
2026-03-15T22:25:05.4673064+08:00	0x05	-0.0336	-0.0124	-0.8158	-0.5772	109.48	3.97	1.06
2026-03-15T22:25:05.4918957+08:00	0x09	-0.5634	0.3605	0.6748	0.3118	178.46	281.11	303.08
2026-03-15T22:25:05.5113579+08:00	0x08	-0.3743	0.5548	0.4290	0.6067	16.65	73.51	291.54
2026-03-15T22:25:05.5402808+08:00	0x09	-0.5634	0.3605	0.6748	0.3118	178.46	281.11	303.08
2026-03-15T22:25:05.5985751+08:00	0x09	-0.5632	0.3608	0.6748	0.3119	178.47	281.13	303.04
2026-03-15T22:25:05.6095483+08:00	0x08	-0.3740	0.5548	0.4290	0.6068	16.69	73.49	291.56
2026-03-15T22:25:05.6473676+08:00	0x09	-0.5632	0.3608	0.6748	0.3119	178.47	281.13	303.04
2026-03-15T22:25:05.7064038+08:00	0x09	-0.5628	0.3613	0.6747	0.3122	178.46	281.17	302.97
2026-03-15T22:25:05.7163745+08:00	0x08	-0.3739	0.5550	0.4289	0.6067	16.66	73.54	291.58
2026-03-15T22:25:05.7643852+08:00	0x09	-0.5628	0.3613	0.6747	0.3122	178.46	281.17	302.97
2026-03-15T22:25:05.8164795+08:00	0x08	-0.3739	0.5550	0.4292	0.6066	16.71	73.50	291.56
2026-03-15T22:25:05.8591549+08:00	0x09	-0.5624	0.3616	0.6750	0.3121	178.46	281.24	302.95
2026-03-15T22:25:05.9233448+08:00	0x05	-0.0336	-0.0124	-0.8158	-0.5772	109.48	3.97	1.06
2026-03-15T22:25:05.9233448+08:00	0x09	-0.5624	0.3616	0.6750	0.3121	178.46	281.24	302.95
2026-03-15T22:25:05.9233448+08:00	0x08	-0.3735	0.5551	0.4290	0.6068	16.72	73.50	291.62
2026-03-15T22:25:05.9702255+08:00	0x09	-0.5620	0.3618	0.6750	0.3124	178.42	281.30	302.90
2026-03-15T22:25:06.0301303+08:00	0x09	-0.5620	0.3618	0.6750	0.3124	178.42	281.30	302.90
2026-03-15T22:25:06.0381092+08:00	0x08	-0.3733	0.5552	0.4291	0.6069	16.76	73.48	291.64
2026-03-15T22:25:06.0740116+08:00	0x09	-0.5618	0.3618	0.6752	0.3124	178.38	281.36	302.91
2026-03-15T22:25:06.1248757+08:00	0x08	-0.3730	0.5551	0.4291	0.6071	16.82	73.42	291.67
2026-03-15T22:25:06.1335376+08:00	0x09	-0.5618	0.3618	0.6752	0.3124	178.38	281.36	302.91
2026-03-15T22:25:06.1874261+08:00	0x09	-0.5615	0.3618	0.6753	0.3126	178.32	281.43	302.89
2026-03-15T22:25:06.2363840+08:00	0x08	-0.3726	0.5553	0.4290	0.6072	16.83	73.43	291.72
2026-03-15T22:25:06.2483513+08:00	0x09	-0.5615	0.3618	0.6753	0.3126	178.32	281.43	302.89
2026-03-15T22:25:06.2907086+08:00	0x09	-0.5612	0.3619	0.6754	0.3129	178.27	281.49	302.86
2026-03-15T22:25:06.3328183+08:00	0x08	-0.3726	0.5553	0.4291	0.6071	16.85	73.43	291.71
2026-03-15T22:25:06.3485025+08:00	0x09	-0.5612	0.3619	0.6754	0.3129	178.27	281.49	302.86
2026-03-15T22:25:06.3664503+08:00	0x05	-0.0337	-0.0124	-0.8158	-0.5772	109.48	3.97	1.07
2026-03-15T22:25:06.3945969+08:00	0x08	-0.3725	0.5553	0.4292	0.6072	16.89	73.39	291.71
2026-03-15T22:25:06.4564288+08:00	0x09	-0.5611	0.3621	0.6753	0.3132	178.24	281.51	302.81
2026-03-15T22:25:06.5082500+08:00	0x08	-0.3719	0.5557	0.4288	0.6075	16.84	73.46	291.81
2026-03-15T22:25:06.5082500+08:00	0x09	-0.5611	0.3621	0.6753	0.3132	178.24	281.51	302.81
2026-03-15T22:25:06.5582750+08:00	0x09	-0.5608	0.3623	0.6752	0.3135	178.19	281.57	302.76
2026-03-15T22:25:06.5973579+08:00	0x08	-0.3720	0.5556	0.4290	0.6073	16.89	73.42	291.78
2026-03-15T22:25:06.6113162+08:00	0x09	-0.5608	0.3623	0.6752	0.3135	178.19	281.57	302.76
2026-03-15T22:25:06.6653239+08:00	0x09	-0.5610	0.3621	0.6753	0.3132	178.23	281.53	302.81
2026-03-15T22:25:06.6978773+08:00	0x08	-0.3722	0.5554	0.4293	0.6072	16.95	73.37	291.74
2026-03-15T22:25:06.7281351+08:00	0x09	-0.5610	0.3621	0.6753	0.3132	178.23	281.53	302.81
2026-03-15T22:25:06.7732946+08:00	0x09	-0.5612	0.3620	0.6753	0.3129	178.28	281.48	302.84
2026-03-15T22:25:06.8012496+08:00	0x08	-0.3722	0.5555	0.4293	0.6072	16.93	73.38	291.74
2026-03-15T22:25:06.8208696+08:00	0x05	-0.0337	-0.0124	-0.8158	-0.5772	109.48	3.97	1.07
2026-03-15T22:25:06.8288492+08:00	0x09	-0.5612	0.3620	0.6753	0.3129	178.28	281.48	302.84
2026-03-15T22:25:06.8937318+08:00	0x09	-0.5614	0.3620	0.6752	0.3129	178.30	281.45	302.85
2026-03-15T22:25:06.9091842+08:00	0x08	-0.3722	0.5554	0.4293	0.6072	16.93	73.38	291.74
2026-03-15T22:25:06.9446890+08:00	0x09	-0.5615	0.3619	0.6752	0.3128	178.31	281.43	302.87
2026-03-15T22:25:06.9963821+08:00	0x09	-0.5615	0.3619	0.6752	0.3128	178.31	281.43	302.87
2026-03-15T22:25:07.0163830+08:00	0x08	-0.3722	0.5554	0.4291	0.6073	16.91	73.38	291.76
2026-03-15T22:25:07.0468328+08:00	0x09	-0.5617	0.3618	0.6751	0.3128	178.33	281.39	302.87
2026-03-15T22:25:07.0959925+08:00	0x09	-0.5617	0.3618	0.6751	0.3128	178.33	281.39	302.87
2026-03-15T22:25:07.1169302+08:00	0x08	-0.3718	0.5557	0.4287	0.6076	16.83	73.47	291.83
2026-03-15T22:25:07.1554182+08:00	0x09	-0.5615	0.3618	0.6752	0.3131	178.26	281.45	302.85
2026-03-15T22:25:07.2057278+08:00	0x09	-0.5615	0.3618	0.6752	0.3131	178.26	281.45	302.85
2026-03-15T22:25:07.2231041+08:00	0x08	-0.3718	0.5557	0.4286	0.6077	16.83	73.46	291.84
2026-03-15T22:25:07.2599997+08:00	0x09	-0.5614	0.3617	0.6753	0.3131	178.23	281.49	302.86
2026-03-15T22:25:07.2793182+08:00	0x05	-0.0337	-0.0125	-0.8158	-0.5772	109.48	3.97	1.06
2026-03-15T22:25:07.2793182+08:00	0x08	-0.3718	0.5550	0.4293	0.6078	17.09	73.19	291.80
2026-03-15T22:25:07.3142250+08:00	0x09	-0.5614	0.3617	0.6753	0.3131	178.23	281.49	302.86
2026-03-15T22:25:07.3700777+08:00	0x09	-0.5615	0.3611	0.6757	0.3127	178.20	281.52	302.95
2026-03-15T22:25:07.3790527+08:00	0x08	-0.3711	0.5554	0.4288	0.6082	17.05	73.23	291.91
2026-03-15T22:25:07.4270838+08:00	0x09	-0.5615	0.3611	0.6757	0.3127	178.20	281.52	302.95
2026-03-15T22:25:07.4766768+08:00	0x08	-0.3711	0.5552	0.4290	0.6083	17.11	73.17	291.91
2026-03-15T22:25:07.5276971+08:00	0x09	-0.5602	0.3611	0.6764	0.3135	177.95	281.85	302.89
2026-03-15T22:25:07.5855449+08:00	0x09	-0.5602	0.3611	0.6764	0.3135	177.95	281.85	302.89
2026-03-15T22:25:07.5855449+08:00	0x08	-0.3710	0.5551	0.4293	0.6082	17.19	73.11	291.89
2026-03-15T22:25:07.6314546+08:00	0x09	-0.5598	0.3611	0.6767	0.3136	177.89	281.95	302.88
2026-03-15T22:25:07.6884954+08:00	0x09	-0.5598	0.3611	0.6767	0.3136	177.89	281.95	302.88
2026-03-15T22:25:07.6974802+08:00	0x08	-0.3706	0.5553	0.4291	0.6085	17.21	73.10	291.96
2026-03-15T22:25:07.7343578+08:00	0x05	-0.0337	-0.0125	-0.8158	-0.5772	109.48	3.97	1.06
2026-03-15T22:25:07.7343578+08:00	0x09	-0.5593	0.3616	0.6767	0.3139	177.84	282.03	302.80
2026-03-15T22:25:07.7914870+08:00	0x08	-0.3702	0.5553	0.4290	0.6087	17.26	73.06	292.00
2026-03-15T22:25:07.7991975+08:00	0x09	-0.5593	0.3616	0.6767	0.3139	177.84	282.03	302.80
2026-03-15T22:25:07.8470760+08:00	0x09	-0.5590	0.3619	0.6767	0.3140	177.84	282.06	302.76
2026-03-15T22:25:07.8959339+08:00	0x08	-0.3701	0.5553	0.4291	0.6087	17.28	73.05	292.01
2026-03-15T22:25:07.9059089+08:00	0x09	-0.5590	0.3619	0.6767	0.3140	177.84	282.06	302.76
2026-03-15T22:25:07.9563175+08:00	0x09	-0.5587	0.3621	0.6768	0.3141	177.83	282.11	302.74
2026-03-15T22:25:08.0005017+08:00	0x08	-0.3699	0.5551	0.4294	0.6088	17.41	72.93	292.01
2026-03-15T22:25:08.0122094+08:00	0x09	-0.5587	0.3621	0.6768	0.3141	177.83	282.11	302.74
2026-03-15T22:25:08.1008762+08:00	0x08	-0.3699	0.5551	0.4294	0.6088	17.43	72.92	292.01
2026-03-15T22:25:08.1191179+08:00	0x09	-0.5588	0.3617	0.6773	0.3134	177.85	282.12	302.85
2026-03-15T22:25:08.1589968+08:00	0x08	-0.3697	0.5553	0.4294	0.6088	17.41	72.95	292.03
2026-03-15T22:25:08.1789430+08:00	0x09	-0.5588	0.3617	0.6773	0.3134	177.85	282.12	302.85
2026-03-15T22:25:08.1789430+08:00	0x05	-0.0336	-0.0124	-0.8158	-0.5772	109.48	3.97	1.06
2026-03-15T22:25:08.2194989+08:00	0x09	-0.5588	0.3618	0.6772	0.3134	177.87	282.10	302.83
2026-03-15T22:25:08.2738095+08:00	0x08	-0.3699	0.5551	0.4298	0.6086	17.50	72.88	291.98
2026-03-15T22:25:08.2738095+08:00	0x09	-0.5588	0.3618	0.6772	0.3134	177.87	282.10	302.83
2026-03-15T22:25:08.3356453+08:00	0x09	-0.5590	0.3618	0.6771	0.3133	177.91	282.06	302.84
2026-03-15T22:25:08.3665609+08:00	0x08	-0.3700	0.5552	0.4298	0.6083	17.44	72.95	291.95
2026-03-15T22:25:08.3885010+08:00	0x09	-0.5590	0.3618	0.6771	0.3133	177.91	282.06	302.84
2026-03-15T22:25:08.4345669+08:00	0x09	-0.5592	0.3619	0.6769	0.3132	177.96	281.99	302.84
2026-03-15T22:25:08.4744578+08:00	0x08	-0.3701	0.5553	0.4296	0.6083	17.37	73.01	291.96
2026-03-15T22:25:08.4957037+08:00	0x09	-0.5592	0.3619	0.6769	0.3132	177.96	281.99	302.84
2026-03-15T22:25:08.5435363+08:00	0x09	-0.5593	0.3624	0.6766	0.3133	178.03	281.92	302.78
2026-03-15T22:25:08.5754509+08:00	0x08	-0.3700	0.5556	0.4293	0.6083	17.26	73.12	291.99
2026-03-15T22:25:08.5973931+08:00	0x09	-0.5593	0.3624	0.6766	0.3133	178.03	281.92	302.78
2026-03-15T22:25:08.6323781+08:00	0x05	-0.0336	-0.0124	-0.8158	-0.5772	109.48	3.97	1.06
2026-03-15T22:25:08.6473388+08:00	0x09	-0.5592	0.3627	0.6763	0.3136	178.04	281.89	302.72
2026-03-15T22:25:08.6754863+08:00	0x08	-0.3702	0.5554	0.4295	0.6083	17.33	73.04	291.95
2026-03-15T22:25:08.7025306+08:00	0x09	-0.5594	0.3629	0.6760	0.3135	178.11	281.82	302.70
2026-03-15T22:25:08.7611554+08:00	0x09	-0.5594	0.3629	0.6760	0.3135	178.11	281.82	302.70
2026-03-15T22:25:08.7786734+08:00	0x08	-0.3701	0.5556	0.4293	0.6084	17.25	73.12	291.99
2026-03-15T22:25:08.8164450+08:00	0x09	-0.5593	0.3632	0.6758	0.3139	178.09	281.82	302.64
2026-03-15T22:25:08.8733450+08:00	0x09	-0.5593	0.3632	0.6758	0.3139	178.09	281.82	302.64
2026-03-15T22:25:08.8826543+08:00	0x08	-0.3701	0.5558	0.4290	0.6084	17.17	73.20	292.00
2026-03-15T22:25:08.9214096+08:00	0x09	-0.5593	0.3634	0.6756	0.3142	178.09	281.80	302.60
2026-03-15T22:25:08.9894274+08:00	0x09	-0.5593	0.3634	0.6756	0.3142	178.09	281.80	302.60
2026-03-15T22:25:08.9894274+08:00	0x08	-0.3702	0.5559	0.4288	0.6083	17.09	73.28	292.01
2026-03-15T22:25:09.0315168+08:00	0x09	-0.5594	0.3635	0.6754	0.3144	178.09	281.78	302.57
2026-03-15T22:25:09.0495363+08:00	0x08	-0.3703	0.5559	0.4288	0.6083	17.08	73.28	292.00
2026-03-15T22:25:09.0841219+08:00	0x09	-0.5594	0.3635	0.6754	0.3144	178.09	281.78	302.57
2026-03-15T22:25:09.0940245+08:00	0x05	-0.0336	-0.0124	-0.8158	-0.5772	109.48	3.97	1.06
2026-03-15T22:25:09.1455430+08:00	0x09	-0.5595	0.3636	0.6753	0.3143	178.12	281.75	302.57
2026-03-15T22:25:09.1455430+08:00	0x08	-0.3704	0.5559	0.4288	0.6082	17.06	73.29	291.99
2026-03-15T22:25:09.1954563+08:00	0x09	-0.5595	0.3636	0.6753	0.3143	178.11	281.76	302.57
2026-03-15T22:25:09.2464601+08:00	0x09	-0.5595	0.3636	0.6753	0.3143	178.11	281.76	302.57
2026-03-15T22:25:09.2564490+08:00	0x08	-0.3707	0.5560	0.4287	0.6080	16.96	73.38	291.96
2026-03-15T22:25:09.2953306+08:00	0x09	-0.5594	0.3636	0.6754	0.3143	178.10	281.78	302.57
2026-03-15T22:25:09.3593453+08:00	0x09	-0.5594	0.3636	0.6754	0.3143	178.10	281.78	302.57
2026-03-15T22:25:09.3593453+08:00	0x08	-0.3708	0.5560	0.4286	0.6080	16.92	73.41	291.95
2026-03-15T22:25:09.4062184+08:00	0x09	-0.5595	0.3635	0.6753	0.3144	178.10	281.76	302.57
2026-03-15T22:25:09.4557884+08:00	0x08	-0.3707	0.5560	0.4284	0.6082	16.90	73.42	291.98
2026-03-15T22:25:09.4727420+08:00	0x09	-0.5595	0.3635	0.6753	0.3144	178.10	281.76	302.57
2026-03-15T22:25:09.5158158+08:00	0x09	-0.5595	0.3636	0.6751	0.3146	178.09	281.74	302.54
2026-03-15T22:25:09.5468327+08:00	0x05	-0.0336	-0.0124	-0.8158	-0.5772	109.48	3.97	1.06
2026-03-15T22:25:09.5747606+08:00	0x08	-0.3705	0.5562	0.4279	0.6085	16.82	73.48	292.04
2026-03-15T22:25:09.5747606+08:00	0x09	-0.5595	0.3636	0.6751	0.3146	178.09	281.74	302.54
2026-03-15T22:25:09.6183544+08:00	0x09	-0.5597	0.3637	0.6747	0.3150	178.09	281.69	302.50
2026-03-15T22:25:09.6693984+08:00	0x08	-0.3706	0.5562	0.4277	0.6086	16.78	73.50	292.05
2026-03-15T22:25:09.6783742+08:00	0x09	-0.5598	0.3637	0.6746	0.3152	178.07	281.69	302.48
2026-03-15T22:25:09.7298148+08:00	0x09	-0.5598	0.3637	0.6746	0.3152	178.07	281.69	302.48
2026-03-15T22:25:09.7688443+08:00	0x08	-0.3707	0.5562	0.4277	0.6085	16.77	73.50	292.04
2026-03-15T22:25:09.7788147+08:00	0x09	-0.5598	0.3637	0.6745	0.3153	178.06	281.69	302.48
2026-03-15T22:25:09.8385184+08:00	0x09	-0.5598	0.3637	0.6745	0.3153	178.06	281.69	302.48
2026-03-15T22:25:09.8748456+08:00	0x08	-0.3712	0.5559	0.4283	0.6081	16.84	73.44	291.94
2026-03-15T22:25:09.8949080+08:00	0x09	-0.5601	0.3634	0.6746	0.3150	178.09	281.64	302.53
2026-03-15T22:25:09.9359228+08:00	0x08	-0.3716	0.5557	0.4286	0.6078	16.85	73.43	291.87
2026-03-15T22:25:09.9543692+08:00	0x09	-0.5601	0.3634	0.6746	0.3150	178.09	281.64	302.53
2026-03-15T22:25:10.0151354+08:00	0x05	-0.0336	-0.0124	-0.8158	-0.5772	109.48	3.97	1.06
2026-03-15T22:25:10.0151354+08:00	0x09	-0.5602	0.3635	0.6745	0.3147	178.17	281.58	302.54
2026-03-15T22:25:10.0320902+08:00	0x08	-0.3717	0.5556	0.4287	0.6078	16.88	73.40	291.85
2026-03-15T22:25:10.0576344+08:00	0x09	-0.5602	0.3635	0.6745	0.3147	178.17	281.58	302.54
2026-03-15T22:25:10.1144833+08:00	0x09	-0.5604	0.3635	0.6745	0.3144	178.23	281.53	302.57
2026-03-15T22:25:10.1394613+08:00	0x08	-0.3719	0.5555	0.4289	0.6077	16.91	73.37	291.82
2026-03-15T22:25:10.1693853+08:00	0x09	-0.5604	0.3635	0.6745	0.3144	178.23	281.53	302.57
2026-03-15T22:25:10.2452161+08:00	0x08	-0.3719	0.5555	0.4288	0.6077	16.89	73.38	291.82
2026-03-15T22:25:10.2657685+08:00	0x09	-0.5605	0.3633	0.6746	0.3142	178.23	281.53	302.60
2026-03-15T22:25:10.3168453+08:00	0x09	-0.5605	0.3633	0.6746	0.3142	178.23	281.53	302.60
2026-03-15T22:25:10.3435687+08:00	0x08	-0.3717	0.5555	0.4286	0.6079	16.89	73.38	291.86
2026-03-15T22:25:10.3701389+08:00	0x09	-0.5604	0.3632	0.6747	0.3144	178.17	281.58	302.59
2026-03-15T22:25:10.4377622+08:00	0x09	-0.5604	0.3632	0.6747	0.3144	178.17	281.58	302.59
2026-03-15T22:25:10.4487304+08:00	0x08	-0.3716	0.5555	0.4285	0.6080	16.87	73.38	291.88
2026-03-15T22:25:10.4487304+08:00	0x05	-0.0336	-0.0125	-0.8158	-0.5772	109.48	3.97	1.06
2026-03-15T22:25:10.4813064+08:00	0x09	-0.5602	0.3630	0.6748	0.3147	178.10	281.64	302.59
2026-03-15T22:25:10.5334759+08:00	0x09	-0.5602	0.3630	0.6748	0.3147	178.10	281.64	302.59
2026-03-15T22:25:10.5484767+08:00	0x08	-0.3714	0.5556	0.4282	0.6084	16.86	73.37	291.94
2026-03-15T22:25:10.5846825+08:00	0x09	-0.5599	0.3631	0.6747	0.3153	177.99	281.73	302.53
2026-03-15T22:25:10.6424800+08:00	0x09	-0.5599	0.3631	0.6747	0.3153	177.99	281.73	302.53
2026-03-15T22:25:10.6583881+08:00	0x08	-0.3714	0.5553	0.4283	0.6085	16.94	73.28	291.93
2026-03-15T22:25:10.6932613+08:00	0x09	-0.5598	0.3630	0.6748	0.3154	177.94	281.78	302.54
2026-03-15T22:25:10.7536928+08:00	0x09	-0.5598	0.3630	0.6748	0.3154	177.94	281.78	302.54
2026-03-15T22:25:10.7615645+08:00	0x08	-0.3714	0.5551	0.4285	0.6086	17.01	73.20	291.92
2026-03-15T22:25:10.8104654+08:00	0x08	-0.3712	0.5551	0.4284	0.6088	17.03	73.17	291.95
2026-03-15T22:25:10.8493322+08:00	0x09	-0.5595	0.3630	0.6750	0.3155	177.89	281.85	302.53
2026-03-15T22:25:10.9094086+08:00	0x05	-0.0336	-0.0124	-0.8158	-0.5772	109.48	3.97	1.06
2026-03-15T22:25:10.9094086+08:00	0x09	-0.5595	0.3630	0.6750	0.3155	177.89	281.85	302.53
2026-03-15T22:25:10.9276897+08:00	0x08	-0.3712	0.5550	0.4285	0.6088	17.07	73.13	291.94
2026-03-15T22:25:10.9746955+08:00	0x09	-0.5595	0.3629	0.6751	0.3155	177.88	281.87	302.55
2026-03-15T22:25:11.0154951+08:00	0x09	-0.5595	0.3629	0.6751	0.3155	177.88	281.87	302.55
2026-03-15T22:25:11.0337349+08:00	0x08	-0.3714	0.5547	0.4288	0.6087	17.15	73.05	291.89
2026-03-15T22:25:11.0653240+08:00	0x09	-0.5594	0.3627	0.6754	0.3153	177.86	281.91	302.58
2026-03-15T22:25:11.1306381+08:00	0x09	-0.5594	0.3627	0.6754	0.3153	177.86	281.91	302.58
2026-03-15T22:25:11.1316337+08:00	0x08	-0.3715	0.5546	0.4290	0.6086	17.19	73.02	291.88
2026-03-15T22:25:11.1787758+08:00	0x09	-0.5592	0.3626	0.6756	0.3153	177.81	281.98	302.59
2026-03-15T22:25:11.2356575+08:00	0x08	-0.3714	0.5546	0.4290	0.6086	17.21	73.00	291.88
2026-03-15T22:25:11.2356575+08:00	0x09	-0.5592	0.3626	0.6756	0.3153	177.81	281.98	302.59
2026-03-15T22:25:11.2860175+08:00	0x09	-0.5590	0.3624	0.6759	0.3153	177.76	282.04	302.61
2026-03-15T22:25:11.3358837+08:00	0x08	-0.3715	0.5541	0.4292	0.6089	17.33	72.84	291.87
2026-03-15T22:25:11.3467131+08:00	0x09	-0.5590	0.3624	0.6759	0.3153	177.76	282.04	302.61
2026-03-15T22:25:11.3556893+08:00	0x05	-0.0336	-0.0124	-0.8158	-0.5772	109.48	3.97	1.06
2026-03-15T22:25:11.3945859+08:00	0x09	-0.5592	0.3622	0.6759	0.3151	177.79	282.01	302.65
2026-03-15T22:25:11.4344872+08:00	0x08	-0.3713	0.5542	0.4289	0.6092	17.30	72.86	291.92
2026-03-15T22:25:11.4464536+08:00	0x09	-0.5590	0.3621	0.6759	0.3155	177.71	282.07	302.62
2026-03-15T22:25:11.5053959+08:00	0x09	-0.5590	0.3621	0.6759	0.3155	177.71	282.07	302.62
2026-03-15T22:25:11.5493106+08:00	0x08	-0.3709	0.5544	0.4283	0.6096	17.21	72.92	292.01
2026-03-15T22:25:11.5688737+08:00	0x09	-0.5589	0.3623	0.6756	0.3161	177.63	282.10	302.55
2026-03-15T22:25:11.6071792+08:00	0x09	-0.5589	0.3623	0.6756	0.3161	177.63	282.10	302.55
2026-03-15T22:25:11.6444179+08:00	0x08	-0.3708	0.5543	0.4281	0.6099	17.22	72.88	292.04
2026-03-15T22:25:11.6623680+08:00	0x09	-0.5589	0.3624	0.6754	0.3165	177.61	282.09	302.52
2026-03-15T22:25:11.7041688+08:00	0x08	-0.3709	0.5539	0.4283	0.6100	17.32	72.75	292.02
2026-03-15T22:25:11.7130830+08:00	0x09	-0.5589	0.3624	0.6754	0.3165	177.61	282.09	302.52
2026-03-15T22:25:11.7765591+08:00	0x09	-0.5589	0.3622	0.6755	0.3165	177.59	282.11	302.53
2026-03-15T22:25:11.7974972+08:00	0x08	-0.3707	0.5540	0.4282	0.6102	17.33	72.75	292.06
2026-03-15T22:25:11.8234287+08:00	0x05	-0.0336	-0.0125	-0.8158	-0.5772	109.48	3.97	1.06
2026-03-15T22:25:11.8234287+08:00	0x09	-0.5589	0.3622	0.6755	0.3165	177.59	282.11	302.53
2026-03-15T22:25:11.8808328+08:00	0x09	-0.5585	0.3621	0.6756	0.3169	177.48	282.22	302.51
2026-03-15T22:25:11.9084463+08:00	0x08	-0.3708	0.5542	0.4281	0.6100	17.26	72.83	292.05
2026-03-15T22:25:11.9270932+08:00	0x09	-0.5583	0.3618	0.6760	0.3170	177.38	282.33	302.54
2026-03-15T22:25:11.9842812+08:00	0x09	-0.5583	0.3618	0.6760	0.3170	177.38	282.33	302.54
2026-03-15T22:25:12.0143113+08:00	0x08	-0.3708	0.5545	0.4280	0.6098	17.17	72.95	292.04
2026-03-15T22:25:12.0432395+08:00	0x09	-0.5576	0.3620	0.6761	0.3177	177.22	282.50	302.46
2026-03-15T22:25:12.0919880+08:00	0x09	-0.5576	0.3620	0.6761	0.3177	177.22	282.50	302.46
2026-03-15T22:25:12.1227067+08:00	0x08	-0.3707	0.5542	0.4282	0.6100	17.28	72.82	292.04
2026-03-15T22:25:12.1516167+08:00	0x09	-0.5577	0.3620	0.6761	0.3175	177.27	282.45	302.47
2026-03-15T22:25:12.1974898+08:00	0x09	-0.5577	0.3620	0.6761	0.3175	177.27	282.45	302.47
2026-03-15T22:25:12.2184883+08:00	0x08	-0.3709	0.5542	0.4284	0.6098	17.29	72.83	292.01
2026-03-15T22:25:12.2552497+08:00	0x09	-0.5579	0.3617	0.6762	0.3173	177.28	282.44	302.52
2026-03-15T22:25:12.2727328+08:00	0x05	-0.0336	-0.0124	-0.8158	-0.5772	109.48	3.97	1.06
2026-03-15T22:25:12.3093587+08:00	0x09	-0.5579	0.3617	0.6762	0.3173	177.28	282.44	302.52
2026-03-15T22:25:12.3268787+08:00	0x08	-0.3703	0.5545	0.4278	0.6102	17.22	72.88	292.12
2026-03-15T22:25:12.3741217+08:00	0x09	-0.5577	0.3620	0.6760	0.3179	177.22	282.48	302.45
2026-03-15T22:25:12.4235145+08:00	0x09	-0.5578	0.3621	0.6757	0.3182	177.21	282.45	302.41
2026-03-15T22:25:12.4235145+08:00	0x08	-0.3703	0.5545	0.4275	0.6104	17.17	72.92	292.15
2026-03-15T22:25:12.4736049+08:00	0x09	-0.5578	0.3621	0.6757	0.3182	177.21	282.45	302.41
2026-03-15T22:25:12.5349432+08:00	0x09	-0.5581	0.3622	0.6753	0.3183	177.25	282.38	302.39
2026-03-15T22:25:12.5349432+08:00	0x08	-0.3704	0.5547	0.4273	0.6104	17.07	73.00	292.15
2026-03-15T22:25:12.5804703+08:00	0x09	-0.5581	0.3622	0.6753	0.3183	177.25	282.38	302.39
2026-03-15T22:25:12.5896627+08:00	0x08	-0.3706	0.5547	0.4272	0.6103	17.02	73.03	292.13
2026-03-15T22:25:12.6332010+08:00	0x09	-0.5584	0.3623	0.6750	0.3182	177.33	282.26	302.38
2026-03-15T22:25:12.6931390+08:00	0x09	-0.5584	0.3623	0.6750	0.3182	177.33	282.26	302.38
2026-03-15T22:25:12.6931390+08:00	0x08	-0.3709	0.5546	0.4274	0.6101	17.02	73.03	292.08
2026-03-15T22:25:12.7197028+08:00	0x05	-0.0336	-0.0124	-0.8158	-0.5772	109.48	3.97	1.06
2026-03-15T22:25:12.7343942+08:00	0x09	-0.5589	0.3624	0.6748	0.3178	177.45	282.13	302.41
2026-03-15T22:25:12.7911125+08:00	0x08	-0.3713	0.5547	0.4275	0.6097	16.96	73.11	292.03
2026-03-15T22:25:12.7980820+08:00	0x09	-0.5589	0.3624	0.6748	0.3178	177.45	282.13	302.41
2026-03-15T22:25:12.8469679+08:00	0x09	-0.5594	0.3624	0.6746	0.3174	177.56	282.01	302.44
2026-03-15T22:25:12.8968337+08:00	0x08	-0.3717	0.5547	0.4278	0.6092	16.92	73.17	291.96
2026-03-15T22:25:12.9038151+08:00	0x09	-0.5594	0.3624	0.6746	0.3174	177.56	282.01	302.44
2026-03-15T22:25:12.9943000+08:00	0x08	-0.3718	0.5548	0.4279	0.6090	16.89	73.22	291.93
2026-03-15T22:25:13.0120392+08:00	0x09	-0.5597	0.3623	0.6747	0.3167	177.67	281.93	302.51
2026-03-15T22:25:13.0608884+08:00	0x09	-0.5597	0.3623	0.6747	0.3167	177.67	281.93	302.51
2026-03-15T22:25:13.1020141+08:00	0x08	-0.3718	0.5550	0.4278	0.6089	16.86	73.26	291.93
2026-03-15T22:25:13.1179739+08:00	0x09	-0.5596	0.3624	0.6747	0.3167	177.67	281.94	302.50
2026-03-15T22:25:13.1639681+08:00	0x09	-0.5596	0.3624	0.6747	0.3167	177.67	281.94	302.50
2026-03-15T22:25:13.1729350+08:00	0x05	-0.0336	-0.0124	-0.8158	-0.5772	109.48	3.97	1.06
2026-03-15T22:25:13.2128298+08:00	0x08	-0.3716	0.5552	0.4277	0.6089	16.82	73.32	291.96
2026-03-15T22:25:13.2267894+08:00	0x09	-0.5595	0.3626	0.6746	0.3168	177.67	281.94	302.46
2026-03-15T22:25:13.2775618+08:00	0x09	-0.5595	0.3626	0.6746	0.3168	177.67	281.94	302.46
2026-03-15T22:25:13.3123444+08:00	0x08	-0.3711	0.5556	0.4273	0.6091	16.74	73.41	292.05
2026-03-15T22:25:13.3289342+08:00	0x09	-0.5592	0.3630	0.6744	0.3172	177.66	281.96	302.39
2026-03-15T22:25:13.3870997+08:00	0x09	-0.5592	0.3630	0.6744	0.3172	177.66	281.96	302.39
2026-03-15T22:25:13.4204329+08:00	0x08	-0.3713	0.5556	0.4275	0.6089	16.75	73.42	292.00
2026-03-15T22:25:13.4470470+08:00	0x09	-0.5595	0.3631	0.6743	0.3169	177.75	281.87	302.40
2026-03-15T22:25:13.4706016+08:00	0x08	-0.3715	0.5556	0.4277	0.6086	16.74	73.44	291.96
2026-03-15T22:25:13.4884434+08:00	0x09	-0.5595	0.3631	0.6743	0.3169	177.75	281.87	302.40
2026-03-15T22:25:13.5731568+08:00	0x08	-0.3711	0.5558	0.4275	0.6088	16.74	73.45	292.02
2026-03-15T22:25:13.5916684+08:00	0x09	-0.5593	0.3630	0.6745	0.3169	177.70	281.93	302.42
2026-03-15T22:25:13.6304935+08:00	0x05	-0.0336	-0.0125	-0.8158	-0.5772	109.48	3.97	1.06
2026-03-15T22:25:13.6524240+08:00	0x09	-0.5593	0.3630	0.6745	0.3169	177.70	281.93	302.42
2026-03-15T22:25:13.6833410+08:00	0x08	-0.3702	0.5564	0.4268	0.6093	16.65	73.57	292.18
2026-03-15T22:25:13.7128239+08:00	0x09	-0.5588	0.3636	0.6743	0.3176	177.65	281.99	302.30
2026-03-15T22:25:13.7610734+08:00	0x09	-0.5588	0.3636	0.6743	0.3176	177.65	281.99	302.30
2026-03-15T22:25:13.7850009+08:00	0x08	-0.3707	0.5563	0.4271	0.6088	16.62	73.61	292.08
2026-03-15T22:25:13.8138365+08:00	0x09	-0.5590	0.3632	0.6745	0.3173	177.66	281.99	302.36
2026-03-15T22:25:13.8665355+08:00	0x09	-0.5590	0.3632	0.6745	0.3173	177.66	281.99	302.36
2026-03-15T22:25:13.8870012+08:00	0x08	-0.3708	0.5562	0.4274	0.6087	16.68	73.56	292.06
2026-03-15T22:25:13.9216994+08:00	0x09	-0.5591	0.3630	0.6746	0.3171	177.67	281.97	302.40
2026-03-15T22:25:13.9706041+08:00	0x09	-0.5591	0.3630	0.6746	0.3171	177.67	281.97	302.40
2026-03-15T22:25:13.9882037+08:00	0x08	-0.3707	0.5563	0.4272	0.6088	16.65	73.59	292.09
2026-03-15T22:25:14.0266641+08:00	0x09	-0.5591	0.3632	0.6744	0.3172	177.68	281.96	302.36
2026-03-15T22:25:14.0843839+08:00	0x09	-0.5592	0.3633	0.6742	0.3173	177.68	281.93	302.35
2026-03-15T22:25:14.0843839+08:00	0x05	-0.0336	-0.0125	-0.8158	-0.5772	109.48	3.97	1.06
2026-03-15T22:25:14.0963515+08:00	0x08	-0.3708	0.5563	0.4272	0.6087	16.62	73.61	292.08
2026-03-15T22:25:14.1346906+08:00	0x09	-0.5592	0.3633	0.6742	0.3173	177.68	281.93	302.35
2026-03-15T22:25:14.1973545+08:00	0x09	-0.5592	0.3634	0.6741	0.3175	177.68	281.93	302.33
2026-03-15T22:25:14.1973545+08:00	0x08	-0.3707	0.5566	0.4269	0.6088	16.55	73.68	292.11
2026-03-15T22:25:14.2438725+08:00	0x09	-0.5592	0.3634	0.6741	0.3175	177.68	281.93	302.33
2026-03-15T22:25:14.3034186+08:00	0x09	-0.5593	0.3634	0.6742	0.3173	177.72	281.90	302.34
2026-03-15T22:25:14.3044161+08:00	0x08	-0.3709	0.5565	0.4271	0.6086	16.55	73.69	292.07
2026-03-15T22:25:14.3647393+08:00	0x09	-0.5593	0.3634	0.6742	0.3173	177.72	281.90	302.34
2026-03-15T22:25:14.3647393+08:00	0x08	-0.3711	0.5565	0.4273	0.6083	16.54	73.71	292.01
2026-03-15T22:25:14.3996461+08:00	0x09	-0.5594	0.3634	0.6742	0.3169	177.78	281.86	302.38
2026-03-15T22:25:14.4527113+08:00	0x08	-0.3712	0.5565	0.4275	0.6081	16.57	73.70	292.00
2026-03-15T22:25:14.4656851+08:00	0x09	-0.5594	0.3634	0.6742	0.3169	177.78	281.86	302.38
2026-03-15T22:25:14.5157823+08:00	0x09	-0.5596	0.3636	0.6741	0.3166	177.87	281.78	302.38
2026-03-15T22:25:14.5353022+08:00	0x05	-0.0336	-0.0125	-0.8158	-0.5772	109.48	3.97	1.06
2026-03-15T22:25:14.5672014+08:00	0x08	-0.3709	0.5566	0.4272	0.6084	16.55	73.72	292.05
2026-03-15T22:25:14.5791700+08:00	0x09	-0.5596	0.3636	0.6741	0.3166	177.87	281.78	302.38
2026-03-15T22:25:14.6186760+08:00	0x09	-0.5598	0.3640	0.6737	0.3167	177.94	281.68	302.33
2026-03-15T22:25:14.6786903+08:00	0x08	-0.3709	0.5566	0.4268	0.6086	16.49	73.74	292.08
2026-03-15T22:25:14.6786903+08:00	0x09	-0.5602	0.3642	0.6731	0.3169	178.00	281.57	302.29
2026-03-15T22:25:14.7297589+08:00	0x09	-0.5602	0.3642	0.6731	0.3169	178.00	281.57	302.29
2026-03-15T22:25:14.7670459+08:00	0x08	-0.3706	0.5569	0.4261	0.6091	16.35	73.85	292.18
2026-03-15T22:25:14.7780185+08:00	0x09	-0.5603	0.3644	0.6727	0.3174	178.00	281.51	302.23
2026-03-15T22:25:14.8307576+08:00	0x09	-0.5603	0.3644	0.6727	0.3174	178.00	281.51	302.23
2026-03-15T22:25:14.8735359+08:00	0x08	-0.3705	0.5570	0.4256	0.6094	16.26	73.90	292.23
2026-03-15T22:25:14.8874966+08:00	0x09	-0.5604	0.3645	0.6724	0.3178	177.97	281.51	302.18
2026-03-15T22:25:14.9436327+08:00	0x09	-0.5604	0.3645	0.6724	0.3178	177.97	281.51	302.18
2026-03-15T22:25:14.9781389+08:00	0x08	-0.3707	0.5569	0.4254	0.6095	16.23	73.90	292.23
2026-03-15T22:25:14.9928662+08:00	0x05	-0.0336	-0.0125	-0.8158	-0.5772	109.48	3.97	1.06
2026-03-15T22:25:14.9928662+08:00	0x09	-0.5605	0.3643	0.6723	0.3180	177.93	281.51	302.18
2026-03-15T22:25:15.0500299+08:00	0x09	-0.5605	0.3643	0.6723	0.3180	177.93	281.51	302.18
2026-03-15T22:25:15.0769584+08:00	0x08	-0.3705	0.5569	0.4250	0.6098	16.19	73.91	292.28
2026-03-15T22:25:15.1008937+08:00	0x09	-0.5604	0.3642	0.6723	0.3183	177.87	281.55	302.17
2026-03-15T22:25:15.1594813+08:00	0x09	-0.5601	0.3644	0.6721	0.3189	177.80	281.61	302.10
2026-03-15T22:25:15.1801298+08:00	0x08	-0.3701	0.5570	0.4245	0.6104	16.15	73.92	292.37
2026-03-15T22:25:15.2070532+08:00	0x09	-0.5601	0.3644	0.6721	0.3189	177.80	281.61	302.10
2026-03-15T22:25:15.2369832+08:00	0x08	-0.3701	0.5569	0.4245	0.6105	16.17	73.87	292.38
2026-03-15T22:25:15.2654932+08:00	0x09	-0.5600	0.3644	0.6721	0.3192	177.74	281.65	302.08
2026-03-15T22:25:15.3238071+08:00	0x09	-0.5600	0.3644	0.6721	0.3192	177.74	281.65	302.08
2026-03-15T22:25:15.3357907+08:00	0x08	-0.3704	0.5565	0.4248	0.6104	16.25	73.77	292.32
2026-03-15T22:25:15.3696994+08:00	0x09	-0.5601	0.3639	0.6722	0.3192	177.69	281.67	302.12
2026-03-15T22:25:15.4259457+08:00	0x09	-0.5601	0.3639	0.6722	0.3192	177.69	281.67	302.12
2026-03-15T22:25:15.4428958+08:00	0x05	-0.0337	-0.0125	-0.8158	-0.5772	109.48	3.97	1.06
2026-03-15T22:25:15.4558977+08:00	0x08	-0.3704	0.5563	0.4250	0.6105	16.33	73.68	292.32
2026-03-15T22:25:15.4778365+08:00	0x09	-0.5599	0.3637	0.6725	0.3193	177.62	281.75	302.14
2026-03-15T22:25:15.5320850+08:00	0x09	-0.5599	0.3637	0.6725	0.3193	177.62	281.75	302.14
2026-03-15T22:25:15.5495993+08:00	0x08	-0.3705	0.5560	0.4253	0.6105	16.44	73.57	292.28
2026-03-15T22:25:15.5885336+08:00	0x09	-0.5597	0.3634	0.6728	0.3193	177.54	281.85	302.17
2026-03-15T22:25:15.6407268+08:00	0x09	-0.5597	0.3634	0.6728	0.3193	177.54	281.85	302.17
2026-03-15T22:25:15.6605630+08:00	0x08	-0.3708	0.5556	0.4258	0.6103	16.54	73.48	292.22
2026-03-15T22:25:15.7463086+08:00	0x09	-0.5593	0.3628	0.6735	0.3191	177.42	282.01	302.25
2026-03-15T22:25:15.7622675+08:00	0x08	-0.3710	0.5557	0.4260	0.6100	16.53	73.51	292.18
2026-03-15T22:25:15.8011721+08:00	0x09	-0.5593	0.3628	0.6735	0.3191	177.42	282.01	302.25
2026-03-15T22:25:15.8557710+08:00	0x09	-0.5591	0.3628	0.6737	0.3192	177.39	282.06	302.25
2026-03-15T22:25:15.8658281+08:00	0x08	-0.3709	0.5556	0.4261	0.6101	16.57	73.47	292.18
2026-03-15T22:25:15.9036648+08:00	0x05	-0.0337	-0.0125	-0.8158	-0.5772	109.48	3.97	1.06
2026-03-15T22:25:15.9126409+08:00	0x09	-0.5591	0.3628	0.6737	0.3192	177.39	282.06	302.25
2026-03-15T22:25:15.9664960+08:00	0x09	-0.5591	0.3630	0.6736	0.3192	177.39	282.06	302.22
2026-03-15T22:25:15.9754727+08:00	0x08	-0.3707	0.5555	0.4261	0.6102	16.63	73.41	292.20
2026-03-15T22:25:16.0135148+08:00	0x09	-0.5591	0.3630	0.6736	0.3192	177.39	282.06	302.22
2026-03-15T22:25:16.0795605+08:00	0x08	-0.3710	0.5554	0.4263	0.6100	16.65	73.39	292.15
2026-03-15T22:25:16.0795605+08:00	0x09	-0.5591	0.3629	0.6737	0.3192	177.39	282.05	302.23
2026-03-15T22:25:16.1241335+08:00	0x08	-0.3707	0.5556	0.4259	0.6104	16.60	73.43	292.23
2026-03-15T22:25:16.1351024+08:00	0x09	-0.5591	0.3629	0.6737	0.3192	177.39	282.05	302.23
2026-03-15T22:25:16.1807606+08:00	0x09	-0.5590	0.3631	0.6734	0.3196	177.37	282.06	302.18
2026-03-15T22:25:16.2413400+08:00	0x08	-0.3708	0.5554	0.4259	0.6104	16.61	73.39	292.21
2026-03-15T22:25:16.2413400+08:00	0x09	-0.5590	0.3631	0.6734	0.3196	177.37	282.06	302.18
2026-03-15T22:25:16.3349245+08:00	0x08	-0.3709	0.5553	0.4259	0.6104	16.61	73.39	292.20
2026-03-15T22:25:16.3458948+08:00	0x09	-0.5593	0.3633	0.6731	0.3196	177.43	281.97	302.16
2026-03-15T22:25:16.3549593+08:00	0x05	-0.0337	-0.0125	-0.8158	-0.5772	109.48	3.97	1.06
2026-03-15T22:25:16.3888711+08:00	0x09	-0.5593	0.3633	0.6731	0.3196	177.43	281.97	302.16
2026-03-15T22:25:16.4355135+08:00	0x08	-0.3709	0.5554	0.4258	0.6105	16.59	73.40	292.21
2026-03-15T22:25:16.4461051+08:00	0x09	-0.5593	0.3634	0.6729	0.3198	177.43	281.96	302.13
2026-03-15T22:25:16.4964407+08:00	0x09	-0.5593	0.3634	0.6729	0.3198	177.43	281.96	302.13
2026-03-15T22:25:16.5373319+08:00	0x08	-0.3710	0.5553	0.4258	0.6105	16.58	73.40	292.20
2026-03-15T22:25:16.5469862+08:00	0x09	-0.5594	0.3635	0.6728	0.3198	177.45	281.93	302.12
2026-03-15T22:25:16.5998100+08:00	0x09	-0.5594	0.3635	0.6728	0.3198	177.45	281.93	302.12
2026-03-15T22:25:16.6374830+08:00	0x08	-0.3710	0.5553	0.4258	0.6105	16.59	73.39	292.20
2026-03-15T22:25:16.6584276+08:00	0x09	-0.5594	0.3635	0.6728	0.3198	177.44	281.94	302.12
2026-03-15T22:25:16.7085027+08:00	0x09	-0.5594	0.3635	0.6728	0.3198	177.44	281.94	302.12
2026-03-15T22:25:16.7460879+08:00	0x08	-0.3710	0.5552	0.4259	0.6105	16.62	73.36	292.20
2026-03-15T22:25:16.7627698+08:00	0x09	-0.5593	0.3635	0.6729	0.3198	177.45	281.94	302.13
2026-03-15T22:25:16.8113986+08:00	0x05	-0.0337	-0.0125	-0.8158	-0.5772	109.48	3.97	1.06
2026-03-15T22:25:16.8226512+08:00	0x09	-0.5593	0.3635	0.6730	0.3197	177.45	281.95	302.13
2026-03-15T22:25:16.8514215+08:00	0x08	-0.3710	0.5552	0.4261	0.6104	16.66	73.34	292.17
2026-03-15T22:25:16.8743152+08:00	0x09	-0.5593	0.3635	0.6730	0.3197	177.45	281.95	302.13
2026-03-15T22:25:16.9281209+08:00	0x09	-0.5591	0.3633	0.6732	0.3197	177.40	282.01	302.15
2026-03-15T22:25:16.9555088+08:00	0x08	-0.3710	0.5552	0.4262	0.6103	16.67	73.34	292.17
2026-03-15T22:25:16.9794399+08:00	0x09	-0.5591	0.3633	0.6732	0.3197	177.40	282.01	302.15
2026-03-15T22:25:17.0081171+08:00	0x08	-0.3708	0.5553	0.4261	0.6104	16.67	73.35	292.20
2026-03-15T22:25:17.0350442+08:00	0x09	-0.5590	0.3634	0.6732	0.3199	177.36	282.05	302.13
2026-03-15T22:25:17.0918929+08:00	0x09	-0.5590	0.3634	0.6732	0.3199	177.36	282.05	302.13
2026-03-15T22:25:17.1148310+08:00	0x08	-0.3708	0.5554	0.4262	0.6103	16.67	73.35	292.19
2026-03-15T22:25:17.1446038+08:00	0x09	-0.5590	0.3635	0.6731	0.3200	177.37	282.04	302.11
2026-03-15T22:25:17.1976664+08:00	0x09	-0.5590	0.3635	0.6731	0.3200	177.37	282.04	302.11
2026-03-15T22:25:17.2166121+08:00	0x08	-0.3704	0.5555	0.4260	0.6105	16.68	73.36	292.25
2026-03-15T22:25:17.2469765+08:00	0x09	-0.5589	0.3638	0.6729	0.3201	177.39	282.02	302.07
2026-03-15T22:25:17.2639660+08:00	0x05	-0.0337	-0.0125	-0.8158	-0.5772	109.48	3.97	1.06
2026-03-15T22:25:17.3085569+08:00	0x09	-0.5589	0.3638	0.6729	0.3201	177.39	282.02	302.07
2026-03-15T22:25:17.3176385+08:00	0x08	-0.3705	0.5554	0.4262	0.6104	16.71	73.33	292.21
2026-03-15T22:25:17.3587393+08:00	0x09	-0.5589	0.3639	0.6729	0.3200	177.42	282.00	302.06
2026-03-15T22:25:17.4194751+08:00	0x09	-0.5589	0.3638	0.6730	0.3199	177.41	282.02	302.09
2026-03-15T22:25:17.4284523+08:00	0x08	-0.3706	0.5555	0.4263	0.6102	16.71	73.34	292.20
2026-03-15T22:25:17.4661069+08:00	0x09	-0.5589	0.3638	0.6730	0.3199	177.41	282.02	302.09
2026-03-15T22:25:17.5175746+08:00	0x09	-0.5587	0.3639	0.6730	0.3201	177.37	282.07	302.06
2026-03-15T22:25:17.5275512+08:00	0x08	-0.3702	0.5557	0.4261	0.6104	16.68	73.39	292.25
2026-03-15T22:25:17.5838259+08:00	0x09	-0.5587	0.3639	0.6730	0.3201	177.37	282.07	302.06
2026-03-15T22:25:17.6363750+08:00	0x09	-0.5586	0.3638	0.6731	0.3202	177.35	282.09	302.07
2026-03-15T22:25:17.6363750+08:00	0x08	-0.3702	0.5556	0.4262	0.6104	16.71	73.36	292.24
2026-03-15T22:25:17.6795215+08:00	0x09	-0.5586	0.3638	0.6731	0.3202	177.35	282.09	302.07
2026-03-15T22:25:17.7174297+08:00	0x05	-0.0337	-0.0125	-0.8158	-0.5772	109.48	3.97	1.06
2026-03-15T22:25:17.7455400+08:00	0x08	-0.3703	0.5556	0.4264	0.6103	16.75	73.33	292.22
2026-03-15T22:25:17.7455400+08:00	0x09	-0.5587	0.3638	0.6732	0.3201	177.36	282.08	302.08
2026-03-15T22:25:17.7904226+08:00	0x09	-0.5587	0.3638	0.6732	0.3201	177.36	282.08	302.08
2026-03-15T22:25:17.8458193+08:00	0x08	-0.3700	0.5556	0.4263	0.6104	16.76	73.32	292.26
2026-03-15T22:25:17.8557951+08:00	0x09	-0.5586	0.3639	0.6730	0.3203	177.35	282.09	302.04
2026-03-15T22:25:17.9002372+08:00	0x08	-0.3702	0.5555	0.4264	0.6103	16.78	73.30	292.23
2026-03-15T22:25:17.9191778+08:00	0x09	-0.5586	0.3638	0.6731	0.3202	177.34	282.10	302.06
2026-03-15T22:25:17.9476687+08:00	0x09	-0.5586	0.3638	0.6731	0.3202	177.34	282.10	302.06
2026-03-15T22:25:18.0034623+08:00	0x08	-0.3702	0.5554	0.4264	0.6104	16.81	73.25	292.23
2026-03-15T22:25:18.0034623+08:00	0x09	-0.5586	0.3635	0.6733	0.3201	177.31	282.12	302.09
2026-03-15T22:25:18.0657925+08:00	0x09	-0.5586	0.3635	0.6733	0.3201	177.31	282.12	302.09
2026-03-15T22:25:18.1019730+08:00	0x08	-0.3701	0.5554	0.4263	0.6106	16.81	73.25	292.26
2026-03-15T22:25:18.1139556+08:00	0x09	-0.5584	0.3636	0.6732	0.3205	177.26	282.17	302.06
2026-03-15T22:25:18.1707928+08:00	0x09	-0.5584	0.3636	0.6732	0.3205	177.26	282.17	302.06
2026-03-15T22:25:18.1707928+08:00	0x05	-0.0336	-0.0125	-0.8158	-0.5772	109.48	3.97	1.06
2026-03-15T22:25:18.2027053+08:00	0x08	-0.3702	0.5552	0.4264	0.6107	16.83	73.21	292.24
2026-03-15T22:25:18.2216598+08:00	0x09	-0.5585	0.3636	0.6732	0.3205	177.25	282.17	302.06
2026-03-15T22:25:18.2716335+08:00	0x09	-0.5585	0.3636	0.6732	0.3205	177.25	282.17	302.06
2026-03-15T22:25:18.3080210+08:00	0x08	-0.3701	0.5553	0.4262	0.6107	16.81	73.24	292.27
2026-03-15T22:25:18.3259732+08:00	0x09	-0.5583	0.3635	0.6733	0.3206	177.22	282.21	302.05
2026-03-15T22:25:18.3895641+08:00	0x09	-0.5583	0.3635	0.6733	0.3206	177.22	282.21	302.05
2026-03-15T22:25:18.4105062+08:00	0x08	-0.3704	0.5552	0.4264	0.6105	16.82	73.22	292.22
2026-03-15T22:25:18.4817391+08:00	0x09	-0.5584	0.3633	0.6734	0.3205	177.20	282.22	302.08
2026-03-15T22:25:18.5248999+08:00	0x08	-0.3703	0.5551	0.4264	0.6106	16.85	73.18	292.23
2026-03-15T22:25:18.5378646+08:00	0x09	-0.5584	0.3633	0.6734	0.3205	177.20	282.22	302.08
2026-03-15T22:25:18.5944250+08:00	0x09	-0.5583	0.3633	0.6735	0.3205	177.19	282.24	302.08
2026-03-15T22:25:18.6258765+08:00	0x08	-0.3705	0.5549	0.4267	0.6104	16.91	73.14	292.18
2026-03-15T22:25:18.6258765+08:00	0x05	-0.0336	-0.0125	-0.8158	-0.5772	109.48	3.97	1.06
2026-03-15T22:25:18.6528105+08:00	0x09	-0.5583	0.3633	0.6735	0.3205	177.19	282.24	302.08
2026-03-15T22:25:18.7026727+08:00	0x09	-0.5583	0.3633	0.6735	0.3204	177.20	282.24	302.10
2026-03-15T22:25:18.7246146+08:00	0x08	-0.3705	0.5550	0.4268	0.6104	16.90	73.15	292.18
2026-03-15T22:25:18.7545726+08:00	0x09	-0.5583	0.3633	0.6735	0.3204	177.20	282.24	302.10
2026-03-15T22:25:18.7786920+08:00	0x08	-0.3702	0.5553	0.4265	0.6105	16.86	73.21	292.23
2026-03-15T22:25:18.8174736+08:00	0x09	-0.5582	0.3633	0.6735	0.3206	177.17	282.26	302.08
2026-03-15T22:25:18.8676079+08:00	0x09	-0.5582	0.3633	0.6735	0.3206	177.17	282.26	302.08
2026-03-15T22:25:18.8781564+08:00	0x08	-0.3702	0.5553	0.4265	0.6105	16.85	73.21	292.24
2026-03-15T22:25:18.9308034+08:00	0x09	-0.5581	0.3634	0.6734	0.3208	177.15	282.28	302.05
2026-03-15T22:25:18.9744910+08:00	0x09	-0.5581	0.3634	0.6734	0.3208	177.15	282.28	302.05
2026-03-15T22:25:18.9804955+08:00	0x08	-0.3702	0.5554	0.4264	0.6105	16.80	73.26	292.24
2026-03-15T22:25:19.0799162+08:00	0x09	-0.5581	0.3637	0.6731	0.3211	177.16	282.24	302.00
2026-03-15T22:25:19.0948756+08:00	0x08	-0.3702	0.5555	0.4261	0.6105	16.74	73.32	292.26
2026-03-15T22:25:19.1302587+08:00	0x09	-0.5581	0.3637	0.6731	0.3211	177.16	282.24	302.00
2026-03-15T22:25:19.1814448+08:00	0x09	-0.5582	0.3639	0.6730	0.3211	177.19	282.21	301.98
2026-03-15T22:25:19.1925516+08:00	0x08	-0.3703	0.5555	0.4261	0.6105	16.72	73.33	292.25
2026-03-15T22:25:19.2403090+08:00	0x09	-0.5582	0.3639	0.6730	0.3211	177.19	282.21	301.98
2026-03-15T22:25:19.2933626+08:00	0x09	-0.5583	0.3640	0.6729	0.3209	177.25	282.16	301.98
2026-03-15T22:25:19.3023279+08:00	0x08	-0.3704	0.5555	0.4262	0.6104	16.72	73.34	292.23
2026-03-15T22:25:19.3462191+08:00	0x09	-0.5583	0.3640	0.6729	0.3209	177.25	282.16	301.98
2026-03-15T22:25:19.4027732+08:00	0x09	-0.5584	0.3642	0.6728	0.3208	177.31	282.11	301.97
2026-03-15T22:25:19.4117499+08:00	0x08	-0.3702	0.5557	0.4260	0.6105	16.67	73.39	292.27
2026-03-15T22:25:19.4593778+08:00	0x09	-0.5584	0.3642	0.6728	0.3208	177.31	282.11	301.97
2026-03-15T22:25:19.5064029+08:00	0x08	-0.3703	0.5557	0.4260	0.6103	16.65	73.42	292.25
2026-03-15T22:25:19.5233525+08:00	0x09	-0.5584	0.3644	0.6727	0.3207	177.34	282.09	301.95
2026-03-15T22:25:19.5353194+08:00	0x05	-0.0336	-0.0125	-0.8158	-0.5772	109.48	3.97	1.06
2026-03-15T22:25:19.5637771+08:00	0x09	-0.5586	0.3643	0.6728	0.3204	177.40	282.03	302.00
2026-03-15T22:25:19.6051995+08:00	0x08	-0.3708	0.5556	0.4264	0.6099	16.66	73.42	292.16
2026-03-15T22:25:19.6151801+08:00	0x09	-0.5586	0.3643	0.6728	0.3204	177.40	282.03	302.00
2026-03-15T22:25:19.6579301+08:00	0x08	-0.3705	0.5561	0.4260	0.6099	16.54	73.56	292.22
2026-03-15T22:25:19.6679124+08:00	0x09	-0.5588	0.3643	0.6727	0.3203	177.43	281.99	302.00
2026-03-15T22:25:19.7167728+08:00	0x09	-0.5588	0.3643	0.6727	0.3203	177.43	281.99	302.00
2026-03-15T22:25:19.7659660+08:00	0x08	-0.3702	0.5563	0.4258	0.6100	16.49	73.62	292.26
2026-03-15T22:25:19.7937249+08:00	0x09	-0.5588	0.3645	0.6724	0.3205	177.44	281.97	301.96
2026-03-15T22:25:19.8255323+08:00	0x09	-0.5588	0.3645	0.6724	0.3205	177.44	281.97	301.96
2026-03-15T22:25:19.8737558+08:00	0x08	-0.3703	0.5564	0.4258	0.6099	16.48	73.64	292.25
2026-03-15T22:25:19.8817834+08:00	0x09	-0.5589	0.3646	0.6723	0.3205	177.46	281.94	301.96
2026-03-15T22:25:19.9405477+08:00	0x09	-0.5589	0.3646	0.6723	0.3205	177.46	281.94	301.96
2026-03-15T22:25:19.9897749+08:00	0x08	-0.3702	0.5565	0.4258	0.6099	16.46	73.67	292.26
2026-03-15T22:25:19.9897749+08:00	0x05	-0.0336	-0.0125	-0.8158	-0.5772	109.48	3.97	1.06
2026-03-15T22:25:19.9897749+08:00	0x09	-0.5589	0.3646	0.6723	0.3205	177.48	281.92	301.95
2026-03-15T22:25:20.0464299+08:00	0x09	-0.5589	0.3646	0.6723	0.3205	177.48	281.92	301.95
2026-03-15T22:25:20.0795904+08:00	0x08	-0.3701	0.5566	0.4258	0.6099	16.45	73.69	292.27
2026-03-15T22:25:20.1471038+08:00	0x09	-0.5591	0.3646	0.6723	0.3202	177.52	281.88	301.98
2026-03-15T22:25:20.1894724+08:00	0x08	-0.3701	0.5564	0.4260	0.6099	16.51	73.63	292.26
2026-03-15T22:25:20.1994668+08:00	0x09	-0.5591	0.3646	0.6723	0.3202	177.52	281.88	301.98
2026-03-15T22:25:20.2605668+08:00	0x09	-0.5592	0.3644	0.6724	0.3199	177.55	281.86	302.02
2026-03-15T22:25:20.2906340+08:00	0x08	-0.3704	0.5562	0.4263	0.6097	16.56	73.59	292.20
2026-03-15T22:25:20.3092345+08:00	0x09	-0.5592	0.3644	0.6724	0.3199	177.55	281.86	302.02
2026-03-15T22:25:20.3704222+08:00	0x09	-0.5593	0.3644	0.6724	0.3198	177.57	281.84	302.03
2026-03-15T22:25:20.3958330+08:00	0x08	-0.3704	0.5562	0.4261	0.6097	16.54	73.59	292.21
2026-03-15T22:25:20.4233977+08:00	0x09	-0.5593	0.3644	0.6724	0.3198	177.57	281.84	302.03
2026-03-15T22:25:20.4433403+08:00	0x05	-0.0336	-0.0124	-0.8158	-0.5772	109.48	3.97	1.06
2026-03-15T22:25:20.4725303+08:00	0x09	-0.5591	0.3646	0.6723	0.3201	177.55	281.86	301.99
2026-03-15T22:25:20.4913310+08:00	0x08	-0.3702	0.5563	0.4259	0.6100	16.52	73.60	292.26
2026-03-15T22:25:20.5294853+08:00	0x09	-0.5591	0.3646	0.6723	0.3201	177.55	281.86	301.99
2026-03-15T22:25:20.5450133+08:00	0x08	-0.3703	0.5563	0.4260	0.6099	16.53	73.59	292.24
2026-03-15T22:25:20.5786700+08:00	0x09	-0.5590	0.3646	0.6725	0.3201	177.52	281.91	301.99
2026-03-15T22:25:20.6429648+08:00	0x09	-0.5590	0.3646	0.6725	0.3201	177.52	281.91	301.99
2026-03-15T22:25:20.6535401+08:00	0x08	-0.3701	0.5564	0.4259	0.6100	16.52	73.61	292.27
2026-03-15T22:25:20.7443599+08:00	0x09	-0.5587	0.3646	0.6726	0.3203	177.46	281.98	301.97
2026-03-15T22:25:20.7601995+08:00	0x08	-0.3700	0.5564	0.4258	0.6101	16.52	73.60	292.29
2026-03-15T22:25:20.7881242+08:00	0x09	-0.5587	0.3646	0.6726	0.3203	177.46	281.98	301.97
2026-03-15T22:25:20.8561772+08:00	0x09	-0.5585	0.3646	0.6727	0.3203	177.44	282.02	301.97
2026-03-15T22:25:20.8661508+08:00	0x08	-0.3699	0.5564	0.4258	0.6102	16.54	73.58	292.30
2026-03-15T22:25:20.8970692+08:00	0x05	-0.0336	-0.0125	-0.8158	-0.5772	109.48	3.97	1.06
2026-03-15T22:25:20.8981179+08:00	0x09	-0.5585	0.3646	0.6727	0.3203	177.44	282.02	301.97
2026-03-15T22:25:20.9502829+08:00	0x09	-0.5583	0.3647	0.6727	0.3205	177.41	282.06	301.94
2026-03-15T22:25:20.9701396+08:00	0x08	-0.3697	0.5565	0.4257	0.6103	16.52	73.61	292.34
2026-03-15T22:25:21.0089317+08:00	0x09	-0.5583	0.3647	0.6727	0.3205	177.41	282.06	301.94
2026-03-15T22:25:21.0596693+08:00	0x09	-0.5583	0.3648	0.6727	0.3204	177.43	282.05	301.94
2026-03-15T22:25:21.0666504+08:00	0x08	-0.3699	0.5564	0.4259	0.6101	16.55	73.59	292.29
2026-03-15T22:25:21.1164577+08:00	0x09	-0.5583	0.3648	0.6727	0.3204	177.43	282.05	301.94
2026-03-15T22:25:21.1767908+08:00	0x09	-0.5585	0.3647	0.6728	0.3201	177.47	282.00	301.98
2026-03-15T22:25:21.1767908+08:00	0x08	-0.3700	0.5563	0.4261	0.6099	16.58	73.56	292.26
2026-03-15T22:25:21.2269904+08:00	0x09	-0.5585	0.3647	0.6728	0.3201	177.47	282.00	301.98
2026-03-15T22:25:21.2757414+08:00	0x08	-0.3697	0.5565	0.4259	0.6101	16.56	73.60	292.30
2026-03-15T22:25:21.2847147+08:00	0x09	-0.5584	0.3648	0.6727	0.3202	177.46	282.02	301.95
2026-03-15T22:25:21.3405678+08:00	0x09	-0.5583	0.3650	0.6727	0.3203	177.46	282.02	301.93
2026-03-15T22:25:21.3535328+08:00	0x05	-0.0336	-0.0125	-0.8158	-0.5772	109.48	3.97	1.06
2026-03-15T22:25:21.3754725+08:00	0x08	-0.3699	0.5565	0.4261	0.6098	16.58	73.59	292.26
2026-03-15T22:25:21.3834580+08:00	0x09	-0.5583	0.3650	0.6727	0.3203	177.46	282.02	301.93
2026-03-15T22:25:21.4356200+08:00	0x08	-0.3700	0.5565	0.4262	0.6097	16.56	73.62	292.24
2026-03-15T22:25:21.4525752+08:00	0x09	-0.5585	0.3648	0.6727	0.3200	177.50	281.98	301.97
2026-03-15T22:25:21.4904757+08:00	0x09	-0.5585	0.3648	0.6727	0.3200	177.50	281.98	301.97
2026-03-15T22:25:21.5365516+08:00	0x08	-0.3700	0.5567	0.4261	0.6096	16.51	73.68	292.25
2026-03-15T22:25:21.5455210+08:00	0x09	-0.5586	0.3648	0.6726	0.3200	177.52	281.96	301.97
2026-03-15T22:25:21.5973867+08:00	0x09	-0.5586	0.3648	0.6726	0.3200	177.52	281.96	301.97
2026-03-15T22:25:21.6377612+08:00	0x08	-0.3702	0.5567	0.4262	0.6094	16.48	73.72	292.21
2026-03-15T22:25:21.6575006+08:00	0x09	-0.5588	0.3649	0.6725	0.3198	177.58	281.89	301.98
2026-03-15T22:25:21.7103573+08:00	0x09	-0.5588	0.3649	0.6725	0.3198	177.58	281.89	301.98
2026-03-15T22:25:21.7393234+08:00	0x08	-0.3702	0.5569	0.4261	0.6093	16.43	73.78	292.22
2026-03-15T22:25:21.7601392+08:00	0x09	-0.5591	0.3650	0.6723	0.3197	177.65	281.81	301.97
2026-03-15T22:25:21.8012992+08:00	0x05	-0.0336	-0.0125	-0.8158	-0.5772	109.48	3.97	1.06
2026-03-15T22:25:21.8234981+08:00	0x09	-0.5591	0.3652	0.6721	0.3198	177.68	281.77	301.95
2026-03-15T22:25:21.8538239+08:00	0x08	-0.3702	0.5570	0.4262	0.6092	16.41	73.81	292.21
2026-03-15T22:25:21.8785602+08:00	0x09	-0.5591	0.3652	0.6721	0.3198	177.68	281.77	301.95
2026-03-15T22:25:21.9585172+08:00	0x09	-0.5594	0.3654	0.6719	0.3195	177.78	281.68	301.96
2026-03-15T22:25:21.9585172+08:00	0x08	-0.3702	0.5571	0.4261	0.6091	16.37	73.85	292.21
2026-03-15T22:25:21.9836353+08:00	0x09	-0.5594	0.3654	0.6719	0.3195	177.78	281.68	301.96
2026-03-15T22:25:22.0295485+08:00	0x09	-0.5597	0.3655	0.6718	0.3192	177.86	281.60	301.97
2026-03-15T22:25:22.0544982+08:00	0x08	-0.3701	0.5573	0.4259	0.6092	16.33	73.90	292.25
2026-03-15T22:25:22.0809904+08:00	0x09	-0.5597	0.3655	0.6718	0.3192	177.86	281.60	301.97
2026-03-15T22:25:22.1416161+08:00	0x09	-0.5595	0.3659	0.6716	0.3196	177.85	281.61	301.90
2026-03-15T22:25:22.1596314+08:00	0x08	-0.3696	0.5578	0.4254	0.6094	16.22	74.03	292.34
2026-03-15T22:25:22.1884015+08:00	0x09	-0.5595	0.3659	0.6716	0.3196	177.85	281.61	301.90
2026-03-15T22:25:22.2453838+08:00	0x09	-0.5594	0.3660	0.6715	0.3196	177.86	281.60	301.88
2026-03-15T22:25:22.2582784+08:00	0x05	-0.0336	-0.0125	-0.8158	-0.5772	109.48	3.97	1.06
2026-03-15T22:25:22.2668050+08:00	0x08	-0.3701	0.5576	0.4258	0.6089	16.25	74.00	292.24
2026-03-15T22:25:22.3193352+08:00	0x09	-0.5600	0.3657	0.6717	0.3187	178.00	281.47	301.99
2026-03-15T22:25:22.3193352+08:00	0x08	-0.3704	0.5576	0.4259	0.6087	16.20	74.06	292.19
2026-03-15T22:25:22.3517125+08:00	0x09	-0.5600	0.3657	0.6717	0.3187	178.00	281.47	301.99
2026-03-15T22:25:22.4053629+08:00	0x09	-0.5598	0.3660	0.6716	0.3187	178.02	281.47	301.95
2026-03-15T22:25:22.4223217+08:00	0x08	-0.3701	0.5580	0.4256	0.6087	16.11	74.16	292.25
2026-03-15T22:25:22.4704742+08:00	0x09	-0.5598	0.3660	0.6716	0.3187	178.02	281.47	301.95
2026-03-15T22:25:22.5183345+08:00	0x09	-0.5597	0.3663	0.6716	0.3187	178.04	281.47	301.93
2026-03-15T22:25:22.5279644+08:00	0x08	-0.3702	0.5580	0.4257	0.6086	16.11	74.18	292.23
2026-03-15T22:25:22.5653731+08:00	0x09	-0.5597	0.3663	0.6716	0.3187	178.04	281.47	301.93
2026-03-15T22:25:22.6329299+08:00	0x09	-0.5597	0.3664	0.6716	0.3185	178.10	281.44	301.93
2026-03-15T22:25:22.6329299+08:00	0x08	-0.3700	0.5581	0.4255	0.6087	16.09	74.21	292.26
2026-03-15T22:25:22.6791178+08:00	0x09	-0.5597	0.3664	0.6716	0.3185	178.10	281.44	301.93
2026-03-15T22:25:22.7039839+08:00	0x05	-0.0336	-0.0125	-0.8158	-0.5772	109.48	3.97	1.06
2026-03-15T22:25:22.7329024+08:00	0x09	-0.5596	0.3669	0.6714	0.3185	178.15	281.40	301.89
2026-03-15T22:25:22.7415807+08:00	0x08	-0.3697	0.5584	0.4254	0.6088	16.07	74.24	292.31
2026-03-15T22:25:22.7845789+08:00	0x09	-0.5596	0.3669	0.6714	0.3185	178.15	281.40	301.89
2026-03-15T22:25:22.8324427+08:00	0x08	-0.3694	0.5585	0.4253	0.6089	16.06	74.26	292.34
2026-03-15T22:25:22.9038731+08:00	0x09	-0.5595	0.3673	0.6712	0.3186	178.20	281.37	301.83
2026-03-15T22:25:22.9383497+08:00	0x08	-0.3692	0.5587	0.4251	0.6089	16.03	74.31	292.38
2026-03-15T22:25:22.9528451+08:00	0x09	-0.5595	0.3673	0.6712	0.3186	178.20	281.37	301.83
2026-03-15T22:25:22.9971139+08:00	0x09	-0.5595	0.3675	0.6711	0.3188	178.19	281.37	301.80
2026-03-15T22:25:23.0434010+08:00	0x08	-0.3689	0.5590	0.4249	0.6090	15.99	74.36	292.44
2026-03-15T22:25:23.0503819+08:00	0x09	-0.5595	0.3675	0.6711	0.3188	178.19	281.37	301.80
2026-03-15T22:25:23.1081002+08:00	0x09	-0.5593	0.3676	0.6710	0.3191	178.15	281.40	301.76
2026-03-15T22:25:23.1445995+08:00	0x08	-0.3688	0.5590	0.4248	0.6092	15.99	74.35	292.45
2026-03-15T22:25:23.1580120+08:00	0x09	-0.5593	0.3676	0.6710	0.3191	178.15	281.40	301.76
2026-03-15T22:25:23.1759680+08:00	0x05	-0.0336	-0.0125	-0.8158	-0.5772	109.48	3.97	1.06
2026-03-15T22:25:23.2083909+08:00	0x08	-0.3687	0.5589	0.4247	0.6093	16.02	74.31	292.47
2026-03-15T22:25:23.2163705+08:00	0x09	-0.5592	0.3675	0.6711	0.3192	178.10	281.46	301.76
2026-03-15T22:25:23.2645003+08:00	0x09	-0.5592	0.3675	0.6711	0.3192	178.10	281.46	301.76
2026-03-15T22:25:23.3053829+08:00	0x08	-0.3686	0.5588	0.4248	0.6095	16.08	74.24	292.48
2026-03-15T22:25:23.3233333+08:00	0x09	-0.5589	0.3675	0.6712	0.3194	178.04	281.53	301.74
2026-03-15T22:25:23.3786848+08:00	0x09	-0.5589	0.3675	0.6712	0.3194	178.04	281.53	301.74
2026-03-15T22:25:23.4102515+08:00	0x08	-0.3686	0.5588	0.4247	0.6095	16.07	74.25	292.48
2026-03-15T22:25:23.4794038+08:00	0x09	-0.5584	0.3673	0.6714	0.3202	177.85	281.70	301.70
2026-03-15T22:25:23.5183465+08:00	0x08	-0.3685	0.5590	0.4243	0.6097	15.98	74.33	292.53
2026-03-15T22:25:23.5293427+08:00	0x09	-0.5584	0.3673	0.6714	0.3202	177.85	281.70	301.70
2026-03-15T22:25:23.5945945+08:00	0x09	-0.5585	0.3672	0.6715	0.3201	177.85	281.70	301.73
2026-03-15T22:25:23.6155429+08:00	0x08	-0.3693	0.5583	0.4250	0.6093	16.10	74.18	292.39
2026-03-15T22:25:23.6275127+08:00	0x05	-0.0336	-0.0125	-0.8158	-0.5772	109.48	3.97	1.06
2026-03-15T22:25:23.6439892+08:00	0x09	-0.5585	0.3672	0.6715	0.3201	177.85	281.70	301.73
2026-03-15T22:25:23.6908607+08:00	0x09	-0.5588	0.3669	0.6713	0.3200	177.88	281.63	301.76
2026-03-15T22:25:23.7261658+08:00	0x08	-0.3691	0.5584	0.4245	0.6097	16.03	74.20	292.45
2026-03-15T22:25:23.7471075+08:00	0x09	-0.5588	0.3669	0.6713	0.3200	177.88	281.63	301.76
2026-03-15T22:25:23.7962144+08:00	0x09	-0.5589	0.3671	0.6709	0.3205	177.86	281.61	301.70
2026-03-15T22:25:23.8251952+08:00	0x08	-0.3690	0.5584	0.4240	0.6101	15.96	74.23	292.52
2026-03-15T22:25:23.8537843+08:00	0x09	-0.5589	0.3671	0.6709	0.3205	177.86	281.61	301.70
2026-03-15T22:25:23.9103247+08:00	0x09	-0.5592	0.3670	0.6707	0.3205	177.87	281.55	301.71
2026-03-15T22:25:23.9363523+08:00	0x08	-0.3696	0.5580	0.4242	0.6100	15.97	74.19	292.44
2026-03-15T22:25:23.9587617+08:00	0x09	-0.5592	0.3670	0.6707	0.3205	177.87	281.55	301.71
2026-03-15T22:25:24.0161400+08:00	0x09	-0.5596	0.3667	0.6706	0.3203	177.90	281.48	301.75
2026-03-15T22:25:24.0355705+08:00	0x08	-0.3700	0.5579	0.4242	0.6098	15.92	74.21	292.38
2026-03-15T22:25:24.0735513+08:00	0x09	-0.5598	0.3664	0.6706	0.3203	177.89	281.46	301.78
2026-03-15T22:25:24.0735513+08:00	0x05	-0.0336	-0.0125	-0.8158	-0.5772	109.48	3.97	1.06
2026-03-15T22:25:24.0915042+08:00	0x08	-0.3703	0.5578	0.4242	0.6097	15.89	74.22	292.36
2026-03-15T22:25:24.1237797+08:00	0x09	-0.5598	0.3664	0.6706	0.3203	177.89	281.46	301.78
2026-03-15T22:25:24.1771512+08:00	0x09	-0.5600	0.3662	0.6706	0.3203	177.89	281.44	301.81
2026-03-15T22:25:24.2070755+08:00	0x08	-0.3708	0.5575	0.4245	0.6095	15.92	74.18	292.28
2026-03-15T22:25:24.2280251+08:00	0x09	-0.5600	0.3662	0.6706	0.3203	177.89	281.44	301.81
2026-03-15T22:25:24.2957842+08:00	0x09	-0.5604	0.3659	0.6706	0.3200	177.93	281.38	301.85
2026-03-15T22:25:24.2967830+08:00	0x08	-0.3711	0.5573	0.4246	0.6094	15.92	74.17	292.23
2026-03-15T22:25:24.3425662+08:00	0x09	-0.5604	0.3659	0.6706	0.3200	177.93	281.38	301.85
2026-03-15T22:25:24.3994343+08:00	0x09	-0.5606	0.3659	0.6704	0.3201	177.94	281.33	301.85
2026-03-15T22:25:24.4114038+08:00	0x08	-0.3712	0.5572	0.4246	0.6094	15.93	74.14	292.23
2026-03-15T22:25:24.4527823+08:00	0x09	-0.5606	0.3659	0.6704	0.3201	177.94	281.33	301.85
2026-03-15T22:25:24.5147785+08:00	0x09	-0.5609	0.3657	0.6702	0.3201	177.96	281.28	301.87
2026-03-15T22:25:24.5147785+08:00	0x08	-0.3713	0.5571	0.4246	0.6095	15.93	74.12	292.23
2026-03-15T22:25:24.5259124+08:00	0x05	-0.0336	-0.0125	-0.8158	-0.5772	109.48	3.97	1.06
2026-03-15T22:25:24.5543894+08:00	0x09	-0.5610	0.3657	0.6701	0.3202	177.96	281.26	301.87
2026-03-15T22:25:24.6125689+08:00	0x08	-0.3713	0.5571	0.4244	0.6096	15.91	74.13	292.24
2026-03-15T22:25:24.6215020+08:00	0x09	-0.5610	0.3657	0.6701	0.3202	177.96	281.26	301.87
2026-03-15T22:25:24.6678773+08:00	0x09	-0.5609	0.3656	0.6701	0.3204	177.91	281.30	301.85
2026-03-15T22:25:24.7145565+08:00	0x08	-0.3711	0.5572	0.4242	0.6098	15.90	74.13	292.28
2026-03-15T22:25:24.7248415+08:00	0x09	-0.5609	0.3656	0.6701	0.3204	177.91	281.30	301.85
2026-03-15T22:25:24.7727067+08:00	0x09	-0.5608	0.3654	0.6701	0.3207	177.84	281.35	301.85
2026-03-15T22:25:24.8088595+08:00	0x08	-0.3710	0.5571	0.4243	0.6099	15.95	74.08	292.29
2026-03-15T22:25:24.8258128+08:00	0x09	-0.5608	0.3654	0.6701	0.3207	177.84	281.35	301.85
2026-03-15T22:25:24.8875691+08:00	0x09	-0.5606	0.3654	0.6702	0.3211	177.75	281.43	301.82
2026-03-15T22:25:24.9253025+08:00	0x08	-0.3707	0.5572	0.4241	0.6102	15.95	74.07	292.34
2026-03-15T22:25:24.9372091+08:00	0x09	-0.5606	0.3654	0.6702	0.3211	177.75	281.43	301.82
2026-03-15T22:25:24.9724253+08:00	0x08	-0.3705	0.5571	0.4242	0.6103	16.00	74.03	292.35
2026-03-15T22:25:24.9852798+08:00	0x05	-0.0336	-0.0125	-0.8158	-0.5772	109.48	3.97	1.06
2026-03-15T22:25:24.9852798+08:00	0x09	-0.5604	0.3654	0.6702	0.3214	177.69	281.49	301.79
2026-03-15T22:25:25.0431252+08:00	0x09	-0.5602	0.3655	0.6703	0.3215	177.66	281.53	301.78
2026-03-15T22:25:25.0706396+08:00	0x08	-0.3703	0.5570	0.4242	0.6104	16.07	73.96	292.38
2026-03-15T22:25:25.0915836+08:00	0x09	-0.5602	0.3655	0.6703	0.3215	177.66	281.53	301.78
2026-03-15T22:25:25.1506344+08:00	0x09	-0.5599	0.3655	0.6705	0.3215	177.62	281.60	301.77
2026-03-15T22:25:25.1824676+08:00	0x08	-0.3701	0.5569	0.4243	0.6105	16.14	73.90	292.39
2026-03-15T22:25:25.2116956+08:00	0x09	-0.5599	0.3655	0.6705	0.3215	177.62	281.60	301.77
2026-03-15T22:25:25.2591352+08:00	0x09	-0.5597	0.3654	0.6708	0.3214	177.59	281.66	301.79
2026-03-15T22:25:25.2786794+08:00	0x08	-0.3701	0.5567	0.4246	0.6105	16.24	73.80	292.37
2026-03-15T22:25:25.3064194+08:00	0x09	-0.5597	0.3654	0.6708	0.3214	177.59	281.66	301.79
2026-03-15T22:25:25.3671250+08:00	0x09	-0.5596	0.3652	0.6710	0.3213	177.55	281.71	301.82
2026-03-15T22:25:25.3998418+08:00	0x08	-0.3701	0.5565	0.4249	0.6106	16.35	73.69	292.35
2026-03-15T22:25:25.4156081+08:00	0x09	-0.5596	0.3652	0.6710	0.3213	177.55	281.71	301.82
2026-03-15T22:25:25.4276223+08:00	0x05	-0.0336	-0.0125	-0.8158	-0.5772	109.48	3.97	1.06
2026-03-15T22:25:25.4792946+08:00	0x09	-0.5592	0.3652	0.6712	0.3216	177.48	281.80	301.80
2026-03-15T22:25:25.4903912+08:00	0x08	-0.3693	0.5569	0.4242	0.6112	16.27	73.76	292.50
2026-03-15T22:25:25.5207862+08:00	0x09	-0.5592	0.3652	0.6712	0.3216	177.48	281.80	301.80
2026-03-15T22:25:25.5917391+08:00	0x08	-0.3696	0.5565	0.4244	0.6113	16.36	73.65	292.46
2026-03-15T22:25:25.6286394+08:00	0x09	-0.5586	0.3652	0.6712	0.3226	177.27	281.98	301.71
2026-03-15T22:25:25.6875632+08:00	0x09	-0.5586	0.3652	0.6712	0.3226	177.27	281.98	301.71
2026-03-15T22:25:25.6996418+08:00	0x08	-0.3695	0.5562	0.4244	0.6115	16.41	73.57	292.48
2026-03-15T22:25:25.7404913+08:00	0x09	-0.5586	0.3648	0.6714	0.3228	177.18	282.06	301.75
2026-03-15T22:25:25.7890051+08:00	0x09	-0.5586	0.3648	0.6714	0.3228	177.18	282.06	301.75
2026-03-15T22:25:25.8188928+08:00	0x08	-0.3698	0.5557	0.4248	0.6115	16.55	73.41	292.41
2026-03-15T22:25:25.8444129+08:00	0x09	-0.5588	0.3641	0.6717	0.3226	177.13	282.09	301.83
2026-03-15T22:25:25.8609091+08:00	0x08	-0.3702	0.5551	0.4252	0.6116	16.67	73.24	292.35
2026-03-15T22:25:25.8914059+08:00	0x05	-0.0336	-0.0125	-0.8158	-0.5772	109.48	3.97	1.06
2026-03-15T22:25:25.9013802+08:00	0x09	-0.5588	0.3641	0.6717	0.3226	177.13	282.09	301.83
2026-03-15T22:25:25.9514627+08:00	0x09	-0.5587	0.3638	0.6719	0.3227	177.05	282.15	301.85
2026-03-15T22:25:25.9616603+08:00	0x08	-0.3703	0.5547	0.4252	0.6119	16.74	73.13	292.35
2026-03-15T22:25:26.0051396+08:00	0x09	-0.5587	0.3638	0.6719	0.3227	177.05	282.15	301.85
2026-03-15T22:25:26.0699089+08:00	0x09	-0.5586	0.3633	0.6721	0.3228	176.96	282.22	301.89
2026-03-15T22:25:26.0699089+08:00	0x08	-0.3705	0.5543	0.4253	0.6120	16.82	73.01	292.32
2026-03-15T22:25:26.1136018+08:00	0x09	-0.5586	0.3633	0.6721	0.3228	176.96	282.22	301.89
2026-03-15T22:25:26.1743840+08:00	0x08	-0.3709	0.5538	0.4256	0.6120	16.91	72.89	292.27
2026-03-15T22:25:26.2261463+08:00	0x09	-0.5585	0.3626	0.6725	0.3231	176.80	282.36	301.95
2026-03-15T22:25:26.2743586+08:00	0x08	-0.3709	0.5536	0.4256	0.6122	16.93	72.84	292.27
2026-03-15T22:25:26.2843318+08:00	0x09	-0.5585	0.3626	0.6725	0.3231	176.80	282.36	301.95
2026-03-15T22:25:26.3312076+08:00	0x09	-0.5585	0.3622	0.6726	0.3231	176.75	282.40	301.98
2026-03-15T22:25:26.3421881+08:00	0x05	-0.0336	-0.0125	-0.8158	-0.5772	109.48	3.97	1.06
2026-03-15T22:25:26.3831413+08:00	0x08	-0.3714	0.5531	0.4259	0.6122	17.02	72.72	292.21
2026-03-15T22:25:26.3831413+08:00	0x09	-0.5585	0.3622	0.6726	0.3231	176.75	282.40	301.98
2026-03-15T22:25:26.4381738+08:00	0x09	-0.5587	0.3618	0.6728	0.3231	176.70	282.42	302.03
2026-03-15T22:25:26.4818432+08:00	0x08	-0.3714	0.5530	0.4258	0.6123	17.03	72.68	292.21
2026-03-15T22:25:26.5008050+08:00	0x09	-0.5587	0.3618	0.6728	0.3231	176.70	282.42	302.03
2026-03-15T22:25:26.5443588+08:00	0x09	-0.5585	0.3617	0.6728	0.3234	176.62	282.48	302.01
2026-03-15T22:25:26.5925286+08:00	0x08	-0.3715	0.5528	0.4258	0.6124	17.06	72.63	292.21
2026-03-15T22:25:26.5925286+08:00	0x09	-0.5585	0.3617	0.6728	0.3234	176.62	282.48	302.01
2026-03-15T22:25:26.6594414+08:00	0x09	-0.5585	0.3614	0.6728	0.3236	176.57	282.51	302.02
2026-03-15T22:25:26.6843788+08:00	0x08	-0.3715	0.5526	0.4258	0.6126	17.09	72.58	292.21
2026-03-15T22:25:26.7124410+08:00	0x09	-0.5585	0.3613	0.6729	0.3236	176.55	282.52	302.04
2026-03-15T22:25:26.7592150+08:00	0x09	-0.5586	0.3613	0.6728	0.3237	176.54	282.52	302.03
2026-03-15T22:25:26.7993833+08:00	0x08	-0.3715	0.5525	0.4259	0.6127	17.15	72.52	292.21
2026-03-15T22:25:26.7993833+08:00	0x05	-0.0336	-0.0125	-0.8158	-0.5772	109.48	3.97	1.06
2026-03-15T22:25:26.8117934+08:00	0x09	-0.5586	0.3613	0.6728	0.3237	176.55	282.51	302.02
2026-03-15T22:25:26.8502116+08:00	0x08	-0.3714	0.5525	0.4258	0.6128	17.14	72.52	292.23
2026-03-15T22:25:26.8715878+08:00	0x09	-0.5586	0.3613	0.6728	0.3237	176.55	282.51	302.02
2026-03-15T22:25:26.9206456+08:00	0x09	-0.5584	0.3615	0.6727	0.3238	176.54	282.53	302.00
2026-03-15T22:25:26.9480554+08:00	0x08	-0.3713	0.5526	0.4258	0.6128	17.15	72.52	292.24
2026-03-15T22:25:26.9835171+08:00	0x09	-0.5584	0.3615	0.6727	0.3238	176.54	282.53	302.00
2026-03-15T22:25:27.0215573+08:00	0x09	-0.5583	0.3616	0.6728	0.3239	176.53	282.56	301.99
2026-03-15T22:25:27.0484612+08:00	0x08	-0.3713	0.5525	0.4260	0.6127	17.17	72.51	292.22
2026-03-15T22:25:27.0883802+08:00	0x09	-0.5583	0.3616	0.6728	0.3239	176.53	282.56	301.99
2026-03-15T22:25:27.1376866+08:00	0x09	-0.5582	0.3616	0.6729	0.3238	176.54	282.57	301.99
2026-03-15T22:25:27.1617186+08:00	0x08	-0.3711	0.5527	0.4259	0.6127	17.15	72.54	292.24
2026-03-15T22:25:27.1855924+08:00	0x09	-0.5582	0.3616	0.6729	0.3238	176.54	282.57	301.99
2026-03-15T22:25:27.2392767+08:00	0x09	-0.5580	0.3617	0.6730	0.3238	176.52	282.60	301.98
2026-03-15T22:25:27.2472560+08:00	0x05	-0.0336	-0.0125	-0.8158	-0.5772	109.48	3.97	1.06
2026-03-15T22:25:27.2686652+08:00	0x08	-0.3708	0.5529	0.4257	0.6128	17.13	72.57	292.29
2026-03-15T22:25:27.2926014+08:00	0x09	-0.5579	0.3618	0.6730	0.3240	176.49	282.63	301.95
2026-03-15T22:25:27.3494485+08:00	0x09	-0.5579	0.3618	0.6730	0.3240	176.49	282.63	301.95
2026-03-15T22:25:27.3644238+08:00	0x08	-0.3707	0.5529	0.4257	0.6129	17.14	72.57	292.30
2026-03-15T22:25:27.4162712+08:00	0x09	-0.5577	0.3620	0.6730	0.3242	176.46	282.67	301.92
2026-03-15T22:25:27.4633563+08:00	0x09	-0.5577	0.3620	0.6730	0.3242	176.46	282.67	301.92
2026-03-15T22:25:27.4833107+08:00	0x08	-0.3707	0.5530	0.4257	0.6129	17.14	72.58	292.31
2026-03-15T22:25:27.5129458+08:00	0x09	-0.5577	0.3621	0.6729	0.3242	176.48	282.65	301.91
2026-03-15T22:25:27.5658105+08:00	0x09	-0.5577	0.3621	0.6729	0.3242	176.48	282.65	301.91
2026-03-15T22:25:27.5807633+08:00	0x08	-0.3707	0.5530	0.4257	0.6128	17.12	72.59	292.30
2026-03-15T22:25:27.6186615+08:00	0x09	-0.5577	0.3622	0.6727	0.3243	176.50	282.63	301.89
2026-03-15T22:25:27.6894316+08:00	0x09	-0.5577	0.3622	0.6727	0.3243	176.50	282.63	301.89
2026-03-15T22:25:27.6894316+08:00	0x08	-0.3707	0.5529	0.4258	0.6128	17.16	72.55	292.30
2026-03-15T22:25:27.7004013+08:00	0x05	-0.0336	-0.0125	-0.8158	-0.5772	109.48	3.97	1.06
2026-03-15T22:25:27.7282118+08:00	0x09	-0.5578	0.3623	0.6727	0.3241	176.53	282.61	301.89
2026-03-15T22:25:27.7371887+08:00	0x08	-0.3707	0.5527	0.4260	0.6129	17.22	72.49	292.29
2026-03-15T22:25:27.7823987+08:00	0x09	-0.5578	0.3622	0.6728	0.3241	176.53	282.61	301.90
2026-03-15T22:25:27.8299180+08:00	0x08	-0.3708	0.5526	0.4262	0.6127	17.26	72.46	292.26
2026-03-15T22:25:27.8468745+08:00	0x09	-0.5578	0.3622	0.6728	0.3241	176.53	282.61	301.90
2026-03-15T22:25:27.9003839+08:00	0x09	-0.5578	0.3620	0.6730	0.3239	176.52	282.63	301.94
2026-03-15T22:25:27.9525358+08:00	0x08	-0.3708	0.5527	0.4262	0.6127	17.28	72.46	292.26
2026-03-15T22:25:27.9525358+08:00	0x09	-0.5578	0.3620	0.6730	0.3239	176.52	282.63	301.94
2026-03-15T22:25:28.0005912+08:00	0x09	-0.5576	0.3619	0.6730	0.3241	176.46	282.68	301.93
2026-03-15T22:25:28.0403605+08:00	0x08	-0.3707	0.5526	0.4264	0.6127	17.31	72.43	292.26
2026-03-15T22:25:28.0513366+08:00	0x09	-0.5576	0.3619	0.6730	0.3241	176.46	282.68	301.93
2026-03-15T22:25:28.1048040+08:00	0x09	-0.5576	0.3618	0.6731	0.3241	176.45	282.69	301.95
2026-03-15T22:25:28.1449471+08:00	0x08	-0.3707	0.5526	0.4263	0.6128	17.31	72.42	292.26
2026-03-15T22:25:28.1708782+08:00	0x05	-0.0336	-0.0125	-0.8158	-0.5772	109.48	3.97	1.06
2026-03-15T22:25:28.1708782+08:00	0x09	-0.5576	0.3618	0.6731	0.3241	176.45	282.69	301.95
2026-03-15T22:25:28.2127644+08:00	0x09	-0.5576	0.3618	0.6731	0.3243	176.42	282.71	301.94
2026-03-15T22:25:28.2497983+08:00	0x08	-0.3706	0.5526	0.4261	0.6130	17.29	72.42	292.29
2026-03-15T22:25:28.2654414+08:00	0x09	-0.5576	0.3618	0.6731	0.3243	176.42	282.71	301.94
2026-03-15T22:25:28.3504112+08:00	0x08	-0.3704	0.5525	0.4260	0.6132	17.31	72.39	292.32
2026-03-15T22:25:28.3765163+08:00	0x09	-0.5572	0.3617	0.6732	0.3249	176.27	282.85	301.89
2026-03-15T22:25:28.4235203+08:00	0x09	-0.5572	0.3617	0.6732	0.3249	176.27	282.85	301.89
2026-03-15T22:25:28.4587333+08:00	0x08	-0.3703	0.5526	0.4259	0.6133	17.31	72.39	292.35
2026-03-15T22:25:28.4764570+08:00	0x09	-0.5569	0.3615	0.6734	0.3253	176.15	282.96	301.88
2026-03-15T22:25:28.5313437+08:00	0x09	-0.5569	0.3615	0.6734	0.3253	176.15	282.96	301.88
2026-03-15T22:25:28.5678072+08:00	0x08	-0.3703	0.5526	0.4258	0.6134	17.29	72.41	292.36
2026-03-15T22:25:28.5843334+08:00	0x09	-0.5566	0.3614	0.6734	0.3257	176.04	283.05	301.87
2026-03-15T22:25:28.6207501+08:00	0x05	-0.0336	-0.0125	-0.8158	-0.5772	109.48	3.97	1.06
2026-03-15T22:25:28.6207501+08:00	0x08	-0.3704	0.5526	0.4258	0.6133	17.29	72.41	292.35
2026-03-15T22:25:28.6444554+08:00	0x09	-0.5566	0.3614	0.6734	0.3257	176.04	283.05	301.87
2026-03-15T22:25:28.6969668+08:00	0x09	-0.5565	0.3613	0.6734	0.3261	175.98	283.10	301.84
2026-03-15T22:25:28.7164418+08:00	0x08	-0.3704	0.5526	0.4258	0.6133	17.29	72.41	292.34
2026-03-15T22:25:28.7565180+08:00	0x09	-0.5565	0.3613	0.6734	0.3261	175.98	283.10	301.84
2026-03-15T22:25:28.8055164+08:00	0x09	-0.5565	0.3614	0.6733	0.3261	176.00	283.08	301.83
2026-03-15T22:25:28.8220733+08:00	0x08	-0.3704	0.5526	0.4258	0.6133	17.28	72.42	292.34
2026-03-15T22:25:28.8568583+08:00	0x09	-0.5565	0.3614	0.6733	0.3261	176.00	283.08	301.83
2026-03-15T22:25:28.9336657+08:00	0x08	-0.3703	0.5526	0.4258	0.6133	17.28	72.42	292.35
2026-03-15T22:25:28.9591768+08:00	0x09	-0.5567	0.3620	0.6729	0.3260	176.12	282.96	301.78
2026-03-15T22:25:29.0136490+08:00	0x09	-0.5567	0.3620	0.6729	0.3260	176.12	282.96	301.78
2026-03-15T22:25:29.0365626+08:00	0x08	-0.3705	0.5526	0.4260	0.6131	17.28	72.43	292.32
2026-03-15T22:25:29.0654859+08:00	0x05	-0.0336	-0.0125	-0.8158	-0.5772	109.48	3.97	1.06
2026-03-15T22:25:29.0791107+08:00	0x09	-0.5569	0.3620	0.6729	0.3257	176.18	282.91	301.80
2026-03-15T22:25:29.1169673+08:00	0x09	-0.5569	0.3620	0.6729	0.3257	176.18	282.91	301.80
2026-03-15T22:25:29.1394020+08:00	0x08	-0.3703	0.5529	0.4257	0.6131	17.21	72.51	292.35
2026-03-15T22:25:29.1842816+08:00	0x09	-0.5569	0.3624	0.6727	0.3257	176.23	282.87	301.76
2026-03-15T22:25:29.2338097+08:00	0x09	-0.5569	0.3624	0.6727	0.3257	176.23	282.87	301.76
2026-03-15T22:25:29.2338097+08:00	0x08	-0.3700	0.5531	0.4255	0.6132	17.19	72.55	292.40
2026-03-15T22:25:29.2773064+08:00	0x09	-0.5568	0.3627	0.6725	0.3258	176.25	282.85	301.72
2026-03-15T22:25:29.3360657+08:00	0x09	-0.5568	0.3627	0.6725	0.3258	176.25	282.85	301.72
2026-03-15T22:25:29.3440441+08:00	0x08	-0.3700	0.5531	0.4257	0.6131	17.21	72.53	292.38
2026-03-15T22:25:29.3878639+08:00	0x09	-0.5569	0.3627	0.6725	0.3256	176.29	282.81	301.73
2026-03-15T22:25:29.4434181+08:00	0x09	-0.5569	0.3628	0.6724	0.3257	176.30	282.80	301.72
2026-03-15T22:25:29.4553851+08:00	0x08	-0.3700	0.5532	0.4257	0.6130	17.19	72.57	292.38
2026-03-15T22:25:29.4980843+08:00	0x09	-0.5569	0.3628	0.6724	0.3257	176.30	282.80	301.72
2026-03-15T22:25:29.5130255+08:00	0x08	-0.3698	0.5534	0.4256	0.6131	17.18	72.60	292.41
2026-03-15T22:25:29.5229977+08:00	0x05	-0.0336	-0.0125	-0.8158	-0.5772	109.48	3.97	1.06
2026-03-15T22:25:29.5504439+08:00	0x09	-0.5568	0.3629	0.6724	0.3259	176.27	282.83	301.69
2026-03-15T22:25:29.6076380+08:00	0x08	-0.3701	0.5532	0.4258	0.6130	17.21	72.56	292.37
2026-03-15T22:25:29.6214173+08:00	0x09	-0.5568	0.3629	0.6724	0.3259	176.27	282.83	301.69
2026-03-15T22:25:29.6643213+08:00	0x09	-0.5568	0.3627	0.6725	0.3257	176.27	282.83	301.72
2026-03-15T22:25:29.7128247+08:00	0x08	-0.3702	0.5530	0.4259	0.6130	17.24	72.51	292.34
2026-03-15T22:25:29.7128247+08:00	0x09	-0.5568	0.3627	0.6725	0.3257	176.27	282.83	301.72
2026-03-15T22:25:29.7766509+08:00	0x09	-0.5568	0.3626	0.6726	0.3257	176.26	282.85	301.73
2026-03-15T22:25:29.8095631+08:00	0x08	-0.3702	0.5530	0.4258	0.6130	17.21	72.53	292.36
2026-03-15T22:25:29.8265257+08:00	0x09	-0.5568	0.3626	0.6726	0.3257	176.26	282.85	301.73
2026-03-15T22:25:29.8797365+08:00	0x09	-0.5567	0.3626	0.6726	0.3258	176.23	282.88	301.73
2026-03-15T22:25:29.9110498+08:00	0x08	-0.3702	0.5530	0.4257	0.6132	17.20	72.52	292.37
2026-03-15T22:25:29.9356132+08:00	0x09	-0.5567	0.3626	0.6726	0.3258	176.23	282.88	301.73
2026-03-15T22:25:29.9754090+08:00	0x05	-0.0336	-0.0125	-0.8158	-0.5772	109.48	3.97	1.06
2026-03-15T22:25:29.9863768+08:00	0x09	-0.5566	0.3627	0.6726	0.3259	176.22	282.89	301.71
2026-03-15T22:25:30.0275281+08:00	0x08	-0.3703	0.5529	0.4258	0.6131	17.24	72.49	292.35
2026-03-15T22:25:30.0366629+08:00	0x09	-0.5568	0.3628	0.6725	0.3258	176.27	282.84	301.71
2026-03-15T22:25:30.0954555+08:00	0x09	-0.5568	0.3628	0.6725	0.3258	176.27	282.84	301.71
2026-03-15T22:25:30.1224532+08:00	0x08	-0.3705	0.5528	0.4259	0.6130	17.25	72.47	292.32
2026-03-15T22:25:30.1409550+08:00	0x09	-0.5569	0.3628	0.6724	0.3257	176.29	282.81	301.71
2026-03-15T22:25:30.2023580+08:00	0x09	-0.5569	0.3628	0.6724	0.3257	176.29	282.81	301.71
2026-03-15T22:25:30.2223027+08:00	0x08	-0.3704	0.5528	0.4259	0.6130	17.23	72.49	292.33
2026-03-15T22:25:30.2472545+08:00	0x09	-0.5569	0.3629	0.6724	0.3257	176.30	282.80	301.70
2026-03-15T22:25:30.3115757+08:00	0x09	-0.5569	0.3629	0.6724	0.3257	176.30	282.80	301.70
2026-03-15T22:25:30.3305371+08:00	0x08	-0.3705	0.5528	0.4258	0.6130	17.23	72.49	292.33
2026-03-15T22:25:30.3566353+08:00	0x09	-0.5568	0.3629	0.6724	0.3257	176.30	282.81	301.70
2026-03-15T22:25:30.3953680+08:00	0x08	-0.3705	0.5527	0.4260	0.6130	17.26	72.46	292.31
2026-03-15T22:25:30.4133652+08:00	0x09	-0.5568	0.3629	0.6724	0.3257	176.30	282.81	301.70
2026-03-15T22:25:30.4249404+08:00	0x05	-0.0336	-0.0125	-0.8158	-0.5772	109.48	3.97	1.06
2026-03-15T22:25:30.4656105+08:00	0x09	-0.5568	0.3629	0.6725	0.3257	176.29	282.83	301.71
2026-03-15T22:25:30.4935102+08:00	0x08	-0.3704	0.5528	0.4260	0.6130	17.26	72.47	292.33
2026-03-15T22:25:30.5214636+08:00	0x09	-0.5567	0.3629	0.6725	0.3259	176.26	282.85	301.69
2026-03-15T22:25:30.5735573+08:00	0x09	-0.5567	0.3629	0.6725	0.3259	176.26	282.85	301.69
2026-03-15T22:25:30.5905122+08:00	0x08	-0.3702	0.5529	0.4259	0.6131	17.27	72.47	292.35
2026-03-15T22:25:30.6295159+08:00	0x09	-0.5566	0.3630	0.6724	0.3260	176.25	282.86	301.67
2026-03-15T22:25:30.6816148+08:00	0x09	-0.5566	0.3630	0.6724	0.3260	176.25	282.86	301.67
2026-03-15T22:25:30.6999679+08:00	0x08	-0.3702	0.5529	0.4260	0.6130	17.27	72.48	292.34
2026-03-15T22:25:30.7342583+08:00	0x09	-0.5566	0.3630	0.6724	0.3261	176.25	282.86	301.66
2026-03-15T22:25:30.7886147+08:00	0x09	-0.5566	0.3630	0.6724	0.3261	176.25	282.86	301.66
2026-03-15T22:25:30.8185369+08:00	0x08	-0.3701	0.5530	0.4261	0.6130	17.29	72.47	292.35
2026-03-15T22:25:30.8511877+08:00	0x09	-0.5566	0.3631	0.6723	0.3262	176.23	282.86	301.65
2026-03-15T22:25:30.8781993+08:00	0x05	-0.0336	-0.0125	-0.8158	-0.5772	109.48	3.97	1.06
2026-03-15T22:25:30.8973593+08:00	0x09	-0.5566	0.3631	0.6723	0.3262	176.23	282.86	301.65
2026-03-15T22:25:30.9079657+08:00	0x08	-0.3700	0.5530	0.4260	0.6131	17.30	72.47	292.37
2026-03-15T22:25:30.9540925+08:00	0x09	-0.5564	0.3632	0.6723	0.3263	176.21	282.89	301.62
2026-03-15T22:25:31.0152766+08:00	0x09	-0.5564	0.3632	0.6723	0.3263	176.21	282.89	301.62
2026-03-15T22:25:31.0152766+08:00	0x08	-0.3699	0.5530	0.4260	0.6131	17.32	72.45	292.37
2026-03-15T22:25:31.1169147+08:00	0x09	-0.5564	0.3632	0.6724	0.3262	176.22	282.90	301.64
2026-03-15T22:25:31.1278831+08:00	0x08	-0.3701	0.5529	0.4263	0.6129	17.36	72.41	292.33
2026-03-15T22:25:31.1629560+08:00	0x09	-0.5564	0.3632	0.6724	0.3262	176.22	282.90	301.64
2026-03-15T22:25:31.2130807+08:00	0x08	-0.3699	0.5530	0.4262	0.6130	17.34	72.44	292.36
2026-03-15T22:25:31.2280426+08:00	0x09	-0.5564	0.3633	0.6723	0.3262	176.25	282.88	301.62
2026-03-15T22:25:31.2669394+08:00	0x08	-0.3697	0.5531	0.4261	0.6131	17.34	72.45	292.38
2026-03-15T22:25:31.2789047+08:00	0x09	-0.5564	0.3633	0.6723	0.3262	176.25	282.88	301.62
2026-03-15T22:25:31.3267783+08:00	0x09	-0.5563	0.3635	0.6723	0.3263	176.25	282.88	301.60
2026-03-15T22:25:31.3337578+08:00	0x05	-0.0336	-0.0125	-0.8158	-0.5772	109.48	3.97	1.06
2026-03-15T22:25:31.3726547+08:00	0x08	-0.3697	0.5532	0.4261	0.6130	17.33	72.47	292.39
2026-03-15T22:25:31.3805797+08:00	0x09	-0.5563	0.3635	0.6723	0.3263	176.25	282.88	301.60
2026-03-15T22:25:31.4324428+08:00	0x09	-0.5563	0.3635	0.6722	0.3263	176.24	282.88	301.59
2026-03-15T22:25:31.4756923+08:00	0x08	-0.3695	0.5533	0.4260	0.6131	17.31	72.49	292.41
2026-03-15T22:25:31.4896085+08:00	0x09	-0.5563	0.3635	0.6722	0.3263	176.24	282.88	301.59
2026-03-15T22:25:31.5391295+08:00	0x09	-0.5562	0.3636	0.6722	0.3265	176.22	282.91	301.57
2026-03-15T22:25:31.5818364+08:00	0x08	-0.3697	0.5531	0.4263	0.6129	17.36	72.45	292.37
2026-03-15T22:25:31.5997884+08:00	0x09	-0.5562	0.3636	0.6722	0.3265	176.22	282.91	301.57
2026-03-15T22:25:31.6840468+08:00	0x08	-0.3700	0.5530	0.4265	0.6127	17.39	72.42	292.32
2026-03-15T22:25:31.7036524+08:00	0x09	-0.5561	0.3631	0.6726	0.3262	176.18	282.96	301.64
2026-03-15T22:25:31.7529009+08:00	0x09	-0.5561	0.3631	0.6726	0.3262	176.18	282.96	301.64
2026-03-15T22:25:31.7935592+08:00	0x05	-0.0336	-0.0125	-0.8158	-0.5772	109.48	3.97	1.06
2026-03-15T22:25:31.7935592+08:00	0x08	-0.3701	0.5532	0.4264	0.6125	17.32	72.50	292.31
2026-03-15T22:25:31.8055321+08:00	0x09	-0.5562	0.3632	0.6725	0.3262	176.21	282.93	301.64
2026-03-15T22:25:31.8604079+08:00	0x09	-0.5562	0.3632	0.6725	0.3262	176.21	282.93	301.64
2026-03-15T22:25:31.8916797+08:00	0x08	-0.3702	0.5533	0.4263	0.6125	17.25	72.57	292.31
2026-03-15T22:25:31.9185048+08:00	0x09	-0.5566	0.3628	0.6727	0.3258	176.25	282.88	301.72
2026-03-15T22:25:31.9695594+08:00	0x09	-0.5566	0.3628	0.6727	0.3258	176.25	282.88	301.72
2026-03-15T22:25:31.9991495+08:00	0x08	-0.3701	0.5534	0.4262	0.6125	17.23	72.59	292.32
2026-03-15T22:25:32.0249209+08:00	0x09	-0.5568	0.3630	0.6725	0.3256	176.32	282.81	301.70
2026-03-15T22:25:32.0785400+08:00	0x09	-0.5568	0.3630	0.6725	0.3256	176.32	282.81	301.70
2026-03-15T22:25:32.1066657+08:00	0x08	-0.3703	0.5533	0.4265	0.6123	17.26	72.57	292.27
2026-03-15T22:25:32.1296039+08:00	0x09	-0.5571	0.3632	0.6723	0.3252	176.45	282.69	301.71
2026-03-15T22:25:32.1575281+08:00	0x08	-0.3704	0.5536	0.4265	0.6119	17.19	72.68	292.25
2026-03-15T22:25:32.1855099+08:00	0x09	-0.5573	0.3636	0.6721	0.3247	176.60	282.57	301.71
2026-03-15T22:25:32.2473525+08:00	0x09	-0.5573	0.3636	0.6721	0.3247	176.60	282.57	301.71
2026-03-15T22:25:32.2473525+08:00	0x05	-0.0336	-0.0125	-0.8158	-0.5772	109.48	3.97	1.06
2026-03-15T22:25:32.2626244+08:00	0x08	-0.3702	0.5541	0.4263	0.6117	17.06	72.85	292.28
2026-03-15T22:25:32.3026451+08:00	0x09	-0.5573	0.3643	0.6719	0.3245	176.73	282.48	301.66
2026-03-15T22:25:32.3425157+08:00	0x09	-0.5573	0.3643	0.6719	0.3245	176.73	282.48	301.66
2026-03-15T22:25:32.3604299+08:00	0x08	-0.3702	0.5545	0.4262	0.6114	16.97	72.98	292.28
2026-03-15T22:25:32.3973786+08:00	0x09	-0.5573	0.3649	0.6716	0.3242	176.87	282.38	301.62
2026-03-15T22:25:32.4664610+08:00	0x09	-0.5573	0.3649	0.6716	0.3242	176.87	282.38	301.62
2026-03-15T22:25:32.4664610+08:00	0x08	-0.3700	0.5549	0.4261	0.6113	16.92	73.07	292.30
2026-03-15T22:25:32.5043596+08:00	0x09	-0.5576	0.3655	0.6714	0.3237	177.03	282.24	301.59
2026-03-15T22:25:32.5687434+08:00	0x09	-0.5576	0.3655	0.6714	0.3237	177.03	282.24	301.59
2026-03-15T22:25:32.5687434+08:00	0x08	-0.3697	0.5553	0.4259	0.6112	16.85	73.17	292.35
2026-03-15T22:25:32.6162276+08:00	0x09	-0.5576	0.3660	0.6712	0.3235	177.14	282.16	301.56
2026-03-15T22:25:32.6766471+08:00	0x09	-0.5576	0.3660	0.6712	0.3235	177.14	282.16	301.56
2026-03-15T22:25:32.6766471+08:00	0x08	-0.3693	0.5558	0.4257	0.6112	16.75	73.31	292.39
2026-03-15T22:25:32.6981375+08:00	0x05	-0.0336	-0.0125	-0.8158	-0.5772	109.48	3.97	1.06
2026-03-15T22:25:32.7276363+08:00	0x09	-0.5575	0.3664	0.6710	0.3236	177.18	282.13	301.52
2026-03-15T22:25:32.7865456+08:00	0x09	-0.5575	0.3667	0.6709	0.3236	177.22	282.11	301.48
2026-03-15T22:25:32.7865456+08:00	0x08	-0.3691	0.5562	0.4253	0.6112	16.65	73.42	292.44
2026-03-15T22:25:32.8418233+08:00	0x09	-0.5575	0.3667	0.6709	0.3236	177.22	282.11	301.48
2026-03-15T22:25:32.8824603+08:00	0x08	-0.3688	0.5564	0.4251	0.6113	16.61	73.47	292.49
2026-03-15T22:25:32.8913723+08:00	0x09	-0.5573	0.3670	0.6708	0.3237	177.23	282.11	301.45
2026-03-15T22:25:32.9371147+08:00	0x09	-0.5573	0.3670	0.6708	0.3237	177.23	282.11	301.45
2026-03-15T22:25:32.9883490+08:00	0x08	-0.3687	0.5564	0.4251	0.6114	16.62	73.47	292.51
2026-03-15T22:25:32.9973237+08:00	0x09	-0.5572	0.3670	0.6709	0.3236	177.22	282.14	301.45
2026-03-15T22:25:33.0465013+08:00	0x08	-0.3686	0.5565	0.4251	0.6114	16.63	73.46	292.52
2026-03-15T22:25:33.0465013+08:00	0x09	-0.5572	0.3670	0.6709	0.3236	177.22	282.14	301.45
2026-03-15T22:25:33.1034878+08:00	0x09	-0.5570	0.3670	0.6711	0.3236	177.20	282.18	301.46
2026-03-15T22:25:33.1436103+08:00	0x08	-0.3684	0.5565	0.4251	0.6115	16.66	73.44	292.53
2026-03-15T22:25:33.1515888+08:00	0x05	-0.0336	-0.0125	-0.8158	-0.5772	109.48	3.97	1.06
2026-03-15T22:25:33.1605665+08:00	0x09	-0.5570	0.3670	0.6711	0.3236	177.20	282.18	301.46
2026-03-15T22:25:33.2095608+08:00	0x09	-0.5569	0.3668	0.6712	0.3236	177.16	282.22	301.47
2026-03-15T22:25:33.2499664+08:00	0x08	-0.3682	0.5566	0.4251	0.6115	16.66	73.45	292.55
2026-03-15T22:25:33.2606169+08:00	0x09	-0.5568	0.3668	0.6713	0.3237	177.12	282.26	301.47
2026-03-15T22:25:33.3125129+08:00	0x09	-0.5568	0.3668	0.6713	0.3237	177.12	282.26	301.47
2026-03-15T22:25:33.3500784+08:00	0x08	-0.3682	0.5566	0.4251	0.6115	16.68	73.44	292.55
2026-03-15T22:25:33.3680566+08:00	0x09	-0.5568	0.3667	0.6713	0.3237	177.12	282.27	301.48
2026-03-15T22:25:33.4215492+08:00	0x09	-0.5568	0.3667	0.6713	0.3237	177.12	282.27	301.48
2026-03-15T22:25:33.4514694+08:00	0x08	-0.3683	0.5565	0.4254	0.6113	16.72	73.41	292.51
2026-03-15T22:25:33.4793954+08:00	0x09	-0.5570	0.3663	0.6715	0.3235	177.11	282.27	301.53
2026-03-15T22:25:33.5312734+08:00	0x09	-0.5570	0.3663	0.6715	0.3235	177.11	282.27	301.53
2026-03-15T22:25:33.5588248+08:00	0x08	-0.3686	0.5562	0.4258	0.6111	16.79	73.34	292.46
2026-03-15T22:25:33.5826439+08:00	0x09	-0.5573	0.3659	0.6717	0.3231	177.14	282.24	301.61
2026-03-15T22:25:33.6065824+08:00	0x05	-0.0336	-0.0125	-0.8158	-0.5772	109.48	3.97	1.06
2026-03-15T22:25:33.6463230+08:00	0x09	-0.5573	0.3659	0.6717	0.3231	177.14	282.24	301.61
2026-03-15T22:25:33.6672655+08:00	0x08	-0.3690	0.5558	0.4263	0.6109	16.90	73.22	292.38
2026-03-15T22:25:33.6988066+08:00	0x09	-0.5577	0.3651	0.6721	0.3223	177.17	282.20	301.75
2026-03-15T22:25:33.7568968+08:00	0x09	-0.5577	0.3651	0.6721	0.3223	177.17	282.20	301.75
2026-03-15T22:25:33.7671265+08:00	0x08	-0.3688	0.5559	0.4259	0.6112	16.85	73.26	292.44
2026-03-15T22:25:33.8526442+08:00	0x09	-0.5576	0.3653	0.6720	0.3225	177.16	282.22	301.71
2026-03-15T22:25:33.8725899+08:00	0x08	-0.3687	0.5559	0.4259	0.6113	16.86	73.25	292.45
2026-03-15T22:25:33.9032124+08:00	0x09	-0.5576	0.3653	0.6720	0.3225	177.16	282.22	301.71
2026-03-15T22:25:33.9221284+08:00	0x08	-0.3689	0.5558	0.4262	0.6110	16.92	73.20	292.39
2026-03-15T22:25:33.9615490+08:00	0x09	-0.5577	0.3653	0.6722	0.3221	177.20	282.20	301.75
2026-03-15T22:25:34.0168390+08:00	0x09	-0.5577	0.3653	0.6722	0.3221	177.20	282.20	301.75
2026-03-15T22:25:34.0282159+08:00	0x08	-0.3687	0.5559	0.4263	0.6110	16.93	73.23	292.41
2026-03-15T22:25:34.0548221+08:00	0x05	-0.0336	-0.0125	-0.8158	-0.5772	109.48	3.97	1.06
2026-03-15T22:25:34.0656464+08:00	0x09	-0.5575	0.3655	0.6723	0.3219	177.24	282.20	301.75
2026-03-15T22:25:34.1234378+08:00	0x09	-0.5575	0.3655	0.6723	0.3219	177.24	282.20	301.75
2026-03-15T22:25:34.1413818+08:00	0x08	-0.3683	0.5562	0.4263	0.6110	16.94	73.25	292.44
2026-03-15T22:25:34.1776195+08:00	0x09	-0.5571	0.3657	0.6726	0.3218	177.24	282.26	301.74
2026-03-15T22:25:34.2334624+08:00	0x09	-0.5571	0.3657	0.6726	0.3218	177.24	282.26	301.74
2026-03-15T22:25:34.2424427+08:00	0x08	-0.3679	0.5564	0.4262	0.6110	16.94	73.28	292.49
2026-03-15T22:25:34.2828378+08:00	0x09	-0.5567	0.3660	0.6728	0.3217	177.23	282.33	301.72
2026-03-15T22:25:34.3363641+08:00	0x09	-0.5567	0.3660	0.6728	0.3217	177.23	282.33	301.72
2026-03-15T22:25:34.3538772+08:00	0x08	-0.3671	0.5568	0.4258	0.6114	16.91	73.33	292.61
2026-03-15T22:25:34.4388182+08:00	0x09	-0.5558	0.3667	0.6727	0.3225	177.12	282.48	301.58
2026-03-15T22:25:34.4492235+08:00	0x08	-0.3665	0.5572	0.4254	0.6118	16.87	73.38	292.71
2026-03-15T22:25:34.4966553+08:00	0x09	-0.5558	0.3667	0.6727	0.3225	177.12	282.48	301.58
2026-03-15T22:25:34.5186455+08:00	0x05	-0.0336	-0.0125	-0.8158	-0.5772	109.48	3.97	1.06
2026-03-15T22:25:34.5584903+08:00	0x09	-0.5555	0.3669	0.6727	0.3229	177.07	282.54	301.53
2026-03-15T22:25:34.5584903+08:00	0x08	-0.3661	0.5576	0.4250	0.6119	16.78	73.48	292.78
2026-03-15T22:25:34.5978379+08:00	0x09	-0.5555	0.3669	0.6727	0.3229	177.07	282.54	301.53
2026-03-15T22:25:34.6583298+08:00	0x08	-0.3660	0.5578	0.4246	0.6121	16.71	73.54	292.82
2026-03-15T22:25:34.6742912+08:00	0x09	-0.5554	0.3671	0.6725	0.3232	177.04	282.56	301.48
2026-03-15T22:25:34.7224137+08:00	0x09	-0.5554	0.3671	0.6725	0.3232	177.04	282.56	301.48
2026-03-15T22:25:34.7553242+08:00	0x08	-0.3658	0.5580	0.4245	0.6121	16.68	73.59	292.85
2026-03-15T22:25:34.7646017+08:00	0x09	-0.5553	0.3674	0.6723	0.3234	177.06	282.54	301.44
2026-03-15T22:25:34.8159524+08:00	0x08	-0.3659	0.5579	0.4247	0.6120	16.70	73.57	292.82
2026-03-15T22:25:34.8255203+08:00	0x09	-0.5553	0.3674	0.6723	0.3234	177.06	282.54	301.44
2026-03-15T22:25:34.8760240+08:00	0x09	-0.5555	0.3675	0.6723	0.3232	177.12	282.49	301.44
2026-03-15T22:25:34.9144635+08:00	0x08	-0.3662	0.5577	0.4250	0.6118	16.76	73.52	292.77
2026-03-15T22:25:34.9240176+08:00	0x09	-0.5557	0.3676	0.6722	0.3228	177.21	282.40	301.46
2026-03-15T22:25:34.9698959+08:00	0x05	-0.0336	-0.0125	-0.8158	-0.5772	109.48	3.97	1.06
2026-03-15T22:25:34.9876449+08:00	0x09	-0.5557	0.3676	0.6722	0.3228	177.21	282.40	301.46
2026-03-15T22:25:35.0170988+08:00	0x08	-0.3664	0.5577	0.4253	0.6115	16.78	73.52	292.73
2026-03-15T22:25:35.0297016+08:00	0x09	-0.5560	0.3675	0.6722	0.3225	177.27	282.34	301.50
2026-03-15T22:25:35.0858622+08:00	0x09	-0.5560	0.3675	0.6722	0.3225	177.27	282.34	301.50
2026-03-15T22:25:35.1249715+08:00	0x08	-0.3667	0.5576	0.4254	0.6113	16.75	73.54	292.68
2026-03-15T22:25:35.1459234+08:00	0x09	-0.5563	0.3672	0.6722	0.3223	177.28	282.30	301.55
2026-03-15T22:25:35.1960494+08:00	0x09	-0.5563	0.3672	0.6722	0.3223	177.28	282.30	301.55
2026-03-15T22:25:35.2279639+08:00	0x08	-0.3669	0.5576	0.4253	0.6112	16.69	73.58	292.66
2026-03-15T22:25:35.2495889+08:00	0x09	-0.5566	0.3671	0.6720	0.3223	177.31	282.24	301.55
2026-03-15T22:25:35.2993029+08:00	0x09	-0.5566	0.3671	0.6720	0.3223	177.31	282.24	301.55
2026-03-15T22:25:35.3326386+08:00	0x08	-0.3670	0.5576	0.4250	0.6113	16.64	73.61	292.67
2026-03-15T22:25:35.3607525+08:00	0x09	-0.5569	0.3671	0.6717	0.3223	177.35	282.16	301.55
2026-03-15T22:25:35.4139525+08:00	0x09	-0.5569	0.3671	0.6717	0.3223	177.35	282.16	301.55
2026-03-15T22:25:35.4265460+08:00	0x05	-0.0336	-0.0125	-0.8158	-0.5772	109.48	3.97	1.06
2026-03-15T22:25:35.4375148+08:00	0x08	-0.3672	0.5575	0.4250	0.6113	16.62	73.62	292.66
2026-03-15T22:25:35.4668358+08:00	0x09	-0.5570	0.3670	0.6716	0.3224	177.36	282.14	301.55
2026-03-15T22:25:35.5205568+08:00	0x09	-0.5572	0.3667	0.6717	0.3223	177.33	282.14	301.59
2026-03-15T22:25:35.5373607+08:00	0x08	-0.3675	0.5573	0.4251	0.6112	16.62	73.59	292.61
2026-03-15T22:25:35.5709566+08:00	0x09	-0.5572	0.3667	0.6717	0.3223	177.33	282.14	301.59
2026-03-15T22:25:35.6275800+08:00	0x09	-0.5573	0.3665	0.6717	0.3224	177.30	282.15	301.60
2026-03-15T22:25:35.6413571+08:00	0x08	-0.3676	0.5572	0.4251	0.6113	16.63	73.57	292.61
2026-03-15T22:25:35.6772444+08:00	0x09	-0.5573	0.3665	0.6717	0.3224	177.30	282.15	301.60
2026-03-15T22:25:35.6978818+08:00	0x08	-0.3675	0.5573	0.4249	0.6114	16.60	73.59	292.63
2026-03-15T22:25:35.7334196+08:00	0x09	-0.5572	0.3664	0.6717	0.3227	177.24	282.19	301.59
2026-03-15T22:25:35.7983717+08:00	0x09	-0.5572	0.3664	0.6717	0.3227	177.24	282.19	301.59
2026-03-15T22:25:35.7983717+08:00	0x08	-0.3677	0.5573	0.4250	0.6112	16.60	73.59	292.60
2026-03-15T22:25:35.8470134+08:00	0x09	-0.5572	0.3663	0.6718	0.3226	177.24	282.19	301.60
2026-03-15T22:25:35.8769292+08:00	0x05	-0.0336	-0.0125	-0.8158	-0.5772	109.48	3.97	1.06
2026-03-15T22:25:35.8965090+08:00	0x09	-0.5572	0.3663	0.6718	0.3226	177.24	282.19	301.60
2026-03-15T22:25:35.9048262+08:00	0x08	-0.3678	0.5573	0.4251	0.6111	16.58	73.62	292.59
2026-03-15T22:25:35.9456194+08:00	0x09	-0.5572	0.3664	0.6718	0.3225	177.26	282.18	301.61
2026-03-15T22:25:36.0052192+08:00	0x09	-0.5571	0.3667	0.6716	0.3227	177.27	282.18	301.57
2026-03-15T22:25:36.0145195+08:00	0x08	-0.3676	0.5574	0.4250	0.6112	16.56	73.65	292.61
2026-03-15T22:25:36.0546046+08:00	0x09	-0.5571	0.3667	0.6716	0.3227	177.27	282.18	301.57
2026-03-15T22:25:36.1207099+08:00	0x09	-0.5570	0.3668	0.6716	0.3227	177.29	282.17	301.55
2026-03-15T22:25:36.1328031+08:00	0x08	-0.3676	0.5574	0.4250	0.6111	16.58	73.64	292.61
2026-03-15T22:25:36.1642346+08:00	0x09	-0.5570	0.3668	0.6716	0.3227	177.29	282.17	301.55
2026-03-15T22:25:36.2193328+08:00	0x08	-0.3675	0.5576	0.4250	0.6111	16.55	73.68	292.61
2026-03-15T22:25:36.2193328+08:00	0x09	-0.5571	0.3668	0.6716	0.3225	177.32	282.15	301.56
2026-03-15T22:25:36.2764364+08:00	0x09	-0.5571	0.3668	0.6716	0.3225	177.32	282.15	301.56
2026-03-15T22:25:36.3173772+08:00	0x08	-0.3675	0.5577	0.4249	0.6110	16.52	73.73	292.62
2026-03-15T22:25:36.3259826+08:00	0x09	-0.5570	0.3670	0.6715	0.3226	177.33	282.14	301.54
2026-03-15T22:25:36.3349564+08:00	0x05	-0.0336	-0.0125	-0.8158	-0.5772	109.48	3.97	1.06
2026-03-15T22:25:36.3838287+08:00	0x09	-0.5570	0.3670	0.6715	0.3226	177.33	282.14	301.54
2026-03-15T22:25:36.4233827+08:00	0x08	-0.3674	0.5579	0.4248	0.6110	16.48	73.78	292.64
2026-03-15T22:25:36.4352119+08:00	0x09	-0.5570	0.3672	0.6714	0.3227	177.34	282.13	301.51
2026-03-15T22:25:36.4839510+08:00	0x09	-0.5570	0.3672	0.6714	0.3227	177.34	282.13	301.51
2026-03-15T22:25:36.5266199+08:00	0x08	-0.3675	0.5580	0.4249	0.6108	16.47	73.80	292.62
2026-03-15T22:25:36.5914411+08:00	0x08	-0.3677	0.5580	0.4251	0.6105	16.44	73.84	292.58
2026-03-15T22:25:36.5914411+08:00	0x09	-0.5573	0.3674	0.6712	0.3223	177.46	282.02	301.51
2026-03-15T22:25:36.6439230+08:00	0x09	-0.5573	0.3674	0.6712	0.3223	177.46	282.02	301.51
2026-03-15T22:25:36.6778733+08:00	0x08	-0.3675	0.5581	0.4247	0.6108	16.38	73.88	292.62
2026-03-15T22:25:36.6977680+08:00	0x09	-0.5574	0.3675	0.6710	0.3224	177.49	281.98	301.50
2026-03-15T22:25:36.7503326+08:00	0x09	-0.5574	0.3675	0.6710	0.3224	177.49	281.98	301.50
2026-03-15T22:25:36.7932172+08:00	0x05	-0.0336	-0.0125	-0.8158	-0.5772	109.48	3.97	1.06
2026-03-15T22:25:36.7932172+08:00	0x08	-0.3675	0.5583	0.4245	0.6109	16.33	73.92	292.65
2026-03-15T22:25:36.8140255+08:00	0x09	-0.5573	0.3678	0.6709	0.3226	177.47	281.98	301.45
2026-03-15T22:25:36.8614804+08:00	0x09	-0.5573	0.3678	0.6709	0.3226	177.47	281.98	301.45
2026-03-15T22:25:36.8993817+08:00	0x08	-0.3678	0.5581	0.4246	0.6107	16.33	73.92	292.61
2026-03-15T22:25:36.9133433+08:00	0x09	-0.5575	0.3676	0.6709	0.3225	177.50	281.95	301.48
2026-03-15T22:25:36.9683450+08:00	0x09	-0.5575	0.3676	0.6709	0.3225	177.50	281.95	301.48
2026-03-15T22:25:36.9961669+08:00	0x08	-0.3679	0.5581	0.4245	0.6108	16.31	73.92	292.61
2026-03-15T22:25:37.0223594+08:00	0x09	-0.5576	0.3675	0.6709	0.3224	177.51	281.93	301.50
2026-03-15T22:25:37.0777459+08:00	0x09	-0.5576	0.3675	0.6709	0.3224	177.51	281.93	301.50
2026-03-15T22:25:37.0993888+08:00	0x08	-0.3678	0.5581	0.4243	0.6109	16.27	73.95	292.63
2026-03-15T22:25:37.1784682+08:00	0x09	-0.5576	0.3675	0.6708	0.3226	177.49	281.93	301.48
2026-03-15T22:25:37.2137389+08:00	0x08	-0.3679	0.5582	0.4241	0.6109	16.21	74.00	292.64
2026-03-15T22:25:37.2354962+08:00	0x09	-0.5576	0.3675	0.6708	0.3226	177.49	281.93	301.48
2026-03-15T22:25:37.2853933+08:00	0x09	-0.5577	0.3674	0.6707	0.3227	177.47	281.93	301.49
2026-03-15T22:25:37.3163857+08:00	0x08	-0.3679	0.5582	0.4241	0.6109	16.19	74.01	292.63
2026-03-15T22:25:37.3455336+08:00	0x09	-0.5577	0.3674	0.6707	0.3227	177.47	281.93	301.49
2026-03-15T22:25:37.3944317+08:00	0x09	-0.5577	0.3673	0.6707	0.3227	177.45	281.94	301.50
2026-03-15T22:25:37.4124133+08:00	0x08	-0.3679	0.5582	0.4240	0.6109	16.18	74.01	292.64
2026-03-15T22:25:37.4512791+08:00	0x09	-0.5577	0.3673	0.6707	0.3227	177.45	281.94	301.50
2026-03-15T22:25:37.4615487+08:00	0x08	-0.3680	0.5582	0.4239	0.6109	16.16	74.03	292.64
2026-03-15T22:25:37.5005246+08:00	0x09	-0.5578	0.3671	0.6707	0.3229	177.42	281.95	301.49
2026-03-15T22:25:37.5551514+08:00	0x09	-0.5578	0.3671	0.6707	0.3229	177.42	281.95	301.49
2026-03-15T22:25:37.5721100+08:00	0x08	-0.3679	0.5583	0.4237	0.6111	16.13	74.05	292.67
2026-03-15T22:25:37.6114834+08:00	0x09	-0.5579	0.3671	0.6706	0.3230	177.40	281.94	301.49
2026-03-15T22:25:37.6633410+08:00	0x09	-0.5579	0.3671	0.6705	0.3232	177.38	281.94	301.47
2026-03-15T22:25:37.6783022+08:00	0x08	-0.3679	0.5584	0.4236	0.6111	16.10	74.08	292.67
2026-03-15T22:25:37.6933977+08:00	0x05	-0.0336	-0.0125	-0.8158	-0.5772	109.48	3.97	1.06
2026-03-15T22:25:37.7213119+08:00	0x09	-0.5579	0.3671	0.6705	0.3232	177.38	281.94	301.47
2026-03-15T22:25:37.7773292+08:00	0x09	-0.5578	0.3673	0.6704	0.3234	177.38	281.95	301.44
2026-03-15T22:25:37.7843093+08:00	0x08	-0.3680	0.5585	0.4235	0.6109	16.04	74.15	292.67
2026-03-15T22:25:37.8230325+08:00	0x09	-0.5578	0.3673	0.6704	0.3234	177.38	281.95	301.44
2026-03-15T22:25:37.8775989+08:00	0x08	-0.3676	0.5593	0.4225	0.6112	15.78	74.40	292.79
2026-03-15T22:25:37.8858073+08:00	0x09	-0.5576	0.3678	0.6701	0.3237	177.38	281.95	301.36
2026-03-15T22:25:37.9369564+08:00	0x09	-0.5576	0.3678	0.6701	0.3237	177.38	281.95	301.36
2026-03-15T22:25:37.9874106+08:00	0x08	-0.3672	0.5611	0.4204	0.6112	15.13	75.05	292.97
2026-03-15T22:25:37.9979994+08:00	0x09	-0.5569	0.3693	0.6691	0.3251	177.37	281.94	301.09
2026-03-15T22:25:38.0380991+08:00	0x09	-0.5569	0.3693	0.6691	0.3251	177.37	281.94	301.09
2026-03-15T22:25:38.0875852+08:00	0x08	-0.3673	0.5625	0.4181	0.6114	14.44	75.67	293.14
2026-03-15T22:25:38.0977049+08:00	0x09	-0.5566	0.3707	0.6678	0.3270	177.30	281.92	300.79
2026-03-15T22:25:38.1458714+08:00	0x05	-0.0336	-0.0125	-0.8158	-0.5772	109.48	3.97	1.06
2026-03-15T22:25:38.1548457+08:00	0x09	-0.5566	0.3707	0.6678	0.3270	177.30	281.92	300.79
2026-03-15T22:25:38.1917484+08:00	0x08	-0.3678	0.5632	0.4150	0.6126	13.75	76.12	293.35
2026-03-15T22:25:38.2612280+08:00	0x09	-0.5599	0.3701	0.6629	0.3318	177.11	281.29	300.44
2026-03-15T22:25:38.3084971+08:00	0x08	-0.3679	0.5638	0.4095	0.6156	12.77	76.63	293.82
2026-03-15T22:25:38.3084971+08:00	0x09	-0.5599	0.3701	0.6629	0.3318	177.11	281.29	300.44
2026-03-15T22:25:38.3551577+08:00	0x08	-0.3662	0.5622	0.4015	0.6234	12.25	76.23	294.76
2026-03-15T22:25:38.3674164+08:00	0x09	-0.5654	0.3664	0.6578	0.3366	176.77	280.49	300.38
2026-03-15T22:25:38.4203733+08:00	0x09	-0.5654	0.3664	0.6578	0.3366	176.77	280.49	300.38
2026-03-15T22:25:38.4584366+08:00	0x08	-0.3603	0.5612	0.3836	0.6388	10.86	75.94	297.02
2026-03-15T22:25:38.4684091+08:00	0x09	-0.5711	0.3676	0.6449	0.3505	176.19	279.19	299.03
2026-03-15T22:25:38.5276150+08:00	0x09	-0.5711	0.3676	0.6449	0.3505	176.19	279.19	299.03
2026-03-15T22:25:38.5543835+08:00	0x08	-0.3487	0.5544	0.3636	0.6625	10.93	73.53	300.09
2026-03-15T22:25:38.5753242+08:00	0x09	-0.5810	0.3687	0.6265	0.3660	176.25	276.59	297.47
2026-03-15T22:25:38.5972658+08:00	0x05	-0.0336	-0.0125	-0.8158	-0.5772	109.48	3.97	1.06
2026-03-15T22:25:38.6373298+08:00	0x09	-0.5810	0.3687	0.6265	0.3660	176.25	276.59	297.47
2026-03-15T22:25:38.6726579+08:00	0x08	-0.3401	0.5331	0.3544	0.6889	13.64	67.91	302.18
2026-03-15T22:25:38.6856378+08:00	0x09	-0.5968	0.3698	0.6046	0.3762	178.26	271.82	296.33
2026-03-15T22:25:38.7365549+08:00	0x09	-0.5968	0.3698	0.6046	0.3762	178.26	271.82	296.33
2026-03-15T22:25:38.7668933+08:00	0x08	-0.3335	0.5054	0.3532	0.7131	17.51	61.21	303.62
2026-03-15T22:25:38.8403860+08:00	0x09	-0.6322	0.3773	0.5622	0.3766	187.09	258.84	295.78
2026-03-15T22:25:38.8653208+08:00	0x08	-0.3348	0.4917	0.3485	0.7244	18.24	58.60	304.13
2026-03-15T22:25:38.8953551+08:00	0x09	-0.6322	0.3773	0.5622	0.3766	187.09	258.84	295.78
2026-03-15T22:25:38.9537910+08:00	0x09	-0.6328	0.3883	0.5480	0.3854	189.76	255.44	294.04
2026-03-15T22:25:38.9745392+08:00	0x08	-0.3347	0.4836	0.3491	0.7295	19.24	56.85	304.31
2026-03-15T22:25:39.0024640+08:00	0x09	-0.6328	0.3883	0.5480	0.3854	189.76	255.44	294.04
2026-03-15T22:25:39.0519671+08:00	0x05	-0.0336	-0.0125	-0.8158	-0.5772	109.48	3.97	1.06
2026-03-15T22:25:39.0624908+08:00	0x09	-0.6292	0.4001	0.5398	0.3908	192.29	253.04	292.53
2026-03-15T22:25:39.0834290+08:00	0x08	-0.3375	0.4772	0.3585	0.7279	21.20	55.03	303.55
2026-03-15T22:25:39.1119091+08:00	0x09	-0.6292	0.4001	0.5398	0.3908	192.29	253.04	292.53
2026-03-15T22:25:39.1694530+08:00	0x09	-0.6384	0.3975	0.5383	0.3802	193.98	251.17	294.01
2026-03-15T22:25:39.1824465+08:00	0x08	-0.3427	0.4645	0.3798	0.7228	25.83	50.96	301.97
2026-03-15T22:25:39.2267099+08:00	0x09	-0.6384	0.3975	0.5383	0.3802	193.98	251.17	294.01
2026-03-15T22:25:39.2556973+08:00	0x08	-0.3419	0.4580	0.4062	0.7130	31.39	47.27	300.73
2026-03-15T22:25:39.2767956+08:00	0x09	-0.6542	0.3828	0.5511	0.3490	194.07	251.83	298.53
2026-03-15T22:25:39.3364926+08:00	0x09	-0.6542	0.3828	0.5511	0.3490	194.07	251.83	298.53
2026-03-15T22:25:39.3364926+08:00	0x08	-0.3667	0.4618	0.4558	0.6667	40.46	42.75	294.50
2026-03-15T22:25:39.3879724+08:00	0x09	-0.6745	0.3575	0.5755	0.2934	194.18	253.72	306.17
2026-03-15T22:25:39.4387396+08:00	0x09	-0.6708	0.3224	0.6220	0.2434	190.89	260.97	313.31
2026-03-15T22:25:39.4497049+08:00	0x08	-0.4149	0.4607	0.5111	0.5953	59.53	28.26	285.22
2026-03-15T22:25:39.4897383+08:00	0x09	-0.6708	0.3224	0.6220	0.2434	190.89	260.97	313.31
2026-03-15T22:25:39.5067014+08:00	0x05	-0.0336	-0.0125	-0.8158	-0.5772	109.48	3.97	1.06
2026-03-15T22:25:39.5565701+08:00	0x09	-0.6648	0.2952	0.6464	0.2303	187.50	265.40	316.54
2026-03-15T22:25:39.5565701+08:00	0x08	-0.4350	0.4444	0.5377	0.5694	79.12	9.59	283.28
2026-03-15T22:25:39.5944197+08:00	0x09	-0.6648	0.2952	0.6464	0.2303	187.50	265.40	316.54
2026-03-15T22:25:39.6589975+08:00	0x08	-0.4446	0.4432	0.5559	0.5449	93.62	356.93	282.25
2026-03-15T22:25:39.6589975+08:00	0x09	-0.6530	0.2933	0.6621	0.2217	186.99	268.07	317.31
2026-03-15T22:25:39.7075352+08:00	0x09	-0.6530	0.2933	0.6621	0.2217	186.99	268.07	317.31
2026-03-15T22:25:39.7634152+08:00	0x08	-0.4645	0.4199	0.5838	0.5168	117.94	333.35	283.97
2026-03-15T22:25:39.7634152+08:00	0x09	-0.6520	0.2768	0.6777	0.1977	186.89	269.75	320.73
2026-03-15T22:25:39.8134944+08:00	0x09	-0.6520	0.2768	0.6777	0.1977	186.89	269.75	320.73
2026-03-15T22:25:39.8555019+08:00	0x08	-0.4605	0.4391	0.5754	0.5138	114.82	337.50	281.88
2026-03-15T22:25:39.8704622+08:00	0x09	-0.6514	0.2685	0.6840	0.1889	186.64	270.51	322.16
2026-03-15T22:25:39.9219177+08:00	0x09	-0.6544	0.2525	0.6895	0.1806	185.75	271.14	324.23
2026-03-15T22:25:39.9609500+08:00	0x08	-0.4664	0.4224	0.5864	0.5101	121.03	330.84	283.78
2026-03-15T22:25:39.9769065+08:00	0x09	-0.6544	0.2525	0.6895	0.1806	185.75	271.14	324.23
2026-03-15T22:25:40.0283046+08:00	0x09	-0.6544	0.2456	0.6923	0.1795	185.12	271.60	324.90
2026-03-15T22:25:40.0686098+08:00	0x08	-0.4657	0.4297	0.5788	0.5133	118.15	333.56	282.71
2026-03-15T22:25:40.0815737+08:00	0x09	-0.6544	0.2456	0.6923	0.1795	185.12	271.60	324.90
2026-03-15T22:25:40.1217974+08:00	0x08	-0.4781	0.4488	0.5615	0.5048	122.47	329.11	279.39
2026-03-15T22:25:40.1397484+08:00	0x09	-0.6437	0.2448	0.7007	0.1866	183.79	273.64	324.32
2026-03-15T22:25:40.1873467+08:00	0x09	-0.6437	0.2448	0.7007	0.1866	183.79	273.64	324.32
2026-03-15T22:25:40.2234020+08:00	0x08	-0.4790	0.4514	0.5590	0.5043	122.58	328.97	278.97
2026-03-15T22:25:40.2433104+08:00	0x09	-0.6292	0.2332	0.7168	0.1896	181.51	276.97	325.05
2026-03-15T22:25:40.3010696+08:00	0x09	-0.6292	0.2332	0.7168	0.1896	181.51	276.97	325.05
2026-03-15T22:25:40.3334393+08:00	0x08	-0.4796	0.4589	0.5519	0.5047	120.67	330.86	277.81
2026-03-15T22:25:40.3518339+08:00	0x09	-0.6289	0.2344	0.7163	0.1909	181.50	276.95	324.83
2026-03-15T22:25:40.4029171+08:00	0x09	-0.6275	0.2320	0.7187	0.1896	181.30	277.34	325.15
2026-03-15T22:25:40.4148899+08:00	0x05	-0.0336	-0.0125	-0.8158	-0.5772	109.48	3.97	1.06
2026-03-15T22:25:40.4343848+08:00	0x08	-0.4790	0.4590	0.5509	0.5063	119.12	332.29	277.77
2026-03-15T22:25:40.4573155+08:00	0x09	-0.6275	0.2320	0.7187	0.1896	181.30	277.34	325.15
2026-03-15T22:25:40.5092910+08:00	0x09	-0.6271	0.2332	0.7185	0.1901	181.35	277.35	325.01
2026-03-15T22:25:40.5405768+08:00	0x08	-0.4762	0.4630	0.5472	0.5093	114.24	337.19	277.33
2026-03-15T22:25:40.5708217+08:00	0x09	-0.6271	0.2332	0.7185	0.1901	181.35	277.35	325.01
2026-03-15T22:25:40.6180988+08:00	0x09	-0.6263	0.2317	0.7199	0.1892	181.24	277.56	325.21
2026-03-15T22:25:40.6361458+08:00	0x08	-0.4746	0.4655	0.5440	0.5120	110.19	341.13	277.05
2026-03-15T22:25:40.6746297+08:00	0x09	-0.6263	0.2317	0.7199	0.1892	181.24	277.56	325.21
2026-03-15T22:25:40.7343833+08:00	0x09	-0.6254	0.2310	0.7210	0.1891	181.13	277.77	325.28
2026-03-15T22:25:40.7479892+08:00	0x08	-0.4718	0.4674	0.5417	0.5153	105.30	345.96	276.97
2026-03-15T22:25:40.7857320+08:00	0x09	-0.6254	0.2310	0.7210	0.1891	181.13	277.77	325.28
2026-03-15T22:25:40.8514916+08:00	0x09	-0.6243	0.2303	0.7221	0.1891	181.01	277.99	325.34
2026-03-15T22:25:40.8514916+08:00	0x08	-0.4689	0.4686	0.5400	0.5186	100.81	350.40	277.05
2026-03-15T22:25:40.8634378+08:00	0x05	-0.0336	-0.0125	-0.8158	-0.5772	109.48	3.97	1.06
2026-03-15T22:25:40.8960102+08:00	0x09	-0.6243	0.2303	0.7221	0.1891	181.01	277.99	325.34
2026-03-15T22:25:40.9551101+08:00	0x08	-0.4662	0.4700	0.5382	0.5216	96.50	354.67	277.13
2026-03-15T22:25:40.9934272+08:00	0x09	-0.6230	0.2289	0.7237	0.1891	180.80	278.31	325.46
2026-03-15T22:25:41.0053974+08:00	0x08	-0.4635	0.4714	0.5365	0.5245	92.43	358.71	277.23
2026-03-15T22:25:41.0456332+08:00	0x09	-0.6230	0.2289	0.7237	0.1891	180.80	278.31	325.46
2026-03-15T22:25:41.1045891+08:00	0x09	-0.6227	0.2290	0.7239	0.1893	180.77	278.36	325.44
2026-03-15T22:25:41.1145278+08:00	0x08	-0.4611	0.4736	0.5342	0.5271	88.13	2.99	277.26
2026-03-15T22:25:41.1634962+08:00	0x09	-0.6227	0.2290	0.7239	0.1893	180.77	278.36	325.44
2026-03-15T22:25:41.2157586+08:00	0x09	-0.6225	0.2292	0.7239	0.1896	180.76	278.38	325.40
2026-03-15T22:25:41.2157586+08:00	0x08	-0.4590	0.4757	0.5320	0.5291	84.32	6.81	277.30
2026-03-15T22:25:41.2681585+08:00	0x09	-0.6225	0.2292	0.7239	0.1896	180.76	278.38	325.40
2026-03-15T22:25:41.3200137+08:00	0x08	-0.4567	0.4779	0.5296	0.5315	80.18	10.93	277.37
2026-03-15T22:25:41.3339784+08:00	0x05	-0.0336	-0.0125	-0.8158	-0.5772	109.48	3.97	1.06
2026-03-15T22:25:41.3339784+08:00	0x09	-0.6225	0.2299	0.7236	0.1898	180.81	278.34	325.31
2026-03-15T22:25:41.3718029+08:00	0x09	-0.6225	0.2299	0.7236	0.1898	180.81	278.34	325.31
2026-03-15T22:25:41.4296486+08:00	0x08	-0.4544	0.4806	0.5268	0.5338	75.76	15.34	277.45
2026-03-15T22:25:41.4296486+08:00	0x09	-0.6226	0.2310	0.7231	0.1901	180.88	278.27	325.19
2026-03-15T22:25:41.4815107+08:00	0x09	-0.6226	0.2310	0.7231	0.1901	180.88	278.27	325.19
2026-03-15T22:25:41.5223216+08:00	0x08	-0.4523	0.4832	0.5241	0.5359	71.63	19.46	277.55
2026-03-15T22:25:41.5888257+08:00	0x09	-0.6231	0.2331	0.7218	0.1909	181.05	278.07	324.94
2026-03-15T22:25:41.6300450+08:00	0x08	-0.4503	0.4854	0.5218	0.5378	68.15	22.95	277.68
2026-03-15T22:25:41.6400224+08:00	0x09	-0.6231	0.2331	0.7218	0.1909	181.05	278.07	324.94
2026-03-15T22:25:41.6893418+08:00	0x09	-0.6231	0.2340	0.7213	0.1916	181.07	278.01	324.80
2026-03-15T22:25:41.7304494+08:00	0x08	-0.4482	0.4878	0.5192	0.5400	64.38	26.70	277.87
2026-03-15T22:25:41.7414045+08:00	0x09	-0.6231	0.2340	0.7213	0.1916	181.07	278.01	324.80
2026-03-15T22:25:41.7782867+08:00	0x05	-0.0336	-0.0125	-0.8158	-0.5772	109.48	3.97	1.06
2026-03-15T22:25:41.8005447+08:00	0x09	-0.6233	0.2349	0.7206	0.1925	181.08	277.94	324.66
2026-03-15T22:25:41.8395190+08:00	0x08	-0.4463	0.4898	0.5166	0.5422	61.11	29.92	278.08
2026-03-15T22:25:41.8545267+08:00	0x09	-0.6233	0.2349	0.7206	0.1925	181.08	277.94	324.66
2026-03-15T22:25:41.8906959+08:00	0x08	-0.4446	0.4915	0.5146	0.5440	58.59	32.42	278.28
2026-03-15T22:25:41.9061150+08:00	0x09	-0.6233	0.2355	0.7202	0.1931	181.09	277.90	324.55
2026-03-15T22:25:41.9602148+08:00	0x09	-0.6233	0.2355	0.7202	0.1931	181.09	277.90	324.55
2026-03-15T22:25:41.9933375+08:00	0x08	-0.4433	0.4927	0.5131	0.5453	56.82	34.18	278.44
2026-03-15T22:25:42.0170597+08:00	0x09	-0.6233	0.2359	0.7201	0.1934	181.09	277.89	324.49
2026-03-15T22:25:42.0684416+08:00	0x09	-0.6233	0.2359	0.7201	0.1934	181.09	277.89	324.49
2026-03-15T22:25:42.0974964+08:00	0x08	-0.4423	0.4936	0.5121	0.5464	55.54	35.44	278.57
