timestamp	device	q0	q1	q2	q3	yaw	pitch	roll
2026-06-15T21:39:53.6138000+08:00	0x09	-0.4982	0.5543	0.3830	0.5457	327.44	116.40	284.44
2026-06-15T21:39:53.7647253+08:00	0x02	-0.0123	0.0132	0.6732	0.7392	84.64	0.17	357.93
2026-06-15T21:39:53.8676031+08:00	0x04	-0.0134	-0.0339	-0.0048	0.9993	359.51	356.12	358.45
2026-06-15T21:39:53.8895463+08:00	0x03	-0.0201	-0.0227	0.1573	0.9871	18.15	357.07	358.13
2026-06-15T21:39:53.9187986+08:00	0x06	-0.2387	0.6496	0.1898	0.6965	356.78	87.04	324.61
2026-06-15T21:39:53.9652710+08:00	0x07	0.6313	-0.0178	-0.7738	0.0492	185.66	281.68	1.98
2026-06-15T21:39:54.1556404+08:00	0x04	-0.0134	-0.0339	-0.0048	0.9993	359.51	356.12	358.45
2026-06-15T21:39:54.1586208+08:00	0x01	-0.0120	-0.0273	0.1983	0.9797	22.90	356.66	359.28
2026-06-15T21:39:54.3520939+08:00	0x08	0.6580	-0.3272	-0.6412	-0.2213	192.04	263.48	314.71
2026-06-15T21:39:54.4568478+08:00	0x02	-0.0123	0.0132	0.6732	0.7392	84.64	0.17	357.94
2026-06-15T21:39:54.4887315+08:00	0x07	0.6599	0.1567	-0.7052	0.2065	185.57	275.27	29.57
2026-06-15T21:39:54.6686109+08:00	0x01	-0.0120	-0.0273	0.1983	0.9797	22.90	356.67	359.28
2026-06-15T21:39:54.7300803+08:00	0x09	0.0996	0.7236	-0.1864	0.6570	353.68	94.20	23.62
2026-06-15T21:39:54.8223437+08:00	0x02	-0.0123	0.0132	0.6732	0.7392	84.64	0.17	357.93
2026-06-15T21:39:54.9375529+08:00	0x03	-0.0201	-0.0227	0.1573	0.9871	18.15	357.07	358.13
2026-06-15T21:39:55.0591909+08:00	0x07	0.6593	0.1887	-0.6885	0.2359	185.32	274.15	34.81
2026-06-15T21:39:55.0871167+08:00	0x06	-0.2406	0.6520	0.1871	0.6943	356.22	87.60	324.69
2026-06-15T21:39:55.2713095+08:00	0x09	0.1621	0.7247	-0.2329	0.6279	356.08	97.03	32.76
2026-06-15T21:39:55.3479872+08:00	0x02	-0.0123	0.0132	0.6732	0.7392	84.64	0.17	357.93
2026-06-15T21:39:55.4585854+08:00	0x08	0.6686	-0.2970	-0.6541	-0.1921	191.02	264.70	319.80
2026-06-15T21:39:55.6092823+08:00	0x07	0.6429	0.2263	-0.6764	0.2790	186.65	275.44	41.68
2026-06-15T21:39:55.8229866+08:00	0x04	-0.0134	-0.0339	-0.0048	0.9993	359.51	356.12	358.45
2026-06-15T21:39:55.9245936+08:00	0x02	-0.0123	0.0132	0.6732	0.7392	84.64	0.17	357.93
2026-06-15T21:39:55.9459537+08:00	0x08	0.6694	-0.2946	-0.6553	-0.1892	190.98	264.80	320.25
2026-06-15T21:39:55.9733363+08:00	0x03	-0.0201	-0.0227	0.1573	0.9871	18.15	357.07	358.13
2026-06-15T21:39:56.0027462+08:00	0x09	0.1908	0.7169	-0.2567	0.6195	356.80	97.27	37.19
2026-06-15T21:39:56.1863318+08:00	0x06	-0.2242	0.6553	0.1739	0.7000	356.57	87.23	327.20
2026-06-15T21:39:56.2066189+08:00	0x07	0.6281	0.2617	-0.6600	0.3185	187.91	276.37	48.20
2026-06-15T21:39:56.3065467+08:00	0x09	0.2131	0.7097	-0.2753	0.6124	357.38	97.45	40.68
2026-06-15T21:39:56.3731467+08:00	0x04	-0.0134	-0.0339	-0.0048	0.9993	359.51	356.12	358.45
2026-06-15T21:39:56.5691099+08:00	0x03	-0.0201	-0.0227	0.1573	0.9871	18.15	357.07	358.13
2026-06-15T21:39:56.6557136+08:00	0x09	0.2391	0.7003	-0.2969	0.6035	358.10	97.71	44.79
2026-06-15T21:39:56.6699615+08:00	0x06	-0.2208	0.6563	0.1714	0.7008	356.64	87.22	327.70
2026-06-15T21:39:56.7200265+08:00	0x07	0.5970	0.3249	-0.6227	0.3877	191.00	278.80	60.17
2026-06-15T21:39:56.8214468+08:00	0x09	0.2146	0.7092	-0.2766	0.6119	357.41	97.46	40.91
2026-06-15T21:39:56.9191739+08:00	0x04	-0.0134	-0.0339	-0.0048	0.9993	359.51	356.12	358.45
2026-06-15T21:39:56.9381229+08:00	0x01	-0.0120	-0.0273	0.1983	0.9797	22.91	356.66	359.28
2026-06-15T21:39:57.1070549+08:00	0x03	-0.0201	-0.0227	0.1573	0.9871	18.15	357.07	358.13
2026-06-15T21:39:57.1633823+08:00	0x09	0.2138	0.7095	-0.2759	0.6122	357.39	97.45	40.79
2026-06-15T21:39:57.3289309+08:00	0x07	0.5776	0.3585	-0.5993	0.4229	193.53	281.03	66.65
2026-06-15T21:39:57.3658305+08:00	0x09	0.2864	0.6822	-0.3367	0.5824	359.86	98.95	52.47
2026-06-15T21:39:57.4416667+08:00	0x04	-0.0134	-0.0339	-0.0048	0.9993	359.51	356.12	358.45
2026-06-15T21:39:57.5236113+08:00	0x02	-0.0123	0.0132	0.6732	0.7392	84.64	0.17	357.93
2026-06-15T21:39:57.6562914+08:00	0x08	0.6718	-0.2906	-0.6559	-0.1845	191.00	264.73	321.02
2026-06-15T21:39:57.7378746+08:00	0x06	-0.2175	0.6568	0.1673	0.7023	356.58	87.13	328.31
2026-06-15T21:39:57.8558924+08:00	0x07	0.5556	0.3914	-0.5754	0.4550	197.60	285.06	72.95
2026-06-15T21:39:57.9530584+08:00	0x09	0.3091	0.6725	-0.3593	0.5684	0.76	100.00	56.58
2026-06-15T21:39:57.9737339+08:00	0x04	-0.0134	-0.0339	-0.0048	0.9993	359.51	356.12	358.45
2026-06-15T21:39:58.1888254+08:00	0x03	-0.0201	-0.0227	0.1573	0.9871	18.15	357.07	358.13
2026-06-15T21:39:58.3395863+08:00	0x06	-0.2102	0.6561	0.1480	0.7096	355.67	86.65	330.49
2026-06-15T21:39:58.5249855+08:00	0x09	0.3551	0.6535	-0.4131	0.5255	4.21	105.12	65.94
2026-06-15T21:39:58.5956548+08:00	0x04	-0.0134	-0.0339	-0.0048	0.9993	359.51	356.12	358.45
2026-06-15T21:39:58.6237368+08:00	0x01	-0.0120	-0.0273	0.1984	0.9797	22.92	356.67	359.28
2026-06-15T21:39:58.7027868+08:00	0x03	-0.0201	-0.0227	0.1573	0.9871	18.15	357.07	358.13
2026-06-15T21:39:58.8198765+08:00	0x06	-0.1998	0.6611	0.1104	0.7147	353.23	87.07	334.43
2026-06-15T21:39:58.9270599+08:00	0x07	0.5329	0.4397	-0.5782	0.4340	187.99	280.93	76.18
2026-06-15T21:39:59.0208883+08:00	0x09	0.2605	0.6509	-0.3834	0.6012	347.94	88.34	54.33
2026-06-15T21:39:59.0704527+08:00	0x04	-0.0134	-0.0339	-0.0048	0.9993	359.51	356.12	358.45
2026-06-15T21:39:59.2278781+08:00	0x01	-0.0119	-0.0273	0.1984	0.9797	22.92	356.66	359.28
2026-06-15T21:39:59.2681235+08:00	0x03	-0.0201	-0.0227	0.1573	0.9871	18.15	357.07	358.13
2026-06-15T21:39:59.4236147+08:00	0x06	-0.2637	0.6272	0.1575	0.7157	352.60	84.80	324.90
2026-06-15T21:39:59.5571481+08:00	0x09	0.2634	0.6511	-0.3844	0.5991	348.27	88.69	54.70
2026-06-15T21:39:59.6538220+08:00	0x04	-0.0134	-0.0339	-0.0048	0.9993	359.51	356.12	358.45
2026-06-15T21:39:59.6697787+08:00	0x02	-0.0123	0.0132	0.6732	0.7392	84.64	0.17	357.94
2026-06-15T21:39:59.7732601+08:00	0x01	-0.0120	-0.0273	0.1984	0.9797	22.92	356.67	359.28
2026-06-15T21:39:59.8403159+08:00	0x03	-0.0201	-0.0227	0.1573	0.9871	18.15	357.07	358.13
2026-06-15T21:40:00.0027566+08:00	0x07	0.4951	0.5102	-0.5131	0.4808	144.98	237.69	88.82
2026-06-15T21:40:00.0366659+08:00	0x06	-0.2468	0.6276	0.1365	0.7256	352.44	83.88	328.02
2026-06-15T21:40:00.1058461+08:00	0x09	-0.0136	0.3789	-0.2957	0.8768	327.33	43.34	11.55
2026-06-15T21:40:00.2205309+08:00	0x04	-0.0134	-0.0339	-0.0048	0.9993	359.51	356.12	358.45
2026-06-15T21:40:00.2856590+08:00	0x01	-0.0119	-0.0272	0.1984	0.9797	22.92	356.67	359.28
2026-06-15T21:40:00.3829715+08:00	0x03	-0.0201	-0.0227	0.1573	0.9871	18.15	357.07	358.13
2026-06-15T21:40:00.4204805+08:00	0x08	0.3514	-0.0788	-0.8553	-0.3726	140.66	323.79	336.63
2026-06-15T21:40:00.4737931+08:00	0x06	-0.2293	0.6326	0.1173	0.7304	352.21	83.80	331.09
2026-06-15T21:40:00.5427770+08:00	0x07	0.4915	0.5095	-0.5170	0.4812	169.67	262.75	88.97
2026-06-15T21:40:00.6885910+08:00	0x09	-0.1230	0.3419	-0.0358	0.9310	351.14	41.25	348.20
2026-06-15T21:40:00.7840974+08:00	0x02	-0.0123	0.0132	0.6732	0.7392	84.64	0.17	357.94
2026-06-15T21:40:00.8688657+08:00	0x01	-0.0120	-0.0272	0.1985	0.9797	22.93	356.67	359.28
2026-06-15T21:40:00.9523153+08:00	0x03	-0.0201	-0.0227	0.1573	0.9871	18.15	357.07	358.13
2026-06-15T21:40:00.9977782+08:00	0x06	-0.2236	0.6347	0.1109	0.7314	352.10	83.86	332.11
2026-06-15T21:40:01.1406034+08:00	0x07	0.4975	0.5088	-0.5172	0.4755	154.55	247.59	88.09
2026-06-15T21:40:01.1616802+08:00	0x09	-0.1865	0.3186	0.1611	0.9153	11.33	35.73	333.64
2026-06-15T21:40:01.3049715+08:00	0x04	-0.0134	-0.0339	-0.0048	0.9993	359.51	356.12	358.45
2026-06-15T21:40:01.4207052+08:00	0x01	-0.0120	-0.0272	0.1985	0.9797	22.93	356.67	359.27
2026-06-15T21:40:01.4704838+08:00	0x08	0.3625	-0.0857	-0.8519	-0.3680	141.67	322.49	335.62
2026-06-15T21:40:01.5734486+08:00	0x06	-0.2290	0.6297	0.1166	0.7331	352.29	83.31	331.14
2026-06-15T21:40:01.6869393+08:00	0x07	0.5038	0.5081	-0.5169	0.4699	148.20	241.14	87.17
2026-06-15T21:40:01.7200184+08:00	0x09	-0.2088	0.2938	0.2674	0.8936	24.77	29.18	327.98
2026-06-15T21:40:01.8206431+08:00	0x04	-0.0134	-0.0338	-0.0048	0.9993	359.51	356.13	358.45
2026-06-15T21:40:01.8734596+08:00	0x02	-0.0123	0.0132	0.6732	0.7392	84.64	0.17	357.94
2026-06-15T21:40:01.9576179+08:00	0x01	-0.0120	-0.0273	0.1985	0.9797	22.93	356.67	359.28
2026-06-15T21:40:02.0037133+08:00	0x08	0.3322	-0.0873	-0.8348	-0.4304	132.92	327.90	334.43
2026-06-15T21:40:02.0877258+08:00	0x06	-0.2236	0.6287	0.1055	0.7373	351.86	82.90	332.46
2026-06-15T21:40:02.2158360+08:00	0x07	0.5303	0.4913	-0.5270	0.4468	156.94	249.31	82.63
2026-06-15T21:40:02.2926935+08:00	0x09	-0.2520	0.2339	0.4007	0.8492	45.56	14.35	322.01
2026-06-15T21:40:02.4076868+08:00	0x04	-0.0134	-0.0339	-0.0048	0.9993	359.51	356.12	358.45
2026-06-15T21:40:02.5371412+08:00	0x01	-0.0120	-0.0273	0.1985	0.9797	22.93	356.67	359.28
2026-06-15T21:40:02.5985898+08:00	0x08	0.2992	-0.0560	-0.8410	-0.4474	129.54	330.92	338.78
2026-06-15T21:40:02.7427182+08:00	0x07	0.5429	0.4895	-0.5276	0.4328	152.89	245.28	80.55
2026-06-15T21:40:02.9035701+08:00	0x09	-0.2194	0.1424	0.4916	0.8306	60.86	1.39	329.71
2026-06-15T21:40:03.0339159+08:00	0x01	-0.0120	-0.0273	0.1985	0.9796	22.93	356.66	359.28
2026-06-15T21:40:03.0818105+08:00	0x08	0.2565	0.0534	-0.8463	-0.4637	124.78	330.71	351.52
2026-06-15T21:40:03.1255642+08:00	0x06	-0.2332	0.6083	0.1083	0.7509	352.06	80.06	331.19
2026-06-15T21:40:03.1896566+08:00	0x02	-0.0123	0.0132	0.6732	0.7392	84.64	0.17	357.94
2026-06-15T21:40:03.3211217+08:00	0x07	0.5763	0.4572	-0.5517	0.3931	161.16	253.45	73.24
2026-06-15T21:40:03.3576388+08:00	0x09	-0.2528	0.1142	0.5545	0.7846	72.42	353.18	328.45
2026-06-15T21:40:03.5038261+08:00	0x04	-0.0134	-0.0339	-0.0048	0.9993	359.51	356.12	358.45
2026-06-15T21:40:03.6366654+08:00	0x01	-0.0120	-0.0273	0.1985	0.9796	22.93	356.66	359.28
2026-06-15T21:40:03.6869349+08:00	0x08	0.2645	0.0226	-0.8222	-0.5034	120.36	331.94	346.75
2026-06-15T21:40:03.8375510+08:00	0x07	0.5933	0.4309	-0.5699	0.3709	165.93	258.06	68.63
2026-06-15T21:40:03.9469895+08:00	0x09	-0.2339	0.0973	0.5825	0.7723	76.07	352.02	331.67
2026-06-15T21:40:03.9920546+08:00	0x04	-0.0134	-0.0339	-0.0048	0.9993	359.51	356.12	358.45
2026-06-15T21:40:04.0582560+08:00	0x02	-0.0123	0.0132	0.6732	0.7392	84.64	0.17	357.94
2026-06-15T21:40:04.1383144+08:00	0x08	0.3664	-0.1066	-0.7910	-0.4783	127.45	326.03	328.73
2026-06-15T21:40:04.1742505+08:00	0x03	-0.0201	-0.0227	0.1573	0.9871	18.15	357.07	358.13
2026-06-15T21:40:04.3238657+08:00	0x06	-0.1974	0.6503	0.0663	0.7306	350.08	85.28	338.00
2026-06-15T21:40:04.5246661+08:00	0x04	-0.0134	-0.0339	-0.0048	0.9993	359.51	356.12	358.45
2026-06-15T21:40:04.6245769+08:00	0x02	-0.0123	0.0132	0.6732	0.7392	84.64	0.17	357.94
2026-06-15T21:40:04.6927454+08:00	0x03	-0.0201	-0.0227	0.1573	0.9871	18.15	357.07	358.13
2026-06-15T21:40:04.7248588+08:00	0x01	-0.0120	-0.0274	0.1986	0.9796	22.94	356.65	359.28
2026-06-15T21:40:04.8575030+08:00	0x06	-0.1390	0.6848	-0.0076	0.7153	348.17	88.63	349.13
2026-06-15T21:40:05.0213099+08:00	0x09	-0.2647	0.1070	0.5954	0.7510	79.78	349.55	328.33
2026-06-15T21:40:05.0810091+08:00	0x04	-0.0134	-0.0339	-0.0048	0.9993	359.51	356.12	358.45
2026-06-15T21:40:05.1919056+08:00	0x02	-0.0123	0.0132	0.6732	0.7392	84.64	0.17	357.93
2026-06-15T21:40:05.3075983+08:00	0x03	-0.0201	-0.0227	0.1573	0.9871	18.15	357.07	358.13
2026-06-15T21:40:05.3879057+08:00	0x07	0.5457	0.3658	-0.6591	0.3661	190.17	286.86	61.85
2026-06-15T21:40:05.4803383+08:00	0x08	0.3634	-0.1028	-0.7922	-0.4793	127.19	326.26	329.26
2026-06-15T21:40:05.6416391+08:00	0x09	-0.4936	0.7027	0.0707	0.5076	308.95	126.42	323.10
2026-06-15T21:40:05.7059018+08:00	0x02	-0.0123	0.0132	0.6732	0.7392	84.64	0.17	357.93
2026-06-15T21:40:05.7986456+08:00	0x03	-0.0201	-0.0227	0.1573	0.9871	18.15	357.07	358.13
2026-06-15T21:40:05.8144311+08:00	0x01	-0.0120	-0.0273	0.1986	0.9796	22.94	356.66	359.28
2026-06-15T21:40:05.9288591+08:00	0x07	0.5259	0.3464	-0.6674	0.3976	200.56	295.89	61.70
2026-06-15T21:40:06.1581007+08:00	0x09	-0.3784	0.7773	0.0280	0.5017	321.80	123.11	334.96
2026-06-15T21:40:06.2520561+08:00	0x04	-0.0134	-0.0339	-0.0048	0.9993	359.51	356.12	358.45
2026-06-15T21:40:06.3094865+08:00	0x02	-0.0123	0.0132	0.6732	0.7392	84.64	0.17	357.94
2026-06-15T21:40:06.3629410+08:00	0x03	-0.0202	-0.0227	0.1573	0.9871	18.15	357.07	358.13
2026-06-15T21:40:06.3879521+08:00	0x01	-0.0120	-0.0274	0.1986	0.9796	22.94	356.65	359.28
2026-06-15T21:40:06.5378987+08:00	0x06	-0.1502	0.6409	0.0822	0.7483	355.78	81.87	340.73
2026-06-15T21:40:06.8052106+08:00	0x02	-0.0123	0.0132	0.6732	0.7392	84.64	0.17	357.93
2026-06-15T21:40:06.8243859+08:00	0x04	-0.0134	-0.0339	-0.0048	0.9993	359.51	356.12	358.45
2026-06-15T21:40:06.8719203+08:00	0x09	-0.2884	0.8204	0.0069	0.4936	330.77	122.46	342.77
2026-06-15T21:40:06.9772639+08:00	0x06	-0.1621	0.6386	0.0927	0.7466	355.78	81.87	338.87
2026-06-15T21:40:07.0459837+08:00	0x07	0.5420	0.3392	-0.6678	0.3809	196.39	291.37	60.01
2026-06-15T21:40:07.2206054+08:00	0x09	-0.2149	0.8495	-0.0414	0.4800	335.87	122.74	352.18
2026-06-15T21:40:07.3309406+08:00	0x04	-0.0134	-0.0339	-0.0048	0.9993	359.51	356.12	358.45
2026-06-15T21:40:07.3808084+08:00	0x08	0.6292	-0.5187	-0.3985	-0.4198	251.03	191.31	289.67
2026-06-15T21:40:07.4666914+08:00	0x03	-0.0201	-0.0226	0.1573	0.9871	18.15	357.07	358.13
2026-06-15T21:40:07.5377621+08:00	0x07	0.5426	0.3375	-0.6683	0.3808	196.49	291.38	59.81
2026-06-15T21:40:07.5868251+08:00	0x06	-0.1670	0.6359	0.1010	0.7467	356.19	81.59	337.80
2026-06-15T21:40:07.7410375+08:00	0x09	-0.1627	0.8618	-0.0722	0.4750	339.56	122.59	358.27
2026-06-15T21:40:07.8216127+08:00	0x04	-0.0134	-0.0339	-0.0048	0.9993	359.51	356.12	358.45
2026-06-15T21:40:07.9043068+08:00	0x02	-0.0123	0.0133	0.6732	0.7392	84.64	0.17	357.93
2026-06-15T21:40:07.9501804+08:00	0x08	0.6629	-0.4923	-0.4314	-0.3636	233.49	210.48	294.95
2026-06-15T21:40:08.0515876+08:00	0x01	-0.0120	-0.0274	0.1986	0.9796	22.95	356.65	359.28
2026-06-15T21:40:08.0913589+08:00	0x07	0.5396	0.3409	-0.6653	0.3873	197.50	292.21	60.64
2026-06-15T21:40:08.3181805+08:00	0x04	-0.0134	-0.0339	-0.0048	0.9993	359.51	356.12	358.45
2026-06-15T21:40:08.3391833+08:00	0x09	-0.1246	0.8710	-0.0827	0.4679	342.86	123.27	1.58
2026-06-15T21:40:08.4744426+08:00	0x02	-0.0123	0.0133	0.6732	0.7392	84.64	0.18	357.93
2026-06-15T21:40:08.5752030+08:00	0x03	-0.0201	-0.0226	0.1573	0.9871	18.15	357.07	358.13
2026-06-15T21:40:08.6298487+08:00	0x07	0.5359	0.3450	-0.6621	0.3943	198.66	293.21	61.57
2026-06-15T21:40:08.9190668+08:00	0x04	-0.0134	-0.0338	-0.0048	0.9993	359.51	356.13	358.45
2026-06-15T21:40:09.0376897+08:00	0x02	-0.0123	0.0132	0.6732	0.7392	84.64	0.17	357.93
2026-06-15T21:40:09.0746948+08:00	0x08	0.6737	-0.4825	-0.4382	-0.3484	229.78	214.25	296.84
2026-06-15T21:40:09.1387602+08:00	0x01	-0.0120	-0.0274	0.1987	0.9796	22.95	356.65	359.28
2026-06-15T21:40:09.2923164+08:00	0x07	0.5323	0.3502	-0.6598	0.3984	199.28	293.96	62.40
2026-06-15T21:40:09.4489619+08:00	0x09	-0.0933	0.8763	-0.0956	0.4629	345.35	123.71	4.65
2026-06-15T21:40:09.5545430+08:00	0x02	-0.0123	0.0132	0.6732	0.7392	84.64	0.17	357.93
2026-06-15T21:40:09.6320305+08:00	0x03	-0.0201	-0.0226	0.1573	0.9871	18.15	357.07	358.13
2026-06-15T21:40:09.7123605+08:00	0x01	-0.0119	-0.0275	0.1987	0.9796	22.95	356.64	359.29
2026-06-15T21:40:09.9585957+08:00	0x09	-0.0406	0.8821	-0.1220	0.4532	349.33	124.65	10.28
2026-06-15T21:40:10.1380376+08:00	0x02	-0.0123	0.0132	0.6732	0.7392	84.64	0.17	357.93
2026-06-15T21:40:10.1759431+08:00	0x03	-0.0201	-0.0226	0.1573	0.9871	18.15	357.07	358.13
2026-06-15T21:40:10.2236242+08:00	0x07	0.5251	0.3604	-0.6514	0.4124	201.66	296.03	64.50
2026-06-15T21:40:10.3085136+08:00	0x08	0.6819	-0.4728	-0.4420	-0.3406	226.98	216.65	298.05
2026-06-15T21:40:10.5063406+08:00	0x09	-0.0304	0.8842	-0.1189	0.4507	350.58	125.11	10.53
2026-06-15T21:40:10.6461978+08:00	0x02	-0.0123	0.0132	0.6732	0.7392	84.64	0.17	357.93
2026-06-15T21:40:10.6883102+08:00	0x03	-0.0201	-0.0226	0.1573	0.9871	18.15	357.07	358.13
2026-06-15T21:40:10.7559780+08:00	0x07	0.5207	0.3650	-0.6468	0.4210	203.47	297.58	65.59
2026-06-15T21:40:10.9783636+08:00	0x04	-0.0134	-0.0338	-0.0048	0.9993	359.51	356.13	358.45
2026-06-15T21:40:11.0888290+08:00	0x09	-0.0190	0.8847	-0.1253	0.4487	351.42	125.33	11.81
2026-06-15T21:40:11.2221396+08:00	0x03	-0.0201	-0.0226	0.1573	0.9871	18.15	357.07	358.13
2026-06-15T21:40:11.2601759+08:00	0x02	-0.0123	0.0132	0.6732	0.7392	84.64	0.17	357.93
2026-06-15T21:40:11.3296113+08:00	0x07	0.5166	0.3714	-0.6415	0.4285	204.95	298.92	66.82
2026-06-15T21:40:11.5748520+08:00	0x04	-0.0134	-0.0339	-0.0048	0.9993	359.51	356.12	358.45
2026-06-15T21:40:11.7388892+08:00	0x02	-0.0123	0.0132	0.6732	0.7392	84.64	0.17	357.93
2026-06-15T21:40:11.7888222+08:00	0x08	0.6817	-0.4703	-0.4527	-0.3305	225.23	219.49	298.80
2026-06-15T21:40:11.8287242+08:00	0x03	-0.0201	-0.0227	0.1573	0.9871	18.15	357.07	358.13
2026-06-15T21:40:11.8554932+08:00	0x07	0.5161	0.3742	-0.6372	0.4332	205.70	299.33	67.52
2026-06-15T21:40:11.9059071+08:00	0x01	-0.0119	-0.0275	0.1987	0.9796	22.96	356.64	359.29
2026-06-15T21:40:12.0721236+08:00	0x04	-0.0134	-0.0339	-0.0048	0.9993	359.51	356.12	358.45
2026-06-15T21:40:12.1313756+08:00	0x09	0.0283	0.8815	-0.1952	0.4291	352.73	126.69	21.61
2026-06-15T21:40:12.3432558+08:00	0x02	-0.0123	0.0132	0.6732	0.7392	84.64	0.17	357.93
2026-06-15T21:40:12.3709637+08:00	0x07	0.4815	0.3968	-0.6313	0.4605	217.37	312.38	70.83
2026-06-15T21:40:12.4821891+08:00	0x01	-0.0119	-0.0275	0.1988	0.9796	22.96	356.64	359.29
2026-06-15T21:40:12.6438416+08:00	0x09	0.0113	0.8902	-0.1614	0.4260	352.94	127.78	17.28
2026-06-15T21:40:12.6927553+08:00	0x04	-0.0134	-0.0338	-0.0048	0.9993	359.51	356.13	358.45
2026-06-15T21:40:12.7776371+08:00	0x02	-0.0123	0.0132	0.6732	0.7392	84.64	0.17	357.94
2026-06-15T21:40:12.8395162+08:00	0x03	-0.0201	-0.0227	0.1573	0.9871	18.15	357.07	358.13
2026-06-15T21:40:12.9089734+08:00	0x07	0.4679	0.3841	-0.6308	0.4854	227.28	320.86	69.86
2026-06-15T21:40:12.9627252+08:00	0x06	-0.1553	0.6174	0.1113	0.7631	358.65	78.22	338.01
2026-06-15T21:40:13.2303345+08:00	0x09	0.0324	0.8873	-0.1645	0.4297	354.92	127.48	18.65
2026-06-15T21:40:13.4111509+08:00	0x02	-0.0123	0.0132	0.6732	0.7392	84.64	0.17	357.94
2026-06-15T21:40:13.4410637+08:00	0x03	-0.0201	-0.0226	0.1573	0.9871	18.15	357.07	358.13
2026-06-15T21:40:13.4757043+08:00	0x07	0.4801	0.3849	-0.6232	0.4827	224.31	316.95	70.60
2026-06-15T21:40:13.5016328+08:00	0x08	0.6622	-0.4936	-0.4278	-0.3672	234.41	209.25	294.68
2026-06-15T21:40:13.5600644+08:00	0x01	-0.0119	-0.0275	0.1988	0.9796	22.97	356.64	359.29
2026-06-15T21:40:13.7557578+08:00	0x04	-0.0134	-0.0338	-0.0048	0.9993	359.51	356.13	358.45
2026-06-15T21:40:13.7766175+08:00	0x09	0.0406	0.8865	-0.1695	0.4287	355.53	127.61	19.60
2026-06-15T21:40:13.9596267+08:00	0x03	-0.0201	-0.0226	0.1573	0.9871	18.15	357.07	358.13
2026-06-15T21:40:14.0061405+08:00	0x02	-0.0123	0.0132	0.6732	0.7392	84.64	0.17	357.94
2026-06-15T21:40:14.1011520+08:00	0x08	0.6584	-0.4964	-0.4271	-0.3711	235.46	208.33	294.12
2026-06-15T21:40:14.2962249+08:00	0x09	0.0366	0.8882	-0.1694	0.4255	355.19	127.98	19.39
2026-06-15T21:40:14.3390452+08:00	0x04	-0.0134	-0.0338	-0.0048	0.9993	359.51	356.13	358.45
2026-06-15T21:40:14.4067143+08:00	0x02	-0.0123	0.0132	0.6732	0.7392	84.64	0.17	357.94
2026-06-15T21:40:14.5710736+08:00	0x03	-0.0201	-0.0226	0.1573	0.9871	18.15	357.07	358.13
2026-06-15T21:40:14.6081191+08:00	0x07	0.4863	0.3829	-0.6339	0.4638	217.93	311.82	69.47
2026-06-15T21:40:14.8941094+08:00	0x09	0.0732	0.9257	-0.1566	0.3365	1.83	140.37	19.83
2026-06-15T21:40:14.9688911+08:00	0x02	-0.0123	0.0132	0.6732	0.7392	84.64	0.17	357.94
2026-06-15T21:40:15.0426961+08:00	0x03	-0.0201	-0.0226	0.1573	0.9871	18.15	357.07	358.13
2026-06-15T21:40:15.1177744+08:00	0x07	0.4970	0.4276	-0.6015	0.4564	209.65	304.02	75.48
2026-06-15T21:40:15.1571326+08:00	0x01	-0.0119	-0.0275	0.1989	0.9796	22.97	356.64	359.29
2026-06-15T21:40:15.1926362+08:00	0x06	-0.2250	0.6385	0.1409	0.7224	354.43	84.46	329.67
2026-06-15T21:40:15.4060188+08:00	0x04	-0.0134	-0.0338	-0.0048	0.9993	359.51	356.13	358.45
2026-06-15T21:40:15.4399278+08:00	0x09	-0.0132	0.7887	-0.1088	0.6050	351.12	104.32	8.95
2026-06-15T21:40:15.4881443+08:00	0x02	-0.0123	0.0132	0.6732	0.7392	84.64	0.17	357.94
2026-06-15T21:40:15.5758488+08:00	0x03	-0.0201	-0.0226	0.1573	0.9871	18.15	357.07	358.13
2026-06-15T21:40:15.6649920+08:00	0x08	0.6313	-0.3614	-0.6201	-0.2939	189.21	264.18	304.99
2026-06-15T21:40:15.6754984+08:00	0x07	0.4918	0.4537	-0.5519	0.4977	227.94	318.86	82.02
2026-06-15T21:40:15.7266454+08:00	0x06	-0.2498	0.6459	0.1737	0.7002	354.43	87.14	324.96
2026-06-15T21:40:15.9730032+08:00	0x09	0.0228	0.7492	-0.1208	0.6508	352.76	97.27	12.16
2026-06-15T21:40:16.0724750+08:00	0x02	-0.0123	0.0133	0.6732	0.7392	84.64	0.17	357.93
2026-06-15T21:40:16.2186341+08:00	0x07	0.4987	0.4545	-0.5342	0.5093	233.17	322.05	83.48
2026-06-15T21:40:16.2570239+08:00	0x06	-0.2450	0.6522	0.1773	0.6951	354.89	87.96	325.12
2026-06-15T21:40:16.4100820+08:00	0x01	-0.0119	-0.0275	0.1989	0.9796	22.98	356.64	359.29
2026-06-15T21:40:16.4947140+08:00	0x09	0.0495	0.7471	-0.1301	0.6499	354.35	97.22	15.00
2026-06-15T21:40:16.6102957+08:00	0x04	-0.0134	-0.0338	-0.0048	0.9993	359.51	356.13	358.45
2026-06-15T21:40:16.7257637+08:00	0x07	0.4971	0.4449	-0.5450	0.5079	231.62	320.74	81.84
2026-06-15T21:40:16.7602026+08:00	0x08	0.6310	-0.3430	-0.6427	-0.2666	188.25	267.12	308.98
2026-06-15T21:40:17.0946573+08:00	0x09	0.0082	0.8393	-0.1153	0.5312	353.63	114.69	11.67
2026-06-15T21:40:17.1412718+08:00	0x03	-0.0201	-0.0226	0.1573	0.9871	18.15	357.08	358.13
2026-06-15T21:40:17.1568368+08:00	0x02	-0.0123	0.0133	0.6732	0.7392	84.64	0.17	357.93
2026-06-15T21:40:17.2295961+08:00	0x08	0.6310	-0.3436	-0.6421	-0.2674	188.27	267.03	308.86
2026-06-15T21:40:17.2726522+08:00	0x07	0.4422	0.4536	-0.5779	0.5145	253.02	347.33	78.33
2026-06-15T21:40:17.3108955+08:00	0x01	-0.0119	-0.0275	0.1989	0.9796	22.98	356.64	359.29
2026-06-15T21:40:17.7033251+08:00	0x09	0.0677	0.7680	-0.0232	0.6364	4.30	100.97	6.99
2026-06-15T21:40:17.7472036+08:00	0x08	0.4248	-0.0780	-0.8919	-0.1344	169.67	310.40	345.33
2026-06-15T21:40:17.8344667+08:00	0x07	0.4165	0.4763	-0.5532	0.5419	281.46	15.56	78.06
2026-06-15T21:40:17.8989816+08:00	0x01	-0.0120	-0.0275	0.1989	0.9796	22.98	356.64	359.28
2026-06-15T21:40:18.1511415+08:00	0x09	0.1531	0.7319	-0.0478	0.6622	9.62	97.07	15.83
2026-06-15T21:40:18.1896527+08:00	0x04	-0.0134	-0.0338	-0.0048	0.9993	359.51	356.13	358.45
2026-06-15T21:40:18.2420875+08:00	0x03	-0.0201	-0.0226	0.1573	0.9871	18.15	357.07	358.13
2026-06-15T21:40:18.2606178+08:00	0x02	-0.0123	0.0133	0.6732	0.7392	84.64	0.17	357.93
2026-06-15T21:40:18.3688921+08:00	0x07	0.3943	0.4945	-0.5318	0.5632	300.56	34.53	75.95
2026-06-15T21:40:18.3955330+08:00	0x06	-0.2676	0.6231	0.1770	0.7133	354.18	84.23	322.96
2026-06-15T21:40:18.4461913+08:00	0x01	-0.0119	-0.0275	0.1990	0.9795	22.98	356.64	359.29
2026-06-15T21:40:18.6903794+08:00	0x09	0.0539	0.7828	0.0781	0.6150	10.41	103.40	356.79
2026-06-15T21:40:18.7539218+08:00	0x03	-0.0201	-0.0226	0.1573	0.9871	18.15	357.07	358.13
2026-06-15T21:40:18.8246442+08:00	0x08	0.4427	-0.1355	-0.8784	-0.1191	174.55	307.47	339.91
2026-06-15T21:40:18.8915451+08:00	0x07	0.3807	0.5023	-0.5223	0.5744	307.10	41.12	74.17
2026-06-15T21:40:18.9737782+08:00	0x01	-0.0119	-0.0276	0.1990	0.9795	22.98	356.63	359.29
2026-06-15T21:40:19.2908779+08:00	0x09	0.0132	0.7317	0.1304	0.6689	11.34	94.15	350.03
2026-06-15T21:40:19.3319432+08:00	0x02	-0.0123	0.0133	0.6732	0.7392	84.64	0.17	357.93
2026-06-15T21:40:19.3595298+08:00	0x03	-0.0201	-0.0226	0.1573	0.9871	18.15	357.07	358.13
2026-06-15T21:40:19.4279820+08:00	0x07	0.3889	0.5066	-0.5272	0.5605	305.71	40.59	75.97
2026-06-15T21:40:19.5583053+08:00	0x01	-0.0119	-0.0276	0.1990	0.9795	22.99	356.63	359.29
2026-06-15T21:40:19.5942576+08:00	0x06	-0.2245	0.6377	0.1289	0.7255	353.45	84.34	330.65
2026-06-15T21:40:19.8104507+08:00	0x09	-0.0194	0.7352	0.1608	0.6582	10.95	94.86	344.81
2026-06-15T21:40:19.8907105+08:00	0x08	0.4794	-0.2850	-0.8176	-0.1435	182.78	298.30	322.88
2026-06-15T21:40:19.9076657+08:00	0x03	-0.0202	-0.0226	0.1573	0.9871	18.15	357.07	358.13
2026-06-15T21:40:19.9246180+08:00	0x02	-0.0123	0.0132	0.6732	0.7392	84.64	0.17	357.93
2026-06-15T21:40:20.0415972+08:00	0x07	0.3870	0.5092	-0.5236	0.5628	307.91	42.70	75.67
2026-06-15T21:40:20.0600361+08:00	0x01	-0.0119	-0.0276	0.1990	0.9795	22.99	356.63	359.29
2026-06-15T21:40:20.3945466+08:00	0x08	0.4523	-0.3301	-0.7996	-0.2170	175.98	302.74	313.60
2026-06-15T21:40:20.4140552+08:00	0x09	-0.0574	0.7355	0.1958	0.6460	10.42	95.46	338.77
2026-06-15T21:40:20.4276109+08:00	0x03	-0.0202	-0.0226	0.1573	0.9871	18.15	357.07	358.13
2026-06-15T21:40:20.4607269+08:00	0x02	-0.0123	0.0132	0.6732	0.7392	84.64	0.17	357.93
2026-06-15T21:40:20.5579666+08:00	0x07	0.3900	0.5081	-0.5228	0.5626	307.86	42.38	75.93
2026-06-15T21:40:20.6021901+08:00	0x06	-0.2237	0.6451	0.1283	0.7193	353.16	85.55	330.83
2026-06-15T21:40:20.9629819+08:00	0x09	-0.0823	0.7351	0.2193	0.6362	10.07	95.98	334.71
2026-06-15T21:40:20.9798104+08:00	0x08	0.4528	-0.3321	-0.8001	-0.2109	176.96	302.29	313.74
2026-06-15T21:40:21.0087925+08:00	0x03	-0.0201	-0.0226	0.1573	0.9871	18.15	357.07	358.13
2026-06-15T21:40:21.1453266+08:00	0x06	-0.2288	0.6433	0.1383	0.7174	353.61	85.51	329.59
2026-06-15T21:40:21.2144566+08:00	0x01	-0.0119	-0.0275	0.1990	0.9795	22.99	356.64	359.29
2026-06-15T21:40:21.2281885+08:00	0x07	0.3879	0.5108	-0.5178	0.5661	310.60	44.91	75.51
2026-06-15T21:40:21.4643594+08:00	0x02	-0.0123	0.0132	0.6732	0.7392	84.64	0.17	357.93
2026-06-15T21:40:21.5105376+08:00	0x09	-0.1469	0.7482	0.2375	0.6018	4.47	101.09	327.84
2026-06-15T21:40:21.6744651+08:00	0x07	0.3697	0.5246	-0.4910	0.5891	322.04	55.34	71.94
2026-06-15T21:40:21.9910815+08:00	0x02	-0.0123	0.0132	0.6732	0.7392	84.64	0.17	357.93
2026-06-15T21:40:22.0578354+08:00	0x03	-0.0201	-0.0226	0.1573	0.9871	18.15	357.07	358.13
2026-06-15T21:40:22.0917444+08:00	0x08	0.4528	-0.3321	-0.8001	-0.2110	176.93	302.30	313.74
2026-06-15T21:40:22.1806425+08:00	0x07	0.3634	0.5312	-0.4836	0.5933	325.01	58.39	70.89
2026-06-15T21:40:22.3089902+08:00	0x01	-0.0119	-0.0275	0.1991	0.9795	23.00	356.64	359.29
2026-06-15T21:40:22.5614415+08:00	0x02	-0.0123	0.0133	0.6732	0.7392	84.64	0.17	357.93
2026-06-15T21:40:22.5834190+08:00	0x03	-0.0201	-0.0226	0.1573	0.9871	18.15	357.07	358.13
2026-06-15T21:40:22.7070217+08:00	0x07	0.3619	0.5312	-0.4828	0.5948	325.06	58.39	70.63
2026-06-15T21:40:22.8412113+08:00	0x01	-0.0119	-0.0276	0.1991	0.9795	23.00	356.63	359.29
2026-06-15T21:40:23.0955637+08:00	0x02	-0.0123	0.0133	0.6732	0.7392	84.64	0.17	357.93
2026-06-15T21:40:23.1468607+08:00	0x08	0.5546	-0.0896	-0.8035	0.1971	204.66	291.71	4.28
2026-06-15T21:40:23.1773650+08:00	0x07	0.3580	0.5324	-0.4801	0.5983	325.64	58.91	69.98
2026-06-15T21:40:23.2861412+08:00	0x01	-0.0119	-0.0275	0.1991	0.9795	23.00	356.64	359.29
2026-06-15T21:40:23.6306627+08:00	0x09	-0.2224	0.6851	0.3608	0.5924	10.85	93.31	310.72
2026-06-15T21:40:23.6644203+08:00	0x02	-0.0123	0.0133	0.6732	0.7392	84.64	0.17	357.93
2026-06-15T21:40:23.7749751+08:00	0x07	0.3540	0.5344	-0.4763	0.6018	326.58	59.78	69.26
2026-06-15T21:40:23.8277017+08:00	0x06	-0.2144	0.6472	0.1298	0.7199	354.09	85.41	331.53
2026-06-15T21:40:23.9035271+08:00	0x01	-0.0119	-0.0275	0.1991	0.9795	23.00	356.64	359.29
2026-06-15T21:40:24.1590134+08:00	0x09	-0.2202	0.6872	0.3572	0.5929	10.58	93.62	311.22
2026-06-15T21:40:24.2416419+08:00	0x08	0.5483	0.1435	-0.6456	0.5118	229.18	302.50	48.29
2026-06-15T21:40:24.3237399+08:00	0x06	-0.2394	0.6401	0.1513	0.7142	353.86	85.52	327.62
2026-06-15T21:40:24.4947395+08:00	0x01	-0.0119	-0.0276	0.1991	0.9795	23.00	356.63	359.29
2026-06-15T21:40:24.7258546+08:00	0x03	-0.0201	-0.0226	0.1573	0.9871	18.15	357.08	358.13
2026-06-15T21:40:24.7628344+08:00	0x02	-0.0123	0.0133	0.6732	0.7392	84.64	0.17	357.93
2026-06-15T21:40:24.7832448+08:00	0x09	-0.3500	0.6631	0.3966	0.5296	354.27	106.34	296.27
2026-06-15T21:40:24.8290852+08:00	0x08	0.3680	0.2837	-0.5510	0.6932	282.39	358.77	55.37
2026-06-15T21:40:24.9827448+08:00	0x06	-0.1838	0.6708	0.0826	0.7137	352.03	88.00	338.09
2026-06-15T21:40:25.2336156+08:00	0x09	-0.6898	0.5022	0.1860	0.4873	267.68	152.94	300.79
2026-06-15T21:40:25.2788205+08:00	0x02	-0.0123	0.0133	0.6732	0.7392	84.64	0.17	357.93
2026-06-15T21:40:25.3466509+08:00	0x03	-0.0201	-0.0226	0.1573	0.9871	18.15	357.08	358.13
2026-06-15T21:40:25.3785256+08:00	0x08	0.6806	0.2407	-0.6911	0.0346	162.39	267.38	22.32
2026-06-15T21:40:25.5106218+08:00	0x07	0.4225	0.5169	-0.4776	0.5711	329.80	59.85	77.52
2026-06-15T21:40:25.5947320+08:00	0x01	-0.0119	-0.0276	0.1992	0.9795	23.01	356.63	359.29
2026-06-15T21:40:25.7746238+08:00	0x09	-0.4876	0.6443	-0.0026	0.5891	309.71	111.88	325.16
2026-06-15T21:40:25.8131041+08:00	0x03	-0.0201	-0.0226	0.1573	0.9871	18.15	357.08	358.13
2026-06-15T21:40:25.8398442+08:00	0x02	-0.0124	0.0133	0.6732	0.7392	84.64	0.17	357.93
2026-06-15T21:40:25.8807245+08:00	0x04	-0.0134	-0.0338	-0.0048	0.9993	359.51	356.13	358.45
2026-06-15T21:40:25.9079764+08:00	0x08	0.7208	0.1498	-0.6744	-0.0567	162.86	265.15	6.91
2026-06-15T21:40:25.9460197+08:00	0x07	0.4137	0.5180	-0.4386	0.6068	339.20	65.50	73.02
2026-06-15T21:40:26.0117530+08:00	0x06	-0.1762	0.6773	0.1393	0.7005	357.23	88.71	334.17
2026-06-15T21:40:26.1590445+08:00	0x01	-0.0119	-0.0276	0.1992	0.9795	23.01	356.63	359.30
2026-06-15T21:40:26.3590678+08:00	0x03	-0.0201	-0.0226	0.1573	0.9871	18.15	357.08	358.13
2026-06-15T21:40:26.4194384+08:00	0x02	-0.0123	0.0133	0.6732	0.7392	84.64	0.17	357.93
2026-06-15T21:40:26.4757621+08:00	0x08	0.7284	0.0732	-0.6691	-0.1280	163.80	265.86	354.92
2026-06-15T21:40:26.5444991+08:00	0x09	-0.3623	0.7153	-0.1088	0.5876	317.85	107.27	344.33
2026-06-15T21:40:26.7449583+08:00	0x01	-0.0118	-0.0277	0.1992	0.9795	23.02	356.62	359.30
2026-06-15T21:40:26.8424927+08:00	0x09	-0.2782	0.7467	-0.1751	0.5783	321.75	105.69	356.54
2026-06-15T21:40:26.9457555+08:00	0x03	-0.0201	-0.0226	0.1573	0.9871	18.15	357.08	358.13
2026-06-15T21:40:26.9624433+08:00	0x07	0.3900	0.5294	-0.4215	0.6245	341.56	67.86	68.96
2026-06-15T21:40:27.0304029+08:00	0x08	0.7316	0.0282	-0.6600	-0.1686	164.35	265.78	347.91
2026-06-15T21:40:27.2456434+08:00	0x01	-0.0118	-0.0277	0.1992	0.9795	23.02	356.62	359.30
2026-06-15T21:40:27.4275891+08:00	0x09	-0.2808	0.7459	-0.1731	0.5787	321.64	105.72	356.18
2026-06-15T21:40:27.4599603+08:00	0x03	-0.0201	-0.0226	0.1573	0.9871	18.15	357.08	358.13
2026-06-15T21:40:27.4946867+08:00	0x07	0.3767	0.5366	-0.4052	0.6372	343.89	69.67	66.19
2026-06-15T21:40:27.5333294+08:00	0x02	-0.0123	0.0133	0.6732	0.7392	84.64	0.18	357.93
2026-06-15T21:40:27.5590990+08:00	0x06	-0.1975	0.6634	0.1621	0.7033	357.76	87.25	330.47
2026-06-15T21:40:27.5957372+08:00	0x08	0.7315	-0.0155	-0.6505	-0.2037	165.18	265.72	341.44
2026-06-15T21:40:27.8297594+08:00	0x01	-0.0119	-0.0277	0.1993	0.9795	23.02	356.62	359.30
2026-06-15T21:40:28.0429862+08:00	0x09	-0.1994	0.7712	-0.2286	0.5597	325.37	105.74	7.43
2026-06-15T21:40:28.0599410+08:00	0x02	-0.0123	0.0133	0.6732	0.7392	84.64	0.18	357.93
2026-06-15T21:40:28.0977423+08:00	0x07	0.3801	0.5335	-0.4359	0.6172	338.17	66.55	69.11
2026-06-15T21:40:28.1475898+08:00	0x08	0.7195	-0.0269	-0.6600	-0.2146	164.90	267.75	339.86
2026-06-15T21:40:28.3591288+08:00	0x01	-0.0119	-0.0276	0.1993	0.9795	23.02	356.63	359.30
2026-06-15T21:40:28.5748468+08:00	0x03	-0.0201	-0.0226	0.1573	0.9871	18.15	357.08	358.13
2026-06-15T21:40:28.5957079+08:00	0x09	-0.1402	0.7891	-0.2527	0.5420	329.27	107.09	14.30
2026-06-15T21:40:28.6231997+08:00	0x02	-0.0123	0.0133	0.6732	0.7392	84.64	0.17	357.93
2026-06-15T21:40:28.6441448+08:00	0x06	-0.2051	0.6564	0.0887	0.7205	351.07	86.60	335.67
2026-06-15T21:40:28.7657734+08:00	0x08	0.7199	-0.0266	-0.6597	-0.2143	164.91	267.69	339.90
2026-06-15T21:40:28.9226418+08:00	0x01	-0.0119	-0.0277	0.1993	0.9795	23.02	356.62	359.30
2026-06-15T21:40:29.0805850+08:00	0x09	-0.1056	0.7357	-0.4013	0.5353	318.26	96.85	28.52
2026-06-15T21:40:29.1389181+08:00	0x03	-0.0201	-0.0226	0.1573	0.9871	18.15	357.08	358.13
2026-06-15T21:40:29.1840094+08:00	0x02	-0.0123	0.0133	0.6732	0.7392	84.64	0.17	357.93
2026-06-15T21:40:29.4799178+08:00	0x08	0.6873	0.0351	-0.6201	-0.3767	144.16	273.44	331.68
2026-06-15T21:40:29.5102767+08:00	0x01	-0.0119	-0.0277	0.1993	0.9795	23.02	356.62	359.30
2026-06-15T21:40:29.6486810+08:00	0x09	-0.1690	0.6959	-0.4373	0.5439	308.24	91.63	25.15
2026-06-15T21:40:29.6759765+08:00	0x03	-0.0201	-0.0226	0.1573	0.9871	18.15	357.08	358.13
2026-06-15T21:40:29.6959235+08:00	0x02	-0.0123	0.0132	0.6732	0.7392	84.64	0.17	357.93
2026-06-15T21:40:29.8587679+08:00	0x04	-0.0134	-0.0339	-0.0048	0.9993	359.51	356.12	358.45
2026-06-15T21:40:29.9095433+08:00	0x06	-0.2296	0.6579	0.1067	0.7093	350.19	88.12	332.22
2026-06-15T21:40:30.0430870+08:00	0x01	-0.0119	-0.0277	0.1993	0.9795	23.03	356.62	359.30
2026-06-15T21:40:30.1226071+08:00	0x09	-0.1253	0.7196	-0.4017	0.5524	315.98	94.27	26.09
2026-06-15T21:40:30.2024611+08:00	0x03	-0.0201	-0.0226	0.1573	0.9871	18.15	357.08	358.13
2026-06-15T21:40:30.2466580+08:00	0x07	0.3482	0.5716	-0.4456	0.5945	339.92	74.27	67.43
2026-06-15T21:40:30.3100273+08:00	0x02	-0.0123	0.0132	0.6732	0.7392	84.64	0.17	357.93
2026-06-15T21:40:30.3525246+08:00	0x04	-0.0134	-0.0339	-0.0048	0.9993	359.51	356.12	358.45
2026-06-15T21:40:30.5984010+08:00	0x01	-0.0119	-0.0276	0.1993	0.9795	23.03	356.63	359.30
2026-06-15T21:40:30.6943995+08:00	0x09	-0.1113	0.7254	-0.3927	0.5543	318.17	94.94	26.51
2026-06-15T21:40:30.8282646+08:00	0x04	-0.0134	-0.0339	-0.0048	0.9993	359.51	356.12	358.45
2026-06-15T21:40:30.8605787+08:00	0x07	0.3549	0.5668	-0.4514	0.5908	338.95	73.18	68.60
2026-06-15T21:40:30.8946940+08:00	0x08	0.6839	0.0308	-0.6205	-0.3825	143.77	274.11	330.99
2026-06-15T21:40:31.1279545+08:00	0x01	-0.0119	-0.0277	0.1994	0.9795	23.03	356.61	359.30
2026-06-15T21:40:31.1930090+08:00	0x09	-0.0938	0.7250	-0.3811	0.5660	320.65	94.40	26.52
2026-06-15T21:40:31.3266755+08:00	0x03	-0.0201	-0.0226	0.1573	0.9871	18.15	357.08	358.13
2026-06-15T21:40:31.3516069+08:00	0x02	-0.0123	0.0132	0.6732	0.7392	84.64	0.17	357.93
2026-06-15T21:40:31.3750622+08:00	0x07	0.3453	0.5761	-0.4311	0.6025	342.66	76.14	65.90
2026-06-15T21:40:31.4374333+08:00	0x06	-0.2236	0.6585	0.1112	0.7099	351.13	87.88	332.36
2026-06-15T21:40:31.5470933+08:00	0x08	0.6648	-0.2021	-0.6461	-0.3160	169.01	272.70	317.06
2026-06-15T21:40:31.5979320+08:00	0x01	-0.0119	-0.0277	0.1994	0.9795	23.03	356.62	359.30
2026-06-15T21:40:31.8292469+08:00	0x09	0.0023	0.7440	-0.1392	0.6535	349.48	96.28	12.13
2026-06-15T21:40:31.8930029+08:00	0x02	-0.0123	0.0133	0.6732	0.7392	84.64	0.17	357.93
2026-06-15T21:40:31.9099586+08:00	0x04	-0.0134	-0.0339	-0.0048	0.9993	359.51	356.12	358.45
2026-06-15T21:40:31.9910300+08:00	0x08	0.6777	-0.2097	-0.6837	-0.1710	183.38	269.55	328.76
2026-06-15T21:40:32.1630638+08:00	0x01	-0.0119	-0.0277	0.1994	0.9795	23.03	356.61	359.30
2026-06-15T21:40:32.2622042+08:00	0x09	0.0143	0.7483	-0.1454	0.6470	350.11	97.12	13.66
2026-06-15T21:40:32.4480343+08:00	0x03	-0.0201	-0.0226	0.1573	0.9871	18.15	357.08	358.13
2026-06-15T21:40:32.4719694+08:00	0x02	-0.0123	0.0133	0.6732	0.7392	84.64	0.17	357.93
2026-06-15T21:40:32.5806533+08:00	0x08	0.6776	-0.2622	-0.6584	-0.1964	187.02	265.95	322.31
2026-06-15T21:40:32.6630966+08:00	0x01	-0.0118	-0.0277	0.1994	0.9795	23.04	356.61	359.30
2026-06-15T21:40:32.8478981+08:00	0x09	0.0317	0.7503	-0.1376	0.6458	352.28	97.59	14.33
2026-06-15T21:40:32.9612213+08:00	0x02	-0.0123	0.0133	0.6732	0.7392	84.64	0.17	357.93
2026-06-15T21:40:33.0105813+08:00	0x03	-0.0201	-0.0226	0.1573	0.9871	18.15	357.08	358.13
2026-06-15T21:40:33.0303388+08:00	0x07	0.3354	0.5784	-0.3722	0.6437	349.62	77.93	59.59
2026-06-15T21:40:33.2441002+08:00	0x01	-0.0118	-0.0278	0.1994	0.9794	23.04	356.61	359.31
2026-06-15T21:40:33.3774943+08:00	0x09	0.0143	0.7961	-0.1128	0.5944	353.48	105.85	11.33
2026-06-15T21:40:33.5107538+08:00	0x03	-0.0201	-0.0226	0.1573	0.9871	18.15	357.08	358.13
2026-06-15T21:40:33.5745856+08:00	0x07	0.3301	0.5490	-0.3600	0.6783	346.46	70.53	57.46
2026-06-15T21:40:33.6603684+08:00	0x08	0.6990	-0.2351	-0.6599	-0.1435	189.33	264.13	329.28
2026-06-15T21:40:33.7645933+08:00	0x01	-0.0118	-0.0278	0.1994	0.9794	23.04	356.61	359.31
2026-06-15T21:40:33.9606006+08:00	0x09	0.0638	0.7340	-0.1268	0.6642	355.54	95.10	15.72
2026-06-15T21:40:34.0544475+08:00	0x03	-0.0201	-0.0226	0.1573	0.9871	18.15	357.08	358.13
2026-06-15T21:40:34.1445772+08:00	0x06	-0.2444	0.6518	0.2010	0.6892	357.03	87.79	323.21
2026-06-15T21:40:34.1819045+08:00	0x07	0.2918	0.6272	-0.2442	0.6796	2.75	86.53	44.66
2026-06-15T21:40:34.3445820+08:00	0x01	-0.0118	-0.0278	0.1995	0.9794	23.04	356.61	359.31
2026-06-15T21:40:34.5027814+08:00	0x09	0.1074	0.7415	-0.1969	0.6323	354.30	97.81	25.33
2026-06-15T21:40:34.5957837+08:00	0x03	-0.0201	-0.0226	0.1573	0.9871	18.15	357.08	358.13
2026-06-15T21:40:34.6474360+08:00	0x07	0.2930	0.6250	-0.2477	0.6798	2.39	86.18	45.07
2026-06-15T21:40:34.7521048+08:00	0x08	0.6922	-0.2464	-0.6569	-0.1691	188.24	264.48	326.09
2026-06-15T21:40:34.8021417+08:00	0x01	-0.0118	-0.0278	0.1995	0.9794	23.05	356.61	359.31
2026-06-15T21:40:34.9779429+08:00	0x09	0.1047	0.7451	-0.1998	0.6277	353.97	98.42	25.41
2026-06-15T21:40:35.1959939+08:00	0x04	-0.0134	-0.0338	-0.0048	0.9993	359.51	356.13	358.45
2026-06-15T21:40:35.2323292+08:00	0x02	-0.0123	0.0133	0.6732	0.7392	84.64	0.17	357.93
2026-06-15T21:40:35.2768286+08:00	0x07	0.1463	0.6600	-0.1121	0.7283	1.84	84.72	21.17
2026-06-15T21:40:35.4561463+08:00	0x01	-0.0118	-0.0277	0.1995	0.9794	23.05	356.62	359.30
2026-06-15T21:40:35.5999473+08:00	0x09	0.0787	0.7932	-0.1831	0.5754	354.67	107.03	22.40
2026-06-15T21:40:35.7327033+08:00	0x03	-0.0201	-0.0226	0.1573	0.9871	18.15	357.08	358.13
2026-06-15T21:40:35.7610525+08:00	0x02	-0.0123	0.0133	0.6732	0.7392	84.64	0.17	357.93
2026-06-15T21:40:35.7812708+08:00	0x04	-0.0134	-0.0338	-0.0048	0.9993	359.51	356.13	358.45
2026-06-15T21:40:35.8096558+08:00	0x08	0.4797	-0.0858	-0.8689	-0.0868	175.96	302.67	346.56
2026-06-15T21:40:35.8438318+08:00	0x07	0.0160	0.6742	0.0241	0.7380	3.27	84.81	359.49
2026-06-15T21:40:35.8643047+08:00	0x06	-0.2526	0.6492	0.1651	0.6982	353.21	87.95	325.45
2026-06-15T21:40:36.1053395+08:00	0x09	0.0541	0.6889	-0.0248	0.7224	2.23	87.40	6.45
2026-06-15T21:40:36.2136447+08:00	0x03	-0.0201	-0.0226	0.1573	0.9871	18.15	357.08	358.13
2026-06-15T21:40:36.3109757+08:00	0x02	-0.0123	0.0133	0.6732	0.7392	84.64	0.18	357.93
2026-06-15T21:40:36.3315900+08:00	0x08	0.4871	-0.0909	-0.8640	-0.0895	176.09	301.66	345.87
2026-06-15T21:40:36.3566229+08:00	0x04	-0.0134	-0.0338	-0.0048	0.9993	359.51	356.13	358.45
2026-06-15T21:40:36.3805926+08:00	0x07	-0.0684	0.6491	0.0674	0.7547	0.75	81.32	349.01
2026-06-15T21:40:36.6420841+08:00	0x09	0.0692	0.6617	0.0865	0.7415	12.71	83.42	359.32
2026-06-15T21:40:36.8121426+08:00	0x03	-0.0201	-0.0226	0.1573	0.9871	18.15	357.08	358.13
2026-06-15T21:40:36.8442371+08:00	0x02	-0.0124	0.0133	0.6732	0.7392	84.64	0.17	357.93
2026-06-15T21:40:36.9146405+08:00	0x06	-0.2393	0.6578	0.1384	0.7006	351.87	88.67	328.84
2026-06-15T21:40:37.0144455+08:00	0x01	-0.0118	-0.0277	0.1996	0.9794	23.05	356.61	359.31
2026-06-15T21:40:37.1966760+08:00	0x09	-0.0344	0.6782	0.2277	0.6979	16.87	85.22	339.10
2026-06-15T21:40:37.3478088+08:00	0x03	-0.0201	-0.0226	0.1573	0.9871	18.15	357.08	358.13
2026-06-15T21:40:37.4118702+08:00	0x02	-0.0124	0.0133	0.6732	0.7392	84.64	0.17	357.93
2026-06-15T21:40:37.4847371+08:00	0x06	-0.2381	0.6586	0.1328	0.7014	351.49	88.73	329.41
2026-06-15T21:40:37.7398588+08:00	0x09	-0.0313	0.6780	0.2235	0.6996	16.75	85.19	339.71
2026-06-15T21:40:37.8977740+08:00	0x03	-0.0201	-0.0226	0.1573	0.9871	18.15	357.08	358.13
2026-06-15T21:40:37.9294150+08:00	0x08	0.5481	-0.1061	-0.8202	0.1247	198.73	292.14	357.86
2026-06-15T21:40:37.9730829+08:00	0x04	-0.0134	-0.0338	-0.0048	0.9993	359.51	356.13	358.45
2026-06-15T21:40:38.0620613+08:00	0x07	-0.1912	0.6142	0.2014	0.7387	4.24	78.27	328.00
2026-06-15T21:40:38.2492547+08:00	0x09	-0.1490	0.6582	0.3467	0.6515	19.66	83.25	319.43
2026-06-15T21:40:38.4309735+08:00	0x03	-0.0201	-0.0226	0.1573	0.9871	18.15	357.08	358.13
2026-06-15T21:40:38.4966722+08:00	0x02	-0.0123	0.0133	0.6732	0.7392	84.64	0.17	357.93
2026-06-15T21:40:38.6236947+08:00	0x04	-0.0134	-0.0338	-0.0048	0.9993	359.51	356.13	358.45
2026-06-15T21:40:38.7107015+08:00	0x07	-0.2448	0.5947	0.2330	0.7295	3.62	77.08	320.64
2026-06-15T21:40:38.9143992+08:00	0x09	-0.2297	0.6331	0.4228	0.6064	22.46	80.80	305.52
2026-06-15T21:40:38.9293572+08:00	0x03	-0.0201	-0.0226	0.1573	0.9871	18.15	357.08	358.13
2026-06-15T21:40:39.0483025+08:00	0x04	-0.0134	-0.0338	-0.0048	0.9993	359.51	356.13	358.45
2026-06-15T21:40:39.1205403+08:00	0x07	-0.2643	0.5882	0.2506	0.7220	3.97	76.79	317.43
2026-06-15T21:40:39.1815130+08:00	0x01	-0.0118	-0.0278	0.1996	0.9794	23.06	356.61	359.31
2026-06-15T21:40:39.3775731+08:00	0x09	-0.3086	0.5965	0.4944	0.5518	28.96	74.51	291.50
2026-06-15T21:40:39.4353562+08:00	0x03	-0.0201	-0.0226	0.1573	0.9871	18.15	357.08	358.13
2026-06-15T21:40:39.5739907+08:00	0x02	-0.0123	0.0133	0.6732	0.7392	84.64	0.17	357.93
2026-06-15T21:40:39.6178189+08:00	0x08	0.5523	0.0825	-0.7106	0.4279	219.82	297.77	36.15
2026-06-15T21:40:39.6477427+08:00	0x07	-0.2744	0.5803	0.2650	0.7195	5.06	75.70	315.38
2026-06-15T21:40:39.6816769+08:00	0x06	-0.2243	0.6567	0.1142	0.7109	351.38	87.62	332.04
2026-06-15T21:40:39.9265981+08:00	0x09	-0.3333	0.5755	0.5209	0.5352	36.46	66.77	287.01
2026-06-15T21:40:40.0517371+08:00	0x03	-0.0201	-0.0226	0.1573	0.9871	18.15	357.08	358.13
2026-06-15T21:40:40.1599235+08:00	0x02	-0.0123	0.0133	0.6732	0.7392	84.64	0.17	357.93
2026-06-15T21:40:40.2028828+08:00	0x08	0.5697	-0.0398	-0.7799	0.2562	207.21	290.93	13.28
2026-06-15T21:40:40.2172580+08:00	0x01	-0.0118	-0.0278	0.1997	0.9794	23.07	356.61	359.31
2026-06-15T21:40:40.4595792+08:00	0x09	-0.3829	0.5571	0.5523	0.4878	49.24	54.51	278.52
2026-06-15T21:40:40.5798994+08:00	0x03	-0.0201	-0.0226	0.1573	0.9871	18.15	357.08	358.13
2026-06-15T21:40:40.6819221+08:00	0x02	-0.0123	0.0133	0.6732	0.7392	84.64	0.17	357.93
2026-06-15T21:40:40.7078511+08:00	0x08	0.5735	0.0048	-0.7586	0.3090	209.81	291.52	21.20
2026-06-15T21:40:40.7982392+08:00	0x07	-0.3006	0.5781	0.2891	0.7013	5.09	76.67	310.89
2026-06-15T21:40:40.9953593+08:00	0x09	-0.4161	0.5385	0.5738	0.4556	93.67	10.17	274.30
2026-06-15T21:40:41.1286515+08:00	0x03	-0.0201	-0.0226	0.1573	0.9871	18.15	357.08	358.13
2026-06-15T21:40:41.1887674+08:00	0x02	-0.0123	0.0133	0.6732	0.7392	84.64	0.17	357.93
2026-06-15T21:40:41.2641193+08:00	0x08	0.5658	-0.0161	-0.7769	0.2757	207.79	292.02	16.68
2026-06-15T21:40:41.3118372+08:00	0x04	-0.0134	-0.0338	-0.0048	0.9993	359.51	356.13	358.45
2026-06-15T21:40:41.3620415+08:00	0x07	-0.3076	0.5757	0.2912	0.6994	4.73	76.72	310.05
2026-06-15T21:40:41.5171613+08:00	0x09	-0.4405	0.5209	0.5908	0.4307	149.89	313.94	275.72
2026-06-15T21:40:41.6473104+08:00	0x03	-0.0201	-0.0226	0.1573	0.9871	18.15	357.08	358.13
2026-06-15T21:40:41.7153970+08:00	0x02	-0.0123	0.0133	0.6732	0.7392	84.64	0.17	357.93
2026-06-15T21:40:41.8117135+08:00	0x04	-0.0134	-0.0338	-0.0048	0.9993	359.51	356.13	358.45
2026-06-15T21:40:41.8865981+08:00	0x07	-0.3207	0.5677	0.3056	0.6939	5.65	75.79	307.62
2026-06-15T21:40:42.0777781+08:00	0x09	-0.4782	0.4816	0.6212	0.3918	173.51	289.95	283.33
2026-06-15T21:40:42.1978446+08:00	0x03	-0.0201	-0.0226	0.1573	0.9871	18.15	357.08	358.13
2026-06-15T21:40:42.3138356+08:00	0x06	-0.2397	0.6550	0.1281	0.7051	351.11	88.20	329.62
2026-06-15T21:40:42.3679739+08:00	0x02	-0.0123	0.0133	0.6732	0.7392	84.64	0.17	357.93
2026-06-15T21:40:42.4136819+08:00	0x07	-0.3156	0.5585	0.3169	0.6986	8.54	73.06	307.35
2026-06-15T21:40:42.4967982+08:00	0x01	-0.0118	-0.0277	0.1997	0.9794	23.08	356.61	359.31
2026-06-15T21:40:42.5888129+08:00	0x09	-0.4777	0.4603	0.6353	0.3954	166.64	296.26	285.71
2026-06-15T21:40:42.7599568+08:00	0x03	-0.0201	-0.0226	0.1573	0.9871	18.15	357.08	358.13
2026-06-15T21:40:42.8370000+08:00	0x04	-0.0134	-0.0338	-0.0048	0.9993	359.51	356.13	358.45
2026-06-15T21:40:42.9356938+08:00	0x07	-0.3325	0.5427	0.3264	0.6988	9.56	70.68	305.01
2026-06-15T21:40:43.0695899+08:00	0x01	-0.0118	-0.0278	0.1998	0.9794	23.08	356.61	359.31
2026-06-15T21:40:43.1363115+08:00	0x09	-0.4985	0.4416	0.6414	0.3810	171.38	290.46	288.86
2026-06-15T21:40:43.3297414+08:00	0x03	-0.0201	-0.0226	0.1573	0.9871	18.15	357.08	358.13
2026-06-15T21:40:43.4519310+08:00	0x02	-0.0123	0.0133	0.6732	0.7392	84.64	0.17	357.93
2026-06-15T21:40:43.5118629+08:00	0x04	-0.0134	-0.0338	-0.0048	0.9993	359.51	356.13	358.45
2026-06-15T21:40:43.5118629+08:00	0x06	-0.2585	0.6471	0.1298	0.7055	349.70	88.04	327.82
2026-06-15T21:40:43.5952730+08:00	0x01	-0.0118	-0.0277	0.1998	0.9794	23.08	356.61	359.31
2026-06-15T21:40:43.6503008+08:00	0x08	0.5743	-0.1100	-0.7984	0.1441	200.88	288.44	359.41
2026-06-15T21:40:43.6782265+08:00	0x09	-0.5085	0.4246	0.6553	0.3629	173.35	288.84	292.24
2026-06-15T21:40:43.8351805+08:00	0x03	-0.0201	-0.0226	0.1573	0.9871	18.15	357.08	358.13
2026-06-15T21:40:43.9007571+08:00	0x02	-0.0123	0.0133	0.6732	0.7392	84.64	0.17	357.93
2026-06-15T21:40:43.9366990+08:00	0x08	0.5740	-0.0755	-0.7916	0.1957	203.49	289.36	6.03
2026-06-15T21:40:44.0813979+08:00	0x07	-0.3472	0.5436	0.3453	0.6817	10.16	71.50	301.92
2026-06-15T21:40:44.2681446+08:00	0x09	-0.5266	0.4114	0.6624	0.3385	177.99	284.29	295.63
2026-06-15T21:40:44.4086782+08:00	0x03	-0.0201	-0.0226	0.1573	0.9871	18.15	357.08	358.13
2026-06-15T21:40:44.4692088+08:00	0x04	-0.0134	-0.0338	-0.0048	0.9993	359.51	356.13	358.45
2026-06-15T21:40:44.6124079+08:00	0x07	-0.3526	0.5423	0.3482	0.6785	10.03	71.60	301.12
2026-06-15T21:40:44.7817535+08:00	0x09	-0.5418	0.3906	0.6721	0.3196	179.25	282.69	299.38
2026-06-15T21:40:44.9459112+08:00	0x03	-0.0201	-0.0226	0.1573	0.9871	18.15	357.08	358.13
2026-06-15T21:40:45.0314494+08:00	0x04	-0.0134	-0.0338	-0.0048	0.9993	359.51	356.13	358.45
2026-06-15T21:40:45.1642737+08:00	0x01	-0.0118	-0.0278	0.1998	0.9794	23.09	356.60	359.32
2026-06-15T21:40:45.3184464+08:00	0x09	-0.5583	0.3669	0.6839	0.2934	180.86	281.09	303.97
2026-06-15T21:40:45.4818392+08:00	0x03	-0.0201	-0.0226	0.1573	0.9871	18.15	357.08	358.13
2026-06-15T21:40:45.5625948+08:00	0x04	-0.0134	-0.0338	-0.0048	0.9993	359.51	356.13	358.45
2026-06-15T21:40:45.6625435+08:00	0x06	-0.2513	0.6506	0.1325	0.7043	350.49	88.17	328.24
2026-06-15T21:40:45.7354263+08:00	0x01	-0.0117	-0.0278	0.1999	0.9794	23.09	356.61	359.32
2026-06-15T21:40:45.7493867+08:00	0x07	-0.3682	0.5378	0.3613	0.6668	10.41	71.55	298.40
2026-06-15T21:40:45.8628779+08:00	0x09	-0.5647	0.3568	0.6895	0.2801	181.63	280.54	306.07
2026-06-15T21:40:46.0123611+08:00	0x03	-0.0201	-0.0226	0.1573	0.9871	18.15	357.08	358.13
2026-06-15T21:40:46.1048272+08:00	0x08	0.5740	-0.0765	-0.7918	0.1941	203.41	289.33	5.84
2026-06-15T21:40:46.1511172+08:00	0x04	-0.0134	-0.0338	-0.0048	0.9993	359.51	356.13	358.45
2026-06-15T21:40:46.2546040+08:00	0x01	-0.0117	-0.0278	0.1999	0.9794	23.09	356.61	359.32
2026-06-15T21:40:46.3235633+08:00	0x07	-0.3567	0.5388	0.3571	0.6744	11.23	70.75	300.00
2026-06-15T21:40:46.4651903+08:00	0x09	-0.5754	0.3501	0.6910	0.2625	183.73	278.62	308.20
2026-06-15T21:40:46.6312163+08:00	0x04	-0.0134	-0.0338	-0.0048	0.9993	359.51	356.13	358.45
2026-06-15T21:40:46.6953491+08:00	0x02	-0.0123	0.0133	0.6732	0.7392	84.64	0.18	357.93
2026-06-15T21:40:46.7330940+08:00	0x03	-0.0201	-0.0226	0.1573	0.9871	18.15	357.08	358.13
2026-06-15T21:40:46.8163309+08:00	0x01	-0.0119	-0.0277	0.1999	0.9794	23.09	356.61	359.30
2026-06-15T21:40:46.8982938+08:00	0x07	-0.3637	0.5421	0.3568	0.6682	9.75	72.37	299.20
2026-06-15T21:40:47.0002681+08:00	0x09	-0.5866	0.3428	0.6889	0.2526	184.85	276.91	309.77
2026-06-15T21:40:47.0652063+08:00	0x03	-0.0201	-0.0226	0.1573	0.9871	18.15	357.08	358.13
2026-06-15T21:40:47.1120041+08:00	0x04	-0.0134	-0.0338	-0.0048	0.9993	359.51	356.13	358.45
2026-06-15T21:40:47.3005777+08:00	0x02	-0.0124	0.0133	0.6732	0.7392	84.64	0.17	357.93
2026-06-15T21:40:47.3661256+08:00	0x01	-0.0119	-0.0278	0.1999	0.9793	23.10	356.61	359.30
2026-06-15T21:40:47.3889054+08:00	0x07	-0.3608	0.5305	0.3684	0.6728	13.56	68.47	298.79
2026-06-15T21:40:47.5327001+08:00	0x09	-0.5807	0.3206	0.7116	0.2316	183.57	280.03	313.51
2026-06-15T21:40:47.6335240+08:00	0x03	-0.0201	-0.0226	0.1573	0.9871	18.15	357.08	358.13
2026-06-15T21:40:47.6631607+08:00	0x08	0.5142	0.2426	-0.5583	0.6042	250.31	321.52	63.16
2026-06-15T21:40:47.7004549+08:00	0x04	-0.0134	-0.0338	-0.0048	0.9993	359.51	356.13	358.45
2026-06-15T21:40:47.7638717+08:00	0x02	-0.0124	0.0133	0.6732	0.7392	84.64	0.17	357.93
2026-06-15T21:40:47.9308762+08:00	0x01	-0.0119	-0.0278	0.2000	0.9793	23.10	356.61	359.30
2026-06-15T21:40:48.0636321+08:00	0x07	-0.3664	0.5278	0.3741	0.6687	14.12	68.02	297.75
2026-06-15T21:40:51.5244732+08:00	0x03	-0.0202	-0.0226	0.1573	0.9871	18.15	357.08	358.13
2026-06-15T21:40:51.5244732+08:00	0x09	-0.5894	0.3082	0.7147	0.2165	184.29	279.24	315.92
2026-06-15T21:40:51.5244732+08:00	0x06	-0.2290	0.6547	0.1234	0.7097	351.79	87.52	330.89
2026-06-15T21:40:51.5244732+08:00	0x07	-0.3718	0.5267	0.3770	0.6650	14.04	68.12	296.92
2026-06-15T21:40:51.5244732+08:00	0x01	-0.0119	-0.0277	0.2000	0.9793	23.10	356.61	359.30
2026-06-15T21:40:51.5244732+08:00	0x09	-0.5934	0.2983	0.7184	0.2070	184.40	279.18	317.61
2026-06-15T21:40:51.5244732+08:00	0x03	-0.0201	-0.0226	0.1573	0.9871	18.15	357.08	358.13
2026-06-15T21:40:51.5244732+08:00	0x08	0.4562	0.3147	-0.4553	0.6968	295.97	3.44	67.27
2026-06-15T21:40:51.5244732+08:00	0x06	-0.2291	0.6544	0.1249	0.7097	351.93	87.46	330.75
2026-06-15T21:40:51.5244732+08:00	0x04	-0.0134	-0.0338	-0.0048	0.9993	359.51	356.13	358.45
2026-06-15T21:40:51.5244732+08:00	0x09	-0.6035	0.2847	0.7204	0.1891	185.31	278.18	320.32
2026-06-15T21:40:51.5244732+08:00	0x03	-0.0201	-0.0226	0.1573	0.9871	18.15	357.08	358.13
2026-06-15T21:40:51.5244732+08:00	0x08	0.4389	0.3354	-0.4237	0.7179	309.16	15.70	66.11
2026-06-15T21:40:51.5244732+08:00	0x02	-0.0124	0.0133	0.6732	0.7392	84.64	0.17	357.93
2026-06-15T21:40:51.5244732+08:00	0x07	-0.3659	0.5272	0.3731	0.6700	14.13	67.86	297.90
2026-06-15T21:40:51.5244732+08:00	0x03	-0.0201	-0.0226	0.1573	0.9871	18.15	357.08	358.13
2026-06-15T21:40:51.5255029+08:00	0x08	0.5131	0.2131	-0.5926	0.5832	244.16	316.78	58.32
2026-06-15T21:40:51.5255029+08:00	0x02	-0.0124	0.0133	0.6732	0.7392	84.64	0.17	357.93
2026-06-15T21:40:51.5255029+08:00	0x06	-0.2087	0.6561	0.1065	0.7174	352.26	86.68	333.94
2026-06-15T21:40:51.5255029+08:00	0x07	-0.3656	0.5193	0.3827	0.6709	16.94	65.13	297.37
2026-06-15T21:40:51.5255029+08:00	0x01	-0.0118	-0.0277	0.2000	0.9793	23.11	356.61	359.31
2026-06-15T21:40:51.5255029+08:00	0x09	-0.5912	0.2800	0.7327	0.1881	184.10	280.74	320.76
2026-06-15T21:40:51.5255029+08:00	0x03	-0.0201	-0.0226	0.1573	0.9871	18.15	357.08	358.13
2026-06-15T21:40:51.5255029+08:00	0x08	0.5679	0.0540	-0.7287	0.3789	214.77	293.93	30.60
2026-06-15T21:40:51.5255029+08:00	0x06	-0.2152	0.6564	0.1060	0.7152	351.59	87.08	333.45
2026-06-15T21:40:51.5255029+08:00	0x07	-0.3690	0.5183	0.3847	0.6687	17.00	65.06	296.83
2026-06-15T21:40:51.5255029+08:00	0x09	-0.6048	0.2621	0.7334	0.1662	185.19	279.29	324.16
2026-06-15T21:40:51.5255029+08:00	0x03	-0.0201	-0.0226	0.1573	0.9871	18.15	357.08	358.13
2026-06-15T21:40:51.5255029+08:00	0x08	0.5680	-0.0670	-0.7907	0.2182	205.18	290.45	8.16
2026-06-15T21:40:51.5255029+08:00	0x06	-0.2191	0.6565	0.1109	0.7132	351.63	87.29	332.73
2026-06-15T21:40:51.5255029+08:00	0x09	-0.6096	0.2533	0.7348	0.1560	185.52	278.94	325.78
2026-06-15T21:40:51.5255029+08:00	0x07	-0.3716	0.5182	0.3874	0.6658	17.16	65.08	296.32
2026-06-15T21:40:51.5255029+08:00	0x04	-0.0134	-0.0338	-0.0048	0.9993	359.51	356.13	358.45
2026-06-15T21:40:51.5255029+08:00	0x08	0.5684	-0.0634	-0.7894	0.2232	205.44	290.49	8.84
2026-06-15T21:40:51.6196539+08:00	0x02	-0.0124	0.0133	0.6732	0.7392	84.64	0.17	357.93
2026-06-15T21:40:51.6312866+08:00	0x06	-0.2203	0.6552	0.1126	0.7138	351.70	87.14	332.48
2026-06-15T21:40:51.7697751+08:00	0x07	-0.3775	0.5153	0.3922	0.6619	17.73	64.52	295.32
2026-06-15T21:40:51.8646730+08:00	0x09	-0.6089	0.2510	0.7381	0.1464	186.15	279.11	326.71
2026-06-15T21:40:51.9165335+08:00	0x01	-0.0118	-0.0278	0.2001	0.9793	23.11	356.60	359.31
2026-06-15T21:40:52.0845485+08:00	0x04	-0.0134	-0.0338	-0.0048	0.9993	359.51	356.13	358.45
2026-06-15T21:40:52.1174586+08:00	0x02	-0.0124	0.0133	0.6732	0.7392	84.64	0.17	357.93
2026-06-15T21:40:52.2655185+08:00	0x06	-0.2365	0.6584	0.1274	0.7031	351.21	88.61	329.98
2026-06-15T21:40:52.3508293+08:00	0x01	-0.0118	-0.0278	0.2001	0.9793	23.12	356.61	359.31
2026-06-15T21:40:52.4677202+08:00	0x09	-0.6353	0.2218	0.7333	0.0975	188.94	276.06	333.31
2026-06-15T21:40:52.5187797+08:00	0x03	-0.0201	-0.0226	0.1573	0.9871	18.15	357.08	358.13
2026-06-15T21:40:52.6172873+08:00	0x08	0.5503	-0.1472	-0.8155	0.1024	199.38	290.72	352.68
2026-06-15T21:40:52.8552289+08:00	0x07	-0.3983	0.5154	0.4149	0.6353	19.00	64.97	290.97
2026-06-15T21:40:52.9473262+08:00	0x09	-0.6475	0.2157	0.7259	0.0852	189.89	274.33	334.95
2026-06-15T21:40:53.0066333+08:00	0x03	-0.0201	-0.0226	0.1573	0.9871	18.15	357.08	358.13
2026-06-15T21:40:53.2015641+08:00	0x08	0.5356	-0.0428	-0.8064	0.2472	206.96	295.53	11.29
2026-06-15T21:40:53.2205488+08:00	0x02	-0.0124	0.0133	0.6732	0.7392	84.64	0.17	357.93
2026-06-15T21:40:53.2950866+08:00	0x06	-0.2604	0.6595	0.1563	0.6876	351.04	90.39	325.65
2026-06-15T21:40:53.4201968+08:00	0x07	-0.4023	0.5062	0.4328	0.6282	24.33	60.34	289.34
2026-06-15T21:40:53.4950685+08:00	0x09	-0.6311	0.1964	0.7472	0.0688	189.03	277.84	337.64
2026-06-15T21:40:53.5648097+08:00	0x03	-0.0201	-0.0226	0.1573	0.9871	18.15	357.08	358.13
2026-06-15T21:40:53.6107380+08:00	0x01	-0.0118	-0.0278	0.2001	0.9793	23.12	356.61	359.31
2026-06-15T21:40:53.7639976+08:00	0x08	0.5396	0.0711	-0.7236	0.4245	220.50	299.49	34.13
2026-06-15T21:40:53.7982137+08:00	0x02	-0.0123	0.0133	0.6732	0.7392	84.64	0.18	357.93
2026-06-15T21:40:53.8935605+08:00	0x01	-0.0118	-0.0278	0.2002	0.9793	23.13	356.61	359.31
2026-06-15T21:40:53.9360366+08:00	0x06	-0.2521	0.6603	0.1509	0.6911	351.45	89.94	326.78
2026-06-15T21:40:54.0659210+08:00	0x09	-0.6346	0.1967	0.7450	0.0599	189.94	277.24	338.34
2026-06-15T21:40:54.2676266+08:00	0x08	0.5323	0.1282	-0.6624	0.5113	230.60	304.89	45.57
2026-06-15T21:40:54.4408594+08:00	0x07	-0.3991	0.5067	0.4303	0.6316	24.08	60.46	289.93
2026-06-15T21:40:54.6210305+08:00	0x09	-0.6366	0.1947	0.7447	0.0478	190.88	276.97	339.46
2026-06-15T21:40:54.6821155+08:00	0x03	-0.0201	-0.0226	0.1573	0.9871	18.15	357.08	358.13
2026-06-15T21:40:54.7367055+08:00	0x04	-0.0134	-0.0338	-0.0048	0.9993	359.51	356.13	358.45
2026-06-15T21:40:54.7367055+08:00	0x08	0.5126	0.1925	-0.5909	0.5925	246.00	316.66	56.61
2026-06-15T21:40:54.9027129+08:00	0x02	-0.0123	0.0133	0.6732	0.7392	84.64	0.18	357.93
2026-06-15T21:40:54.9984276+08:00	0x01	-0.0118	-0.0278	0.2002	0.9793	23.13	356.61	359.31
2026-06-15T21:40:56.8518095+08:00	0x09	-0.6408	0.1845	0.7444	0.0351	191.21	276.71	341.36
2026-06-15T21:40:56.8518095+08:00	0x03	-0.0201	-0.0226	0.1573	0.9871	18.15	357.08	358.13
2026-06-15T21:40:56.8518095+08:00	0x06	-0.2297	0.6670	0.1337	0.6960	352.02	89.69	330.13
2026-06-15T21:40:56.8518095+08:00	0x02	-0.0123	0.0133	0.6732	0.7392	84.64	0.18	357.93
2026-06-15T21:40:56.8518095+08:00	0x08	0.5134	0.1906	-0.5932	0.5902	245.42	316.19	56.31
2026-06-15T21:40:56.8518095+08:00	0x07	-0.4073	0.5033	0.4377	0.6239	25.53	59.24	288.42
2026-06-15T21:40:56.8518095+08:00	0x09	-0.6448	0.1667	0.7457	0.0194	191.15	276.74	344.12
2026-06-15T21:40:56.8518095+08:00	0x03	-0.0201	-0.0226	0.1573	0.9871	18.15	357.08	358.13
2026-06-15T21:40:56.8518095+08:00	0x08	0.4910	0.2447	-0.5265	0.6495	265.28	333.42	63.57
2026-06-15T21:40:56.8518095+08:00	0x02	-0.0124	0.0133	0.6732	0.7392	84.64	0.17	357.93
2026-06-15T21:40:56.8518095+08:00	0x07	-0.4074	0.5005	0.4362	0.6271	25.84	58.48	288.63
2026-06-15T21:40:56.8518095+08:00	0x09	-0.6477	0.1592	0.7450	0.0113	191.28	276.54	345.42
2026-06-15T21:40:56.8518095+08:00	0x03	-0.0201	-0.0226	0.1573	0.9871	18.15	357.08	358.13
2026-06-15T21:40:56.8518095+08:00	0x08	0.4782	0.2699	-0.4961	0.6726	277.02	344.31	65.65
2026-06-15T21:40:56.8518095+08:00	0x02	-0.0124	0.0133	0.6732	0.7392	84.64	0.17	357.93
2026-06-15T21:40:56.8518095+08:00	0x06	-0.2156	0.6605	0.1161	0.7098	352.24	87.77	332.65
2026-06-15T21:40:56.8518095+08:00	0x07	-0.4117	0.4878	0.4425	0.6299	30.03	53.51	288.14
2026-06-15T21:40:56.8518095+08:00	0x01	-0.0118	-0.0279	0.2003	0.9793	23.14	356.60	359.32
2026-06-15T21:40:56.8518095+08:00	0x03	-0.0201	-0.0226	0.1573	0.9871	18.15	357.08	358.13
2026-06-15T21:40:56.9838598+08:00	0x02	-0.0124	0.0133	0.6732	0.7392	84.64	0.17	357.93
2026-06-15T21:40:57.1321473+08:00	0x07	-0.4204	0.4878	0.4447	0.6226	29.76	53.83	286.81
2026-06-15T21:40:57.1819374+08:00	0x06	-0.2221	0.6608	0.1116	0.7082	351.22	88.18	332.48
2026-06-15T21:40:57.1987045+08:00	0x01	-0.0118	-0.0278	0.2003	0.9793	23.14	356.61	359.32
2026-06-15T21:40:57.2820606+08:00	0x09	-0.6500	0.1331	0.7481	-0.0088	190.93	276.99	349.18
2026-06-15T21:40:57.4686628+08:00	0x04	-0.0134	-0.0338	-0.0048	0.9993	359.51	356.13	358.45
2026-06-15T21:40:57.5150616+08:00	0x03	-0.0201	-0.0226	0.1573	0.9871	18.15	357.08	358.13
2026-06-15T21:40:57.6676747+08:00	0x06	-0.2464	0.6558	0.1416	0.6994	351.52	88.75	327.97
2026-06-15T21:40:57.7316949+08:00	0x07	-0.4336	0.4814	0.4597	0.6075	35.00	49.22	284.24
2026-06-15T21:40:57.8195791+08:00	0x09	-0.6616	0.1094	0.7411	-0.0330	191.25	275.82	353.20
2026-06-15T21:40:57.9145422+08:00	0x03	-0.0201	-0.0226	0.1573	0.9871	18.15	357.08	358.13
2026-06-15T21:40:57.9986390+08:00	0x04	-0.0134	-0.0338	-0.0048	0.9993	359.51	356.13	358.45
2026-06-15T21:40:58.0739689+08:00	0x02	-0.0124	0.0133	0.6732	0.7392	84.64	0.17	357.93
2026-06-15T21:40:58.2562816+08:00	0x01	-0.0118	-0.0278	0.2003	0.9793	23.14	356.61	359.32
2026-06-15T21:40:58.4422841+08:00	0x06	-0.2254	0.6591	0.1289	0.7058	352.42	88.05	330.79
2026-06-15T21:40:58.5408894+08:00	0x03	-0.0201	-0.0226	0.1573	0.9871	18.15	357.08	358.13
2026-06-15T21:41:04.0148942+08:00	0x09	-0.6606	0.1115	0.7412	-0.0418	192.16	275.91	353.69
2026-06-15T21:41:04.0148942+08:00	0x06	-0.2364	0.6577	0.1349	0.7024	351.89	88.46	329.36
2026-06-15T21:41:04.0148942+08:00	0x01	-0.0118	-0.0278	0.2003	0.9793	23.14	356.60	359.32
2026-06-15T21:41:04.0148942+08:00	0x09	-0.6675	0.0913	0.7366	-0.0594	192.10	275.31	356.83
2026-06-15T21:41:04.0148942+08:00	0x04	-0.0134	-0.0338	-0.0048	0.9993	359.51	356.13	358.45
2026-06-15T21:41:04.0148942+08:00	0x08	0.4676	0.2945	-0.4595	0.6953	291.11	357.03	67.06
2026-06-15T21:41:04.0148942+08:00	0x01	-0.0117	-0.0278	0.2004	0.9793	23.15	356.60	359.32
2026-06-15T21:41:04.0148942+08:00	0x06	-0.2406	0.6553	0.1357	0.7031	351.64	88.30	328.93
2026-06-15T21:41:04.0148942+08:00	0x09	-0.7034	-0.0219	0.7010	-0.1153	187.66	270.55	11.12
2026-06-15T21:41:04.0148942+08:00	0x04	-0.0134	-0.0338	-0.0048	0.9993	359.51	356.13	358.45
2026-06-15T21:41:04.0148942+08:00	0x02	-0.0124	0.0133	0.6732	0.7392	84.64	0.17	357.93
2026-06-15T21:41:04.0148942+08:00	0x06	-0.3516	0.6193	0.2477	0.6569	350.10	91.28	309.76
2026-06-15T21:41:04.0148942+08:00	0x07	-0.5310	0.4435	0.5240	0.4968	156.32	290.22	277.09
2026-06-15T21:41:04.0148942+08:00	0x09	-0.6802	-0.1607	0.6921	-0.1801	181.99	271.49	27.87
2026-06-15T21:41:04.0148942+08:00	0x04	-0.0134	-0.0338	-0.0048	0.9993	359.51	356.13	358.45
2026-06-15T21:41:04.0158924+08:00	0x03	-0.0201	-0.0226	0.1573	0.9871	18.15	357.08	358.13
2026-06-15T21:41:04.0158924+08:00	0x08	0.4743	0.2935	-0.4770	0.6792	284.41	351.90	67.57
2026-06-15T21:41:04.0158924+08:00	0x06	-0.4075	0.6212	0.2679	0.6135	341.29	100.80	303.61
2026-06-15T21:41:04.0158924+08:00	0x07	-0.5765	0.4351	0.5377	0.4351	187.93	259.83	284.19
2026-06-15T21:41:04.0158924+08:00	0x09	-0.6572	-0.2193	0.6772	-0.2477	183.47	272.93	38.51
2026-06-15T21:41:04.0158924+08:00	0x03	-0.0201	-0.0226	0.1573	0.9871	18.15	357.08	358.13
2026-06-15T21:41:04.0158924+08:00	0x08	0.3326	0.5369	-0.2544	0.7324	358.63	71.86	49.49
2026-06-15T21:41:04.0158924+08:00	0x06	-0.3468	0.6594	0.2049	0.6347	343.72	99.02	314.72
2026-06-15T21:41:04.0158924+08:00	0x01	-0.0117	-0.0279	0.2004	0.9792	23.15	356.60	359.33
2026-06-15T21:41:04.0158924+08:00	0x09	-0.6460	-0.2075	0.6929	-0.2438	185.02	275.70	37.06
2026-06-15T21:41:04.0158924+08:00	0x03	-0.0201	-0.0226	0.1573	0.9871	18.15	357.08	358.13
2026-06-15T21:41:04.0158924+08:00	0x02	-0.0124	0.0133	0.6732	0.7392	84.64	0.17	357.93
2026-06-15T21:41:04.0158924+08:00	0x07	-0.5553	0.4498	0.5176	0.4705	184.63	262.01	278.80
2026-06-15T21:41:04.0158924+08:00	0x01	-0.0117	-0.0279	0.2004	0.9792	23.16	356.60	359.33
2026-06-15T21:41:04.0158924+08:00	0x03	-0.0201	-0.0226	0.1573	0.9871	18.15	357.08	358.13
2026-06-15T21:41:04.0158924+08:00	0x08	0.3752	0.5559	-0.2600	0.6947	5.48	80.13	54.13
2026-06-15T21:41:04.0158924+08:00	0x06	-0.3079	0.6725	0.1670	0.6520	345.42	96.93	321.24
2026-06-15T21:41:04.0158924+08:00	0x09	-0.6319	-0.2331	0.6879	-0.2705	185.94	277.11	41.50
2026-06-15T21:41:04.0158924+08:00	0x01	-0.0117	-0.0279	0.2005	0.9792	23.16	356.60	359.33
2026-06-15T21:41:04.0158924+08:00	0x04	-0.0134	-0.0338	-0.0048	0.9993	359.51	356.13	358.45
2026-06-15T21:41:04.0158924+08:00	0x03	-0.0201	-0.0226	0.1573	0.9871	18.15	357.08	358.13
2026-06-15T21:41:04.0158924+08:00	0x07	-0.5290	0.4835	0.4849	0.5013	220.33	226.13	272.25
2026-06-15T21:41:04.0158924+08:00	0x01	-0.0117	-0.0280	0.2005	0.9792	23.16	356.59	359.33
2026-06-15T21:41:04.0158924+08:00	0x09	-0.6125	-0.2646	0.6809	-0.3020	187.34	279.24	46.91
2026-06-15T21:41:04.0158924+08:00	0x03	-0.0201	-0.0226	0.1573	0.9871	18.15	357.08	358.13
2026-06-15T21:41:04.0158924+08:00	0x02	-0.0124	0.0133	0.6732	0.7392	84.64	0.17	357.93
2026-06-15T21:41:04.0158924+08:00	0x06	-0.2902	0.6777	0.1482	0.6592	345.89	96.16	324.30
2026-06-15T21:41:04.0168889+08:00	0x07	-0.5071	0.5056	0.4615	0.5236	333.76	112.60	273.82
2026-06-15T21:41:04.0168889+08:00	0x09	-0.6163	-0.2632	0.6787	-0.3005	186.99	278.54	46.70
2026-06-15T21:41:04.0168889+08:00	0x03	-0.0201	-0.0226	0.1573	0.9871	18.15	357.08	358.13
2026-06-15T21:41:04.0168889+08:00	0x04	-0.0134	-0.0338	-0.0048	0.9993	359.51	356.13	358.45
2026-06-15T21:41:04.0168889+08:00	0x06	-0.2847	0.6811	0.1427	0.6593	345.94	96.27	325.26
2026-06-15T21:41:04.0168889+08:00	0x09	-0.6122	-0.2736	0.6729	-0.3123	187.43	278.77	48.64
2026-06-15T21:41:04.0168889+08:00	0x03	-0.0201	-0.0226	0.1573	0.9871	18.15	357.08	358.13
2026-06-15T21:41:04.0168889+08:00	0x04	-0.0134	-0.0338	-0.0048	0.9993	359.51	356.13	358.45
2026-06-15T21:41:04.0168889+08:00	0x08	0.4138	0.5278	-0.3084	0.6746	2.53	77.60	62.10
2026-06-15T21:41:04.1468815+08:00	0x02	-0.0124	0.0133	0.6732	0.7392	84.64	0.17	357.93
2026-06-15T21:41:04.2336935+08:00	0x07	-0.4550	0.5555	0.4089	0.5632	349.85	97.04	284.80
2026-06-15T21:41:04.2668879+08:00	0x01	-0.0117	-0.0279	0.2005	0.9792	23.17	356.60	359.33
2026-06-15T21:41:04.3607385+08:00	0x09	-0.6085	-0.2763	0.6703	-0.3226	188.57	279.51	49.73
2026-06-15T21:41:04.4518902+08:00	0x03	-0.0201	-0.0226	0.1573	0.9871	18.15	357.08	358.13
2026-06-15T21:41:04.5930739+08:00	0x08	0.4086	0.5134	-0.3121	0.6871	358.86	72.84	61.87
2026-06-15T21:41:04.6080308+08:00	0x04	-0.0134	-0.0338	-0.0048	0.9993	359.51	356.13	358.45
2026-06-15T21:41:04.7759635+08:00	0x06	-0.2677	0.6741	0.1588	0.6698	349.58	93.65	325.06
2026-06-15T21:41:04.8346885+08:00	0x07	-0.4271	0.5477	0.4291	0.5775	5.95	82.44	285.57
2026-06-15T21:41:04.8521968+08:00	0x01	-0.0117	-0.0280	0.2006	0.9792	23.17	356.59	359.33
2026-06-15T21:41:04.9522473+08:00	0x09	-0.5987	-0.2726	0.6702	-0.3435	192.29	282.32	50.96
2026-06-15T21:41:05.0223963+08:00	0x03	-0.0201	-0.0226	0.1573	0.9871	18.15	357.08	358.13
2026-06-15T21:41:05.1342538+08:00	0x02	-0.0124	0.0133	0.6732	0.7392	84.64	0.17	357.93
2026-06-15T21:41:05.3265114+08:00	0x06	-0.2629	0.6801	0.1562	0.6663	349.59	94.40	325.75
2026-06-15T21:41:05.4521474+08:00	0x01	-0.0117	-0.0279	0.2006	0.9792	23.17	356.60	359.33
2026-06-15T21:41:05.4878630+08:00	0x09	-0.6019	-0.2843	0.6586	-0.3510	191.46	280.86	52.84
2026-06-15T21:41:05.5900539+08:00	0x03	-0.0201	-0.0226	0.1573	0.9871	18.15	357.08	358.13
2026-06-15T21:41:05.6522379+08:00	0x04	-0.0134	-0.0338	-0.0048	0.9993	359.51	356.13	358.45
2026-06-15T21:41:05.6772052+08:00	0x08	0.4062	0.5126	-0.3056	0.6920	359.22	72.60	61.10
2026-06-15T21:41:05.7835942+08:00	0x02	-0.0124	0.0133	0.6732	0.7392	84.64	0.17	357.93
2026-06-15T21:41:05.9219277+08:00	0x07	-0.3905	0.5813	0.3858	0.6006	1.37	87.23	293.42
2026-06-15T21:42:06.2328192+08:00	0x01	-0.0117	-0.0280	0.2006	0.9792	23.17	356.59	359.33
2026-06-15T21:42:06.2328192+08:00	0x03	-0.0201	-0.0226	0.1573	0.9871	18.15	357.08	358.13
2026-06-15T21:42:06.2328192+08:00	0x02	-0.0124	0.0133	0.6732	0.7392	84.64	0.17	357.93
2026-06-15T21:42:06.2328192+08:00	0x06	-0.2637	0.6763	0.1601	0.6689	350.03	93.75	325.30
2026-06-15T21:42:06.2328192+08:00	0x07	-0.3860	0.5839	0.3843	0.6019	1.67	87.17	294.01
2026-06-15T21:42:06.2328192+08:00	0x01	-0.0117	-0.0279	0.2006	0.9792	23.18	356.59	359.33
2026-06-15T21:42:06.2328192+08:00	0x09	-0.5847	-0.3061	0.6502	-0.3764	193.95	283.66	56.95
2026-06-15T21:42:06.2328192+08:00	0x03	-0.0201	-0.0226	0.1573	0.9871	18.15	357.08	358.13
2026-06-15T21:42:06.2328192+08:00	0x02	-0.0124	0.0133	0.6732	0.7392	84.64	0.17	357.93
2026-06-15T21:42:06.2328192+08:00	0x06	-0.2544	0.6780	0.1477	0.6736	349.99	93.33	327.12
2026-06-15T21:42:06.2328192+08:00	0x07	-0.3776	0.5867	0.3738	0.6112	1.83	86.51	295.82
2026-06-15T21:42:06.2328192+08:00	0x01	-0.0118	-0.0279	0.2007	0.9792	23.18	356.59	359.32
2026-06-15T21:42:06.2328192+08:00	0x09	-0.5763	-0.3147	0.6458	-0.3897	195.76	285.43	58.83
2026-06-15T21:42:06.2328192+08:00	0x03	-0.0201	-0.0226	0.1573	0.9871	18.15	357.08	358.13
2026-06-15T21:42:06.2328192+08:00	0x02	-0.0124	0.0133	0.6732	0.7392	84.64	0.17	357.93
2026-06-15T21:42:06.2328192+08:00	0x08	0.4085	0.5115	-0.3071	0.6908	359.22	72.57	61.47
2026-06-15T21:42:06.2328192+08:00	0x07	-0.3789	0.5861	0.3833	0.6050	2.67	86.47	294.80
2026-06-15T21:42:06.2328192+08:00	0x01	-0.0117	-0.0278	0.2007	0.9792	23.18	356.60	359.32
2026-06-15T21:42:06.2328192+08:00	0x03	-0.0201	-0.0226	0.1573	0.9871	18.15	357.08	358.13
2026-06-15T21:42:06.2328192+08:00	0x09	-0.5770	-0.3169	0.6416	-0.3936	195.91	285.19	59.42
2026-06-15T21:42:06.2328192+08:00	0x02	-0.0123	0.0133	0.6732	0.7392	84.64	0.18	357.93
2026-06-15T21:42:06.2328192+08:00	0x07	-0.3755	0.5876	0.3769	0.6097	2.41	86.37	295.75
2026-06-15T21:42:06.2328192+08:00	0x01	-0.0117	-0.0279	0.2007	0.9792	23.19	356.59	359.33
2026-06-15T21:42:06.2338178+08:00	0x09	-0.5713	-0.3218	0.6394	-0.4017	197.24	286.55	60.50
2026-06-15T21:42:06.2338178+08:00	0x03	-0.0201	-0.0226	0.1573	0.9871	18.15	357.08	358.13
2026-06-15T21:42:06.2338178+08:00	0x08	0.4136	0.5034	-0.3136	0.6907	357.91	70.91	62.52
2026-06-15T21:42:06.2338178+08:00	0x06	-0.2492	0.6786	0.1513	0.6742	350.82	93.08	327.22
2026-06-15T21:42:06.2338178+08:00	0x07	-0.3765	0.5844	0.3823	0.6088	3.43	85.48	295.15
2026-06-15T21:42:06.2338178+08:00	0x01	-0.0117	-0.0279	0.2007	0.9792	23.19	356.60	359.32
2026-06-15T21:42:06.2338178+08:00	0x09	-0.5662	-0.3275	0.6347	-0.4116	198.74	287.82	61.85
2026-06-15T21:42:06.2338178+08:00	0x03	-0.0201	-0.0226	0.1573	0.9871	18.15	357.08	358.13
2026-06-15T21:42:06.2338178+08:00	0x02	-0.0124	0.0133	0.6732	0.7392	84.64	0.17	357.93
2026-06-15T21:42:06.2338178+08:00	0x07	-0.3779	0.5813	0.3877	0.6075	4.39	84.65	294.52
2026-06-15T21:42:06.2338178+08:00	0x01	-0.0117	-0.0280	0.2008	0.9792	23.19	356.58	359.33
2026-06-15T21:42:06.2338178+08:00	0x09	-0.5670	-0.3292	0.6307	-0.4151	198.93	287.62	62.37
2026-06-15T21:42:06.2338178+08:00	0x03	-0.0201	-0.0226	0.1573	0.9871	18.15	357.08	358.14
2026-06-15T21:42:06.2338178+08:00	0x04	-0.0134	-0.0338	-0.0048	0.9993	359.51	356.13	358.45
2026-06-15T21:42:06.2338178+08:00	0x07	-0.3863	0.5744	0.4018	0.5995	5.71	83.73	292.37
2026-06-15T21:42:06.2338178+08:00	0x02	-0.0124	0.0133	0.6732	0.7392	84.64	0.17	357.93
2026-06-15T21:42:06.2338178+08:00	0x01	-0.0117	-0.0279	0.2008	0.9792	23.19	356.60	359.33
2026-06-15T21:42:06.2338178+08:00	0x03	-0.0201	-0.0226	0.1573	0.9871	18.15	357.08	358.13
2026-06-15T21:42:06.2338178+08:00	0x08	0.4115	0.5014	-0.3095	0.6953	357.83	70.29	61.96
2026-06-15T21:42:06.2338178+08:00	0x06	-0.2493	0.6769	0.1570	0.6745	351.35	92.79	326.71
2026-06-15T21:42:06.2338178+08:00	0x07	-0.3957	0.5686	0.4097	0.5935	5.90	83.46	290.67
2026-06-15T21:42:06.2338178+08:00	0x01	-0.0117	-0.0280	0.2008	0.9792	23.20	356.59	359.33
2026-06-15T21:42:06.2338178+08:00	0x09	-0.5460	-0.3543	0.6162	-0.4435	204.19	293.07	67.06
2026-06-15T21:42:06.2338178+08:00	0x03	-0.0201	-0.0226	0.1573	0.9871	18.15	357.08	358.13
2026-06-15T21:42:06.2338178+08:00	0x04	-0.0134	-0.0338	-0.0048	0.9993	359.51	356.13	358.45
2026-06-15T21:42:06.2338178+08:00	0x02	-0.0124	0.0133	0.6732	0.7392	84.64	0.17	357.93
2026-06-15T21:42:06.2338178+08:00	0x06	-0.2495	0.6747	0.1627	0.6753	351.91	92.41	326.18
2026-06-15T21:42:06.2338178+08:00	0x01	-0.0117	-0.0280	0.2008	0.9792	23.20	356.59	359.34
2026-06-15T21:42:06.2338178+08:00	0x07	-0.4098	0.5548	0.4315	0.5813	9.15	80.58	287.18
2026-06-15T21:42:06.2338178+08:00	0x09	-0.5478	-0.3560	0.6103	-0.4480	204.44	292.72	67.73
2026-06-15T21:42:06.2338178+08:00	0x03	-0.0201	-0.0226	0.1573	0.9871	18.15	357.08	358.13
2026-06-15T21:42:06.2338178+08:00	0x02	-0.0124	0.0133	0.6732	0.7392	84.64	0.17	357.93
2026-06-15T21:42:06.2338178+08:00	0x06	-0.2433	0.6733	0.1621	0.6791	352.61	91.72	326.72
2026-06-15T21:42:06.2338178+08:00	0x01	-0.0117	-0.0280	0.2008	0.9792	23.20	356.59	359.34
2026-06-15T21:42:06.2338178+08:00	0x09	-0.5370	-0.3628	0.6074	-0.4596	208.21	296.67	69.10
2026-06-15T21:42:06.2338178+08:00	0x03	-0.0201	-0.0226	0.1573	0.9871	18.15	357.08	358.13
2026-06-15T21:42:06.2338178+08:00	0x04	-0.0134	-0.0338	-0.0048	0.9993	359.51	356.13	358.45
2026-06-15T21:42:06.2338178+08:00	0x02	-0.0124	0.0133	0.6732	0.7392	84.64	0.17	357.93
2026-06-15T21:42:06.2338178+08:00	0x07	-0.4359	0.5216	0.4756	0.5583	24.48	65.70	280.61
2026-06-15T21:42:06.2338178+08:00	0x01	-0.0117	-0.0280	0.2008	0.9792	23.20	356.59	359.33
2026-06-15T21:42:06.2338178+08:00	0x09	-0.5254	-0.3758	0.6003	-0.4716	212.11	300.90	71.22
2026-06-15T21:42:06.2338178+08:00	0x03	-0.0201	-0.0226	0.1573	0.9871	18.15	357.08	358.13
2026-06-15T21:42:06.2338178+08:00	0x04	-0.0134	-0.0338	-0.0048	0.9993	359.51	356.13	358.45
2026-06-15T21:42:06.2338178+08:00	0x07	-0.4442	0.5171	0.4695	0.5611	22.31	66.62	280.24
2026-06-15T21:42:06.2338178+08:00	0x01	-0.0117	-0.0280	0.2009	0.9791	23.21	356.59	359.34
2026-06-15T21:42:06.2338178+08:00	0x09	-0.5346	-0.3704	0.6023	-0.4628	208.50	297.06	70.23
2026-06-15T21:42:06.2338178+08:00	0x03	-0.0201	-0.0226	0.1573	0.9871	18.15	357.08	358.13
2026-06-15T21:42:06.2338178+08:00	0x08	0.4314	0.4949	-0.3322	0.6772	356.78	70.23	65.94
2026-06-15T21:42:06.2338178+08:00	0x07	-0.4688	0.5168	0.4683	0.5421	10.76	77.76	277.12
2026-06-15T21:42:06.2338178+08:00	0x01	-0.0117	-0.0280	0.2009	0.9791	23.21	356.59	359.34
2026-06-15T21:42:06.2338178+08:00	0x09	-0.5135	-0.3916	0.5904	-0.4841	217.03	306.13	73.66
2026-06-15T21:42:06.2338178+08:00	0x03	-0.0201	-0.0226	0.1573	0.9871	18.15	357.08	358.13
2026-06-15T21:42:06.2338178+08:00	0x04	-0.0134	-0.0338	-0.0048	0.9993	359.51	356.13	358.45
2026-06-15T21:42:06.2338178+08:00	0x08	0.4153	0.5081	-0.3179	0.6843	358.35	72.18	63.05
2026-06-15T21:42:06.2338178+08:00	0x06	-0.2567	0.6719	0.1453	0.6794	349.88	92.36	327.04
2026-06-15T21:42:06.2338178+08:00	0x01	-0.0117	-0.0280	0.2009	0.9791	23.21	356.59	359.34
2026-06-15T21:42:06.2338178+08:00	0x03	-0.0201	-0.0226	0.1573	0.9871	18.15	357.08	358.13
2026-06-15T21:42:06.2338178+08:00	0x02	-0.0124	0.0133	0.6732	0.7392	84.64	0.17	357.92
2026-06-15T21:42:06.2338178+08:00	0x08	0.4275	0.4993	-0.3256	0.6797	357.87	71.24	64.99
2026-06-15T21:42:06.2338178+08:00	0x01	-0.0117	-0.0280	0.2009	0.9791	23.21	356.58	359.34
2026-06-15T21:42:06.2338178+08:00	0x03	-0.0201	-0.0226	0.1573	0.9871	18.15	357.08	358.13
2026-06-15T21:42:06.2348131+08:00	0x08	0.4224	0.5030	-0.3191	0.6832	358.56	71.82	63.91
2026-06-15T21:42:06.2348131+08:00	0x06	-0.2490	0.6766	0.1453	0.6775	350.47	92.69	327.72
2026-06-15T21:42:06.2348131+08:00	0x09	-0.5099	-0.4004	0.5765	-0.4972	221.74	309.99	75.66
2026-06-15T21:42:06.2348131+08:00	0x01	-0.0117	-0.0280	0.2010	0.9791	23.22	356.59	359.33
2026-06-15T21:42:06.2348131+08:00	0x04	-0.0134	-0.0338	-0.0048	0.9993	359.51	356.13	358.45
2026-06-15T21:42:06.2348131+08:00	0x02	-0.0124	0.0133	0.6732	0.7392	84.64	0.17	357.93
2026-06-15T21:42:06.2348131+08:00	0x01	-0.0117	-0.0280	0.2010	0.9791	23.22	356.58	359.33
2026-06-15T21:42:06.2348131+08:00	0x03	-0.0201	-0.0226	0.1573	0.9871	18.15	357.08	358.13
2026-06-15T21:42:06.2348131+08:00	0x04	-0.0134	-0.0338	-0.0048	0.9993	359.51	356.13	358.45
2026-06-15T21:42:06.2348131+08:00	0x07	-0.5283	0.4581	0.5288	0.4810	168.10	280.61	276.90
2026-06-15T21:42:06.2348131+08:00	0x02	-0.0124	0.0133	0.6732	0.7392	84.64	0.17	357.93
2026-06-15T21:42:06.2348131+08:00	0x01	-0.0117	-0.0280	0.2010	0.9791	23.22	356.59	359.33
2026-06-15T21:42:06.2348131+08:00	0x09	-0.5016	-0.4143	0.5630	-0.5097	229.13	317.17	77.91
2026-06-15T21:42:06.2348131+08:00	0x03	-0.0201	-0.0226	0.1573	0.9871	18.15	357.08	358.13
2026-06-15T21:42:06.2348131+08:00	0x07	-0.5402	0.4465	0.5413	0.4646	173.09	275.93	279.83
2026-06-15T21:42:06.2348131+08:00	0x08	0.4241	0.5103	-0.3127	0.6797	0.99	74.42	63.59
2026-06-15T21:42:06.2348131+08:00	0x06	-0.2566	0.6817	0.1452	0.6696	349.35	94.18	327.20
2026-06-15T21:42:06.2348131+08:00	0x01	-0.0117	-0.0280	0.2010	0.9791	23.23	356.58	359.33
2026-06-15T21:42:06.2348131+08:00	0x03	-0.0201	-0.0226	0.1573	0.9871	18.15	357.08	358.13
2026-06-15T21:42:06.2348131+08:00	0x09	-0.5023	-0.4184	0.5576	-0.5115	229.87	317.68	78.68
2026-06-15T21:42:06.2348131+08:00	0x04	-0.0134	-0.0338	-0.0048	0.9993	359.51	356.13	358.45
2026-06-15T21:42:06.2348131+08:00	0x02	-0.0124	0.0133	0.6732	0.7392	84.64	0.17	357.93
2026-06-15T21:42:06.2348131+08:00	0x03	-0.0201	-0.0226	0.1573	0.9871	18.15	357.08	358.13
2026-06-15T21:42:06.2348131+08:00	0x09	-0.4952	-0.4253	0.5500	-0.5210	237.84	325.48	79.67
2026-06-15T21:42:06.2348131+08:00	0x04	-0.0134	-0.0338	-0.0048	0.9993	359.51	356.13	358.45
2026-06-15T21:42:06.2348131+08:00	0x07	-0.5416	0.4466	0.5385	0.4661	173.75	274.95	279.65
2026-06-15T21:42:06.2348131+08:00	0x08	0.4303	0.5054	-0.3179	0.6771	0.60	73.86	64.68
2026-06-15T21:42:06.2348131+08:00	0x01	-0.0117	-0.0280	0.2011	0.9791	23.23	356.59	359.34
2026-06-15T21:42:06.2348131+08:00	0x09	-0.4965	-0.4259	0.5468	-0.5226	238.49	325.83	79.96
2026-06-15T21:42:06.2348131+08:00	0x04	-0.0134	-0.0338	-0.0048	0.9993	359.51	356.13	358.45
2026-06-15T21:42:06.2348131+08:00	0x02	-0.0124	0.0133	0.6732	0.7392	84.64	0.17	357.93
2026-06-15T21:42:06.2348131+08:00	0x07	-0.5410	0.4485	0.5371	0.4666	174.38	274.35	279.39
2026-06-15T21:42:06.2348131+08:00	0x08	0.4320	0.5044	-0.3176	0.6768	0.80	73.90	64.85
2026-06-15T21:42:06.2348131+08:00	0x03	-0.0201	-0.0226	0.1573	0.9871	18.15	357.08	358.13
2026-06-15T21:42:06.2348131+08:00	0x09	-0.4913	-0.4318	0.5397	-0.5301	246.19	333.32	80.70
2026-06-15T21:42:06.2348131+08:00	0x04	-0.0134	-0.0338	-0.0048	0.9993	359.51	356.13	358.45
2026-06-15T21:42:06.2348131+08:00	0x08	0.4298	0.5062	-0.3138	0.6787	1.22	74.21	64.29
2026-06-15T21:42:06.2348131+08:00	0x03	-0.0201	-0.0226	0.1573	0.9871	18.15	357.08	358.13
2026-06-15T21:42:06.2348131+08:00	0x04	-0.0134	-0.0338	-0.0048	0.9993	359.51	356.13	358.45
2026-06-15T21:42:06.2348131+08:00	0x07	-0.5337	0.4596	0.5292	0.4731	175.50	273.46	277.49
2026-06-15T21:42:06.2348131+08:00	0x08	0.4340	0.5039	-0.3160	0.6767	1.32	74.18	64.93
2026-06-15T21:42:06.2348131+08:00	0x09	-0.4840	-0.4420	0.5242	-0.5437	262.78	349.24	81.76
2026-06-15T21:42:06.2348131+08:00	0x03	-0.0201	-0.0226	0.1573	0.9871	18.15	357.08	358.13
2026-06-15T21:42:06.2348131+08:00	0x01	-0.0117	-0.0281	0.2012	0.9791	23.24	356.57	359.34
2026-06-15T21:42:06.2348131+08:00	0x07	-0.5300	0.4680	0.5215	0.4776	178.90	270.06	276.07
2026-06-15T21:42:06.2348131+08:00	0x06	-0.2519	0.6814	0.1446	0.6718	349.84	93.76	327.62
2026-06-15T21:42:06.2348131+08:00	0x02	-0.0124	0.0133	0.6732	0.7392	84.64	0.17	357.93
2026-06-15T21:42:06.2348131+08:00	0x08	0.4395	0.5011	-0.3166	0.6749	1.82	74.35	65.59
2026-06-15T21:42:06.2348131+08:00	0x04	-0.0134	-0.0338	-0.0048	0.9993	359.51	356.13	358.45
2026-06-15T21:42:06.2348131+08:00	0x01	-0.0117	-0.0281	0.2012	0.9791	23.24	356.57	359.34
2026-06-15T21:42:06.2348131+08:00	0x09	-0.4824	-0.4444	0.5195	-0.5477	267.94	354.13	81.92
2026-06-15T21:42:06.2348131+08:00	0x03	-0.0201	-0.0226	0.1573	0.9871	18.15	357.08	358.13
2026-06-15T21:42:06.2348131+08:00	0x07	-0.5255	0.4732	0.5193	0.4799	179.36	269.89	275.26
2026-06-15T21:42:06.2348131+08:00	0x06	-0.2534	0.6796	0.1491	0.6721	350.13	93.56	327.09
2026-06-15T21:42:06.2348131+08:00	0x03	-0.0201	-0.0226	0.1573	0.9871	18.15	357.08	358.13
2026-06-15T21:42:06.2348131+08:00	0x01	-0.0117	-0.0282	0.2012	0.9791	23.24	356.57	359.34
2026-06-15T21:42:06.2358101+08:00	0x04	-0.0134	-0.0338	-0.0048	0.9993	359.51	356.13	358.45
2026-06-15T21:42:06.2358101+08:00	0x07	-0.5133	0.4862	0.5072	0.4928	178.88	270.39	272.38
2026-06-15T21:42:06.2358101+08:00	0x06	-0.2504	0.6806	0.1489	0.6722	350.39	93.53	327.36
2026-06-15T21:42:06.2358101+08:00	0x01	-0.0117	-0.0281	0.2012	0.9791	23.25	356.57	359.34
2026-06-15T21:42:06.2358101+08:00	0x09	-0.4709	-0.4573	0.5010	-0.5640	292.05	17.65	81.65
2026-06-15T21:42:06.2358101+08:00	0x07	-0.5052	0.4925	0.5014	0.5008	161.06	288.25	270.81
2026-06-15T21:42:06.2358101+08:00	0x08	0.4425	0.4958	-0.3153	0.6775	1.61	73.43	65.81
2026-06-15T21:42:06.2358101+08:00	0x06	-0.2488	0.6819	0.1484	0.6717	350.46	93.65	327.55
2026-06-15T21:42:06.2358101+08:00	0x03	-0.0201	-0.0226	0.1573	0.9871	18.15	357.08	358.13
2026-06-15T21:42:06.2358101+08:00	0x01	-0.0117	-0.0281	0.2012	0.9791	23.25	356.57	359.34
2026-06-15T21:42:06.2358101+08:00	0x07	-0.5006	0.4928	0.4996	0.5070	91.15	357.98	270.76
2026-06-15T21:42:06.2358101+08:00	0x04	-0.0134	-0.0338	-0.0048	0.9993	359.51	356.13	358.45
2026-06-15T21:42:06.2358101+08:00	0x02	-0.0124	0.0133	0.6732	0.7392	84.64	0.17	357.93
2026-06-15T21:42:06.2358101+08:00	0x03	-0.0201	-0.0226	0.1573	0.9871	18.15	357.08	358.13
2026-06-15T21:42:06.2358101+08:00	0x07	-0.5007	0.4931	0.5010	0.5051	105.60	343.74	270.73
2026-06-15T21:42:06.2358101+08:00	0x02	-0.0124	0.0133	0.6732	0.7392	84.64	0.17	357.93
2026-06-15T21:42:06.2358101+08:00	0x03	-0.0201	-0.0226	0.1573	0.9871	18.15	357.08	358.13
2026-06-15T21:42:06.2358101+08:00	0x09	-0.4448	-0.4785	0.4796	-0.5859	316.65	42.46	78.55
2026-06-15T21:42:06.2358101+08:00	0x04	-0.0134	-0.0338	-0.0048	0.9993	359.51	356.13	358.45
2026-06-15T21:42:06.2358101+08:00	0x06	-0.2573	0.6781	0.1543	0.6709	350.18	93.59	326.32
2026-06-15T21:42:06.2358101+08:00	0x02	-0.0124	0.0133	0.6732	0.7392	84.64	0.17	357.93
2026-06-15T21:42:06.2358101+08:00	0x07	-0.4995	0.4932	0.5001	0.5070	87.08	2.16	270.83
2026-06-15T21:42:06.2358101+08:00	0x01	-0.0117	-0.0282	0.2013	0.9791	23.26	356.57	359.34
2026-06-15T21:42:06.2358101+08:00	0x07	-0.4958	0.4964	0.4970	0.5107	46.85	42.40	271.21
2026-06-15T21:42:06.2358101+08:00	0x08	0.4359	0.4989	-0.3159	0.6791	0.81	73.13	65.14
2026-06-15T21:42:06.2358101+08:00	0x06	-0.2530	0.6788	0.1517	0.6724	350.41	93.40	326.90
2026-06-15T21:42:06.2358101+08:00	0x03	-0.0201	-0.0226	0.1573	0.9871	18.15	357.08	358.13
2026-06-15T21:42:06.2358101+08:00	0x09	-0.4304	-0.4887	0.4652	-0.5996	325.13	50.73	76.13
2026-06-15T21:42:06.2358101+08:00	0x04	-0.0134	-0.0338	-0.0048	0.9993	359.51	356.13	358.45
2026-06-15T21:42:06.2358101+08:00	0x07	-0.4938	0.4935	0.4989	0.5135	60.03	29.12	271.65
2026-06-15T21:42:06.2358101+08:00	0x08	0.4347	0.4981	-0.3155	0.6807	0.47	72.69	64.98
2026-06-15T21:42:06.2358101+08:00	0x01	-0.0116	-0.0282	0.2013	0.9790	23.26	356.56	359.35
2026-06-15T21:42:06.2358101+08:00	0x03	-0.0201	-0.0226	0.1573	0.9871	18.15	357.08	358.13
2026-06-15T21:42:06.2358101+08:00	0x09	-0.4199	-0.4973	0.4527	-0.6095	330.52	55.92	74.17
2026-06-15T21:42:06.2358101+08:00	0x07	-0.4933	0.4969	0.4956	0.5139	41.03	48.13	271.68
2026-06-15T21:42:06.2358101+08:00	0x02	-0.0124	0.0133	0.6732	0.7392	84.64	0.17	357.93
2026-06-15T21:42:06.2358101+08:00	0x06	-0.2522	0.6792	0.1502	0.6727	350.36	93.41	327.08
2026-06-15T21:42:06.2358101+08:00	0x03	-0.0201	-0.0226	0.1573	0.9871	18.15	357.08	358.13
2026-06-15T21:42:06.2358101+08:00	0x09	-0.4139	-0.5027	0.4445	-0.6151	333.52	58.78	72.96
2026-06-15T21:42:06.2358101+08:00	0x07	-0.4963	0.4962	0.4972	0.5103	48.74	40.50	271.14
2026-06-15T21:42:06.2358101+08:00	0x06	-0.2550	0.6776	0.1514	0.6730	350.24	93.32	326.74
2026-06-15T21:42:06.2358101+08:00	0x02	-0.0124	0.0133	0.6732	0.7392	84.64	0.17	357.93
2026-06-15T21:42:06.2358101+08:00	0x03	-0.0201	-0.0226	0.1573	0.9871	18.15	357.08	358.13
2026-06-15T21:42:06.2358101+08:00	0x01	-0.0117	-0.0283	0.2014	0.9790	23.27	356.56	359.34
2026-06-15T21:42:06.2358101+08:00	0x07	-0.5008	0.4937	0.4983	0.5071	80.52	8.57	270.64
2026-06-15T21:42:06.2358101+08:00	0x08	0.4322	0.5025	-0.3142	0.6798	0.96	73.55	64.59
2026-06-15T21:42:06.2358101+08:00	0x06	-0.2552	0.6768	0.1499	0.6741	350.14	93.17	326.84
2026-06-15T21:42:06.2358101+08:00	0x03	-0.0201	-0.0226	0.1573	0.9871	18.15	357.08	358.13
2026-06-15T21:42:06.2358101+08:00	0x09	-0.3953	-0.5163	0.4275	-0.6280	338.21	63.57	69.71
2026-06-15T21:42:06.2358101+08:00	0x08	0.4341	0.5012	-0.3162	0.6784	0.82	73.44	64.97
2026-06-15T21:42:06.2358101+08:00	0x04	-0.0134	-0.0338	-0.0048	0.9993	359.51	356.13	358.45
2026-06-15T21:42:06.2358101+08:00	0x07	-0.5002	0.4933	0.4977	0.5086	72.29	16.69	270.77
2026-06-15T21:42:06.2358101+08:00	0x06	-0.2527	0.6777	0.1463	0.6749	350.08	93.14	327.35
2026-06-15T21:42:06.2368079+08:00	0x09	-0.3903	-0.5201	0.4211	-0.6323	339.61	64.86	68.69
2026-06-15T21:42:06.2368079+08:00	0x08	0.4343	0.5024	-0.3152	0.6780	1.20	73.84	64.90
2026-06-15T21:42:06.2368079+08:00	0x07	-0.5014	0.4932	0.4981	0.5072	84.96	4.06	270.62
2026-06-15T21:42:06.2368079+08:00	0x04	-0.0134	-0.0338	-0.0048	0.9993	359.51	356.13	358.45
2026-06-15T21:42:06.2368079+08:00	0x02	-0.0124	0.0133	0.6732	0.7392	84.64	0.17	357.93
2026-06-15T21:42:06.2368079+08:00	0x03	-0.0201	-0.0226	0.1573	0.9871	18.15	357.08	358.13
2026-06-15T21:42:06.2368079+08:00	0x09	-0.3852	-0.5266	0.4106	-0.6370	342.20	67.24	67.39
2026-06-15T21:42:06.2368079+08:00	0x08	0.4385	0.4999	-0.3183	0.6756	1.15	73.74	65.62
2026-06-15T21:42:06.2368079+08:00	0x02	-0.0124	0.0133	0.6732	0.7392	84.64	0.17	357.93
2026-06-15T21:42:06.2368079+08:00	0x09	-0.3833	-0.5267	0.4093	-0.6389	342.18	67.14	67.05
2026-06-15T21:42:06.2368079+08:00	0x03	-0.0201	-0.0226	0.1573	0.9871	18.15	357.08	358.13
2026-06-15T21:42:06.2368079+08:00	0x07	-0.4968	0.4965	0.4948	0.5117	38.09	50.93	271.22
2026-06-15T21:42:06.2368079+08:00	0x06	-0.2543	0.6769	0.1493	0.6744	350.18	93.13	326.97
2026-06-15T21:42:06.2368079+08:00	0x03	-0.0201	-0.0226	0.1573	0.9871	18.15	357.08	358.14
2026-06-15T21:42:06.2368079+08:00	0x01	-0.0116	-0.0282	0.2015	0.9790	23.28	356.56	359.35
2026-06-15T21:42:06.2368079+08:00	0x09	-0.3779	-0.5311	0.4004	-0.6441	343.80	68.49	65.79
2026-06-15T21:42:06.2368079+08:00	0x06	-0.2519	0.6777	0.1469	0.6750	350.22	93.10	327.37
2026-06-15T21:42:06.2368079+08:00	0x02	-0.0124	0.0133	0.6732	0.7392	84.64	0.17	357.93
2026-06-15T21:42:06.2368079+08:00	0x03	-0.0201	-0.0226	0.1573	0.9871	18.15	357.08	358.13
2026-06-15T21:42:06.2368079+08:00	0x01	-0.0116	-0.0282	0.2016	0.9790	23.29	356.57	359.35
2026-06-15T21:42:06.2368079+08:00	0x08	0.4344	0.5028	-0.3146	0.6778	1.40	74.02	64.87
2026-06-15T21:42:06.2368079+08:00	0x04	-0.0134	-0.0338	-0.0048	0.9993	359.51	356.13	358.45
2026-06-15T21:42:06.2368079+08:00	0x06	-0.2554	0.6767	0.1500	0.6740	350.13	93.17	326.82
2026-06-15T21:42:06.2368079+08:00	0x03	-0.0201	-0.0226	0.1573	0.9871	18.15	357.08	358.13
2026-06-15T21:42:06.2368079+08:00	0x02	-0.0124	0.0133	0.6732	0.7392	84.64	0.17	357.92
2026-06-15T21:42:06.2368079+08:00	0x07	-0.4932	0.5039	0.4905	0.5120	9.28	80.10	271.87
2026-06-15T21:42:06.2368079+08:00	0x06	-0.2572	0.6767	0.1527	0.6728	350.15	93.31	326.44
2026-06-15T21:42:06.2368079+08:00	0x02	-0.0124	0.0133	0.6732	0.7392	84.64	0.17	357.92
2026-06-15T21:42:06.2368079+08:00	0x03	-0.0201	-0.0226	0.1573	0.9871	18.15	357.08	358.13
2026-06-15T21:42:06.2368079+08:00	0x09	-0.3582	-0.5473	0.3731	-0.6580	347.98	72.31	61.61
2026-06-15T21:42:06.2368079+08:00	0x01	-0.0117	-0.0282	0.2016	0.9790	23.29	356.56	359.34
2026-06-15T21:42:06.2368079+08:00	0x06	-0.2530	0.6787	0.1480	0.6734	350.13	93.36	327.21
2026-06-15T21:42:06.2368079+08:00	0x07	-0.4851	0.5101	0.4820	0.5217	7.12	82.04	273.73
2026-06-15T21:42:06.2368079+08:00	0x08	0.4368	0.5010	-0.3158	0.6771	1.37	73.88	65.23
2026-06-15T21:42:06.2368079+08:00	0x02	-0.0124	0.0133	0.6732	0.7392	84.64	0.17	357.92
2026-06-15T21:42:06.2368079+08:00	0x03	-0.0201	-0.0226	0.1573	0.9871	18.15	357.08	358.13
2026-06-15T21:42:06.2368079+08:00	0x09	-0.3517	-0.5506	0.3661	-0.6626	348.57	72.78	60.38
2026-06-15T21:42:06.2368079+08:00	0x08	0.4360	0.5011	-0.3161	0.6774	1.19	73.74	65.15
2026-06-15T21:42:06.2378056+08:00	0x07	-0.4818	0.5126	0.4789	0.5251	6.66	82.45	274.45
2026-06-15T21:42:06.2378056+08:00	0x04	-0.0134	-0.0338	-0.0048	0.9993	359.51	356.13	358.45
2026-06-15T21:42:06.2378056+08:00	0x02	-0.0124	0.0133	0.6732	0.7392	84.64	0.17	357.92
2026-06-15T21:42:06.2378056+08:00	0x03	-0.0201	-0.0226	0.1573	0.9871	18.15	357.08	358.13
2026-06-15T21:42:06.2378056+08:00	0x01	-0.0117	-0.0282	0.2016	0.9790	23.30	356.57	359.34
2026-06-15T21:42:06.2378056+08:00	0x09	-0.3429	-0.5553	0.3573	-0.6681	349.27	73.41	58.76
2026-06-15T21:42:06.2378056+08:00	0x06	-0.2537	0.6773	0.1495	0.6742	350.25	93.15	327.00
2026-06-15T21:42:06.2378056+08:00	0x08	0.4348	0.5022	-0.3147	0.6780	1.34	73.90	64.92
2026-06-15T21:42:06.2378056+08:00	0x07	-0.4790	0.5155	0.4766	0.5269	5.46	83.74	275.00
2026-06-15T21:42:06.2378056+08:00	0x02	-0.0124	0.0133	0.6732	0.7392	84.64	0.17	357.92
2026-06-15T21:42:06.2378056+08:00	0x03	-0.0201	-0.0226	0.1573	0.9871	18.15	357.08	358.13
2026-06-15T21:42:06.2378056+08:00	0x01	-0.0117	-0.0283	0.2016	0.9790	23.30	356.55	359.35
2026-06-15T21:42:06.2378056+08:00	0x09	-0.3358	-0.5595	0.3478	-0.6732	350.15	74.08	57.28
2026-06-15T21:42:06.2378056+08:00	0x06	-0.2501	0.6789	0.1460	0.6748	350.28	93.17	327.61
2026-06-15T21:42:06.2378056+08:00	0x08	0.4369	0.5002	-0.3155	0.6778	1.28	73.67	65.21
2026-06-15T21:42:06.2378056+08:00	0x04	-0.0134	-0.0338	-0.0048	0.9993	359.51	356.13	358.45
2026-06-15T21:42:06.2378056+08:00	0x02	-0.0124	0.0133	0.6732	0.7392	84.64	0.17	357.92
2026-06-15T21:42:06.2378056+08:00	0x03	-0.0201	-0.0226	0.1573	0.9871	18.15	357.08	358.13
2026-06-15T21:42:06.2378056+08:00	0x09	-0.3333	-0.5622	0.3413	-0.6756	350.99	74.68	56.51
2026-06-15T21:42:06.2378056+08:00	0x01	-0.0117	-0.0282	0.2017	0.9790	23.30	356.56	359.34
2026-06-15T21:42:06.2378056+08:00	0x06	-0.2506	0.6790	0.1465	0.6743	350.26	93.24	327.53
2026-06-15T21:42:06.2378056+08:00	0x07	-0.4682	0.5241	0.4651	0.5383	4.43	84.59	277.43
2026-06-15T21:42:06.2378056+08:00	0x02	-0.0124	0.0133	0.6732	0.7392	84.64	0.17	357.92
2026-06-15T21:42:06.2378056+08:00	0x03	-0.0201	-0.0226	0.1573	0.9871	18.15	357.08	358.13
2026-06-15T21:42:06.2378056+08:00	0x01	-0.0117	-0.0282	0.2017	0.9790	23.30	356.56	359.34
2026-06-15T21:42:06.2378056+08:00	0x09	-0.3258	-0.5663	0.3331	-0.6798	351.57	75.18	55.11
2026-06-15T21:42:06.2378056+08:00	0x06	-0.2525	0.6775	0.1479	0.6748	350.24	93.11	327.23
2026-06-15T21:42:06.2378056+08:00	0x07	-0.4668	0.5270	0.4627	0.5388	2.78	86.32	277.83
2026-06-15T21:42:06.2378056+08:00	0x04	-0.0134	-0.0338	-0.0048	0.9993	359.51	356.13	358.45
2026-06-15T21:42:06.2378056+08:00	0x02	-0.0124	0.0133	0.6732	0.7392	84.64	0.17	357.92
2026-06-15T21:42:06.2378056+08:00	0x01	-0.0117	-0.0282	0.2017	0.9790	23.31	356.56	359.34
2026-06-15T21:42:06.2378056+08:00	0x09	-0.3099	-0.5729	0.3188	-0.6885	352.10	75.63	52.38
2026-06-15T21:42:06.2378056+08:00	0x06	-0.2520	0.6779	0.1459	0.6751	350.12	93.13	327.45
2026-06-15T21:42:06.2378056+08:00	0x07	-0.4626	0.5305	0.4570	0.5437	2.27	86.64	278.88
2026-06-15T21:42:06.2378056+08:00	0x08	0.4407	0.4977	-0.3198	0.6751	0.97	73.42	65.98
2026-06-15T21:42:06.2378056+08:00	0x04	-0.0134	-0.0338	-0.0048	0.9993	359.51	356.13	358.45
2026-06-15T21:42:06.2378056+08:00	0x03	-0.0201	-0.0226	0.1573	0.9871	18.15	357.08	358.13
2026-06-15T21:42:06.2378056+08:00	0x02	-0.0124	0.0133	0.6732	0.7392	84.64	0.17	357.92
2026-06-15T21:42:06.2378056+08:00	0x09	-0.3059	-0.5749	0.3136	-0.6911	352.44	75.85	51.57
2026-06-15T21:42:06.2378056+08:00	0x06	-0.2533	0.6764	0.1484	0.6755	350.25	92.97	327.11
2026-06-15T21:42:06.2378056+08:00	0x07	-0.4600	0.5331	0.4555	0.5448	2.06	87.01	279.32
2026-06-15T21:42:06.2378056+08:00	0x08	0.4379	0.4999	-0.3176	0.6763	1.14	73.68	65.50
2026-06-15T21:42:06.2378056+08:00	0x04	-0.0134	-0.0338	-0.0048	0.9993	359.51	356.13	358.45
2026-06-15T21:42:06.2378056+08:00	0x03	-0.0201	-0.0226	0.1573	0.9871	18.15	357.08	358.13
2026-06-15T21:42:06.2378056+08:00	0x02	-0.0124	0.0133	0.6732	0.7392	84.64	0.17	357.93
2026-06-15T21:42:06.2388034+08:00	0x09	-0.2935	-0.5811	0.3007	-0.6970	353.12	76.47	49.34
2026-06-15T21:42:06.2388034+08:00	0x01	-0.0117	-0.0283	0.2018	0.9790	23.31	356.56	359.35
2026-06-15T21:42:06.2388034+08:00	0x06	-0.2545	0.6771	0.1461	0.6749	349.90	93.17	327.22
2026-06-15T21:42:06.2388034+08:00	0x08	0.4370	0.5014	-0.3178	0.6757	1.22	73.94	65.41
2026-06-15T21:42:06.2388034+08:00	0x04	-0.0134	-0.0338	-0.0048	0.9993	359.51	356.13	358.45
2026-06-15T21:42:06.2388034+08:00	0x03	-0.0201	-0.0226	0.1573	0.9871	18.15	357.08	358.13
2026-06-15T21:42:06.2388034+08:00	0x01	-0.0116	-0.0283	0.2018	0.9790	23.31	356.55	359.35
2026-06-15T21:42:06.2388034+08:00	0x09	-0.2833	-0.5859	0.2900	-0.7017	353.63	76.92	47.51
2026-06-15T21:42:06.2388034+08:00	0x07	-0.4543	0.5402	0.4471	0.5494	0.13	88.92	280.80
2026-06-15T21:42:06.2388034+08:00	0x08	0.4376	0.5009	-0.3184	0.6755	1.13	73.84	65.52
2026-06-15T21:42:06.2388034+08:00	0x04	-0.0134	-0.0338	-0.0048	0.9993	359.51	356.13	358.45
2026-06-15T21:42:06.2388034+08:00	0x03	-0.0201	-0.0226	0.1573	0.9871	18.15	357.08	358.13
2026-06-15T21:42:06.2388034+08:00	0x01	-0.0116	-0.0283	0.2018	0.9789	23.32	356.56	359.35
2026-06-15T21:42:06.2388034+08:00	0x09	-0.2806	-0.5882	0.2846	-0.7031	354.12	77.28	46.83
2026-06-15T21:42:06.2388034+08:00	0x08	0.4370	0.5014	-0.3175	0.6759	1.25	73.94	65.38
2026-06-15T21:42:06.2388034+08:00	0x04	-0.0134	-0.0338	-0.0048	0.9993	359.51	356.13	358.45
2026-06-15T21:42:06.2388034+08:00	0x02	-0.0124	0.0133	0.6732	0.7392	84.64	0.17	357.93
2026-06-15T21:42:06.2388034+08:00	0x06	-0.2542	0.6762	0.1473	0.6756	350.07	92.99	327.13
2026-06-15T21:42:06.2388034+08:00	0x03	-0.0201	-0.0226	0.1573	0.9871	18.15	357.08	358.13
2026-06-15T21:42:06.2388034+08:00	0x01	-0.0116	-0.0283	0.2019	0.9789	23.32	356.56	359.35
2026-06-15T21:42:06.2388034+08:00	0x08	0.4365	0.5016	-0.3170	0.6763	1.26	73.94	65.29
2026-06-15T21:42:06.2388034+08:00	0x04	-0.0134	-0.0338	-0.0048	0.9993	359.51	356.13	358.45
2026-06-15T21:42:06.2388034+08:00	0x03	-0.0201	-0.0226	0.1573	0.9871	18.15	357.08	358.13
2026-06-15T21:42:06.2388034+08:00	0x01	-0.0116	-0.0283	0.2019	0.9789	23.32	356.56	359.35
2026-06-15T21:42:06.2388034+08:00	0x09	-0.2592	-0.5963	0.2623	-0.7130	354.91	77.80	43.04
2026-06-15T21:42:06.2388034+08:00	0x06	-0.2556	0.6763	0.1490	0.6746	350.05	93.11	326.88
2026-06-15T21:42:06.2388034+08:00	0x08	0.4362	0.5016	-0.3168	0.6765	1.23	73.89	65.24
2026-06-15T21:42:06.2388034+08:00	0x04	-0.0134	-0.0338	-0.0048	0.9993	359.51	356.13	358.45
2026-06-15T21:42:06.2388034+08:00	0x02	-0.0124	0.0133	0.6732	0.7392	84.64	0.17	357.93
2026-06-15T21:42:06.2388034+08:00	0x07	-0.4298	0.5586	0.4232	0.5694	0.37	88.62	285.81
2026-06-15T21:42:06.2388034+08:00	0x09	-0.2571	-0.5988	0.2559	-0.7141	355.53	78.23	42.35
2026-06-15T21:42:06.2388034+08:00	0x01	-0.0116	-0.0282	0.2019	0.9789	23.33	356.56	359.35
2026-06-15T21:42:06.2388034+08:00	0x07	-0.4225	0.5651	0.4155	0.5741	359.90	89.17	287.32
2026-06-15T21:42:06.2388034+08:00	0x04	-0.0134	-0.0338	-0.0048	0.9993	359.51	356.13	358.45
2026-06-15T21:42:06.2388034+08:00	0x06	-0.2545	0.6765	0.1487	0.6748	350.14	93.07	327.00
2026-06-15T21:42:06.2388034+08:00	0x09	-0.2515	-0.6022	0.2482	-0.7159	356.00	78.64	41.23
2026-06-15T21:42:06.2388034+08:00	0x01	-0.0117	-0.0282	0.2019	0.9789	23.33	356.56	359.35
2026-06-15T21:42:06.2388034+08:00	0x02	-0.0124	0.0133	0.6732	0.7392	84.64	0.17	357.93
2026-06-15T21:42:06.2388034+08:00	0x06	-0.2540	0.6771	0.1473	0.6748	350.06	93.13	327.16
2026-06-15T21:42:06.2388034+08:00	0x07	-0.4139	0.5709	0.4061	0.5813	359.94	89.01	289.12
2026-06-15T21:42:06.2398021+08:00	0x08	0.4370	0.5016	-0.3180	0.6756	1.20	73.95	65.42
2026-06-15T21:42:06.2398021+08:00	0x04	-0.0134	-0.0338	-0.0048	0.9993	359.51	356.13	358.45
2026-06-15T21:42:06.2398021+08:00	0x03	-0.0201	-0.0226	0.1573	0.9871	18.15	357.08	358.13
2026-06-15T21:42:06.2398021+08:00	0x09	-0.2461	-0.6046	0.2419	-0.7179	356.27	78.85	40.23
2026-06-15T21:42:06.2398021+08:00	0x01	-0.0117	-0.0283	0.2019	0.9789	23.33	356.55	359.35
2026-06-15T21:42:06.2398021+08:00	0x07	-0.4044	0.5742	0.3974	0.5906	0.78	87.85	290.92
2026-06-15T21:42:06.2398021+08:00	0x04	-0.0134	-0.0338	-0.0048	0.9993	359.51	356.13	358.45
2026-06-15T21:42:06.2398021+08:00	0x03	-0.0201	-0.0226	0.1573	0.9871	18.15	357.08	358.13
2026-06-15T21:42:06.2398021+08:00	0x02	-0.0124	0.0133	0.6732	0.7392	84.64	0.17	357.93
2026-06-15T21:42:06.2398021+08:00	0x09	-0.2313	-0.6064	0.2320	-0.7245	355.95	78.46	38.06
2026-06-15T21:42:06.2398021+08:00	0x01	-0.0116	-0.0283	0.2020	0.9789	23.34	356.56	359.35
2026-06-15T21:42:06.2398021+08:00	0x06	-0.2544	0.6748	0.1476	0.6769	350.16	92.74	327.08
2026-06-15T21:42:06.2398021+08:00	0x08	0.4327	0.5027	-0.3168	0.6780	0.73	73.57	64.85
2026-06-15T21:42:06.2398021+08:00	0x04	-0.0134	-0.0338	-0.0048	0.9993	359.51	356.13	358.45
2026-06-15T21:42:06.2398021+08:00	0x02	-0.0124	0.0133	0.6732	0.7392	84.64	0.17	357.93
2026-06-15T21:42:06.2398021+08:00	0x03	-0.0201	-0.0226	0.1573	0.9871	18.15	357.08	358.13
2026-06-15T21:42:06.2398021+08:00	0x01	-0.0116	-0.0283	0.2020	0.9789	23.34	356.56	359.35
2026-06-15T21:42:06.2398021+08:00	0x06	-0.2535	0.6751	0.1487	0.6766	350.33	92.74	327.05
2026-06-15T21:42:06.2398021+08:00	0x09	-0.2165	-0.6109	0.2155	-0.7304	356.46	78.68	35.42
2026-06-15T21:42:06.2398021+08:00	0x04	-0.0134	-0.0338	-0.0048	0.9993	359.51	356.13	358.45
2026-06-15T21:42:06.2398021+08:00	0x02	-0.0124	0.0133	0.6732	0.7392	84.64	0.18	357.92
2026-06-15T21:42:06.2398021+08:00	0x09	-0.2092	-0.6137	0.2059	-0.7329	356.89	78.93	34.01
2026-06-15T21:42:06.2398021+08:00	0x06	-0.2531	0.6745	0.1495	0.6772	350.46	92.60	327.01
2026-06-15T21:42:06.2398021+08:00	0x07	-0.3891	0.5858	0.3839	0.5984	0.49	88.47	293.73
2026-06-15T21:42:06.2398021+08:00	0x03	-0.0201	-0.0226	0.1573	0.9871	18.15	357.08	358.13
2026-06-15T21:42:06.2398021+08:00	0x09	-0.2027	-0.6164	0.1972	-0.7349	357.28	79.18	32.75
2026-06-15T21:42:06.2398021+08:00	0x01	-0.0117	-0.0283	0.2020	0.9789	23.34	356.56	359.35
2026-06-15T21:42:06.2398021+08:00	0x02	-0.0124	0.0133	0.6732	0.7392	84.64	0.17	357.93
2026-06-15T21:42:06.2398021+08:00	0x06	-0.2525	0.6754	0.1496	0.6766	350.49	92.72	327.06
2026-06-15T21:42:06.2398021+08:00	0x04	-0.0134	-0.0338	-0.0048	0.9993	359.51	356.13	358.45
2026-06-15T21:42:06.2398021+08:00	0x07	-0.3807	0.5909	0.3761	0.6038	0.57	88.40	295.30
2026-06-15T21:42:06.2398021+08:00	0x08	0.4370	0.5000	-0.3169	0.6772	1.07	73.56	65.34
2026-06-15T21:42:06.2398021+08:00	0x03	-0.0201	-0.0226	0.1573	0.9871	18.15	357.08	358.13
2026-06-15T21:42:06.2398021+08:00	0x02	-0.0124	0.0133	0.6732	0.7392	84.64	0.18	357.92
2026-06-15T21:42:06.2398021+08:00	0x09	-0.2017	-0.6165	0.1966	-0.7353	357.25	79.15	32.62
2026-06-15T21:42:06.2398021+08:00	0x01	-0.0117	-0.0283	0.2021	0.9789	23.35	356.56	359.35
2026-06-15T21:42:06.2398021+08:00	0x07	-0.3818	0.5820	0.3797	0.6094	2.50	85.77	294.87
2026-06-15T21:42:06.2398021+08:00	0x08	0.4336	0.4987	-0.3190	0.6793	359.88	72.49	65.13
2026-06-15T21:42:06.2398021+08:00	0x02	-0.0124	0.0133	0.6732	0.7392	84.64	0.17	357.93
2026-06-15T21:42:06.2398021+08:00	0x09	-0.1987	-0.6168	0.1946	-0.7364	357.19	79.09	32.19
2026-06-15T21:42:06.2398021+08:00	0x06	-0.2501	0.6712	0.1454	0.6825	350.64	91.77	327.55
2026-06-15T21:42:06.2398021+08:00	0x01	-0.0117	-0.0283	0.2021	0.9789	23.35	356.56	359.35
2026-06-15T21:42:06.2398021+08:00	0x07	-0.3904	0.5802	0.3859	0.6017	1.63	86.84	293.42
2026-06-15T21:42:06.2398021+08:00	0x04	-0.0134	-0.0338	-0.0048	0.9993	359.51	356.13	358.45
2026-06-15T21:42:06.2398021+08:00	0x02	-0.0124	0.0133	0.6732	0.7392	84.64	0.17	357.93
2026-06-15T21:42:06.2398021+08:00	0x09	-0.1786	-0.6223	0.1778	-0.7411	357.30	79.34	29.08
2026-06-15T21:42:06.2398021+08:00	0x01	-0.0117	-0.0283	0.2021	0.9789	23.35	356.56	359.35
2026-06-15T21:42:06.2398021+08:00	0x07	-0.3974	0.5788	0.3889	0.5965	0.58	87.89	292.43
2026-06-15T21:42:06.2398021+08:00	0x04	-0.0134	-0.0338	-0.0048	0.9993	359.51	356.13	358.45
2026-06-15T21:42:06.2398021+08:00	0x08	0.4289	0.5042	-0.3205	0.6776	359.76	73.16	64.74
2026-06-15T21:42:06.2398021+08:00	0x02	-0.0124	0.0133	0.6732	0.7392	84.64	0.17	357.93
2026-06-15T21:42:06.2398021+08:00	0x03	-0.0201	-0.0225	0.1573	0.9871	18.15	357.09	358.13
2026-06-15T21:42:06.2398021+08:00	0x06	-0.2509	0.6703	0.1414	0.6839	350.28	91.66	327.80
2026-06-15T21:42:06.2398021+08:00	0x07	-0.4011	0.5782	0.3923	0.5924	0.15	88.50	291.74
2026-06-15T21:42:06.2398021+08:00	0x04	-0.0134	-0.0338	-0.0048	0.9993	359.51	356.13	358.45
2026-06-15T21:42:06.2398021+08:00	0x02	-0.0124	0.0133	0.6732	0.7392	84.64	0.17	357.93
2026-06-15T21:42:06.2407973+08:00	0x09	-0.1695	-0.6271	0.1619	-0.7428	358.20	79.91	27.06
2026-06-15T21:42:06.2407973+08:00	0x01	-0.0116	-0.0283	0.2022	0.9789	23.36	356.56	359.35
2026-06-15T21:42:06.2407973+08:00	0x06	-0.2466	0.6724	0.1440	0.6829	350.84	91.74	327.97
2026-06-15T21:42:06.2407973+08:00	0x07	-0.3973	0.5787	0.3942	0.5932	1.20	87.77	291.94
2026-06-15T21:42:06.2407973+08:00	0x04	-0.0134	-0.0338	-0.0048	0.9993	359.51	356.13	358.45
2026-06-15T21:42:06.2407973+08:00	0x08	0.4317	0.4996	-0.3174	0.6806	359.90	72.50	64.81
2026-06-15T21:42:06.2407973+08:00	0x03	-0.0201	-0.0226	0.1573	0.9871	18.15	357.08	358.13
2026-06-15T21:42:06.2407973+08:00	0x02	-0.0124	0.0133	0.6732	0.7392	84.64	0.18	357.92
2026-06-15T21:42:06.2407973+08:00	0x09	-0.1696	-0.6268	0.1554	-0.7445	358.80	79.91	26.57
2026-06-15T21:42:06.2407973+08:00	0x01	-0.0117	-0.0282	0.2022	0.9789	23.36	356.57	359.34
2026-06-15T21:42:06.2407973+08:00	0x04	-0.0134	-0.0338	-0.0048	0.9993	359.51	356.13	358.45
2026-06-15T21:42:06.2407973+08:00	0x08	0.4365	0.4954	-0.3216	0.6787	359.43	71.89	65.66
2026-06-15T21:42:06.2407973+08:00	0x03	-0.0201	-0.0226	0.1573	0.9871	18.15	357.08	358.13
2026-06-15T21:42:06.2407973+08:00	0x09	-0.1674	-0.6274	0.1514	-0.7453	359.00	79.95	26.07
2026-06-15T21:42:06.2407973+08:00	0x01	-0.0116	-0.0282	0.2022	0.9789	23.36	356.56	359.35
2026-06-15T21:42:06.2407973+08:00	0x06	-0.2455	0.6760	0.1429	0.6799	350.67	92.33	328.19
2026-06-15T21:42:06.2407973+08:00	0x07	-0.3970	0.5756	0.3964	0.5949	2.28	86.57	291.76
2026-06-15T21:42:06.2407973+08:00	0x04	-0.0134	-0.0338	-0.0048	0.9993	359.51	356.13	358.45
2026-06-15T21:42:06.2407973+08:00	0x08	0.4338	0.4988	-0.3186	0.6793	0.00	72.58	65.13
2026-06-15T21:42:06.2407973+08:00	0x03	-0.0201	-0.0225	0.1573	0.9871	18.15	357.09	358.13
2026-06-15T21:42:06.2407973+08:00	0x09	-0.1562	-0.6304	0.1408	-0.7472	359.15	80.12	24.27
2026-06-15T21:42:06.2407973+08:00	0x01	-0.0116	-0.0283	0.2022	0.9789	23.37	356.56	359.35
2026-06-15T21:42:06.2407973+08:00	0x07	-0.4039	0.5750	0.4004	0.5881	1.06	87.97	290.68
2026-06-15T21:42:06.2407973+08:00	0x08	0.4296	0.5038	-0.3144	0.6803	0.67	73.46	64.33
2026-06-15T21:42:06.2407973+08:00	0x03	-0.0201	-0.0225	0.1573	0.9871	18.15	357.09	358.13
2026-06-15T21:42:06.2407973+08:00	0x09	-0.1349	-0.6332	0.1226	-0.7522	359.17	80.02	20.99
2026-06-15T21:42:06.2407973+08:00	0x06	-0.2478	0.6755	0.1375	0.6807	350.02	92.39	328.45
2026-06-15T21:42:06.2407973+08:00	0x01	-0.0116	-0.0283	0.2022	0.9789	23.37	356.56	359.35
2026-06-15T21:42:06.2407973+08:00	0x07	-0.4049	0.5779	0.3946	0.5885	359.44	89.35	291.14
2026-06-15T21:42:06.2407973+08:00	0x08	0.4339	0.5046	-0.3176	0.6754	1.20	74.29	65.06
2026-06-15T21:42:06.2407973+08:00	0x03	-0.0201	-0.0226	0.1573	0.9871	18.15	357.08	358.13
2026-06-15T21:42:06.2407973+08:00	0x09	-0.1223	-0.6365	0.1105	-0.7534	359.34	80.28	18.96
2026-06-15T21:42:06.2407973+08:00	0x01	-0.0116	-0.0282	0.2023	0.9789	23.37	356.56	359.35
2026-06-15T21:42:06.2407973+08:00	0x06	-0.2507	0.6750	0.1394	0.6798	349.89	92.50	328.06
2026-06-15T21:42:06.2407973+08:00	0x07	-0.4048	0.5789	0.3936	0.5883	359.11	89.69	291.25
2026-06-15T21:42:06.2407973+08:00	0x08	0.4331	0.5046	-0.3182	0.6757	0.97	74.13	65.01
2026-06-15T21:42:06.2407973+08:00	0x09	-0.1159	-0.6368	0.1039	-0.7551	359.44	80.20	17.91
2026-06-15T21:42:06.2407973+08:00	0x02	-0.0124	0.0133	0.6732	0.7392	84.64	0.17	357.92
2026-06-15T21:42:06.2407973+08:00	0x06	-0.2520	0.6734	0.1418	0.6804	350.02	92.30	327.73
2026-06-15T21:42:06.2407973+08:00	0x07	-0.3985	0.5820	0.3878	0.5933	359.44	89.27	292.43
2026-06-15T21:42:06.2407973+08:00	0x08	0.4299	0.5060	-0.3167	0.6774	0.80	74.02	64.54
2026-06-15T21:42:06.2407973+08:00	0x02	-0.0124	0.0133	0.6732	0.7392	84.64	0.17	357.92
2026-06-15T21:42:06.2407973+08:00	0x03	-0.0201	-0.0226	0.1573	0.9871	18.15	357.08	358.13
2026-06-15T21:42:06.2407973+08:00	0x09	-0.1040	-0.6383	0.0919	-0.7572	359.62	80.20	15.95
2026-06-15T21:42:06.2407973+08:00	0x06	-0.2527	0.6730	0.1440	0.6800	350.15	92.28	327.48
2026-06-15T21:42:06.2407973+08:00	0x01	-0.0117	-0.0282	0.2023	0.9788	23.38	356.56	359.35
2026-06-15T21:42:06.2407973+08:00	0x07	-0.3958	0.5830	0.3875	0.5944	359.88	88.97	292.73
2026-06-15T21:42:06.2407973+08:00	0x08	0.4297	0.5051	-0.3164	0.6783	0.66	73.77	64.50
2026-06-15T21:42:06.2407973+08:00	0x03	-0.0201	-0.0225	0.1573	0.9871	18.15	357.09	358.13
2026-06-15T21:42:06.2407973+08:00	0x09	-0.1052	-0.6399	0.0877	-0.7562	0.12	80.49	15.74
2026-06-15T21:42:06.2407973+08:00	0x06	-0.2463	0.6750	0.1396	0.6814	350.38	92.19	328.39
2026-06-15T21:42:06.2407973+08:00	0x01	-0.0116	-0.0283	0.2024	0.9788	23.38	356.55	359.35
2026-06-15T21:42:06.2407973+08:00	0x07	-0.3816	0.5945	0.3731	0.6015	359.35	89.74	295.50
2026-06-15T21:42:06.2407973+08:00	0x08	0.4366	0.5012	-0.3182	0.6760	1.02	73.76	65.40
2026-06-15T21:42:06.2407973+08:00	0x04	-0.0134	-0.0338	-0.0048	0.9993	359.51	356.13	358.45
2026-06-15T21:42:06.2407973+08:00	0x09	-0.1125	-0.6416	0.0860	-0.7538	0.88	80.93	16.26
2026-06-15T21:42:06.2407973+08:00	0x03	-0.0201	-0.0225	0.1573	0.9871	18.15	357.09	358.13
2026-06-15T21:42:06.2407973+08:00	0x06	-0.2434	0.6752	0.1422	0.6816	350.89	92.05	328.41
2026-06-15T21:42:06.2417950+08:00	0x04	-0.0134	-0.0338	-0.0048	0.9993	359.51	356.13	358.45
2026-06-15T21:42:06.2417950+08:00	0x07	-0.3666	0.5976	0.3618	0.6145	0.79	87.92	298.00
2026-06-15T21:42:06.2417950+08:00	0x03	-0.0201	-0.0225	0.1573	0.9871	18.15	357.09	358.13
2026-06-15T21:42:06.2417950+08:00	0x09	-0.1113	-0.6406	0.0815	-0.7554	1.16	80.76	15.82
2026-06-15T21:42:06.2417950+08:00	0x06	-0.2439	0.6756	0.1453	0.6804	351.07	92.15	328.11
2026-06-15T21:42:06.2417950+08:00	0x01	-0.0117	-0.0283	0.2024	0.9788	23.39	356.55	359.35
2026-06-15T21:42:06.2417950+08:00	0x07	-0.3659	0.5964	0.3663	0.6134	1.61	87.40	297.65
2026-06-15T21:42:06.2417950+08:00	0x08	0.4357	0.4971	-0.3164	0.6804	0.35	72.54	65.16
2026-06-15T21:42:06.2417950+08:00	0x03	-0.0201	-0.0225	0.1573	0.9871	18.15	357.09	358.13
2026-06-15T21:42:06.2417950+08:00	0x02	-0.0124	0.0133	0.6732	0.7392	84.64	0.18	357.92
2026-06-15T21:42:06.2417950+08:00	0x09	-0.0968	-0.6426	0.0676	-0.7570	1.30	80.81	13.51
2026-06-15T21:42:06.2417950+08:00	0x06	-0.2494	0.6727	0.1521	0.6798	351.18	92.01	327.06
2026-06-15T21:42:06.2417950+08:00	0x07	-0.3716	0.5952	0.3729	0.6071	1.35	88.03	296.48
2026-06-15T21:42:06.2417950+08:00	0x08	0.4354	0.4979	-0.3161	0.6802	0.48	72.71	65.10
2026-06-15T21:42:06.2417950+08:00	0x02	-0.0124	0.0133	0.6732	0.7392	84.64	0.17	357.92
2026-06-15T21:42:06.2417950+08:00	0x09	-0.0973	-0.6442	0.0647	-0.7559	1.62	81.07	13.32
2026-06-15T21:42:06.2417950+08:00	0x03	-0.0201	-0.0225	0.1573	0.9871	18.15	357.09	358.13
2026-06-15T21:42:06.2417950+08:00	0x06	-0.2460	0.6741	0.1485	0.6805	351.18	92.02	327.66
2026-06-15T21:42:06.2417950+08:00	0x07	-0.3694	0.5955	0.3708	0.6094	1.53	87.73	296.89
2026-06-15T21:42:06.2417950+08:00	0x08	0.4351	0.4974	-0.3148	0.6812	0.54	72.62	64.97
2026-06-15T21:42:06.2417950+08:00	0x04	-0.0134	-0.0338	-0.0048	0.9993	359.51	356.13	358.45
2026-06-15T21:42:06.2417950+08:00	0x03	-0.0201	-0.0225	0.1573	0.9871	18.15	357.09	358.13
2026-06-15T21:42:06.2417950+08:00	0x02	-0.0124	0.0133	0.6732	0.7392	84.64	0.17	357.92
2026-06-15T21:42:06.2417950+08:00	0x09	-0.0886	-0.6453	0.0530	-0.7569	1.99	81.10	11.69
2026-06-15T21:42:06.2417950+08:00	0x06	-0.2454	0.6753	0.1487	0.6794	351.19	92.21	327.70
2026-06-15T21:42:06.2417950+08:00	0x01	-0.0117	-0.0283	0.2025	0.9788	23.40	356.56	359.35
2026-06-15T21:42:06.2417950+08:00	0x07	-0.3730	0.5905	0.3757	0.6091	2.25	86.81	296.09
2026-06-15T21:42:06.2417950+08:00	0x04	-0.0134	-0.0338	-0.0048	0.9993	359.51	356.13	358.45
2026-06-15T21:42:06.2417950+08:00	0x09	-0.0817	-0.6452	0.0464	-0.7582	2.04	80.98	10.59
2026-06-15T21:42:06.2417950+08:00	0x03	-0.0201	-0.0226	0.1573	0.9871	18.15	357.08	358.13
2026-06-15T21:42:06.2417950+08:00	0x06	-0.2471	0.6735	0.1491	0.6805	351.14	92.00	327.52
2026-06-15T21:42:06.2417950+08:00	0x01	-0.0116	-0.0283	0.2025	0.9788	23.40	356.56	359.35
2026-06-15T21:42:06.2417950+08:00	0x07	-0.3799	0.5884	0.3806	0.6038	1.71	87.43	294.95
2026-06-15T21:42:06.2417950+08:00	0x08	0.4342	0.5010	-0.3148	0.6792	1.01	73.47	64.85
2026-06-15T21:42:06.2417950+08:00	0x03	-0.0201	-0.0226	0.1573	0.9871	18.15	357.08	358.13
2026-06-15T21:42:06.2417950+08:00	0x02	-0.0124	0.0133	0.6732	0.7392	84.64	0.17	357.92
2026-06-15T21:42:06.2417950+08:00	0x09	-0.0577	-0.6453	0.0250	-0.7614	2.10	80.69	6.90
2026-06-15T21:42:06.2417950+08:00	0x06	-0.2509	0.6725	0.1526	0.6794	351.06	92.08	326.90
2026-06-15T21:42:06.2417950+08:00	0x07	-0.3901	0.5847	0.3901	0.5948	1.16	88.26	293.04
2026-06-15T21:42:06.2417950+08:00	0x01	-0.0116	-0.0283	0.2025	0.9788	23.40	356.56	359.36
2026-06-15T21:42:06.2417950+08:00	0x03	-0.0201	-0.0226	0.1573	0.9871	18.15	357.08	358.13
2026-06-15T21:42:06.2417950+08:00	0x02	-0.0124	0.0133	0.6732	0.7392	84.64	0.17	357.93
2026-06-15T21:42:06.2417950+08:00	0x09	-0.0531	-0.6477	0.0150	-0.7599	2.65	81.01	5.74
2026-06-15T21:42:06.2417950+08:00	0x06	-0.2461	0.6756	0.1484	0.6790	351.08	92.31	327.68
2026-06-15T21:42:06.2417950+08:00	0x07	-0.3900	0.5842	0.3898	0.5955	1.26	88.07	293.08
2026-06-15T21:42:06.2417950+08:00	0x01	-0.0116	-0.0283	0.2026	0.9788	23.40	356.56	359.36
2026-06-15T21:42:06.2417950+08:00	0x08	0.4412	0.4973	-0.3155	0.6772	1.60	73.61	65.68
2026-06-15T21:42:06.2417950+08:00	0x09	-0.0567	-0.6483	0.0136	-0.7591	3.05	81.16	5.95
2026-06-15T21:42:06.2417950+08:00	0x03	-0.0201	-0.0226	0.1573	0.9871	18.15	357.08	358.13
2026-06-15T21:42:06.2417950+08:00	0x06	-0.2407	0.6771	0.1421	0.6808	351.08	92.19	328.66
2026-06-15T21:42:06.2417950+08:00	0x07	-0.3875	0.5862	0.3855	0.5980	0.97	88.22	293.73
2026-06-15T21:42:06.2417950+08:00	0x08	0.4417	0.4974	-0.3159	0.6766	1.67	73.72	65.77
2026-06-15T21:42:06.2417950+08:00	0x04	-0.0134	-0.0338	-0.0048	0.9993	359.51	356.14	358.45
2026-06-15T21:42:06.2417950+08:00	0x09	-0.0424	-0.6488	-0.0019	-0.7598	3.32	81.09	3.55
2026-06-15T21:42:06.2417950+08:00	0x03	-0.0201	-0.0226	0.1573	0.9871	18.15	357.08	358.13
2026-06-15T21:42:06.2417950+08:00	0x07	-0.3934	0.5834	0.3918	0.5927	0.81	88.55	292.55
2026-06-15T21:42:06.2417950+08:00	0x08	0.4400	0.4986	-0.3140	0.6777	1.83	73.87	65.42
2026-06-15T21:42:06.2417950+08:00	0x04	-0.0134	-0.0338	-0.0048	0.9993	359.51	356.14	358.45
2026-06-15T21:42:06.2417950+08:00	0x03	-0.0201	-0.0225	0.1573	0.9871	18.15	357.09	358.13
2026-06-15T21:42:06.2427924+08:00	0x02	-0.0124	0.0133	0.6732	0.7392	84.64	0.17	357.93
2026-06-15T21:42:06.2427924+08:00	0x06	-0.2447	0.6751	0.1476	0.6801	351.20	92.12	327.85
2026-06-15T21:42:06.2427924+08:00	0x07	-0.3971	0.5809	0.3967	0.5895	0.98	88.50	291.71
2026-06-15T21:42:06.2427924+08:00	0x08	0.4390	0.4992	-0.3129	0.6784	1.88	73.90	65.23
2026-06-15T21:42:06.2427924+08:00	0x09	-0.0271	-0.6500	-0.0203	-0.7591	3.79	81.17	0.85
2026-06-15T21:42:06.2427924+08:00	0x03	-0.0201	-0.0225	0.1573	0.9871	18.15	357.09	358.13
2026-06-15T21:42:06.2427924+08:00	0x02	-0.0124	0.0133	0.6732	0.7392	84.64	0.17	357.93
2026-06-15T21:42:06.2427924+08:00	0x06	-0.2471	0.6739	0.1506	0.6798	351.24	92.07	327.39
2026-06-15T21:42:06.2427924+08:00	0x07	-0.3994	0.5800	0.3981	0.5879	0.75	88.71	291.35
2026-06-15T21:42:06.2427924+08:00	0x08	0.4397	0.4992	-0.3138	0.6775	1.90	74.00	65.38
2026-06-15T21:42:06.2427924+08:00	0x04	-0.0134	-0.0338	-0.0048	0.9993	359.51	356.13	358.45
2026-06-15T21:42:06.2427924+08:00	0x09	-0.0191	-0.6508	-0.0287	-0.7585	3.93	81.24	359.52
2026-06-15T21:42:06.2427924+08:00	0x03	-0.0201	-0.0226	0.1573	0.9871	18.15	357.08	358.13
2026-06-15T21:42:06.2427924+08:00	0x02	-0.0124	0.0133	0.6732	0.7392	84.64	0.17	357.92
2026-06-15T21:42:06.2427924+08:00	0x06	-0.2482	0.6727	0.1517	0.6804	351.27	91.92	327.19
2026-06-15T21:42:06.2427924+08:00	0x07	-0.4055	0.5754	0.4048	0.5836	0.99	88.50	290.09
2026-06-15T21:42:06.2427924+08:00	0x01	-0.0116	-0.0284	0.2027	0.9788	23.42	356.55	359.35
2026-06-15T21:42:06.2427924+08:00	0x04	-0.0134	-0.0338	-0.0048	0.9993	359.51	356.13	358.45
2026-06-15T21:42:06.2427924+08:00	0x02	-0.0124	0.0133	0.6732	0.7392	84.64	0.17	357.92
2026-06-15T21:42:06.2427924+08:00	0x06	-0.2484	0.6726	0.1478	0.6812	350.94	91.91	327.50
2026-06-15T21:42:06.2427924+08:00	0x07	-0.4056	0.5766	0.4022	0.5842	0.35	89.01	290.33
2026-06-15T21:42:06.2427924+08:00	0x08	0.4362	0.5029	-0.3146	0.6767	1.76	74.36	65.05
2026-06-15T21:42:06.2427924+08:00	0x01	-0.0116	-0.0283	0.2027	0.9788	23.42	356.55	359.35
2026-06-15T21:42:06.2427924+08:00	0x04	-0.0134	-0.0338	-0.0048	0.9993	359.51	356.13	358.45
2026-06-15T21:42:06.2427924+08:00	0x09	0.0076	-0.6483	-0.0505	-0.7597	3.85	80.81	355.59
2026-06-15T21:42:06.2427924+08:00	0x02	-0.0124	0.0133	0.6732	0.7392	84.64	0.17	357.92
2026-06-15T21:42:06.2427924+08:00	0x06	-0.2530	0.6700	0.1516	0.6812	350.89	91.77	326.78
2026-06-15T21:42:06.2427924+08:00	0x01	-0.0116	-0.0283	0.2027	0.9788	23.42	356.55	359.36
2026-06-15T21:42:06.2427924+08:00	0x08	0.4347	0.5054	-0.3158	0.6752	1.76	74.75	64.99
2026-06-15T21:42:06.2427924+08:00	0x04	-0.0134	-0.0338	-0.0048	0.9993	359.51	356.13	358.45
2026-06-15T21:42:06.2427924+08:00	0x02	-0.0124	0.0133	0.6732	0.7392	84.64	0.17	357.92
2026-06-15T21:42:06.2427924+08:00	0x06	-0.2508	0.6707	0.1437	0.6831	350.45	91.73	327.63
2026-06-15T21:42:06.2427924+08:00	0x07	-0.4115	0.5728	0.4022	0.5838	359.69	89.12	289.74
2026-06-15T21:42:06.2427924+08:00	0x01	-0.0116	-0.0283	0.2028	0.9787	23.43	356.55	359.36
2026-06-15T21:42:06.2427924+08:00	0x08	0.4311	0.5089	-0.3154	0.6750	1.75	75.13	64.56
2026-06-15T21:42:06.2427924+08:00	0x03	-0.0201	-0.0225	0.1573	0.9871	18.15	357.09	358.13
2026-06-15T21:42:06.2427924+08:00	0x09	0.0342	-0.6459	-0.0730	-0.7592	3.86	80.50	351.60
2026-06-15T21:42:06.2427924+08:00	0x04	-0.0134	-0.0338	-0.0048	0.9993	359.51	356.13	358.45
2026-06-15T21:42:06.2427924+08:00	0x02	-0.0124	0.0133	0.6732	0.7392	84.64	0.17	357.92
2026-06-15T21:42:06.2427924+08:00	0x06	-0.2529	0.6720	0.1445	0.6808	350.21	92.12	327.41
2026-06-15T21:42:06.2427924+08:00	0x01	-0.0116	-0.0283	0.2028	0.9787	23.43	356.55	359.35
2026-06-15T21:42:06.2427924+08:00	0x04	-0.0134	-0.0338	-0.0048	0.9993	359.51	356.13	358.45
2026-06-15T21:42:06.2427924+08:00	0x09	0.0300	-0.6492	-0.0751	-0.7563	4.33	80.97	351.79
2026-06-15T21:42:06.2427924+08:00	0x06	-0.2482	0.6738	0.1410	0.6816	350.36	92.10	328.11
2026-06-15T21:42:06.2427924+08:00	0x02	-0.0124	0.0133	0.6732	0.7392	84.64	0.17	357.92
2026-06-15T21:42:06.2427924+08:00	0x01	-0.0116	-0.0284	0.2028	0.9787	23.43	356.55	359.35
2026-06-15T21:42:06.2427924+08:00	0x07	-0.3969	0.5813	0.3889	0.5943	0.13	88.65	292.48
2026-06-15T21:42:06.2427924+08:00	0x04	-0.0134	-0.0338	-0.0048	0.9993	359.51	356.13	358.45
2026-06-15T21:42:06.2427924+08:00	0x09	0.0347	-0.6491	-0.0831	-0.7553	4.68	80.97	350.78
2026-06-15T21:42:06.2427924+08:00	0x02	-0.0124	0.0133	0.6732	0.7392	84.64	0.17	357.92
2026-06-15T21:42:06.2427924+08:00	0x06	-0.2476	0.6736	0.1429	0.6816	350.58	92.03	328.00
2026-06-15T21:42:06.2427924+08:00	0x07	-0.3925	0.5848	0.3848	0.5966	0.02	88.85	293.31
2026-06-15T21:42:06.2427924+08:00	0x08	0.4380	0.5033	-0.3172	0.6740	1.82	74.67	65.46
2026-06-15T21:42:06.2437898+08:00	0x01	-0.0116	-0.0284	0.2028	0.9787	23.44	356.54	359.36
2026-06-15T21:42:06.2437898+08:00	0x04	-0.0134	-0.0338	-0.0048	0.9993	359.51	356.13	358.45
2026-06-15T21:42:06.2437898+08:00	0x09	0.0413	-0.6492	-0.0919	-0.7539	4.95	81.02	349.54
2026-06-15T21:42:06.2437898+08:00	0x02	-0.0124	0.0133	0.6732	0.7392	84.64	0.17	357.93
2026-06-15T21:42:06.2437898+08:00	0x07	-0.3871	0.5901	0.3793	0.5984	359.59	89.47	294.37
2026-06-15T21:42:06.2437898+08:00	0x01	-0.0116	-0.0284	0.2029	0.9787	23.44	356.54	359.36
2026-06-15T21:42:06.2437898+08:00	0x08	0.4378	0.5034	-0.3164	0.6744	1.94	74.72	65.38
2026-06-15T21:42:06.2437898+08:00	0x03	-0.0201	-0.0226	0.1573	0.9871	18.15	357.08	358.13
2026-06-15T21:42:06.2437898+08:00	0x09	0.0483	-0.6492	-0.1007	-0.7524	5.20	81.05	348.26
2026-06-15T21:42:06.2437898+08:00	0x02	-0.0124	0.0133	0.6732	0.7392	84.64	0.17	357.92
2026-06-15T21:42:06.2437898+08:00	0x07	-0.3790	0.5958	0.3698	0.6039	359.36	89.62	296.06
2026-06-15T21:42:06.2437898+08:00	0x01	-0.0116	-0.0284	0.2029	0.9787	23.44	356.54	359.36
2026-06-15T21:42:06.2437898+08:00	0x08	0.4393	0.5013	-0.3201	0.6733	1.32	74.19	65.84
2026-06-15T21:42:06.2437898+08:00	0x03	-0.0201	-0.0226	0.1573	0.9871	18.15	357.08	358.13
2026-06-15T21:42:06.2437898+08:00	0x04	-0.0134	-0.0338	-0.0048	0.9993	359.51	356.13	358.45
2026-06-15T21:42:06.2437898+08:00	0x09	0.0577	-0.6469	-0.1073	-0.7528	5.12	80.76	346.96
2026-06-15T21:42:06.2437898+08:00	0x02	-0.0124	0.0133	0.6732	0.7392	84.64	0.17	357.92
2026-06-15T21:42:06.2437898+08:00	0x07	-0.3786	0.5938	0.3727	0.6043	0.11	88.92	295.82
2026-06-15T21:42:06.2437898+08:00	0x01	-0.0116	-0.0285	0.2029	0.9787	23.45	356.53	359.36
2026-06-15T21:42:06.2437898+08:00	0x08	0.4305	0.5056	-0.3162	0.6775	0.93	74.05	64.57
2026-06-15T21:42:06.2437898+08:00	0x04	-0.0134	-0.0338	-0.0048	0.9993	359.51	356.13	358.45
2026-06-15T21:42:06.2437898+08:00	0x09	0.0769	-0.6424	-0.1253	-0.7522	5.35	80.24	343.94
2026-06-15T21:42:06.2437898+08:00	0x06	-0.2496	0.6689	0.1455	0.6849	350.82	91.33	327.55
2026-06-15T21:42:06.2437898+08:00	0x02	-0.0124	0.0133	0.6732	0.7392	84.64	0.17	357.92
2026-06-15T21:42:06.2437898+08:00	0x07	-0.3663	0.6018	0.3577	0.6130	359.73	89.10	298.41
2026-06-15T21:42:06.2437898+08:00	0x08	0.4313	0.5054	-0.3171	0.6767	0.91	74.09	64.73
2026-06-15T21:42:06.2437898+08:00	0x01	-0.0116	-0.0284	0.2029	0.9787	23.45	356.54	359.36
2026-06-15T21:42:06.2437898+08:00	0x06	-0.2483	0.6699	0.1424	0.6851	350.66	91.40	327.93
2026-06-15T21:42:06.2437898+08:00	0x02	-0.0124	0.0133	0.6732	0.7392	84.64	0.17	357.92
2026-06-15T21:42:06.2437898+08:00	0x07	-0.3584	0.6077	0.3476	0.6176	359.28	89.50	300.10
2026-06-15T21:42:06.2437898+08:00	0x01	-0.0116	-0.0285	0.2029	0.9787	23.45	356.53	359.37
2026-06-15T21:42:06.2437898+08:00	0x08	0.4319	0.5066	-0.3173	0.6754	1.20	74.51	64.81
2026-06-15T21:42:06.2437898+08:00	0x03	-0.0201	-0.0226	0.1573	0.9871	18.15	357.08	358.13
2026-06-15T21:42:06.2437898+08:00	0x09	0.0945	-0.6411	-0.1427	-0.7481	5.60	80.26	341.08
2026-06-15T21:42:06.2437898+08:00	0x06	-0.2503	0.6703	0.1426	0.6839	350.44	91.62	327.75
2026-06-15T21:42:06.2437898+08:00	0x02	-0.0124	0.0133	0.6732	0.7392	84.64	0.17	357.92
2026-06-15T21:42:06.2437898+08:00	0x07	-0.3540	0.6103	0.3444	0.6193	359.38	89.51	300.80
2026-06-15T21:42:06.2437898+08:00	0x01	-0.0116	-0.0285	0.2030	0.9787	23.45	356.54	359.37
2026-06-15T21:42:06.2437898+08:00	0x03	-0.0201	-0.0225	0.1573	0.9871	18.15	357.09	358.13
2026-06-15T21:42:06.2437898+08:00	0x04	-0.0134	-0.0338	-0.0048	0.9993	359.51	356.13	358.45
2026-06-15T21:42:06.2437898+08:00	0x06	-0.2469	0.6702	0.1401	0.6857	350.60	91.37	328.24
2026-06-15T21:42:06.2437898+08:00	0x02	-0.0124	0.0133	0.6732	0.7392	84.64	0.17	357.92
2026-06-15T21:42:06.2437898+08:00	0x09	0.0944	-0.6401	-0.1439	-0.7488	5.74	80.09	341.00
2026-06-15T21:42:06.2437898+08:00	0x07	-0.3402	0.6139	0.3293	0.6317	359.83	88.45	303.48
2026-06-15T21:42:06.2437898+08:00	0x01	-0.0116	-0.0285	0.2030	0.9787	23.46	356.53	359.36
2026-06-15T21:42:06.2437898+08:00	0x03	-0.0201	-0.0225	0.1573	0.9871	18.15	357.09	358.13
2026-06-15T21:42:06.2437898+08:00	0x04	-0.0134	-0.0338	-0.0048	0.9993	359.51	356.13	358.45
2026-06-15T21:42:06.2437898+08:00	0x09	0.1017	-0.6401	-0.1528	-0.7460	5.99	80.19	339.68
2026-06-15T21:42:06.2437898+08:00	0x06	-0.2493	0.6707	0.1427	0.6838	350.53	91.62	327.84
2026-06-15T21:42:06.2437898+08:00	0x02	-0.0124	0.0133	0.6732	0.7392	84.64	0.17	357.92
2026-06-15T21:42:06.2437898+08:00	0x07	-0.3344	0.6190	0.3249	0.6320	359.67	88.98	304.41
2026-06-15T21:42:06.2437898+08:00	0x08	0.4308	0.5059	-0.3178	0.6764	0.80	74.09	64.74
2026-06-15T21:42:06.2437898+08:00	0x03	-0.0201	-0.0225	0.1573	0.9871	18.15	357.09	358.13
2026-06-15T21:42:06.2437898+08:00	0x04	-0.0134	-0.0338	-0.0048	0.9993	359.51	356.14	358.45
2026-06-15T21:42:06.2437898+08:00	0x06	-0.2463	0.6714	0.1419	0.6845	350.75	91.54	328.15
2026-06-15T21:42:06.2437898+08:00	0x02	-0.0124	0.0133	0.6732	0.7392	84.64	0.17	357.92
2026-06-15T21:42:06.2437898+08:00	0x09	0.1072	-0.6398	-0.1612	-0.7437	6.33	80.21	338.54
2026-06-15T21:42:06.2437898+08:00	0x07	-0.3230	0.6236	0.3143	0.6388	359.87	88.69	306.43
2026-06-15T21:42:06.2437898+08:00	0x08	0.4324	0.5044	-0.3168	0.6770	0.97	73.99	64.82
2026-06-15T21:42:06.2437898+08:00	0x01	-0.0116	-0.0285	0.2031	0.9787	23.46	356.53	359.36
2026-06-15T21:42:06.2437898+08:00	0x09	0.1118	-0.6394	-0.1682	-0.7418	6.62	80.21	337.61
2026-06-15T21:42:06.2437898+08:00	0x07	-0.3164	0.6275	0.3071	0.6417	359.73	88.86	307.68
2026-06-15T21:42:06.2448286+08:00	0x03	-0.0201	-0.0225	0.1573	0.9871	18.15	357.09	358.13
2026-06-15T21:42:06.2448286+08:00	0x04	-0.0134	-0.0338	-0.0048	0.9993	359.51	356.13	358.45
2026-06-15T21:42:06.2448286+08:00	0x09	0.1250	-0.6350	-0.1826	-0.7401	7.05	79.72	335.36
2026-06-15T21:42:06.2448286+08:00	0x01	-0.0116	-0.0285	0.2031	0.9787	23.47	356.53	359.36
2026-06-15T21:42:06.2448286+08:00	0x07	-0.3069	0.6348	0.2918	0.6463	358.89	89.49	309.90
2026-06-15T21:42:06.2448286+08:00	0x03	-0.0201	-0.0225	0.1573	0.9871	18.15	357.09	358.13
2026-06-15T21:42:06.2448286+08:00	0x08	0.4309	0.4893	-0.3505	0.6724	352.62	67.17	67.28
2026-06-15T21:42:06.2448286+08:00	0x04	-0.0134	-0.0338	-0.0048	0.9993	359.51	356.13	358.45
2026-06-15T21:42:06.2448286+08:00	0x02	-0.0124	0.0133	0.6732	0.7392	84.64	0.17	357.92
2026-06-15T21:42:06.2448286+08:00	0x01	-0.0116	-0.0284	0.2031	0.9787	23.47	356.54	359.36
2026-06-15T21:42:06.2448286+08:00	0x07	-0.2595	0.6055	0.2574	0.7070	3.89	79.63	317.26
2026-06-15T21:42:06.2448286+08:00	0x08	0.4431	0.3651	-0.6055	0.5511	249.88	338.50	68.52
2026-06-15T21:42:06.2448286+08:00	0x04	-0.0134	-0.0338	-0.0048	0.9993	359.51	356.13	358.45
2026-06-15T21:42:06.2448286+08:00	0x03	-0.0201	-0.0225	0.1573	0.9871	18.15	357.09	358.13
2026-06-15T21:42:06.2448286+08:00	0x09	0.1632	-0.7934	0.0296	-0.5856	342.74	108.40	351.71
2026-06-15T21:42:06.2448286+08:00	0x02	-0.0124	0.0133	0.6732	0.7392	84.64	0.17	357.92
2026-06-15T21:42:06.2448286+08:00	0x01	-0.0116	-0.0284	0.2032	0.9787	23.47	356.54	359.36
2026-06-15T21:42:06.2448286+08:00	0x07	-0.2369	0.6111	0.2795	0.7016	7.98	79.01	317.62
2026-06-15T21:42:06.2448286+08:00	0x08	0.4434	0.3694	-0.5986	0.5556	251.98	340.17	69.21
2026-06-15T21:42:06.2448286+08:00	0x03	-0.0201	-0.0225	0.1573	0.9871	18.15	357.09	358.13
2026-06-15T21:42:06.2448286+08:00	0x09	0.0750	-0.7286	0.0401	-0.6796	350.57	94.19	357.51
2026-06-15T21:42:06.2448286+08:00	0x02	-0.0124	0.0133	0.6732	0.7392	84.64	0.17	357.92
2026-06-15T21:42:06.2448286+08:00	0x01	-0.0115	-0.0285	0.2032	0.9787	23.48	356.54	359.37
2026-06-15T21:42:06.2448286+08:00	0x03	-0.0201	-0.0225	0.1573	0.9871	18.15	357.09	358.13
2026-06-15T21:42:06.2448286+08:00	0x07	-0.2896	0.6014	0.3340	0.6655	8.98	79.83	308.07
2026-06-15T21:42:06.2448286+08:00	0x09	0.0155	-0.7407	0.0916	-0.6654	351.61	95.64	6.61
2026-06-15T21:42:06.2547613+08:00	0x08	0.6530	0.3684	-0.5472	0.3721	170.71	254.24	62.76
2026-06-15T21:42:06.2547613+08:00	0x02	-0.0124	0.0133	0.6732	0.7392	84.64	0.17	357.92
2026-06-15T21:42:06.2547613+08:00	0x07	-0.3095	0.5920	0.3589	0.6519	10.43	78.94	304.06
2026-06-15T21:42:06.2547613+08:00	0x08	0.7000	0.2741	-0.5928	0.2888	176.54	259.02	46.83
2026-06-15T21:42:06.2547613+08:00	0x03	-0.0201	-0.0225	0.1573	0.9871	18.15	357.09	358.13
2026-06-15T21:42:06.2547613+08:00	0x06	-0.1864	0.6565	0.1291	0.7194	356.23	85.64	334.04
2026-06-15T21:42:06.2547613+08:00	0x04	-0.0134	-0.0338	-0.0048	0.9993	359.51	356.14	358.45
2026-06-15T21:42:06.2547613+08:00	0x02	-0.0124	0.0133	0.6732	0.7392	84.64	0.18	357.92
2026-06-15T21:42:06.2547613+08:00	0x01	-0.0115	-0.0285	0.2033	0.9786	23.48	356.54	359.37
2026-06-15T21:42:06.2547613+08:00	0x03	-0.0201	-0.0225	0.1573	0.9871	18.15	357.09	358.13
2026-06-15T21:42:06.3808279+08:00	0x04	-0.0134	-0.0338	-0.0048	0.9993	359.51	356.13	358.45
2026-06-15T21:42:06.4390180+08:00	0x06	-0.1900	0.6550	0.1289	0.7199	355.95	85.54	333.74
2026-06-15T21:42:06.4461192+08:00	0x09	-0.0465	-0.7405	0.1412	-0.6554	353.07	96.02	15.67
2026-06-15T21:42:06.4789478+08:00	0x08	0.7151	0.2102	-0.6203	0.2444	180.18	261.94	37.61
2026-06-15T21:42:06.5310133+08:00	0x02	-0.0124	0.0133	0.6732	0.7392	84.64	0.18	357.92
2026-06-15T21:42:06.6967258+08:00	0x07	-0.3292	0.5788	0.3686	0.6486	10.75	77.43	301.37
2026-06-15T21:42:06.7805476+08:00	0x03	-0.0201	-0.0225	0.1573	0.9871	18.15	357.09	358.13
2026-06-15T21:42:06.7969828+08:00	0x08	0.7248	0.1541	-0.6407	0.2012	182.26	263.54	29.28
2026-06-15T21:42:06.9312526+08:00	0x06	-0.1514	0.6847	0.0721	0.7093	353.65	89.00	341.74
2026-06-15T21:42:06.9797510+08:00	0x04	-0.0134	-0.0338	-0.0048	0.9993	359.51	356.14	358.45
2026-06-15T21:42:07.0169811+08:00	0x09	-0.0763	-0.7691	0.1703	-0.6113	354.42	102.02	20.81
2026-06-15T21:42:07.1966089+08:00	0x02	-0.0124	0.0133	0.6732	0.7392	84.64	0.17	357.92
2026-06-15T21:42:07.2325337+08:00	0x07	-0.3163	0.6171	0.3412	0.6346	4.29	86.15	304.66
2026-06-15T21:42:07.3134776+08:00	0x03	-0.0201	-0.0226	0.1573	0.9871	18.15	357.08	358.13
2026-06-15T21:42:07.4150816+08:00	0x04	-0.0134	-0.0338	-0.0048	0.9993	359.51	356.14	358.45
2026-06-15T21:42:07.5099378+08:00	0x06	-0.1781	0.7003	0.1057	0.6832	353.45	92.75	336.95
2026-06-15T21:42:07.6525365+08:00	0x02	-0.0124	0.0133	0.6732	0.7392	84.64	0.17	357.92
2026-06-15T21:42:07.7979141+08:00	0x03	-0.0201	-0.0225	0.1573	0.9871	18.15	357.09	358.13
2026-06-15T21:42:07.8185760+08:00	0x01	-0.0115	-0.0285	0.2033	0.9786	23.50	356.53	359.37
2026-06-15T21:42:07.8491720+08:00	0x07	-0.3210	0.6101	0.3706	0.6224	7.64	84.59	301.59
2026-06-15T21:42:08.0477824+08:00	0x09	-0.0816	-0.7420	0.1492	-0.6485	355.61	96.95	19.11
2026-06-15T21:42:08.1811776+08:00	0x02	-0.0124	0.0133	0.6732	0.7392	84.64	0.17	357.92
2026-06-15T21:42:08.3000939+08:00	0x07	-0.3408	0.5967	0.3945	0.6101	9.30	83.07	297.55
2026-06-15T21:42:08.3828734+08:00	0x03	-0.0201	-0.0226	0.1573	0.9871	18.15	357.08	358.13
2026-06-15T21:42:08.5317397+08:00	0x04	-0.0134	-0.0338	-0.0048	0.9993	359.51	356.14	358.45
2026-06-15T21:42:08.5975571+08:00	0x06	-0.2059	0.6910	0.1442	0.6777	354.18	92.60	331.42
2026-06-15T21:42:08.6296530+08:00	0x09	-0.0943	-0.7448	0.1564	-0.6418	356.31	97.83	20.73
2026-06-15T21:42:08.7164545+08:00	0x02	-0.0124	0.0133	0.6732	0.7392	84.64	0.17	357.92
2026-06-15T21:42:08.8487967+08:00	0x07	-0.3797	0.5802	0.4306	0.5777	9.47	83.64	290.21
2026-06-15T21:42:08.9329866+08:00	0x08	0.6648	0.0721	-0.7339	0.1195	184.73	276.30	15.35
2026-06-15T21:42:08.9808528+08:00	0x03	-0.0201	-0.0226	0.1573	0.9871	18.15	357.08	358.13
2026-06-15T21:42:09.1018166+08:00	0x04	-0.0134	-0.0338	-0.0048	0.9993	359.51	356.14	358.45
2026-06-15T21:42:09.1649687+08:00	0x09	-0.1008	-0.7461	0.1627	-0.6377	356.47	98.28	21.80
2026-06-15T21:42:09.1802362+08:00	0x06	-0.2110	0.6902	0.1489	0.6760	354.07	92.74	330.61
2026-06-15T21:42:09.2512127+08:00	0x02	-0.0124	0.0133	0.6732	0.7392	84.64	0.17	357.92
2026-06-15T21:42:09.3966184+08:00	0x07	-0.4109	0.5568	0.4649	0.5523	13.66	79.72	283.70
2026-06-15T21:42:09.4309010+08:00	0x01	-0.0115	-0.0286	0.2034	0.9786	23.50	356.52	359.38
2026-06-15T21:42:09.6138297+08:00	0x04	-0.0134	-0.0338	-0.0048	0.9993	359.51	356.14	358.45
2026-06-15T21:42:09.6656898+08:00	0x08	0.7311	-0.1622	-0.6607	-0.0526	190.09	262.70	343.06
2026-06-15T21:42:09.6996008+08:00	0x06	-0.2116	0.6863	0.1533	0.6788	354.56	92.08	330.15
2026-06-15T21:42:09.8156319+08:00	0x02	-0.0124	0.0133	0.6732	0.7392	84.64	0.17	357.92
2026-06-15T21:42:09.9142234+08:00	0x07	-0.4455	0.5276	0.5077	0.5152	31.26	63.02	275.88
2026-06-15T21:42:09.9597079+08:00	0x03	-0.0201	-0.0226	0.1573	0.9871	18.15	357.08	358.13
2026-06-15T21:42:10.0054692+08:00	0x08	0.7351	-0.1609	-0.6569	-0.0484	190.39	262.07	343.59
2026-06-15T21:42:10.1804849+08:00	0x04	-0.0134	-0.0338	-0.0048	0.9993	359.51	356.14	358.45
2026-06-15T21:42:10.2762088+08:00	0x06	-0.2198	0.6690	0.1708	0.6891	356.03	89.45	327.89
2026-06-15T21:42:10.3978312+08:00	0x02	-0.0124	0.0133	0.6732	0.7392	84.64	0.17	357.92
2026-06-15T21:42:10.4470906+08:00	0x09	-0.1151	-0.7349	0.1615	-0.6485	357.49	96.64	22.75
2026-06-15T21:42:10.4810119+08:00	0x03	-0.0201	-0.0226	0.1573	0.9871	18.15	357.08	358.13
2026-06-15T21:42:10.5145370+08:00	0x07	-0.4808	0.4844	0.5554	0.4751	142.05	312.77	275.78
2026-06-15T21:42:10.7148639+08:00	0x08	0.7133	-0.2007	-0.6657	-0.0880	190.59	263.87	336.87
2026-06-15T21:42:10.7769125+08:00	0x09	-0.1165	-0.7341	0.1621	-0.6490	357.55	96.54	22.91
2026-06-15T21:42:10.8009907+08:00	0x06	-0.2187	0.6705	0.1689	0.6885	355.90	89.66	328.16
2026-06-15T21:42:11.0301669+08:00	0x03	-0.0201	-0.0226	0.1573	0.9871	18.15	357.08	358.13
2026-06-15T21:42:11.0507911+08:00	0x07	-0.5079	0.4608	0.5765	0.4442	166.30	288.61	280.71
2026-06-15T21:42:11.1640845+08:00	0x04	-0.0134	-0.0338	-0.0048	0.9993	359.51	356.14	358.45
2026-06-15T21:42:11.3821188+08:00	0x06	-0.2174	0.6774	0.1676	0.6824	355.57	90.83	328.41
2026-06-15T21:42:11.4819106+08:00	0x02	-0.0124	0.0133	0.6732	0.7392	84.64	0.17	357.92
2026-06-15T21:42:11.5660066+08:00	0x07	-0.5313	0.4334	0.6006	0.4114	173.28	282.01	286.73
2026-06-15T21:42:11.5969786+08:00	0x03	-0.0201	-0.0226	0.1573	0.9871	18.15	357.08	358.13
2026-06-15T21:42:11.7813737+08:00	0x01	-0.0115	-0.0286	0.2035	0.9786	23.52	356.52	359.38
2026-06-15T21:42:11.8981392+08:00	0x09	-0.1347	-0.7270	0.1843	-0.6476	357.26	95.97	26.26
2026-06-15T21:42:12.0844823+08:00	0x01	-0.0115	-0.0286	0.2036	0.9786	23.52	356.52	359.38
2026-06-15T21:42:12.1487476+08:00	0x03	-0.0201	-0.0225	0.1573	0.9871	18.15	357.09	358.13
2026-06-15T21:42:12.2949423+08:00	0x08	0.7086	-0.2099	-0.6669	-0.0955	190.77	264.18	335.46
2026-06-15T21:42:12.4205945+08:00	0x04	-0.0134	-0.0338	-0.0048	0.9993	359.51	356.14	358.45
2026-06-15T21:42:12.5653931+08:00	0x02	-0.0124	0.0133	0.6732	0.7392	84.64	0.17	357.92
2026-06-15T21:42:12.6983410+08:00	0x01	-0.0115	-0.0286	0.2036	0.9786	23.52	356.52	359.38
2026-06-15T21:42:12.7807044+08:00	0x04	-0.0134	-0.0338	-0.0048	0.9993	359.51	356.14	358.45
2026-06-15T21:42:12.9688295+08:00	0x09	-0.1385	-0.7233	0.1924	-0.6486	356.83	95.47	27.26
2026-06-15T21:42:13.1028803+08:00	0x02	-0.0124	0.0133	0.6732	0.7392	84.64	0.17	357.92
2026-06-15T21:42:13.1979162+08:00	0x03	-0.0201	-0.0225	0.1573	0.9871	18.15	357.09	358.13
2026-06-15T21:42:13.2176813+08:00	0x07	-0.5306	0.4342	0.5999	0.4124	173.14	282.13	286.54
2026-06-15T21:42:13.3807266+08:00	0x04	-0.0134	-0.0338	-0.0048	0.9993	359.51	356.13	358.45
2026-06-15T21:42:13.4016945+08:00	0x08	0.6965	-0.2561	-0.6554	-0.1404	191.76	263.13	327.90
2026-06-15T21:42:13.5689975+08:00	0x02	-0.0124	0.0133	0.6732	0.7392	84.64	0.17	357.92
2026-06-15T21:42:13.6208630+08:00	0x06	-0.2300	0.6619	0.1781	0.6908	355.98	88.77	326.39
2026-06-15T21:42:13.6533921+08:00	0x09	-0.1386	-0.7251	0.1900	-0.6472	357.10	95.80	27.06
2026-06-15T21:42:13.7564881+08:00	0x03	-0.0201	-0.0225	0.1573	0.9871	18.15	357.09	358.13
2026-06-15T21:42:13.9447243+08:00	0x04	-0.0134	-0.0338	-0.0048	0.9993	359.51	356.13	358.45
2026-06-15T21:42:13.9738705+08:00	0x01	-0.0115	-0.0287	0.2036	0.9786	23.53	356.52	359.38
2026-06-15T21:42:14.0346458+08:00	0x09	-0.1785	-0.7257	0.2577	-0.6125	355.97	98.35	36.34
2026-06-15T21:42:14.1514198+08:00	0x02	-0.0124	0.0133	0.6732	0.7392	84.64	0.17	357.92
2026-06-15T21:42:14.1827459+08:00	0x08	0.6625	-0.2797	-0.6629	-0.2083	187.12	267.43	319.69
2026-06-15T21:42:14.2261557+08:00	0x03	-0.0201	-0.0225	0.1573	0.9871	18.15	357.09	358.13
2026-06-15T21:42:14.3318858+08:00	0x01	-0.0115	-0.0287	0.2037	0.9786	23.53	356.51	359.38
2026-06-15T21:42:14.4339202+08:00	0x08	0.6636	-0.2791	-0.6628	-0.2063	187.27	267.28	319.94
2026-06-15T21:42:14.6010266+08:00	0x06	-0.2139	0.6815	0.1073	0.6916	350.82	91.30	333.76
2026-06-15T21:42:14.6779546+08:00	0x04	-0.0134	-0.0338	-0.0048	0.9993	359.51	356.13	358.45
2026-06-15T21:42:14.7806155+08:00	0x02	-0.0124	0.0133	0.6732	0.7392	84.64	0.17	357.92
2026-06-15T21:42:14.9729106+08:00	0x08	0.6798	-0.2275	-0.5787	-0.3888	166.66	267.40	307.63
2026-06-15T21:42:15.0308748+08:00	0x07	-0.5998	0.3213	0.6713	0.2938	179.17	276.84	308.38
2026-06-15T21:42:15.1174807+08:00	0x06	-0.2204	0.6855	0.1231	0.6829	351.27	92.39	331.98
2026-06-15T21:42:15.1358102+08:00	0x09	0.0932	-0.7872	0.2507	-0.5557	333.60	105.56	16.92
2026-06-15T21:42:15.2315159+08:00	0x02	-0.0124	0.0133	0.6732	0.7392	84.64	0.17	357.92
2026-06-15T21:42:15.3183530+08:00	0x01	-0.0115	-0.0287	0.2037	0.9785	23.54	356.51	359.38
2026-06-15T21:42:15.3980661+08:00	0x07	-0.6331	0.2373	0.6810	0.2814	173.52	276.72	317.19
2026-06-15T21:42:15.5326968+08:00	0x08	0.6855	-0.2192	-0.5737	-0.3911	166.08	266.67	308.03
2026-06-15T21:42:15.5779743+08:00	0x04	-0.0134	-0.0338	-0.0048	0.9993	359.51	356.13	358.45
2026-06-15T21:42:15.6657441+08:00	0x09	0.1410	-0.7775	0.2372	-0.5651	330.11	104.75	12.09
2026-06-15T21:42:15.7471978+08:00	0x02	-0.0124	0.0133	0.6732	0.7392	84.64	0.17	357.92
2026-06-15T21:42:15.8987098+08:00	0x03	-0.0201	-0.0225	0.1573	0.9871	18.15	357.09	358.13
2026-06-15T21:42:16.1171846+08:00	0x08	0.6914	-0.2028	-0.5817	-0.3774	165.92	266.64	310.73
2026-06-15T21:42:16.1510964+08:00	0x07	-0.6408	0.2079	0.6993	0.2391	175.13	276.61	323.33
2026-06-15T21:42:16.2435096+08:00	0x09	0.1961	-0.7706	0.2026	-0.5715	327.59	105.41	5.06
2026-06-15T21:42:16.2574745+08:00	0x06	-0.2261	0.6767	0.1499	0.6845	353.27	91.20	329.18
2026-06-15T21:42:16.4153632+08:00	0x03	-0.0201	-0.0225	0.1573	0.9871	18.15	357.09	358.13
2026-06-15T21:42:16.5150487+08:00	0x02	-0.0124	0.0133	0.6732	0.7392	84.64	0.17	357.92
2026-06-15T21:42:16.6023707+08:00	0x04	-0.0134	-0.0338	-0.0048	0.9993	359.51	356.13	358.45
2026-06-15T21:42:16.6366952+08:00	0x07	-0.6441	0.1712	0.7221	0.1853	176.92	277.33	330.92
2026-06-15T21:42:16.7980187+08:00	0x09	0.2059	-0.7656	0.2047	-0.5741	326.50	104.94	4.42
2026-06-15T21:42:16.8630976+08:00	0x02	-0.0124	0.0133	0.6732	0.7392	84.64	0.17	357.92
2026-06-15T21:42:16.9872247+08:00	0x01	-0.0115	-0.0287	0.2038	0.9785	23.55	356.52	359.38
2026-06-15T21:42:17.0161443+08:00	0x03	-0.0201	-0.0225	0.1573	0.9871	18.15	357.09	358.13
2026-06-15T21:42:17.0684687+08:00	0x07	-0.6469	0.1518	0.7288	0.1651	177.18	277.46	334.22
2026-06-15T21:42:17.2058026+08:00	0x08	0.6902	-0.2001	-0.5827	-0.3794	165.29	267.11	310.80
2026-06-15T21:42:17.3483457+08:00	0x06	-0.2283	0.6727	0.1557	0.6864	353.71	90.62	328.48
2026-06-15T21:42:17.3952434+08:00	0x09	0.2151	-0.7583	0.2047	-0.5803	325.61	104.07	3.49
2026-06-15T21:42:17.4988566+08:00	0x01	-0.0114	-0.0286	0.2038	0.9785	23.55	356.52	359.38
2026-06-15T21:42:17.5992217+08:00	0x07	-0.6502	0.1308	0.7345	0.1437	177.46	277.48	337.73
2026-06-15T21:42:17.6611129+08:00	0x04	-0.0134	-0.0338	-0.0048	0.9993	359.51	356.13	358.45
2026-06-15T21:42:17.8532606+08:00	0x09	0.2150	-0.7581	0.2081	-0.5795	325.37	104.03	3.80
2026-06-15T21:42:17.9416826+08:00	0x02	-0.0124	0.0133	0.6732	0.7392	84.64	0.17	357.92
2026-06-15T21:42:18.0651238+08:00	0x01	-0.0114	-0.0286	0.2039	0.9785	23.56	356.52	359.39
2026-06-15T21:42:18.1257784+08:00	0x03	-0.0201	-0.0225	0.1573	0.9871	18.15	357.09	358.13
2026-06-15T21:42:18.1821316+08:00	0x04	-0.0134	-0.0338	-0.0048	0.9993	359.51	356.13	358.45
2026-06-15T21:42:18.2848496+08:00	0x08	0.6633	-0.2034	-0.6004	-0.3976	160.94	273.36	309.49
2026-06-15T21:42:18.3319130+08:00	0x09	0.1819	-0.7416	0.2328	-0.6023	326.31	99.64	7.25
2026-06-15T21:42:18.4337052+08:00	0x06	-0.2107	0.6678	0.1690	0.6936	356.85	88.71	328.80
2026-06-15T21:42:18.6119576+08:00	0x01	-0.0115	-0.0286	0.2039	0.9785	23.56	356.52	359.38
2026-06-15T21:42:18.6871663+08:00	0x03	-0.0201	-0.0225	0.1573	0.9871	18.15	357.09	358.13
2026-06-15T21:42:18.8695742+08:00	0x08	0.6587	-0.2200	-0.5931	-0.4074	161.29	273.37	307.09
2026-06-15T21:42:18.9080179+08:00	0x09	0.1698	-0.7445	0.2480	-0.5961	326.19	99.70	9.60
2026-06-15T21:42:19.0113854+08:00	0x06	-0.2193	0.6570	0.1871	0.6966	358.11	87.22	326.54
2026-06-15T21:42:19.0662578+08:00	0x01	-0.0115	-0.0287	0.2039	0.9785	23.56	356.51	359.39
2026-06-15T21:42:19.1681148+08:00	0x07	-0.6533	0.0821	0.7504	0.0579	181.19	277.80	348.53
2026-06-15T21:42:19.2836621+08:00	0x04	-0.0134	-0.0338	-0.0048	0.9993	359.51	356.13	358.45
2026-06-15T21:42:19.3834516+08:00	0x08	0.6570	-0.2253	-0.5913	-0.4098	161.46	273.40	306.39
2026-06-15T21:42:19.5245473+08:00	0x06	-0.2212	0.6606	0.1835	0.6936	357.42	87.98	326.68
2026-06-15T21:42:19.6097639+08:00	0x02	-0.0124	0.0133	0.6732	0.7392	84.64	0.17	357.92
2026-06-15T21:42:19.7778525+08:00	0x04	-0.0134	-0.0338	-0.0048	0.9993	359.51	356.13	358.45
2026-06-15T21:42:19.9375223+08:00	0x07	-0.6604	0.0513	0.7488	0.0235	181.88	277.08	353.81
2026-06-15T21:42:19.9822053+08:00	0x08	0.6600	-0.2258	-0.5885	-0.4087	162.03	272.59	306.36
2026-06-15T21:42:20.0998186+08:00	0x06	-0.2204	0.6633	0.1813	0.6918	357.16	88.43	326.94
2026-06-15T21:42:20.1669571+08:00	0x01	-0.0115	-0.0287	0.2040	0.9785	23.57	356.51	359.38
2026-06-15T21:42:20.1996875+08:00	0x02	-0.0124	0.0133	0.6732	0.7392	84.64	0.17	357.92
2026-06-15T21:42:20.3162761+08:00	0x07	-0.6625	0.0333	0.7483	0.0021	182.35	276.90	356.98
2026-06-15T21:42:20.4667017+08:00	0x08	0.6590	-0.2287	-0.5870	-0.4109	162.02	272.63	305.90
2026-06-15T21:42:20.6227127+08:00	0x06	-0.2186	0.6641	0.1797	0.6920	357.16	88.47	327.24
2026-06-15T21:42:20.8487984+08:00	0x07	-0.6630	0.0104	0.7481	-0.0250	182.93	276.93	1.01
2026-06-15T21:42:20.8824256+08:00	0x01	-0.0115	-0.0287	0.2040	0.9785	23.57	356.51	359.38
2026-06-15T21:42:20.8993805+08:00	0x03	-0.0201	-0.0225	0.1573	0.9871	18.15	357.09	358.13
2026-06-15T21:42:21.0657400+08:00	0x08	0.6542	-0.2322	-0.5865	-0.4172	161.16	273.60	305.09
2026-06-15T21:42:21.0998807+08:00	0x09	0.1242	-0.7514	0.2883	-0.5804	327.01	99.63	16.80
2026-06-15T21:42:21.1997395+08:00	0x06	-0.2195	0.6625	0.1833	0.6923	357.47	88.23	326.85
2026-06-15T21:42:21.2680608+08:00	0x02	-0.0124	0.0133	0.6732	0.7392	84.64	0.17	357.92
2026-06-15T21:42:21.3827158+08:00	0x07	-0.6610	-0.0114	0.7485	-0.0511	183.54	277.25	4.85
2026-06-15T21:42:21.5326952+08:00	0x04	-0.0134	-0.0338	-0.0048	0.9993	359.51	356.13	358.45
2026-06-15T21:42:21.6493112+08:00	0x09	0.1008	-0.7507	0.3046	-0.5775	327.64	99.03	19.93
2026-06-15T21:42:21.6826588+08:00	0x06	-0.2222	0.6604	0.1864	0.6926	357.58	88.00	326.36
2026-06-15T21:42:21.8353515+08:00	0x01	-0.0114	-0.0287	0.2041	0.9785	23.58	356.51	359.39
2026-06-15T21:42:21.9168498+08:00	0x07	-0.6579	-0.0329	0.7487	-0.0745	183.96	277.68	8.47
2026-06-15T21:42:21.9842637+08:00	0x03	-0.0201	-0.0225	0.1573	0.9871	18.15	357.09	358.13
2026-06-15T21:42:22.0492358+08:00	0x08	0.6501	-0.2361	-0.5869	-0.4209	160.69	274.38	304.47
2026-06-15T21:42:22.1826004+08:00	0x09	0.0913	-0.7518	0.3104	-0.5745	328.01	99.08	21.21
2026-06-15T21:42:22.2164311+08:00	0x06	-0.2182	0.6616	0.1832	0.6937	357.64	87.99	326.97
2026-06-15T21:42:22.3666763+08:00	0x02	-0.0124	0.0133	0.6732	0.7392	84.64	0.17	357.92
2026-06-15T21:42:22.4217254+08:00	0x07	-0.6572	-0.0547	0.7451	-0.0996	184.50	277.65	12.26
2026-06-15T21:42:22.4999043+08:00	0x03	-0.0201	-0.0225	0.1573	0.9871	18.15	357.09	358.13
2026-06-15T21:42:22.6198768+08:00	0x08	0.6520	-0.2359	-0.5864	-0.4188	161.15	273.89	304.64
2026-06-15T21:42:22.7329634+08:00	0x09	0.0874	-0.7532	0.3123	-0.5722	328.23	99.29	21.75
2026-06-15T21:42:22.9666643+08:00	0x02	-0.0124	0.0133	0.6732	0.7392	84.64	0.17	357.92
2026-06-15T21:42:23.0527380+08:00	0x03	-0.0201	-0.0225	0.1573	0.9871	18.15	357.09	358.13
2026-06-15T21:42:23.1349131+08:00	0x04	-0.0134	-0.0338	-0.0048	0.9993	359.51	356.13	358.45
2026-06-15T21:42:23.2670600+08:00	0x09	0.0768	-0.7524	0.3203	-0.5704	328.43	99.01	23.23
2026-06-15T21:42:23.2999684+08:00	0x06	-0.2138	0.6616	0.1788	0.6961	357.70	87.75	327.71
2026-06-15T21:42:23.4711290+08:00	0x02	-0.0124	0.0133	0.6732	0.7392	84.64	0.17	357.92
2026-06-15T21:42:23.5339507+08:00	0x07	-0.6511	-0.0949	0.7390	-0.1448	185.50	278.17	19.19
2026-06-15T21:42:23.6340703+08:00	0x03	-0.0201	-0.0226	0.1573	0.9871	18.15	357.08	358.13
2026-06-15T21:42:23.8727351+08:00	0x06	-0.2157	0.6601	0.1794	0.6968	357.64	87.58	327.49
2026-06-15T21:42:23.9999516+08:00	0x01	-0.0114	-0.0287	0.2042	0.9784	23.59	356.51	359.39
2026-06-15T21:42:24.0498044+08:00	0x02	-0.0124	0.0133	0.6732	0.7392	84.64	0.17	357.92
2026-06-15T21:42:24.1188519+08:00	0x07	-0.6430	-0.1265	0.7344	-0.1767	186.11	278.92	24.40
2026-06-15T21:42:24.1833965+08:00	0x03	-0.0201	-0.0226	0.1573	0.9871	18.15	357.08	358.13
2026-06-15T21:42:24.2837987+08:00	0x04	-0.0134	-0.0338	-0.0048	0.9993	359.51	356.14	358.45
2026-06-15T21:42:24.3168939+08:00	0x06	-0.2162	0.6599	0.1745	0.6981	357.18	87.58	327.85
2026-06-15T21:42:24.3528481+08:00	0x09	0.0751	-0.7585	0.3217	-0.5617	328.69	100.19	23.81
2026-06-15T21:42:24.5548407+08:00	0x02	-0.0124	0.0133	0.6732	0.7392	84.64	0.17	357.92
2026-06-15T21:42:24.6957562+08:00	0x07	-0.6305	-0.1395	0.7373	-0.1983	187.52	280.75	27.11
2026-06-15T21:42:24.7357407+08:00	0x03	-0.0201	-0.0226	0.1573	0.9871	18.15	357.08	358.13
2026-06-15T21:42:24.7838403+08:00	0x08	0.6740	-0.1925	-0.6061	-0.3760	163.03	271.48	312.25
2026-06-15T21:42:24.8651880+08:00	0x09	0.0797	-0.7522	0.3149	-0.5733	328.63	98.99	22.47
2026-06-15T21:42:25.1181215+08:00	0x02	-0.0124	0.0133	0.6732	0.7392	84.64	0.17	357.92
2026-06-15T21:42:25.1869241+08:00	0x07	-0.5952	-0.2122	0.7291	-0.2630	189.62	284.91	38.50
2026-06-15T21:42:25.2716437+08:00	0x03	-0.0201	-0.0226	0.1573	0.9871	18.15	357.08	358.13
2026-06-15T21:42:25.3759509+08:00	0x04	-0.0134	-0.0338	-0.0048	0.9993	359.51	356.13	358.45
2026-06-15T21:42:25.4670282+08:00	0x09	0.1100	-0.7665	0.2926	-0.5611	328.29	102.16	18.97
2026-06-15T21:42:25.5018079+08:00	0x08	0.7145	-0.1301	-0.6149	-0.3074	166.12	266.08	323.18
2026-06-15T21:42:25.6508572+08:00	0x02	-0.0124	0.0133	0.6732	0.7392	84.64	0.17	357.92
2026-06-15T21:42:25.7406176+08:00	0x07	-0.6010	-0.2464	0.7106	-0.2704	186.86	282.22	42.47
2026-06-15T21:42:25.7957578+08:00	0x03	-0.0201	-0.0226	0.1573	0.9871	18.15	357.08	358.13
2026-06-15T21:42:25.9033946+08:00	0x04	-0.0134	-0.0338	-0.0048	0.9993	359.51	356.14	358.45
2026-06-15T21:42:25.9518305+08:00	0x06	-0.2548	0.6313	0.1802	0.7100	355.32	84.81	323.90
2026-06-15T21:42:26.1583014+08:00	0x09	0.1237	-0.7731	0.2855	-0.5527	327.85	103.73	17.75
2026-06-15T21:42:26.2682736+08:00	0x07	-0.5982	-0.2612	0.7002	-0.2893	187.58	282.16	45.38
2026-06-15T21:42:26.3620039+08:00	0x04	-0.0134	-0.0338	-0.0048	0.9993	359.51	356.13	358.45
2026-06-15T21:42:26.4707370+08:00	0x08	0.7317	-0.0584	-0.6329	-0.2463	165.44	265.06	334.26
2026-06-15T21:42:26.5177453+08:00	0x03	-0.0201	-0.0226	0.1573	0.9871	18.15	357.08	358.13
2026-06-15T21:42:26.5505586+08:00	0x06	-0.2370	0.6403	0.1583	0.7133	354.70	85.39	327.26
2026-06-15T21:42:26.6185643+08:00	0x09	0.1118	-0.7743	0.2963	-0.5480	328.09	103.75	19.65
2026-06-15T21:42:26.7799383+08:00	0x01	-0.0115	-0.0287	0.2043	0.9784	23.61	356.51	359.38
2026-06-15T21:42:26.8126465+08:00	0x07	-0.5933	-0.2732	0.6961	-0.2979	187.65	282.46	47.21
2026-06-15T21:42:26.8407482+08:00	0x02	-0.0124	0.0133	0.6732	0.7392	84.64	0.17	357.92
2026-06-15T21:42:27.0223188+08:00	0x04	-0.0134	-0.0338	-0.0048	0.9993	359.51	356.13	358.45
2026-06-15T21:42:27.0432645+08:00	0x08	0.7325	-0.0391	-0.6392	-0.2309	165.04	265.26	337.16
2026-06-15T21:42:27.0841539+08:00	0x06	-0.2314	0.6423	0.1491	0.7153	354.35	85.44	328.50
2026-06-15T21:42:27.2170439+08:00	0x02	-0.0124	0.0133	0.6732	0.7392	84.64	0.17	357.92
2026-06-15T21:42:27.3697226+08:00	0x07	-0.5863	-0.2891	0.6895	-0.3119	188.12	283.02	49.85
2026-06-15T21:42:27.4327118+08:00	0x03	-0.0201	-0.0226	0.1573	0.9871	18.15	357.08	358.13
2026-06-15T21:42:27.4676194+08:00	0x04	-0.0134	-0.0338	-0.0048	0.9993	359.51	356.13	358.45
2026-06-15T21:42:27.6221039+08:00	0x06	-0.2293	0.6435	0.1450	0.7157	354.14	85.54	329.01
2026-06-15T21:42:27.6843219+08:00	0x09	0.1042	-0.7760	0.3032	-0.5431	328.28	104.02	20.94
2026-06-15T21:42:27.7868128+08:00	0x02	-0.0124	0.0133	0.6732	0.7392	84.64	0.17	357.92
2026-06-15T21:42:27.8966763+08:00	0x07	-0.5807	-0.2997	0.6841	-0.3241	188.89	283.68	51.86
2026-06-15T21:42:27.9506601+08:00	0x03	-0.0201	-0.0226	0.1573	0.9871	18.15	357.08	358.13
