timestamp	device	q0	q1	q2	q3	yaw	pitch	roll
2026-06-05T14:32:31.3518588+08:00	0x07	0.5855	-0.3116	-0.6708	-0.3319	172.18	281.74	306.22
2026-06-05T14:32:31.4595419+08:00	0x01	-0.0969	-0.4776	0.8727	-0.0282	175.44	344.85	57.05
2026-06-05T14:32:31.5056901+08:00	0x02	0.4589	0.5880	-0.6022	0.2847	126.67	242.68	75.80
2026-06-05T14:32:31.6013758+08:00	0x09	0.1744	0.6536	-0.2513	0.6923	351.60	84.08	34.75
2026-06-05T14:32:31.7340985+08:00	0x03	0.4220	-0.4178	-0.5834	-0.5541	97.15	354.31	287.23
2026-06-05T14:32:31.8171849+08:00	0x06	-0.6453	-0.0466	0.7625	0.0077	175.87	279.39	3.51
2026-06-05T14:32:31.9515368+08:00	0x07	0.6118	-0.3006	-0.6592	-0.3175	175.30	276.55	308.30
2026-06-05T14:32:32.0503143+08:00	0x02	0.4684	0.5808	-0.6086	0.2699	129.81	246.15	73.71
2026-06-05T14:32:32.2357814+08:00	0x08	0.1473	-0.7341	-0.1590	-0.6435	359.27	97.69	334.98
2026-06-05T14:32:32.3673955+08:00	0x06	-0.6908	-0.0621	0.7202	0.0149	173.83	272.18	3.95
2026-06-05T14:32:32.4875009+08:00	0x07	0.6851	-0.2537	-0.6300	-0.2635	181.22	264.72	317.10
2026-06-05T14:32:32.5624817+08:00	0x01	-0.1587	-0.4747	0.4798	-0.7206	312.14	46.83	43.18
2026-06-05T14:32:32.5844293+08:00	0x02	0.1375	0.5921	-0.3783	0.6982	331.60	70.13	39.78
2026-06-05T14:32:32.7346381+08:00	0x09	0.1918	0.7203	-0.2228	0.6283	359.74	97.72	34.19
2026-06-05T14:32:32.7724855+08:00	0x04	-0.4100	-0.2431	0.4265	-0.7687	303.31	2.51	56.90
2026-06-05T14:32:32.8228585+08:00	0x06	-0.6914	-0.0550	0.7200	0.0240	173.65	272.17	2.64
2026-06-05T14:32:33.0671131+08:00	0x07	0.7048	-0.1994	-0.6471	-0.2118	180.48	264.97	326.18
2026-06-05T14:32:33.1523691+08:00	0x02	-0.0305	0.6049	-0.2946	0.7392	330.19	73.72	18.15
2026-06-05T14:32:33.1693586+08:00	0x09	0.1756	0.7231	-0.2092	0.6344	359.22	97.26	31.69
2026-06-05T14:32:33.2275789+08:00	0x08	0.1798	-0.7298	-0.1846	-0.6332	358.11	98.61	330.18
2026-06-05T14:32:33.3341018+08:00	0x03	0.4231	-0.4153	-0.5874	-0.5509	99.22	352.44	287.44
2026-06-05T14:32:33.5573263+08:00	0x07	0.7099	-0.1792	-0.6534	-0.1924	180.20	265.20	329.52
2026-06-05T14:32:33.6850748+08:00	0x09	0.1654	0.7247	-0.2003	0.6382	358.94	96.97	30.09
2026-06-05T14:32:33.8693033+08:00	0x08	0.1924	-0.7250	-0.1960	-0.6317	357.89	98.47	328.19
2026-06-05T14:32:33.9232612+08:00	0x06	-0.6905	-0.0510	0.7210	0.0273	173.69	272.36	2.06
2026-06-05T14:32:33.9511849+08:00	0x03	0.1974	-0.4616	-0.3972	-0.7682	35.22	48.08	317.93
2026-06-05T14:32:34.1664479+08:00	0x07	0.7099	-0.1780	-0.6538	-0.1918	180.13	265.25	329.66
2026-06-05T14:32:34.2197118+08:00	0x01	-0.1470	-0.4858	0.4546	-0.7320	316.12	49.99	41.06
2026-06-05T14:32:34.2554107+08:00	0x09	0.1598	0.7255	-0.1958	0.6402	358.76	96.82	29.25
2026-06-05T14:32:34.3287748+08:00	0x08	0.2012	-0.7221	-0.2037	-0.6297	357.67	98.52	326.80
2026-06-05T14:32:34.4227524+08:00	0x03	0.1913	-0.4608	-0.3935	-0.7722	34.95	48.17	318.84
2026-06-05T14:32:34.4616422+08:00	0x02	-0.0700	0.6044	-0.2427	0.7556	332.65	74.67	10.81
2026-06-05T14:32:34.6803788+08:00	0x07	0.7072	-0.1894	-0.6504	-0.2028	180.28	265.13	327.79
2026-06-05T14:32:34.7775859+08:00	0x09	0.1547	0.7265	-0.1918	0.6415	358.61	96.76	28.50
2026-06-05T14:32:34.9096548+08:00	0x08	0.2097	-0.7191	-0.2108	-0.6281	357.44	98.52	325.49
2026-06-05T14:32:34.9515326+08:00	0x04	-0.1569	-0.3764	0.1769	-0.8958	347.39	42.83	24.47
2026-06-05T14:32:35.0345174+08:00	0x06	-0.6905	-0.0491	0.7210	0.0296	173.65	272.38	1.71
2026-06-05T14:32:35.2395883+08:00	0x07	0.7000	-0.2158	-0.6415	-0.2280	180.68	264.78	323.42
2026-06-05T14:32:35.3014362+08:00	0x09	0.1515	0.7276	-0.1900	0.6416	358.49	96.81	28.09
2026-06-05T14:32:35.3183913+08:00	0x01	-0.1439	-0.4869	0.4479	-0.7359	317.04	50.51	40.39
2026-06-05T14:32:35.5120798+08:00	0x08	0.2177	-0.7161	-0.2176	-0.6265	357.23	98.52	324.24
2026-06-05T14:32:35.5378007+08:00	0x04	-0.1386	-0.3804	0.1341	-0.9045	351.57	44.08	20.66
2026-06-05T14:32:35.5914457+08:00	0x06	-0.6902	-0.0494	0.7213	0.0300	173.59	272.43	1.71
2026-06-05T14:32:35.8196378+08:00	0x07	0.6888	-0.2490	-0.6293	-0.2599	181.23	264.36	317.82
2026-06-05T14:32:35.8386334+08:00	0x01	-0.1050	-0.5026	0.5010	-0.6967	308.78	51.54	40.53
2026-06-05T14:32:35.9023249+08:00	0x09	0.1478	0.7285	-0.1875	0.6421	358.35	96.81	27.58
2026-06-05T14:32:35.9183081+08:00	0x02	-0.1095	0.6001	-0.1963	0.7677	334.29	75.15	3.87
2026-06-05T14:32:35.9908875+08:00	0x08	0.2206	-0.7134	-0.2203	-0.6276	357.28	98.21	323.76
2026-06-05T14:32:36.0723647+08:00	0x04	-0.1923	-0.2662	-0.1062	-0.9386	18.47	34.57	17.72
2026-06-05T14:32:36.1280886+08:00	0x03	0.0886	-0.4267	-0.5518	-0.7111	62.10	39.38	323.35
2026-06-05T14:32:36.3532110+08:00	0x07	0.6722	-0.2779	-0.6238	-0.2860	181.41	265.10	313.01
2026-06-05T14:32:36.4177814+08:00	0x02	-0.1418	0.5647	-0.3177	0.7484	320.01	71.00	8.43
2026-06-05T14:32:36.4520473+08:00	0x09	0.1478	0.7226	-0.1938	0.6469	357.59	95.72	28.12
2026-06-05T14:32:36.5044160+08:00	0x08	0.2231	-0.7085	-0.2241	-0.6309	357.62	97.43	323.20
2026-06-05T14:32:36.6345575+08:00	0x04	-0.1909	-0.2699	-0.0991	-0.9386	17.67	34.87	17.75
2026-06-05T14:32:36.8904688+08:00	0x07	0.6511	-0.3258	-0.5995	-0.3326	182.58	263.92	304.55
2026-06-05T14:32:36.9817257+08:00	0x09	0.1447	0.7219	-0.1938	0.6484	357.25	95.46	27.87
2026-06-05T14:32:37.0868823+08:00	0x08	0.2424	-0.7033	-0.2396	-0.6239	356.87	97.98	320.25
2026-06-05T14:32:37.1472488+08:00	0x04	-0.2142	-0.0942	-0.2850	-0.9295	37.40	18.45	20.15
2026-06-05T14:32:37.1687212+08:00	0x03	0.0918	-0.4280	-0.5474	-0.7133	61.34	39.59	323.17
2026-06-05T14:32:37.4357997+08:00	0x07	0.6300	-0.3645	-0.5780	-0.3690	184.05	262.62	297.59
2026-06-05T14:32:37.5024630+08:00	0x09	0.1398	0.7222	-0.1896	0.6503	357.12	95.30	27.11
2026-06-05T14:32:37.5485581+08:00	0x02	-0.0697	0.5011	-0.7548	0.4175	257.97	47.01	44.29
2026-06-05T14:32:37.5984198+08:00	0x08	0.2445	-0.7020	-0.2405	-0.6241	356.78	97.90	319.99
2026-06-05T14:32:37.7019585+08:00	0x03	0.0958	-0.3751	-0.9082	-0.1592	161.99	355.54	314.61
2026-06-05T14:32:37.8906088+08:00	0x04	-0.1960	-0.0178	0.0910	-0.9762	349.34	359.94	22.70
2026-06-05T14:32:37.9718049+08:00	0x07	0.6031	-0.4008	-0.5573	-0.4064	185.00	262.01	290.48
2026-06-05T14:32:38.0176769+08:00	0x09	0.1390	0.7203	-0.1918	0.6519	356.79	94.93	27.24
2026-06-05T14:32:38.1545307+08:00	0x02	0.2090	0.3984	-0.8847	-0.1223	149.60	321.86	40.82
2026-06-05T14:32:38.1889428+08:00	0x08	0.2485	-0.7041	-0.2410	-0.6200	356.16	98.67	319.64
2026-06-05T14:32:38.2385291+08:00	0x03	-0.0551	-0.2486	-0.7244	-0.6407	93.32	24.59	343.18
2026-06-05T14:32:38.3576994+08:00	0x06	-0.6811	-0.0552	0.7295	0.0302	173.14	273.79	2.25
2026-06-05T14:32:38.4866623+08:00	0x01	-0.1062	-0.5022	0.4994	-0.6979	309.02	51.51	40.53
2026-06-05T14:32:38.5242785+08:00	0x07	0.5648	-0.4557	-0.5122	-0.4593	195.22	251.55	279.70
2026-06-05T14:32:38.5713539+08:00	0x09	0.1395	0.7242	-0.1891	0.6483	357.23	95.67	27.05
2026-06-05T14:32:38.7527218+08:00	0x08	0.2399	-0.7088	-0.2312	-0.6217	356.13	98.85	321.24
2026-06-05T14:32:38.8312797+08:00	0x03	-0.0515	-0.2520	-0.7338	-0.6288	94.96	24.34	342.23
2026-06-05T14:32:39.0531801+08:00	0x01	0.1494	-0.4148	0.5748	-0.6894	287.82	50.58	15.71
2026-06-05T14:32:39.0894442+08:00	0x02	0.0155	0.3932	-0.8982	0.1960	208.96	10.37	45.43
2026-06-05T14:32:39.2901153+08:00	0x08	0.2261	-0.7107	-0.2187	-0.6292	356.71	98.05	323.45
2026-06-05T14:32:39.3687767+08:00	0x03	-0.0017	-0.3437	-0.4841	-0.8047	55.75	35.99	340.73
2026-06-05T14:32:39.3907453+08:00	0x04	-0.1970	-0.0202	0.0796	-0.9770	350.78	0.50	22.84
2026-06-05T14:32:39.6354249+08:00	0x07	0.5660	-0.4541	-0.5136	-0.4578	194.59	252.18	280.02
2026-06-05T14:32:39.6530351+08:00	0x09	0.1409	0.7268	-0.1932	0.6439	357.15	96.22	27.54
2026-06-05T14:32:39.7359049+08:00	0x08	0.2265	-0.7123	-0.2178	-0.6276	356.48	98.40	323.52
2026-06-05T14:32:39.9169039+08:00	0x04	-0.1675	-0.5276	0.2473	-0.7953	345.23	62.89	31.82
2026-06-05T14:32:40.1990037+08:00	0x07	0.4997	-0.5315	-0.4374	-0.5258	328.91	117.83	277.91
2026-06-05T14:32:40.2379009+08:00	0x09	0.1386	0.7297	-0.1906	0.6419	357.27	96.66	27.13
2026-06-05T14:32:40.3721670+08:00	0x08	0.2265	-0.7175	-0.2147	-0.6227	355.90	99.43	323.82
2026-06-05T14:32:40.4522818+08:00	0x03	0.4264	-0.5070	-0.4227	-0.6184	17.96	65.37	287.05
2026-06-05T14:32:40.7028704+08:00	0x07	0.4590	-0.5696	-0.3941	-0.5564	342.53	104.48	286.32
2026-06-05T14:32:40.8575487+08:00	0x08	0.2124	-0.7237	-0.2015	-0.6250	356.16	99.54	326.14
2026-06-05T14:32:40.9875779+08:00	0x03	0.0582	-0.2809	-0.4882	-0.8242	56.21	25.94	338.27
2026-06-05T14:32:41.0347751+08:00	0x06	-0.6882	-0.0654	0.7221	0.0233	172.88	272.53	3.58
2026-06-05T14:32:41.1892791+08:00	0x04	-0.1854	-0.0858	0.2347	-0.9504	333.23	4.74	23.12
2026-06-05T14:32:41.2771162+08:00	0x02	-0.2532	0.4762	-0.5182	0.6638	289.82	64.95	9.05
2026-06-05T14:32:41.3204803+08:00	0x09	0.1354	0.7310	-0.1875	0.6420	357.26	96.77	26.61
2026-06-05T14:32:41.4770755+08:00	0x03	0.0627	-0.3234	-0.4640	-0.8223	52.15	31.17	336.22
2026-06-05T14:32:41.5246677+08:00	0x06	-0.6815	-0.0581	0.7289	0.0313	172.83	273.70	2.41
2026-06-05T14:32:41.8577466+08:00	0x07	0.4226	-0.5967	-0.3595	-0.5798	347.17	100.13	293.22
2026-06-05T14:32:41.8836746+08:00	0x09	0.1367	0.7277	-0.1871	0.6455	357.26	96.20	26.67
2026-06-05T14:32:42.0012160+08:00	0x03	0.2523	-0.4957	-0.4174	-0.7186	33.72	52.76	309.06
2026-06-05T14:32:42.1001522+08:00	0x06	-0.6770	-0.0585	0.7330	0.0300	172.92	274.39	2.59
2026-06-05T14:32:42.3523145+08:00	0x02	-0.0459	0.6059	-0.1858	0.7722	339.71	74.65	8.87
2026-06-05T14:32:42.4076170+08:00	0x08	0.2030	-0.7184	-0.2001	-0.6345	357.43	97.86	326.97
2026-06-05T14:32:42.6039520+08:00	0x03	0.2326	-0.4780	-0.4214	-0.7348	36.48	49.34	311.88
2026-06-05T14:32:42.6404590+08:00	0x06	-0.6781	-0.0583	0.7321	0.0295	172.97	274.22	2.60
2026-06-05T14:32:42.7025675+08:00	0x04	-0.1409	-0.4241	0.1031	-0.8886	356.11	50.35	19.75
2026-06-05T14:32:42.8835413+08:00	0x09	0.1370	0.7272	-0.1878	0.6458	357.23	96.13	26.75
2026-06-05T14:32:42.9044824+08:00	0x08	0.2060	-0.7190	-0.2023	-0.6322	357.22	98.19	326.54
2026-06-05T14:32:42.9697609+08:00	0x07	0.3272	-0.6561	-0.2662	-0.6257	351.50	96.63	310.63
2026-06-05T14:32:43.1374583+08:00	0x04	-0.1205	-0.4276	0.0772	-0.8926	357.92	50.90	16.33
2026-06-05T14:32:43.1569259+08:00	0x03	0.2368	-0.4763	-0.4207	-0.7349	36.33	49.09	311.51
2026-06-05T14:32:43.4574184+08:00	0x02	-0.0541	0.6006	-0.1904	0.7746	338.67	74.01	8.33
2026-06-05T14:32:43.4781632+08:00	0x09	0.1376	0.7272	-0.1880	0.6457	357.25	96.13	26.82
2026-06-05T14:32:43.5212539+08:00	0x01	-0.2478	-0.4686	0.5009	-0.6842	309.63	41.89	53.95
2026-06-05T14:32:43.6537300+08:00	0x04	-0.1046	-0.4528	0.0083	-0.8854	4.67	54.63	11.11
2026-06-05T14:32:43.7205531+08:00	0x06	-0.6789	-0.0588	0.7313	0.0293	172.94	274.09	2.65
2026-06-05T14:32:43.7536295+08:00	0x03	0.2637	-0.4814	-0.4500	-0.7044	39.82	47.97	306.41
2026-06-05T14:32:43.9478596+08:00	0x09	0.1383	0.7276	-0.1892	0.6447	357.26	96.25	26.98
2026-06-05T14:32:44.0261110+08:00	0x02	-0.0476	0.6205	-0.1529	0.7677	342.79	76.88	6.70
2026-06-05T14:32:44.1997570+08:00	0x03	0.2634	-0.4797	-0.4444	-0.7092	39.01	48.06	306.87
2026-06-05T14:32:44.2364301+08:00	0x04	-0.1000	-0.4510	0.0141	-0.8868	3.81	54.28	10.96
2026-06-05T14:32:44.5585083+08:00	0x09	0.1565	0.7215	-0.2155	0.6391	356.68	96.02	30.73
2026-06-05T14:32:44.6062616+08:00	0x07	0.2335	-0.6948	-0.1788	-0.6564	353.81	95.13	326.30
2026-06-05T14:32:44.7445940+08:00	0x04	-0.0879	-0.4648	0.0244	-0.8807	2.25	55.85	10.23
2026-06-05T14:32:44.7695899+08:00	0x03	0.2750	-0.4840	-0.4242	-0.7143	34.81	50.30	306.55
2026-06-05T14:32:45.0716252+08:00	0x09	0.0733	0.7628	-0.1552	0.6235	355.04	100.64	19.15
2026-06-05T14:32:45.1544043+08:00	0x01	-0.2871	-0.4557	0.5077	-0.6724	307.21	37.44	58.09
2026-06-05T14:32:45.2919606+08:00	0x03	0.2761	-0.4618	-0.4179	-0.7320	35.61	46.60	307.79
2026-06-05T14:32:45.3753920+08:00	0x06	-0.6647	-0.1041	0.7398	0.0116	170.97	275.49	7.97
2026-06-05T14:32:45.5924536+08:00	0x07	0.0686	-0.7220	-0.0092	-0.6885	355.01	92.99	353.81
2026-06-05T14:32:45.6216053+08:00	0x09	0.0596	0.4799	-0.3328	0.8096	328.03	54.18	24.57
2026-06-05T14:32:45.6713858+08:00	0x01	-0.3032	-0.4644	0.5056	-0.6609	308.27	38.61	60.50
2026-06-05T14:32:45.7768569+08:00	0x04	-0.0897	-0.4357	0.0464	-0.8944	359.72	51.92	11.59
2026-06-05T14:32:45.9534779+08:00	0x06	-0.6620	-0.0729	0.7442	0.0503	170.12	276.48	2.41
2026-06-05T14:32:46.1412263+08:00	0x08	0.2059	-0.7190	-0.2022	-0.6322	357.23	98.18	326.55
2026-06-05T14:32:46.1691498+08:00	0x09	0.0631	0.4310	-0.3663	0.8222	322.87	46.88	24.81
2026-06-05T14:32:46.2611305+08:00	0x01	-0.2565	-0.4688	0.5166	-0.6690	306.60	40.19	55.85
2026-06-05T14:32:46.3371376+08:00	0x03	0.2476	-0.4903	-0.3965	-0.7356	31.17	52.93	311.15
2026-06-05T14:32:46.4776066+08:00	0x06	-0.6607	-0.0744	0.7441	0.0655	168.71	276.66	1.38
2026-06-05T14:32:46.7041838+08:00	0x02	-0.0858	0.6161	-0.1690	0.7645	338.58	76.89	4.43
2026-06-05T14:32:46.8763176+08:00	0x01	-0.2462	-0.4689	0.5122	-0.6762	307.48	41.01	54.42
2026-06-05T14:32:46.9341979+08:00	0x03	0.2565	-0.4906	-0.4011	-0.7298	31.41	52.82	309.84
2026-06-05T14:32:47.0426904+08:00	0x06	-0.6564	-0.0862	0.7481	0.0452	169.56	277.10	3.99
2026-06-05T14:32:47.2356398+08:00	0x07	0.1110	-0.7060	-0.0170	-0.6993	352.23	91.25	349.67
2026-06-05T14:32:47.2713171+08:00	0x08	0.2672	-0.3370	-0.4363	-0.7904	46.93	25.42	314.24
2026-06-05T14:32:47.3424100+08:00	0x01	-0.2486	-0.4699	0.5151	-0.6723	306.98	40.84	54.93
2026-06-05T14:32:47.3871277+08:00	0x04	-0.1003	-0.4570	0.0313	-0.8832	2.13	54.94	11.87
2026-06-05T14:32:47.6084458+08:00	0x06	-0.6543	-0.0752	0.7499	0.0625	168.91	277.62	1.78
2026-06-05T14:32:47.8046324+08:00	0x07	0.0393	-0.7355	0.0813	-0.6715	350.37	94.88	3.83
2026-06-05T14:32:47.9220932+08:00	0x01	-0.2520	-0.4720	0.5123	-0.6717	307.70	41.34	55.31
2026-06-05T14:32:47.9802290+08:00	0x03	0.2516	-0.4934	-0.4019	-0.7292	31.55	53.23	310.23
2026-06-05T14:32:48.1532586+08:00	0x06	-0.6502	-0.0911	0.7532	0.0414	169.54	277.96	4.78
2026-06-05T14:32:48.2805465+08:00	0x02	-0.0817	0.6266	-0.1473	0.7609	340.91	78.36	3.45
2026-06-05T14:32:48.3398842+08:00	0x07	0.0051	-0.7364	0.1127	-0.6671	350.80	94.91	9.15
2026-06-05T14:32:48.4418487+08:00	0x01	-0.2507	-0.4797	0.4980	-0.6774	311.05	44.03	54.85
2026-06-05T14:32:48.5639456+08:00	0x03	0.2528	-0.4837	-0.4198	-0.7252	35.03	50.44	309.39
2026-06-05T14:32:48.7054756+08:00	0x06	-0.6451	-0.1039	0.7566	0.0257	169.96	278.47	7.13
2026-06-05T14:32:48.8570389+08:00	0x08	0.2912	-0.2691	-0.5324	-0.7478	67.62	7.68	313.76
2026-06-05T14:32:48.8719987+08:00	0x02	-0.0845	0.6321	-0.1395	0.7575	341.42	79.23	2.77
2026-06-05T14:32:48.9219090+08:00	0x07	-0.0012	-0.7374	0.1179	-0.6651	350.94	95.10	10.11
2026-06-05T14:32:48.9553928+08:00	0x04	-0.1023	-0.4430	0.0222	-0.8904	2.98	53.21	11.64
2026-06-05T14:32:49.0616433+08:00	0x03	0.2473	-0.4792	-0.4218	-0.7289	35.91	49.51	310.11
2026-06-05T14:32:49.3911214+08:00	0x02	-0.0735	0.6319	-0.1400	0.7588	342.18	78.98	3.75
2026-06-05T14:32:49.4221683+08:00	0x08	0.4036	-0.3903	-0.5492	-0.6190	78.98	6.17	291.82
2026-06-05T14:32:49.4547062+08:00	0x06	-0.6624	-0.1009	0.7417	0.0299	169.68	275.90	6.32
2026-06-05T14:32:49.5492714+08:00	0x01	-0.2629	-0.4725	0.4981	-0.6779	310.58	42.37	55.80
2026-06-05T14:32:49.5904089+08:00	0x03	0.2599	-0.4792	-0.4157	-0.7280	34.45	49.90	309.02
2026-06-05T14:32:49.7890604+08:00	0x06	-0.6929	-0.0676	0.7152	0.0609	169.58	271.75	0.70
2026-06-05T14:32:49.8583775+08:00	0x02	-0.0719	0.6313	-0.1561	0.7562	340.84	78.86	5.07
2026-06-05T14:32:49.9050241+08:00	0x08	0.4453	-0.5677	-0.4161	-0.5534	350.07	99.06	285.13
2026-06-05T14:32:49.9562082+08:00	0x07	-0.0885	-0.7061	0.1816	-0.6787	352.46	90.80	22.12
2026-06-05T14:32:50.0570116+08:00	0x04	-0.1029	-0.4611	0.0224	-0.8811	3.25	55.58	11.65
2026-06-05T14:32:50.1415094+08:00	0x03	0.2567	-0.4933	-0.4101	-0.7229	32.57	52.79	309.13
2026-06-05T14:32:50.2832213+08:00	0x06	-0.7036	-0.0613	0.7065	0.0465	171.26	270.14	1.21
2026-06-05T14:32:50.3615978+08:00	0x02	-0.0813	0.6383	-0.1558	0.7494	340.23	80.08	4.42
2026-06-05T14:32:50.5238781+08:00	0x08	0.4328	-0.6170	-0.3861	-0.5320	339.36	112.86	290.47
2026-06-05T14:32:50.5401194+08:00	0x09	0.2153	0.7220	-0.2571	0.6052	359.98	100.06	39.19
2026-06-05T14:32:50.6189551+08:00	0x01	-0.2539	-0.4881	0.4914	-0.6751	313.05	46.07	55.34
2026-06-05T14:32:50.6417996+08:00	0x04	-0.1033	-0.4641	0.0018	-0.8797	5.41	56.13	10.57
2026-06-05T14:32:50.7375738+08:00	0x03	0.2583	-0.4949	-0.4277	-0.7109	35.15	52.04	307.76
2026-06-05T14:32:50.9061750+08:00	0x06	-0.7093	-0.0532	0.7021	0.0325	173.04	269.31	1.64
2026-06-05T14:32:51.0960590+08:00	0x07	-0.1513	-0.7033	0.1804	-0.6708	358.12	92.26	27.18
2026-06-05T14:32:51.0960590+08:00	0x08	0.3975	-0.6466	-0.3638	-0.5399	343.86	110.44	295.87
2026-06-05T14:32:51.1883921+08:00	0x01	-0.2505	-0.4875	0.4848	-0.6816	314.16	46.58	54.50
2026-06-05T14:32:51.2257001+08:00	0x03	0.2655	-0.4912	-0.4356	-0.7061	36.46	50.84	306.60
2026-06-05T14:32:51.4738101+08:00	0x06	-0.6845	-0.0608	0.7265	0.0007	175.15	273.20	5.01
2026-06-05T14:32:51.6255159+08:00	0x08	0.3649	-0.6464	-0.3859	-0.5479	353.61	103.42	296.02
2026-06-05T14:32:51.6634970+08:00	0x09	0.1665	0.7387	-0.1354	0.6390	4.59	99.27	24.38
2026-06-05T14:32:51.7608979+08:00	0x01	-0.2601	-0.4770	0.4821	-0.6873	313.95	44.66	54.83
2026-06-05T14:32:51.9246729+08:00	0x06	-0.4992	-0.0137	0.8650	0.0493	174.32	300.10	358.54
2026-06-05T14:32:52.0422657+08:00	0x02	-0.0804	0.6148	-0.1122	0.7765	344.15	76.64	0.75
2026-06-05T14:32:52.1879660+08:00	0x08	0.2431	-0.6962	-0.3053	-0.6025	2.41	97.23	314.11
2026-06-05T14:32:52.2266920+08:00	0x09	0.2130	0.7051	-0.1644	0.6561	5.65	95.67	30.75
2026-06-05T14:32:52.2516140+08:00	0x04	-0.0690	-0.4647	-0.0226	-0.8825	6.01	55.85	5.78
2026-06-05T14:32:52.2882168+08:00	0x01	-0.2540	-0.4632	0.4670	-0.7091	315.51	43.51	52.46
2026-06-05T14:32:52.5617507+08:00	0x06	-0.5052	-0.0152	0.8616	0.0478	174.39	299.29	358.73
2026-06-05T14:32:52.6430795+08:00	0x08	0.2316	-0.6681	-0.3219	-0.6296	7.97	89.99	313.81
2026-06-05T14:32:52.7066677+08:00	0x07	-0.1494	-0.7034	0.1804	-0.6710	357.95	92.21	27.03
2026-06-05T14:32:52.7915261+08:00	0x09	0.2280	0.7218	-0.1527	0.6354	9.04	99.77	30.67
2026-06-05T14:32:52.9944970+08:00	0x04	-0.0790	-0.4809	-0.0206	-0.8729	6.47	58.09	6.79
2026-06-05T14:32:53.1436167+08:00	0x02	-0.0978	0.6127	-0.1186	0.7752	342.32	76.70	359.64
2026-06-05T14:32:53.2508220+08:00	0x07	-0.2333	-0.2892	0.3736	-0.8499	320.74	23.66	37.78
2026-06-05T14:32:53.3226267+08:00	0x09	0.2042	0.7356	-0.1309	0.6325	8.69	100.69	26.80
2026-06-05T14:32:53.3731074+08:00	0x01	-0.2358	-0.4737	0.4794	-0.7001	313.77	44.81	51.66
2026-06-05T14:32:53.5960430+08:00	0x02	-0.0981	0.6207	-0.1209	0.7685	342.09	77.86	359.96
2026-06-05T14:32:53.7698372+08:00	0x08	0.2562	-0.6518	-0.3503	-0.6219	9.26	88.28	309.16
2026-06-05T14:32:53.8578627+08:00	0x09	0.1675	0.7490	-0.0955	0.6339	7.98	100.99	20.81
2026-06-05T14:32:54.0917242+08:00	0x03	0.2910	-0.4767	-0.4696	-0.6838	43.11	45.18	302.26
2026-06-05T14:32:54.2120744+08:00	0x06	-0.2862	0.0385	0.9566	0.0385	177.03	326.83	354.51
2026-06-05T14:32:54.2563017+08:00	0x02	-0.1011	0.6237	-0.1114	0.7671	342.72	78.37	359.07
2026-06-05T14:32:54.4198835+08:00	0x09	0.1810	0.7538	-0.1054	0.6228	8.82	102.63	22.61
2026-06-05T14:32:54.4353668+08:00	0x01	-0.2392	-0.4828	0.4607	-0.7052	317.75	47.69	51.48
2026-06-05T14:32:54.5469379+08:00	0x03	0.2872	-0.4750	-0.4673	-0.6882	42.90	45.12	302.95
2026-06-05T14:32:54.7067267+08:00	0x06	-0.2554	0.0285	0.9646	0.0597	174.20	330.58	355.10
2026-06-05T14:32:54.8439898+08:00	0x07	-0.2365	-0.2412	0.4270	-0.8388	310.99	14.71	37.07
2026-06-05T14:32:54.9276669+08:00	0x01	-0.2369	-0.4862	0.4544	-0.7078	318.98	48.74	51.01
2026-06-05T14:32:55.0752275+08:00	0x03	0.2910	-0.4733	-0.4756	-0.6820	44.61	43.95	302.10
2026-06-05T14:32:55.2165593+08:00	0x06	-0.2604	0.0295	0.9629	0.0640	173.78	330.02	354.83
2026-06-05T14:32:55.2602607+08:00	0x08	0.1906	-0.6717	-0.2910	-0.6541	9.34	88.13	320.19
2026-06-05T14:32:55.3873088+08:00	0x07	-0.2338	-0.2111	0.4861	-0.8152	301.08	8.29	35.90
2026-06-05T14:32:55.5041047+08:00	0x01	-0.2442	-0.4847	0.4563	-0.7052	318.78	48.28	51.88
2026-06-05T14:32:55.5552602+08:00	0x09	0.1890	0.7564	-0.1104	0.6164	9.41	103.61	23.58
2026-06-05T14:32:55.5951137+08:00	0x03	0.2917	-0.4704	-0.4740	-0.6848	44.56	43.53	302.28
2026-06-05T14:32:55.7900127+08:00	0x02	-0.0872	0.6231	-0.1208	0.7678	342.89	77.97	0.96
2026-06-05T14:32:55.8404695+08:00	0x08	0.1748	-0.6784	-0.2733	-0.6592	8.87	88.67	323.03
2026-06-05T14:32:55.9217265+08:00	0x07	-0.2246	-0.2160	0.4884	-0.8151	301.12	9.36	35.25
2026-06-05T14:32:56.0729032+08:00	0x09	0.1852	0.7565	-0.1056	0.6182	9.35	103.39	22.88
2026-06-05T14:32:56.1060445+08:00	0x04	-0.0961	-0.4615	0.0068	-0.8819	4.47	55.64	10.12
2026-06-05T14:32:56.1226031+08:00	0x03	0.2848	-0.4735	-0.4603	-0.6948	41.79	45.47	303.73
2026-06-05T14:32:56.3069474+08:00	0x06	-0.2662	0.0363	0.9600	0.0791	172.33	329.43	353.59
2026-06-05T14:32:56.4061502+08:00	0x02	-0.0851	0.6256	-0.1312	0.7643	342.11	78.29	1.95
2026-06-05T14:32:56.5415662+08:00	0x07	-0.2431	-0.2325	0.5063	-0.7941	298.12	9.05	38.42
2026-06-05T14:32:56.6044263+08:00	0x04	-0.1003	-0.4626	0.0099	-0.8808	4.40	55.83	10.72
2026-06-05T14:32:56.6203435+08:00	0x01	-0.2483	-0.4778	0.4712	-0.6986	315.77	45.90	52.87
2026-06-05T14:32:56.7073383+08:00	0x03	0.2817	-0.4768	-0.4543	-0.6978	40.44	46.66	304.27
2026-06-05T14:32:56.8743228+08:00	0x06	-0.2884	0.0352	0.9532	0.0837	171.95	326.80	353.38
2026-06-05T14:32:56.9242400+08:00	0x08	0.1762	-0.6829	-0.2706	-0.6553	8.20	89.62	323.09
2026-06-05T14:32:57.1017856+08:00	0x07	-0.2504	-0.2479	0.5023	-0.7896	298.94	10.55	40.13
2026-06-05T14:32:57.1914964+08:00	0x01	-0.2500	-0.4720	0.4735	-0.7004	314.95	44.66	52.86
2026-06-05T14:32:57.2394192+08:00	0x09	0.1780	0.7543	-0.1019	0.6236	8.78	102.56	22.07
2026-06-05T14:32:57.4054743+08:00	0x02	-0.0768	0.6267	-0.1379	0.7631	342.11	78.28	3.18
2026-06-05T14:32:57.4861065+08:00	0x08	0.1798	-0.6831	-0.2746	-0.6524	8.18	89.84	322.43
2026-06-05T14:32:57.5951795+08:00	0x07	-0.2770	-0.3211	0.4768	-0.7699	305.15	19.78	47.11
2026-06-05T14:32:57.6567440+08:00	0x04	-0.0850	-0.4621	0.0114	-0.8827	3.39	55.54	9.24
2026-06-05T14:32:57.7576163+08:00	0x09	0.2029	0.7341	-0.1394	0.6329	7.87	100.40	27.49
2026-06-05T14:32:57.9605266+08:00	0x06	-0.5152	-0.0139	0.8563	0.0341	175.83	297.96	359.35
2026-06-05T14:32:57.9734934+08:00	0x02	-0.0592	0.6262	-0.1805	0.7562	339.49	77.84	7.85
2026-06-05T14:32:58.1059198+08:00	0x08	0.1697	-0.7287	-0.2294	-0.6225	2.62	98.21	326.93
2026-06-05T14:32:58.2314876+08:00	0x04	-0.0840	-0.4859	0.0137	-0.8699	3.36	58.64	9.18
2026-06-05T14:32:58.3198839+08:00	0x03	0.3048	-0.4874	-0.4344	-0.6935	34.95	50.48	302.20
2026-06-05T14:32:58.3435343+08:00	0x09	0.2187	0.6964	-0.1959	0.6549	3.32	94.54	34.01
2026-06-05T14:32:58.4389949+08:00	0x06	-0.6737	-0.0212	0.7379	0.0348	175.42	275.24	359.11
2026-06-05T14:32:58.5333688+08:00	0x02	-0.0631	0.6337	-0.2009	0.7443	337.42	78.97	9.25
2026-06-05T14:32:58.5723057+08:00	0x08	0.1848	-0.7328	-0.2262	-0.6145	0.50	99.88	326.04
2026-06-05T14:32:58.6674323+08:00	0x07	-0.2762	-0.3189	0.4776	-0.7706	304.93	19.47	46.92
2026-06-05T14:32:58.7525637+08:00	0x04	-0.0923	-0.4968	0.0166	-0.8628	3.68	60.19	10.12
2026-06-05T14:32:58.7901332+08:00	0x03	0.2997	-0.5034	-0.4265	-0.6891	32.07	54.42	302.60
2026-06-05T14:32:58.8914747+08:00	0x09	0.2135	0.7087	-0.2104	0.6387	2.36	96.69	34.82
2026-06-05T14:32:59.0728099+08:00	0x06	-0.6912	-0.0241	0.7206	0.0501	173.94	272.49	358.02
2026-06-05T14:32:59.2457699+08:00	0x08	0.2041	-0.7326	-0.2277	-0.6081	358.44	101.12	324.42
2026-06-05T14:32:59.3178380+08:00	0x04	-0.0971	-0.4896	0.0088	-0.8665	4.65	59.36	10.19
2026-06-05T14:32:59.4401724+08:00	0x09	0.2001	0.7147	-0.2007	0.6394	2.00	96.96	32.87
2026-06-05T14:32:59.6430123+08:00	0x02	-0.0679	0.6498	-0.1687	0.7380	340.14	81.53	6.84
2026-06-05T14:32:59.6729918+08:00	0x08	0.2122	-0.7336	-0.2326	-0.6023	357.77	101.97	323.35
2026-06-05T14:32:59.6909449+08:00	0x07	-0.4610	-0.5285	0.4662	-0.5393	353.64	83.32	81.89
2026-06-05T14:32:59.8705338+08:00	0x04	-0.1005	-0.4832	0.0114	-0.8697	4.51	58.53	10.71
2026-06-05T14:32:59.8894699+08:00	0x01	-0.2751	-0.4851	0.4985	-0.6637	311.69	44.36	58.08
2026-06-05T14:32:59.9405733+08:00	0x09	0.1856	0.7236	-0.1807	0.6397	2.47	97.70	29.94
2026-06-05T14:32:59.9617564+08:00	0x03	0.2789	-0.5011	-0.4280	-0.6985	33.66	53.44	305.05
2026-06-05T14:33:00.1643874+08:00	0x06	-0.6672	-0.0242	0.7432	0.0431	174.47	276.23	358.76
2026-06-05T14:33:00.1783696+08:00	0x02	-0.0233	0.6147	-0.1427	0.7754	345.38	75.78	8.00
2026-06-05T14:33:00.2291245+08:00	0x07	-0.6349	-0.3400	0.6205	-0.3103	175.37	266.29	54.69
2026-06-05T14:33:00.4024183+08:00	0x04	-0.0475	-0.4630	0.0072	-0.8851	1.80	55.31	5.20
2026-06-05T14:33:00.4570902+08:00	0x03	0.3120	-0.4532	-0.4297	-0.7160	37.32	43.99	303.26
2026-06-05T14:33:00.5064138+08:00	0x09	0.1392	0.6954	-0.1293	0.6930	0.90	90.37	21.89
2026-06-05T14:33:00.7394009+08:00	0x02	-0.0479	0.6358	-0.2137	0.7402	337.35	79.00	11.58
2026-06-05T14:33:00.7746245+08:00	0x08	0.1147	-0.7348	-0.1946	-0.6395	5.11	96.77	334.36
2026-06-05T14:33:00.9779875+08:00	0x04	-0.1156	-0.4617	0.0556	-0.8777	0.54	55.56	14.73
2026-06-05T14:33:01.0136939+08:00	0x03	0.2581	-0.4938	-0.4008	-0.7272	31.03	53.44	309.53
2026-06-05T14:33:01.2399119+08:00	0x02	-0.0601	0.6422	-0.1719	0.7446	340.36	80.25	7.55
2026-06-05T14:33:01.3324158+08:00	0x08	-0.0026	-0.7413	-0.0868	-0.6655	6.91	95.73	352.80
2026-06-05T14:33:01.3576764+08:00	0x07	-0.6740	-0.2364	0.6568	-0.2416	179.91	268.49	39.51
2026-06-05T14:33:01.5065026+08:00	0x04	-0.1162	-0.4615	0.0229	-0.8792	3.94	55.83	13.03
2026-06-05T14:33:01.6071823+08:00	0x03	0.2528	-0.4966	-0.4170	-0.7180	33.54	52.98	308.99
2026-06-05T14:33:01.8268811+08:00	0x02	-0.0709	0.6483	-0.1677	0.7393	339.99	81.36	6.47
2026-06-05T14:33:01.8899969+08:00	0x07	-0.8563	-0.1858	0.4637	-0.1310	167.63	234.31	23.37
2026-06-05T14:33:02.0741609+08:00	0x04	-0.1137	-0.4588	0.0147	-0.8811	4.60	55.51	12.34
2026-06-05T14:33:02.1483705+08:00	0x03	0.2504	-0.4932	-0.4219	-0.7184	34.70	52.03	309.11
2026-06-05T14:33:02.3408653+08:00	0x02	-0.0730	0.6513	-0.1590	0.7383	340.64	81.86	5.71
2026-06-05T14:33:02.4442873+08:00	0x07	-0.8731	-0.1325	0.4568	-0.1072	171.94	233.96	17.96
2026-06-05T14:33:02.5239907+08:00	0x08	-0.1198	-0.7429	0.0128	-0.6584	9.43	97.74	10.18
2026-06-05T14:33:02.6415582+08:00	0x01	-0.2754	-0.4810	0.4925	-0.6710	312.53	44.14	57.50
2026-06-05T14:33:02.6735925+08:00	0x03	0.2582	-0.4854	-0.4318	-0.7151	36.61	49.99	307.97
2026-06-05T14:33:02.8588411+08:00	0x09	0.2082	0.6863	-0.1745	0.6747	3.38	91.93	31.37
2026-06-05T14:33:02.9091054+08:00	0x06	-0.6679	-0.0242	0.7426	0.0433	174.45	276.12	358.74
2026-06-05T14:33:03.1017390+08:00	0x08	-0.1164	-0.7431	0.0098	-0.6589	9.34	97.67	9.66
2026-06-05T14:33:03.2066358+08:00	0x01	-0.2767	-0.4749	0.4911	-0.6758	312.27	43.07	57.19
2026-06-05T14:33:03.2767559+08:00	0x03	0.2672	-0.4829	-0.4346	-0.7117	36.95	49.35	306.87
2026-06-05T14:33:03.2924011+08:00	0x09	0.2175	0.6872	-0.1797	0.6695	3.97	92.66	32.56
2026-06-05T14:33:03.4430380+08:00	0x02	-0.0739	0.6444	-0.1511	0.7460	341.22	80.84	4.84
2026-06-05T14:33:03.5124095+08:00	0x07	-0.8798	-0.0957	0.4536	-0.1052	175.65	233.95	15.77
2026-06-05T14:33:03.6382590+08:00	0x08	-0.1747	-0.7349	0.0596	-0.6526	10.87	98.55	18.40
2026-06-05T14:33:03.6573060+08:00	0x04	-0.0909	-0.4630	-0.0073	-0.8817	5.64	55.85	8.83
2026-06-05T14:33:03.7908452+08:00	0x01	-0.2743	-0.4723	0.4945	-0.6761	311.35	42.33	56.94
2026-06-05T14:33:03.8550430+08:00	0x03	0.2728	-0.4827	-0.4396	-0.7066	37.61	48.94	305.91
2026-06-05T14:33:03.9947618+08:00	0x02	-0.0657	0.6431	-0.1569	0.7467	341.31	80.49	5.95
2026-06-05T14:33:04.2070569+08:00	0x08	-0.2144	-0.7258	0.0929	-0.6470	12.10	99.19	24.35
2026-06-05T14:33:04.2978894+08:00	0x01	-0.2767	-0.4487	0.4733	-0.7058	313.54	39.91	54.61
2026-06-05T14:33:04.3407707+08:00	0x03	0.3178	-0.4593	-0.4653	-0.6867	43.57	41.68	300.24
2026-06-05T14:33:04.4056610+08:00	0x09	0.2175	0.6765	-0.2093	0.6717	0.91	90.70	35.13
2026-06-05T14:33:04.5154280+08:00	0x02	-0.0777	0.6402	-0.1560	0.7482	340.48	80.28	4.78
2026-06-05T14:33:04.6454023+08:00	0x07	-0.8794	-0.0453	0.4648	-0.0930	180.39	235.76	11.87
2026-06-05T14:33:04.7087530+08:00	0x08	-0.2289	-0.7038	0.1428	-0.6572	8.95	96.34	30.12
2026-06-05T14:33:04.8240255+08:00	0x04	-0.0877	-0.4623	-0.0010	-0.8824	4.81	55.68	8.85
2026-06-05T14:33:04.8901893+08:00	0x03	0.2848	-0.4760	-0.4481	-0.7011	39.32	46.98	304.32
2026-06-05T14:33:04.9464199+08:00	0x09	0.2204	0.7017	-0.2297	0.6374	1.18	95.89	37.11
2026-06-05T14:33:05.0911160+08:00	0x02	-0.0631	0.6639	-0.1697	0.7256	340.55	83.60	7.68
2026-06-05T14:33:05.1568052+08:00	0x07	-0.7349	0.0679	0.6686	0.0912	178.70	264.74	347.01
2026-06-05T14:33:05.3246718+08:00	0x08	-0.1220	-0.7300	0.0664	-0.6692	5.31	95.67	15.09
2026-06-05T14:33:05.3924896+08:00	0x01	-0.2878	-0.4805	0.4906	-0.6675	313.01	43.95	58.83
2026-06-05T14:33:05.5037039+08:00	0x03	0.2854	-0.4672	-0.4513	-0.7047	40.68	45.03	304.52
2026-06-05T14:33:05.5634089+08:00	0x02	-0.0740	0.6452	-0.1472	0.7460	341.57	80.98	4.56
2026-06-05T14:33:05.6721726+08:00	0x07	-0.6927	0.1853	0.6576	0.2311	176.72	268.03	325.68
2026-06-05T14:33:05.6961063+08:00	0x06	-0.6851	-0.0698	0.7240	0.0399	171.17	272.95	2.66
2026-06-05T14:33:05.7570333+08:00	0x08	-0.0897	-0.7175	0.0485	-0.6890	3.62	92.68	11.14
2026-06-05T14:33:05.8345628+08:00	0x04	-0.0812	-0.4399	0.0320	-0.8938	0.83	52.48	9.98
2026-06-05T14:33:05.9825581+08:00	0x01	-0.3168	-0.4361	0.4832	-0.6900	310.41	35.21	59.15
2026-06-05T14:33:06.0095469+08:00	0x03	0.2791	-0.4473	-0.4055	-0.7467	34.62	44.85	308.78
2026-06-05T14:33:06.1937308+08:00	0x07	-0.6578	0.2706	0.6169	0.3368	174.57	268.91	309.01
2026-06-05T14:33:06.2414681+08:00	0x06	-0.6837	-0.0284	0.7231	0.0939	169.90	273.66	354.98
2026-06-05T14:33:06.4273912+08:00	0x08	-0.0311	-0.8546	0.1150	-0.5054	356.28	118.37	13.18
2026-06-05T14:33:06.5816272+08:00	0x01	-0.2832	-0.4597	0.4843	-0.6885	312.36	40.70	56.63
2026-06-05T14:33:06.6707087+08:00	0x02	-0.0637	0.6295	-0.1275	0.7638	344.00	78.48	3.62
2026-06-05T14:33:06.7890024+08:00	0x07	-0.6041	0.3493	0.5635	0.4422	168.18	274.03	291.89
2026-06-05T14:33:06.8495136+08:00	0x08	0.1283	-0.8491	0.0074	-0.5123	346.88	118.58	353.18
2026-06-05T14:33:06.9127594+08:00	0x04	-0.1064	-0.4418	0.0514	-0.8893	0.15	52.85	13.58
2026-06-05T14:33:07.0751521+08:00	0x01	-0.2770	-0.4686	0.4948	-0.6774	310.99	41.53	57.03
2026-06-05T14:33:07.0922186+08:00	0x09	0.0995	0.8732	-0.1897	0.4378	0.48	126.85	24.73
2026-06-05T14:33:07.1255791+08:00	0x03	0.2482	-0.4729	-0.4131	-0.7376	34.98	48.92	310.81
2026-06-05T14:33:07.2818882+08:00	0x02	-0.0723	0.6373	-0.1356	0.7551	342.69	79.78	3.65
2026-06-05T14:33:07.3753423+08:00	0x07	-0.5549	0.4136	0.5175	0.5032	157.82	284.87	279.41
2026-06-05T14:33:07.3912909+08:00	0x08	0.1235	-0.8498	0.0107	-0.5124	347.16	118.53	353.77
2026-06-05T14:33:07.4814003+08:00	0x04	-0.1062	-0.4414	0.0302	-0.8905	2.35	52.99	12.47
2026-06-05T14:33:07.5974155+08:00	0x09	0.0354	0.8799	-0.1405	0.4525	356.13	125.03	16.21
2026-06-05T14:33:07.6605319+08:00	0x03	0.2516	-0.4739	-0.4192	-0.7323	35.74	48.72	310.01
2026-06-05T14:33:07.7415392+08:00	0x02	-0.0589	0.6329	-0.1447	0.7583	342.83	78.89	5.38
2026-06-05T14:33:07.9254350+08:00	0x07	-0.5157	0.4554	0.4885	0.5368	99.40	344.37	273.18
2026-06-05T14:33:08.0129050+08:00	0x04	-0.0880	-0.4506	0.0299	-0.8879	1.52	53.96	10.56
2026-06-05T14:33:08.0957140+08:00	0x09	0.0364	0.8409	-0.0854	0.5331	358.26	115.10	10.51
2026-06-05T14:33:08.1757451+08:00	0x03	0.2713	-0.4675	-0.4111	-0.7341	34.21	48.09	308.50
2026-06-05T14:33:08.2584949+08:00	0x02	-0.0500	0.6409	-0.1666	0.7477	341.56	79.91	7.97
2026-06-05T14:33:08.4634815+08:00	0x08	0.2658	-0.8167	-0.0752	-0.5066	337.10	121.12	336.92
2026-06-05T14:33:08.5184667+08:00	0x06	-0.6922	-0.0513	0.7180	0.0514	171.67	272.09	0.15
2026-06-05T14:33:08.5747970+08:00	0x04	-0.0918	-0.4625	-0.0072	-0.8818	5.67	55.80	8.93
2026-06-05T14:33:08.6474728+08:00	0x09	0.0028	0.7488	-0.0581	0.6603	355.82	97.00	5.20
2026-06-05T14:33:08.7059110+08:00	0x03	0.2788	-0.4780	-0.4420	-0.7060	38.24	47.87	305.29
2026-06-05T14:33:08.8352859+08:00	0x01	-0.2672	-0.4711	0.4984	-0.6769	310.43	41.95	56.25
2026-06-05T14:33:08.8463012+08:00	0x02	-0.0767	0.6359	-0.1475	0.7536	341.29	79.64	4.13
2026-06-05T14:33:08.9972103+08:00	0x06	-0.6948	-0.0575	0.7159	0.0393	172.17	271.60	1.58
2026-06-05T14:33:09.1040066+08:00	0x04	-0.0993	-0.4604	0.0051	-0.8821	4.81	55.56	10.37
2026-06-05T14:33:09.1751197+08:00	0x09	0.0313	0.7480	-0.0823	0.6578	356.43	97.04	9.46
2026-06-05T14:33:09.2965009+08:00	0x03	0.2704	-0.4824	-0.4336	-0.7114	36.69	49.33	306.57
2026-06-05T14:33:09.3334133+08:00	0x01	-0.2682	-0.4727	0.5007	-0.6737	310.12	42.00	56.59
2026-06-05T14:33:09.5804087+08:00	0x06	-0.6937	-0.0585	0.7169	0.0383	172.18	271.77	1.76
2026-06-05T14:33:09.6676850+08:00	0x04	-0.1013	-0.4600	0.0055	-0.8821	4.87	55.54	10.59
2026-06-05T14:33:09.7135649+08:00	0x09	0.0668	0.7448	-0.1112	0.6545	357.27	97.03	14.66
2026-06-05T14:33:09.8587580+08:00	0x01	-0.2678	-0.4752	0.4961	-0.6756	311.24	42.90	56.44
2026-06-05T14:33:10.0940433+08:00	0x06	-0.6932	-0.0553	0.7176	0.0375	172.50	271.88	1.57
2026-06-05T14:33:10.1259595+08:00	0x07	-0.4924	0.4845	0.4465	0.5688	14.79	67.73	276.92
2026-06-05T14:33:10.1950065+08:00	0x04	-0.0993	-0.4604	0.0072	-0.8821	4.59	55.55	10.48
2026-06-05T14:33:10.2961403+08:00	0x09	0.0942	0.7383	-0.1318	0.6547	357.97	96.54	18.54
2026-06-05T14:33:10.3870857+08:00	0x03	0.2702	-0.4833	-0.4356	-0.7097	36.96	49.36	306.44
2026-06-05T14:33:10.6604606+08:00	0x07	-0.4208	0.5746	0.3741	0.5940	353.89	92.25	291.59
2026-06-05T14:33:10.7586007+08:00	0x04	-0.1013	-0.4601	0.0044	-0.8820	4.99	55.56	10.53
2026-06-05T14:33:10.8132640+08:00	0x09	0.1044	0.7364	-0.1409	0.6534	358.14	96.51	20.12
2026-06-05T14:33:10.8969667+08:00	0x03	0.2681	-0.4835	-0.4380	-0.7089	37.43	49.21	306.52
2026-06-05T14:33:10.9356163+08:00	0x01	-0.2666	-0.4757	0.4993	-0.6733	310.63	42.72	56.52
2026-06-05T14:33:11.1819676+08:00	0x07	-0.3992	0.5911	0.3534	0.6053	354.17	92.30	295.70
2026-06-05T14:33:11.3295024+08:00	0x09	0.1173	0.7344	-0.1518	0.6511	358.43	96.57	22.06
2026-06-05T14:33:11.3593010+08:00	0x04	-0.0999	-0.4596	0.0031	-0.8825	5.04	55.47	10.32
2026-06-05T14:33:11.4421776+08:00	0x03	0.2698	-0.4823	-0.4404	-0.7076	37.88	48.82	306.23
2026-06-05T14:33:11.5132334+08:00	0x02	-0.0774	0.6392	-0.1493	0.7504	341.10	80.14	4.28
2026-06-05T14:33:11.7570838+08:00	0x06	-0.6929	-0.0563	0.7179	0.0356	172.57	271.92	1.80
2026-06-05T14:33:11.7977012+08:00	0x07	-0.3749	0.6060	0.3293	0.6195	354.72	91.76	300.27
2026-06-05T14:33:11.8620475+08:00	0x09	0.1254	0.7324	-0.1599	0.6499	358.50	96.52	23.40
2026-06-05T14:33:11.9647974+08:00	0x04	-0.0995	-0.4600	0.0075	-0.8823	4.57	55.50	10.52
2026-06-05T14:33:12.0254623+08:00	0x02	-0.0758	0.6395	-0.1520	0.7498	340.98	80.15	4.63
2026-06-05T14:33:12.2585672+08:00	0x07	-0.3288	0.6319	0.2828	0.6423	355.21	91.36	308.75
2026-06-05T14:33:12.3447306+08:00	0x08	0.3023	-0.6871	-0.3002	-0.5885	354.43	101.46	309.79
2026-06-05T14:33:12.3993300+08:00	0x09	0.1343	0.7304	-0.1669	0.6486	358.72	96.51	24.71
2026-06-05T14:33:12.5523281+08:00	0x04	-0.0979	-0.4583	0.0074	-0.8834	4.47	55.24	10.35
2026-06-05T14:33:12.5802682+08:00	0x02	-0.0672	0.6437	-0.1578	0.7458	341.12	80.61	5.90
2026-06-05T14:33:12.8655553+08:00	0x06	-0.6810	-0.0589	0.7292	0.0322	172.69	273.76	2.41
2026-06-05T14:33:12.9263126+08:00	0x09	0.1401	0.7296	-0.1684	0.6478	359.13	96.61	25.30
2026-06-05T14:33:13.1111827+08:00	0x02	-0.0675	0.6436	-0.1576	0.7459	341.11	80.59	5.86
2026-06-05T14:33:13.2394593+08:00	0x03	0.3484	-0.4280	-0.5391	-0.6363	65.58	23.38	295.20
2026-06-05T14:33:13.3628200+08:00	0x08	0.2789	-0.7059	-0.2690	-0.5929	353.89	102.49	314.72
2026-06-05T14:33:13.4067366+08:00	0x07	-0.2903	0.5837	0.3338	0.6809	10.75	75.99	308.29
2026-06-05T14:33:13.5104623+08:00	0x09	0.1089	0.6804	-0.1716	0.7041	354.18	86.87	22.76
2026-06-05T14:33:13.6604033+08:00	0x01	-0.2667	-0.4757	0.4992	-0.6734	310.65	42.73	56.52
2026-06-05T14:33:13.6604033+08:00	0x03	0.4272	-0.4158	-0.6245	-0.5045	117.84	338.46	288.11
2026-06-05T14:33:14.0013420+08:00	0x07	-0.2800	0.6043	0.2998	0.6830	6.12	80.27	311.85
2026-06-05T14:33:14.0232323+08:00	0x06	-0.6496	-0.0270	0.7572	0.0636	172.44	278.90	357.61
2026-06-05T14:33:14.1069971+08:00	0x04	-0.3542	-0.4343	-0.0173	-0.8281	24.19	63.04	34.85
2026-06-05T14:33:14.1239184+08:00	0x09	0.1392	0.6851	-0.2005	0.6863	354.52	88.55	27.77
2026-06-05T14:33:14.1661875+08:00	0x01	-0.5571	-0.3260	0.6809	-0.3460	191.13	287.35	56.05
2026-06-05T14:33:14.2160461+08:00	0x02	0.1618	0.7059	-0.4920	0.4831	331.95	95.36	58.32
2026-06-05T14:33:14.5294008+08:00	0x06	-0.6489	-0.0289	0.7580	0.0597	172.65	278.99	358.07
2026-06-05T14:33:14.5835450+08:00	0x09	0.1477	0.6822	-0.2071	0.6855	354.60	88.33	29.02
2026-06-05T14:33:14.7484135+08:00	0x01	-0.5787	-0.2849	0.6782	-0.3522	194.09	286.03	52.56
2026-06-05T14:33:14.9177333+08:00	0x02	0.3821	0.6304	-0.4977	0.4570	7.21	113.92	77.63
2026-06-05T14:33:15.0656118+08:00	0x07	-0.2939	0.5955	0.3260	0.6729	8.20	79.04	308.40
2026-06-05T14:33:15.0935345+08:00	0x08	0.1976	-0.6908	-0.2377	-0.6536	2.67	92.30	324.07
2026-06-05T14:33:15.1503854+08:00	0x09	0.1540	0.6741	-0.2113	0.6909	354.43	87.10	29.84
2026-06-05T14:33:15.1863523+08:00	0x04	-0.3468	-0.4354	-0.0166	-0.8306	23.47	62.64	34.17
2026-06-05T14:33:15.3126543+08:00	0x02	0.3240	0.6910	-0.4997	0.4097	7.51	124.23	72.96
2026-06-05T14:33:15.4478570+08:00	0x03	0.5074	-0.3528	-0.4664	-0.6329	77.87	353.52	283.75
2026-06-05T14:33:15.5437362+08:00	0x08	0.2115	-0.6979	-0.2452	-0.6389	1.32	94.60	322.23
2026-06-05T14:33:15.5939142+08:00	0x07	-0.3105	0.6067	0.3228	0.6567	4.50	83.22	306.91
2026-06-05T14:33:15.7273429+08:00	0x04	-0.4854	-0.3939	0.1260	-0.7703	20.74	65.72	57.89
2026-06-05T14:33:15.7436785+08:00	0x09	0.1904	0.7129	-0.2074	0.6423	0.34	96.07	32.70
2026-06-05T14:33:15.8141806+08:00	0x03	0.3860	-0.4418	-0.5923	-0.5523	89.94	5.62	288.25
2026-06-05T14:33:15.8516709+08:00	0x01	-0.4090	-0.4370	0.5897	-0.5423	263.93	358.29	73.52
2026-06-05T14:33:16.0601780+08:00	0x08	0.1675	-0.7394	-0.1810	-0.6264	358.63	99.80	331.47
2026-06-05T14:33:16.1267524+08:00	0x07	-0.3580	0.6277	0.2947	0.6253	351.93	94.41	305.15
2026-06-05T14:33:16.2433448+08:00	0x09	0.1822	0.7486	-0.1883	0.6091	2.88	102.51	30.25
2026-06-05T14:33:16.3494781+08:00	0x03	0.3048	-0.4926	-0.6030	-0.5485	76.46	27.72	291.81
2026-06-05T14:33:16.6331757+08:00	0x08	0.1318	-0.7534	-0.1454	-0.6276	359.00	100.61	337.39
2026-06-05T14:33:16.6625574+08:00	0x07	-0.3711	0.6162	0.3138	0.6198	352.61	93.76	302.14
2026-06-05T14:33:16.7601950+08:00	0x04	-0.7215	-0.1870	0.0041	-0.6666	98.87	114.54	74.48
2026-06-05T14:33:16.8539874+08:00	0x09	0.1645	0.7455	-0.1774	0.6210	1.62	100.81	27.96
2026-06-05T14:33:16.8894100+08:00	0x03	0.2998	-0.4989	-0.6018	-0.5469	75.02	29.84	291.82
2026-06-05T14:33:16.9280340+08:00	0x01	-0.3632	-0.5137	0.5969	-0.4978	276.05	20.47	77.15
2026-06-05T14:33:17.2111487+08:00	0x07	-0.3698	0.6110	0.3224	0.6213	354.36	92.20	301.41
2026-06-05T14:33:17.3807731+08:00	0x09	0.1541	0.7451	-0.1704	0.6262	1.04	100.16	26.55
2026-06-05T14:33:17.4112857+08:00	0x06	-0.7005	-0.0772	0.7092	0.0178	172.31	270.38	4.85
2026-06-05T14:33:17.5544622+08:00	0x02	0.2182	0.6535	-0.5662	0.4525	319.23	81.63	69.64
2026-06-05T14:33:17.5764031+08:00	0x04	-0.6535	0.2777	0.1475	-0.6886	280.26	269.18	54.89
2026-06-05T14:33:17.7280833+08:00	0x08	0.1350	-0.7504	-0.1488	-0.6297	359.05	100.19	336.84
2026-06-05T14:33:17.7606938+08:00	0x07	-0.3617	0.6139	0.3167	0.6261	354.95	91.63	302.67
2026-06-05T14:33:17.8505168+08:00	0x06	-0.7008	-0.0758	0.7090	0.0191	172.31	270.36	4.63
2026-06-05T14:33:17.9272719+08:00	0x09	0.1494	0.7450	-0.1671	0.6283	0.81	99.90	25.89
2026-06-05T14:33:17.9605354+08:00	0x03	0.3058	-0.4968	-0.6080	-0.5385	78.17	27.05	291.01
2026-06-05T14:33:18.0284960+08:00	0x01	-0.3807	-0.5026	0.6040	-0.4875	264.61	8.38	78.04
2026-06-05T14:33:18.1610872+08:00	0x02	0.3093	0.6757	-0.4787	-0.4675	67.96	263.57	20.97
2026-06-05T14:33:18.2110521+08:00	0x08	0.1253	-0.7516	-0.1405	-0.6322	359.34	99.99	338.30
2026-06-05T14:33:18.2943512+08:00	0x07	-0.3491	0.6204	0.3045	0.6328	355.20	91.37	304.94
2026-06-05T14:33:18.3802148+08:00	0x06	-0.6983	-0.0779	0.7114	0.0168	172.35	270.73	5.01
2026-06-05T14:33:18.4279656+08:00	0x09	0.1452	0.7437	-0.1654	0.6312	0.46	99.46	25.43
2026-06-05T14:33:18.5770001+08:00	0x03	0.3085	-0.4873	-0.6216	-0.5300	84.13	21.68	291.11
2026-06-05T14:33:18.6270062+08:00	0x02	0.3436	0.6512	-0.4437	-0.5109	67.66	265.04	13.11
2026-06-05T14:33:18.7694469+08:00	0x01	-0.3875	-0.4907	0.6594	-0.4174	225.05	335.07	76.08
2026-06-05T14:33:18.8154057+08:00	0x07	-0.3312	0.6305	0.2841	0.6419	355.12	91.33	308.42
2026-06-05T14:33:18.9443498+08:00	0x04	-0.5924	0.3830	0.2406	-0.6667	283.25	270.34	37.27
2026-06-05T14:33:18.9768854+08:00	0x06	-0.6988	-0.0729	0.7112	0.0230	172.24	270.73	4.10
2026-06-05T14:33:19.0107011+08:00	0x09	0.1448	0.7421	-0.1683	0.6325	0.13	99.15	25.65
2026-06-05T14:33:19.0773079+08:00	0x03	0.3062	-0.4876	-0.6157	-0.5380	81.51	23.65	291.58
2026-06-05T14:33:19.2609983+08:00	0x01	-0.3943	-0.4850	0.6645	-0.4094	219.76	329.84	75.37
2026-06-05T14:33:19.3618183+08:00	0x07	-0.3143	0.6387	0.2673	0.6495	355.30	91.16	311.43
2026-06-05T14:33:19.4274672+08:00	0x08	0.1275	-0.7532	-0.1393	-0.6302	358.98	100.36	338.25
2026-06-05T14:33:19.5107270+08:00	0x06	-0.7021	-0.0746	0.7078	0.0213	172.23	270.17	4.34
2026-06-05T14:33:19.5279602+08:00	0x09	0.1431	0.7436	-0.1667	0.6315	0.15	99.36	25.38
2026-06-05T14:33:19.6113423+08:00	0x04	-0.5132	0.4868	0.3477	-0.6154	284.01	269.96	17.04
2026-06-05T14:33:19.6621992+08:00	0x01	-0.3966	-0.4836	0.6625	-0.4122	220.20	329.78	75.41
2026-06-05T14:33:19.7130633+08:00	0x02	0.3832	0.6902	-0.3558	-0.5002	62.89	255.65	6.19
2026-06-05T14:33:19.9444245+08:00	0x07	-0.2916	0.6480	0.2450	0.6596	355.59	90.79	315.40
2026-06-05T14:33:20.0442114+08:00	0x04	-0.4857	0.5148	0.3809	-0.5950	284.02	269.90	10.71
2026-06-05T14:33:20.1118394+08:00	0x09	0.1410	0.7445	-0.1663	0.6310	0.00	99.44	25.19
2026-06-05T14:33:20.2617958+08:00	0x01	-0.3993	-0.4814	0.6638	-0.4101	218.61	328.11	75.15
2026-06-05T14:33:20.3448311+08:00	0x03	0.3075	-0.4873	-0.6101	-0.5439	79.63	24.77	291.71
2026-06-05T14:33:20.4474398+08:00	0x07	-0.2712	0.6566	0.2241	0.6672	355.67	90.70	318.99
2026-06-05T14:33:20.6147596+08:00	0x04	-0.4704	0.5295	0.3987	-0.5826	283.98	269.81	7.23
2026-06-05T14:33:20.6939791+08:00	0x03	0.3026	-0.4906	-0.5989	-0.5559	74.92	28.61	292.47
2026-06-05T14:33:20.7602023+08:00	0x01	-0.3871	-0.4960	0.6343	-0.4492	240.68	347.69	77.69
2026-06-05T14:33:20.8279136+08:00	0x02	0.4144	0.6880	-0.3275	-0.4976	63.75	253.12	2.19
2026-06-05T14:33:20.9770669+08:00	0x07	-0.2474	0.6662	0.1995	0.6746	355.67	90.73	323.15
2026-06-05T14:33:21.0610894+08:00	0x08	0.1225	-0.7516	-0.1353	-0.6338	359.22	99.86	338.98
2026-06-05T14:33:21.1291055+08:00	0x04	-0.4433	0.5556	0.4286	-0.5577	283.86	269.40	1.04
2026-06-05T14:33:21.1781104+08:00	0x09	0.1400	0.7404	-0.1669	0.6359	359.68	98.61	25.16
2026-06-05T14:33:21.2464574+08:00	0x03	0.2893	-0.4982	-0.5931	-0.5625	71.18	32.88	293.60
2026-06-05T14:33:21.3325713+08:00	0x02	0.3924	0.6576	-0.3736	-0.5235	65.52	260.01	4.62
2026-06-05T14:33:21.5133858+08:00	0x07	-0.2236	0.6741	0.1779	0.6811	355.96	90.60	327.01
2026-06-05T14:33:21.5970030+08:00	0x08	0.1283	-0.7512	-0.1415	-0.6318	359.14	100.03	338.00
2026-06-05T14:33:21.7126901+08:00	0x04	-0.3857	0.5793	0.4590	-0.5523	286.42	271.80	353.93
2026-06-05T14:33:21.8284125+08:00	0x03	0.2947	-0.4997	-0.5958	-0.5554	72.42	31.95	292.66
2026-06-05T14:33:21.8604077+08:00	0x01	-0.3932	-0.4919	0.6306	-0.4536	240.55	346.49	77.72
2026-06-05T14:33:21.9273467+08:00	0x09	0.1401	0.7391	-0.1662	0.6375	359.69	98.37	25.10
2026-06-05T14:33:22.0947012+08:00	0x07	-0.1979	0.6817	0.1514	0.6879	355.99	90.50	331.40
2026-06-05T14:33:22.2112759+08:00	0x04	-0.3711	0.5622	0.4671	-0.5727	286.84	275.33	354.25
2026-06-05T14:33:22.2963036+08:00	0x09	0.1412	0.7399	-0.1682	0.6359	359.68	98.57	25.37
2026-06-05T14:33:22.3302120+08:00	0x01	-0.3949	-0.4943	0.6283	-0.4527	240.37	346.26	78.16
2026-06-05T14:33:22.4317903+08:00	0x02	0.4322	0.6215	-0.3313	-0.5632	65.92	261.57	355.70
2026-06-05T14:33:22.6782219+08:00	0x07	-0.1726	0.6880	0.1255	0.6937	356.01	90.39	335.67
2026-06-05T14:33:22.7962045+08:00	0x04	-0.3715	0.5597	0.4707	-0.5720	286.40	275.63	354.15
2026-06-05T14:33:22.8612773+08:00	0x09	0.1424	0.7409	-0.1672	0.6347	359.92	98.81	25.37
2026-06-05T14:33:22.9145524+08:00	0x03	0.2885	-0.4958	-0.5913	-0.5668	70.74	32.87	294.02
2026-06-05T14:33:23.0127029+08:00	0x02	0.4434	0.6182	-0.3228	-0.5630	66.40	260.89	354.26
2026-06-05T14:33:23.2283453+08:00	0x07	-0.1443	0.6949	0.0981	0.6976	356.13	90.45	340.26
2026-06-05T14:33:23.2992646+08:00	0x04	-0.3794	0.5529	0.4609	-0.5814	286.74	275.80	356.07
2026-06-05T14:33:23.4115923+08:00	0x01	-0.3947	-0.4969	0.6262	-0.4529	241.29	347.21	78.49
2026-06-05T14:33:23.4474989+08:00	0x09	0.1416	0.7405	-0.1661	0.6356	359.90	98.70	25.22
2026-06-05T14:33:23.7228882+08:00	0x02	0.4475	0.6106	-0.3245	-0.5671	66.97	261.54	353.61
2026-06-05T14:33:23.7614818+08:00	0x07	-0.1224	0.6994	0.0762	0.7001	356.15	90.49	343.86
2026-06-05T14:33:23.8949266+08:00	0x04	-0.3721	0.5552	0.4682	-0.5780	286.61	276.14	354.86
2026-06-05T14:33:23.9327007+08:00	0x06	-0.6953	-0.0764	0.7144	0.0186	172.34	271.23	4.77
2026-06-05T14:33:23.9666412+08:00	0x09	0.1420	0.7407	-0.1665	0.6352	359.93	98.75	25.29
2026-06-05T14:33:23.9949543+08:00	0x01	-0.3918	-0.4981	0.6255	-0.4551	243.45	349.44	78.45
2026-06-05T14:33:24.0993443+08:00	0x02	0.4479	0.6115	-0.3234	-0.5665	66.92	261.38	353.58
2026-06-05T14:33:24.2954570+08:00	0x07	-0.0956	0.7033	0.0493	0.7027	356.18	90.45	348.24
2026-06-05T14:33:24.3618019+08:00	0x08	0.1267	-0.7492	-0.1416	-0.6345	359.37	99.60	338.09
2026-06-05T14:33:24.4639572+08:00	0x04	-0.3781	0.5511	0.4632	-0.5821	286.60	276.14	355.97
2026-06-05T14:33:24.5326346+08:00	0x03	0.2880	-0.4974	-0.5927	-0.5642	71.03	32.93	293.85
2026-06-05T14:33:24.5621398+08:00	0x02	0.4474	0.6116	-0.3235	-0.5667	66.88	261.41	353.61
2026-06-05T14:33:24.8955495+08:00	0x07	-0.0685	0.7063	0.0221	0.7042	356.21	90.41	352.66
2026-06-05T14:33:24.9779553+08:00	0x04	-0.3795	0.5518	0.4623	-0.5812	286.57	275.92	356.04
2026-06-05T14:33:25.0805101+08:00	0x01	-0.3921	-0.5000	0.6223	-0.4571	245.13	350.90	78.76
2026-06-05T14:33:25.1122435+08:00	0x09	0.1422	0.7406	-0.1663	0.6353	359.95	98.74	25.28
2026-06-05T14:33:25.4294572+08:00	0x07	-0.0453	0.7083	-0.0007	0.7044	356.26	90.44	356.40
2026-06-05T14:33:25.4641567+08:00	0x04	-0.3809	0.5507	0.4584	-0.5844	286.86	275.94	356.58
2026-06-05T14:33:25.6296419+08:00	0x09	0.1426	0.7409	-0.1656	0.6350	0.07	98.82	25.24
2026-06-05T14:33:25.6800003+08:00	0x02	0.4434	0.6111	-0.3267	-0.5685	66.70	261.90	353.98
2026-06-05T14:33:25.7787651+08:00	0x03	0.2884	-0.4988	-0.5944	-0.5609	71.49	32.82	293.57
2026-06-05T14:33:25.9619689+08:00	0x04	-0.3805	0.5501	0.4602	-0.5838	286.70	276.05	356.44
2026-06-05T14:33:26.0325436+08:00	0x08	0.1227	-0.7466	-0.1401	-0.6387	359.74	98.96	338.54
2026-06-05T14:33:26.1784396+08:00	0x02	0.4461	0.6101	-0.3255	-0.5682	66.90	261.76	353.70
2026-06-05T14:33:26.2497972+08:00	0x03	0.2869	-0.4998	-0.5944	-0.5608	71.29	33.17	293.65
2026-06-05T14:33:26.5287480+08:00	0x04	-0.3933	0.5350	0.4418	-0.6033	287.47	276.79	0.10
2026-06-05T14:33:26.5626934+08:00	0x07	0.0096	0.7101	-0.0540	0.7019	356.42	90.51	5.18
2026-06-05T14:33:26.6479769+08:00	0x06	-0.6920	-0.0768	0.7176	0.0174	172.43	271.75	4.94
2026-06-05T14:33:26.7654098+08:00	0x03	0.2940	-0.4967	-0.6074	-0.5458	76.47	29.01	292.43
2026-06-05T14:33:26.8638685+08:00	0x09	0.1431	0.7409	-0.1635	0.6355	0.27	98.82	25.10
2026-06-05T14:33:27.0452289+08:00	0x07	0.0295	0.7098	-0.0723	0.7001	356.56	90.53	8.27
2026-06-05T14:33:27.1129855+08:00	0x04	-0.3933	0.5338	0.4385	-0.6067	287.82	276.94	0.53
2026-06-05T14:33:27.2138805+08:00	0x06	-0.6908	-0.0769	0.7188	0.0169	172.47	271.95	5.00
2026-06-05T14:33:27.2784513+08:00	0x02	0.4421	0.6091	-0.3339	-0.5675	67.18	262.33	354.55
2026-06-05T14:33:27.3999991+08:00	0x09	0.1419	0.7409	-0.1611	0.6363	0.33	98.76	24.79
2026-06-05T14:33:27.6295366+08:00	0x07	0.0588	0.7083	-0.1004	0.6962	356.68	90.61	12.95
2026-06-05T14:33:27.6734420+08:00	0x08	0.1099	-0.7513	-0.1307	-0.6375	0.09	99.36	340.33
2026-06-05T14:33:27.7467706+08:00	0x01	-0.3775	-0.5095	0.6164	-0.4669	256.77	3.03	78.69
2026-06-05T14:33:27.8017380+08:00	0x03	0.3009	-0.4948	-0.6183	-0.5314	81.39	25.03	291.31
2026-06-05T14:33:27.9443932+08:00	0x09	0.1426	0.7408	-0.1613	0.6362	0.38	98.77	24.86
2026-06-05T14:33:28.1626786+08:00	0x07	0.0879	0.7061	-0.1291	0.6907	356.74	90.75	17.69
2026-06-05T14:33:28.2005343+08:00	0x04	-0.3954	0.5357	0.4383	-0.6038	287.64	276.51	0.45
2026-06-05T14:33:28.2990975+08:00	0x08	0.0880	-0.7551	-0.1118	-0.6400	0.61	99.35	343.65
2026-06-05T14:33:28.3949495+08:00	0x03	0.3007	-0.4932	-0.6184	-0.5328	81.50	24.78	291.50
2026-06-05T14:33:28.4719807+08:00	0x09	0.1443	0.7413	-0.1630	0.6349	0.44	98.94	25.14
2026-06-05T14:33:28.7165999+08:00	0x07	0.1124	0.7029	-0.1524	0.6857	356.86	90.82	21.61
2026-06-05T14:33:28.7652664+08:00	0x06	-0.6929	-0.0748	0.7169	0.0172	172.60	271.64	4.79
2026-06-05T14:33:28.8194942+08:00	0x01	-0.3783	-0.5147	0.6086	-0.4707	261.60	7.44	79.31
2026-06-05T14:33:28.9316864+08:00	0x02	0.4496	0.6114	-0.3240	-0.5649	67.15	261.21	353.59
2026-06-05T14:33:28.9466316+08:00	0x03	0.2970	-0.4892	-0.6163	-0.5410	80.35	25.33	292.43
2026-06-05T14:33:29.0669239+08:00	0x09	0.1451	0.7400	-0.1621	0.6365	0.53	98.71	25.12
2026-06-05T14:33:29.2965014+08:00	0x07	0.1431	0.6972	-0.1802	0.6790	357.11	90.83	26.45
2026-06-05T14:33:29.3462544+08:00	0x08	0.0692	-0.7580	-0.0975	-0.6412	1.19	99.40	346.32
2026-06-05T14:33:29.4340166+08:00	0x02	0.4509	0.6179	-0.3243	-0.5565	67.36	260.14	354.20
2026-06-05T14:33:29.6135471+08:00	0x09	0.1455	0.7396	-0.1626	0.6367	0.52	98.67	25.21
2026-06-05T14:33:29.8298853+08:00	0x07	0.1732	0.6901	-0.2099	0.6706	357.14	90.84	31.46
2026-06-05T14:33:29.9133406+08:00	0x04	-0.3743	0.5518	0.4655	-0.5820	286.70	276.38	355.52
2026-06-05T14:33:30.0128900+08:00	0x03	0.2945	-0.4922	-0.6039	-0.5535	75.60	28.94	293.00
2026-06-05T14:33:30.1288753+08:00	0x09	0.1455	0.7395	-0.1631	0.6367	0.48	98.65	25.25
2026-06-05T14:33:30.3136827+08:00	0x07	0.1979	0.6833	-0.2339	0.6628	357.21	90.85	35.59
2026-06-05T14:33:30.3836174+08:00	0x01	-0.3808	-0.5174	0.5971	-0.4804	269.02	13.63	79.65
2026-06-05T14:33:30.4295196+08:00	0x08	0.0495	-0.7594	-0.0808	-0.6436	1.68	99.28	349.25
2026-06-05T14:33:30.5661953+08:00	0x03	0.2941	-0.4917	-0.6024	-0.5558	75.09	29.22	293.18
2026-06-05T14:33:30.7297889+08:00	0x09	0.1466	0.7388	-0.1643	0.6370	0.47	98.57	25.44
2026-06-05T14:33:30.8691229+08:00	0x07	0.2247	0.6750	-0.2599	0.6529	357.30	90.92	40.12
2026-06-05T14:33:30.9147412+08:00	0x01	-0.3806	-0.5151	0.5997	-0.4797	267.17	11.86	79.43
2026-06-05T14:33:30.9654984+08:00	0x04	-0.3793	0.5456	0.4682	-0.5824	285.93	276.73	356.04
2026-06-05T14:33:31.0963706+08:00	0x03	0.2919	-0.4941	-0.5971	-0.5604	73.00	31.02	293.46
2026-06-05T14:33:31.1297192+08:00	0x02	0.4489	0.6207	-0.3270	-0.5534	67.38	259.97	354.78
2026-06-05T14:33:31.2136236+08:00	0x09	0.1464	0.7385	-0.1651	0.6371	0.37	98.51	25.50
2026-06-05T14:33:31.3967816+08:00	0x07	0.2520	0.6646	-0.2874	0.6420	357.25	90.85	44.88
2026-06-05T14:33:31.5018781+08:00	0x01	-0.3812	-0.5123	0.6012	-0.4804	265.89	10.43	79.19
2026-06-05T14:33:31.6303708+08:00	0x03	0.3011	-0.4915	-0.6057	-0.5486	77.01	27.49	292.22
2026-06-05T14:33:31.6802444+08:00	0x08	0.0436	-0.7604	-0.0759	-0.6435	1.82	99.36	350.12
2026-06-05T14:33:31.7636341+08:00	0x09	0.1461	0.7390	-0.1659	0.6364	0.31	98.60	25.54
2026-06-05T14:33:31.9797626+08:00	0x07	0.2816	0.6532	-0.3164	0.6277	357.38	91.06	50.06
2026-06-05T14:33:32.0130614+08:00	0x01	-0.3807	-0.5137	0.6010	-0.4795	266.17	10.86	79.30
2026-06-05T14:33:32.0977278+08:00	0x08	0.0404	-0.7605	-0.0729	-0.6440	1.88	99.32	350.62
2026-06-05T14:33:32.2155882+08:00	0x02	0.4452	0.6104	-0.3367	-0.5620	67.76	261.83	354.88
2026-06-05T14:33:32.2475021+08:00	0x03	0.3032	-0.4875	-0.6177	-0.5374	81.81	23.68	291.85
2026-06-05T14:33:32.3128577+08:00	0x09	0.1464	0.7392	-0.1656	0.6362	0.37	98.65	25.54
2026-06-05T14:33:32.5136567+08:00	0x07	0.3046	0.6425	-0.3385	0.6162	357.48	91.10	54.14
2026-06-05T14:33:32.6146728+08:00	0x08	0.0371	-0.7592	-0.0703	-0.6460	2.00	99.06	351.10
2026-06-05T14:33:32.6675262+08:00	0x03	0.3030	-0.4884	-0.6171	-0.5375	81.52	23.99	291.81
2026-06-05T14:33:32.7989748+08:00	0x02	0.4449	0.6093	-0.3367	-0.5635	67.73	262.02	354.78
2026-06-05T14:33:32.8300358+08:00	0x09	0.1473	0.7391	-0.1661	0.6359	0.42	98.68	25.65
2026-06-05T14:33:33.0314113+08:00	0x01	-0.3788	-0.5148	0.6013	-0.4795	266.91	11.79	79.23
2026-06-05T14:33:33.0654797+08:00	0x07	0.3326	0.6281	-0.3659	0.6009	357.55	91.14	59.24
2026-06-05T14:33:33.1487874+08:00	0x04	-0.3939	0.5317	0.4537	-0.5969	286.14	277.13	359.30
2026-06-05T14:33:33.2980226+08:00	0x02	0.4448	0.6154	-0.3303	-0.5606	67.18	261.15	354.71
2026-06-05T14:33:33.4132846+08:00	0x09	0.1476	0.7393	-0.1661	0.6356	0.45	98.73	25.67
2026-06-05T14:33:33.6495027+08:00	0x07	0.3589	0.6133	-0.3910	0.5850	357.75	91.29	64.09
2026-06-05T14:33:33.6824272+08:00	0x01	-0.3733	-0.5202	0.5965	-0.4839	272.93	17.91	79.10
2026-06-05T14:33:33.7305381+08:00	0x03	0.2938	-0.4928	-0.6075	-0.5493	76.71	28.36	292.84
2026-06-05T14:33:33.7865977+08:00	0x02	0.4363	0.6258	-0.3310	-0.5554	66.35	260.54	355.96
2026-06-05T14:33:33.9631922+08:00	0x09	0.1473	0.7397	-0.1654	0.6354	0.49	98.79	25.59
2026-06-05T14:33:34.1484039+08:00	0x01	-0.3767	-0.5181	0.5972	-0.4827	270.89	15.66	79.27
2026-06-05T14:33:34.2473010+08:00	0x04	-0.3744	0.5475	0.4648	-0.5866	286.76	276.91	356.00
2026-06-05T14:33:34.2969685+08:00	0x02	0.4376	0.6221	-0.3342	-0.5566	66.76	260.95	355.91
2026-06-05T14:33:34.3377147+08:00	0x03	0.2960	-0.4921	-0.6071	-0.5493	76.85	28.03	292.68
2026-06-05T14:33:34.5134894+08:00	0x09	0.1473	0.7397	-0.1647	0.6357	0.55	98.77	25.53
2026-06-05T14:33:34.7140239+08:00	0x04	-0.3821	0.5414	0.4554	-0.5946	287.07	277.00	357.79
2026-06-05T14:33:34.7816363+08:00	0x07	0.4077	0.5827	-0.4363	0.5513	358.81	92.29	73.32
2026-06-05T14:33:34.8761448+08:00	0x03	0.2979	-0.4940	-0.6089	-0.5445	77.61	27.65	292.18
2026-06-05T14:33:35.0165712+08:00	0x09	0.1466	0.7394	-0.1645	0.6362	0.47	98.69	25.45
2026-06-05T14:33:35.0637818+08:00	0x02	0.4369	0.6204	-0.3359	-0.5580	66.83	261.26	355.94
2026-06-05T14:33:35.2360379+08:00	0x01	-0.3758	-0.5184	0.5985	-0.4815	270.34	15.32	79.24
2026-06-05T14:33:35.2637714+08:00	0x08	0.0455	-0.7583	-0.0773	-0.6458	1.79	99.00	349.86
2026-06-05T14:33:35.3705460+08:00	0x02	0.4400	0.6200	-0.3324	-0.5581	66.85	261.00	355.47
2026-06-05T14:33:35.4309727+08:00	0x06	-0.6908	-0.0771	0.7187	0.0158	172.54	271.93	5.10
2026-06-05T14:33:35.6154180+08:00	0x09	0.1473	0.7399	-0.1650	0.6353	0.52	98.82	25.55
2026-06-05T14:33:35.8004683+08:00	0x01	-0.3735	-0.5203	0.5965	-0.4837	272.84	17.82	79.12
2026-06-05T14:33:35.8144747+08:00	0x07	0.4474	0.5525	-0.4742	0.5194	0.64	94.08	81.37
2026-06-05T14:33:35.9973552+08:00	0x06	-0.6902	-0.0767	0.7194	0.0159	172.57	272.04	5.07
2026-06-05T14:33:35.9973552+08:00	0x03	0.2922	-0.4950	-0.6058	-0.5500	75.84	29.33	292.89
2026-06-05T14:33:36.0999423+08:00	0x09	0.1471	0.7399	-0.1636	0.6358	0.62	98.79	25.41
2026-06-05T14:33:36.2642143+08:00	0x02	0.4378	0.6166	-0.3419	-0.5579	67.43	261.72	356.17
2026-06-05T14:33:36.3323144+08:00	0x04	-0.3827	0.5397	0.4574	-0.5942	286.79	277.16	357.77
2026-06-05T14:33:36.3640331+08:00	0x01	-0.3681	-0.5205	0.5939	-0.4908	276.74	21.49	78.39
2026-06-05T14:33:36.3972747+08:00	0x08	0.0451	-0.7589	-0.0764	-0.6451	1.75	99.12	349.97
2026-06-05T14:33:36.4984535+08:00	0x06	-0.6899	-0.0786	0.7195	0.0135	172.62	272.05	5.43
2026-06-05T14:33:36.5337171+08:00	0x03	0.2991	-0.4956	-0.6078	-0.5436	77.29	27.97	291.93
2026-06-05T14:33:36.6844608+08:00	0x09	0.1453	0.7391	-0.1635	0.6370	0.41	98.58	25.27
2026-06-05T14:33:36.8414965+08:00	0x02	0.4379	0.6143	-0.3461	-0.5577	67.81	262.04	356.37
2026-06-05T14:33:36.9307251+08:00	0x07	0.4908	0.5131	-0.5162	0.4789	148.05	241.47	89.00
2026-06-05T14:33:36.9684214+08:00	0x08	0.0383	-0.7584	-0.0699	-0.6469	1.87	98.92	351.05
2026-06-05T14:33:37.0816450+08:00	0x06	-0.6898	-0.0792	0.7195	0.0136	172.56	272.05	5.46
2026-06-05T14:33:37.2027888+08:00	0x03	0.3021	-0.4948	-0.6049	-0.5459	76.66	28.07	291.81
2026-06-05T14:33:37.2337077+08:00	0x09	0.1466	0.7395	-0.1647	0.6360	0.47	98.71	25.47
2026-06-05T14:33:37.3527843+08:00	0x02	0.4411	0.6144	-0.3420	-0.5577	67.80	261.70	355.88
2026-06-05T14:33:37.4514863+08:00	0x01	-0.3749	-0.5160	0.5966	-0.4871	272.11	16.57	78.79
2026-06-05T14:33:37.5007941+08:00	0x08	0.0362	-0.7590	-0.0692	-0.6464	2.00	99.01	351.26
2026-06-05T14:33:37.5007941+08:00	0x07	0.5099	0.4948	-0.5326	0.4599	170.45	263.76	84.92
2026-06-05T14:33:37.5847103+08:00	0x06	-0.6900	-0.0783	0.7194	0.0133	172.66	272.04	5.41
2026-06-05T14:33:37.6680413+08:00	0x03	0.3054	-0.4944	-0.6075	-0.5414	78.06	26.86	291.33
2026-06-05T14:33:37.8175152+08:00	0x09	0.1474	0.7389	-0.1638	0.6368	0.58	98.62	25.45
2026-06-05T14:33:37.9174864+08:00	0x02	0.4398	0.6180	-0.3435	-0.5537	67.80	261.31	356.41
2026-06-05T14:33:37.9847725+08:00	0x04	-0.3837	0.5422	0.4554	-0.5928	286.91	276.76	357.77
2026-06-05T14:33:38.0333329+08:00	0x07	0.5321	0.4723	-0.5513	0.4357	172.74	265.95	79.89
2026-06-05T14:33:38.0973068+08:00	0x03	0.3016	-0.4989	-0.6046	-0.5428	76.26	28.90	291.46
2026-06-05T14:33:38.3477366+08:00	0x09	0.1473	0.7394	-0.1643	0.6361	0.55	98.71	25.49
2026-06-05T14:33:38.3982591+08:00	0x02	0.4451	0.6181	-0.3389	-0.5523	67.97	260.75	355.83
2026-06-05T14:33:38.5640615+08:00	0x07	0.5487	0.4533	-0.5671	0.4147	173.69	266.98	75.72
2026-06-05T14:33:38.6023178+08:00	0x04	-0.3999	0.5361	0.4353	-0.6026	287.53	276.05	0.87
2026-06-05T14:33:38.6849354+08:00	0x03	0.3074	-0.4965	-0.6097	-0.5360	79.03	26.33	290.78
2026-06-05T14:33:38.7311599+08:00	0x06	-0.6914	-0.0786	0.7181	0.0132	172.63	271.82	5.43
2026-06-05T14:33:38.8813292+08:00	0x09	0.1469	0.7395	-0.1649	0.6359	0.48	98.73	25.51
2026-06-05T14:33:39.0980394+08:00	0x07	0.5684	0.4286	-0.5842	0.3897	174.46	267.64	70.71
2026-06-05T14:33:39.1647722+08:00	0x03	0.3068	-0.4938	-0.6094	-0.5391	78.98	26.06	291.14
2026-06-05T14:33:39.2340664+08:00	0x06	-0.6923	-0.0778	0.7173	0.0134	172.68	271.69	5.33
2026-06-05T14:33:39.2986389+08:00	0x01	-0.3739	-0.5149	0.5975	-0.4878	271.82	16.29	78.58
2026-06-05T14:33:39.4646817+08:00	0x09	0.1484	0.7401	-0.1634	0.6353	0.77	98.89	25.50
2026-06-05T14:33:39.4992311+08:00	0x02	0.4384	0.6226	-0.3354	-0.5547	66.96	260.79	356.06
2026-06-05T14:33:39.6143074+08:00	0x07	0.5854	0.4070	-0.5974	0.3671	174.57	267.61	66.36
2026-06-05T14:33:39.6979747+08:00	0x03	0.3058	-0.4944	-0.6080	-0.5407	78.29	26.68	291.26
2026-06-05T14:33:39.8170050+08:00	0x08	0.0153	-0.7631	-0.0525	-0.6440	2.55	99.55	354.27
2026-06-05T14:33:39.8329765+08:00	0x06	-0.6935	-0.0780	0.7162	0.0125	172.73	271.50	5.42
2026-06-05T14:33:39.9616759+08:00	0x09	0.1481	0.7408	-0.1628	0.6346	0.81	99.01	25.42
2026-06-05T14:33:40.1976981+08:00	0x01	-0.3733	-0.5178	0.5934	-0.4904	275.03	19.32	78.69
2026-06-05T14:33:40.2336564+08:00	0x03	0.3049	-0.4941	-0.6072	-0.5424	77.87	26.98	291.44
2026-06-05T14:33:40.3815589+08:00	0x06	-0.6942	-0.0788	0.7154	0.0121	172.69	271.37	5.50
2026-06-05T14:33:40.4314267+08:00	0x09	0.1469	0.7420	-0.1625	0.6336	0.77	99.18	25.29
2026-06-05T14:33:40.4674252+08:00	0x02	0.4378	0.6247	-0.3325	-0.5546	66.64	260.55	355.98
2026-06-05T14:33:40.6362831+08:00	0x01	-0.3736	-0.5166	0.5918	-0.4932	275.85	19.80	78.53
2026-06-05T14:33:40.7485127+08:00	0x04	-0.3675	0.5530	0.4633	-0.5869	287.55	276.81	355.34
2026-06-05T14:33:40.9156551+08:00	0x08	0.0029	-0.7637	-0.0422	-0.6442	2.87	99.61	356.09
2026-06-05T14:33:40.9646195+08:00	0x09	0.1473	0.7420	-0.1619	0.6337	0.85	99.19	25.28
2026-06-05T14:33:41.1012656+08:00	0x02	0.4389	0.6234	-0.3342	-0.5541	66.91	260.63	356.00
2026-06-05T14:33:41.1680978+08:00	0x01	-0.3745	-0.5162	0.5908	-0.4943	276.20	19.95	78.55
2026-06-05T14:33:41.1820821+08:00	0x07	0.6314	0.3327	-0.6373	0.2907	175.36	268.25	52.29
2026-06-05T14:33:41.2825375+08:00	0x03	0.3041	-0.4957	-0.5994	-0.5500	74.91	29.19	291.76
2026-06-05T14:33:41.4375094+08:00	0x08	-0.0025	-0.7634	-0.0380	-0.6448	3.03	99.55	356.86
2026-06-05T14:33:41.5004952+08:00	0x09	0.1479	0.7416	-0.1612	0.6342	0.94	99.14	25.26
2026-06-05T14:33:41.5655925+08:00	0x02	0.4458	0.6167	-0.3257	-0.5611	66.91	260.86	354.34
2026-06-05T14:33:41.7144049+08:00	0x07	0.6448	0.3060	-0.6487	0.2641	175.59	268.40	47.53
2026-06-05T14:33:41.8476773+08:00	0x04	-0.3655	0.5501	0.4544	-0.5978	288.70	277.34	356.39
2026-06-05T14:33:41.8907251+08:00	0x03	0.3006	-0.4968	-0.6039	-0.5461	76.01	28.85	291.84
2026-06-05T14:33:42.0026904+08:00	0x08	-0.0037	-0.7633	-0.0359	-0.6450	2.98	99.53	357.13
2026-06-05T14:33:42.0314016+08:00	0x06	-0.6938	-0.0776	0.7159	0.0138	172.65	271.46	5.27
2026-06-05T14:33:42.0683508+08:00	0x09	0.1463	0.7416	-0.1623	0.6342	0.71	99.08	25.23
2026-06-05T14:33:42.2323460+08:00	0x02	0.4391	0.6238	-0.3323	-0.5547	66.75	260.55	355.83
2026-06-05T14:33:42.3155336+08:00	0x07	0.6568	0.2759	-0.6618	0.2333	175.85	268.83	42.20
2026-06-05T14:33:42.3824567+08:00	0x03	0.3075	-0.4905	-0.6003	-0.5518	75.98	27.57	291.83
2026-06-05T14:33:42.5481750+08:00	0x08	-0.0054	-0.7620	-0.0342	-0.6467	3.01	99.29	357.41
2026-06-05T14:33:42.5857541+08:00	0x06	-0.6936	-0.0765	0.7161	0.0143	172.70	271.50	5.15
2026-06-05T14:33:42.6314794+08:00	0x09	0.1472	0.7398	-0.1646	0.6356	0.54	98.79	25.51
2026-06-05T14:33:42.8327061+08:00	0x01	-0.3880	-0.5108	0.5874	-0.4935	272.74	15.24	79.42
2026-06-05T14:33:42.8653570+08:00	0x07	0.6683	0.2427	-0.6734	0.2026	176.31	269.21	36.70
2026-06-05T14:33:42.9009062+08:00	0x03	0.3068	-0.4882	-0.5946	-0.5603	74.07	28.56	292.42
2026-06-05T14:33:43.0864196+08:00	0x08	0.0056	-0.7618	-0.0436	-0.6463	2.75	99.27	355.78
2026-06-05T14:33:43.1827219+08:00	0x09	0.1474	0.7393	-0.1644	0.6361	0.56	98.71	25.51
2026-06-05T14:33:43.2837563+08:00	0x01	-0.3856	-0.5098	0.5932	-0.4895	269.66	12.80	79.19
2026-06-05T14:33:43.3824567+08:00	0x07	0.6780	0.2158	-0.6806	0.1748	176.30	269.15	32.05
2026-06-05T14:33:43.4844080+08:00	0x03	0.3068	-0.4933	-0.5985	-0.5517	75.07	28.56	291.72
2026-06-05T14:33:43.6664937+08:00	0x08	0.0099	-0.7621	-0.0473	-0.6457	2.64	99.34	355.13
2026-06-05T14:33:43.6840723+08:00	0x06	-0.6927	-0.0757	0.7170	0.0158	172.64	271.66	4.98
2026-06-05T14:33:43.7153467+08:00	0x09	0.1467	0.7396	-0.1643	0.6360	0.51	98.73	25.45
2026-06-05T14:33:43.8166333+08:00	0x01	-0.3862	-0.5122	0.5932	-0.4865	269.35	12.77	79.54
2026-06-05T14:33:43.9144758+08:00	0x07	0.6873	0.1837	-0.6884	0.1414	176.30	269.22	26.57
2026-06-05T14:33:44.0155216+08:00	0x03	0.3069	-0.4918	-0.6021	-0.5490	76.45	27.46	291.69
2026-06-05T14:33:44.1653087+08:00	0x08	0.0150	-0.7625	-0.0507	-0.6448	2.44	99.44	354.45
2026-06-05T14:33:44.2492885+08:00	0x09	0.1460	0.7394	-0.1654	0.6361	0.34	98.67	25.49
2026-06-05T14:33:44.2652469+08:00	0x02	0.4422	0.6235	-0.3277	-0.5553	66.70	260.26	355.27
2026-06-05T14:33:44.3829517+08:00	0x01	-0.3823	-0.5126	0.5929	-0.4894	271.37	14.86	79.14
2026-06-05T14:33:44.5183112+08:00	0x07	0.6945	0.1535	-0.6945	0.1090	176.20	269.28	21.38
2026-06-05T14:33:44.5495223+08:00	0x03	0.3082	-0.4937	-0.6051	-0.5433	77.59	26.87	291.20
2026-06-05T14:33:44.7493525+08:00	0x08	0.0169	-0.7629	-0.0515	-0.6443	2.33	99.52	354.24
2026-06-05T14:33:44.7832811+08:00	0x09	0.1456	0.7400	-0.1661	0.6353	0.29	98.77	25.52
2026-06-05T14:33:44.9683124+08:00	0x01	-0.3836	-0.5144	0.5925	-0.4871	271.16	14.78	79.48
2026-06-05T14:33:45.0356496+08:00	0x07	0.6998	0.1275	-0.6979	0.0836	176.30	269.29	17.16
2026-06-05T14:33:45.0865192+08:00	0x03	0.3074	-0.4913	-0.6086	-0.5420	78.90	25.75	291.38
2026-06-05T14:33:45.1827307+08:00	0x04	-0.3992	0.5417	0.4380	-0.5961	287.31	275.42	0.08
2026-06-05T14:33:45.2823546+08:00	0x07	0.7019	0.1163	-0.6989	0.0728	176.35	269.26	15.36
2026-06-05T14:33:45.3868017+08:00	0x02	0.4361	0.6170	-0.3344	-0.5633	66.59	261.82	355.49
2026-06-05T14:33:45.4827264+08:00	0x01	-0.3809	-0.5160	0.5912	-0.4890	273.33	17.02	79.32
2026-06-05T14:33:45.6511834+08:00	0x03	0.3086	-0.4905	-0.6094	-0.5410	79.41	25.22	291.28
2026-06-05T14:33:45.6856356+08:00	0x04	-0.3891	0.5403	0.4487	-0.5961	287.13	276.51	358.80
2026-06-05T14:33:45.8024691+08:00	0x07	0.7067	0.0834	-0.7014	0.0416	176.53	269.26	10.12
2026-06-05T14:33:45.8325275+08:00	0x06	-0.6920	-0.0737	0.7179	0.0186	172.58	271.80	4.59
2026-06-05T14:33:45.8809183+08:00	0x08	0.0160	-0.7616	-0.0523	-0.6457	2.48	99.29	354.24
2026-06-05T14:33:45.9428521+08:00	0x02	0.4394	0.6222	-0.3284	-0.5585	66.45	260.74	355.29
2026-06-05T14:33:45.9548210+08:00	0x01	-0.3823	-0.5137	0.5929	-0.4882	271.38	15.00	79.27
2026-06-05T14:33:46.1508486+08:00	0x03	0.3092	-0.4937	-0.6047	-0.5432	77.56	26.81	291.11
2026-06-05T14:33:46.2557804+08:00	0x04	-0.3824	0.5429	0.4612	-0.5885	286.41	276.79	357.10
2026-06-05T14:33:46.2833389+08:00	0x09	0.1464	0.7381	-0.1656	0.6375	0.32	98.44	25.54
2026-06-05T14:33:46.3996437+08:00	0x07	0.7094	0.0515	-0.7028	0.0098	176.59	269.31	4.96
2026-06-05T14:33:46.4427127+08:00	0x08	0.0207	-0.7618	-0.0564	-0.6450	2.38	99.36	353.54
2026-06-05T14:33:46.5053951+08:00	0x02	0.4374	0.6243	-0.3286	-0.5576	66.26	260.63	355.56
2026-06-05T14:33:46.7194164+08:00	0x03	0.3068	-0.4923	-0.6025	-0.5482	76.54	27.47	291.63
2026-06-05T14:33:46.8158797+08:00	0x09	0.1465	0.7388	-0.1667	0.6363	0.28	98.59	25.64
2026-06-05T14:33:46.8627507+08:00	0x04	-0.3824	0.5433	0.4634	-0.5864	286.17	276.74	356.84
2026-06-05T14:33:46.9200213+08:00	0x07	0.7110	0.0253	-0.7025	-0.0168	176.58	269.29	0.67
2026-06-05T14:33:46.9577029+08:00	0x08	0.0225	-0.7621	-0.0578	-0.6444	2.32	99.43	353.28
2026-06-05T14:33:47.0321590+08:00	0x02	0.4380	0.6262	-0.3259	-0.5566	66.10	260.31	355.45
2026-06-05T14:33:47.0539185+08:00	0x01	-0.3837	-0.5163	0.5886	-0.4897	274.00	17.35	79.59
2026-06-05T14:33:47.2490309+08:00	0x03	0.3078	-0.4911	-0.6030	-0.5481	76.92	27.01	291.60
2026-06-05T14:33:47.3714515+08:00	0x04	-0.3992	0.5403	0.4480	-0.5900	286.26	275.60	359.26
2026-06-05T14:33:47.5162284+08:00	0x08	0.0225	-0.7613	-0.0579	-0.6454	2.34	99.28	353.27
2026-06-05T14:33:47.5330543+08:00	0x07	0.7120	-0.0065	-0.7005	-0.0481	176.65	269.20	355.55
2026-06-05T14:33:47.6019254+08:00	0x02	0.4484	0.6234	-0.3291	-0.5495	67.50	259.63	355.27
2026-06-05T14:33:47.6356203+08:00	0x01	-0.3949	-0.5082	0.5869	-0.4912	269.74	11.79	79.91
2026-06-05T14:33:47.7838841+08:00	0x03	0.3166	-0.4863	-0.5933	-0.5579	74.91	27.07	291.51
2026-06-05T14:33:47.8327612+08:00	0x04	-0.4113	0.5327	0.4713	-0.5701	282.56	275.41	358.10
2026-06-05T14:33:47.9000585+08:00	0x09	0.1471	0.7335	-0.1679	0.6420	0.02	97.61	25.80
2026-06-05T14:33:48.0498394+08:00	0x07	0.7058	-0.0362	-0.7042	-0.0681	177.40	270.06	351.54
2026-06-05T14:33:48.0837474+08:00	0x08	0.0188	-0.7579	-0.0593	-0.6494	2.79	98.66	353.44
2026-06-05T14:33:48.1203608+08:00	0x02	0.5152	0.6561	-0.3522	-0.4243	77.22	246.93	1.43
2026-06-05T14:33:48.1422540+08:00	0x01	-0.4259	-0.4508	0.5256	-0.5823	290.34	18.51	75.92
2026-06-05T14:33:48.3514533+08:00	0x04	-0.4536	0.4055	0.6899	-0.3924	248.22	285.38	348.26
2026-06-05T14:33:48.3834087+08:00	0x03	0.3313	-0.4361	-0.5540	-0.6270	67.66	24.21	296.02
2026-06-05T14:33:48.4965117+08:00	0x09	0.1452	0.7111	-0.1721	0.6660	358.55	93.42	25.99
2026-06-05T14:33:48.5869060+08:00	0x07	0.6721	-0.0178	-0.7399	-0.0248	179.27	275.52	356.58
2026-06-05T14:33:48.6165307+08:00	0x08	0.0273	-0.7188	-0.0797	-0.6901	4.10	92.02	351.24
2026-06-05T14:33:48.7057299+08:00	0x02	0.5133	0.6553	-0.3516	-0.4282	76.95	247.29	1.21
2026-06-05T14:33:48.7256717+08:00	0x01	-0.4445	-0.2902	0.6152	-0.5829	251.67	334.45	61.08
2026-06-05T14:33:48.9004259+08:00	0x03	0.4028	-0.3797	-0.6823	-0.4776	126.45	334.23	295.46
2026-06-05T14:33:48.9380282+08:00	0x04	-0.4529	0.4099	0.6842	-0.3983	249.28	285.00	348.45
2026-06-05T14:33:48.9860210+08:00	0x09	0.1335	0.6643	-0.1841	0.7120	354.60	84.79	25.76
2026-06-05T14:33:49.1675435+08:00	0x08	0.0771	-0.7055	-0.1404	-0.6904	5.12	90.44	342.28
2026-06-05T14:33:49.2166900+08:00	0x02	0.5394	0.5690	-0.6122	-0.1024	114.15	253.55	35.89
2026-06-05T14:33:49.2343797+08:00	0x01	-0.4365	-0.2842	0.6714	-0.5272	238.43	327.93	57.34
2026-06-05T14:33:49.3216658+08:00	0x07	0.6499	0.0416	-0.7552	0.0748	183.42	278.84	9.21
2026-06-05T14:33:49.4506240+08:00	0x04	-0.4692	0.1346	0.8020	-0.3443	223.04	301.77	6.16
2026-06-05T14:33:49.5507912+08:00	0x09	0.1577	0.6632	-0.2021	0.7031	355.06	85.36	29.33
2026-06-05T14:33:49.6343768+08:00	0x06	-0.6185	-0.0305	0.7843	0.0369	174.51	283.48	0.13
2026-06-05T14:33:49.8075369+08:00	0x07	0.6489	0.0956	-0.7427	0.1351	184.63	278.47	18.51
2026-06-05T14:36:51.8067195+08:00	0x03	0.4275	-0.3856	-0.6656	-0.4749	129.74	328.97	293.17
2026-06-05T14:36:51.8067195+08:00	0x06	-0.6134	-0.0398	0.7883	0.0272	174.74	284.15	1.69
2026-06-05T14:36:51.8067195+08:00	0x09	0.1618	0.6585	-0.2094	0.7045	354.56	84.67	30.25
2026-06-05T14:36:51.8067195+08:00	0x07	0.6383	0.1336	-0.7361	0.1812	186.12	279.51	25.34
2026-06-05T14:36:51.8067195+08:00	0x02	0.4850	0.5354	-0.6832	0.1063	137.20	265.43	56.59
2026-06-05T14:36:51.8067195+08:00	0x01	-0.4489	-0.3179	0.6917	-0.4681	225.19	320.69	59.31
2026-06-05T14:36:51.8067195+08:00	0x03	0.4341	-0.3632	-0.6693	-0.4813	129.68	327.20	295.30
2026-06-05T14:36:51.8067195+08:00	0x04	-0.4942	0.0606	0.7413	-0.4501	231.07	302.64	20.80
2026-06-05T14:36:51.8067195+08:00	0x09	0.1640	0.6611	-0.2151	0.6998	354.37	85.19	30.93
2026-06-05T14:36:51.8067195+08:00	0x08	0.0265	-0.7098	-0.0796	-0.6994	4.28	90.53	351.37
2026-06-05T14:36:51.8067195+08:00	0x07	0.6302	0.1721	-0.7256	0.2162	186.52	279.89	31.48
2026-06-05T14:36:51.8067195+08:00	0x02	0.2840	0.6488	-0.6143	0.3479	324.93	91.78	84.12
2026-06-05T14:36:51.8067195+08:00	0x01	-0.4576	-0.3418	0.6875	-0.4484	219.83	317.12	61.69
2026-06-05T14:36:51.8067195+08:00	0x03	0.4305	-0.3666	-0.6590	-0.4960	125.27	330.54	294.47
2026-06-05T14:36:51.8067195+08:00	0x04	-0.4779	-0.0701	0.6405	-0.5970	248.32	315.27	41.33
2026-06-05T14:36:51.8067195+08:00	0x09	0.1701	0.6636	-0.2263	0.6925	354.04	85.83	32.41
2026-06-05T14:36:51.8067195+08:00	0x07	0.6263	0.1928	-0.7182	0.2341	186.62	279.90	34.76
2026-06-05T14:36:51.8067195+08:00	0x08	-0.0108	-0.7117	-0.0387	-0.7014	4.00	90.76	357.71
2026-06-05T14:36:51.8067195+08:00	0x01	-0.4633	-0.3416	0.6832	-0.4494	219.35	315.97	62.02
2026-06-05T14:36:51.8067195+08:00	0x02	0.1800	0.7033	-0.5410	0.4245	329.48	97.66	66.05
2026-06-05T14:36:51.8067195+08:00	0x03	0.4299	-0.3728	-0.6566	-0.4951	125.11	331.01	293.76
2026-06-05T14:36:51.8067195+08:00	0x06	-0.6192	-0.0493	0.7832	0.0295	173.84	283.21	2.33
2026-06-05T14:36:51.8067195+08:00	0x09	0.1741	0.6627	-0.2296	0.6912	354.06	85.83	33.03
2026-06-05T14:36:51.8067195+08:00	0x07	0.6174	0.2211	-0.7064	0.2664	187.75	280.51	39.89
2026-06-05T14:36:51.8067195+08:00	0x01	-0.4623	-0.3446	0.6809	-0.4516	219.89	316.48	62.48
2026-06-05T14:36:51.8067195+08:00	0x02	0.1348	0.7140	-0.5078	0.4627	328.22	96.09	58.21
2026-06-05T14:36:51.8067195+08:00	0x06	-0.6186	-0.0498	0.7837	0.0270	174.02	283.30	2.56
2026-06-05T14:36:51.8067195+08:00	0x09	0.1770	0.6611	-0.2315	0.6914	354.08	85.65	33.42
2026-06-05T14:36:51.8067195+08:00	0x07	0.6099	0.2405	-0.6969	0.2907	188.89	281.19	43.61
2026-06-05T14:36:51.8067195+08:00	0x04	-0.4746	-0.1105	0.5850	-0.6484	258.34	321.89	48.14
2026-06-05T14:36:51.8067195+08:00	0x01	-0.4591	-0.3520	0.6792	-0.4517	220.16	317.25	63.24
2026-06-05T14:36:51.8067195+08:00	0x02	0.0978	0.7206	-0.4859	0.4849	327.01	95.45	52.66
2026-06-05T14:36:51.8067195+08:00	0x06	-0.6181	-0.0498	0.7841	0.0251	174.20	283.36	2.70
2026-06-05T14:36:51.8067195+08:00	0x03	0.4329	-0.3691	-0.6571	-0.4946	125.80	329.98	294.04
2026-06-05T14:36:51.8077181+08:00	0x09	0.1813	0.6589	-0.2342	0.6914	354.13	85.45	34.01
2026-06-05T14:36:51.8077181+08:00	0x01	-0.4566	-0.3558	0.6767	-0.4549	221.14	318.26	63.77
2026-06-05T14:36:51.8077181+08:00	0x03	0.4344	-0.3662	-0.6581	-0.4941	126.23	329.38	294.33
2026-06-05T14:36:51.8077181+08:00	0x02	0.0750	0.7233	-0.4723	0.4981	326.29	95.07	49.28
2026-06-05T14:36:51.8077181+08:00	0x06	-0.6175	-0.0501	0.7847	0.0223	174.43	283.45	2.93
2026-06-05T14:36:51.8077181+08:00	0x09	0.1844	0.6561	-0.2365	0.6925	354.04	85.06	34.45
2026-06-05T14:36:51.8077181+08:00	0x07	0.5902	0.2789	-0.6764	0.3413	192.22	283.67	51.26
2026-06-05T14:36:51.8077181+08:00	0x08	-0.0724	-0.7048	0.0153	-0.7055	4.65	90.23	7.11
2026-06-05T14:36:51.8077181+08:00	0x01	-0.4248	-0.3872	0.6236	-0.5299	247.33	340.61	68.92
2026-06-05T14:36:51.8077181+08:00	0x03	0.4511	-0.3295	-0.6837	-0.4697	134.73	320.74	299.05
2026-06-05T14:36:51.8077181+08:00	0x06	-0.6140	-0.0587	0.7871	0.0034	175.54	283.88	5.05
2026-06-05T14:36:51.8077181+08:00	0x09	0.2017	0.6614	-0.2300	0.6848	356.60	86.92	35.49
2026-06-05T14:36:51.8077181+08:00	0x07	0.5784	0.3092	-0.6540	0.3770	194.48	284.94	57.20
2026-06-05T14:36:51.8077181+08:00	0x01	-0.4770	-0.4366	0.5563	-0.5219	245.72	335.38	79.63
2026-06-05T14:36:51.8077181+08:00	0x02	0.0539	0.7270	-0.4620	0.5051	325.60	95.24	46.57
2026-06-05T14:36:51.8077181+08:00	0x03	0.4343	-0.4263	-0.6556	-0.4471	137.65	324.01	288.69
2026-06-05T14:36:51.8077181+08:00	0x04	-0.4543	-0.1674	0.5005	-0.7177	278.67	338.02	55.05
2026-06-05T14:36:51.8077181+08:00	0x09	0.2205	0.7027	-0.2256	0.6377	1.58	96.08	36.75
2026-06-05T14:36:51.8077181+08:00	0x07	0.5948	0.3424	-0.6351	0.3543	184.75	276.43	58.92
2026-06-05T14:36:51.8077181+08:00	0x01	-0.3943	-0.4957	0.5905	-0.5001	267.59	8.66	78.47
2026-06-05T14:36:51.8077181+08:00	0x02	-0.0078	0.8197	-0.5591	-0.1246	18.66	209.63	66.70
2026-06-05T14:36:51.8077181+08:00	0x03	0.3330	-0.4668	-0.6529	-0.4949	102.48	4.56	290.09
2026-06-05T14:36:51.8077181+08:00	0x04	-0.6757	0.1591	0.0354	-0.7189	287.60	277.46	73.81
2026-06-05T14:36:51.8077181+08:00	0x09	0.2060	0.7274	-0.2108	0.6196	2.67	99.97	34.20
2026-06-05T14:36:51.8077181+08:00	0x07	0.5975	0.3767	-0.6178	0.3456	177.22	270.26	61.46
2026-06-05T14:36:51.8077181+08:00	0x02	0.1087	0.7623	-0.5325	-0.3515	52.84	254.08	47.34
2026-06-05T14:36:51.8077181+08:00	0x06	-0.6806	-0.0824	0.7279	0.0104	172.65	273.46	6.07
2026-06-05T14:36:51.8077181+08:00	0x04	-0.5822	0.3395	0.1248	-0.7282	296.76	278.15	49.73
2026-06-05T14:36:51.8077181+08:00	0x09	0.1929	0.7342	-0.2001	0.6194	2.39	100.38	32.20
2026-06-05T14:36:51.8077181+08:00	0x07	0.5900	0.3960	-0.6073	0.3554	175.31	268.71	64.19
2026-06-05T14:36:51.8077181+08:00	0x08	-0.0345	-0.7525	-0.0085	-0.6576	3.62	97.76	1.86
2026-06-05T14:36:51.8077181+08:00	0x02	0.1904	0.7082	-0.4860	-0.4754	58.12	264.96	30.49
2026-06-05T14:36:51.8077181+08:00	0x03	0.2594	-0.5054	-0.6511	-0.5033	87.45	25.75	293.18
2026-06-05T14:36:51.8077181+08:00	0x04	-0.4856	0.4216	0.2114	-0.7360	301.35	281.82	32.45
2026-06-05T14:36:51.8077181+08:00	0x09	0.1746	0.7414	-0.1836	0.6214	2.02	100.59	29.29
2026-06-05T14:36:51.8077181+08:00	0x08	-0.0162	-0.7559	-0.0245	-0.6540	3.24	98.24	359.10
2026-06-05T14:36:51.8077181+08:00	0x01	-0.3331	-0.5590	0.6050	-0.4588	284.12	35.66	79.13
2026-06-05T14:36:51.8077181+08:00	0x07	0.5896	0.3991	-0.6048	0.3569	174.79	268.16	64.63
2026-06-05T14:36:51.8077181+08:00	0x06	-0.6897	-0.0814	0.7194	0.0134	172.40	272.04	5.66
2026-06-05T14:36:51.8077181+08:00	0x04	-0.4320	0.4768	0.2711	-0.7159	300.95	280.63	21.10
2026-06-05T14:36:51.8077181+08:00	0x03	0.2561	-0.5061	-0.6526	-0.5024	87.55	26.03	293.38
2026-06-05T14:36:51.8077181+08:00	0x07	0.5924	0.3944	-0.6076	0.3525	174.95	268.31	63.76
2026-06-05T14:36:51.8077181+08:00	0x01	-0.3248	-0.5629	0.6060	-0.4587	286.01	38.34	78.59
2026-06-05T14:36:51.8077181+08:00	0x08	-0.0024	-0.7562	-0.0351	-0.6534	2.84	98.28	357.14
2026-06-05T14:36:51.8077181+08:00	0x02	0.2544	0.6714	-0.4288	-0.5483	58.22	268.14	17.27
2026-06-05T14:36:51.8077181+08:00	0x06	-0.6911	-0.0807	0.7181	0.0147	172.34	271.83	5.48
2026-06-05T14:36:51.8077181+08:00	0x04	-0.3923	0.4928	0.3049	-0.7143	301.62	282.35	15.07
2026-06-05T14:36:51.8077181+08:00	0x01	-0.3206	-0.5676	0.6054	-0.4567	288.00	40.94	78.54
2026-06-05T14:36:51.8077181+08:00	0x08	0.0120	-0.7558	-0.0460	-0.6530	2.42	98.24	355.11
2026-06-05T14:36:51.8077181+08:00	0x06	-0.6900	-0.0817	0.7191	0.0151	172.24	271.99	5.55
2026-06-05T14:36:51.8077181+08:00	0x03	0.2491	-0.5078	-0.6595	-0.4951	89.15	25.81	293.59
2026-06-05T14:36:51.8077181+08:00	0x04	-0.3488	0.5154	0.3447	-0.7028	301.60	283.15	7.76
2026-06-05T14:36:51.8077181+08:00	0x09	0.1514	0.7438	-0.1694	0.6286	0.78	99.77	26.26
2026-06-05T14:36:51.8077181+08:00	0x01	-0.3208	-0.5676	0.6027	-0.4601	289.56	42.13	78.34
2026-06-05T14:36:51.8077181+08:00	0x07	0.6062	0.3686	-0.6251	0.3255	175.57	269.26	58.80
2026-06-05T14:36:51.8077181+08:00	0x08	0.0204	-0.7549	-0.0524	-0.6534	2.17	98.13	353.93
2026-06-05T14:36:51.8077181+08:00	0x02	0.3259	0.6250	-0.3590	-0.6118	57.96	270.36	2.87
2026-06-05T14:36:51.8077181+08:00	0x03	0.2577	-0.5050	-0.6643	-0.4871	92.29	22.72	292.78
2026-06-05T14:36:51.8077181+08:00	0x06	-0.6885	-0.0825	0.7204	0.0150	172.19	272.21	5.63
2026-06-05T14:36:51.8077181+08:00	0x04	-0.3333	0.5267	0.3640	-0.6921	300.96	282.93	4.47
2026-06-05T14:36:51.8077181+08:00	0x09	0.1475	0.7428	-0.1680	0.6311	0.45	99.40	25.84
2026-06-05T14:36:51.8077181+08:00	0x07	0.6148	0.3524	-0.6339	0.3100	175.88	269.57	55.88
2026-06-05T14:36:51.8077181+08:00	0x08	0.0306	-0.7534	-0.0612	-0.6540	1.96	97.95	352.41
2026-06-05T14:36:51.8077181+08:00	0x03	0.2542	-0.5056	-0.6614	-0.4923	90.59	24.20	293.22
2026-06-05T14:36:51.8077181+08:00	0x04	-0.3196	0.5425	0.3818	-0.6765	300.28	281.95	1.04
2026-06-05T14:36:51.8087150+08:00	0x09	0.1453	0.7414	-0.1672	0.6334	0.23	99.04	25.60
2026-06-05T14:36:51.8087150+08:00	0x01	-0.3176	-0.5714	0.5975	-0.4643	293.70	46.15	77.91
2026-06-05T14:36:51.8087150+08:00	0x02	0.3628	0.6021	-0.3286	-0.6308	58.54	270.67	356.45
2026-06-05T14:36:51.8087150+08:00	0x07	0.6236	0.3349	-0.6426	0.2933	176.13	269.80	52.77
2026-06-05T14:36:51.8087150+08:00	0x03	0.2521	-0.5071	-0.6572	-0.4974	88.69	25.78	293.46
2026-06-05T14:36:51.8087150+08:00	0x04	-0.3151	0.5447	0.3891	-0.6727	299.91	282.00	0.00
2026-06-05T14:36:51.8087150+08:00	0x09	0.1457	0.7409	-0.1670	0.6339	0.27	98.96	25.61
2026-06-05T14:36:51.8087150+08:00	0x01	-0.3124	-0.5708	0.5984	-0.4675	293.63	46.22	77.21
2026-06-05T14:36:51.8087150+08:00	0x08	0.0532	-0.7521	-0.0810	-0.6519	1.50	98.01	348.98
2026-06-05T14:36:51.8087150+08:00	0x06	-0.6868	-0.0842	0.7218	0.0114	172.37	272.44	6.08
2026-06-05T14:36:51.8087150+08:00	0x03	0.2547	-0.5074	-0.6623	-0.4889	91.04	24.07	292.91
2026-06-05T14:36:51.8087150+08:00	0x04	-0.3176	0.5371	0.3862	-0.6794	300.00	282.79	0.96
2026-06-05T14:36:51.8087150+08:00	0x09	0.1452	0.7431	-0.1651	0.6321	0.45	99.33	25.40
2026-06-05T14:36:51.8087150+08:00	0x07	0.6451	0.2950	-0.6587	0.2509	175.92	269.49	45.43
2026-06-05T14:36:51.8087150+08:00	0x01	-0.3135	-0.5743	0.5926	-0.4698	297.22	49.47	77.22
2026-06-05T14:36:51.8087150+08:00	0x02	0.3809	0.5944	-0.3069	-0.6383	58.31	270.18	353.03
2026-06-05T14:36:51.8087150+08:00	0x06	-0.6882	-0.0835	0.7206	0.0108	172.46	272.23	6.05
2026-06-05T14:36:51.8087150+08:00	0x03	0.2554	-0.5047	-0.6615	-0.4924	90.81	23.85	293.18
2026-06-05T14:36:51.8087150+08:00	0x08	0.0588	-0.7529	-0.0870	-0.6497	1.44	98.27	348.03
2026-06-05T14:36:51.8087150+08:00	0x04	-0.3095	0.5488	0.3975	-0.6671	299.51	281.90	358.66
2026-06-05T14:36:51.8087150+08:00	0x07	0.6574	0.2708	-0.6656	0.2269	175.88	269.16	41.21
2026-06-05T14:36:51.8087150+08:00	0x09	0.1451	0.7448	-0.1611	0.6311	0.80	99.63	25.03
2026-06-05T14:36:51.8087150+08:00	0x08	0.0521	-0.7535	-0.0825	-0.6502	1.68	98.26	348.93
2026-06-05T14:36:51.8087150+08:00	0x03	0.2534	-0.5074	-0.6596	-0.4932	89.81	24.97	293.18
2026-06-05T14:36:51.8087150+08:00	0x04	-0.3096	0.5525	0.3902	-0.6683	300.25	281.41	359.00
2026-06-05T14:36:51.8087150+08:00	0x09	0.1441	0.7442	-0.1601	0.6322	0.76	99.47	24.87
2026-06-05T14:36:51.8087150+08:00	0x07	0.6654	0.2499	-0.6724	0.2066	176.04	269.25	37.66
2026-06-05T14:36:51.8087150+08:00	0x01	-0.3039	-0.5756	0.5976	-0.4681	295.72	49.02	76.54
2026-06-05T14:36:51.8087150+08:00	0x02	0.3884	0.5850	-0.3030	-0.6443	58.65	270.80	351.61
2026-06-05T14:36:51.8087150+08:00	0x08	0.0450	-0.7545	-0.0756	-0.6504	1.77	98.33	350.06
2026-06-05T14:36:51.8087150+08:00	0x03	0.2463	-0.5138	-0.6615	-0.4877	89.46	26.56	293.09
2026-06-05T14:36:51.8087150+08:00	0x06	-0.6881	-0.0822	0.7209	0.0120	172.46	272.28	5.85
2026-06-05T14:36:51.8087150+08:00	0x04	-0.3070	0.5476	0.3849	-0.6765	301.01	282.22	359.64
2026-06-05T14:36:51.8087150+08:00	0x09	0.1431	0.7426	-0.1615	0.6340	0.49	99.12	24.92
2026-06-05T14:36:51.8087150+08:00	0x07	0.6735	0.2246	-0.6807	0.1806	176.12	269.44	33.30
2026-06-05T14:36:51.8087150+08:00	0x01	-0.2995	-0.5784	0.5962	-0.4694	297.22	50.80	76.13
2026-06-05T14:36:51.8087150+08:00	0x08	0.0449	-0.7534	-0.0754	-0.6517	1.78	98.13	350.09
2026-06-05T14:36:51.8087150+08:00	0x02	0.3920	0.5717	-0.2966	-0.6569	58.34	272.27	349.88
2026-06-05T14:36:51.8087150+08:00	0x03	0.2438	-0.5099	-0.6641	-0.4895	90.13	25.90	293.67
2026-06-05T14:36:51.8087150+08:00	0x04	-0.3048	0.5509	0.3929	-0.6703	300.37	281.97	358.61
2026-06-05T14:36:51.8087150+08:00	0x07	0.6798	0.2020	-0.6868	0.1592	176.30	269.60	29.60
2026-06-05T14:36:51.8087150+08:00	0x01	-0.2994	-0.5799	0.5936	-0.4708	298.70	52.14	76.03
2026-06-05T14:36:51.8087150+08:00	0x02	0.3950	0.5755	-0.2927	-0.6535	58.33	271.49	349.67
2026-06-05T14:36:51.8087150+08:00	0x08	0.0514	-0.7497	-0.0819	-0.6547	1.76	97.56	349.04
2026-06-05T14:36:51.8087150+08:00	0x03	0.2444	-0.5083	-0.6598	-0.4965	88.62	26.61	294.00
2026-06-05T14:36:51.8087150+08:00	0x04	-0.3096	0.5506	0.3924	-0.6686	300.03	281.65	358.96
2026-06-05T14:36:51.8087150+08:00	0x09	0.1457	0.7415	-0.1630	0.6343	0.59	99.05	25.25
2026-06-05T14:36:51.8087150+08:00	0x07	0.6861	0.1766	-0.6930	0.1338	176.40	269.76	25.36
2026-06-05T14:36:51.8097117+08:00	0x08	0.0624	-0.7463	-0.0946	-0.6558	1.82	97.18	347.11
2026-06-05T14:36:51.8097117+08:00	0x02	0.3968	0.5789	-0.2940	-0.6488	58.66	270.85	349.95
2026-06-05T14:36:51.8097117+08:00	0x03	0.2494	-0.5073	-0.6600	-0.4949	89.36	25.59	293.59
2026-06-05T14:36:51.8097117+08:00	0x04	-0.3145	0.5497	0.3880	-0.6696	300.08	281.41	359.69
2026-06-05T14:36:51.8097117+08:00	0x09	0.1463	0.7444	-0.1610	0.6314	0.92	99.60	25.11
2026-06-05T14:36:51.8097117+08:00	0x01	-0.3023	-0.5782	0.5898	-0.4759	299.83	52.48	75.87
2026-06-05T14:36:51.8097117+08:00	0x08	0.0675	-0.7477	-0.0984	-0.6533	1.63	97.52	346.39
2026-06-05T14:36:51.8097117+08:00	0x03	0.2519	-0.5066	-0.6615	-0.4922	90.32	24.69	293.33
2026-06-05T14:36:51.8097117+08:00	0x02	0.3970	0.5800	-0.2949	-0.6473	58.76	270.69	350.11
2026-06-05T14:36:51.8097117+08:00	0x04	-0.3216	0.5446	0.3806	-0.6747	300.24	281.54	1.11
2026-06-05T14:36:51.8097117+08:00	0x07	0.7003	0.1262	-0.6976	0.0833	176.37	269.23	17.02
2026-06-05T14:36:51.8097117+08:00	0x02	0.3975	0.5798	-0.2943	-0.6475	58.75	270.69	350.01
2026-06-05T14:36:51.8097117+08:00	0x06	-0.6849	-0.0830	0.7238	0.0093	172.65	272.76	6.17
2026-06-05T14:36:51.8097117+08:00	0x03	0.2537	-0.5053	-0.6628	-0.4909	91.07	23.90	293.22
2026-06-05T14:36:51.8097117+08:00	0x04	-0.3213	0.5438	0.3832	-0.6740	300.00	281.66	0.93
2026-06-05T14:36:51.8097117+08:00	0x07	0.7043	0.1020	-0.7000	0.0596	176.45	269.24	13.11
2026-06-05T14:36:51.8097117+08:00	0x09	0.1446	0.7451	-0.1580	0.6316	1.01	99.64	24.72
2026-06-05T14:36:51.8097117+08:00	0x02	0.3979	0.5836	-0.2934	-0.6442	58.75	270.13	350.20
2026-06-05T14:36:51.8097117+08:00	0x08	0.0602	-0.7499	-0.0924	-0.6523	1.78	97.76	347.46
2026-06-05T14:36:51.8097117+08:00	0x03	0.2517	-0.5079	-0.6596	-0.4935	89.55	25.35	293.29
2026-06-05T14:36:51.8097117+08:00	0x07	0.7071	0.0775	-0.7019	0.0362	176.58	269.30	9.21
2026-06-05T14:36:51.8097117+08:00	0x09	0.1448	0.7442	-0.1578	0.6327	1.01	99.49	24.72
2026-06-05T14:36:51.8097117+08:00	0x01	-0.3050	-0.5763	0.5901	-0.4761	299.20	51.58	76.06
2026-06-05T14:36:51.8097117+08:00	0x04	-0.3219	0.5522	0.3812	-0.6679	300.15	280.53	0.52
2026-06-05T14:36:51.8097117+08:00	0x06	-0.6836	-0.0828	0.7251	0.0089	172.71	272.97	6.20
2026-06-05T14:36:51.8097117+08:00	0x03	0.2506	-0.5087	-0.6594	-0.4935	89.32	25.68	293.32
2026-06-05T14:36:51.8097117+08:00	0x07	0.7090	0.0475	-0.7036	0.0061	176.62	269.43	4.33
2026-06-05T14:36:51.8097117+08:00	0x01	-0.3060	-0.5763	0.5931	-0.4717	297.83	50.58	76.48
2026-06-05T14:36:51.8097117+08:00	0x09	0.1452	0.7432	-0.1600	0.6332	0.84	99.32	24.94
2026-06-05T14:36:51.8097117+08:00	0x08	0.0529	-0.7497	-0.0848	-0.6542	1.85	97.60	348.67
2026-06-05T14:36:51.8097117+08:00	0x02	0.3958	0.5804	-0.2942	-0.6480	58.58	270.75	350.13
2026-06-05T14:36:51.8097117+08:00	0x06	-0.6833	-0.0832	0.7253	0.0092	172.65	273.02	6.20
2026-06-05T14:36:51.8097117+08:00	0x03	0.2518	-0.5079	-0.6617	-0.4907	90.38	24.80	293.18
2026-06-05T14:36:51.8097117+08:00	0x04	-0.3197	0.5449	0.3767	-0.6774	300.79	281.64	1.30
2026-06-05T14:36:51.8097117+08:00	0x07	0.7095	0.0235	-0.7041	-0.0189	176.57	269.55	0.36
2026-06-05T14:36:51.8097117+08:00	0x09	0.1437	0.7428	-0.1607	0.6339	0.62	99.19	24.89
2026-06-05T14:36:51.8097117+08:00	0x06	-0.6825	-0.0836	0.7260	0.0101	172.56	273.13	6.17
2026-06-05T14:36:51.8097117+08:00	0x03	0.2522	-0.5039	-0.6636	-0.4920	91.15	23.82	293.51
2026-06-05T14:36:51.8097117+08:00	0x04	-0.3270	0.5393	0.3775	-0.6781	300.10	281.81	2.09
2026-06-05T14:36:51.8097117+08:00	0x07	0.7094	-0.0059	-0.7031	-0.0484	176.57	269.62	355.58
2026-06-05T14:36:51.8097117+08:00	0x01	-0.3092	-0.5799	0.5866	-0.4734	301.50	53.79	76.65
2026-06-05T14:36:51.8097117+08:00	0x06	-0.6828	-0.0836	0.7257	0.0106	172.51	273.09	6.14
2026-06-05T14:36:51.8097117+08:00	0x03	0.2548	-0.5037	-0.6635	-0.4911	91.48	23.36	293.27
2026-06-05T14:36:51.8097117+08:00	0x01	-0.3118	-0.5785	0.5888	-0.4705	300.11	52.45	77.09
2026-06-05T14:36:51.8097117+08:00	0x09	0.1441	0.7433	-0.1620	0.6329	0.58	99.31	25.04
2026-06-05T14:36:51.8097117+08:00	0x08	0.0519	-0.7499	-0.0833	-0.6542	1.81	97.62	348.88
2026-06-05T14:36:51.8097117+08:00	0x03	0.2526	-0.5050	-0.6605	-0.4948	90.03	24.63	293.49
2026-06-05T14:36:51.8097117+08:00	0x02	0.3963	0.5864	-0.2906	-0.6439	58.36	269.89	350.25
2026-06-05T14:36:51.8097117+08:00	0x01	-0.3116	-0.5785	0.5869	-0.4731	300.99	53.08	76.87
2026-06-05T14:36:51.8097117+08:00	0x07	0.7072	-0.0595	-0.6972	-0.1012	176.64	269.58	346.93
2026-06-05T14:36:51.8097117+08:00	0x04	-0.3426	0.5238	0.3594	-0.6921	300.62	282.56	5.61
2026-06-05T14:36:51.8097117+08:00	0x02	0.3979	0.5816	-0.2937	-0.6459	58.75	270.40	350.08
2026-06-05T14:36:51.8097117+08:00	0x08	0.0531	-0.7502	-0.0850	-0.6536	1.83	97.69	348.64
2026-06-05T14:36:51.8107093+08:00	0x03	0.2587	-0.5028	-0.6630	-0.4907	91.89	22.64	293.00
2026-06-05T14:36:51.8107093+08:00	0x01	-0.3138	-0.5761	0.5878	-0.4735	299.88	51.73	76.99
2026-06-05T14:36:51.8107093+08:00	0x09	0.1450	0.7434	-0.1602	0.6329	0.81	99.36	24.94
2026-06-05T14:36:51.8107093+08:00	0x02	0.3995	0.5841	-0.2946	-0.6422	59.03	269.91	350.27
2026-06-05T14:36:51.8107093+08:00	0x08	0.0555	-0.7506	-0.0875	-0.6526	1.81	97.80	348.25
2026-06-05T14:36:51.8107093+08:00	0x03	0.2566	-0.5063	-0.6580	-0.4948	89.64	24.68	293.04
2026-06-05T14:36:51.8107093+08:00	0x01	-0.3130	-0.5749	0.5876	-0.4757	299.69	51.37	76.74
2026-06-05T14:36:51.8107093+08:00	0x07	0.7024	-0.1135	-0.6858	-0.1531	176.88	269.22	338.24
2026-06-05T14:36:51.8107093+08:00	0x06	-0.6853	-0.0828	0.7235	0.0092	172.67	272.71	6.15
2026-06-05T14:36:51.8107093+08:00	0x03	0.2591	-0.5053	-0.6583	-0.4941	90.17	24.01	292.87
2026-06-05T14:36:51.8107093+08:00	0x01	-0.3160	-0.5755	0.5866	-0.4741	300.20	51.78	77.13
2026-06-05T14:36:51.8107093+08:00	0x09	0.1451	0.7456	-0.1574	0.6310	1.12	99.76	24.69
2026-06-05T14:36:51.8107093+08:00	0x02	0.4024	0.5890	-0.2919	-0.6372	59.13	268.97	350.27
2026-06-05T14:36:51.8107093+08:00	0x06	-0.6856	-0.0811	0.7234	0.0099	172.75	272.70	5.95
2026-06-05T14:36:51.8107093+08:00	0x03	0.2612	-0.5063	-0.6544	-0.4972	88.96	24.72	292.72
2026-06-05T14:36:51.8107093+08:00	0x04	-0.3516	0.5263	0.3577	-0.6866	299.98	281.53	6.09
2026-06-05T14:36:51.8107093+08:00	0x07	0.6919	-0.1701	-0.6708	-0.2060	177.27	268.98	329.12
2026-06-05T14:36:51.8107093+08:00	0x01	-0.3164	-0.5753	0.5856	-0.4754	300.61	52.02	77.06
2026-06-05T14:36:51.8107093+08:00	0x02	0.4031	0.5858	-0.2932	-0.6390	59.29	269.33	350.12
2026-06-05T14:36:51.8107093+08:00	0x08	0.0370	-0.7523	-0.0737	-0.6537	2.36	97.83	350.84
2026-06-05T14:36:51.8107093+08:00	0x03	0.2619	-0.5071	-0.6539	-0.4966	88.88	24.80	292.58
2026-06-05T14:36:51.8107093+08:00	0x07	0.6829	-0.2005	-0.6620	-0.2352	177.34	269.08	324.08
2026-06-05T14:36:51.8107093+08:00	0x09	0.1452	0.7444	-0.1569	0.6325	1.12	99.53	24.67
2026-06-05T14:36:51.8107093+08:00	0x04	-0.3494	0.5306	0.3593	-0.6836	300.00	281.17	5.53
2026-06-05T14:36:51.8107093+08:00	0x02	0.4026	0.5889	-0.2940	-0.6361	59.33	268.97	350.45
2026-06-05T14:36:51.8107093+08:00	0x08	0.0345	-0.7520	-0.0709	-0.6544	2.37	97.76	351.26
2026-06-05T14:36:51.8107093+08:00	0x06	-0.6841	-0.0800	0.7249	0.0116	172.71	272.95	5.75
2026-06-05T14:36:51.8107093+08:00	0x03	0.2623	-0.5055	-0.6564	-0.4948	89.90	23.93	292.61
2026-06-05T14:36:51.8107093+08:00	0x04	-0.3525	0.5176	0.3584	-0.6924	299.87	282.54	6.73
2026-06-05T14:36:51.8107093+08:00	0x07	0.6743	-0.2261	-0.6528	-0.2610	177.31	269.13	319.67
2026-06-05T14:36:51.8107093+08:00	0x09	0.1454	0.7435	-0.1585	0.6332	0.98	99.38	24.82
2026-06-05T14:36:51.8107093+08:00	0x01	-0.3162	-0.5778	0.5842	-0.4742	301.89	53.44	77.16
2026-06-05T14:36:51.8107093+08:00	0x02	0.3990	0.5910	-0.2956	-0.6357	59.12	269.02	350.92
2026-06-05T14:36:51.8107093+08:00	0x06	-0.6842	-0.0811	0.7247	0.0106	172.71	272.92	5.92
2026-06-05T14:36:51.8107093+08:00	0x07	0.6657	-0.2508	-0.6424	-0.2850	177.41	269.01	315.43
2026-06-05T14:36:51.8107093+08:00	0x01	-0.3176	-0.5764	0.5859	-0.4730	300.72	52.27	77.36
2026-06-05T14:36:51.8107093+08:00	0x02	0.4025	0.5862	-0.2937	-0.6388	59.28	269.34	350.22
2026-06-05T14:36:51.8107093+08:00	0x08	0.0342	-0.7523	-0.0709	-0.6542	2.39	97.80	351.29
2026-06-05T14:36:51.8107093+08:00	0x06	-0.6845	-0.0801	0.7246	0.0113	172.73	272.89	5.77
2026-06-05T14:36:51.8107093+08:00	0x03	0.2585	-0.5065	-0.6543	-0.4984	88.53	25.26	292.99
2026-06-05T14:36:51.8107093+08:00	0x07	0.6536	-0.2821	-0.6281	-0.3142	177.69	268.80	310.09
2026-06-05T14:36:51.8107093+08:00	0x04	-0.3580	0.5179	0.3490	-0.6941	300.31	282.07	7.78
2026-06-05T14:36:51.8107093+08:00	0x09	0.1470	0.7432	-0.1590	0.6330	1.08	99.39	24.99
2026-06-05T14:36:51.8107093+08:00	0x02	0.4086	0.5759	-0.2944	-0.6439	59.90	270.15	349.21
2026-06-05T14:36:51.8107093+08:00	0x08	0.0331	-0.7519	-0.0700	-0.6547	2.42	97.73	351.46
2026-06-05T14:36:51.8107093+08:00	0x06	-0.6840	-0.0801	0.7250	0.0117	172.69	272.96	5.74
2026-06-05T14:36:51.8107093+08:00	0x03	0.2598	-0.5069	-0.6543	-0.4975	88.68	25.09	292.82
2026-06-05T14:36:51.8107093+08:00	0x07	0.6425	-0.3053	-0.6163	-0.3378	177.65	268.82	305.86
2026-06-05T14:36:51.8107093+08:00	0x09	0.1459	0.7435	-0.1595	0.6329	0.95	99.40	24.95
2026-06-05T14:36:51.8107093+08:00	0x01	-0.3176	-0.5744	0.5861	-0.4750	300.09	51.42	77.19
2026-06-05T14:36:51.8107093+08:00	0x02	0.4057	0.5820	-0.2937	-0.6407	59.57	269.62	349.74
2026-06-05T14:36:51.8107093+08:00	0x08	0.0348	-0.7524	-0.0700	-0.6541	2.27	97.82	351.32
2026-06-05T14:36:51.8107093+08:00	0x03	0.2605	-0.5067	-0.6532	-0.4988	88.36	25.22	292.82
2026-06-05T14:36:51.8107093+08:00	0x07	0.6286	-0.3328	-0.6003	-0.3657	177.68	268.68	300.76
2026-06-05T14:36:51.8107093+08:00	0x01	-0.3177	-0.5754	0.5851	-0.4749	300.79	52.12	77.21
2026-06-05T14:36:51.8107093+08:00	0x02	0.4033	0.5860	-0.2914	-0.6396	59.16	269.30	349.95
2026-06-05T14:36:51.8107093+08:00	0x08	0.0349	-0.7524	-0.0695	-0.6541	2.23	97.83	351.36
2026-06-05T14:36:51.8107093+08:00	0x04	-0.3610	0.5197	0.3560	-0.6876	299.32	281.58	7.26
2026-06-05T14:36:51.8117064+08:00	0x03	0.2601	-0.5045	-0.6518	-0.5030	87.80	25.35	293.17
2026-06-05T14:36:51.8117064+08:00	0x07	0.6131	-0.3600	-0.5838	-0.3921	177.85	268.55	295.70
2026-06-05T14:36:51.8117064+08:00	0x01	-0.3188	-0.5766	0.5828	-0.4757	302.15	53.31	77.25
2026-06-05T14:36:51.8117064+08:00	0x02	0.4025	0.5871	-0.2894	-0.6400	58.90	269.22	349.90
2026-06-05T14:36:51.8117064+08:00	0x08	0.0372	-0.7525	-0.0720	-0.6536	2.21	97.87	350.97
2026-06-05T14:36:51.8117064+08:00	0x06	-0.6851	-0.0799	0.7239	0.0130	172.59	272.79	5.62
2026-06-05T14:36:51.8117064+08:00	0x04	-0.3623	0.5228	0.3533	-0.6860	299.47	281.10	7.34
2026-06-05T14:36:51.8117064+08:00	0x09	0.1450	0.7439	-0.1597	0.6325	0.87	99.44	24.90
2026-06-05T14:36:51.8117064+08:00	0x01	-0.3171	-0.5748	0.5847	-0.4767	300.87	52.08	77.02
2026-06-05T14:36:51.8117064+08:00	0x03	0.2596	-0.5049	-0.6510	-0.5040	87.42	25.68	293.23
2026-06-05T14:36:51.8117064+08:00	0x08	0.0358	-0.7526	-0.0715	-0.6536	2.29	97.87	351.11
2026-06-05T14:36:51.8117064+08:00	0x03	0.2583	-0.5059	-0.6496	-0.5054	86.73	26.34	293.32
2026-06-05T14:36:51.8117064+08:00	0x07	0.5817	-0.4103	-0.5496	-0.4372	179.36	267.22	286.32
2026-06-05T14:36:51.8117064+08:00	0x01	-0.3157	-0.5746	0.5857	-0.4766	300.36	51.70	76.90
2026-06-05T14:36:51.8117064+08:00	0x02	0.4059	0.5835	-0.2910	-0.6404	59.37	269.38	349.61
2026-06-05T14:36:51.8117064+08:00	0x08	0.0342	-0.7530	-0.0707	-0.6534	2.36	97.92	351.31
2026-06-05T14:36:51.8117064+08:00	0x03	0.2622	-0.5054	-0.6501	-0.5031	87.47	25.50	292.93
2026-06-05T14:36:51.8117064+08:00	0x07	0.5630	-0.4369	-0.5286	-0.4612	181.31	265.31	281.12
2026-06-05T14:36:51.8117064+08:00	0x09	0.1460	0.7445	-0.1578	0.6321	1.13	99.58	24.80
2026-06-05T14:36:51.8117064+08:00	0x02	0.4322	0.6057	-0.3244	-0.5840	65.26	263.80	353.58
2026-06-05T14:36:51.8117064+08:00	0x08	-0.0041	-0.7443	-0.0426	-0.6664	3.61	96.21	356.67
2026-06-05T14:36:51.8117064+08:00	0x03	0.3017	-0.4110	-0.6551	-0.5576	94.77	7.49	298.97
2026-06-05T14:36:51.8117064+08:00	0x04	-0.3623	0.5227	0.3533	-0.6861	299.46	281.11	7.34
2026-06-05T14:36:51.8117064+08:00	0x07	0.5388	-0.4055	-0.5797	-0.4573	159.74	289.63	285.63
2026-06-05T14:36:51.8117064+08:00	0x09	0.1186	0.6927	-0.1669	0.6916	355.84	89.24	23.28
2026-06-05T14:36:51.8117064+08:00	0x02	0.4315	0.6051	-0.3234	-0.5858	65.09	263.96	353.45
2026-06-05T14:36:51.8117064+08:00	0x08	0.0280	-0.7041	-0.0770	-0.7053	4.01	89.60	351.49
2026-06-05T14:36:51.8117064+08:00	0x03	0.4135	-0.3716	-0.6749	-0.4852	126.05	332.64	295.46
2026-06-05T14:36:51.8117064+08:00	0x04	-0.4519	0.2668	0.7337	-0.4316	240.99	296.69	359.92
2026-06-05T14:36:51.8117064+08:00	0x07	0.5275	-0.3610	-0.6433	-0.4214	157.22	296.03	294.63
2026-06-05T14:36:51.8117064+08:00	0x09	0.1237	0.6620	-0.1848	0.7158	353.62	84.11	24.95
2026-06-05T14:36:51.8117064+08:00	0x01	-0.4170	-0.3145	0.6437	-0.5593	248.91	337.84	60.62
2026-06-05T14:36:51.8117064+08:00	0x08	0.0467	-0.7010	-0.1037	-0.7040	4.73	89.25	347.81
2026-06-05T14:36:51.8117064+08:00	0x03	0.4372	-0.3611	-0.6729	-0.4751	131.64	325.51	295.66
2026-06-05T14:36:51.8117064+08:00	0x07	0.5490	-0.3457	-0.6427	-0.4074	161.43	290.45	296.91
2026-06-05T14:36:51.8117064+08:00	0x09	0.1477	0.6671	-0.2147	0.6979	353.23	85.64	29.51
2026-06-05T14:36:51.8117064+08:00	0x02	0.5125	0.5873	-0.5513	-0.2977	98.14	256.77	20.02
2026-06-05T14:36:51.8117064+08:00	0x08	0.0371	-0.7009	-0.0877	-0.7069	4.20	89.14	349.90
2026-06-05T14:36:51.8117064+08:00	0x06	-0.6221	-0.0394	0.7807	0.0444	173.20	282.88	0.36
2026-06-05T14:36:51.8117064+08:00	0x04	-0.4696	0.0968	0.7654	-0.4293	230.68	303.96	14.77
2026-06-05T14:36:51.8117064+08:00	0x07	0.5626	-0.3219	-0.6592	-0.3811	164.40	287.83	301.43
2026-06-05T14:36:51.8117064+08:00	0x09	0.1551	0.6639	-0.2204	0.6976	353.23	85.31	30.60
2026-06-05T14:36:51.8117064+08:00	0x01	-0.4619	-0.3411	0.6041	-0.5526	246.04	331.99	67.31
2026-06-05T14:36:51.8117064+08:00	0x08	0.0678	-0.6987	-0.1207	-0.7019	4.45	89.14	344.71
2026-06-05T14:36:51.8117064+08:00	0x06	-0.6209	-0.0490	0.7817	0.0322	173.61	282.96	2.10
2026-06-05T14:36:51.8117064+08:00	0x03	0.4481	-0.3418	-0.6623	-0.4936	128.77	324.91	296.46
2026-06-05T14:36:51.8117064+08:00	0x07	0.5760	-0.3052	-0.6672	-0.3603	166.87	285.30	304.67
2026-06-05T14:36:51.8117064+08:00	0x09	0.1577	0.6690	-0.2179	0.6929	353.93	86.32	30.67
2026-06-05T14:36:51.8117064+08:00	0x01	-0.5346	-0.3295	0.6732	-0.3904	199.94	294.56	59.44
2026-06-05T14:36:51.8117064+08:00	0x08	0.0388	-0.7045	-0.0863	-0.7034	3.89	89.75	349.85
2026-06-05T14:36:51.8117064+08:00	0x06	-0.6283	-0.0393	0.7754	0.0499	172.71	281.97	359.90
2026-06-05T14:36:51.8117064+08:00	0x03	0.4365	-0.3655	-0.6547	-0.4973	125.67	329.40	294.13
2026-06-05T14:36:51.8117064+08:00	0x07	0.5813	-0.3058	-0.6596	-0.3654	166.95	284.17	304.08
2026-06-05T14:36:51.8117064+08:00	0x09	0.1738	0.6702	-0.2395	0.6806	353.57	87.15	33.89
2026-06-05T14:36:51.8117064+08:00	0x01	-0.5486	-0.3091	0.6809	-0.3740	197.82	291.85	56.23
2026-06-05T14:36:51.8117064+08:00	0x08	0.0593	-0.7050	-0.1055	-0.6988	3.76	90.07	346.61
2026-06-05T14:36:51.8117064+08:00	0x06	-0.6266	-0.0495	0.7769	0.0377	173.07	282.12	1.70
2026-06-05T14:36:51.8117064+08:00	0x04	-0.4929	-0.0101	0.6534	-0.5745	245.36	309.09	35.42
2026-06-05T14:36:51.8117064+08:00	0x07	0.5935	-0.2879	-0.6714	-0.3378	169.55	282.15	308.04
2026-06-05T14:36:51.8117064+08:00	0x01	-0.5458	-0.3312	0.6718	-0.3758	196.05	290.89	58.77
2026-06-05T14:36:51.8117064+08:00	0x08	0.0535	-0.7057	-0.1054	-0.6986	4.22	90.10	347.08
2026-06-05T14:36:51.8117064+08:00	0x06	-0.6240	-0.0562	0.7789	0.0278	173.48	282.43	3.03
2026-06-05T14:36:51.8117064+08:00	0x03	0.4465	-0.3548	-0.6390	-0.5162	122.13	329.69	293.88
2026-06-05T14:36:51.8117064+08:00	0x09	0.1687	0.6741	-0.2166	0.6858	355.30	87.68	31.56
2026-06-05T14:36:51.8117064+08:00	0x07	0.5960	-0.2819	-0.6811	-0.3184	171.30	281.67	310.21
2026-06-05T14:36:51.8127130+08:00	0x01	-0.5389	-0.3495	0.6690	-0.3740	194.55	290.81	60.55
2026-06-05T14:36:51.8127130+08:00	0x02	0.4179	0.5827	-0.6908	0.0926	130.21	266.52	61.94
2026-06-05T14:36:51.8127130+08:00	0x08	0.0115	-0.7080	-0.0671	-0.7029	4.51	90.16	353.62
2026-06-05T14:36:51.8127130+08:00	0x06	-0.6227	-0.0571	0.7800	0.0229	173.86	282.61	3.47
2026-06-05T14:36:51.8127130+08:00	0x09	0.1721	0.6717	-0.2177	0.6869	355.41	87.40	31.93
2026-06-05T14:36:51.8127130+08:00	0x03	0.4497	-0.3534	-0.6402	-0.5128	123.50	328.31	293.97
2026-06-05T14:36:51.8127130+08:00	0x07	0.6012	-0.2697	-0.6890	-0.3017	172.26	281.18	312.74
2026-06-05T14:36:51.8127130+08:00	0x02	0.5352	0.5155	-0.6349	0.2113	143.20	257.24	61.74
2026-06-05T14:36:51.8127130+08:00	0x08	-0.0414	-0.7063	-0.0143	-0.7066	4.52	90.07	2.19
2026-06-05T14:36:51.8127130+08:00	0x06	-0.6236	-0.0523	0.7795	0.0292	173.64	282.53	2.58
2026-06-05T14:36:51.8127130+08:00	0x04	-0.4779	-0.1283	0.5354	-0.6844	267.17	326.63	52.33
2026-06-05T14:36:51.8127130+08:00	0x09	0.1788	0.6701	-0.2252	0.6843	355.30	87.41	33.13
2026-06-05T14:36:51.8127130+08:00	0x07	0.6063	-0.2593	-0.6932	-0.2908	172.74	280.69	314.59
2026-06-05T14:36:51.8127130+08:00	0x02	0.5323	0.5112	-0.6279	0.2471	146.63	257.87	64.84
2026-06-05T14:36:51.8127130+08:00	0x06	-0.6327	-0.0512	0.7720	0.0340	173.26	281.20	2.06
2026-06-05T14:36:51.8127130+08:00	0x09	0.1806	0.6718	-0.2338	0.6793	354.80	87.77	34.02
2026-06-05T14:36:51.8127130+08:00	0x03	0.4402	-0.3752	-0.6321	-0.5156	120.16	332.85	291.83
2026-06-05T14:36:51.8127130+08:00	0x07	0.6098	-0.2392	-0.7015	-0.2806	172.03	281.12	317.33
2026-06-05T14:36:51.8127130+08:00	0x02	0.5328	0.5035	-0.6204	0.2788	150.53	258.87	67.20
2026-06-05T14:36:51.8127130+08:00	0x08	-0.0636	-0.7150	0.0174	-0.6960	3.85	91.76	6.51
2026-06-05T14:36:51.8127130+08:00	0x06	-0.6421	-0.0544	0.7638	0.0370	172.74	279.77	2.04
2026-06-05T14:36:51.8127130+08:00	0x04	-0.4699	-0.1667	0.4864	-0.7176	278.97	336.59	56.77
2026-06-05T14:36:51.8127130+08:00	0x09	0.1810	0.6785	-0.2355	0.6719	355.09	89.04	34.25
2026-06-05T14:36:51.8127130+08:00	0x07	0.6192	-0.2232	-0.7036	-0.2677	172.46	280.06	319.78
2026-06-05T14:36:51.8127130+08:00	0x03	0.4392	-0.3808	-0.6184	-0.5289	115.22	336.59	290.69
2026-06-05T14:36:51.8127130+08:00	0x02	0.5517	0.4856	-0.6119	0.2922	153.52	258.41	66.45
2026-06-05T14:36:51.8127130+08:00	0x06	-0.6455	-0.0522	0.7608	0.0416	172.49	279.28	1.48
2026-06-05T14:36:51.8127130+08:00	0x09	0.1805	0.6812	-0.2341	0.6697	355.32	89.54	34.11
2026-06-05T14:36:51.8127130+08:00	0x04	-0.4772	-0.1943	0.4539	-0.7269	285.58	342.17	60.48
2026-06-05T14:36:51.8127130+08:00	0x07	0.6260	-0.2096	-0.7070	-0.2537	172.99	279.36	322.12
2026-06-05T14:36:51.8127130+08:00	0x01	-0.5736	-0.3259	0.6702	-0.3400	188.37	283.32	55.78
2026-06-05T14:36:51.8127130+08:00	0x02	0.5551	0.4901	-0.6023	0.2982	151.57	255.59	67.13
2026-06-05T14:36:51.8127130+08:00	0x03	0.4410	-0.3804	-0.6227	-0.5226	117.55	334.75	290.83
2026-06-05T14:36:51.8127130+08:00	0x06	-0.6467	-0.0510	0.7597	0.0445	172.32	279.11	1.15
2026-06-05T14:36:51.8127130+08:00	0x04	-0.4732	-0.2204	0.4315	-0.7358	292.87	349.53	62.43
2026-06-05T14:36:51.8127130+08:00	0x09	0.1773	0.6835	-0.2323	0.6689	355.29	89.81	33.70
2026-06-05T14:36:51.8127130+08:00	0x07	0.6307	-0.1965	-0.7108	-0.2414	173.26	279.00	324.27
2026-06-05T14:36:51.8127130+08:00	0x03	0.4381	-0.3846	-0.6183	-0.5272	115.22	336.97	290.37
2026-06-05T14:36:51.8127130+08:00	0x08	-0.0475	-0.7196	0.0049	-0.6927	3.53	92.31	4.18
2026-06-05T14:36:51.8127130+08:00	0x06	-0.6457	-0.0537	0.7606	0.0420	172.34	279.23	1.57
2026-06-05T14:36:51.8127130+08:00	0x04	-0.4559	-0.2468	0.3844	-0.7639	308.57	3.28	62.41
2026-06-05T14:36:51.8127130+08:00	0x09	0.1731	0.6842	-0.2292	0.6703	355.18	89.75	33.08
2026-06-05T14:36:51.8127130+08:00	0x01	-0.5775	-0.3205	0.6726	-0.3337	187.84	282.76	54.75
2026-06-05T14:36:51.8127130+08:00	0x08	-0.0405	-0.7199	-0.0016	-0.6929	3.47	92.28	3.09
2026-06-05T14:36:51.8127130+08:00	0x06	-0.6446	-0.0519	0.7615	0.0443	172.27	279.42	1.26
2026-06-05T14:36:51.8127130+08:00	0x04	-0.4560	-0.2513	0.3750	-0.7670	311.19	5.42	62.62
2026-06-05T14:36:51.8127130+08:00	0x03	0.4354	-0.3889	-0.6168	-0.5279	114.14	338.33	290.03
2026-06-05T14:36:51.8127130+08:00	0x09	0.1729	0.6851	-0.2294	0.6695	355.19	89.89	33.07
2026-06-05T14:36:51.8127130+08:00	0x01	-0.5813	-0.3138	0.6737	-0.3313	187.96	282.46	53.90
2026-06-05T14:36:51.8127130+08:00	0x02	0.5699	0.4694	-0.5999	0.3081	155.88	257.10	66.13
2026-06-05T14:36:51.8127130+08:00	0x06	-0.6466	-0.0483	0.7596	0.0501	172.03	279.16	0.49
2026-06-05T14:36:51.8127130+08:00	0x04	-0.4597	-0.2573	0.3609	-0.7696	314.80	8.20	63.28
2026-06-05T14:36:51.8127130+08:00	0x03	0.4344	-0.3920	-0.6144	-0.5293	113.14	339.35	289.68
2026-06-05T14:36:51.8127130+08:00	0x09	0.1720	0.6860	-0.2298	0.6686	355.12	90.02	33.04
2026-06-05T14:36:51.8127130+08:00	0x07	0.6430	-0.1616	-0.7197	-0.2059	174.14	278.00	330.17
2026-06-05T14:36:51.8127130+08:00	0x01	-0.5815	-0.3015	0.6726	-0.3443	190.95	283.87	53.70
2026-06-05T14:36:51.8127130+08:00	0x08	-0.0162	-0.7174	-0.0236	-0.6961	3.21	91.71	359.36
2026-06-05T14:36:51.8127130+08:00	0x06	-0.6515	-0.0349	0.7554	0.0609	172.09	278.55	358.47
2026-06-05T14:36:51.8127130+08:00	0x03	0.4282	-0.4117	-0.5983	-0.5377	105.86	346.70	287.60
2026-06-05T14:36:51.8127130+08:00	0x09	0.1712	0.6795	-0.2364	0.6731	354.11	88.77	33.49
2026-06-05T14:36:51.8127130+08:00	0x07	0.6432	-0.1363	-0.7315	-0.1806	174.35	278.64	334.42
2026-06-05T14:36:51.8127130+08:00	0x02	0.4294	0.5537	-0.7067	0.0981	137.50	272.08	60.09
2026-06-05T14:36:51.8127130+08:00	0x06	-0.6511	-0.0407	0.7562	0.0515	172.48	278.56	359.68
2026-06-05T14:36:51.8127130+08:00	0x03	0.4676	-0.3610	-0.7194	-0.3654	158.28	306.45	300.56
2026-06-05T14:36:51.8137062+08:00	0x09	0.1643	0.6824	-0.2302	0.6741	354.15	89.00	32.39
2026-06-05T14:36:51.8137062+08:00	0x01	-0.4682	-0.4101	0.7097	-0.3300	190.72	299.76	63.01
2026-06-05T14:36:51.8137062+08:00	0x07	0.6519	-0.1178	-0.7318	-0.1599	175.01	277.60	337.61
2026-06-05T14:36:51.8137062+08:00	0x02	0.4718	0.5391	-0.6957	0.0526	133.50	267.48	53.11
2026-06-05T14:36:51.8137062+08:00	0x06	-0.6508	-0.0416	0.7566	0.0491	172.62	278.60	359.94
2026-06-05T14:36:51.8137062+08:00	0x04	-0.4797	-0.1511	0.3422	-0.7937	307.51	349.86	59.87
2026-06-05T14:36:51.8137062+08:00	0x03	0.4751	-0.3356	-0.7259	-0.3670	157.06	306.09	303.28
2026-06-05T14:36:51.8137062+08:00	0x07	0.6525	-0.1159	-0.7331	-0.1531	175.48	277.52	338.30
2026-06-05T14:36:51.8137062+08:00	0x01	-0.4504	-0.4140	0.7182	-0.3315	193.27	304.02	63.29
2026-06-05T14:36:51.8137062+08:00	0x08	0.0656	-0.7173	-0.1096	-0.6849	3.32	92.23	345.70
2026-06-05T14:36:51.8137062+08:00	0x06	-0.6497	-0.0356	0.7575	0.0533	172.70	278.82	359.12
2026-06-05T14:36:51.8137062+08:00	0x04	-0.4672	-0.1155	0.4001	-0.7799	295.24	340.16	55.21
2026-06-05T14:36:51.8137062+08:00	0x07	0.6528	-0.1117	-0.7358	-0.1417	176.16	277.53	339.55
2026-06-05T14:36:51.8137062+08:00	0x01	-0.4471	-0.4185	0.7132	-0.3409	195.03	305.33	64.41
2026-06-05T14:36:51.8137062+08:00	0x08	0.0822	-0.7151	-0.1293	-0.6820	3.53	92.17	342.72
2026-06-05T14:36:51.8137062+08:00	0x06	-0.6499	-0.0378	0.7576	0.0479	173.00	278.77	359.72
2026-06-05T14:36:51.8137062+08:00	0x03	0.4844	-0.3203	-0.7407	-0.3378	161.45	303.00	306.70
2026-06-05T14:36:51.8137062+08:00	0x09	0.1692	0.6814	-0.2223	0.6765	355.24	89.04	32.13
2026-06-05T14:36:51.8137062+08:00	0x07	0.6566	-0.0976	-0.7373	-0.1258	176.54	277.18	341.99
2026-06-05T14:36:51.8137062+08:00	0x01	-0.4417	-0.4193	0.7125	-0.3484	197.26	307.42	64.87
2026-06-05T14:36:51.8137062+08:00	0x08	0.0700	-0.7185	-0.1151	-0.6824	3.35	92.51	344.87
2026-06-05T14:36:51.8137062+08:00	0x06	-0.6513	-0.0349	0.7560	0.0559	172.53	278.59	358.84
2026-06-05T14:36:51.8137062+08:00	0x04	-0.5140	-0.0276	0.6353	-0.5757	244.48	307.11	38.82
2026-06-05T14:36:51.8137062+08:00	0x09	0.1735	0.6817	-0.2311	0.6722	354.91	89.29	33.25
2026-06-05T14:36:51.8137062+08:00	0x01	-0.4489	-0.3970	0.7229	-0.3440	197.45	306.85	61.98
2026-06-05T14:36:51.8137062+08:00	0x08	0.0765	-0.7186	-0.1205	-0.6806	3.23	92.65	343.90
2026-06-05T14:36:51.8137062+08:00	0x02	0.5449	0.4568	-0.7010	-0.0550	135.08	269.21	35.48
2026-06-05T14:36:51.8137062+08:00	0x03	0.4410	-0.4065	-0.5717	-0.5599	98.61	350.08	286.55
2026-06-05T14:36:51.8137062+08:00	0x09	0.1722	0.6835	-0.2253	0.6726	355.38	89.56	32.66
2026-06-05T14:36:51.8137062+08:00	0x07	0.6632	-0.0806	-0.7360	-0.1090	176.81	276.39	344.74
2026-06-05T14:36:51.8137062+08:00	0x01	-0.4739	-0.3980	0.7086	-0.3390	192.82	300.22	62.30
2026-06-05T14:36:51.8137062+08:00	0x08	0.0753	-0.7161	-0.1218	-0.6831	3.50	92.20	343.90
2026-06-05T14:36:51.8137062+08:00	0x02	0.5694	0.4499	-0.6840	-0.0750	133.53	266.41	32.00
2026-06-05T14:36:51.8137062+08:00	0x06	-0.6500	-0.0342	0.7573	0.0537	172.77	278.79	358.97
2026-06-05T14:36:51.8137062+08:00	0x03	0.4392	-0.4049	-0.5982	-0.5342	109.68	342.04	287.52
2026-06-05T14:36:51.8137062+08:00	0x09	0.1719	0.6816	-0.2230	0.6754	355.45	89.20	32.42
2026-06-05T14:36:51.8137062+08:00	0x07	0.6600	-0.0688	-0.7422	-0.0936	177.17	277.03	346.96
2026-06-05T14:36:51.8137062+08:00	0x01	-0.4831	-0.4041	0.7131	-0.3081	185.78	295.17	60.92
2026-06-05T14:36:51.8137062+08:00	0x08	0.0810	-0.7107	-0.1293	-0.6867	3.74	91.40	342.84
2026-06-05T14:36:51.8137062+08:00	0x02	0.5665	0.4450	-0.6924	-0.0416	136.91	267.36	34.68
2026-06-05T14:36:51.8137062+08:00	0x06	-0.6444	-0.0314	0.7620	0.0554	172.83	279.65	358.65
2026-06-05T14:36:51.8137062+08:00	0x03	0.4433	-0.4003	-0.6128	-0.5174	117.29	335.76	288.31
2026-06-05T14:36:51.8137062+08:00	0x09	0.1726	0.6782	-0.2238	0.6783	355.27	88.61	32.53
2026-06-05T14:36:51.8137062+08:00	0x07	0.6585	-0.0628	-0.7453	-0.0830	177.60	277.32	348.29
2026-06-05T14:36:51.8137062+08:00	0x01	-0.4823	-0.4053	0.7127	-0.3085	185.79	295.25	61.08
2026-06-05T14:36:51.8137062+08:00	0x08	0.0988	-0.7066	-0.1486	-0.6848	3.91	91.10	339.80
2026-06-05T14:36:51.8137062+08:00	0x03	0.4428	-0.3977	-0.6138	-0.5187	117.12	335.79	288.64
2026-06-05T14:36:51.8137062+08:00	0x06	-0.6437	-0.0313	0.7626	0.0551	172.85	279.75	358.68
2026-06-05T14:36:51.8137062+08:00	0x04	-0.4887	-0.1699	0.4541	-0.7253	282.58	336.98	59.68
2026-06-05T14:36:51.8137062+08:00	0x09	0.1733	0.6777	-0.2244	0.6785	355.25	88.54	32.64
2026-06-05T14:36:51.8137062+08:00	0x07	0.6590	-0.0506	-0.7472	-0.0693	177.86	277.36	350.39
2026-06-05T14:36:51.8137062+08:00	0x01	-0.4684	-0.4091	0.7144	-0.3209	189.30	299.12	62.26
2026-06-05T14:36:51.8137062+08:00	0x02	0.5541	0.4702	-0.6854	-0.0448	133.55	265.98	36.51
2026-06-05T14:36:51.8137062+08:00	0x03	0.4310	-0.4084	-0.6059	-0.5295	110.07	343.05	287.95
2026-06-05T14:36:51.8137062+08:00	0x09	0.1770	0.6736	-0.2286	0.6802	355.02	87.95	33.28
2026-06-05T14:36:51.8137062+08:00	0x07	0.6579	-0.0377	-0.7506	-0.0487	178.64	277.61	353.07
2026-06-05T14:36:51.8137062+08:00	0x01	-0.4356	-0.4272	0.7201	-0.3305	194.00	306.53	64.57
2026-06-05T14:36:51.8137062+08:00	0x08	0.1204	-0.7018	-0.1752	-0.6800	4.35	90.87	335.83
2026-06-05T14:36:51.8137062+08:00	0x03	0.4687	-0.3383	-0.7477	-0.3268	162.89	304.67	305.69
2026-06-05T14:36:51.8137062+08:00	0x09	0.1748	0.6751	-0.2203	0.6820	355.62	88.14	32.40
2026-06-05T14:36:51.8147034+08:00	0x07	0.6587	-0.0249	-0.7513	-0.0326	179.07	277.55	355.39
2026-06-05T14:36:51.8147034+08:00	0x01	-0.4328	-0.4326	0.7199	-0.3275	193.28	306.46	65.01
2026-06-05T14:36:51.8147034+08:00	0x08	0.0981	-0.7054	-0.1524	-0.6852	4.32	90.88	339.55
2026-06-05T14:36:51.8147034+08:00	0x03	0.4732	-0.3426	-0.7408	-0.3316	162.97	303.82	304.78
2026-06-05T14:36:51.8147034+08:00	0x06	-0.6431	-0.0315	0.7634	0.0508	173.22	279.84	359.01
2026-06-05T14:36:51.8147034+08:00	0x04	-0.4894	-0.0784	0.4325	-0.7532	284.33	329.03	53.62
2026-06-05T14:36:51.8147034+08:00	0x09	0.1768	0.6741	-0.2252	0.6809	355.33	88.04	32.98
2026-06-05T14:36:51.8147034+08:00	0x07	0.6593	-0.0132	-0.7515	-0.0211	179.19	277.50	357.27
2026-06-05T14:36:51.8147034+08:00	0x01	-0.4304	-0.4254	0.7233	-0.3326	195.42	308.23	64.39
2026-06-05T14:36:51.8147034+08:00	0x02	0.5418	0.4085	-0.7330	-0.0479	142.22	275.43	33.15
2026-06-05T14:36:51.8147034+08:00	0x03	0.4671	-0.3491	-0.7546	-0.3010	167.44	302.88	306.10
2026-06-05T14:36:51.8147034+08:00	0x04	-0.4961	-0.0323	0.4976	-0.7108	271.06	318.46	47.51
2026-06-05T14:36:51.8147034+08:00	0x09	0.1800	0.6714	-0.2265	0.6822	355.37	87.70	33.36
2026-06-05T14:36:51.8147034+08:00	0x07	0.6594	-0.0044	-0.7518	-0.0055	179.86	277.49	359.21
2026-06-05T14:36:51.8147034+08:00	0x08	0.0906	-0.7057	-0.1478	-0.6870	4.58	90.75	340.54
2026-06-05T14:36:51.8147034+08:00	0x03	0.4767	-0.3418	-0.7516	-0.3017	167.67	301.43	306.73
2026-06-05T14:36:51.8147034+08:00	0x04	-0.4727	-0.0369	0.4806	-0.7377	277.69	324.00	47.13
2026-06-05T14:36:51.8147034+08:00	0x09	0.1777	0.6704	-0.2263	0.6840	355.12	87.40	33.13
2026-06-05T14:36:51.8147034+08:00	0x07	0.6592	0.0092	-0.7519	0.0085	180.04	277.52	1.43
2026-06-05T14:36:51.8147034+08:00	0x01	-0.4310	-0.4319	0.7194	-0.3320	194.52	307.46	65.17
2026-06-05T14:36:51.8147034+08:00	0x02	0.5367	0.4150	-0.7330	-0.0489	141.52	275.48	33.77
2026-06-05T14:36:51.8147034+08:00	0x03	0.4777	-0.3415	-0.7418	-0.3238	164.53	302.47	305.31
2026-06-05T14:36:51.8147034+08:00	0x06	-0.6423	-0.0302	0.7641	0.0512	173.28	279.96	358.87
2026-06-05T14:36:51.8147034+08:00	0x04	-0.5156	0.0368	0.5534	-0.6532	259.28	306.97	39.25
2026-06-05T14:36:51.8147034+08:00	0x09	0.1791	0.6712	-0.2268	0.6827	355.25	87.60	33.29
2026-06-05T14:36:51.8147034+08:00	0x07	0.6602	0.0213	-0.7505	0.0213	180.22	277.33	3.45
2026-06-05T14:36:51.8147034+08:00	0x01	-0.5187	-0.3512	0.6163	-0.4773	216.96	305.29	68.12
2026-06-05T14:36:51.8147034+08:00	0x08	0.0806	-0.7123	-0.1342	-0.6842	4.13	91.67	342.45
2026-06-05T14:36:51.8147034+08:00	0x03	0.4470	-0.3850	-0.5873	-0.5541	106.29	342.04	288.63
2026-06-05T14:36:51.8147034+08:00	0x04	-0.5178	0.0287	0.6901	-0.5049	236.07	301.86	28.90
2026-06-05T14:36:51.8147034+08:00	0x07	0.6656	0.0366	-0.7448	0.0292	179.70	276.41	5.36
2026-06-05T14:36:51.8147034+08:00	0x01	-0.5535	-0.3176	0.6601	-0.3962	199.51	291.18	59.09
2026-06-05T14:36:51.8147034+08:00	0x08	0.0779	-0.7144	-0.1241	-0.6842	3.49	91.97	343.51
2026-06-05T14:36:51.8147034+08:00	0x03	0.4363	-0.4182	-0.5971	-0.5274	109.51	343.48	286.32
2026-06-05T14:36:51.8147034+08:00	0x04	-0.5359	-0.0205	0.6268	-0.5652	242.32	303.21	39.17
2026-06-05T14:36:51.8147034+08:00	0x09	0.1822	0.6831	-0.2347	0.6672	355.54	89.97	34.31
2026-06-05T14:36:51.8147034+08:00	0x07	0.6724	0.0462	-0.7384	0.0242	178.48	275.28	5.79
2026-06-05T14:36:51.8147034+08:00	0x01	-0.5617	-0.2986	0.6678	-0.3864	199.06	290.15	56.40
2026-06-05T14:36:51.8147034+08:00	0x08	0.1048	-0.7110	-0.1502	-0.6789	3.37	92.03	339.15
2026-06-05T14:36:51.8147034+08:00	0x02	0.5804	0.4791	-0.6258	0.2048	146.74	255.94	56.87
2026-06-05T14:36:51.8147034+08:00	0x03	0.4363	-0.4172	-0.5948	-0.5309	108.24	344.35	286.36
2026-06-05T14:36:51.8147034+08:00	0x06	-0.6510	-0.0264	0.7556	0.0677	172.14	278.70	357.24
2026-06-05T14:36:51.8147034+08:00	0x04	-0.5272	-0.0848	0.5612	-0.6324	253.33	311.57	49.64
2026-06-05T14:36:51.8147034+08:00	0x07	0.6715	0.0614	-0.7370	0.0461	179.16	275.26	8.77
2026-06-05T14:36:51.8147034+08:00	0x01	-0.5583	-0.3084	0.6652	-0.3882	198.70	290.32	57.53
2026-06-05T14:36:51.8147034+08:00	0x08	0.1114	-0.7094	-0.1611	-0.6770	3.73	91.94	337.70
2026-06-05T14:36:51.8147034+08:00	0x02	0.5514	0.5095	-0.6164	0.2375	143.81	253.78	62.88
2026-06-05T14:36:51.8147034+08:00	0x03	0.4408	-0.4094	-0.5978	-0.5298	110.76	341.35	286.95
2026-06-05T14:36:51.8147034+08:00	0x09	0.1752	0.6833	-0.2201	0.6737	356.11	89.68	32.47
2026-06-05T14:36:51.8147034+08:00	0x07	0.6698	0.0737	-0.7360	0.0652	179.84	275.38	11.29
2026-06-05T14:36:51.8147034+08:00	0x06	-0.6490	-0.0271	0.7577	0.0625	172.53	278.99	357.71
2026-06-05T14:36:51.8147034+08:00	0x01	-0.5579	-0.3086	0.6673	-0.3851	198.29	290.26	57.30
2026-06-05T14:36:51.8147034+08:00	0x08	0.1095	-0.7089	-0.1600	-0.6782	3.82	91.79	337.96
2026-06-05T14:36:51.8147034+08:00	0x02	0.5296	0.5302	-0.6085	0.2611	141.03	251.48	67.18
2026-06-05T14:36:51.8147034+08:00	0x04	-0.5128	-0.1394	0.4936	-0.6884	268.58	324.16	57.53
2026-06-05T14:36:51.8147034+08:00	0x07	0.6681	0.0845	-0.7354	0.0751	179.86	275.47	12.98
2026-06-05T14:36:51.8147034+08:00	0x01	-0.5605	-0.3039	0.6705	-0.3794	197.67	289.74	56.39
2026-06-05T14:36:51.8147034+08:00	0x08	0.1119	-0.7082	-0.1610	-0.6783	3.71	91.74	337.67
2026-06-05T14:36:51.8147034+08:00	0x02	0.5142	0.5451	-0.6028	0.2739	137.96	249.02	69.87
2026-06-05T14:36:51.8147034+08:00	0x03	0.4407	-0.3985	-0.5972	-0.5387	109.21	341.73	288.03
2026-06-05T14:36:51.8147034+08:00	0x09	0.1731	0.6832	-0.2202	0.6744	355.90	89.56	32.30
2026-06-05T14:36:51.8147034+08:00	0x06	-0.6474	-0.0290	0.7590	0.0619	172.44	279.21	357.93
2026-06-05T14:36:51.8147034+08:00	0x01	-0.5605	-0.3043	0.6704	-0.3793	197.63	289.72	56.43
2026-06-05T14:36:51.8147034+08:00	0x08	0.1111	-0.7073	-0.1612	-0.6792	3.83	91.57	337.73
2026-06-05T14:36:51.8147034+08:00	0x02	0.5038	0.5529	-0.6004	0.2826	136.40	247.83	71.59
2026-06-05T14:36:51.8157009+08:00	0x03	0.4405	-0.4020	-0.5964	-0.5373	109.13	342.06	287.67
2026-06-05T14:36:51.8157009+08:00	0x06	-0.6466	-0.0277	0.7598	0.0624	172.49	279.34	357.79
2026-06-05T14:36:51.8157009+08:00	0x01	-0.5591	-0.3051	0.6715	-0.3786	197.60	289.93	56.42
2026-06-05T14:36:51.8157009+08:00	0x08	0.1134	-0.7057	-0.1648	-0.6797	3.97	91.35	337.24
2026-06-05T14:36:51.8157009+08:00	0x02	0.3980	0.6539	-0.6018	0.2277	99.47	226.50	75.53
2026-06-05T14:36:51.8157009+08:00	0x06	-0.6423	-0.0271	0.7637	0.0586	172.85	279.99	358.06
2026-06-05T14:36:51.8157009+08:00	0x09	0.1743	0.6788	-0.2220	0.6779	355.62	88.79	32.53
2026-06-05T14:36:51.8157009+08:00	0x07	0.6560	0.1285	-0.7322	0.1303	181.37	276.54	21.05
2026-06-05T14:36:51.8157009+08:00	0x01	-0.4601	-0.3518	0.7389	-0.3445	199.80	306.97	56.81
2026-06-05T14:36:51.8157009+08:00	0x08	0.1094	-0.7028	-0.1650	-0.6833	4.46	90.73	337.58
2026-06-05T14:36:51.8157009+08:00	0x02	0.4205	0.5592	-0.7014	0.1361	140.37	272.73	64.01
2026-06-05T14:36:51.8157009+08:00	0x04	-0.4887	-0.1888	0.4441	-0.7269	285.51	340.52	61.41
2026-06-05T14:36:51.8157009+08:00	0x09	0.1749	0.6765	-0.2224	0.6800	355.53	88.39	32.60
2026-06-05T14:36:51.8157009+08:00	0x07	0.6537	0.1378	-0.7302	0.1432	181.80	276.69	22.86
2026-06-05T14:36:51.8157009+08:00	0x01	-0.4479	-0.3674	0.7360	-0.3504	201.06	309.29	58.72
2026-06-05T14:36:51.8157009+08:00	0x02	0.4708	0.5153	-0.7120	0.0771	140.60	272.49	53.74
2026-06-05T14:36:51.8157009+08:00	0x03	0.4489	-0.3866	-0.6159	-0.5193	118.92	333.07	289.52
2026-06-05T14:36:51.8157009+08:00	0x09	0.1766	0.6765	-0.2228	0.6794	355.65	88.47	32.77
2026-06-05T14:36:51.8157009+08:00	0x01	-0.4496	-0.3650	0.7344	-0.3539	201.64	309.31	58.70
2026-06-05T14:36:51.8157009+08:00	0x07	0.6527	0.1486	-0.7266	0.1547	181.95	276.55	24.70
2026-06-05T14:36:51.8157009+08:00	0x02	0.5052	0.4825	-0.7156	0.0012	137.73	271.91	43.76
2026-06-05T14:36:51.8157009+08:00	0x04	-0.4666	-0.2085	0.4226	-0.7485	295.33	350.22	61.00
2026-06-05T14:36:51.8157009+08:00	0x09	0.1844	0.6740	-0.2306	0.6772	355.58	88.37	34.10
2026-06-05T14:36:51.8157009+08:00	0x07	0.6490	0.1600	-0.7246	0.1680	182.29	276.84	26.73
2026-06-05T14:36:51.8157009+08:00	0x01	-0.4551	-0.3686	0.7360	-0.3396	198.27	306.81	58.39
2026-06-05T14:36:51.8157009+08:00	0x02	0.5333	0.4423	-0.7172	-0.0745	135.92	272.74	33.71
2026-06-05T14:36:51.8157009+08:00	0x03	0.4585	-0.3714	-0.7064	-0.3909	153.17	310.35	297.98
2026-06-05T14:36:51.8157009+08:00	0x09	0.1822	0.6742	-0.2218	0.6805	356.15	88.32	33.17
2026-06-05T14:36:51.8157009+08:00	0x07	0.6425	0.1778	-0.7191	0.1961	183.56	277.41	30.51
2026-06-05T14:36:51.8157009+08:00	0x01	-0.4337	-0.3914	0.7266	-0.3615	203.27	312.42	61.94
2026-06-05T14:36:51.8157009+08:00	0x02	0.5389	0.4605	-0.7030	-0.0572	134.63	269.65	35.86
2026-06-05T14:36:51.8157009+08:00	0x03	0.4613	-0.3992	-0.6164	-0.4979	127.09	326.18	287.92
2026-06-05T14:36:51.8157009+08:00	0x04	-0.5206	-0.0504	0.5577	-0.6445	256.16	311.28	46.66
2026-06-05T14:36:51.8157009+08:00	0x09	0.1851	0.6744	-0.2231	0.6791	356.33	88.50	33.52
2026-06-05T14:36:51.8157009+08:00	0x07	0.6405	0.1870	-0.7162	0.2047	183.63	277.42	32.00
2026-06-05T14:36:51.8157009+08:00	0x08	0.1133	-0.7036	-0.1710	-0.6804	4.57	90.98	336.75
2026-06-05T14:36:51.8157009+08:00	0x02	0.5448	0.4447	-0.7109	-0.0116	140.33	270.79	38.28
2026-06-05T14:36:51.8157009+08:00	0x06	-0.6411	-0.0221	0.7647	0.0601	173.09	280.20	357.52
2026-06-05T14:36:51.8157009+08:00	0x09	0.1856	0.6721	-0.2284	0.6794	355.79	88.10	34.00
2026-06-05T14:36:51.8157009+08:00	0x07	0.6368	0.2028	-0.7102	0.2213	183.91	277.46	34.74
2026-06-05T14:36:51.8157009+08:00	0x08	0.1260	-0.7017	-0.1850	-0.6763	4.67	91.06	334.52
2026-06-05T14:36:51.8157009+08:00	0x02	0.5417	0.4489	-0.7106	-0.0107	139.96	270.75	38.78
2026-06-05T14:36:51.8157009+08:00	0x03	0.4442	-0.4287	-0.5933	-0.5166	113.01	340.52	284.61
2026-06-05T14:36:51.8157009+08:00	0x09	0.1845	0.6715	-0.2270	0.6808	355.77	87.93	33.79
2026-06-05T14:36:51.8157009+08:00	0x07	0.6283	0.2142	-0.7083	0.2401	185.12	278.57	37.24
2026-06-05T14:36:51.8157009+08:00	0x08	0.1296	-0.7003	-0.1880	-0.6764	4.65	90.91	333.99
2026-06-05T14:36:51.8157009+08:00	0x01	-0.4655	-0.4084	0.7272	-0.2962	185.89	298.19	60.42
2026-06-05T14:36:51.8157009+08:00	0x02	0.5379	0.4523	-0.7114	-0.0028	140.29	270.90	39.83
2026-06-05T14:36:51.8157009+08:00	0x06	-0.6422	-0.0234	0.7640	0.0584	173.14	280.03	357.75
2026-06-05T14:36:51.8157009+08:00	0x03	0.4462	-0.4237	-0.5971	-0.5147	115.18	338.28	285.15
2026-06-05T14:36:51.8157009+08:00	0x09	0.1832	0.6712	-0.2287	0.6809	355.48	87.81	33.82
2026-06-05T14:36:51.8157009+08:00	0x07	0.6226	0.2295	-0.7034	0.2549	185.44	278.95	39.81
2026-06-05T14:36:51.8157009+08:00	0x08	0.1394	-0.6981	-0.1961	-0.6743	4.51	90.88	332.50
2026-06-05T14:36:51.8157009+08:00	0x02	0.5331	0.4603	-0.7098	0.0059	140.06	270.59	41.29
2026-06-05T14:36:51.8157009+08:00	0x03	0.4450	-0.4226	-0.5992	-0.5142	115.40	338.22	285.41
2026-06-05T14:36:51.8157009+08:00	0x09	0.1825	0.6714	-0.2285	0.6810	355.43	87.80	33.74
2026-06-05T14:36:51.8157009+08:00	0x07	0.6179	0.2430	-0.6977	0.2689	185.80	279.18	42.17
2026-06-05T14:36:51.8157009+08:00	0x08	0.1423	-0.6978	-0.1988	-0.6733	4.50	90.93	332.03
2026-06-05T14:36:51.8157009+08:00	0x02	0.5289	0.4650	-0.7098	0.0136	140.19	270.62	42.42
2026-06-05T14:36:51.8157009+08:00	0x03	0.4443	-0.4236	-0.6002	-0.5128	115.72	338.14	285.39
2026-06-05T14:36:51.8157009+08:00	0x09	0.1829	0.6712	-0.2286	0.6810	355.46	87.80	33.78
2026-06-05T14:36:51.8157009+08:00	0x07	0.6135	0.2552	-0.6919	0.2823	186.23	279.42	44.39
2026-06-05T14:36:51.8157009+08:00	0x01	-0.4666	-0.4105	0.7276	-0.2904	184.56	297.30	60.27
2026-06-05T14:36:51.8157009+08:00	0x08	0.1469	-0.6967	-0.2038	-0.6719	4.53	90.91	331.23
2026-06-05T14:36:51.8157009+08:00	0x02	0.5241	0.4706	-0.7096	0.0206	140.17	270.62	43.58
2026-06-05T14:36:51.8157009+08:00	0x06	-0.6422	-0.0222	0.7639	0.0598	173.11	280.04	357.54
2026-06-05T14:36:51.8157009+08:00	0x03	0.4449	-0.4225	-0.6035	-0.5093	117.51	336.64	285.61
2026-06-05T14:36:51.8157009+08:00	0x09	0.1831	0.6706	-0.2288	0.6815	355.43	87.68	33.81
2026-06-05T14:36:51.8167389+08:00	0x01	-0.4662	-0.4108	0.7275	-0.2910	184.69	297.42	60.35
2026-06-05T14:36:51.8167389+08:00	0x07	0.6075	0.2694	-0.6849	0.2989	186.91	279.87	47.07
2026-06-05T14:36:51.8167389+08:00	0x08	0.1514	-0.6957	-0.2087	-0.6705	4.56	90.91	330.44
2026-06-05T14:36:51.8167389+08:00	0x02	0.5183	0.4774	-0.7089	0.0290	140.08	270.55	44.99
2026-06-05T14:36:51.8167389+08:00	0x03	0.4455	-0.4212	-0.6040	-0.5092	117.83	336.26	285.74
2026-06-05T14:36:51.8167389+08:00	0x06	-0.6418	-0.0222	0.7643	0.0592	173.16	280.11	357.59
2026-06-05T14:36:51.8167389+08:00	0x01	-0.4654	-0.4136	0.7265	-0.2906	184.35	297.26	60.63
2026-06-05T14:36:51.8167389+08:00	0x07	0.6006	0.2834	-0.6776	0.3160	187.82	280.53	49.78
2026-06-05T14:36:51.8167389+08:00	0x08	0.1540	-0.6946	-0.2118	-0.6700	4.63	90.82	329.96
2026-06-05T14:36:51.8167389+08:00	0x02	0.5143	0.4806	-0.7095	0.0343	140.24	270.75	45.82
2026-06-05T14:36:51.8167389+08:00	0x03	0.4452	-0.4190	-0.6068	-0.5078	118.67	335.54	286.09
2026-06-05T14:36:51.8167389+08:00	0x09	0.1829	0.6693	-0.2288	0.6828	355.34	87.44	33.79
2026-06-05T14:36:51.8167389+08:00	0x07	0.5947	0.2948	-0.6714	0.3295	188.57	281.11	51.99
2026-06-05T14:36:51.8167389+08:00	0x08	0.1542	-0.6942	-0.2121	-0.6703	4.66	90.75	329.92
2026-06-05T14:36:51.8167389+08:00	0x02	0.5139	0.4793	-0.7105	0.0354	140.57	271.00	45.85
2026-06-05T14:36:51.8167389+08:00	0x03	0.4462	-0.4180	-0.6077	-0.5068	119.40	334.81	286.20
2026-06-05T14:36:51.8167389+08:00	0x09	0.1820	0.6686	-0.2294	0.6836	355.14	87.25	33.75
2026-06-05T14:36:51.8167389+08:00	0x01	-0.4647	-0.4143	0.7270	-0.2896	184.22	297.30	60.64
2026-06-05T14:36:51.8167389+08:00	0x08	0.1552	-0.6942	-0.2119	-0.6702	4.55	90.79	329.86
2026-06-05T14:36:51.8167389+08:00	0x02	0.5102	0.4859	-0.7085	0.0402	140.08	270.59	46.85
2026-06-05T14:36:51.8167389+08:00	0x04	-0.5212	-0.1358	0.4698	-0.6995	271.70	324.48	58.94
2026-06-05T14:36:51.8167389+08:00	0x09	0.1816	0.6689	-0.2305	0.6830	355.03	87.30	33.81
2026-06-05T14:36:51.8167389+08:00	0x01	-0.4653	-0.4160	0.7262	-0.2882	183.69	296.87	60.73
2026-06-05T14:36:51.8167389+08:00	0x08	0.1553	-0.6941	-0.2109	-0.6705	4.45	90.78	329.93
2026-06-05T14:36:51.8167389+08:00	0x02	0.5062	0.4916	-0.7072	0.0451	139.76	270.36	47.81
2026-06-05T14:36:51.8167389+08:00	0x04	-0.5166	-0.1390	0.4671	-0.7040	273.32	326.14	59.01
2026-06-05T14:36:51.8167389+08:00	0x03	0.4451	-0.4158	-0.6080	-0.5093	118.55	335.47	286.47
2026-06-05T14:36:51.8167389+08:00	0x09	0.1818	0.6691	-0.2317	0.6823	354.96	87.34	33.92
2026-06-05T14:36:51.8167389+08:00	0x07	0.5711	0.3356	-0.6492	0.3738	191.65	284.03	59.62
2026-06-05T14:36:51.8167389+08:00	0x08	0.1574	-0.6934	-0.2119	-0.6705	4.38	90.74	329.68
2026-06-05T14:36:51.8167389+08:00	0x02	0.5027	0.4974	-0.7055	0.0460	139.02	269.98	48.43
2026-06-05T14:36:51.8167389+08:00	0x04	-0.5064	-0.1423	0.4581	-0.7166	277.51	329.80	58.88
2026-06-05T14:36:51.8167389+08:00	0x06	-0.6387	-0.0266	0.7669	0.0567	173.05	280.54	358.19
2026-06-05T14:36:51.8167389+08:00	0x07	0.5575	0.3578	-0.6329	0.4007	194.37	286.29	64.12
2026-06-05T14:36:51.8167389+08:00	0x08	0.1659	-0.6938	-0.2211	-0.6650	4.30	91.20	328.17
2026-06-05T14:36:51.8167389+08:00	0x02	0.4804	0.5234	-0.7029	0.0355	134.78	269.15	50.34
2026-06-05T14:36:51.8167389+08:00	0x04	-0.4820	-0.1244	0.2674	-0.8250	320.68	354.05	59.53
2026-06-05T14:36:51.8167389+08:00	0x06	-0.6378	-0.0474	0.7682	0.0277	174.08	280.48	2.15
2026-06-05T14:36:51.8167389+08:00	0x03	0.4796	-0.3369	-0.7454	-0.3176	165.27	301.98	306.21
2026-06-05T14:36:51.8167389+08:00	0x09	0.1705	0.6754	-0.2119	0.6855	355.96	88.01	31.33
2026-06-05T14:36:51.8167389+08:00	0x07	0.5479	0.3778	-0.6173	0.4196	196.01	287.62	67.85
2026-06-05T14:36:51.8167389+08:00	0x08	0.1260	-0.7059	-0.1832	-0.6725	4.35	91.80	334.66
2026-06-05T14:36:51.8167389+08:00	0x02	0.4856	0.5136	-0.7074	0.0002	133.45	270.07	46.62
2026-06-05T14:36:51.8167389+08:00	0x06	-0.6381	-0.0498	0.7678	0.0284	173.84	280.42	2.30
2026-06-05T14:36:51.8167389+08:00	0x04	-0.5153	-0.0748	0.3972	-0.7557	286.34	327.08	56.96
2026-06-05T14:36:51.8167389+08:00	0x03	0.4895	-0.3393	-0.7371	-0.3194	166.24	299.92	305.63
2026-06-05T14:36:51.8167389+08:00	0x09	0.1771	0.6765	-0.2182	0.6807	356.10	88.51	32.44
2026-06-05T14:36:51.8167389+08:00	0x08	0.0600	-0.7136	-0.1170	-0.6881	4.47	91.51	345.55
2026-06-05T14:36:51.8167389+08:00	0x02	0.5012	0.5041	-0.7033	-0.0090	133.50	269.15	44.43
2026-06-05T14:36:51.8167389+08:00	0x04	-0.5086	-0.0421	0.4516	-0.7318	276.89	320.31	51.49
2026-06-05T14:36:51.8167389+08:00	0x03	0.4892	-0.3299	-0.7345	-0.3351	163.09	301.41	305.65
2026-06-05T14:36:51.8167389+08:00	0x07	0.5312	0.4001	-0.6020	0.4420	200.33	292.01	72.04
2026-06-05T14:36:51.8167389+08:00	0x08	0.0332	-0.7157	-0.0906	-0.6917	4.54	91.55	349.88
2026-06-05T14:36:51.8167389+08:00	0x02	0.5002	0.4810	-0.7201	0.0044	138.53	272.96	44.19
2026-06-05T14:36:51.8167389+08:00	0x04	-0.5088	0.0144	0.5166	-0.6885	265.94	311.45	43.29
2026-06-05T14:36:51.8167389+08:00	0x01	-0.4313	-0.4280	0.7098	-0.3563	199.78	310.40	66.20
2026-06-05T14:36:51.8167389+08:00	0x03	0.4861	-0.3249	-0.7415	-0.3292	163.23	301.97	306.68
2026-06-05T14:36:51.8167389+08:00	0x07	0.5216	0.4123	-0.5920	0.4554	203.99	295.57	74.44
2026-06-05T14:36:51.8167389+08:00	0x08	0.0101	-0.7182	-0.0677	-0.6925	4.57	91.83	353.61
2026-06-05T14:36:51.8167389+08:00	0x02	0.5140	0.4747	-0.7139	-0.0301	135.89	271.58	40.30
2026-06-05T14:36:51.8167389+08:00	0x04	-0.4728	-0.0027	0.5268	-0.7064	269.84	318.21	42.13
2026-06-05T14:36:51.8167389+08:00	0x01	-0.4319	-0.4383	0.7063	-0.3500	197.35	308.67	67.14
2026-06-05T14:36:51.8167389+08:00	0x07	0.5160	0.4247	-0.5837	0.4612	205.09	296.89	76.34
2026-06-05T14:36:51.8167389+08:00	0x08	-0.0161	-0.7200	-0.0416	-0.6925	4.64	92.14	357.85
2026-06-05T14:36:51.8167389+08:00	0x02	0.5204	0.4558	-0.7218	-0.0212	139.13	273.18	39.49
2026-06-05T14:36:51.8177366+08:00	0x01	-0.4320	-0.4298	0.7077	-0.3576	199.79	310.25	66.52
2026-06-05T14:36:51.8177366+08:00	0x09	0.1752	0.6783	-0.2219	0.6782	355.69	88.74	32.59
2026-06-05T14:36:51.8177366+08:00	0x03	0.4933	-0.3172	-0.7434	-0.3216	164.40	300.52	307.92
2026-06-05T14:36:51.8177366+08:00	0x07	0.5118	0.4339	-0.5754	0.4677	206.84	298.55	77.97
2026-06-05T14:36:51.8177366+08:00	0x08	-0.0379	-0.7188	-0.0217	-0.6938	4.85	92.08	1.23
2026-06-05T14:36:51.8177366+08:00	0x02	0.5106	0.4628	-0.7244	-0.0192	138.77	273.80	40.61
2026-06-05T14:36:51.8177366+08:00	0x06	-0.6398	-0.0434	0.7662	0.0399	173.29	280.22	0.88
2026-06-05T14:36:51.8177366+08:00	0x09	0.1762	0.6784	-0.2209	0.6781	355.88	88.82	32.60
2026-06-05T14:36:51.8177366+08:00	0x07	0.5039	0.4430	-0.5661	0.4789	212.75	304.26	79.81
2026-06-05T14:36:51.8177366+08:00	0x08	-0.0524	-0.7178	-0.0074	-0.6943	4.91	92.06	3.56
2026-06-05T14:36:51.8177366+08:00	0x02	0.5179	0.4712	-0.7139	-0.0105	137.85	271.50	41.45
2026-06-05T14:36:51.8177366+08:00	0x04	-0.4971	0.0728	0.5993	-0.6232	255.46	305.80	32.16
2026-06-05T14:36:51.8177366+08:00	0x09	0.1771	0.6773	-0.2229	0.6784	355.73	88.65	32.84
2026-06-05T14:36:51.8177366+08:00	0x03	0.4915	-0.3168	-0.7444	-0.3225	164.08	300.94	307.94
2026-06-05T14:36:51.8177366+08:00	0x07	0.4932	0.4539	-0.5554	0.4923	223.83	315.20	81.77
2026-06-05T14:36:51.8177366+08:00	0x02	0.5108	0.4769	-0.7147	-0.0293	135.76	271.76	40.67
2026-06-05T14:36:51.8177366+08:00	0x01	-0.4351	-0.4144	0.7077	-0.3717	203.53	312.10	65.50
2026-06-05T14:36:51.8177366+08:00	0x09	0.1786	0.6762	-0.2236	0.6789	355.76	88.52	33.01
2026-06-05T14:36:51.8177366+08:00	0x03	0.4959	-0.3146	-0.7427	-0.3218	164.41	300.15	308.14
2026-06-05T14:36:51.8177366+08:00	0x07	0.4834	0.4637	-0.5449	0.5044	238.89	330.08	83.20
2026-06-05T14:36:51.8177366+08:00	0x08	-0.0608	-0.7158	0.0008	-0.6956	4.94	91.85	4.92
2026-06-05T14:36:51.8177366+08:00	0x04	-0.4969	0.0582	0.5935	-0.6304	256.18	306.98	33.88
2026-06-05T14:36:51.8177366+08:00	0x01	-0.4395	-0.4268	0.7034	-0.3605	199.35	308.77	66.53
2026-06-05T14:36:51.8177366+08:00	0x03	0.4971	-0.3082	-0.7442	-0.3226	163.89	300.28	308.79
2026-06-05T14:36:51.8177366+08:00	0x07	0.4735	0.4735	-0.5353	0.5147	258.12	349.30	83.98
2026-06-05T14:36:51.8177366+08:00	0x02	0.4977	0.4912	-0.7138	-0.0390	133.36	271.68	41.49
2026-06-05T14:36:51.8177366+08:00	0x01	-0.4351	-0.4397	0.6988	-0.3591	198.54	308.74	67.98
2026-06-05T14:36:51.8177366+08:00	0x06	-0.6359	-0.0452	0.7694	0.0395	173.20	280.79	1.11
2026-06-05T14:36:51.8177366+08:00	0x03	0.4986	-0.2978	-0.7410	-0.3371	161.21	301.17	308.97
2026-06-05T14:36:51.8177366+08:00	0x07	0.4602	0.4857	-0.5239	0.5270	284.60	15.88	83.76
2026-06-05T14:36:51.8177366+08:00	0x02	0.5028	0.4925	-0.7087	-0.0484	132.14	270.70	40.50
2026-06-05T14:36:51.8177366+08:00	0x01	-0.4330	-0.4363	0.6998	-0.3638	200.34	310.25	67.79
2026-06-05T14:36:51.8177366+08:00	0x07	0.4508	0.4933	-0.5179	0.5341	297.75	29.26	82.96
2026-06-05T14:36:51.8177366+08:00	0x09	0.1773	0.6768	-0.2299	0.6765	355.11	88.56	33.44
2026-06-05T14:36:51.8177366+08:00	0x03	0.4981	-0.3121	-0.7540	-0.2933	168.28	298.55	310.29
2026-06-05T14:36:51.8177366+08:00	0x08	-0.0582	-0.7154	0.0038	-0.6963	4.49	91.74	4.97
2026-06-05T14:36:51.8177366+08:00	0x04	-0.4913	0.0582	0.5994	-0.6292	256.06	307.63	33.26
2026-06-05T14:36:51.8177366+08:00	0x06	-0.6364	-0.0519	0.7688	0.0358	173.04	280.64	1.96
2026-06-05T14:36:51.8177366+08:00	0x07	0.4394	0.5039	-0.5048	0.5461	313.87	45.21	81.35
2026-06-05T14:36:51.8177366+08:00	0x03	0.4940	-0.3106	-0.7512	-0.3085	165.76	300.08	309.52
2026-06-05T14:36:51.8177366+08:00	0x08	-0.0691	-0.7167	0.0107	-0.6939	4.86	92.12	6.38
2026-06-05T14:36:51.8177366+08:00	0x02	0.5078	0.4750	-0.7165	-0.0561	133.94	272.42	38.59
2026-06-05T14:36:51.8177366+08:00	0x01	-0.4303	-0.4399	0.6990	-0.3643	200.62	310.81	68.20
2026-06-05T14:36:51.8177366+08:00	0x07	0.4362	0.5096	-0.4958	0.5515	321.31	52.33	80.58
2026-06-05T14:36:51.8177366+08:00	0x03	0.4981	-0.3142	-0.7467	-0.3092	166.33	299.14	308.99
2026-06-05T14:36:51.8177366+08:00	0x09	0.1781	0.6787	-0.2245	0.6762	355.77	88.95	33.07
2026-06-05T14:36:51.8177366+08:00	0x08	-0.0848	-0.7138	0.0221	-0.6948	5.24	91.94	8.59
2026-06-05T14:36:51.8177366+08:00	0x02	0.5070	0.4865	-0.7090	-0.0602	131.91	270.92	38.96
2026-06-05T14:36:51.8177366+08:00	0x09	0.1788	0.6781	-0.2211	0.6778	356.09	88.87	32.84
2026-06-05T14:36:51.8177366+08:00	0x07	0.4281	0.5158	-0.4834	0.5631	328.27	58.73	78.73
2026-06-05T14:36:51.8177366+08:00	0x03	0.4960	-0.3084	-0.7518	-0.3060	166.09	299.70	309.89
2026-06-05T14:36:51.8177366+08:00	0x08	-0.0960	-0.7111	0.0345	-0.6957	5.17	91.73	10.52
2026-06-05T14:36:51.8177366+08:00	0x02	0.5079	0.4727	-0.7155	-0.0817	132.11	272.64	36.41
2026-06-05T14:36:51.8177366+08:00	0x06	-0.6343	-0.0499	0.7707	0.0357	173.21	280.98	1.81
2026-06-05T14:36:51.8177366+08:00	0x01	-0.4309	-0.4373	0.7013	-0.3623	200.28	310.55	67.76
2026-06-05T14:36:51.8177366+08:00	0x09	0.1762	0.6779	-0.2214	0.6786	355.81	88.71	32.63
2026-06-05T14:36:51.8177366+08:00	0x07	0.4184	0.5220	-0.4765	0.5704	331.41	61.97	77.12
2026-06-05T14:36:51.8177366+08:00	0x08	-0.1030	-0.7104	0.0442	-0.6948	4.98	91.79	11.89
2026-06-05T14:36:51.8177366+08:00	0x02	0.5164	0.4555	-0.7200	-0.0864	133.78	273.59	34.52
2026-06-05T14:36:51.8177366+08:00	0x01	-0.4342	-0.4322	0.7003	-0.3664	201.08	310.56	67.44
2026-06-05T14:36:51.8177366+08:00	0x07	0.4062	0.5324	-0.4654	0.5787	335.86	66.61	74.96
2026-06-05T14:36:51.8187334+08:00	0x03	0.4970	-0.3101	-0.7572	-0.2889	168.60	298.67	310.82
2026-06-05T14:36:51.8187334+08:00	0x08	-0.1191	-0.7081	0.0632	-0.6931	4.81	91.84	14.75
2026-06-05T14:36:51.8187334+08:00	0x02	0.5177	0.4866	-0.6996	-0.0761	130.15	269.31	37.02
2026-06-05T14:36:51.8187334+08:00	0x03	0.4960	-0.2996	-0.7634	-0.2855	168.09	299.26	312.21
2026-06-05T14:36:51.8187334+08:00	0x07	0.3977	0.5464	-0.4553	0.5796	340.91	72.32	73.45
2026-06-05T14:36:51.8187334+08:00	0x08	-0.1223	-0.7048	0.0687	-0.6954	4.57	91.38	15.48
2026-06-05T14:36:51.8187334+08:00	0x04	-0.4933	0.0801	0.6232	-0.6016	252.37	305.14	29.58
2026-06-05T14:36:51.8187334+08:00	0x09	0.1757	0.6800	-0.2279	0.6744	355.31	89.07	33.16
2026-06-05T14:36:51.8187334+08:00	0x06	-0.6239	-0.0475	0.7789	0.0424	172.80	282.53	1.21
2026-06-05T14:36:51.8187334+08:00	0x03	0.4914	-0.3212	-0.7109	-0.3873	154.54	304.63	303.14
2026-06-05T14:36:51.8187334+08:00	0x07	0.3908	0.5579	-0.4469	0.5799	344.43	76.40	72.16
2026-06-05T14:36:51.8187334+08:00	0x08	-0.1015	-0.7074	0.0494	-0.6977	4.38	91.26	12.21
2026-06-05T14:36:51.8187334+08:00	0x02	0.5210	0.4746	-0.6953	-0.1411	126.42	270.44	30.86
2026-06-05T14:36:51.8187334+08:00	0x09	0.1732	0.6809	-0.2264	0.6746	355.25	89.14	32.81
2026-06-05T14:36:51.8187334+08:00	0x03	0.4951	-0.3114	-0.7443	-0.3223	164.01	300.50	308.49
2026-06-05T14:36:51.8187334+08:00	0x07	0.3780	0.5660	-0.4329	0.5911	346.14	77.87	69.53
2026-06-05T14:36:51.8187334+08:00	0x08	-0.0987	-0.7088	0.0433	-0.6972	4.65	91.42	11.47
2026-06-05T14:36:51.8187334+08:00	0x04	-0.5066	0.0706	0.5883	-0.6264	255.75	304.86	33.47
2026-06-05T14:36:51.8187334+08:00	0x09	0.1751	0.6812	-0.2239	0.6746	355.66	89.28	32.78
2026-06-05T14:36:51.8187334+08:00	0x06	-0.6255	-0.0526	0.7778	0.0322	173.34	282.25	2.37
2026-06-05T14:36:51.8187334+08:00	0x07	0.3710	0.5733	-0.4196	0.5981	348.40	79.79	67.64
2026-06-05T14:36:51.8187334+08:00	0x08	-0.0993	-0.7102	0.0402	-0.6958	4.98	91.66	11.27
2026-06-05T14:36:51.8187334+08:00	0x02	0.5222	0.5159	-0.6741	-0.0826	124.93	264.38	37.54
2026-06-05T14:36:51.8187334+08:00	0x04	-0.5049	0.0648	0.5710	-0.6441	258.57	306.13	35.20
2026-06-05T14:36:51.8187334+08:00	0x09	0.1770	0.6822	-0.2220	0.6738	356.06	89.55	32.78
2026-06-05T14:36:51.8187334+08:00	0x03	0.5124	-0.3136	-0.7537	-0.2665	173.07	294.68	311.77
2026-06-05T14:36:51.8187334+08:00	0x07	0.3657	0.5767	-0.4136	0.6022	348.94	80.25	66.56
2026-06-05T14:36:51.8187334+08:00	0x08	-0.0992	-0.7108	0.0400	-0.6952	4.99	91.76	11.23
2026-06-05T14:36:51.8187334+08:00	0x02	0.5120	0.5222	-0.6781	-0.0724	125.05	264.82	39.35
2026-06-05T14:36:51.8187334+08:00	0x09	0.1761	0.6819	-0.2223	0.6742	355.94	89.46	32.73
2026-06-05T14:36:51.8187334+08:00	0x01	-0.4611	-0.4659	0.6679	-0.3523	187.35	296.03	71.33
2026-06-05T14:36:51.8187334+08:00	0x07	0.3586	0.5811	-0.4065	0.6070	349.45	80.73	65.21
2026-06-05T14:36:51.8187334+08:00	0x08	-0.1013	-0.7093	0.0419	-0.6964	4.99	91.56	11.56
2026-06-05T14:36:51.8187334+08:00	0x02	0.5099	0.5156	-0.6848	-0.0725	126.22	266.18	39.22
2026-06-05T14:36:51.8187334+08:00	0x06	-0.6258	-0.0508	0.7776	0.0332	173.39	282.23	2.14
2026-06-05T14:36:51.8187334+08:00	0x01	-0.4611	-0.4701	0.6660	-0.3506	186.12	295.04	71.70
2026-06-05T14:36:51.8187334+08:00	0x09	0.1752	0.6810	-0.2221	0.6755	355.82	89.24	32.62
2026-06-05T14:36:51.8187334+08:00	0x08	-0.0939	-0.7104	0.0373	-0.6965	4.75	91.57	10.59
2026-06-05T14:36:51.8187334+08:00	0x02	0.5019	0.5352	-0.6763	-0.0650	123.81	264.14	41.20
2026-06-05T14:36:51.8187334+08:00	0x06	-0.6259	-0.0471	0.7774	0.0399	173.05	282.24	1.34
2026-06-05T14:36:51.8187334+08:00	0x09	0.1768	0.6817	-0.2265	0.6729	355.63	89.44	33.14
2026-06-05T14:36:51.8187334+08:00	0x07	0.3495	0.5855	-0.4013	0.6115	349.35	80.87	63.82
2026-06-05T14:36:51.8187334+08:00	0x08	-0.0839	-0.7099	0.0297	-0.6987	4.51	91.27	9.17
2026-06-05T14:36:51.8187334+08:00	0x04	-0.5172	0.1016	0.6105	-0.5912	251.27	300.60	29.17
2026-06-05T14:36:51.8187334+08:00	0x02	0.4842	0.5686	-0.6638	-0.0395	120.14	260.46	45.78
2026-06-05T14:36:51.8187334+08:00	0x09	0.1747	0.6815	-0.2227	0.6749	355.74	89.31	32.64
2026-06-05T14:36:51.8187334+08:00	0x07	0.3411	0.5898	-0.3914	0.6184	349.94	81.22	62.10
2026-06-05T14:36:51.8187334+08:00	0x08	-0.0778	-0.7106	0.0196	-0.6990	4.81	91.28	7.85
2026-06-05T14:36:51.8187334+08:00	0x04	-0.5123	0.0728	0.6188	-0.5911	250.17	302.83	31.03
2026-06-05T14:36:51.8187334+08:00	0x06	-0.6246	-0.0475	0.7788	0.0347	173.49	282.44	1.75
2026-06-05T14:36:51.8187334+08:00	0x03	0.5011	-0.3157	-0.7413	-0.3158	165.83	298.78	308.32
2026-06-05T14:36:51.8187334+08:00	0x09	0.1753	0.6816	-0.2198	0.6756	356.05	89.35	32.45
2026-06-05T14:36:51.8187334+08:00	0x08	-0.0788	-0.7108	0.0192	-0.6987	4.94	91.32	7.90
2026-06-05T14:36:51.8187334+08:00	0x04	-0.5053	0.0707	0.6144	-0.6018	251.86	304.18	31.42
2026-06-05T14:36:51.8187334+08:00	0x02	0.5115	0.4883	-0.6983	-0.1108	127.31	269.99	34.66
2026-06-05T14:36:51.8187334+08:00	0x09	0.1813	0.6795	-0.2235	0.6748	356.21	89.26	33.26
2026-06-05T14:36:51.8187334+08:00	0x07	0.3349	0.5958	-0.3777	0.6246	351.56	82.39	60.28
2026-06-05T14:36:51.8187334+08:00	0x08	-0.0724	-0.7105	0.0110	-0.6998	5.05	91.17	6.72
2026-06-05T14:36:51.8187334+08:00	0x04	-0.5023	0.0632	0.6069	-0.6127	253.36	305.36	32.60
2026-06-05T14:36:51.8187334+08:00	0x02	0.5169	0.5060	-0.6827	-0.1036	125.06	266.72	35.71
2026-06-05T14:36:51.8187334+08:00	0x03	0.4991	-0.3164	-0.7519	-0.2924	168.86	298.07	309.86
2026-06-05T14:36:51.8187334+08:00	0x01	-0.4446	-0.4607	0.6760	-0.3649	195.15	304.24	71.32
2026-06-05T14:36:51.8187334+08:00	0x08	-0.0649	-0.7102	0.0028	-0.7010	5.08	90.99	5.45
2026-06-05T14:36:51.8187334+08:00	0x04	-0.4924	0.0459	0.5811	-0.6464	258.63	308.98	35.68
2026-06-05T14:36:51.8187334+08:00	0x03	0.5030	-0.3095	-0.7589	-0.2745	170.91	297.01	311.77
2026-06-05T14:36:51.8197308+08:00	0x02	0.5022	0.5186	-0.6868	-0.0846	125.11	266.89	38.86
2026-06-05T14:36:51.8197308+08:00	0x07	0.3206	0.6011	-0.3611	0.6368	352.07	82.35	57.40
2026-06-05T14:36:51.8197308+08:00	0x01	-0.4416	-0.4540	0.6801	-0.3693	197.82	306.68	70.68
2026-06-05T14:36:51.8197308+08:00	0x08	-0.0681	-0.7107	0.0067	-0.7002	5.04	91.12	6.01
2026-06-05T14:36:51.8197308+08:00	0x04	-0.4935	0.0445	0.5970	-0.6309	255.93	308.26	34.72
2026-06-05T14:36:51.8197308+08:00	0x03	0.4992	-0.3033	-0.7526	-0.3039	166.25	299.24	310.54
2026-06-05T14:36:51.8197308+08:00	0x06	-0.6233	-0.0447	0.7799	0.0364	173.54	282.66	1.39
2026-06-05T14:36:51.8197308+08:00	0x07	0.3161	0.6054	-0.3561	0.6377	352.55	83.01	56.55
2026-06-05T14:36:51.8197308+08:00	0x08	-0.0599	-0.7131	-0.0003	-0.6985	4.94	91.40	4.77
2026-06-05T14:36:51.8197308+08:00	0x03	0.5009	-0.3086	-0.7577	-0.2825	169.63	297.75	311.36
2026-06-05T14:36:51.8197308+08:00	0x09	0.1775	0.6802	-0.2198	0.6764	356.20	89.20	32.62
2026-06-05T14:36:51.8197308+08:00	0x07	0.3050	0.6115	-0.3465	0.6426	352.82	83.44	54.66
2026-06-05T14:36:51.8197308+08:00	0x06	-0.6223	-0.0476	0.7806	0.0331	173.63	282.77	1.90
2026-06-05T14:36:51.8197308+08:00	0x08	-0.0645	-0.7121	0.0067	-0.6990	4.75	91.30	5.72
2026-06-05T14:36:51.8197308+08:00	0x04	-0.5048	0.0705	0.6141	-0.6026	251.98	304.28	31.45
2026-06-05T14:36:51.8197308+08:00	0x03	0.4927	-0.3061	-0.7442	-0.3312	162.13	301.65	308.56
2026-06-05T14:36:51.8197308+08:00	0x09	0.1763	0.6803	-0.2223	0.6758	355.87	89.17	32.73
2026-06-05T14:36:51.8197308+08:00	0x01	-0.4364	-0.4639	0.6841	-0.3554	194.40	305.21	70.90
2026-06-05T14:36:51.8197308+08:00	0x08	-0.0615	-0.7114	0.0054	-0.7001	4.61	91.14	5.38
2026-06-05T14:36:51.8197308+08:00	0x04	-0.5048	0.0872	0.6128	-0.6017	252.47	303.29	30.05
2026-06-05T14:36:51.8197308+08:00	0x03	0.4898	-0.3141	-0.7473	-0.3208	163.94	301.32	308.39
2026-06-05T14:36:51.8197308+08:00	0x02	0.4988	0.5225	-0.6901	-0.0437	127.75	266.60	42.65
2026-06-05T14:36:51.8197308+08:00	0x09	0.1749	0.6799	-0.2217	0.6767	355.77	89.03	32.56
2026-06-05T14:36:51.8197308+08:00	0x07	0.2815	0.6200	-0.3270	0.6553	352.78	83.39	50.76
2026-06-05T14:36:51.8197308+08:00	0x08	-0.0626	-0.7111	0.0071	-0.7002	4.56	91.11	5.61
2026-06-05T14:36:51.8197308+08:00	0x04	-0.4838	0.0508	0.6253	-0.6102	252.89	308.30	31.80
2026-06-05T14:36:51.8197308+08:00	0x02	0.4805	0.5183	-0.7055	-0.0516	128.69	270.07	42.98
2026-06-05T14:36:51.8197308+08:00	0x09	0.1758	0.6798	-0.2243	0.6758	355.63	89.05	32.85
2026-06-05T14:36:51.8197308+08:00	0x07	0.2770	0.6227	-0.3240	0.6561	352.82	83.65	50.09
2026-06-05T14:36:51.8197308+08:00	0x01	-0.4385	-0.4489	0.6848	-0.3705	199.44	308.42	70.00
2026-06-05T14:36:51.8197308+08:00	0x08	-0.0617	-0.7117	0.0072	-0.6997	4.48	91.19	5.54
2026-06-05T14:36:51.8197308+08:00	0x03	0.4945	-0.3103	-0.7504	-0.3099	165.58	300.07	309.45
2026-06-05T14:36:51.8197308+08:00	0x02	0.4847	0.5193	-0.7021	-0.0490	128.53	269.27	42.98
2026-06-05T14:36:51.8197308+08:00	0x09	0.1734	0.6808	-0.2221	0.6761	355.64	89.14	32.47
2026-06-05T14:36:51.8197308+08:00	0x01	-0.4428	-0.4541	0.6835	-0.3613	195.71	305.20	70.18
2026-06-05T14:36:51.8197308+08:00	0x08	-0.0637	-0.7113	0.0095	-0.6999	4.46	91.16	5.90
2026-06-05T14:36:51.8197308+08:00	0x04	-0.4927	0.0615	0.6131	-0.6145	253.75	306.72	32.01
2026-06-05T14:36:51.8197308+08:00	0x06	-0.6184	-0.0560	0.7834	0.0290	173.41	283.26	2.97
2026-06-05T14:36:51.8197308+08:00	0x09	0.1720	0.6821	-0.2207	0.6756	355.69	89.31	32.24
2026-06-05T14:36:51.8197308+08:00	0x01	-0.4408	-0.4558	0.6855	-0.3579	195.13	305.15	70.11
2026-06-05T14:36:51.8197308+08:00	0x07	0.2606	0.6310	-0.3081	0.6626	353.29	84.26	47.24
2026-06-05T14:36:51.8197308+08:00	0x08	-0.0816	-0.7092	0.0279	-0.6997	4.45	91.11	8.84
2026-06-05T14:36:51.8197308+08:00	0x04	-0.4997	0.0695	0.6254	-0.5953	250.92	304.74	30.53
2026-06-05T14:36:51.8197308+08:00	0x03	0.4825	-0.3265	-0.7204	-0.3763	155.72	305.56	303.54
2026-06-05T14:36:51.8197308+08:00	0x09	0.1760	0.6800	-0.2246	0.6754	355.62	89.10	32.90
2026-06-05T14:36:51.8197308+08:00	0x01	-0.4373	-0.4549	0.6885	-0.3574	195.92	306.32	69.89
2026-06-05T14:36:51.8197308+08:00	0x08	-0.0811	-0.7080	0.0235	-0.7012	4.75	90.90	8.45
2026-06-05T14:36:51.8197308+08:00	0x04	-0.4886	0.0667	0.6089	-0.6213	255.08	307.15	31.74
2026-06-05T14:36:51.8197308+08:00	0x02	0.4893	0.5155	-0.7022	-0.0410	129.60	269.18	43.15
2026-06-05T14:36:51.8197308+08:00	0x01	-0.4355	-0.4483	0.6882	-0.3684	199.64	309.09	69.71
2026-06-05T14:36:51.8197308+08:00	0x08	-0.0692	-0.7084	0.0090	-0.7023	4.94	90.77	6.31
2026-06-05T14:36:51.8197308+08:00	0x04	-0.4629	0.0140	0.5885	-0.6627	261.30	315.38	36.66
2026-06-05T14:36:51.8197308+08:00	0x03	0.4876	-0.3007	-0.7617	-0.3027	165.21	301.50	311.12
2026-06-05T14:36:51.8197308+08:00	0x06	-0.6193	-0.0473	0.7830	0.0334	173.63	283.21	1.87
2026-06-05T14:36:51.8197308+08:00	0x09	0.1821	0.6772	-0.2240	0.6768	356.12	88.87	33.36
2026-06-05T14:36:51.8197308+08:00	0x07	0.2497	0.6345	-0.2865	0.6731	354.47	84.36	44.40
2026-06-05T14:36:51.8197308+08:00	0x01	-0.4356	-0.4510	0.6853	-0.3703	199.78	309.09	70.19
2026-06-05T14:36:51.8197308+08:00	0x08	-0.0641	-0.7093	0.0029	-0.7020	5.00	90.83	5.40
2026-06-05T14:36:51.8197308+08:00	0x04	-0.4795	0.0168	0.5970	-0.6429	257.57	312.24	36.62
2026-06-05T14:36:51.8197308+08:00	0x03	0.4887	-0.3046	-0.7533	-0.3178	163.52	301.83	309.69
2026-06-05T14:36:51.8197308+08:00	0x06	-0.6238	-0.0435	0.7794	0.0390	173.39	282.59	1.10
2026-06-05T14:36:51.8197308+08:00	0x09	0.1854	0.6778	-0.2275	0.6741	356.17	89.14	33.95
2026-06-05T14:36:51.8197308+08:00	0x07	0.2423	0.6354	-0.2799	0.6777	354.37	84.08	43.16
2026-06-05T14:36:51.8197308+08:00	0x08	-0.0621	-0.7085	0.0035	-0.7030	4.78	90.67	5.29
2026-06-05T14:36:51.8197308+08:00	0x04	-0.5048	0.0521	0.6157	-0.6028	251.37	305.32	32.99
2026-06-05T14:36:51.8207281+08:00	0x03	0.4839	-0.3320	-0.7356	-0.3384	162.22	302.57	305.33
2026-06-05T14:36:51.8207281+08:00	0x02	0.4889	0.4934	-0.7185	-0.0352	133.76	272.72	42.42
2026-06-05T14:36:51.8207281+08:00	0x07	0.2314	0.6388	-0.2715	0.6817	354.29	84.11	41.48
2026-06-05T14:36:51.8207281+08:00	0x01	-0.4321	-0.4539	0.6972	-0.3482	195.10	306.84	69.02
2026-06-05T14:36:51.8207281+08:00	0x08	-0.0304	-0.7082	-0.0269	-0.7048	4.64	90.28	0.27
2026-06-05T14:36:51.8207281+08:00	0x04	-0.5070	0.0472	0.6243	-0.5925	249.57	304.95	32.81
2026-06-05T14:36:51.8207281+08:00	0x02	0.4934	0.4845	-0.7211	-0.0436	134.23	273.31	40.97
2026-06-05T14:36:51.8207281+08:00	0x06	-0.6206	-0.0367	0.7818	0.0485	173.02	283.13	359.84
2026-06-05T14:36:51.8207281+08:00	0x07	0.2261	0.6400	-0.2673	0.6840	354.23	84.06	40.66
2026-06-05T14:36:51.8207281+08:00	0x03	0.4859	-0.3392	-0.7396	-0.3191	165.89	300.65	305.73
2026-06-05T14:36:51.8207281+08:00	0x08	0.0013	-0.7077	-0.0577	-0.7041	4.57	90.10	355.20
2026-06-05T14:36:51.8207281+08:00	0x04	-0.4827	0.0313	0.6328	-0.6047	251.46	309.36	32.97
2026-06-05T14:36:51.8207281+08:00	0x03	0.4752	-0.3235	-0.7604	-0.3021	165.97	302.74	308.82
2026-06-05T14:36:51.8207281+08:00	0x06	-0.6196	-0.0406	0.7827	0.0432	173.23	283.24	0.57
2026-06-05T14:36:51.8207281+08:00	0x07	0.2135	0.6426	-0.2532	0.6910	354.47	83.92	38.34
2026-06-05T14:36:51.8207281+08:00	0x01	-0.4321	-0.4327	0.6994	-0.3699	202.17	311.55	67.66
2026-06-05T14:36:51.8207281+08:00	0x08	0.0264	-0.7070	-0.0834	-0.7018	4.63	90.07	351.08
2026-06-05T14:36:51.8207281+08:00	0x04	-0.4796	0.0340	0.6189	-0.6211	254.25	310.22	33.63
2026-06-05T14:36:51.8207281+08:00	0x03	0.4732	-0.3109	-0.7678	-0.2998	165.16	303.59	310.43
2026-06-05T14:36:51.8207281+08:00	0x02	0.4989	0.4862	-0.7167	-0.0338	134.54	272.26	41.54
2026-06-05T14:36:51.8207281+08:00	0x06	-0.6182	-0.0408	0.7838	0.0421	173.31	283.43	0.68
2026-06-05T14:36:51.8207281+08:00	0x01	-0.4336	-0.4373	0.6977	-0.3660	200.62	310.28	68.06
2026-06-05T14:36:51.8207281+08:00	0x09	0.1799	0.6741	-0.2283	0.6791	355.35	88.18	33.51
2026-06-05T14:36:51.8207281+08:00	0x08	0.0399	-0.7061	-0.0966	-0.7004	4.62	90.02	348.91
2026-06-05T14:36:51.8207281+08:00	0x04	-0.4693	0.0211	0.6032	-0.6446	258.09	313.27	35.42
2026-06-05T14:36:51.8207281+08:00	0x02	0.4994	0.4812	-0.7196	-0.0352	135.17	272.90	41.10
2026-06-05T14:36:51.8207281+08:00	0x06	-0.6181	-0.0425	0.7839	0.0394	173.43	283.43	1.03
2026-06-05T14:36:51.8207281+08:00	0x01	-0.4329	-0.4405	0.6952	-0.3679	200.88	310.50	68.58
2026-06-05T14:36:51.8207281+08:00	0x07	0.1945	0.6492	-0.2324	0.6976	354.98	84.30	34.97
2026-06-05T14:36:51.8207281+08:00	0x08	0.0465	-0.7057	-0.1052	-0.6991	4.79	90.02	347.67
2026-06-05T14:36:51.8207281+08:00	0x04	-0.4765	0.0196	0.5590	-0.6783	264.19	314.26	38.65
2026-06-05T14:36:51.8207281+08:00	0x03	0.4856	-0.2976	-0.7766	-0.2693	169.20	300.60	313.63
2026-06-05T14:36:51.8207281+08:00	0x06	-0.6168	-0.0457	0.7850	0.0337	173.72	283.59	1.72
2026-06-05T14:36:51.8207281+08:00	0x07	0.1851	0.6516	-0.2195	0.7021	355.41	84.37	33.09
2026-06-05T14:36:51.8207281+08:00	0x09	0.1777	0.6739	-0.2226	0.6817	355.63	88.06	32.84
2026-06-05T14:36:51.8207281+08:00	0x08	0.0362	-0.7053	-0.0945	-0.7016	4.76	89.86	349.38
2026-06-05T14:36:51.8207281+08:00	0x03	0.4842	-0.3016	-0.7615	-0.3077	164.31	302.32	310.77
2026-06-05T14:36:51.8207281+08:00	0x02	0.4892	0.4868	-0.7229	-0.0324	135.04	273.67	42.24
2026-06-05T14:36:51.8207281+08:00	0x06	-0.6165	-0.0398	0.7852	0.0421	173.38	283.69	0.60
2026-06-05T14:36:51.8207281+08:00	0x09	0.1832	0.6700	-0.2333	0.6805	355.01	87.58	34.19
2026-06-05T14:36:51.8207281+08:00	0x07	0.1774	0.6510	-0.2141	0.7063	355.17	83.94	31.96
2026-06-05T14:36:51.8207281+08:00	0x08	0.0475	-0.7034	-0.1050	-0.7014	4.72	89.65	347.62
2026-06-05T14:36:51.8207281+08:00	0x02	0.4917	0.4650	-0.7357	-0.0270	138.72	276.40	41.13
2026-06-05T14:36:51.8207281+08:00	0x06	-0.6169	-0.0378	0.7849	0.0431	173.44	283.65	0.36
2026-06-05T14:36:51.8207281+08:00	0x07	0.1673	0.6549	-0.1998	0.7094	355.74	84.28	29.93
2026-06-05T14:36:51.8207281+08:00	0x09	0.1820	0.6721	-0.2269	0.6809	355.57	87.92	33.57
2026-06-05T14:36:51.8207281+08:00	0x08	0.0801	-0.7055	-0.1388	-0.6904	4.73	90.50	342.16
2026-06-05T14:36:51.8207281+08:00	0x01	-0.4454	-0.3989	0.6972	-0.3955	208.00	313.01	65.30
2026-06-05T14:36:51.8207281+08:00	0x04	-0.4770	0.1193	0.7163	-0.4952	239.70	302.80	17.55
2026-06-05T14:36:51.8207281+08:00	0x03	0.4306	-0.3652	-0.5989	-0.5678	103.58	344.42	292.10
2026-06-05T14:36:51.8207281+08:00	0x06	-0.6313	-0.0434	0.7732	0.0414	173.17	281.49	0.85
2026-06-05T14:36:51.8207281+08:00	0x01	-0.5503	-0.2833	0.6573	-0.4300	208.35	295.98	57.75
2026-06-05T14:36:51.8207281+08:00	0x09	0.1855	0.6761	-0.2276	0.6758	356.08	88.83	33.95
2026-06-05T14:36:51.8207281+08:00	0x08	0.0435	-0.7217	-0.0923	-0.6846	3.71	92.66	348.88
2026-06-05T14:36:51.8207281+08:00	0x03	0.4318	-0.4020	-0.6207	-0.5165	115.99	338.34	289.09
2026-06-05T14:36:51.8207281+08:00	0x06	-0.6393	-0.0239	0.7651	0.0732	171.79	280.46	356.73
2026-06-05T14:36:51.8207281+08:00	0x07	0.1716	0.6636	-0.2126	0.6964	355.40	85.94	31.41
2026-06-05T14:36:51.8207281+08:00	0x09	0.1962	0.6817	-0.2440	0.6613	356.07	90.46	36.31
2026-06-05T14:36:51.8207281+08:00	0x08	0.0653	-0.7128	-0.1081	-0.6900	3.31	91.45	345.87
2026-06-05T14:36:51.8207281+08:00	0x02	0.6490	0.3544	-0.6387	0.2130	164.07	262.15	46.81
2026-06-05T14:36:51.8207281+08:00	0x04	-0.5068	-0.1209	0.6132	-0.5937	246.30	313.72	48.60
2026-06-05T14:36:51.8207281+08:00	0x06	-0.6541	-0.0215	0.7521	0.0776	171.65	278.27	356.03
2026-06-05T14:36:51.8207281+08:00	0x01	-0.6045	-0.2649	0.6788	-0.3220	190.17	281.21	48.49
2026-06-05T14:36:51.8217261+08:00	0x03	0.4267	-0.4156	-0.6365	-0.4900	122.95	334.92	288.69
2026-06-05T14:36:51.8217261+08:00	0x09	0.1947	0.7088	-0.2234	0.6402	359.29	95.60	34.47
2026-06-05T14:36:51.8217261+08:00	0x08	0.1326	-0.7004	-0.1776	-0.6785	3.51	91.03	334.62
2026-06-05T14:36:51.8217261+08:00	0x04	-0.5004	-0.1839	0.5331	-0.6570	262.38	325.94	58.60
2026-06-05T14:36:51.8217261+08:00	0x03	0.4301	-0.4153	-0.6305	-0.4950	121.72	335.29	288.29
2026-06-05T14:36:51.8217261+08:00	0x07	0.1568	0.6596	-0.1900	0.7101	355.91	84.75	28.25
2026-06-05T14:36:51.8217261+08:00	0x01	-0.6060	-0.2702	0.6748	-0.3230	189.54	280.52	49.13
2026-06-05T14:36:51.8217261+08:00	0x09	0.1661	0.6949	-0.2069	0.6683	356.96	91.40	30.64
2026-06-05T14:36:51.8217261+08:00	0x02	0.6306	0.3922	-0.6167	0.2612	162.77	259.83	54.41
2026-06-05T14:36:51.8217261+08:00	0x04	-0.4667	-0.2536	0.4504	-0.7177	291.17	352.62	63.93
2026-06-05T14:36:51.8217261+08:00	0x07	0.1445	0.6632	-0.1712	0.7141	356.64	85.01	25.69
2026-06-05T14:36:51.8217261+08:00	0x01	-0.6157	-0.2759	0.6732	-0.3025	185.80	277.70	48.08
2026-06-05T14:36:51.8217261+08:00	0x09	0.1610	0.6954	-0.1992	0.6714	357.13	91.25	29.55
2026-06-05T14:36:51.8217261+08:00	0x02	0.6121	0.4238	-0.5961	0.3008	160.80	257.14	60.86
2026-06-05T14:36:51.8217261+08:00	0x04	-0.4527	-0.2851	0.3959	-0.7464	309.74	8.93	64.35
2026-06-05T14:36:51.8217261+08:00	0x03	0.4376	-0.4071	-0.6164	-0.5127	117.36	336.88	288.10
2026-06-05T14:36:51.8217261+08:00	0x07	0.1317	0.6676	-0.1626	0.7145	356.46	85.36	23.91
2026-06-05T14:36:51.8217261+08:00	0x01	-0.6218	-0.2707	0.6739	-0.2930	184.88	276.72	46.83
2026-06-05T14:36:51.8217261+08:00	0x08	0.1056	-0.7259	-0.1415	-0.6647	2.13	94.66	339.77
2026-06-05T14:36:51.8217261+08:00	0x02	0.5963	0.4410	-0.5870	0.3245	160.09	256.39	64.80
2026-06-05T14:36:51.8217261+08:00	0x03	0.4318	-0.4150	-0.6162	-0.5115	115.92	339.17	287.60
2026-06-05T14:36:51.8217261+08:00	0x04	-0.4338	-0.3116	0.3394	-0.7743	327.02	23.65	62.04
2026-06-05T14:36:51.8217261+08:00	0x06	-0.6546	-0.0399	0.7529	0.0547	172.27	278.03	359.34
2026-06-05T14:36:51.8217261+08:00	0x01	-0.6213	-0.2667	0.6764	-0.2923	185.32	277.14	46.38
2026-06-05T14:36:51.8217261+08:00	0x09	0.1650	0.6952	-0.2091	0.6677	356.68	91.40	30.73
2026-06-05T14:36:51.8217261+08:00	0x08	0.0975	-0.7260	-0.1341	-0.6674	2.27	94.44	341.04
2026-06-05T14:36:51.8217261+08:00	0x03	0.4305	-0.4166	-0.6157	-0.5119	115.36	339.86	287.49
2026-06-05T14:36:51.8217261+08:00	0x02	0.5833	0.4542	-0.5816	0.3394	159.27	255.88	67.56
2026-06-05T14:36:51.8217261+08:00	0x06	-0.6548	-0.0400	0.7528	0.0529	172.41	278.00	359.48
2026-06-05T14:36:51.8217261+08:00	0x07	0.1011	0.6729	-0.1307	0.7211	356.82	85.52	18.76
2026-06-05T14:36:51.8217261+08:00	0x09	0.1657	0.6949	-0.2069	0.6685	356.91	91.37	30.60
2026-06-05T14:36:51.8217261+08:00	0x08	0.0904	-0.7269	-0.1310	-0.6680	2.63	94.41	341.86
2026-06-05T14:36:51.8217261+08:00	0x04	-0.4344	-0.3108	0.3411	-0.7735	326.54	23.26	62.14
2026-06-05T14:36:51.8217261+08:00	0x03	0.4337	-0.4100	-0.6148	-0.5157	115.37	339.01	287.94
2026-06-05T14:36:51.8217261+08:00	0x07	0.0932	0.6744	-0.1180	0.7229	357.31	85.61	17.09
2026-06-05T14:36:51.8217261+08:00	0x06	-0.6540	-0.0397	0.7538	0.0496	172.72	278.13	359.72
2026-06-05T14:36:51.8217261+08:00	0x09	0.1681	0.6929	-0.2060	0.6702	357.12	91.12	30.72
2026-06-05T14:36:51.8217261+08:00	0x08	0.0808	-0.7278	-0.1246	-0.6695	2.96	94.34	343.17
2026-06-05T14:36:51.8217261+08:00	0x02	0.5718	0.4648	-0.5793	0.3484	158.54	255.75	69.54
2026-06-05T14:36:51.8217261+08:00	0x07	0.0825	0.6758	-0.1047	0.7249	357.60	85.67	15.14
2026-06-05T14:36:51.8217261+08:00	0x09	0.1691	0.6925	-0.2069	0.6702	357.12	91.08	30.87
2026-06-05T14:36:51.8217261+08:00	0x08	0.0650	-0.7294	-0.1094	-0.6722	3.09	94.29	345.70
2026-06-05T14:36:51.8217261+08:00	0x02	0.5726	0.4637	-0.5799	0.3476	158.71	255.90	69.36
2026-06-05T14:36:51.8217261+08:00	0x04	-0.4005	-0.3525	0.2597	-0.8049	346.01	39.86	55.88
2026-06-05T14:36:51.8217261+08:00	0x03	0.4342	-0.4109	-0.6149	-0.5143	115.82	338.67	287.83
2026-06-05T14:36:51.8217261+08:00	0x06	-0.6538	-0.0383	0.7539	0.0520	172.62	278.18	359.41
2026-06-05T14:36:51.8217261+08:00	0x07	0.0725	0.6768	-0.0957	0.7263	357.59	85.67	13.59
2026-06-05T14:36:51.8217261+08:00	0x08	0.0659	-0.7292	-0.1101	-0.6722	3.08	94.27	345.57
2026-06-05T14:36:51.8217261+08:00	0x02	0.5698	0.4686	-0.5794	0.3464	157.55	255.23	69.68
2026-06-05T14:36:51.8217261+08:00	0x03	0.4351	-0.4053	-0.6128	-0.5205	114.43	339.19	288.26
2026-06-05T14:36:51.8217261+08:00	0x07	0.0612	0.6774	-0.0821	0.7284	357.86	85.63	11.56
2026-06-05T14:36:51.8217261+08:00	0x09	0.1704	0.6914	-0.2090	0.6702	357.02	90.95	31.16
2026-06-05T14:36:51.8217261+08:00	0x06	-0.6530	-0.0407	0.7547	0.0484	172.75	278.27	359.90
2026-06-05T14:36:51.8217261+08:00	0x01	-0.6137	-0.2749	0.6774	-0.2982	185.67	278.16	47.60
2026-06-05T14:36:51.8217261+08:00	0x08	0.0591	-0.7294	-0.1044	-0.6734	3.20	94.20	346.59
2026-06-05T14:36:51.8217261+08:00	0x02	0.5691	0.4700	-0.5801	0.3446	157.15	255.09	69.64
2026-06-05T14:36:51.8217261+08:00	0x03	0.4361	-0.4027	-0.6145	-0.5197	115.25	338.31	288.53
2026-06-05T14:36:51.8217261+08:00	0x01	-0.6138	-0.2743	0.6772	-0.2990	185.81	278.20	47.61
2026-06-05T14:36:51.8217261+08:00	0x06	-0.6528	-0.0410	0.7549	0.0482	172.74	278.30	359.95
2026-06-05T14:36:51.8217261+08:00	0x08	0.0562	-0.7295	-0.1016	-0.6741	3.23	94.15	347.05
2026-06-05T14:36:51.8217261+08:00	0x02	0.5716	0.4678	-0.5811	0.3416	157.27	255.19	69.10
2026-06-05T14:36:51.8217261+08:00	0x04	-0.3986	-0.3472	0.2643	-0.8067	344.58	38.38	55.75
2026-06-05T14:36:51.8217261+08:00	0x03	0.4376	-0.4018	-0.6142	-0.5194	115.66	337.77	288.52
2026-06-05T14:36:51.8217261+08:00	0x07	0.0379	0.6777	-0.0571	0.7321	358.14	85.45	7.64
2026-06-05T14:36:51.8217261+08:00	0x01	-0.6123	-0.2767	0.6774	-0.2994	185.72	278.32	47.86
2026-06-05T14:36:51.8217261+08:00	0x08	0.0483	-0.7291	-0.0934	-0.6762	3.28	93.98	348.38
2026-06-05T14:36:51.8217261+08:00	0x02	0.5733	0.4662	-0.5842	0.3356	157.27	255.53	68.37
2026-06-05T14:36:51.8217261+08:00	0x03	0.4344	-0.4012	-0.6160	-0.5204	114.98	338.64	288.83
2026-06-05T14:36:51.8227637+08:00	0x01	-0.6132	-0.2749	0.6790	-0.2956	185.45	278.22	47.37
2026-06-05T14:36:51.8227931+08:00	0x07	0.0278	0.6769	-0.0483	0.7339	358.09	85.27	6.10
2026-06-05T14:36:51.8227931+08:00	0x08	0.0486	-0.7290	-0.0919	-0.6765	3.13	93.96	348.48
2026-06-05T14:36:51.8227931+08:00	0x02	0.5757	0.4650	-0.5847	0.3323	157.06	255.33	67.88
2026-06-05T14:36:51.8227931+08:00	0x03	0.4339	-0.3996	-0.6160	-0.5222	114.54	338.92	289.03
2026-06-05T14:36:51.8227931+08:00	0x07	0.0137	0.6775	-0.0345	0.7346	358.15	85.31	3.83
2026-06-05T14:36:51.8227931+08:00	0x01	-0.6138	-0.2760	0.6781	-0.2954	185.24	278.00	47.47
2026-06-05T14:36:51.8227931+08:00	0x08	0.0498	-0.7292	-0.0929	-0.6761	3.10	94.02	348.30
2026-06-05T14:36:51.8227931+08:00	0x02	0.5764	0.4646	-0.5849	0.3314	157.03	255.31	67.75
2026-06-05T14:36:51.8227931+08:00	0x03	0.4351	-0.3988	-0.6152	-0.5226	114.63	338.64	289.01
2026-06-05T14:36:51.8227931+08:00	0x04	-0.4006	-0.3379	0.2739	-0.8064	342.08	35.84	56.22
2026-06-05T14:36:51.8227931+08:00	0x06	-0.6506	-0.0439	0.7566	0.0485	172.50	278.61	0.19
2026-06-05T14:36:51.8227931+08:00	0x01	-0.6139	-0.2755	0.6795	-0.2923	184.98	277.98	47.17
2026-06-05T14:36:51.8227931+08:00	0x09	0.1691	0.6903	-0.2126	0.6706	356.53	90.68	31.35
2026-06-05T14:36:51.8227931+08:00	0x08	0.0451	-0.7290	-0.0887	-0.6772	3.18	93.91	349.02
2026-06-05T14:36:51.8227931+08:00	0x07	0.0028	0.6773	-0.0220	0.7353	358.36	85.27	1.94
2026-06-05T14:36:51.8227931+08:00	0x02	0.5730	0.4694	-0.5840	0.3321	156.11	254.77	68.26
2026-06-05T14:36:51.8227931+08:00	0x03	0.4344	-0.3989	-0.6125	-0.5264	113.17	339.78	288.93
2026-06-05T14:36:51.8227931+08:00	0x04	-0.4055	-0.3359	0.2733	-0.8050	342.19	35.62	56.77
2026-06-05T14:36:51.8227931+08:00	0x07	-0.0097	0.6766	-0.0083	0.7362	358.55	85.17	359.83
2026-06-05T14:36:51.8227931+08:00	0x09	0.1690	0.6896	-0.2135	0.6711	356.40	90.54	31.42
2026-06-05T14:36:51.8227931+08:00	0x08	0.0396	-0.7289	-0.0836	-0.6783	3.25	93.83	349.89
2026-06-05T14:36:51.8227931+08:00	0x02	0.4821	0.6266	-0.5551	0.2587	104.34	220.18	70.91
2026-06-05T14:36:51.8227931+08:00	0x03	0.4386	-0.3888	-0.6165	-0.5257	115.26	337.13	289.85
2026-06-05T14:36:51.8227931+08:00	0x04	-0.4043	-0.3285	0.2739	-0.8085	341.28	34.11	56.48
2026-06-05T14:36:51.8227931+08:00	0x06	-0.6407	-0.0554	0.7653	0.0272	173.52	279.97	2.86
2026-06-05T14:36:51.8227931+08:00	0x09	0.1616	0.6869	-0.2081	0.6773	356.02	89.73	30.32
2026-06-05T14:36:51.8227931+08:00	0x08	0.0125	-0.7240	-0.0633	-0.6867	3.97	92.81	353.75
2026-06-05T14:36:51.8227931+08:00	0x02	0.4453	0.5384	-0.6969	0.1618	145.37	273.03	63.44
2026-06-05T14:36:51.8227931+08:00	0x03	0.4425	-0.3757	-0.6280	-0.5183	119.52	332.97	291.47
2026-06-05T14:36:51.8227931+08:00	0x06	-0.6381	-0.0454	0.7678	0.0368	173.43	280.47	1.30
2026-06-05T14:36:51.8227931+08:00	0x07	-0.0602	0.6659	0.0500	0.7419	359.65	83.85	351.03
2026-06-05T14:36:51.8227931+08:00	0x09	0.1636	0.6787	-0.2152	0.6828	355.20	88.32	31.04
2026-06-05T14:36:51.8227931+08:00	0x08	-0.0085	-0.7213	-0.0445	-0.6912	4.24	92.33	357.00
2026-06-05T14:36:51.8227931+08:00	0x02	0.4950	0.4741	-0.7200	0.1088	149.31	275.66	52.22
2026-06-05T14:36:51.8227931+08:00	0x04	-0.4022	-0.3204	0.2861	-0.8085	338.23	31.44	56.49
2026-06-05T14:36:51.8227931+08:00	0x03	0.4442	-0.3727	-0.6324	-0.5136	121.43	331.33	291.91
2026-06-05T14:36:51.8227931+08:00	0x07	-0.0695	0.6663	0.0615	0.7399	359.90	84.02	349.35
2026-06-05T14:36:51.8227931+08:00	0x09	0.1693	0.6777	-0.2181	0.6815	355.43	88.38	31.76
2026-06-05T14:36:51.8227931+08:00	0x06	-0.6374	-0.0428	0.7684	0.0381	173.50	280.59	0.98
2026-06-05T14:36:51.8227931+08:00	0x08	-0.0279	-0.7202	-0.0277	-0.6926	4.51	92.24	359.93
2026-06-05T14:36:51.8227931+08:00	0x02	0.5392	0.4290	-0.7192	0.0896	151.56	274.14	45.53
2026-06-05T14:36:51.8227931+08:00	0x03	0.4445	-0.3738	-0.6343	-0.5103	122.38	330.73	291.90
2026-06-05T14:36:51.8227931+08:00	0x04	-0.4053	-0.3173	0.2890	-0.8072	337.45	30.59	56.90
2026-06-05T14:36:51.8227931+08:00	0x07	-0.0808	0.6651	0.0774	0.7383	0.40	83.98	347.15
2026-06-05T14:36:51.8227931+08:00	0x01	-0.4781	-0.3746	0.7357	-0.2996	188.71	298.69	56.90
2026-06-05T14:36:51.8227931+08:00	0x08	-0.0391	-0.7187	-0.0193	-0.6940	4.76	92.07	1.53
2026-06-05T14:36:51.8227931+08:00	0x02	0.5510	0.4072	-0.7253	0.0671	151.95	274.70	41.65
2026-06-05T14:36:51.8227931+08:00	0x04	-0.4093	-0.3140	0.2940	-0.8046	336.29	29.50	57.49
2026-06-05T14:36:51.8227931+08:00	0x03	0.4471	-0.3722	-0.6381	-0.5044	124.55	328.88	292.18
2026-06-05T14:36:51.8227931+08:00	0x07	-0.0906	0.6634	0.0908	0.7372	0.81	83.86	345.28
2026-06-05T14:36:51.8227931+08:00	0x01	-0.4747	-0.3754	0.7375	-0.2998	189.06	299.39	56.96
2026-06-05T14:36:51.8227931+08:00	0x08	-0.0404	-0.7178	-0.0187	-0.6948	4.82	91.94	1.67
2026-06-05T14:36:51.8227931+08:00	0x02	0.5585	0.3913	-0.7294	0.0551	152.59	275.18	39.22
2026-06-05T14:36:51.8227931+08:00	0x03	0.4473	-0.3738	-0.6397	-0.5011	125.46	328.34	292.12
2026-06-05T14:36:51.8227931+08:00	0x07	-0.1036	0.6616	0.1056	0.7352	1.10	83.81	343.02
2026-06-05T14:36:51.8227931+08:00	0x06	-0.6365	-0.0381	0.7693	0.0387	173.79	280.76	0.54
2026-06-05T14:36:51.8227931+08:00	0x09	0.1790	0.6731	-0.2235	0.6818	355.64	87.97	33.02
2026-06-05T14:36:51.8227931+08:00	0x08	-0.0372	-0.7178	-0.0228	-0.6949	4.88	91.90	1.09
2026-06-05T14:36:51.8227931+08:00	0x04	-0.4181	-0.3067	0.3051	-0.7988	333.55	26.93	58.77
2026-06-05T14:36:51.8227931+08:00	0x03	0.4478	-0.3735	-0.6406	-0.4996	125.96	327.92	292.19
2026-06-05T14:36:51.8227931+08:00	0x07	-0.1166	0.6594	0.1212	0.7327	1.45	83.73	340.69
2026-06-05T14:36:51.8227931+08:00	0x09	0.1810	0.6722	-0.2248	0.6818	355.66	87.89	33.30
2026-06-05T14:36:51.8238055+08:00	0x02	0.5634	0.3794	-0.7326	0.0445	152.90	275.58	37.30
2026-06-05T14:36:51.8238055+08:00	0x03	0.4480	-0.3733	-0.6430	-0.4965	126.89	327.31	292.34
2026-06-05T14:36:51.8238055+08:00	0x06	-0.6363	-0.0338	0.7696	0.0411	173.90	280.83	359.98
2026-06-05T14:36:51.8238055+08:00	0x09	0.1946	0.6653	-0.2385	0.6802	355.38	87.25	35.59
2026-06-05T14:36:51.8238055+08:00	0x04	-0.3843	-0.2316	0.1245	-0.8850	356.40	27.75	47.55
2026-06-05T14:36:51.8238055+08:00	0x09	0.1838	0.6647	-0.2246	0.6885	355.53	86.64	33.48
2026-06-05T14:36:51.8238055+08:00	0x08	-0.0289	-0.7240	-0.0407	-0.6880	5.61	92.87	358.91
2026-06-05T14:36:51.8238055+08:00	0x03	0.4700	-0.3012	-0.7597	-0.3335	159.45	306.27	309.54
2026-06-05T14:36:51.8238055+08:00	0x09	0.1910	0.6623	-0.2337	0.6857	355.28	86.53	34.85
2026-06-05T14:36:51.8238055+08:00	0x07	-0.1607	0.6528	0.1776	0.7187	2.95	83.77	332.43
2026-06-05T14:36:51.8238055+08:00	0x08	-0.0571	-0.7231	-0.0123	-0.6883	5.72	93.00	3.49
2026-06-05T14:36:51.8238055+08:00	0x04	-0.4658	-0.1285	0.4391	-0.7574	288.29	338.08	54.93
2026-06-05T14:36:51.8238055+08:00	0x03	0.4441	-0.3256	-0.7174	-0.4268	142.66	317.61	302.20
2026-06-05T14:36:51.8238055+08:00	0x09	0.1919	0.6618	-0.2338	0.6859	355.33	86.48	34.95
2026-06-05T14:36:51.8238055+08:00	0x06	-0.6348	-0.0385	0.7712	0.0292	174.61	281.02	1.27
2026-06-05T14:36:51.8238055+08:00	0x07	-0.1768	0.6480	0.1969	0.7142	3.47	83.49	329.48
2026-06-05T14:36:51.8238055+08:00	0x04	-0.4853	-0.0899	0.4644	-0.7353	279.30	328.14	52.86
2026-06-05T14:36:51.8238055+08:00	0x03	0.4488	-0.3270	-0.7268	-0.4044	147.34	314.67	303.05
2026-06-05T14:36:51.8238055+08:00	0x09	0.1914	0.6616	-0.2317	0.6870	355.46	86.43	34.73
2026-06-05T14:36:51.8238055+08:00	0x06	-0.6329	-0.0410	0.7727	0.0255	174.76	281.27	1.79
2026-06-05T14:36:51.8238055+08:00	0x07	-0.1924	0.6445	0.2143	0.7083	3.81	83.46	326.72
2026-06-05T14:36:51.8238055+08:00	0x04	-0.4848	-0.0910	0.4637	-0.7360	279.55	328.42	52.94
2026-06-05T14:36:51.8238055+08:00	0x03	0.4452	-0.3852	-0.5913	-0.5512	107.23	341.62	288.86
2026-06-05T14:36:51.8238055+08:00	0x06	-0.6302	-0.0407	0.7747	0.0311	174.29	281.68	1.37
2026-06-05T14:36:51.8238055+08:00	0x01	-0.4770	-0.3885	0.7187	-0.3240	191.02	299.25	60.17
2026-06-05T14:36:51.8238055+08:00	0x07	-0.2048	0.6373	0.2236	0.7084	3.91	82.71	324.88
2026-06-05T14:36:51.8238055+08:00	0x02	0.5833	0.4120	-0.6990	-0.0367	141.04	268.65	32.22
2026-06-05T14:36:51.8238055+08:00	0x03	0.4470	-0.3889	-0.6183	-0.5165	119.40	333.14	289.52
2026-06-05T14:36:51.8238055+08:00	0x06	-0.6294	-0.0365	0.7752	0.0404	173.77	281.83	0.33
2026-06-05T14:36:51.8238055+08:00	0x09	0.1919	0.6647	-0.2385	0.6815	355.08	87.00	35.36
2026-06-05T14:36:51.8238055+08:00	0x01	-0.4859	-0.3877	0.7250	-0.2966	185.82	295.59	58.26
2026-06-05T14:36:51.8238055+08:00	0x07	-0.2227	0.6354	0.2343	0.7013	3.30	83.22	322.41
2026-06-05T14:36:51.8238055+08:00	0x04	-0.4859	-0.1608	0.5048	-0.6951	271.90	330.71	56.92
2026-06-05T14:36:51.8238055+08:00	0x03	0.4474	-0.3828	-0.6189	-0.5198	118.95	333.05	290.12
2026-06-05T14:36:51.8238055+08:00	0x09	0.1887	0.6655	-0.2365	0.6823	355.00	87.00	34.91
2026-06-05T14:36:51.8238055+08:00	0x01	-0.4868	-0.3923	0.7246	-0.2901	184.20	294.56	58.31
2026-06-05T14:36:51.8238055+08:00	0x07	-0.2385	0.6290	0.2520	0.6957	3.80	82.84	319.54
2026-06-05T14:36:51.8238055+08:00	0x04	-0.4695	-0.1842	0.4722	-0.7229	282.52	340.19	58.52
2026-06-05T14:36:51.8238055+08:00	0x02	0.5609	0.4414	-0.7004	0.0016	141.08	268.63	38.33
2026-06-05T14:36:51.8238055+08:00	0x03	0.4473	-0.3843	-0.6193	-0.5184	119.26	332.94	290.00
2026-06-05T14:36:51.8238055+08:00	0x06	-0.6289	-0.0351	0.7755	0.0421	173.72	281.91	0.09
2026-06-05T14:36:51.8238055+08:00	0x01	-0.4849	-0.3958	0.7247	-0.2881	183.70	294.50	58.54
2026-06-05T14:36:51.8238055+08:00	0x07	-0.2510	0.6241	0.2673	0.6899	4.34	82.56	317.16
2026-06-05T14:36:51.8238055+08:00	0x04	-0.4728	-0.2022	0.4452	-0.7331	288.75	345.20	60.83
2026-06-05T14:36:51.8238055+08:00	0x03	0.4475	-0.3872	-0.6208	-0.5143	120.38	332.31	289.78
2026-06-05T14:36:51.8238055+08:00	0x06	-0.6295	-0.0361	0.7752	0.0390	173.92	281.82	0.39
2026-06-05T14:36:51.8238055+08:00	0x08	-0.0132	-0.7184	-0.0500	-0.6938	5.07	91.86	356.93
2026-06-05T14:36:51.8238055+08:00	0x07	-0.2661	0.6179	0.2880	0.6815	5.26	82.16	314.06
2026-06-05T14:36:51.8238055+08:00	0x04	-0.4725	-0.2149	0.4222	-0.7431	294.89	350.21	62.11
2026-06-05T14:36:51.8238055+08:00	0x09	0.1896	0.6646	-0.2316	0.6846	355.47	86.89	34.58
2026-06-05T14:36:51.8238055+08:00	0x01	-0.4795	-0.3995	0.7259	-0.2891	184.08	295.42	59.00
2026-06-05T14:36:51.8238055+08:00	0x07	-0.2776	0.6130	0.3024	0.6751	5.84	81.86	311.79
2026-06-05T14:36:51.8238055+08:00	0x04	-0.4704	-0.2215	0.4100	-0.7494	298.58	353.32	62.45
2026-06-05T14:36:51.8238055+08:00	0x03	0.4504	-0.3871	-0.6221	-0.5101	122.17	330.66	289.74
2026-06-05T14:36:51.8238055+08:00	0x09	0.1906	0.6632	-0.2302	0.6861	355.60	86.69	34.54
2026-06-05T14:36:51.8238055+08:00	0x06	-0.6290	-0.0335	0.7758	0.0372	174.26	281.91	0.30
2026-06-05T14:36:51.8238055+08:00	0x07	-0.2914	0.6063	0.3210	0.6667	6.82	81.30	308.94
2026-06-05T14:36:51.8238055+08:00	0x04	-0.4663	-0.2250	0.4025	-0.7549	301.21	355.61	62.27
2026-06-05T14:36:51.8238055+08:00	0x02	0.5252	0.4746	-0.7039	0.0585	142.52	269.82	46.85
2026-06-05T14:36:51.8238055+08:00	0x03	0.4511	-0.3879	-0.6219	-0.5092	122.49	330.39	289.63
2026-06-05T14:36:51.8238055+08:00	0x01	-0.4787	-0.4011	0.7235	-0.2940	184.68	295.69	59.54
2026-06-05T14:36:51.8238055+08:00	0x07	-0.3042	0.6004	0.3349	0.6594	7.37	80.92	306.55
2026-06-05T14:36:51.8238055+08:00	0x08	0.0014	-0.7180	-0.0678	-0.6927	5.30	91.79	354.30
2026-06-05T14:36:51.8238055+08:00	0x04	-0.4635	-0.2262	0.4018	-0.7567	301.83	356.30	62.03
2026-06-05T14:36:51.8238055+08:00	0x02	0.5191	0.4826	-0.7025	0.0643	142.01	269.59	48.14
2026-06-05T14:36:51.8238055+08:00	0x09	0.1915	0.6629	-0.2313	0.6858	355.58	86.68	34.70
2026-06-05T14:36:51.8248026+08:00	0x07	-0.3204	0.5917	0.3519	0.6507	8.21	80.15	303.55
2026-06-05T14:36:51.8248026+08:00	0x04	-0.4681	-0.2252	0.4028	-0.7536	300.90	355.31	62.49
2026-06-05T14:36:51.8248026+08:00	0x03	0.4514	-0.3874	-0.6217	-0.5095	122.46	330.34	289.66
2026-06-05T14:36:51.8248026+08:00	0x02	0.5153	0.4847	-0.7034	0.0696	142.34	269.92	48.90
2026-06-05T14:36:51.8248026+08:00	0x01	-0.4780	-0.4042	0.7223	-0.2941	184.39	295.53	59.88
2026-06-05T14:36:51.8248026+08:00	0x06	-0.6292	-0.0345	0.7756	0.0368	174.23	281.88	0.41
2026-06-05T14:36:51.8248026+08:00	0x07	-0.3343	0.5843	0.3669	0.6421	9.02	79.48	300.91
2026-06-05T14:36:51.8248026+08:00	0x08	0.0098	-0.7178	-0.0753	-0.6921	5.21	91.77	353.01
2026-06-05T14:36:51.8248026+08:00	0x04	-0.4634	-0.2269	0.4011	-0.7569	302.08	356.54	62.07
2026-06-05T14:36:51.8248026+08:00	0x02	0.5118	0.4921	-0.7000	0.0770	141.84	269.27	50.15
2026-06-05T14:36:51.8248026+08:00	0x01	-0.4783	-0.4047	0.7219	-0.2939	184.25	295.40	59.92
2026-06-05T14:36:51.8248026+08:00	0x07	-0.3471	0.5766	0.3814	0.6337	10.07	78.58	298.39
2026-06-05T14:36:51.8248026+08:00	0x08	0.0137	-0.7175	-0.0791	-0.6919	5.19	91.74	352.39
2026-06-05T14:36:51.8248026+08:00	0x04	-0.4642	-0.2268	0.4009	-0.7565	302.01	356.43	62.16
2026-06-05T14:36:51.8248026+08:00	0x02	0.5077	0.4961	-0.6994	0.0840	141.97	269.30	51.18
2026-06-05T14:36:51.8248026+08:00	0x06	-0.6292	-0.0335	0.7756	0.0381	174.19	281.89	0.24
2026-06-05T14:36:51.8248026+08:00	0x01	-0.4785	-0.4037	0.7226	-0.2929	184.20	295.38	59.75
2026-06-05T14:36:51.8248026+08:00	0x09	0.1920	0.6629	-0.2315	0.6857	355.60	86.68	34.76
2026-06-05T14:36:51.8248026+08:00	0x08	0.0173	-0.7174	-0.0816	-0.6917	5.11	91.73	351.90
2026-06-05T14:36:51.8248026+08:00	0x07	-0.3625	0.5664	0.3989	0.6234	11.70	77.10	295.33
2026-06-05T14:36:51.8248026+08:00	0x04	-0.4614	-0.2262	0.4026	-0.7575	301.94	356.51	61.79
2026-06-05T14:36:51.8248026+08:00	0x03	0.4514	-0.3858	-0.6244	-0.5074	123.28	329.71	289.97
2026-06-05T14:36:51.8248026+08:00	0x01	-0.4795	-0.4041	0.7226	-0.2909	183.73	295.00	59.65
2026-06-05T14:36:51.8248026+08:00	0x09	0.1913	0.6628	-0.2323	0.6856	355.47	86.64	34.76
2026-06-05T14:36:51.8248026+08:00	0x08	0.0242	-0.7169	-0.0870	-0.6913	4.97	91.69	350.90
2026-06-05T14:36:51.8248026+08:00	0x04	-0.4654	-0.2256	0.4038	-0.7546	301.07	355.66	62.20
2026-06-05T14:36:51.8248026+08:00	0x03	0.4507	-0.3849	-0.6245	-0.5086	122.87	330.04	290.07
2026-06-05T14:36:51.8248026+08:00	0x02	0.5050	0.5013	-0.6970	0.0885	141.52	268.82	52.02
2026-06-05T14:36:51.8248026+08:00	0x01	-0.4800	-0.4045	0.7223	-0.2902	183.51	294.80	59.65
2026-06-05T14:36:51.8248026+08:00	0x09	0.1902	0.6634	-0.2328	0.6852	355.35	86.70	34.72
2026-06-05T14:36:51.8248026+08:00	0x07	-0.3917	0.5463	0.4289	0.6035	15.43	73.41	289.72
2026-06-05T14:36:51.8248026+08:00	0x04	-0.4603	-0.2272	0.4005	-0.7590	302.64	357.12	61.73
2026-06-05T14:36:51.8248026+08:00	0x03	0.4508	-0.3842	-0.6250	-0.5084	123.01	329.90	290.17
2026-06-05T14:36:51.8248026+08:00	0x02	0.5043	0.5017	-0.6971	0.0891	141.54	268.86	52.13
2026-06-05T14:36:51.8248026+08:00	0x01	-0.4795	-0.4047	0.7225	-0.2904	183.57	294.90	59.69
2026-06-05T14:36:51.8248026+08:00	0x06	-0.6290	-0.0341	0.7756	0.0400	173.98	281.91	0.14
2026-06-05T14:36:51.8248026+08:00	0x07	-0.4063	0.5354	0.4453	0.5916	18.57	70.44	286.75
2026-06-05T14:36:51.8248026+08:00	0x04	-0.4606	-0.2276	0.3995	-0.7593	302.87	357.29	61.79
2026-06-05T14:36:51.8248026+08:00	0x02	0.5024	0.5024	-0.6975	0.0927	141.84	269.08	52.57
2026-06-05T14:36:51.8248026+08:00	0x06	-0.6286	-0.0326	0.7759	0.0413	173.97	281.98	359.92
2026-06-05T14:36:51.8248026+08:00	0x09	0.1903	0.6624	-0.2335	0.6859	355.24	86.51	34.78
2026-06-05T14:36:51.8248026+08:00	0x07	-0.4181	0.5271	0.4578	0.5812	21.59	67.58	284.40
2026-06-05T14:36:51.8248026+08:00	0x04	-0.4552	-0.2278	0.3991	-0.7626	303.63	358.11	61.18
2026-06-05T14:36:51.8248026+08:00	0x02	0.5044	0.4984	-0.6992	0.0910	142.34	269.47	52.07
2026-06-05T14:36:51.8248026+08:00	0x06	-0.6275	-0.0315	0.7768	0.0429	173.91	282.15	359.72
2026-06-05T14:36:51.8248026+08:00	0x07	-0.4322	0.5159	0.4727	0.5689	27.10	62.18	281.64
2026-06-05T14:36:51.8248026+08:00	0x04	-0.4639	-0.2252	0.4045	-0.7553	301.07	355.70	62.00
2026-06-05T14:36:51.8248026+08:00	0x03	0.4524	-0.3821	-0.6292	-0.5035	124.94	328.28	290.55
2026-06-05T14:36:51.8248026+08:00	0x02	0.5051	0.4991	-0.6986	0.0882	141.92	269.22	51.85
2026-06-05T14:36:51.8248026+08:00	0x01	-0.4792	-0.4040	0.7232	-0.2900	183.65	295.03	59.57
2026-06-05T14:36:51.8248026+08:00	0x08	0.0387	-0.7152	-0.0994	-0.6907	4.79	91.53	348.72
2026-06-05T14:36:51.8248026+08:00	0x09	0.1896	0.6621	-0.2349	0.6859	355.03	86.42	34.83
2026-06-05T14:36:51.8248026+08:00	0x04	-0.4623	-0.2245	0.4036	-0.7569	301.44	355.96	61.78
2026-06-05T14:36:51.8248026+08:00	0x02	0.5068	0.4991	-0.6976	0.0855	141.56	268.89	51.55
2026-06-05T14:36:51.8248026+08:00	0x06	-0.6277	-0.0323	0.7765	0.0452	173.64	282.12	359.62
2026-06-05T14:36:51.8248026+08:00	0x09	0.1887	0.6628	-0.2355	0.6853	354.93	86.49	34.80
2026-06-05T14:36:51.8248026+08:00	0x07	-0.4572	0.4925	0.4991	0.5471	48.85	40.42	277.31
2026-06-05T14:36:51.8248026+08:00	0x04	-0.4604	-0.2266	0.4026	-0.7580	302.07	356.70	61.70
2026-06-05T14:36:51.8248026+08:00	0x03	0.4512	-0.3811	-0.6288	-0.5058	124.09	328.99	290.66
2026-06-05T14:36:51.8248026+08:00	0x02	0.5061	0.5010	-0.6968	0.0856	141.26	268.67	51.71
2026-06-05T14:36:51.8248026+08:00	0x07	-0.4677	0.4825	0.5111	0.5359	67.54	21.88	275.99
2026-06-05T14:36:51.8248026+08:00	0x06	-0.6278	-0.0320	0.7764	0.0455	173.64	282.10	359.58
2026-06-05T14:36:51.8248026+08:00	0x08	0.0455	-0.7155	-0.1051	-0.6892	4.69	91.64	347.69
2026-06-05T14:36:51.8248026+08:00	0x03	0.4508	-0.3802	-0.6298	-0.5055	124.21	328.92	290.82
2026-06-05T14:36:51.8248026+08:00	0x02	0.5053	0.5010	-0.6972	0.0870	141.43	268.83	51.86
2026-06-05T14:36:51.8258008+08:00	0x06	-0.6286	-0.0311	0.7758	0.0460	173.66	282.00	359.45
2026-06-05T14:36:51.8258008+08:00	0x07	-0.4794	0.4712	0.5248	0.5222	96.24	353.43	275.57
2026-06-05T14:36:51.8258008+08:00	0x09	0.1890	0.6626	-0.2344	0.6858	355.04	86.48	34.74
2026-06-05T14:36:51.8258008+08:00	0x04	-0.4589	-0.2304	0.3961	-0.7612	304.08	358.44	61.79
2026-06-05T14:36:51.8258008+08:00	0x03	0.4510	-0.3805	-0.6299	-0.5051	124.35	328.81	290.80
2026-06-05T14:36:51.8258008+08:00	0x02	0.5051	0.4998	-0.6981	0.0876	141.73	269.08	51.85
2026-06-05T14:36:51.8258008+08:00	0x06	-0.6269	-0.0318	0.7771	0.0457	173.64	282.24	359.55
2026-06-05T14:36:51.8258008+08:00	0x08	0.0452	-0.7147	-0.1053	-0.6900	4.74	91.50	347.71
2026-06-05T14:36:51.8258008+08:00	0x04	-0.4541	-0.2304	0.3972	-0.7635	304.40	358.93	61.22
2026-06-05T14:36:51.8258008+08:00	0x03	0.4510	-0.3786	-0.6326	-0.5031	125.07	328.26	291.13
2026-06-05T14:36:51.8258008+08:00	0x02	0.5065	0.4983	-0.6984	0.0859	141.77	269.10	51.55
2026-06-05T14:36:51.8258008+08:00	0x06	-0.6274	-0.0302	0.7766	0.0488	173.47	282.17	359.18
2026-06-05T14:36:51.8258008+08:00	0x09	0.1880	0.6622	-0.2362	0.6858	354.77	86.36	34.80
2026-06-05T14:36:51.8258008+08:00	0x07	-0.5024	0.4459	0.5494	0.4969	137.89	311.88	278.41
2026-06-05T14:36:51.8258008+08:00	0x04	-0.4629	-0.2284	0.3963	-0.7593	303.40	357.55	62.12
2026-06-05T14:36:51.8258008+08:00	0x03	0.4497	-0.3819	-0.6310	-0.5038	124.47	328.99	290.77
2026-06-05T14:36:51.8258008+08:00	0x02	0.5065	0.4995	-0.6976	0.0855	141.51	268.88	51.58
2026-06-05T14:36:51.8258008+08:00	0x06	-0.6270	-0.0316	0.7769	0.0469	173.54	282.22	359.44
2026-06-05T14:36:51.8258008+08:00	0x09	0.1868	0.6626	-0.2348	0.6862	354.80	86.37	34.58
2026-06-05T14:36:51.8258008+08:00	0x03	0.4497	-0.3800	-0.6314	-0.5047	124.31	329.01	290.97
2026-06-05T14:36:51.8258008+08:00	0x02	0.5070	0.4999	-0.6971	0.0841	141.29	268.72	51.47
2026-06-05T14:36:51.8258008+08:00	0x06	-0.6274	-0.0321	0.7766	0.0464	173.55	282.16	359.52
2026-06-05T14:36:51.8258008+08:00	0x07	-0.5208	0.4236	0.5703	0.4734	152.89	297.10	282.52
2026-06-05T14:36:51.8258008+08:00	0x04	-0.4389	-0.2309	0.3927	-0.7745	307.06	1.46	59.45
2026-06-05T14:36:51.8258008+08:00	0x03	0.4510	-0.3773	-0.6359	-0.4998	126.14	327.50	291.45
2026-06-05T14:36:51.8258008+08:00	0x06	-0.6276	-0.0320	0.7765	0.0455	173.64	282.13	359.57
2026-06-05T14:36:51.8258008+08:00	0x01	-0.4787	-0.4060	0.7231	-0.2884	183.22	294.83	59.68
2026-06-05T14:36:51.8258008+08:00	0x09	0.1873	0.6619	-0.2347	0.6868	354.81	86.27	34.61
2026-06-05T14:36:51.8258008+08:00	0x07	-0.5299	0.4107	0.5834	0.4585	157.63	292.70	285.18
2026-06-05T14:36:51.8258008+08:00	0x04	-0.4521	-0.2294	0.3949	-0.7662	305.09	359.36	60.92
2026-06-05T14:36:51.8258008+08:00	0x03	0.4517	-0.3770	-0.6356	-0.4999	126.20	327.36	291.44
2026-06-05T14:36:51.8258008+08:00	0x06	-0.6275	-0.0317	0.7767	0.0451	173.69	282.15	359.58
2026-06-05T14:36:51.8258008+08:00	0x08	0.0597	-0.7130	-0.1194	-0.6884	4.69	91.41	345.38
2026-06-05T14:36:51.8258008+08:00	0x01	-0.4783	-0.4061	0.7232	-0.2885	183.27	294.92	59.70
2026-06-05T14:36:51.8258008+08:00	0x07	-0.5396	0.3977	0.5947	0.4439	161.17	289.34	287.82
2026-06-05T14:36:51.8258008+08:00	0x02	0.5041	0.4994	-0.6990	0.0886	141.98	269.35	51.96
2026-06-05T14:36:51.8258008+08:00	0x04	-0.4596	-0.2275	0.3986	-0.7603	303.19	357.52	61.68
2026-06-05T14:36:51.8258008+08:00	0x03	0.4508	-0.3783	-0.6351	-0.5004	125.88	327.74	291.32
2026-06-05T14:36:51.8258008+08:00	0x01	-0.4780	-0.4075	0.7227	-0.2886	183.15	294.85	59.86
2026-06-05T14:36:51.8258008+08:00	0x09	0.1880	0.6615	-0.2349	0.6869	354.83	86.23	34.69
2026-06-05T14:36:51.8258008+08:00	0x06	-0.6277	-0.0317	0.7765	0.0451	173.69	282.13	359.58
2026-06-05T14:36:51.8258008+08:00	0x07	-0.5480	0.3862	0.6040	0.4311	163.55	287.10	290.13
2026-06-05T14:36:51.8258008+08:00	0x08	0.0633	-0.7128	-0.1230	-0.6876	4.69	91.43	344.79
2026-06-05T14:36:51.8258008+08:00	0x03	0.4517	-0.3765	-0.6350	-0.5010	125.92	327.50	291.45
2026-06-05T14:36:51.8258008+08:00	0x02	0.5025	0.5031	-0.6974	0.0894	141.43	268.94	52.34
2026-06-05T14:36:51.8258008+08:00	0x06	-0.6277	-0.0325	0.7765	0.0448	173.66	282.12	359.67
2026-06-05T14:36:51.8258008+08:00	0x08	0.0636	-0.7128	-0.1225	-0.6876	4.62	91.45	344.80
2026-06-05T14:36:51.8258008+08:00	0x09	0.1882	0.6617	-0.2359	0.6863	354.78	86.27	34.79
2026-06-05T14:36:51.8258008+08:00	0x08	0.0633	-0.7128	-0.1230	-0.6876	4.69	91.43	344.79
2026-06-05T14:36:51.8258008+08:00	0x07	-0.5572	0.3726	0.6136	0.4173	165.48	285.20	292.73
2026-06-05T14:36:51.8258008+08:00	0x03	0.4509	-0.3794	-0.6343	-0.5005	125.82	327.81	291.16
2026-06-05T14:36:51.8258008+08:00	0x02	0.5017	0.5027	-0.6980	0.0910	141.71	269.16	52.48
2026-06-05T14:36:51.8258008+08:00	0x06	-0.6277	-0.0318	0.7765	0.0455	173.65	282.13	359.55
2026-06-05T14:36:51.8258008+08:00	0x01	-0.4783	-0.4059	0.7232	-0.2888	183.35	294.97	59.70
2026-06-05T14:36:51.8258008+08:00	0x09	0.1876	0.6615	-0.2354	0.6869	354.75	86.21	34.69
2026-06-05T14:36:51.8258008+08:00	0x07	-0.5662	0.3587	0.6242	0.4014	167.28	283.62	295.54
2026-06-05T14:36:51.8258008+08:00	0x02	0.5000	0.5054	-0.6972	0.0918	141.37	268.96	52.80
2026-06-05T14:36:51.8258008+08:00	0x03	0.4519	-0.3776	-0.6358	-0.4989	126.52	327.13	291.39
2026-06-05T14:36:51.8258008+08:00	0x04	-0.4586	-0.2255	0.4019	-0.7598	302.40	356.89	61.42
2026-06-05T14:36:51.8258008+08:00	0x01	-0.4779	-0.4074	0.7224	-0.2895	183.31	294.94	59.91
2026-06-05T14:36:51.8258008+08:00	0x09	0.1879	0.6616	-0.2348	0.6868	354.84	86.25	34.68
2026-06-05T14:36:51.8258008+08:00	0x07	-0.5747	0.3471	0.6320	0.3871	168.88	282.14	297.92
2026-06-05T14:36:51.8258008+08:00	0x03	0.4516	-0.3761	-0.6362	-0.4998	126.27	327.27	291.57
2026-06-05T14:36:51.8258008+08:00	0x02	0.4999	0.5050	-0.6975	0.0923	141.50	269.06	52.83
2026-06-05T14:36:51.8258008+08:00	0x06	-0.6271	-0.0307	0.7770	0.0459	173.69	282.22	359.43
2026-06-05T14:36:51.8258008+08:00	0x09	0.1887	0.6612	-0.2355	0.6869	354.83	86.20	34.80
2026-06-05T14:36:51.8258008+08:00	0x07	-0.5829	0.3330	0.6413	0.3716	170.02	281.17	300.65
2026-06-05T14:36:51.8258008+08:00	0x03	0.4524	-0.3728	-0.6438	-0.4918	128.85	325.38	292.34
2026-06-05T14:36:51.8258008+08:00	0x06	-0.6248	-0.0273	0.7788	0.0486	173.69	282.58	358.96
2026-06-05T14:36:51.8258008+08:00	0x08	0.0578	-0.7114	-0.1190	-0.6903	4.86	91.11	345.57
2026-06-05T14:36:51.8258008+08:00	0x07	-0.5890	0.3178	0.6503	0.3595	170.20	280.97	303.20
2026-06-05T14:36:51.8258008+08:00	0x04	-0.4530	-0.2411	0.4033	-0.7576	303.94	359.99	61.75
2026-06-05T14:36:51.8258008+08:00	0x03	0.4284	-0.3953	-0.6583	-0.4764	129.00	329.69	291.79
2026-06-05T14:36:51.8258008+08:00	0x06	-0.6255	-0.0360	0.7779	0.0481	173.12	282.41	359.76
2026-06-05T14:36:51.8258008+08:00	0x08	0.0692	-0.7133	-0.1210	-0.6868	4.02	91.62	344.47
2026-06-05T14:36:51.8258008+08:00	0x04	-0.4436	-0.2551	0.3945	-0.7632	308.15	4.74	61.46
2026-06-05T14:36:51.8258008+08:00	0x02	0.6075	0.4924	-0.5646	0.2641	141.38	242.37	61.26
2026-06-05T14:36:51.8258008+08:00	0x09	0.1858	0.6709	-0.2411	0.6762	354.62	87.84	35.09
2026-06-05T14:36:51.8258008+08:00	0x07	-0.6022	0.2955	0.6566	0.3448	170.63	279.67	306.55
2026-06-05T14:36:51.8258008+08:00	0x03	0.4296	-0.3985	-0.6300	-0.5096	118.53	336.67	289.95
2026-06-05T14:36:51.8258008+08:00	0x02	0.5951	0.4999	-0.5598	0.2874	140.81	241.23	64.39
2026-06-05T14:36:51.8258008+08:00	0x06	-0.6321	-0.0317	0.7723	0.0543	172.88	281.48	358.87
2026-06-05T14:36:51.8258008+08:00	0x09	0.1961	0.6803	-0.2340	0.6664	356.83	90.17	35.42
2026-06-05T14:36:51.8258008+08:00	0x01	-0.6077	-0.2931	0.6371	-0.3728	192.18	279.16	55.74
2026-06-05T14:36:51.8258008+08:00	0x07	-0.6187	0.2759	0.6680	0.3078	173.94	277.12	311.45
2026-06-05T14:36:51.8258008+08:00	0x04	-0.5488	-0.2641	0.2908	-0.7379	328.63	15.29	74.48
2026-06-05T14:36:51.8258008+08:00	0x03	0.4531	-0.3885	-0.6154	-0.5148	120.85	331.24	289.14
2026-06-05T14:36:51.8258008+08:00	0x02	0.2479	0.7096	-0.6018	0.2701	9.89	146.78	81.07
2026-06-05T14:36:51.8271826+08:00	0x09	0.2053	0.7025	-0.1968	0.6524	2.16	94.87	32.98
2026-06-05T14:36:51.8271870+08:00	0x06	-0.6065	-0.0596	0.7928	-0.0007	175.90	284.97	5.47
2026-06-05T14:36:51.8271870+08:00	0x07	-0.6270	0.2615	0.6802	0.2753	176.25	276.19	315.49
2026-06-05T14:36:51.8271870+08:00	0x04	-0.6738	-0.3001	0.1972	-0.6458	84.54	125.84	81.35
2026-06-05T14:36:51.8271870+08:00	0x02	0.2313	0.7765	-0.5815	0.0732	51.67	206.40	69.55
2026-06-05T14:36:51.8271870+08:00	0x06	-0.6459	-0.0641	0.7607	0.0056	174.74	279.09	5.18
2026-06-05T14:36:51.8271870+08:00	0x09	0.2001	0.7356	-0.1943	0.6174	3.69	101.05	32.20
2026-06-05T14:36:51.8271870+08:00	0x08	0.1149	-0.6839	-0.1714	-0.6998	5.17	87.62	336.71
2026-06-05T14:36:51.8273011+08:00	0x01	-0.4369	-0.4556	0.5896	-0.5038	248.51	344.53	77.84
2026-06-05T14:36:51.8273011+08:00	0x07	-0.6469	0.2565	0.6532	0.2985	175.19	272.60	313.84
2026-06-05T14:36:51.8273011+08:00	0x04	-0.6703	-0.2992	0.2001	-0.6489	81.48	122.94	81.78
2026-06-05T14:36:51.8273011+08:00	0x03	0.3783	-0.4514	-0.5866	-0.5559	85.29	10.74	288.17
2026-06-05T14:36:51.8273011+08:00	0x02	0.2319	0.7750	-0.5825	0.0792	51.35	205.53	69.99
2026-06-05T14:36:51.8273011+08:00	0x09	0.1821	0.7555	-0.1910	0.5996	3.07	103.96	30.47
2026-06-05T14:36:51.8273011+08:00	0x08	0.1403	-0.7142	-0.1640	-0.6658	1.14	93.77	335.10
2026-06-05T14:36:51.8273011+08:00	0x01	-0.3928	-0.5036	0.6020	-0.4792	259.55	3.02	79.37
2026-06-05T14:36:51.8273011+08:00	0x04	-0.6940	0.1629	0.1723	-0.6798	267.17	267.96	62.55
2026-06-05T14:36:51.8273011+08:00	0x07	-0.6728	0.2342	0.6403	0.2872	175.85	268.82	316.65
2026-06-05T14:36:51.8273011+08:00	0x03	0.2628	-0.4928	-0.5709	-0.6018	63.87	37.93	298.48
2026-06-05T14:36:51.8273011+08:00	0x09	0.1674	0.7564	-0.1845	0.6049	1.97	103.21	28.79
2026-06-05T14:36:51.8273011+08:00	0x02	0.2336	0.7368	-0.5220	-0.3606	64.36	255.88	36.93
2026-06-05T14:36:51.8273011+08:00	0x08	0.1931	-0.7071	-0.2076	-0.6477	359.72	95.10	327.06
2026-06-05T14:36:51.8273011+08:00	0x07	-0.6795	0.2246	0.6398	0.2801	175.90	268.11	318.08
2026-06-05T14:36:51.8273011+08:00	0x03	0.2606	-0.4962	-0.5631	-0.6072	61.60	39.75	298.91
2026-06-05T14:36:51.8273011+08:00	0x04	-0.5820	0.3395	0.2495	-0.6955	284.94	276.88	39.81
2026-06-05T14:36:51.8273011+08:00	0x02	0.3241	0.7046	-0.4156	-0.4752	62.44	257.80	16.12
2026-06-05T14:36:51.8273011+08:00	0x06	-0.6916	-0.0699	0.7180	0.0365	171.42	271.94	2.86
2026-06-05T14:36:51.8273011+08:00	0x08	0.2271	-0.7100	-0.2326	-0.6247	357.69	98.10	322.12
2026-06-05T14:36:51.8273011+08:00	0x01	-0.3952	-0.5025	0.5855	-0.4985	270.62	11.82	79.25
2026-06-05T14:36:51.8273011+08:00	0x07	-0.6787	0.2261	0.6434	0.2725	176.65	268.21	318.63
2026-06-05T14:36:51.8273011+08:00	0x04	-0.5177	0.4073	0.3069	-0.6870	288.10	278.57	27.47
2026-06-05T14:36:51.8273011+08:00	0x03	0.2780	-0.4813	-0.5750	-0.6004	66.46	34.05	297.46
2026-06-05T14:36:51.8273011+08:00	0x06	-0.6852	-0.0767	0.7239	0.0241	171.93	272.83	4.47
2026-06-05T14:36:51.8273011+08:00	0x02	0.3582	0.6893	-0.3878	-0.4962	63.26	257.86	10.32
2026-06-05T14:36:51.8273011+08:00	0x08	0.2607	-0.7074	-0.2638	-0.6017	355.94	100.85	316.61
2026-06-05T14:36:51.8273011+08:00	0x04	-0.5101	0.4163	0.3283	-0.6773	286.90	278.42	24.68
2026-06-05T14:36:51.8273011+08:00	0x03	0.2926	-0.4772	-0.5855	-0.5864	70.64	30.17	295.58
2026-06-05T14:36:51.8273011+08:00	0x07	-0.6731	0.2248	0.6522	0.2666	176.58	269.46	319.30
2026-06-05T14:36:51.8273011+08:00	0x02	0.3861	0.6692	-0.3765	-0.5112	65.12	258.75	6.27
2026-06-05T14:36:51.8273011+08:00	0x09	0.1335	0.7481	-0.1537	0.6315	0.35	99.74	23.49
2026-06-05T14:36:51.8273011+08:00	0x01	-0.3783	-0.5180	0.5615	-0.5227	293.08	33.38	77.76
2026-06-05T14:36:51.8273011+08:00	0x07	-0.6710	0.2380	0.6449	0.2779	176.95	268.92	317.16
2026-06-05T14:36:51.8273011+08:00	0x04	-0.4915	0.4477	0.3571	-0.6561	286.07	277.04	18.98
2026-06-05T14:36:51.8273011+08:00	0x03	0.2980	-0.4780	-0.5873	-0.5812	71.57	29.37	294.79
2026-06-05T14:36:51.8273011+08:00	0x02	0.3966	0.6626	-0.3643	-0.5205	65.09	258.86	4.01
2026-06-05T14:36:51.8273011+08:00	0x01	-0.3755	-0.5181	0.5610	-0.5252	293.84	34.14	77.35
2026-06-05T14:36:51.8273011+08:00	0x07	-0.6641	0.2593	0.6359	0.2956	177.38	268.64	313.75
2026-06-05T14:36:51.8273011+08:00	0x03	0.3024	-0.4825	-0.5844	-0.5780	70.76	30.18	293.99
2026-06-05T14:36:51.8273011+08:00	0x06	-0.6933	-0.0782	0.7161	0.0179	172.26	271.51	5.00
2026-06-05T14:36:51.8273011+08:00	0x08	0.1548	-0.7485	-0.1659	-0.6232	358.40	100.81	333.82
2026-06-05T14:36:51.8273011+08:00	0x09	0.1316	0.7436	-0.1519	0.6378	0.12	98.78	23.19
2026-06-05T14:36:51.8273011+08:00	0x01	-0.3825	-0.5144	0.5592	-0.5257	292.88	32.42	77.82
2026-06-05T14:36:51.8273011+08:00	0x04	-0.4731	0.4765	0.3796	-0.6364	285.79	275.81	13.92
2026-06-05T14:36:51.8273011+08:00	0x03	0.3020	-0.4843	-0.5770	-0.5842	68.31	31.96	294.25
2026-06-05T14:36:51.8273011+08:00	0x06	-0.6927	-0.0773	0.7168	0.0191	172.24	271.63	4.84
2026-06-05T14:36:51.8273011+08:00	0x02	0.4380	0.6379	-0.3369	-0.5365	67.07	258.61	357.70
2026-06-05T14:36:51.8273011+08:00	0x07	-0.6542	0.2788	0.6286	0.3151	177.23	269.00	310.30
2026-06-05T14:36:51.8273011+08:00	0x08	0.1176	-0.7539	-0.1345	-0.6322	359.56	100.11	339.42
2026-06-05T14:36:51.8273011+08:00	0x09	0.1364	0.7421	-0.1573	0.6372	0.12	98.72	24.03
2026-06-05T14:36:51.8273011+08:00	0x01	-0.3815	-0.5144	0.5641	-0.5212	290.37	30.50	77.96
2026-06-05T14:36:51.8273011+08:00	0x03	0.2964	-0.4836	-0.5786	-0.5861	68.44	32.11	294.90
2026-06-05T14:36:51.8273011+08:00	0x04	-0.4342	0.5131	0.4296	-0.6030	284.76	275.55	4.75
2026-06-05T14:36:51.8273011+08:00	0x06	-0.6907	-0.0750	0.7189	0.0209	172.29	271.99	4.53
2026-06-05T14:36:51.8273011+08:00	0x08	0.1022	-0.7555	-0.1226	-0.6354	0.08	99.86	341.63
2026-06-05T14:36:51.8273011+08:00	0x02	0.4476	0.6345	-0.3329	-0.5351	67.77	258.10	356.75
2026-06-05T14:36:51.8273011+08:00	0x01	-0.3820	-0.5140	0.5607	-0.5249	292.07	31.75	77.80
2026-06-05T14:36:51.8273011+08:00	0x07	-0.6343	0.3255	0.6030	0.3577	178.01	268.20	302.17
2026-06-05T14:36:51.8273011+08:00	0x04	-0.4039	0.5351	0.4555	-0.5857	285.00	275.80	359.18
2026-06-05T14:36:51.8273011+08:00	0x02	0.4503	0.6267	-0.3299	-0.5438	67.79	258.95	355.62
2026-06-05T14:36:51.8282246+08:00	0x09	0.1415	0.7421	-0.1578	0.6359	0.59	98.95	24.46
2026-06-05T14:36:51.8282246+08:00	0x01	-0.3746	-0.5188	0.5592	-0.5271	295.09	35.27	77.19
2026-06-05T14:36:51.8282246+08:00	0x07	-0.6240	0.3484	0.5893	0.3769	178.86	267.41	298.25
2026-06-05T14:36:51.8282246+08:00	0x03	0.2963	-0.4902	-0.5749	-0.5844	66.79	34.03	294.52
2026-06-05T14:36:51.8282246+08:00	0x06	-0.6922	-0.0780	0.7173	0.0154	172.49	271.70	5.20
2026-06-05T14:36:51.8282246+08:00	0x02	0.4439	0.6363	-0.3338	-0.5353	67.45	258.21	357.10
2026-06-05T14:36:51.8282246+08:00	0x08	0.0550	-0.7633	-0.0856	-0.6380	1.48	100.06	348.41
2026-06-05T14:36:51.8282246+08:00	0x09	0.1414	0.7416	-0.1558	0.6370	0.71	98.83	24.28
2026-06-05T14:36:51.8282246+08:00	0x01	-0.3750	-0.5201	0.5523	-0.5328	298.73	38.23	76.92
2026-06-05T14:36:51.8282246+08:00	0x07	-0.6070	0.3754	0.5736	0.4020	179.21	267.28	293.27
2026-06-05T14:36:51.8282246+08:00	0x06	-0.6909	-0.0767	0.7187	0.0166	172.51	271.93	5.01
2026-06-05T14:36:51.8282246+08:00	0x04	-0.4183	0.5199	0.4469	-0.5958	284.52	276.29	1.93
2026-06-05T14:36:51.8282246+08:00	0x09	0.1441	0.7415	-0.1573	0.6361	0.86	98.94	24.62
2026-06-05T14:36:51.8282246+08:00	0x01	-0.3771	-0.5149	0.5533	-0.5353	296.85	35.84	76.77
2026-06-05T14:36:51.8282246+08:00	0x03	0.3077	-0.4838	-0.5786	-0.5801	69.31	30.92	293.53
2026-06-05T14:36:51.8282246+08:00	0x04	-0.4237	0.5260	0.4442	-0.5886	284.26	275.02	1.80
2026-06-05T14:36:51.8282246+08:00	0x09	0.1453	0.7406	-0.1611	0.6360	0.65	98.83	25.06
2026-06-05T14:36:51.8282246+08:00	0x08	0.0200	-0.7607	-0.0548	-0.6465	2.33	99.16	353.73
2026-06-05T14:36:51.8282246+08:00	0x01	-0.3789	-0.5136	0.5534	-0.5351	296.30	35.14	76.91
2026-06-05T14:36:51.8282246+08:00	0x07	-0.5731	0.4221	0.5395	0.4499	179.63	266.82	283.83
2026-06-05T14:36:51.8282246+08:00	0x03	0.3146	-0.4817	-0.5762	-0.5805	69.31	30.22	293.02
2026-06-05T14:36:51.8282246+08:00	0x06	-0.6878	-0.0793	0.7214	0.0152	172.43	272.37	5.37
2026-06-05T14:36:51.8282246+08:00	0x04	-0.4304	0.5238	0.4470	-0.5836	283.30	274.63	1.95
2026-06-05T14:36:51.8282246+08:00	0x02	0.4552	0.6391	-0.3262	-0.5272	68.07	256.60	356.39
2026-06-05T14:36:51.8282246+08:00	0x08	0.0193	-0.7609	-0.0555	-0.6462	2.44	99.18	353.72
2026-06-05T14:36:51.8282246+08:00	0x01	-0.3737	-0.5238	0.5365	-0.5460	306.73	44.86	75.96
2026-06-05T14:36:51.8282246+08:00	0x03	0.3177	-0.4701	-0.5920	-0.5723	75.62	24.46	293.03
2026-06-05T14:36:51.8282246+08:00	0x04	-0.4275	0.5237	0.4491	-0.5843	283.37	274.94	1.68
2026-06-05T14:36:51.8282246+08:00	0x09	0.1473	0.7407	-0.1618	0.6352	0.80	98.95	25.27
2026-06-05T14:36:51.8282246+08:00	0x08	0.0056	-0.7616	-0.0436	-0.6465	2.75	99.24	355.78
2026-06-05T14:36:51.8282246+08:00	0x01	-0.3717	-0.5263	0.5373	-0.5442	307.07	45.61	75.96
2026-06-05T14:36:51.8282246+08:00	0x07	-0.5365	0.4681	0.5009	0.4921	186.90	259.68	274.47
2026-06-05T14:36:51.8282246+08:00	0x03	0.3173	-0.4737	-0.5888	-0.5730	74.28	25.80	292.87
2026-06-05T14:36:51.8282246+08:00	0x04	-0.4311	0.5276	0.4471	-0.5795	283.21	274.10	1.60
2026-06-05T14:36:51.8282246+08:00	0x06	-0.6878	-0.0807	0.7213	0.0139	172.43	272.36	5.58
2026-06-05T14:36:51.8282246+08:00	0x02	0.4616	0.6416	-0.3285	-0.5170	68.99	255.53	356.80
2026-06-05T14:36:51.8282246+08:00	0x09	0.1462	0.7406	-0.1620	0.6355	0.67	98.88	25.20
2026-06-05T14:36:51.8282246+08:00	0x08	-0.0010	-0.7608	-0.0377	-0.6479	2.89	99.08	356.79
2026-06-05T14:36:51.8282246+08:00	0x01	-0.3747	-0.5175	0.5344	-0.5534	306.02	43.17	75.42
2026-06-05T14:36:51.8282246+08:00	0x07	-0.5171	0.4887	0.4808	0.5124	282.81	163.76	270.75
2026-06-05T14:36:51.8282246+08:00	0x03	0.3214	-0.4731	-0.5968	-0.5628	77.57	23.29	292.12
2026-06-05T14:36:51.8282246+08:00	0x04	-0.4319	0.5329	0.4468	-0.5743	283.16	273.38	1.14
2026-06-05T14:36:51.8282246+08:00	0x06	-0.6851	-0.0813	0.7238	0.0139	172.40	272.77	5.66
2026-06-05T14:36:51.8282246+08:00	0x08	-0.0070	-0.7608	-0.0321	-0.6481	3.00	99.09	357.73
2026-06-05T14:36:51.8282246+08:00	0x01	-0.3728	-0.5206	0.5413	-0.5449	303.97	42.30	75.92
2026-06-05T14:36:51.8282246+08:00	0x09	0.1469	0.7411	-0.1629	0.6346	0.70	99.02	25.33
2026-06-05T14:36:51.8282246+08:00	0x03	0.3175	-0.4758	-0.5793	-0.5807	71.05	28.13	293.08
2026-06-05T14:36:51.8282246+08:00	0x06	-0.6862	-0.0796	0.7229	0.0164	172.33	272.63	5.31
2026-06-05T14:36:51.8282246+08:00	0x02	0.4355	0.6422	-0.3468	-0.5269	67.65	258.21	359.22
2026-06-05T14:36:51.8282246+08:00	0x09	0.1468	0.7408	-0.1639	0.6346	0.60	98.96	25.41
2026-06-05T14:36:51.8282246+08:00	0x01	-0.2097	-0.5648	0.5966	-0.5302	296.83	51.82	63.67
2026-06-05T14:36:51.8282246+08:00	0x03	0.3192	-0.4645	-0.5855	-0.5827	73.99	24.69	293.67
2026-06-05T14:36:51.8282246+08:00	0x07	-0.4718	0.5347	0.4313	0.5527	351.36	95.27	280.65
2026-06-05T14:36:51.8282246+08:00	0x06	-0.6854	-0.0803	0.7236	0.0134	172.52	272.74	5.62
2026-06-05T14:36:51.8282246+08:00	0x09	0.1483	0.7407	-0.1625	0.6348	0.84	98.99	25.41
2026-06-05T14:36:51.8282246+08:00	0x08	-0.0099	-0.7617	-0.0316	-0.6471	3.21	99.25	357.97
2026-06-05T14:36:51.8282246+08:00	0x01	-0.2147	-0.5637	0.5952	-0.5309	297.07	51.55	64.03
2026-06-05T14:36:51.8282246+08:00	0x03	0.3115	-0.4694	-0.5758	-0.5925	69.88	28.41	294.54
2026-06-05T14:36:51.8282246+08:00	0x04	-0.3958	0.5656	0.4784	-0.5427	283.32	272.70	353.60
2026-06-05T14:36:51.8282246+08:00	0x06	-0.6862	-0.0817	0.7227	0.0130	172.44	272.58	5.75
2026-06-05T14:36:51.8282246+08:00	0x02	0.4363	0.6422	-0.3462	-0.5266	67.69	258.13	359.15
2026-06-05T14:36:51.8282246+08:00	0x09	0.1465	0.7419	-0.1598	0.6346	0.92	99.12	25.02
2026-06-05T14:36:51.8282246+08:00	0x01	0.0650	-0.5835	0.7173	-0.3753	266.52	59.68	52.03
2026-06-05T14:36:51.8282246+08:00	0x06	-0.6847	-0.0793	0.7243	0.0161	172.39	272.87	5.33
2026-06-05T14:36:51.8282246+08:00	0x04	-0.3439	0.6023	0.4985	-0.5201	285.95	272.25	345.95
2026-06-05T14:36:51.8292215+08:00	0x02	-0.0531	0.3025	-0.3198	-0.8964	34.42	327.94	16.77
2026-06-05T14:36:51.8292215+08:00	0x09	0.1499	0.7391	-0.1667	0.6352	0.62	98.78	25.90
2026-06-05T14:36:51.8292215+08:00	0x01	0.0339	-0.5600	0.7348	-0.3812	262.18	52.15	52.86
2026-06-05T14:36:51.8292215+08:00	0x03	0.3082	-0.4819	-0.5442	-0.6137	59.59	36.53	295.48
2026-06-05T14:36:51.8292215+08:00	0x07	-0.4732	0.5334	0.4328	0.5516	351.24	95.39	280.34
2026-06-05T14:36:51.8292215+08:00	0x04	-0.3416	0.6005	0.5047	-0.5177	285.42	272.69	345.38
2026-06-05T14:36:51.8292215+08:00	0x02	0.0257	0.3747	-0.3334	-0.8647	37.50	317.18	11.85
2026-06-05T14:36:51.8292215+08:00	0x09	0.1488	0.7378	-0.1631	0.6379	0.73	98.48	25.50
2026-06-05T14:36:51.8292215+08:00	0x01	-0.0328	-0.4844	0.7897	-0.3751	246.02	30.51	52.15
2026-06-05T14:36:51.8292215+08:00	0x03	0.3120	-0.4808	-0.5510	-0.6066	61.73	34.91	294.73
2026-06-05T14:36:51.8292215+08:00	0x07	-0.4007	0.5883	0.3606	0.6027	354.98	91.83	294.86
2026-06-05T14:36:51.8292215+08:00	0x04	-0.3604	0.6018	0.4795	-0.5273	286.62	270.93	348.65
2026-06-05T14:36:51.8292215+08:00	0x02	0.5596	0.4024	-0.4352	-0.5792	90.31	272.99	342.66
2026-06-05T14:36:51.8292215+08:00	0x06	-0.6832	-0.0750	0.7261	0.0175	172.63	273.17	4.88
2026-06-05T14:36:51.8292215+08:00	0x09	0.1526	0.7364	-0.1656	0.6379	0.86	98.40	26.01
2026-06-05T14:36:51.8292215+08:00	0x01	-0.2933	-0.4400	0.6316	-0.5669	273.75	16.25	62.67
2026-06-05T14:36:51.8292215+08:00	0x03	0.3175	-0.4944	-0.5291	-0.6122	54.45	41.04	294.23
2026-06-05T14:36:51.8292215+08:00	0x07	-0.3361	0.6279	0.2986	0.6353	355.90	91.39	306.68
2026-06-05T14:36:51.8292215+08:00	0x09	0.1546	0.7325	-0.1669	0.6416	0.78	97.75	26.29
2026-06-05T14:36:51.8292215+08:00	0x01	-0.4121	-0.4911	0.4961	-0.5855	313.66	43.06	75.90
2026-06-05T14:36:51.8292215+08:00	0x07	-0.3021	0.6575	0.2594	0.6396	354.52	93.95	313.31
2026-06-05T14:36:51.8292215+08:00	0x06	-0.6304	-0.0574	0.7738	0.0235	173.75	281.48	3.39
2026-06-05T14:36:51.8292215+08:00	0x03	0.3108	-0.5000	-0.4837	-0.6476	42.97	48.52	297.59
2026-06-05T14:36:51.8292215+08:00	0x08	0.0395	-0.7539	-0.0888	-0.6498	3.26	98.18	349.33
2026-06-05T14:36:51.8292215+08:00	0x09	0.1491	0.7193	-0.1437	0.6631	1.50	94.97	23.85
2026-06-05T14:36:51.8292215+08:00	0x01	-0.4246	-0.4260	0.5335	-0.5947	284.45	10.99	73.64
2026-06-05T14:36:51.8292215+08:00	0x03	0.3322	-0.4607	-0.4380	-0.6968	37.58	44.68	299.94
2026-06-05T14:36:51.8292215+08:00	0x07	-0.3345	0.6563	0.3324	0.5889	355.10	98.81	303.86
2026-06-05T14:36:51.8292215+08:00	0x06	-0.6082	-0.0290	0.7882	-0.0895	186.15	285.17	8.89
2026-06-05T14:36:51.8292215+08:00	0x04	-0.4435	0.5617	0.5524	-0.4273	269.78	268.55	346.02
2026-06-05T14:36:51.8292215+08:00	0x08	0.0455	-0.7520	-0.0790	-0.6528	2.02	97.90	349.73
2026-06-05T14:36:51.8292215+08:00	0x09	0.1681	0.7149	-0.1819	0.6538	0.17	95.15	28.68
2026-06-05T14:36:51.8292215+08:00	0x01	-0.4190	-0.4093	0.5452	-0.5997	279.91	6.18	71.60
2026-06-05T14:36:51.8292215+08:00	0x07	-0.2058	0.7133	0.2563	0.6190	1.74	97.49	321.66
2026-06-05T14:36:51.8292215+08:00	0x03	0.3708	-0.4828	-0.3791	-0.6969	21.26	56.56	298.01
2026-06-05T14:36:51.8292215+08:00	0x04	-0.4809	0.5766	0.5288	-0.3958	268.72	262.48	346.75
2026-06-05T14:36:51.8292215+08:00	0x08	0.0660	-0.7104	-0.0023	-0.7007	354.78	91.03	354.50
2026-06-05T14:36:51.8292215+08:00	0x09	0.1339	0.7519	-0.2892	0.5771	350.57	101.90	36.12
2026-06-05T14:36:51.8292215+08:00	0x07	-0.2663	0.6275	0.2593	0.6841	1.63	84.41	316.38
2026-06-05T14:36:51.8292215+08:00	0x03	0.4496	-0.4040	-0.4500	-0.6574	50.13	25.17	287.31
2026-06-05T14:36:51.8292215+08:00	0x02	0.5514	0.3995	-0.4310	-0.5921	88.78	274.38	342.02
2026-06-05T14:36:51.8292215+08:00	0x06	-0.6574	-0.0970	0.7468	-0.0259	174.82	276.82	10.31
2026-06-05T14:36:51.8292215+08:00	0x08	0.0751	-0.7058	-0.1006	-0.6971	2.02	90.46	345.71
2026-06-05T14:36:51.8292215+08:00	0x01	-0.5290	-0.3901	0.5554	-0.5095	220.94	305.58	76.49
2026-06-05T14:36:51.8292215+08:00	0x07	-0.3421	0.5891	0.3601	0.6373	6.31	81.90	300.64
2026-06-05T14:36:51.8292215+08:00	0x02	0.4487	0.6528	-0.4786	0.3787	58.09	165.74	74.74
2026-06-05T14:36:51.8292215+08:00	0x04	-0.4500	0.5974	0.6388	-0.1804	253.94	261.45	323.07
2026-06-05T14:36:51.8292215+08:00	0x03	0.4446	-0.4052	-0.3754	-0.7052	27.64	40.70	291.38
2026-06-05T14:36:51.8292215+08:00	0x08	0.0636	-0.4869	-0.0821	-0.8673	4.70	58.17	349.03
2026-06-05T14:36:51.8292215+08:00	0x07	-0.2655	0.7932	0.1322	0.5318	341.19	117.31	330.52
2026-06-05T14:36:51.8292215+08:00	0x06	-0.6561	-0.0950	0.7482	-0.0278	175.16	277.07	10.29
2026-06-05T14:36:51.8292215+08:00	0x08	0.0641	-0.4941	-0.0827	-0.8631	4.65	59.12	348.91
2026-06-05T14:36:51.8292215+08:00	0x01	-0.5258	-0.3908	0.5552	-0.5123	222.96	307.64	76.60
2026-06-05T14:36:51.8292215+08:00	0x07	-0.2683	0.7883	0.1393	0.5359	341.49	116.66	329.52
2026-06-05T14:36:51.8292215+08:00	0x03	0.3512	-0.4277	-0.1561	-0.8181	356.34	56.72	314.91
2026-06-05T14:36:51.8292215+08:00	0x06	-0.1659	0.0721	0.9257	0.3322	142.45	344.49	345.90
2026-06-05T14:36:51.8292215+08:00	0x02	0.5353	0.5743	-0.5197	0.3371	113.15	216.01	73.28
2026-06-05T14:36:51.8292215+08:00	0x01	-0.5713	-0.1280	0.7922	-0.1720	187.91	290.06	23.53
2026-06-05T14:36:51.8292215+08:00	0x07	-0.4524	0.8328	0.1104	0.2993	309.49	153.41	332.96
2026-06-05T14:36:51.8292215+08:00	0x03	0.3716	-0.3935	-0.1696	-0.8236	358.87	51.58	311.79
2026-06-05T14:36:51.8292215+08:00	0x04	-0.4514	0.5973	0.6360	-0.1870	254.43	261.37	323.78
2026-06-05T14:36:51.8292215+08:00	0x08	0.1428	-0.0137	-0.1319	-0.9808	15.41	359.35	343.52
2026-06-05T14:36:51.8302205+08:00	0x01	-0.4044	-0.1788	0.8642	-0.2401	198.24	314.81	30.21
2026-06-05T14:36:51.8302205+08:00	0x07	-0.6946	0.6428	0.2416	0.2142	264.08	184.36	322.54
2026-06-05T14:36:51.8302205+08:00	0x03	0.3334	-0.3904	-0.4229	-0.7467	41.47	32.48	304.09
2026-06-05T14:36:51.8302205+08:00	0x02	0.6677	0.1796	-0.7215	0.0369	168.69	272.64	17.96
2026-06-05T14:36:51.8302205+08:00	0x08	0.0581	0.1621	-0.3894	-0.9048	46.36	340.21	1.21
2026-06-05T14:36:51.8302205+08:00	0x01	-0.4099	-0.1778	0.8623	-0.2381	197.84	313.99	30.13
2026-06-05T14:36:51.8302205+08:00	0x03	0.1657	-0.4205	-0.4410	-0.7754	44.40	40.55	321.11
2026-06-05T14:36:51.8302205+08:00	0x04	-0.1307	0.5391	0.6835	-0.4745	272.29	299.13	322.21
2026-06-05T14:36:51.8302205+08:00	0x08	0.0295	0.2195	-0.4402	-0.8701	51.91	335.65	8.16
2026-06-05T14:36:51.8302205+08:00	0x01	-0.4305	-0.2578	0.8649	-0.0161	167.38	303.99	27.38
2026-06-05T14:36:51.8302205+08:00	0x03	0.1708	-0.4198	-0.4407	-0.7749	44.28	40.32	320.61
2026-06-05T14:36:51.8302205+08:00	0x02	0.6465	0.2183	-0.4703	-0.5596	108.99	274.61	328.78
2026-06-05T14:36:51.8302205+08:00	0x04	-0.1186	0.6871	0.4053	-0.5912	315.05	271.74	335.36
2026-06-05T14:36:51.8302205+08:00	0x08	0.0167	0.2225	-0.4101	-0.8843	47.86	335.66	8.80
2026-06-05T14:36:51.8302205+08:00	0x01	-0.5510	-0.3566	0.7543	0.0140	150.93	279.34	31.51
2026-06-05T14:36:51.8302205+08:00	0x03	0.1802	-0.5458	-0.6383	-0.5121	75.25	44.13	298.21
2026-06-05T14:36:51.8302205+08:00	0x06	0.1450	0.0908	0.9395	0.2968	144.12	19.12	355.15
2026-06-05T14:36:51.8302205+08:00	0x07	-0.8415	0.3411	0.3877	0.1587	212.17	219.98	327.88
2026-06-05T14:36:51.8302205+08:00	0x02	0.3710	0.5535	-0.1090	-0.7377	39.18	277.12	334.74
2026-06-05T14:36:51.8302205+08:00	0x04	-0.1508	0.6914	0.4178	-0.5698	311.49	269.89	336.06
2026-06-05T14:36:51.8302205+08:00	0x08	0.0155	0.2373	-0.4540	-0.8587	53.27	334.57	10.89
2026-06-05T14:36:51.8302205+08:00	0x01	-0.5610	-0.3739	0.7384	0.0161	148.38	276.18	32.28
2026-06-05T14:36:51.8302205+08:00	0x02	0.3779	0.5684	-0.0909	-0.7252	38.81	274.37	333.59
2026-06-05T14:36:51.8302205+08:00	0x04	-0.1609	0.6744	0.4189	-0.5863	310.13	272.39	337.89
2026-06-05T14:36:51.8302205+08:00	0x07	-0.9126	-0.0272	0.4048	0.0497	174.83	228.02	356.06
2026-06-05T14:36:51.8302205+08:00	0x03	0.1637	-0.5455	-0.6249	-0.5340	71.30	47.10	301.07
2026-06-05T14:36:51.8302205+08:00	0x08	0.0075	0.2492	-0.4866	-0.8373	57.26	334.13	13.29
2026-06-05T14:36:51.8302205+08:00	0x01	-0.5497	-0.3887	0.7393	0.0155	147.16	276.47	33.89
2026-06-05T14:36:51.8302205+08:00	0x03	0.1652	-0.5205	-0.6340	-0.5476	74.85	41.77	302.77
2026-06-05T14:36:51.8302205+08:00	0x02	0.3571	0.5773	-0.0881	-0.7290	36.56	274.95	335.24
2026-06-05T14:36:51.8302205+08:00	0x06	0.2816	0.0360	0.9166	0.2815	147.41	32.60	5.31
2026-06-05T14:36:51.8302205+08:00	0x08	-0.0034	0.2551	-0.4994	-0.8280	58.72	334.27	15.09
2026-06-05T14:36:51.8302205+08:00	0x01	-0.5529	-0.3897	0.7362	0.0205	146.45	275.83	33.45
2026-06-05T14:36:51.8302205+08:00	0x03	0.1691	-0.5133	-0.6287	-0.5592	73.95	41.00	303.43
2026-06-05T14:36:51.8302205+08:00	0x02	0.3143	0.5739	-0.1532	-0.7405	37.88	278.63	343.16
2026-06-05T14:36:51.8302205+08:00	0x07	-0.9047	-0.1079	0.4120	0.0148	168.00	228.59	3.56
2026-06-05T14:36:51.8302205+08:00	0x08	-0.0168	0.2559	-0.5235	-0.8125	61.81	335.37	17.17
2026-06-05T14:36:51.8302205+08:00	0x01	-0.5510	-0.3991	0.7324	0.0284	144.70	275.12	33.59
2026-06-05T14:36:51.8302205+08:00	0x03	0.1706	-0.5077	-0.6311	-0.5612	74.81	39.74	303.68
2026-06-05T14:36:51.8302205+08:00	0x06	0.3008	0.0148	0.9090	0.2882	147.41	34.15	8.42
2026-06-05T14:36:51.8302205+08:00	0x02	0.2553	0.5434	-0.0435	-0.7985	21.83	287.41	338.87
2026-06-05T14:36:51.8302205+08:00	0x08	-0.0194	0.2579	-0.5289	-0.8083	62.51	335.42	17.71
2026-06-05T14:36:51.8302205+08:00	0x01	-0.5524	-0.4083	0.7262	0.0292	143.42	273.91	34.10
2026-06-05T14:36:51.8302205+08:00	0x06	0.3022	0.0124	0.9053	0.2983	146.33	34.16	9.08
2026-06-05T14:36:51.8302205+08:00	0x04	-0.1996	0.6221	0.4138	-0.6339	306.78	278.72	344.83
2026-06-05T14:36:51.8302205+08:00	0x08	-0.0163	0.2544	-0.5375	-0.8038	63.77	335.77	17.44
2026-06-05T14:36:51.8302205+08:00	0x01	-0.5591	-0.3902	0.7313	0.0187	146.27	274.82	33.35
2026-06-05T14:36:51.8302205+08:00	0x07	-0.8919	-0.1883	0.4104	-0.0228	161.13	227.54	11.26
2026-06-05T14:36:51.8302205+08:00	0x04	-0.1892	0.6459	0.3814	-0.6336	311.22	275.57	345.35
2026-06-05T14:36:51.8302205+08:00	0x08	-0.0199	0.2592	-0.5388	-0.8013	63.87	335.51	18.13
2026-06-05T14:36:51.8302205+08:00	0x06	0.3029	0.0098	0.9043	0.3006	146.14	34.14	9.46
2026-06-05T14:36:51.8302205+08:00	0x01	-0.5565	-0.3867	0.7350	0.0230	146.44	275.56	32.88
2026-06-05T14:36:51.8302205+08:00	0x07	-0.8794	-0.2472	0.4042	-0.0472	155.58	225.80	16.43
2026-06-05T14:36:51.8302205+08:00	0x04	-0.1625	0.6660	0.3707	-0.6266	314.63	273.59	343.14
2026-06-05T14:36:51.8302205+08:00	0x02	0.3457	0.5586	-0.1399	-0.7408	39.43	278.42	339.15
2026-06-05T14:36:51.8302205+08:00	0x08	-0.0290	0.2596	-0.5395	-0.8005	63.87	336.01	19.06
2026-06-05T14:36:51.8302205+08:00	0x01	-0.5538	-0.3934	0.7334	0.0257	145.52	275.30	33.27
2026-06-05T14:36:51.8302205+08:00	0x03	0.1556	-0.5028	-0.6300	-0.5710	74.34	40.31	305.78
2026-06-05T14:36:51.8302205+08:00	0x07	-0.8756	-0.2537	0.4078	-0.0521	155.11	226.09	17.34
2026-06-05T14:36:51.8302205+08:00	0x02	0.3857	0.5570	-0.1379	-0.7225	43.43	275.14	336.19
2026-06-05T14:36:51.8311745+08:00	0x08	-0.0329	0.2654	-0.5404	-0.7978	63.90	335.65	19.83
2026-06-05T14:36:51.8311745+08:00	0x01	-0.5616	-0.3841	0.7319	0.0371	145.32	274.98	31.37
2026-06-05T14:36:51.8311745+08:00	0x07	-0.8687	-0.2615	0.4157	-0.0645	154.88	226.82	19.24
2026-06-05T14:36:51.8311745+08:00	0x03	0.1582	-0.4950	-0.6313	-0.5757	74.99	38.84	306.19
2026-06-05T14:36:51.8311745+08:00	0x02	0.4086	0.5457	-0.1327	-0.7195	45.27	274.51	333.70
2026-06-05T14:36:51.8311745+08:00	0x06	0.3172	0.0110	0.9004	0.2977	146.56	35.88	9.73
2026-06-05T14:36:51.8311745+08:00	0x08	-0.0286	0.2627	-0.5450	-0.7957	64.62	335.79	19.37
2026-06-05T14:36:51.8311745+08:00	0x01	-0.5593	-0.3768	0.7377	0.0322	146.70	276.08	31.32
2026-06-05T14:36:51.8311745+08:00	0x04	-0.1784	0.6379	0.3753	-0.6484	312.51	277.26	345.67
2026-06-05T14:36:51.8311745+08:00	0x06	0.3153	0.0082	0.9012	0.2972	146.70	35.58	9.93
2026-06-05T14:36:51.8311745+08:00	0x03	0.1522	-0.4986	-0.6248	-0.5813	73.25	40.47	306.87
2026-06-05T14:36:51.8311745+08:00	0x08	-0.0273	0.2634	-0.5428	-0.7970	64.32	335.59	19.24
2026-06-05T14:36:51.8311745+08:00	0x06	0.3125	0.0054	0.9015	0.2993	146.51	35.15	10.22
2026-06-05T14:36:51.8311745+08:00	0x04	-0.1954	0.6275	0.3746	-0.6540	311.17	278.01	347.62
2026-06-05T14:36:51.8311745+08:00	0x07	-0.8680	-0.2729	0.4111	-0.0554	153.13	226.18	18.69
2026-06-05T14:36:51.8311745+08:00	0x02	0.4114	0.5617	-0.1755	-0.6960	49.66	271.89	337.94
2026-06-05T14:36:51.8311745+08:00	0x08	-0.0242	0.2627	-0.5507	-0.7919	65.47	335.66	19.13
2026-06-05T14:36:51.8311745+08:00	0x01	-0.5600	-0.3760	0.7381	0.0168	148.11	276.13	32.42
2026-06-05T14:36:51.8311745+08:00	0x04	-0.1983	0.6381	0.3700	-0.6455	311.55	276.29	347.52
2026-06-05T14:36:51.8311745+08:00	0x03	0.1571	-0.5145	-0.6242	-0.5666	72.57	42.56	304.89
2026-06-05T14:36:51.8311745+08:00	0x02	0.4259	0.5589	-0.1853	-0.6870	52.11	270.78	337.79
2026-06-05T14:36:51.8311745+08:00	0x08	-0.0220	0.2602	-0.5510	-0.7926	65.56	335.79	18.76
2026-06-05T14:36:51.8311745+08:00	0x06	0.3069	0.0141	0.9033	0.2996	146.16	34.75	9.12
2026-06-05T14:36:51.8311745+08:00	0x07	-0.8700	-0.2772	0.4036	-0.0577	152.57	225.11	18.91
2026-06-05T14:36:51.8311745+08:00	0x02	0.4005	0.5553	-0.1603	-0.7110	46.98	273.90	336.95
2026-06-05T14:36:51.8311745+08:00	0x08	-0.0229	0.2594	-0.5526	-0.7917	65.78	335.96	18.84
2026-06-05T14:36:51.8311745+08:00	0x01	-0.5634	-0.3673	0.7398	0.0182	148.85	276.42	31.53
2026-06-05T14:36:51.8311745+08:00	0x06	0.3071	0.0132	0.9031	0.3001	146.13	34.74	9.24
2026-06-05T14:36:51.8311745+08:00	0x07	-0.8694	-0.2785	0.4040	-0.0583	152.45	225.14	19.05
2026-06-05T14:36:51.8311745+08:00	0x02	0.3885	0.5449	-0.1291	-0.7317	42.65	276.62	334.66
2026-06-05T14:36:51.8311745+08:00	0x03	0.1514	-0.5246	-0.6173	-0.5664	70.43	45.26	305.00
2026-06-05T14:36:51.8311745+08:00	0x08	-0.0266	0.2640	-0.5538	-0.7892	65.88	335.74	19.54
2026-06-05T14:36:51.8311745+08:00	0x06	0.3105	0.0103	0.9023	0.2988	146.41	35.07	9.61
2026-06-05T14:36:51.8311745+08:00	0x04	-0.2002	0.6350	0.3739	-0.6457	310.98	276.67	347.51
2026-06-05T14:36:51.8311745+08:00	0x07	-0.8671	-0.2794	0.4080	-0.0595	152.48	225.62	19.34
2026-06-05T14:36:51.8311745+08:00	0x08	-0.0266	0.2660	-0.5518	-0.7900	65.57	335.48	19.61
2026-06-05T14:36:51.8311745+08:00	0x01	-0.5624	-0.3793	0.7343	0.0241	146.99	275.39	32.00
2026-06-05T14:36:51.8311745+08:00	0x02	0.3795	0.5470	-0.1337	-0.7341	42.12	277.15	335.74
2026-06-05T14:36:51.8311745+08:00	0x04	-0.1996	0.6340	0.3737	-0.6469	311.02	276.85	347.55
2026-06-05T14:36:51.8311745+08:00	0x07	-0.8666	-0.2787	0.4095	-0.0597	152.59	225.82	19.37
2026-06-05T14:36:51.8311745+08:00	0x08	-0.0287	0.2676	-0.5504	-0.7903	65.34	335.41	19.87
2026-06-05T14:36:51.8311745+08:00	0x04	-0.2025	0.6339	0.3700	-0.6482	311.18	276.71	348.07
2026-06-05T14:36:51.8311745+08:00	0x07	-0.8661	-0.2791	0.4101	-0.0620	152.65	225.85	19.65
2026-06-05T14:36:51.8311745+08:00	0x08	-0.0304	0.2692	-0.5500	-0.7900	65.24	335.33	20.13
2026-06-05T14:36:51.8311745+08:00	0x06	0.3159	0.0109	0.9001	0.2998	146.32	35.71	9.78
2026-06-05T14:36:51.8311745+08:00	0x01	-0.5583	-0.3816	0.7363	0.0234	146.94	275.80	32.40
2026-06-05T14:36:51.8311745+08:00	0x03	0.1562	-0.5142	-0.6298	-0.5609	73.86	41.98	304.63
2026-06-05T14:36:51.8311745+08:00	0x07	-0.8658	-0.2787	0.4107	-0.0629	152.75	225.92	19.75
2026-06-05T14:36:51.8311745+08:00	0x08	-0.0275	0.2675	-0.5519	-0.7894	65.56	335.38	19.80
2026-06-05T14:36:51.8311745+08:00	0x06	0.3085	0.0120	0.9014	0.3037	145.76	34.85	9.54
2026-06-05T14:36:51.8311745+08:00	0x03	0.1596	-0.5186	-0.6253	-0.5609	72.69	42.90	304.15
2026-06-05T14:36:51.8311745+08:00	0x07	-0.8692	-0.2790	0.4037	-0.0595	152.43	225.08	19.20
2026-06-05T14:36:51.8311745+08:00	0x08	-0.0228	0.2652	-0.5524	-0.7899	65.70	335.36	19.21
2026-06-05T14:36:51.8311745+08:00	0x01	-0.5649	-0.3875	0.7282	0.0214	146.13	274.19	32.70
2026-06-05T14:36:51.8311745+08:00	0x03	0.1605	-0.5173	-0.6245	-0.5628	72.56	42.73	304.24
2026-06-05T14:36:51.8311745+08:00	0x02	0.3815	0.5690	-0.1349	-0.7159	43.01	273.83	336.87
2026-06-05T14:36:51.8311745+08:00	0x08	-0.0228	0.2670	-0.5517	-0.7898	65.58	335.15	19.30
2026-06-05T14:36:51.8311745+08:00	0x06	0.3079	0.0087	0.9002	0.3080	145.36	34.64	10.02
2026-06-05T14:36:51.8311745+08:00	0x04	-0.2178	0.6234	0.3804	-0.6475	308.86	277.50	348.92
2026-06-05T14:36:51.8311745+08:00	0x07	-0.8696	-0.2780	0.4037	-0.0595	152.55	225.09	19.14
2026-06-05T14:36:51.8311745+08:00	0x03	0.1663	-0.5068	-0.6297	-0.5648	74.38	40.11	304.30
2026-06-05T14:36:51.8311745+08:00	0x08	-0.0264	0.2721	-0.5486	-0.7901	65.04	334.75	19.89
2026-06-05T14:36:51.8311745+08:00	0x06	0.3152	0.0054	0.8987	0.3050	145.88	35.42	10.52
2026-06-05T14:36:51.8311745+08:00	0x07	-0.8663	-0.2785	0.4103	-0.0605	152.67	225.91	19.47
2026-06-05T14:36:51.8311745+08:00	0x08	-0.0252	0.2742	-0.5484	-0.7896	65.00	334.46	19.91
2026-06-05T14:36:51.8311745+08:00	0x06	0.3178	0.0051	0.8986	0.3024	146.21	35.74	10.55
2026-06-05T14:36:51.8322141+08:00	0x02	0.2145	0.5232	0.0011	-0.8248	13.78	292.68	339.21
2026-06-05T14:36:51.8322141+08:00	0x03	0.1645	-0.4999	-0.6341	-0.5665	75.65	38.73	304.88
2026-06-05T14:36:51.8322141+08:00	0x08	-0.0233	0.2740	-0.5483	-0.7898	65.02	334.37	19.71
2026-06-05T14:36:51.8322141+08:00	0x06	0.3172	0.0054	0.8989	0.3022	146.22	35.68	10.49
2026-06-05T14:36:51.8322141+08:00	0x04	-0.2155	0.6166	0.3811	-0.6543	308.90	278.59	349.17
2026-06-05T14:36:51.8322141+08:00	0x03	0.1652	-0.4989	-0.6332	-0.5682	75.49	38.64	304.96
2026-06-05T14:36:51.8322141+08:00	0x08	-0.0235	0.2724	-0.5509	-0.7885	65.40	334.61	19.71
2026-06-05T14:36:51.8322141+08:00	0x06	0.3169	0.0049	0.8988	0.3029	146.15	35.63	10.55
2026-06-05T14:36:51.8322141+08:00	0x01	-0.5615	-0.3904	0.7275	0.0546	143.08	274.30	30.45
2026-06-05T14:36:51.8322141+08:00	0x04	-0.2142	0.6183	0.3814	-0.6530	308.98	278.42	348.93
2026-06-05T14:36:51.8322141+08:00	0x03	0.1646	-0.5010	-0.6328	-0.5671	75.30	39.03	304.85
2026-06-05T14:36:51.8322141+08:00	0x07	-0.8655	-0.2803	0.4108	-0.0591	152.42	225.97	19.43
2026-06-05T14:36:51.8322141+08:00	0x08	-0.0220	0.2720	-0.5508	-0.7887	65.41	334.56	19.53
2026-06-05T14:36:51.8322141+08:00	0x06	0.3150	0.0039	0.8989	0.3045	145.97	35.36	10.65
2026-06-05T14:36:51.8322141+08:00	0x02	0.2719	0.5428	0.0500	-0.7930	14.30	287.49	330.96
2026-06-05T14:36:51.8322141+08:00	0x01	-0.5635	-0.3910	0.7256	0.0548	142.92	273.93	30.38
2026-06-05T14:36:51.8322141+08:00	0x04	-0.2166	0.6172	0.3831	-0.6522	308.61	278.46	349.02
2026-06-05T14:36:51.8322141+08:00	0x07	-0.8663	-0.2807	0.4094	-0.0564	152.24	225.82	19.12
2026-06-05T14:36:51.8322141+08:00	0x03	0.1660	-0.5008	-0.6315	-0.5683	75.03	39.04	304.80
2026-06-05T14:36:51.8322141+08:00	0x08	-0.0205	0.2720	-0.5508	-0.7888	65.42	334.47	19.39
2026-06-05T14:36:51.8322141+08:00	0x01	-0.5650	-0.3860	0.7275	0.0505	143.82	274.22	30.30
2026-06-05T14:36:51.8322141+08:00	0x06	0.3154	0.0030	0.8989	0.3041	146.06	35.38	10.74
2026-06-05T14:36:51.8322141+08:00	0x03	0.1622	-0.5028	-0.6292	-0.5701	74.33	39.88	305.15
2026-06-05T14:36:51.8322141+08:00	0x08	-0.0206	0.2743	-0.5480	-0.7900	64.99	334.17	19.46
2026-06-05T14:36:51.8322141+08:00	0x06	0.3190	0.0040	0.8983	0.3020	146.30	35.85	10.69
2026-06-05T14:36:51.8322141+08:00	0x02	0.3241	0.5692	-0.0252	-0.7552	27.30	279.21	332.55
2026-06-05T14:36:51.8322141+08:00	0x01	-0.5672	-0.3886	0.7244	0.0497	143.50	273.63	30.44
2026-06-05T14:36:51.8322141+08:00	0x03	0.1648	-0.4985	-0.6299	-0.5724	74.71	38.98	305.25
2026-06-05T14:36:51.8322141+08:00	0x07	-0.8645	-0.2810	0.4130	-0.0553	152.23	226.29	19.13
2026-06-05T14:36:51.8322141+08:00	0x08	-0.0204	0.2765	-0.5469	-0.7900	64.81	333.90	19.55
2026-06-05T14:36:51.8322141+08:00	0x06	0.3207	0.0024	0.8980	0.3012	146.47	36.02	10.89
2026-06-05T14:36:51.8322141+08:00	0x01	-0.5668	-0.3967	0.7206	0.0460	142.85	272.87	31.31
2026-06-05T14:36:51.8322141+08:00	0x02	0.3248	0.5525	-0.1651	-0.7497	39.54	280.81	342.27
2026-06-05T14:36:51.8322141+08:00	0x04	-0.2176	0.6064	0.3916	-0.6569	307.56	279.96	349.11
2026-06-05T14:36:51.8322141+08:00	0x03	0.1662	-0.4927	-0.6329	-0.5736	75.68	37.69	305.48
2026-06-05T14:36:51.8322141+08:00	0x07	-0.8635	-0.2810	0.4153	-0.0545	152.25	226.60	19.12
2026-06-05T14:36:51.8322141+08:00	0x06	0.3208	-0.0005	0.8976	0.3022	146.43	35.93	11.23
2026-06-05T14:36:51.8322141+08:00	0x01	-0.5652	-0.4002	0.7202	0.0424	142.79	272.76	31.90
2026-06-05T14:36:51.8322141+08:00	0x04	-0.2235	0.6003	0.3873	-0.6631	307.51	280.49	350.30
2026-06-05T14:36:51.8322141+08:00	0x03	0.1639	-0.4963	-0.6347	-0.5691	75.91	38.20	305.25
2026-06-05T14:36:51.8322141+08:00	0x07	-0.8633	-0.2807	0.4156	-0.0559	152.34	226.63	19.26
2026-06-05T14:36:51.8322141+08:00	0x08	-0.0256	0.2783	-0.5476	-0.7887	64.84	334.03	20.19
2026-06-05T14:36:51.8322141+08:00	0x06	0.3226	0.0000	0.8968	0.3026	146.39	36.16	11.26
2026-06-05T14:36:51.8322141+08:00	0x04	-0.2192	0.5997	0.3850	-0.6664	308.05	280.80	350.24
2026-06-05T14:36:51.8322141+08:00	0x02	0.3526	0.5542	-0.1235	-0.7438	38.56	278.55	337.19
2026-06-05T14:36:51.8322141+08:00	0x03	0.1629	-0.4959	-0.6366	-0.5677	76.33	38.01	305.28
2026-06-05T14:36:51.8322141+08:00	0x07	-0.8629	-0.2806	0.4165	-0.0565	152.40	226.74	19.35
2026-06-05T14:36:51.8322141+08:00	0x08	-0.0255	0.2786	-0.5474	-0.7887	64.81	333.99	20.19
2026-06-05T14:36:51.8322141+08:00	0x06	0.3221	-0.0001	0.8968	0.3034	146.30	36.09	11.28
2026-06-05T14:36:51.8322141+08:00	0x04	-0.2176	0.5999	0.3861	-0.6661	308.06	280.86	350.02
2026-06-05T14:36:51.8322141+08:00	0x01	-0.5646	-0.4021	0.7195	0.0436	142.48	272.64	31.97
2026-06-05T14:36:51.8322141+08:00	0x03	0.1638	-0.4958	-0.6364	-0.5677	76.33	37.93	305.21
2026-06-05T14:36:51.8322141+08:00	0x07	-0.8635	-0.2809	0.4152	-0.0556	152.30	226.58	19.23
2026-06-05T14:36:51.8322141+08:00	0x06	0.3209	0.0028	0.8974	0.3028	146.27	36.04	10.91
2026-06-05T14:36:51.8322141+08:00	0x02	0.3610	0.5395	-0.1410	-0.7475	40.63	279.83	337.20
2026-06-05T14:36:51.8322141+08:00	0x03	0.1651	-0.4990	-0.6340	-0.5673	75.67	38.56	304.91
2026-06-05T14:36:51.8322141+08:00	0x07	-0.8638	-0.2813	0.4141	-0.0564	152.27	226.42	19.30
2026-06-05T14:36:51.8322141+08:00	0x08	-0.0240	0.2771	-0.5464	-0.7900	64.70	334.03	19.92
2026-06-05T14:36:51.8322141+08:00	0x06	0.3219	0.0035	0.8972	0.3024	146.30	36.18	10.86
2026-06-05T14:36:51.8322141+08:00	0x04	-0.2076	0.5970	0.3904	-0.6694	308.33	281.81	349.15
2026-06-05T14:36:51.8322141+08:00	0x02	0.3664	0.5428	-0.1277	-0.7449	40.07	278.97	335.97
2026-06-05T14:36:51.8322141+08:00	0x03	0.1627	-0.4996	-0.6360	-0.5653	76.05	38.62	304.98
2026-06-05T14:36:51.8322141+08:00	0x08	-0.0266	0.2780	-0.5472	-0.7891	64.78	334.11	20.25
2026-06-05T14:36:51.8322141+08:00	0x07	-0.8636	-0.2805	0.4149	-0.0578	152.43	226.52	19.43
2026-06-05T14:36:51.8322141+08:00	0x01	-0.5628	-0.4022	0.7210	0.0407	142.77	272.91	32.28
2026-06-05T14:36:51.8332183+08:00	0x03	0.1611	-0.4987	-0.6375	-0.5647	76.41	38.46	305.13
2026-06-05T14:36:51.8332183+08:00	0x07	-0.8637	-0.2799	0.4151	-0.0580	152.50	226.54	19.42
2026-06-05T14:36:51.8332183+08:00	0x08	-0.0271	0.2783	-0.5473	-0.7888	64.79	334.11	20.33
2026-06-05T14:36:51.8332183+08:00	0x06	0.3226	0.0013	0.8961	0.3047	146.12	36.18	11.20
2026-06-05T14:36:51.8332183+08:00	0x04	-0.2065	0.5974	0.3887	-0.6704	308.58	281.81	349.19
2026-06-05T14:36:51.8332183+08:00	0x01	-0.5627	-0.4037	0.7202	0.0412	142.55	272.77	32.36
2026-06-05T14:36:51.8332183+08:00	0x03	0.1614	-0.4986	-0.6376	-0.5647	76.44	38.40	305.11
2026-06-05T14:36:51.8332183+08:00	0x08	-0.0269	0.2783	-0.5473	-0.7888	64.79	334.10	20.31
2026-06-05T14:36:51.8332183+08:00	0x06	0.3223	0.0010	0.8961	0.3051	146.07	36.13	11.24
2026-06-05T14:36:51.8332183+08:00	0x04	-0.2073	0.5973	0.3894	-0.6697	308.44	281.77	349.19
2026-06-05T14:36:51.8332183+08:00	0x03	0.1620	-0.4982	-0.6376	-0.5648	76.48	38.29	305.08
2026-06-05T14:36:51.8332183+08:00	0x07	-0.8640	-0.2801	0.4145	-0.0574	152.44	226.47	19.35
2026-06-05T14:36:51.8332183+08:00	0x02	0.3598	0.5470	-0.1283	-0.7449	39.55	278.93	336.69
2026-06-05T14:36:51.8332183+08:00	0x08	-0.0261	0.2782	-0.5471	-0.7891	64.77	334.06	20.21
2026-06-05T14:36:51.8332183+08:00	0x01	-0.5625	-0.4051	0.7196	0.0403	142.46	272.65	32.53
2026-06-05T14:36:51.8332183+08:00	0x03	0.1620	-0.4985	-0.6372	-0.5650	76.38	38.38	305.08
2026-06-05T14:36:51.8332183+08:00	0x08	-0.0251	0.2784	-0.5458	-0.7899	64.59	333.95	20.09
2026-06-05T14:36:51.8332183+08:00	0x06	0.3230	0.0034	0.8964	0.3036	146.17	36.29	10.95
2026-06-05T14:36:51.8332183+08:00	0x04	-0.2099	0.5967	0.3899	-0.6692	308.20	281.72	349.37
2026-06-05T14:36:51.8332183+08:00	0x01	-0.5627	-0.4027	0.7209	0.0397	142.80	272.89	32.40
2026-06-05T14:36:51.8332183+08:00	0x03	0.1634	-0.4975	-0.6373	-0.5654	76.46	38.12	305.03
2026-06-05T14:36:51.8332183+08:00	0x08	-0.0259	0.2785	-0.5462	-0.7896	64.64	334.00	20.20
2026-06-05T14:36:51.8332183+08:00	0x07	-0.8638	-0.2804	0.4146	-0.0583	152.45	226.46	19.46
2026-06-05T14:36:51.8332183+08:00	0x01	-0.5623	-0.4047	0.7201	0.0389	142.63	272.72	32.62
2026-06-05T14:36:51.8332183+08:00	0x03	0.1616	-0.4988	-0.6364	-0.5658	76.15	38.55	305.14
2026-06-05T14:36:51.8332183+08:00	0x07	-0.8643	-0.2795	0.4140	-0.0591	152.58	226.39	19.49
2026-06-05T14:36:51.8332183+08:00	0x08	-0.0270	0.2780	-0.5468	-0.7893	64.73	334.13	20.28
2026-06-05T14:36:51.8332183+08:00	0x06	0.3218	0.0023	0.8962	0.3054	145.99	36.10	11.09
2026-06-05T14:36:51.8332183+08:00	0x04	-0.2066	0.6265	0.3962	-0.6386	308.14	277.66	346.56
2026-06-05T14:36:51.8332183+08:00	0x02	0.3727	0.5481	-0.1056	-0.7413	38.92	277.76	334.10
2026-06-05T14:36:51.8332183+08:00	0x03	0.1567	-0.5023	-0.6320	-0.5690	74.85	39.93	305.60
2026-06-05T14:36:51.8332183+08:00	0x07	-0.8651	-0.2790	0.4127	-0.0584	152.58	226.24	19.35
2026-06-05T14:36:51.8332183+08:00	0x08	-0.0262	0.2775	-0.5473	-0.7891	64.80	334.14	20.19
2026-06-05T14:36:51.8332183+08:00	0x01	-0.5646	-0.4061	0.7174	0.0420	142.11	272.22	32.36
2026-06-05T14:36:51.8332183+08:00	0x04	-0.2176	0.6152	0.3927	-0.6481	307.54	278.72	348.40
2026-06-05T14:36:51.8332183+08:00	0x03	0.1596	-0.5004	-0.6334	-0.5682	75.34	39.26	305.38
2026-06-05T14:36:51.8332183+08:00	0x07	-0.8651	-0.2796	0.4124	-0.0583	152.50	226.19	19.36
2026-06-05T14:36:51.8332183+08:00	0x08	-0.0262	0.2780	-0.5471	-0.7891	64.77	334.08	20.21
2026-06-05T14:36:51.8332183+08:00	0x04	-0.2248	0.6131	0.3858	-0.6517	307.68	278.60	349.63
2026-06-05T14:36:51.8332183+08:00	0x02	0.3671	0.5461	-0.1115	-0.7447	38.78	278.52	334.85
2026-06-05T14:36:51.8332183+08:00	0x03	0.1617	-0.4983	-0.6354	-0.5673	75.94	38.58	305.25
2026-06-05T14:36:51.8332183+08:00	0x07	-0.8647	-0.2799	0.4130	-0.0581	152.47	226.27	19.37
2026-06-05T14:36:51.8332183+08:00	0x08	-0.0248	0.2783	-0.5459	-0.7899	64.61	333.95	20.06
2026-06-05T14:36:51.8332183+08:00	0x04	-0.2240	0.6152	0.3942	-0.6449	306.91	278.37	348.69
2026-06-05T14:36:51.8332183+08:00	0x01	-0.5646	-0.4059	0.7175	0.0402	142.28	272.24	32.49
2026-06-05T14:36:51.8332183+08:00	0x07	-0.8646	-0.2804	0.4126	-0.0599	152.48	226.19	19.58
2026-06-05T14:36:51.8332183+08:00	0x03	0.1584	-0.5010	-0.6298	-0.5721	74.43	39.85	305.68
2026-06-05T14:36:51.8332183+08:00	0x08	-0.0263	0.2783	-0.5452	-0.7903	64.50	334.01	20.19
2026-06-05T14:36:51.8332183+08:00	0x04	-0.2180	0.6317	0.3934	-0.6314	307.64	276.29	347.19
2026-06-05T14:36:51.8332183+08:00	0x01	-0.5637	-0.4079	0.7170	0.0421	141.90	272.15	32.52
2026-06-05T14:36:51.8332183+08:00	0x02	0.3617	0.5558	-0.1029	-0.7414	37.72	277.64	335.03
2026-06-05T14:36:51.8332183+08:00	0x03	0.1569	-0.4998	-0.6313	-0.5719	74.79	39.62	305.86
2026-06-05T14:36:51.8332183+08:00	0x07	-0.8649	-0.2797	0.4126	-0.0595	152.54	226.20	19.49
2026-06-05T14:36:51.8332183+08:00	0x08	-0.0278	0.2786	-0.5468	-0.7891	64.70	334.10	20.40
2026-06-05T14:36:51.8332183+08:00	0x06	0.3226	0.0023	0.8960	0.3051	146.03	36.20	11.11
2026-06-05T14:36:51.8332183+08:00	0x04	-0.2269	0.6189	0.3881	-0.6440	307.34	277.65	349.16
2026-06-05T14:36:51.8332183+08:00	0x01	-0.5641	-0.4090	0.7160	0.0435	141.65	271.98	32.45
2026-06-05T14:36:51.8332183+08:00	0x03	0.1590	-0.4980	-0.6326	-0.5714	75.22	39.06	305.72
2026-06-05T14:36:51.8332183+08:00	0x08	-0.0271	0.2783	-0.5466	-0.7893	64.69	334.09	20.31
2026-06-05T14:36:51.8332183+08:00	0x04	-0.2282	0.6172	0.3916	-0.6432	306.88	277.85	349.06
2026-06-05T14:36:51.8332183+08:00	0x02	0.3615	0.5530	-0.1090	-0.7427	38.16	278.03	335.39
2026-06-05T14:36:51.8332183+08:00	0x03	0.1578	-0.5000	-0.6316	-0.5711	74.87	39.56	305.73
2026-06-05T14:36:51.8332183+08:00	0x07	-0.8657	-0.2796	0.4110	-0.0590	152.49	226.00	19.39
2026-06-05T14:36:51.8332183+08:00	0x08	-0.0262	0.2773	-0.5467	-0.7896	64.72	334.15	20.16
2026-06-05T14:36:51.8332183+08:00	0x06	0.3205	0.0031	0.8965	0.3059	145.89	35.96	10.98
2026-06-05T14:36:51.8332183+08:00	0x04	-0.2248	0.6085	0.3938	-0.6512	306.82	279.27	349.26
2026-06-05T14:36:51.8332183+08:00	0x07	-0.8661	-0.2796	0.4101	-0.0587	152.46	225.89	19.33
2026-06-05T14:36:51.8332183+08:00	0x03	0.1609	-0.4990	-0.6318	-0.5709	75.05	39.13	305.49
2026-06-05T14:36:51.8342527+08:00	0x01	-0.5645	-0.4085	0.7162	0.0388	142.07	271.97	32.78
2026-06-05T14:36:51.8342527+08:00	0x08	-0.0257	0.2772	-0.5471	-0.7894	64.79	334.14	20.12
2026-06-05T14:36:51.8342527+08:00	0x06	0.3207	0.0033	0.8966	0.3054	145.95	36.00	10.95
2026-06-05T14:36:51.8342527+08:00	0x04	-0.2388	0.6160	0.3879	-0.6427	306.42	277.40	350.16
2026-06-05T14:36:51.8342527+08:00	0x02	0.3407	0.5618	-0.1549	-0.7378	40.34	278.32	340.81
2026-06-05T14:36:51.8342527+08:00	0x01	-0.5645	-0.4094	0.7158	0.0371	142.10	271.88	32.97
2026-06-05T14:36:51.8342527+08:00	0x07	-0.8656	-0.2802	0.4109	-0.0580	152.39	226.00	19.32
2026-06-05T14:36:51.8342527+08:00	0x03	0.1648	-0.4952	-0.6317	-0.5732	75.26	38.30	305.45
2026-06-05T14:36:51.8342527+08:00	0x08	-0.0241	0.2780	-0.5456	-0.7902	64.58	333.93	19.97
2026-06-05T14:36:51.8342527+08:00	0x06	0.3222	0.0051	0.8966	0.3039	146.08	36.24	10.76
2026-06-05T14:36:51.8342527+08:00	0x04	-0.2225	0.6078	0.4015	-0.6480	306.19	279.53	348.48
2026-06-05T14:36:51.8342527+08:00	0x02	0.3595	0.5595	-0.1143	-0.7380	38.60	277.24	336.25
2026-06-05T14:36:51.8342527+08:00	0x07	-0.8655	-0.2800	0.4110	-0.0594	152.47	225.99	19.45
2026-06-05T14:36:51.8342527+08:00	0x08	-0.0260	0.2785	-0.5460	-0.7897	64.61	334.00	20.20
2026-06-05T14:36:51.8342527+08:00	0x06	0.3219	0.0034	0.8961	0.3056	145.93	36.14	11.00
2026-06-05T14:36:51.8342527+08:00	0x04	-0.2233	0.6088	0.4005	-0.6474	306.24	279.33	348.55
2026-06-05T14:36:51.8342527+08:00	0x01	-0.5655	-0.4103	0.7144	0.0391	141.78	271.62	32.82
2026-06-05T14:36:51.8342527+08:00	0x03	0.1625	-0.4957	-0.6325	-0.5726	75.36	38.47	305.60
2026-06-05T14:36:51.8342527+08:00	0x07	-0.8656	-0.2798	0.4109	-0.0591	152.47	225.99	19.41
2026-06-05T14:36:51.8342527+08:00	0x08	-0.0267	0.2786	-0.5472	-0.7888	64.77	334.05	20.30
2026-06-05T14:36:51.8342527+08:00	0x06	0.3214	0.0023	0.8960	0.3064	145.87	36.05	11.12
2026-06-05T14:36:51.8342527+08:00	0x04	-0.2327	0.6081	0.3915	-0.6502	306.45	278.89	350.01
2026-06-05T14:36:51.8342527+08:00	0x02	0.3594	0.5530	-0.1337	-0.7397	40.14	278.10	337.43
2026-06-05T14:36:51.8342527+08:00	0x03	0.1635	-0.4956	-0.6334	-0.5714	75.60	38.28	305.45
2026-06-05T14:36:51.8342527+08:00	0x08	-0.0269	0.2782	-0.5471	-0.7890	64.77	334.12	20.30
2026-06-05T14:36:51.8342527+08:00	0x04	-0.2294	0.6084	0.3963	-0.6482	306.22	279.04	349.34
2026-06-05T14:36:51.8342527+08:00	0x01	-0.5657	-0.4084	0.7152	0.0408	141.88	271.79	32.54
2026-06-05T14:36:51.8342527+08:00	0x07	-0.8661	-0.2794	0.4102	-0.0597	152.53	225.89	19.42
2026-06-05T14:36:51.8342527+08:00	0x03	0.1613	-0.4976	-0.6314	-0.5725	75.00	38.96	305.60
2026-06-05T14:36:51.8342527+08:00	0x08	-0.0271	0.2785	-0.5471	-0.7889	64.76	334.09	20.33
2026-06-05T14:36:51.8342527+08:00	0x04	-0.2196	0.6262	0.4084	-0.6268	305.92	277.05	346.33
2026-06-05T14:36:51.8342527+08:00	0x02	0.3609	0.5621	-0.0940	-0.7382	37.03	276.83	334.71
2026-06-05T14:36:51.8342527+08:00	0x03	0.1574	-0.4998	-0.6293	-0.5740	74.33	39.81	305.93
2026-06-05T14:36:51.8342527+08:00	0x08	-0.0259	0.2786	-0.5465	-0.7893	64.69	333.99	20.20
2026-06-05T14:36:51.8342527+08:00	0x06	0.3216	0.0039	0.8961	0.3060	145.87	36.12	10.94
2026-06-05T14:36:51.8342527+08:00	0x04	-0.2328	0.6123	0.3952	-0.6440	306.11	278.29	349.39
2026-06-05T14:36:51.8342527+08:00	0x01	-0.5670	-0.4083	0.7142	0.0425	141.69	271.60	32.35
2026-06-05T14:36:51.8342527+08:00	0x07	-0.8661	-0.2798	0.4098	-0.0603	152.50	225.82	19.50
2026-06-05T14:36:51.8342527+08:00	0x03	0.1616	-0.4988	-0.6308	-0.5720	74.83	39.16	305.49
2026-06-05T14:36:51.8342527+08:00	0x06	0.3226	0.0062	0.8963	0.3043	146.00	36.32	10.67
2026-06-05T14:36:51.8342527+08:00	0x04	-0.2234	0.6059	0.4017	-0.6493	306.08	279.74	348.66
2026-06-05T14:36:51.8342527+08:00	0x02	0.3635	0.5552	-0.1049	-0.7407	38.06	277.57	335.04
2026-06-05T14:36:51.8342527+08:00	0x03	0.1603	-0.4987	-0.6325	-0.5706	75.20	39.07	305.54
2026-06-05T14:36:51.8342527+08:00	0x07	-0.8660	-0.2796	0.4101	-0.0614	152.58	225.85	19.62
2026-06-05T14:36:51.8342527+08:00	0x06	0.3228	0.0045	0.8956	0.3060	145.86	36.27	10.92
2026-06-05T14:36:51.8342527+08:00	0x02	0.3599	0.5547	-0.1162	-0.7412	38.67	277.90	336.14
2026-06-05T14:36:51.8342527+08:00	0x01	-0.5656	-0.4078	0.7155	0.0433	141.75	271.88	32.32
2026-06-05T14:36:51.8342527+08:00	0x07	-0.8660	-0.2790	0.4103	-0.0617	152.66	225.88	19.63
2026-06-05T14:36:51.8342527+08:00	0x08	-0.0287	0.2794	-0.5465	-0.7889	64.65	334.07	20.53
2026-06-05T14:36:51.8342527+08:00	0x03	0.1578	-0.4985	-0.6323	-0.5717	75.09	39.26	305.82
2026-06-05T14:36:51.8342527+08:00	0x04	-0.2215	0.6105	0.3990	-0.6473	306.56	279.19	348.44
2026-06-05T14:36:51.8342527+08:00	0x02	0.3578	0.5595	-0.1194	-0.7380	38.87	277.37	336.76
2026-06-05T14:36:51.8342527+08:00	0x07	-0.8661	-0.2791	0.4100	-0.0617	152.65	225.85	19.62
2026-06-05T14:36:51.8342527+08:00	0x08	-0.0281	0.2793	-0.5469	-0.7887	64.71	334.06	20.47
2026-06-05T14:36:51.8342527+08:00	0x06	0.3224	0.0039	0.8957	0.3063	145.84	36.21	10.99
2026-06-05T14:36:51.8342527+08:00	0x02	0.3446	0.5677	-0.1582	-0.7307	41.14	277.16	341.10
2026-06-05T14:36:51.8342527+08:00	0x04	-0.2301	0.6408	0.3773	-0.6278	308.41	274.26	348.78
2026-06-05T14:36:51.8342527+08:00	0x01	-0.5627	-0.4105	0.7166	0.0370	142.05	272.04	33.14
2026-06-05T14:36:51.8342527+08:00	0x07	-0.8663	-0.2792	0.4095	-0.0629	152.66	225.76	19.73
2026-06-05T14:36:51.8342527+08:00	0x03	0.1534	-0.5022	-0.6295	-0.5727	74.21	40.43	306.10
2026-06-05T14:36:51.8342527+08:00	0x08	-0.0293	0.2790	-0.5468	-0.7888	64.69	334.16	20.57
2026-06-05T14:36:51.8342527+08:00	0x06	0.3225	0.0061	0.8956	0.3064	145.76	36.28	10.76
2026-06-05T14:36:51.8342527+08:00	0x02	0.3844	0.5574	-0.0960	-0.7296	39.66	275.34	333.00
2026-06-05T14:36:51.8342527+08:00	0x01	-0.5675	-0.4064	0.7148	0.0424	141.92	271.73	32.20
2026-06-05T14:36:51.8342527+08:00	0x07	-0.8663	-0.2792	0.4092	-0.0639	152.70	225.71	19.83
2026-06-05T14:36:51.8342527+08:00	0x03	0.1653	-0.4945	-0.6344	-0.5708	75.93	37.86	305.31
2026-06-05T14:36:51.8352501+08:00	0x06	0.3235	0.0080	0.8957	0.3049	145.89	36.48	10.54
2026-06-05T14:36:51.8352501+08:00	0x02	0.3718	0.5539	-0.1130	-0.7363	39.63	276.96	335.02
2026-06-05T14:36:51.8352501+08:00	0x08	-0.0268	0.2777	-0.5473	-0.7891	64.79	334.16	20.25
2026-06-05T14:36:51.8352501+08:00	0x07	-0.8668	-0.2797	0.4081	-0.0624	152.56	225.58	19.66
2026-06-05T14:36:51.8352501+08:00	0x06	0.3215	0.0079	0.8964	0.3052	145.84	36.23	10.49
2026-06-05T14:36:51.8352501+08:00	0x02	0.3599	0.5397	-0.1422	-0.7476	40.63	279.88	337.38
2026-06-05T14:36:51.8352501+08:00	0x07	-0.8676	-0.2792	0.4066	-0.0626	152.60	225.40	19.62
2026-06-05T14:36:51.8352501+08:00	0x03	0.1632	-0.4979	-0.6289	-0.5743	74.47	39.13	305.53
2026-06-05T14:36:51.8352501+08:00	0x02	0.3640	0.5332	-0.1366	-0.7513	40.39	280.46	336.34
2026-06-05T14:36:51.8352501+08:00	0x07	-0.8685	-0.2789	0.4048	-0.0632	152.61	225.16	19.61
2026-06-05T14:36:51.8352501+08:00	0x08	-0.0273	0.2756	-0.5483	-0.7891	64.96	334.44	20.20
2026-06-05T14:36:51.8352501+08:00	0x03	0.1619	-0.5005	-0.6279	-0.5736	74.11	39.70	305.49
2026-06-05T14:36:51.8352501+08:00	0x06	0.3183	0.0101	0.8969	0.3068	145.55	35.90	10.21
2026-06-05T14:36:51.8352501+08:00	0x01	-0.5709	-0.3969	0.7177	0.0384	143.30	272.23	31.73
2026-06-05T14:36:51.8352501+08:00	0x07	-0.8697	-0.2807	0.4011	-0.0620	152.28	224.67	19.45
2026-06-05T14:36:51.8352501+08:00	0x03	0.1605	-0.5062	-0.6191	-0.5785	71.82	41.59	305.66
2026-06-05T14:36:51.8352501+08:00	0x01	-0.5724	-0.3908	0.7200	0.0370	144.12	272.64	31.36
2026-06-05T14:36:51.8352501+08:00	0x07	-0.8707	-0.2813	0.3990	-0.0601	152.10	224.42	19.21
2026-06-05T14:36:51.8352501+08:00	0x03	0.1578	-0.5138	-0.6166	-0.5753	70.87	43.21	305.40
2026-06-05T14:36:51.8352501+08:00	0x02	0.3715	0.5590	-0.1058	-0.7337	39.12	276.28	334.73
2026-06-05T14:36:51.8352501+08:00	0x01	-0.5774	-0.3921	0.7153	0.0350	143.92	271.73	31.37
2026-06-05T14:36:51.8352501+08:00	0x07	-0.8737	-0.2797	0.3933	-0.0608	152.19	223.71	19.04
2026-06-05T14:36:51.8352501+08:00	0x03	0.1621	-0.5091	-0.6148	-0.5801	70.75	42.37	305.51
2026-06-05T14:36:51.8352501+08:00	0x06	0.3104	0.0116	0.8990	0.3088	145.20	35.01	9.84
2026-06-05T14:36:51.8352501+08:00	0x02	0.3610	0.5561	-0.1093	-0.7406	38.23	277.62	335.60
2026-06-05T14:36:51.8352501+08:00	0x04	-0.2315	0.6768	0.3724	-0.5913	309.23	268.63	346.68
2026-06-05T14:36:51.8352501+08:00	0x07	-0.8699	-0.2820	0.4003	-0.0596	152.03	224.59	19.24
2026-06-05T14:36:51.8352501+08:00	0x03	0.1610	-0.5037	-0.6213	-0.5782	72.43	40.96	305.70
2026-06-05T14:36:51.8352501+08:00	0x06	0.3141	0.0089	0.8979	0.3084	145.36	35.36	10.24
2026-06-05T14:36:51.8352501+08:00	0x02	0.3550	0.5533	-0.1072	-0.7459	37.32	278.56	335.74
2026-06-05T14:36:51.8352501+08:00	0x01	-0.5719	-0.3997	0.7152	0.0396	142.81	271.77	31.77
2026-06-05T14:36:51.8352501+08:00	0x07	-0.8708	-0.2811	0.3985	-0.0616	152.17	224.34	19.36
2026-06-05T14:36:51.8352501+08:00	0x03	0.1589	-0.5080	-0.6182	-0.5784	71.51	42.07	305.72
2026-06-05T14:36:51.8352501+08:00	0x06	0.3107	0.0120	0.8985	0.3100	145.05	35.05	9.85
2026-06-05T14:36:51.8352501+08:00	0x02	0.3558	0.5538	-0.1083	-0.7450	37.52	278.41	335.78
2026-06-05T14:36:51.8352501+08:00	0x01	-0.5739	-0.3971	0.7152	0.0386	143.15	271.74	31.57
2026-06-05T14:36:51.8352501+08:00	0x07	-0.8725	-0.2807	0.3953	-0.0610	152.12	223.95	19.17
2026-06-05T14:36:51.8352501+08:00	0x03	0.1591	-0.5084	-0.6169	-0.5794	71.20	42.25	305.75
2026-06-05T14:36:51.8352501+08:00	0x06	0.3093	0.0100	0.9002	0.3063	145.52	34.86	9.87
2026-06-05T14:36:51.8352501+08:00	0x02	0.3086	0.5343	-0.0991	-0.7807	31.53	284.92	337.91
2026-06-05T14:36:51.8352501+08:00	0x07	-0.8780	-0.2885	0.3795	-0.0421	150.23	222.19	17.03
2026-06-05T14:36:51.8352501+08:00	0x08	0.0440	0.2045	-0.5858	-0.7830	71.68	337.83	9.82
2026-06-05T14:36:51.8352501+08:00	0x03	0.1897	-0.4992	-0.6256	-0.5687	74.46	37.56	302.81
2026-06-05T14:36:51.8352501+08:00	0x06	-0.0102	0.0821	0.9155	0.3938	133.24	2.67	350.89
2026-06-05T14:36:51.8352501+08:00	0x02	0.3893	0.5926	-0.2460	-0.6609	53.78	269.68	347.11
2026-06-05T14:36:51.8352501+08:00	0x07	-0.8479	-0.2837	0.4436	-0.0611	152.82	230.15	20.82
2026-06-05T14:36:51.8352501+08:00	0x08	0.0419	0.2066	-0.5848	-0.7833	71.49	337.75	10.14
2026-06-05T14:36:51.8352501+08:00	0x06	-0.0004	0.0800	0.9166	0.3918	133.45	3.59	351.54
2026-06-05T14:36:51.8352501+08:00	0x09	0.1350	0.7510	-0.2860	0.5796	350.85	101.71	35.88
2026-06-05T14:36:51.8352501+08:00	0x01	-0.5739	-0.3971	0.7152	0.0386	143.14	271.74	31.58
2026-06-05T14:36:51.8352501+08:00	0x07	-0.7616	-0.2059	0.5656	-0.2402	177.00	252.19	36.78
2026-06-05T14:36:51.8352501+08:00	0x02	0.3871	0.5912	-0.2417	-0.6650	53.17	270.07	346.76
2026-06-05T14:36:51.8352501+08:00	0x03	0.3667	-0.3744	-0.6525	-0.5473	105.34	351.32	297.12
2026-06-05T14:36:51.8352501+08:00	0x06	-0.5276	0.0686	0.8360	0.1343	170.94	296.67	345.14
2026-06-05T14:36:51.8352501+08:00	0x09	-0.3604	0.6458	0.1988	0.6431	342.40	97.78	313.92
2026-06-05T14:36:51.8352501+08:00	0x01	-0.4284	-0.2874	0.6270	-0.5837	252.48	336.67	59.37
2026-06-05T14:36:51.8352501+08:00	0x03	0.4161	-0.3515	-0.6730	-0.5005	123.48	332.88	297.19
2026-06-05T14:36:51.8352501+08:00	0x08	0.3604	-0.2419	-0.6386	-0.6355	96.74	346.22	309.92
2026-06-05T14:36:51.8352501+08:00	0x07	-0.7649	-0.2084	0.5624	-0.2350	176.11	251.37	36.44
2026-06-05T14:36:51.8352501+08:00	0x06	-0.5733	-0.0484	0.8175	0.0266	174.31	289.77	2.78
2026-06-05T14:36:51.8352501+08:00	0x09	-0.1344	0.7303	0.0965	0.6628	355.87	96.23	341.39
2026-06-05T14:36:51.8352501+08:00	0x01	-0.5188	-0.3846	0.6440	-0.4101	199.35	295.19	67.06
2026-06-05T14:36:51.8352501+08:00	0x02	0.5086	0.5465	-0.6287	-0.2176	110.37	262.55	27.77
2026-06-05T14:36:51.8352501+08:00	0x08	0.4534	-0.4251	-0.5904	-0.5150	115.93	336.79	284.33
2026-06-05T14:36:51.8352501+08:00	0x06	-0.6165	-0.0505	0.7857	0.0028	176.17	283.61	4.35
2026-06-05T14:36:51.8362475+08:00	0x04	-0.2314	0.6757	0.3726	-0.5925	309.21	268.80	346.75
2026-06-05T14:36:51.8362475+08:00	0x09	-0.0682	0.7269	-0.0055	0.6834	353.85	93.80	355.11
2026-06-05T14:36:51.8362475+08:00	0x02	0.6000	0.4540	-0.6444	0.1367	146.19	258.49	48.52
2026-06-05T14:36:51.8362475+08:00	0x07	-0.5125	-0.4786	0.4976	-0.5106	220.42	307.73	88.45
2026-06-05T14:36:51.8362475+08:00	0x08	0.4205	-0.5430	-0.4651	-0.5586	16.39	75.28	282.87
2026-06-05T14:36:51.8362475+08:00	0x06	-0.6417	-0.0582	0.7645	0.0190	174.03	279.78	3.70
2026-06-05T14:36:51.8362475+08:00	0x04	-0.4842	-0.0752	0.6486	-0.5824	245.56	313.88	41.42
2026-06-05T14:36:51.8362475+08:00	0x09	-0.0187	0.7356	-0.0635	0.6742	353.49	94.77	3.91
2026-06-05T14:36:51.8362475+08:00	0x07	-0.2227	-0.6605	0.2342	-0.6777	358.32	87.96	37.68
2026-06-05T14:36:51.8362475+08:00	0x02	0.6236	0.4430	-0.5950	0.2468	151.95	251.99	56.61
2026-06-05T14:36:51.8362475+08:00	0x08	0.2803	-0.6461	-0.2895	-0.6482	1.12	89.32	312.48
2026-06-05T14:36:51.8362475+08:00	0x06	-0.6569	-0.0575	0.7508	0.0385	172.33	277.50	2.05
2026-06-05T14:36:51.8362475+08:00	0x04	-0.4911	-0.1527	0.5610	-0.6486	259.04	323.14	53.94
2026-06-05T14:36:52.0094972+08:00	0x09	0.0283	0.7261	-0.1068	0.6787	353.92	93.27	11.16
2026-06-05T14:36:52.0094972+08:00	0x01	-0.6094	-0.3413	0.6449	-0.3102	178.41	272.42	54.91
2026-06-05T14:36:52.0094972+08:00	0x02	0.5926	0.4872	-0.5615	0.3101	145.46	244.02	66.16
2026-06-05T14:36:52.0498037+08:00	0x07	-0.0280	-0.6916	0.0443	-0.7204	358.55	87.59	5.83
2026-06-05T14:36:52.1468153+08:00	0x03	0.4564	-0.3583	-0.5698	-0.5819	101.12	342.46	290.03
2026-06-05T14:36:52.3059230+08:00	0x06	-0.6580	-0.0537	0.7502	0.0366	172.78	277.38	1.85
2026-06-05T14:36:52.4064165+08:00	0x09	0.0599	0.7268	-0.1254	0.6726	355.15	93.79	15.25
2026-06-05T14:36:52.4449239+08:00	0x01	-0.6078	-0.3412	0.6457	-0.3118	178.79	272.83	55.05
2026-06-05T14:36:52.5712969+08:00	0x02	0.5547	0.5268	-0.5372	0.3551	133.50	232.44	73.75
2026-06-05T14:36:52.6052075+08:00	0x07	0.1280	-0.6762	-0.1219	-0.7152	0.08	86.78	339.63
2026-06-05T14:36:52.6672116+08:00	0x03	0.4512	-0.3710	-0.5619	-0.5858	96.79	347.16	289.02
2026-06-05T14:36:52.7553901+08:00	0x08	0.1718	-0.6901	-0.1802	-0.6795	0.51	90.76	331.17
2026-06-05T14:36:52.8561940+08:00	0x04	-0.4619	-0.2229	0.4750	-0.7151	284.45	345.78	60.73
2026-06-05T14:36:52.9599440+08:00	0x09	0.0891	0.7286	-0.1446	0.6635	356.24	94.72	19.21
2026-06-05T14:36:53.0430842+08:00	0x02	0.5140	0.5688	-0.5022	0.4002	100.12	199.16	79.30
2026-06-05T14:36:53.1227800+08:00	0x07	0.2201	-0.6514	-0.2224	-0.6912	1.48	86.12	323.56
2026-06-05T14:36:53.2736201+08:00	0x03	0.4570	-0.3659	-0.5713	-0.5752	102.32	342.16	289.29
2026-06-05T14:36:53.4060819+08:00	0x06	-0.6609	-0.0695	0.7472	0.0066	174.14	276.74	5.46
2026-06-05T14:36:53.4781160+08:00	0x09	0.1038	0.7277	-0.1564	0.6597	356.59	94.97	21.38
2026-06-05T14:36:53.6056765+08:00	0x02	0.4996	0.5766	-0.4841	0.4284	78.81	176.45	80.53
2026-06-05T14:36:53.6595856+08:00	0x07	0.3000	-0.6218	-0.3010	-0.6579	2.07	85.79	309.74
