timestamp	device	q0	q1	q2	q3	yaw	pitch	roll
2026-05-28T20:19:08.1135637+08:00	0x03	-0.3312	0.5552	0.5413	0.5376	47.75	55.47	286.83
2026-05-28T20:19:08.1464778+08:00	0x01	-0.3693	-0.3593	0.4779	-0.7114	303.12	18.64	60.33
2026-05-28T20:19:08.1464778+08:00	0x03	-0.3312	0.5552	0.5413	0.5376	47.75	55.47	286.83
2026-05-28T20:19:08.1795426+08:00	0x02	0.5919	0.1962	-0.7652	0.1600	180.83	284.77	29.32
2026-05-28T20:19:08.1795426+08:00	0x01	-0.3476	-0.3821	0.4724	-0.7141	307.34	24.99	59.04
2026-05-28T20:19:08.2129635+08:00	0x04	-0.5641	0.0161	0.6544	-0.5033	233.93	295.70	33.14
2026-05-28T20:19:08.2139606+08:00	0x03	-0.3201	0.5667	0.5443	0.5293	46.48	58.72	287.11
2026-05-28T20:19:08.2793880+08:00	0x03	-0.3201	0.5667	0.5443	0.5293	46.48	58.72	287.11
2026-05-28T20:19:08.2803829+08:00	0x02	0.5772	0.2230	-0.7664	0.1726	180.49	286.17	32.76
2026-05-28T20:19:08.3132956+08:00	0x01	-0.3194	-0.4172	0.4566	-0.7179	314.24	34.45	57.10
2026-05-28T20:19:08.3132956+08:00	0x04	-0.6102	0.0291	0.6617	-0.4347	224.56	286.94	29.47
2026-05-28T20:19:08.3132956+08:00	0x03	-0.3247	0.5668	0.5127	0.5572	37.64	63.87	289.44
2026-05-28T20:19:08.4138983+08:00	0x03	-0.3247	0.5668	0.5127	0.5572	37.64	63.87	289.44
2026-05-28T20:19:08.4138983+08:00	0x02	0.5604	0.2484	-0.7666	0.1910	181.02	288.00	36.51
2026-05-28T20:19:08.4138983+08:00	0x01	-0.2852	-0.4588	0.4461	-0.7135	319.52	43.88	54.73
2026-05-28T20:19:08.4138983+08:00	0x04	-0.6528	-0.0522	0.6731	-0.3435	207.46	279.57	31.25
2026-05-28T20:19:08.4138983+08:00	0x03	-0.3652	0.5320	0.4000	0.6508	17.72	67.34	295.72
2026-05-28T20:19:08.4795348+08:00	0x03	-0.3652	0.5320	0.4000	0.6508	17.72	67.34	295.72
2026-05-28T20:19:08.4795348+08:00	0x02	0.5503	0.2590	-0.7629	0.2196	183.72	289.73	39.55
2026-05-28T20:19:08.5133587+08:00	0x01	-0.2630	-0.4844	0.4443	-0.7063	321.39	48.94	53.31
2026-05-28T20:19:08.5133587+08:00	0x04	-0.6238	-0.1298	0.7316	-0.2427	192.82	282.48	29.51
2026-05-28T20:19:08.5452486+08:00	0x03	-0.3677	0.4935	0.3107	0.7244	9.24	63.50	302.93
2026-05-28T20:19:08.5462468+08:00	0x02	0.5543	0.2423	-0.7591	0.2405	187.17	290.30	39.37
2026-05-28T20:19:08.5800069+08:00	0x03	-0.3677	0.4935	0.3107	0.7244	9.24	63.50	302.93
2026-05-28T20:19:08.6137347+08:00	0x01	-0.2457	-0.4967	0.4509	-0.6997	320.70	50.82	52.35
2026-05-28T20:19:08.6137347+08:00	0x04	-0.5481	-0.1197	0.8147	-0.1470	186.66	293.37	20.86
2026-05-28T20:19:08.6469268+08:00	0x02	0.5399	0.2410	-0.7680	0.2463	188.79	292.94	39.50
2026-05-28T20:19:08.6469268+08:00	0x03	-0.2610	0.5298	0.2760	0.7583	11.29	65.37	316.51
2026-05-28T20:19:08.7128274+08:00	0x03	-0.2003	0.5386	0.3026	0.7604	18.36	64.05	320.91
2026-05-28T20:19:08.7128274+08:00	0x01	-0.2132	-0.5030	0.4555	-0.7029	319.24	51.84	49.29
2026-05-28T20:19:08.7128274+08:00	0x04	-0.5067	-0.0911	0.8429	-0.1561	190.36	299.63	18.16
2026-05-28T20:19:08.7456416+08:00	0x02	0.5039	0.2513	-0.7885	0.2475	190.33	298.62	40.22
2026-05-28T20:19:08.7456416+08:00	0x03	-0.2003	0.5386	0.3026	0.7604	18.36	64.05	320.91
2026-05-28T20:19:08.8131629+08:00	0x03	-0.1338	0.5323	0.3108	0.7760	23.80	61.84	327.41
2026-05-28T20:19:08.8136739+08:00	0x01	-0.1766	-0.5061	0.4597	-0.7080	317.48	52.51	45.68
2026-05-28T20:19:08.8136739+08:00	0x04	-0.4835	-0.0749	0.8479	-0.2042	196.83	303.45	18.93
2026-05-28T20:19:08.8459734+08:00	0x02	0.4708	0.2672	-0.7981	0.2646	193.39	304.16	42.50
2026-05-28T20:19:08.8797481+08:00	0x03	-0.1338	0.5323	0.3108	0.7760	23.80	61.84	327.41
2026-05-28T20:19:08.9126721+08:00	0x03	-0.1015	0.5250	0.3210	0.7817	27.07	60.47	330.28
2026-05-28T20:19:08.9126721+08:00	0x01	-0.1493	-0.5089	0.4597	-0.7123	316.65	53.34	42.89
2026-05-28T20:19:08.9459296+08:00	0x04	-0.4720	-0.0609	0.8443	-0.2462	202.35	305.49	19.58
2026-05-28T20:19:08.9459296+08:00	0x02	0.4492	0.2858	-0.7948	0.2913	197.19	308.35	45.72
2026-05-28T20:19:08.9798972+08:00	0x03	-0.1015	0.5250	0.3210	0.7817	27.07	60.47	330.28
2026-05-28T20:19:08.9798972+08:00	0x04	-0.4634	-0.0714	0.8337	-0.2917	207.14	307.47	22.92
2026-05-28T20:19:09.0128607+08:00	0x01	-0.1281	-0.5174	0.4525	-0.7149	317.30	55.31	40.64
2026-05-28T20:19:09.0457713+08:00	0x03	-0.0799	0.5251	0.3281	0.7812	29.04	60.44	332.01
2026-05-28T20:19:09.0457713+08:00	0x02	0.4367	0.3023	-0.7871	0.3138	200.34	311.21	48.58
2026-05-28T20:19:09.0796809+08:00	0x01	-0.1155	-0.5238	0.4443	-0.7176	318.23	56.80	39.14
2026-05-28T20:19:09.0796809+08:00	0x03	-0.0799	0.5251	0.3281	0.7812	29.04	60.44	332.01
2026-05-28T20:19:09.0796809+08:00	0x04	-0.4533	-0.0886	0.8201	-0.3379	212.08	309.99	26.85
2026-05-28T20:19:09.1466000+08:00	0x03	-0.0660	0.5257	0.3346	0.7793	30.50	60.50	332.96
2026-05-28T20:19:09.1795075+08:00	0x02	0.4355	0.3068	-0.7843	0.3179	200.79	311.53	49.30
2026-05-28T20:19:09.1795075+08:00	0x01	-0.1157	-0.5238	0.4387	-0.7209	319.00	57.01	38.79
2026-05-28T20:19:09.1795075+08:00	0x03	-0.0660	0.5257	0.3346	0.7793	30.50	60.50	332.96
2026-05-28T20:19:09.1795075+08:00	0x04	-0.4430	-0.1148	0.8005	-0.3870	217.54	313.13	31.79
2026-05-28T20:19:09.2458702+08:00	0x03	-0.0595	0.5219	0.3404	0.7799	31.63	59.91	333.38
2026-05-28T20:19:09.2790158+08:00	0x02	0.4377	0.3118	-0.7813	0.3176	200.29	311.01	49.92
2026-05-28T20:19:09.2800131+08:00	0x01	-0.1129	-0.5296	0.4351	-0.7193	319.65	58.08	38.56
2026-05-28T20:19:09.3133616+08:00	0x04	-0.4393	-0.1324	0.7790	-0.4274	222.51	315.39	35.57
2026-05-28T20:19:09.3133616+08:00	0x03	-0.0597	0.5223	0.3446	0.7778	32.10	59.89	333.08
2026-05-28T20:19:09.3460863+08:00	0x03	-0.0597	0.5223	0.3446	0.7778	32.10	59.89	333.08
2026-05-28T20:19:09.3796987+08:00	0x02	0.4350	0.3196	-0.7791	0.3187	200.24	311.34	50.83
2026-05-28T20:19:09.3796987+08:00	0x01	-0.1083	-0.5348	0.4315	-0.7184	320.16	59.06	38.10
2026-05-28T20:19:09.4129470+08:00	0x04	-0.4349	-0.1481	0.7571	-0.4644	227.59	317.96	38.92
2026-05-28T20:19:09.4129470+08:00	0x03	-0.0560	0.5253	0.3474	0.7747	32.51	60.31	333.14
2026-05-28T20:19:09.4459655+08:00	0x03	-0.0560	0.5253	0.3474	0.7747	32.51	60.31	333.14
2026-05-28T20:19:09.4788781+08:00	0x02	0.4334	0.3260	-0.7780	0.3172	199.79	311.37	51.46
2026-05-28T20:19:09.4788781+08:00	0x01	-0.1087	-0.5365	0.4303	-0.7177	320.41	59.37	38.16
2026-05-28T20:19:09.5132382+08:00	0x04	-0.4262	-0.1707	0.7318	-0.5037	233.72	322.00	42.78
2026-05-28T20:19:09.5132382+08:00	0x03	-0.0584	0.5258	0.3535	0.7715	33.08	60.24	332.49
2026-05-28T20:19:09.5132382+08:00	0x02	0.4328	0.3305	-0.7753	0.3200	200.02	311.52	52.13
2026-05-28T20:19:09.5794935+08:00	0x03	-0.0584	0.5258	0.3535	0.7715	33.08	60.24	332.49
2026-05-28T20:19:09.5794935+08:00	0x01	-0.1089	-0.5383	0.4280	-0.7178	320.81	59.72	38.10
2026-05-28T20:19:09.6134224+08:00	0x04	-0.4172	-0.1894	0.7061	-0.5400	240.27	326.46	45.88
2026-05-28T20:19:09.6460311+08:00	0x03	-0.0615	0.5250	0.3588	0.7694	33.55	59.98	331.88
2026-05-28T20:19:09.6460311+08:00	0x03	-0.0615	0.5250	0.3588	0.7694	33.55	59.98	331.88
2026-05-28T20:19:09.7142013+08:00	0x03	-0.0615	0.5250	0.3588	0.7694	33.55	59.98	331.88
2026-05-28T20:19:09.7142013+08:00	0x01	-0.1114	-0.5368	0.4270	-0.7191	321.00	59.49	38.22
2026-05-28T20:19:09.7142013+08:00	0x04	-0.4072	-0.2058	0.6797	-0.5743	247.37	331.48	48.37
2026-05-28T20:19:09.7142013+08:00	0x03	-0.0660	0.5219	0.3646	0.7683	34.10	59.37	331.18
2026-05-28T20:19:09.7461030+08:00	0x02	0.4333	0.3321	-0.7720	0.3256	200.76	311.75	52.65
2026-05-28T20:19:09.7798018+08:00	0x03	-0.0660	0.5219	0.3646	0.7683	34.10	59.37	331.18
2026-05-28T20:19:09.8127146+08:00	0x01	-0.1101	-0.5373	0.4244	-0.7205	321.29	59.66	37.93
2026-05-28T20:19:09.8127146+08:00	0x04	-0.3974	-0.2207	0.6538	-0.6048	254.48	336.69	50.30
2026-05-28T20:19:09.8458641+08:00	0x03	-0.0676	0.5200	0.3694	0.7672	34.66	58.97	330.79
2026-05-28T20:19:09.8458641+08:00	0x02	0.4315	0.3345	-0.7693	0.3318	201.74	312.42	53.23
2026-05-28T20:19:09.8797717+08:00	0x03	-0.0681	0.5189	0.3717	0.7668	34.96	58.74	330.65
2026-05-28T20:19:09.9129579+08:00	0x01	-0.1088	-0.5384	0.4214	-0.7216	321.68	59.94	37.65
2026-05-28T20:19:09.9129579+08:00	0x04	-0.3897	-0.2332	0.6286	-0.6314	261.27	341.60	51.74
2026-05-28T20:19:09.9460475+08:00	0x03	-0.0681	0.5189	0.3717	0.7668	34.96	58.74	330.65
2026-05-28T20:19:09.9460475+08:00	0x02	0.4311	0.3368	-0.7665	0.3364	202.40	312.75	53.74
2026-05-28T20:19:09.9460475+08:00	0x01	-0.1088	-0.5389	0.4198	-0.7222	321.91	60.07	37.56
2026-05-28T20:19:09.9802234+08:00	0x04	-0.3807	-0.2456	0.6049	-0.6549	267.96	346.75	52.72
2026-05-28T20:19:09.9802234+08:00	0x03	-0.0666	0.5188	0.3729	0.7664	35.18	58.73	330.72
2026-05-28T20:19:10.0461864+08:00	0x03	-0.0666	0.5188	0.3729	0.7664	35.18	58.73	330.72
2026-05-28T20:19:10.0461864+08:00	0x02	0.4297	0.3386	-0.7656	0.3386	202.78	313.12	54.04
2026-05-28T20:19:10.0794685+08:00	0x01	-0.1075	-0.5387	0.4193	-0.7228	321.90	60.07	37.39
2026-05-28T20:19:10.0794685+08:00	0x04	-0.3715	-0.2579	0.5803	-0.6773	274.85	352.12	53.38
2026-05-28T20:19:10.1133610+08:00	0x03	-0.0666	0.5191	0.3744	0.7655	35.34	58.73	330.62
2026-05-28T20:19:10.1462940+08:00	0x02	0.4276	0.3389	-0.7657	0.3407	203.32	313.68	54.12
2026-05-28T20:19:10.1462940+08:00	0x03	-0.0666	0.5191	0.3744	0.7655	35.34	58.73	330.62
2026-05-28T20:19:10.1791905+08:00	0x01	-0.1061	-0.5377	0.4196	-0.7236	321.74	59.92	37.21
2026-05-28T20:19:10.1791905+08:00	0x04	-0.3615	-0.2697	0.5566	-0.6977	281.56	357.48	53.58
2026-05-28T20:19:10.2130995+08:00	0x03	-0.0677	0.5185	0.3756	0.7652	35.45	58.61	330.45
2026-05-28T20:19:10.2463977+08:00	0x02	0.4250	0.3401	-0.7656	0.3429	203.86	314.30	54.32
2026-05-28T20:19:10.2463977+08:00	0x03	-0.0677	0.5185	0.3756	0.7652	35.45	58.61	330.45
2026-05-28T20:19:10.2803086+08:00	0x01	-0.1043	-0.5381	0.4191	-0.7239	321.73	60.00	37.01
2026-05-28T20:19:10.2803086+08:00	0x04	-0.3520	-0.2801	0.5349	-0.7152	287.58	2.31	53.43
2026-05-28T20:19:10.3132228+08:00	0x03	-0.0689	0.5177	0.3760	0.7654	35.47	58.47	330.34
2026-05-28T20:19:10.3461568+08:00	0x02	0.4236	0.3420	-0.7644	0.3453	204.29	314.69	54.63
2026-05-28T20:19:10.3792978+08:00	0x03	-0.0689	0.5177	0.3760	0.7654	35.47	58.47	330.34
2026-05-28T20:19:10.3792978+08:00	0x01	-0.1037	-0.5385	0.4181	-0.7242	321.85	60.11	36.91
2026-05-28T20:19:10.3792978+08:00	0x04	-0.3431	-0.2895	0.5135	-0.7313	293.23	6.78	53.05
2026-05-28T20:19:10.4124204+08:00	0x02	0.4229	0.3443	-0.7626	0.3480	204.72	315.00	55.03
2026-05-28T20:19:10.4134173+08:00	0x03	-0.0691	0.5174	0.3756	0.7658	35.42	58.43	330.36
2026-05-28T20:19:10.4796428+08:00	0x03	-0.0696	0.5169	0.3757	0.7661	35.42	58.35	330.33
2026-05-28T20:19:10.4796428+08:00	0x01	-0.1039	-0.5387	0.4173	-0.7245	321.98	60.16	36.88
2026-05-28T20:19:10.4796428+08:00	0x04	-0.3335	-0.2990	0.4917	-0.7467	298.80	11.20	52.39
2026-05-28T20:19:10.5133041+08:00	0x02	0.4230	0.3446	-0.7615	0.3499	205.00	315.11	55.17
2026-05-28T20:19:10.5462290+08:00	0x03	-0.0696	0.5169	0.3757	0.7661	35.42	58.35	330.33
2026-05-28T20:19:10.5796135+08:00	0x01	-0.1047	-0.5381	0.4169	-0.7251	322.04	60.06	36.91
2026-05-28T20:19:10.5796135+08:00	0x03	-0.0706	0.5160	0.3765	0.7662	35.50	58.18	330.22
2026-05-28T20:19:10.6137585+08:00	0x04	-0.3241	-0.3074	0.4710	-0.7606	303.79	15.12	51.50
2026-05-28T20:19:10.6137585+08:00	0x02	0.4230	0.3446	-0.7604	0.3524	205.43	315.31	55.30
2026-05-28T20:19:10.6457176+08:00	0x03	-0.0706	0.5160	0.3765	0.7662	35.50	58.18	330.22
2026-05-28T20:19:10.6793012+08:00	0x01	-0.1057	-0.5370	0.4167	-0.7258	322.06	59.90	36.94
2026-05-28T20:19:10.7130090+08:00	0x03	-0.0717	0.5153	0.3765	0.7665	35.48	58.07	330.14
2026-05-28T20:19:10.7130090+08:00	0x02	0.4228	0.3451	-0.7590	0.3550	205.87	315.54	55.50
2026-05-28T20:19:10.7457657+08:00	0x03	-0.0717	0.5153	0.3765	0.7665	35.48	58.07	330.14
2026-05-28T20:19:10.8129437+08:00	0x01	-0.1069	-0.5362	0.4160	-0.7266	322.17	59.78	36.98
2026-05-28T20:19:10.8129437+08:00	0x03	-0.0739	0.5139	0.3764	0.7673	35.41	57.85	329.98
2026-05-28T20:19:10.8129437+08:00	0x04	-0.3064	-0.3226	0.4333	-0.7838	312.21	21.67	49.46
2026-05-28T20:19:10.8458278+08:00	0x02	0.4234	0.3460	-0.7573	0.3571	206.12	315.56	55.73
2026-05-28T20:19:10.8458278+08:00	0x01	-0.1077	-0.5362	0.4149	-0.7272	322.36	59.81	36.98
2026-05-28T20:19:10.8794128+08:00	0x03	-0.0739	0.5139	0.3764	0.7673	35.41	57.85	329.98
2026-05-28T20:19:10.9128271+08:00	0x04	-0.2978	-0.3298	0.4158	-0.7935	315.82	24.49	48.32
2026-05-28T20:19:10.9128271+08:00	0x03	-0.0750	0.5140	0.3758	0.7675	35.28	57.85	329.91
2026-05-28T20:19:10.9459877+08:00	0x02	0.4234	0.3476	-0.7555	0.3593	206.43	315.72	56.05
2026-05-28T20:19:10.9459877+08:00	0x01	-0.1077	-0.5372	0.4130	-0.7275	322.65	60.02	36.90
2026-05-28T20:19:10.9459877+08:00	0x04	-0.2876	-0.3359	0.3986	-0.8035	319.11	27.01	46.88
2026-05-28T20:19:10.9788695+08:00	0x03	-0.0750	0.5140	0.3758	0.7675	35.28	57.85	329.91
2026-05-28T20:19:11.0137944+08:00	0x03	-0.0752	0.5137	0.3752	0.7679	35.21	57.82	329.93
2026-05-28T20:19:11.0457023+08:00	0x02	0.4243	0.3492	-0.7536	0.3608	206.52	315.63	56.35
2026-05-28T20:19:11.0457023+08:00	0x01	-0.1095	-0.5376	0.4120	-0.7275	322.88	60.09	37.04
2026-05-28T20:19:11.0796116+08:00	0x04	-0.2770	-0.3410	0.3811	-0.8135	322.21	29.23	45.28
2026-05-28T20:19:11.0796116+08:00	0x03	-0.0752	0.5114	0.3782	0.7680	35.65	57.42	329.84
2026-05-28T20:19:11.1156118+08:00	0x03	-0.0774	0.5113	0.3782	0.7678	35.54	57.38	329.63
2026-05-28T20:19:11.1462419+08:00	0x02	0.4250	0.3508	-0.7517	0.3624	206.66	315.59	56.66
2026-05-28T20:19:11.1462419+08:00	0x01	-0.1097	-0.5380	0.4107	-0.7279	323.08	60.19	36.99
2026-05-28T20:19:11.1802009+08:00	0x04	-0.2699	-0.3455	0.3647	-0.8214	324.95	31.06	44.06
2026-05-28T20:19:11.1802009+08:00	0x03	-0.0772	0.5110	0.3793	0.7675	35.71	57.31	329.59
2026-05-28T20:19:11.2463304+08:00	0x03	-0.0772	0.5110	0.3793	0.7675	35.71	57.31	329.59
2026-05-28T20:19:11.2463304+08:00	0x02	0.4251	0.3508	-0.7510	0.3636	206.87	315.67	56.73
2026-05-28T20:19:11.2463304+08:00	0x01	-0.1095	-0.5378	0.4103	-0.7283	323.11	60.18	36.93
2026-05-28T20:19:11.2802351+08:00	0x04	-0.2621	-0.3504	0.3494	-0.8285	327.41	32.78	42.78
2026-05-28T20:19:11.2802351+08:00	0x03	-0.0779	0.5111	0.3796	0.7672	35.71	57.31	329.50
2026-05-28T20:19:11.3454519+08:00	0x03	-0.0779	0.5111	0.3796	0.7672	35.71	57.31	329.50
2026-05-28T20:19:11.3464313+08:00	0x02	0.4243	0.3507	-0.7511	0.3644	207.08	315.89	56.72
2026-05-28T20:19:11.3799024+08:00	0x01	-0.1083	-0.5375	0.4103	-0.7288	323.04	60.13	36.78
2026-05-28T20:19:11.3799024+08:00	0x04	-0.2560	-0.3538	0.3354	-0.8347	329.53	34.11	41.66
2026-05-28T20:19:11.3799024+08:00	0x03	-0.0784	0.5105	0.3800	0.7673	35.75	57.20	329.44
2026-05-28T20:19:11.4128139+08:00	0x02	0.4222	0.3510	-0.7514	0.3659	207.56	316.43	56.77
2026-05-28T20:19:11.4457272+08:00	0x03	-0.0784	0.5105	0.3800	0.7673	35.75	57.20	329.44
2026-05-28T20:19:11.4796386+08:00	0x01	-0.1060	-0.5371	0.4102	-0.7294	322.92	60.10	36.53
2026-05-28T20:19:11.4796386+08:00	0x04	-0.2494	-0.3574	0.3220	-0.8405	331.49	35.37	40.49
2026-05-28T20:19:11.5125540+08:00	0x03	-0.0788	0.5102	0.3805	0.7673	35.80	57.14	329.39
2026-05-28T20:19:11.5135528+08:00	0x02	0.4196	0.3524	-0.7513	0.3678	208.12	317.11	56.95
2026-05-28T20:19:11.5459118+08:00	0x03	-0.0788	0.5102	0.3805	0.7673	35.80	57.14	329.39
2026-05-28T20:19:11.5798169+08:00	0x01	-0.1046	-0.5370	0.4099	-0.7298	322.87	60.10	36.36
2026-05-28T20:19:11.5798169+08:00	0x04	-0.2442	-0.3603	0.3092	-0.8456	333.29	36.43	39.47
2026-05-28T20:19:11.6132580+08:00	0x02	0.4190	0.3527	-0.7506	0.3697	208.50	317.38	57.07
2026-05-28T20:19:11.6132580+08:00	0x03	-0.0791	0.5100	0.3810	0.7671	35.86	57.10	329.34
2026-05-28T20:19:11.6799272+08:00	0x03	-0.0791	0.5100	0.3810	0.7671	35.86	57.10	329.34
2026-05-28T20:19:11.6799272+08:00	0x01	-0.1044	-0.5370	0.4097	-0.7300	322.89	60.10	36.33
2026-05-28T20:19:11.6799272+08:00	0x04	-0.2380	-0.3633	0.2969	-0.8504	334.95	37.43	38.35
2026-05-28T20:19:11.7137127+08:00	0x02	0.4189	0.3530	-0.7499	0.3709	208.71	317.50	57.16
2026-05-28T20:19:11.7796915+08:00	0x03	-0.0789	0.5096	0.3812	0.7673	35.90	57.04	329.36
2026-05-28T20:19:11.7796915+08:00	0x01	-0.1042	-0.5368	0.4094	-0.7303	322.92	60.10	36.28
2026-05-28T20:19:11.7796915+08:00	0x04	-0.2326	-0.3661	0.2853	-0.8547	336.47	38.32	37.34
2026-05-28T20:19:11.8129736+08:00	0x02	0.4181	0.3536	-0.7494	0.3722	208.99	317.75	57.26
2026-05-28T20:19:11.8129736+08:00	0x03	-0.0789	0.5096	0.3812	0.7673	35.90	57.04	329.36
2026-05-28T20:19:11.9150652+08:00	0x01	-0.1032	-0.5367	0.4087	-0.7309	322.95	60.10	36.13
2026-05-28T20:19:11.9150652+08:00	0x03	-0.0790	0.5094	0.3817	0.7672	35.97	56.99	329.33
2026-05-28T20:19:11.9150652+08:00	0x04	-0.2279	-0.3684	0.2738	-0.8587	337.95	39.12	36.39
2026-05-28T20:19:11.9150652+08:00	0x02	0.4168	0.3540	-0.7489	0.3744	209.52	318.22	57.38
2026-05-28T20:19:11.9150652+08:00	0x03	-0.0790	0.5094	0.3817	0.7672	35.97	56.99	329.33
2026-05-28T20:19:11.9464904+08:00	0x01	-0.1017	-0.5367	0.4080	-0.7316	322.97	60.14	35.93
2026-05-28T20:19:11.9464904+08:00	0x04	-0.2229	-0.3709	0.2631	-0.8623	339.27	39.87	35.42
2026-05-28T20:19:11.9805359+08:00	0x03	-0.0789	0.5092	0.3822	0.7671	36.04	56.95	329.32
2026-05-28T20:19:12.0136209+08:00	0x02	0.4161	0.3539	-0.7483	0.3764	209.98	318.54	57.45
2026-05-28T20:19:12.0465333+08:00	0x03	-0.0789	0.5092	0.3822	0.7671	36.04	56.95	329.32
2026-05-28T20:19:12.0465333+08:00	0x01	-0.1012	-0.5366	0.4075	-0.7319	322.99	60.14	35.84
2026-05-28T20:19:12.0465333+08:00	0x04	-0.2174	-0.3736	0.2526	-0.8656	340.53	40.61	34.41
2026-05-28T20:19:12.1471498+08:00	0x03	-0.0795	0.5091	0.3822	0.7671	36.02	56.93	329.26
2026-05-28T20:19:12.1471498+08:00	0x02	0.4155	0.3545	-0.7476	0.3777	210.25	318.76	57.57
2026-05-28T20:19:12.1471498+08:00	0x03	-0.0795	0.5091	0.3822	0.7671	36.02	56.93	329.26
2026-05-28T20:19:12.1471498+08:00	0x01	-0.1018	-0.5362	0.4075	-0.7322	323.01	60.07	35.87
2026-05-28T20:19:12.1481463+08:00	0x04	-0.2118	-0.3760	0.2422	-0.8690	341.74	41.28	33.38
2026-05-28T20:19:12.2129600+08:00	0x03	-0.0810	0.5083	0.3833	0.7669	36.11	56.77	329.07
2026-05-28T20:19:12.2459156+08:00	0x02	0.4158	0.3546	-0.7469	0.3789	210.45	318.83	57.65
2026-05-28T20:19:12.2459156+08:00	0x01	-0.1024	-0.5357	0.4072	-0.7326	323.06	60.01	35.90
2026-05-28T20:19:12.2459156+08:00	0x03	-0.0810	0.5083	0.3833	0.7669	36.11	56.77	329.07
2026-05-28T20:19:12.2796261+08:00	0x04	-0.2055	-0.3793	0.2325	-0.8717	342.83	42.02	32.31
2026-05-28T20:19:12.2796261+08:00	0x02	0.4163	0.3543	-0.7462	0.3800	210.60	318.82	57.68
2026-05-28T20:19:12.3816638+08:00	0x04	-0.1890	-0.3900	0.2181	-0.8744	344.32	43.84	30.04
2026-05-28T20:19:12.3816638+08:00	0x02	0.4194	0.3543	-0.7447	0.3795	210.19	318.16	57.78
2026-05-28T20:19:12.4806942+08:00	0x01	-0.1082	-0.5373	0.4052	-0.7318	323.67	60.25	36.42
2026-05-28T20:19:12.5848688+08:00	0x04	-0.1640	-0.4279	0.2012	-0.8657	346.49	49.33	27.14
2026-05-28T20:19:12.5848688+08:00	0x02	0.4286	0.3593	-0.7389	0.3758	208.29	315.85	58.55
2026-05-28T20:19:12.5848688+08:00	0x03	-0.1269	0.5089	0.3842	0.7598	34.05	56.35	324.27
2026-05-28T20:19:12.5858981+08:00	0x04	-0.1326	-0.4980	0.1734	-0.8393	350.03	59.31	23.29
2026-05-28T20:19:12.5858981+08:00	0x01	-0.1237	-0.5445	0.3991	-0.7273	325.59	61.49	37.92
2026-05-28T20:19:12.5858981+08:00	0x03	-0.1843	0.5324	0.3690	0.7392	27.90	60.71	318.28
2026-05-28T20:19:12.5858981+08:00	0x02	0.4489	0.3772	-0.7224	0.3666	203.16	310.04	60.94
2026-05-28T20:19:12.6464514+08:00	0x01	-0.1028	-0.5361	0.4065	-0.7327	323.18	60.07	35.90
2026-05-28T20:19:12.6464514+08:00	0x03	-0.1843	0.5324	0.3690	0.7392	27.90	60.71	318.28
2026-05-28T20:19:12.6795111+08:00	0x03	-0.0898	0.5078	0.3838	0.7660	35.78	56.56	328.18
2026-05-28T20:19:12.6795111+08:00	0x04	-0.0625	-0.5849	0.0715	-0.8055	357.54	71.74	10.62
2026-05-28T20:19:12.7135213+08:00	0x01	-0.1547	-0.5578	0.3915	-0.7153	329.02	64.02	41.16
2026-05-28T20:19:12.7135213+08:00	0x02	0.4903	0.3799	-0.7132	0.3265	190.60	297.06	59.55
2026-05-28T20:19:12.7135213+08:00	0x01	-0.2021	-0.5627	0.3960	-0.6969	331.78	65.47	46.67
2026-05-28T20:19:12.8179802+08:00	0x03	-0.0898	0.5078	0.3838	0.7660	35.78	56.56	328.18
2026-05-28T20:19:12.8179802+08:00	0x04	-0.0646	-0.5825	0.0746	-0.8068	357.37	71.40	11.02
2026-05-28T20:19:12.8179802+08:00	0x03	-0.3658	0.5612	0.4386	0.5990	18.29	73.76	291.47
2026-05-28T20:19:12.8179802+08:00	0x03	-0.0827	0.5080	0.3837	0.7667	36.09	56.70	328.90
2026-05-28T20:19:12.8179802+08:00	0x02	0.5255	0.3750	-0.7199	0.2550	177.38	286.42	53.89
2026-05-28T20:19:12.8468357+08:00	0x04	-0.0502	-0.6281	-0.0970	-0.7704	12.28	78.11	357.45
2026-05-28T20:19:12.8468357+08:00	0x03	-0.3658	0.5612	0.4386	0.5990	18.29	73.76	291.47
2026-05-28T20:19:12.8468357+08:00	0x01	-0.2362	-0.5679	0.4050	-0.6765	333.48	67.13	51.22
2026-05-28T20:19:12.8797845+08:00	0x03	-0.3549	0.5549	0.4806	0.5789	29.61	66.31	289.21
2026-05-28T20:19:12.9146854+08:00	0x02	0.5378	0.3750	-0.7389	0.1553	165.47	281.69	46.15
2026-05-28T20:19:13.0153906+08:00	0x01	-0.2600	-0.5707	0.4280	-0.6509	332.42	67.69	55.78
2026-05-28T20:19:13.0153906+08:00	0x04	-0.0766	-0.5996	-0.2886	-0.7425	32.35	73.93	346.56
2026-05-28T20:19:13.0153906+08:00	0x03	-0.3145	0.5455	0.5488	0.5498	52.50	50.89	289.16
2026-05-28T20:19:13.0153906+08:00	0x03	-0.3145	0.5455	0.5488	0.5498	52.50	50.89	289.16
2026-05-28T20:19:13.0153906+08:00	0x02	0.5420	0.3695	-0.7526	0.0574	156.44	280.22	38.20
2026-05-28T20:19:13.0457231+08:00	0x01	-0.2807	-0.5728	0.4554	-0.6211	330.27	67.77	60.50
2026-05-28T20:19:13.0457231+08:00	0x04	-0.1095	-0.5403	-0.3911	-0.7370	46.04	66.03	344.86
2026-05-28T20:19:13.0457231+08:00	0x03	-0.2792	0.5315	0.6333	0.4883	82.58	30.66	288.94
2026-05-28T20:19:13.1135738+08:00	0x03	-0.2792	0.5315	0.6333	0.4883	82.58	30.66	288.94
2026-05-28T20:19:13.1135738+08:00	0x03	-0.2848	0.5566	0.3843	0.6793	20.71	67.89	305.44
2026-05-28T20:19:13.1135738+08:00	0x02	0.5489	0.3603	-0.7542	-0.0057	151.37	279.40	32.50
2026-05-28T20:19:13.1459688+08:00	0x01	-0.2982	-0.5712	0.4736	-0.6004	328.60	67.21	64.04
2026-05-28T20:19:13.1459688+08:00	0x04	-0.1156	-0.4722	-0.4286	-0.7615	51.51	57.20	346.77
2026-05-28T20:19:13.1459688+08:00	0x03	-0.2353	0.5412	0.6832	0.4301	97.58	25.38	289.62
2026-05-28T20:19:13.2478266+08:00	0x03	-0.2353	0.5412	0.6832	0.4301	97.58	25.38	289.62
2026-05-28T20:19:13.2478266+08:00	0x02	0.5672	0.3433	-0.7483	-0.0210	151.12	277.96	29.34
2026-05-28T20:19:13.2478266+08:00	0x01	-0.3130	-0.5750	0.4742	-0.5887	330.75	69.39	66.03
2026-05-28T20:19:13.2478266+08:00	0x04	-0.1575	-0.3676	-0.3772	-0.8353	48.25	47.15	359.19
2026-05-28T20:19:13.2797306+08:00	0x03	-0.2132	0.5443	0.7187	0.3766	111.83	18.10	289.46
2026-05-28T20:19:13.2797306+08:00	0x02	0.5973	0.3251	-0.7331	0.0083	154.50	274.93	29.11
2026-05-28T20:19:13.3127137+08:00	0x03	-0.2132	0.5443	0.7187	0.3766	111.83	18.10	289.46
2026-05-28T20:19:13.3459795+08:00	0x01	-0.3274	-0.5779	0.4677	-0.5832	334.34	72.24	67.28
2026-05-28T20:19:13.3798563+08:00	0x04	-0.1793	-0.3433	-0.3202	-0.8646	42.81	45.34	5.17
2026-05-28T20:19:13.3798563+08:00	0x03	-0.1984	0.5486	0.7377	0.3399	120.48	14.10	289.23
2026-05-28T20:19:13.3798563+08:00	0x02	0.6237	0.3112	-0.7142	0.0634	159.56	271.91	31.58
2026-05-28T20:19:13.4848172+08:00	0x03	-0.1984	0.5486	0.7377	0.3399	120.48	14.10	289.23
2026-05-28T20:19:13.4848172+08:00	0x01	-0.3355	-0.5836	0.4543	-0.5834	339.06	76.02	67.19
2026-05-28T20:19:13.4848172+08:00	0x04	-0.1975	-0.3261	-0.2445	-0.8916	35.14	43.71	11.11
2026-05-28T20:19:13.4848172+08:00	0x03	-0.1944	0.5513	0.7524	0.3036	130.60	7.59	288.63
2026-05-28T20:19:13.4848172+08:00	0x02	0.6406	0.2999	-0.6983	0.1097	163.82	269.95	34.02
2026-05-28T20:19:13.5455530+08:00	0x03	-0.1999	0.5381	0.7757	0.2625	145.86	355.36	290.01
2026-05-28T20:19:13.5465504+08:00	0x01	-0.3333	-0.5854	0.4339	-0.5983	342.18	77.33	65.07
2026-05-28T20:19:13.5806225+08:00	0x04	-0.2071	-0.3090	-0.1701	-0.9125	27.11	41.26	15.83
2026-05-28T20:19:13.5806225+08:00	0x02	0.6504	0.2908	-0.6916	0.1184	165.04	268.95	33.80
2026-05-28T20:19:13.5806225+08:00	0x03	-0.1999	0.5381	0.7757	0.2625	145.86	355.36	290.01
2026-05-28T20:19:13.6849342+08:00	0x01	-0.3349	-0.5761	0.4142	-0.6200	343.54	75.63	63.20
2026-05-28T20:19:13.6849342+08:00	0x03	-0.1916	0.5434	0.7796	0.2453	148.92	354.53	289.73
2026-05-28T20:19:13.6849342+08:00	0x04	-0.2320	-0.2897	-0.1267	-0.9199	23.14	39.24	20.70
2026-05-28T20:19:13.6859282+08:00	0x02	0.6651	0.2684	-0.6892	0.1028	165.54	268.08	30.44
2026-05-28T20:19:13.6859282+08:00	0x03	-0.1916	0.5434	0.7796	0.2453	148.92	354.53	289.73
2026-05-28T20:19:13.7138517+08:00	0x01	-0.3398	-0.5631	0.4065	-0.6343	343.13	72.87	62.72
2026-05-28T20:19:13.7462207+08:00	0x03	-0.1828	0.5376	0.7884	0.2366	150.34	354.56	290.90
2026-05-28T20:19:13.7794421+08:00	0x04	-0.2433	-0.2692	-0.0956	-0.9269	19.65	36.52	23.55
2026-05-28T20:19:13.7794421+08:00	0x02	0.6761	0.2514	-0.6861	0.0946	166.21	267.36	28.22
2026-05-28T20:19:13.8812084+08:00	0x03	-0.1828	0.5376	0.7884	0.2366	150.34	354.56	290.90
2026-05-28T20:19:13.8812084+08:00	0x01	-0.3356	-0.5670	0.3961	-0.6394	344.71	74.01	61.46
2026-05-28T20:19:13.8812084+08:00	0x04	-0.2499	-0.2539	-0.0642	-0.9322	15.87	34.11	25.68
2026-05-28T20:19:13.8812084+08:00	0x03	-0.1781	0.5327	0.7946	0.2303	151.62	354.17	291.77
2026-05-28T20:19:13.9138052+08:00	0x02	0.6781	0.2561	-0.6818	0.0988	165.94	266.67	28.90
2026-05-28T20:19:13.9138052+08:00	0x03	-0.1781	0.5327	0.7946	0.2303	151.62	354.17	291.77
2026-05-28T20:19:13.9458643+08:00	0x01	-0.3385	-0.5717	0.3939	-0.6351	346.17	75.70	61.69
2026-05-28T20:19:13.9458643+08:00	0x04	-0.2571	-0.2434	-0.0312	-0.9347	11.96	32.15	27.74
2026-05-28T20:19:13.9796314+08:00	0x03	-0.1773	0.5298	0.7985	0.2241	153.32	353.05	292.24
2026-05-28T20:19:14.0130161+08:00	0x02	0.6763	0.2649	-0.6806	0.0960	164.86	266.37	29.37
2026-05-28T20:19:14.0130161+08:00	0x03	-0.1773	0.5298	0.7985	0.2241	153.32	353.05	292.24
2026-05-28T20:19:14.0130161+08:00	0x01	-0.3404	-0.5743	0.3959	-0.6305	346.62	76.57	62.13
2026-05-28T20:19:14.1176414+08:00	0x04	-0.2592	-0.2344	-0.0005	-0.9369	8.06	30.18	29.04
2026-05-28T20:19:14.1176414+08:00	0x03	-0.1799	0.5247	0.8028	0.2187	155.34	351.24	292.91
2026-05-28T20:19:14.1186749+08:00	0x02	0.6687	0.2711	-0.6859	0.0941	164.38	267.26	29.85
2026-05-28T20:19:14.1186749+08:00	0x03	-0.1817	0.5207	0.8057	0.2163	156.38	350.22	293.42
2026-05-28T20:19:14.1463233+08:00	0x01	-0.3296	-0.5729	0.3999	-0.6350	344.29	74.78	61.26
2026-05-28T20:19:14.1463233+08:00	0x02	0.6514	0.2685	-0.7018	0.1052	166.37	270.47	30.93
2026-05-28T20:19:14.1799838+08:00	0x03	-0.1817	0.5207	0.8057	0.2163	156.38	350.22	293.42
2026-05-28T20:19:14.2458088+08:00	0x03	-0.1805	0.5172	0.8080	0.2168	156.20	350.43	293.92
2026-05-28T20:19:14.2458088+08:00	0x04	-0.2629	-0.2158	0.0663	-0.9380	359.26	25.70	31.46
2026-05-28T20:19:14.3469366+08:00	0x02	0.6122	0.2911	-0.7175	0.1601	170.77	275.88	37.86
2026-05-28T20:19:14.3479333+08:00	0x03	-0.1805	0.5172	0.8080	0.2168	156.20	350.43	293.92
2026-05-28T20:19:14.3479333+08:00	0x01	-0.2593	-0.5794	0.3934	-0.6650	338.17	71.10	53.20
2026-05-28T20:19:14.3479333+08:00	0x03	-0.1773	0.5166	0.8088	0.2178	155.50	351.30	294.08
2026-05-28T20:19:14.3479333+08:00	0x04	-0.2670	-0.2048	0.1026	-0.9361	354.34	23.01	32.81
2026-05-28T20:19:14.3798487+08:00	0x02	0.5656	0.3170	-0.7267	0.2270	177.64	283.21	45.85
2026-05-28T20:19:14.4130665+08:00	0x03	-0.1773	0.5166	0.8088	0.2178	155.50	351.30	294.08
2026-05-28T20:19:14.4460520+08:00	0x01	-0.2161	-0.5815	0.3926	-0.6790	334.77	69.62	48.60
2026-05-28T20:19:14.4460520+08:00	0x04	-0.2702	-0.1933	0.1342	-0.9336	349.87	20.31	33.81
2026-05-28T20:19:14.4460520+08:00	0x03	-0.1740	0.5157	0.8102	0.2179	155.05	352.02	294.31
2026-05-28T20:19:14.4798237+08:00	0x02	0.5369	0.3180	-0.7354	0.2642	184.09	289.59	48.72
2026-05-28T20:19:14.5811075+08:00	0x01	-0.1874	-0.5757	0.3947	-0.6911	331.93	67.62	45.52
2026-05-28T20:19:14.5811075+08:00	0x03	-0.1740	0.5157	0.8102	0.2179	155.05	352.02	294.31
2026-05-28T20:19:14.5811075+08:00	0x04	-0.2705	-0.1829	0.1600	-0.9316	346.06	17.90	34.22
2026-05-28T20:19:14.5811075+08:00	0x03	-0.1701	0.5154	0.8110	0.2184	154.38	352.97	294.45
2026-05-28T20:19:14.5811075+08:00	0x02	0.5183	0.3255	-0.7382	0.2836	187.39	293.36	50.77
2026-05-28T20:19:14.6126349+08:00	0x01	-0.1674	-0.5732	0.3894	-0.7012	331.06	66.94	42.94
2026-05-28T20:19:14.6126349+08:00	0x03	-0.1701	0.5154	0.8110	0.2184	154.38	352.97	294.45
2026-05-28T20:19:14.6464320+08:00	0x04	-0.2739	-0.1728	0.1847	-0.9279	342.39	15.53	34.90
2026-05-28T20:19:14.6795897+08:00	0x03	-0.1679	0.5133	0.8133	0.2167	154.60	353.07	294.82
2026-05-28T20:19:14.6805859+08:00	0x02	0.5116	0.3301	-0.7384	0.2900	188.38	294.62	51.65
2026-05-28T20:19:14.7812450+08:00	0x01	-0.1619	-0.5709	0.3862	-0.7062	330.96	66.53	42.04
2026-05-28T20:19:14.7812450+08:00	0x03	-0.1662	0.5128	0.8145	0.2146	154.87	353.11	294.96
2026-05-28T20:19:14.7812450+08:00	0x04	-0.2748	-0.1645	0.2064	-0.9246	339.13	13.50	35.18
2026-05-28T20:19:14.7812450+08:00	0x03	-0.1662	0.5128	0.8145	0.2146	154.87	353.11	294.96
2026-05-28T20:19:14.7822616+08:00	0x02	0.5101	0.3358	-0.7348	0.2953	188.66	294.75	52.62
2026-05-28T20:19:14.8132248+08:00	0x01	-0.1603	-0.5730	0.3817	-0.7073	331.54	67.01	41.62
2026-05-28T20:19:14.8132248+08:00	0x04	-0.2762	-0.1573	0.2267	-0.9207	336.07	11.64	35.44
2026-05-28T20:19:14.8132248+08:00	0x03	-0.1658	0.5112	0.8160	0.2128	155.30	352.86	295.19
2026-05-28T20:19:14.8798495+08:00	0x03	-0.1658	0.5112	0.8160	0.2128	155.30	352.86	295.19
2026-05-28T20:19:14.8798495+08:00	0x02	0.5125	0.3393	-0.7310	0.2963	188.17	294.02	53.11
2026-05-28T20:19:14.9127626+08:00	0x01	-0.1623	-0.5744	0.3786	-0.7074	332.14	67.37	41.65
2026-05-28T20:19:14.9127626+08:00	0x04	-0.2775	-0.1509	0.2462	-0.9163	333.12	9.92	35.65
2026-05-28T20:19:15.0247602+08:00	0x03	-0.1660	0.5102	0.8172	0.2105	155.93	352.41	295.35
2026-05-28T20:19:15.0247602+08:00	0x03	-0.1660	0.5102	0.8172	0.2105	155.93	352.41	295.35
2026-05-28T20:19:15.0247602+08:00	0x02	0.5152	0.3409	-0.7286	0.2958	187.67	293.33	53.28
2026-05-28T20:19:15.0247602+08:00	0x01	-0.1644	-0.5752	0.3771	-0.7070	332.52	67.60	41.78
2026-05-28T20:19:15.0247602+08:00	0x04	-0.2785	-0.1455	0.2647	-0.9117	330.32	8.36	35.79
2026-05-28T20:19:15.0596961+08:00	0x03	-0.1667	0.5090	0.8184	0.2085	156.53	351.91	295.51
2026-05-28T20:19:15.0896144+08:00	0x02	0.5153	0.3422	-0.7276	0.2965	187.61	293.23	53.48
2026-05-28T20:19:15.0906109+08:00	0x03	-0.1667	0.5090	0.8184	0.2085	156.53	351.91	295.51
2026-05-28T20:19:15.1235226+08:00	0x01	-0.1639	-0.5757	0.3760	-0.7074	332.65	67.70	41.66
2026-05-28T20:19:15.1235226+08:00	0x04	-0.2790	-0.1404	0.2827	-0.9069	327.60	6.86	35.84
2026-05-28T20:19:15.2277032+08:00	0x02	0.5136	0.3432	-0.7276	0.2984	187.93	293.58	53.70
2026-05-28T20:19:15.2277032+08:00	0x03	-0.1675	0.5078	0.8192	0.2073	156.94	351.52	295.65
2026-05-28T20:19:15.2277032+08:00	0x03	-0.1675	0.5078	0.8192	0.2073	156.94	351.52	295.65
2026-05-28T20:19:15.2277032+08:00	0x01	-0.1630	-0.5756	0.3764	-0.7074	332.54	67.66	41.60
2026-05-28T20:19:15.2277032+08:00	0x04	-0.2771	-0.1346	0.2965	-0.9040	325.47	5.57	35.50
2026-05-28T20:19:15.2565782+08:00	0x02	0.5130	0.3425	-0.7284	0.2983	188.05	293.76	53.60
2026-05-28T20:19:15.2565782+08:00	0x03	-0.1674	0.5062	0.8206	0.2057	157.34	351.24	295.89
2026-05-28T20:19:15.3224082+08:00	0x03	-0.1619	0.5045	0.8249	0.1970	158.64	351.15	296.35
2026-05-28T20:19:15.3224082+08:00	0x01	-0.1639	-0.5742	0.3782	-0.7074	332.28	67.38	41.78
2026-05-28T20:19:15.3224082+08:00	0x04	-0.2671	-0.1186	0.2988	-0.9085	324.76	3.86	33.79
2026-05-28T20:19:15.3573764+08:00	0x02	0.5149	0.3395	-0.7292	0.2964	187.92	293.51	53.17
2026-05-28T20:19:15.3573764+08:00	0x03	-0.1619	0.5045	0.8249	0.1970	158.64	351.15	296.35
2026-05-28T20:19:15.4611091+08:00	0x01	-0.1664	-0.5732	0.3799	-0.7067	332.17	67.20	42.12
2026-05-28T20:19:15.4620995+08:00	0x03	-0.1485	0.4972	0.8370	0.1738	162.17	350.67	297.88
2026-05-28T20:19:15.4620995+08:00	0x04	-0.2567	-0.0878	0.2988	-0.9149	323.97	0.49	31.48
2026-05-28T20:19:15.4620995+08:00	0x02	0.5159	0.3399	-0.7290	0.2949	187.58	293.22	53.11
2026-05-28T20:19:15.4620995+08:00	0x03	-0.1485	0.4972	0.8370	0.1738	162.17	350.67	297.88
2026-05-28T20:19:15.4905015+08:00	0x01	-0.1677	-0.5736	0.3803	-0.7058	332.24	67.28	42.31
2026-05-28T20:19:15.5235089+08:00	0x03	-0.1332	0.4947	0.8467	0.1438	166.62	350.04	298.84
2026-05-28T20:19:15.5569340+08:00	0x04	-0.2531	-0.0565	0.3112	-0.9143	321.45	356.41	29.87
2026-05-28T20:19:15.5569340+08:00	0x02	0.5161	0.3424	-0.7279	0.2942	187.21	292.94	53.33
2026-05-28T20:19:15.6585047+08:00	0x03	-0.1332	0.4947	0.8467	0.1438	166.62	350.04	298.84
2026-05-28T20:19:15.6585047+08:00	0x01	-0.1694	-0.5736	0.3791	-0.7061	332.51	67.35	42.39
2026-05-28T20:19:15.6585047+08:00	0x03	-0.1197	0.4942	0.8526	0.1205	169.75	350.02	299.36
2026-05-28T20:19:15.6585047+08:00	0x04	-0.2436	-0.0332	0.3197	-0.9151	319.96	353.84	27.85
2026-05-28T20:19:15.6585047+08:00	0x02	0.5173	0.3432	-0.7255	0.2972	187.38	292.75	53.65
2026-05-28T20:19:15.6908111+08:00	0x03	-0.1197	0.4942	0.8526	0.1205	169.75	350.02	299.36
2026-05-28T20:19:15.6908111+08:00	0x01	-0.1694	-0.5746	0.3760	-0.7069	332.95	67.60	42.20
2026-05-28T20:19:15.7571099+08:00	0x03	-0.1074	0.4899	0.8592	0.1009	172.23	350.22	300.28
2026-05-28T20:19:15.7571099+08:00	0x04	-0.2311	-0.0102	0.3221	-0.9180	319.45	351.71	25.52
2026-05-28T20:19:15.7896661+08:00	0x02	0.5174	0.3452	-0.7229	0.3010	187.64	292.73	54.15
2026-05-28T20:19:15.7906625+08:00	0x01	-0.1688	-0.5754	0.3726	-0.7082	333.37	67.83	41.91
2026-05-28T20:19:15.7906625+08:00	0x03	-0.1074	0.4899	0.8592	0.1009	172.23	350.22	300.28
2026-05-28T20:19:15.8957410+08:00	0x04	-0.2210	0.0174	0.3253	-0.9193	318.75	348.97	23.26
2026-05-28T20:19:15.8957410+08:00	0x03	-0.0918	0.4843	0.8666	0.0775	175.00	350.72	301.39
2026-05-28T20:19:15.8957410+08:00	0x02	0.5159	0.3488	-0.7205	0.3049	187.93	292.91	54.81
2026-05-28T20:19:15.8957410+08:00	0x01	-0.1666	-0.5779	0.3689	-0.7086	333.84	68.34	41.49
2026-05-28T20:19:15.8957410+08:00	0x04	-0.2160	0.0369	0.3310	-0.9178	317.79	346.88	21.85
2026-05-28T20:19:15.9231857+08:00	0x03	-0.0808	0.4800	0.8718	0.0544	178.14	350.44	302.24
2026-05-28T20:19:15.9570847+08:00	0x03	-0.0808	0.4800	0.8718	0.0544	178.14	350.44	302.24
2026-05-28T20:19:15.9904812+08:00	0x02	0.5169	0.3520	-0.7175	0.3068	187.72	292.51	55.32
2026-05-28T20:19:15.9904812+08:00	0x01	-0.1681	-0.5799	0.3668	-0.7077	334.32	68.78	41.56
2026-05-28T20:19:16.0957056+08:00	0x04	-0.2108	0.0482	0.3397	-0.9153	316.65	345.68	20.68
2026-05-28T20:19:16.0957056+08:00	0x03	-0.0774	0.4798	0.8731	0.0380	180.84	349.40	302.47
2026-05-28T20:19:16.0957056+08:00	0x02	0.5177	0.3560	-0.7144	0.3079	187.30	292.01	55.85
2026-05-28T20:19:16.0957056+08:00	0x03	-0.0774	0.4798	0.8731	0.0380	180.84	349.40	302.47
2026-05-28T20:19:16.1226276+08:00	0x04	-0.1987	0.0601	0.3501	-0.9134	315.54	344.76	18.72
2026-05-28T20:19:16.1236248+08:00	0x01	-0.1682	-0.5826	0.3635	-0.7072	334.91	69.35	41.41
2026-05-28T20:19:16.1236248+08:00	0x03	-0.0727	0.4711	0.8787	0.0264	182.28	349.32	303.72
2026-05-28T20:19:16.1568159+08:00	0x02	0.5181	0.3597	-0.7110	0.3109	187.21	291.72	56.48
2026-05-28T20:19:16.1901537+08:00	0x03	-0.0727	0.4711	0.8787	0.0264	182.28	349.32	303.72
2026-05-28T20:19:16.2227519+08:00	0x01	-0.1684	-0.5856	0.3598	-0.7066	335.54	69.97	41.25
2026-05-28T20:19:16.2227519+08:00	0x04	-0.1889	0.0706	0.3604	-0.9107	314.40	343.92	17.04
2026-05-28T20:19:16.2227519+08:00	0x03	-0.0660	0.4609	0.8848	0.0182	182.85	349.99	305.11
2026-05-28T20:19:16.3245915+08:00	0x02	0.5189	0.3640	-0.7069	0.3141	187.03	291.27	57.19
2026-05-28T20:19:16.3245915+08:00	0x03	-0.0660	0.4609	0.8848	0.0182	182.85	349.99	305.11
2026-05-28T20:19:16.3245915+08:00	0x04	-0.1845	0.0739	0.3732	-0.9062	312.87	343.57	16.21
2026-05-28T20:19:16.3245915+08:00	0x01	-0.1698	-0.5880	0.3559	-0.7062	336.26	70.53	41.18
2026-05-28T20:19:16.3245915+08:00	0x03	-0.0642	0.4572	0.8869	0.0154	183.08	350.14	305.61
2026-05-28T20:19:16.3563987+08:00	0x02	0.5209	0.3669	-0.7029	0.3163	186.71	290.61	57.70
2026-05-28T20:19:16.3574093+08:00	0x01	-0.1723	-0.5896	0.3530	-0.7057	336.90	70.96	41.26
2026-05-28T20:19:16.3909467+08:00	0x03	-0.0642	0.4572	0.8869	0.0154	183.08	350.14	305.61
2026-05-28T20:19:16.4231682+08:00	0x04	-0.1824	0.0769	0.3844	-0.9017	311.50	343.16	15.65
2026-05-28T20:19:16.4567923+08:00	0x03	-0.0645	0.4565	0.8873	0.0136	183.41	349.94	305.73
2026-05-28T20:19:16.4567923+08:00	0x02	0.5220	0.3693	-0.6998	0.3185	186.55	290.20	58.14
2026-05-28T20:19:16.5586598+08:00	0x01	-0.1742	-0.5908	0.3510	-0.7053	337.34	71.26	41.33
2026-05-28T20:19:16.5586598+08:00	0x03	-0.0655	0.4550	0.8880	0.0115	183.83	349.61	305.94
2026-05-28T20:19:16.5586598+08:00	0x04	-0.1813	0.0793	0.3951	-0.8971	310.14	342.79	15.23
2026-05-28T20:19:16.5586598+08:00	0x03	-0.0655	0.4550	0.8880	0.0115	183.83	349.61	305.94
2026-05-28T20:19:16.5586598+08:00	0x02	0.5227	0.3710	-0.6982	0.3189	186.28	289.87	58.36
2026-05-28T20:19:16.5902578+08:00	0x01	-0.1764	-0.5921	0.3506	-0.7038	337.64	71.57	41.57
2026-05-28T20:19:16.6231701+08:00	0x03	-0.0668	0.4550	0.8879	0.0099	184.21	349.25	305.96
2026-05-28T20:19:16.6231701+08:00	0x04	-0.1803	0.0810	0.4050	-0.8927	308.90	342.50	14.85
2026-05-28T20:19:16.6566812+08:00	0x02	0.5235	0.3748	-0.6974	0.3148	185.13	289.09	58.47
2026-05-28T20:19:16.6566812+08:00	0x03	-0.0668	0.4550	0.8879	0.0099	184.21	349.25	305.96
2026-05-28T20:19:16.6909902+08:00	0x01	-0.1814	-0.5963	0.3512	-0.6987	338.23	72.46	42.25
2026-05-28T20:19:16.7917839+08:00	0x03	-0.0689	0.4544	0.8881	0.0095	184.45	348.87	306.06
2026-05-28T20:19:16.7917839+08:00	0x04	-0.1791	0.0812	0.4147	-0.8884	307.69	342.39	14.53
2026-05-28T20:19:16.7917839+08:00	0x02	0.5268	0.3901	-0.6983	0.2877	179.01	285.39	57.98
2026-05-28T20:19:16.7917839+08:00	0x03	-0.0689	0.4544	0.8881	0.0095	184.45	348.87	306.06
2026-05-28T20:19:16.7917839+08:00	0x01	-0.1947	-0.6022	0.3470	-0.6922	340.21	74.10	43.42
2026-05-28T20:19:16.7917839+08:00	0x04	-0.1773	0.0792	0.4255	-0.8839	306.39	342.54	14.24
2026-05-28T20:19:16.8233365+08:00	0x03	-0.0716	0.4536	0.8883	0.0106	184.48	348.50	306.16
2026-05-28T20:19:16.8572254+08:00	0x02	0.5410	0.4087	-0.7072	0.2003	164.82	277.63	52.63
2026-05-28T20:19:16.8899833+08:00	0x03	-0.0716	0.4536	0.8883	0.0106	184.48	348.50	306.16
2026-05-28T20:19:16.8899833+08:00	0x01	-0.2285	-0.6016	0.3520	-0.6797	342.55	75.34	47.23
2026-05-28T20:19:16.8899833+08:00	0x04	-0.1737	0.0758	0.4364	-0.8796	305.13	342.93	13.85
2026-05-28T20:19:16.9231239+08:00	0x02	0.5587	0.4129	-0.7139	0.0883	152.48	272.75	43.49
2026-05-28T20:19:16.9231239+08:00	0x03	-0.0745	0.4514	0.8891	0.0133	184.22	348.29	306.42
2026-05-28T20:19:17.0238961+08:00	0x03	-0.0745	0.4514	0.8891	0.0133	184.22	348.29	306.42
2026-05-28T20:19:17.0238961+08:00	0x04	-0.1696	0.0739	0.4435	-0.8770	304.37	343.26	13.41
2026-05-28T20:19:17.0238961+08:00	0x01	-0.2665	-0.6066	0.3853	-0.6423	342.99	77.99	54.08
2026-05-28T20:19:17.0238961+08:00	0x02	0.5734	0.3974	-0.7165	-0.0038	146.02	271.85	34.41
2026-05-28T20:19:17.0238961+08:00	0x03	-0.0771	0.4474	0.8909	0.0137	184.25	347.98	306.94
2026-05-28T20:19:17.0908158+08:00	0x03	-0.0771	0.4474	0.8909	0.0137	184.25	347.98	306.94
2026-05-28T20:19:17.0908158+08:00	0x01	-0.3080	-0.6057	0.4428	-0.5850	340.89	80.05	63.73
2026-05-28T20:19:17.0908158+08:00	0x04	-0.1657	0.0697	0.4492	-0.8752	303.79	343.84	13.15
2026-05-28T20:19:17.1227761+08:00	0x02	0.5986	0.3456	-0.7181	-0.0809	144.68	272.78	23.55
2026-05-28T20:19:17.1575702+08:00	0x03	-0.0807	0.4400	0.8943	0.0138	184.32	347.58	307.89
2026-05-28T20:19:17.2617658+08:00	0x03	-0.0895	0.4378	0.8944	0.0173	184.41	346.42	308.16
2026-05-28T20:19:17.2627708+08:00	0x01	-0.3400	-0.5907	0.5036	-0.5310	333.03	76.00	72.93
2026-05-28T20:19:17.2627708+08:00	0x04	-0.1706	0.0599	0.4572	-0.8708	302.67	344.43	14.02
2026-05-28T20:19:17.2627708+08:00	0x02	0.6059	0.3042	-0.7232	-0.1315	144.40	274.83	16.30
2026-05-28T20:19:17.2627708+08:00	0x03	-0.0895	0.4378	0.8944	0.0173	184.41	346.42	308.16
2026-05-28T20:19:17.2627708+08:00	0x01	-0.3531	-0.5933	0.5270	-0.4956	332.09	77.80	77.24
2026-05-28T20:19:17.3236013+08:00	0x04	-0.1984	0.0460	0.4701	-0.8588	300.13	343.85	17.31
2026-05-28T20:19:17.3236013+08:00	0x03	-0.1072	0.4399	0.8913	0.0251	184.63	344.02	307.86
2026-05-28T20:19:17.3236013+08:00	0x02	0.6120	0.2777	-0.7241	-0.1547	144.74	275.67	12.28
2026-05-28T20:19:17.3566065+08:00	0x01	-0.3690	-0.5898	0.5484	-0.4640	329.75	77.35	81.59
2026-05-28T20:19:17.3566065+08:00	0x03	-0.1072	0.4399	0.8913	0.0251	184.63	344.02	307.86
2026-05-28T20:19:17.4919239+08:00	0x04	-0.2117	0.0180	0.4815	-0.8503	298.38	345.54	20.04
2026-05-28T20:19:17.4919239+08:00	0x03	-0.1341	0.4521	0.8810	0.0382	185.24	340.03	306.22
2026-05-28T20:19:17.4919239+08:00	0x02	0.6236	0.2425	-0.7277	-0.1510	148.03	276.09	9.48
2026-05-28T20:19:17.4919239+08:00	0x01	-0.3786	-0.5853	0.5613	-0.4461	325.35	73.90	84.20
2026-05-28T20:19:17.4919239+08:00	0x03	-0.1341	0.4521	0.8810	0.0382	185.24	340.03	306.22
2026-05-28T20:19:17.5236482+08:00	0x04	-0.2174	0.0102	0.4903	-0.8439	297.04	345.72	20.91
2026-05-28T20:19:17.5236482+08:00	0x03	-0.1494	0.4542	0.8771	0.0470	185.21	338.00	305.84
2026-05-28T20:19:17.5564201+08:00	0x02	0.6296	0.2298	-0.7288	-0.1400	150.02	275.90	9.13
2026-05-28T20:19:17.5574155+08:00	0x01	-0.3755	-0.5861	0.5612	-0.4478	324.63	73.31	83.80
2026-05-28T20:19:17.5897367+08:00	0x03	-0.1494	0.4542	0.8771	0.0470	185.21	338.00	305.84
2026-05-28T20:19:17.6920837+08:00	0x04	-0.2133	0.0134	0.4987	-0.8400	296.02	345.49	20.19
2026-05-28T20:19:17.6920837+08:00	0x03	-0.1485	0.4517	0.8782	0.0509	184.37	338.58	306.04
2026-05-28T20:19:17.6920837+08:00	0x02	0.6305	0.2109	-0.7335	-0.1410	151.51	276.72	7.56
2026-05-28T20:19:17.6920837+08:00	0x01	-0.3756	-0.5847	0.5687	-0.4400	319.24	68.71	84.62
2026-05-28T20:19:17.6920837+08:00	0x04	-0.2086	0.0154	0.5052	-0.8373	295.27	345.46	19.50
2026-05-28T20:19:17.6920837+08:00	0x03	-0.1485	0.4517	0.8782	0.0509	184.37	338.58	306.04
2026-05-28T20:19:17.7573911+08:00	0x02	0.6299	0.1975	-0.7367	-0.1464	152.15	277.42	6.12
2026-05-28T20:19:17.7902091+08:00	0x01	-0.3834	-0.5788	0.5791	-0.4273	304.60	54.61	86.44
2026-05-28T20:19:17.7902091+08:00	0x04	-0.2068	0.0159	0.5097	-0.8350	294.71	345.44	19.21
2026-05-28T20:19:17.7902091+08:00	0x03	-0.1434	0.4474	0.8811	0.0535	183.28	339.86	306.50
2026-05-28T20:19:17.9259361+08:00	0x03	-0.1434	0.4474	0.8811	0.0535	183.28	339.86	306.50
2026-05-28T20:19:17.9259361+08:00	0x02	0.6309	0.1804	-0.7387	-0.1542	152.83	278.00	4.13
2026-05-28T20:19:17.9259361+08:00	0x01	-0.3902	-0.5766	0.5838	-0.4177	290.19	40.49	87.69
2026-05-28T20:19:17.9259361+08:00	0x04	-0.2036	0.0148	0.5124	-0.8342	294.49	345.72	18.93
2026-05-28T20:19:17.9259361+08:00	0x03	-0.1438	0.4439	0.8828	0.0538	183.12	339.94	306.94
2026-05-28T20:19:17.9259361+08:00	0x02	0.6361	0.1805	-0.7355	-0.1477	153.37	277.24	4.46
2026-05-28T20:19:17.9575129+08:00	0x03	-0.1438	0.4439	0.8828	0.0538	183.12	339.94	306.94
2026-05-28T20:19:17.9906667+08:00	0x01	-0.3858	-0.5845	0.5694	-0.4305	324.01	73.46	86.17
2026-05-28T20:19:17.9906667+08:00	0x04	-0.1996	0.0136	0.5162	-0.8328	294.12	346.04	18.56
2026-05-28T20:19:17.9906667+08:00	0x03	-0.1437	0.4398	0.8848	0.0553	182.70	340.21	307.42
2026-05-28T20:19:18.0229051+08:00	0x02	0.6398	0.1838	-0.7330	-0.1397	153.78	276.56	5.20
2026-05-28T20:19:18.0568299+08:00	0x03	-0.1437	0.4398	0.8848	0.0553	182.70	340.21	307.42
2026-05-28T20:19:18.1588220+08:00	0x04	-0.1968	0.0130	0.5218	-0.8300	293.45	346.17	18.25
2026-05-28T20:19:18.1588220+08:00	0x01	-0.3801	-0.5887	0.5596	-0.4426	330.57	79.32	84.41
2026-05-28T20:19:18.1588220+08:00	0x03	-0.1430	0.4361	0.8866	0.0573	182.16	340.61	307.84
2026-05-28T20:19:18.1588220+08:00	0x02	0.6396	0.1876	-0.7338	-0.1311	154.22	276.43	6.18
2026-05-28T20:19:18.1588220+08:00	0x01	-0.3720	-0.5904	0.5555	-0.4522	329.25	77.79	82.91
2026-05-28T20:19:18.1588220+08:00	0x03	-0.1430	0.4361	0.8866	0.0573	182.16	340.61	307.84
2026-05-28T20:19:18.1897383+08:00	0x04	-0.1966	0.0135	0.5250	-0.8280	293.01	346.07	18.15
2026-05-28T20:19:18.2230198+08:00	0x02	0.6369	0.1849	-0.7366	-0.1323	154.36	276.95	5.97
2026-05-28T20:19:18.2230198+08:00	0x03	-0.1427	0.4354	0.8869	0.0583	181.94	340.78	307.91
2026-05-28T20:19:18.2566395+08:00	0x01	-0.3648	-0.5898	0.5538	-0.4608	326.43	74.78	81.69
2026-05-28T20:19:18.2576440+08:00	0x03	-0.1427	0.4354	0.8869	0.0583	181.94	340.78	307.91
2026-05-28T20:19:18.3589028+08:00	0x04	-0.1985	0.0122	0.5261	-0.8269	292.80	346.04	18.38
2026-05-28T20:19:18.3589028+08:00	0x02	0.6355	0.1882	-0.7367	-0.1342	153.93	277.02	6.13
2026-05-28T20:19:18.3589028+08:00	0x03	-0.1445	0.4359	0.8864	0.0586	182.06	340.48	307.84
2026-05-28T20:19:18.3589028+08:00	0x01	-0.3667	-0.5900	0.5595	-0.4521	325.11	74.18	82.64
2026-05-28T20:19:18.3898234+08:00	0x03	-0.1475	0.4372	0.8852	0.0594	182.23	339.98	307.67
2026-05-28T20:19:18.3898234+08:00	0x04	-0.1987	0.0091	0.5270	-0.8263	292.69	346.30	18.59
2026-05-28T20:19:18.4237334+08:00	0x02	0.6330	0.1881	-0.7373	-0.1426	153.22	277.39	5.56
2026-05-28T20:19:18.4237334+08:00	0x03	-0.1475	0.4372	0.8852	0.0594	182.23	339.98	307.67
2026-05-28T20:19:18.4577257+08:00	0x01	-0.3730	-0.5867	0.5688	-0.4394	320.16	69.95	84.43
2026-05-28T20:19:18.5606844+08:00	0x03	-0.1500	0.4333	0.8865	0.0618	181.90	339.87	308.11
2026-05-28T20:19:18.5606844+08:00	0x04	-0.1957	0.0052	0.5297	-0.8253	292.46	346.84	18.52
2026-05-28T20:19:18.5606844+08:00	0x02	0.6345	0.1691	-0.7396	-0.1479	154.27	277.93	3.59
2026-05-28T20:19:18.5606844+08:00	0x03	-0.1500	0.4333	0.8865	0.0618	181.90	339.87	308.11
2026-05-28T20:19:18.5606844+08:00	0x01	-0.3855	-0.5814	0.5793	-0.4216	308.16	58.52	87.07
2026-05-28T20:19:18.5907007+08:00	0x03	-0.1506	0.4289	0.8882	0.0667	180.98	340.28	308.56
2026-05-28T20:19:18.6237670+08:00	0x04	-0.1914	0.0013	0.5338	-0.8237	292.08	347.44	18.29
2026-05-28T20:19:18.6237670+08:00	0x02	0.6368	0.1635	-0.7382	-0.1514	154.39	277.80	2.79
2026-05-28T20:19:18.6570816+08:00	0x03	-0.1506	0.4289	0.8882	0.0667	180.98	340.28	308.56
2026-05-28T20:19:18.6570816+08:00	0x04	-0.1868	-0.0020	0.5391	-0.8212	291.52	347.97	18.00
2026-05-28T20:19:18.6911912+08:00	0x03	-0.1497	0.4245	0.8900	0.0726	179.80	341.00	308.98
2026-05-28T20:19:18.7952017+08:00	0x02	0.6381	0.1718	-0.7355	-0.1496	153.89	277.29	3.55
2026-05-28T20:19:18.7952017+08:00	0x03	-0.1497	0.4245	0.8900	0.0726	179.80	341.00	308.98
2026-05-28T20:19:18.7952017+08:00	0x01	-0.3799	-0.5951	0.5633	-0.4293	337.74	87.87	85.24
2026-05-28T20:19:18.7952017+08:00	0x04	-0.1828	-0.0039	0.5458	-0.8177	290.74	348.31	17.65
2026-05-28T20:19:18.7952017+08:00	0x02	0.6380	0.1455	-0.7384	-0.1631	154.75	278.26	0.39
2026-05-28T20:19:18.8228563+08:00	0x03	-0.1477	0.4209	0.8915	0.0791	178.49	341.90	309.30
2026-05-28T20:19:18.8567282+08:00	0x03	-0.1477	0.4209	0.8915	0.0791	178.49	341.90	309.30
2026-05-28T20:19:18.8907167+08:00	0x04	-0.1792	-0.0048	0.5507	-0.8152	290.17	348.55	17.31
2026-05-28T20:19:18.8907167+08:00	0x01	-0.3784	-0.5933	0.5522	-0.4472	336.61	85.05	83.50
2026-05-28T20:19:18.8907167+08:00	0x02	0.6425	0.1283	-0.7379	-0.1624	156.14	278.14	358.89
2026-05-28T20:19:18.9226281+08:00	0x03	-0.1447	0.4206	0.8916	0.0851	177.28	342.85	309.23
2026-05-28T20:19:19.0253450+08:00	0x01	-0.3817	-0.5932	0.5486	-0.4488	339.60	87.54	83.47
2026-05-28T20:19:19.0253450+08:00	0x03	-0.1427	0.4195	0.8922	0.0873	176.74	343.37	309.34
2026-05-28T20:19:19.0253450+08:00	0x04	-0.1779	-0.0037	0.5530	-0.8140	289.89	348.49	17.07
2026-05-28T20:19:19.0253450+08:00	0x02	0.6423	0.1234	-0.7388	-0.1623	156.52	278.31	358.50
2026-05-28T20:19:19.0253450+08:00	0x01	-0.3857	-0.5903	0.5519	-0.4453	338.87	86.79	84.26
2026-05-28T20:19:19.0253450+08:00	0x03	-0.1427	0.4195	0.8922	0.0873	176.74	343.37	309.34
2026-05-28T20:19:19.0902162+08:00	0x04	-0.1764	-0.0029	0.5531	-0.8142	289.91	348.52	16.89
2026-05-28T20:19:19.0902162+08:00	0x03	-0.1417	0.4177	0.8933	0.0869	176.68	343.54	309.57
2026-05-28T20:19:19.1231296+08:00	0x02	0.6429	0.1198	-0.7389	-0.1621	156.80	278.32	358.20
2026-05-28T20:19:19.1231296+08:00	0x01	-0.3895	-0.5863	0.5543	-0.4442	336.53	84.20	84.86
2026-05-28T20:19:19.1231296+08:00	0x03	-0.1417	0.4177	0.8933	0.0869	176.68	343.54	309.57
2026-05-28T20:19:19.2579478+08:00	0x04	-0.1757	-0.0029	0.5532	-0.8143	289.92	348.57	16.82
2026-05-28T20:19:19.2589438+08:00	0x03	-0.1415	0.4171	0.8936	0.0865	176.71	343.56	309.66
2026-05-28T20:19:19.2589438+08:00	0x02	0.6440	0.1361	-0.7372	-0.1528	156.39	277.68	0.22
2026-05-28T20:19:19.2589438+08:00	0x01	-0.3828	-0.5912	0.5412	-0.4594	339.76	86.49	82.58
2026-05-28T20:19:19.2589438+08:00	0x03	-0.1415	0.4171	0.8936	0.0865	176.71	343.56	309.66
2026-05-28T20:19:19.2900232+08:00	0x04	-0.1751	-0.0038	0.5543	-0.8137	289.80	348.69	16.81
2026-05-28T20:19:19.2900232+08:00	0x03	-0.1419	0.4161	0.8939	0.0872	176.61	343.55	309.76
2026-05-28T20:19:19.3234389+08:00	0x02	0.6465	0.1707	-0.7320	-0.1303	155.61	276.09	4.67
2026-05-28T20:19:19.3234389+08:00	0x01	-0.3732	-0.5963	0.5294	-0.4742	340.55	86.60	80.17
2026-05-28T20:19:19.3571137+08:00	0x03	-0.1419	0.4161	0.8939	0.0872	176.61	343.55	309.76
2026-05-28T20:19:19.4580606+08:00	0x04	-0.1751	-0.0043	0.5570	-0.8118	289.41	348.67	16.81
2026-05-28T20:19:19.4580606+08:00	0x03	-0.1418	0.4164	0.8936	0.0891	176.30	343.71	309.70
2026-05-28T20:19:19.4580606+08:00	0x02	0.6453	0.1691	-0.7355	-0.1185	156.77	276.35	5.50
2026-05-28T20:19:19.4580606+08:00	0x01	-0.3704	-0.5936	0.5297	-0.4795	337.45	83.22	79.74
2026-05-28T20:19:19.4580606+08:00	0x03	-0.1418	0.4164	0.8936	0.0891	176.30	343.71	309.70
2026-05-28T20:19:19.4899801+08:00	0x04	-0.1752	-0.0036	0.5583	-0.8109	289.21	348.56	16.75
2026-05-28T20:19:19.5235150+08:00	0x03	-0.1415	0.4162	0.8937	0.0898	176.17	343.81	309.71
2026-05-28T20:19:19.5235150+08:00	0x02	0.6446	0.1618	-0.7375	-0.1198	157.26	276.72	4.83
2026-05-28T20:19:19.5574271+08:00	0x01	-0.3676	-0.5906	0.5256	-0.4897	335.57	80.51	78.77
2026-05-28T20:19:19.5574271+08:00	0x03	-0.1405	0.4165	0.8936	0.0902	176.03	343.99	309.66
2026-05-28T20:19:19.5904875+08:00	0x04	-0.1741	-0.0031	0.5593	-0.8105	289.12	348.58	16.60
2026-05-28T20:19:19.6926121+08:00	0x03	-0.1405	0.4165	0.8936	0.0902	176.03	343.99	309.66
2026-05-28T20:19:19.6926121+08:00	0x02	0.6463	0.1526	-0.7380	-0.1201	157.95	276.80	4.01
2026-05-28T20:19:19.6926121+08:00	0x01	-0.3672	-0.5888	0.5229	-0.4951	335.09	79.49	78.32
2026-05-28T20:19:19.6926121+08:00	0x04	-0.1732	-0.0025	0.5604	-0.8099	288.98	348.57	16.46
2026-05-28T20:19:19.6926121+08:00	0x03	-0.1396	0.4162	0.8939	0.0906	175.89	344.18	309.70
2026-05-28T20:19:19.7230556+08:00	0x02	0.6487	0.1459	-0.7372	-0.1202	158.46	276.66	3.40
2026-05-28T20:19:19.7230556+08:00	0x03	-0.1396	0.4162	0.8939	0.0906	175.89	344.18	309.70
2026-05-28T20:19:19.7568008+08:00	0x01	-0.3699	-0.5822	0.5234	-0.5002	332.51	76.10	78.39
2026-05-28T20:19:19.7568008+08:00	0x04	-0.1722	-0.0027	0.5619	-0.8091	288.80	348.63	16.36
2026-05-28T20:19:19.7903736+08:00	0x03	-0.1389	0.4146	0.8947	0.0915	175.66	344.39	309.89
2026-05-28T20:19:19.7903736+08:00	0x02	0.6528	0.1467	-0.7343	-0.1144	158.88	276.02	3.79
2026-05-28T20:19:19.8233030+08:00	0x03	-0.1389	0.4146	0.8947	0.0915	175.66	344.39	309.89
2026-05-28T20:19:19.9286036+08:00	0x01	-0.3722	-0.5827	0.5216	-0.4999	333.87	77.27	78.51
2026-05-28T20:19:19.9286036+08:00	0x04	-0.1706	-0.0031	0.5637	-0.8081	288.60	348.75	16.22
2026-05-28T20:19:19.9286036+08:00	0x02	0.6526	0.1606	-0.7301	-0.1239	156.95	275.57	4.17
2026-05-28T20:19:19.9286036+08:00	0x03	-0.1374	0.4138	0.8950	0.0939	175.14	344.81	309.96
2026-05-28T20:19:19.9563172+08:00	0x03	-0.1374	0.4138	0.8950	0.0939	175.14	344.81	309.96
2026-05-28T20:19:19.9573150+08:00	0x01	-0.3701	-0.5887	0.5194	-0.4966	336.76	80.69	78.29
2026-05-28T20:19:19.9573150+08:00	0x04	-0.1687	-0.0049	0.5679	-0.8056	288.07	348.97	16.10
2026-05-28T20:19:19.9897999+08:00	0x02	0.6433	0.1619	-0.7312	-0.1589	153.84	276.89	1.85
2026-05-28T20:19:19.9897999+08:00	0x03	-0.1358	0.4114	0.8959	0.0987	174.21	345.45	310.19
2026-05-28T20:19:20.0226142+08:00	0x01	-0.3818	-0.5878	0.5368	-0.4697	337.28	83.02	81.76
2026-05-28T20:19:20.0574874+08:00	0x03	-0.1358	0.4114	0.8959	0.0987	174.21	345.45	310.19
2026-05-28T20:19:20.0574874+08:00	0x04	-0.1695	-0.0065	0.5708	-0.8034	287.64	349.01	16.24
2026-05-28T20:19:20.1583244+08:00	0x02	0.6405	0.1646	-0.7305	-0.1704	152.61	277.19	1.27
2026-05-28T20:19:20.1583244+08:00	0x03	-0.1356	0.4115	0.8954	0.1026	173.58	345.77	310.11
2026-05-28T20:19:20.1583244+08:00	0x01	-0.3925	-0.5859	0.5590	-0.4361	337.57	85.78	85.85
2026-05-28T20:19:20.1583244+08:00	0x03	-0.1361	0.4100	0.8958	0.1046	173.27	345.84	310.27
2026-05-28T20:19:20.1583244+08:00	0x04	-0.1707	-0.0060	0.5719	-0.8024	287.44	348.85	16.31
2026-05-28T20:19:20.1900242+08:00	0x02	0.6326	0.1952	-0.7325	-0.1585	151.26	277.11	4.90
2026-05-28T20:19:20.2228551+08:00	0x03	-0.1361	0.4100	0.8958	0.1046	173.27	345.84	310.27
2026-05-28T20:19:20.2228551+08:00	0x01	-0.3734	-0.5970	0.5515	-0.4473	337.19	86.10	82.96
2026-05-28T20:19:20.2571224+08:00	0x03	-0.1351	0.4106	0.8953	0.1075	172.74	346.21	310.16
2026-05-28T20:19:20.2900399+08:00	0x04	-0.1713	-0.0060	0.5737	-0.8010	287.16	348.76	16.33
2026-05-28T20:19:20.2900399+08:00	0x02	0.6108	0.2203	-0.7423	-0.1653	148.76	279.09	7.20
2026-05-28T20:19:20.3909483+08:00	0x01	-0.3500	-0.6019	0.5313	-0.4826	334.30	81.69	77.80
2026-05-28T20:19:20.3909483+08:00	0x03	-0.1343	0.4135	0.8934	0.1135	171.74	346.78	309.71
2026-05-28T20:19:20.3909483+08:00	0x04	-0.1728	-0.0080	0.5776	-0.7978	286.55	348.76	16.56
2026-05-28T20:19:20.3909483+08:00	0x02	0.5872	0.2768	-0.7448	-0.1546	145.19	279.30	13.34
2026-05-28T20:19:20.4232985+08:00	0x03	-0.1343	0.4135	0.8934	0.1135	171.74	346.78	309.71
2026-05-28T20:19:20.4232985+08:00	0x01	-0.3290	-0.6116	0.5064	-0.5111	336.96	83.11	72.90
2026-05-28T20:19:20.4904296+08:00	0x03	-0.1361	0.4133	0.8924	0.1192	170.95	346.92	309.63
2026-05-28T20:19:20.4904296+08:00	0x04	-0.1752	-0.0122	0.5800	-0.7954	286.13	348.92	17.03
2026-05-28T20:19:20.5932192+08:00	0x02	0.5757	0.3679	-0.7224	-0.1068	140.71	274.18	24.11
2026-05-28T20:19:20.5932192+08:00	0x01	-0.3146	-0.6203	0.4902	-0.5252	338.80	84.61	69.84
2026-05-28T20:19:20.5932192+08:00	0x03	-0.1361	0.4133	0.8924	0.1192	170.95	346.92	309.63
2026-05-28T20:19:20.5932192+08:00	0x04	-0.1788	-0.0160	0.5820	-0.7931	285.74	348.95	17.59
2026-05-28T20:19:20.5932192+08:00	0x03	-0.1404	0.4126	0.8917	0.1222	170.80	346.44	309.64
2026-05-28T20:19:20.6234542+08:00	0x02	0.5582	0.4319	-0.7049	-0.0708	136.67	270.26	32.00
2026-05-28T20:19:20.6234542+08:00	0x01	-0.3089	-0.6297	0.4909	-0.5168	340.12	87.36	69.64
2026-05-28T20:19:20.6588431+08:00	0x03	-0.1404	0.4126	0.8917	0.1222	170.80	346.44	309.64
2026-05-28T20:19:20.6588431+08:00	0x04	-0.1807	-0.0230	0.5823	-0.7923	285.67	349.44	18.25
2026-05-28T20:19:20.6598768+08:00	0x02	0.5581	0.4237	-0.7114	-0.0542	139.11	271.23	32.84
2026-05-28T20:19:20.6906002+08:00	0x03	-0.1479	0.4090	0.8921	0.1226	171.25	345.26	310.01
2026-05-28T20:19:20.7923713+08:00	0x01	-0.3136	-0.6325	0.5008	-0.5008	340.82	89.41	71.37
2026-05-28T20:19:20.7923713+08:00	0x04	-0.1748	-0.0161	0.5866	-0.7906	285.21	349.17	17.17
2026-05-28T20:19:20.7923713+08:00	0x03	-0.1500	0.4050	0.8947	0.1136	172.79	344.28	310.64
2026-05-28T20:19:20.7923713+08:00	0x02	0.5621	0.4239	-0.7089	-0.0431	139.83	270.60	33.55
2026-05-28T20:19:20.7923713+08:00	0x03	-0.1500	0.4050	0.8947	0.1136	172.79	344.28	310.64
2026-05-28T20:19:20.8573868+08:00	0x01	-0.3130	-0.6382	0.4955	-0.4991	343.09	91.86	70.91
2026-05-28T20:19:20.8573868+08:00	0x04	-0.1544	0.0043	0.5841	-0.7968	286.15	348.88	13.95
2026-05-28T20:19:20.8573868+08:00	0x03	-0.1347	0.4022	0.9000	0.1006	173.68	345.84	311.32
2026-05-28T20:19:20.8896266+08:00	0x02	0.5667	0.4295	-0.7018	-0.0447	138.78	269.24	33.51
2026-05-28T20:19:20.8896266+08:00	0x01	-0.3189	-0.6367	0.4908	-0.5021	344.59	92.46	70.93
2026-05-28T20:19:20.9235369+08:00	0x03	-0.1347	0.4022	0.9000	0.1006	173.68	345.84	311.32
2026-05-28T20:19:21.0249408+08:00	0x04	-0.1421	0.0325	0.5818	-0.8002	286.73	347.21	10.93
2026-05-28T20:19:21.0249408+08:00	0x03	-0.1130	0.3991	0.9063	0.0813	175.12	347.95	312.12
2026-05-28T20:19:21.0249408+08:00	0x02	0.5671	0.4394	-0.6949	-0.0488	137.10	267.98	33.73
2026-05-28T20:19:21.0249408+08:00	0x01	-0.3181	-0.6361	0.4677	-0.5249	346.53	91.79	68.26
2026-05-28T20:19:21.0249408+08:00	0x03	-0.1130	0.3991	0.9063	0.0813	175.12	347.95	312.12
2026-05-28T20:19:21.0566793+08:00	0x04	-0.1365	0.0519	0.5783	-0.8027	287.32	345.86	9.15
2026-05-28T20:19:21.0903950+08:00	0x03	-0.0965	0.4003	0.9089	0.0658	176.39	349.47	312.24
2026-05-28T20:19:21.0903950+08:00	0x02	0.5497	0.4809	-0.6810	-0.0530	131.52	265.23	36.64
2026-05-28T20:19:21.1232694+08:00	0x01	-0.3212	-0.6175	0.4138	-0.5868	348.83	86.12	62.62
2026-05-28T20:19:21.1232694+08:00	0x03	-0.0965	0.4003	0.9089	0.0658	176.39	349.47	312.24
2026-05-28T20:19:21.2268714+08:00	0x04	-0.1358	0.0566	0.5757	-0.8043	287.69	345.50	8.82
2026-05-28T20:19:21.2268714+08:00	0x03	-0.0875	0.4055	0.9078	0.0620	176.41	350.60	311.66
2026-05-28T20:19:21.2268714+08:00	0x02	0.5130	0.5360	-0.6661	-0.0762	122.41	262.48	39.49
2026-05-28T20:19:21.2268714+08:00	0x01	-0.3270	-0.5826	0.3291	-0.6674	354.16	79.19	55.07
2026-05-28T20:19:21.2268714+08:00	0x03	-0.0875	0.4055	0.9078	0.0620	176.41	350.60	311.66
2026-05-28T20:19:21.2567508+08:00	0x04	-0.1413	0.0557	0.5761	-0.8031	287.47	345.19	9.37
2026-05-28T20:19:21.2907236+08:00	0x02	0.4730	0.5812	-0.6503	-0.1249	112.38	260.80	39.63
2026-05-28T20:19:21.2907236+08:00	0x03	-0.0874	0.4120	0.9045	0.0666	175.76	350.90	310.80
2026-05-28T20:19:21.3227556+08:00	0x01	-0.3109	-0.5464	0.2507	-0.7361	357.53	72.10	47.03
2026-05-28T20:19:21.3564409+08:00	0x03	-0.0882	0.4154	0.9026	0.0705	175.21	351.05	310.33
2026-05-28T20:19:21.3574375+08:00	0x04	-0.1480	0.0555	0.5787	-0.8001	286.91	344.69	9.93
2026-05-28T20:19:21.4588007+08:00	0x02	0.4583	0.6082	-0.6123	-0.2125	101.74	258.97	33.37
2026-05-28T20:19:21.4588007+08:00	0x03	-0.0882	0.4154	0.9026	0.0705	175.21	351.05	310.33
2026-05-28T20:19:21.4588007+08:00	0x01	-0.2924	-0.5153	0.2432	-0.7680	354.20	65.34	44.41
2026-05-28T20:19:21.4588007+08:00	0x03	-0.0930	0.4220	0.8984	0.0786	174.32	350.86	309.39
2026-05-28T20:19:21.4588007+08:00	0x04	-0.1587	0.0504	0.5836	-0.7948	285.88	344.30	11.15
2026-05-28T20:19:21.4906856+08:00	0x02	0.4448	0.6190	-0.5626	-0.3200	91.81	259.75	24.32
2026-05-28T20:19:21.5226000+08:00	0x03	-0.0930	0.4220	0.8984	0.0786	174.32	350.86	309.39
2026-05-28T20:19:21.5235963+08:00	0x01	-0.2760	-0.5225	0.2772	-0.7576	349.26	64.71	45.07
2026-05-28T20:19:21.5566658+08:00	0x03	-0.1106	0.4287	0.8916	0.0950	173.08	349.22	308.23
2026-05-28T20:19:21.5902238+08:00	0x04	-0.1740	0.0222	0.5902	-0.7879	284.51	345.62	14.36
2026-05-28T20:19:21.5909052+08:00	0x02	0.4267	0.6207	-0.5087	-0.4170	82.94	261.95	16.00
2026-05-28T20:19:21.6912813+08:00	0x03	-0.1106	0.4287	0.8916	0.0950	173.08	349.22	308.23
2026-05-28T20:19:21.6912813+08:00	0x01	-0.2707	-0.5405	0.3343	-0.7231	343.15	65.86	48.83
2026-05-28T20:19:21.6912813+08:00	0x04	-0.2016	-0.0121	0.5934	-0.7792	283.13	346.50	19.18
2026-05-28T20:19:21.6912813+08:00	0x02	0.4273	0.6207	-0.5104	-0.4141	83.20	261.86	16.24
2026-05-28T20:19:21.6912813+08:00	0x03	-0.1438	0.4295	0.8840	0.1155	172.40	345.27	307.58
2026-05-28T20:19:21.7231975+08:00	0x01	-0.2743	-0.5477	0.3932	-0.6857	336.16	65.00	53.80
2026-05-28T20:19:21.7571061+08:00	0x03	-0.1438	0.4295	0.8840	0.1155	172.40	345.27	307.58
2026-05-28T20:19:21.7571061+08:00	0x04	-0.2208	-0.0459	0.5994	-0.7680	281.54	347.80	23.21
2026-05-28T20:19:21.7571061+08:00	0x02	0.4148	0.6136	-0.4627	-0.4871	76.66	264.34	9.43
2026-05-28T20:19:21.7903936+08:00	0x03	-0.1734	0.4419	0.8688	0.1409	170.87	342.16	305.25
2026-05-28T20:19:21.7903936+08:00	0x01	-0.2436	-0.5598	0.4219	-0.6703	330.86	64.96	53.03
2026-05-28T20:19:21.8234992+08:00	0x03	-0.1734	0.4419	0.8688	0.1409	170.87	342.16	305.25
2026-05-28T20:19:21.8234992+08:00	0x04	-0.2307	-0.0697	0.6040	-0.7596	280.48	348.94	25.77
2026-05-28T20:19:21.9249697+08:00	0x02	0.3854	0.5997	-0.4451	-0.5419	72.02	269.05	6.67
2026-05-28T20:19:21.9249697+08:00	0x03	-0.1966	0.4261	0.8686	0.1590	169.49	339.79	306.61
2026-05-28T20:19:21.9249697+08:00	0x01	-0.2149	-0.5667	0.4506	-0.6554	325.31	64.22	52.41
2026-05-28T20:19:21.9249697+08:00	0x03	-0.2066	0.4311	0.8599	0.1788	167.09	339.66	305.37
2026-05-28T20:19:21.9569886+08:00	0x04	-0.2265	-0.0954	0.6084	-0.7547	280.19	351.49	27.25
2026-05-28T20:19:21.9569886+08:00	0x03	-0.2066	0.4311	0.8599	0.1788	167.09	339.66	305.37
2026-05-28T20:19:21.9569886+08:00	0x02	0.3448	0.5792	-0.4356	-0.5966	67.40	275.26	5.34
2026-05-28T20:19:21.9903684+08:00	0x01	-0.1905	-0.5686	0.4831	-0.6380	319.05	62.60	52.41
2026-05-28T20:19:21.9903684+08:00	0x03	-0.2066	0.4311	0.8599	0.1788	167.09	339.66	305.37
2026-05-28T20:19:22.0567407+08:00	0x04	-0.2295	-0.1091	0.6093	-0.7511	279.98	352.43	28.54
2026-05-28T20:19:22.0567407+08:00	0x04	-0.2295	-0.1091	0.6093	-0.7511	279.98	352.43	28.54
2026-05-28T20:19:22.0567407+08:00	0x03	-0.2255	0.4029	0.8686	0.1800	167.90	336.72	308.64
2026-05-28T20:19:22.1580650+08:00	0x02	0.3143	0.5556	-0.4107	-0.6510	62.25	280.67	2.70
2026-05-28T20:19:22.1580650+08:00	0x01	-0.1752	-0.5635	0.5252	-0.6132	310.92	59.10	53.77
2026-05-28T20:19:22.1580650+08:00	0x03	-0.2255	0.4029	0.8686	0.1800	167.90	336.72	308.64
2026-05-28T20:19:22.1580650+08:00	0x04	-0.2393	-0.1091	0.6032	-0.7530	280.45	351.79	29.47
2026-05-28T20:19:22.1590937+08:00	0x03	-0.2298	0.4200	0.8588	0.1826	168.26	336.00	306.37
2026-05-28T20:19:22.1900316+08:00	0x02	0.2854	0.5247	-0.3978	-0.6964	58.62	286.65	1.15
2026-05-28T20:19:22.1900316+08:00	0x01	-0.1610	-0.5651	0.5618	-0.5823	303.85	57.04	55.34
2026-05-28T20:19:22.2229421+08:00	0x03	-0.2298	0.4200	0.8588	0.1826	168.26	336.00	306.37
2026-05-28T20:19:22.2568520+08:00	0x04	-0.2464	-0.1112	0.5947	-0.7572	281.45	351.70	30.36
2026-05-28T20:19:22.2568520+08:00	0x03	-0.2367	0.4195	0.8583	0.1771	169.79	334.32	306.50
2026-05-28T20:19:22.2897273+08:00	0x02	0.2477	0.4771	-0.3646	-0.7604	52.28	294.98	358.35
2026-05-28T20:19:22.2897273+08:00	0x01	-0.1699	-0.5620	0.5955	-0.5483	296.76	53.12	58.83
2026-05-28T20:19:22.3911436+08:00	0x03	-0.2367	0.4195	0.8583	0.1771	169.79	334.32	306.50
2026-05-28T20:19:22.3911436+08:00	0x04	-0.2497	-0.1195	0.5853	-0.7621	282.87	352.58	31.36
2026-05-28T20:19:22.3911436+08:00	0x03	-0.2459	0.4255	0.8542	0.1700	172.04	331.95	305.86
2026-05-28T20:19:22.3911436+08:00	0x02	0.2481	0.4664	-0.3459	-0.7754	50.30	296.27	356.44
2026-05-28T20:19:22.4230578+08:00	0x01	-0.1786	-0.5598	0.6192	-0.5209	290.83	49.47	61.56
2026-05-28T20:19:22.4230578+08:00	0x03	-0.2459	0.4255	0.8542	0.1700	172.04	331.95	305.86
2026-05-28T20:19:22.4568182+08:00	0x04	-0.2531	-0.1278	0.5774	-0.7656	284.05	353.44	32.36
2026-05-28T20:19:22.4910914+08:00	0x03	-0.2573	0.4223	0.8537	0.1633	174.05	329.46	306.38
2026-05-28T20:19:22.4910914+08:00	0x02	0.2535	0.4561	-0.3312	-0.7862	49.07	297.24	354.47
2026-05-28T20:19:22.5930803+08:00	0x01	-0.1892	-0.5524	0.6447	-0.4934	282.82	43.44	64.02
2026-05-28T20:19:22.5930803+08:00	0x03	-0.2635	0.4208	0.8526	0.1627	174.63	328.36	306.55
2026-05-28T20:19:22.5930803+08:00	0x02	0.2450	0.4466	-0.3256	-0.7965	47.84	298.91	354.30
2026-05-28T20:19:22.5930803+08:00	0x04	-0.2522	-0.1330	0.5745	-0.7672	284.64	354.16	32.67
2026-05-28T20:19:22.5930803+08:00	0x03	-0.2635	0.4208	0.8526	0.1627	174.63	328.36	306.55
2026-05-28T20:19:22.6229938+08:00	0x01	-0.1897	-0.5536	0.6572	-0.4750	278.80	41.26	65.21
2026-05-28T20:19:22.6229938+08:00	0x04	-0.2537	-0.1321	0.5778	-0.7644	284.00	353.77	32.72
2026-05-28T20:19:22.6569052+08:00	0x03	-0.2641	0.4217	0.8518	0.1641	174.51	328.32	306.38
2026-05-28T20:19:22.6569052+08:00	0x02	0.2287	0.4364	-0.3237	-0.8077	46.50	301.09	355.02
2026-05-28T20:19:22.6569052+08:00	0x01	-0.1872	-0.5512	0.6689	-0.4623	274.86	38.81	65.58
2026-05-28T20:19:22.6898428+08:00	0x03	-0.2641	0.4217	0.8518	0.1641	174.51	328.32	306.38
2026-05-28T20:19:22.7231513+08:00	0x04	-0.2512	-0.1304	0.5778	-0.7655	284.12	353.84	32.37
2026-05-28T20:19:22.8284821+08:00	0x03	-0.2616	0.4222	0.8522	0.1646	174.23	328.79	306.32
2026-05-28T20:19:22.8284821+08:00	0x02	0.2052	0.4242	-0.3243	-0.8202	45.03	303.84	356.48
2026-05-28T20:19:22.8294778+08:00	0x01	-0.1767	-0.5563	0.6732	-0.4540	274.29	39.97	65.43
2026-05-28T20:19:22.8294778+08:00	0x03	-0.2616	0.4222	0.8522	0.1646	174.23	328.79	306.32
2026-05-28T20:19:22.8294778+08:00	0x04	-0.2495	-0.1269	0.5771	-0.7672	284.28	353.68	31.96
2026-05-28T20:19:22.8568603+08:00	0x02	0.1835	0.4133	-0.3310	-0.8282	44.45	306.24	358.26
2026-05-28T20:19:22.8568603+08:00	0x03	-0.2575	0.4235	0.8527	0.1650	173.84	329.52	306.18
2026-05-28T20:19:22.8905247+08:00	0x01	-0.1703	-0.5560	0.6789	-0.4483	272.77	39.56	65.18
2026-05-28T20:19:22.9230953+08:00	0x03	-0.2575	0.4235	0.8527	0.1650	173.84	329.52	306.18
2026-05-28T20:19:22.9230953+08:00	0x04	-0.2472	-0.1255	0.5765	-0.7686	284.50	353.79	31.65
2026-05-28T20:19:22.9567025+08:00	0x02	0.1612	0.4055	-0.3438	-0.8315	44.62	308.25	0.62
2026-05-28T20:19:22.9567025+08:00	0x03	-0.2551	0.4216	0.8546	0.1637	173.75	329.92	306.47
2026-05-28T20:19:23.0577701+08:00	0x01	-0.1663	-0.5556	0.6797	-0.4491	272.79	39.83	64.77
2026-05-28T20:19:23.0577701+08:00	0x03	-0.2551	0.4216	0.8546	0.1637	173.75	329.92	306.47
2026-05-28T20:19:23.0577701+08:00	0x04	-0.2449	-0.1256	0.5757	-0.7699	284.75	354.04	31.45
2026-05-28T20:19:23.0577701+08:00	0x02	0.1564	0.4069	-0.3561	-0.8265	45.75	308.33	1.79
2026-05-28T20:19:23.0577701+08:00	0x03	-0.2537	0.4205	0.8558	0.1627	173.74	330.12	306.66
2026-05-28T20:19:23.0898707+08:00	0x01	-0.1701	-0.5545	0.6780	-0.4516	273.09	39.56	64.89
2026-05-28T20:19:23.1229108+08:00	0x03	-0.2537	0.4205	0.8558	0.1627	173.74	330.12	306.66
2026-05-28T20:19:23.1229108+08:00	0x04	-0.2437	-0.1267	0.5758	-0.7701	284.81	354.25	31.41
2026-05-28T20:19:23.1588204+08:00	0x02	0.1504	0.4111	-0.3649	-0.8217	46.42	308.14	3.03
2026-05-28T20:19:23.2580292+08:00	0x01	-0.1697	-0.5577	0.6753	-0.4518	274.11	40.60	65.04
2026-05-28T20:19:23.2580292+08:00	0x03	-0.2540	0.4185	0.8567	0.1625	173.71	330.12	306.90
2026-05-28T20:19:23.2580292+08:00	0x04	-0.2423	-0.1284	0.5758	-0.7702	284.90	354.54	31.41
2026-05-28T20:19:23.2580292+08:00	0x02	0.1457	0.4114	-0.3701	-0.8201	46.75	308.35	3.75
2026-05-28T20:19:23.2905947+08:00	0x03	-0.2540	0.4185	0.8567	0.1625	173.71	330.12	306.90
2026-05-28T20:19:23.2905947+08:00	0x01	-0.1701	-0.5591	0.6748	-0.4507	274.29	40.88	65.21
2026-05-28T20:19:23.3231184+08:00	0x03	-0.2547	0.4162	0.8574	0.1638	173.45	330.17	307.15
2026-05-28T20:19:23.3568374+08:00	0x04	-0.2393	-0.1312	0.5758	-0.7707	285.09	355.08	31.33
2026-05-28T20:19:23.3568374+08:00	0x02	0.1429	0.4089	-0.3730	-0.8205	46.95	308.78	4.05
2026-05-28T20:19:23.3907795+08:00	0x03	-0.2547	0.4162	0.8574	0.1638	173.45	330.17	307.15
2026-05-28T20:19:23.3907795+08:00	0x01	-0.1701	-0.5578	0.6772	-0.4487	273.43	40.20	65.25
2026-05-28T20:19:23.4914715+08:00	0x03	-0.2530	0.4160	0.8579	0.1643	173.22	330.51	307.16
2026-05-28T20:19:23.4914715+08:00	0x04	-0.2388	-0.1287	0.5762	-0.7710	285.03	354.86	31.10
2026-05-28T20:19:23.4914715+08:00	0x02	0.1425	0.4086	-0.3787	-0.8181	47.59	308.86	4.37
2026-05-28T20:19:23.4914715+08:00	0x03	-0.2530	0.4160	0.8579	0.1643	173.22	330.51	307.16
2026-05-28T20:19:23.4914715+08:00	0x01	-0.1708	-0.5577	0.6768	-0.4492	273.49	40.15	65.28
2026-05-28T20:19:23.5233859+08:00	0x04	-0.2391	-0.1267	0.5765	-0.7710	284.94	354.62	30.98
2026-05-28T20:19:23.5233859+08:00	0x02	0.1440	0.4113	-0.3820	-0.8150	48.02	308.48	4.56
2026-05-28T20:19:23.5570417+08:00	0x03	-0.2509	0.4174	0.8578	0.1641	173.11	330.83	307.01
2026-05-28T20:19:23.5570417+08:00	0x01	-0.1719	-0.5595	0.6750	-0.4492	274.11	40.69	65.47
2026-05-28T20:19:23.5899463+08:00	0x03	-0.2509	0.4174	0.8578	0.1641	173.11	330.83	307.01
2026-05-28T20:19:23.6917346+08:00	0x04	-0.2384	-0.1274	0.5764	-0.7711	284.99	354.75	30.97
2026-05-28T20:19:23.6917346+08:00	0x02	0.1419	0.4119	-0.3852	-0.8135	48.29	308.52	4.96
2026-05-28T20:19:23.6917346+08:00	0x01	-0.1720	-0.5602	0.6749	-0.4484	274.14	40.80	65.57
2026-05-28T20:19:23.6917346+08:00	0x03	-0.2507	0.4168	0.8582	0.1640	173.09	330.87	307.09
2026-05-28T20:19:23.7232158+08:00	0x04	-0.2387	-0.1278	0.5759	-0.7714	285.07	354.79	31.02
2026-05-28T20:19:23.7232158+08:00	0x03	-0.2507	0.4168	0.8582	0.1640	173.09	330.87	307.09
2026-05-28T20:19:23.7232158+08:00	0x02	0.1373	0.4123	-0.3900	-0.8118	48.60	308.71	5.66
2026-05-28T20:19:23.7573046+08:00	0x01	-0.1717	-0.5616	0.6736	-0.4486	274.64	41.31	65.61
2026-05-28T20:19:23.7573046+08:00	0x03	-0.2514	0.4167	0.8582	0.1630	173.32	330.67	307.13
2026-05-28T20:19:23.8234564+08:00	0x04	-0.2392	-0.1292	0.5748	-0.7718	285.24	354.93	31.18
2026-05-28T20:19:23.8234564+08:00	0x03	-0.2528	0.4167	0.8580	0.1624	173.54	330.37	307.15
2026-05-28T20:19:23.9285660+08:00	0x02	0.1339	0.4139	-0.3952	-0.8091	49.02	308.71	6.33
2026-05-28T20:19:23.9285660+08:00	0x01	-0.1720	-0.5623	0.6724	-0.4496	275.09	41.64	65.62
2026-05-28T20:19:23.9285660+08:00	0x03	-0.2528	0.4167	0.8580	0.1624	173.54	330.37	307.15
2026-05-28T20:19:23.9296085+08:00	0x04	-0.2398	-0.1316	0.5731	-0.7725	285.51	355.19	31.42
2026-05-28T20:19:23.9296085+08:00	0x03	-0.2552	0.4156	0.8578	0.1622	173.72	329.97	307.27
2026-05-28T20:19:23.9296085+08:00	0x02	0.1340	0.4145	-0.3997	-0.8065	49.54	308.65	6.62
2026-05-28T20:19:23.9564825+08:00	0x01	-0.1717	-0.5619	0.6720	-0.4507	275.24	41.70	65.51
2026-05-28T20:19:23.9902320+08:00	0x03	-0.2552	0.4156	0.8578	0.1622	173.72	329.97	307.27
2026-05-28T20:19:24.0229749+08:00	0x04	-0.2425	-0.1331	0.5716	-0.7725	285.63	355.17	31.79
2026-05-28T20:19:24.0229749+08:00	0x03	-0.2578	0.4161	0.8568	0.1622	173.99	329.49	307.19
2026-05-28T20:19:24.0568845+08:00	0x02	0.1367	0.4151	-0.4028	-0.8042	50.03	308.47	6.57
2026-05-28T20:19:24.1576859+08:00	0x01	-0.1716	-0.5614	0.6718	-0.4518	275.31	41.67	65.41
2026-05-28T20:19:24.1576859+08:00	0x03	-0.2578	0.4161	0.8568	0.1622	173.99	329.49	307.19
2026-05-28T20:19:24.1576859+08:00	0x04	-0.2448	-0.1337	0.5728	-0.7708	285.32	354.97	32.04
2026-05-28T20:19:24.1576859+08:00	0x03	-0.2594	0.4179	0.8552	0.1631	174.06	329.22	306.92
2026-05-28T20:19:24.1576859+08:00	0x02	0.1389	0.4167	-0.4065	-0.8012	50.56	308.20	6.67
2026-05-28T20:19:24.1899601+08:00	0x01	-0.1708	-0.5620	0.6703	-0.4536	275.92	42.18	65.27
2026-05-28T20:19:24.1899601+08:00	0x03	-0.2594	0.4179	0.8552	0.1631	174.06	329.22	306.92
2026-05-28T20:19:24.2230655+08:00	0x04	-0.2441	-0.1337	0.5753	-0.7691	284.95	354.92	31.96
2026-05-28T20:19:24.2570848+08:00	0x03	-0.2593	0.4171	0.8553	0.1651	173.70	329.42	306.95
2026-05-28T20:19:24.2570848+08:00	0x02	0.1404	0.4194	-0.4112	-0.7971	51.17	307.83	6.95
2026-05-28T20:19:24.2905138+08:00	0x01	-0.1699	-0.5640	0.6688	-0.4536	276.55	42.89	65.30
2026-05-28T20:19:24.2905138+08:00	0x03	-0.2593	0.4171	0.8553	0.1651	173.70	329.42	306.95
2026-05-28T20:19:24.3922621+08:00	0x04	-0.2428	-0.1330	0.5791	-0.7668	284.39	354.79	31.77
2026-05-28T20:19:24.3922621+08:00	0x03	-0.2569	0.4172	0.8553	0.1682	172.97	330.08	306.85
2026-05-28T20:19:24.3922621+08:00	0x02	0.1364	0.4236	-0.4215	-0.7901	52.14	307.59	8.14
2026-05-28T20:19:24.3922621+08:00	0x01	-0.1697	-0.5662	0.6673	-0.4531	277.17	43.59	65.43
2026-05-28T20:19:24.4231845+08:00	0x03	-0.2542	0.4182	0.8549	0.1723	172.10	330.86	306.62
2026-05-28T20:19:24.4231845+08:00	0x02	0.1201	0.4254	-0.4356	-0.7842	53.00	308.29	10.50
2026-05-28T20:19:24.4231845+08:00	0x04	-0.2433	-0.1311	0.5829	-0.7641	283.73	354.39	31.64
2026-05-28T20:19:24.4567632+08:00	0x03	-0.2542	0.4182	0.8549	0.1723	172.10	330.86	306.62
2026-05-28T20:19:24.4896749+08:00	0x01	-0.1698	-0.5705	0.6633	-0.4535	278.69	45.09	65.63
2026-05-28T20:19:24.4906715+08:00	0x04	-0.2427	-0.1295	0.5873	-0.7612	283.03	354.09	31.43
2026-05-28T20:19:24.5233776+08:00	0x02	0.1107	0.4262	-0.4480	-0.7780	54.05	308.76	12.10
2026-05-28T20:19:24.5233776+08:00	0x03	-0.2513	0.4184	0.8549	0.1762	171.20	331.69	306.50
2026-05-28T20:19:24.6246593+08:00	0x01	-0.1710	-0.5713	0.6639	-0.4512	278.44	44.97	65.91
2026-05-28T20:19:24.6246593+08:00	0x03	-0.2513	0.4184	0.8549	0.1762	171.20	331.69	306.50
2026-05-28T20:19:24.6246593+08:00	0x04	-0.2429	-0.1272	0.5905	-0.7590	282.47	353.71	31.26
2026-05-28T20:19:24.6246593+08:00	0x02	0.1355	0.4317	-0.4380	-0.7768	53.99	306.80	9.64
2026-05-28T20:19:24.6246593+08:00	0x03	-0.2481	0.4193	0.8545	0.1799	170.33	332.52	306.30
2026-05-28T20:19:24.6566235+08:00	0x01	-0.1733	-0.5674	0.6671	-0.4505	277.02	43.41	65.96
2026-05-28T20:19:24.6907154+08:00	0x03	-0.2481	0.4193	0.8545	0.1799	170.33	332.52	306.30
2026-05-28T20:19:24.6907154+08:00	0x04	-0.2436	-0.1269	0.5923	-0.7575	282.14	353.53	31.29
2026-05-28T20:19:24.7230278+08:00	0x02	0.1401	0.4376	-0.4437	-0.7694	54.85	305.91	9.95
2026-05-28T20:19:24.7230278+08:00	0x03	-0.2464	0.4201	0.8540	0.1831	169.68	333.07	306.13
2026-05-28T20:19:24.7571341+08:00	0x01	-0.1731	-0.5677	0.6667	-0.4508	277.19	43.56	65.93
2026-05-28T20:19:24.8628029+08:00	0x03	-0.2464	0.4201	0.8540	0.1831	169.68	333.07	306.13
2026-05-28T20:19:24.8628029+08:00	0x04	-0.2463	-0.1259	0.5930	-0.7562	281.86	353.15	31.46
2026-05-28T20:19:24.8628029+08:00	0x02	0.1275	0.4455	-0.4641	-0.7549	56.62	305.80	12.77
2026-05-28T20:19:24.8628029+08:00	0x03	-0.2453	0.4229	0.8523	0.1860	169.18	333.45	305.69
2026-05-28T20:19:24.8628029+08:00	0x01	-0.1726	-0.5735	0.6582	-0.4562	280.40	46.31	65.84
2026-05-28T20:19:24.8901697+08:00	0x03	-0.2453	0.4229	0.8523	0.1860	169.18	333.45	305.69
2026-05-28T20:19:24.9228929+08:00	0x04	-0.2459	-0.1264	0.5939	-0.7555	281.74	353.19	31.45
2026-05-28T20:19:24.9238698+08:00	0x02	0.1300	0.4560	-0.4768	-0.7402	58.18	304.56	14.03
2026-05-28T20:19:24.9567827+08:00	0x03	-0.2440	0.4247	0.8511	0.1892	168.58	333.91	305.39
2026-05-28T20:19:24.9567827+08:00	0x01	-0.1724	-0.5743	0.6556	-0.4589	281.32	46.98	65.68
2026-05-28T20:19:25.0940618+08:00	0x03	-0.2425	0.4246	0.8510	0.1918	167.98	334.42	305.35
2026-05-28T20:19:25.0940618+08:00	0x04	-0.2453	-0.1262	0.5949	-0.7550	281.62	353.19	31.37
2026-05-28T20:19:25.0940618+08:00	0x02	0.1362	0.4538	-0.4925	-0.7300	60.45	304.66	14.37
2026-05-28T20:19:25.0940618+08:00	0x03	-0.2425	0.4246	0.8510	0.1918	167.98	334.42	305.35
2026-05-28T20:19:25.0950555+08:00	0x01	-0.1726	-0.5715	0.6585	-0.4583	280.23	45.92	65.62
2026-05-28T20:19:25.1229801+08:00	0x03	-0.2409	0.4258	0.8504	0.1937	167.55	334.84	305.16
2026-05-28T20:19:25.1229801+08:00	0x03	-0.2409	0.4258	0.8504	0.1937	167.55	334.84	305.16
2026-05-28T20:19:25.1229801+08:00	0x04	-0.2457	-0.1256	0.5946	-0.7552	281.63	353.11	31.37
2026-05-28T20:19:25.1564140+08:00	0x02	0.1414	0.4498	-0.5055	-0.7226	62.37	305.01	14.50
2026-05-28T20:19:25.1564140+08:00	0x01	-0.1727	-0.5701	0.6595	-0.4585	279.80	45.45	65.55
2026-05-28T20:19:25.1903665+08:00	0x03	-0.2409	0.4258	0.8504	0.1937	167.55	334.84	305.16
2026-05-28T20:19:25.2904397+08:00	0x04	-0.2466	-0.1260	0.5937	-0.7556	281.74	353.11	31.48
2026-05-28T20:19:25.2904397+08:00	0x03	-0.2409	0.4266	0.8497	0.1950	167.32	334.96	305.03
2026-05-28T20:19:25.2904397+08:00	0x02	0.1499	0.4465	-0.5121	-0.7183	63.65	304.99	14.00
2026-05-28T20:19:25.2904397+08:00	0x01	-0.1735	-0.5698	0.6587	-0.4598	280.02	45.48	65.53
2026-05-28T20:19:25.2904397+08:00	0x03	-0.2409	0.4266	0.8497	0.1950	167.32	334.96	305.03
2026-05-28T20:19:25.3233515+08:00	0x04	-0.2473	-0.1270	0.5921	-0.7564	281.97	353.21	31.64
2026-05-28T20:19:25.3233515+08:00	0x03	-0.2416	0.4267	0.8493	0.1953	167.34	334.86	304.99
2026-05-28T20:19:25.3571279+08:00	0x02	0.1570	0.4463	-0.5113	-0.7174	63.92	304.59	13.37
2026-05-28T20:19:25.3905523+08:00	0x01	-0.1736	-0.5702	0.6575	-0.4608	280.43	45.77	65.49
2026-05-28T20:19:25.3905523+08:00	0x03	-0.2416	0.4267	0.8493	0.1953	167.34	334.86	304.99
2026-05-28T20:19:25.3905523+08:00	0x02	0.1611	0.4447	-0.5085	-0.7196	63.77	304.51	12.74
2026-05-28T20:19:25.5260873+08:00	0x04	-0.2482	-0.1268	0.5901	-0.7577	282.24	353.20	31.72
2026-05-28T20:19:25.5260873+08:00	0x01	-0.1729	-0.5708	0.6561	-0.4624	280.97	46.21	65.36
2026-05-28T20:19:25.5260873+08:00	0x04	-0.2484	-0.1261	0.5880	-0.7593	282.56	353.21	31.70
2026-05-28T20:19:25.5260873+08:00	0x03	-0.2421	0.4274	0.8490	0.1947	167.52	334.70	304.91
2026-05-28T20:19:25.5260873+08:00	0x02	0.1587	0.4443	-0.5105	-0.7189	63.91	304.71	13.03
2026-05-28T20:19:25.5260873+08:00	0x01	-0.1730	-0.5730	0.6535	-0.4633	281.91	47.06	65.40
2026-05-28T20:19:25.5566599+08:00	0x03	-0.2421	0.4280	0.8489	0.1936	167.73	334.58	304.87
2026-05-28T20:19:25.5906809+08:00	0x04	-0.2489	-0.1249	0.5864	-0.7607	282.79	353.12	31.68
2026-05-28T20:19:25.5906809+08:00	0x03	-0.2418	0.4288	0.8489	0.1922	167.97	334.51	304.81
2026-05-28T20:19:25.6228165+08:00	0x02	0.1496	0.4479	-0.5125	-0.7172	63.68	304.84	14.15
2026-05-28T20:19:25.6228165+08:00	0x01	-0.1729	-0.5756	0.6499	-0.4652	283.26	48.24	65.38
2026-05-28T20:19:25.7257612+08:00	0x03	-0.2418	0.4288	0.8489	0.1922	167.97	334.51	304.81
2026-05-28T20:19:25.7257612+08:00	0x04	-0.2491	-0.1238	0.5853	-0.7616	282.95	353.06	31.63
2026-05-28T20:19:25.7257612+08:00	0x03	-0.2412	0.4298	0.8488	0.1912	168.12	334.51	304.72
2026-05-28T20:19:25.7257612+08:00	0x02	0.1392	0.4463	-0.5171	-0.7170	63.78	305.68	15.18
2026-05-28T20:19:25.7257612+08:00	0x01	-0.1727	-0.5771	0.6454	-0.4696	284.77	49.33	65.12
2026-05-28T20:19:25.7564339+08:00	0x03	-0.2412	0.4298	0.8488	0.1912	168.12	334.51	304.72
2026-05-28T20:19:25.7895714+08:00	0x04	-0.2490	-0.1228	0.5847	-0.7622	283.03	352.99	31.55
2026-05-28T20:19:25.8224813+08:00	0x03	-0.2402	0.4310	0.8487	0.1907	168.15	334.64	304.60
2026-05-28T20:19:25.8224813+08:00	0x02	0.1327	0.4546	-0.5143	-0.7150	63.03	305.04	16.13
2026-05-28T20:19:25.8572646+08:00	0x01	-0.1716	-0.5833	0.6366	-0.4745	287.93	52.11	64.88
2026-05-28T20:19:25.8572646+08:00	0x03	-0.2402	0.4310	0.8487	0.1907	168.15	334.64	304.60
2026-05-28T20:19:25.9592836+08:00	0x04	-0.2475	-0.1225	0.5848	-0.7627	283.10	353.10	31.39
2026-05-28T20:19:25.9592836+08:00	0x03	-0.2397	0.4296	0.8496	0.1901	168.16	334.69	304.80
2026-05-28T20:19:25.9592836+08:00	0x02	0.1349	0.4604	-0.5089	-0.7148	62.38	304.16	16.00
2026-05-28T20:19:25.9592836+08:00	0x01	-0.1723	-0.5870	0.6299	-0.4785	290.16	53.88	64.75
2026-05-28T20:19:25.9907395+08:00	0x03	-0.2397	0.4296	0.8496	0.1901	168.16	334.69	304.80
2026-05-28T20:19:25.9907395+08:00	0x04	-0.2461	-0.1218	0.5854	-0.7629	283.08	353.13	31.20
2026-05-28T20:19:26.0234980+08:00	0x02	0.1418	0.4632	-0.5006	-0.7175	61.64	303.34	15.08
2026-05-28T20:19:26.0234980+08:00	0x03	-0.2382	0.4296	0.8500	0.1901	168.02	334.96	304.82
2026-05-28T20:19:26.0566581+08:00	0x01	-0.1746	-0.5872	0.6285	-0.4793	290.55	54.00	64.88
2026-05-28T20:19:26.0909646+08:00	0x03	-0.2382	0.4296	0.8500	0.1901	168.02	334.96	304.82
2026-05-28T20:19:26.1956314+08:00	0x04	-0.2455	-0.1214	0.5859	-0.7627	283.02	353.12	31.11
2026-05-28T20:19:26.1956314+08:00	0x02	0.1449	0.4644	-0.4919	-0.7220	60.71	302.93	14.34
2026-05-28T20:19:26.1956314+08:00	0x03	-0.2369	0.4293	0.8503	0.1911	167.71	335.30	304.85
2026-05-28T20:19:26.1956314+08:00	0x01	-0.1771	-0.5878	0.6280	-0.4782	290.72	54.07	65.19
2026-05-28T20:19:26.1956314+08:00	0x03	-0.2360	0.4287	0.8505	0.1928	167.31	335.63	304.89
2026-05-28T20:19:26.1956314+08:00	0x04	-0.2447	-0.1219	0.5866	-0.7623	282.96	353.21	31.08
2026-05-28T20:19:26.2233773+08:00	0x02	0.1466	0.4654	-0.4799	-0.7291	59.30	302.58	13.47
2026-05-28T20:19:26.2587029+08:00	0x03	-0.2360	0.4287	0.8505	0.1928	167.31	335.63	304.89
2026-05-28T20:19:26.2587029+08:00	0x01	-0.1780	-0.5873	0.6268	-0.4802	291.01	54.08	65.12
2026-05-28T20:19:26.2906011+08:00	0x02	0.1427	0.4611	-0.4749	-0.7359	58.54	303.27	13.18
2026-05-28T20:19:26.2906011+08:00	0x03	-0.2353	0.4281	0.8507	0.1942	166.98	335.89	304.95
2026-05-28T20:19:26.3235762+08:00	0x04	-0.2439	-0.1221	0.5874	-0.7619	282.87	353.27	31.00
2026-05-28T20:19:26.3235762+08:00	0x01	-0.1806	-0.5852	0.6308	-0.4765	289.63	52.85	65.56
2026-05-28T20:19:26.4248102+08:00	0x03	-0.2353	0.4281	0.8507	0.1942	166.98	335.89	304.95
2026-05-28T20:19:26.4248102+08:00	0x02	0.1340	0.4561	-0.4764	-0.7396	58.33	304.33	13.67
2026-05-28T20:19:26.4248102+08:00	0x03	-0.2345	0.4285	0.8505	0.1950	166.79	336.09	304.88
2026-05-28T20:19:26.4248102+08:00	0x04	-0.2435	-0.1218	0.5877	-0.7619	282.84	353.27	30.94
2026-05-28T20:19:26.4248102+08:00	0x01	-0.1812	-0.5842	0.6325	-0.4751	289.01	52.33	65.68
2026-05-28T20:19:26.4574390+08:00	0x03	-0.2345	0.4285	0.8505	0.1950	166.79	336.09	304.88
2026-05-28T20:19:26.4574390+08:00	0x04	-0.2431	-0.1220	0.5873	-0.7623	282.93	353.34	30.93
2026-05-28T20:19:26.4900308+08:00	0x02	0.1283	0.4500	-0.4793	-0.7425	58.46	305.39	13.93
2026-05-28T20:19:26.5234281+08:00	0x03	-0.2342	0.4285	0.8506	0.1950	166.75	336.15	304.89
2026-05-28T20:19:26.5234281+08:00	0x01	-0.1806	-0.5825	0.6344	-0.4750	288.32	51.70	65.59
2026-05-28T20:19:26.6255642+08:00	0x03	-0.2342	0.4285	0.8506	0.1950	166.75	336.15	304.89
2026-05-28T20:19:26.6255642+08:00	0x04	-0.2429	-0.1222	0.5863	-0.7631	283.11	353.42	30.93
2026-05-28T20:19:26.6255642+08:00	0x02	0.1279	0.4480	-0.4783	-0.7444	58.34	305.63	13.78
2026-05-28T20:19:26.6255642+08:00	0x03	-0.2345	0.4278	0.8511	0.1938	166.97	335.99	305.00
2026-05-28T20:19:26.6899821+08:00	0x03	-0.2345	0.4278	0.8511	0.1938	166.97	335.99	305.00
2026-05-28T20:19:26.6899821+08:00	0x04	-0.2421	-0.1225	0.5848	-0.7645	283.40	353.58	30.89
2026-05-28T20:19:26.6899821+08:00	0x02	0.1289	0.4471	-0.4785	-0.7447	58.43	305.70	13.65
2026-05-28T20:19:26.7233492+08:00	0x01	-0.1812	-0.5818	0.6366	-0.4728	287.58	51.13	65.78
2026-05-28T20:19:26.7233492+08:00	0x03	-0.2351	0.4275	0.8516	0.1917	167.39	335.71	305.09
2026-05-28T20:19:26.8607297+08:00	0x04	-0.2424	-0.1219	0.5835	-0.7655	283.59	353.56	30.88
2026-05-28T20:19:26.8607297+08:00	0x02	0.1300	0.4470	-0.4775	-0.7452	58.36	305.64	13.49
2026-05-28T20:19:26.8607297+08:00	0x01	-0.1815	-0.5820	0.6368	-0.4720	287.52	51.12	65.87
2026-05-28T20:19:26.8607297+08:00	0x03	-0.2354	0.4274	0.8521	0.1895	167.81	335.45	305.16
2026-05-28T20:19:26.8900111+08:00	0x04	-0.2423	-0.1217	0.5823	-0.7664	283.78	353.61	30.88
2026-05-28T20:19:26.8900111+08:00	0x03	-0.2357	0.4278	0.8521	0.1882	168.06	335.29	305.15
2026-05-28T20:19:26.9229120+08:00	0x02	0.1310	0.4470	-0.4758	-0.7461	58.19	305.56	13.29
2026-05-28T20:19:26.9229120+08:00	0x01	-0.1822	-0.5821	0.6375	-0.4708	287.30	50.97	66.01
2026-05-28T20:19:26.9570785+08:00	0x03	-0.2357	0.4278	0.8521	0.1882	168.06	335.29	305.15
2026-05-28T20:19:26.9903095+08:00	0x04	-0.2408	-0.1231	0.5812	-0.7675	284.05	353.93	30.84
2026-05-28T20:19:26.9903095+08:00	0x03	-0.2362	0.4273	0.8523	0.1875	168.21	335.15	305.22
2026-05-28T20:19:27.0915926+08:00	0x02	0.1309	0.4470	-0.4757	-0.7462	58.18	305.57	13.30
2026-05-28T20:19:27.0925306+08:00	0x01	-0.1822	-0.5823	0.6369	-0.4712	287.48	51.10	65.99
2026-05-28T20:19:27.0925306+08:00	0x03	-0.2362	0.4273	0.8523	0.1875	168.21	335.15	305.22
2026-05-28T20:19:27.0925306+08:00	0x04	-0.2399	-0.1223	0.5790	-0.7696	284.44	354.02	30.72
2026-05-28T20:19:27.0925306+08:00	0x03	-0.2361	0.4252	0.8537	0.1862	168.37	335.08	305.52
2026-05-28T20:19:27.1237234+08:00	0x02	0.1307	0.4478	-0.4760	-0.7455	58.20	305.48	13.38
2026-05-28T20:19:27.1566578+08:00	0x01	-0.1829	-0.5826	0.6362	-0.4715	287.70	51.23	66.04
2026-05-28T20:19:27.1566578+08:00	0x03	-0.2361	0.4252	0.8537	0.1862	168.37	335.08	305.52
2026-05-28T20:19:27.1895620+08:00	0x04	-0.2401	-0.1210	0.5791	-0.7697	284.41	353.87	30.65
2026-05-28T20:19:27.2234710+08:00	0x03	-0.2352	0.4268	0.8533	0.1854	168.47	335.14	305.36
2026-05-28T20:19:27.2234710+08:00	0x02	0.1336	0.4504	-0.4750	-0.7441	58.20	305.02	13.24
2026-05-28T20:19:27.3251954+08:00	0x03	-0.2352	0.4268	0.8533	0.1854	168.47	335.14	305.36
2026-05-28T20:19:27.3251954+08:00	0x02	0.1352	0.4506	-0.4748	-0.7438	58.24	304.91	13.11
2026-05-28T20:19:27.3251954+08:00	0x04	-0.2405	-0.1202	0.5793	-0.7695	284.33	353.75	30.63
2026-05-28T20:19:27.3251954+08:00	0x01	-0.1831	-0.5835	0.6342	-0.4731	288.41	51.76	65.97
2026-05-28T20:19:27.3251954+08:00	0x03	-0.2344	0.4279	0.8529	0.1855	168.41	335.29	305.22
2026-05-28T20:19:27.3899046+08:00	0x03	-0.2343	0.4279	0.8530	0.1855	168.40	335.31	305.23
2026-05-28T20:19:27.3899046+08:00	0x02	0.1339	0.4495	-0.4756	-0.7442	58.29	305.11	13.19
2026-05-28T20:19:27.4231278+08:00	0x01	-0.1835	-0.5833	0.6344	-0.4728	288.32	51.67	66.02
2026-05-28T20:19:27.4231278+08:00	0x04	-0.2407	-0.1199	0.5797	-0.7692	284.27	353.69	30.62
2026-05-28T20:19:27.4246152+08:00	0x03	-0.2343	0.4279	0.8530	0.1855	168.40	335.31	305.23
2026-05-28T20:19:27.5243404+08:00	0x04	-0.2402	-0.1201	0.5796	-0.7694	284.30	353.75	30.58
2026-05-28T20:19:27.5243404+08:00	0x03	-0.2343	0.4273	0.8533	0.1854	168.41	335.30	305.30
2026-05-28T20:19:27.5253357+08:00	0x02	0.1335	0.4486	-0.4768	-0.7440	58.43	305.25	13.25
2026-05-28T20:19:27.5253357+08:00	0x01	-0.1832	-0.5833	0.6342	-0.4732	288.37	51.71	65.97
2026-05-28T20:19:27.5253357+08:00	0x03	-0.2343	0.4273	0.8533	0.1854	168.41	335.30	305.30
2026-05-28T20:19:27.5575319+08:00	0x04	-0.2399	-0.1198	0.5795	-0.7696	284.34	353.76	30.53
2026-05-28T20:19:27.5900356+08:00	0x02	0.1337	0.4479	-0.4770	-0.7443	58.47	305.34	13.20
2026-05-28T20:19:27.5900356+08:00	0x03	-0.2339	0.4273	0.8534	0.1853	168.37	335.37	305.31
2026-05-28T20:19:27.6226626+08:00	0x01	-0.1838	-0.5830	0.6348	-0.4727	288.16	51.50	66.05
2026-05-28T20:19:27.6562328+08:00	0x03	-0.2339	0.4273	0.8534	0.1853	168.37	335.37	305.31
2026-05-28T20:19:27.6562328+08:00	0x04	-0.2398	-0.1189	0.5797	-0.7696	284.29	353.67	30.46
2026-05-28T20:19:27.7574189+08:00	0x02	0.1352	0.4481	-0.4749	-0.7453	58.28	305.21	12.95
2026-05-28T20:19:27.7574189+08:00	0x03	-0.2335	0.4274	0.8536	0.1849	168.42	335.41	305.31
2026-05-28T20:19:27.7574189+08:00	0x01	-0.1848	-0.5828	0.6352	-0.4719	287.98	51.31	66.18
2026-05-28T20:19:27.7574189+08:00	0x03	-0.2335	0.4274	0.8536	0.1849	168.42	335.41	305.31
2026-05-28T20:19:27.7574189+08:00	0x04	-0.2395	-0.1184	0.5800	-0.7696	284.26	353.64	30.40
2026-05-28T20:19:27.7898328+08:00	0x02	0.1354	0.4470	-0.4738	-0.7465	58.17	305.31	12.80
2026-05-28T20:19:27.8235933+08:00	0x03	-0.2329	0.4274	0.8538	0.1846	168.42	335.48	305.33
2026-05-28T20:19:27.8235933+08:00	0x01	-0.1854	-0.5819	0.6362	-0.4714	287.57	50.90	66.24
2026-05-28T20:19:27.8570037+08:00	0x03	-0.2329	0.4274	0.8538	0.1846	168.42	335.48	305.33
2026-05-28T20:19:27.9578909+08:00	0x04	-0.2391	-0.1183	0.5804	-0.7694	284.21	353.65	30.35
2026-05-28T20:19:27.9578909+08:00	0x02	0.1373	0.4471	-0.4726	-0.7470	58.11	305.19	12.56
2026-05-28T20:19:27.9578909+08:00	0x03	-0.2330	0.4266	0.8543	0.1841	168.49	335.44	305.45
2026-05-28T20:19:27.9578909+08:00	0x01	-0.1858	-0.5816	0.6363	-0.4714	287.51	50.81	66.27
2026-05-28T20:19:27.9578909+08:00	0x03	-0.2329	0.4272	0.8540	0.1841	168.49	335.45	305.37
2026-05-28T20:19:27.9904780+08:00	0x04	-0.2400	-0.1176	0.5807	-0.7690	284.11	353.49	30.38
2026-05-28T20:19:27.9904780+08:00	0x02	0.1384	0.4474	-0.4713	-0.7474	58.01	305.08	12.40
2026-05-28T20:19:28.0225076+08:00	0x03	-0.2329	0.4272	0.8540	0.1841	168.49	335.45	305.37
2026-05-28T20:19:28.0225076+08:00	0x01	-0.1865	-0.5814	0.6368	-0.4708	287.32	50.62	66.36
2026-05-28T20:19:28.0899891+08:00	0x03	-0.2329	0.4281	0.8534	0.1849	168.37	335.51	305.23
2026-05-28T20:19:28.0899891+08:00	0x04	-0.2411	-0.1174	0.5817	-0.7679	283.89	353.33	30.46
2026-05-28T20:19:28.1922614+08:00	0x02	0.1379	0.4469	-0.4718	-0.7475	58.05	305.18	12.44
2026-05-28T20:19:28.1922614+08:00	0x03	-0.2329	0.4281	0.8534	0.1849	168.37	335.51	305.23
2026-05-28T20:19:28.1922614+08:00	0x01	-0.1863	-0.5817	0.6365	-0.4710	287.46	50.76	66.34
2026-05-28T20:19:28.1922614+08:00	0x02	0.1390	0.4471	-0.4708	-0.7477	57.99	305.08	12.30
2026-05-28T20:19:28.1922614+08:00	0x03	-0.2329	0.4286	0.8530	0.1857	168.26	335.56	305.15
2026-05-28T20:19:28.1932888+08:00	0x04	-0.2415	-0.1174	0.5823	-0.7673	283.77	353.26	30.49
2026-05-28T20:19:28.1932888+08:00	0x01	-0.1869	-0.5815	0.6367	-0.4707	287.36	50.64	66.41
2026-05-28T20:19:28.2231884+08:00	0x03	-0.2329	0.4286	0.8530	0.1857	168.26	335.56	305.15
2026-05-28T20:19:28.2566535+08:00	0x02	0.1401	0.4470	-0.4700	-0.7481	57.93	305.03	12.16
2026-05-28T20:19:28.2901145+08:00	0x04	-0.2419	-0.1171	0.5828	-0.7669	283.68	353.19	30.50
2026-05-28T20:19:28.2901145+08:00	0x03	-0.2328	0.4289	0.8528	0.1861	168.19	335.61	305.10
2026-05-28T20:19:28.3918366+08:00	0x04	-0.2418	-0.1168	0.5829	-0.7669	283.66	353.15	30.47
2026-05-28T20:19:28.3918366+08:00	0x03	-0.2328	0.4289	0.8528	0.1861	168.19	335.61	305.10
2026-05-28T20:19:28.3918366+08:00	0x02	0.1401	0.4468	-0.4698	-0.7484	57.92	305.06	12.13
2026-05-28T20:19:28.3918366+08:00	0x01	-0.1878	-0.5809	0.6373	-0.4702	287.07	50.32	66.50
2026-05-28T20:19:28.3918366+08:00	0x03	-0.2324	0.4293	0.8526	0.1863	168.13	335.69	305.05
2026-05-28T20:19:28.4569444+08:00	0x04	-0.2419	-0.1167	0.5831	-0.7667	283.62	353.13	30.47
2026-05-28T20:19:28.4569444+08:00	0x03	-0.2324	0.4293	0.8526	0.1863	168.13	335.69	305.05
2026-05-28T20:19:28.4899125+08:00	0x02	0.1413	0.4468	-0.4694	-0.7484	57.93	304.98	12.01
2026-05-28T20:19:28.4899125+08:00	0x01	-0.1883	-0.5806	0.6375	-0.4701	286.99	50.20	66.54
2026-05-28T20:19:28.5228919+08:00	0x03	-0.2323	0.4295	0.8526	0.1863	168.12	335.72	305.03
2026-05-28T20:19:28.6252818+08:00	0x04	-0.2414	-0.1170	0.5834	-0.7667	283.61	353.19	30.43
2026-05-28T20:19:28.6252818+08:00	0x03	-0.2323	0.4295	0.8526	0.1863	168.12	335.72	305.03
2026-05-28T20:19:28.6252818+08:00	0x02	0.1420	0.4468	-0.4691	-0.7485	57.92	304.95	11.93
2026-05-28T20:19:28.6252818+08:00	0x01	-0.1881	-0.5808	0.6376	-0.4699	286.99	50.24	66.54
2026-05-28T20:19:28.6252818+08:00	0x03	-0.2323	0.4289	0.8529	0.1864	168.10	335.72	305.10
2026-05-28T20:19:28.6568372+08:00	0x04	-0.2413	-0.1172	0.5834	-0.7667	283.62	353.22	30.44
2026-05-28T20:19:28.6568372+08:00	0x03	-0.2325	0.4286	0.8529	0.1863	168.11	335.69	305.13
2026-05-28T20:19:28.6897777+08:00	0x02	0.1416	0.4461	-0.4697	-0.7486	57.98	305.06	11.95
2026-05-28T20:19:28.7236910+08:00	0x01	-0.1878	-0.5807	0.6377	-0.4699	286.93	50.21	66.52
2026-05-28T20:19:28.7236910+08:00	0x03	-0.2325	0.4286	0.8529	0.1863	168.11	335.69	305.13
2026-05-28T20:19:28.8245905+08:00	0x04	-0.2413	-0.1177	0.5826	-0.7671	283.74	353.30	30.49
2026-05-28T20:19:28.8245905+08:00	0x03	-0.2329	0.4281	0.8531	0.1864	168.13	335.63	305.20
2026-05-28T20:19:28.8245905+08:00	0x02	0.1424	0.4481	-0.4698	-0.7471	58.02	304.78	12.03
2026-05-28T20:19:28.8245905+08:00	0x01	-0.1874	-0.5823	0.6355	-0.4711	287.77	50.97	66.45
2026-05-28T20:19:28.8245905+08:00	0x03	-0.2329	0.4281	0.8531	0.1864	168.13	335.63	305.20
2026-05-28T20:19:28.8565125+08:00	0x04	-0.2536	-0.1052	0.5777	-0.7687	283.72	351.21	30.76
2026-05-28T20:19:28.8902123+08:00	0x03	-0.2317	0.4253	0.8543	0.1885	167.57	336.07	305.50
2026-05-28T20:19:28.8908371+08:00	0x02	0.1394	0.4549	-0.4756	-0.7398	58.52	304.18	13.09
2026-05-28T20:19:28.9234377+08:00	0x01	-0.1852	-0.5904	0.6244	-0.4768	291.93	54.75	66.04
2026-05-28T20:19:28.9563443+08:00	0x03	-0.2317	0.4253	0.8543	0.1885	167.57	336.07	305.50
2026-05-28T20:19:28.9573411+08:00	0x04	-0.3652	-0.0155	0.5238	-0.7695	283.08	333.92	35.32
2026-05-28T20:19:29.0574603+08:00	0x03	-0.2036	0.4577	0.8288	0.2492	153.62	347.61	300.66
2026-05-28T20:19:29.0574603+08:00	0x02	0.1301	0.4649	-0.4965	-0.7214	60.54	303.72	15.90
2026-05-28T20:19:29.0574603+08:00	0x01	-0.1856	-0.6047	0.5978	-0.4926	300.70	61.86	64.92
2026-05-28T20:19:29.0574603+08:00	0x03	-0.2036	0.4577	0.8288	0.2492	153.62	347.61	300.66
2026-05-28T20:19:29.0902318+08:00	0x04	-0.4758	0.0873	0.3953	-0.7809	288.54	316.07	42.38
2026-05-28T20:19:29.0902318+08:00	0x01	-0.1928	-0.6163	0.5678	-0.5105	309.38	67.96	63.73
2026-05-28T20:19:29.0902318+08:00	0x02	0.1254	0.4844	-0.5138	-0.6969	62.25	301.84	18.84
2026-05-28T20:19:29.1224409+08:00	0x03	-0.1896	0.4634	0.7918	0.3499	130.72	2.77	299.95
2026-05-28T20:19:29.1566504+08:00	0x02	0.1243	0.5123	-0.5171	-0.6743	62.22	298.45	21.23
2026-05-28T20:19:29.1566504+08:00	0x03	-0.1896	0.4634	0.7918	0.3499	130.72	2.77	299.95
2026-05-28T20:19:29.2624963+08:00	0x04	-0.4727	0.0843	0.3994	-0.7810	288.41	316.62	42.15
2026-05-28T20:19:29.2624963+08:00	0x01	-0.2103	-0.6220	0.5452	-0.5212	315.94	71.79	63.82
2026-05-28T20:19:29.2624963+08:00	0x02	0.1253	0.5273	-0.5137	-0.6651	61.61	296.42	22.03
2026-05-28T20:19:29.2624963+08:00	0x03	-0.1872	0.4763	0.7059	0.4897	97.39	23.02	301.15
2026-05-28T20:19:29.2906948+08:00	0x04	-0.5070	0.1797	0.2636	-0.8007	299.85	307.20	45.82
2026-05-28T20:19:29.3228600+08:00	0x03	-0.1872	0.4763	0.7059	0.4897	97.39	23.02	301.15
2026-05-28T20:19:29.3228600+08:00	0x04	-0.4936	0.2664	0.1554	-0.8132	312.01	302.30	46.05
2026-05-28T20:19:29.3567857+08:00	0x02	0.1273	0.5387	-0.5034	-0.6634	60.22	294.67	21.93
2026-05-28T20:19:29.3567857+08:00	0x03	-0.1955	0.4983	0.6858	0.4931	92.03	27.61	298.80
2026-05-28T20:19:29.4620342+08:00	0x01	-0.2438	-0.6267	0.5261	-0.5207	323.51	76.41	65.96
2026-05-28T20:19:29.4630225+08:00	0x03	-0.1955	0.4983	0.6858	0.4931	92.03	27.61	298.80
2026-05-28T20:19:29.4630225+08:00	0x04	-0.4584	0.3262	0.0911	-0.8217	321.44	300.63	43.94
2026-05-28T20:19:29.4630225+08:00	0x02	0.1331	0.5432	-0.4915	-0.6676	58.98	293.63	20.87
2026-05-28T20:19:29.4630225+08:00	0x03	-0.2070	0.5191	0.6740	0.4832	89.23	30.67	295.88
2026-05-28T20:19:29.4902980+08:00	0x01	-0.2508	-0.6258	0.5252	-0.5193	324.32	76.75	66.61
2026-05-28T20:19:29.5229365+08:00	0x03	-0.2070	0.5191	0.6740	0.4832	89.23	30.67	295.88
2026-05-28T20:19:29.5572070+08:00	0x04	-0.4396	0.3551	0.0518	-0.8234	326.83	299.81	43.41
2026-05-28T20:19:29.5572070+08:00	0x02	0.1316	0.5441	-0.4909	-0.6676	58.82	293.57	21.01
2026-05-28T20:19:29.5901432+08:00	0x03	-0.2171	0.5189	0.6803	0.4698	92.76	27.64	294.49
2026-05-28T20:19:29.5901432+08:00	0x01	-0.2515	-0.6269	0.5226	-0.5202	325.11	77.35	66.48
2026-05-28T20:19:29.6915112+08:00	0x03	-0.2171	0.5189	0.6803	0.4698	92.76	27.64	294.49
2026-05-28T20:19:29.6915112+08:00	0x04	-0.3847	0.3630	0.0450	-0.8475	333.08	304.13	38.28
2026-05-28T20:19:29.6915112+08:00	0x02	0.1279	0.5464	-0.4922	-0.6654	58.72	293.45	21.57
2026-05-28T20:19:29.6915112+08:00	0x03	-0.2099	0.5177	0.6842	0.4689	93.28	27.80	295.15
2026-05-28T20:19:29.6915112+08:00	0x01	-0.2500	-0.6291	0.5173	-0.5236	326.23	78.22	65.87
2026-05-28T20:19:29.7569059+08:00	0x03	-0.2099	0.5177	0.6842	0.4689	93.28	27.80	295.15
2026-05-28T20:19:29.7569059+08:00	0x04	-0.3470	0.3675	0.0433	-0.8618	336.42	306.39	34.48
2026-05-28T20:19:29.7904349+08:00	0x02	0.1199	0.5471	-0.4952	-0.6641	58.64	293.78	22.50
2026-05-28T20:19:29.7904349+08:00	0x03	-0.1965	0.5207	0.6891	0.4642	93.53	29.18	295.84
2026-05-28T20:19:29.7904349+08:00	0x01	-0.2475	-0.6317	0.5120	-0.5269	327.28	79.08	65.17
2026-05-28T20:19:29.9276650+08:00	0x04	-0.3110	0.3657	0.0150	-0.8771	342.53	309.64	32.32
2026-05-28T20:19:29.9276650+08:00	0x03	-0.1859	0.5234	0.7047	0.4415	98.28	27.59	295.60
2026-05-28T20:19:29.9276650+08:00	0x02	0.1127	0.5464	-0.4938	-0.6671	58.09	294.20	22.90
2026-05-28T20:19:29.9276650+08:00	0x01	-0.2476	-0.6333	0.5099	-0.5269	327.95	79.71	65.06
2026-05-28T20:19:29.9276650+08:00	0x03	-0.1859	0.5234	0.7047	0.4415	98.28	27.59	295.60
2026-05-28T20:19:29.9563195+08:00	0x04	-0.2871	0.3522	-0.0113	-0.8907	347.69	313.39	31.29
2026-05-28T20:19:29.9563195+08:00	0x01	-0.2503	-0.6346	0.5118	-0.5222	328.27	80.33	65.64
2026-05-28T20:19:29.9899572+08:00	0x03	-0.1808	0.5180	0.7307	0.4062	108.16	21.48	295.32
2026-05-28T20:19:29.9899572+08:00	0x02	0.1067	0.5441	-0.4902	-0.6725	57.36	294.72	22.95
2026-05-28T20:19:30.0230167+08:00	0x03	-0.1808	0.5180	0.7307	0.4062	108.16	21.48	295.32
2026-05-28T20:19:30.0230167+08:00	0x02	0.1032	0.5435	-0.4876	-0.6754	56.87	294.92	22.99
2026-05-28T20:19:30.0569451+08:00	0x04	-0.2709	0.3489	0.0030	-0.8972	347.16	314.18	28.94
2026-05-28T20:19:30.0569451+08:00	0x01	-0.2497	-0.6353	0.5108	-0.5226	328.49	80.54	65.51
2026-05-28T20:19:30.0569451+08:00	0x03	-0.1766	0.5132	0.7445	0.3888	113.25	18.34	295.65
2026-05-28T20:19:30.1580088+08:00	0x03	-0.1766	0.5132	0.7445	0.3888	113.25	18.34	295.65
2026-05-28T20:19:30.1580088+08:00	0x02	0.1006	0.5450	-0.4857	-0.6760	56.47	294.81	23.17
2026-05-28T20:19:30.1580088+08:00	0x04	-0.2506	0.3527	0.0351	-0.9009	344.61	313.77	25.26
2026-05-28T20:19:30.1580088+08:00	0x01	-0.2480	-0.6363	0.5080	-0.5249	328.90	80.83	65.07
2026-05-28T20:19:30.1904356+08:00	0x03	-0.1606	0.5203	0.7387	0.3972	108.81	23.39	296.32
2026-05-28T20:19:30.2228065+08:00	0x03	-0.1606	0.5203	0.7387	0.3972	108.81	23.39	296.32
2026-05-28T20:19:30.2576379+08:00	0x02	0.0965	0.5466	-0.4847	-0.6760	56.08	294.75	23.55
2026-05-28T20:19:30.2576379+08:00	0x04	-0.2320	0.3539	0.0570	-0.9043	343.21	313.92	22.28
2026-05-28T20:19:30.2903144+08:00	0x01	-0.2484	-0.6368	0.5064	-0.5256	329.29	81.09	64.98
2026-05-28T20:19:30.2903144+08:00	0x03	-0.1499	0.5186	0.7387	0.4036	107.19	25.29	297.48
2026-05-28T20:19:30.3916670+08:00	0x04	-0.2216	0.3563	0.0687	-0.9051	342.44	313.81	20.62
2026-05-28T20:19:30.3926599+08:00	0x03	-0.1499	0.5186	0.7387	0.4036	107.19	25.29	297.48
2026-05-28T20:19:30.3926599+08:00	0x02	0.0956	0.5488	-0.4847	-0.6744	55.99	294.49	23.77
2026-05-28T20:19:30.3926599+08:00	0x01	-0.2474	-0.6373	0.5034	-0.5284	329.71	81.27	64.57
2026-05-28T20:19:30.3926599+08:00	0x03	-0.1441	0.5151	0.7401	0.4077	106.76	25.78	298.37
2026-05-28T20:19:30.4245085+08:00	0x04	-0.2208	0.3645	0.0786	-0.9012	341.22	312.64	19.91
2026-05-28T20:19:30.4569570+08:00	0x03	-0.1368	0.5200	0.7331	0.4165	103.49	28.87	298.79
2026-05-28T20:19:30.4569570+08:00	0x02	0.0939	0.5505	-0.4855	-0.6726	55.96	294.34	24.09
2026-05-28T20:19:30.4898919+08:00	0x01	-0.2470	-0.6383	0.5004	-0.5302	330.27	81.64	64.26
2026-05-28T20:19:30.4898919+08:00	0x03	-0.1368	0.5200	0.7331	0.4165	103.49	28.87	298.79
2026-05-28T20:19:30.5231862+08:00	0x04	-0.2225	0.3753	0.0834	-0.8959	340.36	311.12	19.64
2026-05-28T20:19:30.6283148+08:00	0x03	-0.1365	0.5219	0.7287	0.4219	101.86	30.01	298.86
2026-05-28T20:19:30.6283148+08:00	0x02	0.0927	0.5523	-0.4844	-0.6721	55.73	294.12	24.23
2026-05-28T20:19:30.6293124+08:00	0x01	-0.2481	-0.6388	0.4995	-0.5299	330.66	81.96	64.31
2026-05-28T20:19:30.6293124+08:00	0x03	-0.1365	0.5219	0.7287	0.4219	101.86	30.01	298.86
2026-05-28T20:19:30.6293124+08:00	0x04	-0.2220	0.3807	0.0948	-0.8926	339.05	310.28	18.91
2026-05-28T20:19:30.6572330+08:00	0x03	-0.1372	0.5264	0.7241	0.4239	100.43	31.25	298.51
2026-05-28T20:19:30.6572330+08:00	0x02	0.0943	0.5529	-0.4835	-0.6721	55.69	293.97	24.07
2026-05-28T20:19:30.6898403+08:00	0x01	-0.2495	-0.6393	0.4985	-0.5296	331.10	82.30	64.38
2026-05-28T20:19:30.7227512+08:00	0x03	-0.1372	0.5264	0.7241	0.4239	100.43	31.25	298.51
2026-05-28T20:19:30.7227512+08:00	0x04	-0.2378	0.3726	0.1033	-0.8910	337.34	310.51	20.29
2026-05-28T20:19:30.8256793+08:00	0x02	0.0940	0.5529	-0.4830	-0.6724	55.61	293.96	24.06
2026-05-28T20:19:30.8266751+08:00	0x03	-0.1441	0.5227	0.7240	0.4264	100.91	29.91	298.38
2026-05-28T20:19:30.8266751+08:00	0x01	-0.2508	-0.6399	0.4985	-0.5284	331.38	82.60	64.55
2026-05-28T20:19:30.8266751+08:00	0x03	-0.1441	0.5227	0.7240	0.4264	100.91	29.91	298.38
2026-05-28T20:19:30.8266751+08:00	0x04	-0.2428	0.3638	0.1005	-0.8936	337.54	311.45	21.15
2026-05-28T20:19:30.8566289+08:00	0x01	-0.2507	-0.6404	0.4977	-0.5285	331.59	82.80	64.48
2026-05-28T20:19:30.8566289+08:00	0x02	0.0931	0.5521	-0.4837	-0.6727	55.66	294.13	24.14
2026-05-28T20:19:30.8899695+08:00	0x03	-0.1568	0.5138	0.7280	0.4259	103.39	26.33	298.15
2026-05-28T20:19:30.9232844+08:00	0x02	0.0924	0.5524	-0.4824	-0.6735	55.46	294.10	24.11
2026-05-28T20:19:30.9232844+08:00	0x03	-0.1568	0.5138	0.7280	0.4259	103.39	26.33	298.15
2026-05-28T20:19:31.0267598+08:00	0x04	-0.2456	0.3496	0.1016	-0.8984	337.58	313.12	21.73
2026-05-28T20:19:31.0267598+08:00	0x01	-0.2519	-0.6408	0.4974	-0.5278	331.87	83.04	64.59
2026-05-28T20:19:31.0267598+08:00	0x03	-0.1646	0.5038	0.7361	0.4211	106.88	22.55	298.33
2026-05-28T20:19:31.0267598+08:00	0x02	0.0923	0.5515	-0.4818	-0.6747	55.40	294.22	24.01
2026-05-28T20:19:31.0267598+08:00	0x03	-0.1691	0.4972	0.7445	0.4122	110.41	19.42	298.39
2026-05-28T20:19:31.0566774+08:00	0x04	-0.2452	0.3419	0.1018	-0.9015	337.76	314.11	21.87
2026-05-28T20:19:31.0566774+08:00	0x01	-0.2528	-0.6407	0.4976	-0.5273	331.95	83.11	64.72
2026-05-28T20:19:31.0904496+08:00	0x03	-0.1691	0.4972	0.7445	0.4122	110.41	19.42	298.39
2026-05-28T20:19:31.1232428+08:00	0x02	0.0926	0.5508	-0.4824	-0.6748	55.51	294.31	23.99
2026-05-28T20:19:31.2254486+08:00	0x03	-0.1709	0.4992	0.7478	0.4029	112.28	18.30	297.83
2026-05-28T20:19:31.2254486+08:00	0x04	-0.2399	0.3449	0.0995	-0.9020	338.26	314.00	21.36
2026-05-28T20:19:31.2254486+08:00	0x01	-0.2525	-0.6402	0.4975	-0.5281	331.84	82.93	64.65
2026-05-28T20:19:31.2254486+08:00	0x03	-0.1709	0.4992	0.7478	0.4029	112.28	18.30	297.83
2026-05-28T20:19:31.2254486+08:00	0x02	0.0924	0.5511	-0.4824	-0.6745	55.49	294.27	24.03
2026-05-28T20:19:31.2570684+08:00	0x03	-0.1713	0.5031	0.7493	0.3951	113.40	17.92	297.22
2026-05-28T20:19:31.2570684+08:00	0x04	-0.2323	0.3502	0.1031	-0.9015	338.19	313.60	20.28
2026-05-28T20:19:31.2570684+08:00	0x01	-0.2518	-0.6412	0.4960	-0.5286	332.14	83.22	64.47
2026-05-28T20:19:31.3223977+08:00	0x03	-0.1713	0.5031	0.7493	0.3951	113.40	17.92	297.22
2026-05-28T20:19:31.3233950+08:00	0x04	-0.2273	0.3522	0.1090	-0.9013	337.77	313.46	19.45
2026-05-28T20:19:31.3233950+08:00	0x02	0.0920	0.5501	-0.4824	-0.6755	55.49	294.43	23.98
2026-05-28T20:19:31.3568853+08:00	0x03	-0.1696	0.5068	0.7496	0.3904	113.69	18.26	296.84
2026-05-28T20:19:31.3568853+08:00	0x01	-0.2514	-0.6417	0.4960	-0.5282	332.19	83.35	64.45
2026-05-28T20:19:31.4580180+08:00	0x04	-0.2257	0.3490	0.1109	-0.9028	337.73	313.90	19.28
2026-05-28T20:19:31.4580180+08:00	0x03	-0.1696	0.5068	0.7496	0.3904	113.69	18.26	296.84
2026-05-28T20:19:31.4580180+08:00	0x02	0.0914	0.5510	-0.4817	-0.6753	55.35	294.32	24.04
2026-05-28T20:19:31.4580180+08:00	0x01	-0.2515	-0.6430	0.4948	-0.5276	332.63	83.83	64.40
2026-05-28T20:19:31.4580180+08:00	0x03	-0.1712	0.5031	0.7543	0.3854	115.67	16.59	297.00
2026-05-28T20:19:31.5226928+08:00	0x04	-0.2268	0.3462	0.1173	-0.9028	337.02	314.11	19.16
2026-05-28T20:19:31.5226928+08:00	0x03	-0.1712	0.5031	0.7543	0.3854	115.67	16.59	297.00
2026-05-28T20:19:31.5569984+08:00	0x02	0.0902	0.5520	-0.4825	-0.6741	55.36	294.24	24.27
2026-05-28T20:19:31.5569984+08:00	0x01	-0.2497	-0.6449	0.4920	-0.5288	333.13	84.32	63.99
2026-05-28T20:19:31.5899845+08:00	0x03	-0.1727	0.4982	0.7550	0.3898	115.63	16.03	297.51
2026-05-28T20:19:31.6947779+08:00	0x04	-0.2212	0.3537	0.1317	-0.8992	335.61	313.19	17.73
2026-05-28T20:19:31.6947779+08:00	0x03	-0.1706	0.5019	0.7489	0.3976	112.98	18.16	297.44
2026-05-28T20:19:31.6947779+08:00	0x02	0.0904	0.5519	-0.4822	-0.6743	55.34	294.25	24.23
2026-05-28T20:19:31.6947779+08:00	0x01	-0.2497	-0.6452	0.4918	-0.5287	333.20	84.41	63.98
2026-05-28T20:19:31.6947779+08:00	0x03	-0.1706	0.5019	0.7489	0.3976	112.98	18.16	297.44
2026-05-28T20:19:31.7226979+08:00	0x04	-0.2184	0.3623	0.1344	-0.8961	335.31	312.20	17.10
2026-05-28T20:19:31.7226979+08:00	0x01	-0.2525	-0.6456	0.4941	-0.5247	333.37	84.79	64.55
2026-05-28T20:19:31.7226979+08:00	0x03	-0.1704	0.5082	0.7492	0.3890	113.81	18.22	296.61
2026-05-28T20:19:31.7564185+08:00	0x02	0.0909	0.5520	-0.4796	-0.6760	55.04	294.17	24.00
2026-05-28T20:19:31.7905854+08:00	0x03	-0.1704	0.5082	0.7492	0.3890	113.81	18.22	296.61
2026-05-28T20:19:31.8911891+08:00	0x04	-0.2116	0.3722	0.1423	-0.8925	334.69	311.16	15.77
2026-05-28T20:19:31.8911891+08:00	0x01	-0.2518	-0.6459	0.4934	-0.5252	333.44	84.85	64.42
2026-05-28T20:19:31.8911891+08:00	0x03	-0.1737	0.5109	0.7468	0.3888	113.54	18.26	296.09
2026-05-28T20:19:31.8911891+08:00	0x02	0.0915	0.5517	-0.4790	-0.6766	55.01	294.17	23.87
2026-05-28T20:19:31.8911891+08:00	0x03	-0.1737	0.5109	0.7468	0.3888	113.54	18.26	296.09
2026-05-28T20:19:31.9227512+08:00	0x02	0.0910	0.5526	-0.4820	-0.6738	55.33	294.12	24.21
2026-05-28T20:19:31.9227512+08:00	0x04	-0.2011	0.3846	0.1653	-0.8856	332.64	309.82	13.24
2026-05-28T20:19:31.9566634+08:00	0x01	-0.2497	-0.6478	0.4904	-0.5268	333.90	85.30	63.96
2026-05-28T20:19:31.9566634+08:00	0x03	-0.1676	0.5205	0.7361	0.3989	108.71	22.76	295.84
2026-05-28T20:19:32.0228750+08:00	0x03	-0.1676	0.5205	0.7361	0.3989	108.71	22.76	295.84
2026-05-28T20:19:32.0238715+08:00	0x02	0.0914	0.5545	-0.4813	-0.6727	55.22	293.82	24.26
2026-05-28T20:19:32.0238715+08:00	0x04	-0.1998	0.3858	0.1815	-0.8822	330.96	309.57	12.27
2026-05-28T20:19:32.1293392+08:00	0x01	-0.2480	-0.6505	0.4878	-0.5268	334.51	86.02	63.61
2026-05-28T20:19:32.1293392+08:00	0x03	-0.1641	0.5198	0.7315	0.4097	106.12	24.60	296.51
2026-05-28T20:19:32.1293392+08:00	0x02	0.0920	0.5582	-0.4807	-0.6700	55.10	293.28	24.42
2026-05-28T20:19:32.1293392+08:00	0x03	-0.1641	0.5198	0.7315	0.4097	106.12	24.60	296.51
2026-05-28T20:19:32.1293392+08:00	0x04	-0.2227	0.3721	0.2048	-0.8775	327.26	309.98	13.79
2026-05-28T20:19:32.1572580+08:00	0x01	-0.2454	-0.6516	0.4861	-0.5281	334.57	86.15	63.22
2026-05-28T20:19:32.1572580+08:00	0x03	-0.1711	0.5063	0.7255	0.4336	103.70	24.01	297.99
2026-05-28T20:19:32.2237812+08:00	0x02	0.0923	0.5604	-0.4830	-0.6664	55.35	293.00	24.73
2026-05-28T20:19:32.2237812+08:00	0x03	-0.1844	0.4879	0.7233	0.4526	103.52	21.00	299.23
2026-05-28T20:19:32.2569692+08:00	0x04	-0.2424	0.3593	0.2188	-0.8742	324.71	310.37	15.46
2026-05-28T20:19:32.2569692+08:00	0x01	-0.2458	-0.6514	0.4845	-0.5296	334.77	86.13	63.08
2026-05-28T20:19:32.3601614+08:00	0x03	-0.1844	0.4879	0.7233	0.4526	103.52	21.00	299.23
2026-05-28T20:19:32.3611793+08:00	0x04	-0.2489	0.3570	0.2269	-0.8713	323.46	310.21	15.77
2026-05-28T20:19:32.3611793+08:00	0x02	0.0930	0.5629	-0.4802	-0.6663	54.99	292.58	24.62
2026-05-28T20:19:32.3611793+08:00	0x03	-0.1896	0.4839	0.7202	0.4597	102.85	20.48	299.40
2026-05-28T20:19:32.3611793+08:00	0x01	-0.2487	-0.6511	0.4857	-0.5276	335.00	86.34	63.49
2026-05-28T20:19:32.3900801+08:00	0x03	-0.1896	0.4839	0.7202	0.4597	102.85	20.48	299.40
2026-05-28T20:19:32.3900801+08:00	0x04	-0.2507	0.3602	0.2324	-0.8680	322.69	309.65	15.53
2026-05-28T20:19:32.4229072+08:00	0x02	0.0945	0.5622	-0.4799	-0.6668	55.05	292.61	24.43
2026-05-28T20:19:32.4229072+08:00	0x03	-0.1898	0.4864	0.7168	0.4622	101.78	21.32	299.22
2026-05-28T20:19:32.4567500+08:00	0x01	-0.2503	-0.6502	0.4871	-0.5267	334.88	86.20	63.77
2026-05-28T20:19:32.5577240+08:00	0x03	-0.1898	0.4864	0.7168	0.4622	101.78	21.32	299.22
2026-05-28T20:19:32.5577240+08:00	0x04	-0.2517	0.3699	0.2296	-0.8644	322.79	308.46	15.38
2026-05-28T20:19:32.5577240+08:00	0x02	0.0961	0.5644	-0.4791	-0.6654	54.99	292.22	24.38
2026-05-28T20:19:32.5577240+08:00	0x03	-0.1924	0.4902	0.7126	0.4636	100.74	22.05	298.71
2026-05-28T20:19:32.5577240+08:00	0x01	-0.2508	-0.6508	0.4851	-0.5275	335.33	86.49	63.63
2026-05-28T20:19:32.5901945+08:00	0x03	-0.1924	0.4902	0.7126	0.4636	100.74	22.05	298.71
2026-05-28T20:19:32.6231063+08:00	0x04	-0.2620	0.3787	0.2256	-0.8585	322.41	306.85	16.20
2026-05-28T20:19:32.6231063+08:00	0x02	0.0982	0.5660	-0.4785	-0.6641	55.01	291.89	24.28
2026-05-28T20:19:32.6570171+08:00	0x03	-0.1971	0.4987	0.7071	0.4611	99.66	23.08	297.52
2026-05-28T20:19:32.6570171+08:00	0x01	-0.2524	-0.6513	0.4836	-0.5275	335.86	86.87	63.66
2026-05-28T20:19:32.7940603+08:00	0x03	-0.1971	0.4987	0.7071	0.4611	99.66	23.08	297.52
2026-05-28T20:19:32.7940603+08:00	0x01	-0.2544	-0.6507	0.4820	-0.5287	336.25	86.93	63.68
2026-05-28T20:19:32.7940603+08:00	0x04	-0.2856	0.3826	0.2119	-0.8527	322.18	305.12	18.96
2026-05-28T20:19:32.7940603+08:00	0x02	0.1025	0.5700	-0.4779	-0.6605	55.08	291.15	24.17
2026-05-28T20:19:32.7940603+08:00	0x03	-0.2093	0.4997	0.7079	0.4531	101.76	20.75	296.21
2026-05-28T20:19:32.7940603+08:00	0x02	0.1064	0.5750	-0.4789	-0.6548	55.31	290.29	24.30
2026-05-28T20:19:32.8229749+08:00	0x03	-0.2185	0.5089	0.7078	0.4386	103.73	19.52	294.22
2026-05-28T20:19:32.8229749+08:00	0x01	-0.2561	-0.6505	0.4806	-0.5294	336.65	87.09	63.70
2026-05-28T20:19:32.8229749+08:00	0x04	-0.3210	0.4054	0.1828	-0.8362	322.10	300.32	22.87
2026-05-28T20:19:32.8563910+08:00	0x03	-0.2185	0.5089	0.7078	0.4386	103.73	19.52	294.22
2026-05-28T20:19:32.8899651+08:00	0x02	0.1108	0.5749	-0.4803	-0.6531	55.73	290.14	24.05
2026-05-28T20:19:32.9910497+08:00	0x04	-0.3444	0.4260	0.1672	-0.8197	321.24	296.17	24.97
2026-05-28T20:19:32.9910497+08:00	0x03	-0.2196	0.5233	0.7037	0.4274	103.17	21.21	292.44
2026-05-28T20:19:32.9910497+08:00	0x03	-0.2196	0.5233	0.7037	0.4274	103.17	21.21	292.44
2026-05-28T20:19:32.9910497+08:00	0x02	0.1153	0.5743	-0.4812	-0.6522	56.13	290.05	23.72
2026-05-28T20:19:33.0233551+08:00	0x04	-0.3405	0.4202	0.1572	-0.8263	322.78	297.38	25.50
2026-05-28T20:19:33.0233551+08:00	0x01	-0.2575	-0.6494	0.4775	-0.5329	337.03	86.94	63.46
2026-05-28T20:19:33.0233551+08:00	0x03	-0.2239	0.5211	0.7121	0.4138	107.82	17.48	291.96
2026-05-28T20:19:33.0904491+08:00	0x03	-0.2239	0.5211	0.7121	0.4138	107.82	17.48	291.96
2026-05-28T20:19:33.1231178+08:00	0x02	0.1141	0.5686	-0.4869	-0.6531	56.87	290.98	23.87
2026-05-28T20:19:33.1231178+08:00	0x04	-0.3394	0.4124	0.1487	-0.8322	323.97	298.60	26.25
2026-05-28T20:19:33.1231178+08:00	0x01	-0.2585	-0.6496	0.4761	-0.5333	337.39	87.14	63.43
2026-05-28T20:19:33.2286195+08:00	0x03	-0.2315	0.5192	0.7181	0.4015	112.39	13.42	291.33
2026-05-28T20:19:33.2286195+08:00	0x03	-0.2315	0.5192	0.7181	0.4015	112.39	13.42	291.33
2026-05-28T20:19:33.2286195+08:00	0x02	0.1157	0.5674	-0.4911	-0.6507	57.50	291.13	24.01
2026-05-28T20:19:33.2286195+08:00	0x04	-0.3414	0.4076	0.1450	-0.8344	324.33	299.15	26.84
2026-05-28T20:19:33.2565426+08:00	0x03	-0.2412	0.5179	0.7196	0.3949	115.49	10.10	290.66
2026-05-28T20:19:33.2904563+08:00	0x04	-0.3451	0.4084	0.1412	-0.8332	324.39	298.83	27.38
2026-05-28T20:19:33.2904563+08:00	0x03	-0.2412	0.5179	0.7196	0.3949	115.49	10.10	290.66
2026-05-28T20:19:33.3228593+08:00	0x02	0.1174	0.5662	-0.4937	-0.6495	57.94	291.26	23.99
2026-05-28T20:19:33.4240898+08:00	0x01	-0.2586	-0.6504	0.4705	-0.5374	338.21	87.45	62.86
2026-05-28T20:19:33.4240898+08:00	0x03	-0.2476	0.5189	0.7191	0.3903	117.26	8.22	290.03
2026-05-28T20:19:33.4240898+08:00	0x04	-0.3449	0.4115	0.1433	-0.8313	324.08	298.40	27.10
2026-05-28T20:19:33.4240898+08:00	0x03	-0.2491	0.5202	0.7195	0.3869	118.18	7.50	289.73
2026-05-28T20:19:33.4240898+08:00	0x02	0.1178	0.5623	-0.4982	-0.6494	58.60	291.86	24.03
2026-05-28T20:19:33.4570952+08:00	0x01	-0.2601	-0.6503	0.4699	-0.5373	338.50	87.61	62.96
2026-05-28T20:19:33.4570952+08:00	0x03	-0.2491	0.5202	0.7195	0.3869	118.18	7.50	289.73
2026-05-28T20:19:33.4912561+08:00	0x04	-0.3432	0.4152	0.1508	-0.8289	323.35	297.92	26.34
2026-05-28T20:19:33.5227620+08:00	0x03	-0.2468	0.5262	0.7183	0.3824	117.98	8.39	289.14
2026-05-28T20:19:33.5227620+08:00	0x02	0.1195	0.5556	-0.5011	-0.6526	59.19	292.73	23.63
2026-05-28T20:19:33.6249577+08:00	0x01	-0.2609	-0.6502	0.4686	-0.5381	338.77	87.71	62.89
2026-05-28T20:19:33.6249577+08:00	0x03	-0.2468	0.5262	0.7183	0.3824	117.98	8.39	289.14
2026-05-28T20:19:33.6249577+08:00	0x04	-0.3414	0.4195	0.1546	-0.8268	322.99	297.43	25.77
2026-05-28T20:19:33.6249577+08:00	0x03	-0.2503	0.5242	0.7189	0.3818	119.00	7.09	289.12
2026-05-28T20:19:33.6249577+08:00	0x02	0.1236	0.5618	-0.4944	-0.6517	58.47	291.59	23.23
2026-05-28T20:19:33.6896014+08:00	0x03	-0.2503	0.5242	0.7189	0.3818	119.00	7.09	289.12
2026-05-28T20:19:33.6905987+08:00	0x04	-0.3354	0.4289	0.1632	-0.8227	322.38	296.53	24.32
2026-05-28T20:19:33.7229114+08:00	0x01	-0.2621	-0.6489	0.4660	-0.5414	339.00	87.44	62.69
2026-05-28T20:19:33.7229114+08:00	0x02	0.1257	0.5700	-0.4891	-0.6481	57.78	290.29	23.24
2026-05-28T20:19:33.7229114+08:00	0x03	-0.2489	0.5272	0.7115	0.3922	114.77	10.51	289.00
2026-05-28T20:19:33.8575623+08:00	0x02	0.1273	0.5769	-0.4832	-0.6462	57.02	289.18	23.14
2026-05-28T20:19:33.8575623+08:00	0x03	-0.2489	0.5272	0.7115	0.3922	114.77	10.51	289.00
2026-05-28T20:19:33.8575623+08:00	0x04	-0.3301	0.4361	0.1733	-0.8191	321.62	295.87	22.93
2026-05-28T20:19:33.8575623+08:00	0x01	-0.2614	-0.6494	0.4641	-0.5427	339.22	87.55	62.44
2026-05-28T20:19:33.8575623+08:00	0x03	-0.2444	0.5294	0.7041	0.4052	109.61	14.84	289.33
2026-05-28T20:19:33.8899604+08:00	0x02	0.1261	0.5773	-0.4813	-0.6474	56.71	289.15	23.11
2026-05-28T20:19:33.8899604+08:00	0x03	-0.2444	0.5294	0.7041	0.4052	109.61	14.84	289.33
2026-05-28T20:19:33.9224774+08:00	0x04	-0.3241	0.4446	0.1791	-0.8156	321.36	295.12	21.68
2026-05-28T20:19:33.9234748+08:00	0x01	-0.2620	-0.6495	0.4646	-0.5419	339.28	87.65	62.56
2026-05-28T20:19:33.9560053+08:00	0x03	-0.2401	0.5326	0.6972	0.4154	105.14	18.75	289.58
2026-05-28T20:19:34.0622496+08:00	0x02	0.1254	0.5749	-0.4782	-0.6519	56.35	289.47	22.73
2026-05-28T20:19:34.0622496+08:00	0x03	-0.2401	0.5326	0.6972	0.4154	105.14	18.75	289.58
2026-05-28T20:19:34.0622496+08:00	0x01	-0.2628	-0.6499	0.4654	-0.5403	339.39	87.87	62.74
2026-05-28T20:19:34.0622496+08:00	0x04	-0.3239	0.4484	0.1779	-0.8139	321.41	294.66	21.57
2026-05-28T20:19:34.0622496+08:00	0x03	-0.2388	0.5348	0.6928	0.4206	102.75	20.77	289.62
2026-05-28T20:19:34.0907472+08:00	0x02	0.1265	0.5703	-0.4770	-0.6567	56.35	290.05	22.21
2026-05-28T20:19:34.1226749+08:00	0x03	-0.2402	0.5356	0.6910	0.4218	102.20	21.09	289.46
2026-05-28T20:19:34.1226749+08:00	0x04	-0.3257	0.4504	0.1766	-0.8123	321.34	294.28	21.72
2026-05-28T20:19:34.1226749+08:00	0x01	-0.2630	-0.6500	0.4660	-0.5396	339.35	87.91	62.82
2026-05-28T20:19:34.1566086+08:00	0x03	-0.2402	0.5356	0.6910	0.4218	102.20	21.09	289.46
2026-05-28T20:19:34.1904924+08:00	0x04	-0.3254	0.4482	0.1781	-0.8133	321.27	294.57	21.69
2026-05-28T20:19:34.1904924+08:00	0x02	0.1274	0.5693	-0.4755	-0.6584	56.25	290.14	21.94
2026-05-28T20:19:34.2926149+08:00	0x03	-0.2396	0.5365	0.6897	0.4232	101.47	21.75	289.47
2026-05-28T20:19:34.2926149+08:00	0x03	-0.2396	0.5365	0.6897	0.4232	101.47	21.75	289.47
2026-05-28T20:19:34.2926149+08:00	0x04	-0.3252	0.4435	0.1789	-0.8158	321.31	295.19	21.83
2026-05-28T20:19:34.2926149+08:00	0x02	0.1278	0.5691	-0.4756	-0.6585	56.30	290.15	21.90
2026-05-28T20:19:34.3228298+08:00	0x03	-0.2387	0.5340	0.6927	0.4219	102.60	20.80	289.74
2026-05-28T20:19:34.3228298+08:00	0x01	-0.2626	-0.6509	0.4650	-0.5397	339.56	88.14	62.71
2026-05-28T20:19:34.3899446+08:00	0x03	-0.2387	0.5340	0.6927	0.4219	102.60	20.80	289.74
2026-05-28T20:19:34.3899446+08:00	0x04	-0.3268	0.4426	0.1770	-0.8161	321.38	295.22	22.13
2026-05-28T20:19:34.4919529+08:00	0x02	0.1284	0.5687	-0.4759	-0.6585	56.37	290.18	21.85
2026-05-28T20:19:34.4919529+08:00	0x01	-0.2619	-0.6509	0.4640	-0.5408	339.56	88.06	62.53
2026-05-28T20:19:34.4919529+08:00	0x03	-0.2392	0.5334	0.6936	0.4210	103.10	20.33	289.72
2026-05-28T20:19:34.4919529+08:00	0x04	-0.3289	0.4426	0.1749	-0.8157	321.41	295.09	22.44
2026-05-28T20:19:34.4919529+08:00	0x01	-0.2604	-0.6509	0.4632	-0.5422	339.44	87.90	62.30
2026-05-28T20:19:34.5232843+08:00	0x02	0.1289	0.5681	-0.4762	-0.6587	56.44	290.25	21.79
2026-05-28T20:19:34.5561845+08:00	0x03	-0.2418	0.5326	0.6939	0.4199	103.82	19.49	289.57
2026-05-28T20:19:34.5908069+08:00	0x04	-0.3303	0.4422	0.1737	-0.8156	321.43	295.05	22.65
2026-05-28T20:19:34.5908416+08:00	0x03	-0.2418	0.5326	0.6939	0.4199	103.82	19.49	289.57
2026-05-28T20:19:34.5908416+08:00	0x01	-0.2591	-0.6513	0.4624	-0.5431	339.39	87.87	62.09
2026-05-28T20:19:34.6231984+08:00	0x02	0.1295	0.5675	-0.4764	-0.6589	56.51	290.30	21.72
2026-05-28T20:19:34.7240462+08:00	0x02	0.1293	0.5675	-0.4756	-0.6595	56.42	290.30	21.67
2026-05-28T20:19:34.7250431+08:00	0x04	-0.3307	0.4421	0.1733	-0.8156	321.42	295.03	22.72
2026-05-28T20:19:34.7250431+08:00	0x01	-0.2590	-0.6519	0.4619	-0.5428	339.55	88.05	62.05
2026-05-28T20:19:34.7250431+08:00	0x03	-0.2432	0.5325	0.6937	0.4196	104.04	19.18	289.46
2026-05-28T20:19:34.7568928+08:00	0x03	-0.2432	0.5325	0.6937	0.4196	104.04	19.18	289.46
2026-05-28T20:19:34.7568928+08:00	0x02	0.1292	0.5668	-0.4750	-0.6606	56.34	290.39	21.57
2026-05-28T20:19:34.7897879+08:00	0x01	-0.2589	-0.6520	0.4624	-0.5423	339.50	88.07	62.10
2026-05-28T20:19:34.7897879+08:00	0x04	-0.3302	0.4429	0.1733	-0.8154	321.46	294.97	22.64
2026-05-28T20:19:34.8564277+08:00	0x03	-0.2432	0.5328	0.6934	0.4196	103.93	19.29	289.42
2026-05-28T20:19:34.9577032+08:00	0x02	0.1291	0.5666	-0.4745	-0.6612	56.28	290.43	21.52
2026-05-28T20:19:34.9577032+08:00	0x04	-0.3299	0.4437	0.1734	-0.8150	321.45	294.89	22.57
2026-05-28T20:19:34.9577032+08:00	0x01	-0.2591	-0.6523	0.4626	-0.5417	339.55	88.18	62.15
2026-05-28T20:19:34.9577032+08:00	0x03	-0.2428	0.5338	0.6925	0.4202	103.43	19.78	289.38
2026-05-28T20:19:34.9577032+08:00	0x03	-0.2428	0.5338	0.6925	0.4202	103.43	19.78	289.38
2026-05-28T20:19:34.9898029+08:00	0x02	0.1295	0.5667	-0.4739	-0.6614	56.23	290.38	21.46
2026-05-28T20:19:34.9898029+08:00	0x04	-0.3297	0.4442	0.1736	-0.8147	321.44	294.83	22.52
2026-05-28T20:19:35.0224089+08:00	0x01	-0.2596	-0.6525	0.4625	-0.5413	339.69	88.31	62.20
2026-05-28T20:19:35.0224089+08:00	0x03	-0.2425	0.5344	0.6919	0.4206	103.10	20.10	289.36
2026-05-28T20:19:35.1562587+08:00	0x03	-0.2425	0.5344	0.6919	0.4206	103.10	20.10	289.36
2026-05-28T20:19:35.1572548+08:00	0x02	0.1297	0.5669	-0.4735	-0.6615	56.20	290.35	21.42
2026-05-28T20:19:35.1572548+08:00	0x04	-0.3298	0.4448	0.1730	-0.8145	321.47	294.75	22.54
2026-05-28T20:19:35.1572548+08:00	0x01	-0.2598	-0.6528	0.4622	-0.5411	339.81	88.43	62.20
2026-05-28T20:19:35.1572548+08:00	0x03	-0.2422	0.5350	0.6915	0.4206	102.86	20.37	289.32
2026-05-28T20:19:35.1572548+08:00	0x04	-0.3317	0.4438	0.1715	-0.8146	321.49	294.76	22.84
2026-05-28T20:19:35.1907013+08:00	0x03	-0.2422	0.5350	0.6915	0.4206	102.86	20.37	289.32
2026-05-28T20:19:35.1907013+08:00	0x02	0.1288	0.5664	-0.4741	-0.6617	56.22	290.46	21.51
2026-05-28T20:19:35.2229935+08:00	0x01	-0.2604	-0.6525	0.4625	-0.5408	339.82	88.42	62.28
2026-05-28T20:19:35.2229935+08:00	0x03	-0.2434	0.5347	0.6920	0.4195	103.38	19.84	289.22
2026-05-28T20:19:35.2571694+08:00	0x04	-0.3372	0.4401	0.1721	-0.8142	321.02	294.82	23.43
2026-05-28T20:19:35.2898335+08:00	0x02	0.1276	0.5669	-0.4771	-0.6593	56.51	290.48	21.88
2026-05-28T20:19:35.2898335+08:00	0x03	-0.2449	0.5326	0.6927	0.4201	103.93	19.08	289.32
2026-05-28T20:19:35.3917922+08:00	0x01	-0.2600	-0.6531	0.4611	-0.5416	340.02	88.55	62.11
2026-05-28T20:19:35.3917922+08:00	0x03	-0.2449	0.5326	0.6927	0.4201	103.93	19.08	289.32
2026-05-28T20:19:35.3917922+08:00	0x04	-0.3549	0.4378	0.1710	-0.8082	319.58	293.75	25.08
2026-05-28T20:19:35.3917922+08:00	0x01	-0.2597	-0.6540	0.4596	-0.5418	340.31	88.82	61.96
2026-05-28T20:19:35.3917922+08:00	0x02	0.1280	0.5701	-0.4793	-0.6549	56.72	290.05	22.26
2026-05-28T20:19:35.3917922+08:00	0x03	-0.2467	0.5271	0.6937	0.4242	104.39	18.02	289.82
2026-05-28T20:19:35.4566172+08:00	0x03	-0.2467	0.5271	0.6937	0.4242	104.39	18.02	289.82
2026-05-28T20:19:35.4895056+08:00	0x04	-0.3591	0.4349	0.1786	-0.8062	318.48	293.68	25.07
2026-05-28T20:19:35.4895056+08:00	0x02	0.1277	0.5755	-0.4847	-0.6462	57.24	289.37	23.13
2026-05-28T20:19:35.4895056+08:00	0x03	-0.2474	0.5216	0.6965	0.4261	105.44	16.68	290.37
2026-05-28T20:19:35.6243390+08:00	0x03	-0.2474	0.5216	0.6965	0.4261	105.44	16.68	290.37
2026-05-28T20:19:35.6243390+08:00	0x04	-0.3582	0.4377	0.1864	-0.8034	317.71	293.30	24.35
2026-05-28T20:19:35.6243390+08:00	0x01	-0.2576	-0.6539	0.4535	-0.5480	340.65	88.58	61.11
2026-05-28T20:19:35.6243390+08:00	0x02	0.1274	0.5818	-0.4853	-0.6400	57.18	288.49	23.68
2026-05-28T20:19:35.6243390+08:00	0x03	-0.2395	0.5288	0.6897	0.4328	100.90	21.32	290.49
2026-05-28T20:19:35.6566262+08:00	0x02	0.1278	0.5843	-0.4880	-0.6357	57.47	288.15	24.06
2026-05-28T20:19:35.6566262+08:00	0x03	-0.2395	0.5288	0.6897	0.4328	100.90	21.32	290.49
2026-05-28T20:19:35.6905337+08:00	0x04	-0.3527	0.4365	0.1914	-0.8053	317.73	293.83	23.63
2026-05-28T20:19:35.7234479+08:00	0x03	-0.2413	0.5260	0.6914	0.4325	101.90	20.17	290.59
2026-05-28T20:19:35.8249072+08:00	0x02	0.1250	0.5829	-0.4924	-0.6342	57.86	288.54	24.55
2026-05-28T20:19:35.8249072+08:00	0x03	-0.2413	0.5260	0.6914	0.4325	101.90	20.17	290.59
2026-05-28T20:19:35.8249072+08:00	0x04	-0.3660	0.4269	0.1838	-0.8062	317.50	294.06	25.67
2026-05-28T20:19:35.8249072+08:00	0x01	-0.2581	-0.6548	0.4527	-0.5474	340.97	88.91	61.10
2026-05-28T20:19:35.8249072+08:00	0x03	-0.2417	0.5242	0.6924	0.4328	102.35	19.64	290.74
2026-05-28T20:19:35.8569066+08:00	0x02	0.1292	0.5731	-0.4970	-0.6387	58.88	289.80	23.87
2026-05-28T20:19:35.8899220+08:00	0x03	-0.2516	0.5186	0.7006	0.4206	108.25	14.02	290.23
2026-05-28T20:19:35.8899220+08:00	0x04	-0.3800	0.4135	0.1670	-0.8104	318.25	294.86	28.54
2026-05-28T20:19:35.8899220+08:00	0x01	-0.2615	-0.6529	0.4564	-0.5450	340.73	88.70	61.77
2026-05-28T20:19:35.9231045+08:00	0x03	-0.2516	0.5186	0.7006	0.4206	108.25	14.02	290.23
2026-05-28T20:19:35.9565948+08:00	0x02	0.1305	0.5713	-0.4983	-0.6390	59.16	290.01	23.73
2026-05-28T20:19:36.0577563+08:00	0x03	-0.2630	0.5147	0.7047	0.4114	113.07	9.03	289.63
2026-05-28T20:19:36.0577563+08:00	0x04	-0.3819	0.4011	0.1741	-0.8143	317.68	296.19	28.83
2026-05-28T20:19:36.0577563+08:00	0x01	-0.2638	-0.6535	0.4563	-0.5433	341.22	89.16	62.00
2026-05-28T20:19:36.0577563+08:00	0x03	-0.2630	0.5147	0.7047	0.4114	113.07	9.03	289.63
2026-05-28T20:19:36.0577563+08:00	0x02	0.1340	0.5727	-0.5016	-0.6344	59.74	289.69	23.86
2026-05-28T20:19:36.0906814+08:00	0x04	-0.3914	0.4033	0.1782	-0.8077	316.23	294.96	29.25
2026-05-28T20:19:36.0906814+08:00	0x01	-0.2623	-0.6531	0.4558	-0.5449	340.99	88.88	61.79
2026-05-28T20:19:36.1231659+08:00	0x03	-0.2647	0.5161	0.7028	0.4120	112.70	9.23	289.36
2026-05-28T20:19:36.1563894+08:00	0x04	-0.3919	0.4119	0.1885	-0.8007	314.86	293.64	28.19
2026-05-28T20:19:36.1902994+08:00	0x02	0.1403	0.5898	-0.4985	-0.6196	59.38	286.91	24.47
2026-05-28T20:19:36.1902994+08:00	0x01	-0.2604	-0.6548	0.4485	-0.5498	341.77	89.18	60.89
2026-05-28T20:19:36.2944033+08:00	0x03	-0.2625	0.5166	0.6978	0.4210	109.47	11.79	289.61
2026-05-28T20:19:36.2954379+08:00	0x04	-0.3916	0.4202	0.2021	-0.7932	313.26	292.41	26.84
2026-05-28T20:19:36.2954379+08:00	0x01	-0.2607	-0.6526	0.4405	-0.5587	342.31	88.60	60.02
2026-05-28T20:19:36.2954379+08:00	0x03	-0.2625	0.5166	0.6978	0.4210	109.47	11.79	289.61
2026-05-28T20:19:36.2954379+08:00	0x02	0.1484	0.6005	-0.5002	-0.6059	59.86	285.00	24.90
2026-05-28T20:19:36.3233190+08:00	0x03	-0.2590	0.5200	0.6890	0.4334	104.30	16.10	289.77
2026-05-28T20:19:36.3565025+08:00	0x04	-0.3985	0.4220	0.2145	-0.7855	311.24	291.36	26.42
2026-05-28T20:19:36.3565025+08:00	0x01	-0.2646	-0.6466	0.4344	-0.5685	342.54	87.30	59.62
2026-05-28T20:19:36.3565025+08:00	0x03	-0.2590	0.5200	0.6890	0.4334	104.30	16.10	289.77
2026-05-28T20:19:36.3896704+08:00	0x02	0.1571	0.5993	-0.5083	-0.5981	61.42	284.84	24.92
2026-05-28T20:19:36.4225250+08:00	0x03	-0.2596	0.5186	0.6809	0.4473	100.33	18.64	290.21
2026-05-28T20:19:36.5290354+08:00	0x04	-0.4074	0.4187	0.2251	-0.7798	309.30	290.78	26.55
2026-05-28T20:19:36.5290354+08:00	0x01	-0.2666	-0.6421	0.4266	-0.5785	342.99	86.32	58.90
2026-05-28T20:19:36.5290354+08:00	0x03	-0.2629	0.5145	0.6731	0.4616	97.20	20.03	290.72
2026-05-28T20:19:36.5290354+08:00	0x02	0.1678	0.6024	-0.5114	-0.5894	62.42	283.88	24.73
2026-05-28T20:19:36.5290354+08:00	0x03	-0.2629	0.5145	0.6731	0.4616	97.20	20.03	290.72
2026-05-28T20:19:36.5290354+08:00	0x02	0.1755	0.6027	-0.5071	-0.5906	62.38	283.39	23.82
2026-05-28T20:19:36.5569575+08:00	0x04	-0.4126	0.4200	0.2263	-0.7760	308.60	290.09	26.75
2026-05-28T20:19:36.5908816+08:00	0x01	-0.2708	-0.6390	0.4311	-0.5766	342.60	85.85	59.68
2026-05-28T20:19:36.5908816+08:00	0x03	-0.2654	0.5151	0.6698	0.4643	96.25	20.49	290.53
2026-05-28T20:19:36.6227388+08:00	0x03	-0.2654	0.5151	0.6698	0.4643	96.25	20.49	290.53
2026-05-28T20:19:36.7242566+08:00	0x02	0.1749	0.5929	-0.5047	-0.6026	62.24	284.82	22.82
2026-05-28T20:19:36.7242566+08:00	0x04	-0.4141	0.4220	0.2205	-0.7758	308.99	289.76	27.15
2026-05-28T20:19:36.7242566+08:00	0x01	-0.2747	-0.6367	0.4406	-0.5701	341.69	85.49	60.96
2026-05-28T20:19:36.7242566+08:00	0x03	-0.2680	0.5172	0.6697	0.4607	96.82	20.08	290.02
2026-05-28T20:19:36.7569357+08:00	0x03	-0.2680	0.5172	0.6697	0.4607	96.82	20.08	290.02
2026-05-28T20:19:36.7569357+08:00	0x02	0.1737	0.5861	-0.5065	-0.6081	62.51	285.87	22.49
2026-05-28T20:19:36.7900490+08:00	0x04	-0.4147	0.4240	0.2184	-0.7750	309.09	289.48	27.23
2026-05-28T20:19:36.7900490+08:00	0x01	-0.2766	-0.6348	0.4463	-0.5668	340.96	85.04	61.67
2026-05-28T20:19:36.7900490+08:00	0x03	-0.2689	0.5197	0.6681	0.4597	96.36	20.59	289.68
2026-05-28T20:19:36.8562102+08:00	0x03	-0.2689	0.5197	0.6681	0.4597	96.36	20.59	289.68
2026-05-28T20:19:36.8562102+08:00	0x02	0.1733	0.5831	-0.5074	-0.6104	62.65	286.33	22.34
2026-05-28T20:19:36.9605261+08:00	0x04	-0.4153	0.4228	0.2178	-0.7755	309.12	289.59	27.38
2026-05-28T20:19:36.9605261+08:00	0x01	-0.2757	-0.6353	0.4460	-0.5670	340.93	85.07	61.56
2026-05-28T20:19:36.9605261+08:00	0x03	-0.2698	0.5193	0.6680	0.4596	96.52	20.35	289.63
2026-05-28T20:19:36.9605261+08:00	0x02	0.1757	0.5777	-0.5061	-0.6159	62.72	286.94	21.61
2026-05-28T20:19:36.9605261+08:00	0x03	-0.2698	0.5193	0.6680	0.4596	96.52	20.35	289.63
2026-05-28T20:19:36.9900336+08:00	0x04	-0.4158	0.4175	0.2150	-0.7788	309.48	290.23	27.91
2026-05-28T20:19:36.9900336+08:00	0x01	-0.2764	-0.6350	0.4476	-0.5657	340.82	85.06	61.78
2026-05-28T20:19:37.0235433+08:00	0x03	-0.2707	0.5191	0.6694	0.4574	97.34	19.68	289.51
2026-05-28T20:19:37.0563622+08:00	0x02	0.1758	0.5768	-0.5054	-0.6172	62.67	287.05	21.48
2026-05-28T20:19:37.0563622+08:00	0x03	-0.2765	0.5146	0.6754	0.4501	101.39	15.79	289.26
2026-05-28T20:19:37.0897834+08:00	0x04	-0.4154	0.4028	0.2041	-0.7896	311.02	292.30	29.44
2026-05-28T20:19:37.0897834+08:00	0x01	-0.2792	-0.6347	0.4494	-0.5632	340.97	85.27	62.25
2026-05-28T20:19:37.1906803+08:00	0x03	-0.2765	0.5146	0.6754	0.4501	101.39	15.79	289.26
2026-05-28T20:19:37.1906803+08:00	0x04	-0.4129	0.4051	0.2088	-0.7886	310.74	292.19	28.81
2026-05-28T20:19:37.1906803+08:00	0x02	0.1772	0.5778	-0.5027	-0.6181	62.40	286.80	21.22
2026-05-28T20:19:37.1906803+08:00	0x03	-0.2858	0.5125	0.6774	0.4435	104.77	12.21	288.57
2026-05-28T20:19:37.1906803+08:00	0x01	-0.2807	-0.6343	0.4499	-0.5626	341.05	85.30	62.44
2026-05-28T20:19:37.2236610+08:00	0x03	-0.2858	0.5125	0.6774	0.4435	104.77	12.21	288.57
2026-05-28T20:19:37.2571066+08:00	0x04	-0.4195	0.4110	0.2150	-0.7803	309.24	290.69	28.55
2026-05-28T20:19:37.2571066+08:00	0x01	-0.2784	-0.6349	0.4489	-0.5638	340.93	85.23	62.12
2026-05-28T20:19:37.2571066+08:00	0x02	0.1736	0.5801	-0.5030	-0.6167	62.18	286.67	21.69
2026-05-28T20:19:37.2903972+08:00	0x03	-0.2812	0.5186	0.6673	0.4546	98.80	17.56	288.59
2026-05-28T20:19:37.3228955+08:00	0x03	-0.2812	0.5186	0.6673	0.4546	98.80	17.56	288.59
2026-05-28T20:19:37.4247395+08:00	0x04	-0.4183	0.4106	0.2148	-0.7812	309.40	290.85	28.51
2026-05-28T20:19:37.4247395+08:00	0x01	-0.2803	-0.6347	0.4489	-0.5631	341.20	85.41	62.31
2026-05-28T20:19:37.4247395+08:00	0x02	0.1753	0.5796	-0.5031	-0.6166	62.31	286.65	21.53
2026-05-28T20:19:37.4247395+08:00	0x03	-0.2827	0.5159	0.6706	0.4518	100.70	15.78	288.65
2026-05-28T20:19:37.4566500+08:00	0x03	-0.2827	0.5159	0.6706	0.4518	100.70	15.78	288.65
2026-05-28T20:19:37.4566500+08:00	0x04	-0.4197	0.4105	0.2124	-0.7812	309.50	290.77	28.78
2026-05-28T20:19:37.4566500+08:00	0x01	-0.2817	-0.6351	0.4476	-0.5629	341.65	85.74	62.34
2026-05-28T20:19:37.4895640+08:00	0x02	0.1771	0.5810	-0.5002	-0.6172	62.05	286.34	21.26
2026-05-28T20:19:37.4905609+08:00	0x03	-0.2848	0.5168	0.6696	0.4509	100.81	15.58	288.37
2026-05-28T20:19:37.5236002+08:00	0x02	0.1783	0.5808	-0.4978	-0.6189	61.84	286.28	20.95
2026-05-28T20:19:37.6237157+08:00	0x03	-0.2848	0.5168	0.6696	0.4509	100.81	15.58	288.37
2026-05-28T20:19:37.6237157+08:00	0x01	-0.2800	-0.6355	0.4467	-0.5641	341.57	85.66	62.08
2026-05-28T20:19:37.6237157+08:00	0x04	-0.4200	0.4114	0.2161	-0.7795	309.06	290.56	28.49
2026-05-28T20:19:37.6237157+08:00	0x03	-0.2844	0.5187	0.6668	0.4534	99.33	16.88	288.28
2026-05-28T20:19:37.6237157+08:00	0x02	0.1776	0.5804	-0.4981	-0.6192	61.83	286.37	21.00
2026-05-28T20:19:37.6567083+08:00	0x04	-0.4195	0.4140	0.2158	-0.7785	309.08	290.29	28.32
2026-05-28T20:19:37.6567083+08:00	0x01	-0.2800	-0.6356	0.4466	-0.5641	341.59	85.69	62.08
2026-05-28T20:19:37.6905402+08:00	0x03	-0.2844	0.5184	0.6667	0.4537	99.30	16.88	288.32
2026-05-28T20:19:37.7226310+08:00	0x03	-0.2844	0.5184	0.6667	0.4537	99.30	16.88	288.32
2026-05-28T20:19:37.7236436+08:00	0x02	0.1769	0.5803	-0.4984	-0.6194	61.82	286.43	21.05
2026-05-28T20:19:37.8270069+08:00	0x04	-0.4197	0.4146	0.2149	-0.7783	309.13	290.20	28.37
2026-05-28T20:19:37.8280529+08:00	0x03	-0.2840	0.5185	0.6668	0.4538	99.24	16.96	288.35
2026-05-28T20:19:37.8280529+08:00	0x01	-0.2806	-0.6357	0.4471	-0.5633	341.65	85.79	62.19
2026-05-28T20:19:37.8280529+08:00	0x03	-0.2840	0.5185	0.6668	0.4538	99.24	16.96	288.35
2026-05-28T20:19:37.8280529+08:00	0x02	0.1772	0.5790	-0.4989	-0.6200	61.93	286.59	20.98
2026-05-28T20:19:37.8563979+08:00	0x04	-0.4209	0.4156	0.2139	-0.7775	309.09	289.98	28.47
2026-05-28T20:19:37.8573929+08:00	0x01	-0.2806	-0.6349	0.4480	-0.5634	341.40	85.53	62.26
2026-05-28T20:19:37.8896987+08:00	0x03	-0.2840	0.5194	0.6656	0.4544	98.70	17.44	288.27
2026-05-28T20:19:37.9234590+08:00	0x03	-0.2840	0.5194	0.6656	0.4544	98.70	17.44	288.27
2026-05-28T20:19:37.9560351+08:00	0x02	0.1786	0.5794	-0.4973	-0.6206	61.81	286.46	20.77
2026-05-28T20:19:37.9560351+08:00	0x04	-0.4221	0.4153	0.2123	-0.7774	309.12	289.91	28.68
2026-05-28T20:19:38.0580552+08:00	0x01	-0.2818	-0.6348	0.4478	-0.5631	341.59	85.66	62.37
2026-05-28T20:19:38.0580552+08:00	0x03	-0.2847	0.5193	0.6657	0.4541	98.90	17.22	288.22
2026-05-28T20:19:38.0580552+08:00	0x03	-0.2847	0.5193	0.6657	0.4541	98.90	17.22	288.22
2026-05-28T20:19:38.0580552+08:00	0x02	0.1804	0.5783	-0.4966	-0.6216	61.87	286.50	20.50
2026-05-28T20:19:38.0894027+08:00	0x04	-0.4242	0.4139	0.2108	-0.7774	309.08	289.89	29.02
2026-05-28T20:19:38.0894027+08:00	0x01	-0.2811	-0.6353	0.4460	-0.5642	341.78	85.75	62.13
2026-05-28T20:19:38.0894027+08:00	0x03	-0.2864	0.5182	0.6661	0.4536	99.50	16.50	288.17
2026-05-28T20:19:38.1227300+08:00	0x04	-0.4253	0.4134	0.2102	-0.7772	309.03	289.84	29.17
2026-05-28T20:19:38.1227300+08:00	0x01	-0.2805	-0.6358	0.4445	-0.5652	341.95	85.85	61.93
2026-05-28T20:19:38.1566167+08:00	0x03	-0.2864	0.5182	0.6661	0.4536	99.50	16.50	288.17
2026-05-28T20:19:38.1566167+08:00	0x02	0.1809	0.5789	-0.4968	-0.6208	61.91	286.39	20.52
2026-05-28T20:19:38.2614466+08:00	0x03	-0.2869	0.5182	0.6654	0.4543	99.29	16.60	288.14
2026-05-28T20:19:38.2614466+08:00	0x04	-0.4260	0.4135	0.2101	-0.7768	308.96	289.76	29.22
2026-05-28T20:19:38.2614466+08:00	0x03	-0.2872	0.5183	0.6650	0.4546	99.17	16.67	288.12
2026-05-28T20:19:38.2614466+08:00	0x02	0.1807	0.5789	-0.4961	-0.6214	61.82	286.40	20.47
2026-05-28T20:19:38.3228193+08:00	0x03	-0.2872	0.5183	0.6650	0.4546	99.17	16.67	288.12
2026-05-28T20:19:38.3228193+08:00	0x04	-0.4262	0.4137	0.2095	-0.7767	308.99	289.72	29.26
2026-05-28T20:19:38.3568506+08:00	0x01	-0.2809	-0.6354	0.4455	-0.5648	341.82	85.75	62.05
2026-05-28T20:19:38.3568506+08:00	0x03	-0.2874	0.5185	0.6645	0.4550	98.93	16.85	288.09
2026-05-28T20:19:38.3568506+08:00	0x02	0.1806	0.5786	-0.4958	-0.6220	61.77	286.44	20.43
2026-05-28T20:19:38.4910952+08:00	0x02	0.1805	0.5780	-0.4946	-0.6234	61.64	286.52	20.29
2026-05-28T20:19:38.4910952+08:00	0x03	-0.2874	0.5185	0.6645	0.4550	98.93	16.85	288.09
2026-05-28T20:19:38.4910952+08:00	0x04	-0.4247	0.4137	0.2102	-0.7774	309.09	289.87	29.11
2026-05-28T20:19:38.4910952+08:00	0x03	-0.2873	0.5191	0.6642	0.4549	98.78	17.03	288.04
2026-05-28T20:19:38.5229943+08:00	0x02	0.1813	0.5795	-0.4943	-0.6221	61.63	286.27	20.32
2026-05-28T20:19:38.5229943+08:00	0x03	-0.2873	0.5191	0.6642	0.4549	98.78	17.03	288.04
2026-05-28T20:19:38.5569398+08:00	0x04	-0.4260	0.4140	0.2125	-0.7759	308.70	289.67	29.02
2026-05-28T20:19:38.5903417+08:00	0x03	-0.2834	0.5218	0.6618	0.4576	96.76	19.14	288.19
2026-05-28T20:19:38.6907006+08:00	0x02	0.1802	0.5791	-0.4937	-0.6233	61.49	286.37	20.32
2026-05-28T20:19:38.6916836+08:00	0x03	-0.2834	0.5218	0.6618	0.4576	96.76	19.14	288.19
2026-05-28T20:19:38.6916836+08:00	0x04	-0.4259	0.4155	0.2135	-0.7749	308.57	289.47	28.85
2026-05-28T20:19:38.6916836+08:00	0x01	-0.2805	-0.6353	0.4468	-0.5640	341.59	85.65	62.14
2026-05-28T20:19:38.6916836+08:00	0x03	-0.2833	0.5207	0.6621	0.4586	96.79	19.00	288.33
2026-05-28T20:19:38.7226067+08:00	0x02	0.1806	0.5783	-0.4934	-0.6241	61.50	286.46	20.20
2026-05-28T20:19:38.7565876+08:00	0x03	-0.2833	0.5207	0.6621	0.4586	96.79	19.00	288.33
2026-05-28T20:19:38.7565876+08:00	0x04	-0.4243	0.4145	0.2118	-0.7767	308.95	289.79	28.91
2026-05-28T20:19:38.7565876+08:00	0x01	-0.2818	-0.6353	0.4483	-0.5621	341.61	85.79	62.43
2026-05-28T20:19:38.7895808+08:00	0x03	-0.2831	0.5212	0.6632	0.4565	97.32	18.71	288.24
2026-05-28T20:19:38.8231145+08:00	0x02	0.1803	0.5768	-0.4958	-0.6236	61.79	286.70	20.31
2026-05-28T20:19:38.9243267+08:00	0x03	-0.2837	0.5216	0.6635	0.4552	97.67	18.45	288.12
2026-05-28T20:19:38.9243267+08:00	0x04	-0.4244	0.4141	0.2087	-0.7778	309.27	289.88	29.16
2026-05-28T20:19:38.9243267+08:00	0x01	-0.2820	-0.6356	0.4478	-0.5622	341.76	85.91	62.40
2026-05-28T20:19:38.9243267+08:00	0x03	-0.2837	0.5216	0.6635	0.4552	97.67	18.45	288.12
2026-05-28T20:19:38.9243267+08:00	0x02	0.1817	0.5768	-0.4961	-0.6230	61.91	286.63	20.25
2026-05-28T20:19:38.9572425+08:00	0x03	-0.2821	0.5219	0.6636	0.4557	97.34	18.87	288.24
2026-05-28T20:19:38.9572425+08:00	0x04	-0.4251	0.4110	0.2110	-0.7783	309.02	290.15	29.23
2026-05-28T20:19:38.9572425+08:00	0x01	-0.2830	-0.6356	0.4475	-0.5618	341.96	86.05	62.49
2026-05-28T20:19:39.0223789+08:00	0x03	-0.2821	0.5219	0.6636	0.4557	97.34	18.87	288.24
2026-05-28T20:19:39.0233762+08:00	0x01	-0.2826	-0.6361	0.4458	-0.5628	342.19	86.19	62.28
2026-05-28T20:19:39.0233762+08:00	0x04	-0.4261	0.4122	0.2077	-0.7781	309.22	289.95	29.46
2026-05-28T20:19:39.0233762+08:00	0x02	0.1842	0.5769	-0.4940	-0.6239	61.82	286.47	19.88
2026-05-28T20:19:39.0562885+08:00	0x03	-0.2823	0.5228	0.6631	0.4553	97.18	19.06	288.12
2026-05-28T20:19:39.1574250+08:00	0x03	-0.2823	0.5228	0.6631	0.4553	97.18	19.06	288.12
2026-05-28T20:19:39.1574250+08:00	0x01	-0.2829	-0.6360	0.4462	-0.5626	342.15	86.16	62.34
2026-05-28T20:19:39.1574250+08:00	0x04	-0.4288	0.4112	0.2012	-0.7789	309.62	289.89	30.16
2026-05-28T20:19:39.1574250+08:00	0x02	0.1863	0.5739	-0.4929	-0.6269	61.87	286.75	19.40
2026-05-28T20:19:39.1574250+08:00	0x03	-0.2866	0.5209	0.6656	0.4511	99.45	16.81	287.83
2026-05-28T20:19:39.2225502+08:00	0x04	-0.4350	0.4075	0.1907	-0.7800	310.09	289.86	31.54
2026-05-28T20:19:39.2225502+08:00	0x03	-0.2866	0.5209	0.6656	0.4511	99.45	16.81	287.83
2026-05-28T20:19:39.2225502+08:00	0x01	-0.2827	-0.6358	0.4453	-0.5635	342.21	86.10	62.23
2026-05-28T20:19:39.2565903+08:00	0x02	0.1870	0.5734	-0.4950	-0.6254	62.18	286.80	19.50
2026-05-28T20:19:39.2902300+08:00	0x03	-0.2896	0.5205	0.6669	0.4477	100.96	15.37	287.52
2026-05-28T20:19:39.3945880+08:00	0x04	-0.4441	0.4006	0.1888	-0.7788	309.42	289.76	32.72
2026-05-28T20:19:39.3945880+08:00	0x01	-0.2832	-0.6353	0.4434	-0.5653	342.41	86.03	62.08
2026-05-28T20:19:39.3955876+08:00	0x03	-0.2896	0.5205	0.6669	0.4477	100.96	15.37	287.52
2026-05-28T20:19:39.3955876+08:00	0x02	0.1921	0.5730	-0.4962	-0.6233	62.65	286.58	19.22
2026-05-28T20:19:39.3955876+08:00	0x03	-0.2973	0.5156	0.6701	0.4435	104.60	11.41	287.30
2026-05-28T20:19:39.3955876+08:00	0x02	0.1992	0.5770	-0.4972	-0.6166	63.18	285.65	19.15
2026-05-28T20:19:39.4232227+08:00	0x01	-0.2818	-0.6348	0.4360	-0.5722	342.96	85.82	61.17
2026-05-28T20:19:39.4574392+08:00	0x04	-0.4515	0.3991	0.1940	-0.7741	308.05	289.04	32.96
2026-05-28T20:19:39.4574392+08:00	0x03	-0.3016	0.5137	0.6640	0.4520	102.36	12.42	287.29
2026-05-28T20:19:39.4903576+08:00	0x03	-0.3016	0.5137	0.6640	0.4520	102.36	12.42	287.29
2026-05-28T20:19:39.5228949+08:00	0x02	0.2102	0.5851	-0.5016	-0.6016	64.31	283.93	19.52
2026-05-28T20:19:39.5228949+08:00	0x04	-0.4648	0.3988	0.2115	-0.7617	304.62	287.26	32.64
2026-05-28T20:19:39.6250200+08:00	0x01	-0.2862	-0.6281	0.4311	-0.5811	343.06	84.44	60.95
2026-05-28T20:19:39.6250200+08:00	0x03	-0.3075	0.5099	0.6530	0.4680	98.03	14.58	287.49
2026-05-28T20:19:39.6250200+08:00	0x03	-0.3075	0.5099	0.6530	0.4680	98.03	14.58	287.49
2026-05-28T20:19:39.6250200+08:00	0x02	0.2338	0.5966	-0.5161	-0.5684	67.53	281.00	20.49
2026-05-28T20:19:39.6250200+08:00	0x01	-0.2882	-0.6175	0.4165	-0.6018	343.39	81.95	59.46
2026-05-28T20:19:39.6573744+08:00	0x04	-0.4836	0.3747	0.2757	-0.7414	296.24	287.00	30.70
2026-05-28T20:19:39.6573744+08:00	0x03	-0.3127	0.4964	0.6385	0.4982	91.91	17.00	289.02
2026-05-28T20:19:39.7230325+08:00	0x03	-0.3127	0.4964	0.6385	0.4982	91.91	17.00	289.02
2026-05-28T20:19:39.7230325+08:00	0x02	0.2803	0.6029	-0.5530	-0.5020	75.49	277.21	22.67
2026-05-28T20:19:39.7570265+08:00	0x01	-0.2927	-0.5929	0.4043	-0.6319	341.91	76.24	58.15
2026-05-28T20:19:39.7570265+08:00	0x04	-0.5163	0.3101	0.4048	-0.6880	279.00	288.00	27.35
2026-05-28T20:19:39.7570265+08:00	0x03	-0.3185	0.4780	0.6311	0.5213	89.92	15.81	290.71
2026-05-28T20:19:39.8583890+08:00	0x03	-0.3185	0.4780	0.6311	0.5213	89.92	15.81	290.71
2026-05-28T20:19:39.8583890+08:00	0x02	0.3381	0.5820	-0.6140	-0.4123	88.89	275.99	25.84
2026-05-28T20:19:39.8583890+08:00	0x01	-0.2809	-0.5724	0.3901	-0.6643	339.91	70.95	55.07
2026-05-28T20:19:39.8583890+08:00	0x04	-0.5155	0.3121	0.4011	-0.6899	279.51	287.96	27.44
2026-05-28T20:19:39.8583890+08:00	0x03	-0.3352	0.4746	0.6217	0.5253	89.61	14.14	289.57
2026-05-28T20:19:39.8903040+08:00	0x01	-0.2931	-0.5577	0.3772	-0.6788	341.19	68.97	54.95
2026-05-28T20:19:39.9223141+08:00	0x03	-0.3352	0.4746	0.6217	0.5253	89.61	14.14	289.57
2026-05-28T20:19:39.9233109+08:00	0x02	0.3872	0.5678	-0.6589	-0.3059	101.27	273.70	30.75
2026-05-28T20:19:39.9573034+08:00	0x04	-0.5357	0.2320	0.5467	-0.6002	259.25	290.22	22.92
2026-05-28T20:19:39.9912385+08:00	0x03	-0.3451	0.4898	0.6193	0.5075	91.01	13.89	286.89
2026-05-28T20:19:39.9912385+08:00	0x04	-0.5431	0.1409	0.6626	-0.4962	240.00	293.32	20.62
2026-05-28T20:19:40.0952259+08:00	0x01	-0.3397	-0.5262	0.4018	-0.6680	338.11	63.39	61.25
2026-05-28T20:19:40.0952259+08:00	0x02	0.3858	0.5684	-0.6577	-0.3092	100.90	273.75	30.60
2026-05-28T20:19:40.0952259+08:00	0x03	-0.3451	0.4898	0.6193	0.5075	91.01	13.89	286.89
2026-05-28T20:19:40.0952259+08:00	0x04	-0.5373	0.0813	0.7223	-0.4277	228.64	295.83	20.01
2026-05-28T20:19:40.0952259+08:00	0x01	-0.4007	-0.4753	0.4285	-0.6557	329.85	50.94	68.87
2026-05-28T20:19:40.1589289+08:00	0x02	0.4371	0.5496	-0.6806	-0.2090	111.97	270.96	34.43
2026-05-28T20:19:40.1589289+08:00	0x03	-0.3647	0.5169	0.5922	0.4991	81.35	22.83	282.50
2026-05-28T20:19:40.1898456+08:00	0x03	-0.3647	0.5169	0.5922	0.4991	81.35	22.83	282.50
2026-05-28T20:19:40.2229048+08:00	0x04	-0.5467	0.0859	0.7349	-0.3921	224.67	293.98	17.60
2026-05-28T20:19:40.2229048+08:00	0x01	-0.4438	-0.4376	0.4325	-0.6515	322.92	39.84	73.10
2026-05-28T20:19:40.2229048+08:00	0x02	0.4860	0.5143	-0.6921	-0.1423	121.71	269.90	34.99
2026-05-28T20:19:40.3312121+08:00	0x03	-0.3652	0.5082	0.5669	0.5357	69.01	31.07	284.65
2026-05-28T20:19:40.3312121+08:00	0x02	0.5275	0.4939	-0.6812	-0.1171	125.46	266.96	33.32
2026-05-28T20:19:40.3312121+08:00	0x03	-0.3652	0.5082	0.5669	0.5357	69.01	31.07	284.65
2026-05-28T20:19:40.3312121+08:00	0x04	-0.5243	0.1035	0.7036	-0.4683	234.88	297.19	20.21
2026-05-28T20:19:40.3312121+08:00	0x01	-0.4674	-0.4201	0.4365	-0.6438	317.04	32.30	75.61
2026-05-28T20:19:40.3651000+08:00	0x03	-0.3900	0.4814	0.5610	0.5490	74.57	21.40	284.45
2026-05-28T20:19:40.3986748+08:00	0x02	0.5336	0.4747	-0.6877	-0.1302	126.93	268.66	30.93
2026-05-28T20:19:40.3986748+08:00	0x03	-0.3900	0.4814	0.5610	0.5490	74.57	21.40	284.45
2026-05-28T20:19:40.4654251+08:00	0x04	-0.5383	0.1136	0.6919	-0.4675	235.08	294.87	20.25
2026-05-28T20:19:40.4654251+08:00	0x01	-0.4753	-0.4129	0.4462	-0.6360	310.60	26.01	76.67
2026-05-28T20:19:40.4654251+08:00	0x03	-0.3916	0.4853	0.5502	0.5554	69.16	25.95	284.32
2026-05-28T20:19:40.5996938+08:00	0x02	0.5341	0.4510	-0.7007	-0.1425	129.04	271.48	28.68
2026-05-28T20:19:40.5996938+08:00	0x03	-0.3916	0.4853	0.5502	0.5554	69.16	25.95	284.32
2026-05-28T20:19:40.5996938+08:00	0x04	-0.5440	0.1130	0.6847	-0.4718	235.46	294.20	21.01
2026-05-28T20:19:40.5996938+08:00	0x01	-0.4682	-0.4140	0.4493	-0.6383	310.30	26.22	75.89
2026-05-28T20:19:40.5996938+08:00	0x03	-0.4036	0.4789	0.5466	0.5559	70.87	22.93	283.53
2026-05-28T20:19:40.5996938+08:00	0x02	0.5294	0.4148	-0.7216	-0.1641	131.69	276.05	25.15
2026-05-28T20:19:40.6316116+08:00	0x03	-0.4036	0.4789	0.5466	0.5559	70.87	22.93	283.53
2026-05-28T20:19:40.6316116+08:00	0x04	-0.5453	0.1120	0.6801	-0.4770	236.01	294.13	21.59
2026-05-28T20:19:40.6316116+08:00	0x01	-0.4648	-0.4065	0.4597	-0.6382	304.81	21.10	75.26
2026-05-28T20:19:40.6655205+08:00	0x03	-0.4066	0.4779	0.5370	0.5638	66.91	25.66	283.64
2026-05-28T20:19:40.7708504+08:00	0x02	0.5211	0.3903	-0.7390	-0.1732	133.79	279.54	23.35
2026-05-28T20:19:40.7708504+08:00	0x03	-0.4116	0.4726	0.5328	0.5686	66.72	24.73	283.66
2026-05-28T20:19:40.7708504+08:00	0x04	-0.5452	0.1084	0.6767	-0.4827	236.51	294.39	22.31
2026-05-28T20:19:40.7708504+08:00	0x01	-0.4509	-0.4066	0.4613	-0.6470	306.11	22.76	73.44
2026-05-28T20:19:40.7708504+08:00	0x03	-0.4116	0.4726	0.5328	0.5686	66.72	24.73	283.66
2026-05-28T20:19:40.7987658+08:00	0x02	0.5124	0.3637	-0.7588	-0.1716	136.90	283.12	22.09
2026-05-28T20:19:40.8311133+08:00	0x01	-0.4390	-0.4064	0.4639	-0.6534	306.44	23.53	71.93
2026-05-28T20:19:40.8311133+08:00	0x03	-0.4109	0.4736	0.5296	0.5713	64.85	26.36	283.80
2026-05-28T20:19:40.8311133+08:00	0x04	-0.5440	0.1002	0.6768	-0.4857	236.47	294.96	23.13
2026-05-28T20:19:40.8975122+08:00	0x01	-0.4207	-0.4150	0.4674	-0.6575	308.24	26.84	70.25
2026-05-28T20:19:40.8975122+08:00	0x03	-0.4109	0.4736	0.5296	0.5713	64.85	26.36	283.80
2026-05-28T20:19:40.8975122+08:00	0x02	0.5083	0.3416	-0.7702	-0.1782	138.52	285.44	20.18
2026-05-28T20:19:40.9991885+08:00	0x04	-0.5497	0.0905	0.6802	-0.4764	234.68	294.46	23.62
2026-05-28T20:19:40.9991885+08:00	0x03	-0.4049	0.4811	0.5316	0.5675	63.43	28.89	283.83
2026-05-28T20:19:40.9991885+08:00	0x04	-0.5760	0.1149	0.6876	-0.4269	229.75	289.20	19.50
2026-05-28T20:19:40.9991885+08:00	0x01	-0.4079	-0.4368	0.4832	-0.6397	307.39	29.97	70.75
2026-05-28T20:19:40.9991885+08:00	0x03	-0.4049	0.4811	0.5316	0.5675	63.43	28.89	283.83
2026-05-28T20:19:41.0306362+08:00	0x02	0.5003	0.3091	-0.7871	-0.1862	140.84	288.87	17.47
2026-05-28T20:19:41.0636367+08:00	0x03	-0.3966	0.4915	0.5071	0.5865	50.17	40.72	285.48
2026-05-28T20:19:41.0975917+08:00	0x01	-0.3827	-0.4629	0.4861	-0.6347	311.73	37.75	69.38
2026-05-28T20:19:41.0975917+08:00	0x04	-0.6051	0.1286	0.6904	-0.3751	224.49	284.13	16.05
2026-05-28T20:19:41.0975917+08:00	0x03	-0.3966	0.4915	0.5071	0.5865	50.17	40.72	285.48
2026-05-28T20:19:41.1317045+08:00	0x02	0.5043	0.3337	-0.7801	-0.1606	141.02	286.72	21.02
2026-05-28T20:19:41.2355599+08:00	0x03	-0.3889	0.4912	0.4605	0.6289	35.80	50.36	289.70
2026-05-28T20:19:41.2355599+08:00	0x04	-0.6299	0.0868	0.6891	-0.3477	218.38	281.65	18.57
2026-05-28T20:19:41.2355599+08:00	0x01	-0.3611	-0.4812	0.4648	-0.6496	320.16	46.37	66.42
2026-05-28T20:19:41.2355599+08:00	0x03	-0.3889	0.4912	0.4605	0.6289	35.80	50.36	289.70
2026-05-28T20:19:41.2355599+08:00	0x02	0.5122	0.3493	-0.7753	-0.1208	143.13	284.74	24.70
2026-05-28T20:19:41.2644752+08:00	0x03	-0.4010	0.4633	0.4369	0.6586	34.49	46.21	291.10
2026-05-28T20:19:41.2644752+08:00	0x03	-0.4010	0.4633	0.4369	0.6586	34.49	46.21	291.10
2026-05-28T20:19:41.2644752+08:00	0x02	0.5395	0.3404	-0.7684	-0.0516	149.66	282.16	27.86
2026-05-28T20:19:41.2977542+08:00	0x01	-0.3319	-0.5024	0.4325	-0.6711	328.67	54.64	61.65
2026-05-28T20:19:41.3306678+08:00	0x04	-0.6462	0.0162	0.6837	-0.3388	212.17	280.42	24.56
2026-05-28T20:19:41.3306678+08:00	0x03	-0.3739	0.4538	0.4080	0.6984	30.76	46.82	296.80
2026-05-28T20:19:41.4370692+08:00	0x03	-0.3739	0.4538	0.4080	0.6984	30.76	46.82	296.80
2026-05-28T20:19:41.4370692+08:00	0x02	0.5731	0.3176	-0.7541	0.0457	159.62	279.62	32.09
2026-05-28T20:19:41.4370692+08:00	0x04	-0.6509	-0.0753	0.6768	-0.3357	205.02	279.66	32.61
2026-05-28T20:19:41.4370692+08:00	0x01	-0.3160	-0.5217	0.4129	-0.6764	333.52	60.08	59.13
2026-05-28T20:19:41.4370692+08:00	0x03	-0.3659	0.4425	0.4001	0.7143	31.02	44.89	298.73
2026-05-28T20:19:41.4972082+08:00	0x03	-0.3659	0.4425	0.4001	0.7143	31.02	44.89	298.73
2026-05-28T20:19:41.4972082+08:00	0x02	0.5923	0.2997	-0.7315	0.1561	170.68	278.74	38.56
2026-05-28T20:19:41.5311270+08:00	0x04	-0.6392	-0.1509	0.6868	-0.3113	197.15	279.93	37.25
2026-05-28T20:19:41.5311270+08:00	0x01	-0.2952	-0.5496	0.4004	-0.6711	337.13	66.16	56.76
2026-05-28T20:19:41.5311270+08:00	0x03	-0.3540	0.4534	0.3945	0.7166	29.15	47.60	300.12
2026-05-28T20:19:41.6696464+08:00	0x02	0.5829	0.3044	-0.7199	0.2221	177.20	280.87	44.20
2026-05-28T20:19:41.6696464+08:00	0x03	-0.3540	0.4534	0.3945	0.7166	29.15	47.60	300.12
2026-05-28T20:19:41.6696464+08:00	0x04	-0.6028	-0.1719	0.7345	-0.2599	192.22	285.05	34.47
2026-05-28T20:19:41.6696464+08:00	0x01	-0.2751	-0.5619	0.3887	-0.6764	338.37	68.32	53.99
2026-05-28T20:19:41.6696464+08:00	0x03	-0.3486	0.4813	0.3960	0.7000	26.27	53.56	299.63
2026-05-28T20:19:41.6971380+08:00	0x02	0.5709	0.3071	-0.7289	0.2199	177.59	282.88	44.33
2026-05-28T20:19:41.6971380+08:00	0x03	-0.3486	0.4813	0.3960	0.7000	26.27	53.56	299.63
2026-05-28T20:19:41.7307105+08:00	0x04	-0.5689	-0.1026	0.7956	-0.1814	190.66	290.92	21.70
2026-05-28T20:19:41.7307105+08:00	0x01	-0.2612	-0.5524	0.3831	-0.6927	336.98	65.87	51.73
2026-05-28T20:19:41.7636346+08:00	0x03	-0.3045	0.5166	0.3907	0.6983	24.41	59.87	304.00
2026-05-28T20:19:41.7636346+08:00	0x01	-0.2486	-0.5469	0.3948	-0.6951	333.87	63.75	51.03
2026-05-28T20:19:41.7973676+08:00	0x02	0.5558	0.3071	-0.7414	0.2171	178.45	285.66	44.16
2026-05-28T20:19:41.7973676+08:00	0x03	-0.3045	0.5166	0.3907	0.6983	24.41	59.87	304.00
2026-05-28T20:19:41.9081403+08:00	0x04	-0.5320	-0.0904	0.8242	-0.1718	191.44	296.27	19.38
2026-05-28T20:19:41.9081403+08:00	0x03	-0.2590	0.5300	0.3997	0.7016	27.66	60.47	308.08
2026-05-28T20:19:41.9081403+08:00	0x01	-0.2260	-0.5504	0.4058	-0.6937	331.06	63.29	49.50
2026-05-28T20:19:41.9081403+08:00	0x02	0.5359	0.3122	-0.7523	0.2222	179.97	289.07	45.06
2026-05-28T20:19:41.9081403+08:00	0x03	-0.2202	0.5316	0.4003	0.7132	30.04	59.87	312.30
2026-05-28T20:19:41.9312200+08:00	0x04	-0.5071	-0.0914	0.8348	-0.1937	194.25	300.03	20.43
2026-05-28T20:19:41.9641348+08:00	0x03	-0.2202	0.5316	0.4003	0.7132	30.04	59.87	312.30
2026-05-28T20:19:41.9971288+08:00	0x01	-0.2070	-0.5539	0.4089	-0.6951	329.69	63.41	47.80
2026-05-28T20:19:41.9971288+08:00	0x04	-0.4925	-0.1038	0.8324	-0.2319	198.06	302.59	23.66
2026-05-28T20:19:41.9971288+08:00	0x02	0.5176	0.3240	-0.7571	0.2321	181.35	291.87	46.97
2026-05-28T20:19:42.0312667+08:00	0x03	-0.1993	0.5288	0.3994	0.7219	31.31	59.12	314.76
2026-05-28T20:19:42.1321177+08:00	0x03	-0.1993	0.5288	0.3994	0.7219	31.31	59.12	314.76
2026-05-28T20:19:42.1321177+08:00	0x04	-0.4812	-0.1199	0.8225	-0.2785	202.78	305.03	27.73
2026-05-28T20:19:42.1321177+08:00	0x01	-0.1895	-0.5605	0.4069	-0.6959	329.33	64.40	46.05
2026-05-28T20:19:42.1321177+08:00	0x02	0.5007	0.3386	-0.7563	0.2503	183.50	294.62	49.72
2026-05-28T20:19:42.1321177+08:00	0x03	-0.1889	0.5246	0.4011	0.7268	32.38	58.25	315.94
2026-05-28T20:19:42.1640324+08:00	0x02	0.4883	0.3475	-0.7543	0.2681	186.05	297.11	51.82
2026-05-28T20:19:42.1972783+08:00	0x03	-0.1889	0.5246	0.4011	0.7268	32.38	58.25	315.94
2026-05-28T20:19:42.1983290+08:00	0x01	-0.1787	-0.5630	0.4077	-0.6963	328.74	64.67	45.07
2026-05-28T20:19:42.1983290+08:00	0x04	-0.4703	-0.1346	0.8106	-0.3219	207.59	307.65	31.40
2026-05-28T20:19:42.2311858+08:00	0x03	-0.1774	0.5226	0.4018	0.7307	33.20	57.82	317.21
2026-05-28T20:19:42.2639112+08:00	0x02	0.4810	0.3509	-0.7511	0.2852	188.74	299.13	53.27
2026-05-28T20:19:42.3663547+08:00	0x04	-0.4595	-0.1499	0.7982	-0.3595	212.05	310.41	34.72
2026-05-28T20:19:42.3663547+08:00	0x01	-0.1719	-0.5642	0.4095	-0.6960	328.16	64.73	44.53
2026-05-28T20:19:42.3663547+08:00	0x03	-0.1774	0.5226	0.4018	0.7307	33.20	57.82	317.21
2026-05-28T20:19:42.3663547+08:00	0x03	-0.1675	0.5220	0.4006	0.7341	33.56	57.75	318.38
2026-05-28T20:19:42.3663547+08:00	0x02	0.4759	0.3542	-0.7476	0.2987	190.86	300.64	54.47
2026-05-28T20:19:42.3979935+08:00	0x04	-0.4505	-0.1643	0.7846	-0.3931	216.35	313.07	37.73
2026-05-28T20:19:42.3979935+08:00	0x01	-0.1678	-0.5647	0.4096	-0.6965	327.92	64.77	44.14
2026-05-28T20:19:42.4308060+08:00	0x03	-0.1675	0.5220	0.4006	0.7341	33.56	57.75	318.38
2026-05-28T20:19:42.4637103+08:00	0x03	-0.1578	0.5239	0.3967	0.7371	33.43	58.19	319.59
2026-05-28T20:19:42.4637103+08:00	0x02	0.4738	0.3540	-0.7460	0.3061	192.18	301.51	54.91
2026-05-28T20:19:42.5695562+08:00	0x04	-0.4430	-0.1813	0.7666	-0.4281	221.12	315.96	41.09
2026-05-28T20:19:42.5695562+08:00	0x01	-0.1665	-0.5636	0.4102	-0.6974	327.70	64.54	43.99
2026-05-28T20:19:42.5705512+08:00	0x03	-0.1529	0.5251	0.3935	0.7390	33.19	58.50	320.27
2026-05-28T20:19:42.5705512+08:00	0x03	-0.1529	0.5251	0.3935	0.7390	33.19	58.50	320.27
2026-05-28T20:19:42.5705512+08:00	0x02	0.4723	0.3549	-0.7446	0.3108	192.95	302.03	55.29
2026-05-28T20:19:42.5975159+08:00	0x04	-0.4356	-0.2010	0.7454	-0.4628	226.36	319.35	44.66
2026-05-28T20:19:42.5975159+08:00	0x01	-0.1653	-0.5641	0.4108	-0.6969	327.58	64.60	43.93
2026-05-28T20:19:42.6307736+08:00	0x03	-0.1520	0.5264	0.3919	0.7391	32.96	58.76	320.41
2026-05-28T20:19:42.6636853+08:00	0x01	-0.1654	-0.5647	0.4116	-0.6959	327.53	64.68	44.04
2026-05-28T20:19:42.6636853+08:00	0x03	-0.1520	0.5264	0.3919	0.7391	32.96	58.76	320.41
2026-05-28T20:19:42.6980859+08:00	0x02	0.4724	0.3556	-0.7434	0.3128	193.18	302.09	55.50
2026-05-28T20:19:42.6980859+08:00	0x04	-0.4282	-0.2202	0.7220	-0.4969	232.27	323.32	48.03
2026-05-28T20:19:42.7992117+08:00	0x03	-0.1525	0.5281	0.3918	0.7378	32.84	59.04	320.30
2026-05-28T20:19:42.7992117+08:00	0x01	-0.1644	-0.5672	0.4095	-0.6954	327.90	65.18	43.88
2026-05-28T20:19:42.7992117+08:00	0x03	-0.1525	0.5281	0.3918	0.7378	32.84	59.04	320.30
2026-05-28T20:19:42.7992117+08:00	0x02	0.4717	0.3594	-0.7403	0.3168	193.52	302.24	56.19
2026-05-28T20:19:42.8002100+08:00	0x04	-0.4186	-0.2386	0.6985	-0.5291	238.83	328.18	50.92
2026-05-28T20:19:42.8305079+08:00	0x03	-0.1534	0.5284	0.3928	0.7369	32.89	59.06	320.13
2026-05-28T20:19:42.8640898+08:00	0x01	-0.1636	-0.5684	0.4068	-0.6962	328.27	65.47	43.64
2026-05-28T20:19:42.8976668+08:00	0x03	-0.1534	0.5284	0.3928	0.7369	32.89	59.06	320.13
2026-05-28T20:19:42.8976668+08:00	0x02	0.4709	0.3623	-0.7369	0.3226	194.23	302.58	56.90
2026-05-28T20:19:42.8976668+08:00	0x04	-0.4103	-0.2528	0.6748	-0.5590	245.66	333.14	53.12
2026-05-28T20:19:42.9304908+08:00	0x03	-0.1525	0.5284	0.3934	0.7367	33.02	59.05	320.17
2026-05-28T20:19:43.0352516+08:00	0x04	-0.3992	-0.2679	0.6499	-0.5887	253.49	339.28	54.90
2026-05-28T20:19:43.0352516+08:00	0x01	-0.1604	-0.5704	0.4031	-0.6975	328.69	65.91	43.13
2026-05-28T20:19:43.0352516+08:00	0x03	-0.1525	0.5284	0.3934	0.7367	33.02	59.05	320.17
2026-05-28T20:19:43.0352516+08:00	0x02	0.4682	0.3670	-0.7325	0.3310	195.43	303.40	57.95
2026-05-28T20:19:43.0352516+08:00	0x03	-0.1520	0.5287	0.3961	0.7352	33.37	58.99	320.03
2026-05-28T20:19:43.0640797+08:00	0x02	0.4651	0.3716	-0.7287	0.3385	196.63	304.35	58.92
2026-05-28T20:19:43.0640797+08:00	0x04	-0.3874	-0.2822	0.6254	-0.6158	261.50	345.77	56.10
2026-05-28T20:19:43.0640797+08:00	0x01	-0.1569	-0.5719	0.3994	-0.6991	329.04	66.26	42.55
2026-05-28T20:19:43.0984270+08:00	0x03	-0.1524	0.5286	0.3980	0.7341	33.62	58.92	319.87
2026-05-28T20:19:43.2321127+08:00	0x02	0.4623	0.3756	-0.7252	0.3453	197.76	305.23	59.78
2026-05-28T20:19:43.2321127+08:00	0x03	-0.1524	0.5286	0.3980	0.7341	33.62	58.92	319.87
2026-05-28T20:19:43.2321127+08:00	0x04	-0.3769	-0.2962	0.5999	-0.6406	269.59	352.33	56.95
2026-05-28T20:19:43.2321127+08:00	0x01	-0.1548	-0.5728	0.3971	-0.7001	329.25	66.46	42.20
2026-05-28T20:19:43.2321127+08:00	0x03	-0.1532	0.5291	0.3996	0.7328	33.75	58.94	319.66
2026-05-28T20:19:43.2642454+08:00	0x02	0.4600	0.3803	-0.7219	0.3503	198.52	305.88	60.61
2026-05-28T20:19:43.2642454+08:00	0x03	-0.1532	0.5291	0.3996	0.7328	33.75	58.94	319.66
2026-05-28T20:19:43.2975606+08:00	0x04	-0.3656	-0.3118	0.5745	-0.6627	277.76	359.27	57.43
2026-05-28T20:19:43.3307642+08:00	0x03	-0.1572	0.5298	0.4017	0.7303	33.78	58.99	319.07
2026-05-28T20:19:43.3637390+08:00	0x02	0.4646	0.3828	-0.7222	0.3406	196.00	303.84	60.39
2026-05-28T20:19:43.3637390+08:00	0x03	-0.1572	0.5298	0.4017	0.7303	33.78	58.99	319.07
2026-05-28T20:19:43.4700161+08:00	0x01	-0.1575	-0.5794	0.3932	-0.6964	330.34	67.78	42.45
2026-05-28T20:19:43.4710095+08:00	0x04	-0.3598	-0.3324	0.5440	-0.6813	286.55	6.73	58.42
2026-05-28T20:19:43.4710095+08:00	0x03	-0.1655	0.5378	0.4041	0.7212	33.19	60.27	317.67
2026-05-28T20:19:43.4710095+08:00	0x02	0.5136	0.3534	-0.7326	0.2731	183.54	291.70	52.98
2026-05-28T20:19:43.4710095+08:00	0x03	-0.1655	0.5378	0.4041	0.7212	33.19	60.27	317.67
2026-05-28T20:19:43.4979363+08:00	0x04	-0.3597	-0.3855	0.4775	-0.7028	305.89	24.06	60.90
2026-05-28T20:19:43.4979363+08:00	0x01	-0.1945	-0.5802	0.4018	-0.6812	331.85	68.40	47.00
2026-05-28T20:19:43.5306849+08:00	0x03	-0.2043	0.5617	0.4189	0.6836	31.25	64.44	311.42
2026-05-28T20:19:43.5306849+08:00	0x01	-0.2543	-0.5746	0.4231	-0.6528	333.09	68.53	54.92
2026-05-28T20:19:43.5636544+08:00	0x02	0.5803	0.3066	-0.7428	0.1324	168.42	280.06	37.52
2026-05-28T20:19:43.6694376+08:00	0x03	-0.2043	0.5617	0.4189	0.6836	31.25	64.44	311.42
2026-05-28T20:19:43.6694376+08:00	0x04	-0.3591	-0.4539	0.3512	-0.7360	338.92	51.56	57.93
2026-05-28T20:19:43.6694376+08:00	0x03	-0.2669	0.5741	0.4540	0.6269	30.56	67.43	301.13
2026-05-28T20:19:43.6694376+08:00	0x01	-0.2948	-0.5683	0.4559	-0.6182	330.88	67.45	61.98
2026-05-28T20:19:43.6694376+08:00	0x02	0.5785	0.3081	-0.7428	0.1367	168.76	280.29	38.01
2026-05-28T20:19:43.6976156+08:00	0x03	-0.2904	0.5699	0.4746	0.6047	32.54	66.28	296.86
2026-05-28T20:19:43.6976156+08:00	0x04	-0.3592	-0.4520	0.3551	-0.7352	338.04	50.85	58.13
2026-05-28T20:19:43.7641300+08:00	0x03	-0.2904	0.5699	0.4746	0.6047	32.54	66.28	296.86
2026-05-28T20:19:43.7641300+08:00	0x01	-0.3321	-0.5559	0.5270	-0.5504	316.72	58.37	72.09
2026-05-28T20:19:43.7641300+08:00	0x02	0.6026	0.2613	-0.7527	-0.0443	156.05	278.39	19.88
2026-05-28T20:19:43.8692767+08:00	0x04	-0.3557	-0.4871	0.1575	-0.7819	8.18	67.25	45.21
2026-05-28T20:19:43.8692767+08:00	0x03	-0.2942	0.5524	0.5262	0.5757	45.81	56.42	293.06
2026-05-28T20:19:43.8692767+08:00	0x01	-0.3322	-0.5739	0.5870	-0.4643	298.79	49.89	79.23
2026-05-28T20:19:43.8692767+08:00	0x03	-0.2942	0.5524	0.5262	0.5757	45.81	56.42	293.06
2026-05-28T20:19:43.8692767+08:00	0x02	0.5753	0.2356	-0.7583	-0.1961	145.01	283.24	7.57
2026-05-28T20:19:43.8972991+08:00	0x04	-0.3431	-0.4683	0.0030	-0.8142	22.49	66.80	34.15
2026-05-28T20:19:43.8972991+08:00	0x03	-0.2612	0.5646	0.5939	0.5103	63.05	49.63	290.42
2026-05-28T20:19:43.9638548+08:00	0x01	-0.3323	-0.5735	0.5853	-0.4670	299.57	50.38	79.03
2026-05-28T20:19:43.9638548+08:00	0x03	-0.2612	0.5646	0.5939	0.5103	63.05	49.63	290.42
2026-05-28T20:19:43.9638548+08:00	0x04	-0.3313	-0.4180	-0.0514	-0.8443	25.14	59.77	31.09
2026-05-28T20:19:43.9973024+08:00	0x02	0.5393	0.2354	-0.7552	-0.2888	136.30	287.92	2.52
2026-05-28T20:19:44.0992024+08:00	0x03	-0.2232	0.5734	0.6684	0.4178	88.71	36.69	287.62
2026-05-28T20:19:44.0992024+08:00	0x02	0.5075	0.1914	-0.7659	-0.3453	133.59	294.35	356.72
2026-05-28T20:19:44.0992024+08:00	0x04	-0.3129	-0.3578	-0.0448	-0.8786	20.72	50.16	31.18
2026-05-28T20:19:44.0992024+08:00	0x01	-0.3368	-0.5641	0.6672	-0.3510	217.01	338.64	81.56
2026-05-28T20:19:44.0992024+08:00	0x03	-0.2232	0.5734	0.6684	0.4178	88.71	36.69	287.62
2026-05-28T20:19:44.1313189+08:00	0x03	-0.2115	0.5593	0.7277	0.3360	120.48	13.42	287.03
2026-05-28T20:19:44.1313189+08:00	0x02	0.4778	0.1585	-0.7869	-0.3568	134.28	299.68	354.75
2026-05-28T20:19:44.1642286+08:00	0x04	-0.3146	-0.2686	-0.0017	-0.9104	12.11	36.70	34.88
2026-05-28T20:19:44.1642286+08:00	0x01	-0.3319	-0.5502	0.7281	-0.2386	176.37	308.26	73.67
2026-05-28T20:19:44.1642286+08:00	0x03	-0.2115	0.5593	0.7277	0.3360	120.48	13.42	287.03
2026-05-28T20:19:44.2995091+08:00	0x03	-0.1999	0.5601	0.7508	0.2873	134.98	4.24	287.06
2026-05-28T20:19:44.2995091+08:00	0x02	0.4386	0.1363	-0.8090	-0.3668	134.21	305.53	354.19
2026-05-28T20:19:44.2995091+08:00	0x04	-0.3165	-0.2488	0.0095	-0.9153	9.94	33.63	35.74
2026-05-28T20:19:44.2995091+08:00	0x03	-0.1994	0.5546	0.7653	0.2589	145.07	356.63	287.81
2026-05-28T20:19:44.3305514+08:00	0x03	-0.1994	0.5546	0.7653	0.2589	145.07	356.63	287.81
2026-05-28T20:19:44.3638251+08:00	0x02	0.4363	0.1363	-0.8124	-0.3621	134.73	305.78	354.57
2026-05-28T20:19:44.3638251+08:00	0x04	-0.3210	-0.2389	0.0363	-0.9157	6.27	31.36	37.25
2026-05-28T20:19:44.3638251+08:00	0x01	-0.3260	-0.5265	0.7675	-0.1659	167.21	305.58	66.39
2026-05-28T20:19:44.3972403+08:00	0x03	-0.2057	0.5465	0.7740	0.2447	151.43	350.90	288.79
2026-05-28T20:19:44.4311494+08:00	0x01	-0.3141	-0.5466	0.7508	-0.1972	171.70	308.69	70.85
2026-05-28T20:19:44.5321333+08:00	0x03	-0.2057	0.5465	0.7740	0.2447	151.43	350.90	288.79
2026-05-28T20:19:44.5321333+08:00	0x02	0.4582	0.1504	-0.8052	-0.3450	135.94	302.44	355.76
2026-05-28T20:19:44.5331034+08:00	0x04	-0.3341	-0.2533	0.0925	-0.9031	0.17	31.40	40.56
2026-05-28T20:19:44.5331034+08:00	0x03	-0.2186	0.5480	0.7628	0.2647	147.64	351.88	287.87
2026-05-28T20:19:44.5331034+08:00	0x01	-0.3037	-0.5917	0.6733	-0.3229	219.57	346.87	83.21
2026-05-28T20:19:44.5640191+08:00	0x03	-0.2186	0.5480	0.7628	0.2647	147.64	351.88	287.87
2026-05-28T20:19:44.5979357+08:00	0x04	-0.3368	-0.2908	0.1714	-0.8790	351.60	33.23	43.77
2026-05-28T20:19:44.5991433+08:00	0x03	-0.2406	0.5528	0.7382	0.3027	138.68	355.68	285.90
2026-05-28T20:19:44.6305382+08:00	0x01	-0.3324	-0.5370	0.6436	-0.4324	256.12	10.24	78.14
2026-05-28T20:19:44.6636947+08:00	0x02	0.5741	0.1409	-0.7490	-0.2992	142.02	287.68	352.39
2026-05-28T20:19:44.6636947+08:00	0x03	-0.2406	0.5528	0.7382	0.3027	138.68	355.68	285.90
2026-05-28T20:19:44.7657745+08:00	0x04	-0.3216	-0.3260	0.2377	-0.8566	343.81	34.94	44.91
2026-05-28T20:19:44.7657745+08:00	0x03	-0.2666	0.5513	0.7178	0.3312	133.56	356.00	284.51
2026-05-28T20:19:44.7657745+08:00	0x01	-0.3592	-0.5156	0.5715	-0.5277	290.87	32.45	75.58
2026-05-28T20:19:44.7657745+08:00	0x02	0.6460	0.1486	-0.7140	-0.2255	148.96	276.98	355.46
2026-05-28T20:19:44.7657745+08:00	0x03	-0.2666	0.5513	0.7178	0.3312	133.56	356.00	284.51
2026-05-28T20:19:44.7969201+08:00	0x04	-0.3255	-0.3430	0.2676	-0.8395	340.69	36.01	46.90
2026-05-28T20:19:44.8303779+08:00	0x03	-0.2894	0.5423	0.7074	0.3488	133.18	352.72	284.25
2026-05-28T20:19:44.8313751+08:00	0x01	-0.3784	-0.5094	0.4971	-0.5919	317.25	49.35	72.61
2026-05-28T20:19:44.8637533+08:00	0x04	-0.3342	-0.3535	0.2848	-0.8260	339.14	36.77	48.89
2026-05-28T20:19:44.8637533+08:00	0x02	0.6919	0.1702	-0.6914	-0.1198	156.29	269.12	3.99
2026-05-28T20:19:44.8973820+08:00	0x03	-0.3054	0.5379	0.6976	0.3615	132.27	351.02	283.75
2026-05-28T20:19:44.9988430+08:00	0x02	0.7117	0.1777	-0.6796	-0.0075	164.31	265.51	13.34
2026-05-28T20:19:44.9998416+08:00	0x03	-0.3054	0.5379	0.6976	0.3615	132.27	351.02	283.75
2026-05-28T20:19:44.9998416+08:00	0x03	-0.3054	0.5379	0.6976	0.3615	132.27	351.02	283.75
2026-05-28T20:19:44.9998416+08:00	0x04	-0.3412	-0.3567	0.2966	-0.8176	337.79	36.61	50.30
2026-05-28T20:19:44.9998416+08:00	0x01	-0.3790	-0.5241	0.4434	-0.6205	334.41	62.55	69.25
2026-05-28T20:19:44.9998416+08:00	0x03	-0.3131	0.5371	0.6891	0.3723	129.52	352.07	283.25
2026-05-28T20:19:45.0307582+08:00	0x02	0.7112	0.1775	-0.6801	-0.0109	164.08	265.61	13.06
2026-05-28T20:19:45.0634156+08:00	0x03	-0.3131	0.5371	0.6891	0.3723	129.52	352.07	283.25
2026-05-28T20:19:45.0634156+08:00	0x04	-0.3431	-0.3558	0.3043	-0.8143	336.54	35.94	50.84
2026-05-28T20:19:45.0634156+08:00	0x01	-0.3861	-0.5369	0.4292	-0.6152	341.22	69.17	69.38
2026-05-28T20:19:45.0978460+08:00	0x03	-0.3168	0.5349	0.6881	0.3744	129.91	351.14	283.29
2026-05-28T20:19:45.2097808+08:00	0x02	0.7072	0.1728	-0.6792	0.0938	172.77	266.31	21.56
2026-05-28T20:19:45.2097808+08:00	0x03	-0.3168	0.5349	0.6881	0.3744	129.91	351.14	283.29
2026-05-28T20:19:45.2097808+08:00	0x01	-0.3762	-0.5389	0.4204	-0.6256	341.66	69.18	67.48
2026-05-28T20:19:45.2097808+08:00	0x04	-0.3516	-0.3514	0.3176	-0.8075	334.24	34.23	52.28
2026-05-28T20:19:45.2097808+08:00	0x03	-0.3220	0.5331	0.6887	0.3712	132.87	347.99	283.25
2026-05-28T20:19:45.2646203+08:00	0x02	0.6876	0.2192	-0.6884	0.0726	167.29	267.39	23.68
2026-05-28T20:19:45.2646203+08:00	0x03	-0.3220	0.5331	0.6887	0.3712	132.87	347.99	283.25
2026-05-28T20:19:45.2646203+08:00	0x04	-0.3591	-0.3500	0.3295	-0.8000	332.29	33.04	53.63
2026-05-28T20:19:45.2646203+08:00	0x01	-0.3523	-0.5417	0.4104	-0.6435	340.56	67.99	63.89
2026-05-28T20:19:45.2977529+08:00	0x03	-0.3252	0.5332	0.6860	0.3732	132.74	347.65	283.01
2026-05-28T20:19:45.3311014+08:00	0x02	0.6731	0.2430	-0.6977	0.0316	162.16	268.49	22.44
2026-05-28T20:19:45.4317791+08:00	0x03	-0.3252	0.5332	0.6860	0.3732	132.74	347.65	283.01
2026-05-28T20:19:45.4327752+08:00	0x01	-0.3474	-0.5410	0.4185	-0.6415	338.48	66.75	63.96
2026-05-28T20:19:45.4327752+08:00	0x03	-0.3279	0.5314	0.6853	0.3747	133.11	346.88	283.06
2026-05-28T20:19:45.4327752+08:00	0x01	-0.3548	-0.5376	0.4364	-0.6283	335.57	65.04	66.20
2026-05-28T20:19:45.4641272+08:00	0x02	0.6696	0.2441	-0.7014	-0.0008	159.57	269.02	19.96
2026-05-28T20:19:45.4641272+08:00	0x04	-0.3685	-0.3426	0.3534	-0.7886	327.50	29.55	55.43
2026-05-28T20:19:45.4641272+08:00	0x03	-0.3284	0.5315	0.6851	0.3747	133.20	346.75	283.03
2026-05-28T20:19:45.5308312+08:00	0x01	-0.3605	-0.5373	0.4415	-0.6216	335.25	65.06	67.32
2026-05-28T20:19:45.5308312+08:00	0x03	-0.3284	0.5315	0.6851	0.3747	133.20	346.75	283.03
2026-05-28T20:19:45.5308312+08:00	0x02	0.6729	0.2412	-0.6992	-0.0118	158.88	268.67	18.75
2026-05-28T20:19:45.5647409+08:00	0x04	-0.3740	-0.3368	0.3633	-0.7840	325.14	27.45	56.22
2026-05-28T20:19:45.5647409+08:00	0x03	-0.3253	0.5342	0.6833	0.3767	131.00	349.07	282.80
2026-05-28T20:19:45.6669155+08:00	0x01	-0.3635	-0.5389	0.4386	-0.6205	336.51	66.14	67.50
2026-05-28T20:19:45.6669155+08:00	0x03	-0.3253	0.5342	0.6833	0.3767	131.00	349.07	282.80
2026-05-28T20:19:45.6669155+08:00	0x02	0.6803	0.2334	-0.6947	-0.0068	159.84	267.90	18.37
2026-05-28T20:19:45.6669155+08:00	0x04	-0.3779	-0.3317	0.3723	-0.7801	322.95	25.54	56.78
2026-05-28T20:19:45.6980100+08:00	0x03	-0.3232	0.5351	0.6827	0.3783	129.59	350.52	282.80
2026-05-28T20:19:45.7316759+08:00	0x01	-0.3645	-0.5403	0.4335	-0.6223	337.88	67.12	67.24
2026-05-28T20:19:45.7316759+08:00	0x03	-0.3232	0.5351	0.6827	0.3783	129.59	350.52	282.80
2026-05-28T20:19:45.7653610+08:00	0x02	0.6875	0.2236	-0.6909	0.0066	161.66	267.27	18.55
2026-05-28T20:19:45.7653610+08:00	0x04	-0.3824	-0.3266	0.3803	-0.7761	320.84	23.62	57.36
2026-05-28T20:19:45.7970989+08:00	0x03	-0.3225	0.5365	0.6820	0.3783	129.12	351.08	282.65
2026-05-28T20:19:45.8989351+08:00	0x04	-0.3834	-0.3241	0.3879	-0.7730	319.08	22.32	57.59
2026-05-28T20:19:45.8989351+08:00	0x03	-0.3225	0.5365	0.6820	0.3783	129.12	351.08	282.65
2026-05-28T20:19:45.8989351+08:00	0x02	0.6906	0.2171	-0.6896	0.0198	163.24	267.08	19.07
2026-05-28T20:19:45.8989351+08:00	0x03	-0.3244	0.5341	0.6835	0.3772	130.60	349.49	282.87
2026-05-28T20:19:45.8989351+08:00	0x02	0.6898	0.2158	-0.6906	0.0277	164.01	267.28	19.64
2026-05-28T20:19:45.9331254+08:00	0x04	-0.3840	-0.3220	0.3935	-0.7707	317.73	21.30	57.71
2026-05-28T20:19:45.9331254+08:00	0x01	-0.3588	-0.5418	0.4233	-0.6313	339.23	67.77	65.74
2026-05-28T20:19:45.9642177+08:00	0x03	-0.3244	0.5341	0.6835	0.3772	130.60	349.49	282.87
2026-05-28T20:19:45.9973343+08:00	0x03	-0.3263	0.5324	0.6846	0.3761	131.89	348.12	283.00
2026-05-28T20:19:46.0310536+08:00	0x02	0.6873	0.2183	-0.6922	0.0291	163.95	267.55	20.01
2026-05-28T20:19:46.0310536+08:00	0x01	-0.3548	-0.5428	0.4208	-0.6344	339.33	67.82	65.09
2026-05-28T20:19:46.0310536+08:00	0x04	-0.3850	-0.3191	0.3997	-0.7683	316.18	20.05	57.84
2026-05-28T20:19:46.1330774+08:00	0x03	-0.3263	0.5324	0.6846	0.3761	131.89	348.12	283.00
2026-05-28T20:19:46.1330774+08:00	0x02	0.6856	0.2213	-0.6930	0.0249	163.37	267.67	19.93
2026-05-28T20:19:46.1330774+08:00	0x04	-0.3919	-0.3130	0.4099	-0.7619	313.26	17.40	58.62
2026-05-28T20:19:46.1330774+08:00	0x01	-0.3537	-0.5437	0.4210	-0.6341	339.30	67.95	65.00
2026-05-28T20:19:46.1650044+08:00	0x03	-0.3263	0.5338	0.6835	0.3759	131.69	348.35	282.80
2026-05-28T20:19:46.2312135+08:00	0x02	0.6856	0.2225	-0.6930	0.0166	162.61	267.63	19.33
2026-05-28T20:19:46.2312135+08:00	0x03	-0.3263	0.5338	0.6835	0.3759	131.69	348.35	282.80
2026-05-28T20:19:46.3341371+08:00	0x01	-0.3549	-0.5435	0.4229	-0.6323	339.11	67.88	65.30
2026-05-28T20:19:46.3341371+08:00	0x04	-0.3961	-0.3090	0.4186	-0.7566	310.83	15.35	59.10
2026-05-28T20:19:46.3341371+08:00	0x03	-0.3254	0.5348	0.6825	0.3772	130.67	349.34	282.72
2026-05-28T20:19:46.3341371+08:00	0x01	-0.3558	-0.5432	0.4241	-0.6313	338.96	67.79	65.49
2026-05-28T20:19:46.3341371+08:00	0x02	0.6860	0.2224	-0.6927	0.0086	161.98	267.57	18.66
2026-05-28T20:19:46.3341371+08:00	0x03	-0.3254	0.5348	0.6825	0.3772	130.67	349.34	282.72
2026-05-28T20:19:46.3640620+08:00	0x04	-0.3993	-0.3044	0.4242	-0.7536	309.03	13.61	59.33
2026-05-28T20:19:46.3975332+08:00	0x03	-0.3243	0.5355	0.6830	0.3763	130.68	349.52	282.69
2026-05-28T20:19:46.3975332+08:00	0x01	-0.3572	-0.5422	0.4260	-0.6300	338.64	67.52	65.79
2026-05-28T20:19:46.4307374+08:00	0x02	0.6866	0.2204	-0.6929	0.0040	161.79	267.60	18.11
2026-05-28T20:19:46.4307374+08:00	0x03	-0.3243	0.5355	0.6830	0.3763	130.68	349.52	282.69
2026-05-28T20:19:46.4638991+08:00	0x04	-0.4008	-0.3022	0.4295	-0.7507	307.57	12.43	59.47
2026-05-28T20:19:46.5648706+08:00	0x03	-0.3242	0.5356	0.6829	0.3764	130.60	349.61	282.68
2026-05-28T20:19:46.5648706+08:00	0x01	-0.3572	-0.5416	0.4270	-0.6299	338.34	67.25	65.85
2026-05-28T20:19:46.5648706+08:00	0x02	0.6867	0.2176	-0.6935	0.0037	162.02	267.71	17.88
2026-05-28T20:19:46.5648706+08:00	0x03	-0.3242	0.5356	0.6829	0.3764	130.60	349.61	282.68
2026-05-28T20:19:46.5648706+08:00	0x04	-0.4025	-0.2994	0.4346	-0.7480	306.09	11.16	59.59
2026-05-28T20:19:46.5997851+08:00	0x03	-0.3235	0.5364	0.6824	0.3767	130.12	350.13	282.62
2026-05-28T20:19:46.5997851+08:00	0x01	-0.3562	-0.5410	0.4271	-0.6309	338.09	66.98	65.73
2026-05-28T20:19:46.6306952+08:00	0x02	0.6871	0.2145	-0.6942	0.0058	162.48	267.82	17.80
2026-05-28T20:19:46.6654015+08:00	0x03	-0.3235	0.5364	0.6824	0.3767	130.12	350.13	282.62
2026-05-28T20:19:46.6654015+08:00	0x04	-0.4045	-0.2969	0.4386	-0.7456	304.83	10.03	59.72
2026-05-28T20:19:46.7668657+08:00	0x03	-0.3226	0.5378	0.6815	0.3772	129.35	350.94	282.48
2026-05-28T20:19:46.7668657+08:00	0x01	-0.3551	-0.5409	0.4263	-0.6322	338.06	66.88	65.52
2026-05-28T20:19:46.7668657+08:00	0x02	0.6881	0.2114	-0.6941	0.0079	162.91	267.81	17.72
2026-05-28T20:19:46.7668657+08:00	0x03	-0.3215	0.5389	0.6805	0.3784	128.26	352.03	282.39
2026-05-28T20:19:46.7668657+08:00	0x04	-0.4060	-0.2945	0.4432	-0.7430	303.50	8.91	59.81
2026-05-28T20:19:46.7980982+08:00	0x02	0.6896	0.2089	-0.6933	0.0084	163.14	267.69	17.53
2026-05-28T20:19:46.8318930+08:00	0x03	-0.3215	0.5389	0.6805	0.3784	128.26	352.03	282.39
2026-05-28T20:19:46.8318930+08:00	0x04	-0.4080	-0.2918	0.4469	-0.7407	302.25	7.74	59.92
2026-05-28T20:19:46.8640327+08:00	0x03	-0.3216	0.5395	0.6804	0.3776	128.54	351.83	282.31
2026-05-28T20:19:46.8979670+08:00	0x02	0.6909	0.2075	-0.6926	0.0058	163.05	267.56	17.18
2026-05-28T20:19:47.0004208+08:00	0x03	-0.3216	0.5395	0.6804	0.3776	128.54	351.83	282.31
2026-05-28T20:19:47.0004208+08:00	0x04	-0.4095	-0.2897	0.4509	-0.7383	301.05	6.72	59.99
2026-05-28T20:19:47.0004208+08:00	0x01	-0.3544	-0.5417	0.4238	-0.6335	338.55	67.23	65.26
2026-05-28T20:19:47.0004208+08:00	0x03	-0.3226	0.5394	0.6806	0.3765	129.30	351.08	282.27
2026-05-28T20:19:47.0004208+08:00	0x02	0.6913	0.2071	-0.6923	0.0018	162.75	267.51	16.81
2026-05-28T20:19:47.0303461+08:00	0x04	-0.4095	-0.2879	0.4540	-0.7371	300.21	6.02	59.89
2026-05-28T20:19:47.0303461+08:00	0x03	-0.3226	0.5394	0.6806	0.3765	129.30	351.08	282.27
2026-05-28T20:19:47.0303461+08:00	0x01	-0.3551	-0.5421	0.4240	-0.6326	338.68	67.42	65.37
2026-05-28T20:19:47.1001334+08:00	0x03	-0.3230	0.5383	0.6817	0.3758	129.97	350.43	282.41
2026-05-28T20:19:47.1001334+08:00	0x02	0.6909	0.2077	-0.6924	-0.0017	162.43	267.55	16.58
2026-05-28T20:19:47.1986748+08:00	0x04	-0.4088	-0.2872	0.4573	-0.7357	299.46	5.56	59.80
2026-05-28T20:19:47.1986748+08:00	0x03	-0.3230	0.5383	0.6817	0.3758	129.97	350.43	282.41
2026-05-28T20:19:47.1986748+08:00	0x01	-0.3548	-0.5430	0.4245	-0.6317	338.72	67.61	65.41
2026-05-28T20:19:47.1986748+08:00	0x03	-0.3246	0.5362	0.6829	0.3753	131.08	349.19	282.60
2026-05-28T20:19:47.1986748+08:00	0x02	0.6910	0.2066	-0.6927	-0.0033	162.40	267.60	16.36
2026-05-28T20:19:47.2309492+08:00	0x04	-0.4096	-0.2855	0.4607	-0.7338	298.49	4.74	59.79
2026-05-28T20:19:47.2309492+08:00	0x03	-0.3246	0.5362	0.6829	0.3753	131.08	349.19	282.60
2026-05-28T20:19:47.2984530+08:00	0x01	-0.3547	-0.5422	0.4252	-0.6320	338.45	67.32	65.43
2026-05-28T20:19:47.2984530+08:00	0x03	-0.3247	0.5364	0.6825	0.3754	130.98	349.28	282.56
2026-05-28T20:19:47.3309363+08:00	0x02	0.6914	0.2040	-0.6930	-0.0039	162.59	267.65	16.10
2026-05-28T20:19:47.3309363+08:00	0x04	-0.4116	-0.2832	0.4651	-0.7307	297.09	3.55	59.89
2026-05-28T20:19:47.4325187+08:00	0x03	-0.3246	0.5367	0.6819	0.3763	130.50	349.69	282.51
2026-05-28T20:19:47.4325187+08:00	0x01	-0.3543	-0.5414	0.4255	-0.6327	338.19	67.02	65.38
2026-05-28T20:19:47.4325187+08:00	0x03	-0.3246	0.5367	0.6819	0.3763	130.50	349.69	282.51
2026-05-28T20:19:47.4325187+08:00	0x02	0.6917	0.2014	-0.6936	-0.0034	162.86	267.74	15.95
2026-05-28T20:19:47.4325187+08:00	0x04	-0.4147	-0.2807	0.4697	-0.7271	295.52	2.14	60.08
2026-05-28T20:19:47.4640831+08:00	0x03	-0.3244	0.5377	0.6806	0.3773	129.74	350.38	282.37
2026-05-28T20:19:47.4981353+08:00	0x01	-0.3544	-0.5405	0.4259	-0.6332	337.96	66.72	65.39
2026-05-28T20:19:47.5309311+08:00	0x03	-0.3244	0.5377	0.6806	0.3773	129.74	350.38	282.37
2026-05-28T20:19:47.5309311+08:00	0x02	0.6921	0.1990	-0.6939	-0.0031	163.10	267.79	15.77
2026-05-28T20:19:47.5309311+08:00	0x04	-0.4158	-0.2788	0.4737	-0.7246	294.32	1.16	60.07
2026-05-28T20:19:47.5640492+08:00	0x03	-0.3239	0.5375	0.6805	0.3783	129.23	350.85	282.42
2026-05-28T20:19:47.6690514+08:00	0x01	-0.3550	-0.5400	0.4262	-0.6330	337.90	66.62	65.47
2026-05-28T20:19:47.6690514+08:00	0x03	-0.3239	0.5375	0.6805	0.3783	129.23	350.85	282.42
2026-05-28T20:19:47.6690514+08:00	0x02	0.6927	0.1976	-0.6936	-0.0034	163.20	267.76	15.63
2026-05-28T20:19:47.6690514+08:00	0x04	-0.4164	-0.2773	0.4766	-0.7229	293.46	0.45	60.04
2026-05-28T20:19:47.6690514+08:00	0x03	-0.3238	0.5376	0.6803	0.3787	128.94	351.10	282.41
2026-05-28T20:19:47.6979733+08:00	0x01	-0.3560	-0.5393	0.4264	-0.6329	337.86	66.50	65.59
2026-05-28T20:19:47.7308876+08:00	0x02	0.6933	0.1974	-0.6931	-0.0053	163.05	267.66	15.44
2026-05-28T20:19:47.7308876+08:00	0x03	-0.3238	0.5376	0.6803	0.3787	128.94	351.10	282.41
2026-05-28T20:19:47.7638481+08:00	0x04	-0.4170	-0.2756	0.4796	-0.7211	292.58	359.71	59.99
2026-05-28T20:19:47.7977567+08:00	0x02	0.6937	0.1978	-0.6925	-0.0064	162.91	267.58	15.38
2026-05-28T20:19:47.7977567+08:00	0x03	-0.3236	0.5372	0.6804	0.3792	128.80	351.21	282.47
2026-05-28T20:19:47.7977567+08:00	0x04	-0.4180	-0.2738	0.4828	-0.7192	291.60	358.88	59.96
2026-05-28T20:19:47.7977567+08:00	0x01	-0.3564	-0.5397	0.4260	-0.6327	338.06	66.68	65.61
2026-05-28T20:19:47.8984371+08:00	0x03	-0.3236	0.5372	0.6804	0.3792	128.80	351.21	282.47
2026-05-28T20:19:47.8984371+08:00	0x02	0.6939	0.1982	-0.6923	-0.0067	162.85	267.54	15.37
2026-05-28T20:19:47.8984371+08:00	0x03	-0.3222	0.5378	0.6798	0.3805	127.70	352.32	282.46
2026-05-28T20:19:47.8984371+08:00	0x04	-0.4183	-0.2720	0.4858	-0.7177	290.76	358.18	59.85
2026-05-28T20:19:47.9310245+08:00	0x01	-0.3564	-0.5400	0.4255	-0.6328	338.19	66.81	65.58
2026-05-28T20:19:47.9311505+08:00	0x03	-0.3216	0.5377	0.6800	0.3808	127.42	352.63	282.51
2026-05-28T20:19:47.9977083+08:00	0x02	0.6936	0.1982	-0.6925	-0.0062	162.89	267.57	15.42
2026-05-28T20:19:47.9977083+08:00	0x03	-0.3216	0.5377	0.6800	0.3808	127.42	352.63	282.51
2026-05-28T20:19:48.0314037+08:00	0x04	-0.4188	-0.2702	0.4883	-0.7164	290.02	357.52	59.76
2026-05-28T20:19:48.1325084+08:00	0x03	-0.3211	0.5376	0.6803	0.3810	127.26	352.82	282.56
2026-05-28T20:19:48.1325084+08:00	0x01	-0.3552	-0.5406	0.4244	-0.6336	338.34	66.95	65.36
2026-05-28T20:19:48.1325084+08:00	0x02	0.6935	0.1980	-0.6927	-0.0055	162.97	267.60	15.47
2026-05-28T20:19:48.1325084+08:00	0x03	-0.3211	0.5376	0.6803	0.3810	127.26	352.82	282.56
2026-05-28T20:19:48.1325084+08:00	0x04	-0.4195	-0.2686	0.4907	-0.7149	289.27	356.86	59.70
2026-05-28T20:19:48.1637776+08:00	0x03	-0.3204	0.5378	0.6802	0.3815	126.82	353.27	282.58
2026-05-28T20:19:48.1637776+08:00	0x01	-0.3548	-0.5409	0.4239	-0.6339	338.46	67.05	65.28
2026-05-28T20:19:48.1967249+08:00	0x02	0.6937	0.1979	-0.6925	-0.0048	163.03	267.57	15.51
2026-05-28T20:19:48.2305992+08:00	0x03	-0.3204	0.5378	0.6802	0.3815	126.82	353.27	282.58
2026-05-28T20:19:48.2311710+08:00	0x04	-0.4200	-0.2673	0.4928	-0.7137	288.65	356.33	59.65
2026-05-28T20:19:48.2637174+08:00	0x03	-0.3203	0.5376	0.6803	0.3816	126.80	353.30	282.61
2026-05-28T20:19:48.3757686+08:00	0x01	-0.3547	-0.5410	0.4231	-0.6344	338.59	67.12	65.21
2026-05-28T20:19:48.3757686+08:00	0x02	0.6942	0.1983	-0.6920	-0.0050	162.97	267.48	15.51
2026-05-28T20:19:48.3767179+08:00	0x03	-0.3203	0.5376	0.6803	0.3816	126.80	353.30	282.61
2026-05-28T20:19:48.3767179+08:00	0x04	-0.4203	-0.2666	0.4943	-0.7127	288.21	355.97	59.62
2026-05-28T20:19:48.3767179+08:00	0x03	-0.3204	0.5372	0.6806	0.3815	126.96	353.12	282.65
2026-05-28T20:19:48.3767179+08:00	0x01	-0.3550	-0.5412	0.4225	-0.6345	338.76	67.25	65.20
2026-05-28T20:19:48.3976051+08:00	0x02	0.6946	0.1980	-0.6916	-0.0049	162.99	267.43	15.49
2026-05-28T20:19:48.4311302+08:00	0x04	-0.4207	-0.2638	0.4951	-0.7130	287.84	355.44	59.44
2026-05-28T20:19:48.4311302+08:00	0x03	-0.3204	0.5372	0.6806	0.3815	126.96	353.12	282.65
