timestamp	device	q0	q1	q2	q3	yaw	pitch	roll
2026-05-08T14:27:29.0385334+08:00	0x07	-0.0573	-0.6482	0.1242	-0.7491	353.38	80.91	14.29
2026-05-08T14:27:29.2170670+08:00	0x09	0.0522	-0.0677	-0.6404	0.7633	280.04	350.20	359.60
2026-05-08T14:27:29.3508055+08:00	0x01	-0.0187	-0.0651	-0.2283	0.9712	333.76	353.22	356.21
2026-05-08T14:27:29.4445048+08:00	0x03	0.0102	-0.0468	0.2655	0.9629	30.72	355.14	2.54
2026-05-08T14:27:29.5544620+08:00	0x07	-0.0914	-0.6459	0.1552	-0.7418	353.16	80.91	19.63
2026-05-08T14:27:29.7108353+08:00	0x08	-0.0044	-0.0157	0.0535	0.9984	6.14	358.18	359.59
2026-05-08T14:27:29.7571559+08:00	0x09	0.0522	-0.0677	-0.6404	0.7633	280.04	350.20	359.60
2026-05-08T14:27:29.8322754+08:00	0x02	0.0167	-0.0045	-0.9729	0.2304	206.65	358.02	359.93
2026-05-08T14:27:29.8636397+08:00	0x01	-0.0187	-0.0651	-0.2283	0.9712	333.76	353.22	356.21
2026-05-08T14:27:29.9390810+08:00	0x03	0.0102	-0.0468	0.2655	0.9629	30.72	355.14	2.55
2026-05-08T14:27:29.9944438+08:00	0x04	-0.0144	-0.0191	-0.2015	0.9792	336.78	358.19	357.94
2026-05-08T14:27:30.0961661+08:00	0x02	0.0167	-0.0045	-0.9729	0.2304	206.65	358.02	359.93
2026-05-08T14:27:30.1449042+08:00	0x07	-0.1819	-0.7098	0.2007	-0.6503	359.81	94.96	31.44
2026-05-08T14:27:30.2302636+08:00	0x08	-0.0044	-0.0157	0.0535	0.9984	6.14	358.18	359.59
2026-05-08T14:27:30.3409224+08:00	0x01	-0.0187	-0.0651	-0.2283	0.9712	333.76	353.22	356.21
2026-05-08T14:27:30.3710022+08:00	0x09	0.0522	-0.0677	-0.6404	0.7633	280.04	350.20	359.60
2026-05-08T14:27:30.4343667+08:00	0x04	-0.0144	-0.0191	-0.2015	0.9792	336.78	358.19	357.94
2026-05-08T14:27:30.5293532+08:00	0x03	0.0102	-0.0467	0.2655	0.9629	30.72	355.14	2.55
2026-05-08T14:27:30.5675516+08:00	0x02	0.0167	-0.0045	-0.9729	0.2304	206.65	358.02	359.94
2026-05-08T14:27:30.6385250+08:00	0x07	-0.1793	-0.7081	0.1994	-0.6532	359.55	94.49	31.11
2026-05-08T14:27:30.8220285+08:00	0x08	-0.0044	-0.0157	0.0535	0.9984	6.14	358.18	359.59
2026-05-08T14:27:30.8828492+08:00	0x09	0.0522	-0.0677	-0.6404	0.7633	280.04	350.20	359.60
2026-05-08T14:27:31.0105228+08:00	0x05	0.0105	0.0094	0.4344	0.9006	51.51	1.49	0.62
2026-05-08T14:27:31.0658959+08:00	0x03	0.0102	-0.0467	0.2655	0.9629	30.72	355.14	2.55
2026-05-08T14:27:31.1359300+08:00	0x02	0.0166	-0.0045	-0.9729	0.2304	206.65	358.03	359.93
2026-05-08T14:27:31.2311095+08:00	0x07	-0.3925	-0.5830	0.4025	-0.5866	357.72	88.10	68.39
2026-05-08T14:27:31.3800833+08:00	0x08	-0.0044	-0.0157	0.0535	0.9984	6.14	358.18	359.59
2026-05-08T14:27:31.4500417+08:00	0x06	0.6951	-0.1511	-0.6848	-0.1583	179.58	269.24	334.72
2026-05-08T14:27:31.5526729+08:00	0x03	0.0102	-0.0467	0.2655	0.9629	30.72	355.14	2.55
2026-05-08T14:27:31.6647717+08:00	0x02	0.0166	-0.0045	-0.9729	0.2304	206.65	358.03	359.93
2026-05-08T14:27:31.7096614+08:00	0x07	-0.5696	-0.4156	0.5725	-0.4184	181.09	271.09	72.27
2026-05-08T14:27:31.9035188+08:00	0x08	-0.0044	-0.0157	0.0535	0.9984	6.14	358.18	359.59
2026-05-08T14:27:32.0309296+08:00	0x06	0.6941	-0.1536	-0.6846	-0.1612	179.53	269.32	334.27
2026-05-08T14:27:32.0929871+08:00	0x03	0.0102	-0.0467	0.2655	0.9629	30.72	355.14	2.54
2026-05-08T14:27:32.2280495+08:00	0x02	0.0167	-0.0045	-0.9729	0.2304	206.65	358.02	359.93
2026-05-08T14:27:32.3711578+08:00	0x07	-0.6596	-0.2584	0.6565	-0.2590	179.93	269.70	42.92
2026-05-08T14:27:32.4881239+08:00	0x08	-0.0044	-0.0157	0.0535	0.9984	6.14	358.18	359.60
2026-05-08T14:27:32.6215321+08:00	0x04	-0.0144	-0.0191	-0.2015	0.9792	336.78	358.18	357.94
2026-05-08T14:27:32.6373759+08:00	0x03	0.0102	-0.0467	0.2655	0.9629	30.72	355.14	2.54
2026-05-08T14:27:32.7640301+08:00	0x02	0.0167	-0.0045	-0.9729	0.2304	206.65	358.02	359.93
2026-05-08T14:27:32.8432833+08:00	0x07	-0.7023	-0.1075	0.6947	-0.1124	180.31	269.43	17.90
2026-05-08T14:27:32.9847854+08:00	0x09	0.0522	-0.0677	-0.6404	0.7633	280.04	350.20	359.60
2026-05-08T14:27:33.0956855+08:00	0x01	-0.0187	-0.0650	-0.2283	0.9712	333.76	353.22	356.21
2026-05-08T14:27:33.1366874+08:00	0x06	0.6945	-0.1596	-0.6816	-0.1661	179.69	269.00	333.37
2026-05-08T14:27:33.1819221+08:00	0x03	0.0102	-0.0467	0.2655	0.9629	30.72	355.14	2.55
2026-05-08T14:27:33.2063094+08:00	0x08	-0.0044	-0.0157	0.0535	0.9984	6.14	358.18	359.60
2026-05-08T14:27:33.2454746+08:00	0x04	-0.0144	-0.0191	-0.2015	0.9792	336.78	358.18	357.94
2026-05-08T14:27:33.3249321+08:00	0x02	0.0167	-0.0045	-0.9729	0.2304	206.65	358.02	359.93
2026-05-08T14:27:33.5158869+08:00	0x09	0.0522	-0.0677	-0.6404	0.7633	280.04	350.20	359.60
2026-05-08T14:27:33.6422373+08:00	0x06	0.6949	-0.1613	-0.6804	-0.1677	179.74	268.86	333.09
2026-05-08T14:27:33.6998753+08:00	0x03	0.0102	-0.0467	0.2655	0.9629	30.72	355.14	2.55
2026-05-08T14:27:33.8042211+08:00	0x04	-0.0144	-0.0191	-0.2015	0.9792	336.78	358.18	357.94
2026-05-08T14:27:33.8487946+08:00	0x02	0.0167	-0.0045	-0.9729	0.2304	206.65	358.02	359.93
2026-05-08T14:27:33.9211972+08:00	0x07	-0.7115	0.0312	0.7015	0.0252	180.53	269.17	355.43
2026-05-08T14:27:34.0482364+08:00	0x09	0.0522	-0.0677	-0.6404	0.7633	280.04	350.20	359.60
2026-05-08T14:27:34.0857011+08:00	0x08	-0.0044	-0.0157	0.0535	0.9984	6.14	358.18	359.59
2026-05-08T14:27:34.1944929+08:00	0x01	-0.0187	-0.0650	-0.2283	0.9712	333.76	353.22	356.21
2026-05-08T14:27:34.2221795+08:00	0x06	0.6953	-0.1625	-0.6793	-0.1696	179.71	268.74	332.84
2026-05-08T14:27:34.2518841+08:00	0x03	0.0102	-0.0468	0.2655	0.9629	30.72	355.14	2.55
2026-05-08T14:27:34.4279074+08:00	0x02	0.0167	-0.0045	-0.9729	0.2304	206.65	358.02	359.93
2026-05-08T14:27:34.4661341+08:00	0x07	-0.6881	0.1977	0.6721	0.1891	181.20	268.32	328.27
2026-05-08T14:27:34.5957937+08:00	0x09	0.0522	-0.0677	-0.6404	0.7633	280.04	350.20	359.60
2026-05-08T14:27:34.6686302+08:00	0x08	-0.0044	-0.0157	0.0535	0.9984	6.14	358.18	359.59
2026-05-08T14:27:34.7743383+08:00	0x01	-0.0187	-0.0650	-0.2283	0.9712	333.76	353.22	356.21
2026-05-08T14:27:34.8205620+08:00	0x06	0.6942	-0.1591	-0.6839	-0.1584	180.27	269.09	334.05
2026-05-08T14:27:34.8481474+08:00	0x03	0.0102	-0.0467	0.2655	0.9629	30.72	355.14	2.55
2026-05-08T14:27:35.0025727+08:00	0x07	-0.6715	0.2503	0.6545	0.2408	181.58	267.95	319.38
2026-05-08T14:27:35.0637900+08:00	0x09	0.0522	-0.0677	-0.6404	0.7633	280.04	350.20	359.60
2026-05-08T14:27:35.2282800+08:00	0x08	-0.0044	-0.0157	0.0535	0.9984	6.14	358.18	359.59
2026-05-08T14:27:35.2617418+08:00	0x01	-0.0187	-0.0650	-0.2283	0.9712	333.76	353.22	356.21
2026-05-08T14:27:35.3186461+08:00	0x03	0.0102	-0.0467	0.2655	0.9629	30.72	355.14	2.55
2026-05-08T14:27:35.3759731+08:00	0x04	-0.0144	-0.0191	-0.2015	0.9792	336.78	358.18	357.94
2026-05-08T14:27:35.5250385+08:00	0x02	0.0167	-0.0045	-0.9729	0.2304	206.65	358.02	359.93
2026-05-08T14:27:35.5959940+08:00	0x09	0.0522	-0.0677	-0.6404	0.7633	280.04	350.20	359.60
2026-05-08T14:27:35.7908224+08:00	0x01	-0.0187	-0.0650	-0.2283	0.9712	333.76	353.22	356.21
2026-05-08T14:27:35.8584660+08:00	0x03	0.0102	-0.0467	0.2655	0.9629	30.72	355.14	2.54
2026-05-08T14:27:35.8980159+08:00	0x06	0.6942	-0.1592	-0.6838	-0.1588	180.25	269.07	334.01
2026-05-08T14:27:36.1066105+08:00	0x02	0.0167	-0.0045	-0.9729	0.2304	206.65	358.02	359.93
2026-05-08T14:27:36.1384434+08:00	0x07	-0.6382	0.3271	0.6292	0.2996	183.82	267.30	307.44
2026-05-08T14:27:36.2223557+08:00	0x08	-0.0044	-0.0157	0.0535	0.9984	6.14	358.18	359.60
2026-05-08T14:27:36.3226837+08:00	0x01	-0.0187	-0.0650	-0.2283	0.9712	333.76	353.22	356.21
2026-05-08T14:27:36.4074262+08:00	0x06	0.2866	-0.1353	-0.9271	-0.2000	161.63	329.15	338.56
2026-05-08T14:27:36.4355040+08:00	0x03	0.0102	-0.0467	0.2655	0.9629	30.72	355.14	2.54
2026-05-08T14:27:36.4767330+08:00	0x05	0.0105	0.0093	0.4344	0.9006	51.51	1.48	0.62
2026-05-08T14:27:36.5123163+08:00	0x04	-0.0144	-0.0191	-0.2015	0.9792	336.78	358.18	357.94
2026-05-08T14:27:36.6314712+08:00	0x02	0.0167	-0.0045	-0.9729	0.2304	206.65	358.02	359.93
2026-05-08T14:27:36.6850336+08:00	0x07	-0.2194	0.2281	0.7638	0.5625	109.11	354.39	323.47
2026-05-08T14:27:36.7249352+08:00	0x09	0.0522	-0.0677	-0.6404	0.7633	280.04	350.20	359.60
2026-05-08T14:27:36.7570685+08:00	0x08	-0.0044	-0.0157	0.0535	0.9984	6.14	358.18	359.60
2026-05-08T14:27:36.9435345+08:00	0x03	0.0102	-0.0467	0.2655	0.9629	30.72	355.14	2.54
2026-05-08T14:27:36.9783363+08:00	0x01	-0.0187	-0.0650	-0.2283	0.9712	333.76	353.22	356.21
2026-05-08T14:27:37.0348371+08:00	0x04	-0.0144	-0.0191	-0.2015	0.9792	336.78	358.19	357.94
2026-05-08T14:27:37.1843389+08:00	0x02	0.0167	-0.0045	-0.9729	0.2304	206.65	358.02	359.93
2026-05-08T14:27:37.2528452+08:00	0x09	0.0522	-0.0677	-0.6404	0.7633	280.04	350.20	359.60
2026-05-08T14:27:37.4767020+08:00	0x03	0.0102	-0.0467	0.2655	0.9629	30.72	355.14	2.54
2026-05-08T14:27:37.4971536+08:00	0x06	0.2569	-0.1387	-0.9325	-0.2124	159.55	333.13	338.42
2026-05-08T14:27:37.5525563+08:00	0x04	-0.0144	-0.0191	-0.2015	0.9792	336.78	358.19	357.94
2026-05-08T14:27:37.7019054+08:00	0x02	0.0167	-0.0045	-0.9729	0.2304	206.65	358.02	359.93
2026-05-08T14:27:37.7888073+08:00	0x07	-0.1773	0.2454	0.6607	0.6869	85.53	7.17	325.40
2026-05-08T14:27:37.8731329+08:00	0x09	0.0522	-0.0677	-0.6404	0.7633	280.04	350.20	359.60
2026-05-08T14:27:37.9155559+08:00	0x08	-0.0044	-0.0157	0.0535	0.9984	6.14	358.18	359.59
2026-05-08T14:27:37.9712763+08:00	0x06	0.2750	-0.1606	-0.9124	-0.2572	154.98	332.26	334.25
2026-05-08T14:27:38.0312564+08:00	0x03	0.0102	-0.0467	0.2655	0.9629	30.72	355.14	2.55
2026-05-08T14:27:38.1237661+08:00	0x04	-0.0144	-0.0191	-0.2015	0.9792	336.78	358.18	357.94
2026-05-08T14:27:38.2730969+08:00	0x02	0.0167	-0.0045	-0.9729	0.2304	206.65	358.02	359.93
2026-05-08T14:27:38.3197359+08:00	0x07	-0.1321	0.2831	0.5136	0.7992	59.61	21.48	329.87
2026-05-08T14:27:38.4162901+08:00	0x08	-0.0044	-0.0157	0.0535	0.9984	6.14	358.18	359.59
2026-05-08T14:27:38.4569836+08:00	0x09	0.0522	-0.0677	-0.6404	0.7633	280.04	350.20	359.60
2026-05-08T14:27:38.5568938+08:00	0x03	0.0102	-0.0467	0.2655	0.9629	30.72	355.14	2.55
2026-05-08T14:27:38.6557492+08:00	0x04	-0.0144	-0.0191	-0.2015	0.9792	336.78	358.18	357.94
2026-05-08T14:27:38.7337833+08:00	0x02	0.0167	-0.0045	-0.9729	0.2304	206.65	358.02	359.93
2026-05-08T14:27:38.8657888+08:00	0x07	-0.1497	0.3445	0.4528	0.8086	49.10	30.43	326.35
2026-05-08T14:27:38.9189503+08:00	0x09	0.0522	-0.0677	-0.6404	0.7633	280.04	350.20	359.60
2026-05-08T14:27:39.0464625+08:00	0x06	0.6253	-0.1892	-0.7294	-0.2031	175.96	279.94	328.00
2026-05-08T14:27:39.1029258+08:00	0x03	0.0102	-0.0467	0.2655	0.9629	30.72	355.14	2.54
2026-05-08T14:27:39.1908931+08:00	0x01	-0.0187	-0.0650	-0.2283	0.9712	333.76	353.22	356.21
2026-05-08T14:27:39.2725408+08:00	0x02	0.0167	-0.0045	-0.9729	0.2304	206.65	358.02	359.93
2026-05-08T14:27:39.4084375+08:00	0x07	-0.2664	0.6294	0.2991	0.6659	5.29	84.48	313.01
2026-05-08T14:27:39.4887071+08:00	0x08	-0.0044	-0.0157	0.0535	0.9984	6.14	358.18	359.59
2026-05-08T14:27:39.5167300+08:00	0x09	0.0523	-0.0677	-0.6404	0.7633	280.04	350.19	359.60
2026-05-08T14:27:39.6226158+08:00	0x06	0.6648	-0.1933	-0.6904	-0.2100	177.75	272.83	326.90
2026-05-08T14:27:39.7575736+08:00	0x01	-0.0187	-0.0650	-0.2283	0.9712	333.76	353.22	356.21
2026-05-08T14:27:39.9954526+08:00	0x07	-0.4955	0.5168	0.4606	0.5247	341.18	106.37	275.14
2026-05-08T14:27:40.1430633+08:00	0x06	0.6874	-0.2020	-0.6614	-0.2220	178.89	268.14	325.08
2026-05-08T14:27:40.2198395+08:00	0x03	0.0102	-0.0467	0.2655	0.9629	30.72	355.14	2.54
2026-05-08T14:27:40.3102544+08:00	0x04	-0.0144	-0.0191	-0.2015	0.9792	336.78	358.18	357.94
2026-05-08T14:27:40.4826482+08:00	0x07	-0.5689	0.4252	0.5558	0.4320	180.77	268.07	285.38
2026-05-08T14:27:40.5772575+08:00	0x09	0.0522	-0.0677	-0.6404	0.7633	280.04	350.20	359.60
2026-05-08T14:27:40.7229391+08:00	0x06	0.7476	-0.2279	-0.6100	-0.1307	191.89	255.42	331.74
2026-05-08T14:27:40.7754783+08:00	0x01	-0.0187	-0.0650	-0.2283	0.9712	333.76	353.22	356.21
2026-05-08T14:27:40.9210263+08:00	0x02	0.0167	-0.0045	-0.9729	0.2304	206.65	358.02	359.93
2026-05-08T14:27:41.0929711+08:00	0x07	-0.5670	0.4281	0.5532	0.4350	180.95	267.85	284.77
2026-05-08T14:27:41.1188628+08:00	0x09	0.0523	-0.0677	-0.6404	0.7633	280.04	350.20	359.61
2026-05-08T14:27:41.2487291+08:00	0x06	0.7950	-0.2093	-0.5647	-0.0727	195.53	247.93	339.39
2026-05-08T14:27:41.3090730+08:00	0x03	0.0102	-0.0467	0.2655	0.9629	30.72	355.14	2.54
2026-05-08T14:27:41.3893854+08:00	0x01	-0.0187	-0.0650	-0.2283	0.9712	333.76	353.22	356.21
2026-05-08T14:27:41.6095919+08:00	0x07	-0.8250	0.3416	0.4280	0.1395	211.41	225.77	328.49
2026-05-08T14:27:41.6517845+08:00	0x09	0.0523	-0.0677	-0.6404	0.7633	280.04	350.20	359.61
2026-05-08T14:27:41.8856365+08:00	0x04	-0.0144	-0.0191	-0.2015	0.9792	336.78	358.18	357.94
2026-05-08T14:27:41.9053582+08:00	0x03	0.0102	-0.0467	0.2655	0.9629	30.72	355.15	2.54
2026-05-08T14:27:41.9374750+08:00	0x06	0.7937	-0.2099	-0.5661	-0.0745	195.44	248.14	339.16
2026-05-08T14:27:42.1465450+08:00	0x07	-0.8568	0.2182	0.4625	0.0661	199.24	233.58	341.63
2026-05-08T14:27:42.2870843+08:00	0x09	0.0523	-0.0676	-0.6404	0.7633	280.04	350.20	359.61
2026-05-08T14:27:42.3853418+08:00	0x03	0.0101	-0.0467	0.2655	0.9629	30.72	355.15	2.54
2026-05-08T14:27:42.4829550+08:00	0x02	0.0166	-0.0045	-0.9729	0.2304	206.65	358.03	359.93
2026-05-08T14:27:42.5101899+08:00	0x04	-0.0144	-0.0191	-0.2015	0.9792	336.78	358.18	357.94
2026-05-08T14:27:42.7359467+08:00	0x07	-0.8753	0.1142	0.4697	0.0115	191.00	235.73	352.68
2026-05-08T14:27:42.8237568+08:00	0x08	-0.0044	-0.0157	0.0535	0.9984	6.14	358.18	359.60
2026-05-08T14:27:42.9942137+08:00	0x04	-0.0144	-0.0191	-0.2015	0.9792	336.78	358.18	357.94
2026-05-08T14:27:43.0425576+08:00	0x01	-0.0187	-0.0650	-0.2283	0.9712	333.76	353.22	356.21
2026-05-08T14:27:43.2805377+08:00	0x07	-0.8714	-0.0700	0.4812	-0.0651	176.55	237.51	10.42
2026-05-08T14:27:43.3223169+08:00	0x08	-0.0044	-0.0157	0.0535	0.9984	6.14	358.18	359.60
2026-05-08T14:27:43.4531381+08:00	0x03	0.0102	-0.0467	0.2655	0.9629	30.72	355.14	2.54
2026-05-08T14:27:43.5491632+08:00	0x04	-0.0144	-0.0191	-0.2015	0.9792	336.78	358.18	357.94
2026-05-08T14:27:43.8583795+08:00	0x09	0.0522	-0.0677	-0.6404	0.7633	280.04	350.20	359.60
2026-05-08T14:27:43.8986468+08:00	0x07	-0.7225	-0.0616	0.6882	-0.0229	176.68	267.02	6.77
2026-05-08T14:27:44.0087166+08:00	0x03	0.0102	-0.0467	0.2655	0.9629	30.72	355.14	2.54
2026-05-08T14:27:44.1382711+08:00	0x01	-0.0187	-0.0651	-0.2283	0.9712	333.76	353.22	356.21
2026-05-08T14:27:44.1750059+08:00	0x04	-0.0144	-0.0191	-0.2015	0.9792	336.78	358.18	357.94
2026-05-08T14:27:44.4002097+08:00	0x09	0.0522	-0.0677	-0.6404	0.7633	280.04	350.20	359.60
2026-05-08T14:27:44.4434455+08:00	0x07	-0.7061	0.0506	0.6987	0.1030	175.75	269.86	347.51
2026-05-08T14:27:44.4682006+08:00	0x06	0.6894	-0.1743	-0.6676	-0.2205	176.32	269.23	327.53
2026-05-08T14:27:44.5314843+08:00	0x03	0.0102	-0.0467	0.2655	0.9629	30.72	355.14	2.54
2026-05-08T14:27:44.6618268+08:00	0x04	-0.0144	-0.0191	-0.2015	0.9792	336.78	358.18	357.94
2026-05-08T14:27:44.7923367+08:00	0x02	0.0167	-0.0045	-0.9729	0.2304	206.65	358.02	359.93
2026-05-08T14:27:44.8322266+08:00	0x01	-0.0187	-0.0651	-0.2283	0.9712	333.76	353.22	356.21
2026-05-08T14:27:44.9128053+08:00	0x07	-0.7065	0.0823	0.6898	0.1352	175.77	269.30	342.27
2026-05-08T14:27:44.9632020+08:00	0x09	0.0522	-0.0677	-0.6404	0.7633	280.04	350.20	359.60
2026-05-08T14:27:45.0740291+08:00	0x03	0.0102	-0.0467	0.2655	0.9629	30.72	355.14	2.54
2026-05-08T14:27:45.1287601+08:00	0x06	0.6893	-0.1765	-0.6655	-0.2253	176.13	269.14	326.94
2026-05-08T14:27:45.2872082+08:00	0x04	-0.0144	-0.0191	-0.2015	0.9792	336.78	358.18	357.94
2026-05-08T14:27:45.4849732+08:00	0x07	-0.7022	0.1073	0.6854	0.1598	175.77	269.43	338.19
2026-05-08T14:27:45.6150880+08:00	0x03	0.0102	-0.0467	0.2655	0.9629	30.72	355.14	2.54
2026-05-08T14:27:45.6890259+08:00	0x01	-0.0187	-0.0651	-0.2283	0.9712	333.76	353.22	356.21
2026-05-08T14:27:45.8301081+08:00	0x04	-0.0144	-0.0191	-0.2015	0.9792	336.78	358.18	357.94
2026-05-08T14:27:45.9722296+08:00	0x07	-0.6940	0.1394	0.6851	0.1720	177.32	269.87	334.55
2026-05-08T14:27:46.0112754+08:00	0x09	0.0522	-0.0677	-0.6404	0.7633	280.04	350.20	359.60
2026-05-08T14:27:46.0607770+08:00	0x08	-0.0044	-0.0157	0.0535	0.9984	6.14	358.17	359.59
2026-05-08T14:27:46.1018751+08:00	0x03	0.0102	-0.0467	0.2655	0.9629	30.72	355.14	2.54
2026-05-08T14:27:46.2690553+08:00	0x01	-0.0187	-0.0651	-0.2283	0.9712	333.76	353.22	356.21
2026-05-08T14:27:46.3320561+08:00	0x02	0.0167	-0.0045	-0.9729	0.2304	206.65	358.02	359.93
2026-05-08T14:27:46.4750406+08:00	0x09	0.0522	-0.0677	-0.6404	0.7633	280.04	350.20	359.60
2026-05-08T14:27:46.5802604+08:00	0x08	-0.0044	-0.0157	0.0535	0.9984	6.14	358.17	359.59
2026-05-08T14:27:46.6344312+08:00	0x03	0.0102	-0.0467	0.2655	0.9629	30.72	355.14	2.54
2026-05-08T14:27:46.6688667+08:00	0x06	0.6224	-0.3032	-0.7190	0.0611	209.91	272.54	338.90
2026-05-08T14:27:46.8528027+08:00	0x02	0.0167	-0.0045	-0.9729	0.2304	206.65	358.02	359.93
2026-05-08T14:27:46.9864105+08:00	0x04	-0.0144	-0.0191	-0.2015	0.9792	336.78	358.18	357.94
2026-05-08T14:27:47.0243769+08:00	0x09	0.0522	-0.0677	-0.6404	0.7633	280.04	350.20	359.60
2026-05-08T14:27:47.1452607+08:00	0x08	-0.0044	-0.0157	0.0535	0.9984	6.14	358.18	359.59
2026-05-08T14:27:47.2310419+08:00	0x03	0.0102	-0.0467	0.2655	0.9629	30.72	355.14	2.54
2026-05-08T14:27:47.4169227+08:00	0x04	-0.0144	-0.0191	-0.2015	0.9792	336.78	358.18	357.94
2026-05-08T14:27:47.5126424+08:00	0x01	-0.0187	-0.0651	-0.2283	0.9712	333.76	353.22	356.21
2026-05-08T14:27:47.5964662+08:00	0x07	-0.6942	0.1384	0.6851	0.1716	177.27	269.86	334.66
2026-05-08T14:27:47.6958575+08:00	0x08	-0.0044	-0.0157	0.0535	0.9984	6.14	358.18	359.59
2026-05-08T14:27:47.7434145+08:00	0x06	0.6008	-0.2907	-0.7345	0.1230	213.50	276.52	343.78
2026-05-08T14:27:47.7821181+08:00	0x03	0.0102	-0.0467	0.2655	0.9629	30.72	355.14	2.54
2026-05-08T14:27:47.9373345+08:00	0x01	-0.0187	-0.0650	-0.2283	0.9712	333.76	353.22	356.21
2026-05-08T14:27:47.9669719+08:00	0x02	0.0167	-0.0045	-0.9729	0.2304	206.65	358.02	359.93
2026-05-08T14:27:48.0908353+08:00	0x09	0.0522	-0.0677	-0.6404	0.7633	280.04	350.20	359.60
2026-05-08T14:27:48.2952138+08:00	0x03	0.0102	-0.0467	0.2655	0.9629	30.72	355.14	2.54
2026-05-08T14:27:48.3484619+08:00	0x06	0.6022	-0.2960	-0.7318	0.1192	213.70	275.96	343.16
2026-05-08T14:27:48.3897695+08:00	0x08	-0.0044	-0.0157	0.0535	0.9984	6.14	358.18	359.59
2026-05-08T14:27:48.4551552+08:00	0x01	-0.0187	-0.0650	-0.2283	0.9712	333.76	353.22	356.21
2026-05-08T14:27:48.5304504+08:00	0x02	0.0167	-0.0045	-0.9729	0.2304	206.65	358.02	359.94
2026-05-08T14:27:48.6331250+08:00	0x09	0.0523	-0.0677	-0.6404	0.7633	280.04	350.20	359.61
2026-05-08T14:27:48.7565644+08:00	0x08	-0.0044	-0.0157	0.0535	0.9984	6.14	358.18	359.59
2026-05-08T14:27:48.8538806+08:00	0x03	0.0102	-0.0467	0.2655	0.9629	30.72	355.14	2.54
2026-05-08T14:27:49.0441181+08:00	0x02	0.0167	-0.0045	-0.9729	0.2304	206.65	358.02	359.94
2026-05-08T14:27:49.1541577+08:00	0x09	0.0522	-0.0677	-0.6404	0.7633	280.04	350.20	359.60
2026-05-08T14:27:49.1935220+08:00	0x07	-0.6508	-0.2362	0.3995	-0.6009	226.06	279.90	76.13
2026-05-08T14:27:49.3512934+08:00	0x08	-0.0044	-0.0157	0.0535	0.9984	6.14	358.18	359.60
2026-05-08T14:27:49.4335777+08:00	0x03	0.0102	-0.0467	0.2655	0.9629	30.72	355.14	2.54
2026-05-08T14:27:49.5421435+08:00	0x01	-0.0187	-0.0650	-0.2283	0.9712	333.76	353.22	356.22
2026-05-08T14:27:49.6276140+08:00	0x05	0.0105	0.0094	0.4344	0.9006	51.51	1.49	0.61
2026-05-08T14:27:49.6884297+08:00	0x09	0.0522	-0.0677	-0.6404	0.7633	280.04	350.20	359.60
2026-05-08T14:27:49.8037122+08:00	0x07	-0.4986	-0.4892	0.0971	-0.7090	35.88	87.67	53.32
2026-05-08T14:27:49.9054973+08:00	0x08	-0.0044	-0.0157	0.0535	0.9984	6.14	358.18	359.60
2026-05-08T14:27:49.9729681+08:00	0x03	0.0102	-0.0467	0.2655	0.9629	30.72	355.14	2.54
2026-05-08T14:27:50.0146650+08:00	0x01	-0.0187	-0.0650	-0.2283	0.9712	333.76	353.22	356.21
2026-05-08T14:27:50.1022019+08:00	0x04	-0.0144	-0.0191	-0.2015	0.9792	336.78	358.18	357.94
2026-05-08T14:27:50.2177016+08:00	0x09	0.0522	-0.0677	-0.6404	0.7633	280.04	350.20	359.60
2026-05-08T14:27:50.3299786+08:00	0x07	-0.4390	-0.5538	0.0651	-0.7045	33.06	89.90	43.69
2026-05-08T14:27:50.4324407+08:00	0x08	-0.0044	-0.0157	0.0535	0.9984	6.14	358.18	359.60
2026-05-08T14:27:50.5007622+08:00	0x06	0.6420	-0.2136	-0.7115	-0.1895	180.32	275.79	326.82
2026-05-08T14:27:50.5426546+08:00	0x03	0.0101	-0.0467	0.2655	0.9629	30.72	355.14	2.54
2026-05-08T14:27:50.6064655+08:00	0x01	-0.0187	-0.0650	-0.2283	0.9712	333.76	353.22	356.22
2026-05-08T14:27:50.7000911+08:00	0x04	-0.0144	-0.0191	-0.2015	0.9792	336.78	358.18	357.94
2026-05-08T14:27:50.8125742+08:00	0x09	0.0522	-0.0676	-0.6404	0.7633	280.04	350.20	359.61
2026-05-08T14:27:50.8786611+08:00	0x07	-0.3232	-0.6644	0.1760	-0.6505	15.38	96.97	40.87
2026-05-08T14:27:51.0189735+08:00	0x08	-0.0044	-0.0157	0.0535	0.9984	6.14	358.18	359.59
2026-05-08T14:27:51.0672419+08:00	0x03	0.0101	-0.0467	0.2655	0.9629	30.72	355.14	2.54
2026-05-08T14:27:51.1458577+08:00	0x04	-0.0144	-0.0191	-0.2015	0.9792	336.78	358.18	357.94
2026-05-08T14:27:51.2269572+08:00	0x01	-0.0187	-0.0650	-0.2283	0.9712	333.76	353.22	356.21
2026-05-08T14:27:51.3129202+08:00	0x09	0.0522	-0.0677	-0.6404	0.7633	280.04	350.20	359.60
2026-05-08T14:27:51.4055155+08:00	0x07	-0.2314	-0.6848	0.2385	-0.6486	0.56	93.31	38.81
2026-05-08T14:27:51.5249242+08:00	0x08	-0.0044	-0.0157	0.0535	0.9984	6.14	358.18	359.59
2026-05-08T14:27:51.6399658+08:00	0x03	0.0101	-0.0467	0.2655	0.9629	30.72	355.14	2.54
2026-05-08T14:27:51.7614131+08:00	0x04	-0.0144	-0.0191	-0.2015	0.9792	336.78	358.18	357.94
2026-05-08T14:27:51.8365786+08:00	0x09	0.0522	-0.0677	-0.6404	0.7633	280.04	350.20	359.60
2026-05-08T14:27:51.9389034+08:00	0x07	-0.5168	-0.5422	0.4969	-0.4383	102.56	197.38	82.66
2026-05-08T14:27:52.1042565+08:00	0x08	-0.0044	-0.0157	0.0535	0.9984	6.14	358.18	359.60
2026-05-08T14:27:52.1271994+08:00	0x03	0.0102	-0.0467	0.2655	0.9629	30.72	355.14	2.54
2026-05-08T14:27:52.2287108+08:00	0x06	0.6418	-0.2165	-0.7132	-0.1804	181.40	275.63	327.29
2026-05-08T14:27:52.2687169+08:00	0x02	0.0167	-0.0045	-0.9729	0.2304	206.65	358.02	359.94
2026-05-08T14:27:52.3767471+08:00	0x09	0.0522	-0.0677	-0.6404	0.7633	280.04	350.20	359.60
2026-05-08T14:27:52.4751353+08:00	0x07	-0.5110	-0.5464	0.4923	-0.4448	93.36	188.12	83.07
2026-05-08T14:27:52.6744731+08:00	0x03	0.0102	-0.0467	0.2655	0.9629	30.72	355.14	2.54
2026-05-08T14:27:52.8083148+08:00	0x06	0.4854	-0.1357	-0.7772	-0.3768	146.25	307.02	324.78
2026-05-08T14:27:52.8786662+08:00	0x01	-0.0187	-0.0650	-0.2283	0.9712	333.76	353.22	356.21
2026-05-08T14:27:52.9048769+08:00	0x02	0.0167	-0.0045	-0.9729	0.2304	206.65	358.02	359.94
2026-05-08T14:27:53.0154372+08:00	0x07	-0.2435	-0.6340	0.5369	-0.5005	323.14	78.27	67.60
2026-05-08T14:27:53.1849124+08:00	0x08	-0.0044	-0.0157	0.0535	0.9984	6.14	358.18	359.59
2026-05-08T14:27:53.2543085+08:00	0x03	0.0102	-0.0467	0.2655	0.9629	30.72	355.14	2.54
2026-05-08T14:27:53.3700042+08:00	0x06	0.4540	-0.1057	-0.7485	-0.4716	131.13	314.27	324.09
2026-05-08T14:27:53.4402817+08:00	0x09	0.0522	-0.0676	-0.6404	0.7633	280.04	350.20	359.60
2026-05-08T14:27:53.4618353+08:00	0x01	-0.0187	-0.0650	-0.2283	0.9712	333.76	353.22	356.21
2026-05-08T14:27:53.5096037+08:00	0x02	0.0166	-0.0045	-0.9729	0.2304	206.65	358.03	359.94
2026-05-08T14:27:53.5611317+08:00	0x07	-0.2575	-0.6566	0.5676	-0.4247	327.15	88.90	74.61
2026-05-08T14:27:53.6723191+08:00	0x08	-0.0044	-0.0157	0.0535	0.9984	6.14	358.18	359.59
2026-05-08T14:27:53.8426192+08:00	0x03	0.0102	-0.0467	0.2655	0.9629	30.72	355.14	2.54
2026-05-08T14:27:53.9367871+08:00	0x02	0.0166	-0.0045	-0.9729	0.2304	206.65	358.03	359.93
2026-05-08T14:27:53.9572965+08:00	0x04	-0.0144	-0.0192	-0.2015	0.9792	336.78	358.18	357.94
2026-05-08T14:27:53.9920490+08:00	0x01	-0.0187	-0.0650	-0.2283	0.9712	333.76	353.22	356.21
2026-05-08T14:27:54.0389509+08:00	0x09	0.0522	-0.0676	-0.6404	0.7633	280.04	350.20	359.60
2026-05-08T14:27:54.1010170+08:00	0x07	-0.2551	-0.6574	0.5661	-0.4269	327.12	88.85	74.19
2026-05-08T14:27:54.1741433+08:00	0x08	-0.0044	-0.0157	0.0535	0.9984	6.14	358.18	359.59
2026-05-08T14:27:54.3466022+08:00	0x03	0.0102	-0.0467	0.2655	0.9629	30.72	355.14	2.54
2026-05-08T14:27:54.4189875+08:00	0x04	-0.0144	-0.0192	-0.2015	0.9792	336.78	358.18	357.94
2026-05-08T14:27:54.4614943+08:00	0x02	0.0166	-0.0045	-0.9729	0.2304	206.65	358.03	359.93
2026-05-08T14:27:54.5436308+08:00	0x01	-0.0187	-0.0650	-0.2283	0.9712	333.76	353.22	356.21
2026-05-08T14:27:54.6215864+08:00	0x05	0.0105	0.0093	0.4344	0.9006	51.51	1.49	0.62
2026-05-08T14:27:54.6479123+08:00	0x09	0.0522	-0.0677	-0.6404	0.7633	280.04	350.20	359.60
2026-05-08T14:27:54.7662479+08:00	0x08	-0.0044	-0.0157	0.0535	0.9984	6.14	358.18	359.59
2026-05-08T14:27:54.8209324+08:00	0x07	-0.3912	-0.5979	0.6373	-0.2887	139.87	262.21	81.09
2026-05-08T14:27:54.8749655+08:00	0x03	0.0102	-0.0467	0.2655	0.9629	30.72	355.14	2.54
2026-05-08T14:27:54.9812776+08:00	0x06	0.4729	-0.1298	-0.7665	-0.4148	140.50	310.06	323.75
2026-05-08T14:27:55.0546911+08:00	0x04	-0.0144	-0.0192	-0.2015	0.9792	336.78	358.18	357.94
2026-05-08T14:27:55.1620114+08:00	0x09	0.0522	-0.0677	-0.6404	0.7633	280.04	350.20	359.60
2026-05-08T14:27:55.2175066+08:00	0x07	-0.4838	-0.5349	0.6652	-0.1934	143.60	264.72	63.98
2026-05-08T14:27:55.3245140+08:00	0x08	-0.0044	-0.0157	0.0535	0.9984	6.14	358.18	359.59
2026-05-08T14:27:55.4647631+08:00	0x03	0.0102	-0.0467	0.2655	0.9629	30.72	355.14	2.54
2026-05-08T14:27:55.5215164+08:00	0x04	-0.0144	-0.0192	-0.2015	0.9792	336.78	358.18	357.94
2026-05-08T14:27:55.5720241+08:00	0x06	0.5990	-0.1241	-0.7792	-0.1366	176.05	285.63	339.08
2026-05-08T14:27:55.6420799+08:00	0x01	-0.0187	-0.0650	-0.2283	0.9712	333.76	353.22	356.21
2026-05-08T14:27:55.7454029+08:00	0x09	0.0522	-0.0677	-0.6404	0.7633	280.04	350.20	359.60
2026-05-08T14:27:55.8609098+08:00	0x07	-0.6250	-0.4071	0.5524	-0.3721	165.97	253.76	66.19
2026-05-08T14:27:56.0089924+08:00	0x03	0.0102	-0.0467	0.2655	0.9629	30.72	355.14	2.54
2026-05-08T14:27:56.0845375+08:00	0x06	0.6655	-0.1050	-0.7301	-0.1141	178.38	275.55	342.23
2026-05-08T14:27:56.1140361+08:00	0x04	-0.0144	-0.0192	-0.2015	0.9792	336.78	358.18	357.94
2026-05-08T14:27:56.2148232+08:00	0x01	-0.0187	-0.0650	-0.2283	0.9712	333.76	353.22	356.21
2026-05-08T14:27:56.2560306+08:00	0x02	0.0166	-0.0045	-0.9729	0.2304	206.65	358.03	359.94
2026-05-08T14:27:56.4486547+08:00	0x08	-0.0044	-0.0157	0.0535	0.9984	6.14	358.18	359.60
2026-05-08T14:27:56.5437377+08:00	0x03	0.0102	-0.0468	0.2655	0.9629	30.72	355.14	2.54
2026-05-08T14:27:56.7102854+08:00	0x04	-0.0144	-0.0192	-0.2015	0.9792	336.78	358.18	357.94
2026-05-08T14:27:56.7802087+08:00	0x07	-0.3628	-0.5579	0.4050	-0.6270	345.86	74.28	65.07
2026-05-08T14:27:56.8631805+08:00	0x09	0.0522	-0.0677	-0.6404	0.7633	280.04	350.20	359.60
2026-05-08T14:27:56.9052772+08:00	0x05	0.0105	0.0093	0.4344	0.9006	51.51	1.49	0.62
2026-05-08T14:27:56.9645496+08:00	0x08	-0.0044	-0.0157	0.0535	0.9984	6.14	358.18	359.60
2026-05-08T14:27:57.0910750+08:00	0x03	0.0102	-0.0467	0.2655	0.9629	30.72	355.14	2.54
2026-05-08T14:27:57.1748232+08:00	0x04	-0.0144	-0.0192	-0.2015	0.9792	336.78	358.18	357.94
2026-05-08T14:27:57.3098934+08:00	0x01	-0.0187	-0.0650	-0.2283	0.9712	333.76	353.22	356.21
2026-05-08T14:27:57.3561187+08:00	0x07	-0.2964	-0.5958	0.3403	-0.6644	350.51	79.02	53.07
2026-05-08T14:27:57.4069746+08:00	0x09	0.0522	-0.0677	-0.6404	0.7633	280.04	350.20	359.60
2026-05-08T14:27:57.5269835+08:00	0x08	-0.0044	-0.0157	0.0535	0.9984	6.14	358.18	359.60
2026-05-08T14:27:57.6219842+08:00	0x03	0.0102	-0.0467	0.2655	0.9629	30.72	355.14	2.54
2026-05-08T14:27:57.6995943+08:00	0x04	-0.0144	-0.0192	-0.2015	0.9792	336.78	358.18	357.94
2026-05-08T14:27:57.7802219+08:00	0x02	0.0167	-0.0045	-0.9729	0.2304	206.65	358.02	359.93
2026-05-08T14:27:57.8597864+08:00	0x07	-0.2984	-0.5947	0.3423	-0.6634	350.42	78.92	53.43
2026-05-08T14:27:57.8801655+08:00	0x01	-0.0187	-0.0650	-0.2283	0.9712	333.76	353.22	356.21
2026-05-08T14:27:57.9434185+08:00	0x09	0.0522	-0.0677	-0.6404	0.7633	280.04	350.20	359.60
2026-05-08T14:27:58.0904328+08:00	0x08	-0.0044	-0.0157	0.0535	0.9984	6.14	358.18	359.59
2026-05-08T14:27:58.1713654+08:00	0x03	0.0102	-0.0467	0.2655	0.9629	30.72	355.14	2.54
2026-05-08T14:27:58.2121665+08:00	0x06	0.6703	-0.0415	-0.7368	-0.0782	176.54	275.70	350.45
2026-05-08T14:27:58.2809808+08:00	0x04	-0.0144	-0.0192	-0.2015	0.9792	336.78	358.18	357.94
2026-05-08T14:27:58.4109441+08:00	0x01	-0.0187	-0.0650	-0.2283	0.9712	333.76	353.22	356.21
2026-05-08T14:27:58.4803082+08:00	0x09	0.0522	-0.0677	-0.6404	0.7633	280.04	350.20	359.60
2026-05-08T14:27:58.5375625+08:00	0x07	-0.2380	-0.6207	0.2793	-0.6929	352.85	80.92	42.57
2026-05-08T14:27:58.6987053+08:00	0x03	0.0102	-0.0467	0.2655	0.9629	30.72	355.14	2.54
2026-05-08T14:27:58.8356898+08:00	0x06	0.6705	-0.0355	-0.7377	-0.0707	176.71	275.71	351.54
2026-05-08T14:27:58.8456177+08:00	0x04	-0.0144	-0.0192	-0.2015	0.9792	336.78	358.18	357.94
2026-05-08T14:27:58.8891897+08:00	0x01	-0.0187	-0.0650	-0.2283	0.9712	333.76	353.22	356.21
2026-05-08T14:27:59.0664446+08:00	0x09	0.0522	-0.0677	-0.6404	0.7633	280.04	350.20	359.60
2026-05-08T14:27:59.2508721+08:00	0x03	0.0102	-0.0467	0.2655	0.9629	30.72	355.14	2.54
2026-05-08T14:27:59.3207001+08:00	0x06	0.6706	-0.0270	-0.7389	-0.0603	176.94	275.74	353.06
2026-05-08T14:27:59.4154954+08:00	0x02	0.0167	-0.0045	-0.9729	0.2304	206.65	358.02	359.93
2026-05-08T14:27:59.4904727+08:00	0x07	-0.2009	-0.6338	0.2382	-0.7079	354.14	81.78	35.90
2026-05-08T14:27:59.5193926+08:00	0x09	0.0522	-0.0677	-0.6404	0.7633	280.04	350.20	359.60
2026-05-08T14:27:59.5855434+08:00	0x08	-0.0044	-0.0157	0.0535	0.9984	6.14	358.18	359.59
2026-05-08T14:27:59.7851549+08:00	0x03	0.0102	-0.0467	0.2655	0.9629	30.72	355.14	2.54
2026-05-08T14:27:59.8165126+08:00	0x06	0.6697	-0.0167	-0.7402	-0.0573	176.40	275.90	354.18
2026-05-08T14:28:04.4362407+08:00	0x04	-0.0144	-0.0192	-0.2015	0.9792	336.78	358.18	357.94
2026-05-08T14:28:04.4362407+08:00	0x07	-0.1470	-0.6467	0.1753	-0.7276	355.85	82.30	26.15
2026-05-08T14:28:04.4362407+08:00	0x09	0.0522	-0.0677	-0.6404	0.7633	280.04	350.20	359.60
2026-05-08T14:28:04.4362407+08:00	0x05	0.0105	0.0093	0.4344	0.9006	51.51	1.49	0.62
2026-05-08T14:28:04.4362407+08:00	0x08	-0.0044	-0.0157	0.0535	0.9984	6.14	358.18	359.59
2026-05-08T14:28:04.4362407+08:00	0x03	0.0102	-0.0467	0.2655	0.9629	30.72	355.14	2.55
2026-05-08T14:28:04.4362407+08:00	0x04	-0.0144	-0.0191	-0.2015	0.9792	336.78	358.18	357.94
2026-05-08T14:28:04.4362407+08:00	0x01	-0.0187	-0.0650	-0.2283	0.9712	333.76	353.22	356.21
2026-05-08T14:28:04.4362407+08:00	0x07	-0.1251	-0.6354	0.1681	-0.7432	354.31	79.87	23.55
2026-05-08T14:28:04.4362407+08:00	0x08	-0.0044	-0.0157	0.0535	0.9984	6.14	358.18	359.60
2026-05-08T14:28:04.4362407+08:00	0x09	0.0522	-0.0677	-0.6404	0.7633	280.04	350.20	359.60
2026-05-08T14:28:04.4362407+08:00	0x06	0.7065	0.0345	-0.7058	-0.0394	174.01	269.97	359.60
2026-05-08T14:28:04.4362407+08:00	0x04	-0.0144	-0.0191	-0.2015	0.9792	336.78	358.18	357.94
2026-05-08T14:28:04.4362407+08:00	0x07	-0.0230	-0.6653	0.0934	-0.7403	353.74	83.39	9.10
2026-05-08T14:28:04.4362407+08:00	0x09	0.0522	-0.0677	-0.6404	0.7633	280.04	350.20	359.60
2026-05-08T14:28:04.4362407+08:00	0x08	-0.0044	-0.0157	0.0535	0.9984	6.14	358.18	359.60
2026-05-08T14:28:04.4362407+08:00	0x06	0.7030	0.0446	-0.7094	-0.0251	174.36	270.44	1.60
2026-05-08T14:28:04.4362407+08:00	0x03	0.0102	-0.0467	0.2655	0.9629	30.72	355.15	2.54
2026-05-08T14:28:04.4362407+08:00	0x04	-0.0144	-0.0191	-0.2015	0.9792	336.78	358.18	357.94
2026-05-08T14:28:04.4362407+08:00	0x01	-0.0187	-0.0650	-0.2283	0.9712	333.76	353.22	356.21
2026-05-08T14:28:04.4362407+08:00	0x02	0.0167	-0.0045	-0.9729	0.2304	206.65	358.02	359.93
2026-05-08T14:28:04.4362407+08:00	0x09	0.0522	-0.0677	-0.6404	0.7633	280.04	350.20	359.60
2026-05-08T14:28:04.4362407+08:00	0x08	-0.0044	-0.0157	0.0535	0.9984	6.14	358.18	359.60
2026-05-08T14:28:04.4362407+08:00	0x06	0.7054	0.0397	-0.7068	-0.0358	173.87	270.09	0.32
2026-05-08T14:28:04.4362407+08:00	0x07	0.0016	-0.6776	0.0855	-0.7305	352.66	85.28	6.52
2026-05-08T14:28:04.4362407+08:00	0x04	-0.0144	-0.0191	-0.2015	0.9792	336.78	358.18	357.94
2026-05-08T14:28:04.4362407+08:00	0x02	0.0167	-0.0045	-0.9729	0.2304	206.65	358.02	359.93
2026-05-08T14:28:04.4362407+08:00	0x03	0.0102	-0.0467	0.2655	0.9629	30.72	355.15	2.55
2026-05-08T14:28:04.4362407+08:00	0x09	0.0522	-0.0677	-0.6404	0.7633	280.04	350.20	359.60
2026-05-08T14:28:04.4362407+08:00	0x03	0.0102	-0.0467	0.2655	0.9629	30.72	355.15	2.55
2026-05-08T14:28:04.4362407+08:00	0x07	-0.0460	-0.7935	0.1673	-0.5833	352.60	106.15	18.61
2026-05-08T14:28:04.4362407+08:00	0x02	0.0167	-0.0045	-0.9729	0.2304	206.65	358.02	359.94
2026-05-08T14:28:04.4362407+08:00	0x08	-0.0044	-0.0157	0.0535	0.9984	6.14	358.18	359.59
2026-05-08T14:28:04.4362407+08:00	0x06	0.4704	0.0910	-0.8613	0.1688	192.49	304.75	18.40
2026-05-08T14:28:04.4372388+08:00	0x03	0.0102	-0.0467	0.2655	0.9629	30.72	355.14	2.55
2026-05-08T14:28:04.4372388+08:00	0x07	-0.1631	-0.6936	0.1504	-0.6854	1.27	90.97	25.60
2026-05-08T14:28:04.4372388+08:00	0x09	0.0522	-0.0677	-0.6404	0.7633	280.04	350.20	359.60
2026-05-08T14:28:04.4372388+08:00	0x02	0.0166	-0.0045	-0.9729	0.2304	206.65	358.03	359.93
2026-05-08T14:28:04.4372388+08:00	0x03	0.0102	-0.0467	0.2655	0.9629	30.72	355.15	2.55
2026-05-08T14:28:04.4372388+08:00	0x06	0.4144	0.0333	-0.9094	0.0135	179.83	310.99	4.12
2026-05-08T14:28:04.4372388+08:00	0x02	0.0166	-0.0045	-0.9729	0.2304	206.65	358.03	359.93
2026-05-08T14:28:04.4372388+08:00	0x08	-0.0044	-0.0157	0.0535	0.9984	6.14	358.17	359.60
2026-05-08T14:28:04.4372388+08:00	0x06	0.4163	0.0351	-0.9084	0.0182	180.22	310.76	4.52
2026-05-08T14:28:04.4372388+08:00	0x03	0.0102	-0.0467	0.2655	0.9629	30.72	355.15	2.55
2026-05-08T14:28:04.4372388+08:00	0x07	-0.1596	-0.6969	0.1510	-0.6826	1.04	91.42	25.36
2026-05-08T14:28:04.4372388+08:00	0x02	0.0166	-0.0045	-0.9729	0.2304	206.65	358.03	359.93
2026-05-08T14:31:13.5801587+08:00	0x08	-0.0044	-0.0157	0.0535	0.9984	6.14	358.17	359.60
2026-05-08T14:31:13.5801587+08:00	0x06	0.2926	0.0048	-0.9530	0.0780	188.41	326.10	3.14
2026-05-08T14:31:13.5801587+08:00	0x04	-0.0144	-0.0191	-0.2015	0.9792	336.78	358.18	357.94
2026-05-08T14:31:13.5801587+08:00	0x03	0.0102	-0.0467	0.2655	0.9629	30.72	355.14	2.55
2026-05-08T14:31:13.5801587+08:00	0x01	-0.0186	-0.0649	-0.2283	0.9712	333.76	353.23	356.23
2026-05-08T14:31:13.5801587+08:00	0x02	0.0166	-0.0045	-0.9729	0.2304	206.65	358.03	359.93
2026-05-08T14:31:13.5801587+08:00	0x09	0.0522	-0.0677	-0.6404	0.7633	280.04	350.20	359.60
2026-05-08T14:31:13.5801587+08:00	0x08	-0.0044	-0.0157	0.0535	0.9984	6.14	358.17	359.60
2026-05-08T14:31:13.5801587+08:00	0x03	0.0102	-0.0467	0.2655	0.9629	30.72	355.14	2.55
2026-05-08T14:31:13.5801587+08:00	0x07	-0.7090	-0.5496	0.4000	-0.1876	117.34	210.63	44.88
2026-05-08T14:31:13.5801587+08:00	0x01	-0.0186	-0.0649	-0.2283	0.9712	333.76	353.23	356.22
2026-05-08T14:31:13.5801587+08:00	0x02	0.0166	-0.0045	-0.9729	0.2304	206.65	358.03	359.93
2026-05-08T14:31:13.5801587+08:00	0x09	0.0522	-0.0677	-0.6404	0.7633	280.04	350.20	359.60
2026-05-08T14:31:13.5801587+08:00	0x05	0.0104	0.0094	0.4344	0.9006	51.51	1.49	0.61
2026-05-08T14:31:13.5801587+08:00	0x08	-0.0044	-0.0157	0.0535	0.9984	6.14	358.17	359.60
2026-05-08T14:31:13.5801587+08:00	0x06	0.2899	0.0046	-0.9509	0.1088	191.81	326.52	4.12
2026-05-08T14:31:13.5801587+08:00	0x03	0.0102	-0.0467	0.2655	0.9629	30.72	355.14	2.55
2026-05-08T14:31:13.5801587+08:00	0x07	-0.7884	-0.4292	0.4265	-0.1110	136.20	223.35	32.76
2026-05-08T14:31:13.5801587+08:00	0x04	-0.0144	-0.0191	-0.2015	0.9792	336.78	358.18	357.94
2026-05-08T14:31:13.5801587+08:00	0x02	0.0166	-0.0045	-0.9729	0.2304	206.65	358.03	359.93
2026-05-08T14:31:13.5801587+08:00	0x08	-0.0044	-0.0157	0.0535	0.9984	6.14	358.18	359.59
2026-05-08T14:31:13.5801587+08:00	0x06	0.2886	0.0044	-0.9501	0.1188	192.94	326.71	4.41
2026-05-08T14:31:13.5801587+08:00	0x07	-0.8065	-0.3925	0.4320	-0.0937	140.69	225.66	29.36
2026-05-08T14:31:13.5801587+08:00	0x02	0.0166	-0.0045	-0.9729	0.2304	206.65	358.03	359.94
2026-05-08T14:31:13.5801587+08:00	0x09	0.0522	-0.0677	-0.6404	0.7633	280.04	350.20	359.60
2026-05-08T14:31:13.5801587+08:00	0x08	-0.0044	-0.0157	0.0535	0.9984	6.14	358.18	359.60
2026-05-08T14:31:13.5801587+08:00	0x06	0.2881	0.0043	-0.9495	0.1242	193.54	326.79	4.57
2026-05-08T14:31:13.5801587+08:00	0x01	-0.0187	-0.0650	-0.2284	0.9712	333.76	353.23	356.22
2026-05-08T14:31:13.5801587+08:00	0x07	-0.8181	-0.3665	0.4357	-0.0816	143.65	227.09	26.92
2026-05-08T14:31:13.5801587+08:00	0x03	0.0102	-0.0467	0.2655	0.9629	30.72	355.14	2.55
2026-05-08T14:31:13.5801587+08:00	0x02	0.0166	-0.0045	-0.9729	0.2304	206.65	358.03	359.94
2026-05-08T14:31:13.5801587+08:00	0x09	0.0522	-0.0677	-0.6404	0.7633	280.04	350.20	359.60
2026-05-08T14:31:13.5801587+08:00	0x08	-0.0044	-0.0157	0.0535	0.9984	6.14	358.18	359.60
2026-05-08T14:31:13.5801587+08:00	0x06	0.2877	0.0038	-0.9490	0.1292	194.12	326.85	4.68
2026-05-08T14:31:13.5801587+08:00	0x03	0.0102	-0.0467	0.2655	0.9629	30.72	355.14	2.54
2026-05-08T14:31:13.5801587+08:00	0x07	-0.8274	-0.3437	0.4384	-0.0711	146.10	228.18	24.77
2026-05-08T14:31:13.5801587+08:00	0x09	0.0522	-0.0677	-0.6404	0.7633	280.04	350.20	359.60
2026-05-08T14:31:13.5801587+08:00	0x02	0.0166	-0.0045	-0.9729	0.2304	206.65	358.03	359.94
2026-05-08T14:31:13.5801587+08:00	0x08	-0.0044	-0.0157	0.0535	0.9984	6.14	358.18	359.60
2026-05-08T14:31:13.5801587+08:00	0x06	0.2875	0.0035	-0.9485	0.1330	194.55	326.89	4.77
2026-05-08T14:31:13.5801587+08:00	0x03	0.0102	-0.0467	0.2655	0.9629	30.72	355.14	2.55
2026-05-08T14:31:13.5801587+08:00	0x07	-0.8329	-0.3296	0.4398	-0.0648	147.57	228.76	23.45
2026-05-08T14:31:13.5801587+08:00	0x04	-0.0145	-0.0192	-0.2015	0.9792	336.78	358.18	357.93
2026-05-08T14:31:13.5801587+08:00	0x02	0.0166	-0.0045	-0.9729	0.2304	206.65	358.03	359.94
2026-05-08T14:31:13.5801587+08:00	0x05	0.0105	0.0093	0.4344	0.9006	51.51	1.49	0.62
2026-05-08T14:31:13.5801587+08:00	0x09	0.0522	-0.0677	-0.6404	0.7633	280.04	350.20	359.60
2026-05-08T14:31:13.5801587+08:00	0x06	0.2906	0.0024	-0.9465	0.1401	195.35	326.53	4.93
2026-05-08T14:31:13.5801587+08:00	0x03	0.0102	-0.0467	0.2655	0.9629	30.72	355.14	2.54
2026-05-08T14:31:13.5801587+08:00	0x07	-0.8373	-0.3176	0.4409	-0.0596	148.79	229.23	22.33
2026-05-08T14:31:13.5801587+08:00	0x01	-0.0187	-0.0650	-0.2284	0.9712	333.76	353.23	356.21
2026-05-08T14:31:13.5801587+08:00	0x02	0.0167	-0.0045	-0.9729	0.2304	206.65	358.02	359.93
2026-05-08T14:31:13.5811548+08:00	0x09	0.0523	-0.0677	-0.6404	0.7633	280.04	350.19	359.60
2026-05-08T14:31:13.5811548+08:00	0x06	0.2726	0.0177	-0.9513	0.1431	195.32	328.89	6.41
2026-05-08T14:31:13.5811548+08:00	0x03	0.0102	-0.0467	0.2655	0.9629	30.72	355.15	2.54
2026-05-08T14:31:13.5811548+08:00	0x07	-0.8427	-0.2947	0.4479	-0.0486	151.12	230.72	20.24
2026-05-08T14:31:13.5811548+08:00	0x01	-0.0187	-0.0650	-0.2284	0.9712	333.76	353.22	356.21
2026-05-08T14:31:13.5811548+08:00	0x02	0.0167	-0.0045	-0.9729	0.2304	206.65	358.02	359.93
2026-05-08T14:31:13.5811548+08:00	0x09	0.0523	-0.0677	-0.6404	0.7633	280.04	350.19	359.60
2026-05-08T14:31:13.5811548+08:00	0x06	0.2549	0.0288	-0.9558	0.1439	195.22	331.12	7.38
2026-05-08T14:31:13.5811548+08:00	0x03	0.0102	-0.0467	0.2655	0.9629	30.72	355.15	2.54
2026-05-08T14:31:13.5811548+08:00	0x07	-0.8402	-0.2947	0.4529	-0.0457	151.10	231.42	20.11
2026-05-08T14:31:13.5811548+08:00	0x01	-0.0187	-0.0650	-0.2284	0.9712	333.76	353.22	356.21
2026-05-08T14:31:13.5811548+08:00	0x09	0.0523	-0.0677	-0.6404	0.7633	280.04	350.19	359.60
2026-05-08T14:31:13.5811548+08:00	0x06	0.2498	0.0320	-0.9566	0.1465	195.47	331.78	7.72
2026-05-08T14:31:13.5811548+08:00	0x04	-0.0144	-0.0192	-0.2015	0.9792	336.78	358.18	357.94
2026-05-08T14:31:13.5811548+08:00	0x03	0.0102	-0.0467	0.2655	0.9629	30.72	355.15	2.54
2026-05-08T14:31:13.5811548+08:00	0x07	-0.8401	-0.2926	0.4546	-0.0444	151.31	231.69	19.92
2026-05-08T14:31:13.5811548+08:00	0x02	0.0167	-0.0045	-0.9729	0.2304	206.65	358.02	359.93
2026-05-08T14:31:13.5811548+08:00	0x09	0.0523	-0.0677	-0.6404	0.7633	280.04	350.19	359.60
2026-05-08T14:31:13.5811548+08:00	0x08	-0.0044	-0.0157	0.0535	0.9984	6.14	358.18	359.60
2026-05-08T14:31:13.5811548+08:00	0x06	0.2492	0.0329	-0.9565	0.1482	195.64	331.87	7.86
2026-05-08T14:31:13.5811548+08:00	0x04	-0.0144	-0.0192	-0.2015	0.9792	336.78	358.18	357.94
2026-05-08T14:31:13.5811548+08:00	0x07	-0.8404	-0.2916	0.4547	-0.0440	151.41	231.73	19.83
2026-05-08T14:31:13.5811548+08:00	0x01	-0.0187	-0.0650	-0.2284	0.9712	333.76	353.22	356.21
2026-05-08T14:31:13.5811548+08:00	0x02	0.0167	-0.0045	-0.9729	0.2304	206.65	358.02	359.93
2026-05-08T14:31:13.5811548+08:00	0x09	0.0523	-0.0677	-0.6404	0.7633	280.04	350.19	359.60
2026-05-08T14:31:13.5811548+08:00	0x06	0.2488	0.0338	-0.9562	0.1505	195.88	331.95	8.02
2026-05-08T14:31:13.5811548+08:00	0x04	-0.0144	-0.0192	-0.2015	0.9792	336.78	358.18	357.94
2026-05-08T14:31:13.5811548+08:00	0x01	-0.0187	-0.0650	-0.2284	0.9712	333.76	353.22	356.21
2026-05-08T14:31:13.5811548+08:00	0x02	0.0167	-0.0045	-0.9729	0.2304	206.65	358.02	359.93
2026-05-08T14:31:13.5811548+08:00	0x09	0.0523	-0.0677	-0.6404	0.7633	280.04	350.19	359.60
2026-05-08T14:31:13.5811548+08:00	0x06	0.2472	0.0357	-0.9565	0.1508	195.88	332.16	8.21
2026-05-08T14:31:13.5811548+08:00	0x03	0.0102	-0.0467	0.2655	0.9629	30.72	355.15	2.54
2026-05-08T14:31:13.5811548+08:00	0x07	-0.8414	-0.2889	0.4549	-0.0422	151.65	231.82	19.50
2026-05-08T14:31:13.5811548+08:00	0x02	0.0167	-0.0045	-0.9729	0.2304	206.65	358.02	359.93
2026-05-08T14:31:13.5811548+08:00	0x09	0.0522	-0.0677	-0.6404	0.7633	280.04	350.20	359.60
2026-05-08T14:31:13.5811548+08:00	0x06	0.2539	0.0317	-0.9551	0.1495	195.78	331.32	7.85
2026-05-08T14:31:13.5811548+08:00	0x04	-0.0144	-0.0192	-0.2015	0.9792	336.78	358.18	357.94
2026-05-08T14:31:13.5811548+08:00	0x07	-0.8438	-0.2874	0.4512	-0.0423	151.74	231.36	19.31
2026-05-08T14:31:13.5811548+08:00	0x02	0.0167	-0.0045	-0.9729	0.2304	206.65	358.02	359.94
2026-05-08T14:31:13.5811548+08:00	0x08	-0.0044	-0.0157	0.0535	0.9984	6.14	358.18	359.60
2026-05-08T14:31:13.5811548+08:00	0x09	0.0523	-0.0677	-0.6404	0.7633	280.04	350.19	359.60
2026-05-08T14:31:13.5811548+08:00	0x06	0.2575	0.0328	-0.9540	0.1503	195.82	330.91	8.05
2026-05-08T14:31:13.5811548+08:00	0x03	0.0102	-0.0467	0.2655	0.9629	30.72	355.15	2.54
2026-05-08T14:31:13.5811548+08:00	0x07	-0.8431	-0.2913	0.4501	-0.0408	151.21	231.19	19.34
2026-05-08T14:31:13.5811548+08:00	0x02	0.0166	-0.0046	-0.9729	0.2304	206.65	358.03	359.93
2026-05-08T14:31:13.5811548+08:00	0x08	-0.0044	-0.0157	0.0535	0.9984	6.14	358.18	359.59
2026-05-08T14:31:13.5811548+08:00	0x09	0.0523	-0.0677	-0.6404	0.7633	280.04	350.20	359.61
2026-05-08T14:31:13.5811548+08:00	0x06	0.2570	0.0345	-0.9539	0.1509	195.84	330.99	8.24
2026-05-08T14:31:13.5811548+08:00	0x07	-0.8421	-0.2961	0.4491	-0.0388	150.55	231.02	19.34
2026-05-08T14:31:13.5811548+08:00	0x01	-0.0187	-0.0650	-0.2283	0.9712	333.76	353.22	356.21
2026-05-08T14:31:13.5811548+08:00	0x05	0.0106	0.0094	0.4344	0.9006	51.51	1.49	0.62
2026-05-08T14:31:13.5811548+08:00	0x08	-0.0044	-0.0157	0.0535	0.9984	6.14	358.18	359.59
2026-05-08T14:31:13.5811548+08:00	0x09	0.0523	-0.0677	-0.6404	0.7633	280.04	350.20	359.61
2026-05-08T14:31:13.5811548+08:00	0x06	0.2640	0.0347	-0.9509	0.1578	196.56	330.22	8.59
2026-05-08T14:31:13.5811548+08:00	0x04	-0.0145	-0.0192	-0.2015	0.9792	336.78	358.18	357.93
2026-05-08T14:31:13.5811548+08:00	0x01	-0.0187	-0.0650	-0.2283	0.9712	333.76	353.22	356.21
2026-05-08T14:31:13.5811548+08:00	0x02	0.0166	-0.0045	-0.9729	0.2304	206.65	358.03	359.93
2026-05-08T14:31:13.5811548+08:00	0x09	0.0523	-0.0677	-0.6404	0.7633	280.04	350.20	359.61
2026-05-08T14:31:13.5811548+08:00	0x06	0.2553	0.0383	-0.9531	0.1580	196.56	331.30	8.84
2026-05-08T14:31:13.5811548+08:00	0x04	-0.0144	-0.0192	-0.2015	0.9792	336.78	358.18	357.94
2026-05-08T14:31:13.5811548+08:00	0x03	0.0101	-0.0467	0.2655	0.9629	30.72	355.14	2.54
2026-05-08T14:31:13.5811548+08:00	0x07	-0.8428	-0.2928	0.4503	-0.0344	150.75	231.30	18.77
2026-05-08T14:31:13.5821529+08:00	0x02	0.0166	-0.0045	-0.9729	0.2304	206.65	358.03	359.93
2026-05-08T14:31:13.5821529+08:00	0x06	0.2537	0.0391	-0.9536	0.1573	196.48	331.49	8.88
2026-05-08T14:31:13.5821529+08:00	0x04	-0.0144	-0.0192	-0.2015	0.9792	336.78	358.18	357.94
2026-05-08T14:31:13.5821529+08:00	0x07	-0.8429	-0.2921	0.4505	-0.0348	150.86	231.32	18.77
2026-05-08T14:31:13.5821529+08:00	0x09	0.0523	-0.0677	-0.6404	0.7633	280.04	350.19	359.60
2026-05-08T14:31:13.5821529+08:00	0x02	0.0165	-0.0045	-0.9729	0.2304	206.65	358.04	359.93
2026-05-08T14:31:13.5821529+08:00	0x09	0.0522	-0.0677	-0.6404	0.7633	280.04	350.20	359.60
2026-05-08T14:31:13.5821529+08:00	0x03	0.0102	-0.0467	0.2655	0.9629	30.72	355.15	2.54
2026-05-08T14:31:13.5821529+08:00	0x07	-0.8424	-0.2921	0.4513	-0.0362	150.94	231.41	18.94
2026-05-08T14:31:13.5821529+08:00	0x01	-0.0186	-0.0649	-0.2284	0.9712	333.76	353.23	356.22
2026-05-08T14:31:13.5821529+08:00	0x02	0.0165	-0.0045	-0.9729	0.2304	206.65	358.04	359.93
2026-05-08T14:31:13.5821529+08:00	0x08	-0.0044	-0.0156	0.0535	0.9984	6.14	358.19	359.60
2026-05-08T14:31:13.5821529+08:00	0x05	0.0103	0.0093	0.4346	0.9005	51.53	1.47	0.61
2026-05-08T14:31:13.5821529+08:00	0x06	0.2491	0.0399	-0.9550	0.1557	196.31	332.03	8.84
2026-05-08T14:31:13.5821529+08:00	0x04	-0.0144	-0.0192	-0.2015	0.9792	336.78	358.18	357.94
2026-05-08T14:31:13.5821529+08:00	0x03	0.0102	-0.0467	0.2655	0.9629	30.72	355.15	2.54
2026-05-08T14:31:13.5821529+08:00	0x02	0.0166	-0.0045	-0.9729	0.2304	206.65	358.03	359.93
2026-05-08T14:31:13.5821529+08:00	0x09	0.0522	-0.0677	-0.6404	0.7633	280.04	350.20	359.60
2026-05-08T14:31:13.5821529+08:00	0x08	-0.0044	-0.0156	0.0535	0.9984	6.14	358.19	359.59
2026-05-08T14:31:13.5821529+08:00	0x06	0.2489	0.0400	-0.9552	0.1550	196.24	332.05	8.83
2026-05-08T14:31:13.5821529+08:00	0x03	0.0102	-0.0467	0.2655	0.9629	30.72	355.14	2.54
2026-05-08T14:31:13.5821529+08:00	0x02	0.0166	-0.0045	-0.9729	0.2304	206.65	358.03	359.93
2026-05-08T14:31:13.5821529+08:00	0x09	0.0522	-0.0677	-0.6404	0.7633	280.04	350.20	359.60
2026-05-08T14:31:13.5821529+08:00	0x06	0.2485	0.0402	-0.9553	0.1549	196.22	332.11	8.85
2026-05-08T14:31:13.5821529+08:00	0x04	-0.0144	-0.0192	-0.2015	0.9792	336.78	358.18	357.94
2026-05-08T14:31:13.5821529+08:00	0x03	0.0102	-0.0467	0.2655	0.9629	30.72	355.14	2.54
2026-05-08T14:31:13.5821529+08:00	0x07	-0.8416	-0.2912	0.4533	-0.0377	151.14	231.66	19.12
2026-05-08T14:31:13.5821529+08:00	0x02	0.0166	-0.0045	-0.9729	0.2304	206.65	358.03	359.93
2026-05-08T14:31:13.5821529+08:00	0x08	-0.0044	-0.0156	0.0535	0.9984	6.14	358.18	359.59
2026-05-08T14:31:13.5821529+08:00	0x09	0.0522	-0.0677	-0.6404	0.7633	280.04	350.20	359.60
2026-05-08T14:31:13.5821529+08:00	0x06	0.2479	0.0405	-0.9554	0.1553	196.27	332.18	8.89
2026-05-08T14:31:13.5821529+08:00	0x03	0.0102	-0.0467	0.2655	0.9629	30.72	355.14	2.54
2026-05-08T14:31:13.5821529+08:00	0x01	-0.0187	-0.0650	-0.2284	0.9712	333.76	353.23	356.21
2026-05-08T14:31:13.5821529+08:00	0x02	0.0166	-0.0045	-0.9729	0.2304	206.65	358.03	359.94
2026-05-08T14:31:13.5821529+08:00	0x09	0.0522	-0.0677	-0.6404	0.7633	280.04	350.20	359.60
2026-05-08T14:31:13.5821529+08:00	0x06	0.2473	0.0408	-0.9555	0.1555	196.28	332.26	8.91
2026-05-08T14:31:13.5821529+08:00	0x04	-0.0144	-0.0192	-0.2015	0.9792	336.78	358.18	357.94
2026-05-08T14:31:13.5821529+08:00	0x03	0.0102	-0.0467	0.2655	0.9629	30.72	355.14	2.54
2026-05-08T14:31:13.5821529+08:00	0x08	-0.0044	-0.0157	0.0535	0.9984	6.14	358.18	359.59
2026-05-08T14:31:13.5821529+08:00	0x02	0.0166	-0.0045	-0.9729	0.2304	206.65	358.03	359.93
2026-05-08T14:31:13.5821529+08:00	0x05	0.0104	0.0093	0.4347	0.9005	51.54	1.48	0.61
2026-05-08T14:31:13.5821529+08:00	0x04	-0.0144	-0.0192	-0.2015	0.9792	336.78	358.18	357.94
2026-05-08T14:31:13.5821529+08:00	0x08	-0.0044	-0.0157	0.0535	0.9984	6.14	358.18	359.60
2026-05-08T14:31:13.5821529+08:00	0x01	-0.0187	-0.0650	-0.2284	0.9712	333.76	353.23	356.21
2026-05-08T14:31:13.5821529+08:00	0x07	-0.8414	-0.2909	0.4538	-0.0380	151.21	231.72	19.15
2026-05-08T14:31:13.5821529+08:00	0x02	0.0167	-0.0045	-0.9729	0.2304	206.65	358.02	359.94
2026-05-08T14:31:13.5821529+08:00	0x09	0.0522	-0.0677	-0.6404	0.7633	280.04	350.20	359.60
2026-05-08T14:31:13.5821529+08:00	0x08	-0.0044	-0.0157	0.0535	0.9984	6.14	358.18	359.60
2026-05-08T14:31:13.5821529+08:00	0x06	0.2469	0.0411	-0.9555	0.1561	196.35	332.31	8.95
2026-05-08T14:31:13.5821529+08:00	0x01	-0.0187	-0.0650	-0.2284	0.9712	333.76	353.23	356.21
2026-05-08T14:31:13.5821529+08:00	0x03	0.0102	-0.0467	0.2655	0.9629	30.72	355.14	2.54
2026-05-08T14:31:13.5821529+08:00	0x07	-0.8414	-0.2908	0.4538	-0.0380	151.21	231.72	19.14
2026-05-08T14:31:13.5821529+08:00	0x02	0.0167	-0.0045	-0.9729	0.2304	206.65	358.02	359.94
2026-05-08T14:31:13.5821529+08:00	0x09	0.0522	-0.0677	-0.6404	0.7633	280.04	350.20	359.60
2026-05-08T14:31:13.5821529+08:00	0x06	0.2467	0.0414	-0.9555	0.1565	196.39	332.34	8.99
2026-05-08T14:31:13.5821529+08:00	0x07	-0.8414	-0.2908	0.4538	-0.0381	151.22	231.73	19.15
2026-05-08T14:31:13.5821529+08:00	0x03	0.0102	-0.0467	0.2655	0.9629	30.72	355.14	2.55
2026-05-08T14:31:13.5821529+08:00	0x02	0.0167	-0.0045	-0.9729	0.2304	206.65	358.02	359.94
2026-05-08T14:31:13.5821529+08:00	0x08	-0.0044	-0.0157	0.0535	0.9984	6.14	358.18	359.60
2026-05-08T14:31:13.5821529+08:00	0x06	0.2465	0.0413	-0.9557	0.1557	196.30	332.36	8.95
2026-05-08T14:31:13.5821529+08:00	0x04	-0.0144	-0.0192	-0.2015	0.9792	336.78	358.18	357.94
2026-05-08T14:31:13.5821529+08:00	0x01	-0.0187	-0.0650	-0.2284	0.9712	333.76	353.22	356.21
2026-05-08T14:31:13.5831494+08:00	0x03	0.0102	-0.0467	0.2655	0.9629	30.72	355.14	2.55
2026-05-08T14:31:13.5831494+08:00	0x02	0.0167	-0.0045	-0.9729	0.2304	206.65	358.02	359.94
2026-05-08T14:31:13.5831494+08:00	0x01	-0.0187	-0.0650	-0.2284	0.9712	333.76	353.22	356.22
2026-05-08T14:31:13.5831494+08:00	0x06	0.2462	0.0412	-0.9559	0.1549	196.22	332.38	8.92
2026-05-08T14:31:13.5831494+08:00	0x03	0.0102	-0.0468	0.2655	0.9629	30.72	355.14	2.55
2026-05-08T14:31:13.5831494+08:00	0x07	-0.8414	-0.2907	0.4540	-0.0381	151.24	231.75	19.15
2026-05-08T14:31:13.5831494+08:00	0x05	0.0104	0.0093	0.4346	0.9005	51.53	1.48	0.61
2026-05-08T14:31:13.5831494+08:00	0x02	0.0167	-0.0045	-0.9729	0.2304	206.65	358.02	359.94
2026-05-08T14:31:13.5831494+08:00	0x06	0.2462	0.0412	-0.9558	0.1551	196.24	332.39	8.93
2026-05-08T14:31:13.5831494+08:00	0x01	-0.0187	-0.0650	-0.2283	0.9712	333.76	353.22	356.21
2026-05-08T14:31:13.5831494+08:00	0x07	-0.8414	-0.2907	0.4540	-0.0382	151.25	231.75	19.17
2026-05-08T14:31:13.5831494+08:00	0x02	0.0167	-0.0045	-0.9729	0.2304	206.65	358.02	359.94
2026-05-08T14:31:13.5831494+08:00	0x06	0.2461	0.0415	-0.9558	0.1557	196.30	332.41	8.97
2026-05-08T14:31:13.5831494+08:00	0x04	-0.0144	-0.0191	-0.2015	0.9792	336.78	358.18	357.94
2026-05-08T14:31:13.5831494+08:00	0x01	-0.0187	-0.0650	-0.2284	0.9712	333.76	353.22	356.21
2026-05-08T14:31:13.5831494+08:00	0x07	-0.8414	-0.2905	0.4541	-0.0381	151.25	231.76	19.14
2026-05-08T14:31:13.5831494+08:00	0x02	0.0166	-0.0045	-0.9729	0.2304	206.65	358.03	359.94
2026-05-08T14:31:13.5831494+08:00	0x09	0.0522	-0.0677	-0.6404	0.7633	280.04	350.20	359.60
2026-05-08T14:31:13.5831494+08:00	0x04	-0.0144	-0.0191	-0.2015	0.9792	336.78	358.18	357.94
2026-05-08T14:31:13.5831494+08:00	0x01	-0.0187	-0.0650	-0.2284	0.9712	333.76	353.22	356.21
2026-05-08T14:31:13.5831494+08:00	0x03	0.0102	-0.0467	0.2655	0.9629	30.72	355.14	2.54
2026-05-08T14:31:13.5831494+08:00	0x02	0.0166	-0.0045	-0.9729	0.2304	206.65	358.03	359.94
2026-05-08T14:31:13.5831494+08:00	0x07	-0.8414	-0.2905	0.4541	-0.0383	151.26	231.76	19.16
2026-05-08T14:31:13.5831494+08:00	0x08	-0.0044	-0.0157	0.0535	0.9984	6.14	358.18	359.59
2026-05-08T14:31:13.5831494+08:00	0x06	0.2456	0.0424	-0.9555	0.1578	196.52	332.50	9.12
2026-05-08T14:31:13.5831494+08:00	0x04	-0.0144	-0.0191	-0.2015	0.9792	336.78	358.18	357.94
2026-05-08T14:31:13.5831494+08:00	0x03	0.0102	-0.0467	0.2655	0.9629	30.72	355.14	2.54
2026-05-08T14:31:13.5831494+08:00	0x02	0.0167	-0.0045	-0.9729	0.2304	206.65	358.02	359.94
2026-05-08T14:31:13.5831494+08:00	0x08	-0.0044	-0.0157	0.0535	0.9984	6.14	358.18	359.59
2026-05-08T14:31:13.5831494+08:00	0x04	-0.0144	-0.0191	-0.2015	0.9792	336.78	358.18	357.94
2026-05-08T14:31:13.5831494+08:00	0x07	-0.8415	-0.2903	0.4540	-0.0382	151.28	231.76	19.14
2026-05-08T14:31:13.5831494+08:00	0x03	0.0102	-0.0467	0.2655	0.9629	30.72	355.14	2.54
2026-05-08T14:31:13.5831494+08:00	0x02	0.0167	-0.0045	-0.9729	0.2304	206.65	358.02	359.94
2026-05-08T14:31:13.5831494+08:00	0x08	-0.0044	-0.0157	0.0535	0.9984	6.14	358.18	359.59
2026-05-08T14:31:13.5831494+08:00	0x06	0.2456	0.0431	-0.9549	0.1609	196.85	332.53	9.29
2026-05-08T14:31:13.5831494+08:00	0x04	-0.0144	-0.0191	-0.2015	0.9792	336.78	358.18	357.94
2026-05-08T14:31:13.5831494+08:00	0x03	0.0102	-0.0467	0.2655	0.9629	30.72	355.14	2.54
2026-05-08T14:31:13.5831494+08:00	0x07	-0.8415	-0.2901	0.4541	-0.0380	151.29	231.77	19.11
2026-05-08T14:31:13.5831494+08:00	0x01	-0.0187	-0.0650	-0.2284	0.9712	333.76	353.23	356.21
2026-05-08T14:31:13.5831494+08:00	0x02	0.0167	-0.0045	-0.9729	0.2304	206.65	358.02	359.94
2026-05-08T14:31:13.5831494+08:00	0x09	0.0522	-0.0677	-0.6404	0.7633	280.04	350.20	359.60
2026-05-08T14:31:13.5831494+08:00	0x08	-0.0044	-0.0157	0.0535	0.9984	6.14	358.18	359.59
2026-05-08T14:31:13.5831494+08:00	0x04	-0.0144	-0.0191	-0.2015	0.9792	336.78	358.18	357.94
2026-05-08T14:31:13.5831494+08:00	0x01	-0.0187	-0.0650	-0.2284	0.9712	333.76	353.23	356.21
2026-05-08T14:31:13.5831494+08:00	0x03	0.0102	-0.0467	0.2655	0.9629	30.72	355.14	2.54
2026-05-08T14:31:13.5831494+08:00	0x07	-0.8415	-0.2901	0.4541	-0.0381	151.31	231.77	19.12
2026-05-08T14:31:13.5831494+08:00	0x02	0.0167	-0.0045	-0.9729	0.2304	206.64	358.02	359.94
2026-05-08T14:31:13.5831494+08:00	0x09	0.0522	-0.0677	-0.6404	0.7633	280.04	350.20	359.60
2026-05-08T14:31:13.5831494+08:00	0x07	-0.8415	-0.2899	0.4542	-0.0380	151.33	231.79	19.11
2026-05-08T14:31:13.5831494+08:00	0x03	0.0102	-0.0467	0.2655	0.9629	30.72	355.14	2.54
2026-05-08T14:31:13.5841467+08:00	0x02	0.0167	-0.0045	-0.9729	0.2304	206.65	358.02	359.94
2026-05-08T14:31:13.5841467+08:00	0x04	-0.0144	-0.0192	-0.2015	0.9792	336.78	358.18	357.94
2026-05-08T14:31:13.5841467+08:00	0x03	0.0102	-0.0467	0.2655	0.9629	30.72	355.14	2.54
2026-05-08T14:31:13.5841467+08:00	0x02	0.0167	-0.0045	-0.9729	0.2304	206.65	358.02	359.94
2026-05-08T14:31:13.5841467+08:00	0x08	-0.0044	-0.0157	0.0535	0.9984	6.14	358.18	359.59
2026-05-08T14:31:13.5841467+08:00	0x09	0.0522	-0.0677	-0.6404	0.7633	280.04	350.20	359.60
2026-05-08T14:31:13.5841467+08:00	0x01	-0.0187	-0.0650	-0.2284	0.9712	333.76	353.23	356.21
2026-05-08T14:31:13.5841467+08:00	0x04	-0.0144	-0.0192	-0.2015	0.9792	336.78	358.18	357.94
2026-05-08T14:31:13.5841467+08:00	0x03	0.0102	-0.0467	0.2655	0.9629	30.72	355.14	2.54
2026-05-08T14:31:13.5841467+08:00	0x02	0.0167	-0.0045	-0.9729	0.2304	206.65	358.02	359.94
2026-05-08T14:31:13.5841467+08:00	0x08	-0.0044	-0.0157	0.0535	0.9984	6.14	358.18	359.59
2026-05-08T14:31:13.5841467+08:00	0x09	0.0522	-0.0677	-0.6404	0.7633	280.04	350.20	359.60
2026-05-08T14:31:13.5841467+08:00	0x07	-0.8420	-0.2900	0.4533	-0.0369	151.24	231.69	18.97
2026-05-08T14:31:13.5841467+08:00	0x04	-0.0144	-0.0192	-0.2015	0.9792	336.78	358.18	357.94
2026-05-08T14:31:13.5841467+08:00	0x03	0.0102	-0.0467	0.2655	0.9629	30.72	355.14	2.54
2026-05-08T14:31:13.5841467+08:00	0x02	0.0167	-0.0045	-0.9729	0.2304	206.65	358.02	359.94
2026-05-08T14:31:13.5841467+08:00	0x09	0.0522	-0.0677	-0.6404	0.7633	280.04	350.20	359.60
2026-05-08T14:31:13.5841467+08:00	0x06	0.2319	0.0368	-0.9587	0.1606	197.09	334.06	8.34
2026-05-08T14:31:13.5841467+08:00	0x01	-0.0187	-0.0650	-0.2284	0.9712	333.76	353.22	356.21
2026-05-08T14:31:13.5841467+08:00	0x07	-0.8430	-0.2807	0.4568	-0.0422	152.60	232.20	19.12
2026-05-08T14:31:13.5841467+08:00	0x03	0.0102	-0.0467	0.2655	0.9629	30.72	355.14	2.54
2026-05-08T14:31:13.5841467+08:00	0x02	0.0167	-0.0045	-0.9729	0.2304	206.65	358.02	359.94
2026-05-08T14:31:13.5841467+08:00	0x09	0.0522	-0.0677	-0.6404	0.7633	280.04	350.20	359.60
2026-05-08T14:31:13.5841467+08:00	0x06	0.2209	0.0279	-0.9635	0.1484	196.00	335.14	6.85
2026-05-08T14:31:13.5841467+08:00	0x01	-0.0187	-0.0650	-0.2283	0.9712	333.76	353.22	356.21
2026-05-08T14:31:13.5841467+08:00	0x04	-0.0144	-0.0192	-0.2015	0.9792	336.78	358.18	357.94
2026-05-08T14:31:13.5841467+08:00	0x03	0.0102	-0.0467	0.2655	0.9629	30.72	355.15	2.54
2026-05-08T14:31:13.5841467+08:00	0x02	0.0167	-0.0045	-0.9729	0.2304	206.65	358.02	359.94
2026-05-08T14:31:13.5841467+08:00	0x09	0.0522	-0.0677	-0.6404	0.7633	280.04	350.20	359.60
2026-05-08T14:31:13.5841467+08:00	0x07	-0.8432	-0.2507	0.4732	-0.0476	156.53	234.72	18.51
2026-05-08T14:31:13.5841467+08:00	0x05	0.0104	0.0093	0.4345	0.9005	51.53	1.48	0.61
2026-05-08T14:31:13.5841467+08:00	0x04	-0.0144	-0.0192	-0.2015	0.9792	336.78	358.18	357.94
2026-05-08T14:31:13.5841467+08:00	0x01	-0.0186	-0.0650	-0.2283	0.9712	333.76	353.23	356.22
2026-05-08T14:31:13.5841467+08:00	0x03	0.0102	-0.0467	0.2655	0.9629	30.72	355.14	2.54
2026-05-08T14:31:13.5841467+08:00	0x02	0.0166	-0.0045	-0.9729	0.2304	206.65	358.03	359.93
2026-05-08T14:31:13.5841467+08:00	0x08	-0.0044	-0.0157	0.0535	0.9984	6.14	358.18	359.59
2026-05-08T14:31:13.5841467+08:00	0x09	0.0522	-0.0677	-0.6404	0.7633	280.04	350.20	359.60
2026-05-08T14:31:13.5841467+08:00	0x07	-0.8351	-0.2476	0.4887	-0.0507	157.35	236.82	19.07
2026-05-08T14:31:13.5851439+08:00	0x01	-0.0186	-0.0649	-0.2283	0.9712	333.76	353.23	356.23
2026-05-08T14:31:13.5851439+08:00	0x03	0.0102	-0.0467	0.2655	0.9629	30.72	355.14	2.54
2026-05-08T14:31:13.5851439+08:00	0x02	0.0166	-0.0045	-0.9729	0.2304	206.65	358.03	359.93
2026-05-08T14:31:13.5851439+08:00	0x09	0.0522	-0.0677	-0.6404	0.7633	280.04	350.20	359.60
2026-05-08T14:31:13.5851439+08:00	0x07	-0.8333	-0.2466	0.4922	-0.0513	157.57	237.30	19.16
2026-05-08T14:31:13.5851439+08:00	0x04	-0.0144	-0.0192	-0.2015	0.9792	336.78	358.18	357.94
2026-05-08T14:31:13.5851439+08:00	0x03	0.0102	-0.0467	0.2655	0.9629	30.72	355.14	2.54
2026-05-08T14:31:13.5851439+08:00	0x02	0.0166	-0.0045	-0.9729	0.2304	206.65	358.03	359.93
2026-05-08T14:31:13.5851439+08:00	0x08	-0.0044	-0.0157	0.0535	0.9984	6.14	358.18	359.59
2026-05-08T14:31:13.5851439+08:00	0x09	0.0522	-0.0677	-0.6404	0.7633	280.04	350.20	359.60
2026-05-08T14:31:13.5851439+08:00	0x07	-0.8016	-0.3206	0.5012	-0.0590	149.99	237.35	24.58
2026-05-08T14:31:13.5851439+08:00	0x04	-0.0144	-0.0192	-0.2015	0.9792	336.78	358.18	357.94
2026-05-08T14:31:13.5851439+08:00	0x03	0.0102	-0.0467	0.2655	0.9629	30.72	355.14	2.54
2026-05-08T14:31:13.5851439+08:00	0x02	0.0166	-0.0045	-0.9729	0.2304	206.65	358.03	359.93
2026-05-08T14:31:13.5851439+08:00	0x09	0.0522	-0.0677	-0.6404	0.7633	280.04	350.20	359.60
2026-05-08T14:31:13.5851439+08:00	0x08	-0.0044	-0.0157	0.0535	0.9984	6.14	358.18	359.60
2026-05-08T14:31:13.5851439+08:00	0x07	-0.8189	-0.3056	0.4837	-0.0453	150.56	235.38	21.71
2026-05-08T14:31:13.5851439+08:00	0x03	0.0102	-0.0467	0.2655	0.9629	30.72	355.14	2.54
2026-05-08T14:31:13.5851439+08:00	0x02	0.0166	-0.0045	-0.9729	0.2304	206.65	358.03	359.93
2026-05-08T14:31:13.5851439+08:00	0x08	-0.0044	-0.0157	0.0535	0.9984	6.14	358.18	359.59
2026-05-08T14:31:13.5851439+08:00	0x01	-0.0187	-0.0650	-0.2284	0.9712	333.76	353.23	356.22
2026-05-08T14:31:13.5851439+08:00	0x06	0.2143	0.0120	-0.9540	0.2095	203.40	336.01	6.47
2026-05-08T14:31:13.5851439+08:00	0x04	-0.0144	-0.0192	-0.2015	0.9792	336.78	358.18	357.94
2026-05-08T14:31:13.5851439+08:00	0x03	0.0102	-0.0467	0.2655	0.9629	30.72	355.14	2.54
2026-05-08T14:31:13.5851439+08:00	0x02	0.0166	-0.0045	-0.9729	0.2304	206.65	358.03	359.93
2026-05-08T14:31:13.5851439+08:00	0x09	0.0522	-0.0677	-0.6404	0.7633	280.04	350.20	359.60
2026-05-08T14:31:13.5851439+08:00	0x01	-0.0187	-0.0650	-0.2284	0.9712	333.76	353.23	356.22
2026-05-08T14:31:13.5851439+08:00	0x07	-0.8289	-0.3321	0.4466	-0.0561	147.08	229.77	22.93
2026-05-08T14:31:13.5851439+08:00	0x04	-0.0144	-0.0192	-0.2015	0.9792	336.78	358.18	357.94
2026-05-08T14:31:13.5851439+08:00	0x03	0.0102	-0.0467	0.2655	0.9629	30.72	355.14	2.54
2026-05-08T14:31:13.5851439+08:00	0x02	0.0166	-0.0045	-0.9729	0.2304	206.65	358.03	359.93
2026-05-08T14:31:13.5851439+08:00	0x09	0.0522	-0.0677	-0.6404	0.7633	280.04	350.20	359.60
2026-05-08T14:31:13.5851439+08:00	0x08	-0.0044	-0.0157	0.0535	0.9984	6.14	358.18	359.59
2026-05-08T14:31:13.5851439+08:00	0x04	-0.0144	-0.0191	-0.2015	0.9792	336.78	358.18	357.94
2026-05-08T14:31:13.5851439+08:00	0x03	0.0102	-0.0467	0.2655	0.9629	30.72	355.14	2.54
2026-05-08T14:31:13.5851439+08:00	0x02	0.0166	-0.0045	-0.9729	0.2304	206.65	358.03	359.93
2026-05-08T14:31:13.5851439+08:00	0x09	0.0522	-0.0677	-0.6404	0.7633	280.04	350.20	359.60
2026-05-08T14:31:13.5851439+08:00	0x08	-0.0044	-0.0157	0.0535	0.9984	6.14	358.18	359.60
2026-05-08T14:31:13.5851439+08:00	0x07	-0.8465	-0.3115	0.4304	-0.0335	148.19	228.45	18.96
2026-05-08T14:31:13.5851439+08:00	0x06	0.2432	-0.0323	-0.9439	0.2209	205.68	331.71	2.66
2026-05-08T14:31:13.5851439+08:00	0x04	-0.0144	-0.0192	-0.2015	0.9792	336.78	358.18	357.94
2026-05-08T14:31:13.5851439+08:00	0x03	0.0102	-0.0467	0.2655	0.9629	30.72	355.14	2.54
2026-05-08T14:31:13.5861414+08:00	0x09	0.0522	-0.0677	-0.6404	0.7633	280.04	350.20	359.60
2026-05-08T14:31:13.5861414+08:00	0x02	0.0167	-0.0045	-0.9729	0.2304	206.65	358.02	359.93
2026-05-08T14:31:13.5861414+08:00	0x01	-0.0187	-0.0650	-0.2284	0.9712	333.76	353.23	356.21
2026-05-08T14:31:13.5861414+08:00	0x07	-0.8517	-0.3081	0.4231	-0.0251	148.10	227.74	17.67
2026-05-08T14:31:13.5861414+08:00	0x04	-0.0144	-0.0192	-0.2015	0.9792	336.78	358.18	357.94
2026-05-08T14:31:13.5861414+08:00	0x03	0.0102	-0.0467	0.2655	0.9629	30.72	355.14	2.54
2026-05-08T14:31:13.5861414+08:00	0x02	0.0167	-0.0045	-0.9729	0.2304	206.65	358.02	359.94
2026-05-08T14:31:13.5861414+08:00	0x09	0.0522	-0.0677	-0.6404	0.7633	280.04	350.20	359.60
2026-05-08T14:31:13.5961850+08:00	0x08	-0.0044	-0.0157	0.0535	0.9984	6.14	358.18	359.59
2026-05-08T14:31:13.5971851+08:00	0x07	-0.8521	-0.3083	0.4222	-0.0242	148.02	227.65	17.55
2026-05-08T14:31:13.5971851+08:00	0x01	-0.0187	-0.0650	-0.2284	0.9712	333.76	353.23	356.21
2026-05-08T14:31:13.5971851+08:00	0x04	-0.0144	-0.0192	-0.2015	0.9792	336.78	358.18	357.94
2026-05-08T14:31:13.5971851+08:00	0x09	0.0522	-0.0677	-0.6404	0.7633	280.04	350.20	359.60
2026-05-08T14:31:13.5971851+08:00	0x08	-0.0044	-0.0157	0.0535	0.9984	6.14	358.18	359.59
2026-05-08T14:31:13.5971851+08:00	0x06	0.2627	-0.0303	-0.9429	0.2026	203.49	329.45	2.82
2026-05-08T14:31:13.5971851+08:00	0x07	-0.8529	-0.3074	0.4214	-0.0237	148.09	227.57	17.43
2026-05-08T14:31:13.5971851+08:00	0x01	-0.0187	-0.0650	-0.2284	0.9712	333.76	353.23	356.21
2026-05-08T14:31:13.5971851+08:00	0x04	-0.0144	-0.0192	-0.2015	0.9792	336.78	358.18	357.94
2026-05-08T14:31:13.5971851+08:00	0x03	0.0102	-0.0467	0.2655	0.9629	30.72	355.14	2.54
2026-05-08T14:31:13.5971851+08:00	0x02	0.0167	-0.0045	-0.9729	0.2304	206.64	358.02	359.94
2026-05-08T14:31:13.5971851+08:00	0x09	0.0522	-0.0677	-0.6404	0.7633	280.04	350.20	359.60
2026-05-08T14:31:13.5971851+08:00	0x01	-0.0187	-0.0650	-0.2284	0.9712	333.76	353.23	356.21
2026-05-08T14:31:13.5971851+08:00	0x07	-0.8535	-0.3068	0.4206	-0.0230	148.11	227.50	17.30
2026-05-08T14:31:13.5971851+08:00	0x06	0.2642	-0.0316	-0.9431	0.1994	203.15	329.24	2.63
2026-05-08T14:31:13.5971851+08:00	0x03	0.0102	-0.0467	0.2655	0.9629	30.72	355.14	2.55
2026-05-08T14:31:13.5971851+08:00	0x02	0.0167	-0.0045	-0.9729	0.2304	206.65	358.02	359.93
2026-05-08T14:31:13.5971851+08:00	0x09	0.0522	-0.0677	-0.6404	0.7633	280.04	350.20	359.60
2026-05-08T14:31:13.5971851+08:00	0x07	-0.8537	-0.3063	0.4205	-0.0226	148.16	227.50	17.22
2026-05-08T14:31:13.5971851+08:00	0x04	-0.0144	-0.0191	-0.2015	0.9792	336.78	358.18	357.94
2026-05-08T14:31:13.5971851+08:00	0x03	0.0102	-0.0467	0.2655	0.9629	30.72	355.14	2.54
2026-05-08T14:31:13.5971851+08:00	0x02	0.0167	-0.0045	-0.9729	0.2304	206.65	358.02	359.93
2026-05-08T14:31:13.5971851+08:00	0x09	0.0522	-0.0677	-0.6404	0.7633	280.04	350.20	359.60
2026-05-08T14:31:13.5971851+08:00	0x06	0.2647	-0.0327	-0.9436	0.1962	202.83	329.15	2.42
2026-05-08T14:31:13.5971851+08:00	0x01	-0.0187	-0.0650	-0.2284	0.9712	333.76	353.22	356.21
2026-05-08T14:31:13.5971851+08:00	0x04	-0.0144	-0.0191	-0.2015	0.9792	336.78	358.18	357.94
2026-05-08T14:31:13.5971851+08:00	0x05	0.0104	0.0093	0.4343	0.9006	51.50	1.48	0.61
2026-05-08T14:31:13.5971851+08:00	0x03	0.0102	-0.0467	0.2655	0.9629	30.72	355.14	2.54
2026-05-08T14:31:13.5971851+08:00	0x02	0.0167	-0.0045	-0.9729	0.2304	206.65	358.02	359.93
2026-05-08T14:31:13.5971851+08:00	0x09	0.0522	-0.0677	-0.6404	0.7633	280.04	350.20	359.60
2026-05-08T14:31:13.5971851+08:00	0x06	0.2650	-0.0329	-0.9437	0.1954	202.75	329.11	2.37
2026-05-08T14:31:13.5971851+08:00	0x07	-0.8541	-0.3058	0.4201	-0.0226	148.20	227.45	17.19
2026-05-08T14:31:13.5971851+08:00	0x04	-0.0144	-0.0191	-0.2015	0.9792	336.78	358.18	357.94
2026-05-08T14:31:13.5971851+08:00	0x03	0.0102	-0.0467	0.2655	0.9629	30.72	355.14	2.54
2026-05-08T14:31:13.5971851+08:00	0x02	0.0167	-0.0045	-0.9729	0.2304	206.65	358.02	359.93
2026-05-08T14:31:13.5971851+08:00	0x09	0.0522	-0.0677	-0.6404	0.7633	280.04	350.20	359.60
2026-05-08T14:31:13.5971851+08:00	0x07	-0.8542	-0.3056	0.4201	-0.0225	148.22	227.46	17.17
2026-05-08T14:31:13.5971851+08:00	0x01	-0.0187	-0.0650	-0.2284	0.9712	333.76	353.22	356.21
2026-05-08T14:31:13.5971851+08:00	0x04	-0.0144	-0.0191	-0.2015	0.9792	336.78	358.18	357.94
2026-05-08T14:31:13.5971851+08:00	0x03	0.0102	-0.0468	0.2655	0.9629	30.72	355.14	2.54
2026-05-08T14:31:13.5971851+08:00	0x02	0.0167	-0.0045	-0.9729	0.2304	206.65	358.02	359.93
2026-05-08T14:31:13.5971851+08:00	0x06	0.2651	-0.0336	-0.9440	0.1935	202.55	329.08	2.24
2026-05-08T14:31:13.5971851+08:00	0x09	0.0522	-0.0677	-0.6404	0.7633	280.04	350.20	359.60
2026-05-08T14:31:13.5971851+08:00	0x07	-0.8543	-0.3054	0.4200	-0.0224	148.24	227.44	17.15
2026-05-08T14:31:13.5971851+08:00	0x04	-0.0144	-0.0191	-0.2015	0.9792	336.78	358.18	357.94
2026-05-08T14:31:13.5971851+08:00	0x01	-0.0187	-0.0650	-0.2284	0.9712	333.76	353.23	356.21
2026-05-08T14:31:13.5971851+08:00	0x03	0.0102	-0.0468	0.2655	0.9629	30.72	355.14	2.54
2026-05-08T14:31:13.5971851+08:00	0x02	0.0167	-0.0045	-0.9729	0.2304	206.65	358.02	359.93
2026-05-08T14:31:13.5971851+08:00	0x06	0.2647	-0.0337	-0.9442	0.1929	202.48	329.12	2.21
2026-05-08T14:31:13.5971851+08:00	0x07	-0.8544	-0.3053	0.4200	-0.0224	148.25	227.45	17.14
2026-05-08T14:31:13.5971851+08:00	0x01	-0.0187	-0.0650	-0.2284	0.9712	333.76	353.22	356.21
2026-05-08T14:31:13.5971851+08:00	0x04	-0.0144	-0.0192	-0.2015	0.9792	336.78	358.18	357.94
2026-05-08T14:31:13.5971851+08:00	0x03	0.0102	-0.0467	0.2655	0.9629	30.72	355.14	2.54
2026-05-08T14:31:13.5971851+08:00	0x02	0.0167	-0.0045	-0.9729	0.2304	206.65	358.02	359.93
2026-05-08T14:31:13.5971851+08:00	0x09	0.0522	-0.0677	-0.6404	0.7633	280.04	350.20	359.60
2026-05-08T14:31:13.5981560+08:00	0x07	-0.8546	-0.3051	0.4197	-0.0223	148.26	227.41	17.11
2026-05-08T14:31:13.5981560+08:00	0x01	-0.0187	-0.0650	-0.2284	0.9712	333.76	353.22	356.21
2026-05-08T14:31:13.5981560+08:00	0x03	0.0102	-0.0467	0.2655	0.9629	30.72	355.14	2.54
2026-05-08T14:31:13.5981560+08:00	0x02	0.0167	-0.0045	-0.9729	0.2304	206.65	358.02	359.93
2026-05-08T14:31:13.5981560+08:00	0x09	0.0522	-0.0677	-0.6404	0.7633	280.04	350.20	359.60
2026-05-08T14:31:13.5981560+08:00	0x06	0.2659	-0.0339	-0.9440	0.1922	202.41	328.97	2.19
2026-05-08T14:31:13.5981560+08:00	0x07	-0.8548	-0.3050	0.4194	-0.0223	148.28	227.38	17.10
2026-05-08T14:31:13.5981560+08:00	0x04	-0.0144	-0.0192	-0.2015	0.9792	336.78	358.18	357.94
2026-05-08T14:31:13.5981560+08:00	0x03	0.0102	-0.0467	0.2655	0.9629	30.72	355.14	2.54
2026-05-08T14:31:13.5981560+08:00	0x09	0.0522	-0.0676	-0.6404	0.7633	280.04	350.21	359.60
2026-05-08T14:31:13.5981560+08:00	0x07	-0.8548	-0.3048	0.4194	-0.0223	148.30	227.39	17.08
2026-05-08T14:31:13.5981560+08:00	0x04	-0.0144	-0.0192	-0.2015	0.9792	336.78	358.18	357.94
2026-05-08T14:31:13.5981560+08:00	0x02	0.0167	-0.0045	-0.9729	0.2304	206.65	358.02	359.94
2026-05-08T14:31:13.5981560+08:00	0x08	-0.0044	-0.0157	0.0535	0.9984	6.14	358.18	359.60
2026-05-08T14:31:13.5981560+08:00	0x07	-0.8549	-0.3046	0.4194	-0.0224	148.31	227.38	17.08
2026-05-08T14:31:13.5981560+08:00	0x01	-0.0187	-0.0650	-0.2284	0.9712	333.76	353.22	356.21
2026-05-08T14:31:13.5981560+08:00	0x03	0.0102	-0.0467	0.2655	0.9629	30.72	355.14	2.54
2026-05-08T14:31:13.5981560+08:00	0x08	-0.0044	-0.0157	0.0535	0.9984	6.14	358.18	359.60
2026-05-08T14:31:13.5981560+08:00	0x07	-0.8550	-0.3044	0.4193	-0.0222	148.33	227.38	17.05
2026-05-08T14:31:13.5981560+08:00	0x01	-0.0187	-0.0650	-0.2284	0.9712	333.76	353.22	356.21
2026-05-08T14:31:13.5981560+08:00	0x06	0.2658	-0.0338	-0.9436	0.1944	202.65	328.99	2.27
2026-05-08T14:31:13.5981560+08:00	0x05	0.0104	0.0093	0.4343	0.9007	51.49	1.48	0.61
2026-05-08T14:31:13.5981560+08:00	0x03	0.0102	-0.0467	0.2655	0.9629	30.72	355.14	2.54
2026-05-08T14:31:13.5981560+08:00	0x08	-0.0044	-0.0157	0.0535	0.9984	6.14	358.18	359.60
2026-05-08T14:31:13.5981560+08:00	0x06	0.2660	-0.0334	-0.9433	0.1957	202.79	328.98	2.35
2026-05-08T14:31:13.5981560+08:00	0x01	-0.0187	-0.0650	-0.2284	0.9712	333.76	353.22	356.22
2026-05-08T14:31:13.5981560+08:00	0x07	-0.8550	-0.3044	0.4193	-0.0223	148.34	227.37	17.06
2026-05-08T14:31:13.5981560+08:00	0x04	-0.0145	-0.0192	-0.2015	0.9792	336.78	358.18	357.93
2026-05-08T14:31:13.5981560+08:00	0x03	0.0102	-0.0467	0.2655	0.9629	30.72	355.14	2.54
2026-05-08T14:31:13.5981560+08:00	0x09	0.0522	-0.0677	-0.6404	0.7633	280.04	350.20	359.60
2026-05-08T14:31:13.5981560+08:00	0x07	-0.8552	-0.3042	0.4190	-0.0223	148.36	227.34	17.04
2026-05-08T14:31:13.5981560+08:00	0x04	-0.0144	-0.0192	-0.2015	0.9792	336.78	358.18	357.94
2026-05-08T14:31:13.5981560+08:00	0x03	0.0102	-0.0467	0.2655	0.9629	30.72	355.14	2.54
2026-05-08T14:31:13.5981560+08:00	0x08	-0.0044	-0.0157	0.0535	0.9984	6.14	358.18	359.60
2026-05-08T14:31:13.5981560+08:00	0x09	0.0522	-0.0677	-0.6404	0.7633	280.04	350.20	359.60
2026-05-08T14:31:13.5981560+08:00	0x01	-0.0187	-0.0650	-0.2284	0.9712	333.76	353.22	356.21
2026-05-08T14:31:13.5981560+08:00	0x04	-0.0145	-0.0192	-0.2015	0.9792	336.78	358.18	357.93
2026-05-08T14:31:13.5981560+08:00	0x03	0.0102	-0.0467	0.2655	0.9629	30.72	355.14	2.54
2026-05-08T14:31:13.5981560+08:00	0x08	-0.0044	-0.0157	0.0535	0.9984	6.14	358.18	359.60
2026-05-08T14:31:13.5981560+08:00	0x09	0.0522	-0.0677	-0.6404	0.7633	280.04	350.20	359.60
2026-05-08T14:31:13.5981560+08:00	0x01	-0.0187	-0.0650	-0.2284	0.9712	333.76	353.22	356.21
2026-05-08T14:31:13.5981560+08:00	0x04	-0.0144	-0.0192	-0.2015	0.9792	336.78	358.18	357.94
2026-05-08T14:31:13.5981560+08:00	0x03	0.0102	-0.0467	0.2655	0.9629	30.72	355.14	2.54
2026-05-08T14:31:13.5981560+08:00	0x08	-0.0044	-0.0157	0.0535	0.9984	6.14	358.18	359.60
2026-05-08T14:31:13.5981560+08:00	0x06	0.2746	-0.0328	-0.9419	0.1907	202.19	327.98	2.46
2026-05-08T14:31:13.5981560+08:00	0x01	-0.0187	-0.0650	-0.2284	0.9712	333.76	353.22	356.21
2026-05-08T14:31:13.5981560+08:00	0x05	0.0104	0.0093	0.4343	0.9007	51.49	1.48	0.61
2026-05-08T14:31:13.5981560+08:00	0x03	0.0102	-0.0467	0.2655	0.9629	30.72	355.14	2.54
2026-05-08T14:31:13.5981560+08:00	0x09	0.0522	-0.0677	-0.6404	0.7633	280.04	350.20	359.60
2026-05-08T14:31:13.5981560+08:00	0x08	-0.0044	-0.0157	0.0535	0.9984	6.14	358.18	359.60
2026-05-08T14:31:13.5981560+08:00	0x07	-0.8571	-0.3050	0.4147	-0.0190	148.06	226.85	16.59
2026-05-08T14:31:13.5981560+08:00	0x04	-0.0144	-0.0192	-0.2015	0.9792	336.78	358.18	357.94
2026-05-08T14:31:13.5981560+08:00	0x02	0.0167	-0.0045	-0.9729	0.2304	206.65	358.02	359.94
2026-05-08T14:31:13.5981560+08:00	0x08	-0.0044	-0.0157	0.0535	0.9984	6.14	358.18	359.60
2026-05-08T14:31:13.5981560+08:00	0x09	0.0522	-0.0677	-0.6404	0.7633	280.04	350.20	359.60
2026-05-08T14:31:13.5981560+08:00	0x01	-0.0187	-0.0650	-0.2284	0.9712	333.76	353.23	356.21
2026-05-08T14:31:13.5981560+08:00	0x07	-0.8563	-0.3052	0.4161	-0.0195	148.07	227.02	16.70
2026-05-08T14:31:13.5981560+08:00	0x04	-0.0144	-0.0192	-0.2015	0.9792	336.78	358.18	357.94
2026-05-08T14:31:13.5981560+08:00	0x03	0.0102	-0.0467	0.2655	0.9629	30.72	355.14	2.54
2026-05-08T14:31:13.5991076+08:00	0x02	0.0167	-0.0045	-0.9729	0.2304	206.65	358.02	359.93
2026-05-08T14:31:13.5991076+08:00	0x08	-0.0044	-0.0157	0.0535	0.9984	6.14	358.18	359.60
2026-05-08T14:31:13.5991076+08:00	0x01	-0.0187	-0.0650	-0.2284	0.9712	333.76	353.23	356.21
2026-05-08T14:31:13.5991076+08:00	0x07	-0.8565	-0.3059	0.4152	-0.0195	147.98	226.90	16.71
2026-05-08T14:31:13.5991076+08:00	0x04	-0.0144	-0.0192	-0.2015	0.9792	336.78	358.18	357.94
2026-05-08T14:31:13.5991076+08:00	0x03	0.0102	-0.0468	0.2655	0.9629	30.72	355.14	2.54
2026-05-08T14:31:13.5991076+08:00	0x08	-0.0044	-0.0157	0.0535	0.9984	6.14	358.18	359.60
2026-05-08T14:31:13.5991076+08:00	0x06	0.2740	-0.0336	-0.9425	0.1886	201.97	328.02	2.29
2026-05-08T14:31:13.5991076+08:00	0x07	-0.8563	-0.3063	0.4153	-0.0199	147.96	226.90	16.76
2026-05-08T14:31:13.5991076+08:00	0x04	-0.0144	-0.0192	-0.2015	0.9792	336.78	358.18	357.94
2026-05-08T14:31:13.5991076+08:00	0x03	0.0102	-0.0468	0.2655	0.9629	30.72	355.14	2.54
2026-05-08T14:31:13.5991076+08:00	0x08	-0.0044	-0.0157	0.0535	0.9984	6.14	358.18	359.60
2026-05-08T14:31:13.5991076+08:00	0x06	0.2743	-0.0338	-0.9425	0.1882	201.93	327.99	2.27
2026-05-08T14:31:13.5991076+08:00	0x07	-0.8563	-0.3063	0.4153	-0.0199	147.95	226.89	16.77
2026-05-08T14:31:13.5991076+08:00	0x05	0.0104	0.0093	0.4343	0.9007	51.49	1.48	0.61
2026-05-08T14:31:13.5991076+08:00	0x04	-0.0144	-0.0192	-0.2015	0.9792	336.78	358.18	357.94
2026-05-08T14:31:13.5991076+08:00	0x03	0.0102	-0.0468	0.2655	0.9629	30.72	355.14	2.54
2026-05-08T14:31:13.5991076+08:00	0x08	-0.0044	-0.0157	0.0535	0.9984	6.14	358.18	359.60
2026-05-08T14:31:13.5991076+08:00	0x06	0.2744	-0.0338	-0.9425	0.1876	201.87	327.97	2.24
2026-05-08T14:31:13.5991076+08:00	0x07	-0.8563	-0.3064	0.4153	-0.0201	147.94	226.89	16.79
2026-05-08T14:31:13.5991076+08:00	0x01	-0.0187	-0.0650	-0.2284	0.9712	333.76	353.23	356.21
2026-05-08T14:31:13.5991076+08:00	0x04	-0.0144	-0.0192	-0.2015	0.9792	336.78	358.18	357.94
2026-05-08T14:31:13.5991076+08:00	0x03	0.0102	-0.0468	0.2655	0.9629	30.72	355.14	2.54
2026-05-08T14:31:13.5991076+08:00	0x08	-0.0044	-0.0157	0.0535	0.9984	6.14	358.18	359.60
2026-05-08T14:31:13.5991076+08:00	0x09	0.0522	-0.0677	-0.6404	0.7633	280.04	350.20	359.60
2026-05-08T14:31:13.5991076+08:00	0x01	-0.0187	-0.0650	-0.2284	0.9712	333.76	353.23	356.22
2026-05-08T14:31:13.5991076+08:00	0x07	-0.8563	-0.3064	0.4153	-0.0200	147.94	226.89	16.79
2026-05-08T14:31:13.5991076+08:00	0x02	0.0166	-0.0045	-0.9729	0.2304	206.65	358.03	359.94
2026-05-08T14:31:13.5991076+08:00	0x03	0.0102	-0.0467	0.2655	0.9629	30.72	355.14	2.54
2026-05-08T14:31:13.5991076+08:00	0x08	-0.0044	-0.0157	0.0535	0.9984	6.14	358.18	359.60
2026-05-08T14:31:13.5991076+08:00	0x09	0.0522	-0.0677	-0.6404	0.7633	280.04	350.20	359.60
2026-05-08T14:31:13.5991076+08:00	0x07	-0.8563	-0.3066	0.4150	-0.0201	147.92	226.85	16.79
2026-05-08T14:31:13.5991076+08:00	0x02	0.0167	-0.0045	-0.9729	0.2304	206.65	358.02	359.94
2026-05-08T14:31:13.5991076+08:00	0x03	0.0102	-0.0467	0.2655	0.9629	30.72	355.14	2.54
2026-05-08T14:31:13.5991076+08:00	0x08	-0.0044	-0.0157	0.0535	0.9984	6.14	358.18	359.60
2026-05-08T14:31:13.5991076+08:00	0x09	0.0522	-0.0677	-0.6404	0.7633	280.04	350.20	359.60
2026-05-08T14:31:13.5991076+08:00	0x07	-0.8567	-0.3068	0.4141	-0.0195	147.87	226.75	16.71
2026-05-08T14:31:13.5991076+08:00	0x02	0.0167	-0.0045	-0.9729	0.2304	206.65	358.02	359.93
2026-05-08T14:31:13.5991076+08:00	0x03	0.0102	-0.0467	0.2655	0.9629	30.72	355.14	2.54
2026-05-08T14:31:13.5991076+08:00	0x08	-0.0044	-0.0157	0.0535	0.9984	6.14	358.18	359.59
2026-05-08T14:31:13.5991076+08:00	0x09	0.0523	-0.0677	-0.6404	0.7633	280.04	350.19	359.60
2026-05-08T14:31:13.5991076+08:00	0x07	-0.8556	-0.3068	0.4163	-0.0204	147.93	227.01	16.89
2026-05-08T14:31:13.5991076+08:00	0x02	0.0166	-0.0045	-0.9729	0.2304	206.65	358.03	359.93
2026-05-08T14:31:13.5991076+08:00	0x08	-0.0044	-0.0157	0.0535	0.9984	6.14	358.18	359.59
2026-05-08T14:31:13.5991076+08:00	0x01	-0.0187	-0.0649	-0.2284	0.9712	333.76	353.24	356.22
2026-05-08T14:31:13.5991076+08:00	0x09	0.0522	-0.0677	-0.6404	0.7633	280.04	350.20	359.60
2026-05-08T14:31:13.5991076+08:00	0x07	-0.8555	-0.3072	0.4163	-0.0209	147.91	227.00	16.95
2026-05-08T14:31:13.5991076+08:00	0x02	0.0166	-0.0045	-0.9729	0.2304	206.65	358.03	359.94
2026-05-08T14:31:13.5991076+08:00	0x03	0.0102	-0.0467	0.2655	0.9629	30.72	355.14	2.54
2026-05-08T14:31:13.5991076+08:00	0x08	-0.0044	-0.0157	0.0535	0.9984	6.14	358.18	359.59
2026-05-08T14:31:13.5991076+08:00	0x06	0.2705	-0.0338	-0.9431	0.1904	202.19	328.43	2.25
2026-05-08T14:31:13.5991076+08:00	0x09	0.0522	-0.0677	-0.6404	0.7633	280.04	350.20	359.60
2026-05-08T14:31:13.5991076+08:00	0x07	-0.8558	-0.3067	0.4162	-0.0207	147.96	226.98	16.90
2026-05-08T14:31:13.5991076+08:00	0x04	-0.0144	-0.0192	-0.2015	0.9792	336.78	358.18	357.94
2026-05-08T14:31:13.5991076+08:00	0x03	0.0102	-0.0467	0.2655	0.9629	30.72	355.14	2.54
2026-05-08T14:31:13.5991076+08:00	0x01	-0.0187	-0.0649	-0.2284	0.9712	333.76	353.23	356.22
2026-05-08T14:31:13.5991076+08:00	0x06	0.2703	-0.0337	-0.9432	0.1904	202.19	328.46	2.26
2026-05-08T14:31:13.5991076+08:00	0x04	-0.0144	-0.0192	-0.2015	0.9792	336.78	358.18	357.94
2026-05-08T14:31:13.5991076+08:00	0x03	0.0102	-0.0467	0.2655	0.9629	30.72	355.14	2.54
2026-05-08T14:31:13.5991076+08:00	0x01	-0.0187	-0.0649	-0.2284	0.9712	333.76	353.23	356.22
2026-05-08T14:31:13.5991076+08:00	0x06	0.2702	-0.0335	-0.9432	0.1905	202.19	328.48	2.28
2026-05-08T14:31:13.6001050+08:00	0x07	-0.8558	-0.3064	0.4163	-0.0207	147.99	227.00	16.89
2026-05-08T14:31:13.6001050+08:00	0x04	-0.0144	-0.0192	-0.2015	0.9792	336.78	358.18	357.94
2026-05-08T14:31:13.6001050+08:00	0x03	0.0102	-0.0467	0.2655	0.9629	30.72	355.14	2.54
2026-05-08T14:31:13.6001050+08:00	0x01	-0.0187	-0.0649	-0.2284	0.9712	333.76	353.23	356.22
2026-05-08T14:31:13.6001050+08:00	0x05	0.0104	0.0094	0.4344	0.9006	51.51	1.49	0.61
2026-05-08T14:31:13.6001050+08:00	0x02	0.0166	-0.0045	-0.9729	0.2304	206.65	358.03	359.93
2026-05-08T14:31:13.6001050+08:00	0x03	0.0102	-0.0467	0.2655	0.9629	30.72	355.14	2.54
2026-05-08T14:31:13.6001050+08:00	0x01	-0.0187	-0.0649	-0.2284	0.9712	333.76	353.23	356.22
2026-05-08T14:31:13.6001050+08:00	0x09	0.0522	-0.0677	-0.6404	0.7633	280.04	350.20	359.60
2026-05-08T14:31:13.6001050+08:00	0x04	-0.0144	-0.0192	-0.2015	0.9792	336.78	358.18	357.94
2026-05-08T14:31:13.6001050+08:00	0x03	0.0102	-0.0467	0.2655	0.9629	30.72	355.14	2.54
2026-05-08T14:31:13.6001050+08:00	0x02	0.0166	-0.0045	-0.9729	0.2304	206.65	358.03	359.93
2026-05-08T14:31:13.6001050+08:00	0x09	0.0523	-0.0677	-0.6404	0.7633	280.04	350.19	359.60
2026-05-08T14:31:13.6001050+08:00	0x01	-0.0187	-0.0649	-0.2284	0.9712	333.76	353.23	356.22
2026-05-08T14:31:13.6001050+08:00	0x07	-0.8560	-0.3062	0.4160	-0.0204	147.99	226.97	16.83
2026-05-08T14:31:13.6001050+08:00	0x04	-0.0144	-0.0192	-0.2015	0.9792	336.78	358.18	357.94
2026-05-08T14:31:13.6001050+08:00	0x03	0.0102	-0.0467	0.2655	0.9629	30.72	355.14	2.54
2026-05-08T14:31:13.6001050+08:00	0x01	-0.0187	-0.0649	-0.2284	0.9712	333.76	353.23	356.22
2026-05-08T14:31:13.6001050+08:00	0x09	0.0523	-0.0677	-0.6404	0.7633	280.04	350.20	359.61
2026-05-08T14:31:13.6001050+08:00	0x02	0.0166	-0.0045	-0.9729	0.2304	206.65	358.03	359.93
2026-05-08T14:31:13.6001050+08:00	0x06	0.2718	-0.0339	-0.9425	0.1913	202.30	328.28	2.30
2026-05-08T14:31:13.6001050+08:00	0x04	-0.0144	-0.0192	-0.2015	0.9792	336.78	358.18	357.94
2026-05-08T14:31:13.6001050+08:00	0x02	0.0166	-0.0045	-0.9729	0.2304	206.65	358.03	359.93
2026-05-08T14:31:13.6001050+08:00	0x01	-0.0187	-0.0650	-0.2284	0.9712	333.76	353.23	356.22
2026-05-08T14:31:13.6001050+08:00	0x03	0.0102	-0.0467	0.2655	0.9629	30.72	355.14	2.54
2026-05-08T14:31:13.6001050+08:00	0x09	0.0522	-0.0677	-0.6404	0.7633	280.04	350.20	359.60
2026-05-08T14:31:13.6001050+08:00	0x06	0.2731	-0.0338	-0.9423	0.1907	202.22	328.13	2.32
2026-05-08T14:31:13.6001050+08:00	0x05	0.0104	0.0093	0.4345	0.9006	51.52	1.48	0.61
2026-05-08T14:31:13.6001050+08:00	0x03	0.0102	-0.0467	0.2655	0.9629	30.72	355.14	2.54
2026-05-08T14:31:13.6001050+08:00	0x01	-0.0187	-0.0650	-0.2284	0.9712	333.76	353.23	356.22
2026-05-08T14:31:13.6001050+08:00	0x07	-0.8562	-0.3061	0.4157	-0.0193	147.96	226.97	16.71
2026-05-08T14:31:13.6001050+08:00	0x06	0.2722	-0.0338	-0.9427	0.1899	202.13	328.23	2.27
2026-05-08T14:31:13.6001050+08:00	0x09	0.0522	-0.0677	-0.6404	0.7633	280.04	350.20	359.60
2026-05-08T14:31:13.6001050+08:00	0x05	0.0104	0.0093	0.4345	0.9006	51.52	1.48	0.61
2026-05-08T14:31:13.6001050+08:00	0x03	0.0102	-0.0467	0.2655	0.9629	30.72	355.14	2.54
2026-05-08T14:31:13.6001050+08:00	0x04	-0.0145	-0.0192	-0.2015	0.9792	336.78	358.18	357.93
2026-05-08T14:31:13.6001050+08:00	0x09	0.0522	-0.0677	-0.6404	0.7633	280.04	350.20	359.60
2026-05-08T14:31:13.6001050+08:00	0x07	-0.8573	-0.3062	0.4135	-0.0187	147.88	226.70	16.57
2026-05-08T14:31:13.6001050+08:00	0x01	-0.0187	-0.0650	-0.2284	0.9712	333.76	353.23	356.22
2026-05-08T14:31:13.6001050+08:00	0x03	0.0102	-0.0467	0.2655	0.9629	30.72	355.14	2.54
2026-05-08T14:31:13.6001050+08:00	0x02	0.0166	-0.0045	-0.9729	0.2304	206.65	358.03	359.94
2026-05-08T14:31:13.6001050+08:00	0x08	-0.0044	-0.0157	0.0535	0.9984	6.14	358.18	359.60
2026-05-08T14:31:13.6001050+08:00	0x09	0.0522	-0.0677	-0.6404	0.7633	280.04	350.20	359.60
2026-05-08T14:31:13.6001050+08:00	0x01	-0.0187	-0.0650	-0.2284	0.9712	333.76	353.23	356.22
2026-05-08T14:31:13.6001050+08:00	0x06	0.2794	-0.0350	-0.9412	0.1866	201.78	327.36	2.19
2026-05-08T14:31:13.6001050+08:00	0x04	-0.0144	-0.0192	-0.2015	0.9792	336.78	358.18	357.94
2026-05-08T14:31:13.6001050+08:00	0x03	0.0102	-0.0467	0.2655	0.9629	30.72	355.14	2.54
2026-05-08T14:31:13.6001050+08:00	0x08	-0.0044	-0.0157	0.0535	0.9984	6.14	358.18	359.60
2026-05-08T14:31:13.6001050+08:00	0x01	-0.0187	-0.0650	-0.2284	0.9712	333.76	353.23	356.22
2026-05-08T14:31:13.6001050+08:00	0x07	-0.8571	-0.3069	0.4134	-0.0189	147.81	226.67	16.63
2026-05-08T14:31:13.6001050+08:00	0x09	0.0522	-0.0677	-0.6404	0.7633	280.04	350.20	359.60
2026-05-08T14:31:13.6001050+08:00	0x04	-0.0144	-0.0192	-0.2015	0.9792	336.78	358.18	357.94
2026-05-08T14:31:13.6001050+08:00	0x08	-0.0044	-0.0157	0.0535	0.9984	6.14	358.18	359.59
2026-05-08T14:31:13.6001050+08:00	0x09	0.0522	-0.0677	-0.6404	0.7633	280.04	350.20	359.60
2026-05-08T14:31:13.6001050+08:00	0x07	-0.8572	-0.3067	0.4132	-0.0191	147.84	226.65	16.63
2026-05-08T14:31:13.6001050+08:00	0x06	0.2782	-0.0361	-0.9418	0.1853	201.67	327.47	2.01
2026-05-08T14:31:13.6001050+08:00	0x04	-0.0144	-0.0192	-0.2015	0.9792	336.78	358.18	357.94
2026-05-08T14:31:13.6001050+08:00	0x02	0.0166	-0.0045	-0.9729	0.2304	206.65	358.03	359.94
2026-05-08T14:31:13.6001050+08:00	0x03	0.0102	-0.0467	0.2655	0.9629	30.72	355.14	2.54
2026-05-08T14:31:13.6001050+08:00	0x08	-0.0044	-0.0157	0.0535	0.9984	6.14	358.18	359.60
2026-05-08T14:31:13.6001050+08:00	0x01	-0.0187	-0.0650	-0.2284	0.9712	333.76	353.23	356.22
2026-05-08T14:31:13.6001050+08:00	0x09	0.0522	-0.0677	-0.6404	0.7633	280.04	350.20	359.60
2026-05-08T14:31:13.6001050+08:00	0x07	-0.8565	-0.3064	0.4149	-0.0201	147.94	226.85	16.78
2026-05-08T14:31:13.6001050+08:00	0x04	-0.0144	-0.0192	-0.2015	0.9792	336.78	358.18	357.94
2026-05-08T14:31:13.6001050+08:00	0x03	0.0102	-0.0467	0.2655	0.9629	30.72	355.14	2.54
2026-05-08T14:31:13.6011432+08:00	0x01	-0.0187	-0.0650	-0.2284	0.9712	333.76	353.23	356.22
2026-05-08T14:31:13.6011432+08:00	0x08	-0.0044	-0.0157	0.0535	0.9984	6.14	358.18	359.60
2026-05-08T14:31:13.6011432+08:00	0x06	0.2732	-0.0349	-0.9430	0.1867	201.81	328.09	2.07
2026-05-08T14:31:13.6011432+08:00	0x04	-0.0144	-0.0191	-0.2015	0.9792	336.78	358.18	357.94
2026-05-08T14:31:13.6011432+08:00	0x03	0.0102	-0.0467	0.2655	0.9629	30.72	355.14	2.54
2026-05-08T14:31:13.6011432+08:00	0x08	-0.0044	-0.0157	0.0535	0.9984	6.14	358.18	359.60
2026-05-08T14:31:13.6011432+08:00	0x01	-0.0187	-0.0649	-0.2284	0.9712	333.76	353.23	356.22
2026-05-08T14:31:13.6011432+08:00	0x06	0.2727	-0.0346	-0.9430	0.1876	201.89	328.15	2.13
2026-05-08T14:31:13.6011432+08:00	0x09	0.0522	-0.0677	-0.6404	0.7633	280.04	350.20	359.60
2026-05-08T14:31:13.6011432+08:00	0x07	-0.8564	-0.3068	0.4149	-0.0201	147.90	226.83	16.79
2026-05-08T14:31:13.6011432+08:00	0x04	-0.0144	-0.0191	-0.2015	0.9792	336.78	358.18	357.94
2026-05-08T14:31:13.6011432+08:00	0x02	0.0167	-0.0045	-0.9729	0.2304	206.65	358.02	359.94
2026-05-08T14:31:13.6011432+08:00	0x03	0.0102	-0.0467	0.2655	0.9629	30.72	355.14	2.54
2026-05-08T14:31:13.6011432+08:00	0x08	-0.0044	-0.0157	0.0535	0.9984	6.14	358.18	359.60
2026-05-08T14:31:13.6011432+08:00	0x09	0.0522	-0.0677	-0.6404	0.7633	280.04	350.20	359.60
2026-05-08T14:31:13.6011432+08:00	0x06	0.2721	-0.0345	-0.9431	0.1881	201.95	328.22	2.14
2026-05-08T14:31:13.6011432+08:00	0x07	-0.8564	-0.3066	0.4150	-0.0202	147.93	226.85	16.80
2026-05-08T14:31:13.6011432+08:00	0x04	-0.0144	-0.0192	-0.2015	0.9792	336.78	358.18	357.94
2026-05-08T14:31:13.6011432+08:00	0x03	0.0102	-0.0467	0.2655	0.9629	30.72	355.14	2.54
2026-05-08T14:31:13.6011432+08:00	0x02	0.0167	-0.0045	-0.9729	0.2304	206.65	358.02	359.94
2026-05-08T14:31:13.6011432+08:00	0x01	-0.0187	-0.0649	-0.2284	0.9712	333.76	353.23	356.22
2026-05-08T14:31:13.6011432+08:00	0x06	0.2727	-0.0344	-0.9428	0.1885	201.99	328.16	2.17
2026-05-08T14:31:13.6011432+08:00	0x04	-0.0144	-0.0191	-0.2015	0.9792	336.78	358.18	357.94
2026-05-08T14:31:13.6011432+08:00	0x07	-0.8564	-0.3066	0.4149	-0.0202	147.92	226.83	16.80
2026-05-08T14:31:13.6011432+08:00	0x05	0.0105	0.0093	0.4344	0.9006	51.51	1.49	0.62
2026-05-08T14:31:13.6011432+08:00	0x03	0.0102	-0.0467	0.2655	0.9629	30.72	355.14	2.54
2026-05-08T14:31:13.6011432+08:00	0x08	-0.0044	-0.0157	0.0535	0.9984	6.14	358.18	359.60
2026-05-08T14:31:13.6011432+08:00	0x01	-0.0187	-0.0649	-0.2284	0.9712	333.76	353.23	356.22
2026-05-08T14:31:13.6011432+08:00	0x06	0.2728	-0.0342	-0.9427	0.1891	202.06	328.15	2.21
2026-05-08T14:31:13.6011432+08:00	0x04	-0.0144	-0.0191	-0.2015	0.9792	336.78	358.18	357.94
2026-05-08T14:31:13.6011432+08:00	0x03	0.0102	-0.0467	0.2655	0.9629	30.72	355.15	2.54
2026-05-08T14:31:13.6011432+08:00	0x01	-0.0187	-0.0650	-0.2284	0.9712	333.76	353.23	356.22
2026-05-08T14:31:13.6011432+08:00	0x07	-0.8563	-0.3067	0.4152	-0.0204	147.93	226.86	16.84
2026-05-08T14:31:13.6011432+08:00	0x04	-0.0144	-0.0191	-0.2015	0.9792	336.78	358.18	357.94
2026-05-08T14:31:13.6011432+08:00	0x02	0.0166	-0.0045	-0.9729	0.2304	206.65	358.03	359.94
2026-05-08T14:31:13.6011432+08:00	0x03	0.0102	-0.0467	0.2655	0.9629	30.72	355.14	2.54
2026-05-08T14:31:13.6011432+08:00	0x08	-0.0044	-0.0157	0.0535	0.9984	6.14	358.18	359.60
2026-05-08T14:31:13.6011432+08:00	0x01	-0.0187	-0.0649	-0.2284	0.9712	333.76	353.23	356.22
2026-05-08T14:31:13.6011432+08:00	0x07	-0.8563	-0.3063	0.4154	-0.0200	147.96	226.90	16.78
2026-05-08T14:31:13.6011432+08:00	0x04	-0.0144	-0.0191	-0.2015	0.9792	336.78	358.18	357.94
2026-05-08T14:31:13.6011432+08:00	0x02	0.0166	-0.0045	-0.9729	0.2304	206.65	358.03	359.93
2026-05-08T14:31:13.6011432+08:00	0x03	0.0102	-0.0467	0.2655	0.9629	30.72	355.14	2.54
2026-05-08T14:31:13.6011432+08:00	0x08	-0.0044	-0.0157	0.0535	0.9984	6.14	358.18	359.59
2026-05-08T14:31:13.6011432+08:00	0x01	-0.0187	-0.0649	-0.2284	0.9712	333.76	353.23	356.22
2026-05-08T14:31:13.6011432+08:00	0x07	-0.8565	-0.3076	0.4138	-0.0212	147.82	226.67	16.91
2026-05-08T14:31:13.6011432+08:00	0x02	0.0167	-0.0045	-0.9729	0.2304	206.65	358.02	359.94
2026-05-08T14:31:13.6011432+08:00	0x03	0.0102	-0.0467	0.2655	0.9629	30.72	355.14	2.54
2026-05-08T14:31:13.6011432+08:00	0x08	-0.0044	-0.0157	0.0535	0.9984	6.14	358.18	359.60
2026-05-08T14:31:13.6011432+08:00	0x09	0.0522	-0.0677	-0.6404	0.7633	280.04	350.20	359.60
2026-05-08T14:31:13.6011432+08:00	0x06	0.2775	-0.0349	-0.9416	0.1873	201.86	327.58	2.20
2026-05-08T14:31:13.6011432+08:00	0x07	-0.8568	-0.3073	0.4135	-0.0194	147.79	226.67	16.70
2026-05-08T14:31:13.6011432+08:00	0x02	0.0166	-0.0045	-0.9729	0.2304	206.65	358.03	359.93
2026-05-08T14:31:13.6011432+08:00	0x03	0.0102	-0.0467	0.2655	0.9629	30.72	355.14	2.54
2026-05-08T14:31:13.6011432+08:00	0x09	0.0522	-0.0677	-0.6404	0.7633	280.04	350.20	359.60
2026-05-08T14:31:13.6011432+08:00	0x06	0.2778	-0.0354	-0.9417	0.1866	201.80	327.54	2.12
2026-05-08T14:31:13.6011432+08:00	0x07	-0.8569	-0.3073	0.4134	-0.0195	147.79	226.65	16.71
2026-05-08T14:31:13.6011432+08:00	0x04	-0.0144	-0.0192	-0.2015	0.9792	336.78	358.18	357.94
2026-05-08T14:31:13.6011432+08:00	0x02	0.0167	-0.0045	-0.9729	0.2304	206.65	358.02	359.94
2026-05-08T14:31:13.6011432+08:00	0x03	0.0102	-0.0467	0.2655	0.9629	30.72	355.14	2.54
2026-05-08T14:31:13.6011432+08:00	0x08	-0.0044	-0.0157	0.0535	0.9984	6.14	358.18	359.60
2026-05-08T14:31:13.6011432+08:00	0x09	0.0522	-0.0677	-0.6404	0.7633	280.04	350.20	359.60
2026-05-08T14:31:13.6020986+08:00	0x07	-0.8569	-0.3074	0.4133	-0.0193	147.77	226.65	16.69
2026-05-08T14:31:13.6020986+08:00	0x02	0.0167	-0.0045	-0.9729	0.2304	206.65	358.02	359.94
2026-05-08T14:31:13.6020986+08:00	0x03	0.0102	-0.0467	0.2655	0.9629	30.72	355.15	2.54
2026-05-08T14:31:13.6020986+08:00	0x09	0.0522	-0.0677	-0.6404	0.7633	280.04	350.20	359.60
2026-05-08T14:31:13.6020986+08:00	0x01	-0.0187	-0.0650	-0.2284	0.9712	333.76	353.23	356.22
2026-05-08T14:31:13.6020986+08:00	0x06	0.2780	-0.0358	-0.9419	0.1852	201.65	327.50	2.03
2026-05-08T14:31:13.6020986+08:00	0x03	0.0102	-0.0467	0.2655	0.9629	30.72	355.15	2.54
2026-05-08T14:31:13.6020986+08:00	0x09	0.0522	-0.0677	-0.6404	0.7633	280.04	350.20	359.60
2026-05-08T14:31:13.6020986+08:00	0x06	0.2782	-0.0361	-0.9420	0.1843	201.57	327.47	1.98
2026-05-08T14:31:13.6020986+08:00	0x02	0.0167	-0.0045	-0.9729	0.2304	206.65	358.02	359.94
2026-05-08T14:31:13.6020986+08:00	0x03	0.0102	-0.0467	0.2655	0.9629	30.72	355.15	2.54
2026-05-08T14:31:13.6020986+08:00	0x05	0.0105	0.0093	0.4344	0.9006	51.51	1.49	0.62
2026-05-08T14:31:13.6020986+08:00	0x08	-0.0044	-0.0157	0.0535	0.9984	6.14	358.18	359.60
2026-05-08T14:31:13.6020986+08:00	0x09	0.0522	-0.0677	-0.6404	0.7633	280.04	350.20	359.60
2026-05-08T14:31:13.6020986+08:00	0x06	0.2786	-0.0364	-0.9420	0.1836	201.49	327.41	1.93
2026-05-08T14:31:13.6020986+08:00	0x05	0.0105	0.0093	0.4344	0.9006	51.51	1.49	0.62
2026-05-08T14:31:13.6020986+08:00	0x02	0.0167	-0.0045	-0.9729	0.2304	206.65	358.02	359.93
2026-05-08T14:31:13.6020986+08:00	0x03	0.0102	-0.0467	0.2655	0.9629	30.72	355.15	2.54
2026-05-08T14:31:13.6020986+08:00	0x08	-0.0044	-0.0157	0.0535	0.9984	6.14	358.18	359.60
2026-05-08T14:31:13.6020986+08:00	0x01	-0.0187	-0.0650	-0.2284	0.9712	333.76	353.23	356.22
2026-05-08T14:31:13.6020986+08:00	0x07	-0.8571	-0.3074	0.4129	-0.0192	147.76	226.59	16.67
2026-05-08T14:31:13.6020986+08:00	0x04	-0.0144	-0.0192	-0.2015	0.9792	336.78	358.18	357.94
2026-05-08T14:31:13.6020986+08:00	0x02	0.0167	-0.0045	-0.9729	0.2304	206.65	358.02	359.94
2026-05-08T14:31:13.6020986+08:00	0x03	0.0102	-0.0467	0.2655	0.9629	30.72	355.15	2.55
2026-05-08T14:31:13.6020986+08:00	0x08	-0.0043	-0.0157	0.0535	0.9984	6.14	358.18	359.60
2026-05-08T14:31:13.6020986+08:00	0x09	0.0522	-0.0677	-0.6404	0.7633	280.04	350.20	359.60
2026-05-08T14:31:13.6020986+08:00	0x06	0.2791	-0.0364	-0.9418	0.1840	201.54	327.36	1.96
2026-05-08T14:31:13.6020986+08:00	0x01	-0.0187	-0.0650	-0.2284	0.9712	333.76	353.23	356.21
2026-05-08T14:31:13.6020986+08:00	0x07	-0.8572	-0.3074	0.4128	-0.0194	147.76	226.58	16.68
2026-05-08T14:31:13.6020986+08:00	0x02	0.0167	-0.0045	-0.9729	0.2304	206.65	358.02	359.94
2026-05-08T14:31:13.6020986+08:00	0x03	0.0102	-0.0467	0.2655	0.9629	30.72	355.15	2.55
2026-05-08T14:31:13.6020986+08:00	0x08	-0.0044	-0.0157	0.0535	0.9984	6.14	358.18	359.60
2026-05-08T14:31:13.6020986+08:00	0x06	0.2789	-0.0362	-0.9417	0.1848	201.62	327.39	2.00
2026-05-08T14:31:13.6020986+08:00	0x04	-0.0144	-0.0192	-0.2015	0.9792	336.78	358.18	357.94
2026-05-08T14:31:13.6020986+08:00	0x03	0.0102	-0.0467	0.2655	0.9629	30.72	355.15	2.55
2026-05-08T14:31:13.6020986+08:00	0x02	0.0167	-0.0045	-0.9729	0.2304	206.65	358.02	359.93
2026-05-08T14:31:13.6020986+08:00	0x08	-0.0044	-0.0157	0.0535	0.9984	6.14	358.18	359.60
2026-05-08T14:31:13.6020986+08:00	0x07	-0.8579	-0.3063	0.4122	-0.0176	147.81	226.55	16.43
2026-05-08T14:31:13.6020986+08:00	0x02	0.0167	-0.0045	-0.9729	0.2304	206.65	358.02	359.93
2026-05-08T14:31:13.6020986+08:00	0x03	0.0102	-0.0467	0.2655	0.9629	30.72	355.15	2.55
2026-05-08T14:31:13.6020986+08:00	0x01	-0.0187	-0.0650	-0.2284	0.9712	333.76	353.23	356.22
2026-05-08T14:31:13.6020986+08:00	0x09	0.0522	-0.0677	-0.6404	0.7633	280.04	350.20	359.60
2026-05-08T14:31:13.6020986+08:00	0x04	-0.0145	-0.0192	-0.2015	0.9792	336.78	358.18	357.93
2026-05-08T14:31:13.6020986+08:00	0x07	-0.8569	-0.3079	0.4130	-0.0192	147.70	226.60	16.69
2026-05-08T14:31:13.6020986+08:00	0x03	0.0102	-0.0467	0.2655	0.9629	30.72	355.14	2.55
2026-05-08T14:31:13.6020986+08:00	0x01	-0.0187	-0.0650	-0.2284	0.9712	333.76	353.23	356.22
2026-05-08T14:31:13.6020986+08:00	0x09	0.0522	-0.0677	-0.6404	0.7633	280.04	350.20	359.60
2026-05-08T14:31:13.6020986+08:00	0x04	-0.0144	-0.0192	-0.2015	0.9792	336.78	358.18	357.94
2026-05-08T14:31:13.6020986+08:00	0x07	-0.8574	-0.3074	0.4123	-0.0180	147.70	226.55	16.53
2026-05-08T14:31:13.6020986+08:00	0x03	0.0102	-0.0467	0.2655	0.9629	30.72	355.14	2.55
2026-05-08T14:31:13.6020986+08:00	0x06	0.2790	-0.0357	-0.9417	0.1848	201.61	327.38	2.06
2026-05-08T14:31:13.6020986+08:00	0x08	-0.0044	-0.0157	0.0535	0.9984	6.14	358.18	359.59
2026-05-08T14:31:13.6020986+08:00	0x01	-0.0187	-0.0649	-0.2284	0.9712	333.76	353.23	356.22
2026-05-08T14:31:13.6020986+08:00	0x09	0.0522	-0.0677	-0.6404	0.7633	280.04	350.20	359.60
2026-05-08T14:31:13.6020986+08:00	0x02	0.0167	-0.0045	-0.9729	0.2304	206.65	358.02	359.94
2026-05-08T14:31:13.6020986+08:00	0x04	-0.0144	-0.0192	-0.2015	0.9792	336.78	358.18	357.94
2026-05-08T14:31:13.6020986+08:00	0x07	-0.8567	-0.2979	0.4205	-0.0213	149.06	227.64	16.68
2026-05-08T14:31:13.6020986+08:00	0x03	0.0102	-0.0467	0.2655	0.9629	30.72	355.14	2.55
2026-05-08T14:31:13.6020986+08:00	0x08	-0.0044	-0.0157	0.0535	0.9984	6.14	358.18	359.59
2026-05-08T14:31:13.6020986+08:00	0x01	-0.0187	-0.0649	-0.2284	0.9712	333.76	353.23	356.22
2026-05-08T14:31:13.6020986+08:00	0x06	0.0053	-0.1379	-0.9840	0.1129	193.43	357.53	344.33
2026-05-08T14:31:13.6020986+08:00	0x07	-0.7563	-0.1289	0.6400	-0.0429	171.73	259.51	13.28
2026-05-08T14:31:13.6020986+08:00	0x03	0.0102	-0.0467	0.2655	0.9629	30.72	355.15	2.55
2026-05-08T14:31:13.6020986+08:00	0x08	-0.0044	-0.0157	0.0535	0.9984	6.14	358.18	359.60
2026-05-08T14:31:13.6020986+08:00	0x01	-0.0187	-0.0649	-0.2284	0.9712	333.76	353.23	356.22
2026-05-08T14:31:13.6020986+08:00	0x06	-0.0304	-0.1263	-0.9914	-0.0134	177.97	3.77	345.55
2026-05-08T14:31:13.6031374+08:00	0x09	0.0522	-0.0676	-0.6404	0.7633	280.04	350.20	359.61
2026-05-08T14:31:13.6031374+08:00	0x07	-0.7413	-0.0946	0.6627	-0.0474	175.47	263.14	11.29
2026-05-08T14:31:13.6031374+08:00	0x02	0.0167	-0.0045	-0.9730	0.2304	206.64	358.02	359.93
2026-05-08T14:31:13.6031374+08:00	0x03	0.0102	-0.0467	0.2655	0.9629	30.72	355.15	2.55
2026-05-08T14:31:13.6031374+08:00	0x01	-0.0187	-0.0649	-0.2284	0.9712	333.76	353.23	356.22
2026-05-08T14:31:13.6031374+08:00	0x06	-0.0457	-0.1089	-0.9926	-0.0265	176.33	5.67	347.66
2026-05-08T14:31:13.6031374+08:00	0x07	-0.7375	-0.1141	0.6642	-0.0428	173.45	263.30	12.40
2026-05-08T14:31:13.6031374+08:00	0x02	0.0167	-0.0045	-0.9730	0.2304	206.64	358.02	359.93
2026-05-08T14:31:13.6031374+08:00	0x05	0.0104	0.0094	0.4344	0.9006	51.50	1.49	0.61
2026-05-08T14:31:13.6031374+08:00	0x03	0.0102	-0.0467	0.2655	0.9629	30.72	355.15	2.55
2026-05-08T14:31:13.6031374+08:00	0x01	-0.0187	-0.0649	-0.2284	0.9712	333.76	353.23	356.22
2026-05-08T14:31:13.6031374+08:00	0x06	-0.0480	-0.1257	-0.9904	-0.0320	175.54	6.10	345.77
2026-05-08T14:31:13.6031374+08:00	0x09	0.0522	-0.0676	-0.6404	0.7633	280.04	350.20	359.60
2026-05-08T14:31:13.6031374+08:00	0x07	-0.7513	-0.1224	0.6412	-0.0972	176.43	260.41	17.64
2026-05-08T14:31:13.6031374+08:00	0x04	-0.0144	-0.0192	-0.2015	0.9792	336.78	358.18	357.94
2026-05-08T14:31:13.6031374+08:00	0x03	0.0102	-0.0467	0.2655	0.9629	30.72	355.15	2.55
2026-05-08T14:31:13.6031374+08:00	0x01	-0.0187	-0.0649	-0.2284	0.9712	333.76	353.23	356.22
2026-05-08T14:31:13.6031374+08:00	0x08	-0.0044	-0.0157	0.0535	0.9984	6.14	358.18	359.59
2026-05-08T14:31:13.6031374+08:00	0x06	-0.0515	-0.1233	-0.9904	-0.0366	174.97	6.57	346.09
2026-05-08T14:31:13.6031374+08:00	0x07	-0.7487	-0.1128	0.6478	-0.0840	176.42	261.24	15.78
2026-05-08T14:31:13.6031374+08:00	0x03	0.0102	-0.0467	0.2655	0.9629	30.72	355.15	2.55
2026-05-08T14:31:13.6031374+08:00	0x08	-0.0044	-0.0157	0.0535	0.9984	6.14	358.18	359.60
2026-05-08T14:31:13.6031374+08:00	0x06	-0.0625	-0.1463	-0.9854	-0.0606	171.75	8.45	343.70
2026-05-08T14:31:13.6031374+08:00	0x09	0.0522	-0.0677	-0.6404	0.7633	280.04	350.20	359.60
2026-05-08T14:31:13.6031374+08:00	0x07	-0.7584	-0.1283	0.6300	-0.1068	176.36	258.83	18.88
2026-05-08T14:31:13.6031374+08:00	0x03	0.0102	-0.0467	0.2655	0.9629	30.72	355.15	2.55
2026-05-08T14:31:13.6031374+08:00	0x01	-0.0186	-0.0649	-0.2284	0.9712	333.76	353.24	356.22
2026-05-08T14:31:13.6031374+08:00	0x08	-0.0044	-0.0157	0.0535	0.9984	6.14	358.18	359.60
2026-05-08T14:31:13.6031374+08:00	0x06	-0.0644	-0.1263	-0.9887	-0.0477	173.45	8.27	345.90
2026-05-08T14:31:13.6031374+08:00	0x07	-0.7567	-0.1543	0.6263	-0.1065	173.86	258.10	20.76
2026-05-08T14:31:13.6031374+08:00	0x03	0.0102	-0.0467	0.2655	0.9629	30.72	355.15	2.55
2026-05-08T14:31:13.6031374+08:00	0x02	0.0166	-0.0045	-0.9730	0.2304	206.64	358.03	359.94
2026-05-08T14:31:13.6031374+08:00	0x01	-0.0186	-0.0649	-0.2284	0.9712	333.76	353.23	356.22
2026-05-08T14:31:13.6031374+08:00	0x08	-0.0044	-0.0157	0.0535	0.9984	6.14	358.18	359.59
2026-05-08T14:31:13.6031374+08:00	0x09	0.0522	-0.0677	-0.6404	0.7633	280.04	350.20	359.60
2026-05-08T14:31:13.6031374+08:00	0x07	-0.7536	-0.1784	0.6211	-0.1207	172.53	257.41	23.79
2026-05-08T14:31:13.6031374+08:00	0x04	-0.0145	-0.0192	-0.2015	0.9792	336.78	358.18	357.93
2026-05-08T14:31:13.6031374+08:00	0x05	0.0104	0.0094	0.4344	0.9006	51.50	1.48	0.60
2026-05-08T14:31:13.6031374+08:00	0x03	0.0102	-0.0467	0.2655	0.9629	30.72	355.15	2.55
2026-05-08T14:31:13.6031374+08:00	0x08	-0.0044	-0.0157	0.0535	0.9984	6.14	358.18	359.59
2026-05-08T14:31:13.6031374+08:00	0x09	0.0522	-0.0677	-0.6404	0.7633	280.04	350.20	359.60
2026-05-08T14:31:13.6031374+08:00	0x04	-0.0145	-0.0192	-0.2015	0.9792	336.78	358.18	357.93
2026-05-08T14:31:13.6031374+08:00	0x02	0.0167	-0.0045	-0.9730	0.2304	206.64	358.02	359.94
2026-05-08T14:31:13.6031374+08:00	0x03	0.0102	-0.0467	0.2655	0.9629	30.72	355.15	2.54
2026-05-08T14:31:13.6031374+08:00	0x01	-0.0187	-0.0649	-0.2284	0.9712	333.76	353.23	356.22
2026-05-08T14:31:13.6031374+08:00	0x09	0.0522	-0.0677	-0.6404	0.7633	280.04	350.20	359.60
2026-05-08T14:31:13.6031374+08:00	0x06	-0.0696	-0.1186	-0.9895	-0.0443	173.86	8.76	346.79
2026-05-08T14:31:13.6031374+08:00	0x07	-0.7229	-0.1246	0.6716	-0.1039	177.55	265.39	18.52
2026-05-08T14:31:13.6031374+08:00	0x02	0.0167	-0.0045	-0.9730	0.2304	206.64	358.02	359.94
2026-05-08T14:31:13.6031374+08:00	0x01	-0.0187	-0.0649	-0.2284	0.9712	333.76	353.23	356.22
2026-05-08T14:31:13.6031374+08:00	0x06	-0.0795	-0.1257	-0.9879	-0.0443	173.63	9.98	346.03
2026-05-08T14:31:13.6031374+08:00	0x09	0.0522	-0.0677	-0.6404	0.7633	280.04	350.20	359.60
2026-05-08T14:31:13.6031374+08:00	0x07	-0.6739	-0.1755	0.6999	-0.1586	179.06	271.94	27.36
2026-05-08T14:31:13.6031374+08:00	0x04	-0.0145	-0.0192	-0.2015	0.9792	336.78	358.18	357.93
2026-05-08T14:31:13.6031374+08:00	0x01	-0.0187	-0.0649	-0.2284	0.9712	333.76	353.23	356.22
2026-05-08T14:31:13.6031374+08:00	0x06	-0.0705	-0.1205	-0.9882	-0.0638	171.55	9.14	346.76
2026-05-08T14:31:13.6031374+08:00	0x09	0.0522	-0.0677	-0.6404	0.7633	280.04	350.20	359.60
2026-05-08T14:31:13.6031374+08:00	0x07	-0.7223	0.0278	0.6910	0.0052	181.89	267.42	357.37
2026-05-08T14:31:13.6031374+08:00	0x04	-0.0145	-0.0192	-0.2015	0.9792	336.78	358.18	357.93
2026-05-08T14:31:13.6031374+08:00	0x03	0.0102	-0.0467	0.2655	0.9629	30.72	355.15	2.54
2026-05-08T14:31:13.6031374+08:00	0x01	-0.0187	-0.0649	-0.2284	0.9712	333.76	353.23	356.22
2026-05-08T14:31:13.6031374+08:00	0x06	-0.0693	-0.1423	-0.9809	-0.1132	165.48	10.04	344.72
2026-05-08T14:31:13.6031374+08:00	0x08	-0.0044	-0.0157	0.0535	0.9984	6.14	358.18	359.60
2026-05-08T14:31:13.6041350+08:00	0x09	0.0522	-0.0677	-0.6404	0.7633	280.04	350.20	359.60
2026-05-08T14:31:13.6041350+08:00	0x07	-0.7216	0.0217	0.6920	0.0002	181.77	267.57	358.26
2026-05-08T14:31:13.6041350+08:00	0x05	0.0104	0.0094	0.4344	0.9006	51.50	1.49	0.61
2026-05-08T14:31:13.6041350+08:00	0x04	-0.0144	-0.0192	-0.2015	0.9792	336.78	358.18	357.94
2026-05-08T14:31:13.6041350+08:00	0x02	0.0167	-0.0045	-0.9730	0.2304	206.64	358.02	359.94
2026-05-08T14:31:13.6041350+08:00	0x08	-0.0044	-0.0157	0.0535	0.9984	6.14	358.18	359.60
2026-05-08T14:31:13.6041350+08:00	0x06	-0.0773	-0.1231	-0.9841	-0.1022	166.94	10.49	346.91
2026-05-08T14:31:13.6041350+08:00	0x09	0.0522	-0.0677	-0.6404	0.7633	280.04	350.20	359.60
2026-05-08T14:31:13.6041350+08:00	0x07	-0.7033	0.2219	0.6522	0.1751	185.69	264.03	327.60
2026-05-08T14:31:13.6041350+08:00	0x03	0.0102	-0.0467	0.2655	0.9629	30.72	355.15	2.54
2026-05-08T14:31:13.6041350+08:00	0x02	0.0167	-0.0045	-0.9730	0.2304	206.64	358.02	359.94
2026-05-08T14:31:13.6041350+08:00	0x06	-0.0786	-0.1234	-0.9841	-0.1006	167.10	10.63	346.88
2026-05-08T14:31:13.6041350+08:00	0x08	-0.0044	-0.0157	0.0535	0.9984	6.14	358.18	359.60
2026-05-08T14:31:13.6041350+08:00	0x09	0.0522	-0.0677	-0.6404	0.7633	280.04	350.20	359.60
2026-05-08T14:31:13.6041350+08:00	0x07	-0.6457	0.3405	0.6143	0.2996	186.94	263.64	306.37
2026-05-08T14:31:13.6041350+08:00	0x04	-0.0145	-0.0192	-0.2015	0.9792	336.78	358.18	357.93
2026-05-08T14:31:13.6041350+08:00	0x03	0.0102	-0.0467	0.2655	0.9629	30.72	355.15	2.54
2026-05-08T14:31:13.6041350+08:00	0x01	-0.0187	-0.0649	-0.2284	0.9712	333.76	353.23	356.22
2026-05-08T14:31:13.6041350+08:00	0x08	-0.0044	-0.0157	0.0535	0.9984	6.14	358.18	359.60
2026-05-08T14:31:13.6041350+08:00	0x07	-0.5706	0.4165	0.5818	0.4030	181.11	270.33	289.16
2026-05-08T14:31:13.6041350+08:00	0x03	0.0102	-0.0467	0.2655	0.9629	30.72	355.15	2.54
2026-05-08T14:31:13.6041350+08:00	0x01	-0.0186	-0.0649	-0.2284	0.9712	333.76	353.23	356.22
2026-05-08T14:31:13.6041350+08:00	0x08	-0.0044	-0.0157	0.0535	0.9984	6.14	358.18	359.60
2026-05-08T14:31:13.6041350+08:00	0x06	-0.0636	-0.1173	-0.9867	-0.0927	168.30	8.68	347.31
2026-05-08T14:31:13.6041350+08:00	0x09	0.0522	-0.0677	-0.6404	0.7633	280.04	350.20	359.60
2026-05-08T14:31:13.6041350+08:00	0x07	-0.4722	0.4422	0.5836	0.4908	129.30	324.32	281.58
2026-05-08T14:31:13.6041350+08:00	0x03	0.0102	-0.0467	0.2655	0.9629	30.72	355.14	2.54
2026-05-08T14:31:13.6041350+08:00	0x01	-0.0186	-0.0649	-0.2284	0.9712	333.76	353.23	356.22
2026-05-08T14:31:13.6041350+08:00	0x06	-0.0628	-0.1160	-0.9872	-0.0899	168.65	8.54	347.43
2026-05-08T14:31:13.6041350+08:00	0x08	-0.0044	-0.0157	0.0535	0.9984	6.14	358.18	359.60
2026-05-08T14:31:13.6041350+08:00	0x09	0.0522	-0.0677	-0.6404	0.7633	280.04	350.20	359.60
2026-05-08T14:31:13.6041350+08:00	0x07	-0.4333	0.4732	0.5450	0.5397	80.32	12.29	280.42
2026-05-08T14:31:13.6041350+08:00	0x03	0.0102	-0.0467	0.2655	0.9629	30.72	355.15	2.54
2026-05-08T14:31:13.6041350+08:00	0x05	0.0104	0.0094	0.4344	0.9006	51.50	1.49	0.61
2026-05-08T14:31:13.6041350+08:00	0x02	0.0167	-0.0045	-0.9730	0.2304	206.64	358.02	359.93
2026-05-08T14:31:13.6041350+08:00	0x06	-0.0668	-0.1151	-0.9872	-0.0880	168.83	8.96	347.55
2026-05-08T14:31:13.6041350+08:00	0x09	0.0523	-0.0677	-0.6404	0.7633	280.04	350.20	359.61
2026-05-08T14:31:13.6041350+08:00	0x07	-0.3992	0.4985	0.5079	0.5781	48.86	42.82	284.56
2026-05-08T14:31:13.6041350+08:00	0x03	0.0102	-0.0467	0.2655	0.9629	30.72	355.15	2.54
2026-05-08T14:31:13.6041350+08:00	0x01	-0.0186	-0.0649	-0.2284	0.9712	333.76	353.23	356.22
2026-05-08T14:31:13.6041350+08:00	0x08	-0.0044	-0.0157	0.0535	0.9984	6.14	358.18	359.60
2026-05-08T14:31:13.6041350+08:00	0x06	-0.0781	-0.1151	-0.9864	-0.0880	168.70	10.27	347.68
2026-05-08T14:31:13.6041350+08:00	0x07	-0.3706	0.5334	0.4595	0.6059	28.04	62.91	290.08
2026-05-08T14:31:13.6041350+08:00	0x03	0.0102	-0.0467	0.2655	0.9629	30.72	355.15	2.54
2026-05-08T14:31:13.6041350+08:00	0x04	-0.0145	-0.0192	-0.2015	0.9792	336.78	358.18	357.93
2026-05-08T14:31:13.6041350+08:00	0x01	-0.0187	-0.0649	-0.2284	0.9712	333.76	353.23	356.22
2026-05-08T14:31:13.6041350+08:00	0x06	-0.0781	-0.1140	-0.9867	-0.0861	168.93	10.24	347.79
2026-05-08T14:31:13.6041350+08:00	0x09	0.0522	-0.0677	-0.6404	0.7633	280.04	350.20	359.60
2026-05-08T14:31:13.6041350+08:00	0x03	0.0101	-0.0467	0.2655	0.9629	30.72	355.15	2.54
2026-05-08T14:31:13.6041350+08:00	0x01	-0.0187	-0.0649	-0.2284	0.9712	333.76	353.23	356.22
2026-05-08T14:31:13.6041350+08:00	0x02	0.0167	-0.0045	-0.9730	0.2304	206.64	358.02	359.94
2026-05-08T14:31:13.6041350+08:00	0x08	-0.0044	-0.0157	0.0535	0.9984	6.14	358.18	359.60
2026-05-08T14:31:13.6041350+08:00	0x07	-0.3706	0.5766	0.4053	0.6049	9.00	81.37	293.69
2026-05-08T14:31:13.6041350+08:00	0x09	0.0522	-0.0676	-0.6404	0.7633	280.04	350.20	359.61
2026-05-08T14:31:13.6041350+08:00	0x06	-0.0692	-0.1224	-0.9862	-0.0879	168.72	9.34	346.75
2026-05-08T14:31:13.6041350+08:00	0x03	0.0102	-0.0467	0.2655	0.9629	30.72	355.15	2.54
2026-05-08T14:31:13.6041350+08:00	0x06	-0.0694	-0.1256	-0.9837	-0.1083	166.29	9.69	346.57
2026-05-08T14:31:13.6041350+08:00	0x07	-0.3379	0.6700	0.2939	0.5921	350.07	101.98	307.44
2026-05-08T14:31:13.6041350+08:00	0x04	-0.0144	-0.0192	-0.2015	0.9792	336.78	358.18	357.94
2026-05-08T14:31:13.6041350+08:00	0x03	0.0102	-0.0467	0.2655	0.9629	30.72	355.15	2.54
2026-05-08T14:31:13.6041350+08:00	0x05	0.0105	0.0094	0.4344	0.9006	51.51	1.49	0.61
2026-05-08T14:31:13.6041350+08:00	0x02	0.0167	-0.0045	-0.9730	0.2304	206.64	358.02	359.94
2026-05-08T14:31:13.6041350+08:00	0x08	-0.0044	-0.0157	0.0535	0.9984	6.14	358.18	359.60
2026-05-08T14:31:13.6051337+08:00	0x01	-0.0187	-0.0649	-0.2284	0.9712	333.76	353.23	356.22
2026-05-08T14:31:13.6051337+08:00	0x07	-0.1976	0.7333	0.1882	0.6228	356.28	100.37	328.53
2026-05-08T14:31:13.6051337+08:00	0x01	-0.0186	-0.0649	-0.2284	0.9712	333.76	353.23	356.22
2026-05-08T14:31:13.6051337+08:00	0x03	0.0102	-0.0467	0.2655	0.9629	30.72	355.15	2.54
2026-05-08T14:31:13.6051337+08:00	0x08	-0.0044	-0.0157	0.0535	0.9984	6.14	358.18	359.60
2026-05-08T14:31:13.6051337+08:00	0x02	0.0167	-0.0045	-0.9730	0.2304	206.64	358.02	359.94
2026-05-08T14:31:13.6051337+08:00	0x09	0.0522	-0.0677	-0.6404	0.7633	280.04	350.20	359.60
2026-05-08T14:31:13.6051337+08:00	0x07	-0.1411	0.7433	0.1406	0.6386	358.13	99.05	337.09
2026-05-08T14:31:13.6051337+08:00	0x03	0.0102	-0.0467	0.2655	0.9629	30.72	355.15	2.54
2026-05-08T14:31:13.6051337+08:00	0x01	-0.0187	-0.0649	-0.2284	0.9712	333.76	353.23	356.22
2026-05-08T14:31:13.6051337+08:00	0x08	-0.0044	-0.0157	0.0535	0.9984	6.14	358.18	359.60
2026-05-08T14:31:13.6051337+08:00	0x09	0.0522	-0.0677	-0.6404	0.7633	280.04	350.20	359.60
2026-05-08T14:31:13.6051337+08:00	0x04	-0.0144	-0.0192	-0.2015	0.9792	336.78	358.18	357.94
2026-05-08T14:31:13.6051337+08:00	0x03	0.0101	-0.0467	0.2655	0.9629	30.72	355.15	2.54
2026-05-08T14:31:13.6051337+08:00	0x08	-0.0044	-0.0157	0.0535	0.9984	6.14	358.18	359.60
2026-05-08T14:31:13.6051337+08:00	0x02	0.0167	-0.0045	-0.9730	0.2304	206.64	358.02	359.94
2026-05-08T14:31:13.6051337+08:00	0x01	-0.0187	-0.0649	-0.2284	0.9712	333.76	353.23	356.22
2026-05-08T14:31:13.6051337+08:00	0x06	-0.0711	-0.1224	-0.9823	-0.1223	164.67	10.02	347.10
2026-05-08T14:31:13.6051337+08:00	0x07	-0.0932	0.7501	0.0995	0.6471	359.35	98.52	344.34
2026-05-08T14:31:13.6051337+08:00	0x04	-0.0144	-0.0192	-0.2015	0.9792	336.78	358.18	357.94
2026-05-08T14:31:13.6051337+08:00	0x03	0.0101	-0.0467	0.2655	0.9629	30.72	355.15	2.54
2026-05-08T14:31:13.6051337+08:00	0x08	-0.0044	-0.0157	0.0535	0.9984	6.14	358.18	359.60
2026-05-08T14:31:13.6051337+08:00	0x06	-0.0712	-0.1222	-0.9822	-0.1237	164.51	10.05	347.15
2026-05-08T14:31:13.6051337+08:00	0x07	-0.0366	0.7548	0.0514	0.6529	0.68	98.24	352.80
2026-05-08T14:31:13.6051337+08:00	0x03	0.0102	-0.0467	0.2655	0.9629	30.72	355.15	2.54
2026-05-08T14:31:13.6051337+08:00	0x04	-0.0144	-0.0192	-0.2015	0.9792	336.78	358.18	357.94
2026-05-08T14:31:13.6051337+08:00	0x08	-0.0044	-0.0157	0.0535	0.9984	6.14	358.18	359.60
2026-05-08T14:31:13.6051337+08:00	0x01	-0.0187	-0.0649	-0.2284	0.9712	333.76	353.23	356.22
2026-05-08T14:31:13.6051337+08:00	0x06	-0.0719	-0.1224	-0.9821	-0.1235	164.52	10.13	347.14
2026-05-08T14:31:13.6051337+08:00	0x07	-0.0092	0.7554	0.0274	0.6546	1.26	98.15	356.93
2026-05-08T14:31:13.6051337+08:00	0x03	0.0102	-0.0467	0.2655	0.9629	30.72	355.15	2.54
2026-05-08T14:31:13.6051337+08:00	0x04	-0.0144	-0.0192	-0.2015	0.9792	336.78	358.18	357.94
2026-05-08T14:31:13.6051337+08:00	0x08	-0.0044	-0.0157	0.0535	0.9984	6.14	358.18	359.60
2026-05-08T14:31:13.6051337+08:00	0x01	-0.0187	-0.0649	-0.2284	0.9712	333.76	353.23	356.22
2026-05-08T14:31:13.6051337+08:00	0x09	0.0522	-0.0677	-0.6404	0.7633	280.04	350.20	359.60
2026-05-08T14:31:13.6051337+08:00	0x03	0.0102	-0.0467	0.2655	0.9629	30.72	355.15	2.54
2026-05-08T14:31:13.6051337+08:00	0x07	-0.0022	0.7554	0.0213	0.6549	1.40	98.13	357.99
2026-05-08T14:31:13.6051337+08:00	0x02	0.0167	-0.0045	-0.9730	0.2304	206.64	358.02	359.94
2026-05-08T14:31:13.6051337+08:00	0x08	-0.0044	-0.0157	0.0535	0.9984	6.14	358.18	359.60
2026-05-08T14:31:13.6051337+08:00	0x01	-0.0187	-0.0649	-0.2284	0.9712	333.76	353.23	356.22
2026-05-08T14:31:13.6051337+08:00	0x09	0.0522	-0.0677	-0.6404	0.7633	280.04	350.20	359.60
2026-05-08T14:31:13.6051337+08:00	0x07	0.0030	0.7550	0.0158	0.6555	1.45	98.06	358.86
2026-05-08T14:31:13.6051337+08:00	0x03	0.0102	-0.0467	0.2655	0.9629	30.72	355.15	2.54
2026-05-08T14:31:13.6051337+08:00	0x04	-0.0144	-0.0192	-0.2015	0.9792	336.78	358.18	357.94
2026-05-08T14:31:13.6051337+08:00	0x08	-0.0043	-0.0157	0.0535	0.9984	6.14	358.18	359.60
2026-05-08T14:31:13.6051337+08:00	0x01	-0.0186	-0.0649	-0.2284	0.9712	333.76	353.23	356.22
2026-05-08T14:31:13.6051337+08:00	0x06	-0.0732	-0.1283	-0.9811	-0.1251	164.23	10.41	346.50
2026-05-08T14:31:13.6051337+08:00	0x07	0.0109	0.7548	0.0115	0.6558	1.80	98.02	359.83
2026-05-08T14:31:13.6051337+08:00	0x04	-0.0144	-0.0192	-0.2015	0.9792	336.78	358.18	357.94
2026-05-08T14:31:13.6051337+08:00	0x02	0.0166	-0.0045	-0.9730	0.2304	206.64	358.03	359.93
2026-05-08T14:31:13.6051337+08:00	0x09	0.0522	-0.0677	-0.6404	0.7633	280.04	350.20	359.60
2026-05-08T14:31:13.6051337+08:00	0x05	0.0104	0.0094	0.4344	0.9006	51.50	1.49	0.61
2026-05-08T14:31:13.6051337+08:00	0x01	-0.0186	-0.0649	-0.2284	0.9712	333.76	353.24	356.22
2026-05-08T14:31:13.6051337+08:00	0x09	0.0523	-0.0677	-0.6404	0.7633	280.04	350.20	359.61
2026-05-08T14:31:13.6051337+08:00	0x07	0.0335	0.7593	0.0074	0.6498	3.47	98.94	1.86
2026-05-08T14:31:13.6051337+08:00	0x09	0.0522	-0.0677	-0.6404	0.7633	280.04	350.20	359.60
2026-05-08T14:31:13.6051337+08:00	0x04	-0.0144	-0.0192	-0.2015	0.9792	336.78	358.18	357.94
2026-05-08T14:31:13.6051337+08:00	0x03	0.0102	-0.0467	0.2655	0.9629	30.72	355.15	2.54
2026-05-08T14:31:13.6051337+08:00	0x08	-0.0043	-0.0157	0.0535	0.9984	6.14	358.18	359.60
2026-05-08T14:31:13.6051337+08:00	0x01	-0.0186	-0.0649	-0.2284	0.9712	333.76	353.24	356.22
2026-05-08T14:31:13.6051337+08:00	0x09	0.0523	-0.0677	-0.6404	0.7633	280.04	350.19	359.60
2026-05-08T14:31:13.6051337+08:00	0x07	0.0383	0.7598	0.0065	0.6490	3.82	99.07	2.28
2026-05-08T14:31:13.6051337+08:00	0x09	0.0522	-0.0677	-0.6404	0.7633	280.04	350.20	359.60
2026-05-08T14:31:13.6061267+08:00	0x04	-0.0144	-0.0192	-0.2015	0.9792	336.78	358.18	357.94
2026-05-08T14:31:13.6061267+08:00	0x03	0.0101	-0.0467	0.2655	0.9629	30.72	355.14	2.54
2026-05-08T14:31:13.6061267+08:00	0x08	-0.0043	-0.0157	0.0535	0.9984	6.14	358.18	359.60
2026-05-08T14:31:13.6061267+08:00	0x01	-0.0187	-0.0649	-0.2284	0.9712	333.76	353.23	356.22
2026-05-08T14:31:13.6061267+08:00	0x06	-0.0616	-0.1567	-0.9735	-0.1551	160.42	10.13	343.38
2026-05-08T14:31:13.6061267+08:00	0x09	0.0522	-0.0677	-0.6404	0.7633	280.04	350.20	359.60
2026-05-08T14:31:13.6061267+08:00	0x09	0.0522	-0.0677	-0.6404	0.7633	280.04	350.20	359.60
2026-05-08T14:31:13.6061267+08:00	0x07	0.0485	0.7607	0.0042	0.6473	4.55	99.33	3.23
2026-05-08T14:31:13.6061267+08:00	0x02	0.0166	-0.0045	-0.9730	0.2304	206.64	358.03	359.94
2026-05-08T14:31:13.6061267+08:00	0x08	-0.0043	-0.0157	0.0535	0.9984	6.14	358.18	359.60
2026-05-08T14:31:13.6061267+08:00	0x01	-0.0187	-0.0649	-0.2284	0.9712	333.76	353.23	356.22
2026-05-08T14:31:13.6061267+08:00	0x09	0.0522	-0.0677	-0.6404	0.7633	280.04	350.20	359.60
2026-05-08T14:31:13.6061267+08:00	0x06	-0.0629	-0.1600	-0.9715	-0.1632	159.36	10.50	343.12
2026-05-08T14:31:13.6061267+08:00	0x04	-0.0144	-0.0191	-0.2015	0.9792	336.78	358.18	357.94
2026-05-08T14:31:13.6061267+08:00	0x07	0.0568	0.7606	0.0021	0.6467	5.12	99.44	4.03
2026-05-08T14:31:13.6061267+08:00	0x03	0.0102	-0.0467	0.2655	0.9629	30.72	355.14	2.54
2026-05-08T14:31:13.6061267+08:00	0x02	0.0166	-0.0045	-0.9730	0.2304	206.64	358.03	359.94
2026-05-08T14:31:13.6061267+08:00	0x01	-0.0187	-0.0649	-0.2284	0.9712	333.76	353.23	356.22
2026-05-08T14:31:13.6061267+08:00	0x06	-0.0663	-0.1618	-0.9699	-0.1696	158.51	11.06	343.06
2026-05-08T14:31:13.6061267+08:00	0x07	0.0522	0.7556	0.0045	0.6530	4.87	98.48	3.51
2026-05-08T14:31:13.6061267+08:00	0x03	0.0102	-0.0467	0.2655	0.9629	30.72	355.15	2.54
2026-05-08T14:31:13.6061267+08:00	0x05	0.0104	0.0093	0.4344	0.9006	51.50	1.48	0.61
2026-05-08T14:31:13.6061267+08:00	0x01	-0.0186	-0.0649	-0.2284	0.9712	333.76	353.23	356.22
2026-05-08T14:31:13.6061267+08:00	0x09	0.0522	-0.0677	-0.6404	0.7633	280.04	350.20	359.60
2026-05-08T14:31:13.6061267+08:00	0x04	-0.0144	-0.0191	-0.2015	0.9792	336.78	358.18	357.94
2026-05-08T14:31:13.6061267+08:00	0x02	0.0166	-0.0045	-0.9730	0.2304	206.64	358.03	359.94
2026-05-08T14:31:13.6061267+08:00	0x07	0.0257	0.7391	0.0041	0.6731	2.49	95.39	1.64
2026-05-08T14:31:13.6061267+08:00	0x08	-0.0043	-0.0157	0.0535	0.9984	6.14	358.18	359.60
2026-05-08T14:31:13.6061267+08:00	0x06	-0.0861	-0.1290	-0.9790	-0.1319	163.25	12.01	346.71
2026-05-08T14:31:13.6061267+08:00	0x03	0.0102	-0.0467	0.2655	0.9629	30.72	355.15	2.54
2026-05-08T14:31:13.6061267+08:00	0x09	0.0522	-0.0677	-0.6404	0.7633	280.04	350.20	359.60
2026-05-08T14:31:13.6061267+08:00	0x02	0.0166	-0.0045	-0.9730	0.2304	206.64	358.03	359.94
2026-05-08T14:31:13.6061267+08:00	0x08	-0.0043	-0.0157	0.0535	0.9984	6.14	358.18	359.60
2026-05-08T14:31:13.6061267+08:00	0x06	-0.0864	-0.1310	-0.9791	-0.1292	163.53	12.06	346.45
2026-05-08T14:31:13.6061267+08:00	0x04	-0.0144	-0.0191	-0.2015	0.9792	336.78	358.18	357.94
2026-05-08T14:31:13.6061267+08:00	0x07	0.0340	0.7382	-0.0023	0.6738	2.70	95.29	2.82
2026-05-08T14:31:13.6061267+08:00	0x03	0.0102	-0.0467	0.2655	0.9629	30.72	355.15	2.54
2026-05-08T14:31:13.6061267+08:00	0x02	0.0166	-0.0045	-0.9730	0.2304	206.64	358.03	359.94
2026-05-08T14:31:13.6061267+08:00	0x08	-0.0043	-0.0157	0.0535	0.9984	6.14	358.18	359.60
2026-05-08T14:31:13.6061267+08:00	0x09	0.0522	-0.0677	-0.6404	0.7633	280.04	350.20	359.60
2026-05-08T14:31:13.6061267+08:00	0x06	-0.0872	-0.1321	-0.9793	-0.1261	163.86	12.13	346.30
2026-05-08T14:31:13.6061267+08:00	0x03	0.0102	-0.0467	0.2655	0.9629	30.72	355.15	2.54
2026-05-08T14:31:13.6061267+08:00	0x07	0.0345	0.7382	-0.0027	0.6737	2.71	95.29	2.89
2026-05-08T14:31:13.6061267+08:00	0x02	0.0167	-0.0045	-0.9730	0.2304	206.64	358.02	359.94
2026-05-08T14:31:13.6061267+08:00	0x08	-0.0044	-0.0157	0.0535	0.9984	6.14	358.18	359.60
2026-05-08T14:31:13.6061267+08:00	0x06	-0.0869	-0.1347	-0.9788	-0.1273	163.68	12.16	346.02
2026-05-08T14:31:13.6061267+08:00	0x03	0.0102	-0.0467	0.2655	0.9629	30.72	355.15	2.54
2026-05-08T14:31:13.6061267+08:00	0x04	-0.0144	-0.0191	-0.2015	0.9792	336.78	358.18	357.94
2026-05-08T14:31:13.6061267+08:00	0x01	-0.0186	-0.0649	-0.2284	0.9712	333.76	353.23	356.22
2026-05-08T14:31:13.6061267+08:00	0x05	0.0104	0.0093	0.4344	0.9006	51.50	1.48	0.61
2026-05-08T14:31:13.6061267+08:00	0x09	0.0522	-0.0677	-0.6404	0.7633	280.04	350.20	359.60
2026-05-08T14:31:13.6061267+08:00	0x06	-0.0860	-0.1373	-0.9786	-0.1272	163.67	12.10	345.71
2026-05-08T14:31:13.6061267+08:00	0x03	0.0102	-0.0467	0.2655	0.9629	30.72	355.15	2.54
2026-05-08T14:31:13.6061267+08:00	0x04	-0.0144	-0.0191	-0.2015	0.9792	336.78	358.18	357.94
2026-05-08T14:31:13.6061267+08:00	0x02	0.0167	-0.0045	-0.9730	0.2304	206.64	358.02	359.94
2026-05-08T14:31:13.6061267+08:00	0x08	-0.0044	-0.0157	0.0535	0.9984	6.14	358.18	359.60
2026-05-08T14:31:13.6061267+08:00	0x01	-0.0186	-0.0649	-0.2284	0.9712	333.76	353.23	356.22
2026-05-08T14:31:13.6061267+08:00	0x06	-0.0859	-0.1379	-0.9787	-0.1257	163.83	12.08	345.62
2026-05-08T14:31:13.6061267+08:00	0x07	0.0368	0.7421	-0.0019	0.6693	2.99	95.98	2.99
2026-05-08T14:31:13.6061267+08:00	0x02	0.0167	-0.0045	-0.9730	0.2304	206.64	358.02	359.94
2026-05-08T14:31:13.6061267+08:00	0x08	-0.0044	-0.0157	0.0535	0.9984	6.14	358.18	359.60
2026-05-08T14:31:13.6061267+08:00	0x06	-0.0857	-0.1379	-0.9787	-0.1259	163.81	12.07	345.62
2026-05-08T14:31:13.6061267+08:00	0x03	0.0102	-0.0467	0.2655	0.9629	30.72	355.15	2.54
2026-05-08T14:31:13.6061267+08:00	0x02	0.0167	-0.0045	-0.9730	0.2304	206.64	358.02	359.94
2026-05-08T14:31:13.6071269+08:00	0x09	0.0522	-0.0677	-0.6404	0.7633	280.04	350.20	359.60
2026-05-08T14:31:13.6071269+08:00	0x06	-0.0856	-0.1376	-0.9788	-0.1250	163.92	12.03	345.64
2026-05-08T14:31:13.6071269+08:00	0x07	0.0344	0.7420	-0.0002	0.6696	2.92	95.94	2.66
2026-05-08T14:31:13.6071269+08:00	0x02	0.0167	-0.0045	-0.9730	0.2304	206.64	358.02	359.94
2026-05-08T14:31:13.6071269+08:00	0x08	-0.0043	-0.0157	0.0535	0.9984	6.14	358.18	359.60
2026-05-08T14:31:13.6071269+08:00	0x06	-0.0853	-0.1380	-0.9789	-0.1242	164.02	12.00	345.58
2026-05-08T14:31:13.6071269+08:00	0x07	0.0330	0.7419	0.0013	0.6697	2.90	95.92	2.42
2026-05-08T14:31:13.6071269+08:00	0x04	-0.0144	-0.0192	-0.2015	0.9792	336.78	358.18	357.94
2026-05-08T14:31:13.6071269+08:00	0x02	0.0167	-0.0045	-0.9730	0.2304	206.64	358.02	359.94
2026-05-08T14:31:13.6071269+08:00	0x09	0.0522	-0.0677	-0.6404	0.7633	280.04	350.20	359.60
2026-05-08T14:31:13.6071269+08:00	0x06	-0.0851	-0.1382	-0.9788	-0.1248	163.95	11.99	345.56
2026-05-08T14:31:13.6071269+08:00	0x03	0.0102	-0.0467	0.2655	0.9629	30.72	355.14	2.54
2026-05-08T14:31:13.6071269+08:00	0x04	-0.0144	-0.0191	-0.2015	0.9792	336.78	358.18	357.94
2026-05-08T14:31:13.6071269+08:00	0x02	0.0167	-0.0045	-0.9730	0.2304	206.64	358.02	359.94
2026-05-08T14:31:13.6071269+08:00	0x01	-0.0187	-0.0649	-0.2284	0.9712	333.76	353.23	356.22
2026-05-08T14:31:13.6071269+08:00	0x09	0.0522	-0.0677	-0.6404	0.7633	280.04	350.20	359.60
2026-05-08T14:31:13.6071269+08:00	0x08	-0.0044	-0.0157	0.0535	0.9984	6.14	358.18	359.60
2026-05-08T14:31:13.6071269+08:00	0x06	-0.0855	-0.1388	-0.9788	-0.1242	164.00	12.04	345.49
2026-05-08T14:31:13.6071269+08:00	0x07	0.0327	0.7420	0.0019	0.6697	2.93	95.92	2.36
2026-05-08T14:31:13.6071269+08:00	0x04	-0.0144	-0.0191	-0.2015	0.9792	336.78	358.18	357.94
2026-05-08T14:31:13.6071269+08:00	0x09	0.0522	-0.0677	-0.6404	0.7633	280.04	350.20	359.60
2026-05-08T14:31:13.6071269+08:00	0x02	0.0167	-0.0045	-0.9730	0.2304	206.64	358.02	359.94
2026-05-08T14:31:13.6071269+08:00	0x03	0.0102	-0.0467	0.2655	0.9629	30.72	355.15	2.54
2026-05-08T14:31:13.6071269+08:00	0x06	-0.0855	-0.1391	-0.9787	-0.1242	163.99	12.04	345.46
2026-05-08T14:31:13.6071269+08:00	0x07	0.0320	0.7420	0.0028	0.6696	2.94	95.93	2.22
2026-05-08T14:31:13.6071269+08:00	0x04	-0.0144	-0.0191	-0.2015	0.9792	336.78	358.18	357.94
2026-05-08T14:31:13.6071269+08:00	0x01	-0.0187	-0.0649	-0.2284	0.9712	333.76	353.23	356.22
2026-05-08T14:31:13.6071269+08:00	0x02	0.0167	-0.0045	-0.9730	0.2304	206.64	358.02	359.94
2026-05-08T14:31:13.6071269+08:00	0x09	0.0522	-0.0677	-0.6404	0.7633	280.04	350.20	359.60
2026-05-08T14:31:13.6071269+08:00	0x08	-0.0044	-0.0157	0.0535	0.9984	6.14	358.18	359.60
2026-05-08T14:31:13.6071269+08:00	0x03	0.0102	-0.0467	0.2655	0.9629	30.72	355.15	2.54
2026-05-08T14:31:13.6071269+08:00	0x07	0.0315	0.7420	0.0031	0.6697	2.92	95.92	2.16
2026-05-08T14:31:13.6071269+08:00	0x04	-0.0144	-0.0191	-0.2015	0.9792	336.78	358.18	357.94
2026-05-08T14:31:13.6071269+08:00	0x01	-0.0186	-0.0649	-0.2284	0.9712	333.76	353.23	356.22
2026-05-08T14:31:13.6071269+08:00	0x09	0.0522	-0.0677	-0.6404	0.7633	280.04	350.20	359.60
2026-05-08T14:31:13.6071269+08:00	0x08	-0.0044	-0.0157	0.0535	0.9984	6.14	358.18	359.60
2026-05-08T14:31:13.6071269+08:00	0x06	-0.0853	-0.1388	-0.9788	-0.1240	164.02	12.01	345.49
2026-05-08T14:31:13.6071269+08:00	0x07	0.0309	0.7419	0.0035	0.6698	2.91	95.90	2.07
2026-05-08T14:31:13.6071269+08:00	0x03	0.0102	-0.0467	0.2655	0.9629	30.72	355.15	2.54
2026-05-08T14:31:13.6071269+08:00	0x02	0.0167	-0.0045	-0.9730	0.2304	206.64	358.02	359.93
2026-05-08T14:31:13.6071269+08:00	0x04	-0.0144	-0.0191	-0.2015	0.9792	336.78	358.18	357.94
2026-05-08T14:31:13.6071269+08:00	0x01	-0.0186	-0.0649	-0.2284	0.9712	333.76	353.23	356.22
2026-05-08T14:31:13.6071269+08:00	0x09	0.0522	-0.0677	-0.6404	0.7633	280.04	350.20	359.60
2026-05-08T14:31:13.6071269+08:00	0x06	-0.0854	-0.1389	-0.9788	-0.1239	164.03	12.02	345.48
2026-05-08T14:31:13.6071269+08:00	0x03	0.0102	-0.0467	0.2655	0.9629	30.72	355.15	2.54
2026-05-08T14:31:13.6071269+08:00	0x07	0.0304	0.7419	0.0040	0.6698	2.89	95.90	1.99
2026-05-08T14:31:13.6071269+08:00	0x02	0.0167	-0.0045	-0.9730	0.2304	206.64	358.02	359.94
2026-05-08T14:31:13.6071269+08:00	0x09	0.0522	-0.0677	-0.6404	0.7633	280.04	350.20	359.60
2026-05-08T14:31:13.6071269+08:00	0x06	-0.0851	-0.1390	-0.9789	-0.1232	164.12	11.98	345.46
2026-05-08T14:31:13.6071269+08:00	0x03	0.0102	-0.0467	0.2655	0.9629	30.72	355.15	2.54
2026-05-08T14:31:13.6071269+08:00	0x07	0.0294	0.7419	0.0049	0.6699	2.88	95.89	1.85
2026-05-08T14:31:13.6071269+08:00	0x02	0.0167	-0.0045	-0.9730	0.2304	206.64	358.02	359.93
2026-05-08T14:31:13.6071269+08:00	0x01	-0.0186	-0.0649	-0.2284	0.9712	333.76	353.23	356.22
2026-05-08T14:31:13.6071269+08:00	0x09	0.0522	-0.0677	-0.6404	0.7633	280.04	350.20	359.60
2026-05-08T14:31:13.6071269+08:00	0x03	0.0102	-0.0467	0.2655	0.9629	30.72	355.15	2.55
2026-05-08T14:31:13.6071269+08:00	0x07	0.0288	0.7418	0.0053	0.6700	2.86	95.87	1.76
2026-05-08T14:31:13.6071269+08:00	0x06	-0.0849	-0.1389	-0.9791	-0.1217	164.30	11.93	345.44
2026-05-08T14:31:13.6071269+08:00	0x02	0.0167	-0.0045	-0.9730	0.2304	206.64	358.02	359.93
2026-05-08T14:31:13.6071269+08:00	0x08	-0.0044	-0.0157	0.0535	0.9984	6.14	358.18	359.60
2026-05-08T14:31:13.6071269+08:00	0x01	-0.0186	-0.0649	-0.2284	0.9712	333.76	353.23	356.22
2026-05-08T14:31:13.6071269+08:00	0x06	-0.0849	-0.1388	-0.9793	-0.1206	164.44	11.91	345.44
2026-05-08T14:31:13.6071269+08:00	0x03	0.0102	-0.0467	0.2655	0.9629	30.72	355.15	2.55
2026-05-08T14:31:13.6071269+08:00	0x07	0.0287	0.7417	0.0052	0.6701	2.84	95.86	1.77
2026-05-08T14:31:13.6081251+08:00	0x02	0.0167	-0.0045	-0.9730	0.2304	206.64	358.02	359.93
2026-05-08T14:31:13.6081251+08:00	0x04	-0.0144	-0.0191	-0.2015	0.9792	336.78	358.18	357.94
2026-05-08T14:31:13.6081251+08:00	0x08	-0.0044	-0.0157	0.0535	0.9984	6.14	358.18	359.60
2026-05-08T14:31:13.6081251+08:00	0x09	0.0522	-0.0677	-0.6404	0.7633	280.04	350.20	359.60
2026-05-08T14:31:13.6081251+08:00	0x01	-0.0186	-0.0649	-0.2284	0.9712	333.76	353.23	356.22
2026-05-08T14:31:13.6081251+08:00	0x06	-0.0849	-0.1396	-0.9794	-0.1188	164.63	11.90	345.33
2026-05-08T14:31:13.6081251+08:00	0x03	0.0102	-0.0467	0.2655	0.9629	30.72	355.15	2.55
2026-05-08T14:31:13.6081251+08:00	0x07	0.0281	0.7419	0.0056	0.6699	2.83	95.87	1.68
2026-05-08T14:31:13.6081251+08:00	0x02	0.0167	-0.0045	-0.9730	0.2304	206.64	358.02	359.93
2026-05-08T14:31:13.6081251+08:00	0x04	-0.0144	-0.0191	-0.2015	0.9792	336.78	358.18	357.94
2026-05-08T14:31:13.6081251+08:00	0x01	-0.0186	-0.0649	-0.2284	0.9712	333.76	353.23	356.23
2026-05-08T14:31:13.6081251+08:00	0x08	-0.0044	-0.0157	0.0535	0.9984	6.14	358.18	359.60
2026-05-08T14:31:13.6081251+08:00	0x06	-0.0848	-0.1398	-0.9795	-0.1173	164.81	11.86	345.28
2026-05-08T14:31:13.6081251+08:00	0x09	0.0522	-0.0677	-0.6404	0.7633	280.04	350.20	359.60
2026-05-08T14:31:13.6081251+08:00	0x07	0.0271	0.7419	0.0066	0.6700	2.81	95.87	1.53
2026-05-08T14:31:13.6081251+08:00	0x05	0.0104	0.0094	0.4344	0.9006	51.51	1.49	0.61
2026-05-08T14:31:13.6081251+08:00	0x04	-0.0144	-0.0191	-0.2015	0.9792	336.78	358.18	357.94
2026-05-08T14:31:13.6081251+08:00	0x09	0.0522	-0.0677	-0.6404	0.7633	280.04	350.20	359.60
2026-05-08T14:31:13.6081251+08:00	0x06	-0.0842	-0.1401	-0.9797	-0.1160	164.96	11.79	345.22
2026-05-08T14:31:13.6081251+08:00	0x07	0.0271	0.7421	0.0071	0.6697	2.85	95.91	1.48
2026-05-08T14:31:13.6081251+08:00	0x02	0.0167	-0.0045	-0.9730	0.2304	206.64	358.02	359.93
2026-05-08T14:31:13.6081251+08:00	0x04	-0.0144	-0.0191	-0.2015	0.9792	336.78	358.18	357.94
2026-05-08T14:31:13.6081251+08:00	0x01	-0.0186	-0.0649	-0.2284	0.9712	333.76	353.23	356.22
2026-05-08T14:31:13.6081251+08:00	0x06	-0.0841	-0.1400	-0.9800	-0.1139	165.21	11.74	345.21
2026-05-08T14:31:13.6081251+08:00	0x03	0.0102	-0.0467	0.2655	0.9629	30.72	355.15	2.54
2026-05-08T14:31:13.6081251+08:00	0x07	0.0261	0.7420	0.0077	0.6699	2.81	95.88	1.35
2026-05-08T14:31:13.6081251+08:00	0x04	-0.0144	-0.0191	-0.2015	0.9792	336.78	358.18	357.94
2026-05-08T14:31:13.6081251+08:00	0x08	-0.0044	-0.0157	0.0535	0.9984	6.14	358.18	359.59
2026-05-08T14:31:13.6081251+08:00	0x06	-0.0839	-0.1402	-0.9802	-0.1123	165.40	11.69	345.17
2026-05-08T14:31:13.6081251+08:00	0x03	0.0102	-0.0467	0.2655	0.9629	30.72	355.15	2.54
2026-05-08T14:31:13.6081251+08:00	0x07	0.0250	0.7419	0.0085	0.6700	2.78	95.86	1.20
2026-05-08T14:31:13.6081251+08:00	0x04	-0.0144	-0.0191	-0.2015	0.9792	336.78	358.18	357.94
2026-05-08T14:31:13.6081251+08:00	0x08	-0.0044	-0.0157	0.0535	0.9984	6.14	358.18	359.59
2026-05-08T14:31:13.6081251+08:00	0x09	0.0522	-0.0677	-0.6404	0.7633	280.04	350.20	359.60
2026-05-08T14:31:13.6081251+08:00	0x03	0.0102	-0.0467	0.2655	0.9629	30.72	355.14	2.54
2026-05-08T14:31:13.6081251+08:00	0x07	0.0243	0.7421	0.0092	0.6698	2.77	95.88	1.09
2026-05-08T14:31:13.6081251+08:00	0x05	0.0104	0.0094	0.4344	0.9006	51.50	1.49	0.61
2026-05-08T14:31:13.6081251+08:00	0x08	-0.0044	-0.0157	0.0535	0.9984	6.14	358.18	359.59
2026-05-08T14:31:13.6081251+08:00	0x09	0.0522	-0.0677	-0.6404	0.7633	280.04	350.20	359.60
2026-05-08T14:31:13.6081251+08:00	0x03	0.0102	-0.0467	0.2655	0.9629	30.72	355.14	2.54
2026-05-08T14:31:13.6081251+08:00	0x02	0.0167	-0.0045	-0.9730	0.2304	206.64	358.02	359.93
2026-05-08T14:31:13.6081251+08:00	0x07	0.0231	0.7419	0.0103	0.6700	2.76	95.86	0.89
2026-05-08T14:31:13.6081251+08:00	0x04	-0.0144	-0.0191	-0.2015	0.9792	336.78	358.18	357.94
2026-05-08T14:31:13.6081251+08:00	0x08	-0.0044	-0.0157	0.0535	0.9984	6.14	358.18	359.59
2026-05-08T14:31:13.6081251+08:00	0x09	0.0522	-0.0677	-0.6404	0.7633	280.04	350.20	359.60
2026-05-08T14:31:13.6081251+08:00	0x03	0.0102	-0.0467	0.2655	0.9629	30.72	355.14	2.54
2026-05-08T14:31:13.6081251+08:00	0x07	0.0229	0.7419	0.0103	0.6700	2.74	95.85	0.89
2026-05-08T14:31:13.6081251+08:00	0x04	-0.0144	-0.0191	-0.2015	0.9792	336.78	358.18	357.94
2026-05-08T14:31:13.6081251+08:00	0x06	-0.0826	-0.1405	-0.9811	-0.1044	166.34	11.43	345.03
2026-05-08T14:31:13.6081251+08:00	0x09	0.0522	-0.0677	-0.6404	0.7633	280.04	350.20	359.60
2026-05-08T14:31:13.6081251+08:00	0x03	0.0102	-0.0467	0.2655	0.9629	30.72	355.15	2.54
2026-05-08T14:31:13.6081251+08:00	0x02	0.0167	-0.0045	-0.9730	0.2304	206.64	358.02	359.94
2026-05-08T14:31:13.6081251+08:00	0x04	-0.0144	-0.0191	-0.2015	0.9792	336.78	358.18	357.94
2026-05-08T14:31:13.6081251+08:00	0x01	-0.0187	-0.0649	-0.2284	0.9712	333.76	353.23	356.22
2026-05-08T14:31:13.6081251+08:00	0x09	0.0522	-0.0677	-0.6404	0.7633	280.04	350.20	359.60
2026-05-08T14:31:13.6081251+08:00	0x06	-0.0826	-0.1411	-0.9813	-0.1019	166.63	11.40	344.93
2026-05-08T14:31:13.6081251+08:00	0x07	0.0212	0.7420	0.0117	0.6699	2.71	95.86	0.63
2026-05-08T14:31:13.6081251+08:00	0x04	-0.0144	-0.0191	-0.2015	0.9792	336.78	358.18	357.94
2026-05-08T14:31:13.6081251+08:00	0x08	-0.0044	-0.0157	0.0535	0.9984	6.14	358.18	359.60
2026-05-08T14:31:13.6081251+08:00	0x09	0.0522	-0.0676	-0.6404	0.7633	280.04	350.20	359.61
2026-05-08T14:31:13.6081251+08:00	0x06	-0.0823	-0.1412	-0.9815	-0.1001	166.84	11.34	344.89
2026-05-08T14:31:13.6081251+08:00	0x03	0.0102	-0.0467	0.2655	0.9629	30.72	355.15	2.54
2026-05-08T14:31:13.6081251+08:00	0x07	0.0205	0.7420	0.0124	0.6699	2.70	95.86	0.52
2026-05-08T14:31:13.6081251+08:00	0x02	0.0167	-0.0045	-0.9730	0.2304	206.64	358.02	359.94
2026-05-08T14:31:13.6091214+08:00	0x05	0.0105	0.0093	0.4344	0.9006	51.51	1.48	0.62
2026-05-08T14:31:13.6091214+08:00	0x08	-0.0044	-0.0157	0.0535	0.9984	6.14	358.18	359.60
2026-05-08T14:31:13.6091214+08:00	0x03	0.0102	-0.0467	0.2655	0.9629	30.72	355.14	2.54
2026-05-08T14:31:13.6091214+08:00	0x09	0.0522	-0.0677	-0.6404	0.7633	280.04	350.20	359.60
2026-05-08T14:31:13.6091214+08:00	0x06	-0.0819	-0.1410	-0.9817	-0.0981	167.09	11.25	344.88
2026-05-08T14:31:13.6091214+08:00	0x07	0.0193	0.7420	0.0136	0.6699	2.68	95.86	0.33
2026-05-08T14:31:13.6091214+08:00	0x02	0.0167	-0.0045	-0.9730	0.2304	206.64	358.02	359.94
2026-05-08T14:31:13.6091214+08:00	0x04	-0.0144	-0.0191	-0.2015	0.9792	336.78	358.19	357.94
2026-05-08T14:31:13.6091214+08:00	0x08	-0.0044	-0.0157	0.0535	0.9984	6.14	358.18	359.60
2026-05-08T14:31:13.6091214+08:00	0x09	0.0522	-0.0677	-0.6404	0.7633	280.04	350.20	359.60
2026-05-08T14:31:13.6091214+08:00	0x06	-0.0816	-0.1411	-0.9819	-0.0961	167.33	11.19	344.85
2026-05-08T14:31:13.6091214+08:00	0x07	0.0186	0.7420	0.0141	0.6700	2.67	95.85	0.24
2026-05-08T14:31:13.6091214+08:00	0x04	-0.0144	-0.0191	-0.2015	0.9792	336.78	358.19	357.94
2026-05-08T14:31:13.6091214+08:00	0x08	-0.0044	-0.0157	0.0535	0.9984	6.14	358.18	359.60
2026-05-08T14:31:13.6091214+08:00	0x01	-0.0187	-0.0649	-0.2284	0.9712	333.76	353.23	356.22
2026-05-08T14:31:13.6091214+08:00	0x09	0.0522	-0.0676	-0.6404	0.7633	280.04	350.20	359.61
2026-05-08T14:31:13.6091214+08:00	0x03	0.0102	-0.0467	0.2655	0.9629	30.72	355.14	2.54
2026-05-08T14:31:13.6091214+08:00	0x07	0.0180	0.7420	0.0146	0.6700	2.65	95.84	0.14
2026-05-08T14:31:13.6091214+08:00	0x02	0.0167	-0.0045	-0.9730	0.2304	206.64	358.02	359.93
2026-05-08T14:31:13.6091214+08:00	0x08	-0.0044	-0.0157	0.0535	0.9984	6.14	358.18	359.60
2026-05-08T14:31:13.6091214+08:00	0x06	-0.0816	-0.1418	-0.9821	-0.0937	167.60	11.17	344.74
2026-05-08T14:31:13.6091214+08:00	0x09	0.0522	-0.0676	-0.6404	0.7633	280.04	350.20	359.61
2026-05-08T14:31:13.6091214+08:00	0x02	0.0167	-0.0045	-0.9730	0.2304	206.64	358.02	359.93
2026-05-08T14:31:13.6091214+08:00	0x07	0.0173	0.7421	0.0153	0.6699	2.64	95.85	0.03
2026-05-08T14:31:13.6091214+08:00	0x04	-0.0144	-0.0191	-0.2015	0.9792	336.78	358.19	357.94
2026-05-08T14:31:13.6091214+08:00	0x08	-0.0044	-0.0157	0.0535	0.9984	6.14	358.18	359.60
2026-05-08T14:31:13.6091214+08:00	0x06	-0.0820	-0.1423	-0.9820	-0.0936	167.60	11.22	344.69
2026-05-08T14:31:13.6091214+08:00	0x01	-0.0187	-0.0649	-0.2284	0.9712	333.76	353.23	356.22
2026-05-08T14:31:13.6091214+08:00	0x09	0.0522	-0.0677	-0.6404	0.7633	280.04	350.20	359.60
2026-05-08T14:31:13.6091214+08:00	0x03	0.0102	-0.0467	0.2655	0.9629	30.72	355.15	2.55
2026-05-08T14:31:13.6091214+08:00	0x07	0.0162	0.7420	0.0162	0.6700	2.63	95.84	359.87
2026-05-08T14:31:13.6091214+08:00	0x04	-0.0144	-0.0191	-0.2015	0.9792	336.78	358.18	357.94
2026-05-08T14:31:13.6091214+08:00	0x06	-0.0823	-0.1423	-0.9819	-0.0937	167.58	11.26	344.69
2026-05-08T14:31:13.6091214+08:00	0x08	-0.0044	-0.0157	0.0535	0.9984	6.14	358.18	359.60
2026-05-08T14:31:13.6091214+08:00	0x09	0.0523	-0.0677	-0.6404	0.7633	280.04	350.20	359.61
2026-05-08T14:31:13.6091214+08:00	0x07	0.0152	0.7420	0.0172	0.6700	2.61	95.83	359.71
2026-05-08T14:31:13.6091214+08:00	0x04	-0.0144	-0.0191	-0.2015	0.9792	336.78	358.18	357.94
2026-05-08T14:31:13.6091214+08:00	0x06	-0.0842	-0.1395	-0.9821	-0.0949	167.46	11.45	345.04
2026-05-08T14:31:13.6091214+08:00	0x03	0.0102	-0.0467	0.2655	0.9629	30.72	355.15	2.54
2026-05-08T14:31:13.6091214+08:00	0x02	0.0167	-0.0045	-0.9730	0.2304	206.64	358.02	359.94
2026-05-08T14:31:13.6091214+08:00	0x04	-0.0144	-0.0191	-0.2015	0.9792	336.78	358.18	357.94
2026-05-08T14:31:13.6091214+08:00	0x06	-0.0850	-0.1391	-0.9811	-0.1040	166.38	11.68	345.21
2026-05-08T14:31:13.6091214+08:00	0x03	0.0102	-0.0467	0.2655	0.9629	30.72	355.15	2.54
2026-05-08T14:31:13.6091214+08:00	0x09	0.0523	-0.0677	-0.6404	0.7633	280.04	350.20	359.61
2026-05-08T14:31:13.6091214+08:00	0x07	0.0128	0.7419	0.0180	0.6701	2.48	95.81	359.45
2026-05-08T14:31:13.6091214+08:00	0x04	-0.0144	-0.0191	-0.2015	0.9792	336.78	358.18	357.94
2026-05-08T14:31:13.6091214+08:00	0x06	-0.0851	-0.1398	-0.9802	-0.1110	165.54	11.81	345.21
2026-05-08T14:31:13.6091214+08:00	0x03	0.0102	-0.0467	0.2655	0.9629	30.72	355.15	2.54
2026-05-08T14:31:13.6091214+08:00	0x01	-0.0186	-0.0649	-0.2284	0.9712	333.76	353.23	356.22
2026-05-08T14:31:13.6091214+08:00	0x09	0.0523	-0.0677	-0.6404	0.7633	280.04	350.20	359.61
2026-05-08T14:31:13.6091214+08:00	0x02	0.0167	-0.0045	-0.9730	0.2304	206.64	358.02	359.93
2026-05-08T14:31:13.6091214+08:00	0x07	0.0140	0.7423	0.0178	0.6697	2.56	95.87	359.56
2026-05-08T14:31:13.6100782+08:00	0x04	-0.0144	-0.0192	-0.2015	0.9792	336.78	358.18	357.94
2026-05-08T14:31:13.6100782+08:00	0x08	-0.0044	-0.0157	0.0535	0.9984	6.14	358.18	359.60
2026-05-08T14:31:13.6100782+08:00	0x03	0.0102	-0.0467	0.2655	0.9629	30.72	355.14	2.54
2026-05-08T14:31:13.6100782+08:00	0x09	0.0522	-0.0677	-0.6404	0.7633	280.04	350.20	359.60
2026-05-08T14:31:13.6100782+08:00	0x06	-0.0861	-0.1410	-0.9794	-0.1161	164.91	12.03	345.15
2026-05-08T14:31:13.6100782+08:00	0x07	0.0129	0.7423	0.0186	0.6697	2.53	95.87	359.41
2026-05-08T14:31:13.6100782+08:00	0x04	-0.0144	-0.0192	-0.2015	0.9792	336.78	358.18	357.94
2026-05-08T14:31:13.6100782+08:00	0x08	-0.0044	-0.0157	0.0535	0.9984	6.14	358.18	359.60
2026-05-08T14:31:13.6100782+08:00	0x06	-0.0864	-0.1419	-0.9789	-0.1192	164.53	12.13	345.10
2026-05-08T14:31:13.6100782+08:00	0x03	0.0102	-0.0467	0.2655	0.9629	30.72	355.14	2.54
2026-05-08T14:31:13.6100782+08:00	0x09	0.0522	-0.0677	-0.6404	0.7633	280.04	350.20	359.60
2026-05-08T14:31:13.6100782+08:00	0x07	0.0122	0.7431	0.0194	0.6688	2.52	96.01	359.28
2026-05-08T14:31:13.6100782+08:00	0x04	-0.0144	-0.0192	-0.2015	0.9792	336.78	358.18	357.94
2026-05-08T14:31:13.6100782+08:00	0x08	-0.0044	-0.0157	0.0535	0.9984	6.14	358.18	359.59
2026-05-08T14:31:13.6100782+08:00	0x06	-0.0864	-0.1415	-0.9787	-0.1213	164.28	12.15	345.17
2026-05-08T14:31:13.6100782+08:00	0x03	0.0102	-0.0467	0.2655	0.9629	30.72	355.15	2.54
2026-05-08T14:31:13.6100782+08:00	0x07	0.0109	0.7424	0.0203	0.6695	2.48	95.90	359.11
2026-05-08T14:31:13.6100782+08:00	0x02	0.0167	-0.0045	-0.9730	0.2304	206.64	358.02	359.94
2026-05-08T14:31:13.6100782+08:00	0x08	-0.0044	-0.0157	0.0535	0.9984	6.14	358.18	359.60
2026-05-08T14:31:13.6100782+08:00	0x01	-0.0186	-0.0649	-0.2284	0.9712	333.76	353.23	356.22
2026-05-08T14:31:13.6100782+08:00	0x03	0.0102	-0.0467	0.2655	0.9629	30.72	355.15	2.54
2026-05-08T14:31:13.6100782+08:00	0x02	0.0167	-0.0045	-0.9730	0.2304	206.64	358.02	359.94
2026-05-08T14:31:13.6100782+08:00	0x07	0.0092	0.7421	0.0212	0.6698	2.41	95.84	358.91
2026-05-08T14:31:13.6100782+08:00	0x04	-0.0144	-0.0192	-0.2015	0.9792	336.78	358.18	357.94
2026-05-08T14:31:13.6100782+08:00	0x08	-0.0044	-0.0157	0.0535	0.9984	6.14	358.18	359.60
2026-05-08T14:31:13.6100782+08:00	0x06	-0.0873	-0.1401	-0.9787	-0.1217	164.24	12.23	345.34
2026-05-08T14:31:13.6100782+08:00	0x01	-0.0186	-0.0649	-0.2284	0.9712	333.76	353.23	356.22
2026-05-08T14:31:13.6100782+08:00	0x03	0.0102	-0.0467	0.2655	0.9629	30.72	355.14	2.54
2026-05-08T14:31:13.6100782+08:00	0x02	0.0167	-0.0045	-0.9730	0.2304	206.64	358.02	359.94
2026-05-08T14:31:13.6100782+08:00	0x07	0.0106	0.7421	0.0209	0.6699	2.51	95.83	359.03
2026-05-08T14:31:13.6100782+08:00	0x05	0.0104	0.0093	0.4344	0.9006	51.50	1.48	0.61
2026-05-08T14:31:13.6100782+08:00	0x06	-0.0875	-0.1404	-0.9785	-0.1229	164.09	12.28	345.33
2026-05-08T14:31:13.6100782+08:00	0x03	0.0102	-0.0467	0.2655	0.9629	30.72	355.14	2.54
2026-05-08T14:31:13.6100782+08:00	0x02	0.0167	-0.0045	-0.9730	0.2304	206.64	358.02	359.94
2026-05-08T14:31:13.6100782+08:00	0x07	0.0096	0.7419	0.0218	0.6700	2.49	95.81	358.88
2026-05-08T14:31:13.6100782+08:00	0x04	-0.0144	-0.0192	-0.2015	0.9792	336.78	358.18	357.94
2026-05-08T14:31:13.6100782+08:00	0x08	-0.0044	-0.0157	0.0535	0.9984	6.14	358.18	359.60
2026-05-08T14:31:13.6100782+08:00	0x06	-0.0877	-0.1404	-0.9785	-0.1233	164.05	12.31	345.34
2026-05-08T14:31:13.6100782+08:00	0x09	0.0522	-0.0677	-0.6404	0.7633	280.04	350.20	359.60
2026-05-08T14:31:13.6100782+08:00	0x01	-0.0186	-0.0649	-0.2284	0.9712	333.76	353.23	356.22
2026-05-08T14:31:13.6100782+08:00	0x07	0.0089	0.7417	0.0223	0.6703	2.47	95.77	358.79
2026-05-08T14:31:13.6100782+08:00	0x04	-0.0144	-0.0192	-0.2015	0.9792	336.78	358.18	357.94
2026-05-08T14:31:13.6100782+08:00	0x08	-0.0044	-0.0157	0.0535	0.9984	6.14	358.18	359.60
2026-05-08T14:31:13.6100782+08:00	0x06	-0.0876	-0.1404	-0.9784	-0.1238	163.98	12.30	345.34
2026-05-08T14:31:13.6100782+08:00	0x03	0.0102	-0.0467	0.2655	0.9629	30.72	355.15	2.54
2026-05-08T14:31:13.6100782+08:00	0x09	0.0522	-0.0676	-0.6404	0.7633	280.04	350.20	359.61
2026-05-08T14:31:13.6100782+08:00	0x02	0.0167	-0.0045	-0.9730	0.2304	206.64	358.02	359.94
2026-05-08T14:31:13.6100782+08:00	0x07	0.0090	0.7419	0.0224	0.6701	2.48	95.80	358.78
2026-05-08T14:31:13.6100782+08:00	0x04	-0.0144	-0.0191	-0.2015	0.9792	336.78	358.18	357.94
2026-05-08T14:31:13.6100782+08:00	0x06	-0.0872	-0.1404	-0.9784	-0.1239	163.98	12.26	345.34
2026-05-08T14:31:13.6100782+08:00	0x03	0.0102	-0.0467	0.2655	0.9629	30.72	355.14	2.54
2026-05-08T14:31:13.6100782+08:00	0x01	-0.0186	-0.0649	-0.2284	0.9712	333.76	353.23	356.22
2026-05-08T14:31:13.6100782+08:00	0x02	0.0167	-0.0045	-0.9730	0.2304	206.64	358.02	359.94
2026-05-08T14:31:13.6100782+08:00	0x07	0.0083	0.7419	0.0230	0.6700	2.47	95.80	358.69
2026-05-08T14:31:13.6100782+08:00	0x04	-0.0144	-0.0191	-0.2015	0.9792	336.78	358.18	357.94
2026-05-08T14:31:13.6100782+08:00	0x08	-0.0044	-0.0157	0.0535	0.9984	6.14	358.18	359.60
2026-05-08T14:31:13.6100782+08:00	0x09	0.0523	-0.0676	-0.6404	0.7633	280.04	350.20	359.61
2026-05-08T14:31:13.6100782+08:00	0x03	0.0102	-0.0467	0.2655	0.9629	30.72	355.14	2.54
2026-05-08T14:31:13.6100782+08:00	0x06	-0.0871	-0.1401	-0.9785	-0.1240	163.98	12.25	345.38
2026-05-08T14:31:13.6100782+08:00	0x07	0.0069	0.7420	0.0238	0.6700	2.42	95.80	358.51
2026-05-08T14:31:13.6100782+08:00	0x04	-0.0144	-0.0191	-0.2015	0.9792	336.78	358.18	357.94
2026-05-08T14:31:13.6110755+08:00	0x06	-0.0881	-0.1393	-0.9786	-0.1235	164.04	12.34	345.47
2026-05-08T14:31:13.6110755+08:00	0x05	0.0104	0.0093	0.4344	0.9006	51.51	1.48	0.61
2026-05-08T14:31:13.6110755+08:00	0x03	0.0102	-0.0467	0.2655	0.9629	30.72	355.14	2.54
2026-05-08T14:31:13.6110755+08:00	0x09	0.0522	-0.0676	-0.6404	0.7633	280.04	350.20	359.61
2026-05-08T14:31:13.6110755+08:00	0x01	-0.0186	-0.0649	-0.2284	0.9712	333.76	353.23	356.22
2026-05-08T14:31:13.6110755+08:00	0x07	0.0074	0.7419	0.0236	0.6700	2.45	95.80	358.56
2026-05-08T14:31:13.6110755+08:00	0x04	-0.0144	-0.0191	-0.2015	0.9792	336.78	358.18	357.94
2026-05-08T14:31:13.6110755+08:00	0x06	-0.0879	-0.1396	-0.9785	-0.1239	163.99	12.33	345.44
2026-05-08T14:31:13.6110755+08:00	0x09	0.0522	-0.0676	-0.6404	0.7633	280.04	350.20	359.61
2026-05-08T14:31:13.6110755+08:00	0x03	0.0102	-0.0467	0.2655	0.9629	30.72	355.15	2.54
2026-05-08T14:31:13.6110755+08:00	0x07	0.0073	0.7419	0.0237	0.6700	2.44	95.80	358.54
2026-05-08T14:31:13.6110755+08:00	0x02	0.0167	-0.0045	-0.9730	0.2304	206.64	358.02	359.94
2026-05-08T14:31:13.6110755+08:00	0x04	-0.0144	-0.0191	-0.2015	0.9792	336.78	358.18	357.94
2026-05-08T14:31:13.6110755+08:00	0x06	-0.0879	-0.1396	-0.9784	-0.1243	163.94	12.33	345.44
2026-05-08T14:31:13.6110755+08:00	0x09	0.0522	-0.0676	-0.6404	0.7633	280.04	350.20	359.61
2026-05-08T14:31:13.6110755+08:00	0x03	0.0101	-0.0467	0.2655	0.9629	30.72	355.15	2.54
2026-05-08T14:31:13.6110755+08:00	0x01	-0.0186	-0.0649	-0.2284	0.9712	333.76	353.23	356.22
2026-05-08T14:31:13.6110755+08:00	0x04	-0.0144	-0.0191	-0.2015	0.9792	336.78	358.19	357.94
2026-05-08T14:31:13.6110755+08:00	0x08	-0.0044	-0.0157	0.0535	0.9984	6.14	358.18	359.60
2026-05-08T14:31:13.6110755+08:00	0x09	0.0522	-0.0676	-0.6404	0.7633	280.04	350.20	359.61
2026-05-08T14:31:13.6110755+08:00	0x06	-0.0873	-0.1375	-0.9787	-0.1248	163.93	12.22	345.68
2026-05-08T14:31:13.6110755+08:00	0x03	0.0101	-0.0467	0.2655	0.9629	30.72	355.14	2.54
2026-05-08T14:31:13.6110755+08:00	0x07	0.0048	0.7418	0.0251	0.6701	2.34	95.77	358.23
2026-05-08T14:31:13.6110755+08:00	0x02	0.0167	-0.0045	-0.9730	0.2304	206.64	358.02	359.94
2026-05-08T14:31:13.6110755+08:00	0x04	-0.0144	-0.0191	-0.2015	0.9792	336.78	358.19	357.94
2026-05-08T14:31:13.6110755+08:00	0x05	0.0105	0.0094	0.4344	0.9006	51.51	1.49	0.61
2026-05-08T14:31:13.6110755+08:00	0x09	0.0522	-0.0676	-0.6404	0.7633	280.04	350.20	359.61
2026-05-08T14:31:13.6110755+08:00	0x03	0.0102	-0.0467	0.2655	0.9629	30.72	355.15	2.54
2026-05-08T14:31:13.6110755+08:00	0x07	0.0037	0.7417	0.0261	0.6702	2.31	95.76	358.07
2026-05-08T14:31:13.6110755+08:00	0x02	0.0167	-0.0045	-0.9730	0.2304	206.64	358.02	359.94
2026-05-08T14:31:13.6110755+08:00	0x04	-0.0144	-0.0191	-0.2015	0.9792	336.78	358.19	357.94
2026-05-08T14:31:13.6110755+08:00	0x05	0.0105	0.0094	0.4344	0.9006	51.51	1.49	0.61
2026-05-08T14:31:13.6110755+08:00	0x09	0.0522	-0.0676	-0.6404	0.7633	280.04	350.20	359.61
2026-05-08T14:31:13.6110755+08:00	0x06	-0.0873	-0.1375	-0.9787	-0.1250	163.90	12.23	345.68
2026-05-08T14:31:13.6110755+08:00	0x07	0.0027	0.7418	0.0270	0.6700	2.30	95.78	357.91
2026-05-08T14:31:13.6110755+08:00	0x02	0.0167	-0.0045	-0.9730	0.2304	206.64	358.02	359.94
2026-05-08T14:31:13.6110755+08:00	0x03	0.0102	-0.0467	0.2655	0.9629	30.72	355.15	2.54
2026-05-08T14:31:13.6110755+08:00	0x04	-0.0144	-0.0191	-0.2015	0.9792	336.78	358.18	357.94
2026-05-08T14:31:13.6110755+08:00	0x09	0.0522	-0.0676	-0.6404	0.7633	280.04	350.20	359.61
2026-05-08T14:31:13.6110755+08:00	0x03	0.0102	-0.0467	0.2655	0.9629	30.72	355.15	2.54
2026-05-08T14:31:13.6110755+08:00	0x07	0.0015	0.7418	0.0281	0.6700	2.29	95.78	357.73
2026-05-08T14:31:13.6110755+08:00	0x02	0.0167	-0.0045	-0.9730	0.2304	206.64	358.02	359.94
2026-05-08T14:31:13.6110755+08:00	0x04	-0.0144	-0.0191	-0.2015	0.9792	336.78	358.19	357.94
2026-05-08T14:31:13.6110755+08:00	0x06	-0.0869	-0.1365	-0.9788	-0.1253	163.89	12.17	345.79
2026-05-08T14:31:13.6110755+08:00	0x03	0.0102	-0.0467	0.2655	0.9629	30.72	355.15	2.54
2026-05-08T14:31:13.6110755+08:00	0x09	0.0523	-0.0676	-0.6404	0.7633	280.04	350.20	359.61
2026-05-08T14:31:13.6110755+08:00	0x01	-0.0186	-0.0649	-0.2284	0.9712	333.76	353.24	356.22
2026-05-08T14:31:13.6110755+08:00	0x07	0.0006	0.7418	0.0289	0.6700	2.27	95.77	357.59
2026-05-08T14:31:13.6110755+08:00	0x04	-0.0144	-0.0191	-0.2015	0.9792	336.78	358.18	357.94
2026-05-08T14:31:13.6110755+08:00	0x02	0.0167	-0.0045	-0.9730	0.2304	206.64	358.02	359.94
2026-05-08T14:31:13.6110755+08:00	0x06	-0.0869	-0.1361	-0.9789	-0.1256	163.87	12.16	345.84
2026-05-08T14:31:13.6110755+08:00	0x09	0.0523	-0.0676	-0.6404	0.7633	280.04	350.20	359.61
2026-05-08T14:31:13.6110755+08:00	0x03	0.0102	-0.0467	0.2655	0.9629	30.72	355.15	2.54
2026-05-08T14:31:13.6110755+08:00	0x01	-0.0186	-0.0649	-0.2284	0.9712	333.76	353.24	356.22
2026-05-08T14:31:13.6110755+08:00	0x07	-0.0003	0.7417	0.0298	0.6701	2.26	95.75	357.44
2026-05-08T14:31:13.6110755+08:00	0x04	-0.0144	-0.0191	-0.2015	0.9792	336.78	358.18	357.94
2026-05-08T14:31:13.6110755+08:00	0x09	0.0523	-0.0676	-0.6404	0.7633	280.04	350.20	359.61
2026-05-08T14:31:13.6110755+08:00	0x05	0.0105	0.0094	0.4344	0.9006	51.51	1.49	0.61
2026-05-08T14:31:13.6110755+08:00	0x03	0.0102	-0.0467	0.2655	0.9629	30.72	355.15	2.54
2026-05-08T14:31:13.6110755+08:00	0x02	0.0167	-0.0045	-0.9730	0.2304	206.64	358.02	359.94
2026-05-08T14:31:13.6110755+08:00	0x07	-0.0009	0.7416	0.0302	0.6702	2.24	95.74	357.36
2026-05-08T14:31:13.6110755+08:00	0x04	-0.0144	-0.0191	-0.2015	0.9792	336.78	358.19	357.94
2026-05-08T14:31:13.6110755+08:00	0x08	-0.0044	-0.0157	0.0535	0.9984	6.14	358.18	359.60
2026-05-08T14:31:13.6120725+08:00	0x06	-0.0872	-0.1376	-0.9787	-0.1250	163.90	12.22	345.67
2026-05-08T14:31:13.6120725+08:00	0x01	-0.0186	-0.0649	-0.2284	0.9712	333.76	353.24	356.22
2026-05-08T14:31:13.6120725+08:00	0x02	0.0167	-0.0045	-0.9730	0.2304	206.64	358.02	359.94
2026-05-08T14:31:13.6120725+08:00	0x07	-0.0019	0.7417	0.0310	0.6700	2.23	95.76	357.22
2026-05-08T14:31:13.6120725+08:00	0x04	-0.0144	-0.0191	-0.2015	0.9792	336.78	358.19	357.94
2026-05-08T14:31:13.6120725+08:00	0x08	-0.0044	-0.0157	0.0535	0.9984	6.14	358.18	359.60
2026-05-08T14:31:13.6120725+08:00	0x06	-0.0873	-0.1382	-0.9787	-0.1242	163.99	12.23	345.60
2026-05-08T14:31:13.6120725+08:00	0x09	0.0523	-0.0677	-0.6404	0.7633	280.04	350.20	359.61
2026-05-08T14:31:13.6120725+08:00	0x03	0.0102	-0.0467	0.2655	0.9629	30.72	355.15	2.54
2026-05-08T14:31:13.6120725+08:00	0x02	0.0167	-0.0045	-0.9730	0.2304	206.64	358.02	359.94
2026-05-08T14:31:13.6120725+08:00	0x07	-0.0032	0.7416	0.0323	0.6700	2.22	95.75	357.01
2026-05-08T14:31:13.6120725+08:00	0x04	-0.0144	-0.0191	-0.2015	0.9792	336.78	358.19	357.94
2026-05-08T14:31:13.6120725+08:00	0x06	-0.0875	-0.1381	-0.9787	-0.1240	164.01	12.25	345.61
2026-05-08T14:31:13.6120725+08:00	0x09	0.0523	-0.0677	-0.6404	0.7633	280.04	350.20	359.61
2026-05-08T14:31:13.6120725+08:00	0x03	0.0102	-0.0467	0.2655	0.9629	30.72	355.14	2.54
2026-05-08T14:31:13.6120725+08:00	0x07	-0.0040	0.7416	0.0331	0.6700	2.20	95.75	356.88
2026-05-08T14:31:13.6120725+08:00	0x02	0.0167	-0.0045	-0.9730	0.2304	206.64	358.02	359.94
2026-05-08T14:31:13.6120725+08:00	0x04	-0.0144	-0.0191	-0.2015	0.9792	336.78	358.19	357.94
2026-05-08T14:31:13.6120725+08:00	0x09	0.0523	-0.0677	-0.6404	0.7633	280.04	350.20	359.61
2026-05-08T14:31:13.6120725+08:00	0x06	-0.0874	-0.1381	-0.9788	-0.1234	164.08	12.23	345.60
2026-05-08T14:31:13.6120725+08:00	0x03	0.0102	-0.0467	0.2655	0.9629	30.72	355.14	2.54
2026-05-08T14:31:13.6120725+08:00	0x02	0.0167	-0.0045	-0.9730	0.2304	206.64	358.02	359.94
2026-05-08T14:31:13.6120725+08:00	0x07	-0.0049	0.7416	0.0339	0.6700	2.19	95.75	356.75
2026-05-08T14:31:13.6120725+08:00	0x04	-0.0144	-0.0191	-0.2015	0.9792	336.78	358.18	357.94
2026-05-08T14:31:13.6120725+08:00	0x08	-0.0044	-0.0157	0.0535	0.9984	6.14	358.18	359.60
2026-05-08T14:31:13.6120725+08:00	0x06	-0.0875	-0.1379	-0.9790	-0.1224	164.20	12.22	345.61
2026-05-08T14:31:13.6120725+08:00	0x09	0.0523	-0.0677	-0.6404	0.7633	280.04	350.20	359.61
2026-05-08T14:31:13.6120725+08:00	0x01	-0.0186	-0.0649	-0.2284	0.9712	333.76	353.23	356.22
2026-05-08T14:31:13.6120725+08:00	0x03	0.0102	-0.0467	0.2655	0.9629	30.72	355.14	2.54
2026-05-08T14:31:13.6120725+08:00	0x07	-0.0072	0.7413	0.0352	0.6702	2.10	95.71	356.46
2026-05-08T14:31:13.6120725+08:00	0x04	-0.0144	-0.0191	-0.2015	0.9792	336.78	358.18	357.94
2026-05-08T14:31:13.6120725+08:00	0x09	0.0523	-0.0677	-0.6404	0.7633	280.04	350.20	359.61
2026-05-08T14:31:13.6120725+08:00	0x08	-0.0044	-0.0157	0.0535	0.9984	6.14	358.18	359.60
2026-05-08T14:31:13.6120725+08:00	0x06	-0.0875	-0.1375	-0.9791	-0.1219	164.26	12.20	345.65
2026-05-08T14:31:13.6120725+08:00	0x01	-0.0186	-0.0649	-0.2284	0.9712	333.76	353.23	356.22
2026-05-08T14:31:13.6120725+08:00	0x02	0.0167	-0.0045	-0.9730	0.2304	206.64	358.02	359.94
2026-05-08T14:31:13.6120725+08:00	0x07	-0.0071	0.7415	0.0353	0.6700	2.12	95.73	356.45
2026-05-08T14:31:13.6120725+08:00	0x04	-0.0144	-0.0191	-0.2015	0.9792	336.78	358.18	357.94
2026-05-08T14:31:13.6120725+08:00	0x09	0.0523	-0.0677	-0.6404	0.7633	280.04	350.20	359.61
2026-05-08T14:31:13.6120725+08:00	0x03	0.0102	-0.0467	0.2655	0.9629	30.72	355.15	2.54
2026-05-08T14:31:13.6120725+08:00	0x01	-0.0186	-0.0649	-0.2284	0.9712	333.76	353.23	356.22
2026-05-08T14:31:13.6120725+08:00	0x06	-0.0875	-0.1380	-0.9790	-0.1218	164.27	12.21	345.59
2026-05-08T14:31:13.6120725+08:00	0x07	-0.0084	0.7415	0.0366	0.6699	2.10	95.74	356.25
2026-05-08T14:31:13.6120725+08:00	0x04	-0.0144	-0.0191	-0.2015	0.9792	336.78	358.18	357.94
2026-05-08T14:31:13.6120725+08:00	0x09	0.0523	-0.0677	-0.6404	0.7633	280.04	350.20	359.61
2026-05-08T14:31:13.6120725+08:00	0x03	0.0102	-0.0467	0.2655	0.9629	30.72	355.15	2.54
2026-05-08T14:31:13.6120725+08:00	0x01	-0.0186	-0.0649	-0.2284	0.9712	333.76	353.23	356.22
2026-05-08T14:31:13.6120725+08:00	0x07	-0.0089	0.7414	0.0370	0.6699	2.09	95.73	356.17
2026-05-08T14:31:13.6120725+08:00	0x04	-0.0144	-0.0191	-0.2015	0.9792	336.78	358.18	357.94
2026-05-08T14:31:13.6120725+08:00	0x09	0.0523	-0.0677	-0.6404	0.7633	280.04	350.20	359.61
2026-05-08T14:31:13.6120725+08:00	0x08	-0.0044	-0.0157	0.0535	0.9984	6.14	358.18	359.60
2026-05-08T14:31:13.6120725+08:00	0x07	-0.0097	0.7415	0.0378	0.6698	2.08	95.74	356.04
2026-05-08T14:31:13.6120725+08:00	0x04	-0.0144	-0.0191	-0.2015	0.9792	336.78	358.18	357.94
2026-05-08T14:31:13.6120725+08:00	0x09	0.0523	-0.0677	-0.6404	0.7633	280.04	350.20	359.61
2026-05-08T14:31:13.6120725+08:00	0x05	0.0105	0.0094	0.4344	0.9006	51.51	1.49	0.61
2026-05-08T14:31:13.6120725+08:00	0x01	-0.0186	-0.0649	-0.2284	0.9712	333.76	353.23	356.22
2026-05-08T14:31:13.6120725+08:00	0x06	-0.0875	-0.1377	-0.9792	-0.1206	164.41	12.19	345.61
2026-05-08T14:31:13.6120725+08:00	0x03	0.0102	-0.0467	0.2655	0.9629	30.72	355.15	2.55
2026-05-08T14:31:13.6120725+08:00	0x07	-0.0100	0.7415	0.0378	0.6698	2.06	95.75	356.01
2026-05-08T14:31:13.6120725+08:00	0x04	-0.0144	-0.0191	-0.2015	0.9792	336.78	358.18	357.94
2026-05-08T14:31:13.6120725+08:00	0x06	-0.0875	-0.1378	-0.9792	-0.1205	164.42	12.19	345.60
2026-05-08T14:31:13.6120725+08:00	0x08	-0.0044	-0.0157	0.0535	0.9984	6.14	358.18	359.60
2026-05-08T14:31:13.6130704+08:00	0x02	0.0167	-0.0045	-0.9730	0.2304	206.64	358.02	359.94
2026-05-08T14:31:13.6130704+08:00	0x07	-0.0108	0.7415	0.0385	0.6698	2.05	95.75	355.89
2026-05-08T14:31:13.6130704+08:00	0x04	-0.0144	-0.0191	-0.2015	0.9792	336.78	358.18	357.94
2026-05-08T14:31:13.6130704+08:00	0x09	0.0523	-0.0676	-0.6404	0.7633	280.04	350.20	359.61
2026-05-08T14:31:13.6130704+08:00	0x01	-0.0186	-0.0649	-0.2284	0.9712	333.76	353.23	356.22
2026-05-08T14:31:13.6130704+08:00	0x08	-0.0043	-0.0157	0.0535	0.9984	6.14	358.18	359.60
2026-05-08T14:31:13.6130704+08:00	0x03	0.0102	-0.0467	0.2655	0.9629	30.72	355.14	2.55
2026-05-08T14:31:13.6130704+08:00	0x07	-0.0113	0.7415	0.0389	0.6697	2.03	95.75	355.83
2026-05-08T14:31:13.6130704+08:00	0x04	-0.0144	-0.0191	-0.2015	0.9792	336.78	358.18	357.94
2026-05-08T14:31:13.6130704+08:00	0x06	-0.0877	-0.1381	-0.9792	-0.1202	164.45	12.21	345.56
2026-05-08T14:31:13.6130704+08:00	0x01	-0.0186	-0.0649	-0.2284	0.9712	333.76	353.23	356.22
2026-05-08T14:31:13.6130704+08:00	0x07	-0.0120	0.7415	0.0396	0.6697	2.02	95.75	355.71
2026-05-08T14:31:13.6130704+08:00	0x02	0.0167	-0.0045	-0.9730	0.2304	206.64	358.02	359.93
2026-05-08T14:31:13.6130704+08:00	0x04	-0.0144	-0.0191	-0.2015	0.9792	336.78	358.19	357.94
2026-05-08T14:31:13.6130704+08:00	0x09	0.0522	-0.0676	-0.6404	0.7633	280.04	350.20	359.61
2026-05-08T14:31:13.6130704+08:00	0x08	-0.0043	-0.0157	0.0535	0.9984	6.14	358.18	359.60
2026-05-08T14:31:13.6130704+08:00	0x03	0.0102	-0.0467	0.2655	0.9629	30.72	355.14	2.54
2026-05-08T14:31:13.6130704+08:00	0x07	-0.0126	0.7415	0.0400	0.6697	2.01	95.75	355.63
2026-05-08T14:31:13.6130704+08:00	0x01	-0.0186	-0.0649	-0.2284	0.9712	333.76	353.23	356.22
2026-05-08T14:31:13.6130704+08:00	0x09	0.0522	-0.0676	-0.6404	0.7633	280.04	350.20	359.61
2026-05-08T14:31:13.6130704+08:00	0x04	-0.0144	-0.0191	-0.2015	0.9792	336.78	358.18	357.94
2026-05-08T14:31:13.6130704+08:00	0x01	-0.0186	-0.0649	-0.2284	0.9712	333.76	353.23	356.22
2026-05-08T14:31:13.6130704+08:00	0x03	0.0102	-0.0467	0.2655	0.9629	30.72	355.14	2.54
2026-05-08T14:31:13.6130704+08:00	0x08	-0.0043	-0.0157	0.0535	0.9984	6.14	358.18	359.60
2026-05-08T14:31:13.6130704+08:00	0x07	-0.0133	0.7414	0.0406	0.6697	1.99	95.75	355.53
2026-05-08T14:31:13.6130704+08:00	0x02	0.0167	-0.0045	-0.9730	0.2304	206.64	358.02	359.93
2026-05-08T14:31:13.6130704+08:00	0x09	0.0522	-0.0676	-0.6404	0.7633	280.04	350.20	359.61
2026-05-08T14:31:13.6130704+08:00	0x01	-0.0186	-0.0649	-0.2284	0.9712	333.76	353.23	356.22
2026-05-08T14:31:13.6130704+08:00	0x08	-0.0043	-0.0157	0.0535	0.9984	6.14	358.18	359.60
2026-05-08T14:31:13.6130704+08:00	0x03	0.0102	-0.0467	0.2655	0.9629	30.72	355.14	2.54
2026-05-08T14:31:13.6130704+08:00	0x07	-0.0136	0.7414	0.0408	0.6696	1.98	95.75	355.48
2026-05-08T14:31:13.6130704+08:00	0x02	0.0167	-0.0045	-0.9730	0.2304	206.64	358.02	359.93
2026-05-08T14:31:13.6130704+08:00	0x09	0.0522	-0.0677	-0.6404	0.7633	280.04	350.20	359.60
2026-05-08T14:31:13.6130704+08:00	0x06	-0.0877	-0.1380	-0.9792	-0.1200	164.47	12.21	345.56
2026-05-08T14:31:13.6130704+08:00	0x01	-0.0186	-0.0649	-0.2284	0.9712	333.76	353.23	356.22
2026-05-08T14:31:13.6130704+08:00	0x07	-0.0144	0.7415	0.0415	0.6696	1.97	95.75	355.37
2026-05-08T14:31:13.6130704+08:00	0x02	0.0167	-0.0045	-0.9730	0.2304	206.64	358.02	359.94
2026-05-08T14:31:13.6130704+08:00	0x04	-0.0144	-0.0191	-0.2015	0.9792	336.78	358.19	357.94
2026-05-08T14:31:13.6130704+08:00	0x08	-0.0043	-0.0157	0.0535	0.9984	6.14	358.18	359.60
2026-05-08T14:31:13.6130704+08:00	0x01	-0.0186	-0.0649	-0.2284	0.9712	333.76	353.23	356.22
2026-05-08T14:31:13.6130704+08:00	0x07	-0.0150	0.7415	0.0419	0.6695	1.95	95.76	355.28
2026-05-08T14:31:13.6130704+08:00	0x02	0.0167	-0.0045	-0.9730	0.2304	206.64	358.02	359.93
2026-05-08T14:31:13.6130704+08:00	0x04	-0.0144	-0.0191	-0.2015	0.9792	336.78	358.18	357.94
2026-05-08T14:31:13.6130704+08:00	0x06	-0.0877	-0.1377	-0.9793	-0.1200	164.48	12.20	345.60
2026-05-08T14:31:13.6130704+08:00	0x08	-0.0044	-0.0157	0.0535	0.9984	6.14	358.18	359.60
2026-05-08T14:31:13.6130704+08:00	0x07	-0.0157	0.7415	0.0426	0.6694	1.94	95.76	355.17
2026-05-08T14:31:13.6130704+08:00	0x02	0.0167	-0.0045	-0.9730	0.2304	206.64	358.02	359.94
2026-05-08T14:31:13.6130704+08:00	0x04	-0.0144	-0.0191	-0.2015	0.9792	336.78	358.18	357.94
2026-05-08T14:31:13.6130704+08:00	0x09	0.0522	-0.0677	-0.6404	0.7633	280.04	350.20	359.60
2026-05-08T14:31:13.6130704+08:00	0x01	-0.0186	-0.0649	-0.2284	0.9712	333.76	353.23	356.22
2026-05-08T14:31:13.6130704+08:00	0x03	0.0101	-0.0467	0.2655	0.9629	30.72	355.15	2.54
2026-05-08T14:31:13.6130704+08:00	0x07	-0.0161	0.7415	0.0429	0.6694	1.92	95.76	355.11
2026-05-08T14:31:13.6130704+08:00	0x02	0.0167	-0.0045	-0.9730	0.2304	206.64	358.02	359.94
2026-05-08T14:31:13.6130704+08:00	0x04	-0.0144	-0.0191	-0.2015	0.9792	336.78	358.18	357.94
2026-05-08T14:31:13.6130704+08:00	0x05	0.0105	0.0094	0.4344	0.9006	51.51	1.49	0.61
2026-05-08T14:31:13.6130704+08:00	0x08	-0.0044	-0.0157	0.0535	0.9984	6.14	358.18	359.60
2026-05-08T14:31:13.6130704+08:00	0x03	0.0101	-0.0467	0.2655	0.9629	30.72	355.15	2.54
2026-05-08T14:31:13.6130704+08:00	0x01	-0.0186	-0.0649	-0.2284	0.9712	333.76	353.23	356.22
2026-05-08T14:31:13.6130704+08:00	0x07	-0.0168	0.7414	0.0435	0.6694	1.92	95.76	355.01
2026-05-08T14:31:13.6130704+08:00	0x02	0.0167	-0.0045	-0.9730	0.2304	206.64	358.02	359.94
2026-05-08T14:31:13.6130704+08:00	0x04	-0.0144	-0.0191	-0.2015	0.9792	336.78	358.18	357.94
2026-05-08T14:31:13.6130704+08:00	0x09	0.0523	-0.0677	-0.6404	0.7633	280.04	350.20	359.61
2026-05-08T14:31:13.6130704+08:00	0x08	-0.0044	-0.0157	0.0535	0.9984	6.14	358.18	359.60
2026-05-08T14:31:13.6140671+08:00	0x03	0.0101	-0.0467	0.2655	0.9629	30.72	355.15	2.54
2026-05-08T14:31:13.6140671+08:00	0x07	-0.0176	0.7413	0.0442	0.6694	1.90	95.75	354.89
2026-05-08T14:31:13.6140671+08:00	0x02	0.0167	-0.0045	-0.9730	0.2304	206.64	358.02	359.94
2026-05-08T14:31:13.6140671+08:00	0x04	-0.0144	-0.0191	-0.2015	0.9792	336.78	358.18	357.94
2026-05-08T14:31:13.6140671+08:00	0x09	0.0523	-0.0677	-0.6404	0.7633	280.04	350.20	359.61
2026-05-08T14:31:13.6140671+08:00	0x06	-0.0878	-0.1375	-0.9793	-0.1200	164.49	12.21	345.63
2026-05-08T14:31:13.6140671+08:00	0x03	0.0102	-0.0467	0.2655	0.9629	30.72	355.15	2.54
2026-05-08T14:31:13.6140671+08:00	0x01	-0.0186	-0.0649	-0.2284	0.9712	333.76	353.23	356.22
2026-05-08T14:31:13.6140671+08:00	0x07	-0.0180	0.7413	0.0444	0.6694	1.88	95.75	354.83
2026-05-08T14:31:13.6140671+08:00	0x04	-0.0144	-0.0191	-0.2015	0.9792	336.78	358.18	357.94
2026-05-08T14:31:13.6140671+08:00	0x09	0.0523	-0.0677	-0.6404	0.7633	280.04	350.20	359.61
2026-05-08T14:31:13.6140671+08:00	0x03	0.0102	-0.0467	0.2655	0.9629	30.72	355.15	2.54
2026-05-08T14:31:13.6140671+08:00	0x01	-0.0186	-0.0649	-0.2284	0.9712	333.76	353.23	356.22
2026-05-08T14:31:13.6140671+08:00	0x07	-0.0188	0.7412	0.0452	0.6695	1.88	95.74	354.71
2026-05-08T14:31:13.6140671+08:00	0x02	0.0167	-0.0045	-0.9730	0.2304	206.64	358.02	359.94
2026-05-08T14:31:13.6140671+08:00	0x04	-0.0144	-0.0192	-0.2015	0.9792	336.78	358.18	357.94
2026-05-08T14:31:13.6140671+08:00	0x09	0.0522	-0.0677	-0.6404	0.7633	280.04	350.20	359.60
2026-05-08T14:31:13.6140671+08:00	0x06	-0.0884	-0.1380	-0.9792	-0.1200	164.46	12.29	345.57
2026-05-08T14:31:13.6140671+08:00	0x03	0.0102	-0.0467	0.2655	0.9629	30.72	355.15	2.54
2026-05-08T14:31:13.6140671+08:00	0x07	-0.0193	0.7411	0.0456	0.6695	1.87	95.72	354.64
2026-05-08T14:31:13.6140671+08:00	0x02	0.0167	-0.0045	-0.9730	0.2304	206.64	358.02	359.94
2026-05-08T14:31:13.6140671+08:00	0x05	0.0105	0.0094	0.4344	0.9006	51.51	1.49	0.61
2026-05-08T14:31:13.6140671+08:00	0x09	0.0523	-0.0677	-0.6404	0.7633	280.04	350.20	359.61
2026-05-08T14:31:13.6140671+08:00	0x03	0.0102	-0.0467	0.2655	0.9629	30.72	355.15	2.54
2026-05-08T14:31:13.6140671+08:00	0x01	-0.0186	-0.0649	-0.2284	0.9712	333.76	353.23	356.22
2026-05-08T14:31:13.6140671+08:00	0x07	-0.0195	0.7411	0.0458	0.6696	1.87	95.71	354.60
2026-05-08T14:31:13.6140671+08:00	0x06	-0.0884	-0.1379	-0.9792	-0.1201	164.46	12.30	345.59
2026-05-08T14:31:13.6140671+08:00	0x02	0.0167	-0.0045	-0.9730	0.2304	206.64	358.02	359.94
2026-05-08T14:31:13.6140671+08:00	0x09	0.0523	-0.0677	-0.6404	0.7633	280.04	350.20	359.61
2026-05-08T14:31:13.6140671+08:00	0x03	0.0102	-0.0467	0.2655	0.9629	30.72	355.14	2.54
2026-05-08T14:31:13.6140671+08:00	0x07	-0.0200	0.7410	0.0463	0.6696	1.87	95.71	354.53
2026-05-08T14:31:13.6140671+08:00	0x02	0.0167	-0.0045	-0.9730	0.2304	206.64	358.02	359.94
2026-05-08T14:31:13.6140671+08:00	0x09	0.0523	-0.0677	-0.6404	0.7633	280.04	350.20	359.61
2026-05-08T14:31:13.6140671+08:00	0x03	0.0101	-0.0467	0.2655	0.9629	30.72	355.15	2.54
2026-05-08T14:31:13.6140671+08:00	0x06	-0.0883	-0.1377	-0.9792	-0.1201	164.46	12.28	345.62
2026-05-08T14:31:13.6140671+08:00	0x07	-0.0201	0.7410	0.0465	0.6696	1.86	95.71	354.50
2026-05-08T14:31:13.6140671+08:00	0x02	0.0167	-0.0045	-0.9730	0.2304	206.64	358.02	359.93
2026-05-08T14:31:13.6140671+08:00	0x04	-0.0144	-0.0191	-0.2015	0.9792	336.78	358.18	357.94
2026-05-08T14:31:13.6140671+08:00	0x09	0.0523	-0.0676	-0.6404	0.7633	280.04	350.20	359.61
2026-05-08T14:31:13.6140671+08:00	0x06	-0.0883	-0.1376	-0.9792	-0.1201	164.46	12.27	345.62
2026-05-08T14:31:13.6140671+08:00	0x03	0.0102	-0.0467	0.2655	0.9629	30.72	355.15	2.54
2026-05-08T14:31:13.6140671+08:00	0x07	-0.0205	0.7410	0.0468	0.6696	1.86	95.71	354.45
2026-05-08T14:31:13.6140671+08:00	0x04	-0.0144	-0.0191	-0.2015	0.9792	336.78	358.18	357.94
2026-05-08T14:31:13.6140671+08:00	0x02	0.0167	-0.0045	-0.9730	0.2304	206.64	358.02	359.93
2026-05-08T14:31:13.6140671+08:00	0x09	0.0523	-0.0676	-0.6404	0.7633	280.04	350.20	359.61
2026-05-08T14:31:13.6140671+08:00	0x03	0.0102	-0.0467	0.2655	0.9629	30.72	355.15	2.54
2026-05-08T14:31:13.6140671+08:00	0x08	-0.0044	-0.0157	0.0535	0.9984	6.14	358.18	359.60
2026-05-08T14:31:13.6140671+08:00	0x01	-0.0186	-0.0649	-0.2284	0.9712	333.76	353.24	356.22
2026-05-08T14:31:13.6140671+08:00	0x04	-0.0144	-0.0191	-0.2015	0.9792	336.78	358.18	357.94
2026-05-08T14:31:13.6140671+08:00	0x05	0.0105	0.0093	0.4344	0.9006	51.51	1.49	0.62
2026-05-08T14:31:13.6140671+08:00	0x03	0.0102	-0.0467	0.2655	0.9629	30.72	355.15	2.54
2026-05-08T14:31:13.6140671+08:00	0x09	0.0523	-0.0676	-0.6404	0.7633	280.04	350.20	359.61
2026-05-08T14:31:13.6140671+08:00	0x07	-0.0206	0.7410	0.0468	0.6696	1.85	95.70	354.44
2026-05-08T14:31:13.6140671+08:00	0x01	-0.0186	-0.0649	-0.2284	0.9712	333.76	353.24	356.22
2026-05-08T14:31:13.6140671+08:00	0x02	0.0167	-0.0045	-0.9730	0.2304	206.64	358.02	359.94
2026-05-08T14:31:13.6140671+08:00	0x04	-0.0144	-0.0192	-0.2015	0.9792	336.78	358.18	357.94
2026-05-08T14:31:13.6140671+08:00	0x09	0.0522	-0.0677	-0.6404	0.7633	280.04	350.20	359.60
2026-05-08T14:31:13.6140671+08:00	0x06	-0.0886	-0.1378	-0.9791	-0.1202	164.44	12.32	345.61
2026-05-08T14:31:13.6140671+08:00	0x01	-0.0186	-0.0649	-0.2284	0.9712	333.76	353.24	356.22
2026-05-08T14:31:13.6140671+08:00	0x07	-0.0205	0.7410	0.0466	0.6696	1.85	95.70	354.46
2026-05-08T14:31:13.6140671+08:00	0x04	-0.0144	-0.0192	-0.2015	0.9792	336.78	358.18	357.94
2026-05-08T14:31:13.6140671+08:00	0x02	0.0167	-0.0045	-0.9730	0.2304	206.64	358.02	359.94
2026-05-08T14:31:13.6140671+08:00	0x08	-0.0044	-0.0157	0.0535	0.9984	6.14	358.18	359.60
2026-05-08T14:31:13.6150646+08:00	0x03	0.0102	-0.0467	0.2655	0.9629	30.72	355.15	2.54
2026-05-08T14:31:13.6150646+08:00	0x06	-0.0885	-0.1378	-0.9791	-0.1202	164.44	12.31	345.61
2026-05-08T14:31:13.6150646+08:00	0x07	-0.0204	0.7410	0.0465	0.6696	1.84	95.70	354.49
2026-05-08T14:31:13.6150646+08:00	0x09	0.0523	-0.0677	-0.6404	0.7633	280.04	350.20	359.61
2026-05-08T14:31:13.6150646+08:00	0x02	0.0167	-0.0045	-0.9730	0.2304	206.64	358.02	359.94
2026-05-08T14:31:13.6150646+08:00	0x04	-0.0144	-0.0191	-0.2015	0.9792	336.78	358.18	357.94
2026-05-08T14:31:13.6150646+08:00	0x03	0.0102	-0.0467	0.2655	0.9629	30.72	355.15	2.54
2026-05-08T14:31:13.6150646+08:00	0x09	0.0522	-0.0676	-0.6404	0.7633	280.04	350.20	359.61
2026-05-08T14:31:13.6150646+08:00	0x07	-0.0204	0.7409	0.0465	0.6697	1.84	95.69	354.48
2026-05-08T14:31:13.6150646+08:00	0x01	-0.0186	-0.0649	-0.2284	0.9712	333.76	353.24	356.22
2026-05-08T14:31:13.6150646+08:00	0x04	-0.0144	-0.0191	-0.2015	0.9792	336.78	358.18	357.94
2026-05-08T14:31:13.6150646+08:00	0x02	0.0167	-0.0045	-0.9730	0.2304	206.64	358.02	359.94
2026-05-08T14:31:13.6150646+08:00	0x08	-0.0044	-0.0157	0.0535	0.9984	6.14	358.18	359.60
2026-05-08T14:31:13.6150646+08:00	0x09	0.0522	-0.0676	-0.6404	0.7633	280.04	350.20	359.61
2026-05-08T14:31:13.6150646+08:00	0x06	-0.0885	-0.1375	-0.9792	-0.1203	164.43	12.30	345.64
2026-05-08T14:31:13.6150646+08:00	0x07	-0.0206	0.7409	0.0466	0.6697	1.84	95.69	354.46
2026-05-08T14:31:13.6150646+08:00	0x03	0.0102	-0.0467	0.2655	0.9629	30.72	355.14	2.54
2026-05-08T14:31:13.6150646+08:00	0x09	0.0522	-0.0676	-0.6404	0.7633	280.04	350.20	359.61
2026-05-08T14:31:13.6150646+08:00	0x04	-0.0144	-0.0191	-0.2015	0.9792	336.78	358.18	357.94
2026-05-08T14:31:13.6150646+08:00	0x05	0.0104	0.0094	0.4344	0.9006	51.50	1.49	0.61
2026-05-08T14:31:13.6150646+08:00	0x08	-0.0044	-0.0157	0.0535	0.9984	6.14	358.18	359.60
2026-05-08T14:31:13.6150646+08:00	0x03	0.0102	-0.0467	0.2655	0.9629	30.72	355.14	2.54
2026-05-08T14:31:13.6150646+08:00	0x07	-0.0206	0.7409	0.0466	0.6697	1.84	95.69	354.45
2026-05-08T14:31:13.6150646+08:00	0x09	0.0522	-0.0676	-0.6404	0.7633	280.04	350.20	359.61
2026-05-08T14:31:13.6150646+08:00	0x04	-0.0144	-0.0192	-0.2015	0.9792	336.78	358.18	357.94
2026-05-08T14:31:13.6150646+08:00	0x08	-0.0044	-0.0157	0.0535	0.9984	6.14	358.18	359.60
2026-05-08T14:31:13.6150646+08:00	0x03	0.0101	-0.0467	0.2655	0.9629	30.72	355.15	2.54
2026-05-08T14:31:13.6150646+08:00	0x07	-0.0209	0.7408	0.0470	0.6698	1.84	95.67	354.40
2026-05-08T14:31:13.6150646+08:00	0x09	0.0522	-0.0676	-0.6404	0.7633	280.04	350.20	359.61
2026-05-08T14:31:13.6150646+08:00	0x04	-0.0144	-0.0192	-0.2015	0.9792	336.78	358.18	357.94
2026-05-08T14:31:13.6150646+08:00	0x02	0.0167	-0.0045	-0.9730	0.2304	206.64	358.02	359.94
2026-05-08T14:31:13.6150646+08:00	0x08	-0.0044	-0.0157	0.0535	0.9984	6.14	358.18	359.60
2026-05-08T14:31:13.6150646+08:00	0x03	0.0101	-0.0467	0.2655	0.9629	30.72	355.15	2.54
2026-05-08T14:31:13.6150646+08:00	0x01	-0.0186	-0.0649	-0.2284	0.9712	333.76	353.24	356.22
2026-05-08T14:31:13.6150646+08:00	0x07	-0.0208	0.7407	0.0468	0.6699	1.84	95.66	354.43
2026-05-08T14:31:13.6150646+08:00	0x05	0.0104	0.0094	0.4344	0.9006	51.51	1.49	0.61
2026-05-08T14:31:13.6150646+08:00	0x09	0.0522	-0.0676	-0.6404	0.7633	280.04	350.20	359.61
2026-05-08T14:31:13.6150646+08:00	0x02	0.0167	-0.0045	-0.9730	0.2304	206.64	358.02	359.94
2026-05-08T14:31:13.6150646+08:00	0x04	-0.0144	-0.0192	-0.2015	0.9792	336.78	358.18	357.94
2026-05-08T14:31:13.6150646+08:00	0x03	0.0101	-0.0467	0.2655	0.9629	30.72	355.15	2.54
2026-05-08T14:31:13.6150646+08:00	0x07	-0.0208	0.7406	0.0465	0.6700	1.82	95.64	354.44
2026-05-08T14:31:13.6150646+08:00	0x09	0.0523	-0.0676	-0.6404	0.7633	280.04	350.20	359.61
2026-05-08T14:31:13.6150646+08:00	0x04	-0.0144	-0.0191	-0.2015	0.9792	336.78	358.18	357.94
2026-05-08T14:31:13.6150646+08:00	0x08	-0.0043	-0.0157	0.0535	0.9984	6.14	358.18	359.60
2026-05-08T14:31:13.6150646+08:00	0x06	-0.0886	-0.1372	-0.9792	-0.1205	164.41	12.31	345.67
2026-05-08T14:31:13.6150646+08:00	0x09	0.0522	-0.0676	-0.6404	0.7633	280.04	350.20	359.61
2026-05-08T14:31:13.6150646+08:00	0x02	0.0167	-0.0045	-0.9730	0.2304	206.64	358.02	359.94
2026-05-08T14:31:13.6150646+08:00	0x03	0.0101	-0.0467	0.2655	0.9629	30.72	355.15	2.54
2026-05-08T14:31:13.6150646+08:00	0x04	-0.0144	-0.0191	-0.2015	0.9792	336.78	358.18	357.94
2026-05-08T14:31:13.6150646+08:00	0x08	-0.0043	-0.0157	0.0535	0.9984	6.14	358.18	359.60
2026-05-08T14:31:13.6150646+08:00	0x06	-0.0886	-0.1374	-0.9792	-0.1205	164.41	12.31	345.65
2026-05-08T14:31:13.6150646+08:00	0x07	-0.0197	0.7407	0.0457	0.6700	1.85	95.65	354.60
2026-05-08T14:31:13.6150646+08:00	0x03	0.0101	-0.0467	0.2655	0.9629	30.72	355.15	2.54
2026-05-08T14:31:13.6150646+08:00	0x04	-0.0144	-0.0191	-0.2015	0.9792	336.78	358.18	357.94
2026-05-08T14:31:13.6150646+08:00	0x08	-0.0044	-0.0157	0.0535	0.9984	6.14	358.18	359.60
2026-05-08T14:31:13.6150646+08:00	0x02	0.0167	-0.0045	-0.9730	0.2304	206.64	358.02	359.94
2026-05-08T14:31:13.6150646+08:00	0x07	-0.0197	0.7407	0.0457	0.6700	1.85	95.65	354.60
2026-05-08T14:31:13.6150646+08:00	0x03	0.0101	-0.0467	0.2655	0.9629	30.72	355.15	2.54
2026-05-08T14:31:13.6150646+08:00	0x09	0.0523	-0.0676	-0.6404	0.7633	280.04	350.20	359.61
2026-05-08T14:31:13.6150646+08:00	0x04	-0.0144	-0.0191	-0.2015	0.9792	336.78	358.18	357.94
2026-05-08T14:31:13.6150646+08:00	0x08	-0.0044	-0.0157	0.0535	0.9984	6.14	358.18	359.60
2026-05-08T14:31:13.6160621+08:00	0x07	-0.0195	0.7407	0.0457	0.6700	1.86	95.66	354.62
2026-05-08T14:31:13.6160621+08:00	0x03	0.0101	-0.0467	0.2655	0.9629	30.72	355.15	2.54
2026-05-08T14:31:13.6160621+08:00	0x09	0.0523	-0.0676	-0.6404	0.7633	280.04	350.20	359.61
2026-05-08T14:31:13.6160621+08:00	0x04	-0.0144	-0.0191	-0.2015	0.9792	336.78	358.18	357.94
2026-05-08T14:31:13.6160621+08:00	0x08	-0.0044	-0.0156	0.0535	0.9984	6.14	358.19	359.60
2026-05-08T14:31:13.6160621+08:00	0x06	-0.0886	-0.1376	-0.9791	-0.1203	164.43	12.32	345.63
2026-05-08T14:31:13.6160621+08:00	0x07	-0.0196	0.7408	0.0458	0.6699	1.86	95.67	354.60
2026-05-08T14:31:13.6160621+08:00	0x02	0.0167	-0.0045	-0.9730	0.2304	206.64	358.02	359.94
2026-05-08T14:31:13.6160621+08:00	0x09	0.0522	-0.0676	-0.6404	0.7633	280.04	350.20	359.61
2026-05-08T14:31:13.6160621+08:00	0x04	-0.0144	-0.0191	-0.2015	0.9792	336.78	358.18	357.94
2026-05-08T14:31:13.6160621+08:00	0x02	0.0167	-0.0045	-0.9730	0.2304	206.64	358.02	359.94
2026-05-08T14:31:13.6160621+08:00	0x08	-0.0043	-0.0156	0.0535	0.9984	6.14	358.19	359.60
2026-05-08T14:31:13.6160621+08:00	0x07	-0.0194	0.7408	0.0456	0.6699	1.87	95.67	354.63
2026-05-08T14:31:13.6160621+08:00	0x03	0.0101	-0.0467	0.2655	0.9629	30.72	355.15	2.54
2026-05-08T14:31:13.6160621+08:00	0x09	0.0523	-0.0676	-0.6404	0.7633	280.04	350.20	359.61
2026-05-08T14:31:13.6160621+08:00	0x04	-0.0144	-0.0191	-0.2015	0.9792	336.78	358.18	357.94
2026-05-08T14:31:13.6160621+08:00	0x02	0.0167	-0.0045	-0.9730	0.2304	206.64	358.02	359.93
2026-05-08T14:31:13.6160621+08:00	0x08	-0.0044	-0.0157	0.0535	0.9984	6.14	358.18	359.60
2026-05-08T14:31:13.6160621+08:00	0x06	-0.0884	-0.1377	-0.9791	-0.1204	164.42	12.30	345.62
2026-05-08T14:31:13.6160621+08:00	0x07	-0.0194	0.7409	0.0457	0.6698	1.87	95.68	354.63
2026-05-08T14:31:13.6160621+08:00	0x03	0.0101	-0.0467	0.2655	0.9629	30.72	355.15	2.54
2026-05-08T14:31:13.6160621+08:00	0x09	0.0523	-0.0677	-0.6404	0.7633	280.04	350.20	359.61
2026-05-08T14:31:13.6160621+08:00	0x04	-0.0144	-0.0191	-0.2015	0.9792	336.78	358.18	357.94
2026-05-08T14:31:13.6160621+08:00	0x02	0.0167	-0.0045	-0.9730	0.2304	206.64	358.02	359.94
2026-05-08T14:31:13.6160621+08:00	0x06	-0.0886	-0.1380	-0.9791	-0.1205	164.41	12.32	345.58
2026-05-08T14:31:13.6160621+08:00	0x07	-0.0196	0.7409	0.0460	0.6698	1.87	95.68	354.59
2026-05-08T14:31:13.6160621+08:00	0x09	0.0523	-0.0677	-0.6404	0.7633	280.04	350.20	359.61
2026-05-08T14:31:13.6160621+08:00	0x04	-0.0144	-0.0191	-0.2015	0.9792	336.78	358.18	357.94
2026-05-08T14:31:13.6160621+08:00	0x02	0.0167	-0.0045	-0.9730	0.2304	206.64	358.02	359.94
2026-05-08T14:31:13.6160621+08:00	0x06	-0.0886	-0.1380	-0.9791	-0.1205	164.40	12.33	345.59
2026-05-08T14:31:13.6160621+08:00	0x03	0.0102	-0.0467	0.2655	0.9629	30.72	355.15	2.54
2026-05-08T14:31:13.6160621+08:00	0x07	-0.0195	0.7408	0.0460	0.6698	1.88	95.67	354.59
2026-05-08T14:31:13.6160621+08:00	0x01	-0.0186	-0.0649	-0.2284	0.9712	333.76	353.23	356.22
2026-05-08T14:31:13.6160621+08:00	0x09	0.0523	-0.0677	-0.6404	0.7633	280.04	350.20	359.61
2026-05-08T14:31:13.6160621+08:00	0x04	-0.0144	-0.0191	-0.2015	0.9792	336.78	358.18	357.94
2026-05-08T14:31:13.6160621+08:00	0x02	0.0167	-0.0045	-0.9730	0.2304	206.64	358.02	359.94
2026-05-08T14:31:13.6160621+08:00	0x03	0.0102	-0.0467	0.2655	0.9629	30.72	355.15	2.54
2026-05-08T14:31:13.6160621+08:00	0x01	-0.0186	-0.0649	-0.2284	0.9712	333.76	353.23	356.22
2026-05-08T14:31:13.6160621+08:00	0x09	0.0523	-0.0677	-0.6404	0.7633	280.04	350.20	359.61
2026-05-08T14:31:13.6160621+08:00	0x04	-0.0144	-0.0191	-0.2015	0.9792	336.78	358.18	357.94
2026-05-08T14:31:13.6160621+08:00	0x06	-0.0883	-0.1382	-0.9791	-0.1205	164.40	12.30	345.56
2026-05-08T14:31:13.6160621+08:00	0x08	-0.0043	-0.0156	0.0535	0.9984	6.14	358.19	359.60
2026-05-08T14:31:13.6160621+08:00	0x03	0.0102	-0.0467	0.2655	0.9629	30.72	355.15	2.54
2026-05-08T14:31:13.6160621+08:00	0x07	-0.0198	0.7409	0.0462	0.6697	1.87	95.70	354.55
2026-05-08T14:31:13.6160621+08:00	0x09	0.0523	-0.0677	-0.6404	0.7633	280.04	350.20	359.61
2026-05-08T14:31:13.6160621+08:00	0x04	-0.0144	-0.0191	-0.2015	0.9792	336.78	358.18	357.94
2026-05-08T14:31:13.6160621+08:00	0x02	0.0167	-0.0045	-0.9730	0.2304	206.64	358.02	359.94
2026-05-08T14:31:13.6160621+08:00	0x03	0.0102	-0.0467	0.2655	0.9629	30.72	355.15	2.54
2026-05-08T14:31:13.6160621+08:00	0x07	-0.0201	0.7409	0.0465	0.6697	1.87	95.69	354.50
2026-05-08T14:31:13.6160621+08:00	0x06	-0.0881	-0.1381	-0.9791	-0.1206	164.40	12.28	345.57
2026-05-08T14:31:13.6160621+08:00	0x09	0.0522	-0.0676	-0.6404	0.7633	280.04	350.20	359.61
2026-05-08T14:31:13.6160621+08:00	0x04	-0.0144	-0.0191	-0.2015	0.9792	336.78	358.18	357.94
2026-05-08T14:31:13.6160621+08:00	0x08	-0.0043	-0.0156	0.0535	0.9984	6.14	358.19	359.60
2026-05-08T14:31:13.6160621+08:00	0x02	0.0167	-0.0045	-0.9730	0.2304	206.64	358.02	359.94
2026-05-08T14:31:13.6160621+08:00	0x03	0.0101	-0.0467	0.2655	0.9629	30.72	355.15	2.54
2026-05-08T14:31:13.6160621+08:00	0x06	-0.0881	-0.1380	-0.9791	-0.1206	164.40	12.27	345.58
2026-05-08T14:31:13.6160621+08:00	0x01	-0.0186	-0.0649	-0.2284	0.9712	333.76	353.24	356.22
2026-05-08T14:31:13.6160621+08:00	0x09	0.0522	-0.0676	-0.6404	0.7633	280.04	350.20	359.61
2026-05-08T14:31:13.6160621+08:00	0x07	-0.0202	0.7410	0.0467	0.6696	1.88	95.70	354.48
2026-05-08T14:31:13.6160621+08:00	0x06	-0.0884	-0.1382	-0.9791	-0.1200	164.46	12.30	345.56
2026-05-08T14:31:13.6160621+08:00	0x03	0.0102	-0.0467	0.2655	0.9629	30.72	355.15	2.54
2026-05-08T14:31:13.6160621+08:00	0x07	-0.0201	0.7409	0.0467	0.6697	1.88	95.69	354.48
2026-05-08T14:31:13.6160621+08:00	0x09	0.0522	-0.0676	-0.6404	0.7633	280.04	350.20	359.61
2026-05-08T14:31:13.6170593+08:00	0x04	-0.0144	-0.0191	-0.2015	0.9792	336.78	358.18	357.94
2026-05-08T14:31:13.6170593+08:00	0x08	-0.0043	-0.0156	0.0535	0.9984	6.14	358.19	359.60
2026-05-08T14:31:13.6170593+08:00	0x02	0.0166	-0.0045	-0.9730	0.2304	206.64	358.03	359.94
2026-05-08T14:31:13.6170593+08:00	0x03	0.0102	-0.0467	0.2655	0.9629	30.72	355.15	2.54
2026-05-08T14:31:13.6170593+08:00	0x07	-0.0205	0.7408	0.0472	0.6697	1.88	95.68	354.41
2026-05-08T14:31:13.6170593+08:00	0x01	-0.0186	-0.0649	-0.2284	0.9712	333.76	353.24	356.22
2026-05-08T14:31:13.6170593+08:00	0x06	-0.0885	-0.1384	-0.9791	-0.1198	164.47	12.32	345.54
2026-05-08T14:31:13.6170593+08:00	0x09	0.0522	-0.0676	-0.6404	0.7633	280.04	350.20	359.61
2026-05-08T14:31:13.6170593+08:00	0x04	-0.0144	-0.0191	-0.2015	0.9792	336.78	358.18	357.94
2026-05-08T14:31:13.6170593+08:00	0x02	0.0166	-0.0045	-0.9730	0.2304	206.64	358.03	359.94
2026-05-08T14:31:13.6170593+08:00	0x03	0.0101	-0.0467	0.2655	0.9629	30.72	355.15	2.54
2026-05-08T14:31:13.6170593+08:00	0x08	-0.0043	-0.0157	0.0535	0.9984	6.14	358.18	359.60
2026-05-08T14:31:13.6170593+08:00	0x09	0.0522	-0.0676	-0.6404	0.7633	280.04	350.20	359.61
2026-05-08T14:31:13.6170593+08:00	0x08	-0.0043	-0.0156	0.0535	0.9984	6.14	358.19	359.60
2026-05-08T14:31:13.6170593+08:00	0x02	0.0167	-0.0045	-0.9730	0.2304	206.64	358.02	359.94
2026-05-08T14:31:13.6170593+08:00	0x03	0.0102	-0.0467	0.2655	0.9629	30.72	355.15	2.54
2026-05-08T14:31:13.6170593+08:00	0x07	-0.0197	0.7409	0.0463	0.6698	1.89	95.68	354.55
2026-05-08T14:31:13.6170593+08:00	0x01	-0.0186	-0.0649	-0.2284	0.9712	333.76	353.24	356.22
2026-05-08T14:31:13.6170593+08:00	0x09	0.0522	-0.0676	-0.6404	0.7633	280.04	350.21	359.61
2026-05-08T14:31:13.6170593+08:00	0x04	-0.0144	-0.0191	-0.2015	0.9792	336.78	358.18	357.94
2026-05-08T14:31:13.6170593+08:00	0x06	-0.0883	-0.1381	-0.9791	-0.1200	164.46	12.29	345.57
2026-05-08T14:31:13.6170593+08:00	0x03	0.0101	-0.0467	0.2655	0.9629	30.72	355.15	2.54
2026-05-08T14:31:13.6170593+08:00	0x01	-0.0186	-0.0649	-0.2284	0.9712	333.76	353.24	356.22
2026-05-08T14:31:13.6170593+08:00	0x07	-0.0195	0.7408	0.0461	0.6698	1.89	95.68	354.58
2026-05-08T14:31:13.6170593+08:00	0x09	0.0522	-0.0676	-0.6404	0.7633	280.04	350.20	359.61
2026-05-08T14:31:13.6170593+08:00	0x04	-0.0144	-0.0191	-0.2015	0.9792	336.78	358.18	357.94
2026-05-08T14:31:13.6170593+08:00	0x08	-0.0043	-0.0156	0.0535	0.9984	6.14	358.19	359.60
2026-05-08T14:31:13.6170593+08:00	0x06	-0.0885	-0.1384	-0.9791	-0.1201	164.45	12.31	345.54
2026-05-08T14:31:13.6170593+08:00	0x02	0.0167	-0.0045	-0.9730	0.2304	206.64	358.02	359.94
2026-05-08T14:31:13.6170593+08:00	0x01	-0.0186	-0.0649	-0.2284	0.9712	333.76	353.23	356.23
2026-05-08T14:31:13.6170593+08:00	0x07	-0.0196	0.7409	0.0463	0.6698	1.90	95.68	354.56
2026-05-08T14:31:13.6170593+08:00	0x07	-0.0193	0.7409	0.0460	0.6698	1.90	95.68	354.60
2026-05-08T14:31:13.6170593+08:00	0x04	-0.0144	-0.0191	-0.2015	0.9792	336.78	358.18	357.94
2026-05-08T14:31:13.6170593+08:00	0x03	0.0102	-0.0467	0.2655	0.9629	30.72	355.15	2.54
2026-05-08T14:31:13.6170593+08:00	0x08	-0.0043	-0.0156	0.0535	0.9984	6.14	358.19	359.60
2026-05-08T14:31:13.6170593+08:00	0x05	0.0104	0.0093	0.4344	0.9006	51.51	1.48	0.61
2026-05-08T14:31:13.6170593+08:00	0x01	-0.0186	-0.0649	-0.2284	0.9712	333.76	353.23	356.23
2026-05-08T14:31:13.6170593+08:00	0x09	0.0523	-0.0676	-0.6404	0.7633	280.04	350.20	359.61
2026-05-08T14:31:13.6170593+08:00	0x07	-0.0193	0.7409	0.0461	0.6697	1.90	95.69	354.60
2026-05-08T14:31:13.6170593+08:00	0x04	-0.0144	-0.0191	-0.2015	0.9792	336.78	358.18	357.94
2026-05-08T14:31:13.6170593+08:00	0x06	-0.0884	-0.1382	-0.9791	-0.1202	164.44	12.31	345.56
2026-05-08T14:31:13.6170593+08:00	0x08	-0.0043	-0.0156	0.0535	0.9984	6.14	358.19	359.60
2026-05-08T14:31:13.6170593+08:00	0x03	0.0102	-0.0467	0.2655	0.9629	30.72	355.15	2.54
2026-05-08T14:31:13.6170593+08:00	0x01	-0.0186	-0.0649	-0.2284	0.9712	333.76	353.23	356.22
2026-05-08T14:31:13.6170593+08:00	0x09	0.0522	-0.0676	-0.6404	0.7633	280.04	350.20	359.61
2026-05-08T14:31:13.6170593+08:00	0x04	-0.0144	-0.0192	-0.2015	0.9792	336.78	358.18	357.94
2026-05-08T14:31:13.6170593+08:00	0x06	-0.0883	-0.1381	-0.9791	-0.1202	164.44	12.29	345.57
2026-05-08T14:31:13.6170593+08:00	0x08	-0.0043	-0.0156	0.0535	0.9984	6.14	358.19	359.60
2026-05-08T14:31:13.6170593+08:00	0x02	0.0167	-0.0045	-0.9730	0.2304	206.64	358.02	359.94
2026-05-08T14:31:13.6170593+08:00	0x01	-0.0186	-0.0649	-0.2284	0.9712	333.76	353.23	356.22
2026-05-08T14:31:13.6170593+08:00	0x07	-0.0195	0.7409	0.0464	0.6697	1.91	95.69	354.56
2026-05-08T14:31:13.6170593+08:00	0x06	-0.0882	-0.1379	-0.9792	-0.1202	164.45	12.27	345.59
2026-05-08T14:31:13.6170593+08:00	0x08	-0.0043	-0.0156	0.0535	0.9984	6.14	358.19	359.60
2026-05-08T14:31:13.6170593+08:00	0x03	0.0101	-0.0467	0.2655	0.9629	30.72	355.15	2.54
2026-05-08T14:31:13.6170593+08:00	0x02	0.0167	-0.0045	-0.9730	0.2304	206.64	358.02	359.94
2026-05-08T14:31:13.6170593+08:00	0x05	0.0105	0.0094	0.4344	0.9006	51.51	1.49	0.62
2026-05-08T14:31:13.6170593+08:00	0x07	-0.0190	0.7409	0.0457	0.6698	1.90	95.69	354.65
2026-05-08T14:31:13.6170593+08:00	0x09	0.0522	-0.0676	-0.6404	0.7633	280.04	350.20	359.61
2026-05-08T14:31:13.6170593+08:00	0x04	-0.0144	-0.0191	-0.2015	0.9792	336.78	358.18	357.94
2026-05-08T14:31:13.6170593+08:00	0x08	-0.0043	-0.0156	0.0535	0.9984	6.14	358.19	359.60
2026-05-08T14:31:13.6170593+08:00	0x02	0.0167	-0.0045	-0.9730	0.2304	206.64	358.02	359.94
2026-05-08T14:31:13.6170593+08:00	0x05	0.0105	0.0094	0.4344	0.9006	51.51	1.49	0.61
2026-05-08T14:31:13.6170593+08:00	0x01	-0.0186	-0.0649	-0.2284	0.9712	333.76	353.23	356.22
2026-05-08T14:31:13.6180566+08:00	0x09	0.0522	-0.0676	-0.6404	0.7633	280.04	350.20	359.61
2026-05-08T14:31:13.6180566+08:00	0x07	-0.0191	0.7410	0.0458	0.6697	1.91	95.69	354.64
2026-05-08T14:31:13.6180566+08:00	0x04	-0.0144	-0.0191	-0.2015	0.9792	336.78	358.18	357.94
2026-05-08T14:31:13.6180566+08:00	0x06	-0.0884	-0.1386	-0.9791	-0.1196	164.50	12.31	345.51
2026-05-08T14:31:13.6180566+08:00	0x08	-0.0043	-0.0156	0.0535	0.9984	6.14	358.19	359.60
2026-05-08T14:31:13.6180566+08:00	0x05	0.0105	0.0094	0.4344	0.9006	51.51	1.49	0.61
2026-05-08T14:31:13.6180566+08:00	0x01	-0.0186	-0.0649	-0.2284	0.9712	333.76	353.23	356.22
2026-05-08T14:31:13.6180566+08:00	0x02	0.0167	-0.0045	-0.9730	0.2304	206.64	358.02	359.94
2026-05-08T14:31:13.6180566+08:00	0x04	-0.0144	-0.0191	-0.2015	0.9792	336.78	358.18	357.94
2026-05-08T14:31:13.6180566+08:00	0x06	-0.0884	-0.1385	-0.9791	-0.1197	164.49	12.30	345.52
2026-05-08T14:31:13.6180566+08:00	0x08	-0.0043	-0.0156	0.0535	0.9984	6.14	358.19	359.60
2026-05-08T14:31:13.6180566+08:00	0x02	0.0167	-0.0045	-0.9730	0.2304	206.64	358.02	359.94
2026-05-08T14:31:13.6180566+08:00	0x03	0.0101	-0.0467	0.2655	0.9629	30.72	355.15	2.54
2026-05-08T14:31:13.6180566+08:00	0x07	-0.0208	0.7404	0.0482	0.6701	1.94	95.61	354.30
2026-05-08T14:31:13.6180566+08:00	0x09	0.0522	-0.0676	-0.6404	0.7633	280.04	350.20	359.61
2026-05-08T14:31:13.6180566+08:00	0x04	-0.0144	-0.0191	-0.2015	0.9792	336.78	358.18	357.94
2026-05-08T14:31:13.6180566+08:00	0x06	-0.0885	-0.1385	-0.9791	-0.1197	164.49	12.31	345.52
2026-05-08T14:31:13.6180566+08:00	0x08	-0.0043	-0.0156	0.0535	0.9984	6.14	358.19	359.60
2026-05-08T14:31:13.6180566+08:00	0x02	0.0167	-0.0045	-0.9730	0.2304	206.64	358.02	359.94
2026-05-08T14:31:13.6180566+08:00	0x03	0.0101	-0.0467	0.2655	0.9629	30.72	355.15	2.54
2026-05-08T14:31:13.6180566+08:00	0x09	0.0522	-0.0676	-0.6404	0.7633	280.04	350.21	359.61
2026-05-08T14:31:13.6180566+08:00	0x07	-0.0211	0.7403	0.0486	0.6701	1.95	95.60	354.24
2026-05-08T14:31:13.6180566+08:00	0x04	-0.0144	-0.0192	-0.2015	0.9792	336.78	358.18	357.94
2026-05-08T14:31:13.6180566+08:00	0x06	-0.0885	-0.1385	-0.9791	-0.1198	164.48	12.31	345.53
2026-05-08T14:31:13.6180566+08:00	0x02	0.0167	-0.0045	-0.9730	0.2304	206.64	358.02	359.94
2026-05-08T14:31:13.6180566+08:00	0x01	-0.0186	-0.0649	-0.2284	0.9712	333.76	353.23	356.22
2026-05-08T14:31:13.6180566+08:00	0x03	0.0101	-0.0467	0.2655	0.9629	30.72	355.15	2.54
2026-05-08T14:31:13.6180566+08:00	0x07	-0.0212	0.7403	0.0488	0.6702	1.96	95.59	354.23
2026-05-08T14:31:13.6180566+08:00	0x04	-0.0144	-0.0192	-0.2015	0.9792	336.78	358.18	357.94
2026-05-08T14:31:13.6180566+08:00	0x06	-0.0883	-0.1380	-0.9792	-0.1196	164.51	12.28	345.57
2026-05-08T14:31:13.6180566+08:00	0x08	-0.0043	-0.0156	0.0535	0.9984	6.14	358.19	359.60
2026-05-08T14:31:13.6180566+08:00	0x02	0.0167	-0.0045	-0.9730	0.2304	206.64	358.02	359.94
2026-05-08T14:31:13.6180566+08:00	0x03	0.0101	-0.0467	0.2655	0.9629	30.72	355.15	2.54
2026-05-08T14:31:13.6180566+08:00	0x09	0.0522	-0.0676	-0.6404	0.7633	280.04	350.20	359.60
2026-05-08T14:31:13.6180566+08:00	0x07	-0.0211	0.7401	0.0486	0.6704	1.96	95.57	354.24
2026-05-08T14:31:13.6180566+08:00	0x01	-0.0186	-0.0649	-0.2284	0.9712	333.76	353.23	356.22
2026-05-08T14:31:13.6180566+08:00	0x04	-0.0144	-0.0191	-0.2015	0.9792	336.78	358.18	357.94
2026-05-08T14:31:13.6180566+08:00	0x06	-0.0882	-0.1379	-0.9793	-0.1195	164.53	12.26	345.59
2026-05-08T14:31:13.6180566+08:00	0x08	-0.0043	-0.0156	0.0535	0.9984	6.14	358.19	359.60
2026-05-08T14:31:13.6180566+08:00	0x02	0.0167	-0.0045	-0.9730	0.2304	206.64	358.02	359.94
2026-05-08T14:31:13.6180566+08:00	0x03	0.0102	-0.0467	0.2655	0.9629	30.72	355.15	2.54
2026-05-08T14:31:13.6180566+08:00	0x07	-0.0206	0.7402	0.0481	0.6703	1.96	95.58	354.33
2026-05-08T14:31:13.6180566+08:00	0x04	-0.0144	-0.0191	-0.2015	0.9792	336.78	358.18	357.94
2026-05-08T14:31:13.6180566+08:00	0x08	-0.0043	-0.0156	0.0535	0.9984	6.14	358.19	359.60
2026-05-08T14:31:13.6180566+08:00	0x09	0.0522	-0.0676	-0.6404	0.7633	280.04	350.20	359.61
2026-05-08T14:31:13.6180566+08:00	0x01	-0.0186	-0.0649	-0.2284	0.9712	333.76	353.23	356.22
2026-05-08T14:31:13.6180566+08:00	0x07	-0.0204	0.7402	0.0480	0.6704	1.96	95.57	354.35
2026-05-08T14:31:13.6180566+08:00	0x04	-0.0144	-0.0191	-0.2015	0.9792	336.78	358.18	357.94
2026-05-08T14:31:13.6180566+08:00	0x08	-0.0043	-0.0157	0.0535	0.9984	6.14	358.18	359.60
2026-05-08T14:31:13.6180566+08:00	0x02	0.0167	-0.0045	-0.9730	0.2304	206.64	358.02	359.94
2026-05-08T14:31:13.6180566+08:00	0x01	-0.0186	-0.0649	-0.2284	0.9712	333.76	353.23	356.23
2026-05-08T14:31:13.6180566+08:00	0x09	0.0522	-0.0677	-0.6404	0.7633	280.04	350.20	359.60
2026-05-08T14:31:13.6180566+08:00	0x06	-0.0886	-0.1386	-0.9791	-0.1196	164.50	12.32	345.52
2026-05-08T14:31:13.6180566+08:00	0x04	-0.0144	-0.0191	-0.2015	0.9792	336.78	358.18	357.94
2026-05-08T14:31:13.6180566+08:00	0x07	-0.0204	0.7402	0.0480	0.6704	1.97	95.57	354.35
2026-05-08T14:31:13.6180566+08:00	0x02	0.0167	-0.0045	-0.9730	0.2304	206.64	358.02	359.94
2026-05-08T14:31:13.6180566+08:00	0x01	-0.0186	-0.0649	-0.2284	0.9712	333.76	353.23	356.23
2026-05-08T14:31:13.6180566+08:00	0x09	0.0522	-0.0677	-0.6404	0.7633	280.04	350.20	359.60
2026-05-08T14:31:13.6180566+08:00	0x07	-0.0202	0.7402	0.0479	0.6704	1.97	95.57	354.37
2026-05-08T14:31:13.6180566+08:00	0x06	-0.0886	-0.1384	-0.9791	-0.1197	164.49	12.32	345.54
2026-05-08T14:31:13.6190543+08:00	0x04	-0.0144	-0.0191	-0.2015	0.9792	336.78	358.18	357.94
2026-05-08T14:31:13.6190543+08:00	0x08	-0.0044	-0.0157	0.0535	0.9984	6.14	358.18	359.60
2026-05-08T14:31:13.6190543+08:00	0x02	0.0167	-0.0045	-0.9730	0.2304	206.64	358.02	359.94
2026-05-08T14:31:13.6190543+08:00	0x05	0.0105	0.0094	0.4344	0.9006	51.51	1.49	0.62
2026-05-08T14:31:13.6190543+08:00	0x09	0.0522	-0.0677	-0.6404	0.7633	280.04	350.20	359.60
2026-05-08T14:31:13.6190543+08:00	0x07	-0.0203	0.7402	0.0480	0.6703	1.98	95.58	354.35
2026-05-08T14:31:13.6190543+08:00	0x04	-0.0144	-0.0191	-0.2015	0.9792	336.78	358.18	357.94
2026-05-08T14:31:13.6190543+08:00	0x02	0.0167	-0.0045	-0.9730	0.2304	206.64	358.02	359.94
2026-05-08T14:31:13.6190543+08:00	0x01	-0.0186	-0.0649	-0.2284	0.9712	333.76	353.24	356.23
2026-05-08T14:31:13.6190543+08:00	0x03	0.0101	-0.0467	0.2655	0.9629	30.72	355.15	2.54
2026-05-08T14:31:13.6190543+08:00	0x07	-0.0202	0.7402	0.0479	0.6703	1.98	95.58	354.37
2026-05-08T14:31:13.6190543+08:00	0x04	-0.0144	-0.0191	-0.2015	0.9792	336.78	358.18	357.94
2026-05-08T14:31:13.6190543+08:00	0x02	0.0167	-0.0045	-0.9730	0.2304	206.64	358.02	359.94
2026-05-08T14:31:13.6190543+08:00	0x03	0.0101	-0.0467	0.2655	0.9629	30.72	355.15	2.54
2026-05-08T14:31:13.6190543+08:00	0x07	-0.0197	0.7403	0.0473	0.6704	1.97	95.58	354.46
2026-05-08T14:31:13.6190543+08:00	0x01	-0.0186	-0.0649	-0.2284	0.9712	333.76	353.23	356.23
2026-05-08T14:31:13.6190543+08:00	0x02	0.0167	-0.0045	-0.9730	0.2304	206.64	358.02	359.94
2026-05-08T14:31:13.6190543+08:00	0x08	-0.0043	-0.0157	0.0535	0.9984	6.14	358.18	359.60
2026-05-08T14:31:13.6190543+08:00	0x09	0.0523	-0.0676	-0.6404	0.7633	280.04	350.20	359.61
2026-05-08T14:31:13.6190543+08:00	0x07	-0.0197	0.7402	0.0473	0.6704	1.97	95.57	354.46
2026-05-08T14:31:13.6190543+08:00	0x06	-0.0886	-0.1381	-0.9792	-0.1196	164.50	12.31	345.57
2026-05-08T14:31:13.6190543+08:00	0x02	0.0167	-0.0045	-0.9730	0.2304	206.64	358.02	359.94
2026-05-08T14:31:13.6190543+08:00	0x08	-0.0043	-0.0156	0.0535	0.9984	6.14	358.19	359.60
2026-05-08T14:31:13.6190543+08:00	0x09	0.0522	-0.0676	-0.6404	0.7633	280.04	350.20	359.61
2026-05-08T14:31:13.6190543+08:00	0x06	-0.0887	-0.1384	-0.9791	-0.1195	164.51	12.32	345.54
2026-05-08T14:31:13.6190543+08:00	0x07	-0.0197	0.7403	0.0472	0.6704	1.97	95.58	354.47
2026-05-08T14:31:13.6190543+08:00	0x02	0.0167	-0.0045	-0.9730	0.2304	206.64	358.02	359.94
2026-05-08T14:31:13.6190543+08:00	0x08	-0.0043	-0.0156	0.0535	0.9984	6.14	358.19	359.60
2026-05-08T14:31:13.6190543+08:00	0x03	0.0101	-0.0467	0.2655	0.9629	30.72	355.15	2.54
2026-05-08T14:31:13.6190543+08:00	0x09	0.0522	-0.0677	-0.6404	0.7633	280.04	350.20	359.60
2026-05-08T14:31:13.6190543+08:00	0x07	-0.0196	0.7403	0.0471	0.6703	1.96	95.59	354.49
2026-05-08T14:31:13.6190543+08:00	0x02	0.0167	-0.0045	-0.9730	0.2304	206.64	358.02	359.94
2026-05-08T14:31:13.6190543+08:00	0x03	0.0102	-0.0467	0.2655	0.9629	30.72	355.15	2.54
2026-05-08T14:31:13.6190543+08:00	0x01	-0.0186	-0.0649	-0.2284	0.9712	333.76	353.24	356.23
2026-05-08T14:31:13.6190543+08:00	0x06	-0.0887	-0.1385	-0.9791	-0.1194	164.52	12.33	345.52
2026-05-08T14:31:13.6190543+08:00	0x07	-0.0197	0.7404	0.0472	0.6703	1.96	95.60	354.47
2026-05-08T14:31:13.6190543+08:00	0x02	0.0167	-0.0045	-0.9730	0.2304	206.64	358.02	359.94
2026-05-08T14:31:13.6190543+08:00	0x03	0.0102	-0.0467	0.2655	0.9629	30.72	355.15	2.54
2026-05-08T14:31:13.6190543+08:00	0x06	-0.0886	-0.1384	-0.9791	-0.1194	164.52	12.32	345.53
2026-05-08T14:31:13.6190543+08:00	0x09	0.0523	-0.0677	-0.6404	0.7633	280.04	350.20	359.61
2026-05-08T14:31:13.6190543+08:00	0x01	-0.0186	-0.0649	-0.2284	0.9712	333.76	353.23	356.23
2026-05-08T14:31:13.6190543+08:00	0x07	-0.0202	0.7403	0.0477	0.6703	1.96	95.58	354.39
2026-05-08T14:31:13.6190543+08:00	0x02	0.0167	-0.0045	-0.9730	0.2304	206.64	358.02	359.94
2026-05-08T14:31:13.6190543+08:00	0x03	0.0102	-0.0467	0.2655	0.9629	30.72	355.15	2.54
2026-05-08T14:31:13.6190543+08:00	0x08	-0.0043	-0.0157	0.0535	0.9984	6.14	358.18	359.60
2026-05-08T14:31:13.6190543+08:00	0x06	-0.0884	-0.1382	-0.9792	-0.1195	164.52	12.30	345.55
2026-05-08T14:31:13.6190543+08:00	0x09	0.0522	-0.0677	-0.6404	0.7633	280.04	350.20	359.60
2026-05-08T14:31:13.6190543+08:00	0x04	-0.0144	-0.0192	-0.2015	0.9792	336.78	358.18	357.94
2026-05-08T14:31:13.6190543+08:00	0x02	0.0167	-0.0045	-0.9730	0.2304	206.64	358.02	359.94
2026-05-08T14:31:13.6190543+08:00	0x03	0.0102	-0.0467	0.2655	0.9629	30.72	355.15	2.54
2026-05-08T14:31:13.6190543+08:00	0x06	-0.0883	-0.1382	-0.9792	-0.1195	164.52	12.28	345.55
2026-05-08T14:31:13.6190543+08:00	0x09	0.0522	-0.0676	-0.6404	0.7633	280.04	350.20	359.61
2026-05-08T14:31:13.6190543+08:00	0x04	-0.0144	-0.0191	-0.2015	0.9792	336.78	358.18	357.94
2026-05-08T14:31:13.6190543+08:00	0x02	0.0167	-0.0045	-0.9730	0.2304	206.64	358.02	359.94
2026-05-08T14:31:13.6190543+08:00	0x08	-0.0043	-0.0156	0.0535	0.9984	6.14	358.19	359.60
2026-05-08T14:31:13.6190543+08:00	0x03	0.0102	-0.0467	0.2655	0.9629	30.72	355.15	2.54
2026-05-08T14:31:13.6190543+08:00	0x06	-0.0884	-0.1385	-0.9791	-0.1195	164.51	12.30	345.52
2026-05-08T14:31:13.6190543+08:00	0x09	0.0522	-0.0676	-0.6404	0.7633	280.04	350.20	359.61
2026-05-08T14:31:13.6190543+08:00	0x07	-0.0196	0.7401	0.0471	0.6706	1.97	95.55	354.49
2026-05-08T14:31:13.6190543+08:00	0x04	-0.0144	-0.0191	-0.2015	0.9792	336.78	358.18	357.94
2026-05-08T14:31:13.6190543+08:00	0x02	0.0167	-0.0045	-0.9730	0.2304	206.64	358.02	359.94
2026-05-08T14:31:13.6190543+08:00	0x03	0.0102	-0.0467	0.2655	0.9629	30.72	355.15	2.54
2026-05-08T14:31:13.6190543+08:00	0x06	-0.0886	-0.1388	-0.9791	-0.1191	164.55	12.32	345.48
2026-05-08T14:31:13.6200524+08:00	0x07	-0.0197	0.7401	0.0473	0.6705	1.97	95.55	354.46
2026-05-08T14:31:13.6200568+08:00	0x09	0.0522	-0.0676	-0.6404	0.7633	280.04	350.20	359.61
2026-05-08T14:31:13.6200568+08:00	0x08	-0.0043	-0.0157	0.0535	0.9984	6.14	358.18	359.60
2026-05-08T14:31:13.6200568+08:00	0x02	0.0167	-0.0045	-0.9730	0.2304	206.64	358.02	359.94
2026-05-08T14:31:13.6200568+08:00	0x03	0.0102	-0.0467	0.2655	0.9629	30.72	355.15	2.54
2026-05-08T14:31:13.6200568+08:00	0x07	-0.0196	0.7401	0.0472	0.6706	1.98	95.55	354.49
2026-05-08T14:31:13.6200568+08:00	0x09	0.0522	-0.0676	-0.6404	0.7633	280.04	350.20	359.61
2026-05-08T14:31:13.6200568+08:00	0x02	0.0167	-0.0045	-0.9730	0.2304	206.64	358.02	359.94
2026-05-08T14:31:13.6200568+08:00	0x03	0.0102	-0.0467	0.2655	0.9629	30.72	355.15	2.54
2026-05-08T14:31:13.6200568+08:00	0x06	-0.0886	-0.1386	-0.9792	-0.1192	164.54	12.31	345.51
2026-05-08T14:31:13.6200568+08:00	0x07	-0.0194	0.7401	0.0470	0.6706	1.98	95.55	354.51
2026-05-08T14:31:13.6200568+08:00	0x04	-0.0144	-0.0192	-0.2015	0.9792	336.78	358.18	357.94
2026-05-08T14:31:13.6200568+08:00	0x02	0.0167	-0.0045	-0.9730	0.2304	206.64	358.02	359.94
2026-05-08T14:31:13.6200568+08:00	0x01	-0.0186	-0.0649	-0.2284	0.9712	333.76	353.23	356.22
2026-05-08T14:31:13.6200568+08:00	0x03	0.0102	-0.0467	0.2655	0.9629	30.72	355.15	2.54
2026-05-08T14:31:13.6200568+08:00	0x06	-0.0884	-0.1386	-0.9792	-0.1193	164.54	12.30	345.51
2026-05-08T14:31:13.6200568+08:00	0x09	0.0522	-0.0677	-0.6404	0.7633	280.04	350.20	359.60
2026-05-08T14:31:13.6200568+08:00	0x07	-0.0194	0.7401	0.0471	0.6706	1.98	95.55	354.51
2026-05-08T14:31:13.6200568+08:00	0x02	0.0167	-0.0045	-0.9730	0.2304	206.64	358.02	359.94
2026-05-08T14:31:13.6200568+08:00	0x01	-0.0186	-0.0649	-0.2284	0.9712	333.76	353.24	356.22
2026-05-08T14:31:13.6200568+08:00	0x07	-0.0192	0.7401	0.0469	0.6706	1.98	95.55	354.54
2026-05-08T14:31:13.6200568+08:00	0x06	-0.0884	-0.1384	-0.9792	-0.1193	164.54	12.29	345.53
2026-05-08T14:31:13.6200568+08:00	0x09	0.0522	-0.0676	-0.6404	0.7633	280.04	350.20	359.61
2026-05-08T14:31:13.6200568+08:00	0x04	-0.0144	-0.0192	-0.2015	0.9792	336.78	358.18	357.94
2026-05-08T14:31:13.6200568+08:00	0x02	0.0167	-0.0045	-0.9730	0.2304	206.64	358.02	359.94
2026-05-08T14:31:13.6200568+08:00	0x03	0.0102	-0.0467	0.2655	0.9629	30.72	355.15	2.54
2026-05-08T14:31:13.6200568+08:00	0x06	-0.0885	-0.1387	-0.9791	-0.1193	164.53	12.32	345.49
2026-05-08T14:31:13.6200568+08:00	0x09	0.0522	-0.0676	-0.6404	0.7633	280.04	350.20	359.61
2026-05-08T14:31:13.6200568+08:00	0x04	-0.0144	-0.0192	-0.2015	0.9792	336.78	358.18	357.94
2026-05-08T14:31:13.6200568+08:00	0x08	-0.0043	-0.0157	0.0535	0.9984	6.14	358.18	359.60
2026-05-08T14:31:13.6200568+08:00	0x02	0.0167	-0.0045	-0.9730	0.2304	206.64	358.02	359.94
2026-05-08T14:31:13.6200568+08:00	0x01	-0.0186	-0.0649	-0.2284	0.9712	333.76	353.24	356.22
2026-05-08T14:31:13.6200568+08:00	0x03	0.0102	-0.0467	0.2655	0.9629	30.72	355.15	2.54
2026-05-08T14:31:13.6200568+08:00	0x07	-0.0191	0.7402	0.0467	0.6705	1.98	95.56	354.56
2026-05-08T14:31:13.6200568+08:00	0x09	0.0522	-0.0676	-0.6404	0.7633	280.04	350.20	359.61
2026-05-08T14:31:13.6200568+08:00	0x04	-0.0144	-0.0192	-0.2015	0.9792	336.78	358.18	357.94
2026-05-08T14:31:13.6200568+08:00	0x08	-0.0043	-0.0157	0.0535	0.9984	6.14	358.18	359.60
2026-05-08T14:31:13.6200568+08:00	0x03	0.0102	-0.0467	0.2655	0.9629	30.72	355.15	2.54
2026-05-08T14:31:13.6200568+08:00	0x01	-0.0186	-0.0649	-0.2284	0.9712	333.76	353.24	356.22
2026-05-08T14:31:13.6200568+08:00	0x07	-0.0191	0.7402	0.0467	0.6705	1.97	95.56	354.57
2026-05-08T14:31:13.6200568+08:00	0x06	-0.0887	-0.1385	-0.9791	-0.1194	164.52	12.33	345.52
2026-05-08T14:31:13.6200568+08:00	0x04	-0.0144	-0.0192	-0.2015	0.9792	336.78	358.18	357.94
2026-05-08T14:31:13.6200568+08:00	0x02	0.0167	-0.0045	-0.9730	0.2304	206.64	358.02	359.94
2026-05-08T14:31:13.6200568+08:00	0x01	-0.0186	-0.0649	-0.2284	0.9712	333.76	353.24	356.22
2026-05-08T14:31:13.6200568+08:00	0x06	-0.0886	-0.1385	-0.9791	-0.1195	164.52	12.32	345.52
2026-05-08T14:31:13.6200568+08:00	0x09	0.0523	-0.0676	-0.6404	0.7633	280.04	350.20	359.61
2026-05-08T14:31:13.6200568+08:00	0x02	0.0167	-0.0045	-0.9730	0.2304	206.64	358.02	359.94
2026-05-08T14:31:13.6200568+08:00	0x08	-0.0043	-0.0157	0.0535	0.9984	6.14	358.18	359.60
2026-05-08T14:31:13.6200568+08:00	0x04	-0.0144	-0.0192	-0.2015	0.9792	336.78	358.18	357.94
2026-05-08T14:31:13.6200568+08:00	0x05	0.0104	0.0094	0.4344	0.9006	51.50	1.49	0.61
2026-05-08T14:31:13.6200568+08:00	0x07	-0.0193	0.7402	0.0468	0.6704	1.97	95.57	354.54
2026-05-08T14:31:13.6200568+08:00	0x09	0.0522	-0.0676	-0.6404	0.7633	280.04	350.20	359.61
2026-05-08T14:31:13.6200568+08:00	0x04	-0.0144	-0.0192	-0.2015	0.9792	336.78	358.18	357.94
2026-05-08T14:31:13.6200568+08:00	0x02	0.0167	-0.0045	-0.9730	0.2304	206.64	358.02	359.94
2026-05-08T14:31:13.6200568+08:00	0x01	-0.0186	-0.0649	-0.2284	0.9712	333.76	353.24	356.23
2026-05-08T14:31:13.6200568+08:00	0x07	-0.0193	0.7402	0.0468	0.6705	1.97	95.57	354.54
2026-05-08T14:31:13.6200568+08:00	0x06	-0.0885	-0.1384	-0.9791	-0.1195	164.51	12.31	345.53
2026-05-08T14:31:13.6200568+08:00	0x09	0.0522	-0.0676	-0.6404	0.7633	280.04	350.20	359.61
2026-05-08T14:31:13.6200568+08:00	0x02	0.0167	-0.0045	-0.9730	0.2304	206.64	358.02	359.93
2026-05-08T14:31:13.6200568+08:00	0x01	-0.0186	-0.0649	-0.2284	0.9712	333.76	353.24	356.23
2026-05-08T14:31:13.6200568+08:00	0x03	0.0102	-0.0467	0.2655	0.9629	30.72	355.15	2.54
2026-05-08T14:31:13.6200568+08:00	0x08	-0.0043	-0.0157	0.0535	0.9984	6.14	358.18	359.60
2026-05-08T14:31:13.6200568+08:00	0x07	-0.0196	0.7402	0.0470	0.6705	1.96	95.56	354.50
2026-05-08T14:31:13.6200568+08:00	0x09	0.0522	-0.0676	-0.6404	0.7633	280.04	350.20	359.61
2026-05-08T14:31:13.6210528+08:00	0x04	-0.0144	-0.0191	-0.2015	0.9792	336.78	358.18	357.94
2026-05-08T14:31:13.6210528+08:00	0x02	0.0167	-0.0045	-0.9730	0.2304	206.64	358.02	359.93
2026-05-08T14:31:13.6210528+08:00	0x03	0.0102	-0.0467	0.2655	0.9629	30.72	355.15	2.54
2026-05-08T14:31:13.6210528+08:00	0x07	-0.0197	0.7402	0.0471	0.6705	1.96	95.56	354.48
2026-05-08T14:31:13.6210528+08:00	0x09	0.0522	-0.0676	-0.6404	0.7633	280.04	350.20	359.61
2026-05-08T14:31:13.6210528+08:00	0x04	-0.0144	-0.0191	-0.2015	0.9792	336.78	358.18	357.94
2026-05-08T14:31:13.6210528+08:00	0x08	-0.0043	-0.0156	0.0535	0.9984	6.14	358.19	359.60
2026-05-08T14:31:13.6210528+08:00	0x01	-0.0186	-0.0649	-0.2284	0.9712	333.76	353.24	356.22
2026-05-08T14:31:13.6210528+08:00	0x07	-0.0196	0.7402	0.0471	0.6705	1.96	95.56	354.49
2026-05-08T14:31:13.6210528+08:00	0x06	-0.0887	-0.1386	-0.9791	-0.1196	164.50	12.34	345.51
2026-05-08T14:31:13.6210528+08:00	0x09	0.0522	-0.0676	-0.6404	0.7633	280.04	350.20	359.61
2026-05-08T14:31:13.6210528+08:00	0x04	-0.0144	-0.0191	-0.2015	0.9792	336.78	358.18	357.94
2026-05-08T14:31:13.6210528+08:00	0x02	0.0167	-0.0045	-0.9730	0.2304	206.64	358.02	359.93
2026-05-08T14:31:13.6210528+08:00	0x03	0.0102	-0.0467	0.2655	0.9629	30.72	355.15	2.54
2026-05-08T14:31:13.6210528+08:00	0x05	0.0105	0.0094	0.4344	0.9006	51.51	1.49	0.61
2026-05-08T14:31:13.6210528+08:00	0x07	-0.0193	0.7401	0.0467	0.6706	1.96	95.54	354.55
2026-05-08T14:31:13.6210528+08:00	0x09	0.0522	-0.0676	-0.6404	0.7633	280.04	350.20	359.61
2026-05-08T14:31:13.6210528+08:00	0x01	-0.0186	-0.0649	-0.2284	0.9712	333.76	353.24	356.23
2026-05-08T14:31:13.6210528+08:00	0x03	0.0102	-0.0467	0.2655	0.9629	30.72	355.15	2.54
2026-05-08T14:31:13.6210528+08:00	0x07	-0.0198	0.7414	0.0478	0.6690	1.99	95.78	354.41
2026-05-08T14:31:13.6210528+08:00	0x09	0.0522	-0.0676	-0.6404	0.7633	280.04	350.20	359.61
2026-05-08T14:31:13.6210528+08:00	0x01	-0.0186	-0.0649	-0.2284	0.9712	333.76	353.24	356.23
2026-05-08T14:31:13.6210528+08:00	0x08	-0.0043	-0.0156	0.0535	0.9984	6.14	358.19	359.60
2026-05-08T14:31:13.6210528+08:00	0x03	0.0102	-0.0467	0.2655	0.9629	30.72	355.15	2.54
2026-05-08T14:31:13.6210528+08:00	0x07	-0.0186	0.7411	0.0453	0.6696	1.90	95.71	354.71
2026-05-08T14:31:13.6210528+08:00	0x06	-0.0878	-0.1368	-0.9792	-0.1215	164.32	12.22	345.73
2026-05-08T14:31:13.6210528+08:00	0x04	-0.0144	-0.0192	-0.2015	0.9792	336.78	358.18	357.94
2026-05-08T14:31:13.6210528+08:00	0x09	0.0523	-0.0676	-0.6404	0.7633	280.04	350.20	359.61
2026-05-08T14:31:13.6210528+08:00	0x01	-0.0186	-0.0649	-0.2284	0.9712	333.76	353.24	356.23
2026-05-08T14:31:13.6210528+08:00	0x03	0.0102	-0.0467	0.2655	0.9629	30.72	355.15	2.54
2026-05-08T14:31:13.6210528+08:00	0x07	-0.0171	0.7404	0.0444	0.6705	1.97	95.58	354.91
2026-05-08T14:31:13.6210528+08:00	0x09	0.0522	-0.0676	-0.6404	0.7633	280.04	350.20	359.61
2026-05-08T14:31:13.6210528+08:00	0x01	-0.0186	-0.0649	-0.2284	0.9712	333.76	353.24	356.22
2026-05-08T14:31:13.6210528+08:00	0x03	0.0102	-0.0467	0.2655	0.9629	30.72	355.15	2.54
2026-05-08T14:31:13.6210528+08:00	0x07	-0.0179	0.7397	0.0447	0.6712	1.93	95.47	354.82
2026-05-08T14:31:13.6210528+08:00	0x05	0.0104	0.0094	0.4344	0.9006	51.50	1.49	0.61
2026-05-08T14:31:13.6210528+08:00	0x09	0.0523	-0.0676	-0.6404	0.7633	280.04	350.20	359.61
2026-05-08T14:31:13.6210528+08:00	0x01	-0.0186	-0.0649	-0.2284	0.9712	333.76	353.24	356.22
2026-05-08T14:31:13.6210528+08:00	0x03	0.0101	-0.0467	0.2655	0.9629	30.72	355.15	2.54
2026-05-08T14:31:13.6210528+08:00	0x07	-0.0184	0.7390	0.0446	0.6720	1.88	95.35	354.80
2026-05-08T14:31:13.6210528+08:00	0x09	0.0522	-0.0676	-0.6404	0.7633	280.04	350.20	359.61
2026-05-08T14:31:13.6210528+08:00	0x04	-0.0144	-0.0192	-0.2015	0.9792	336.78	358.18	357.94
2026-05-08T14:31:13.6210528+08:00	0x01	-0.0186	-0.0649	-0.2284	0.9712	333.76	353.24	356.23
2026-05-08T14:31:13.6210528+08:00	0x03	0.0101	-0.0467	0.2655	0.9629	30.72	355.15	2.54
2026-05-08T14:31:13.6210528+08:00	0x08	-0.0043	-0.0156	0.0535	0.9984	6.14	358.19	359.60
2026-05-08T14:31:13.6210528+08:00	0x06	-0.0868	-0.1376	-0.9791	-0.1220	164.25	12.13	345.63
2026-05-08T14:31:13.6210528+08:00	0x07	-0.0171	0.7392	0.0441	0.6718	1.95	95.38	354.94
2026-05-08T14:31:13.6210528+08:00	0x09	0.0523	-0.0676	-0.6404	0.7633	280.04	350.20	359.61
2026-05-08T14:31:13.6210528+08:00	0x01	-0.0186	-0.0649	-0.2284	0.9712	333.76	353.23	356.22
2026-05-08T14:31:13.6210528+08:00	0x08	-0.0043	-0.0156	0.0535	0.9984	6.14	358.19	359.60
2026-05-08T14:31:13.6210528+08:00	0x03	0.0101	-0.0467	0.2655	0.9629	30.72	355.15	2.54
2026-05-08T14:31:13.6210528+08:00	0x06	-0.0869	-0.1373	-0.9793	-0.1211	164.37	12.12	345.65
2026-05-08T14:31:13.6210528+08:00	0x07	-0.0190	0.7379	0.0444	0.6732	1.83	95.16	354.77
2026-05-08T14:31:13.6210528+08:00	0x09	0.0523	-0.0676	-0.6404	0.7633	280.04	350.20	359.61
2026-05-08T14:31:13.6210528+08:00	0x01	-0.0186	-0.0649	-0.2284	0.9712	333.76	353.23	356.22
2026-05-08T14:31:13.6210528+08:00	0x03	0.0101	-0.0467	0.2655	0.9629	30.72	355.15	2.54
2026-05-08T14:31:13.6210528+08:00	0x08	-0.0043	-0.0157	0.0535	0.9984	6.14	358.18	359.60
2026-05-08T14:31:13.6210528+08:00	0x04	-0.0144	-0.0192	-0.2015	0.9792	336.78	358.18	357.94
2026-05-08T14:31:13.6210528+08:00	0x07	-0.0172	0.7363	0.0430	0.6751	1.88	94.89	355.03
2026-05-08T14:31:13.6220505+08:00	0x02	0.0166	-0.0045	-0.9730	0.2304	206.64	358.03	359.93
2026-05-08T14:31:13.6220505+08:00	0x03	0.0102	-0.0467	0.2655	0.9629	30.72	355.15	2.54
2026-05-08T14:31:13.6220505+08:00	0x06	-0.0880	-0.1356	-0.9799	-0.1172	164.84	12.17	345.81
2026-05-08T14:31:13.6220505+08:00	0x05	0.0105	0.0094	0.4344	0.9006	51.51	1.49	0.61
2026-05-08T14:31:13.6220505+08:00	0x09	0.0523	-0.0676	-0.6404	0.7633	280.04	350.20	359.61
2026-05-08T14:31:13.6220505+08:00	0x07	-0.0161	0.7359	0.0418	0.6756	1.89	94.81	355.23
2026-05-08T14:31:13.6220505+08:00	0x01	-0.0186	-0.0649	-0.2284	0.9712	333.76	353.23	356.22
2026-05-08T14:31:13.6220505+08:00	0x03	0.0102	-0.0467	0.2655	0.9629	30.72	355.15	2.54
2026-05-08T14:31:13.6220505+08:00	0x07	-0.0157	0.7353	0.0412	0.6763	1.87	94.71	355.31
2026-05-08T14:31:13.6220505+08:00	0x06	-0.0890	-0.1354	-0.9800	-0.1154	165.04	12.24	345.83
2026-05-08T14:31:13.6220505+08:00	0x02	0.0166	-0.0045	-0.9730	0.2304	206.64	358.03	359.93
2026-05-08T14:31:13.6220505+08:00	0x01	-0.0186	-0.0649	-0.2284	0.9712	333.76	353.23	356.22
2026-05-08T14:31:13.6220505+08:00	0x08	-0.0043	-0.0157	0.0535	0.9984	6.14	358.18	359.60
2026-05-08T14:31:13.6220505+08:00	0x07	-0.0135	0.7355	0.0391	0.6762	1.90	94.74	355.66
2026-05-08T14:31:13.6220505+08:00	0x04	-0.0144	-0.0191	-0.2015	0.9792	336.78	358.18	357.94
2026-05-08T14:31:13.6220505+08:00	0x01	-0.0186	-0.0649	-0.2284	0.9712	333.76	353.23	356.23
2026-05-08T14:31:13.6220505+08:00	0x03	0.0102	-0.0467	0.2655	0.9629	30.72	355.15	2.54
2026-05-08T14:31:13.6220505+08:00	0x06	-0.0856	-0.1380	-0.9794	-0.1202	164.48	11.98	345.54
2026-05-08T14:31:13.6220505+08:00	0x09	0.0523	-0.0676	-0.6404	0.7633	280.04	350.20	359.61
2026-05-08T14:31:13.6220505+08:00	0x02	0.0167	-0.0045	-0.9730	0.2304	206.64	358.02	359.93
2026-05-08T14:31:13.6220505+08:00	0x03	0.0102	-0.0467	0.2655	0.9629	30.72	355.15	2.54
2026-05-08T14:31:13.6220505+08:00	0x06	-0.0859	-0.1380	-0.9792	-0.1213	164.35	12.02	345.56
2026-05-08T14:31:13.6220505+08:00	0x09	0.0523	-0.0676	-0.6404	0.7633	280.04	350.20	359.61
2026-05-08T14:31:13.6220505+08:00	0x02	0.0167	-0.0045	-0.9730	0.2304	206.64	358.02	359.93
2026-05-08T14:31:13.6220505+08:00	0x04	-0.0144	-0.0192	-0.2015	0.9792	336.78	358.18	357.94
2026-05-08T14:31:13.6220505+08:00	0x03	0.0101	-0.0467	0.2655	0.9629	30.72	355.14	2.54
2026-05-08T14:31:13.6220505+08:00	0x08	-0.0043	-0.0157	0.0535	0.9984	6.14	358.18	359.60
2026-05-08T14:31:13.6220505+08:00	0x05	0.0105	0.0094	0.4344	0.9006	51.51	1.49	0.61
2026-05-08T14:31:13.6220505+08:00	0x07	-0.0076	0.7364	0.0355	0.6756	2.12	94.86	356.41
2026-05-08T14:31:13.6220505+08:00	0x04	-0.0144	-0.0192	-0.2015	0.9792	336.78	358.18	357.94
2026-05-08T14:31:13.6220505+08:00	0x02	0.0167	-0.0045	-0.9730	0.2304	206.64	358.02	359.94
2026-05-08T14:31:13.6220505+08:00	0x03	0.0101	-0.0467	0.2655	0.9629	30.72	355.14	2.54
2026-05-08T14:31:13.6220505+08:00	0x06	-0.0859	-0.1378	-0.9792	-0.1218	164.29	12.03	345.58
2026-05-08T14:31:13.6220505+08:00	0x09	0.0523	-0.0676	-0.6404	0.7633	280.04	350.20	359.61
2026-05-08T14:31:13.6220505+08:00	0x07	-0.0065	0.7360	0.0345	0.6760	2.13	94.80	356.59
2026-05-08T14:31:13.6220505+08:00	0x02	0.0167	-0.0045	-0.9730	0.2304	206.64	358.02	359.94
2026-05-08T14:31:13.6220505+08:00	0x03	0.0101	-0.0467	0.2655	0.9629	30.72	355.15	2.54
2026-05-08T14:31:13.6220505+08:00	0x06	-0.0858	-0.1375	-0.9792	-0.1218	164.30	12.00	345.61
2026-05-08T14:31:13.6220505+08:00	0x04	-0.0144	-0.0192	-0.2015	0.9792	336.78	358.18	357.94
2026-05-08T14:31:13.6220505+08:00	0x07	-0.0052	0.7360	0.0332	0.6761	2.14	94.79	356.79
2026-05-08T14:31:13.6220505+08:00	0x01	-0.0186	-0.0649	-0.2284	0.9712	333.76	353.23	356.23
2026-05-08T14:31:13.6220505+08:00	0x03	0.0101	-0.0467	0.2655	0.9629	30.72	355.14	2.54
2026-05-08T14:31:13.6220505+08:00	0x06	-0.0856	-0.1357	-0.9798	-0.1197	164.58	11.92	345.79
2026-05-08T14:31:13.6220505+08:00	0x04	-0.0144	-0.0191	-0.2015	0.9792	336.78	358.18	357.94
2026-05-08T14:31:13.6220505+08:00	0x09	0.0523	-0.0676	-0.6404	0.7633	280.04	350.20	359.61
2026-05-08T14:31:13.6220505+08:00	0x07	-0.0073	0.7335	0.0333	0.6788	1.98	94.38	356.63
2026-05-08T14:31:13.6220505+08:00	0x02	0.0167	-0.0045	-0.9730	0.2304	206.64	358.02	359.94
2026-05-08T14:31:13.6220505+08:00	0x03	0.0101	-0.0467	0.2655	0.9629	30.72	355.15	2.54
2026-05-08T14:31:13.6220505+08:00	0x06	-0.0868	-0.1333	-0.9804	-0.1163	165.00	11.97	346.04
2026-05-08T14:31:13.6220505+08:00	0x01	-0.0186	-0.0649	-0.2284	0.9712	333.76	353.24	356.23
2026-05-08T14:31:13.6220505+08:00	0x09	0.0523	-0.0676	-0.6404	0.7633	280.04	350.20	359.61
2026-05-08T14:31:13.6220505+08:00	0x07	-0.0078	0.7310	0.0329	0.6815	1.93	93.96	356.63
2026-05-08T14:31:13.6220505+08:00	0x01	-0.0186	-0.0649	-0.2284	0.9712	333.76	353.23	356.23
2026-05-08T14:31:13.6220505+08:00	0x03	0.0102	-0.0467	0.2655	0.9629	30.72	355.14	2.54
2026-05-08T14:31:13.6220505+08:00	0x06	-0.0886	-0.1329	-0.9805	-0.1144	165.20	12.14	346.09
2026-05-08T14:31:13.6220505+08:00	0x04	-0.0144	-0.0191	-0.2015	0.9792	336.78	358.18	357.94
2026-05-08T14:31:13.6220505+08:00	0x07	-0.0061	0.7298	0.0316	0.6829	1.97	93.75	356.88
2026-05-08T14:31:13.6220505+08:00	0x01	-0.0186	-0.0649	-0.2284	0.9712	333.76	353.24	356.22
2026-05-08T14:31:13.6220505+08:00	0x08	-0.0043	-0.0156	0.0535	0.9984	6.14	358.19	359.60
2026-05-08T14:31:13.6220505+08:00	0x04	-0.0144	-0.0191	-0.2015	0.9792	336.78	358.18	357.94
2026-05-08T14:31:13.6220505+08:00	0x03	0.0101	-0.0467	0.2655	0.9629	30.72	355.15	2.54
2026-05-08T14:31:13.6220505+08:00	0x07	-0.0004	0.7307	0.0286	0.6821	2.20	93.89	357.57
2026-05-08T14:31:13.6220505+08:00	0x06	-0.0871	-0.1367	-0.9800	-0.1154	165.05	12.05	345.65
2026-05-08T14:31:13.6230475+08:00	0x09	0.0523	-0.0676	-0.6404	0.7633	280.04	350.20	359.61
2026-05-08T14:31:13.6230475+08:00	0x02	0.0167	-0.0045	-0.9730	0.2304	206.64	358.02	359.94
2026-05-08T14:31:13.6230475+08:00	0x03	0.0101	-0.0467	0.2655	0.9629	30.72	355.15	2.54
2026-05-08T14:31:13.6230475+08:00	0x08	-0.0043	-0.0156	0.0535	0.9984	6.14	358.19	359.60
2026-05-08T14:31:13.6230475+08:00	0x06	-0.0861	-0.1366	-0.9802	-0.1145	165.17	11.92	345.64
2026-05-08T14:31:13.6230475+08:00	0x07	0.0127	0.7304	0.0171	0.6827	2.40	93.86	359.56
2026-05-08T14:31:13.6230475+08:00	0x01	-0.0186	-0.0649	-0.2284	0.9712	333.76	353.24	356.23
2026-05-08T14:31:13.6230475+08:00	0x09	0.0523	-0.0676	-0.6404	0.7633	280.04	350.20	359.61
2026-05-08T14:31:13.6230475+08:00	0x08	-0.0043	-0.0156	0.0535	0.9984	6.14	358.19	359.60
2026-05-08T14:31:13.6230475+08:00	0x05	0.0105	0.0093	0.4344	0.9006	51.51	1.49	0.62
2026-05-08T14:31:13.6230475+08:00	0x06	-0.0861	-0.1366	-0.9802	-0.1145	165.17	11.92	345.64
2026-05-08T14:31:13.6230475+08:00	0x09	0.0522	-0.0676	-0.6404	0.7633	280.04	350.21	359.61
2026-05-08T14:31:13.6230475+08:00	0x03	0.0101	-0.0467	0.2655	0.9629	30.72	355.14	2.54
2026-05-08T14:31:13.6230475+08:00	0x01	-0.0186	-0.0649	-0.2284	0.9712	333.76	353.24	356.22
2026-05-08T14:31:13.6230475+08:00	0x06	-0.0858	-0.1370	-0.9803	-0.1134	165.30	11.88	345.58
2026-05-08T14:31:13.6230475+08:00	0x06	-0.0861	-0.1366	-0.9802	-0.1145	165.17	11.92	345.64
2026-05-08T14:31:13.6230475+08:00	0x07	0.0174	0.7302	0.0128	0.6829	2.45	93.84	0.29
2026-05-08T14:31:13.6230475+08:00	0x09	0.0522	-0.0676	-0.6404	0.7633	280.04	350.21	359.61
2026-05-08T14:31:13.6230475+08:00	0x03	0.0101	-0.0467	0.2655	0.9629	30.72	355.15	2.54
2026-05-08T14:31:13.6230475+08:00	0x06	-0.0859	-0.1372	-0.9803	-0.1135	165.28	11.89	345.56
2026-05-08T14:31:13.6230475+08:00	0x08	-0.0043	-0.0157	0.0535	0.9984	6.14	358.18	359.60
2026-05-08T14:31:13.6230475+08:00	0x06	-0.0861	-0.1366	-0.9802	-0.1145	165.17	11.92	345.64
2026-05-08T14:31:13.6230475+08:00	0x09	0.0523	-0.0676	-0.6404	0.7633	280.04	350.20	359.61
2026-05-08T14:31:13.6230475+08:00	0x07	0.0196	0.7301	0.0107	0.6830	2.48	93.83	0.63
2026-05-08T14:31:13.6230475+08:00	0x02	0.0167	-0.0045	-0.9730	0.2304	206.64	358.02	359.94
2026-05-08T14:31:13.6230475+08:00	0x03	0.0101	-0.0467	0.2655	0.9629	30.72	355.15	2.54
2026-05-08T14:31:13.6230475+08:00	0x06	-0.0859	-0.1369	-0.9803	-0.1135	165.28	11.88	345.59
2026-05-08T14:31:13.6230475+08:00	0x08	-0.0043	-0.0157	0.0535	0.9984	6.14	358.18	359.60
2026-05-08T14:31:13.6230475+08:00	0x06	-0.0861	-0.1366	-0.9802	-0.1145	165.17	11.92	345.64
2026-05-08T14:31:13.6230475+08:00	0x09	0.0523	-0.0676	-0.6404	0.7633	280.04	350.20	359.61
2026-05-08T14:31:13.6230475+08:00	0x04	-0.0144	-0.0192	-0.2015	0.9792	336.78	358.18	357.94
2026-05-08T14:31:13.6230475+08:00	0x03	0.0101	-0.0467	0.2655	0.9629	30.72	355.15	2.54
2026-05-08T14:31:13.6230475+08:00	0x01	-0.0186	-0.0649	-0.2284	0.9712	333.76	353.24	356.22
2026-05-08T14:31:13.6230475+08:00	0x08	-0.0043	-0.0156	0.0535	0.9984	6.14	358.19	359.60
2026-05-08T14:31:13.6230475+08:00	0x06	-0.0861	-0.1366	-0.9802	-0.1145	165.17	11.92	345.64
2026-05-08T14:31:13.6230475+08:00	0x07	0.0219	0.7299	0.0083	0.6831	2.49	93.82	1.02
2026-05-08T14:31:13.6230475+08:00	0x05	0.0105	0.0093	0.4344	0.9006	51.51	1.49	0.62
2026-05-08T14:31:13.6230475+08:00	0x03	0.0101	-0.0467	0.2655	0.9629	30.72	355.15	2.54
2026-05-08T14:31:13.6230475+08:00	0x01	-0.0186	-0.0649	-0.2284	0.9712	333.76	353.24	356.22
2026-05-08T14:31:13.6230475+08:00	0x06	-0.0859	-0.1371	-0.9804	-0.1128	165.36	11.88	345.56
2026-05-08T14:31:13.6230475+08:00	0x05	0.0104	0.0093	0.4344	0.9006	51.51	1.48	0.61
2026-05-08T14:31:13.6230475+08:00	0x09	0.0523	-0.0676	-0.6404	0.7633	280.04	350.20	359.61
2026-05-08T14:31:13.6230475+08:00	0x02	0.0167	-0.0045	-0.9730	0.2304	206.64	358.02	359.94
2026-05-08T14:31:13.6230475+08:00	0x04	-0.0144	-0.0192	-0.2015	0.9792	336.78	358.18	357.94
2026-05-08T14:31:13.6230475+08:00	0x01	-0.0186	-0.0649	-0.2284	0.9712	333.76	353.24	356.22
2026-05-08T14:31:13.6230475+08:00	0x08	-0.0043	-0.0156	0.0535	0.9984	6.14	358.19	359.60
2026-05-08T14:31:13.6230475+08:00	0x06	-0.0856	-0.1370	-0.9805	-0.1122	165.43	11.84	345.55
2026-05-08T14:31:13.6230475+08:00	0x07	0.0237	0.7299	0.0067	0.6831	2.51	93.82	1.29
2026-05-08T14:31:13.6230475+08:00	0x02	0.0167	-0.0045	-0.9730	0.2304	206.64	358.02	359.94
2026-05-08T14:31:13.6230475+08:00	0x04	-0.0144	-0.0192	-0.2015	0.9792	336.78	358.18	357.94
2026-05-08T14:31:13.6230475+08:00	0x03	0.0101	-0.0467	0.2655	0.9629	30.72	355.15	2.54
2026-05-08T14:31:13.6230475+08:00	0x09	0.0523	-0.0676	-0.6404	0.7633	280.04	350.20	359.61
2026-05-08T14:31:13.6230475+08:00	0x04	-0.0144	-0.0191	-0.2015	0.9792	336.78	358.18	357.94
2026-05-08T14:31:13.6230475+08:00	0x01	-0.0186	-0.0649	-0.2284	0.9712	333.76	353.24	356.23
2026-05-08T14:31:13.6230475+08:00	0x09	0.0523	-0.0676	-0.6404	0.7633	280.04	350.20	359.61
2026-05-08T14:31:13.6230475+08:00	0x03	0.0101	-0.0467	0.2655	0.9629	30.72	355.15	2.54
2026-05-08T14:31:13.6230475+08:00	0x02	0.0167	-0.0045	-0.9730	0.2304	206.64	358.02	359.93
2026-05-08T14:31:13.6230475+08:00	0x04	-0.0144	-0.0191	-0.2015	0.9792	336.78	358.18	357.94
2026-05-08T14:31:13.6230475+08:00	0x06	-0.0858	-0.1373	-0.9804	-0.1118	165.47	11.86	345.52
2026-05-08T14:31:13.6230475+08:00	0x09	0.0523	-0.0676	-0.6404	0.7633	280.04	350.20	359.61
2026-05-08T14:31:13.6230475+08:00	0x03	0.0101	-0.0467	0.2655	0.9629	30.72	355.15	2.54
2026-05-08T14:31:13.6230475+08:00	0x02	0.0167	-0.0045	-0.9730	0.2304	206.64	358.02	359.94
2026-05-08T14:31:13.6230475+08:00	0x04	-0.0144	-0.0191	-0.2015	0.9792	336.78	358.18	357.94
2026-05-08T14:31:13.6230475+08:00	0x06	-0.0859	-0.1374	-0.9804	-0.1118	165.47	11.87	345.51
2026-05-08T14:31:13.6240447+08:00	0x05	0.0104	0.0093	0.4344	0.9006	51.51	1.48	0.61
2026-05-08T14:31:13.6240447+08:00	0x09	0.0523	-0.0676	-0.6404	0.7633	280.04	350.20	359.61
2026-05-08T14:31:13.6240447+08:00	0x03	0.0101	-0.0467	0.2655	0.9629	30.72	355.15	2.54
2026-05-08T14:31:13.6240447+08:00	0x04	-0.0144	-0.0191	-0.2015	0.9792	336.78	358.18	357.94
2026-05-08T14:31:13.6240447+08:00	0x07	0.0264	0.7297	0.0042	0.6833	2.54	93.80	1.72
2026-05-08T14:31:13.6240447+08:00	0x01	-0.0186	-0.0649	-0.2284	0.9712	333.76	353.24	356.22
2026-05-08T14:31:13.6240447+08:00	0x06	-0.0859	-0.1373	-0.9804	-0.1119	165.47	11.88	345.52
2026-05-08T14:31:13.6240447+08:00	0x03	0.0102	-0.0467	0.2655	0.9629	30.72	355.15	2.54
2026-05-08T14:31:13.7422274+08:00	0x02	0.0167	-0.0045	-0.9730	0.2304	206.64	358.02	359.94
2026-05-08T14:31:13.7779871+08:00	0x04	-0.0144	-0.0191	-0.2015	0.9792	336.78	358.18	357.94
2026-05-08T14:31:13.7981050+08:00	0x07	0.0271	0.7297	0.0035	0.6833	2.54	93.80	1.83
2026-05-08T14:31:13.9394762+08:00	0x08	-0.0043	-0.0157	0.0535	0.9984	6.14	358.18	359.60
2026-05-08T14:31:14.0788922+08:00	0x07	0.0269	0.7297	0.0035	0.6832	2.53	93.82	1.82
2026-05-08T14:31:14.1367904+08:00	0x09	0.0523	-0.0676	-0.6404	0.7633	280.04	350.20	359.61
2026-05-08T14:31:14.2304379+08:00	0x04	-0.0144	-0.0191	-0.2015	0.9792	336.78	358.18	357.94
2026-05-08T14:31:14.4074227+08:00	0x08	-0.0043	-0.0157	0.0535	0.9984	6.14	358.18	359.60
2026-05-08T14:31:14.6205312+08:00	0x07	0.0267	0.7297	0.0038	0.6832	2.53	93.81	1.77
2026-05-08T14:31:14.6974751+08:00	0x03	0.0102	-0.0467	0.2655	0.9629	30.72	355.15	2.54
2026-05-08T14:31:14.8524539+08:00	0x02	0.0167	-0.0045	-0.9730	0.2304	206.64	358.02	359.94
2026-05-08T14:31:14.8694084+08:00	0x04	-0.0144	-0.0191	-0.2015	0.9792	336.78	358.18	357.94
2026-05-08T14:31:14.9499633+08:00	0x01	-0.0186	-0.0649	-0.2284	0.9712	333.76	353.24	356.23
2026-05-08T14:31:15.0384328+08:00	0x08	-0.0043	-0.0156	0.0535	0.9984	6.14	358.19	359.60
2026-05-08T14:31:15.1973524+08:00	0x07	0.0267	0.7296	0.0038	0.6834	2.53	93.78	1.78
2026-05-08T14:31:15.4045433+08:00	0x02	0.0167	-0.0045	-0.9730	0.2304	206.64	358.02	359.94
2026-05-08T14:31:15.4917263+08:00	0x08	-0.0043	-0.0156	0.0535	0.9984	6.14	358.19	359.60
2026-05-08T14:31:15.5308576+08:00	0x06	-0.0861	-0.1370	-0.9805	-0.1115	165.51	11.89	345.55
