timestamp	device	q0	q1	q2	q3	yaw	pitch	roll
2026-04-23T15:46:05.6383892+08:00	0x07	-0.6611	0.1086	0.7379	0.0820	181.34	276.10	344.41
2026-04-23T15:46:05.8142746+08:00	0x08	-0.5900	0.2926	0.6411	0.3941	162.84	284.14	302.85
2026-04-23T15:46:05.8924490+08:00	0x09	0.7317	-0.0189	-0.6804	0.0363	184.42	265.90	1.57
2026-04-23T15:46:05.9307017+08:00	0x03	0.6306	-0.1799	-0.6873	-0.3125	164.69	280.52	320.11
2026-04-23T15:46:06.0169037+08:00	0x06	-0.6501	0.0625	0.7459	0.1309	173.21	278.76	344.72
2026-04-23T15:46:06.0725416+08:00	0x02	-0.5426	-0.6482	0.1566	-0.5108	56.33	131.08	49.23
2026-04-23T15:46:06.1777319+08:00	0x07	-0.3186	-0.6365	0.2916	-0.6390	3.00	91.21	51.12
2026-04-23T15:46:06.3817754+08:00	0x01	-0.6057	-0.1391	0.6137	-0.4871	221.40	290.53	49.53
2026-04-23T15:46:06.4286653+08:00	0x09	0.7176	-0.1346	-0.6497	-0.2117	174.65	265.68	331.40
2026-04-23T15:46:06.5205401+08:00	0x03	0.5692	-0.2647	-0.5133	-0.5853	120.27	307.68	290.29
2026-04-23T15:46:06.5444609+08:00	0x05	-0.8483	-0.2551	0.4550	-0.0908	157.69	231.88	22.72
2026-04-23T15:46:06.7107996+08:00	0x02	-0.2121	-0.5756	0.4764	-0.6299	322.03	64.68	54.65
2026-04-23T15:46:06.7658718+08:00	0x07	-0.3190	-0.6504	0.3123	-0.6146	2.96	94.72	52.98
2026-04-23T15:46:06.9324381+08:00	0x04	-0.4288	0.2442	0.7705	0.4035	143.39	317.88	313.75
2026-04-23T15:46:06.9815537+08:00	0x05	-0.5706	0.4850	0.4342	0.5007	256.63	184.63	277.01
2026-04-23T15:46:07.0455073+08:00	0x06	-0.6156	-0.0221	0.7876	-0.0131	179.62	283.97	2.91
2026-04-23T15:46:07.0843438+08:00	0x03	0.5664	-0.2540	-0.5745	-0.5335	132.87	301.11	296.34
2026-04-23T15:46:07.2551882+08:00	0x07	-0.5377	-0.5084	0.3800	-0.5550	43.20	121.42	79.49
2026-04-23T15:46:07.2786462+08:00	0x02	-0.2203	-0.5720	0.4836	-0.6248	321.01	63.65	55.95
2026-04-23T15:46:07.4760908+08:00	0x01	-0.4889	-0.3042	0.5832	-0.5730	246.88	326.65	66.22
2026-04-23T15:46:07.5237108+08:00	0x08	-0.6980	0.2263	0.6357	0.2396	180.83	264.36	321.52
2026-04-23T15:46:07.6512127+08:00	0x03	0.5598	-0.3048	-0.5731	-0.5150	138.71	299.77	292.18
2026-04-23T15:46:07.7132347+08:00	0x06	-0.7274	0.0327	0.6834	0.0528	178.58	266.52	353.02
2026-04-23T15:46:07.8405700+08:00	0x07	-0.2528	-0.7083	0.2235	-0.6200	5.98	99.73	39.06
2026-04-23T15:46:08.0239250+08:00	0x04	-0.4366	0.3097	0.7382	0.4105	144.52	317.57	305.34
2026-04-23T15:46:08.0526097+08:00	0x09	0.7404	-0.0201	-0.6690	0.0620	186.48	264.41	3.72
2026-04-23T15:46:08.1243446+08:00	0x03	0.5604	-0.3022	-0.5957	-0.4896	144.09	296.98	294.66
2026-04-23T15:46:08.2030840+08:00	0x06	-0.7229	0.0141	0.6889	0.0515	177.09	267.38	354.61
2026-04-23T15:46:08.2567501+08:00	0x02	-0.0114	-0.5579	0.1521	-0.8158	346.13	67.42	10.85
2026-04-23T15:46:08.3832452+08:00	0x07	-0.4473	-0.5448	0.4500	-0.5484	358.19	88.14	78.76
2026-04-23T15:46:08.5832636+08:00	0x09	0.7402	-0.0208	-0.6696	0.0580	186.23	264.45	3.33
2026-04-23T15:46:08.6048994+08:00	0x04	-0.4276	0.3114	0.7345	0.4250	141.17	320.46	304.82
2026-04-23T15:46:08.6740283+08:00	0x06	-0.7221	0.0087	0.6902	0.0464	177.04	267.52	355.47
2026-04-23T15:46:08.7163012+08:00	0x08	-0.7248	0.0880	0.6708	0.1302	177.17	266.02	342.13
2026-04-23T15:46:08.7400637+08:00	0x03	0.5575	-0.2980	-0.6011	-0.4890	143.40	297.93	295.39
2026-04-23T15:46:08.8663553+08:00	0x02	0.2007	-0.5601	-0.1027	-0.7971	356.11	71.08	334.22
2026-04-23T15:46:08.9128362+08:00	0x07	-0.5946	-0.3847	0.5944	-0.3809	179.36	269.57	65.56
2026-04-23T15:46:09.0994302+08:00	0x09	0.7411	-0.0225	-0.6687	0.0560	186.22	264.29	3.04
2026-04-23T15:46:09.1341886+08:00	0x04	-0.4219	0.3131	0.7332	0.4317	139.46	322.12	304.57
2026-04-23T15:46:09.2039799+08:00	0x01	-0.4820	-0.3818	0.5688	-0.5463	246.23	331.73	73.92
2026-04-23T15:46:09.2472968+08:00	0x06	-0.7242	0.0067	0.6883	0.0426	177.19	267.19	355.93
2026-04-23T15:46:09.3147956+08:00	0x03	0.5535	-0.2976	-0.6016	-0.4931	141.91	299.43	295.32
2026-04-23T15:46:09.3541502+08:00	0x02	0.2708	-0.5332	-0.1889	-0.7789	0.41	68.65	321.44
2026-04-23T15:46:09.4245723+08:00	0x07	-0.7055	-0.1065	0.6922	-0.1082	179.98	268.91	17.46
2026-04-23T15:46:09.6464204+08:00	0x09	0.7416	-0.0226	-0.6680	0.0563	186.26	264.19	3.05
2026-04-23T15:46:09.7178492+08:00	0x01	-0.4775	-0.3855	0.5641	-0.5524	250.08	335.43	74.26
2026-04-23T15:46:09.7805588+08:00	0x08	-0.7330	0.0276	0.6758	0.0722	176.69	265.59	351.77
2026-04-23T15:46:09.8383835+08:00	0x06	-0.7249	0.0030	0.6877	0.0381	177.24	267.06	356.60
2026-04-23T15:46:09.8624118+08:00	0x03	0.5555	-0.2974	-0.6031	-0.4892	143.00	298.52	295.56
2026-04-23T15:46:09.9934358+08:00	0x07	-0.7047	-0.1112	0.6916	-0.1129	179.97	268.93	18.23
2026-04-23T15:46:10.2340041+08:00	0x09	0.7387	-0.0174	-0.6711	0.0614	186.23	264.72	3.86
2026-04-23T15:46:10.3555017+08:00	0x06	-0.7193	0.0003	0.6938	0.0353	177.21	268.00	357.06
2026-04-23T15:46:10.3800859+08:00	0x08	-0.7246	-0.0414	0.6876	-0.0189	178.04	266.92	4.84
2026-04-23T15:46:10.4508650+08:00	0x02	0.3039	-0.5146	-0.2312	-0.7677	3.41	66.25	315.21
2026-04-23T15:46:10.5306087+08:00	0x07	-0.7124	0.0130	0.7016	0.0083	180.40	269.11	358.28
2026-04-23T15:46:10.7774381+08:00	0x04	-0.4308	0.3049	0.7430	0.4115	143.74	318.68	306.13
2026-04-23T15:46:10.8895559+08:00	0x08	-0.7111	-0.0975	0.6890	-0.1006	179.99	268.19	16.11
2026-04-23T15:46:11.0125262+08:00	0x07	-0.7019	0.0697	0.7066	0.0567	181.04	270.29	349.74
2026-04-23T15:46:11.1941983+08:00	0x02	0.3447	-0.4796	-0.2988	-0.7496	11.37	59.48	306.54
2026-04-23T15:46:11.2809049+08:00	0x01	-0.4705	-0.3961	0.5287	-0.5850	269.60	352.05	75.77
2026-04-23T15:46:11.3585891+08:00	0x04	-0.4423	0.2900	0.7533	0.3909	147.73	315.05	308.50
2026-04-23T15:46:11.4302734+08:00	0x06	-0.4927	-0.0214	0.8699	-0.0005	178.84	300.92	2.16
2026-04-23T15:46:11.5830915+08:00	0x03	0.5749	-0.2650	-0.6310	-0.4485	150.26	292.14	301.78
2026-04-23T15:46:11.6198831+08:00	0x07	-0.4404	-0.1911	0.7880	-0.3854	214.88	314.59	39.84
2026-04-23T15:46:11.6933853+08:00	0x02	0.3507	-0.4734	-0.3502	-0.7282	19.28	55.44	302.61
2026-04-23T15:46:11.8587527+08:00	0x09	0.7339	-0.0208	-0.6661	0.1312	192.02	265.45	9.49
2026-04-23T15:46:11.8816397+08:00	0x01	-0.4447	-0.3975	0.5252	-0.6069	280.51	3.04	73.21
2026-04-23T15:46:11.9688340+08:00	0x03	0.5831	-0.2757	-0.6332	-0.4279	155.42	288.49	302.00
2026-04-23T15:46:12.0075477+08:00	0x06	-0.4726	-0.0240	0.8808	0.0153	177.15	303.53	1.60
2026-04-23T15:46:12.1253537+08:00	0x02	0.3650	-0.4519	-0.3639	-0.7281	23.11	50.36	300.63
2026-04-23T15:46:12.2201960+08:00	0x07	-0.3617	-0.2999	0.6705	-0.5742	253.79	345.86	54.83
2026-04-23T15:46:12.3339164+08:00	0x09	0.7409	0.0064	-0.6520	0.1614	191.97	264.21	14.33
2026-04-23T15:46:12.4346949+08:00	0x05	-0.5850	0.4602	0.4882	0.4558	210.10	234.58	280.73
2026-04-23T15:46:12.4654097+08:00	0x04	-0.4479	0.2875	0.7631	0.3666	151.92	312.51	309.90
2026-04-23T15:46:12.5236396+08:00	0x03	0.5781	-0.2596	-0.6501	-0.4193	154.51	290.22	304.69
2026-04-23T15:46:12.5786951+08:00	0x06	-0.4717	-0.0278	0.8810	0.0212	176.35	303.61	1.66
2026-04-23T15:46:12.6873533+08:00	0x02	0.3862	-0.4338	-0.3880	-0.7157	28.80	44.63	297.21
2026-04-23T15:46:12.7198701+08:00	0x07	-0.3644	-0.2969	0.6747	-0.5690	252.29	344.58	54.62
2026-04-23T15:46:12.8694620+08:00	0x09	0.7413	-0.0007	-0.6527	0.1560	192.14	264.15	13.32
2026-04-23T15:46:13.0210077+08:00	0x08	-0.7116	-0.0959	0.6890	-0.0981	179.93	268.14	15.77
2026-04-23T15:46:13.0516176+08:00	0x03	0.5854	-0.2513	-0.6506	-0.4135	155.37	288.78	305.80
2026-04-23T15:46:13.0867889+08:00	0x04	-0.4553	0.2829	0.7639	0.3594	153.38	310.84	310.58
2026-04-23T15:46:13.1981428+08:00	0x06	-0.4712	-0.0256	0.8813	0.0242	176.17	303.70	1.28
2026-04-23T15:46:13.2824194+08:00	0x07	-0.3114	-0.3540	0.5721	-0.6711	285.46	12.07	55.39
2026-04-23T15:46:13.4275922+08:00	0x09	0.7414	-0.0116	-0.6549	0.1457	192.26	264.16	11.59
2026-04-23T15:46:13.5866432+08:00	0x01	-0.4511	-0.4064	0.5225	-0.5986	280.28	3.29	74.74
2026-04-23T15:46:13.6251376+08:00	0x03	0.5918	-0.2444	-0.6539	-0.4031	156.81	287.34	307.18
2026-04-23T15:46:13.6629891+08:00	0x06	-0.4423	-0.0202	0.8960	0.0343	175.45	307.44	0.34
2026-04-23T15:46:13.7758442+08:00	0x02	0.3885	-0.4332	-0.3906	-0.7134	29.30	44.27	296.79
2026-04-23T15:46:13.8609401+08:00	0x07	-0.2565	-0.3942	0.4643	-0.7505	311.48	32.38	48.68
2026-04-23T15:46:13.9346944+08:00	0x09	0.7373	0.0146	-0.6546	0.1662	191.73	264.78	15.32
2026-04-23T15:46:14.0446233+08:00	0x01	-0.4529	-0.4153	0.5004	-0.6099	290.81	12.31	75.49
2026-04-23T15:46:14.0885639+08:00	0x08	-0.6397	-0.2605	0.6635	-0.2876	183.96	273.75	45.53
2026-04-23T15:46:14.1483397+08:00	0x04	-0.2484	0.3751	0.8563	0.2536	157.21	338.43	309.80
2026-04-23T15:46:14.1670953+08:00	0x03	0.5366	-0.2455	-0.6703	-0.4500	144.39	301.35	305.71
2026-04-23T15:46:14.2443366+08:00	0x06	-0.4249	-0.0127	0.9039	0.0467	174.53	309.70	359.04
2026-04-23T15:46:14.4234375+08:00	0x07	-0.2076	-0.3789	0.3980	-0.8093	320.80	35.55	39.62
2026-04-23T15:46:14.4702927+08:00	0x09	0.7364	-0.0092	-0.6613	0.1423	191.88	265.04	11.39
2026-04-23T15:46:14.4936717+08:00	0x02	0.3787	-0.4311	-0.3921	-0.7190	30.33	43.41	298.04
2026-04-23T15:46:14.6843184+08:00	0x08	-0.6425	-0.2441	0.6735	-0.2721	184.13	274.32	42.72
2026-04-23T15:46:14.6995956+08:00	0x05	-0.5027	-0.4135	0.5632	-0.5091	228.46	316.45	77.83
2026-04-23T15:46:14.7238142+08:00	0x04	-0.2549	0.3727	0.8544	0.2570	157.11	337.60	309.84
2026-04-23T15:46:14.8105023+08:00	0x01	-0.4663	-0.3816	0.5449	-0.5831	264.15	347.03	73.67
2026-04-23T15:46:14.8736253+08:00	0x02	0.3602	-0.4502	-0.3785	-0.7241	26.24	48.53	300.41
2026-04-23T15:46:15.0700731+08:00	0x09	0.7434	-0.0225	-0.6560	0.1287	191.83	263.82	9.32
2026-04-23T15:46:15.1342391+08:00	0x01	-0.4594	-0.3750	0.5403	-0.5970	268.88	350.70	72.50
2026-04-23T15:46:15.1498607+08:00	0x05	-0.4469	-0.4846	0.4947	-0.5663	311.14	39.19	80.28
2026-04-23T15:46:15.2136258+08:00	0x08	-0.6456	-0.2144	0.6917	-0.2425	184.24	275.39	37.56
2026-04-23T15:46:15.2923290+08:00	0x03	0.5383	-0.2455	-0.6699	-0.4486	144.78	300.91	305.73
2026-04-23T15:46:15.4274389+08:00	0x07	-0.1859	-0.3831	0.3522	-0.8335	326.92	38.53	35.43
2026-04-23T15:46:15.4622036+08:00	0x04	0.5936	0.2181	0.5968	-0.4939	218.41	67.90	302.15
2026-04-23T15:46:15.4922903+08:00	0x02	0.3615	-0.4424	-0.3447	-0.7448	21.14	49.72	302.49
2026-04-23T15:46:15.6032669+08:00	0x09	0.7439	-0.0201	-0.6538	0.1372	192.28	263.73	10.25
2026-04-23T15:46:15.7188155+08:00	0x01	-0.4769	-0.3615	0.5684	-0.5647	251.23	334.74	71.71
2026-04-23T15:46:15.7733034+08:00	0x08	-0.6748	-0.1407	0.7019	-0.1793	183.95	273.17	26.07
2026-04-23T15:46:15.7892101+08:00	0x04	0.6106	0.2216	0.5677	-0.5056	217.86	71.61	299.64
2026-04-23T15:46:15.8518715+08:00	0x06	-0.5078	0.1075	0.8543	0.0289	183.51	298.16	347.70
2026-04-23T15:46:15.8680892+08:00	0x03	0.0862	-0.2552	-0.9273	-0.2600	149.18	358.18	328.79
2026-04-23T15:46:16.0601716+08:00	0x02	0.3242	-0.4638	-0.3175	-0.7609	17.23	54.28	308.02
2026-04-23T15:46:16.1296037+08:00	0x09	0.7344	-0.0330	-0.6619	0.1465	194.24	265.30	9.87
2026-04-23T15:46:16.1769094+08:00	0x01	-0.4853	-0.3397	0.5881	-0.5507	242.89	326.59	69.07
2026-04-23T15:46:16.3770718+08:00	0x08	-0.6949	-0.0783	0.7040	-0.1239	183.93	271.32	16.41
2026-04-23T15:46:16.4291223+08:00	0x03	0.0727	-0.2481	-0.9165	-0.3052	142.85	1.20	330.05
2026-04-23T15:46:16.5390677+08:00	0x02	0.3205	-0.4622	-0.3470	-0.7505	22.07	52.07	306.69
2026-04-23T15:46:16.5628358+08:00	0x07	-0.1986	-0.4379	0.2756	-0.8323	339.67	49.05	34.89
2026-04-23T15:46:16.6965244+08:00	0x01	-0.4768	-0.2994	0.5623	-0.6057	257.59	334.63	66.10
2026-04-23T15:46:16.7387655+08:00	0x09	0.7447	-0.0449	-0.6528	0.1313	193.92	263.44	7.87
2026-04-23T15:46:16.8818695+08:00	0x08	-0.7002	-0.0455	0.7071	-0.0880	183.54	270.90	10.81
2026-04-23T15:46:16.9207515+08:00	0x04	0.6076	0.1714	0.5961	-0.4962	220.49	69.88	306.17
2026-04-23T15:46:16.9453902+08:00	0x03	0.0707	-0.2483	-0.9154	-0.3089	142.28	1.59	330.12
2026-04-23T15:46:17.1177376+08:00	0x02	0.2560	-0.6158	-0.1741	-0.7245	355.55	82.17	324.17
2026-04-23T15:46:17.2044682+08:00	0x09	0.7411	-0.0565	-0.6582	0.1199	194.05	263.95	5.93
2026-04-23T15:46:17.2684184+08:00	0x01	-0.4460	-0.1278	0.4635	-0.7549	286.40	338.83	52.37
2026-04-23T15:46:17.3076681+08:00	0x07	-0.3611	-0.3995	0.0009	-0.8426	21.22	58.02	37.53
2026-04-23T15:46:17.4020920+08:00	0x04	0.6322	0.1566	0.5923	-0.4743	215.99	75.83	308.25
2026-04-23T15:46:17.4793092+08:00	0x03	0.0733	-0.3052	-0.8881	-0.3357	136.84	5.32	323.75
2026-04-23T15:46:17.6393280+08:00	0x08	-0.7145	-0.0223	0.6964	-0.0635	183.27	268.73	6.99
2026-04-23T15:46:17.7965195+08:00	0x01	-0.4474	-0.1331	0.4669	-0.7511	285.70	338.90	52.78
2026-04-23T15:46:17.9543019+08:00	0x08	-0.7165	-0.0203	0.6945	-0.0620	183.30	268.40	6.72
2026-04-23T15:46:17.9947123+08:00	0x04	-0.3760	0.3044	0.8563	-0.1807	215.70	305.21	337.33
2026-04-23T15:46:18.0262902+08:00	0x03	0.5162	-0.0725	-0.5850	-0.6214	108.42	311.63	313.42
2026-04-23T15:46:18.1994750+08:00	0x02	0.2581	-0.6117	-0.1795	-0.7259	356.06	81.54	323.53
2026-04-23T15:46:18.2386941+08:00	0x07	-0.3872	-0.4317	0.0312	-0.8141	22.10	64.25	41.09
2026-04-23T15:46:18.3654282+08:00	0x01	-0.3818	0.0493	0.5586	-0.7347	275.61	324.65	30.39
2026-04-23T15:46:18.4202545+08:00	0x09	0.7465	-0.0396	-0.6499	0.1371	193.90	263.16	8.81
2026-04-23T15:46:18.5230445+08:00	0x08	-0.7177	-0.0145	0.6941	-0.0547	183.17	268.24	5.66
2026-04-23T15:46:18.5809596+08:00	0x04	-0.5082	0.2709	0.8145	-0.0702	204.80	291.24	338.29
2026-04-23T15:46:18.6184954+08:00	0x06	-0.4873	0.1852	0.8388	-0.1567	206.68	297.53	350.92
2026-04-23T15:46:18.7785219+08:00	0x02	0.2006	-0.7437	0.0719	-0.6336	336.81	100.88	351.53
2026-04-23T15:46:18.7855002+08:00	0x07	-0.4206	-0.4432	0.0655	-0.7889	22.91	68.53	46.19
2026-04-23T15:46:18.9316683+08:00	0x09	0.7417	-0.0557	-0.6573	0.1215	194.10	263.85	6.14
2026-04-23T15:46:18.9502257+08:00	0x01	-0.4187	0.0695	0.5892	-0.6875	267.04	317.37	29.60
2026-04-23T15:46:19.0395569+08:00	0x08	-0.7262	-0.0091	0.6855	-0.0516	183.31	266.84	5.01
2026-04-23T15:46:19.0706916+08:00	0x04	-0.5243	0.2753	0.8019	-0.0792	206.44	288.65	339.00
2026-04-23T15:46:19.1665002+08:00	0x03	0.5359	-0.0876	-0.5341	-0.6480	103.61	311.80	307.99
2026-04-23T15:46:19.2457801+08:00	0x06	-0.4969	0.1829	0.8361	-0.1437	205.33	296.44	350.62
2026-04-23T15:46:19.2998576+08:00	0x07	-0.4281	-0.4432	0.0818	-0.7833	22.06	68.92	48.00
2026-04-23T15:46:19.4574886+08:00	0x01	-0.4294	0.0762	0.6162	-0.6558	261.66	314.57	27.99
2026-04-23T15:46:19.6084297+08:00	0x08	-0.7280	-0.0143	0.6830	-0.0571	183.30	266.52	5.89
2026-04-23T15:46:19.6469884+08:00	0x04	-0.5395	0.2815	0.7908	-0.0662	206.13	286.24	338.05
2026-04-23T15:46:19.6987443+08:00	0x09	0.7399	-0.0458	-0.6584	0.1304	193.99	264.27	7.63
2026-04-23T15:46:19.8318490+08:00	0x07	-0.4234	-0.4419	0.1151	-0.7825	17.52	67.10	49.84
2026-04-23T15:46:19.9390100+08:00	0x09	0.7362	-0.0290	-0.6596	0.1487	194.06	265.00	10.41
2026-04-23T15:46:20.0280979+08:00	0x01	-0.4405	0.0648	0.6215	-0.6446	259.41	313.73	29.16
2026-04-23T15:46:20.0847717+08:00	0x08	-0.7222	-0.0326	0.6864	-0.0786	183.53	267.37	9.11
2026-04-23T15:46:20.2096488+08:00	0x04	-0.5861	0.4093	0.6784	-0.1694	229.43	268.65	339.10
2026-04-23T15:46:20.2805169+08:00	0x06	-0.5021	0.1636	0.8405	-0.1214	201.88	296.59	351.19
2026-04-23T15:46:20.3458412+08:00	0x02	0.0740	-0.8354	0.2567	-0.4804	336.64	115.81	20.96
2026-04-23T15:46:20.4794336+08:00	0x09	0.7334	-0.0520	-0.6660	0.1260	194.22	265.31	6.64
2026-04-23T15:46:20.5511151+08:00	0x01	-0.4339	0.0766	0.6317	-0.6378	258.68	313.44	27.18
2026-04-23T15:46:20.5850089+08:00	0x05	-0.4501	-0.4783	0.4972	-0.5669	307.01	34.63	80.40
2026-04-23T15:46:20.6304102+08:00	0x08	-0.7220	-0.0223	0.6887	-0.0624	183.10	267.48	6.94
2026-04-23T15:46:20.7394679+08:00	0x04	-0.5982	0.4085	0.6571	-0.2084	232.77	267.04	343.29
2026-04-23T15:46:20.8132400+08:00	0x03	0.5909	0.0127	-0.6057	-0.5327	123.20	292.45	322.11
2026-04-23T15:46:20.8532992+08:00	0x06	-0.5247	0.2104	0.7894	0.2395	168.83	296.38	324.31
2026-04-23T15:46:20.9554938+08:00	0x02	-0.2449	-0.8267	0.4068	-0.3020	16.16	148.34	55.13
2026-04-23T15:46:21.0497429+08:00	0x09	0.7058	-0.0860	-0.7020	0.0405	190.29	269.37	356.35
2026-04-23T15:46:21.1325958+08:00	0x01	-0.4054	0.1359	0.6694	-0.6075	256.31	311.87	18.10
2026-04-23T15:46:21.2009004+08:00	0x08	-0.7214	0.1408	0.6651	0.1320	181.71	265.01	337.80
2026-04-23T15:46:21.2885340+08:00	0x03	0.5902	0.0099	-0.6034	-0.5361	122.83	292.75	321.62
2026-04-23T15:46:21.3390561+08:00	0x04	-0.6169	0.4364	0.6133	-0.2298	237.96	261.56	345.42
2026-04-23T15:46:21.3843002+08:00	0x06	-0.4465	0.0568	0.8361	0.3137	149.26	309.92	337.97
2026-04-23T15:46:21.4540390+08:00	0x02	-0.3580	-0.7608	0.4528	-0.2966	39.62	162.93	64.33
2026-04-23T15:46:21.5111478+08:00	0x07	-0.4235	-0.4419	0.1141	-0.7825	17.66	67.16	49.79
2026-04-23T15:46:21.5576572+08:00	0x09	0.6913	-0.1277	-0.7109	-0.0202	188.69	270.68	347.91
2026-04-23T15:46:21.5948315+08:00	0x01	-0.4263	0.0991	0.6908	-0.5756	250.14	311.27	20.72
2026-04-23T15:46:21.7236595+08:00	0x08	-0.7176	0.1994	0.6437	0.1761	183.97	262.69	329.38
2026-04-23T15:46:21.8304585+08:00	0x04	-0.5327	0.5749	0.6027	-0.1499	249.66	254.32	327.78
2026-04-23T15:46:21.8913134+08:00	0x03	0.5958	-0.0151	-0.5107	-0.6197	110.63	296.15	311.07
2026-04-23T15:46:21.9314317+08:00	0x06	-0.4267	-0.0331	0.8284	0.3613	139.61	310.92	345.32
2026-04-23T15:46:22.0014548+08:00	0x02	-0.4526	-0.7022	0.4788	-0.2700	70.72	187.80	66.46
2026-04-23T15:46:22.0825499+08:00	0x09	0.6924	-0.1013	-0.7144	0.0052	188.58	271.20	352.09
2026-04-23T15:46:22.2314508+08:00	0x01	-0.4437	0.0808	0.7043	-0.5483	245.44	309.74	21.89
2026-04-23T15:46:22.3895036+08:00	0x04	-0.5424	0.5611	0.6079	-0.1463	247.39	255.18	328.43
2026-04-23T15:46:22.5091574+08:00	0x06	-0.4598	-0.0564	0.8233	0.3280	142.75	305.71	347.96
2026-04-23T15:46:22.5754086+08:00	0x07	-0.3650	-0.5460	0.5982	-0.4592	276.81	25.28	81.27
2026-04-23T15:46:22.7452797+08:00	0x08	-0.7151	0.1989	0.6501	0.1628	184.79	263.29	330.57
2026-04-23T15:46:22.8965764+08:00	0x03	0.5842	0.0116	-0.5198	-0.6232	108.63	297.03	314.27
2026-04-23T15:46:22.9194864+08:00	0x04	-0.5575	0.5490	0.6066	-0.1409	245.47	254.89	329.41
2026-04-23T15:46:23.0382311+08:00	0x06	-0.4705	-0.0600	0.8173	0.3272	142.79	304.24	347.89
2026-04-23T15:46:23.0934597+08:00	0x02	-0.4587	-0.7026	0.5008	-0.2123	79.84	201.55	63.97
2026-04-23T15:46:23.2590232+08:00	0x08	-0.7110	0.2173	0.6442	0.1799	185.25	262.83	327.60
2026-04-23T15:46:23.4417115+08:00	0x01	-0.4639	0.0667	0.6923	-0.5487	244.66	308.08	24.63
2026-04-23T15:46:23.4887288+08:00	0x03	0.5844	0.0118	-0.5103	-0.6309	107.21	297.39	313.51
2026-04-23T15:46:23.6143447+08:00	0x06	-0.4801	-0.0807	0.8128	0.3199	142.63	302.30	349.87
2026-04-23T15:46:23.6387691+08:00	0x02	-0.4563	-0.7172	0.4899	-0.1934	77.46	200.88	61.55
2026-04-23T15:46:23.6787572+08:00	0x07	-0.5741	-0.4406	0.6809	-0.1122	148.95	266.02	46.80
2026-04-23T15:46:23.7801877+08:00	0x01	-0.4811	0.0534	0.6772	-0.5541	244.64	306.78	27.44
2026-04-23T15:46:23.9592792+08:00	0x04	-0.5910	0.5098	0.6076	-0.1471	240.78	255.89	333.54
2026-04-23T15:46:24.0740391+08:00	0x03	0.5770	0.0558	-0.5420	-0.6084	109.29	295.31	320.09
2026-04-23T15:46:24.1378964+08:00	0x06	-0.4796	-0.0882	0.8198	0.3002	144.35	302.00	351.76
2026-04-23T15:46:24.1747710+08:00	0x09	0.6891	-0.0392	-0.7174	0.0945	190.96	272.71	4.24
2026-04-23T15:46:24.2158154+08:00	0x07	-0.6636	-0.3281	0.6704	0.0515	147.09	264.07	21.81
2026-04-23T15:46:24.3410074+08:00	0x02	-0.4545	-0.7263	0.4810	-0.1860	75.53	199.64	60.19
2026-04-23T15:46:24.3740611+08:00	0x08	-0.7139	0.1849	0.6586	0.1497	184.31	264.34	332.78
2026-04-23T15:46:24.5232368+08:00	0x01	-0.4698	0.0471	0.6794	-0.5618	245.71	308.72	27.63
2026-04-23T15:46:24.6125348+08:00	0x03	0.5857	0.0268	-0.5405	-0.6034	111.58	295.15	317.32
2026-04-23T15:46:24.7038458+08:00	0x06	-0.4833	-0.0699	0.8236	0.2887	146.61	302.03	350.57
2026-04-23T15:46:24.7445832+08:00	0x07	-0.7114	-0.2621	0.6417	0.1156	148.05	261.26	9.89
2026-04-23T15:46:24.7578586+08:00	0x02	-0.4529	-0.7266	0.4773	-0.1981	74.02	197.21	60.81
2026-04-23T15:46:24.8386368+08:00	0x08	-0.7136	0.1881	0.6567	0.1554	184.18	264.20	332.03
2026-04-23T15:46:24.8779342+08:00	0x01	-0.4670	0.0635	0.6769	-0.5654	246.86	308.29	26.24
2026-04-23T15:46:25.0515094+08:00	0x04	-0.5901	0.5176	0.5965	-0.1675	243.28	255.18	335.18
2026-04-23T15:46:25.1537640+08:00	0x03	0.5835	0.0592	-0.5614	-0.5838	113.25	293.30	322.06
2026-04-23T15:46:25.2696507+08:00	0x06	-0.3975	-0.0469	0.8442	0.3565	139.24	313.96	348.21
2026-04-23T15:46:25.3035107+08:00	0x02	-0.4190	-0.7506	0.4732	-0.1928	65.77	192.64	60.68
2026-04-23T15:46:25.3819501+08:00	0x08	-0.7199	0.1563	0.6657	0.1187	184.15	264.70	337.73
2026-04-23T15:46:25.4464286+08:00	0x01	-0.4844	0.0463	0.6589	-0.5737	247.14	307.29	29.66
2026-04-23T15:46:25.5731079+08:00	0x04	-0.5949	0.5128	0.5969	-0.1640	242.45	255.10	335.36
2026-04-23T15:46:25.5970432+08:00	0x05	-0.4763	-0.4589	0.4634	-0.5897	316.85	38.58	80.79
2026-04-23T15:46:25.6985722+08:00	0x03	0.5889	0.0537	-0.5604	-0.5798	114.29	292.59	321.48
2026-04-23T15:46:25.8012882+08:00	0x06	-0.4906	-0.0083	0.8401	0.2312	156.05	302.05	347.71
2026-04-23T15:46:25.9037179+08:00	0x08	-0.7210	0.1042	0.6819	0.0656	183.59	266.38	346.31
2026-04-23T15:46:26.0213289+08:00	0x01	-0.5010	0.0672	0.5979	-0.6221	255.03	305.61	32.89
2026-04-23T15:46:26.1410268+08:00	0x04	-0.6555	0.4360	0.5712	-0.2325	238.56	255.88	348.86
2026-04-23T15:46:26.2443391+08:00	0x03	0.5824	0.1070	-0.6311	-0.5010	122.11	289.52	333.35
2026-04-23T15:46:26.3153107+08:00	0x09	0.6987	-0.0223	-0.7041	0.1250	192.08	271.31	8.23
2026-04-23T15:46:26.3879744+08:00	0x07	-0.7331	-0.2022	0.6337	0.1416	151.55	260.98	2.79
2026-04-23T15:46:26.4882693+08:00	0x08	-0.7345	0.0259	0.6776	-0.0269	184.27	265.40	0.25
2026-04-23T15:46:26.5601156+08:00	0x01	-0.4789	0.0599	0.6224	-0.6162	254.20	308.57	31.04
2026-04-23T15:46:26.6663817+08:00	0x04	-0.6312	0.4403	0.6016	-0.2140	237.37	258.98	344.96
2026-04-23T15:46:26.8204965+08:00	0x03	0.5534	0.0940	-0.6422	-0.5220	119.45	294.57	332.80
2026-04-23T15:46:26.8624752+08:00	0x06	-0.4880	-0.0095	0.8405	0.2351	155.54	302.41	347.67
2026-04-23T15:46:26.9091589+08:00	0x09	0.7126	-0.0566	-0.6937	0.0886	191.76	268.74	2.74
2026-04-23T15:46:26.9816939+08:00	0x07	-0.8004	-0.2794	0.4554	-0.2719	164.01	232.85	43.61
2026-04-23T15:46:27.0294327+08:00	0x08	-0.7464	-0.0137	0.6643	-0.0387	181.78	263.41	4.36
2026-04-23T15:46:27.1151420+08:00	0x01	-0.4807	0.0349	0.6369	-0.6017	251.13	309.29	32.27
2026-04-23T15:46:27.2454723+08:00	0x04	-0.6233	0.4242	0.6223	-0.2107	235.12	261.84	344.62
2026-04-23T15:46:27.3539165+08:00	0x03	0.5370	0.1043	-0.6475	-0.5306	117.46	296.47	334.23
2026-04-23T15:46:27.4157236+08:00	0x02	-0.4247	-0.7775	0.4281	-0.1784	61.75	188.59	54.81
2026-04-23T15:46:27.4478528+08:00	0x09	0.7049	-0.0319	-0.7019	0.0972	190.50	270.25	5.30
2026-04-23T15:46:27.4837756+08:00	0x07	-0.7647	-0.3332	0.4608	-0.3031	158.82	232.08	50.41
2026-04-23T15:46:27.5781540+08:00	0x08	-0.7401	-0.0685	0.6643	-0.0793	180.23	263.84	12.03
2026-04-23T15:46:27.6892819+08:00	0x01	-0.4814	0.0277	0.6355	-0.6030	251.13	309.67	33.05
2026-04-23T15:46:27.8047670+08:00	0x04	-0.6090	0.4335	0.6323	-0.2033	235.41	262.91	342.51
2026-04-23T15:46:27.9468023+08:00	0x06	-0.8014	-0.0114	0.5920	-0.0851	184.79	253.27	8.62
2026-04-23T15:46:27.9792402+08:00	0x03	0.5329	0.0909	-0.6426	-0.5430	116.36	297.93	332.49
2026-04-23T15:46:28.0109888+08:00	0x09	0.7054	-0.0426	-0.7028	0.0817	190.09	270.06	3.17
2026-04-23T15:46:28.0572317+08:00	0x08	-0.7432	-0.0710	0.6608	-0.0774	179.81	263.26	12.06
2026-04-23T15:46:28.1661941+08:00	0x07	-0.7464	-0.3784	0.4395	-0.3264	150.96	225.60	55.07
2026-04-23T15:46:28.2880581+08:00	0x05	-0.6152	-0.2733	0.6953	-0.2519	181.11	277.44	43.63
2026-04-23T15:46:28.4939409+08:00	0x03	0.5327	0.0921	-0.6438	-0.5416	116.49	297.88	332.72
2026-04-23T15:46:28.5246828+08:00	0x02	-0.4233	-0.7757	0.4326	-0.1788	61.97	189.00	55.34
2026-04-23T15:46:28.5952184+08:00	0x07	-0.7307	-0.4103	0.4169	-0.3520	143.62	218.38	58.93
2026-04-23T15:46:28.7706753+08:00	0x01	-0.4780	0.0294	0.6444	-0.5962	250.16	309.74	32.15
2026-04-23T15:46:28.7928661+08:00	0x04	-0.6021	0.4358	0.6371	-0.2045	235.65	263.68	342.00
2026-04-23T15:46:29.0305719+08:00	0x06	-0.8155	-0.0217	0.5692	-0.1024	184.74	250.29	11.06
2026-04-23T15:46:29.0873472+08:00	0x02	-0.4287	-0.7708	0.4343	-0.1831	63.03	189.20	55.74
2026-04-23T15:46:29.1117473+08:00	0x09	0.7060	-0.0502	-0.7014	0.0837	190.87	269.89	2.74
2026-04-23T15:46:29.1498686+08:00	0x08	-0.7386	-0.0830	0.6625	-0.0932	180.05	263.80	14.34
2026-04-23T15:46:29.3143369+08:00	0x04	-0.6017	0.4305	0.6385	-0.2122	235.64	264.32	342.88
2026-04-23T15:46:29.5788331+08:00	0x03	0.5223	0.0843	-0.6569	-0.5373	117.23	299.54	333.23
2026-04-23T15:46:29.6384795+08:00	0x09	0.7126	-0.0565	-0.6944	0.0827	191.27	268.74	2.26
2026-04-23T15:46:29.7919654+08:00	0x08	-0.7361	-0.1109	0.6569	-0.1199	179.65	263.43	18.80
2026-04-23T15:46:29.8720208+08:00	0x01	-0.5276	0.0422	0.5245	-0.6669	261.81	305.79	41.25
2026-04-23T15:46:29.9009280+08:00	0x04	-0.6017	0.4306	0.6385	-0.2120	235.64	264.30	342.85
2026-04-23T15:46:30.0905554+08:00	0x03	0.5226	0.0846	-0.6565	-0.5374	117.21	299.49	333.21
2026-04-23T15:46:30.1306618+08:00	0x06	-0.8129	-0.0190	0.5710	-0.1128	185.74	250.76	11.84
2026-04-23T15:46:30.1697808+08:00	0x02	-0.3811	-0.8163	0.1983	-0.3861	36.63	142.45	38.18
2026-04-23T15:46:30.2635840+08:00	0x07	-0.6352	-0.4530	0.4392	-0.4455	136.28	215.37	74.54
2026-04-23T15:46:30.4086321+08:00	0x04	-0.3954	0.2695	0.8617	-0.1690	212.31	305.06	340.69
2026-04-23T15:46:30.4451636+08:00	0x01	-0.5263	0.0419	0.5283	-0.6649	261.45	305.88	40.97
2026-04-23T15:46:30.6335798+08:00	0x03	0.5931	-0.1544	-0.7858	-0.0834	183.18	285.35	340.03
2026-04-23T15:46:30.7276920+08:00	0x06	-0.7627	-0.0643	0.6300	-0.1316	184.05	259.70	16.36
2026-04-23T15:46:30.7987930+08:00	0x07	-0.6136	-0.4697	0.4297	-0.4671	124.96	204.50	77.67
2026-04-23T15:46:30.8220416+08:00	0x08	-0.7362	-0.1101	0.6571	-0.1191	179.66	263.44	18.66
2026-04-23T15:46:30.9863430+08:00	0x04	-0.3815	0.2335	0.8757	-0.1819	211.05	308.54	344.33
2026-04-23T15:46:31.0405033+08:00	0x05	-0.6235	-0.2549	0.7019	-0.2314	180.52	276.96	40.28
2026-04-23T15:46:31.1555484+08:00	0x01	-0.6054	0.1373	0.2663	-0.7374	282.62	293.60	55.05
2026-04-23T15:46:31.2442433+08:00	0x09	0.6670	0.0164	-0.7335	0.1297	189.88	276.42	11.37
2026-04-23T15:46:31.2940410+08:00	0x02	-0.5613	-0.7136	0.2135	-0.3608	66.69	157.00	45.21
2026-04-23T15:46:31.3349595+08:00	0x07	-0.6015	-0.4796	0.4290	-0.4735	118.23	198.64	78.83
2026-04-23T15:46:31.4789157+08:00	0x05	-0.5643	-0.6234	0.3098	-0.4438	68.23	153.81	62.52
2026-04-23T15:46:31.7057286+08:00	0x03	0.6085	-0.1428	-0.7806	-0.0004	190.23	282.96	347.09
2026-04-23T15:46:31.8005431+08:00	0x06	-0.7713	-0.0317	0.6280	-0.0986	184.38	258.73	11.07
2026-04-23T15:46:31.8672359+08:00	0x07	-0.5970	-0.4863	0.4243	-0.4765	112.47	193.08	79.00
2026-04-23T15:46:31.9041343+08:00	0x08	-0.6321	-0.2836	0.6574	-0.2964	182.70	273.46	48.38
2026-04-23T15:46:32.0091358+08:00	0x01	-0.6323	0.1835	0.2652	-0.7044	275.63	282.62	52.51
2026-04-23T15:46:32.0946054+08:00	0x04	-0.3908	0.2182	0.8661	-0.2224	214.59	307.75	348.23
2026-04-23T15:46:32.2438458+08:00	0x03	0.5973	-0.0963	-0.7937	0.0641	192.55	285.60	355.63
2026-04-23T15:46:32.3138911+08:00	0x09	0.6669	0.0396	-0.7283	0.1526	190.11	276.39	15.15
2026-04-23T15:46:32.4086363+08:00	0x07	-0.6069	-0.5040	0.4026	-0.4643	104.34	184.83	75.78
2026-04-23T15:46:32.4425823+08:00	0x08	-0.6324	-0.2827	0.6578	-0.2956	182.69	273.46	48.23
2026-04-23T15:46:46.5944097+08:00	0x01	-0.6547	0.1694	0.2829	-0.6801	268.36	278.08	52.63
2026-04-23T15:46:46.5944097+08:00	0x04	-0.4151	0.2131	0.8517	-0.2385	216.25	304.92	350.50
2026-04-23T15:46:46.5944097+08:00	0x03	0.5979	-0.0713	-0.7939	0.0842	192.65	285.95	359.28
2026-04-23T15:46:46.5944097+08:00	0x09	0.6832	0.0060	-0.7093	0.1737	194.22	273.93	14.23
2026-04-23T15:46:46.5944097+08:00	0x06	-0.5223	-0.0266	0.8499	0.0648	172.07	296.94	358.72
2026-04-23T15:46:46.5944097+08:00	0x07	-0.5929	-0.6110	0.3314	-0.4067	80.35	166.97	62.52
2026-04-23T15:46:46.5944097+08:00	0x01	-0.6728	0.1283	0.2996	-0.6642	261.54	276.14	54.77
2026-04-23T15:46:46.5944097+08:00	0x04	-0.4677	0.1743	0.8441	-0.1961	209.81	300.32	353.64
2026-04-23T15:46:46.5944097+08:00	0x03	0.6202	-0.0320	-0.7760	0.1106	192.24	283.27	5.02
2026-04-23T15:46:46.5944097+08:00	0x09	0.7575	-0.0085	-0.6353	0.1501	192.03	261.30	12.51
2026-04-23T15:46:46.5944097+08:00	0x07	-0.5935	-0.6079	0.3336	-0.4086	80.77	167.20	62.94
2026-04-23T15:46:46.5944097+08:00	0x01	-0.6285	0.1253	0.3715	-0.6717	264.24	285.69	48.70
2026-04-23T15:46:46.5944097+08:00	0x05	-0.3834	-0.7601	0.1704	-0.4962	32.55	125.79	39.76
2026-04-23T15:46:46.5944097+08:00	0x04	-0.4483	0.1503	0.8711	-0.1324	201.67	303.96	351.77
2026-04-23T15:46:46.5944097+08:00	0x03	0.6360	-0.0470	-0.7570	-0.1424	170.74	281.11	345.39
2026-04-23T15:46:46.5944097+08:00	0x09	0.8644	0.0625	-0.4980	-0.0291	172.13	239.85	0.68
2026-04-23T15:46:46.5944097+08:00	0x07	-0.4786	-0.5914	0.3617	-0.5388	32.18	118.45	70.67
2026-04-23T15:46:46.5944097+08:00	0x05	0.2792	-0.7543	-0.1824	-0.5655	344.54	111.37	323.78
2026-04-23T15:46:46.5944097+08:00	0x01	-0.5989	0.2834	0.4709	-0.5825	259.73	277.77	25.51
2026-04-23T15:46:46.5944097+08:00	0x03	0.5763	-0.0434	-0.7668	-0.2795	155.74	291.13	337.13
2026-04-23T15:46:46.5944097+08:00	0x09	0.8620	0.0604	-0.5027	-0.0237	172.65	240.42	1.14
2026-04-23T15:46:46.5944097+08:00	0x01	-0.5821	0.2127	0.5074	-0.5987	257.30	285.33	28.76
2026-04-23T15:46:46.5944097+08:00	0x03	0.3547	-0.0105	-0.9055	-0.2326	155.10	319.57	349.39
2026-04-23T15:46:46.5944097+08:00	0x09	0.9126	0.1318	-0.3828	-0.0569	163.50	225.54	359.83
2026-04-23T15:46:46.5944097+08:00	0x07	-0.4753	-0.5923	0.3604	-0.5417	30.89	117.15	70.36
2026-04-23T15:46:46.5944097+08:00	0x06	-0.5310	-0.0268	0.8448	0.0599	172.55	295.76	358.95
2026-04-23T15:46:46.5944097+08:00	0x02	-0.6584	-0.6116	0.4245	-0.1108	107.72	214.54	41.70
2026-04-23T15:46:46.5944097+08:00	0x01	-0.5391	0.1044	0.5534	-0.6263	256.48	298.61	34.03
2026-04-23T15:46:46.5944097+08:00	0x03	0.3375	-0.0326	-0.9171	-0.2095	158.30	321.82	348.39
2026-04-23T15:46:46.5944097+08:00	0x02	-0.6000	-0.6602	0.4266	-0.1491	97.19	208.04	47.92
2026-04-23T15:46:46.5944097+08:00	0x08	-0.6097	-0.3211	0.6371	-0.3453	184.97	275.16	56.13
2026-04-23T15:46:46.5944097+08:00	0x01	-0.5364	0.1102	0.5515	-0.6293	257.26	298.72	33.61
2026-04-23T15:46:46.5944097+08:00	0x03	0.3375	-0.0324	-0.9122	-0.2299	155.98	322.03	347.62
2026-04-23T15:46:46.5944097+08:00	0x09	0.9363	0.0453	-0.3134	-0.1519	169.27	218.42	345.17
2026-04-23T15:46:46.5944097+08:00	0x07	-0.1220	-0.8866	0.1255	-0.4281	6.62	129.56	19.08
2026-04-23T15:46:46.5944097+08:00	0x04	-0.4489	0.1510	0.8704	-0.1343	201.92	303.84	351.82
2026-04-23T15:46:46.5944097+08:00	0x03	0.3376	-0.0445	-0.9088	-0.2411	155.11	322.36	345.90
2026-04-23T15:46:46.5944097+08:00	0x09	0.9372	0.0377	-0.3080	-0.1594	169.89	217.81	344.01
2026-04-23T15:46:46.5954070+08:00	0x02	-0.5226	-0.7188	0.4135	-0.1979	79.23	194.29	53.26
2026-04-23T15:46:46.5954070+08:00	0x07	0.1318	-0.8913	0.0173	-0.4335	345.47	128.73	355.21
2026-04-23T15:46:46.5954070+08:00	0x04	-0.1614	0.0186	0.9759	-0.1454	196.85	341.32	0.61
2026-04-23T15:46:46.5954070+08:00	0x01	-0.5376	0.1047	0.5399	-0.6392	258.66	299.25	35.05
2026-04-23T15:46:46.5954070+08:00	0x03	0.3354	-0.0448	-0.9070	-0.2509	153.97	322.77	345.55
2026-04-23T15:46:46.5954070+08:00	0x09	0.9372	0.0359	-0.3075	-0.1603	170.05	217.75	343.84
2026-04-23T15:46:46.5954070+08:00	0x07	0.2051	-0.8777	-0.0152	-0.4328	339.25	129.66	348.22
2026-04-23T15:46:46.5954070+08:00	0x04	-0.1619	0.0091	0.9741	-0.1574	198.04	341.43	1.91
2026-04-23T15:46:46.5954070+08:00	0x03	0.3370	-0.0431	-0.9030	-0.2632	152.52	322.70	345.21
2026-04-23T15:46:46.5954070+08:00	0x09	0.9373	0.0350	-0.3075	-0.1605	170.15	217.74	343.78
2026-04-23T15:46:46.5954070+08:00	0x06	-0.2513	-0.1047	0.9622	0.0058	176.27	330.35	11.45
2026-04-23T15:46:46.5954070+08:00	0x07	0.2557	-0.8651	-0.0379	-0.4299	334.69	130.90	343.42
2026-04-23T15:46:46.5954070+08:00	0x04	-0.1634	0.0026	0.9745	-0.1536	197.49	341.36	2.58
2026-04-23T15:46:46.5954070+08:00	0x09	0.9371	0.0339	-0.3078	-0.1609	170.24	217.76	343.70
2026-04-23T15:46:46.5954070+08:00	0x07	0.2981	-0.8519	-0.0572	-0.4267	330.63	132.24	339.40
2026-04-23T15:46:46.5954070+08:00	0x08	-0.3367	-0.1410	0.9043	0.2212	150.14	317.54	6.09
2026-04-23T15:46:46.5954070+08:00	0x06	-0.2361	-0.1131	0.9639	-0.0496	182.50	332.78	13.98
2026-04-23T15:46:46.5954070+08:00	0x03	0.3340	-0.0454	-0.9080	-0.2487	154.22	322.92	345.61
2026-04-23T15:46:46.5954070+08:00	0x04	-0.1646	0.0017	0.9754	-0.1464	196.64	341.22	2.57
2026-04-23T15:46:46.5954070+08:00	0x09	0.9371	0.0334	-0.3078	-0.1613	170.28	217.77	343.64
2026-04-23T15:46:46.5954070+08:00	0x06	-0.2342	-0.1147	0.9639	-0.0533	182.90	333.05	14.25
2026-04-23T15:46:46.5954070+08:00	0x07	0.3265	-0.8414	-0.0703	-0.4249	327.78	133.24	336.69
2026-04-23T15:46:46.5954070+08:00	0x04	-0.1651	0.0049	0.9743	-0.1534	197.50	341.12	2.36
2026-04-23T15:46:46.5954070+08:00	0x05	-0.4012	-0.5758	0.3865	-0.5985	359.92	87.73	67.71
2026-04-23T15:46:46.5954070+08:00	0x01	-0.5338	0.0926	0.5401	-0.6441	259.09	300.69	35.98
2026-04-23T15:46:46.5954070+08:00	0x06	-0.2330	-0.1165	0.9638	-0.0565	183.23	333.23	14.53
2026-04-23T15:46:46.5954070+08:00	0x09	0.9371	0.0336	-0.3075	-0.1618	170.25	217.74	343.59
2026-04-23T15:46:46.5954070+08:00	0x07	0.3437	-0.8346	-0.0782	-0.4233	325.97	133.95	335.07
2026-04-23T15:46:46.5954070+08:00	0x04	-0.1645	0.0047	0.9741	-0.1553	197.72	341.21	2.40
2026-04-23T15:46:46.5954070+08:00	0x03	0.3299	-0.0505	-0.9089	-0.2499	154.18	323.53	345.12
2026-04-23T15:46:46.5954070+08:00	0x02	-0.4315	-0.7750	0.3968	-0.2359	57.01	177.67	54.95
2026-04-23T15:46:46.5954070+08:00	0x09	0.9371	0.0334	-0.3073	-0.1620	170.26	217.72	343.55
2026-04-23T15:46:46.5954070+08:00	0x06	-0.2327	-0.1166	0.9638	-0.0580	183.41	333.28	14.58
2026-04-23T15:46:46.5954070+08:00	0x07	0.3669	-0.8249	-0.0887	-0.4208	323.42	135.04	332.93
2026-04-23T15:46:46.5954070+08:00	0x01	-0.5315	0.0896	0.5376	-0.6484	259.76	301.34	36.37
2026-04-23T15:46:46.5954070+08:00	0x03	0.3302	-0.0483	-0.9096	-0.2475	154.39	323.43	345.45
2026-04-23T15:46:46.5954070+08:00	0x09	0.9372	0.0338	-0.3070	-0.1621	170.22	217.69	343.55
2026-04-23T15:46:46.5954070+08:00	0x08	-0.3491	-0.0206	0.7742	0.5276	118.03	323.34	340.34
2026-04-23T15:46:46.5954070+08:00	0x04	-0.1659	0.0052	0.9733	-0.1586	198.11	341.04	2.44
2026-04-23T15:46:46.5954070+08:00	0x01	-0.5286	0.0880	0.5427	-0.6468	259.46	301.76	36.04
2026-04-23T15:46:46.5954070+08:00	0x03	0.3305	-0.0491	-0.9089	-0.2495	154.19	323.42	345.27
2026-04-23T15:46:46.5954070+08:00	0x02	-0.4305	-0.7788	0.3915	-0.2341	56.48	177.30	54.23
2026-04-23T15:46:46.5954070+08:00	0x06	-0.2326	-0.1164	0.9638	-0.0588	183.51	333.32	14.58
2026-04-23T15:46:46.5964038+08:00	0x07	0.3784	-0.8199	-0.0937	-0.4193	322.10	135.65	331.90
2026-04-23T15:46:46.5964038+08:00	0x03	0.3321	-0.0482	-0.9080	-0.2508	154.03	323.24	345.28
2026-04-23T15:46:46.5964038+08:00	0x04	-0.1672	0.0027	0.9731	-0.1585	198.05	340.94	2.73
2026-04-23T15:46:46.5964038+08:00	0x02	-0.4251	-0.7810	0.3923	-0.2354	55.39	176.64	54.38
2026-04-23T15:46:46.5964038+08:00	0x09	0.9372	0.0337	-0.3067	-0.1626	170.22	217.67	343.50
2026-04-23T15:46:46.5964038+08:00	0x08	-0.3506	0.0008	0.7376	0.5771	111.44	325.60	336.06
2026-04-23T15:46:46.5964038+08:00	0x04	-0.1678	0.0027	0.9739	-0.1531	197.42	340.85	2.65
2026-04-23T15:46:46.5964038+08:00	0x05	-0.4602	-0.5400	0.4328	-0.5561	4.45	91.94	78.32
2026-04-23T15:46:46.5964038+08:00	0x02	-0.4107	-0.7845	0.3980	-0.2398	52.68	175.04	55.22
2026-04-23T15:46:46.5964038+08:00	0x09	0.9372	0.0329	-0.3068	-0.1627	170.30	217.66	343.46
2026-04-23T15:46:46.5964038+08:00	0x07	0.3841	-0.8173	-0.0963	-0.4185	321.44	135.96	331.39
2026-04-23T15:46:46.5964038+08:00	0x01	-0.5231	0.0768	0.5417	-0.6535	260.34	303.46	36.91
2026-04-23T15:46:46.5964038+08:00	0x09	0.9373	0.0328	-0.3064	-0.1629	170.31	217.62	343.42
2026-04-23T15:46:46.5964038+08:00	0x02	-0.4052	-0.7876	0.3966	-0.2415	51.36	174.08	55.12
2026-04-23T15:46:46.5964038+08:00	0x07	0.3856	-0.8168	-0.0968	-0.4182	321.25	136.07	331.28
2026-04-23T15:46:46.5964038+08:00	0x04	-0.1675	0.0010	0.9744	-0.1498	197.01	340.91	2.76
2026-04-23T15:46:46.5964038+08:00	0x03	0.3314	-0.0501	-0.9122	-0.2359	155.81	323.16	345.65
2026-04-23T15:46:46.5964038+08:00	0x02	-0.4007	-0.7894	0.3968	-0.2426	50.41	173.47	55.17
2026-04-23T15:46:46.5964038+08:00	0x07	0.3865	-0.8163	-0.0972	-0.4180	321.14	136.12	331.20
2026-04-23T15:46:46.5964038+08:00	0x06	-0.2323	-0.1161	0.9638	-0.0596	183.61	333.36	14.56
2026-04-23T15:46:46.5964038+08:00	0x04	-0.1670	-0.0013	0.9744	-0.1507	197.08	341.01	3.04
2026-04-23T15:46:46.5964038+08:00	0x01	-0.5273	0.0768	0.5368	-0.6541	260.41	302.96	37.39
2026-04-23T15:46:46.5964038+08:00	0x05	-0.4645	-0.5269	0.4459	-0.5548	358.18	85.51	80.16
2026-04-23T15:46:46.5964038+08:00	0x02	-0.3956	-0.7915	0.3966	-0.2445	49.25	172.62	55.21
2026-04-23T15:46:46.5964038+08:00	0x07	0.3870	-0.8162	-0.0973	-0.4178	321.07	136.16	331.17
2026-04-23T15:46:46.5964038+08:00	0x04	-0.1680	-0.0030	0.9740	-0.1517	197.16	340.92	3.25
2026-04-23T15:46:46.5964038+08:00	0x03	0.3314	-0.0474	-0.9122	-0.2363	155.67	323.12	345.93
2026-04-23T15:46:46.5964038+08:00	0x01	-0.5273	0.0752	0.5356	-0.6553	260.57	303.10	37.63
2026-04-23T15:46:46.5964038+08:00	0x09	0.9374	0.0326	-0.3059	-0.1632	170.33	217.56	343.38
2026-04-23T15:46:46.5964038+08:00	0x04	-0.1689	-0.0023	0.9738	-0.1520	197.20	340.81	3.20
2026-04-23T15:46:46.5964038+08:00	0x01	-0.5256	0.0751	0.5384	-0.6544	260.42	303.29	37.37
2026-04-23T15:46:46.5964038+08:00	0x02	-0.3979	-0.7919	0.3948	-0.2422	49.76	173.07	54.89
2026-04-23T15:46:46.5964038+08:00	0x09	0.9375	0.0324	-0.3056	-0.1633	170.35	217.53	343.36
2026-04-23T15:46:46.5964038+08:00	0x07	0.3874	-0.8162	-0.0971	-0.4174	321.00	136.22	331.18
2026-04-23T15:46:46.5964038+08:00	0x03	0.3317	-0.0508	-0.9110	-0.2396	155.40	323.18	345.43
2026-04-23T15:46:46.5964038+08:00	0x02	-0.3986	-0.7924	0.3934	-0.2418	49.83	173.09	54.71
2026-04-23T15:46:46.5964038+08:00	0x09	0.9375	0.0324	-0.3055	-0.1634	170.36	217.51	343.34
2026-04-23T15:46:46.5964038+08:00	0x04	-0.1690	-0.0020	0.9737	-0.1526	197.28	340.80	3.17
2026-04-23T15:46:46.5964038+08:00	0x01	-0.5251	0.0750	0.5398	-0.6536	260.29	303.33	37.26
2026-04-23T15:46:46.5964038+08:00	0x02	-0.3941	-0.7931	0.3950	-0.2441	48.89	172.41	54.99
2026-04-23T15:46:46.5964038+08:00	0x06	-0.2324	-0.1156	0.9638	-0.0611	183.79	333.37	14.55
2026-04-23T15:46:46.5974008+08:00	0x08	-0.3507	0.0046	0.7310	0.5853	110.26	326.06	335.34
2026-04-23T15:46:46.5974008+08:00	0x04	-0.1697	0.0021	0.9740	-0.1503	197.09	340.64	2.69
2026-04-23T15:46:46.5974008+08:00	0x01	-0.5264	0.0753	0.5370	-0.6549	260.50	303.20	37.49
2026-04-23T15:46:46.5974008+08:00	0x02	-0.3895	-0.7942	0.3957	-0.2467	47.85	171.59	55.16
2026-04-23T15:46:46.5974008+08:00	0x08	-0.3510	0.0074	0.7261	0.5913	109.41	326.39	334.80
2026-04-23T15:46:46.7187346+08:00	0x04	-0.1690	0.0033	0.9742	-0.1497	197.04	340.70	2.53
2026-04-23T15:46:46.7187346+08:00	0x07	0.3869	-0.8165	-0.0965	-0.4175	321.06	136.18	331.27
2026-04-23T15:46:46.8067653+08:00	0x03	0.3309	-0.0516	-0.9112	-0.2399	155.38	323.30	345.36
2026-04-23T15:46:46.9937422+08:00	0x02	-0.3844	-0.7956	0.3966	-0.2491	46.71	170.74	55.34
2026-04-23T15:46:47.0354081+08:00	0x06	-0.2325	-0.1154	0.9638	-0.0609	183.77	333.35	14.53
2026-04-23T15:46:47.2331246+08:00	0x07	0.3863	-0.8168	-0.0964	-0.4175	321.12	136.16	331.31
2026-04-23T15:46:47.3408523+08:00	0x03	0.3313	-0.0503	-0.9110	-0.2403	155.30	323.22	345.47
2026-04-23T15:46:47.3833101+08:00	0x01	-0.5278	0.0724	0.5316	-0.6584	261.04	303.36	38.17
2026-04-23T15:51:26.3018548+08:00	0x02	-0.3841	-0.7956	0.3972	-0.2485	46.72	170.84	55.38
2026-04-23T15:51:26.3018548+08:00	0x09	0.9376	0.0323	-0.3052	-0.1635	170.35	217.48	343.33
2026-04-23T15:51:26.3018548+08:00	0x06	-0.2327	-0.1151	0.9638	-0.0606	183.74	333.32	14.48
2026-04-23T15:51:26.3018548+08:00	0x07	0.3861	-0.8170	-0.0961	-0.4174	321.14	136.17	331.36
2026-04-23T15:51:26.3018548+08:00	0x03	0.3306	-0.0517	-0.9113	-0.2400	155.37	323.33	345.35
2026-04-23T15:51:26.3018548+08:00	0x02	-0.3899	-0.7941	0.3958	-0.2462	47.97	171.71	55.15
2026-04-23T15:51:26.3018548+08:00	0x06	-0.2328	-0.1149	0.9638	-0.0605	183.73	333.31	14.46
2026-04-23T15:51:26.3018548+08:00	0x04	-0.1694	0.0025	0.9739	-0.1509	197.17	340.66	2.65
2026-04-23T15:51:26.3018548+08:00	0x09	0.9376	0.0326	-0.3052	-0.1636	170.33	217.48	343.33
2026-04-23T15:51:26.3018548+08:00	0x01	-0.5254	0.0739	0.5370	-0.6558	260.64	303.46	37.58
2026-04-23T15:51:26.3018548+08:00	0x02	-0.3914	-0.7940	0.3950	-0.2456	48.26	171.89	55.04
2026-04-23T15:51:26.3018548+08:00	0x03	0.3316	-0.0523	-0.9108	-0.2405	155.35	323.23	345.24
2026-04-23T15:51:26.3018548+08:00	0x06	-0.2330	-0.1147	0.9638	-0.0605	183.73	333.29	14.44
2026-04-23T15:51:26.3018548+08:00	0x04	-0.1700	0.0048	0.9742	-0.1485	196.93	340.55	2.36
2026-04-23T15:51:26.3018548+08:00	0x07	0.3855	-0.8174	-0.0956	-0.4174	321.21	136.14	331.44
2026-04-23T15:51:26.3018548+08:00	0x03	0.3321	-0.0526	-0.9105	-0.2406	155.35	323.17	345.19
2026-04-23T15:51:26.3018548+08:00	0x01	-0.5269	0.0742	0.5360	-0.6554	260.56	303.23	37.67
2026-04-23T15:51:26.3018548+08:00	0x02	-0.3910	-0.7945	0.3944	-0.2457	48.13	171.79	54.97
2026-04-23T15:51:26.3018548+08:00	0x08	-0.3508	0.0075	0.7260	0.5914	109.38	326.42	334.80
2026-04-23T15:51:26.3018548+08:00	0x09	0.9376	0.0326	-0.3050	-0.1636	170.33	217.46	343.33
2026-04-23T15:51:26.3018548+08:00	0x07	0.3851	-0.8176	-0.0954	-0.4174	321.24	136.13	331.48
2026-04-23T15:51:26.3018548+08:00	0x01	-0.5285	0.0742	0.5337	-0.6561	260.66	303.05	37.89
2026-04-23T15:51:26.3018548+08:00	0x03	0.3327	-0.0511	-0.9109	-0.2385	155.55	323.05	345.42
2026-04-23T15:51:26.3018548+08:00	0x02	-0.3886	-0.7952	0.3946	-0.2468	47.60	171.40	55.03
2026-04-23T15:51:26.3018548+08:00	0x08	-0.3509	0.0077	0.7261	0.5912	109.42	326.41	334.77
2026-04-23T15:51:26.3018548+08:00	0x06	-0.2332	-0.1143	0.9638	-0.0604	183.73	333.27	14.39
2026-04-23T15:51:26.3018548+08:00	0x09	0.9376	0.0327	-0.3050	-0.1636	170.32	217.46	343.33
2026-04-23T15:51:26.3018548+08:00	0x07	0.3848	-0.8178	-0.0953	-0.4173	321.27	136.13	331.52
2026-04-23T15:51:26.3018548+08:00	0x04	-0.1701	0.0046	0.9741	-0.1490	196.98	340.54	2.39
2026-04-23T15:51:26.3018548+08:00	0x03	0.3331	-0.0491	-0.9112	-0.2373	155.63	322.95	345.66
2026-04-23T15:51:26.3018548+08:00	0x08	-0.3510	0.0078	0.7261	0.5912	109.42	326.41	334.77
2026-04-23T15:51:26.3018548+08:00	0x09	0.9377	0.0327	-0.3048	-0.1636	170.32	217.44	343.34
2026-04-23T15:51:26.3018548+08:00	0x04	-0.1668	0.0016	0.9747	-0.1489	196.93	340.97	2.66
2026-04-23T15:51:26.3028532+08:00	0x01	-0.5284	0.0743	0.5340	-0.6558	260.61	303.05	37.86
2026-04-23T15:51:26.3028532+08:00	0x03	0.3341	-0.0489	-0.9113	-0.2355	155.84	322.80	345.73
2026-04-23T15:51:26.3028532+08:00	0x02	-0.3906	-0.7950	0.3939	-0.2455	48.03	171.73	54.90
2026-04-23T15:51:26.3028532+08:00	0x08	-0.3512	0.0077	0.7261	0.5911	109.44	326.37	334.76
2026-04-23T15:51:26.3028532+08:00	0x06	-0.2336	-0.1141	0.9637	-0.0604	183.74	333.23	14.36
2026-04-23T15:51:26.3028532+08:00	0x07	0.3840	-0.8183	-0.0941	-0.4173	321.34	136.08	331.67
2026-04-23T15:51:26.3028532+08:00	0x01	-0.5262	0.0740	0.5367	-0.6554	260.57	303.33	37.61
2026-04-23T15:51:26.3028532+08:00	0x02	-0.3939	-0.7940	0.3932	-0.2443	48.74	172.22	54.78
2026-04-23T15:51:26.3028532+08:00	0x08	-0.3513	0.0078	0.7260	0.5911	109.44	326.37	334.75
2026-04-23T15:51:26.3028532+08:00	0x07	0.3837	-0.8185	-0.0938	-0.4173	321.37	136.07	331.72
2026-04-23T15:51:26.3028532+08:00	0x01	-0.5278	0.0744	0.5347	-0.6558	260.62	303.12	37.78
2026-04-23T15:51:26.3028532+08:00	0x03	0.3322	-0.0471	-0.9113	-0.2387	155.40	323.04	345.85
2026-04-23T15:51:26.3028532+08:00	0x02	-0.3917	-0.7950	0.3935	-0.2445	48.29	171.97	54.80
2026-04-23T15:51:26.3028532+08:00	0x09	0.9377	0.0328	-0.3047	-0.1635	170.31	217.43	343.34
2026-04-23T15:51:26.3028532+08:00	0x08	-0.3512	0.0078	0.7261	0.5911	109.44	326.37	334.75
2026-04-23T15:51:26.3028532+08:00	0x01	-0.5290	0.0759	0.5334	-0.6556	260.63	302.86	37.79
2026-04-23T15:51:26.3028532+08:00	0x02	-0.3887	-0.7953	0.3942	-0.2471	47.58	171.32	54.99
2026-04-23T15:51:26.3028532+08:00	0x09	0.9377	0.0328	-0.3047	-0.1636	170.31	217.42	343.33
2026-04-23T15:51:26.3028532+08:00	0x04	-0.1667	0.0023	0.9744	-0.1512	197.20	340.98	2.63
2026-04-23T15:51:26.3028532+08:00	0x03	0.3326	-0.0483	-0.9115	-0.2372	155.61	323.00	345.77
2026-04-23T15:51:26.3028532+08:00	0x01	-0.5293	0.0743	0.5317	-0.6570	260.81	302.98	38.05
2026-04-23T15:51:26.3028532+08:00	0x02	-0.3875	-0.7955	0.3949	-0.2470	47.39	171.28	55.06
2026-04-23T15:51:26.3028532+08:00	0x09	0.9377	0.0327	-0.3049	-0.1636	170.33	217.45	343.33
2026-04-23T15:51:26.3028532+08:00	0x04	-0.1661	0.0000	0.9744	-0.1517	197.22	341.08	2.89
2026-04-23T15:51:26.3028532+08:00	0x07	0.3828	-0.8190	-0.0929	-0.4172	321.46	136.02	331.86
2026-04-23T15:51:26.3028532+08:00	0x08	-0.3513	0.0077	0.7260	0.5911	109.44	326.37	334.76
2026-04-23T15:51:26.3028532+08:00	0x01	-0.5288	0.0748	0.5339	-0.6556	260.58	302.96	37.84
2026-04-23T15:51:26.3028532+08:00	0x02	-0.3914	-0.7957	0.3924	-0.2444	48.18	171.87	54.66
2026-04-23T15:51:26.3028532+08:00	0x03	0.3333	-0.0478	-0.9114	-0.2368	155.65	322.90	345.83
2026-04-23T15:51:26.3028532+08:00	0x09	0.9377	0.0331	-0.3047	-0.1635	170.28	217.42	343.35
2026-04-23T15:51:26.3028532+08:00	0x07	0.3825	-0.8192	-0.0924	-0.4172	321.47	136.01	331.92
2026-04-23T15:51:26.3028532+08:00	0x04	-0.1666	-0.0012	0.9743	-0.1516	197.18	341.05	3.03
2026-04-23T15:51:26.3028532+08:00	0x01	-0.5279	0.0746	0.5364	-0.6543	260.35	303.02	37.65
2026-04-23T15:51:26.3028532+08:00	0x08	-0.3516	0.0078	0.7260	0.5910	109.47	326.33	334.73
2026-04-23T15:51:26.3028532+08:00	0x09	0.9378	0.0331	-0.3046	-0.1636	170.28	217.41	343.35
2026-04-23T15:51:26.3028532+08:00	0x03	0.3346	-0.0476	-0.9102	-0.2394	155.37	322.77	345.71
2026-04-23T15:51:26.3028532+08:00	0x04	-0.1683	-0.0014	0.9741	-0.1508	197.08	340.85	3.07
2026-04-23T15:51:26.3028532+08:00	0x07	0.3822	-0.8195	-0.0921	-0.4170	321.50	136.01	331.99
2026-04-23T15:51:26.3028532+08:00	0x01	-0.5294	0.0748	0.5347	-0.6544	260.36	302.82	37.80
2026-04-23T15:51:26.3028532+08:00	0x08	-0.3515	0.0078	0.7260	0.5910	109.47	326.34	334.74
2026-04-23T15:51:26.3028532+08:00	0x09	0.9377	0.0332	-0.3048	-0.1636	170.27	217.44	343.35
2026-04-23T15:51:26.3028532+08:00	0x07	0.3822	-0.8195	-0.0918	-0.4170	321.49	136.02	332.02
2026-04-23T15:51:26.3028532+08:00	0x01	-0.5300	0.0751	0.5328	-0.6554	260.54	302.77	37.93
2026-04-23T15:51:26.3028532+08:00	0x05	-0.4682	-0.5203	0.4515	-0.5534	355.32	82.46	81.12
2026-04-23T15:51:26.3028532+08:00	0x08	-0.3515	0.0076	0.7258	0.5912	109.43	326.34	334.74
2026-04-23T15:51:26.3028532+08:00	0x09	0.9377	0.0333	-0.3049	-0.1636	170.26	217.45	343.36
2026-04-23T15:51:26.3028532+08:00	0x07	0.3813	-0.8198	-0.0913	-0.4174	321.60	135.92	332.09
2026-04-23T15:51:26.3028532+08:00	0x04	-0.1676	0.0011	0.9746	-0.1484	196.85	340.89	2.73
2026-04-23T15:51:26.3028532+08:00	0x01	-0.5320	0.0757	0.5322	-0.6542	260.32	302.41	37.99
2026-04-23T15:51:26.3028532+08:00	0x03	0.3351	-0.0435	-0.9112	-0.2355	155.68	322.58	346.29
2026-04-23T15:51:26.3028532+08:00	0x02	-0.3851	-0.7992	0.3909	-0.2453	46.81	170.99	54.46
2026-04-23T15:51:26.3028532+08:00	0x08	-0.3517	0.0076	0.7259	0.5911	109.45	326.32	334.73
2026-04-23T15:51:26.3028532+08:00	0x09	0.9377	0.0337	-0.3047	-0.1635	170.22	217.43	343.37
2026-04-23T15:51:26.3028532+08:00	0x07	0.3811	-0.8200	-0.0911	-0.4173	321.62	135.92	332.13
2026-04-23T15:51:26.3028532+08:00	0x01	-0.5312	0.0754	0.5316	-0.6554	260.53	302.59	38.03
2026-04-23T15:51:26.3028532+08:00	0x06	-0.2341	-0.1131	0.9637	-0.0604	183.76	333.16	14.26
2026-04-23T15:51:26.3028532+08:00	0x08	-0.3519	0.0076	0.7259	0.5909	109.47	326.29	334.73
2026-04-23T15:51:26.3028532+08:00	0x09	0.9377	0.0340	-0.3047	-0.1635	170.19	217.44	343.39
2026-04-23T15:51:26.3038498+08:00	0x03	0.3353	-0.0462	-0.9110	-0.2357	155.75	322.61	345.98
2026-04-23T15:51:26.3038498+08:00	0x04	-0.1668	-0.0009	0.9745	-0.1499	196.99	341.02	2.97
2026-04-23T15:51:26.3038498+08:00	0x06	-0.2343	-0.1131	0.9637	-0.0603	183.74	333.13	14.25
2026-04-23T15:51:26.3038498+08:00	0x03	0.3350	-0.0471	-0.9108	-0.2365	155.68	322.67	345.86
2026-04-23T15:51:26.3038498+08:00	0x09	0.9377	0.0341	-0.3046	-0.1634	170.18	217.42	343.40
2026-04-23T15:51:26.3038498+08:00	0x08	-0.3519	0.0076	0.7259	0.5909	109.48	326.28	334.72
2026-04-23T15:51:26.3038498+08:00	0x04	-0.1660	-0.0016	0.9744	-0.1514	197.15	341.12	3.06
2026-04-23T15:51:26.3038498+08:00	0x06	-0.2345	-0.1129	0.9637	-0.0602	183.74	333.12	14.23
2026-04-23T15:51:26.3038498+08:00	0x01	-0.5290	0.0753	0.5347	-0.6546	260.42	302.85	37.75
2026-04-23T15:51:26.3038498+08:00	0x03	0.3350	-0.0467	-0.9112	-0.2351	155.83	322.65	345.96
2026-04-23T15:51:26.3038498+08:00	0x08	-0.3520	0.0076	0.7259	0.5908	109.49	326.27	334.73
2026-04-23T15:51:26.3038498+08:00	0x02	-0.3906	-0.7976	0.3895	-0.2439	47.90	171.66	54.29
2026-04-23T15:51:26.3038498+08:00	0x07	0.3799	-0.8206	-0.0902	-0.4173	321.74	135.88	332.28
2026-04-23T15:51:26.3038498+08:00	0x06	-0.2345	-0.1128	0.9637	-0.0602	183.74	333.12	14.22
2026-04-23T15:51:26.3038498+08:00	0x01	-0.5298	0.0749	0.5331	-0.6553	260.52	302.80	37.92
2026-04-23T15:51:26.3038498+08:00	0x03	0.3350	-0.0459	-0.9114	-0.2345	155.87	322.62	346.07
2026-04-23T15:51:26.3038498+08:00	0x02	-0.3885	-0.7975	0.3909	-0.2454	47.47	171.32	54.50
2026-04-23T15:51:26.3038498+08:00	0x09	0.9377	0.0342	-0.3049	-0.1634	170.17	217.46	343.41
2026-04-23T15:51:26.3038498+08:00	0x04	-0.1640	0.0015	0.9749	-0.1503	197.09	341.30	2.65
2026-04-23T15:51:26.3038498+08:00	0x06	-0.2344	-0.1128	0.9637	-0.0602	183.74	333.12	14.22
2026-04-23T15:51:26.3038498+08:00	0x01	-0.5300	0.0747	0.5319	-0.6563	260.69	302.84	38.03
2026-04-23T15:51:26.3038498+08:00	0x02	-0.3857	-0.7977	0.3924	-0.2469	46.89	170.90	54.73
2026-04-23T15:51:26.3038498+08:00	0x09	0.9376	0.0342	-0.3050	-0.1633	170.17	217.48	343.42
2026-04-23T15:51:26.3038498+08:00	0x07	0.3791	-0.8209	-0.0898	-0.4175	321.83	135.82	332.36
2026-04-23T15:51:26.3038498+08:00	0x06	-0.2346	-0.1126	0.9637	-0.0602	183.73	333.10	14.20
2026-04-23T15:51:26.3038498+08:00	0x04	-0.1601	-0.0043	0.9753	-0.1524	197.24	341.85	3.28
2026-04-23T15:51:26.3038498+08:00	0x03	0.3345	-0.0457	-0.9122	-0.2321	156.14	322.65	346.20
2026-04-23T15:51:26.3038498+08:00	0x09	0.9376	0.0343	-0.3050	-0.1632	170.16	217.48	343.44
2026-04-23T15:51:26.3038498+08:00	0x07	0.3787	-0.8211	-0.0895	-0.4175	321.87	135.80	332.41
2026-04-23T15:51:26.3038498+08:00	0x06	-0.2346	-0.1126	0.9637	-0.0602	183.74	333.10	14.20
2026-04-23T15:51:26.3038498+08:00	0x01	-0.5276	0.0737	0.5345	-0.6562	260.67	303.21	37.85
2026-04-23T15:51:26.3038498+08:00	0x08	-0.3520	0.0074	0.7260	0.5908	109.49	326.27	334.74
2026-04-23T15:51:26.3038498+08:00	0x09	0.9376	0.0344	-0.3052	-0.1632	170.15	217.50	343.44
2026-04-23T15:51:26.3038498+08:00	0x07	0.3783	-0.8213	-0.0893	-0.4175	321.91	135.79	332.45
2026-04-23T15:51:26.3038498+08:00	0x06	-0.2348	-0.1126	0.9636	-0.0601	183.73	333.07	14.19
2026-04-23T15:51:26.3038498+08:00	0x01	-0.5272	0.0743	0.5357	-0.6554	260.55	303.18	37.69
2026-04-23T15:51:26.3038498+08:00	0x03	0.3338	-0.0496	-0.9112	-0.2361	155.80	322.86	345.64
2026-04-23T15:51:26.3038498+08:00	0x08	-0.3521	0.0075	0.7259	0.5908	109.50	326.25	334.73
2026-04-23T15:51:26.3038498+08:00	0x09	0.9376	0.0344	-0.3050	-0.1632	170.14	217.48	343.44
2026-04-23T15:51:26.3038498+08:00	0x07	0.3780	-0.8216	-0.0890	-0.4174	321.95	135.78	332.50
2026-04-23T15:51:26.3038498+08:00	0x06	-0.2347	-0.1124	0.9637	-0.0600	183.72	333.08	14.17
2026-04-23T15:51:26.3038498+08:00	0x03	0.3343	-0.0484	-0.9116	-0.2343	155.97	322.76	345.83
2026-04-23T15:51:26.3038498+08:00	0x08	-0.3521	0.0074	0.7260	0.5907	109.51	326.24	334.74
2026-04-23T15:51:26.3038498+08:00	0x02	-0.3903	-0.7956	0.3927	-0.2459	47.88	171.55	54.77
2026-04-23T15:51:26.3038498+08:00	0x07	0.3773	-0.8218	-0.0887	-0.4176	322.03	135.73	332.55
2026-04-23T15:51:26.3038498+08:00	0x01	-0.5300	0.0761	0.5315	-0.6564	260.76	302.75	37.94
2026-04-23T15:51:26.3038498+08:00	0x03	0.3337	-0.0475	-0.9128	-0.2308	156.34	322.77	346.07
2026-04-23T15:51:26.3038498+08:00	0x05	-0.4659	-0.5183	0.4506	-0.5579	352.92	79.76	80.73
2026-04-23T15:51:26.3038498+08:00	0x08	-0.3520	0.0073	0.7261	0.5906	109.53	326.24	334.77
2026-04-23T15:51:26.3038498+08:00	0x04	-0.1577	-0.0030	0.9750	-0.1564	197.73	342.12	3.16
2026-04-23T15:51:26.3038498+08:00	0x09	0.9376	0.0349	-0.3053	-0.1630	170.09	217.51	343.48
2026-04-23T15:51:26.3038498+08:00	0x01	-0.5288	0.0763	0.5326	-0.6564	260.78	302.89	37.80
2026-04-23T15:51:26.3038498+08:00	0x08	-0.3522	0.0072	0.7262	0.5904	109.55	326.21	334.77
2026-04-23T15:51:26.3038498+08:00	0x09	0.9376	0.0356	-0.3051	-0.1630	170.02	217.50	343.51
2026-04-23T15:51:26.3038498+08:00	0x07	0.3759	-0.8225	-0.0883	-0.4177	322.19	135.67	332.66
2026-04-23T15:51:26.3038498+08:00	0x01	-0.5267	0.0758	0.5362	-0.6552	260.58	303.15	37.51
2026-04-23T15:51:26.3048465+08:00	0x03	0.3325	-0.0522	-0.9121	-0.2341	156.08	323.03	345.47
2026-04-23T15:51:26.3048465+08:00	0x09	0.9376	0.0356	-0.3051	-0.1630	170.01	217.50	343.51
2026-04-23T15:51:26.3048465+08:00	0x02	-0.3984	-0.7930	0.3913	-0.2436	49.54	172.62	54.56
2026-04-23T15:51:26.3048465+08:00	0x07	0.3755	-0.8228	-0.0878	-0.4175	322.22	135.68	332.74
2026-04-23T15:51:26.3048465+08:00	0x06	-0.2350	-0.1122	0.9637	-0.0585	183.55	333.04	14.11
2026-04-23T15:51:26.3048465+08:00	0x03	0.3333	-0.0512	-0.9120	-0.2337	156.12	322.91	345.57
2026-04-23T15:51:26.3048465+08:00	0x02	-0.3954	-0.7934	0.3924	-0.2453	48.90	172.13	54.75
2026-04-23T15:51:26.3048465+08:00	0x07	0.3751	-0.8229	-0.0877	-0.4177	322.27	135.64	332.76
2026-04-23T15:51:26.3048465+08:00	0x04	-0.1622	0.0017	0.9745	-0.1552	197.66	341.52	2.69
2026-04-23T15:51:26.3048465+08:00	0x06	-0.2351	-0.1121	0.9637	-0.0587	183.57	333.02	14.10
2026-04-23T15:51:26.3048465+08:00	0x01	-0.5293	0.0767	0.5329	-0.6558	260.67	302.78	37.77
2026-04-23T15:51:26.3048465+08:00	0x03	0.3331	-0.0496	-0.9117	-0.2352	155.88	322.93	345.69
2026-04-23T15:51:26.3048465+08:00	0x02	-0.3917	-0.7946	0.3933	-0.2461	48.18	171.72	54.86
2026-04-23T15:51:26.3048465+08:00	0x07	0.3747	-0.8231	-0.0875	-0.4177	322.31	135.63	332.80
2026-04-23T15:51:26.3048465+08:00	0x04	-0.1616	0.0014	0.9747	-0.1545	197.58	341.59	2.71
2026-04-23T15:51:26.3048465+08:00	0x05	-0.4658	-0.5171	0.4517	-0.5582	351.84	78.67	80.82
2026-04-23T15:51:26.3048465+08:00	0x01	-0.5299	0.0770	0.5318	-0.6560	260.72	302.68	37.83
2026-04-23T15:51:26.3048465+08:00	0x08	-0.3521	0.0074	0.7262	0.5905	109.55	326.24	334.75
2026-04-23T15:51:26.3048465+08:00	0x04	-0.1586	0.0025	0.9746	-0.1582	198.03	341.93	2.60
2026-04-23T15:51:26.3048465+08:00	0x07	0.3744	-0.8233	-0.0873	-0.4175	322.34	135.63	332.85
2026-04-23T15:51:26.3048465+08:00	0x01	-0.5259	0.0760	0.5358	-0.6562	260.76	303.27	37.49
2026-04-23T15:51:26.3048465+08:00	0x03	0.3324	-0.0543	-0.9119	-0.2346	156.10	323.09	345.23
2026-04-23T15:51:26.3048465+08:00	0x07	0.3739	-0.8235	-0.0870	-0.4176	322.39	135.61	332.90
2026-04-23T15:51:26.3048465+08:00	0x09	0.9375	0.0362	-0.3054	-0.1629	169.95	217.55	343.54
2026-04-23T15:51:26.3048465+08:00	0x04	-0.1588	0.0027	0.9745	-0.1585	198.06	341.90	2.58
2026-04-23T15:51:26.3048465+08:00	0x01	-0.5267	0.0757	0.5345	-0.6566	260.83	303.22	37.65
2026-04-23T15:51:26.3048465+08:00	0x02	-0.3968	-0.7925	0.3926	-0.2458	49.14	172.21	54.81
2026-04-23T15:51:26.3048465+08:00	0x03	0.3340	-0.0529	-0.9116	-0.2338	156.17	322.86	345.37
2026-04-23T15:51:26.3048465+08:00	0x08	-0.3521	0.0074	0.7262	0.5905	109.55	326.24	334.75
2026-04-23T15:51:26.3048465+08:00	0x09	0.9375	0.0364	-0.3053	-0.1628	169.94	217.54	343.56
2026-04-23T15:51:26.3048465+08:00	0x04	-0.1585	0.0018	0.9743	-0.1598	198.20	341.95	2.70
2026-04-23T15:51:26.3048465+08:00	0x07	0.3734	-0.8238	-0.0866	-0.4176	322.44	135.58	332.96
2026-04-23T15:51:26.3048465+08:00	0x01	-0.5271	0.0763	0.5334	-0.6571	260.93	303.14	37.68
2026-04-23T15:51:26.3048465+08:00	0x03	0.3326	-0.0540	-0.9116	-0.2354	156.00	323.07	345.22
2026-04-23T15:51:26.3048465+08:00	0x09	0.9375	0.0366	-0.3056	-0.1627	169.92	217.57	343.58
2026-04-23T15:51:26.3048465+08:00	0x08	-0.3520	0.0073	0.7262	0.5905	109.54	326.25	334.77
2026-04-23T15:51:26.3048465+08:00	0x06	-0.2353	-0.1117	0.9638	-0.0575	183.45	332.99	14.03
2026-04-23T15:51:26.3048465+08:00	0x04	-0.1564	0.0054	0.9747	-0.1596	198.25	342.13	2.26
2026-04-23T15:51:26.3048465+08:00	0x03	0.3324	-0.0532	-0.9124	-0.2330	156.25	323.05	345.41
2026-04-23T15:51:26.3048465+08:00	0x09	0.9375	0.0366	-0.3056	-0.1626	169.91	217.57	343.59
2026-04-23T15:51:26.3048465+08:00	0x08	-0.3520	0.0074	0.7262	0.5905	109.54	326.25	334.76
2026-04-23T15:51:26.3048465+08:00	0x07	0.3728	-0.8241	-0.0862	-0.4178	322.52	135.54	333.02
2026-04-23T15:51:26.3048465+08:00	0x04	-0.1561	0.0069	0.9749	-0.1588	198.18	342.14	2.07
2026-04-23T15:51:26.3048465+08:00	0x05	-0.4691	-0.5162	0.4515	-0.5564	353.25	79.92	81.19
2026-04-23T15:51:26.3058451+08:00	0x03	0.3321	-0.0556	-0.9123	-0.2330	156.32	323.12	345.16
2026-04-23T15:51:26.3058451+08:00	0x09	0.9375	0.0369	-0.3054	-0.1625	169.89	217.55	343.61
2026-04-23T15:51:26.3058451+08:00	0x07	0.3724	-0.8243	-0.0859	-0.4176	322.54	135.54	333.09
2026-04-23T15:51:26.3058451+08:00	0x04	-0.1614	0.0122	0.9740	-0.1583	198.21	341.44	1.57
2026-04-23T15:51:26.3058451+08:00	0x01	-0.5254	0.0764	0.5368	-0.6557	260.71	303.30	37.37
2026-04-23T15:51:26.3058451+08:00	0x03	0.3322	-0.0570	-0.9112	-0.2369	155.92	323.19	344.85
2026-04-23T15:51:26.3058451+08:00	0x09	0.9375	0.0374	-0.3053	-0.1625	169.84	217.54	343.62
2026-04-23T15:51:26.3058451+08:00	0x07	0.3722	-0.8246	-0.0857	-0.4174	322.57	135.56	333.13
2026-04-23T15:51:26.3058451+08:00	0x04	-0.1633	0.0163	0.9735	-0.1591	198.37	341.14	1.16
2026-04-23T15:51:26.3058451+08:00	0x06	-0.2359	-0.1109	0.9637	-0.0571	183.41	332.91	13.93
2026-04-23T15:51:26.3058451+08:00	0x08	-0.3518	0.0075	0.7265	0.5903	109.57	326.27	334.77
2026-04-23T15:51:26.3058451+08:00	0x02	-0.4001	-0.7898	0.3943	-0.2463	49.89	172.63	55.08
2026-04-23T15:51:26.3058451+08:00	0x07	0.3717	-0.8246	-0.0855	-0.4177	322.62	135.50	333.16
2026-04-23T15:51:26.3058451+08:00	0x04	-0.1629	0.0152	0.9738	-0.1577	198.19	341.21	1.24
2026-04-23T15:51:26.3058451+08:00	0x01	-0.5276	0.0763	0.5320	-0.6579	261.06	303.12	37.81
2026-04-23T15:51:26.3058451+08:00	0x06	-0.2358	-0.1109	0.9638	-0.0569	183.38	332.91	13.93
2026-04-23T15:51:26.3058451+08:00	0x03	0.3327	-0.0556	-0.9117	-0.2347	156.13	323.07	345.08
2026-04-23T15:51:26.3058451+08:00	0x02	-0.3960	-0.7904	0.3958	-0.2488	48.99	171.93	55.35
2026-04-23T15:51:26.3058451+08:00	0x09	0.9374	0.0374	-0.3054	-0.1629	169.82	217.56	343.59
2026-04-23T15:51:26.3058451+08:00	0x04	-0.1652	-0.0016	0.9747	-0.1508	197.09	341.22	3.03
2026-04-23T15:51:26.3058451+08:00	0x07	0.3694	-0.8228	-0.0779	-0.4248	322.85	134.34	333.77
2026-04-23T15:51:26.3058451+08:00	0x01	-0.5166	0.0793	0.5255	-0.6713	263.76	304.94	37.60
2026-04-23T15:51:26.3058451+08:00	0x03	0.3377	-0.0420	-0.9115	-0.2311	156.17	322.19	346.54
2026-04-23T15:51:26.3058451+08:00	0x06	-0.2274	-0.0926	0.9689	-0.0290	180.82	333.66	11.11
2026-04-23T15:51:26.3058451+08:00	0x02	-0.4000	-0.7619	0.4260	-0.2793	49.52	170.00	60.76
2026-04-23T15:51:26.3058451+08:00	0x09	0.8666	-0.1073	-0.4873	-0.0019	190.67	238.12	353.81
2026-04-23T15:51:26.3058451+08:00	0x04	-0.1649	0.0584	0.9677	-0.1817	201.81	340.07	356.95
2026-04-23T15:51:26.3058451+08:00	0x05	-0.4690	-0.5163	0.4515	-0.5565	353.20	79.88	81.18
2026-04-23T15:51:26.3058451+08:00	0x03	0.3355	-0.0968	-0.8927	-0.2850	151.54	324.27	338.65
2026-04-23T15:51:26.3058451+08:00	0x02	-0.3999	-0.7628	0.4251	-0.2784	49.51	170.06	60.60
2026-04-23T15:51:26.3058451+08:00	0x04	-0.1668	0.0241	0.9693	-0.1789	200.78	340.61	0.74
2026-04-23T15:51:26.3058451+08:00	0x07	0.3355	-0.7535	-0.1434	-0.5469	334.58	116.35	324.34
2026-04-23T15:51:26.3058451+08:00	0x03	0.3542	-0.0804	-0.8644	-0.3476	143.88	322.91	337.35
2026-04-23T15:51:26.3058451+08:00	0x02	0.0661	-0.4395	0.8887	-0.1130	203.76	19.71	50.01
2026-04-23T15:51:26.3058451+08:00	0x09	0.8704	-0.0479	-0.4888	0.0336	186.67	238.68	0.67
2026-04-23T15:51:26.3058451+08:00	0x07	0.3465	-0.7586	-0.1314	-0.5359	332.05	118.44	325.21
2026-04-23T15:51:26.3058451+08:00	0x03	0.3303	-0.1120	-0.9000	-0.2615	154.68	324.69	338.02
2026-04-23T15:51:26.3058451+08:00	0x06	-0.1468	-0.0878	0.9826	-0.0721	186.78	343.67	11.17
2026-04-23T15:51:26.3058451+08:00	0x08	-0.1868	-0.0090	0.7374	0.6491	99.30	342.83	346.75
2026-04-23T15:51:26.3058451+08:00	0x07	0.3421	-0.7646	-0.1210	-0.5327	331.85	118.85	326.67
2026-04-23T15:51:26.3058451+08:00	0x09	0.8728	-0.0390	-0.4848	0.0412	186.21	238.21	1.95
2026-04-23T15:51:26.3058451+08:00	0x04	-0.1385	0.0837	0.8865	-0.4336	232.40	341.45	358.38
2026-04-23T15:51:26.3058451+08:00	0x03	0.3386	-0.1315	-0.9002	-0.2402	158.00	323.41	336.45
2026-04-23T15:51:26.3058451+08:00	0x02	-0.0076	-0.4149	0.8883	-0.1968	210.70	12.87	47.74
2026-04-23T15:51:26.3058451+08:00	0x06	-0.1482	-0.0867	0.9824	-0.0735	186.95	343.52	11.08
2026-04-23T15:51:26.3058451+08:00	0x09	0.8725	-0.0386	-0.4851	0.0430	186.27	238.26	2.15
2026-04-23T15:51:26.3058451+08:00	0x04	-0.1298	0.0690	0.8890	-0.4336	232.08	343.11	359.42
2026-04-23T15:51:26.3058451+08:00	0x07	0.3336	-0.7707	-0.1169	-0.5302	332.52	119.04	327.73
2026-04-23T15:51:26.3058451+08:00	0x03	0.3489	-0.1235	-0.9011	-0.2260	159.69	321.73	337.65
2026-04-23T15:51:26.3058451+08:00	0x01	-0.5169	0.0793	0.5257	-0.6709	263.68	304.88	37.61
2026-04-23T15:51:26.3058451+08:00	0x06	-0.1488	-0.0867	0.9821	-0.0756	187.19	343.47	11.12
2026-04-23T15:51:26.3058451+08:00	0x09	0.8732	-0.0360	-0.4843	0.0416	185.92	238.14	2.17
2026-04-23T15:51:26.3058451+08:00	0x07	0.3291	-0.7740	-0.1135	-0.5290	332.81	119.13	328.41
2026-04-23T15:51:26.3058451+08:00	0x04	-0.1298	0.0688	0.8945	-0.4223	230.66	343.12	359.23
2026-04-23T15:51:26.3058451+08:00	0x03	0.3485	-0.1126	-0.8934	-0.2603	155.26	322.38	337.50
2026-04-23T15:51:26.3058451+08:00	0x05	-0.6100	-0.4104	0.5513	-0.3943	169.39	256.90	69.01
2026-04-23T15:51:26.3068417+08:00	0x08	-0.1772	-0.0073	0.7275	0.6628	97.15	344.07	347.04
2026-04-23T15:51:26.3068417+08:00	0x09	0.8737	-0.0325	-0.4833	0.0442	185.71	238.03	2.63
2026-04-23T15:51:26.3068417+08:00	0x06	-0.1494	-0.0858	0.9821	-0.0765	187.29	343.40	11.04
2026-04-23T15:51:26.3068417+08:00	0x07	0.3230	-0.7773	-0.1102	-0.5285	333.31	119.07	329.16
2026-04-23T15:51:26.3068417+08:00	0x02	-0.0052	-0.3857	0.8926	-0.2334	214.80	13.66	43.71
2026-04-23T15:51:26.3068417+08:00	0x01	-0.3219	-0.3879	0.8222	-0.2645	198.33	326.62	53.91
2026-04-23T15:51:26.3068417+08:00	0x03	0.3433	-0.1244	-0.9019	-0.2308	159.01	322.54	337.49
2026-04-23T15:51:26.3068417+08:00	0x02	-0.0037	-0.3771	0.8959	-0.2349	214.64	13.41	42.64
2026-04-23T15:51:26.3068417+08:00	0x09	0.8738	-0.0298	-0.4833	0.0450	185.49	238.04	2.86
2026-04-23T15:51:26.3068417+08:00	0x04	-0.1268	0.0940	0.8942	-0.4188	230.75	342.18	356.45
2026-04-23T15:51:26.3068417+08:00	0x07	0.3219	-0.7779	-0.1086	-0.5287	333.36	119.02	329.38
2026-04-23T15:51:26.3068417+08:00	0x03	0.3450	-0.1222	-0.9080	-0.2041	162.11	321.78	338.73
2026-04-23T15:51:26.3068417+08:00	0x02	0.0027	-0.3879	0.8911	-0.2354	215.63	15.00	43.64
2026-04-23T15:51:26.3068417+08:00	0x07	0.3176	-0.7833	-0.1057	-0.5238	333.51	119.65	330.11
2026-04-23T15:51:26.3068417+08:00	0x03	0.3471	-0.1144	-0.9000	-0.2377	157.96	322.10	338.23
2026-04-23T15:51:26.3068417+08:00	0x01	-0.2938	-0.4189	0.8167	-0.2667	200.50	331.70	57.24
2026-04-23T15:51:26.3068417+08:00	0x02	0.0019	-0.3802	0.8950	-0.2332	214.82	14.26	42.82
2026-04-23T15:51:26.3068417+08:00	0x09	0.8772	-0.0300	-0.4770	0.0451	185.50	237.21	2.90
2026-04-23T15:51:26.3068417+08:00	0x07	0.3155	-0.7854	-0.1041	-0.5222	333.59	119.84	330.45
2026-04-23T15:51:26.3068417+08:00	0x03	0.3481	-0.1129	-0.9077	-0.2053	161.72	321.34	339.65
2026-04-23T15:51:26.3068417+08:00	0x01	-0.2835	-0.4203	0.8191	-0.2683	201.81	333.81	57.22
2026-04-23T15:51:26.3068417+08:00	0x09	0.8766	-0.0293	-0.4782	0.0457	185.46	237.37	2.99
2026-04-23T15:51:26.3068417+08:00	0x07	0.3143	-0.7851	-0.1035	-0.5236	333.75	119.62	330.55
2026-04-23T15:51:26.3068417+08:00	0x03	0.3469	-0.1129	-0.9093	-0.2004	162.25	321.41	339.86
2026-04-23T15:51:26.3068417+08:00	0x06	-0.1501	-0.0861	0.9816	-0.0808	187.78	343.37	11.15
2026-04-23T15:51:26.3068417+08:00	0x01	-0.2822	-0.4256	0.8150	-0.2737	202.88	334.60	58.03
2026-04-23T15:51:26.3068417+08:00	0x04	-0.1314	0.0504	0.9034	-0.4051	228.18	343.84	0.89
2026-04-23T15:51:26.3068417+08:00	0x07	0.3138	-0.7862	-0.1020	-0.5225	333.68	119.77	330.77
2026-04-23T15:51:26.3068417+08:00	0x03	0.3512	-0.1036	-0.9044	-0.2190	159.88	321.13	340.04
2026-04-23T15:51:26.3068417+08:00	0x01	-0.2779	-0.4314	0.8101	-0.2835	205.17	336.51	58.93
2026-04-23T15:51:26.3068417+08:00	0x02	0.0037	-0.3670	0.9026	-0.2251	213.03	13.24	41.37
2026-04-23T15:51:26.3068417+08:00	0x09	0.8773	-0.0288	-0.4768	0.0468	185.47	237.20	3.14
2026-04-23T15:51:26.3068417+08:00	0x04	-0.1282	0.0774	0.9069	-0.3938	227.28	342.92	357.74
2026-04-23T15:51:26.3068417+08:00	0x07	0.3128	-0.7868	-0.1014	-0.5223	333.76	119.77	330.90
2026-04-23T15:51:26.3068417+08:00	0x03	0.3487	-0.1097	-0.9078	-0.2055	161.59	321.25	339.96
2026-04-23T15:51:26.3068417+08:00	0x01	-0.2774	-0.4327	0.8094	-0.2842	205.36	336.71	59.10
2026-04-23T15:51:26.3068417+08:00	0x09	0.8781	-0.0282	-0.4753	0.0469	185.41	237.00	3.19
2026-04-23T15:51:26.3068417+08:00	0x04	-0.1336	0.0717	0.9122	-0.3806	225.55	342.63	358.33
2026-04-23T15:51:26.3068417+08:00	0x07	0.3108	-0.7884	-0.1007	-0.5213	333.92	119.87	331.14
2026-04-23T15:51:26.3068417+08:00	0x01	-0.2771	-0.4320	0.8114	-0.2798	204.54	336.29	58.88
2026-04-23T15:51:26.3068417+08:00	0x08	-0.1787	-0.0085	0.7216	0.6688	96.20	343.95	346.90
2026-04-23T15:51:26.3068417+08:00	0x02	0.0082	-0.3716	0.8996	-0.2292	214.07	14.35	41.67
2026-04-23T15:51:26.3068417+08:00	0x09	0.8773	-0.0286	-0.4768	0.0470	185.45	237.19	3.16
2026-04-23T15:51:26.3068417+08:00	0x04	-0.1447	0.0790	0.9184	-0.3596	223.15	341.17	357.65
2026-04-23T15:51:26.3068417+08:00	0x07	0.3095	-0.7880	-0.1001	-0.5226	334.08	119.65	331.23
2026-04-23T15:51:26.3068417+08:00	0x03	0.3567	-0.1049	-0.8914	-0.2592	155.34	321.21	338.17
2026-04-23T15:51:26.3068417+08:00	0x01	-0.2763	-0.4319	0.8123	-0.2779	204.26	336.24	58.79
2026-04-23T15:51:26.3068417+08:00	0x02	0.0071	-0.3703	0.9010	-0.2260	213.47	13.93	41.61
2026-04-23T15:51:26.3068417+08:00	0x09	0.8770	-0.0278	-0.4773	0.0475	185.41	237.26	3.26
2026-04-23T15:51:26.3068417+08:00	0x07	0.3085	-0.7884	-0.0990	-0.5229	334.14	119.58	331.39
2026-04-23T15:51:26.3068417+08:00	0x04	-0.1441	0.0777	0.9139	-0.3714	224.56	341.26	358.00
2026-04-23T15:51:26.3068417+08:00	0x03	0.3561	-0.1096	-0.8904	-0.2614	155.22	321.39	337.59
2026-04-23T15:51:26.3068417+08:00	0x01	-0.2750	-0.4362	0.8088	-0.2828	205.34	337.08	59.45
2026-04-23T15:51:26.3078386+08:00	0x08	-0.1792	-0.0090	0.7219	0.6683	96.28	343.86	346.90
2026-04-23T15:51:26.3078386+08:00	0x02	0.0062	-0.3717	0.9009	-0.2241	213.23	13.80	41.83
2026-04-23T15:51:26.3078386+08:00	0x09	0.8776	-0.0273	-0.4762	0.0476	185.37	237.12	3.30
2026-04-23T15:51:26.3078386+08:00	0x04	-0.1506	0.0935	0.9078	-0.3801	226.00	339.82	356.83
2026-04-23T15:51:26.3078386+08:00	0x03	0.3462	-0.1258	-0.8860	-0.2818	153.02	323.33	335.29
2026-04-23T15:51:26.3078386+08:00	0x01	-0.1985	-0.3348	0.8320	-0.3953	228.57	354.63	45.57
2026-04-23T15:51:26.3078386+08:00	0x08	-0.1838	-0.0096	0.7218	0.6672	96.46	343.39	346.62
2026-04-23T15:51:26.3078386+08:00	0x09	0.8783	-0.0241	-0.4752	0.0467	184.99	236.98	3.39
2026-04-23T15:51:26.3078386+08:00	0x04	-0.0171	0.1527	0.7398	-0.6551	264.43	346.69	348.26
2026-04-23T15:51:26.3078386+08:00	0x07	0.3088	-0.7870	-0.0964	-0.5253	334.05	119.24	331.56
2026-04-23T15:51:26.3078386+08:00	0x03	0.3349	-0.1015	-0.9058	-0.2391	157.12	323.53	339.88
2026-04-23T15:51:26.3078386+08:00	0x06	-0.1469	-0.0818	0.9826	-0.0789	187.66	343.71	10.60
2026-04-23T15:51:26.3078386+08:00	0x08	-0.1750	-0.0124	0.7210	0.6703	95.94	344.01	347.48
2026-04-23T15:51:26.3078386+08:00	0x02	0.0062	-0.3716	0.9009	-0.2242	213.24	13.80	41.82
2026-04-23T15:51:26.3078386+08:00	0x09	0.8742	-0.0238	-0.4828	0.0462	184.96	237.97	3.31
2026-04-23T15:51:26.3078386+08:00	0x07	0.3041	-0.7854	-0.0971	-0.5303	334.80	118.41	331.64
2026-04-23T15:51:26.3078386+08:00	0x04	-0.0131	0.1050	0.7306	-0.6746	266.07	350.67	352.20
2026-04-23T15:51:26.3078386+08:00	0x03	0.3325	-0.0906	-0.9069	-0.2425	156.33	323.75	340.99
2026-04-23T15:51:26.3078386+08:00	0x01	-0.1576	-0.3222	0.8385	-0.4102	232.14	0.00	42.04
2026-04-23T15:51:26.3078386+08:00	0x08	-0.1733	-0.0142	0.7222	0.6694	96.07	344.01	347.79
2026-04-23T15:51:26.3078386+08:00	0x09	0.8722	-0.0186	-0.4866	0.0451	184.39	238.45	3.47
2026-04-23T15:51:26.3078386+08:00	0x04	-0.0186	0.1137	0.7665	-0.6318	259.76	349.98	351.33
2026-04-23T15:51:26.3078386+08:00	0x03	0.3404	-0.0862	-0.8888	-0.2945	150.20	323.66	339.29
2026-04-23T15:51:26.3078386+08:00	0x01	-0.2148	-0.4177	0.8181	-0.3319	220.17	352.44	55.69
2026-04-23T15:51:26.3078386+08:00	0x06	-0.1408	-0.0833	0.9832	-0.0810	187.94	344.44	10.75
2026-04-23T15:51:26.3078386+08:00	0x02	0.0034	-0.3067	0.9411	-0.1426	199.33	6.59	35.19
2026-04-23T15:51:26.3078386+08:00	0x09	0.8662	-0.0254	-0.4971	0.0439	185.03	239.83	2.92
2026-04-23T15:51:26.3078386+08:00	0x07	0.3046	-0.7749	-0.0977	-0.5452	335.32	116.20	331.09
2026-04-23T15:51:26.3078386+08:00	0x03	0.3221	-0.1980	-0.8479	-0.3718	142.07	330.81	324.89
2026-04-23T15:51:26.3078386+08:00	0x05	-0.6982	0.2590	0.5952	0.3019	180.20	260.80	313.12
2026-04-23T15:51:26.3078386+08:00	0x06	-0.1453	-0.0833	0.9824	-0.0832	188.15	343.94	10.83
2026-04-23T15:51:26.3078386+08:00	0x09	0.8659	-0.0224	-0.4979	0.0424	184.65	239.92	2.92
2026-04-23T15:51:26.3078386+08:00	0x04	-0.1392	0.1306	0.9739	-0.1232	196.45	341.89	347.29
2026-04-23T15:51:26.3078386+08:00	0x03	0.3355	-0.1999	-0.8560	-0.3387	147.17	327.72	325.29
2026-04-23T15:51:26.3078386+08:00	0x01	-0.2720	-0.3855	0.8204	-0.3231	212.97	340.44	53.92
2026-04-23T15:51:26.3078386+08:00	0x08	-0.1694	-0.0183	0.7210	0.6717	95.68	344.08	348.39
2026-04-23T15:51:26.3078386+08:00	0x06	-0.1480	-0.0844	0.9820	-0.0811	187.86	343.61	10.94
2026-04-23T15:51:26.3078386+08:00	0x02	-0.0220	-0.3228	0.9085	-0.2645	215.59	9.40	36.74
2026-04-23T15:51:26.3078386+08:00	0x07	0.3074	-0.7813	-0.0936	-0.5350	334.39	117.77	331.63
2026-04-23T15:51:26.3078386+08:00	0x09	0.8691	-0.0220	-0.4925	0.0400	184.45	239.18	2.74
2026-04-23T15:51:26.3078386+08:00	0x03	0.3383	-0.1957	-0.8535	-0.3447	146.38	327.50	325.44
2026-04-23T15:51:26.3078386+08:00	0x01	-0.2732	-0.3883	0.8186	-0.3232	212.92	340.33	54.32
2026-04-23T15:51:26.3078386+08:00	0x09	0.8693	-0.0221	-0.4922	0.0399	184.46	239.15	2.73
2026-04-23T15:51:26.3078386+08:00	0x07	0.3073	-0.7809	-0.0932	-0.5358	334.42	117.66	331.65
2026-04-23T15:51:26.3078386+08:00	0x04	-0.1394	0.1257	0.9711	-0.1473	199.14	341.67	348.28
2026-04-23T15:51:26.3078386+08:00	0x03	0.3399	-0.1951	-0.8524	-0.3462	146.22	327.32	325.40
2026-04-23T15:51:26.3078386+08:00	0x01	-0.2728	-0.3886	0.8186	-0.3233	212.98	340.42	54.35
2026-04-23T15:51:26.3078386+08:00	0x06	-0.1485	-0.0843	0.9819	-0.0818	187.94	343.56	10.94
2026-04-23T15:51:26.3078386+08:00	0x09	0.8692	-0.0228	-0.4923	0.0398	184.53	239.15	2.67
2026-04-23T15:51:26.3078386+08:00	0x07	0.3060	-0.7820	-0.0920	-0.5351	334.47	117.73	331.87
2026-04-23T15:51:26.3078386+08:00	0x03	0.3396	-0.1946	-0.8515	-0.3490	145.82	327.46	325.36
2026-04-23T15:51:26.3078386+08:00	0x08	-0.1699	-0.0179	0.7199	0.6727	95.52	344.07	348.30
2026-04-23T15:51:26.3078386+08:00	0x09	0.8694	-0.0233	-0.4920	0.0391	184.53	239.12	2.58
2026-04-23T15:51:26.3078386+08:00	0x04	-0.1403	0.1247	0.9696	-0.1571	200.27	341.49	348.60
2026-04-23T15:51:26.3078386+08:00	0x07	0.3049	-0.7818	-0.0916	-0.5361	334.60	117.57	331.96
2026-04-23T15:51:26.3078386+08:00	0x03	0.3391	-0.1928	-0.8524	-0.3481	145.89	327.46	325.61
2026-04-23T15:51:26.3078386+08:00	0x08	-0.1694	-0.0178	0.7193	0.6735	95.40	344.13	348.31
2026-04-23T15:51:26.3078386+08:00	0x01	-0.2738	-0.3897	0.8171	-0.3247	213.17	340.42	54.56
2026-04-23T15:51:26.3078386+08:00	0x06	-0.1486	-0.0842	0.9819	-0.0819	187.96	343.56	10.94
2026-04-23T15:51:26.3078386+08:00	0x09	0.8684	-0.0233	-0.4936	0.0403	184.62	239.34	2.70
2026-04-23T15:51:26.3078386+08:00	0x02	-0.0155	-0.3300	0.9060	-0.2646	216.16	10.62	37.32
2026-04-23T15:51:26.3078386+08:00	0x07	0.3042	-0.7814	-0.0911	-0.5373	334.69	117.38	332.02
2026-04-23T15:51:26.3078386+08:00	0x04	-0.1384	0.1223	0.9693	-0.1623	200.80	341.71	348.92
2026-04-23T15:51:26.3088359+08:00	0x03	0.3387	-0.1945	-0.8525	-0.3475	145.99	327.53	325.46
2026-04-23T15:51:26.3088359+08:00	0x08	-0.1694	-0.0178	0.7194	0.6734	95.42	344.14	348.32
2026-04-23T15:51:26.3088359+08:00	0x06	-0.1486	-0.0840	0.9819	-0.0817	187.93	343.55	10.91
2026-04-23T15:51:26.3088359+08:00	0x09	0.8687	-0.0235	-0.4932	0.0404	184.63	239.28	2.69
2026-04-23T15:51:26.3088359+08:00	0x02	-0.0148	-0.3321	0.9058	-0.2626	215.99	10.73	37.55
2026-04-23T15:51:26.3088359+08:00	0x07	0.3034	-0.7820	-0.0902	-0.5370	334.72	117.41	332.16
2026-04-23T15:51:26.3088359+08:00	0x03	0.3400	-0.1930	-0.8520	-0.3483	145.90	327.35	325.55
2026-04-23T15:51:26.3088359+08:00	0x01	-0.2746	-0.3915	0.8160	-0.3249	213.17	340.36	54.81
2026-04-23T15:51:26.3088359+08:00	0x06	-0.1485	-0.0840	0.9819	-0.0819	187.96	343.56	10.92
2026-04-23T15:51:26.3088359+08:00	0x02	-0.0129	-0.3330	0.9055	-0.2626	216.10	11.02	37.58
2026-04-23T15:51:26.3088359+08:00	0x04	-0.1387	0.1207	0.9689	-0.1654	201.12	341.68	349.16
2026-04-23T15:51:26.3088359+08:00	0x09	0.8687	-0.0236	-0.4932	0.0404	184.65	239.28	2.69
2026-04-23T15:51:26.3088359+08:00	0x03	0.3404	-0.1916	-0.8525	-0.3473	146.04	327.22	325.73
2026-04-23T15:51:26.3088359+08:00	0x01	-0.2760	-0.3902	0.8164	-0.3241	212.87	339.99	54.69
2026-04-23T15:51:26.3088359+08:00	0x09	0.8685	-0.0249	-0.4935	0.0406	184.78	239.32	2.63
2026-04-23T15:51:26.3088359+08:00	0x04	-0.1488	0.1327	0.9627	-0.1827	203.54	340.00	348.40
2026-04-23T15:51:26.3088359+08:00	0x07	0.3009	-0.7821	-0.0891	-0.5384	334.98	117.15	332.40
2026-04-23T15:51:26.3088359+08:00	0x03	0.3394	-0.1745	-0.8630	-0.3310	147.83	326.43	328.27
2026-04-23T15:51:26.3088359+08:00	0x08	-0.1686	-0.0162	0.7209	0.6720	95.64	344.30	348.27
2026-04-23T15:51:26.3088359+08:00	0x01	-0.2707	-0.4028	0.8264	-0.2854	206.33	337.65	55.12
2026-04-23T15:51:26.3088359+08:00	0x09	0.8677	-0.0186	-0.4950	0.0421	184.25	239.53	3.13
2026-04-23T15:51:26.3088359+08:00	0x02	-0.0033	-0.3400	0.9052	-0.2550	215.73	12.29	38.12
2026-04-23T15:51:26.3088359+08:00	0x05	-0.6666	0.3098	0.6042	0.3075	183.84	262.52	308.34
2026-04-23T15:51:26.3088359+08:00	0x08	-0.1692	-0.0147	0.7200	0.6729	95.51	344.38	348.08
2026-04-23T15:51:26.3088359+08:00	0x03	0.3504	-0.1394	-0.8908	-0.2536	156.96	322.27	334.78
2026-04-23T15:51:26.3088359+08:00	0x04	-0.1188	0.1017	0.8972	-0.4130	230.17	342.66	355.16
2026-04-23T15:51:26.3088359+08:00	0x03	0.3523	-0.1473	-0.8782	-0.2880	153.05	323.00	332.51
2026-04-23T15:51:26.3088359+08:00	0x06	-0.1469	-0.0836	0.9821	-0.0830	188.10	343.76	10.87
2026-04-23T15:51:26.3088359+08:00	0x09	0.8684	-0.0239	-0.4935	0.0424	184.79	239.34	2.86
2026-04-23T15:51:26.3088359+08:00	0x07	0.2984	-0.7842	-0.0871	-0.5371	335.11	117.30	332.80
2026-04-23T15:51:26.3088359+08:00	0x03	0.3408	-0.1605	-0.8901	-0.2565	156.98	323.79	332.58
2026-04-23T15:51:26.3088359+08:00	0x08	-0.1697	-0.0149	0.7204	0.6723	95.61	344.31	348.07
2026-04-23T15:51:26.3088359+08:00	0x06	-0.1474	-0.0833	0.9821	-0.0826	188.06	343.69	10.84
2026-04-23T15:51:26.3088359+08:00	0x04	-0.1160	0.0969	0.9033	-0.4015	228.62	343.24	355.30
2026-04-23T15:51:26.3088359+08:00	0x03	0.3516	-0.1560	-0.8875	-0.2537	157.51	322.26	332.92
2026-04-23T15:51:26.3088359+08:00	0x08	-0.1699	-0.0146	0.7204	0.6723	95.61	344.31	348.03
2026-04-23T15:51:26.3088359+08:00	0x06	-0.1473	-0.0834	0.9820	-0.0834	188.15	343.71	10.86
2026-04-23T15:51:26.3088359+08:00	0x09	0.8696	-0.0235	-0.4913	0.0424	184.74	239.05	2.91
2026-04-23T15:51:26.3088359+08:00	0x04	-0.1256	0.1106	0.9005	-0.4014	228.97	341.55	354.35
2026-04-23T15:51:26.3088359+08:00	0x07	0.2964	-0.7869	-0.0855	-0.5344	335.14	117.65	333.18
2026-04-23T15:51:26.3088359+08:00	0x03	0.3560	-0.1544	-0.8924	-0.2305	160.39	321.09	333.92
2026-04-23T15:51:26.3088359+08:00	0x08	-0.1704	-0.0139	0.7203	0.6723	95.62	344.32	347.93
2026-04-23T15:51:26.3088359+08:00	0x06	-0.1478	-0.0837	0.9819	-0.0840	188.21	343.66	10.91
2026-04-23T15:51:26.3088359+08:00	0x09	0.8714	-0.0228	-0.4882	0.0424	184.66	238.65	2.96
2026-04-23T15:51:26.3088359+08:00	0x02	0.0089	-0.3656	0.8991	-0.2407	215.46	14.69	40.78
2026-04-23T15:51:26.3088359+08:00	0x04	-0.1199	0.0944	0.9066	-0.3935	227.58	342.98	355.59
2026-04-23T15:51:26.3088359+08:00	0x03	0.3517	-0.1469	-0.8966	-0.2256	160.59	321.50	335.04
2026-04-23T15:51:26.3088359+08:00	0x08	-0.1712	-0.0135	0.7204	0.6719	95.68	344.28	347.84
2026-04-23T15:51:26.3088359+08:00	0x06	-0.1473	-0.0835	0.9820	-0.0837	188.18	343.72	10.87
2026-04-23T15:51:26.3088359+08:00	0x09	0.8710	-0.0235	-0.4889	0.0425	184.73	238.73	2.92
2026-04-23T15:51:26.3088359+08:00	0x04	-0.1162	0.1186	0.9046	-0.3925	228.03	342.20	352.92
2026-04-23T15:51:26.3088359+08:00	0x07	0.2943	-0.7883	-0.0847	-0.5337	335.31	117.72	333.41
2026-04-23T15:51:26.3088359+08:00	0x03	0.3504	-0.1478	-0.8999	-0.2136	162.02	321.39	335.44
2026-04-23T15:51:26.3088359+08:00	0x08	-0.1706	-0.0141	0.7203	0.6722	95.63	344.29	347.93
2026-04-23T15:51:26.3088359+08:00	0x06	-0.1469	-0.0828	0.9821	-0.0835	188.17	343.75	10.79
2026-04-23T15:51:26.3088359+08:00	0x09	0.8702	-0.0237	-0.4902	0.0432	184.81	238.92	2.98
2026-04-23T15:51:26.3088359+08:00	0x04	-0.1341	0.1183	0.9017	-0.3936	228.24	340.31	353.81
2026-04-23T15:51:26.3088359+08:00	0x01	-0.2751	-0.4180	0.8146	-0.2933	207.38	337.87	57.39
2026-04-23T15:51:26.3088359+08:00	0x07	0.2933	-0.7884	-0.0835	-0.5343	335.37	117.62	333.57
2026-04-23T15:51:26.3088359+08:00	0x03	0.3516	-0.1472	-0.9017	-0.2040	163.16	321.02	335.86
2026-04-23T15:51:26.3088359+08:00	0x08	-0.1706	-0.0134	0.7202	0.6723	95.62	344.35	347.87
2026-04-23T15:51:26.3088359+08:00	0x01	-0.2741	-0.4192	0.8146	-0.2926	207.34	338.00	57.49
2026-04-23T15:51:26.3088359+08:00	0x09	0.8709	-0.0240	-0.4890	0.0429	184.81	238.75	2.94
2026-04-23T15:51:26.3098326+08:00	0x02	0.0115	-0.3701	0.8980	-0.2377	215.38	15.16	41.24
2026-04-23T15:51:26.3098326+08:00	0x07	0.2917	-0.7899	-0.0830	-0.5330	335.47	117.77	333.77
2026-04-23T15:51:26.3098326+08:00	0x03	0.3551	-0.1413	-0.8946	-0.2317	159.77	321.16	335.33
2026-04-23T15:51:26.3098326+08:00	0x01	-0.2729	-0.4201	0.8144	-0.2927	207.49	338.26	57.58
2026-04-23T15:51:26.3098326+08:00	0x02	0.0084	-0.3656	0.8991	-0.2408	215.45	14.63	40.79
2026-04-23T15:51:26.3098326+08:00	0x07	0.2905	-0.7903	-0.0821	-0.5331	335.56	117.74	333.92
2026-04-23T15:51:26.3098326+08:00	0x08	-0.1715	-0.0132	0.7210	0.6712	95.79	344.27	347.82
2026-04-23T15:51:26.3098326+08:00	0x01	-0.2714	-0.4244	0.8125	-0.2934	207.79	338.71	58.09
2026-04-23T15:51:26.3098326+08:00	0x03	0.3532	-0.1461	-0.8968	-0.2230	160.92	321.24	335.20
2026-04-23T15:51:26.3098326+08:00	0x06	-0.1475	-0.0835	0.9819	-0.0843	188.25	343.70	10.89
2026-04-23T15:51:26.3098326+08:00	0x09	0.8715	-0.0243	-0.4879	0.0426	184.82	238.60	2.90
2026-04-23T15:51:26.3098326+08:00	0x07	0.2897	-0.7910	-0.0816	-0.5327	335.60	117.79	334.04
2026-04-23T15:51:26.3098326+08:00	0x04	-0.1137	0.1005	0.9094	-0.3872	226.92	343.39	354.56
2026-04-23T15:51:26.3098326+08:00	0x03	0.3496	-0.1421	-0.9047	-0.1979	163.63	321.14	336.71
2026-04-23T15:51:26.3098326+08:00	0x08	-0.1719	-0.0130	0.7211	0.6710	95.83	344.24	347.77
2026-04-23T15:51:26.3098326+08:00	0x01	-0.2722	-0.4231	0.8141	-0.2900	207.05	338.17	57.86
2026-04-23T15:51:26.3098326+08:00	0x02	0.0125	-0.3736	0.8979	-0.2326	214.88	15.23	41.68
2026-04-23T15:51:26.3098326+08:00	0x07	0.2874	-0.7928	-0.0807	-0.5313	335.76	117.95	334.31
2026-04-23T15:51:26.3098326+08:00	0x03	0.3556	-0.1387	-0.8991	-0.2143	161.75	320.70	336.30
2026-04-23T15:51:26.3098326+08:00	0x08	-0.1726	-0.0125	0.7212	0.6707	95.87	344.22	347.67
2026-04-23T15:51:26.3098326+08:00	0x06	-0.1479	-0.0838	0.9818	-0.0847	188.29	343.66	10.93
2026-04-23T15:51:26.3098326+08:00	0x01	-0.2727	-0.4244	0.8121	-0.2933	207.64	338.44	58.13
2026-04-23T15:51:26.3098326+08:00	0x09	0.8730	-0.0240	-0.4852	0.0425	184.78	238.25	2.91
2026-04-23T15:51:26.3098326+08:00	0x07	0.2872	-0.7933	-0.0805	-0.5308	335.76	118.02	334.37
2026-04-23T15:51:26.3098326+08:00	0x04	-0.1232	0.0937	0.9139	-0.3752	225.33	342.76	355.48
2026-04-23T15:51:26.3098326+08:00	0x03	0.3444	-0.1412	-0.9056	-0.2035	162.82	321.93	336.68
2026-04-23T15:51:26.3098326+08:00	0x01	-0.2702	-0.4279	0.8116	-0.2919	207.63	338.84	58.46
2026-04-23T15:51:26.3098326+08:00	0x02	0.0146	-0.3811	0.8945	-0.2331	215.48	16.03	42.46
2026-04-23T15:51:26.3098326+08:00	0x09	0.8720	-0.0230	-0.4871	0.0426	184.68	238.49	2.98
2026-04-23T15:51:26.3098326+08:00	0x03	0.3499	-0.1367	-0.9005	-0.2190	160.98	321.53	336.46
2026-04-23T15:51:26.3098326+08:00	0x08	-0.1718	-0.0129	0.7211	0.6710	95.82	344.26	347.76
2026-04-23T15:51:26.3098326+08:00	0x02	0.0165	-0.3778	0.8956	-0.2344	215.56	16.14	41.98
2026-04-23T15:51:26.3098326+08:00	0x09	0.8717	-0.0229	-0.4876	0.0428	184.69	238.56	2.99
2026-04-23T15:51:26.3098326+08:00	0x07	0.2869	-0.7915	-0.0796	-0.5338	335.84	117.58	334.39
2026-04-23T15:51:26.3098326+08:00	0x03	0.3525	-0.1361	-0.9048	-0.1963	163.69	320.71	337.38
2026-04-23T15:51:26.3098326+08:00	0x08	-0.1718	-0.0122	0.7210	0.6712	95.80	344.31	347.70
2026-04-23T15:51:26.3098326+08:00	0x02	0.0106	-0.3696	0.8991	-0.2342	214.81	14.81	41.27
2026-04-23T15:51:26.3098326+08:00	0x09	0.8727	-0.0225	-0.4858	0.0430	184.66	238.33	3.04
2026-04-23T15:51:26.3098326+08:00	0x07	0.2858	-0.7933	-0.0784	-0.5318	335.82	117.84	334.64
2026-04-23T15:51:26.3098326+08:00	0x03	0.3564	-0.1358	-0.8994	-0.2138	161.74	320.58	336.63
2026-04-23T15:51:26.3098326+08:00	0x04	-0.1269	0.1101	0.9060	-0.3886	227.37	341.51	354.21
2026-04-23T15:51:26.3098326+08:00	0x06	-0.1478	-0.0835	0.9818	-0.0849	188.31	343.67	10.90
2026-04-23T15:51:26.3098326+08:00	0x08	-0.1720	-0.0123	0.7207	0.6714	95.76	344.29	347.69
2026-04-23T15:51:26.3098326+08:00	0x09	0.8729	-0.0238	-0.4855	0.0426	184.77	238.29	2.94
2026-04-23T15:51:26.3098326+08:00	0x07	0.2834	-0.7941	-0.0775	-0.5320	336.04	117.78	334.87
2026-04-23T15:51:26.3098326+08:00	0x04	-0.1423	0.1052	0.9178	-0.3555	223.27	340.28	354.73
2026-04-23T15:51:26.3098326+08:00	0x06	-0.1476	-0.0836	0.9819	-0.0846	188.28	343.69	10.90
2026-04-23T15:51:26.3098326+08:00	0x01	-0.2718	-0.4225	0.8139	-0.2918	207.43	338.42	57.82
2026-04-23T15:51:26.3098326+08:00	0x09	0.8722	-0.0240	-0.4867	0.0427	184.79	238.44	2.93
2026-04-23T15:51:26.3098326+08:00	0x04	-0.1280	0.1010	0.9219	-0.3515	222.61	342.03	354.48
2026-04-23T15:51:26.3098326+08:00	0x07	0.2822	-0.7943	-0.0767	-0.5326	336.15	117.67	335.01
2026-04-23T15:51:26.3098326+08:00	0x03	0.3634	-0.1452	-0.8807	-0.2668	155.92	320.96	333.27
2026-04-23T15:51:26.3098326+08:00	0x08	-0.1718	-0.0131	0.7208	0.6714	95.76	344.26	347.77
2026-04-23T15:51:26.3098326+08:00	0x02	0.0131	-0.3794	0.8952	-0.2335	215.37	15.74	42.31
2026-04-23T15:51:26.3098326+08:00	0x04	-0.1404	0.1147	0.9201	-0.3472	222.49	340.11	353.48
2026-04-23T15:51:26.3098326+08:00	0x07	0.2808	-0.7961	-0.0759	-0.5307	336.19	117.92	335.23
2026-04-23T15:51:26.3098326+08:00	0x03	0.3612	-0.1455	-0.8752	-0.2871	153.38	321.78	332.48
2026-04-23T15:51:26.3098326+08:00	0x06	-0.1489	-0.0824	0.9818	-0.0838	188.19	343.52	10.76
2026-04-23T15:51:26.3098326+08:00	0x01	-0.2699	-0.4248	0.8127	-0.2936	207.98	339.01	58.10
2026-04-23T15:51:26.3098326+08:00	0x04	-0.1310	0.1193	0.9141	-0.3648	224.70	340.79	352.97
2026-04-23T15:51:26.3098326+08:00	0x07	0.2794	-0.7971	-0.0752	-0.5300	336.29	118.00	335.41
2026-04-23T15:51:26.3098326+08:00	0x09	0.8732	-0.0248	-0.4849	0.0417	184.81	238.21	2.79
2026-04-23T15:51:26.3108308+08:00	0x08	-0.1722	-0.0132	0.7205	0.6716	95.73	344.21	347.75
2026-04-23T15:51:26.3108308+08:00	0x03	0.3603	-0.1500	-0.8834	-0.2594	156.89	321.21	333.14
2026-04-23T15:51:26.3108308+08:00	0x02	0.0107	-0.3844	0.8922	-0.2368	216.03	15.94	42.91
2026-04-23T15:51:26.3108308+08:00	0x09	0.8739	-0.0256	-0.4836	0.0414	184.87	238.04	2.73
2026-04-23T15:51:26.3108308+08:00	0x04	-0.1344	0.1005	0.9168	-0.3623	223.94	341.31	355.01
2026-04-23T15:51:26.3108308+08:00	0x03	0.3607	-0.1483	-0.8815	-0.2662	156.02	321.33	333.04
2026-04-23T15:51:26.3108308+08:00	0x03	0.3603	-0.1500	-0.8834	-0.2594	156.89	321.21	333.14
2026-04-23T15:51:26.3108308+08:00	0x06	-0.1495	-0.0820	0.9817	-0.0843	188.25	343.46	10.73
2026-04-23T15:51:26.3108308+08:00	0x01	-0.2686	-0.4244	0.8139	-0.2921	207.82	339.09	57.97
2026-04-23T15:51:26.3108308+08:00	0x08	-0.1719	-0.0133	0.7205	0.6716	95.72	344.23	347.77
2026-04-23T15:51:26.3108308+08:00	0x02	0.0135	-0.3905	0.8902	-0.2344	216.18	16.60	43.54
2026-04-23T15:51:26.3108308+08:00	0x07	0.2769	-0.7993	-0.0742	-0.5282	336.44	118.22	335.73
2026-04-23T15:51:26.3108308+08:00	0x03	0.3609	-0.1480	-0.8804	-0.2698	155.57	321.39	332.91
2026-04-23T15:51:26.3108308+08:00	0x08	-0.1719	-0.0135	0.7205	0.6717	95.71	344.22	347.79
2026-04-23T15:51:26.3108308+08:00	0x06	-0.1499	-0.0818	0.9817	-0.0845	188.27	343.41	10.72
2026-04-23T15:51:26.3108308+08:00	0x09	0.8743	-0.0262	-0.4830	0.0413	184.92	237.95	2.69
2026-04-23T15:51:26.3108308+08:00	0x07	0.2756	-0.8002	-0.0735	-0.5276	336.53	118.29	335.89
2026-04-23T15:51:26.3108308+08:00	0x03	0.3541	-0.1497	-0.8880	-0.2524	157.53	321.86	333.60
2026-04-23T15:51:26.3108308+08:00	0x06	-0.1496	-0.0815	0.9817	-0.0846	188.29	343.44	10.68
2026-04-23T15:51:26.3108308+08:00	0x08	-0.1717	-0.0136	0.7207	0.6715	95.75	344.22	347.82
2026-04-23T15:51:26.3108308+08:00	0x01	-0.2680	-0.4285	0.8158	-0.2811	205.74	338.12	58.19
2026-04-23T15:51:26.3108308+08:00	0x09	0.8741	-0.0246	-0.4832	0.0430	184.85	237.99	2.95
2026-04-23T15:51:26.3108308+08:00	0x07	0.2758	-0.8000	-0.0737	-0.5277	336.53	118.26	335.86
2026-04-23T15:51:26.3108308+08:00	0x04	-0.1226	0.1014	0.9013	-0.4029	228.93	342.32	355.19
2026-04-23T15:51:26.3108308+08:00	0x03	0.3470	-0.1434	-0.9045	-0.2023	163.11	321.57	336.44
2026-04-23T15:51:26.3108308+08:00	0x01	-0.2657	-0.4312	0.8161	-0.2783	205.44	338.32	58.39
2026-04-23T15:51:26.3108308+08:00	0x09	0.8747	-0.0245	-0.4822	0.0427	184.83	237.86	2.93
2026-04-23T15:51:26.3108308+08:00	0x07	0.2742	-0.8011	-0.0731	-0.5270	336.64	118.35	336.04
2026-04-23T15:51:26.3108308+08:00	0x04	-0.1275	0.0870	0.9085	-0.3883	226.81	342.55	356.62
2026-04-23T15:51:26.3108308+08:00	0x03	0.3512	-0.1446	-0.8989	-0.2186	161.34	321.39	335.58
2026-04-23T15:51:26.3108308+08:00	0x01	-0.2660	-0.4359	0.8107	-0.2863	206.99	339.19	59.22
2026-04-23T15:51:26.3108308+08:00	0x09	0.8743	-0.0240	-0.4829	0.0430	184.80	237.96	2.98
2026-04-23T15:51:26.3108308+08:00	0x04	-0.1305	0.1096	0.9167	-0.3615	224.05	341.32	353.88
2026-04-23T15:51:26.3108308+08:00	0x02	0.0233	-0.4000	0.8877	-0.2269	216.15	18.19	44.40
2026-04-23T15:51:26.3108308+08:00	0x05	-0.5776	0.4442	0.5020	0.4659	194.85	249.55	280.21
2026-04-23T15:51:26.3108308+08:00	0x03	0.3491	-0.1409	-0.9013	-0.2144	161.65	321.55	336.19
2026-04-23T15:51:26.3108308+08:00	0x01	-0.2651	-0.4338	0.8130	-0.2837	206.56	339.05	58.85
2026-04-23T15:51:26.3108308+08:00	0x09	0.8744	-0.0240	-0.4827	0.0428	184.79	237.92	2.97
2026-04-23T15:51:26.3108308+08:00	0x02	0.0211	-0.3894	0.8912	-0.2318	216.09	17.41	43.18
2026-04-23T15:51:26.3108308+08:00	0x07	0.2726	-0.8015	-0.0719	-0.5273	336.76	118.28	336.24
2026-04-23T15:51:26.3108308+08:00	0x03	0.3498	-0.1404	-0.9025	-0.2082	162.38	321.32	336.48
2026-04-23T15:51:26.3108308+08:00	0x06	-0.1496	-0.0811	0.9818	-0.0839	188.21	343.44	10.62
2026-04-23T15:51:26.3108308+08:00	0x01	-0.2670	-0.4311	0.8147	-0.2813	205.89	338.39	58.50
2026-04-23T15:51:26.3108308+08:00	0x09	0.8759	-0.0240	-0.4801	0.0426	184.76	237.58	2.95
2026-04-23T15:51:26.3108308+08:00	0x07	0.2716	-0.8032	-0.0714	-0.5253	336.79	118.54	336.42
2026-04-23T15:51:26.3108308+08:00	0x08	-0.1728	-0.0129	0.7214	0.6705	95.91	344.16	347.69
2026-04-23T15:51:26.3108308+08:00	0x01	-0.2675	-0.4312	0.8143	-0.2817	205.92	338.34	58.54
2026-04-23T15:51:26.3108308+08:00	0x02	0.0157	-0.3857	0.8940	-0.2276	214.98	16.18	43.03
2026-04-23T15:51:26.3108308+08:00	0x07	0.2700	-0.8041	-0.0706	-0.5249	336.90	118.58	336.61
2026-04-23T15:51:26.3108308+08:00	0x03	0.3527	-0.1288	-0.9063	-0.1940	163.70	320.62	338.27
2026-04-23T15:51:26.3108308+08:00	0x06	-0.1500	-0.0820	0.9817	-0.0835	188.15	343.40	10.72
2026-04-23T15:51:26.3108308+08:00	0x01	-0.2648	-0.4318	0.8143	-0.2834	206.54	339.05	58.58
2026-04-23T15:51:26.3108308+08:00	0x09	0.8758	-0.0226	-0.4802	0.0435	184.67	237.60	3.12
2026-04-23T15:51:26.3108308+08:00	0x02	0.0054	-0.3731	0.8991	-0.2290	213.99	14.05	41.94
2026-04-23T15:51:26.3108308+08:00	0x07	0.2714	-0.8033	-0.0714	-0.5253	336.81	118.54	336.43
2026-04-23T15:51:26.3108308+08:00	0x06	-0.1496	-0.0797	0.9820	-0.0838	188.23	343.43	10.46
2026-04-23T15:51:26.3108308+08:00	0x08	-0.1730	-0.0136	0.7223	0.6694	96.07	344.08	347.76
2026-04-23T15:51:26.3108308+08:00	0x09	0.8758	-0.0213	-0.4802	0.0442	184.58	237.60	3.26
2026-04-23T15:51:26.3108308+08:00	0x02	0.0041	-0.3741	0.8982	-0.2306	214.22	14.03	42.08
2026-04-23T15:51:26.3108308+08:00	0x04	-0.1324	0.0873	0.9162	-0.3680	224.33	342.10	356.42
2026-04-23T15:51:26.3108308+08:00	0x03	0.3578	-0.1332	-0.9000	-0.2101	162.11	320.30	337.04
2026-04-23T15:51:26.3108308+08:00	0x07	0.2683	-0.8040	-0.0703	-0.5260	337.10	118.39	336.72
2026-04-23T15:51:26.3108308+08:00	0x01	-0.2661	-0.4305	0.8156	-0.2806	205.85	338.47	58.37
2026-04-23T15:51:26.3108308+08:00	0x02	0.0053	-0.3773	0.8970	-0.2304	214.41	14.38	42.41
2026-04-23T15:51:26.3108308+08:00	0x04	-0.1235	0.1112	0.9296	-0.3289	220.10	342.23	352.79
2026-04-23T15:51:26.3108308+08:00	0x07	0.2664	-0.8057	-0.0697	-0.5244	337.22	118.59	336.94
2026-04-23T15:51:26.3108308+08:00	0x03	0.3528	-0.1408	-0.8996	-0.2157	161.59	321.11	336.07
2026-04-23T15:51:26.3118701+08:00	0x08	-0.1731	-0.0135	0.7215	0.6703	95.93	344.09	347.72
2026-04-23T15:51:26.3118701+08:00	0x01	-0.2651	-0.4279	0.8181	-0.2781	205.46	338.35	57.95
2026-04-23T15:51:26.3118701+08:00	0x02	0.0074	-0.3804	0.8961	-0.2285	214.41	14.75	42.71
2026-04-23T15:51:26.3118701+08:00	0x04	-0.1145	0.1198	0.9071	-0.3869	227.34	342.36	352.60
2026-04-23T15:51:26.3118701+08:00	0x09	0.8766	-0.0218	-0.4788	0.0434	184.59	237.41	3.17
2026-04-23T15:51:26.3118701+08:00	0x03	0.3494	-0.1376	-0.9060	-0.1953	163.77	321.10	337.31
2026-04-23T15:51:26.3118701+08:00	0x08	-0.1733	-0.0129	0.7214	0.6704	95.92	344.12	347.66
2026-04-23T15:51:26.3118701+08:00	0x01	-0.2656	-0.4335	0.8145	-0.2796	205.71	338.51	58.72
2026-04-23T15:51:26.3118701+08:00	0x09	0.8765	-0.0227	-0.4788	0.0433	184.66	237.42	3.10
2026-04-23T15:51:26.3118701+08:00	0x02	0.0154	-0.3808	0.8967	-0.2254	214.35	15.68	42.53
2026-04-23T15:51:26.3118701+08:00	0x07	0.2653	-0.8063	-0.0692	-0.5241	337.31	118.62	337.06
2026-04-23T15:51:26.3118701+08:00	0x03	0.3512	-0.1364	-0.9075	-0.1857	164.89	320.68	337.79
2026-04-23T15:51:26.3118701+08:00	0x08	-0.1730	-0.0128	0.7210	0.6708	95.85	344.16	347.66
2026-04-23T15:51:26.3118701+08:00	0x02	0.0141	-0.3817	0.8957	-0.2277	214.69	15.70	42.63
2026-04-23T15:51:26.3118701+08:00	0x09	0.8765	-0.0222	-0.4790	0.0433	184.62	237.44	3.13
2026-04-23T15:51:26.3118701+08:00	0x07	0.2642	-0.8068	-0.0685	-0.5240	337.39	118.61	337.21
2026-04-23T15:51:26.3118701+08:00	0x03	0.3555	-0.1410	-0.9060	-0.1816	165.64	320.04	337.38
2026-04-23T15:51:26.3118701+08:00	0x05	-0.5632	0.4522	0.4870	0.4910	195.97	247.43	276.50
2026-04-23T15:51:26.3118701+08:00	0x01	-0.2661	-0.4327	0.8145	-0.2803	205.79	338.48	58.66
2026-04-23T15:51:26.3118701+08:00	0x02	0.0119	-0.3759	0.9007	-0.2175	212.76	14.46	42.22
2026-04-23T15:51:26.3118701+08:00	0x09	0.8772	-0.0222	-0.4778	0.0422	184.55	237.27	3.03
2026-04-23T15:51:26.3118701+08:00	0x04	-0.1215	0.0949	0.9118	-0.3805	225.99	342.86	355.38
2026-04-23T15:51:26.3118701+08:00	0x07	0.2627	-0.8078	-0.0676	-0.5234	337.48	118.67	337.41
2026-04-23T15:51:26.3118701+08:00	0x05	-0.5598	0.4431	0.4908	0.4994	183.09	259.72	276.25
2026-04-23T15:51:26.3118701+08:00	0x06	-0.1494	-0.0786	0.9819	-0.0855	188.45	343.46	10.36
2026-04-23T15:51:26.3118701+08:00	0x01	-0.2641	-0.4340	0.8131	-0.2840	206.74	339.29	58.86
2026-04-23T15:51:26.3118701+08:00	0x02	0.0079	-0.3766	0.9000	-0.2191	212.84	14.05	42.42
2026-04-23T15:51:26.3118701+08:00	0x09	0.8765	-0.0225	-0.4790	0.0427	184.61	237.44	3.06
2026-04-23T15:51:26.3118701+08:00	0x07	0.2625	-0.8070	-0.0674	-0.5246	337.53	118.49	337.40
2026-04-23T15:51:26.3118701+08:00	0x03	0.3627	-0.1367	-0.8988	-0.2046	163.00	319.57	336.79
2026-04-23T15:51:26.3118701+08:00	0x06	-0.1492	-0.0783	0.9820	-0.0854	188.44	343.49	10.33
2026-04-23T15:51:26.3118701+08:00	0x01	-0.2648	-0.4315	0.8156	-0.2802	205.89	338.68	58.46
2026-04-23T15:51:26.3118701+08:00	0x09	0.8767	-0.0206	-0.4787	0.0431	184.45	237.40	3.20
2026-04-23T15:51:26.3118701+08:00	0x04	-0.1241	0.1292	0.9093	-0.3757	226.27	340.98	351.86
2026-04-23T15:51:26.3118701+08:00	0x07	0.2621	-0.8073	-0.0663	-0.5247	337.51	118.48	337.54
2026-04-23T15:51:26.3118701+08:00	0x03	0.3672	-0.1399	-0.8935	-0.2172	161.77	319.25	335.82
2026-04-23T15:51:26.3118701+08:00	0x08	-0.1726	-0.0124	0.7209	0.6711	95.81	344.22	347.65
2026-04-23T15:51:26.3118701+08:00	0x02	0.0084	-0.3718	0.9021	-0.2190	212.59	13.82	41.85
2026-04-23T15:51:26.3118701+08:00	0x07	0.2595	-0.8082	-0.0656	-0.5245	337.74	118.46	337.77
2026-04-23T15:51:26.3118701+08:00	0x04	-0.1258	0.1357	0.9157	-0.3567	224.12	340.65	350.86
2026-04-23T15:51:26.3118701+08:00	0x03	0.3651	-0.1451	-0.8962	-0.2061	163.21	319.30	335.76
2026-04-23T15:51:26.3118701+08:00	0x06	-0.1493	-0.0797	0.9817	-0.0869	188.58	343.49	10.51
2026-04-23T15:51:26.3118701+08:00	0x08	-0.1731	-0.0124	0.7212	0.6706	95.89	344.17	347.63
2026-04-23T15:51:26.3118701+08:00	0x02	0.0056	-0.3694	0.9025	-0.2215	212.70	13.44	41.63
2026-04-23T15:51:26.3118701+08:00	0x09	0.8770	-0.0221	-0.4781	0.0429	184.58	237.31	3.11
2026-04-23T15:51:26.3118701+08:00	0x07	0.2589	-0.8087	-0.0655	-0.5241	337.79	118.50	337.84
2026-04-23T15:51:26.3118701+08:00	0x03	0.3602	-0.1435	-0.9023	-0.1886	165.05	319.56	336.75
2026-04-23T15:51:26.3118701+08:00	0x05	-0.5643	0.4466	0.4868	0.4952	191.19	251.57	276.48
2026-04-23T15:51:26.3118701+08:00	0x06	-0.1489	-0.0795	0.9818	-0.0867	188.57	343.54	10.49
2026-04-23T15:51:26.3118701+08:00	0x02	0.0076	-0.3669	0.9035	-0.2212	212.63	13.55	41.28
2026-04-23T15:51:26.3118701+08:00	0x04	-0.1231	0.1260	0.9192	-0.3522	223.29	341.44	351.67
2026-04-23T15:51:26.3118701+08:00	0x09	0.8768	-0.0228	-0.4783	0.0427	184.64	237.35	3.05
2026-04-23T15:51:26.3118701+08:00	0x07	0.2576	-0.8089	-0.0647	-0.5245	337.89	118.43	337.98
2026-04-23T15:51:26.3118701+08:00	0x05	-0.5597	0.4430	0.4914	0.4990	182.85	260.01	276.29
2026-04-23T15:51:26.3118701+08:00	0x03	0.3605	-0.1483	-0.8960	-0.2126	162.43	320.06	335.23
2026-04-23T15:51:26.3118701+08:00	0x06	-0.1490	-0.0793	0.9819	-0.0864	188.54	343.53	10.45
2026-04-23T15:51:26.3118701+08:00	0x09	0.8766	-0.0229	-0.4788	0.0427	184.65	237.42	3.03
2026-04-23T15:51:26.3118701+08:00	0x01	-0.2641	-0.4345	0.8118	-0.2871	207.34	339.63	59.00
2026-04-23T15:51:26.3118701+08:00	0x02	0.0082	-0.3701	0.9029	-0.2184	212.42	13.67	41.67
2026-04-23T15:51:26.3118701+08:00	0x07	0.2570	-0.8087	-0.0643	-0.5252	337.95	118.33	338.04
2026-04-23T15:51:26.3118701+08:00	0x03	0.3591	-0.1456	-0.8971	-0.2123	162.33	320.22	335.57
2026-04-23T15:51:26.3118701+08:00	0x06	-0.1490	-0.0789	0.9819	-0.0861	188.51	343.52	10.41
2026-04-23T15:51:26.3118701+08:00	0x02	0.0062	-0.3692	0.9022	-0.2231	212.96	13.60	41.55
2026-04-23T15:51:26.3128560+08:00	0x04	-0.1218	0.1041	0.9169	-0.3656	224.39	342.48	354.15
2026-04-23T15:51:26.3128560+08:00	0x07	0.2560	-0.8099	-0.0633	-0.5239	337.97	118.49	338.24
2026-04-23T15:51:26.3128560+08:00	0x03	0.3597	-0.1455	-0.9021	-0.1886	165.11	319.64	336.53
2026-04-23T15:51:26.3128560+08:00	0x01	-0.2642	-0.4290	0.8167	-0.2812	206.16	338.87	58.15
2026-04-23T15:51:26.3128560+08:00	0x08	-0.1736	-0.0124	0.7210	0.6707	95.88	344.13	347.59
2026-04-23T15:51:26.3128560+08:00	0x09	0.8774	-0.0223	-0.4774	0.0425	184.58	237.22	3.05
2026-04-23T15:51:26.3128560+08:00	0x07	0.2552	-0.8099	-0.0632	-0.5243	338.07	118.43	338.28
2026-04-23T15:51:26.3128560+08:00	0x03	0.3622	-0.1424	-0.9014	-0.1899	164.91	319.34	336.78
2026-04-23T15:51:26.3128560+08:00	0x01	-0.2634	-0.4301	0.8170	-0.2796	205.93	338.87	58.22
2026-04-23T15:51:26.3128560+08:00	0x08	-0.1732	-0.0125	0.7211	0.6707	95.87	344.17	347.63
2026-04-23T15:51:26.3128560+08:00	0x04	-0.1186	0.1231	0.9098	-0.3782	226.38	341.84	352.28
2026-04-23T15:51:26.3128560+08:00	0x09	0.8768	-0.0221	-0.4785	0.0430	184.58	237.37	3.11
2026-04-23T15:51:26.3128560+08:00	0x07	0.2547	-0.8096	-0.0627	-0.5251	338.11	118.31	338.34
2026-04-23T15:51:26.3128560+08:00	0x03	0.3579	-0.1410	-0.9055	-0.1791	166.01	319.67	337.44
2026-04-23T15:51:26.3128560+08:00	0x01	-0.2640	-0.4377	0.8116	-0.2831	206.57	339.28	59.30
2026-04-23T15:51:26.3128560+08:00	0x08	-0.1734	-0.0129	0.7213	0.6704	95.92	344.11	347.65
2026-04-23T15:51:26.3128560+08:00	0x04	-0.1259	0.1336	0.9147	-0.3601	224.48	340.71	351.16
2026-04-23T15:51:26.3128560+08:00	0x09	0.8769	-0.0209	-0.4782	0.0433	184.49	237.33	3.20
2026-04-23T15:51:26.3128560+08:00	0x05	-0.5640	0.4506	0.4828	0.4958	196.08	246.66	276.12
2026-04-23T15:51:26.3128560+08:00	0x07	0.2534	-0.8101	-0.0620	-0.5251	338.20	118.29	338.49
2026-04-23T15:51:26.3128560+08:00	0x03	0.3671	-0.1424	-0.8860	-0.2447	158.60	319.90	334.40
2026-04-23T15:51:26.3128560+08:00	0x01	-0.2631	-0.4318	0.8155	-0.2816	206.36	339.18	58.48
2026-04-23T15:51:26.3128560+08:00	0x08	-0.1734	-0.0132	0.7207	0.6711	95.81	344.10	347.66
2026-04-23T15:51:26.3128560+08:00	0x02	0.0051	-0.3741	0.8993	-0.2263	213.63	13.92	42.11
2026-04-23T15:51:26.3128560+08:00	0x09	0.8762	-0.0216	-0.4795	0.0433	184.57	237.51	3.16
2026-04-23T15:51:26.3128560+08:00	0x07	0.2536	-0.8093	-0.0613	-0.5263	338.18	118.11	338.52
2026-04-23T15:51:26.3128560+08:00	0x03	0.3640	-0.1585	-0.8736	-0.2816	154.54	321.40	331.19
2026-04-23T15:51:26.3128560+08:00	0x08	-0.1736	-0.0116	0.7211	0.6707	95.89	344.19	347.52
2026-04-23T15:51:26.3128560+08:00	0x09	0.8763	-0.0206	-0.4796	0.0415	184.36	237.50	3.03
2026-04-23T15:51:26.3128560+08:00	0x04	-0.1563	0.0908	0.9770	-0.1133	194.61	340.78	351.84
2026-04-23T15:51:26.3128560+08:00	0x07	0.2771	-0.7809	-0.0694	-0.5555	336.97	114.23	335.40
2026-04-23T15:51:26.3128560+08:00	0x03	0.3412	-0.1525	-0.8782	-0.2984	151.56	324.80	331.87
2026-04-23T15:51:26.3128560+08:00	0x01	-0.2631	-0.4320	0.8154	-0.2817	206.37	339.18	58.51
2026-04-23T15:51:26.3128560+08:00	0x06	-0.1114	-0.0971	0.9824	-0.1143	192.00	348.38	12.49
2026-04-23T15:51:26.3128560+08:00	0x02	-0.0319	-0.4619	0.7799	-0.4212	250.79	30.70	48.36
2026-04-23T15:51:26.3128560+08:00	0x09	0.8742	-0.0164	-0.4829	0.0491	184.38	237.99	4.02
2026-04-23T15:51:26.3128560+08:00	0x07	0.2932	-0.7495	-0.0645	-0.5900	336.09	109.24	333.72
2026-04-23T15:51:26.3128560+08:00	0x03	0.3327	-0.1097	-0.9060	-0.2374	157.52	323.87	339.10
2026-04-23T15:51:26.3128560+08:00	0x01	-0.3510	-0.3533	0.4660	-0.7314	306.37	20.62	57.42
2026-04-23T15:51:26.3128560+08:00	0x02	-0.0308	-0.4596	0.7842	-0.4157	249.60	30.11	48.29
2026-04-23T15:51:26.3128560+08:00	0x04	-0.1724	0.0847	0.9752	-0.1104	194.27	339.03	352.70
2026-04-23T15:51:26.3128560+08:00	0x07	0.2848	-0.7516	-0.0574	-0.5922	336.58	108.81	334.93
2026-04-23T15:51:26.3128560+08:00	0x03	0.3368	-0.0932	-0.9064	-0.2374	157.09	323.15	340.80
2026-04-23T15:51:26.3128560+08:00	0x01	-0.3411	-0.2613	0.2260	-0.8742	341.93	25.63	45.60
2026-04-23T15:51:26.3128560+08:00	0x06	-0.1077	-0.1198	0.9803	-0.1145	191.87	349.03	15.04
2026-04-23T15:51:26.3128560+08:00	0x02	-0.2516	-0.5037	0.5730	-0.5955	296.80	40.41	61.28
2026-04-23T15:51:26.3128560+08:00	0x07	0.2884	-0.7515	-0.0542	-0.5909	335.96	109.04	335.02
2026-04-23T15:51:26.3128560+08:00	0x05	-0.5640	0.4505	0.4829	0.4958	195.97	246.78	276.12
2026-04-23T15:51:26.3128560+08:00	0x03	0.3469	-0.0721	-0.9053	-0.2343	156.96	321.57	342.96
2026-04-23T15:51:26.3128560+08:00	0x06	-0.1081	-0.1196	0.9800	-0.1163	192.08	349.02	15.04
2026-04-23T15:51:26.3128560+08:00	0x09	0.8706	-0.0436	-0.4883	0.0428	186.76	238.68	1.83
2026-04-23T15:51:26.3128560+08:00	0x07	0.2857	-0.7524	-0.0521	-0.5912	336.11	108.96	335.40
2026-04-23T15:51:26.3128560+08:00	0x03	0.3451	-0.0774	-0.9057	-0.2338	157.16	321.86	342.44
2026-04-23T15:51:26.3128560+08:00	0x01	-0.3955	-0.1800	0.2613	-0.8619	330.78	9.46	50.88
2026-04-23T15:51:26.3128560+08:00	0x02	-0.4043	-0.4875	0.5830	-0.5089	268.06	7.13	78.50
2026-04-23T15:51:26.3128560+08:00	0x06	-0.1076	-0.1212	0.9801	-0.1148	191.90	349.06	15.20
2026-04-23T15:51:26.3128560+08:00	0x09	0.8707	-0.0446	-0.4877	0.0451	186.99	238.63	2.01
2026-04-23T15:51:26.3128560+08:00	0x08	-0.1926	-0.0010	0.7171	0.6698	96.09	343.31	345.13
2026-04-23T15:51:26.3128560+08:00	0x07	0.2832	-0.7529	-0.0499	-0.5920	336.24	108.81	335.77
2026-04-23T15:51:26.3128560+08:00	0x03	0.3450	-0.0814	-0.9034	-0.2411	156.44	322.04	341.73
2026-04-23T15:51:26.3128560+08:00	0x06	-0.1080	-0.1220	0.9798	-0.1155	191.96	349.03	15.31
2026-04-23T15:51:26.3128560+08:00	0x02	-0.4871	-0.4734	0.5981	-0.4254	194.11	293.27	78.71
2026-04-23T15:51:26.3128560+08:00	0x09	0.8709	-0.0453	-0.4873	0.0454	187.08	238.58	2.01
2026-04-23T15:51:26.3128560+08:00	0x07	0.2835	-0.7532	-0.0479	-0.5916	336.07	108.87	335.94
2026-04-23T15:51:26.3138643+08:00	0x01	-0.4451	-0.0670	0.3991	-0.7988	296.26	337.34	49.88
2026-04-23T15:51:26.3138643+08:00	0x03	0.3457	-0.0807	-0.9006	-0.2508	155.31	322.11	341.42
2026-04-23T15:51:26.3138643+08:00	0x08	-0.1939	-0.0023	0.7209	0.6654	96.80	343.01	345.24
2026-04-23T15:51:26.3138643+08:00	0x02	-0.4923	-0.4897	0.5841	-0.4205	183.10	282.37	80.38
2026-04-23T15:51:26.3138643+08:00	0x04	-0.1836	0.0800	0.9745	-0.1009	193.16	337.88	353.18
2026-04-23T15:51:26.3138643+08:00	0x07	0.2794	-0.7547	-0.0461	-0.5918	336.38	108.80	336.40
2026-04-23T15:51:26.3138643+08:00	0x01	-0.4572	-0.0457	0.4150	-0.7853	291.28	331.97	49.11
2026-04-23T15:51:26.3138643+08:00	0x06	-0.1092	-0.1224	0.9799	-0.1135	191.71	348.87	15.35
2026-04-23T15:51:26.3138643+08:00	0x02	-0.4564	-0.4747	0.5840	-0.4747	230.80	328.14	81.02
2026-04-23T15:51:26.3138643+08:00	0x09	0.8732	-0.0450	-0.4831	0.0452	187.03	238.04	2.03
2026-04-23T15:51:26.3138643+08:00	0x05	-0.7174	0.0239	0.6961	0.0170	180.61	268.25	356.70
2026-04-23T15:51:26.3138643+08:00	0x03	0.3201	-0.1616	-0.9072	-0.2201	160.82	325.54	334.27
2026-04-23T15:51:26.3138643+08:00	0x06	-0.1172	-0.1240	0.9775	-0.1244	192.85	348.11	15.75
2026-04-23T15:51:26.3138643+08:00	0x08	-0.1991	-0.0084	0.7196	0.6651	96.83	342.08	345.36
2026-04-23T15:51:26.3138643+08:00	0x09	0.8747	-0.0425	-0.4810	0.0420	186.59	237.72	1.87
2026-04-23T15:51:26.3138643+08:00	0x07	0.2811	-0.7595	-0.0418	-0.5852	335.73	109.81	336.89
2026-04-23T15:51:26.3138643+08:00	0x01	-0.4374	-0.0622	0.4239	-0.7907	292.73	335.92	48.10
2026-04-23T15:51:26.3138643+08:00	0x03	0.3035	-0.2203	-0.9073	-0.1904	165.70	327.00	328.98
2026-04-23T15:51:26.3138643+08:00	0x02	-0.4573	-0.4754	0.5836	-0.4737	229.92	327.28	81.12
2026-04-23T15:51:26.3138643+08:00	0x04	-0.1806	0.1746	0.9535	-0.1668	203.34	335.26	344.17
2026-04-23T15:51:26.3138643+08:00	0x07	0.2518	-0.7726	-0.0349	-0.5818	338.19	109.99	339.70
2026-04-23T15:51:26.3138643+08:00	0x06	-0.1365	-0.0756	0.9820	-0.1062	191.01	345.16	10.22
2026-04-23T15:51:26.3138643+08:00	0x08	-0.1814	-0.0438	0.7178	0.6707	95.62	341.06	349.60
2026-04-23T15:51:26.3138643+08:00	0x09	0.8639	-0.0151	-0.5019	0.0388	183.73	240.41	2.97
2026-04-23T15:51:26.3138643+08:00	0x04	-0.1793	0.1698	0.9552	-0.1633	202.75	335.62	344.58
2026-04-23T15:51:26.3138643+08:00	0x07	0.2659	-0.7677	-0.0334	-0.5821	336.67	110.08	338.85
2026-04-23T15:51:26.3138643+08:00	0x01	-0.2557	-0.3082	0.8295	-0.3894	223.95	344.84	45.27
2026-04-23T15:51:26.3138643+08:00	0x06	-0.1324	-0.0893	0.9807	-0.1132	191.69	345.84	11.83
2026-04-23T15:51:26.3138643+08:00	0x02	-0.1737	-0.2048	0.9535	-0.1371	192.22	342.18	25.98
2026-04-23T15:51:26.3138643+08:00	0x09	0.8630	-0.0130	-0.5037	0.0350	183.32	240.62	2.71
2026-04-23T15:51:26.3138643+08:00	0x04	-0.1790	0.1472	0.9603	-0.1553	201.13	336.43	346.87
2026-04-23T15:51:26.3138643+08:00	0x07	0.2673	-0.7667	-0.0295	-0.5829	336.29	109.94	339.09
2026-04-23T15:51:26.3138643+08:00	0x03	0.3045	-0.2045	-0.9090	-0.1978	164.33	327.11	330.51
2026-04-23T15:51:26.3138643+08:00	0x08	-0.1868	-0.0554	0.7154	0.6710	95.44	339.72	350.13
2026-04-23T15:51:26.3138643+08:00	0x02	-0.0556	-0.3129	0.9127	-0.2570	212.87	4.25	36.85
2026-04-23T15:51:26.3138643+08:00	0x09	0.8625	-0.0087	-0.5049	0.0329	182.76	240.75	2.75
2026-04-23T15:51:26.3138643+08:00	0x07	0.2640	-0.7656	-0.0260	-0.5861	336.49	109.43	339.56
2026-04-23T15:51:26.3138643+08:00	0x03	0.2988	-0.2077	-0.9093	-0.2020	163.71	327.99	330.10
2026-04-23T15:51:26.3138643+08:00	0x06	-0.1232	-0.0889	0.9820	-0.1118	191.64	346.89	11.66
2026-04-23T15:51:26.3138643+08:00	0x02	-0.0471	-0.3248	0.9110	-0.2498	212.58	5.56	37.98
2026-04-23T15:51:26.3138643+08:00	0x09	0.8620	-0.0080	-0.5059	0.0320	182.65	240.88	2.70
2026-04-23T15:51:26.3138643+08:00	0x04	-0.1702	0.1448	0.9640	-0.1443	199.66	337.66	346.70
2026-04-23T15:51:26.3138643+08:00	0x07	0.2626	-0.7673	-0.0254	-0.5845	336.55	109.64	339.76
2026-04-23T15:51:26.3138643+08:00	0x03	0.2942	-0.2160	-0.9066	-0.2118	162.54	328.93	328.92
2026-04-23T15:51:26.3138643+08:00	0x01	-0.2573	-0.3073	0.8330	-0.3813	222.53	344.03	45.09
2026-04-23T15:51:26.3138643+08:00	0x02	-0.0383	-0.3342	0.9109	-0.2389	211.74	6.64	38.84
2026-04-23T15:51:26.3138643+08:00	0x09	0.8617	-0.0070	-0.5063	0.0327	182.59	240.93	2.82
2026-04-23T15:51:26.3138643+08:00	0x04	-0.1722	0.1540	0.9626	-0.1415	199.62	337.22	345.65
2026-04-23T15:51:26.3138643+08:00	0x03	0.2914	-0.2205	-0.9047	-0.2189	161.66	329.55	328.23
2026-04-23T15:51:26.3138643+08:00	0x06	-0.1251	-0.0774	0.9823	-0.1156	192.19	346.60	10.43
2026-04-23T15:51:26.3138643+08:00	0x02	0.0005	-0.3122	0.9315	-0.1867	205.33	8.30	35.56
2026-04-23T15:51:26.3138643+08:00	0x09	0.8615	-0.0053	-0.5065	0.0345	182.53	240.97	3.10
2026-04-23T15:51:26.3138643+08:00	0x04	-0.1689	0.1515	0.9627	-0.1477	200.22	337.59	346.01
2026-04-23T15:51:26.3138643+08:00	0x07	0.2596	-0.7702	-0.0240	-0.5820	336.71	109.97	340.18
2026-04-23T15:51:26.3138643+08:00	0x01	-0.1826	-0.3329	0.5691	-0.7294	291.96	21.33	40.18
2026-04-23T15:51:26.3138643+08:00	0x03	0.2939	-0.2179	-0.9041	-0.2206	161.47	329.27	328.42
2026-04-23T15:51:26.3138643+08:00	0x08	-0.1859	-0.0603	0.7172	0.6689	95.69	339.40	350.67
2026-04-23T15:51:26.3138643+08:00	0x02	0.0678	-0.2818	0.8153	-0.5013	248.41	25.29	23.04
2026-04-23T15:51:26.3138643+08:00	0x09	0.8612	-0.0043	-0.5072	0.0336	182.38	241.06	3.06
2026-04-23T15:51:26.3138643+08:00	0x04	-0.1662	0.1332	0.9655	-0.1495	199.90	338.35	348.03
2026-04-23T15:51:26.3138643+08:00	0x07	0.2564	-0.7706	-0.0230	-0.5830	336.99	109.79	340.46
2026-04-23T15:51:26.3138643+08:00	0x01	-0.1749	-0.3646	0.6037	-0.6871	286.65	23.30	42.88
2026-04-23T15:51:26.3138643+08:00	0x03	0.2922	-0.2101	-0.9019	-0.2389	158.88	330.07	328.76
2026-04-23T15:51:26.3138643+08:00	0x08	-0.1878	-0.0574	0.7176	0.6682	95.84	339.43	350.29
2026-04-23T15:51:26.3148619+08:00	0x02	0.0757	-0.2823	0.8856	-0.3609	229.62	22.17	26.45
2026-04-23T15:51:26.3148619+08:00	0x09	0.8624	0.0034	-0.5051	0.0342	181.65	240.77	3.58
2026-04-23T15:51:26.3148619+08:00	0x05	-0.5483	0.4600	0.5515	0.4285	188.64	263.36	282.23
2026-04-23T15:51:26.3148619+08:00	0x04	-0.0849	0.2434	0.9041	-0.3409	225.38	339.78	337.53
2026-04-23T15:51:26.3148619+08:00	0x07	0.2535	-0.7717	-0.0208	-0.5830	337.14	109.76	340.87
2026-04-23T15:51:26.3148619+08:00	0x03	0.3201	-0.2596	-0.8171	-0.4030	137.65	334.57	316.97
2026-04-23T15:51:26.3148619+08:00	0x08	-0.1845	-0.0564	0.7149	0.6721	95.25	339.85	350.36
2026-04-23T15:51:26.3148619+08:00	0x09	0.8607	-0.0030	-0.5082	0.0315	182.13	241.17	2.94
2026-04-23T15:51:26.3148619+08:00	0x07	0.2478	-0.7713	-0.0208	-0.5858	337.78	109.29	341.19
2026-04-23T15:51:26.3148619+08:00	0x01	-0.1753	-0.4641	0.6190	-0.6089	286.25	34.44	52.00
2026-04-23T15:51:26.3148619+08:00	0x03	0.4172	-0.2114	-0.8285	-0.3078	155.17	315.07	322.61
2026-04-23T15:51:26.3148619+08:00	0x08	-0.1881	-0.0591	0.7146	0.6712	95.35	339.32	350.33
2026-04-23T15:51:26.3148619+08:00	0x02	0.0755	-0.2824	0.8838	-0.3653	230.19	22.28	26.36
2026-04-23T15:51:26.3148619+08:00	0x04	-0.0874	0.2402	0.9067	-0.3354	224.60	339.81	337.85
2026-04-23T15:51:26.3148619+08:00	0x09	0.8782	-0.0097	-0.4760	0.0453	183.46	237.03	4.03
2026-04-23T15:51:26.3148619+08:00	0x07	0.2383	-0.7722	-0.0205	-0.5887	338.77	108.80	341.81
2026-04-23T15:51:26.3148619+08:00	0x01	-0.3260	-0.4604	0.7075	-0.4258	234.76	349.23	68.28
2026-04-23T15:51:26.3148619+08:00	0x08	-0.2140	-0.0277	0.7146	0.6654	96.68	339.30	345.81
2026-04-23T15:51:26.3148619+08:00	0x02	0.1956	-0.4140	0.8798	0.1272	174.34	22.36	51.11
2026-04-23T15:51:26.3148619+08:00	0x04	-0.1284	0.4808	0.6079	-0.6187	284.59	303.90	334.81
2026-04-23T15:51:26.3148619+08:00	0x06	-0.1095	-0.0831	0.9853	-0.1010	190.60	348.31	10.72
2026-04-23T15:51:26.3148619+08:00	0x08	-0.2167	-0.0270	0.7174	0.6616	97.30	339.04	345.65
2026-04-23T15:51:26.3148619+08:00	0x03	0.4600	-0.2275	-0.7938	-0.3263	155.69	309.13	318.59
2026-04-23T15:51:26.3148619+08:00	0x02	0.2291	-0.5300	0.8060	0.1305	184.58	34.71	66.08
2026-04-23T15:51:26.3148619+08:00	0x04	-0.0917	0.5013	0.6532	-0.5600	278.95	305.21	326.48
2026-04-23T15:51:26.3148619+08:00	0x07	0.2354	-0.7724	-0.0190	-0.5897	338.99	108.62	342.12
2026-04-23T15:51:26.3148619+08:00	0x01	-0.3369	-0.4853	0.6700	-0.4496	245.64	357.14	72.40
2026-04-23T15:51:26.3148619+08:00	0x03	0.4653	-0.2333	-0.7839	-0.3383	154.68	308.70	317.10
2026-04-23T15:51:26.3148619+08:00	0x02	0.2412	-0.5365	0.8003	0.1165	190.33	40.29	66.19
2026-04-23T15:51:26.3148619+08:00	0x05	-0.5584	0.4481	0.5602	0.4166	187.63	264.29	284.68
2026-04-23T15:51:26.3148619+08:00	0x06	-0.1081	-0.0835	0.9852	-0.1034	190.89	348.51	10.77
2026-04-23T15:51:26.3148619+08:00	0x08	-0.2164	-0.0270	0.7198	0.6590	97.70	339.01	345.73
2026-04-23T15:51:26.3148619+08:00	0x07	0.2330	-0.7727	-0.0178	-0.5902	339.16	108.52	342.39
2026-04-23T15:51:26.3148619+08:00	0x04	-0.0772	0.5066	0.6703	-0.5368	276.41	306.26	323.40
2026-04-23T15:51:26.3148619+08:00	0x02	0.2778	-0.5281	0.7958	0.1030	197.09	49.18	63.86
2026-04-23T15:51:26.3148619+08:00	0x06	-0.1072	-0.0830	0.9853	-0.1036	190.93	348.61	10.70
2026-04-23T15:51:26.3148619+08:00	0x01	-0.3351	-0.5030	0.6510	-0.4592	254.50	5.42	74.30
2026-04-23T15:51:26.3148619+08:00	0x09	0.8789	-0.0173	-0.4752	0.0378	183.81	236.90	2.87
2026-04-23T15:51:26.3148619+08:00	0x08	-0.2160	-0.0267	0.7208	0.6581	97.85	339.05	345.77
2026-04-23T15:51:26.3148619+08:00	0x04	-0.0830	0.5013	0.6881	-0.5180	272.83	307.35	322.85
2026-04-23T15:51:26.3148619+08:00	0x09	0.8777	-0.0161	-0.4774	0.0380	183.71	237.17	2.94
2026-04-23T15:51:26.3148619+08:00	0x07	0.2254	-0.7739	-0.0172	-0.5916	339.90	108.26	342.95
2026-04-23T15:51:26.3148619+08:00	0x01	-0.2916	-0.4525	0.6834	-0.4932	255.76	6.48	64.96
2026-04-23T15:51:26.3148619+08:00	0x03	0.4419	-0.2225	-0.7780	-0.3872	145.98	314.72	316.49
2026-04-23T15:51:26.3148619+08:00	0x09	0.8610	-0.0471	-0.5064	0.0049	184.94	240.83	357.76
2026-04-23T15:51:26.3148619+08:00	0x04	-0.1262	0.3768	0.8170	-0.4178	244.75	322.71	329.33
2026-04-23T15:51:26.3148619+08:00	0x07	0.2295	-0.7793	-0.0188	-0.5827	339.41	109.59	342.73
2026-04-23T15:51:26.3148619+08:00	0x08	-0.1769	-0.0399	0.7373	0.6508	98.74	341.49	350.13
2026-04-23T15:51:26.3148619+08:00	0x03	0.4878	-0.2090	-0.7380	-0.4167	143.97	308.66	314.35
2026-04-23T15:51:26.3148619+08:00	0x02	0.1130	-0.4440	0.8723	-0.1708	216.04	31.02	47.39
2026-04-23T15:51:26.3148619+08:00	0x09	0.8626	-0.0261	-0.5050	0.0154	183.47	240.70	0.01
2026-04-23T15:51:26.3148619+08:00	0x04	-0.1295	0.3151	0.8589	-0.3823	235.41	328.89	333.76
2026-04-23T15:51:26.3148619+08:00	0x05	-0.6288	-0.1536	0.7383	-0.1895	185.62	280.54	27.72
2026-04-23T15:51:26.3148619+08:00	0x07	0.2104	-0.7903	-0.0158	-0.5752	340.96	110.51	344.51
2026-04-23T15:51:26.3148619+08:00	0x08	-0.1860	-0.0372	0.7414	0.6436	99.88	340.77	349.38
2026-04-23T15:51:26.3148619+08:00	0x03	0.5093	-0.2318	-0.6557	-0.5069	131.45	310.81	304.89
2026-04-23T15:51:26.3148619+08:00	0x01	-0.3318	-0.4385	0.7060	-0.4463	237.37	348.95	66.25
2026-04-23T15:51:26.3148619+08:00	0x09	0.8760	0.0012	-0.4822	0.0123	180.56	237.67	1.30
2026-04-23T15:51:26.3148619+08:00	0x02	0.1406	-0.5746	0.7991	-0.1072	226.44	49.23	62.64
2026-04-23T15:51:26.3148619+08:00	0x07	0.1961	-0.8039	-0.0176	-0.5612	342.24	112.42	345.62
2026-04-23T15:51:26.3148619+08:00	0x08	-0.1861	-0.0417	0.7382	0.6471	99.30	340.48	349.67
2026-04-23T15:51:26.3148619+08:00	0x06	-0.1034	-0.0404	0.9879	-0.1081	191.90	348.66	5.87
2026-04-23T15:51:26.3148619+08:00	0x09	0.8747	0.0083	-0.4845	0.0121	179.83	237.96	1.67
2026-04-23T15:51:26.3158381+08:00	0x02	0.1390	-0.5863	0.7845	-0.1464	235.54	54.93	61.55
2026-04-23T15:51:26.3158381+08:00	0x06	-0.1026	-0.0381	0.9883	-0.1061	191.70	348.72	5.57
2026-04-23T15:51:26.3158381+08:00	0x01	-0.2974	-0.4678	0.6986	-0.4524	246.61	1.14	67.32
2026-04-23T15:51:26.3158381+08:00	0x03	0.3696	-0.2082	-0.6667	-0.6128	103.75	339.62	313.06
2026-04-23T15:51:26.3158381+08:00	0x04	-0.0871	0.2879	0.9209	-0.2479	215.47	339.68	330.85
2026-04-23T15:51:26.3158381+08:00	0x08	-0.1761	-0.0366	0.7246	0.6653	96.54	342.00	349.56
2026-04-23T15:51:26.3158381+08:00	0x09	0.8585	-0.0019	-0.5127	0.0121	180.90	241.70	1.07
2026-04-23T15:51:26.3158381+08:00	0x07	0.1924	-0.7834	-0.0136	-0.5908	342.87	108.13	345.61
2026-04-23T15:51:26.3158381+08:00	0x01	-0.2787	-0.4648	0.7084	-0.4522	247.40	3.55	65.58
2026-04-23T15:51:26.3158381+08:00	0x03	0.2994	-0.2414	-0.8662	-0.3191	149.01	332.62	322.46
2026-04-23T15:51:26.3158381+08:00	0x04	-0.1631	0.3434	0.8703	-0.3132	229.17	324.93	330.29
2026-04-23T15:51:26.3158381+08:00	0x02	0.1245	-0.5954	0.7540	-0.2481	252.17	61.71	56.72
2026-04-23T15:51:26.3158381+08:00	0x05	-0.6376	0.0717	0.7563	0.1281	173.89	280.58	344.23
2026-04-23T15:51:26.3158381+08:00	0x03	0.3200	-0.2087	-0.8828	-0.2735	155.41	327.52	327.08
2026-04-23T15:51:26.3158381+08:00	0x07	0.1834	-0.7822	-0.0122	-0.5952	343.72	107.44	346.27
2026-04-23T15:51:26.3158381+08:00	0x04	-0.1486	0.2511	0.8714	-0.3944	233.55	331.16	341.32
2026-04-23T15:51:26.3158381+08:00	0x09	0.8539	-0.0162	-0.5202	0.0047	181.86	242.69	359.49
2026-04-23T15:51:26.3158381+08:00	0x05	-0.6406	0.0664	0.7549	0.1238	173.95	280.17	345.00
2026-04-23T15:51:26.3158381+08:00	0x06	-0.0956	-0.0634	0.9888	-0.0952	190.25	349.70	8.26
2026-04-23T15:51:26.3158381+08:00	0x03	0.3652	-0.1857	-0.8348	-0.3678	144.09	324.54	324.65
2026-04-23T15:51:26.3158381+08:00	0x01	-0.2660	-0.4525	0.6647	-0.5317	266.92	15.86	62.17
2026-04-23T15:51:26.3158381+08:00	0x04	-0.1323	0.1333	0.8831	-0.4300	233.19	339.46	353.01
2026-04-23T15:51:26.3158381+08:00	0x02	0.0955	-0.5047	0.8325	-0.2077	227.56	37.98	53.19
2026-04-23T15:51:26.3158381+08:00	0x08	-0.1689	-0.0563	0.7238	0.6667	96.07	341.16	351.74
2026-04-23T15:51:26.3158381+08:00	0x03	0.4856	-0.1336	-0.6311	-0.5900	113.56	317.26	312.13
2026-04-23T15:51:26.3158381+08:00	0x04	-0.3092	0.3199	0.8239	-0.3511	234.75	309.45	341.94
2026-04-23T15:51:26.3158381+08:00	0x09	0.8533	-0.0142	-0.5212	-0.0034	181.18	242.83	358.82
2026-04-23T15:51:26.3158381+08:00	0x02	0.1244	-0.6321	0.7456	-0.1706	250.86	67.02	64.17
2026-04-23T15:51:26.3158381+08:00	0x08	-0.1712	-0.0553	0.7270	0.6627	96.71	341.00	351.58
2026-04-23T15:51:26.3158381+08:00	0x01	-0.2963	-0.3771	0.6483	-0.5913	268.29	6.53	57.08
2026-04-23T15:51:26.3158381+08:00	0x03	0.5231	-0.1182	-0.6168	-0.5761	117.70	309.84	311.53
2026-04-23T15:51:26.3158381+08:00	0x07	0.1743	-0.7833	-0.0093	-0.5966	344.41	107.18	347.14
2026-04-23T15:51:26.3158381+08:00	0x09	0.8527	-0.0200	-0.5220	-0.0031	181.77	242.92	358.50
2026-04-23T15:51:26.3158381+08:00	0x04	-0.2703	0.3275	0.8192	-0.3855	238.87	312.60	340.84
2026-04-23T15:51:26.3158381+08:00	0x07	0.1642	-0.7846	-0.0099	-0.5978	345.43	106.97	347.77
2026-04-23T15:51:26.3158381+08:00	0x08	-0.1634	-0.0520	0.7237	0.6685	95.85	341.99	351.77
2026-04-23T15:51:26.3158381+08:00	0x04	-0.2238	0.3114	0.8294	-0.4062	239.66	318.52	340.45
2026-04-23T15:51:26.3158381+08:00	0x09	0.8517	-0.0266	-0.5234	0.0016	182.69	243.12	358.56
2026-04-23T15:51:26.3158381+08:00	0x07	0.1612	-0.7843	-0.0110	-0.5989	345.81	106.78	347.86
2026-04-23T15:51:26.3158381+08:00	0x05	-0.6440	-0.0450	0.7635	-0.0164	178.10	279.62	5.16
2026-04-23T15:51:26.3158381+08:00	0x08	-0.1625	-0.0509	0.7221	0.6705	95.55	342.17	351.70
2026-04-23T15:51:26.3158381+08:00	0x06	-0.0908	-0.0507	0.9909	-0.0859	189.33	350.07	6.66
2026-04-23T15:51:26.3158381+08:00	0x03	0.4382	-0.1582	-0.6792	-0.5671	115.90	323.69	314.61
2026-04-23T15:51:26.3158381+08:00	0x04	-0.0756	0.2570	0.8798	-0.3928	232.54	338.65	336.87
2026-04-23T15:51:26.3158381+08:00	0x09	0.8480	-0.0376	-0.5286	0.0047	183.95	243.81	358.18
2026-04-23T15:51:26.3158381+08:00	0x02	0.1235	-0.6285	0.7485	-0.1718	249.88	65.87	63.95
2026-04-23T15:51:26.3158381+08:00	0x05	-0.5257	-0.3946	0.6472	-0.3861	192.27	289.89	66.45
2026-04-23T15:51:26.3158381+08:00	0x08	-0.1645	-0.0472	0.7326	0.6588	97.41	342.15	351.52
2026-04-23T15:51:26.3158381+08:00	0x03	0.3158	-0.1716	-0.8758	-0.3222	148.13	329.18	329.73
2026-04-23T15:51:26.3158381+08:00	0x06	-0.0987	-0.0529	0.9898	-0.0882	189.52	349.20	7.01
2026-04-23T15:51:26.3158381+08:00	0x04	-0.1126	0.0798	0.9260	-0.3513	222.08	344.62	356.06
2026-04-23T15:51:26.3158381+08:00	0x09	0.8560	-0.0150	-0.5162	0.0224	182.80	242.22	1.31
2026-04-23T15:51:26.3158381+08:00	0x07	0.1408	-0.7998	-0.0061	-0.5836	347.21	108.89	349.97
2026-04-23T15:51:26.3158381+08:00	0x08	-0.1735	-0.0371	0.7352	0.6542	98.24	342.04	350.07
2026-04-23T15:51:26.3158381+08:00	0x06	-0.1005	-0.0412	0.9898	-0.0927	190.14	348.92	5.75
2026-04-23T15:51:26.3158381+08:00	0x03	0.3505	-0.1529	-0.8663	-0.3213	148.96	324.27	330.65
2026-04-23T15:51:26.3158381+08:00	0x04	-0.1205	0.0875	0.9160	-0.3725	224.85	343.34	355.95
2026-04-23T15:51:26.3158381+08:00	0x02	0.0154	-0.3732	0.8923	-0.2536	218.06	16.74	41.17
2026-04-23T15:51:26.3158381+08:00	0x07	0.1456	-0.8047	-0.0085	-0.5755	346.80	110.07	349.55
2026-04-23T15:51:26.3158381+08:00	0x09	0.8623	-0.0210	-0.5051	0.0291	183.76	240.77	1.65
2026-04-23T15:51:26.3158381+08:00	0x03	0.3520	-0.1503	-0.8585	-0.3412	146.38	324.63	330.11
2026-04-23T15:51:26.3158381+08:00	0x04	-0.1224	0.0845	0.9134	-0.3788	225.57	343.25	356.47
2026-04-23T15:51:26.3158381+08:00	0x09	0.8633	-0.0201	-0.5033	0.0295	183.70	240.54	1.76
2026-04-23T15:51:26.3158381+08:00	0x02	0.0282	-0.3931	0.8806	-0.2632	221.32	20.41	42.65
2026-04-23T15:51:26.3158381+08:00	0x07	0.1469	-0.8056	-0.0071	-0.5739	346.57	110.29	349.63
2026-04-23T15:51:26.3168570+08:00	0x01	-0.3151	-0.4662	0.7649	-0.3134	206.71	332.63	65.61
2026-04-23T15:51:26.3168570+08:00	0x08	-0.1699	-0.0375	0.7345	0.6559	97.97	342.35	350.34
2026-04-23T15:51:26.3168570+08:00	0x03	0.3537	-0.1475	-0.8700	-0.3102	150.32	323.44	331.57
2026-04-23T15:51:26.3168570+08:00	0x04	-0.1316	0.0830	0.9071	-0.3910	227.06	342.30	357.27
2026-04-23T15:51:26.3168570+08:00	0x09	0.8650	-0.0200	-0.5006	0.0287	183.63	240.17	1.70
2026-04-23T15:51:26.3168570+08:00	0x02	0.0244	-0.3566	0.8926	-0.2749	220.53	17.85	38.54
2026-04-23T15:51:26.3168570+08:00	0x07	0.1459	-0.8071	-0.0069	-0.5721	346.62	110.55	349.74
2026-04-23T15:51:26.3168570+08:00	0x08	-0.1702	-0.0371	0.7343	0.6560	97.96	342.36	350.28
2026-04-23T15:51:26.3168570+08:00	0x01	-0.3111	-0.4680	0.7644	-0.3162	207.96	334.01	65.80
2026-04-23T15:51:26.3168570+08:00	0x03	0.3577	-0.1309	-0.8636	-0.3303	147.46	323.19	332.46
2026-04-23T15:51:26.3168570+08:00	0x09	0.8651	-0.0215	-0.5002	0.0287	183.78	240.13	1.61
2026-04-23T15:51:26.3168570+08:00	0x02	0.0105	-0.3318	0.9028	-0.2733	218.45	14.41	36.40
2026-04-23T15:51:26.3168570+08:00	0x05	-0.5272	-0.4672	0.5687	-0.4247	177.30	272.14	78.30
2026-04-23T15:51:26.3168570+08:00	0x07	0.1444	-0.8069	-0.0062	-0.5727	346.73	110.44	349.90
2026-04-23T15:51:26.3168570+08:00	0x08	-0.1695	-0.0371	0.7341	0.6565	97.89	342.43	350.32
2026-04-23T15:51:26.3168570+08:00	0x03	0.3471	-0.1444	-0.8895	-0.2599	156.26	322.91	334.07
2026-04-23T15:51:26.3168570+08:00	0x09	0.8649	-0.0201	-0.5007	0.0288	183.65	240.18	1.70
2026-04-23T15:51:26.3168570+08:00	0x07	0.1437	-0.8080	-0.0058	-0.5714	346.76	110.63	350.01
2026-04-23T15:51:26.3168570+08:00	0x06	-0.0994	-0.0406	0.9886	-0.1053	191.60	349.10	5.81
2026-04-23T15:51:26.3168570+08:00	0x08	-0.1705	-0.0372	0.7347	0.6556	98.03	342.32	350.28
2026-04-23T15:51:26.3168570+08:00	0x01	-0.3038	-0.4797	0.7582	-0.3205	210.19	336.67	67.24
2026-04-23T15:51:26.3168570+08:00	0x02	0.0231	-0.3605	0.8901	-0.2778	221.12	18.09	38.97
2026-04-23T15:51:26.3168570+08:00	0x09	0.8663	-0.0209	-0.4983	0.0286	183.71	239.87	1.65
2026-04-23T15:51:26.3168570+08:00	0x06	-0.0996	-0.0407	0.9885	-0.1062	191.71	349.09	5.83
2026-04-23T15:51:26.3168570+08:00	0x08	-0.1703	-0.0369	0.7353	0.6549	98.13	342.35	350.28
2026-04-23T15:51:26.3168570+08:00	0x01	-0.3004	-0.4816	0.7569	-0.3240	211.65	338.14	67.47
2026-04-23T15:51:26.3168570+08:00	0x07	0.1439	-0.8086	-0.0054	-0.5705	346.70	110.76	350.04
2026-04-23T15:51:26.3168570+08:00	0x02	0.0236	-0.3659	0.8876	-0.2788	221.61	18.59	39.52
2026-04-23T15:51:26.3168570+08:00	0x09	0.8671	-0.0199	-0.4969	0.0278	183.56	239.68	1.63
2026-04-23T15:51:26.3168570+08:00	0x07	0.1428	-0.8100	-0.0046	-0.5687	346.74	110.99	350.21
2026-04-23T15:51:26.3168570+08:00	0x03	0.3551	-0.1329	-0.8781	-0.2918	152.24	322.54	333.85
2026-04-23T15:51:26.3168570+08:00	0x04	-0.1270	0.0675	0.9049	-0.4005	227.92	343.51	358.83
2026-04-23T15:51:26.3168570+08:00	0x02	0.0219	-0.3532	0.8922	-0.2806	221.04	17.57	38.17
2026-04-23T15:51:26.3168570+08:00	0x09	0.8678	-0.0201	-0.4957	0.0274	183.56	239.52	1.58
2026-04-23T15:51:26.3168570+08:00	0x05	-0.7276	0.2088	0.5939	0.2726	178.50	259.00	319.86
2026-04-23T15:51:26.3168570+08:00	0x01	-0.2957	-0.4860	0.7563	-0.3232	212.30	339.33	67.85
2026-04-23T15:51:26.3168570+08:00	0x04	-0.1228	0.0442	0.9057	-0.4034	227.88	345.04	1.09
2026-04-23T15:51:26.3168570+08:00	0x02	0.0189	-0.3322	0.8988	-0.2853	220.44	16.01	35.90
2026-04-23T15:51:26.3168570+08:00	0x09	0.8680	-0.0199	-0.4954	0.0274	183.54	239.48	1.59
2026-04-23T15:51:26.3168570+08:00	0x06	-0.0995	-0.0410	0.9884	-0.1075	191.85	349.11	5.88
2026-04-23T15:51:26.3168570+08:00	0x08	-0.1709	-0.0372	0.7353	0.6548	98.16	342.27	350.27
2026-04-23T15:51:26.3168570+08:00	0x02	0.0219	-0.3455	0.8933	-0.2867	221.46	17.32	37.21
2026-04-23T15:51:26.3168570+08:00	0x09	0.8674	-0.0204	-0.4965	0.0273	183.59	239.62	1.55
2026-04-23T15:51:26.3168570+08:00	0x06	-0.0992	-0.0405	0.9884	-0.1072	191.82	349.14	5.82
2026-04-23T15:51:26.3168570+08:00	0x07	0.1396	-0.8102	-0.0023	-0.5693	346.90	110.89	350.64
2026-04-23T15:51:26.3168570+08:00	0x03	0.3567	-0.1286	-0.8769	-0.2955	151.71	322.35	334.13
2026-04-23T15:51:26.3168570+08:00	0x04	-0.1364	0.0615	0.9012	-0.4067	228.57	342.79	0.00
2026-04-23T15:51:26.3168570+08:00	0x02	0.0364	-0.3952	0.8727	-0.2845	224.98	22.84	41.99
2026-04-23T15:51:26.3168570+08:00	0x07	0.1384	-0.8107	-0.0017	-0.5688	346.97	110.95	350.78
2026-04-23T15:51:26.3168570+08:00	0x06	-0.0992	-0.0410	0.9884	-0.1079	191.91	349.16	5.88
2026-04-23T15:51:26.3168570+08:00	0x08	-0.1713	-0.0364	0.7348	0.6552	98.09	342.30	350.16
2026-04-23T15:51:26.3168570+08:00	0x03	0.3550	-0.1328	-0.8836	-0.2749	154.30	322.13	334.54
2026-04-23T15:51:26.3168570+08:00	0x01	-0.2911	-0.4909	0.7547	-0.3235	213.26	340.73	68.33
2026-04-23T15:51:26.3168570+08:00	0x02	0.0368	-0.3983	0.8711	-0.2850	225.31	23.18	42.29
2026-04-23T15:51:26.3168570+08:00	0x09	0.8682	-0.0219	-0.4950	0.0274	183.74	239.43	1.48
2026-04-23T15:51:26.3168570+08:00	0x07	0.1382	-0.8115	-0.0013	-0.5678	346.96	111.09	350.85
2026-04-23T15:51:26.3168570+08:00	0x01	-0.2904	-0.4907	0.7560	-0.3215	212.83	340.55	68.23
2026-04-23T15:51:26.3168570+08:00	0x03	0.3575	-0.1278	-0.8886	-0.2573	156.33	321.33	335.73
2026-04-23T15:51:26.3168570+08:00	0x08	-0.1718	-0.0361	0.7348	0.6552	98.10	342.28	350.09
2026-04-23T15:51:26.3168570+08:00	0x02	0.0307	-0.3617	0.8866	-0.2867	222.75	19.57	38.59
2026-04-23T15:51:26.3168570+08:00	0x09	0.8690	-0.0212	-0.4936	0.0270	183.64	239.25	1.49
2026-04-23T15:51:26.3168570+08:00	0x06	-0.0990	-0.0421	0.9881	-0.1097	192.09	349.20	6.02
2026-04-23T15:51:26.3168570+08:00	0x01	-0.2913	-0.4910	0.7563	-0.3195	212.15	339.96	68.25
2026-04-23T15:51:26.3168570+08:00	0x03	0.3569	-0.1317	-0.8805	-0.2830	153.34	322.06	334.29
2026-04-23T15:51:26.3178561+08:00	0x09	0.8689	-0.0215	-0.4937	0.0270	183.68	239.26	1.47
2026-04-23T15:51:26.3178561+08:00	0x02	0.0238	-0.3644	0.8863	-0.2849	222.39	18.82	39.22
2026-04-23T15:51:26.3178561+08:00	0x04	-0.1291	0.0741	0.9117	-0.3830	225.88	343.00	357.92
2026-04-23T15:51:26.3178561+08:00	0x05	-0.6429	0.3960	0.4920	0.4333	194.91	244.14	288.77
2026-04-23T15:51:26.3178561+08:00	0x07	0.1357	-0.8128	0.0002	-0.5666	347.09	111.24	351.18
2026-04-23T15:51:26.3178561+08:00	0x01	-0.2916	-0.4906	0.7558	-0.3209	212.48	340.13	68.25
2026-04-23T15:51:26.3178561+08:00	0x04	-0.1218	0.0540	0.9119	-0.3881	226.14	344.69	359.77
2026-04-23T15:51:26.3178561+08:00	0x02	0.0258	-0.3688	0.8844	-0.2848	222.74	19.38	39.62
2026-04-23T15:51:26.3178561+08:00	0x09	0.8695	-0.0212	-0.4927	0.0267	183.62	239.12	1.46
2026-04-23T15:51:26.3178561+08:00	0x06	-0.0989	-0.0418	0.9881	-0.1099	192.12	349.20	5.99
2026-04-23T15:51:26.3178561+08:00	0x07	0.1349	-0.8135	0.0007	-0.5657	347.12	111.36	351.29
2026-04-23T15:51:26.3178561+08:00	0x01	-0.2905	-0.4928	0.7542	-0.3223	213.11	340.76	68.54
2026-04-23T15:51:26.3178561+08:00	0x03	0.3512	-0.1293	-0.8820	-0.2863	152.71	322.84	334.59
2026-04-23T15:51:26.3178561+08:00	0x09	0.8699	-0.0204	-0.4920	0.0269	183.55	239.03	1.54
2026-04-23T15:51:26.3178561+08:00	0x06	-0.0989	-0.0416	0.9881	-0.1101	192.15	349.20	5.97
2026-04-23T15:51:26.3178561+08:00	0x07	0.1338	-0.8137	0.0014	-0.5657	347.18	111.35	351.43
2026-04-23T15:51:26.3178561+08:00	0x01	-0.2902	-0.4947	0.7526	-0.3234	213.53	341.14	68.81
2026-04-23T15:51:26.3178561+08:00	0x03	0.3505	-0.1306	-0.8811	-0.2894	152.35	323.03	334.34
2026-04-23T15:51:26.3178561+08:00	0x09	0.8699	-0.0208	-0.4921	0.0277	183.64	239.05	1.58
2026-04-23T15:51:26.3178561+08:00	0x02	0.0255	-0.3645	0.8862	-0.2850	222.48	19.04	39.15
2026-04-23T15:51:26.3178561+08:00	0x07	0.1326	-0.8147	0.0018	-0.5645	347.26	111.51	351.56
2026-04-23T15:51:26.3178561+08:00	0x06	-0.0986	-0.0420	0.9881	-0.1100	192.14	349.24	6.01
2026-04-23T15:51:26.3178561+08:00	0x01	-0.2905	-0.4919	0.7546	-0.3228	213.22	340.82	68.43
2026-04-23T15:51:26.3178561+08:00	0x03	0.3475	-0.1375	-0.8852	-0.2770	153.98	323.20	334.16
2026-04-23T15:51:26.3178561+08:00	0x09	0.8715	-0.0188	-0.4893	0.0271	183.41	238.68	1.65
2026-04-23T15:51:26.3178561+08:00	0x06	-0.0986	-0.0423	0.9881	-0.1100	192.13	349.25	6.05
2026-04-23T15:51:26.3178561+08:00	0x07	0.1314	-0.8159	0.0027	-0.5630	347.30	111.70	351.74
2026-04-23T15:51:26.3178561+08:00	0x01	-0.2899	-0.4923	0.7545	-0.3230	213.36	341.01	68.47
2026-04-23T15:51:26.3178561+08:00	0x03	0.3576	-0.1371	-0.8809	-0.2780	154.13	321.92	333.87
2026-04-23T15:51:26.3178561+08:00	0x09	0.8717	-0.0198	-0.4889	0.0268	183.49	238.63	1.57
2026-04-23T15:51:26.3178561+08:00	0x02	0.0252	-0.3612	0.8876	-0.2847	222.22	18.75	38.81
2026-04-23T15:51:26.3178561+08:00	0x06	-0.0988	-0.0420	0.9881	-0.1105	192.19	349.22	6.02
2026-04-23T15:51:26.3178561+08:00	0x07	0.1313	-0.8153	0.0031	-0.5639	347.31	111.58	351.77
2026-04-23T15:51:26.3178561+08:00	0x03	0.3527	-0.1368	-0.8826	-0.2791	153.85	322.57	334.00
2026-04-23T15:51:26.3178561+08:00	0x02	0.0249	-0.3612	0.8875	-0.2850	222.25	18.72	38.82
2026-04-23T15:51:26.3178561+08:00	0x05	-0.5975	0.4456	0.4590	0.4834	213.24	226.62	279.33
2026-04-23T15:51:26.3178561+08:00	0x06	-0.0985	-0.0421	0.9881	-0.1102	192.16	349.26	6.02
2026-04-23T15:51:26.3178561+08:00	0x07	0.1296	-0.8152	0.0043	-0.5645	347.39	111.49	351.99
2026-04-23T15:51:26.3178561+08:00	0x03	0.3551	-0.1190	-0.8797	-0.2930	151.68	322.36	335.33
2026-04-23T15:51:26.3178561+08:00	0x04	-0.1153	0.0296	0.9083	-0.4011	227.39	346.50	2.22
2026-04-23T15:51:26.3178561+08:00	0x09	0.8707	-0.0209	-0.4907	0.0264	183.57	238.86	1.46
2026-04-23T15:51:26.3178561+08:00	0x02	0.0285	-0.3617	0.8867	-0.2865	222.65	19.29	38.69
2026-04-23T15:51:26.3178561+08:00	0x06	-0.0988	-0.0420	0.9881	-0.1104	192.19	349.23	6.02
2026-04-23T15:51:26.3178561+08:00	0x01	-0.2878	-0.4933	0.7553	-0.3214	213.32	341.30	68.47
2026-04-23T15:51:26.3178561+08:00	0x04	-0.1260	0.0548	0.9081	-0.3956	227.08	344.21	0.01
2026-04-23T15:51:26.3178561+08:00	0x03	0.3516	-0.1254	-0.8782	-0.2992	151.02	323.05	334.50
2026-04-23T15:51:26.3178561+08:00	0x09	0.8705	-0.0205	-0.4910	0.0267	183.55	238.89	1.52
2026-04-23T15:51:26.3178561+08:00	0x02	0.0375	-0.3831	0.8778	-0.2851	224.22	22.00	40.63
2026-04-23T15:51:26.3178561+08:00	0x06	-0.0986	-0.0421	0.9881	-0.1104	192.18	349.25	6.03
2026-04-23T15:51:26.3178561+08:00	0x01	-0.2872	-0.4968	0.7548	-0.3177	212.53	340.94	68.83
2026-04-23T15:51:26.3178561+08:00	0x03	0.3541	-0.1256	-0.8804	-0.2894	152.29	322.50	334.78
2026-04-23T15:51:26.3178561+08:00	0x07	0.1279	-0.8154	0.0061	-0.5646	347.44	111.45	352.27
2026-04-23T15:51:26.3178561+08:00	0x02	0.0316	-0.3763	0.8812	-0.2843	223.39	20.66	40.19
2026-04-23T15:51:26.3178561+08:00	0x06	-0.0985	-0.0433	0.9880	-0.1106	192.19	349.28	6.16
2026-04-23T15:51:26.3178561+08:00	0x03	0.3526	-0.1215	-0.8897	-0.2633	155.29	322.03	336.31
2026-04-23T15:51:26.3178561+08:00	0x07	0.1269	-0.8159	0.0068	-0.5641	347.49	111.51	352.41
2026-04-23T15:51:26.3178561+08:00	0x01	-0.2871	-0.4994	0.7533	-0.3175	212.58	341.06	69.16
2026-04-23T15:51:26.3178561+08:00	0x09	0.8710	-0.0189	-0.4901	0.0267	183.39	238.78	1.61
2026-04-23T15:51:26.3178561+08:00	0x08	-0.1738	-0.0368	0.7357	0.6536	98.34	342.03	350.04
2026-04-23T15:51:26.3178561+08:00	0x02	0.0389	-0.3841	0.8769	-0.2864	224.53	22.32	40.65
2026-04-23T15:51:26.3178561+08:00	0x03	0.3551	-0.1251	-0.8809	-0.2868	152.63	322.29	334.90
2026-04-23T15:51:26.3178561+08:00	0x04	-0.1371	0.0667	0.9047	-0.3979	227.59	342.47	359.34
2026-04-23T15:51:26.3178561+08:00	0x07	0.1253	-0.8161	0.0074	-0.5642	347.60	111.50	352.57
2026-04-23T15:51:26.3178561+08:00	0x09	0.8706	-0.0188	-0.4908	0.0277	183.44	238.88	1.71
2026-04-23T15:51:26.3188567+08:00	0x02	0.0364	-0.3765	0.8803	-0.2862	223.88	21.39	39.95
2026-04-23T15:51:26.3188567+08:00	0x07	0.1246	-0.8162	0.0083	-0.5642	347.62	111.48	352.70
2026-04-23T15:51:26.3188567+08:00	0x03	0.3518	-0.1198	-0.8776	-0.3028	150.42	323.02	334.95
2026-04-23T15:51:26.3188567+08:00	0x04	-0.1235	0.0604	0.9162	-0.3764	224.81	344.22	358.99
2026-04-23T15:51:26.3188567+08:00	0x09	0.8709	-0.0197	-0.4902	0.0275	183.51	238.80	1.64
2026-04-23T15:51:26.3188567+08:00	0x02	0.0323	-0.3635	0.8862	-0.2854	222.75	19.85	38.74
2026-04-23T15:51:26.3188567+08:00	0x03	0.3549	-0.1174	-0.8850	-0.2776	153.50	322.00	336.12
2026-04-23T15:51:26.3188567+08:00	0x04	-0.1048	0.0486	0.9067	-0.4056	228.22	346.73	359.82
2026-04-23T15:51:26.3188567+08:00	0x08	-0.1728	-0.0367	0.7361	0.6534	98.37	342.12	350.11
2026-04-23T15:51:26.3188567+08:00	0x09	0.8707	-0.0176	-0.4908	0.0279	183.33	238.87	1.79
2026-04-23T15:51:26.3188567+08:00	0x02	0.0371	-0.3929	0.8739	-0.2837	224.72	22.68	41.73
2026-04-23T15:51:26.3188567+08:00	0x06	-0.0981	-0.0417	0.9881	-0.1107	192.22	349.30	5.98
2026-04-23T15:51:26.3188567+08:00	0x03	0.3492	-0.1320	-0.8779	-0.2999	151.05	323.49	333.83
2026-04-23T15:51:26.3188567+08:00	0x08	-0.1725	-0.0373	0.7360	0.6536	98.34	342.11	350.18
2026-04-23T15:51:26.3188567+08:00	0x09	0.8702	-0.0176	-0.4915	0.0276	183.31	238.97	1.76
2026-04-23T15:51:26.3188567+08:00	0x02	0.0287	-0.3630	0.8858	-0.2878	222.92	19.48	38.79
2026-04-23T15:51:26.3188567+08:00	0x05	-0.5880	0.4516	0.4547	0.4935	218.08	221.85	277.67
2026-04-23T15:51:26.3188567+08:00	0x07	0.1211	-0.8162	0.0109	-0.5648	347.79	111.36	353.17
2026-04-23T15:51:26.3188567+08:00	0x01	-0.2891	-0.4943	0.7548	-0.3199	212.74	340.75	68.62
2026-04-23T15:51:26.3188567+08:00	0x08	-0.1725	-0.0371	0.7355	0.6541	98.25	342.13	350.14
2026-04-23T15:51:26.3188567+08:00	0x09	0.8710	-0.0179	-0.4903	0.0272	183.32	238.80	1.71
2026-04-23T15:51:26.3188567+08:00	0x06	-0.0979	-0.0421	0.9880	-0.1117	192.34	349.34	6.04
2026-04-23T15:51:26.3188567+08:00	0x03	0.3548	-0.1320	-0.8764	-0.2976	151.50	322.71	333.73
2026-04-23T15:51:26.3188567+08:00	0x04	-0.1289	0.0695	0.9080	-0.3925	226.96	343.22	358.57
2026-04-23T15:51:26.3188567+08:00	0x08	-0.1729	-0.0370	0.7356	0.6540	98.28	342.10	350.11
2026-04-23T15:51:26.3188567+08:00	0x09	0.8710	-0.0177	-0.4902	0.0273	183.31	238.79	1.74
2026-04-23T15:51:26.3188567+08:00	0x06	-0.0978	-0.0425	0.9880	-0.1121	192.38	349.35	6.07
2026-04-23T15:51:26.3188567+08:00	0x02	0.0293	-0.3659	0.8842	-0.2890	223.29	19.82	39.06
2026-04-23T15:51:26.3188567+08:00	0x03	0.3547	-0.1174	-0.8644	-0.3364	146.27	323.45	333.79
2026-04-23T15:51:26.3188567+08:00	0x07	0.1197	-0.8166	0.0121	-0.5646	347.85	111.39	353.37
2026-04-23T15:51:26.3188567+08:00	0x01	-0.2869	-0.4964	0.7558	-0.3164	212.20	340.75	68.73
2026-04-23T15:51:26.3188567+08:00	0x04	-0.1312	0.0515	0.9156	-0.3765	224.67	343.80	0.26
2026-04-23T15:51:26.3188567+08:00	0x09	0.8705	-0.0191	-0.4911	0.0263	183.39	238.91	1.55
2026-04-23T15:51:26.3188567+08:00	0x06	-0.0975	-0.0421	0.9880	-0.1123	192.41	349.38	6.03
2026-04-23T15:51:26.3188567+08:00	0x03	0.3566	-0.1197	-0.8583	-0.3490	144.78	323.60	332.97
2026-04-23T15:51:26.3188567+08:00	0x07	0.1182	-0.8169	0.0128	-0.5644	347.94	111.40	353.54
2026-04-23T15:51:26.3188567+08:00	0x04	-0.1231	0.0586	0.9167	-0.3755	224.67	344.35	359.14
2026-04-23T15:51:26.3188567+08:00	0x08	-0.1732	-0.0374	0.7356	0.6538	98.30	342.04	350.13
2026-04-23T15:51:26.3188567+08:00	0x02	0.0334	-0.3827	0.8799	-0.2798	223.25	21.16	40.90
2026-04-23T15:51:26.3188567+08:00	0x09	0.8711	-0.0187	-0.4901	0.0264	183.35	238.78	1.58
2026-04-23T15:51:26.3188567+08:00	0x07	0.1168	-0.8175	0.0136	-0.5639	348.02	111.47	353.71
2026-04-23T15:51:26.3188567+08:00	0x04	-0.1257	0.0582	0.9007	-0.4118	229.15	344.07	359.92
2026-04-23T15:51:26.3188567+08:00	0x08	-0.1730	-0.0372	0.7352	0.6544	98.22	342.09	350.12
2026-04-23T15:51:26.3188567+08:00	0x09	0.8708	-0.0193	-0.4905	0.0262	183.41	238.83	1.53
2026-04-23T15:51:26.3188567+08:00	0x02	0.0329	-0.3793	0.8806	-0.2821	223.33	20.96	40.50
2026-04-23T15:51:26.3188567+08:00	0x03	0.3564	-0.1313	-0.8764	-0.2960	151.72	322.44	333.82
2026-04-23T15:51:26.3188567+08:00	0x07	0.1160	-0.8174	0.0144	-0.5641	348.05	111.42	353.83
2026-04-23T15:51:26.3188567+08:00	0x01	-0.2886	-0.4945	0.7569	-0.3151	211.54	340.03	68.51
2026-04-23T15:51:26.3188567+08:00	0x04	-0.1281	0.0552	0.8994	-0.4143	229.41	343.96	0.39
2026-04-23T15:51:26.3188567+08:00	0x02	0.0270	-0.3702	0.8832	-0.2866	223.15	19.74	39.68
2026-04-23T15:51:26.3188567+08:00	0x05	-0.5851	0.4543	0.4533	0.4958	220.61	219.43	277.24
2026-04-23T15:51:26.3188567+08:00	0x09	0.8711	-0.0192	-0.4901	0.0259	183.37	238.77	1.51
2026-04-23T15:51:26.3188567+08:00	0x04	-0.1341	0.0579	0.9003	-0.4100	228.92	343.20	0.32
2026-04-23T15:51:26.3188567+08:00	0x08	-0.1727	-0.0372	0.7350	0.6547	98.17	342.12	350.13
2026-04-23T15:51:26.3188567+08:00	0x09	0.8710	-0.0195	-0.4903	0.0263	183.43	238.80	1.53
2026-04-23T15:51:26.3188567+08:00	0x06	-0.0974	-0.0425	0.9880	-0.1123	192.41	349.39	6.07
2026-04-23T15:51:26.3188567+08:00	0x03	0.3565	-0.1193	-0.8765	-0.3006	150.80	322.36	334.94
2026-04-23T15:51:26.3188567+08:00	0x07	0.1147	-0.8174	0.0158	-0.5644	348.08	111.37	354.05
2026-04-23T15:51:26.3188567+08:00	0x04	-0.1310	0.0358	0.9166	-0.3760	224.35	344.50	1.88
2026-04-23T15:51:26.3188567+08:00	0x08	-0.1729	-0.0374	0.7353	0.6543	98.23	342.08	350.14
2026-04-23T15:51:26.3188567+08:00	0x09	0.8707	-0.0180	-0.4908	0.0266	183.29	238.87	1.64
2026-04-23T15:51:26.3188567+08:00	0x02	0.0284	-0.3537	0.8916	-0.2813	221.42	18.45	37.94
2026-04-23T15:51:26.3198928+08:00	0x03	0.3565	-0.1097	-0.8555	-0.3591	143.25	323.65	333.66
2026-04-23T15:51:26.3198928+08:00	0x07	0.1136	-0.8170	0.0166	-0.5651	348.14	111.26	354.19
2026-04-23T15:51:26.3198928+08:00	0x04	-0.1292	0.0391	0.9158	-0.3783	224.68	344.55	1.49
2026-04-23T15:51:26.3198928+08:00	0x08	-0.1730	-0.0366	0.7352	0.6544	98.23	342.13	350.06
2026-04-23T15:51:26.3198928+08:00	0x06	-0.0974	-0.0427	0.9880	-0.1120	192.37	349.41	6.10
2026-04-23T15:51:26.3198928+08:00	0x09	0.8715	-0.0186	-0.4894	0.0259	183.31	238.68	1.54
2026-04-23T15:51:26.3198928+08:00	0x07	0.1109	-0.8186	0.0172	-0.5634	348.35	111.49	354.45
2026-04-23T15:51:26.3198928+08:00	0x04	-0.1090	0.0698	0.8923	-0.4326	231.95	345.23	358.26
2026-04-23T15:51:26.3198928+08:00	0x08	-0.1728	-0.0373	0.7354	0.6542	98.24	342.09	350.14
2026-04-23T15:51:26.3198928+08:00	0x09	0.8710	-0.0182	-0.4903	0.0262	183.29	238.80	1.59
2026-04-23T15:51:26.3198928+08:00	0x03	0.3338	-0.1416	-0.9028	-0.2315	159.23	323.92	335.78
2026-04-23T15:51:26.3198928+08:00	0x06	-0.0968	-0.0427	0.9881	-0.1119	192.36	349.46	6.09
2026-04-23T15:51:26.3198928+08:00	0x07	0.1112	-0.8187	0.0169	-0.5632	348.34	111.52	354.41
2026-04-23T15:51:26.3198928+08:00	0x04	-0.1383	0.0732	0.9098	-0.3844	226.05	342.06	358.47
2026-04-23T15:51:26.3198928+08:00	0x08	-0.1730	-0.0369	0.7345	0.6552	98.10	342.11	350.07
2026-04-23T15:51:26.3198928+08:00	0x09	0.8727	-0.0199	-0.4873	0.0249	183.39	238.40	1.38
2026-04-23T15:51:26.3198928+08:00	0x06	-0.0971	-0.0427	0.9880	-0.1122	192.40	349.43	6.09
2026-04-23T15:51:26.3198928+08:00	0x03	0.3559	-0.1278	-0.8560	-0.3525	144.51	323.98	331.98
2026-04-23T15:51:26.3198928+08:00	0x04	-0.1314	0.0634	0.9171	-0.3709	224.20	343.26	358.92
2026-04-23T15:51:26.3198928+08:00	0x07	0.1104	-0.8199	0.0172	-0.5615	348.39	111.75	354.50
2026-04-23T15:51:26.3198928+08:00	0x08	-0.1729	-0.0370	0.7345	0.6551	98.10	342.12	350.08
2026-04-23T15:51:26.3198928+08:00	0x09	0.8722	-0.0201	-0.4881	0.0251	183.41	238.51	1.39
2026-04-23T15:51:26.3198928+08:00	0x06	-0.0973	-0.0428	0.9879	-0.1128	192.46	349.42	6.11
2026-04-23T15:51:26.3198928+08:00	0x07	0.1090	-0.8196	0.0179	-0.5621	348.49	111.65	354.65
2026-04-23T15:51:26.3198928+08:00	0x04	-0.1203	0.0590	0.9047	-0.4045	228.26	344.61	359.47
2026-04-23T15:51:26.3198928+08:00	0x01	-0.2929	-0.4916	0.7582	-0.3125	210.06	338.37	68.20
2026-04-23T15:51:26.3198928+08:00	0x08	-0.1731	-0.0367	0.7346	0.6550	98.13	342.12	350.05
2026-04-23T15:51:26.3198928+08:00	0x09	0.8723	-0.0194	-0.4879	0.0252	183.35	238.48	1.44
2026-04-23T15:51:26.3198928+08:00	0x06	-0.0970	-0.0430	0.9880	-0.1120	192.37	349.45	6.12
2026-04-23T15:51:26.3198928+08:00	0x07	0.1071	-0.8203	0.0189	-0.5616	348.60	111.72	354.87
2026-04-23T15:51:26.3198928+08:00	0x04	-0.1215	0.0642	0.9204	-0.3661	223.62	344.30	358.33
2026-04-23T15:51:26.3198928+08:00	0x01	-0.2934	-0.4932	0.7559	-0.3152	210.74	338.78	68.51
2026-04-23T15:51:26.3198928+08:00	0x08	-0.1732	-0.0368	0.7348	0.6548	98.16	342.10	350.05
2026-04-23T15:51:26.3198928+08:00	0x09	0.8726	-0.0198	-0.4874	0.0251	183.38	238.41	1.40
2026-04-23T15:51:26.3198928+08:00	0x06	-0.0973	-0.0427	0.9879	-0.1130	192.48	349.42	6.10
2026-04-23T15:51:26.3198928+08:00	0x03	0.3601	-0.1205	-0.8520	-0.3604	143.44	323.49	332.30
2026-04-23T15:51:26.3198928+08:00	0x07	0.1066	-0.8201	0.0197	-0.5618	348.59	111.68	354.98
2026-04-23T15:51:26.3198928+08:00	0x04	-0.1268	0.0537	0.9223	-0.3611	222.82	344.18	359.58
2026-04-23T15:51:26.3198928+08:00	0x08	-0.1730	-0.0371	0.7347	0.6550	98.13	342.10	350.09
2026-04-23T15:51:26.3198928+08:00	0x09	0.8720	-0.0204	-0.4884	0.0251	183.45	238.54	1.37
2026-04-23T15:51:26.3198928+08:00	0x06	-0.0973	-0.0423	0.9880	-0.1126	192.45	349.41	6.05
2026-04-23T15:51:26.3198928+08:00	0x05	-0.5832	0.4513	0.4560	0.4983	216.82	223.17	276.90
2026-04-23T15:51:26.3198928+08:00	0x07	0.1056	-0.8199	0.0206	-0.5624	348.64	111.59	355.12
2026-04-23T15:51:26.3198928+08:00	0x08	-0.1734	-0.0371	0.7352	0.6542	98.25	342.06	350.08
2026-04-23T15:51:26.3198928+08:00	0x06	-0.0970	-0.0432	0.9879	-0.1129	192.47	349.46	6.15
2026-04-23T15:51:26.3198928+08:00	0x07	0.1041	-0.8209	0.0213	-0.5611	348.73	111.76	355.31
2026-04-23T15:51:26.3198928+08:00	0x04	-0.1251	0.0633	0.9076	-0.3958	227.25	343.90	359.09
2026-04-23T15:51:26.3198928+08:00	0x08	-0.1734	-0.0369	0.7352	0.6542	98.24	342.07	350.06
2026-04-23T15:51:26.3198928+08:00	0x06	-0.0971	-0.0432	0.9879	-0.1132	192.50	349.45	6.16
2026-04-23T15:51:26.3198928+08:00	0x02	0.0251	-0.3732	0.8819	-0.2870	223.31	19.74	40.08
2026-04-23T15:51:26.3198928+08:00	0x03	0.3603	-0.1229	-0.8496	-0.3651	142.91	323.66	331.84
2026-04-23T15:51:26.3198928+08:00	0x07	0.1028	-0.8209	0.0221	-0.5613	348.80	111.71	355.46
2026-04-23T15:51:26.3198928+08:00	0x04	-0.1243	0.0658	0.9250	-0.3529	222.04	343.94	358.06
2026-04-23T15:51:26.3198928+08:00	0x08	-0.1730	-0.0369	0.7350	0.6545	98.20	342.11	350.09
2026-04-23T15:51:26.3198928+08:00	0x06	-0.0973	-0.0430	0.9879	-0.1132	192.50	349.43	6.14
2026-04-23T15:51:26.3198928+08:00	0x03	0.3545	-0.1415	-0.8526	-0.3570	144.20	324.61	330.37
2026-04-23T15:51:26.3198928+08:00	0x02	0.0172	-0.3510	0.8923	-0.2834	221.13	16.95	38.08
2026-04-23T15:51:26.3198928+08:00	0x04	-0.1102	0.0758	0.8984	-0.4183	230.26	344.83	357.48
2026-04-23T15:51:26.3198928+08:00	0x08	-0.1733	-0.0371	0.7352	0.6542	98.24	342.06	350.08
2026-04-23T15:51:26.3198928+08:00	0x03	0.3607	-0.1330	-0.8607	-0.3338	147.17	322.93	331.99
2026-04-23T15:51:26.3208493+08:00	0x07	0.1008	-0.8211	0.0236	-0.5612	348.89	111.71	355.73
2026-04-23T15:51:26.3208493+08:00	0x01	-0.2923	-0.4945	0.7567	-0.3121	210.11	338.55	68.56
2026-04-23T15:51:26.3208493+08:00	0x08	-0.1731	-0.0373	0.7349	0.6546	98.18	342.07	350.10
2026-04-23T15:51:26.3208493+08:00	0x06	-0.0974	-0.0428	0.9879	-0.1131	192.49	349.41	6.12
2026-04-23T15:51:26.3208493+08:00	0x09	0.8720	-0.0190	-0.4886	0.0253	183.32	238.57	1.47
2026-04-23T15:51:26.3208493+08:00	0x03	0.3612	-0.1420	-0.8641	-0.3205	149.11	322.66	331.51
2026-04-23T15:51:26.3208493+08:00	0x02	0.0101	-0.2805	0.9253	-0.2551	213.84	10.87	30.93
2026-04-23T15:51:26.3208493+08:00	0x07	0.1011	-0.8202	0.0247	-0.5625	348.81	111.53	355.80
2026-04-23T15:51:26.3208493+08:00	0x05	-0.5841	0.4554	0.4513	0.4978	222.70	217.24	277.01
2026-04-23T15:51:26.3208493+08:00	0x04	-0.1275	0.1096	0.8982	-0.4062	229.55	341.36	354.65
2026-04-23T15:51:26.3208493+08:00	0x01	-0.2952	-0.4825	0.7647	-0.3087	208.58	336.90	66.95
2026-04-23T15:51:26.3208493+08:00	0x08	-0.1731	-0.0371	0.7347	0.6549	98.13	342.09	350.08
2026-04-23T15:51:26.3208493+08:00	0x09	0.8726	-0.0197	-0.4873	0.0250	183.37	238.40	1.40
2026-04-23T15:51:26.3208493+08:00	0x03	0.3575	-0.1581	-0.8701	-0.3003	151.98	322.80	330.67
2026-04-23T15:51:26.3208493+08:00	0x06	-0.0974	-0.0430	0.9879	-0.1132	192.50	349.42	6.15
2026-04-23T15:51:26.3208493+08:00	0x02	0.0090	-0.3450	0.9006	-0.2643	217.77	14.61	38.07
2026-04-23T15:51:26.3208493+08:00	0x01	-0.2957	-0.4842	0.7617	-0.3131	209.64	337.55	67.32
2026-04-23T15:51:26.3208493+08:00	0x04	-0.1236	0.1158	0.9010	-0.3993	228.83	341.51	353.68
2026-04-23T15:51:26.3208493+08:00	0x08	-0.1738	-0.0363	0.7349	0.6545	98.21	342.08	349.97
2026-04-23T15:51:26.3208493+08:00	0x09	0.8744	-0.0191	-0.4842	0.0244	183.28	237.98	1.39
2026-04-23T15:51:26.3208493+08:00	0x06	-0.0975	-0.0433	0.9877	-0.1143	192.63	349.41	6.19
2026-04-23T15:51:26.3208493+08:00	0x02	0.0140	-0.3494	0.8987	-0.2647	218.26	15.55	38.36
2026-04-23T15:51:26.3208493+08:00	0x07	0.0975	-0.8231	0.0258	-0.5589	349.06	112.01	356.19
2026-04-23T15:51:26.3208493+08:00	0x01	-0.2970	-0.4810	0.7632	-0.3130	209.37	337.14	66.94
2026-04-23T15:51:26.3208493+08:00	0x08	-0.1737	-0.0366	0.7348	0.6546	98.19	342.07	350.00
2026-04-23T15:51:26.3208493+08:00	0x06	-0.0975	-0.0435	0.9877	-0.1138	192.57	349.41	6.21
2026-04-23T15:51:26.3208493+08:00	0x03	0.3583	-0.1575	-0.8703	-0.2991	152.15	322.65	330.77
2026-04-23T15:51:26.3208493+08:00	0x07	0.0958	-0.8227	0.0267	-0.5597	349.17	111.88	356.37
2026-04-23T15:51:26.3208493+08:00	0x01	-0.2966	-0.4846	0.7613	-0.3125	209.35	337.24	67.39
2026-04-23T15:51:26.3208493+08:00	0x08	-0.1736	-0.0369	0.7350	0.6545	98.21	342.05	350.04
2026-04-23T15:51:26.3208493+08:00	0x04	-0.1257	0.1000	0.8954	-0.4153	230.45	341.99	355.72
2026-04-23T15:51:26.3208493+08:00	0x02	0.0220	-0.3641	0.8911	-0.2699	220.15	17.81	39.57
2026-04-23T15:51:26.3208493+08:00	0x03	0.3654	-0.1296	-0.8590	-0.3345	147.13	322.27	332.16
2026-04-23T15:51:26.3208493+08:00	0x07	0.0947	-0.8236	0.0276	-0.5585	349.22	112.04	356.54
2026-04-23T15:51:26.3208493+08:00	0x01	-0.2953	-0.4867	0.7595	-0.3148	210.18	338.01	67.70
2026-04-23T15:51:26.3208493+08:00	0x08	-0.1730	-0.0364	0.7349	0.6547	98.18	342.15	350.03
2026-04-23T15:51:26.3208493+08:00	0x09	0.8742	-0.0201	-0.4845	0.0243	183.37	238.03	1.32
2026-04-23T15:51:26.3208493+08:00	0x06	-0.0974	-0.0430	0.9878	-0.1137	192.56	349.41	6.15
2026-04-23T15:51:26.3208493+08:00	0x03	0.3508	-0.1559	-0.8613	-0.3327	147.57	324.63	329.87
2026-04-23T15:51:26.3208493+08:00	0x02	0.0243	-0.3822	0.8844	-0.2668	220.93	19.25	41.53
2026-04-23T15:51:26.3208493+08:00	0x01	-0.2927	-0.4860	0.7614	-0.3136	210.25	338.41	67.48
2026-04-23T15:51:26.3208493+08:00	0x04	-0.1146	0.0879	0.8998	-0.4117	229.69	343.78	356.34
2026-04-23T15:51:26.3208493+08:00	0x05	-0.5752	0.4589	0.4512	0.5049	226.33	213.90	275.73
2026-04-23T15:51:26.3208493+08:00	0x07	0.0939	-0.8238	0.0279	-0.5583	349.26	112.06	356.62
2026-04-23T15:51:26.3208493+08:00	0x06	-0.0972	-0.0426	0.9878	-0.1137	192.57	349.43	6.10
2026-04-23T15:51:26.3208493+08:00	0x08	-0.1729	-0.0364	0.7353	0.6543	98.24	342.15	350.05
2026-04-23T15:51:26.3208493+08:00	0x09	0.8740	-0.0188	-0.4850	0.0248	183.26	238.09	1.44
2026-04-23T15:51:26.3208493+08:00	0x02	0.0286	-0.3942	0.8783	-0.2688	222.25	20.88	42.63
2026-04-23T15:51:26.3208493+08:00	0x01	-0.2905	-0.4889	0.7616	-0.3107	209.92	338.57	67.71
2026-04-23T15:51:26.3208493+08:00	0x04	-0.1209	0.0926	0.9000	-0.4085	229.41	342.90	356.11
2026-04-23T15:51:26.3208493+08:00	0x06	-0.0970	-0.0430	0.9878	-0.1140	192.61	349.47	6.14
2026-04-23T15:51:26.3208493+08:00	0x02	0.0275	-0.3931	0.8788	-0.2692	222.18	20.66	42.54
2026-04-23T15:51:26.3208493+08:00	0x03	0.3589	-0.1477	-0.8828	-0.2646	156.14	321.52	333.21
2026-04-23T15:51:26.3208493+08:00	0x07	0.0922	-0.8232	0.0291	-0.5595	349.36	111.89	356.83
2026-04-23T15:51:26.3208493+08:00	0x09	0.8740	-0.0193	-0.4849	0.0246	183.30	238.08	1.39
2026-04-23T15:51:26.3208493+08:00	0x04	-0.1195	0.0787	0.9043	-0.4022	228.34	343.75	357.35
2026-04-23T15:51:26.3208493+08:00	0x06	-0.0970	-0.0431	0.9878	-0.1139	192.59	349.46	6.16
2026-04-23T15:51:26.3208493+08:00	0x09	0.8737	-0.0196	-0.4854	0.0248	183.34	238.14	1.39
2026-04-23T15:51:26.3208493+08:00	0x08	-0.1727	-0.0364	0.7349	0.6548	98.16	342.17	350.06
2026-04-23T15:51:26.3208493+08:00	0x03	0.3622	-0.1306	-0.8772	-0.2868	152.99	321.45	334.09
2026-04-23T15:51:26.3208493+08:00	0x07	0.0911	-0.8239	0.0304	-0.5585	349.38	112.01	357.04
2026-04-23T15:51:26.3208493+08:00	0x09	0.8740	-0.0193	-0.4849	0.0246	183.30	238.08	1.39
2026-04-23T15:51:26.3218462+08:00	0x04	-0.1226	0.1021	0.9166	-0.3665	224.45	342.48	354.42
2026-04-23T15:51:26.3218462+08:00	0x06	-0.0970	-0.0429	0.9877	-0.1150	192.72	349.47	6.15
2026-04-23T15:51:26.3218462+08:00	0x08	-0.1727	-0.0364	0.7348	0.6550	98.13	342.18	350.06
2026-04-23T15:51:26.3218462+08:00	0x09	0.8739	-0.0196	-0.4850	0.0246	183.33	238.10	1.38
2026-04-23T15:51:26.3218462+08:00	0x02	0.0256	-0.3894	0.8798	-0.2713	222.14	20.23	42.17
2026-04-23T15:51:26.3218462+08:00	0x03	0.3562	-0.1420	-0.8777	-0.2875	153.08	322.40	333.00
2026-04-23T15:51:26.3218462+08:00	0x01	-0.2913	-0.4921	0.7590	-0.3114	210.04	338.59	68.18
2026-04-23T15:51:26.3218462+08:00	0x07	0.0902	-0.8237	0.0312	-0.5589	349.42	111.94	357.17
2026-04-23T15:51:26.3218462+08:00	0x08	-0.1731	-0.0367	0.7350	0.6545	98.20	342.12	350.06
2026-04-23T15:51:26.3218462+08:00	0x02	0.0260	-0.3902	0.8795	-0.2713	222.22	20.35	42.24
2026-04-23T15:51:26.3218462+08:00	0x07	0.0892	-0.8245	0.0316	-0.5578	349.48	112.09	357.28
2026-04-23T15:51:26.3218462+08:00	0x01	-0.2902	-0.4935	0.7587	-0.3109	210.10	338.81	68.32
2026-04-23T15:51:26.3218462+08:00	0x04	-0.1253	0.0560	0.9040	-0.4048	228.24	344.23	0.01
2026-04-23T15:51:26.3218462+08:00	0x08	-0.1729	-0.0366	0.7347	0.6549	98.14	342.14	350.06
2026-04-23T15:51:26.3218462+08:00	0x09	0.8740	-0.0197	-0.4849	0.0243	183.32	238.08	1.34
2026-04-23T15:51:26.3218462+08:00	0x02	0.0202	-0.3683	0.8892	-0.2705	220.42	17.91	40.10
2026-04-23T15:51:26.3218462+08:00	0x07	0.0880	-0.8240	0.0324	-0.5588	349.55	111.95	357.42
2026-04-23T15:51:26.3218462+08:00	0x01	-0.2944	-0.4840	0.7617	-0.3145	210.19	338.09	67.29
2026-04-23T15:51:26.3218462+08:00	0x04	-0.1252	0.0574	0.9045	-0.4037	228.13	344.17	359.85
2026-04-23T15:51:26.3218462+08:00	0x08	-0.1726	-0.0371	0.7345	0.6553	98.08	342.14	350.12
2026-04-23T15:51:26.3218462+08:00	0x09	0.8738	-0.0200	-0.4853	0.0241	183.34	238.14	1.30
2026-04-23T15:51:26.3218462+08:00	0x02	0.0198	-0.3732	0.8876	-0.2694	220.55	18.15	40.68
2026-04-23T15:51:26.3218462+08:00	0x03	0.2701	-0.1910	-0.9101	-0.2494	156.39	333.09	331.15
2026-04-23T15:51:26.3218462+08:00	0x01	-0.2937	-0.4845	0.7637	-0.3093	208.96	337.39	67.19
2026-04-23T15:51:26.3218462+08:00	0x04	0.2611	0.3344	0.5533	-0.7169	292.12	343.43	311.89
2026-04-23T15:51:26.3218462+08:00	0x08	-0.1726	-0.0373	0.7344	0.6553	98.07	342.13	350.12
2026-04-23T15:51:26.3218462+08:00	0x06	-0.0968	-0.0428	0.9877	-0.1151	192.72	349.49	6.13
2026-04-23T15:51:26.3218462+08:00	0x09	0.8733	-0.0208	-0.4862	0.0244	183.44	238.25	1.29
2026-04-23T15:51:26.3218462+08:00	0x07	0.0859	-0.8238	0.0336	-0.5594	349.68	111.86	357.67
2026-04-23T15:51:26.3218462+08:00	0x03	0.2652	-0.1898	-0.9082	-0.2623	154.58	334.11	331.06
2026-04-23T15:51:26.3218462+08:00	0x01	-0.2933	-0.4850	0.7646	-0.3068	208.41	337.10	67.17
2026-04-23T15:51:26.3218462+08:00	0x06	-0.0963	-0.0425	0.9878	-0.1148	192.70	349.54	6.08
2026-04-23T15:51:26.3218462+08:00	0x08	-0.1724	-0.0368	0.7339	0.6560	97.98	342.19	350.09
2026-04-23T15:51:26.3218462+08:00	0x09	0.8729	-0.0233	-0.4868	0.0239	183.67	238.33	1.09
2026-04-23T15:51:26.3218462+08:00	0x07	0.0846	-0.8237	0.0344	-0.5596	349.75	111.81	357.83
2026-04-23T15:51:26.3218462+08:00	0x02	0.0258	-0.3865	0.8814	-0.2703	221.81	19.98	41.87
2026-04-23T15:51:26.3218462+08:00	0x05	-0.5753	0.4589	0.4512	0.5048	226.31	213.93	275.75
2026-04-23T15:51:26.3218462+08:00	0x04	-0.0931	0.0755	0.9401	-0.3190	218.02	347.05	355.26
2026-04-23T15:51:26.3218462+08:00	0x06	-0.0967	-0.0423	0.9877	-0.1151	192.73	349.50	6.07
2026-04-23T15:51:26.3218462+08:00	0x09	0.8743	-0.0233	-0.4843	0.0223	183.58	238.00	0.94
2026-04-23T15:51:26.3218462+08:00	0x07	0.0834	-0.8254	0.0342	-0.5573	349.87	112.14	357.90
2026-04-23T15:51:26.3218462+08:00	0x04	-0.0953	0.0613	0.9326	-0.3425	220.65	347.29	357.19
2026-04-23T15:51:26.3218462+08:00	0x06	-0.0967	-0.0426	0.9876	-0.1157	192.80	349.50	6.12
2026-04-23T15:51:26.3218462+08:00	0x08	-0.1754	-0.0378	0.7349	0.6540	98.27	341.82	349.99
2026-04-23T15:51:26.3218462+08:00	0x07	0.0827	-0.8264	0.0344	-0.5559	349.92	112.33	357.99
2026-04-23T15:51:26.3218462+08:00	0x03	0.3466	-0.1476	-0.8695	-0.3194	148.95	324.62	331.44
2026-04-23T15:51:26.3218462+08:00	0x02	0.0321	-0.4160	0.8693	-0.2650	223.51	22.97	44.93
2026-04-23T15:51:26.3218462+08:00	0x01	-0.2970	-0.4812	0.7629	-0.3134	209.47	337.20	66.98
2026-04-23T15:51:26.3218462+08:00	0x06	-0.0967	-0.0422	0.9877	-0.1155	192.79	349.50	6.07
2026-04-23T15:51:26.3218462+08:00	0x08	-0.1743	-0.0372	0.7349	0.6544	98.22	341.97	350.01
2026-04-23T15:51:26.3218462+08:00	0x09	0.8752	-0.0221	-0.4827	0.0220	183.44	237.79	0.98
2026-04-23T15:51:26.3218462+08:00	0x07	0.0821	-0.8260	0.0349	-0.5566	349.94	112.23	358.07
2026-04-23T15:51:26.3228857+08:00	0x04	-0.1039	0.0935	0.9240	-0.3558	222.87	344.93	354.32
2026-04-23T15:51:26.3228857+08:00	0x06	-0.0962	-0.0421	0.9877	-0.1160	192.84	349.56	6.06
2026-04-23T15:51:26.3228857+08:00	0x08	-0.1742	-0.0373	0.7349	0.6543	98.23	341.97	350.02
2026-04-23T15:51:26.3228857+08:00	0x07	0.0811	-0.8267	0.0356	-0.5557	350.00	112.34	358.20
2026-04-23T15:51:26.3228857+08:00	0x03	0.3558	-0.1563	-0.8696	-0.3046	151.34	323.12	330.76
2026-04-23T15:51:26.3228857+08:00	0x04	-0.0937	0.0811	0.9131	-0.3884	226.61	346.42	355.68
2026-04-23T15:51:26.3228857+08:00	0x05	-0.6912	0.2343	0.6010	0.3257	174.31	264.49	312.95
2026-04-23T15:51:26.3228857+08:00	0x06	-0.0956	-0.0434	0.9876	-0.1166	192.91	349.64	6.20
2026-04-23T15:51:26.3228857+08:00	0x08	-0.1752	-0.0364	0.7343	0.6548	98.16	341.95	349.86
2026-04-23T15:51:26.3228857+08:00	0x07	0.0794	-0.8281	0.0357	-0.5537	350.15	112.61	358.35
2026-04-23T15:51:26.3228857+08:00	0x03	0.3566	-0.1524	-0.8746	-0.2912	152.92	322.59	331.70
2026-04-23T15:51:26.3228857+08:00	0x01	-0.2984	-0.4828	0.7610	-0.3142	209.47	337.02	67.27
2026-04-23T15:51:26.3228857+08:00	0x04	-0.1191	0.1078	0.9209	-0.3552	223.18	342.67	353.46
2026-04-23T15:51:26.3228857+08:00	0x05	-0.6939	0.2269	0.6045	0.3187	174.20	264.57	314.23
2026-04-23T15:51:26.3228857+08:00	0x06	-0.0960	-0.0432	0.9876	-0.1168	192.93	349.60	6.19
2026-04-23T15:51:26.3228857+08:00	0x09	0.8767	-0.0226	-0.4799	0.0229	183.53	237.42	1.06
2026-04-23T15:51:26.3228857+08:00	0x02	0.0363	-0.4131	0.8691	-0.2695	224.16	23.54	44.31
2026-04-23T15:51:26.3228857+08:00	0x07	0.0787	-0.8273	0.0363	-0.5551	350.18	112.41	358.44
2026-04-23T15:51:26.3228857+08:00	0x04	-0.1190	0.1067	0.9106	-0.3811	226.33	342.57	354.05
2026-04-23T15:51:26.3228857+08:00	0x06	-0.0956	-0.0430	0.9875	-0.1174	193.00	349.64	6.16
2026-04-23T15:51:26.3228857+08:00	0x09	0.8748	-0.0233	-0.4833	0.0231	183.62	237.87	1.03
2026-04-23T15:51:26.3228857+08:00	0x07	0.0784	-0.8254	0.0373	-0.5578	350.15	112.03	358.51
2026-04-23T15:51:26.3228857+08:00	0x03	0.3588	-0.1570	-0.8727	-0.2916	153.09	322.36	331.10
2026-04-23T15:51:26.3228857+08:00	0x01	-0.2993	-0.4807	0.7611	-0.3164	209.87	337.13	67.08
2026-04-23T15:51:26.3228857+08:00	0x06	-0.0945	-0.0439	0.9875	-0.1180	193.06	349.78	6.26
2026-04-23T15:51:26.3228857+08:00	0x04	-0.1208	0.0868	0.8988	-0.4122	229.75	343.19	356.77
2026-04-23T15:51:26.3228857+08:00	0x09	0.8753	-0.0228	-0.4825	0.0230	183.56	237.77	1.04
2026-04-23T15:51:26.3228857+08:00	0x03	0.3578	-0.1506	-0.8817	-0.2681	155.77	321.77	332.78
2026-04-23T15:51:26.3228857+08:00	0x07	0.0773	-0.8263	0.0384	-0.5566	350.19	112.18	358.70
2026-04-23T15:51:26.3228857+08:00	0x02	0.0479	-0.4250	0.8603	-0.2774	226.89	26.65	44.81
2026-04-23T15:51:26.3228857+08:00	0x04	-0.1272	0.0878	0.9085	-0.3883	226.82	342.55	356.52
2026-04-23T15:51:26.3228857+08:00	0x01	-0.2981	-0.4793	0.7621	-0.3171	210.21	337.49	66.88
2026-04-23T15:51:26.3228857+08:00	0x06	-0.0949	-0.0437	0.9876	-0.1173	192.98	349.73	6.23
2026-04-23T15:51:26.3228857+08:00	0x08	-0.1741	-0.0368	0.7346	0.6547	98.17	342.02	349.98
2026-04-23T15:51:26.3228857+08:00	0x03	0.3576	-0.1618	-0.8750	-0.2835	154.21	322.34	330.93
2026-04-23T15:51:26.3228857+08:00	0x02	0.0486	-0.4410	0.8536	-0.2731	227.78	28.10	46.58
2026-04-23T15:51:26.3228857+08:00	0x04	-0.1197	0.0976	0.9076	-0.3905	227.28	342.87	355.20
2026-04-23T15:51:26.3228857+08:00	0x06	-0.0949	-0.0439	0.9876	-0.1173	192.99	349.74	6.26
2026-04-23T15:51:26.3228857+08:00	0x09	0.8759	-0.0219	-0.4814	0.0227	183.45	237.62	1.07
2026-04-23T15:51:26.3228857+08:00	0x03	0.3577	-0.1603	-0.8730	-0.2902	153.32	322.51	330.82
2026-04-23T15:51:26.3228857+08:00	0x02	0.0483	-0.4485	0.8501	-0.2719	228.33	28.79	47.41
2026-04-23T15:51:26.3228857+08:00	0x04	-0.1130	0.0876	0.9111	-0.3866	226.56	344.08	355.85
2026-04-23T15:51:26.3228857+08:00	0x06	-0.0948	-0.0438	0.9876	-0.1171	192.96	349.74	6.24
2026-04-23T15:51:26.3228857+08:00	0x09	0.8755	-0.0212	-0.4822	0.0228	183.39	237.72	1.11
2026-04-23T15:51:26.3228857+08:00	0x08	-0.1744	-0.0371	0.7354	0.6538	98.32	341.95	350.01
2026-04-23T15:51:26.3228857+08:00	0x07	0.0755	-0.8264	0.0404	-0.5565	350.22	112.17	359.01
2026-04-23T15:51:26.3228857+08:00	0x02	0.0480	-0.4453	0.8515	-0.2728	228.13	28.46	47.06
2026-04-23T15:51:26.3228857+08:00	0x01	-0.2941	-0.4860	0.7605	-0.3144	210.25	338.21	67.55
2026-04-23T15:51:26.3228857+08:00	0x06	-0.0948	-0.0439	0.9876	-0.1170	192.95	349.74	6.25
2026-04-23T15:51:26.3228857+08:00	0x03	0.3550	-0.1499	-0.8698	-0.3082	150.67	323.24	331.35
2026-04-23T15:51:26.3228857+08:00	0x07	0.0737	-0.8269	0.0412	-0.5560	350.35	112.23	359.20
2026-04-23T15:51:26.3228857+08:00	0x02	0.0466	-0.4399	0.8541	-0.2734	227.62	27.74	46.56
2026-04-23T15:51:26.3228857+08:00	0x04	-0.1236	0.0995	0.9106	-0.3816	226.25	342.41	355.02
2026-04-23T15:51:26.3228857+08:00	0x06	-0.0951	-0.0439	0.9876	-0.1169	192.93	349.71	6.25
2026-04-23T15:51:26.3228857+08:00	0x03	0.3569	-0.1484	-0.8705	-0.3048	151.13	322.87	331.58
2026-04-23T15:51:26.3228857+08:00	0x07	0.0729	-0.8270	0.0414	-0.5559	350.41	112.25	359.28
2026-04-23T15:51:26.3228857+08:00	0x01	-0.2953	-0.4845	0.7618	-0.3128	209.61	337.59	67.34
2026-04-23T15:51:26.3228857+08:00	0x09	0.8756	-0.0224	-0.4819	0.0224	183.49	237.69	1.01
2026-04-23T15:51:26.3228857+08:00	0x06	-0.0945	-0.0437	0.9877	-0.1168	192.93	349.77	6.23
2026-04-23T15:51:26.3238411+08:00	0x08	-0.1744	-0.0372	0.7348	0.6545	98.21	341.96	350.01
2026-04-23T15:51:26.3238411+08:00	0x03	0.3556	-0.1471	-0.8719	-0.3029	151.29	322.97	331.84
2026-04-23T15:51:26.3238411+08:00	0x02	0.0506	-0.4560	0.8464	-0.2704	229.01	29.86	48.12
2026-04-23T15:51:26.3238411+08:00	0x01	-0.2929	-0.4872	0.7623	-0.3093	209.14	337.68	67.52
2026-04-23T15:51:26.3238411+08:00	0x04	-0.1221	0.0963	0.9058	-0.3942	227.72	342.65	355.51
2026-04-23T15:51:26.3238411+08:00	0x05	-0.7224	0.0901	0.6580	0.1927	172.27	266.26	336.61
2026-04-23T15:51:26.3238411+08:00	0x06	-0.0945	-0.0438	0.9877	-0.1169	192.94	349.78	6.23
2026-04-23T15:51:26.3238411+08:00	0x03	0.3531	-0.1513	-0.8787	-0.2835	153.74	322.82	332.22
2026-04-23T15:51:26.3238411+08:00	0x07	0.0708	-0.8262	0.0432	-0.5572	350.50	112.04	359.57
2026-04-23T15:51:26.3238411+08:00	0x09	0.8747	-0.0217	-0.4836	0.0226	183.43	237.91	1.06
2026-04-23T15:51:26.3238411+08:00	0x01	-0.2932	-0.4862	0.7636	-0.3074	208.60	337.26	67.35
2026-04-23T15:51:26.3238411+08:00	0x06	-0.0942	-0.0437	0.9877	-0.1166	192.90	349.81	6.21
2026-04-23T15:51:26.3238411+08:00	0x03	0.3550	-0.1411	-0.8733	-0.3024	151.16	322.94	332.54
2026-04-23T15:51:26.3238411+08:00	0x08	-0.1766	-0.0390	0.7342	0.6544	98.20	341.63	349.99
2026-04-23T15:51:26.3238411+08:00	0x04	-0.1270	0.0973	0.9150	-0.3705	224.84	342.21	355.19
2026-04-23T15:51:26.3238411+08:00	0x09	0.8753	-0.0218	-0.4826	0.0225	183.43	237.78	1.05
2026-04-23T15:51:26.3238411+08:00	0x06	-0.0942	-0.0439	0.9876	-0.1175	193.02	349.82	6.25
2026-04-23T15:51:26.3238411+08:00	0x03	0.3554	-0.1417	-0.8655	-0.3232	148.57	323.48	331.64
2026-04-23T15:51:26.3238411+08:00	0x08	-0.1756	-0.0383	0.7344	0.6545	98.20	341.77	350.00
2026-04-23T15:51:26.3238411+08:00	0x04	-0.1219	0.0876	0.9126	-0.3802	225.80	343.16	356.15
2026-04-23T15:51:26.3238411+08:00	0x02	0.0401	-0.4098	0.8699	-0.2714	224.35	23.86	43.73
2026-04-23T15:51:26.3238411+08:00	0x06	-0.0940	-0.0450	0.9876	-0.1177	193.03	349.86	6.37
2026-04-23T15:51:26.3238411+08:00	0x03	0.3552	-0.1511	-0.8719	-0.3013	151.58	323.04	331.47
2026-04-23T15:51:26.3238411+08:00	0x07	0.0692	-0.8268	0.0452	-0.5565	350.51	112.13	359.87
2026-04-23T15:51:26.3238411+08:00	0x09	0.8755	-0.0195	-0.4823	0.0225	183.20	237.74	1.18
2026-04-23T15:51:26.3238411+08:00	0x02	0.0311	-0.3987	0.8744	-0.2748	223.58	21.91	42.85
2026-04-23T15:51:26.3238411+08:00	0x04	-0.1282	0.1025	0.9066	-0.3888	227.23	341.73	355.06
2026-04-23T15:51:26.3238411+08:00	0x05	-0.6714	-0.2751	0.6709	-0.1532	168.45	266.29	35.09
2026-04-23T15:51:26.3238411+08:00	0x06	-0.0943	-0.0446	0.9875	-0.1184	193.11	349.82	6.34
2026-04-23T15:51:26.3238411+08:00	0x03	0.3567	-0.1557	-0.8719	-0.2970	152.30	322.78	331.09
2026-04-23T15:51:26.3238411+08:00	0x08	-0.1758	-0.0388	0.7356	0.6531	98.41	341.70	350.06
2026-04-23T15:51:26.3238411+08:00	0x09	0.8760	-0.0194	-0.4813	0.0217	183.14	237.60	1.11
2026-04-23T15:51:26.3238411+08:00	0x02	0.0271	-0.3431	0.9006	-0.2654	218.53	16.84	37.13
2026-04-23T15:51:26.3238411+08:00	0x01	-0.2976	-0.4760	0.7651	-0.3154	209.79	337.22	66.36
2026-04-23T15:51:26.3238411+08:00	0x06	-0.0944	-0.0442	0.9876	-0.1175	193.01	349.79	6.29
2026-04-23T15:51:26.3238411+08:00	0x03	0.3551	-0.1623	-0.8809	-0.2675	156.12	322.22	331.58
2026-04-23T15:51:26.3238411+08:00	0x09	0.8749	-0.0197	-0.4833	0.0227	183.23	237.87	1.18
2026-04-23T15:51:26.3238411+08:00	0x08	-0.1763	-0.0392	0.7348	0.6538	98.28	341.63	350.03
2026-04-23T15:51:26.3238411+08:00	0x04	-0.1186	0.1044	0.9027	-0.4002	228.64	342.60	354.63
2026-04-23T15:51:26.3238411+08:00	0x05	-0.6020	-0.4086	0.6234	-0.2862	164.93	263.50	58.66
2026-04-23T15:51:26.3238411+08:00	0x06	-0.0942	-0.0448	0.9875	-0.1179	193.05	349.83	6.36
2026-04-23T15:51:26.3238411+08:00	0x07	0.0663	-0.8267	0.0481	-0.5566	350.61	112.07	0.32
2026-04-23T15:51:26.3238411+08:00	0x09	0.8752	-0.0204	-0.4828	0.0220	183.27	237.79	1.08
2026-04-23T15:51:26.3238411+08:00	0x01	-0.2992	-0.4801	0.7607	-0.3182	210.32	337.41	67.06
2026-04-23T15:51:26.3238411+08:00	0x02	0.0244	-0.3745	0.8872	-0.2685	220.70	18.79	40.64
2026-04-23T15:51:26.3238411+08:00	0x06	-0.0945	-0.0445	0.9875	-0.1180	193.07	349.79	6.33
2026-04-23T15:51:26.3238411+08:00	0x03	0.3568	-0.1516	-0.8832	-0.2639	156.28	321.81	332.87
2026-04-23T15:51:26.3238411+08:00	0x09	0.8752	-0.0202	-0.4829	0.0226	183.28	237.81	1.15
2026-04-23T15:51:26.3238411+08:00	0x08	-0.1767	-0.0389	0.7347	0.6539	98.28	341.62	349.98
2026-04-23T15:51:26.3238411+08:00	0x04	-0.1166	0.0896	0.9109	-0.3855	226.48	343.61	355.79
2026-04-23T15:51:26.3238411+08:00	0x01	-0.2984	-0.4845	0.7600	-0.3141	209.47	337.05	67.50
2026-04-23T15:51:26.3238411+08:00	0x03	0.3508	-0.1534	-0.8801	-0.2807	154.08	323.07	332.16
2026-04-23T15:51:26.3238411+08:00	0x07	0.0650	-0.8274	0.0495	-0.5556	350.64	112.19	0.56
2026-04-23T15:51:26.3238411+08:00	0x08	-0.1763	-0.0384	0.7339	0.6549	98.14	341.71	349.95
2026-04-23T15:51:26.3238411+08:00	0x04	-0.1316	0.0750	0.9138	-0.3770	225.17	342.71	357.83
2026-04-23T15:51:26.3238411+08:00	0x06	-0.0945	-0.0454	0.9874	-0.1188	193.15	349.81	6.44
2026-04-23T15:51:26.3238411+08:00	0x03	0.3544	-0.1529	-0.8732	-0.2975	152.09	323.05	331.45
2026-04-23T15:51:26.3238411+08:00	0x07	0.0630	-0.8275	0.0501	-0.5556	350.80	112.18	0.74
2026-04-23T15:51:26.3238411+08:00	0x08	-0.1765	-0.0384	0.7343	0.6544	98.21	341.69	349.94
2026-04-23T15:51:26.3238411+08:00	0x04	-0.1229	0.0942	0.9118	-0.3803	225.96	342.74	355.50
2026-04-23T15:51:26.3238411+08:00	0x09	0.8758	-0.0206	-0.4817	0.0225	183.31	237.65	1.12
2026-04-23T15:51:26.3238411+08:00	0x06	-0.0942	-0.0450	0.9875	-0.1184	193.10	349.84	6.39
2026-04-23T15:51:26.3238411+08:00	0x03	0.3494	-0.1528	-0.8738	-0.3016	151.41	323.83	331.45
2026-04-23T15:51:26.3238411+08:00	0x08	-0.1757	-0.0378	0.7335	0.6555	98.05	341.81	349.93
2026-04-23T15:51:26.3238411+08:00	0x04	-0.1231	0.0498	0.9193	-0.3706	223.92	344.74	359.98
2026-04-23T15:51:26.3238411+08:00	0x09	0.8750	-0.0209	-0.4831	0.0226	183.35	237.84	1.11
2026-04-23T15:51:26.3238411+08:00	0x06	-0.0944	-0.0453	0.9875	-0.1182	193.08	349.82	6.42
2026-04-23T15:51:26.3248834+08:00	0x03	0.3449	-0.1432	-0.8718	-0.3170	149.08	324.70	332.07
2026-04-23T15:51:26.3248834+08:00	0x07	0.0606	-0.8277	0.0519	-0.5554	350.90	112.19	1.07
2026-04-23T15:51:26.3248834+08:00	0x09	0.8757	-0.0200	-0.4819	0.0228	183.27	237.68	1.18
2026-04-23T15:51:26.3248834+08:00	0x04	-0.1179	0.0695	0.9023	-0.4088	228.98	344.35	358.33
2026-04-23T15:51:26.3248834+08:00	0x06	-0.0947	-0.0454	0.9874	-0.1184	193.10	349.79	6.43
2026-04-23T15:51:26.3248834+08:00	0x03	0.3480	-0.1417	-0.8763	-0.3016	151.07	323.85	332.72
2026-04-23T15:51:26.3248834+08:00	0x07	0.0594	-0.8278	0.0526	-0.5554	350.98	112.18	1.21
2026-04-23T15:51:26.3248834+08:00	0x02	0.0302	-0.3859	0.8812	-0.2713	222.10	20.55	41.58
2026-04-23T15:51:26.3248834+08:00	0x01	-0.2985	-0.4816	0.7612	-0.3154	209.75	337.17	67.15
2026-04-23T15:51:26.3248834+08:00	0x06	-0.0946	-0.0450	0.9874	-0.1184	193.11	349.79	6.39
2026-04-23T15:51:26.3248834+08:00	0x04	-0.1074	0.0748	0.9025	-0.4102	229.24	345.19	357.31
2026-04-23T15:51:26.3248834+08:00	0x03	0.3481	-0.1437	-0.8761	-0.3009	151.21	323.84	332.53
2026-04-23T15:51:26.3248834+08:00	0x07	0.0588	-0.8270	0.0536	-0.5565	350.97	112.02	1.33
2026-04-23T15:51:26.3248834+08:00	0x09	0.8749	-0.0183	-0.4834	0.0237	183.15	237.88	1.36
2026-04-23T15:51:26.3248834+08:00	0x04	-0.0969	0.1304	0.9677	-0.1927	204.06	345.90	347.58
2026-04-23T15:51:26.3248834+08:00	0x06	-0.0959	-0.0450	0.9878	-0.1140	192.59	349.61	6.36
2026-04-23T15:51:26.3248834+08:00	0x07	0.0513	-0.8275	0.0568	-0.5563	351.48	112.02	2.12
2026-04-23T15:51:26.3248834+08:00	0x02	0.0180	-0.3160	0.9240	-0.2146	209.95	11.93	35.19
2026-04-23T15:51:26.3248834+08:00	0x09	0.8739	-0.0166	-0.4853	0.0219	182.88	238.13	1.27
2026-04-23T15:51:26.3248834+08:00	0x05	-0.7334	-0.1018	0.6716	-0.0277	173.46	264.38	10.21
2026-04-23T15:51:26.3248834+08:00	0x06	-0.0981	-0.0494	0.9872	-0.1158	192.74	349.42	6.90
2026-04-23T15:51:26.3248834+08:00	0x03	0.3426	-0.1712	-0.8260	-0.4135	136.65	329.00	325.52
2026-04-23T15:51:26.3248834+08:00	0x07	0.0572	-0.8233	0.0617	-0.5613	350.58	111.26	2.14
2026-04-23T15:51:26.3248834+08:00	0x08	-0.1688	-0.0478	0.7303	0.6602	97.19	341.74	351.19
2026-04-23T15:51:26.3248834+08:00	0x04	-0.1452	0.0888	0.9727	-0.1576	199.58	341.75	352.70
2026-04-23T15:51:26.3248834+08:00	0x02	0.0008	-0.2636	0.9382	-0.2241	208.97	7.91	29.63
2026-04-23T15:51:26.3248834+08:00	0x09	0.8690	-0.0207	-0.4940	0.0190	183.14	239.25	0.71
2026-04-23T15:51:26.3248834+08:00	0x06	-0.0973	-0.0503	0.9874	-0.1138	192.51	349.51	6.98
2026-04-23T15:51:26.3248834+08:00	0x03	0.3434	-0.1661	-0.8282	-0.4106	137.03	328.62	326.14
2026-04-23T15:51:26.3248834+08:00	0x08	-0.1676	-0.0485	0.7305	0.6602	97.18	341.79	351.34
2026-04-23T15:51:26.3248834+08:00	0x09	0.8665	-0.0195	-0.4983	0.0212	183.15	239.83	0.99
2026-04-23T15:51:26.3248834+08:00	0x01	-0.3207	-0.4271	0.7360	-0.4159	229.46	344.77	63.58
2026-04-23T15:51:26.3248834+08:00	0x04	-0.1405	0.0904	0.9731	-0.1584	199.67	342.26	352.45
2026-04-23T15:51:26.3248834+08:00	0x06	-0.0971	-0.0500	0.9876	-0.1125	192.36	349.52	6.92
2026-04-23T15:51:26.3248834+08:00	0x03	0.3437	-0.1690	-0.8284	-0.4088	137.33	328.60	325.87
2026-04-23T15:51:26.3248834+08:00	0x07	0.0519	-0.8204	0.0657	-0.5656	350.82	110.61	2.81
2026-04-23T15:51:26.3248834+08:00	0x02	-0.0116	-0.2251	0.9467	-0.2302	208.52	5.19	25.56
2026-04-23T15:51:26.3248834+08:00	0x09	0.8664	-0.0189	-0.4985	0.0214	183.10	239.86	1.05
2026-04-23T15:51:26.3248834+08:00	0x01	-0.3222	-0.4232	0.7397	-0.4123	228.16	343.60	63.09
2026-04-23T15:51:26.3248834+08:00	0x06	-0.0973	-0.0497	0.9876	-0.1125	192.36	349.49	6.89
2026-04-23T15:51:26.3248834+08:00	0x03	0.3466	-0.1731	-0.8260	-0.4094	137.39	328.39	325.27
2026-04-23T15:51:26.3248834+08:00	0x08	-0.1684	-0.0470	0.7308	0.6598	97.26	341.83	351.17
2026-04-23T15:51:26.3248834+08:00	0x09	0.8673	-0.0189	-0.4970	0.0218	183.12	239.66	1.09
2026-04-23T15:51:26.3248834+08:00	0x01	-0.3207	-0.4191	0.7489	-0.4008	225.35	341.94	62.22
2026-04-23T15:51:26.3248834+08:00	0x03	0.3443	-0.1691	-0.8319	-0.4011	138.43	328.22	326.11
2026-04-23T15:51:26.3248834+08:00	0x07	0.0490	-0.8221	0.0668	-0.5633	351.02	110.91	3.13
2026-04-23T15:51:26.3248834+08:00	0x08	-0.1685	-0.0464	0.7308	0.6598	97.26	341.86	351.11
2026-04-23T15:51:26.3248834+08:00	0x05	-0.7307	-0.1141	0.6719	-0.0385	173.25	264.48	12.10
2026-04-23T15:51:26.3248834+08:00	0x04	-0.1425	0.1025	0.9713	-0.1608	200.22	341.73	351.18
2026-04-23T15:51:26.3248834+08:00	0x06	-0.0973	-0.0496	0.9876	-0.1131	192.43	349.49	6.89
2026-04-23T15:51:26.3248834+08:00	0x09	0.8670	-0.0184	-0.4974	0.0227	183.13	239.71	1.21
2026-04-23T15:51:26.3248834+08:00	0x02	0.0055	-0.3179	0.9253	-0.2069	208.48	10.07	35.87
2026-04-23T15:51:26.3248834+08:00	0x07	0.0483	-0.8206	0.0679	-0.5654	351.01	110.61	3.26
2026-04-23T15:51:26.3248834+08:00	0x01	-0.3203	-0.4131	0.7639	-0.3784	220.09	338.71	60.88
2026-04-23T15:51:26.3248834+08:00	0x04	-0.1425	0.1028	0.9710	-0.1619	200.36	341.72	351.17
2026-04-23T15:51:26.3248834+08:00	0x03	0.3377	-0.1707	-0.8390	-0.3910	139.62	328.74	326.60
2026-04-23T15:51:26.3248834+08:00	0x07	0.0468	-0.8207	0.0689	-0.5652	351.08	110.62	3.45
2026-04-23T15:51:26.3248834+08:00	0x02	0.0163	-0.3381	0.9149	-0.2200	211.51	13.04	37.70
2026-04-23T15:51:26.3248834+08:00	0x01	-0.3176	-0.4192	0.7601	-0.3817	221.31	339.98	61.61
2026-04-23T15:51:26.3248834+08:00	0x06	-0.0971	-0.0485	0.9877	-0.1129	192.42	349.50	6.76
2026-04-23T15:51:26.3248834+08:00	0x03	0.3383	-0.1724	-0.8371	-0.3937	139.29	328.82	326.28
2026-04-23T15:51:26.3248834+08:00	0x09	0.8663	-0.0194	-0.4987	0.0222	183.20	239.89	1.09
2026-04-23T15:51:26.3248834+08:00	0x07	0.0455	-0.8204	0.0699	-0.5657	351.14	110.54	3.63
2026-04-23T15:51:26.3258821+08:00	0x01	-0.2981	-0.4192	0.7756	-0.3659	219.84	341.71	60.27
2026-04-23T15:51:26.3258821+08:00	0x06	-0.0974	-0.0461	0.9878	-0.1127	192.42	349.45	6.48
2026-04-23T15:51:26.3258821+08:00	0x04	-0.0972	0.0639	0.9109	-0.3959	227.25	346.83	357.74
2026-04-23T15:51:26.3258821+08:00	0x09	0.8662	-0.0153	-0.4989	0.0248	182.94	239.92	1.58
2026-04-23T15:51:26.3258821+08:00	0x07	0.0479	-0.8198	0.0697	-0.5664	350.92	110.44	3.45
2026-04-23T15:51:26.3258821+08:00	0x08	-0.1708	-0.0435	0.7333	0.6567	97.79	341.84	350.76
2026-04-23T15:51:26.3258821+08:00	0x01	-0.3114	-0.4476	0.7633	-0.3466	214.88	337.85	64.04
2026-04-23T15:51:26.3258821+08:00	0x06	-0.0957	-0.0474	0.9878	-0.1136	192.52	349.66	6.62
2026-04-23T15:51:26.3258821+08:00	0x04	-0.1111	0.0295	0.9100	-0.3985	227.07	346.95	2.00
2026-04-23T15:51:26.3258821+08:00	0x03	0.3279	-0.1556	-0.8678	-0.3394	145.96	327.82	330.49
2026-04-23T15:51:26.3258821+08:00	0x09	0.8679	-0.0161	-0.4959	0.0242	182.98	239.52	1.49
2026-04-23T15:51:26.3258821+08:00	0x07	0.0463	-0.8220	0.0692	-0.5633	351.12	110.88	3.53
2026-04-23T15:51:26.3258821+08:00	0x08	-0.1696	-0.0414	0.7333	0.6571	97.75	342.11	350.67
2026-04-23T15:51:26.3258821+08:00	0x01	-0.3089	-0.4606	0.7624	-0.3334	212.33	336.92	65.28
2026-04-23T15:51:26.3258821+08:00	0x06	-0.0962	-0.0466	0.9875	-0.1158	192.78	349.60	6.56
2026-04-23T15:51:26.3258821+08:00	0x04	-0.1050	0.0344	0.8918	-0.4387	232.19	347.44	1.77
2026-04-23T15:51:26.3258821+08:00	0x03	0.3331	-0.1475	-0.8694	-0.3339	146.68	326.79	331.39
2026-04-23T15:51:26.3258821+08:00	0x09	0.8675	-0.0164	-0.4965	0.0244	183.03	239.60	1.49
2026-04-23T15:51:26.3258821+08:00	0x07	0.0448	-0.8215	0.0703	-0.5641	351.19	110.76	3.73
2026-04-23T15:51:26.3258821+08:00	0x01	-0.3069	-0.4647	0.7610	-0.3328	212.56	337.44	65.71
2026-04-23T15:51:26.3258821+08:00	0x06	-0.0959	-0.0463	0.9876	-0.1153	192.73	349.63	6.52
2026-04-23T15:51:26.3258821+08:00	0x04	-0.1069	0.0452	0.8919	-0.4371	232.13	346.69	0.74
2026-04-23T15:51:26.3258821+08:00	0x09	0.8683	-0.0165	-0.4952	0.0244	183.03	239.44	1.48
2026-04-23T15:51:26.3258821+08:00	0x03	0.3364	-0.1435	-0.8716	-0.3265	147.63	326.07	331.98
2026-04-23T15:51:26.3258821+08:00	0x01	-0.3033	-0.4611	0.7644	-0.3333	213.09	338.19	65.11
2026-04-23T15:51:26.3258821+08:00	0x06	-0.0959	-0.0464	0.9876	-0.1155	192.75	349.64	6.53
2026-04-23T15:51:26.3258821+08:00	0x04	-0.1197	0.0563	0.8831	-0.4502	233.96	344.81	0.48
2026-04-23T15:51:26.3258821+08:00	0x03	0.3446	-0.1466	-0.8825	-0.2846	153.22	323.90	332.95
2026-04-23T15:51:26.3258821+08:00	0x09	0.8673	-0.0161	-0.4969	0.0248	183.02	239.65	1.54
2026-04-23T15:51:26.3258821+08:00	0x07	0.0419	-0.8215	0.0721	-0.5641	351.34	110.73	4.09
2026-04-23T15:51:26.3258821+08:00	0x01	-0.2980	-0.4667	0.7651	-0.3285	212.81	338.89	65.51
2026-04-23T15:51:26.3258821+08:00	0x06	-0.0956	-0.0451	0.9877	-0.1148	192.69	349.65	6.38
2026-04-23T15:51:26.3258821+08:00	0x03	0.3442	-0.1349	-0.8871	-0.2764	153.88	323.59	334.56
2026-04-23T15:51:26.3258821+08:00	0x04	-0.1141	0.0294	0.8825	-0.4553	234.24	346.80	2.98
2026-04-23T15:51:26.3258821+08:00	0x07	0.0397	-0.8218	0.0732	-0.5637	351.48	110.78	4.33
2026-04-23T15:51:26.3258821+08:00	0x01	-0.2980	-0.4692	0.7626	-0.3310	213.46	339.36	65.91
2026-04-23T15:51:26.3258821+08:00	0x02	0.0181	-0.3318	0.8983	-0.2874	220.68	15.99	35.85
2026-04-23T15:51:26.3258821+08:00	0x06	-0.0958	-0.0458	0.9876	-0.1153	192.73	349.64	6.46
2026-04-23T15:51:26.3258821+08:00	0x03	0.3436	-0.1419	-0.8851	-0.2799	153.63	323.84	333.67
2026-04-23T15:51:26.3258821+08:00	0x07	0.0393	-0.8219	0.0732	-0.5636	351.52	110.80	4.37
2026-04-23T15:51:26.3258821+08:00	0x08	-0.1686	-0.0401	0.7338	0.6569	97.79	342.29	350.63
2026-04-23T15:51:26.3258821+08:00	0x01	-0.2992	-0.4636	0.7662	-0.3294	212.76	338.62	65.16
2026-04-23T15:51:26.3258821+08:00	0x06	-0.0956	-0.0459	0.9876	-0.1154	192.74	349.67	6.48
2026-04-23T15:51:26.3258821+08:00	0x09	0.8678	-0.0166	-0.4960	0.0254	183.10	239.54	1.58
2026-04-23T15:51:26.3258821+08:00	0x03	0.3468	-0.1322	-0.8864	-0.2768	153.82	323.23	334.76
2026-04-23T15:51:26.3258821+08:00	0x07	0.0377	-0.8221	0.0743	-0.5632	351.60	110.83	4.57
2026-04-23T15:51:26.3258821+08:00	0x08	-0.1686	-0.0397	0.7340	0.6566	97.84	342.31	350.61
2026-04-23T15:51:26.3258821+08:00	0x02	0.0239	-0.3374	0.8951	-0.2907	221.64	17.21	36.16
2026-04-23T15:51:26.3258821+08:00	0x06	-0.0953	-0.0461	0.9876	-0.1158	192.79	349.70	6.49
2026-04-23T15:51:26.3258821+08:00	0x03	0.3447	-0.1352	-0.8848	-0.2828	153.12	323.68	334.27
2026-04-23T15:51:26.3258821+08:00	0x07	0.0364	-0.8219	0.0750	-0.5634	351.67	110.79	4.72
2026-04-23T15:51:26.3258821+08:00	0x02	0.0196	-0.3255	0.8994	-0.2911	220.93	15.93	35.03
2026-04-23T15:51:26.3258821+08:00	0x04	-0.1260	0.0915	0.8889	-0.4309	232.21	342.35	356.90
2026-04-23T15:51:26.3258821+08:00	0x09	0.8684	-0.0164	-0.4950	0.0247	183.04	239.41	1.53
2026-04-23T15:51:26.3258821+08:00	0x03	0.3476	-0.1380	-0.8856	-0.2753	154.20	323.16	334.16
2026-04-23T15:51:26.3258821+08:00	0x07	0.0349	-0.8229	0.0755	-0.5620	351.78	110.99	4.88
2026-04-23T15:51:26.3258821+08:00	0x01	-0.2982	-0.4703	0.7625	-0.3295	213.10	339.13	66.01
2026-04-23T15:51:26.3258821+08:00	0x06	-0.0953	-0.0468	0.9875	-0.1169	192.90	349.72	6.59
2026-04-23T15:51:26.3258821+08:00	0x04	-0.1137	0.0687	0.8931	-0.4298	231.59	344.79	358.57
2026-04-23T15:51:26.3258821+08:00	0x09	0.8693	-0.0172	-0.4934	0.0244	183.09	239.20	1.46
2026-04-23T15:51:26.3258821+08:00	0x07	0.0334	-0.8237	0.0760	-0.5610	351.91	111.13	5.04
2026-04-23T15:51:26.3258821+08:00	0x02	0.0180	-0.3337	0.8972	-0.2886	220.94	16.16	36.05
2026-04-23T15:51:26.3258821+08:00	0x01	-0.2951	-0.4758	0.7581	-0.3344	214.94	340.89	66.75
2026-04-23T15:51:26.3268743+08:00	0x06	-0.0956	-0.0466	0.9874	-0.1172	192.94	349.68	6.57
2026-04-23T15:51:26.3268743+08:00	0x09	0.8698	-0.0175	-0.4926	0.0242	183.11	239.09	1.43
2026-04-23T15:51:26.3268743+08:00	0x03	0.3429	-0.1152	-0.8865	-0.2886	151.80	323.74	336.28
2026-04-23T15:51:26.3268743+08:00	0x08	-0.1697	-0.0393	0.7340	0.6565	97.87	342.25	350.50
2026-04-23T15:51:26.3268743+08:00	0x01	-0.2951	-0.4723	0.7621	-0.3301	213.75	340.02	66.17
2026-04-23T15:51:26.3268743+08:00	0x05	-0.6404	0.3546	0.5660	0.3793	183.09	261.07	297.48
2026-04-23T15:51:26.3268743+08:00	0x04	-0.1301	0.0521	0.9072	-0.3968	227.17	343.89	0.50
2026-04-23T15:51:26.3268743+08:00	0x09	0.8695	-0.0174	-0.4930	0.0242	183.10	239.14	1.43
2026-04-23T15:51:26.3268743+08:00	0x03	0.3412	-0.1271	-0.8821	-0.2989	150.82	324.40	334.65
2026-04-23T15:51:26.3268743+08:00	0x07	0.0322	-0.8238	0.0770	-0.5607	351.95	111.15	5.21
2026-04-23T15:51:26.3268743+08:00	0x02	0.0161	-0.3196	0.9012	-0.2922	220.67	15.18	34.51
2026-04-23T15:51:26.3268743+08:00	0x01	-0.2944	-0.4749	0.7615	-0.3284	213.51	340.04	66.45
2026-04-23T15:51:26.3268743+08:00	0x06	-0.0949	-0.0471	0.9874	-0.1179	193.02	349.77	6.62
2026-04-23T15:51:26.3268743+08:00	0x09	0.8697	-0.0176	-0.4927	0.0240	183.11	239.10	1.40
2026-04-23T15:51:26.3268743+08:00	0x03	0.3403	-0.1296	-0.8832	-0.2957	151.26	324.49	334.52
2026-04-23T15:51:26.3268743+08:00	0x07	0.0305	-0.8241	0.0778	-0.5603	352.06	111.20	5.39
2026-04-23T15:51:26.3268743+08:00	0x02	0.0174	-0.3307	0.8974	-0.2915	221.18	16.02	35.69
2026-04-23T15:51:26.3268743+08:00	0x01	-0.2940	-0.4753	0.7613	-0.3287	213.63	340.18	66.50
2026-04-23T15:51:26.3268743+08:00	0x04	-0.1187	0.0543	0.9009	-0.4138	229.34	345.00	0.03
2026-04-23T15:51:26.3268743+08:00	0x09	0.8701	-0.0159	-0.4920	0.0240	182.94	239.01	1.49
2026-04-23T15:51:26.3268743+08:00	0x03	0.3457	-0.1337	-0.8860	-0.2786	153.62	323.43	334.56
2026-04-23T15:51:26.3268743+08:00	0x02	0.0221	-0.3461	0.8912	-0.2925	222.32	17.66	37.15
2026-04-23T15:51:26.3268743+08:00	0x06	-0.0950	-0.0480	0.9873	-0.1180	193.03	349.77	6.73
2026-04-23T15:51:26.3268743+08:00	0x04	-0.1207	0.0367	0.9033	-0.4099	228.58	345.62	1.88
2026-04-23T15:51:26.3268743+08:00	0x09	0.8701	-0.0172	-0.4919	0.0235	183.04	239.00	1.38
2026-04-23T15:51:26.3268743+08:00	0x03	0.3474	-0.1209	-0.8829	-0.2918	151.68	323.34	335.40
2026-04-23T15:51:26.3268743+08:00	0x07	0.0275	-0.8245	0.0790	-0.5597	352.28	111.27	5.71
2026-04-23T15:51:26.3268743+08:00	0x01	-0.2904	-0.4798	0.7599	-0.3286	214.30	341.23	66.94
2026-04-23T15:51:26.3268743+08:00	0x02	0.0250	-0.3524	0.8883	-0.2933	222.91	18.50	37.70
2026-04-23T15:51:26.3268743+08:00	0x06	-0.0951	-0.0472	0.9874	-0.1176	192.98	349.75	6.64
2026-04-23T15:51:26.3268743+08:00	0x04	-0.1279	0.0263	0.9065	-0.4015	227.37	345.32	3.15
2026-04-23T15:51:26.3268743+08:00	0x09	0.8695	-0.0187	-0.4929	0.0248	183.27	239.13	1.42
2026-04-23T15:51:26.3268743+08:00	0x07	0.0273	-0.8241	0.0800	-0.5601	352.23	111.20	5.81
2026-04-23T15:51:26.3268743+08:00	0x08	-0.1697	-0.0386	0.7337	0.6568	97.82	342.31	350.43
2026-04-23T15:51:26.3268743+08:00	0x01	-0.2901	-0.4768	0.7616	-0.3293	214.42	341.28	66.54
2026-04-23T15:51:26.3268743+08:00	0x02	0.0183	-0.3042	0.9087	-0.2852	219.07	14.25	32.84
2026-04-23T15:51:26.3268743+08:00	0x05	-0.5753	0.4578	0.4698	0.4886	213.20	228.97	277.10
2026-04-23T15:51:26.3268743+08:00	0x06	-0.0950	-0.0467	0.9874	-0.1175	192.99	349.76	6.57
2026-04-23T15:51:26.3268743+08:00	0x04	-0.1204	0.0762	0.8951	-0.4225	230.83	343.73	358.01
2026-04-23T15:51:26.3268743+08:00	0x03	0.3426	-0.1397	-0.8882	-0.2725	154.45	323.76	334.22
2026-04-23T15:51:26.3268743+08:00	0x09	0.8701	-0.0177	-0.4920	0.0243	183.14	239.01	1.42
2026-04-23T15:51:26.3268743+08:00	0x07	0.0249	-0.8248	0.0810	-0.5591	352.39	111.33	6.07
2026-04-23T15:51:26.3268743+08:00	0x08	-0.1698	-0.0382	0.7338	0.6566	97.85	342.32	350.39
2026-04-23T15:51:26.3268743+08:00	0x02	0.0230	-0.3444	0.8950	-0.2825	220.85	17.20	37.12
2026-04-23T15:51:26.3268743+08:00	0x06	-0.0951	-0.0472	0.9873	-0.1179	193.02	349.76	6.64
2026-04-23T15:51:26.3268743+08:00	0x01	-0.2899	-0.4793	0.7591	-0.3317	215.15	341.84	66.93
2026-04-23T15:51:26.3268743+08:00	0x04	-0.1140	0.0580	0.8956	-0.4261	230.93	345.31	359.62
2026-04-23T15:51:26.3268743+08:00	0x03	0.3463	-0.1331	-0.8878	-0.2722	154.40	323.19	334.86
2026-04-23T15:51:26.3268743+08:00	0x07	0.0243	-0.8254	0.0809	-0.5581	352.47	111.47	6.11
2026-04-23T15:51:26.3268743+08:00	0x08	-0.1705	-0.0384	0.7340	0.6562	97.91	342.24	350.36
2026-04-23T15:51:26.3268743+08:00	0x02	0.0195	-0.3386	0.8974	-0.2823	220.37	16.36	36.63
2026-04-23T15:51:26.3268743+08:00	0x06	-0.0949	-0.0472	0.9874	-0.1176	192.99	349.78	6.64
2026-04-23T15:51:26.3268743+08:00	0x04	-0.1225	0.0688	0.9057	-0.4000	227.87	343.91	358.48
2026-04-23T15:51:26.3268743+08:00	0x07	0.0235	-0.8249	0.0820	-0.5587	352.46	111.37	6.26
2026-04-23T15:51:26.3268743+08:00	0x08	-0.1702	-0.0385	0.7340	0.6564	97.89	342.27	350.39
2026-04-23T15:51:26.3268743+08:00	0x01	-0.2893	-0.4810	0.7596	-0.3284	214.46	341.52	67.05
2026-04-23T15:51:26.3268743+08:00	0x02	0.0241	-0.3530	0.8885	-0.2922	222.76	18.39	37.82
2026-04-23T15:51:26.3268743+08:00	0x06	-0.0948	-0.0470	0.9875	-0.1172	192.95	349.78	6.61
2026-04-23T15:51:26.3268743+08:00	0x04	-0.1227	0.0680	0.9060	-0.3993	227.78	343.93	358.56
2026-04-23T15:51:26.3268743+08:00	0x03	0.3446	-0.1321	-0.8813	-0.2953	151.50	323.97	334.13
2026-04-23T15:51:26.3268743+08:00	0x07	0.0219	-0.8252	0.0828	-0.5582	352.56	111.43	6.44
2026-04-23T15:51:26.3268743+08:00	0x08	-0.1704	-0.0385	0.7342	0.6561	97.93	342.24	350.39
2026-04-23T15:51:26.3268743+08:00	0x05	-0.7116	0.1820	0.6297	0.2529	175.78	264.39	323.91
2026-04-23T15:51:26.3268743+08:00	0x06	-0.0950	-0.0470	0.9874	-0.1176	192.99	349.76	6.61
2026-04-23T15:51:26.3278716+08:00	0x04	-0.1153	0.0674	0.8910	-0.4339	232.09	344.70	358.85
2026-04-23T15:51:26.3278716+08:00	0x03	0.3460	-0.1336	-0.8915	-0.2600	155.89	322.94	335.28
2026-04-23T15:51:26.3278716+08:00	0x07	0.0205	-0.8255	0.0837	-0.5578	352.65	111.48	6.62
2026-04-23T15:51:26.3278716+08:00	0x09	0.8707	-0.0179	-0.4909	0.0240	183.14	238.87	1.39
2026-04-23T15:51:26.3278716+08:00	0x01	-0.2866	-0.4863	0.7551	-0.3334	216.41	343.34	67.75
2026-04-23T15:51:26.3278716+08:00	0x06	-0.0949	-0.0467	0.9875	-0.1166	192.88	349.77	6.57
2026-04-23T15:51:26.3278716+08:00	0x09	0.8711	-0.0201	-0.4901	0.0242	183.37	238.77	1.29
2026-04-23T15:51:26.3278716+08:00	0x03	0.3464	-0.1280	-0.8913	-0.2630	155.36	322.89	335.77
2026-04-23T15:51:26.3278716+08:00	0x08	-0.1708	-0.0384	0.7335	0.6568	97.83	342.22	350.33
2026-04-23T15:51:26.3278716+08:00	0x07	0.0197	-0.8265	0.0843	-0.5562	352.69	111.69	6.74
2026-04-23T15:51:26.3278716+08:00	0x02	0.0400	-0.3916	0.8735	-0.2865	225.14	23.10	41.39
2026-04-23T15:51:26.3278716+08:00	0x06	-0.0949	-0.0471	0.9874	-0.1173	192.95	349.77	6.62
2026-04-23T15:51:26.3278716+08:00	0x04	-0.1239	0.0351	0.9100	-0.3942	226.59	345.33	1.94
2026-04-23T15:51:26.3278716+08:00	0x08	-0.1716	-0.0381	0.7338	0.6563	97.91	342.17	350.25
2026-04-23T15:51:26.3278716+08:00	0x03	0.3445	-0.1156	-0.8732	-0.3247	147.41	324.42	334.81
2026-04-23T15:51:26.3278716+08:00	0x01	-0.2859	-0.4749	0.7504	-0.3601	222.88	347.28	66.73
2026-04-23T15:51:26.3278716+08:00	0x02	0.0345	-0.3742	0.9051	-0.1988	211.04	16.40	41.58
2026-04-23T15:51:26.3278716+08:00	0x06	-0.0950	-0.0486	0.9872	-0.1187	193.11	349.78	6.81
2026-04-23T15:51:26.3278716+08:00	0x09	0.8730	-0.0177	-0.4868	0.0233	183.08	238.32	1.34
2026-04-23T15:51:26.3278716+08:00	0x07	0.0181	-0.8276	0.0850	-0.5546	352.81	111.91	6.92
2026-04-23T15:51:26.3278716+08:00	0x03	0.3425	-0.1332	-0.8636	-0.3453	145.17	325.61	332.19
2026-04-23T15:51:26.3278716+08:00	0x01	-0.2964	-0.4454	0.7471	-0.3944	228.08	347.92	64.07
2026-04-23T15:51:26.3278716+08:00	0x06	-0.0954	-0.0479	0.9871	-0.1192	193.17	349.74	6.73
2026-04-23T15:51:26.3278716+08:00	0x04	-0.1097	0.0624	0.9180	-0.3760	224.78	345.62	358.16
2026-04-23T15:51:26.3278716+08:00	0x09	0.8727	-0.0189	-0.4873	0.0233	183.20	238.40	1.28
2026-04-23T15:51:26.3278716+08:00	0x08	-0.1737	-0.0393	0.7327	0.6568	97.82	341.90	350.18
2026-04-23T15:51:26.3278716+08:00	0x01	-0.3022	-0.4450	0.7440	-0.3964	227.92	347.05	64.39
2026-04-23T15:51:26.3278716+08:00	0x03	0.3317	-0.1577	-0.8723	-0.3229	148.26	326.86	330.71
2026-04-23T15:51:26.3278716+08:00	0x02	0.0117	-0.3453	0.9190	-0.1897	207.36	11.34	39.07
2026-04-23T15:51:26.3278716+08:00	0x06	-0.0951	-0.0486	0.9870	-0.1199	193.24	349.79	6.82
2026-04-23T15:51:26.3278716+08:00	0x09	0.8733	-0.0178	-0.4862	0.0230	183.06	238.25	1.31
2026-04-23T15:51:26.3278716+08:00	0x04	-0.1312	0.0475	0.9447	-0.2966	214.96	343.97	359.32
2026-04-23T15:51:26.3278716+08:00	0x07	0.0146	-0.8281	0.0873	-0.5535	353.01	112.03	7.38
2026-04-23T15:51:26.3278716+08:00	0x08	-0.1725	-0.0394	0.7314	0.6586	97.54	342.02	350.24
2026-04-23T15:51:26.3278716+08:00	0x05	-0.7040	0.1732	0.6468	0.2367	175.70	266.46	326.13
2026-04-23T15:51:26.3278716+08:00	0x02	0.0010	-0.3059	0.9305	-0.2015	207.17	8.75	34.68
2026-04-23T15:51:26.3278716+08:00	0x09	0.8703	-0.0193	-0.4917	0.0207	183.09	238.95	0.97
2026-04-23T15:51:26.3278716+08:00	0x07	0.0072	-0.8251	0.0907	-0.5576	353.44	111.43	8.14
2026-04-23T15:51:26.3278716+08:00	0x01	-0.3161	-0.4322	0.7421	-0.4032	227.18	344.21	63.69
2026-04-23T15:51:26.3278716+08:00	0x06	-0.0953	-0.0479	0.9878	-0.1133	192.49	349.71	6.68
2026-04-23T15:51:26.3278716+08:00	0x02	0.0027	-0.3066	0.9288	-0.2083	208.18	9.29	34.64
2026-04-23T15:51:26.3278716+08:00	0x09	0.8686	-0.0184	-0.4948	0.0191	182.92	239.36	0.86
2026-04-23T15:51:26.3278716+08:00	0x03	0.3369	-0.1748	-0.8332	-0.4021	138.10	329.41	325.79
2026-04-23T15:51:26.3278716+08:00	0x01	-0.3098	-0.4277	0.7635	-0.3718	220.23	340.68	62.05
2026-04-23T15:51:26.3278716+08:00	0x06	-0.0951	-0.0474	0.9879	-0.1130	192.46	349.72	6.61
2026-04-23T15:51:26.3278716+08:00	0x02	0.0136	-0.2869	0.9422	-0.1725	203.22	8.48	32.41
2026-04-23T15:51:26.3278716+08:00	0x09	0.8688	-0.0215	-0.4944	0.0199	183.26	239.30	0.76
2026-04-23T15:51:26.3278716+08:00	0x08	-0.1676	-0.0459	0.7300	0.6610	97.09	342.00	351.12
2026-04-23T15:51:26.3278716+08:00	0x07	0.0034	-0.8247	0.0932	-0.5578	353.63	111.38	8.62
2026-04-23T15:51:26.3278716+08:00	0x01	-0.3047	-0.4340	0.7659	-0.3636	219.19	340.96	62.43
2026-04-23T15:51:26.3278716+08:00	0x02	0.0352	-0.3626	0.8965	-0.2522	218.07	18.52	39.23
2026-04-23T15:51:26.3278716+08:00	0x06	-0.0952	-0.0465	0.9878	-0.1140	192.58	349.70	6.53
2026-04-23T15:51:26.3278716+08:00	0x09	0.8682	-0.0209	-0.4954	0.0196	183.20	239.44	0.77
2026-04-23T15:51:26.3278716+08:00	0x04	-0.1484	0.1058	0.9721	-0.1479	198.86	341.09	350.69
2026-04-23T15:51:26.3278716+08:00	0x07	0.0019	-0.8241	0.0946	-0.5585	353.68	111.25	8.85
2026-04-23T15:51:26.3278716+08:00	0x06	-0.0953	-0.0468	0.9878	-0.1135	192.52	349.69	6.55
2026-04-23T15:51:26.3278716+08:00	0x05	-0.7042	0.1735	0.6463	0.2372	175.70	266.40	326.06
2026-04-23T15:51:26.3278716+08:00	0x04	-0.1524	0.0707	0.9619	-0.2158	205.96	341.06	355.97
2026-04-23T15:51:26.3278716+08:00	0x08	-0.1656	-0.0453	0.7329	0.6584	97.50	342.19	351.27
2026-04-23T15:51:26.3278716+08:00	0x07	0.0005	-0.8240	0.0958	-0.5585	353.74	111.25	9.05
2026-04-23T15:51:26.3278716+08:00	0x01	-0.2968	-0.4561	0.7700	-0.3332	213.80	339.41	64.18
2026-04-23T15:51:26.3278716+08:00	0x05	-0.6213	0.3943	0.5321	0.4188	187.46	255.92	289.94
2026-04-23T15:51:26.3288540+08:00	0x06	-0.0946	-0.0476	0.9877	-0.1147	192.66	349.80	6.65
2026-04-23T15:51:26.3288607+08:00	0x04	-0.1055	0.0569	0.8826	-0.4547	234.54	346.23	359.74
2026-04-23T15:51:26.3288607+08:00	0x02	0.0351	-0.3675	0.8828	-0.2906	223.84	20.75	38.94
2026-04-23T15:51:26.3288607+08:00	0x07	0.0021	-0.8246	0.0953	-0.5576	353.62	111.37	8.91
2026-04-23T15:51:26.3288607+08:00	0x09	0.8688	-0.0156	-0.4944	0.0204	182.71	239.31	1.14
2026-04-23T15:51:26.3288607+08:00	0x02	0.0320	-0.3619	0.8854	-0.2901	223.30	19.92	38.47
2026-04-23T15:51:26.3288607+08:00	0x04	-0.1239	0.0767	0.8914	-0.4293	231.68	343.33	358.26
2026-04-23T15:51:26.3288607+08:00	0x09	0.8693	-0.0183	-0.4934	0.0210	183.02	239.19	1.06
2026-04-23T15:51:26.3288607+08:00	0x07	0.0019	-0.8249	0.0950	-0.5572	353.67	111.43	8.90
2026-04-23T15:51:26.3288607+08:00	0x01	-0.2885	-0.4792	0.7641	-0.3215	212.75	340.48	66.60
2026-04-23T15:51:26.3288607+08:00	0x06	-0.0944	-0.0469	0.9876	-0.1163	192.84	349.83	6.58
2026-04-23T15:51:26.3288607+08:00	0x02	0.0198	-0.3285	0.8976	-0.2932	221.38	16.24	35.32
2026-04-23T15:51:26.3288607+08:00	0x04	-0.1187	0.0336	0.8917	-0.4355	231.75	346.04	2.49
2026-04-23T15:51:26.3288607+08:00	0x09	0.8694	-0.0177	-0.4933	0.0217	183.00	239.17	1.16
2026-04-23T15:51:26.3288607+08:00	0x03	0.3448	-0.1282	-0.8768	-0.3096	149.62	324.25	334.00
2026-04-23T15:51:26.3288607+08:00	0x08	-0.1687	-0.0425	0.7333	0.6572	97.71	342.10	350.83
2026-04-23T15:51:26.3288607+08:00	0x01	-0.2895	-0.4820	0.7599	-0.3261	213.86	341.13	67.13
2026-04-23T15:51:26.3288607+08:00	0x02	0.0251	-0.3563	0.8888	-0.2870	222.25	18.50	38.24
2026-04-23T15:51:26.3288607+08:00	0x09	0.8701	-0.0182	-0.4920	0.0213	183.02	239.00	1.10
2026-04-23T15:51:26.3288607+08:00	0x08	-0.1698	-0.0425	0.7334	0.6569	97.76	342.01	350.74
2026-04-23T15:51:26.3288607+08:00	0x03	0.3393	-0.1285	-0.8799	-0.3068	149.83	324.88	334.26
2026-04-23T15:51:26.3288607+08:00	0x01	-0.2915	-0.4814	0.7580	-0.3297	214.50	341.25	67.22
2026-04-23T15:51:26.3288607+08:00	0x06	-0.0945	-0.0471	0.9874	-0.1177	193.00	349.82	6.61
2026-04-23T15:51:26.3288607+08:00	0x04	-0.1112	0.0462	0.8978	-0.4235	230.43	346.18	0.64
2026-04-23T15:51:26.3288607+08:00	0x09	0.8715	-0.0183	-0.4896	0.0208	183.00	238.68	1.05
2026-04-23T15:51:26.3288607+08:00	0x03	0.3380	-0.1272	-0.8805	-0.3071	149.72	325.03	334.43
2026-04-23T15:51:26.3288607+08:00	0x07	-0.0005	-0.8266	0.0962	-0.5545	353.84	111.80	9.18
2026-04-23T15:51:26.3288607+08:00	0x05	-0.6594	0.3198	0.5621	0.3833	178.95	261.50	300.12
2026-04-23T15:51:26.3288607+08:00	0x01	-0.2902	-0.4828	0.7632	-0.3165	211.32	339.40	67.03
2026-04-23T15:51:26.3288607+08:00	0x06	-0.0939	-0.0470	0.9874	-0.1180	193.04	349.89	6.61
2026-04-23T15:51:26.3288607+08:00	0x09	0.8711	-0.0189	-0.4903	0.0215	183.10	238.78	1.09
2026-04-23T15:51:26.3288607+08:00	0x04	-0.1092	0.0459	0.9005	-0.4184	229.78	346.40	0.50
2026-04-23T15:51:26.3288607+08:00	0x03	0.3341	-0.1258	-0.8811	-0.3102	149.19	325.58	334.60
2026-04-23T15:51:26.3288607+08:00	0x07	-0.0017	-0.8266	0.0970	-0.5544	353.91	111.80	9.34
2026-04-23T15:51:26.3288607+08:00	0x01	-0.2905	-0.4848	0.7594	-0.3221	212.78	340.35	67.46
2026-04-23T15:51:26.3288607+08:00	0x06	-0.0938	-0.0470	0.9874	-0.1181	193.06	349.90	6.61
2026-04-23T15:51:26.3288607+08:00	0x02	0.0240	-0.3451	0.8929	-0.2880	221.70	17.62	37.05
2026-04-23T15:51:26.3288607+08:00	0x09	0.8726	-0.0166	-0.4877	0.0214	182.85	238.44	1.21
2026-04-23T15:51:26.3288607+08:00	0x03	0.3357	-0.1468	-0.8855	-0.2857	152.83	325.08	333.14
2026-04-23T15:51:26.3288607+08:00	0x08	-0.1705	-0.0409	0.7343	0.6558	97.95	342.05	350.59
2026-04-23T15:51:26.3288607+08:00	0x01	-0.2921	-0.4797	0.7604	-0.3261	213.41	340.42	66.93
2026-04-23T15:51:26.3288607+08:00	0x04	-0.1126	0.0675	0.8985	-0.4189	230.19	344.98	358.46
2026-04-23T15:51:26.3288607+08:00	0x09	0.8723	-0.0167	-0.4882	0.0217	182.89	238.51	1.23
2026-04-23T15:51:26.3288607+08:00	0x07	-0.0045	-0.8276	0.0978	-0.5528	354.14	112.03	9.60
2026-04-23T15:51:26.3288607+08:00	0x03	0.3349	-0.1395	-0.8823	-0.2998	150.87	325.45	333.45
2026-04-23T15:51:26.3288607+08:00	0x08	-0.1706	-0.0415	0.7341	0.6559	97.93	342.00	350.62
2026-04-23T15:51:26.3288607+08:00	0x06	-0.0941	-0.0468	0.9875	-0.1174	192.98	349.86	6.57
2026-04-23T15:51:26.3288607+08:00	0x04	-0.1119	0.0640	0.9034	-0.4090	228.90	345.25	358.62
2026-04-23T15:51:26.3288607+08:00	0x09	0.8718	-0.0163	-0.4890	0.0217	182.85	238.61	1.26
2026-04-23T15:51:26.3288607+08:00	0x03	0.3399	-0.1412	-0.8788	-0.3037	150.56	324.94	332.96
2026-04-23T15:51:26.3288607+08:00	0x08	-0.1706	-0.0415	0.7339	0.6562	97.89	342.00	350.63
2026-04-23T15:51:26.3288607+08:00	0x01	-0.2916	-0.4780	0.7597	-0.3308	214.62	341.23	66.80
2026-04-23T15:51:26.3288607+08:00	0x06	-0.0942	-0.0472	0.9875	-0.1174	192.98	349.85	6.62
2026-04-23T15:51:26.3288607+08:00	0x09	0.8724	-0.0164	-0.4881	0.0215	182.84	238.49	1.24
2026-04-23T15:51:26.3288607+08:00	0x03	0.3346	-0.1438	-0.8855	-0.2884	152.37	325.25	333.41
2026-04-23T15:51:26.3288607+08:00	0x07	-0.0065	-0.8276	0.0994	-0.5524	354.23	112.05	9.89
2026-04-23T15:51:26.3297517+08:00	0x08	-0.1710	-0.0414	0.7341	0.6558	97.95	341.96	350.59
2026-04-23T15:51:26.3297517+08:00	0x05	-0.7341	0.0300	0.6675	0.1209	173.09	265.31	347.43
2026-04-23T15:51:26.3297517+08:00	0x06	-0.0942	-0.0474	0.9874	-0.1179	193.02	349.86	6.65
2026-04-23T15:51:26.3297517+08:00	0x02	0.0092	-0.3145	0.9067	-0.2811	218.66	13.56	34.41
2026-04-23T15:51:26.3297517+08:00	0x04	-0.1125	0.0685	0.8945	-0.4273	231.26	344.94	358.49
2026-04-23T15:51:26.3297517+08:00	0x09	0.8724	-0.0161	-0.4880	0.0215	182.81	238.47	1.25
2026-04-23T15:51:26.3297517+08:00	0x07	-0.0075	-0.8276	0.1002	-0.5522	354.28	112.07	10.03
2026-04-23T15:51:26.3297517+08:00	0x08	-0.1710	-0.0413	0.7339	0.6561	97.91	341.98	350.57
2026-04-23T15:51:26.3297517+08:00	0x03	0.3397	-0.1345	-0.8851	-0.2883	152.28	324.45	334.28
2026-04-23T15:51:26.3297517+08:00	0x04	-0.1166	0.0561	0.9065	-0.4019	227.87	345.14	359.54
2026-04-23T15:51:26.3297517+08:00	0x02	0.0222	-0.3560	0.8896	-0.2853	221.88	18.02	38.38
2026-04-23T15:51:26.3297517+08:00	0x09	0.8722	-0.0169	-0.4883	0.0217	182.90	238.51	1.22
2026-04-23T15:51:26.3297517+08:00	0x03	0.3393	-0.1312	-0.8806	-0.3035	150.30	324.84	334.08
2026-04-23T15:51:26.3297517+08:00	0x07	-0.0090	-0.8281	0.1011	-0.5513	354.37	112.19	10.22
2026-04-23T15:51:26.3297517+08:00	0x08	-0.1714	-0.0410	0.7341	0.6558	97.96	341.96	350.53
2026-04-23T15:51:26.3297517+08:00	0x03	0.3397	-0.1345	-0.8851	-0.2883	152.28	324.45	334.28
2026-04-23T15:51:26.3297517+08:00	0x02	0.0183	-0.3316	0.9022	-0.2753	218.99	15.45	36.03
2026-04-23T15:51:26.3297517+08:00	0x04	-0.1174	0.0555	0.8996	-0.4169	229.74	345.08	359.89
2026-04-23T15:51:26.3297517+08:00	0x09	0.8734	-0.0171	-0.4863	0.0210	182.88	238.25	1.15
2026-04-23T15:51:26.3297517+08:00	0x07	-0.0108	-0.8288	0.1015	-0.5501	354.53	112.36	10.38
2026-04-23T15:51:26.3297517+08:00	0x03	0.3393	-0.1335	-0.8799	-0.3048	150.21	324.92	333.78
2026-04-23T15:51:26.3297517+08:00	0x01	-0.2867	-0.4795	0.7621	-0.3271	214.44	341.83	66.71
2026-04-23T15:51:26.3297517+08:00	0x06	-0.0943	-0.0475	0.9874	-0.1179	193.03	349.85	6.66
2026-04-23T15:51:26.3297517+08:00	0x04	-0.1223	0.0595	0.9025	-0.4086	228.78	344.38	359.58
2026-04-23T15:51:26.3297517+08:00	0x09	0.8737	-0.0164	-0.4857	0.0210	182.82	238.17	1.19
2026-04-23T15:51:26.3297517+08:00	0x08	-0.1719	-0.0404	0.7338	0.6560	97.92	341.97	350.43
2026-04-23T15:51:26.3297517+08:00	0x03	0.3384	-0.1411	-0.8816	-0.2972	151.32	324.96	333.26
2026-04-23T15:51:26.3297517+08:00	0x07	-0.0110	-0.8286	0.1020	-0.5504	354.51	112.31	10.43
2026-04-23T15:51:26.3297517+08:00	0x04	-0.1195	0.0617	0.8979	-0.4191	230.13	344.55	359.39
2026-04-23T15:51:26.3297517+08:00	0x09	0.8738	-0.0155	-0.4856	0.0214	182.75	238.16	1.28
2026-04-23T15:51:26.3297517+08:00	0x03	0.3396	-0.1404	-0.8824	-0.2937	151.77	324.69	333.43
2026-04-23T15:51:26.3297517+08:00	0x08	-0.1724	-0.0409	0.7337	0.6560	97.93	341.89	350.44
2026-04-23T15:51:26.3297517+08:00	0x06	-0.0940	-0.0480	0.9873	-0.1187	193.12	349.89	6.73
2026-04-23T15:51:26.3297517+08:00	0x02	0.0216	-0.3569	0.8891	-0.2857	221.97	18.04	38.49
2026-04-23T15:51:26.3297517+08:00	0x04	-0.1239	0.0604	0.9050	-0.4024	228.02	344.16	359.45
2026-04-23T15:51:26.3297517+08:00	0x09	0.8745	-0.0163	-0.4843	0.0208	182.79	237.99	1.18
2026-04-23T15:51:26.3297517+08:00	0x08	-0.1722	-0.0417	0.7339	0.6557	97.96	341.83	350.53
2026-04-23T15:51:26.3297517+08:00	0x07	-0.0122	-0.8289	0.1031	-0.5497	354.57	112.39	10.62
2026-04-23T15:51:26.3297517+08:00	0x06	-0.0945	-0.0485	0.9873	-0.1186	193.09	349.85	6.78
2026-04-23T15:51:26.3297517+08:00	0x03	0.3423	-0.1708	-0.8465	-0.3702	142.62	327.36	327.14
2026-04-23T15:51:26.3297517+08:00	0x09	0.8714	-0.0021	-0.4902	0.0197	181.32	238.74	1.84
2026-04-23T15:51:26.3297517+08:00	0x01	-0.3049	-0.3990	0.7802	-0.3729	220.00	340.22	58.22
2026-04-23T15:51:26.3297517+08:00	0x06	-0.0993	-0.0439	0.9888	-0.1027	191.27	349.14	6.16
2026-04-23T15:51:26.3297517+08:00	0x02	0.0203	-0.3475	0.8960	-0.2759	219.98	16.75	37.69
2026-04-23T15:51:26.3297517+08:00	0x09	0.8577	0.0261	-0.5129	0.0244	178.86	241.72	3.93
2026-04-23T15:51:26.3297517+08:00	0x03	0.3269	-0.1891	-0.8758	-0.3006	151.69	327.29	328.15
2026-04-23T15:51:26.3297517+08:00	0x08	-0.1649	-0.0702	0.7212	0.6691	95.47	340.48	353.14
2026-04-23T15:51:26.3297517+08:00	0x02	-0.0964	-0.4279	0.8051	-0.3993	240.68	16.87	50.00
2026-04-23T15:51:26.3297517+08:00	0x06	-0.0991	-0.0964	0.9847	-0.1059	191.18	349.71	12.17
2026-04-23T15:51:26.3297517+08:00	0x04	-0.1973	0.1475	0.9531	-0.1759	203.75	334.03	347.78
2026-04-23T15:51:26.3297517+08:00	0x09	0.8499	0.0016	-0.5269	0.0070	180.27	243.59	0.77
2026-04-23T15:51:26.3297517+08:00	0x03	0.2941	-0.1821	-0.9145	-0.2098	161.88	328.76	332.84
2026-04-23T15:51:26.3297517+08:00	0x07	-0.0143	-0.7950	0.1375	-0.5906	351.74	105.79	13.62
2026-04-23T15:51:26.3297517+08:00	0x01	-0.3044	-0.4015	0.7798	-0.3716	219.85	340.29	58.47
2026-04-23T15:51:26.3297517+08:00	0x04	-0.1961	0.1365	0.9566	-0.1669	202.35	334.59	348.72
2026-04-23T15:51:26.3297517+08:00	0x06	-0.0971	-0.1015	0.9854	-0.0958	189.98	349.85	12.63
2026-04-23T15:51:26.3297517+08:00	0x09	0.8491	-0.0038	-0.5282	0.0061	180.74	243.77	0.37
2026-04-23T15:51:26.3297517+08:00	0x03	0.2990	-0.1657	-0.9164	-0.2081	161.80	327.99	334.65
2026-04-23T15:51:26.3297517+08:00	0x08	-0.1670	-0.0779	0.7180	0.6712	95.01	339.72	353.55
2026-04-23T15:51:26.3297517+08:00	0x01	-0.4004	-0.2138	0.3246	-0.8298	321.90	9.17	53.45
2026-04-23T15:51:26.3297517+08:00	0x02	-0.0929	-0.4258	0.8083	-0.3959	239.99	16.77	49.63
2026-04-23T15:51:26.3297517+08:00	0x06	-0.0965	-0.1010	0.9853	-0.0985	190.31	349.95	12.59
2026-04-23T15:51:26.3297517+08:00	0x04	-0.1933	0.1167	0.9619	-0.1542	200.27	335.58	350.51
2026-04-23T15:51:26.3297517+08:00	0x03	0.3104	-0.1418	-0.9150	-0.2153	160.57	326.54	336.85
2026-04-23T15:51:26.3297517+08:00	0x08	-0.1646	-0.0774	0.7199	0.6698	95.24	339.96	353.74
2026-04-23T15:51:26.3297517+08:00	0x07	-0.0139	-0.7952	0.1389	-0.5901	351.60	105.83	13.73
2026-04-23T15:51:26.3307889+08:00	0x06	-0.0956	-0.1014	0.9853	-0.0983	190.30	350.06	12.63
2026-04-23T15:51:26.3307889+08:00	0x02	-0.2270	-0.7672	0.3399	-0.4943	1.05	114.88	48.25
2026-04-23T15:51:26.3307889+08:00	0x03	0.3129	-0.1282	-0.9169	-0.2122	160.60	326.04	338.42
2026-04-23T15:51:26.3307889+08:00	0x09	0.8477	-0.0086	-0.5304	0.0081	181.33	244.07	0.27
2026-04-23T15:51:26.3307889+08:00	0x08	-0.1638	-0.0779	0.7221	0.6676	95.57	339.97	353.90
2026-04-23T15:51:26.3307889+08:00	0x07	-0.0161	-0.7946	0.1406	-0.5904	351.68	105.75	14.03
2026-04-23T15:51:26.3307889+08:00	0x01	-0.4670	-0.1233	0.2960	-0.8241	316.21	352.19	57.43
2026-04-23T15:51:26.3307889+08:00	0x06	-0.0952	-0.1017	0.9853	-0.0986	190.33	350.11	12.66
2026-04-23T15:51:26.3307889+08:00	0x04	-0.1829	0.1116	0.9656	-0.1476	199.28	336.97	350.71
2026-04-23T15:51:26.3307889+08:00	0x09	0.8472	-0.0097	-0.5311	0.0079	181.42	244.17	0.17
2026-04-23T15:51:26.3307889+08:00	0x03	0.3125	-0.1264	-0.9167	-0.2147	160.24	326.14	338.54
2026-04-23T15:51:26.3307889+08:00	0x01	-0.5444	-0.0733	0.3472	-0.7601	290.36	326.09	61.45
2026-04-23T15:51:26.3307889+08:00	0x02	-0.2756	-0.7696	0.3516	-0.4563	9.76	123.48	52.43
2026-04-23T15:51:26.3307889+08:00	0x04	-0.1785	0.1156	0.9660	-0.1468	199.25	337.39	350.16
2026-04-23T15:51:26.3307889+08:00	0x06	-0.0947	-0.1019	0.9853	-0.0992	190.41	350.18	12.68
2026-04-23T15:51:26.3307889+08:00	0x03	0.3103	-0.1245	-0.9180	-0.2132	160.31	326.36	338.84
2026-04-23T15:51:26.3307889+08:00	0x08	-0.1628	-0.0792	0.7255	0.6640	96.10	339.93	354.19
2026-04-23T15:51:26.3307889+08:00	0x02	-0.3595	-0.7375	0.3937	-0.4145	25.29	136.52	61.50
2026-04-23T15:51:26.3307889+08:00	0x06	-0.0932	-0.1016	0.9857	-0.0970	190.17	350.33	12.61
2026-04-23T15:51:26.3307889+08:00	0x09	0.8466	-0.0100	-0.5321	0.0060	181.34	244.30	359.98
2026-04-23T15:51:26.3307889+08:00	0x03	0.3011	-0.1764	-0.8912	-0.2898	151.94	330.13	330.73
2026-04-23T15:51:26.3307889+08:00	0x08	-0.1690	-0.0923	0.7444	0.6394	99.55	338.24	355.48
2026-04-23T15:51:26.3307889+08:00	0x02	-0.3622	-0.7121	0.4372	-0.4130	23.52	135.53	67.20
2026-04-23T15:51:26.3307889+08:00	0x06	-0.1101	-0.0917	0.9878	-0.0614	185.91	347.86	11.22
2026-04-23T15:51:26.3307889+08:00	0x04	-0.1282	0.0324	0.9076	-0.3984	227.07	345.00	2.49
2026-04-23T15:51:26.3307889+08:00	0x09	0.8447	-0.0213	-0.5341	-0.0264	180.44	244.59	356.14
2026-04-23T15:51:26.3307889+08:00	0x03	0.3214	-0.1285	-0.9011	-0.2612	154.95	326.04	336.45
2026-04-23T15:51:26.3307889+08:00	0x07	-0.0822	-0.7972	0.1347	-0.5828	358.44	107.42	18.09
2026-04-23T15:51:26.3307889+08:00	0x02	-0.0251	-0.3918	0.9096	-0.1358	199.11	5.02	46.02
2026-04-23T15:51:26.3307889+08:00	0x04	-0.1238	0.0879	0.9255	-0.3471	221.78	343.08	355.60
2026-04-23T15:51:26.3307889+08:00	0x06	-0.1165	-0.0833	0.9883	-0.0516	184.81	346.98	10.18
2026-04-23T15:51:26.3307889+08:00	0x09	0.8458	0.0186	-0.5330	-0.0122	177.45	244.43	359.95
2026-04-23T15:51:26.3307889+08:00	0x01	-0.3747	-0.3865	0.8045	-0.2511	191.24	315.81	54.10
2026-04-23T15:51:26.3307889+08:00	0x03	0.3397	-0.1200	-0.8409	-0.4038	137.19	327.35	331.56
2026-04-23T15:51:26.3307889+08:00	0x08	-0.1712	-0.0924	0.7373	0.6469	98.43	338.07	355.11
2026-04-23T15:51:26.3307889+08:00	0x07	-0.0783	-0.7980	0.1335	-0.5824	358.17	107.47	17.71
2026-04-23T15:51:26.3307889+08:00	0x01	-0.3706	-0.3826	0.7957	-0.2883	197.94	319.51	55.35
2026-04-23T15:51:26.3307889+08:00	0x06	-0.1157	-0.0825	0.9885	-0.0524	184.93	347.08	10.09
2026-04-23T15:51:26.3307889+08:00	0x04	-0.1139	0.0660	0.9235	-0.3602	222.91	345.04	357.71
2026-04-23T15:51:26.3307889+08:00	0x01	-0.3747	-0.3865	0.8045	-0.2511	191.24	315.81	54.10
2026-04-23T15:51:26.3307889+08:00	0x09	0.8473	0.0240	-0.5304	-0.0139	176.83	244.09	0.11
2026-04-23T15:51:26.3307889+08:00	0x03	0.3557	-0.1231	-0.8259	-0.4198	135.53	325.95	329.87
2026-04-23T15:51:26.3307889+08:00	0x07	-0.0794	-0.7971	0.1349	-0.5832	358.15	107.33	17.92
2026-04-23T15:51:26.3307889+08:00	0x02	-0.0176	-0.4321	0.8913	-0.1365	201.15	7.87	50.81
2026-04-23T15:51:26.3307889+08:00	0x09	0.8451	0.0251	-0.5337	-0.0162	176.57	244.54	359.97
2026-04-23T15:51:26.3307889+08:00	0x03	0.3559	-0.1168	-0.8309	-0.4116	136.53	325.46	330.86
2026-04-23T15:51:26.3307889+08:00	0x07	-0.0816	-0.7963	0.1361	-0.5837	358.26	107.24	18.19
2026-04-23T15:51:26.3307889+08:00	0x01	-0.3425	-0.4029	0.7851	-0.3223	206.21	327.74	58.59
2026-04-23T15:51:26.3307889+08:00	0x04	-0.1099	0.0409	0.9248	-0.3619	222.72	346.54	0.23
2026-04-23T15:51:26.3307889+08:00	0x06	-0.1148	-0.0806	0.9888	-0.0512	184.82	347.17	9.85
2026-04-23T15:51:26.3307889+08:00	0x09	0.8452	0.0251	-0.5336	-0.0168	176.54	244.53	359.90
2026-04-23T15:51:26.3307889+08:00	0x03	0.3653	-0.1125	-0.8225	-0.4212	135.43	324.44	330.48
2026-04-23T15:51:26.3307889+08:00	0x08	-0.1701	-0.0940	0.7318	0.6533	97.42	338.10	355.15
2026-04-23T15:51:26.3307889+08:00	0x05	-0.7223	0.2898	0.5824	0.2346	191.39	253.31	317.43
2026-04-23T15:51:26.3307889+08:00	0x06	-0.1145	-0.0812	0.9888	-0.0508	184.77	347.20	9.91
2026-04-23T15:51:26.3307889+08:00	0x03	0.3424	-0.1605	-0.8269	-0.4162	136.15	328.78	326.60
2026-04-23T15:51:26.3307889+08:00	0x04	-0.1181	0.0744	0.9672	-0.2121	205.45	344.85	354.61
2026-04-23T15:51:26.3307889+08:00	0x02	-0.0085	-0.3907	0.9097	-0.1401	200.76	7.72	45.50
2026-04-23T15:51:26.3307889+08:00	0x01	-0.3313	-0.4044	0.7797	-0.3445	211.72	332.29	59.20
2026-04-23T15:51:26.3307889+08:00	0x06	-0.1133	-0.0815	0.9889	-0.0514	184.84	347.34	9.95
2026-04-23T15:51:26.3307889+08:00	0x09	0.8450	0.0275	-0.5337	-0.0181	176.23	244.56	359.93
2026-04-23T15:51:26.3307889+08:00	0x04	-0.1354	0.0736	0.9669	-0.2032	204.49	342.97	354.99
2026-04-23T15:51:26.3307889+08:00	0x03	0.3639	-0.1407	-0.8285	-0.4018	138.54	324.85	328.29
2026-04-23T15:51:26.3307889+08:00	0x07	-0.0826	-0.7953	0.1395	-0.5841	358.09	107.10	18.56
2026-04-23T15:51:26.3317861+08:00	0x01	-0.3269	-0.4092	0.7776	-0.3479	212.89	333.65	59.75
2026-04-23T15:51:26.3317861+08:00	0x06	-0.1150	-0.0801	0.9889	-0.0493	184.61	347.13	9.78
2026-04-23T15:51:26.3317861+08:00	0x04	-0.0976	0.0916	0.9319	-0.3372	220.54	345.81	353.97
2026-04-23T15:51:26.3317861+08:00	0x09	0.8447	0.0252	-0.5343	-0.0190	176.40	244.63	359.71
2026-04-23T15:51:26.3317861+08:00	0x03	0.3318	-0.1357	-0.8634	-0.3550	143.67	327.32	331.97
2026-04-23T15:51:26.3317861+08:00	0x02	-0.0024	-0.4243	0.8929	-0.1504	204.15	10.91	49.34
2026-04-23T15:51:26.3317861+08:00	0x08	-0.1714	-0.0951	0.7299	0.6549	97.16	337.91	355.08
2026-04-23T15:51:26.3317861+08:00	0x01	-0.3262	-0.4078	0.7750	-0.3558	214.57	334.63	59.80
2026-04-23T15:51:26.3317861+08:00	0x04	-0.0997	0.1021	0.9266	-0.3478	222.05	345.06	353.12
2026-04-23T15:51:26.3317861+08:00	0x03	0.3455	-0.1465	-0.8435	-0.3844	140.40	326.80	329.16
2026-04-23T15:51:26.3317861+08:00	0x09	0.8448	0.0260	-0.5342	-0.0189	176.33	244.62	359.76
2026-04-23T15:51:26.3317861+08:00	0x07	-0.0896	-0.7947	0.1416	-0.5835	358.61	107.19	19.25
2026-04-23T15:51:26.3317861+08:00	0x01	-0.3246	-0.4094	0.7725	-0.3609	215.83	335.60	60.10
2026-04-23T15:51:26.3317861+08:00	0x05	-0.6253	0.4581	0.5126	0.3692	212.30	236.32	291.34
2026-04-23T15:51:26.3317861+08:00	0x06	-0.1155	-0.0792	0.9889	-0.0494	184.63	347.07	9.67
2026-04-23T15:51:26.3317861+08:00	0x09	0.8449	0.0268	-0.5340	-0.0181	176.29	244.59	359.89
2026-04-23T15:51:26.3317861+08:00	0x04	-0.1033	0.1004	0.9289	-0.3410	221.21	344.80	353.34
2026-04-23T15:51:26.3317861+08:00	0x07	-0.0922	-0.7945	0.1434	-0.5829	358.74	107.25	19.59
2026-04-23T15:51:26.3317861+08:00	0x01	-0.3217	-0.4120	0.7707	-0.3645	216.94	336.69	60.40
2026-04-23T15:51:26.3317861+08:00	0x02	-0.0022	-0.4180	0.8951	-0.1549	204.56	10.92	48.51
2026-04-23T15:51:26.3317861+08:00	0x09	0.8449	0.0269	-0.5340	-0.0185	176.26	244.59	359.86
2026-04-23T15:51:26.3317861+08:00	0x04	-0.0950	0.0919	0.9082	-0.3971	227.89	345.73	354.75
2026-04-23T15:51:26.3317861+08:00	0x03	0.3455	-0.1396	-0.8477	-0.3775	141.20	326.36	330.17
2026-04-23T15:51:26.3317861+08:00	0x07	-0.0937	-0.7942	0.1442	-0.5828	358.83	107.25	19.77
2026-04-23T15:51:26.3317861+08:00	0x08	-0.1705	-0.0941	0.7288	0.6565	96.93	338.07	355.03
2026-04-23T15:51:26.3317861+08:00	0x01	-0.3208	-0.4124	0.7707	-0.3647	217.07	336.89	60.42
2026-04-23T15:51:26.3317861+08:00	0x06	-0.1154	-0.0797	0.9888	-0.0501	184.69	347.08	9.74
2026-04-23T15:51:26.3317861+08:00	0x09	0.8448	0.0280	-0.5341	-0.0192	176.11	244.61	359.86
2026-04-23T15:51:26.3317861+08:00	0x03	0.3454	-0.1742	-0.8270	-0.4081	137.55	328.52	325.25
2026-04-23T15:51:26.3317861+08:00	0x02	-0.0036	-0.4078	0.8996	-0.1564	204.25	10.29	47.29
2026-04-23T15:51:26.3317861+08:00	0x07	-0.0952	-0.7937	0.1454	-0.5829	358.87	107.21	19.99
2026-04-23T15:51:26.3317861+08:00	0x01	-0.3229	-0.4083	0.7676	-0.3740	218.74	337.44	60.26
2026-04-23T15:51:26.3317861+08:00	0x09	0.8449	0.0289	-0.5338	-0.0193	176.02	244.57	359.91
2026-04-23T15:51:26.3317861+08:00	0x04	-0.1269	0.0776	0.9701	-0.1918	203.19	343.90	354.15
2026-04-23T15:51:26.3317861+08:00	0x02	0.0179	-0.3229	0.9431	-0.0776	191.45	6.06	37.32
2026-04-23T15:51:26.3317861+08:00	0x07	-0.0935	-0.7937	0.1464	-0.5830	358.65	107.17	19.96
2026-04-23T15:51:26.3317861+08:00	0x06	-0.1132	-0.0813	0.9889	-0.0516	184.87	347.36	9.93
2026-04-23T15:51:26.3317861+08:00	0x04	-0.1294	0.0749	0.9696	-0.1940	203.41	343.67	354.55
2026-04-23T15:51:26.3317861+08:00	0x09	0.8446	0.0287	-0.5342	-0.0194	176.03	244.63	359.88
2026-04-23T15:51:26.3317861+08:00	0x03	0.3679	-0.1449	-0.8291	-0.3954	139.61	324.22	327.92
2026-04-23T15:51:26.3317861+08:00	0x02	0.0183	-0.3220	0.9442	-0.0668	189.98	5.59	37.28
2026-04-23T15:51:26.3317861+08:00	0x07	-0.0923	-0.7937	0.1474	-0.5829	358.45	107.14	19.97
2026-04-23T15:51:26.3317861+08:00	0x06	-0.1124	-0.0819	0.9889	-0.0518	184.89	347.46	10.00
2026-04-23T15:51:26.3317861+08:00	0x04	-0.1285	0.0837	0.9682	-0.1979	204.03	343.52	353.61
2026-04-23T15:51:26.3317861+08:00	0x01	-0.3290	-0.4056	0.7652	-0.3764	218.58	336.45	60.27
2026-04-23T15:51:26.3317861+08:00	0x09	0.8446	0.0287	-0.5343	-0.0199	176.01	244.64	359.83
2026-04-23T15:51:26.3317861+08:00	0x02	0.0197	-0.3245	0.9434	-0.0661	189.99	5.80	37.56
2026-04-23T15:51:26.3317861+08:00	0x08	-0.1717	-0.0961	0.7273	0.6575	96.74	337.82	355.07
2026-04-23T15:51:26.3317861+08:00	0x05	-0.5863	0.5004	0.4889	0.4085	228.53	221.15	284.48
2026-04-23T15:51:26.3317861+08:00	0x06	-0.1123	-0.0819	0.9890	-0.0512	184.83	347.46	9.99
2026-04-23T15:51:26.3317861+08:00	0x04	-0.1230	0.0741	0.9691	-0.2008	204.15	344.38	354.59
2026-04-23T15:51:26.3317861+08:00	0x09	0.8444	0.0288	-0.5345	-0.0200	175.98	244.67	359.83
2026-04-23T15:51:26.3317861+08:00	0x03	0.3693	-0.1404	-0.8286	-0.3966	139.41	323.94	328.30
2026-04-23T15:51:26.3317861+08:00	0x08	-0.1715	-0.0960	0.7272	0.6577	96.71	337.85	355.07
2026-04-23T15:51:26.3317861+08:00	0x06	-0.1125	-0.0815	0.9890	-0.0511	184.83	347.45	9.94
2026-04-23T15:51:26.3317861+08:00	0x07	-0.0955	-0.7931	0.1502	-0.5825	358.57	107.16	20.46
2026-04-23T15:51:26.3317861+08:00	0x01	-0.3282	-0.4078	0.7636	-0.3780	219.05	336.88	60.57
2026-04-23T15:51:26.3317861+08:00	0x09	0.8445	0.0285	-0.5345	-0.0202	176.00	244.67	359.79
2026-04-23T15:51:26.3317861+08:00	0x03	0.3709	-0.1405	-0.8288	-0.3946	139.73	323.67	328.29
2026-04-23T15:51:26.3317861+08:00	0x02	0.0187	-0.3269	0.9426	-0.0662	189.99	5.71	37.86
2026-04-23T15:51:26.3317861+08:00	0x08	-0.1714	-0.0960	0.7271	0.6578	96.69	337.85	355.07
2026-04-23T15:51:26.3327434+08:00	0x06	-0.1124	-0.0812	0.9890	-0.0513	184.85	347.46	9.91
2026-04-23T15:51:26.3327434+08:00	0x04	-0.1219	0.0695	0.9686	-0.2053	204.59	344.60	355.14
2026-04-23T15:51:26.3327434+08:00	0x01	-0.3275	-0.4081	0.7639	-0.3777	219.08	337.00	60.56
2026-04-23T15:51:26.3327434+08:00	0x03	0.3719	-0.1381	-0.8307	-0.3906	140.24	323.34	328.67
2026-04-23T15:51:26.3327434+08:00	0x09	0.8443	0.0285	-0.5347	-0.0201	176.00	244.69	359.80
2026-04-23T15:51:26.3327434+08:00	0x02	0.0218	-0.3309	0.9411	-0.0661	190.19	6.20	38.31
2026-04-23T15:51:26.3327434+08:00	0x07	-0.0983	-0.7926	0.1524	-0.5822	358.68	107.16	20.86
2026-04-23T15:51:26.3327434+08:00	0x04	-0.1248	0.0783	0.9678	-0.2043	204.65	344.04	354.23
2026-04-23T15:51:26.3327434+08:00	0x06	-0.1119	-0.0815	0.9890	-0.0513	184.85	347.51	9.94
2026-04-23T15:51:26.3327434+08:00	0x03	0.3714	-0.1362	-0.8314	-0.3902	140.24	323.34	328.91
2026-04-23T15:51:26.3327434+08:00	0x07	-0.0999	-0.7923	0.1537	-0.5820	358.74	107.16	21.09
2026-04-23T15:51:26.3327434+08:00	0x02	0.0236	-0.3339	0.9400	-0.0661	190.33	6.51	38.66
2026-04-23T15:51:26.3327434+08:00	0x01	-0.3274	-0.4082	0.7649	-0.3756	218.62	336.75	60.51
2026-04-23T15:51:26.3327434+08:00	0x09	0.8442	0.0291	-0.5348	-0.0202	175.94	244.72	359.83
2026-04-23T15:51:26.3327434+08:00	0x03	0.3705	-0.1358	-0.8327	-0.3885	140.43	323.40	329.07
2026-04-23T15:51:26.3327434+08:00	0x02	0.0245	-0.3373	0.9387	-0.0666	190.50	6.72	39.05
2026-04-23T15:51:26.3327434+08:00	0x08	-0.1714	-0.0967	0.7271	0.6577	96.69	337.80	355.14
2026-04-23T15:51:26.3327434+08:00	0x06	-0.1118	-0.0811	0.9891	-0.0510	184.82	347.52	9.90
2026-04-23T15:51:26.3327434+08:00	0x09	0.8441	0.0295	-0.5350	-0.0202	175.91	244.74	359.86
2026-04-23T15:51:26.3327434+08:00	0x03	0.3708	-0.1353	-0.8324	-0.3890	140.37	323.35	329.09
2026-04-23T15:51:26.3327434+08:00	0x02	0.0254	-0.3389	0.9381	-0.0663	190.54	6.87	39.24
2026-04-23T15:51:26.3327434+08:00	0x07	-0.1022	-0.7919	0.1555	-0.5817	358.83	107.18	21.42
2026-04-23T15:51:26.3327434+08:00	0x08	-0.1714	-0.0971	0.7273	0.6574	96.72	337.77	355.18
2026-04-23T15:51:26.3327434+08:00	0x01	-0.3273	-0.4107	0.7641	-0.3747	218.49	336.77	60.80
2026-04-23T15:51:26.3327434+08:00	0x09	0.8440	0.0297	-0.5352	-0.0202	175.89	244.76	359.87
2026-04-23T15:51:26.3327434+08:00	0x03	0.3715	-0.1355	-0.8323	-0.3884	140.48	323.25	329.06
2026-04-23T15:51:26.3327434+08:00	0x02	0.0248	-0.3390	0.9381	-0.0659	190.45	6.77	39.26
2026-04-23T15:51:26.3327434+08:00	0x07	-0.1034	-0.7917	0.1561	-0.5815	358.90	107.20	21.55
2026-04-23T15:51:26.3327434+08:00	0x08	-0.1713	-0.0972	0.7274	0.6574	96.73	337.77	355.19
2026-04-23T15:51:26.3327434+08:00	0x06	-0.1118	-0.0808	0.9892	-0.0507	184.78	347.52	9.85
2026-04-23T15:51:26.3327434+08:00	0x01	-0.3269	-0.4110	0.7643	-0.3742	218.45	336.82	60.80
2026-04-23T15:51:26.3327434+08:00	0x09	0.8440	0.0304	-0.5351	-0.0217	175.72	244.76	359.77
2026-04-23T15:51:26.3327434+08:00	0x04	-0.1278	0.0810	0.9675	-0.2027	204.53	343.64	353.98
2026-04-23T15:51:26.3327434+08:00	0x07	-0.1051	-0.7914	0.1571	-0.5813	359.00	107.21	21.77
2026-04-23T15:51:26.3327434+08:00	0x06	-0.1116	-0.0808	0.9892	-0.0505	184.76	347.53	9.85
2026-04-23T15:51:26.3327434+08:00	0x09	0.8439	0.0311	-0.5352	-0.0222	175.63	244.78	359.76
2026-04-23T15:51:26.3327434+08:00	0x04	-0.1261	0.0823	0.9679	-0.2014	204.40	343.81	353.78
2026-04-23T15:51:26.3327434+08:00	0x07	-0.1067	-0.7911	0.1580	-0.5812	359.08	107.21	21.97
2026-04-23T15:51:26.3327434+08:00	0x06	-0.1115	-0.0809	0.9892	-0.0501	184.73	347.54	9.86
2026-04-23T15:51:26.3327434+08:00	0x03	0.3683	-0.1369	-0.8345	-0.3863	140.68	323.64	329.13
2026-04-23T15:51:26.3327434+08:00	0x09	0.8437	0.0315	-0.5354	-0.0223	175.59	244.81	359.78
2026-04-23T15:51:26.3327434+08:00	0x04	-0.1310	0.0884	0.9671	-0.1994	204.31	343.10	353.19
2026-04-23T15:51:26.3327434+08:00	0x02	0.0261	-0.3419	0.9371	-0.0656	190.52	6.98	39.59
2026-04-23T15:51:26.3327434+08:00	0x07	-0.1083	-0.7908	0.1592	-0.5810	359.16	107.23	22.19
2026-04-23T15:51:26.3327434+08:00	0x06	-0.1116	-0.0808	0.9892	-0.0497	184.68	347.53	9.85
2026-04-23T15:51:26.3327434+08:00	0x01	-0.3273	-0.4103	0.7646	-0.3740	218.34	336.67	60.72
2026-04-23T15:51:26.3327434+08:00	0x03	0.3701	-0.1372	-0.8343	-0.3849	140.93	323.36	329.08
2026-04-23T15:51:26.3327434+08:00	0x04	-0.1289	0.0828	0.9674	-0.2017	204.45	343.48	353.79
2026-04-23T15:51:26.3327434+08:00	0x07	-0.1096	-0.7908	0.1600	-0.5806	359.23	107.27	22.35
2026-04-23T15:51:26.3327434+08:00	0x08	-0.1717	-0.0979	0.7268	0.6577	96.66	337.68	355.21
2026-04-23T15:51:26.3327434+08:00	0x06	-0.1117	-0.0807	0.9892	-0.0497	184.67	347.51	9.83
2026-04-23T15:51:26.3327434+08:00	0x01	-0.3276	-0.4092	0.7652	-0.3739	218.26	336.56	60.59
2026-04-23T15:51:26.3327434+08:00	0x03	0.3683	-0.1386	-0.8355	-0.3835	141.09	323.59	329.06
2026-04-23T15:51:26.3327434+08:00	0x02	0.0250	-0.3413	0.9373	-0.0659	190.51	6.84	39.53
2026-04-23T15:51:26.3327434+08:00	0x04	-0.1231	0.0813	0.9686	-0.2001	204.21	344.18	353.79
2026-04-23T15:51:26.3327434+08:00	0x07	-0.1110	-0.7904	0.1610	-0.5805	359.29	107.26	22.54
2026-04-23T15:51:26.3327434+08:00	0x06	-0.1117	-0.0806	0.9892	-0.0492	184.61	347.51	9.82
2026-04-23T15:51:26.3327434+08:00	0x01	-0.3285	-0.4059	0.7662	-0.3746	218.25	336.34	60.23
2026-04-23T15:51:26.3327434+08:00	0x09	0.8434	0.0314	-0.5359	-0.0225	175.57	244.88	359.75
2026-04-23T15:51:26.3327434+08:00	0x02	0.0240	-0.3405	0.9376	-0.0663	190.50	6.71	39.44
2026-04-23T15:51:26.3327434+08:00	0x07	-0.1123	-0.7902	0.1620	-0.5802	359.34	107.29	22.73
2026-04-23T15:51:26.3327434+08:00	0x08	-0.1713	-0.0984	0.7269	0.6578	96.65	337.68	355.28
2026-04-23T15:51:26.3327434+08:00	0x01	-0.3282	-0.4066	0.7666	-0.3732	217.99	336.25	60.27
2026-04-23T15:51:26.3327434+08:00	0x04	-0.1272	0.0863	0.9673	-0.2019	204.53	343.58	353.36
2026-04-23T15:51:26.3327434+08:00	0x03	0.3686	-0.1370	-0.8368	-0.3809	141.41	323.42	329.33
2026-04-23T15:51:26.3327434+08:00	0x02	0.0250	-0.3411	0.9374	-0.0657	190.47	6.82	39.51
2026-04-23T15:51:26.3337809+08:00	0x07	-0.1137	-0.7900	0.1631	-0.5800	359.40	107.31	22.92
2026-04-23T15:51:26.3337809+08:00	0x08	-0.1713	-0.0985	0.7268	0.6578	96.64	337.67	355.29
2026-04-23T15:51:26.3337809+08:00	0x01	-0.3280	-0.4065	0.7666	-0.3734	218.06	336.32	60.26
2026-04-23T15:51:26.3337809+08:00	0x03	0.3679	-0.1369	-0.8369	-0.3814	141.32	323.53	329.35
2026-04-23T15:51:26.3337809+08:00	0x09	0.8433	0.0318	-0.5360	-0.0227	175.53	244.89	359.76
2026-04-23T15:51:26.3337809+08:00	0x08	-0.1713	-0.0988	0.7269	0.6576	96.66	337.65	355.32
2026-04-23T15:51:26.3337809+08:00	0x05	-0.5789	0.5074	0.4843	0.4158	232.95	216.87	283.38
2026-04-23T15:51:26.3337809+08:00	0x01	-0.3279	-0.4090	0.7651	-0.3739	218.22	336.48	60.58
2026-04-23T15:51:26.3337809+08:00	0x09	0.8432	0.0320	-0.5361	-0.0230	175.50	244.90	359.74
2026-04-23T15:51:26.3337809+08:00	0x03	0.3680	-0.1389	-0.8356	-0.3835	141.08	323.63	329.04
2026-04-23T15:51:26.3337809+08:00	0x07	-0.1160	-0.7896	0.1647	-0.5797	359.52	107.33	23.24
2026-04-23T15:51:26.3337809+08:00	0x01	-0.3282	-0.4096	0.7645	-0.3741	218.24	336.47	60.68
2026-04-23T15:51:26.3337809+08:00	0x04	-0.1280	0.0802	0.9676	-0.2025	204.49	343.64	354.07
2026-04-23T15:51:26.3337809+08:00	0x03	0.3689	-0.1378	-0.8355	-0.3833	141.12	323.48	329.14
2026-04-23T15:51:26.3337809+08:00	0x08	-0.1715	-0.0989	0.7268	0.6577	96.64	337.63	355.31
2026-04-23T15:51:26.3337809+08:00	0x06	-0.1115	-0.0802	0.9893	-0.0484	184.53	347.52	9.76
2026-04-23T15:51:26.3337809+08:00	0x01	-0.3276	-0.4084	0.7656	-0.3739	218.24	336.53	60.49
2026-04-23T15:51:26.3337809+08:00	0x04	-0.1281	0.0803	0.9673	-0.2035	204.61	343.62	354.08
2026-04-23T15:51:26.3337809+08:00	0x02	0.0253	-0.3434	0.9366	-0.0652	190.46	6.89	39.79
2026-04-23T15:51:26.3337809+08:00	0x07	-0.1188	-0.7891	0.1663	-0.5792	359.68	107.37	23.59
2026-04-23T15:51:26.3337809+08:00	0x08	-0.1716	-0.0993	0.7268	0.6576	96.64	337.59	355.33
2026-04-23T15:51:26.3337809+08:00	0x06	-0.1114	-0.0804	0.9893	-0.0483	184.51	347.53	9.78
2026-04-23T15:51:26.3337809+08:00	0x01	-0.3271	-0.4090	0.7661	-0.3726	218.03	336.49	60.51
2026-04-23T15:51:26.3337809+08:00	0x08	-0.1717	-0.0995	0.7268	0.6576	96.64	337.56	355.34
2026-04-23T15:51:26.3337809+08:00	0x07	-0.1204	-0.7888	0.1676	-0.5790	359.74	107.38	23.82
2026-04-23T15:51:26.3337809+08:00	0x06	-0.1113	-0.0805	0.9894	-0.0479	184.47	347.55	9.78
2026-04-23T15:51:26.3337809+08:00	0x01	-0.3270	-0.4089	0.7663	-0.3723	217.98	336.46	60.48
2026-04-23T15:51:26.3337809+08:00	0x04	-0.1292	0.0817	0.9670	-0.2037	204.67	343.46	353.95
2026-04-23T15:51:26.3337809+08:00	0x03	0.3693	-0.1366	-0.8354	-0.3836	141.07	323.41	329.24
2026-04-23T15:51:26.3337809+08:00	0x05	-0.5759	0.5065	0.4856	0.4195	232.51	217.31	282.82
2026-04-23T15:51:26.3337809+08:00	0x08	-0.1716	-0.0995	0.7268	0.6576	96.64	337.57	355.35
2026-04-23T15:51:26.3337809+08:00	0x06	-0.1112	-0.0805	0.9894	-0.0477	184.45	347.56	9.78
2026-04-23T15:51:26.3337809+08:00	0x07	-0.1217	-0.7886	0.1685	-0.5787	359.81	107.42	23.99
2026-04-23T15:51:26.3337809+08:00	0x01	-0.3272	-0.4088	0.7666	-0.3716	217.81	336.35	60.46
2026-04-23T15:51:26.3337809+08:00	0x09	0.8430	0.0346	-0.5362	-0.0244	175.15	244.93	359.76
2026-04-23T15:51:26.3337809+08:00	0x02	0.0274	-0.3475	0.9350	-0.0645	190.55	7.23	40.27
2026-04-23T15:51:26.3337809+08:00	0x07	-0.1227	-0.7885	0.1695	-0.5784	359.83	107.44	24.16
2026-04-23T15:51:26.3337809+08:00	0x08	-0.1718	-0.0997	0.7268	0.6575	96.65	337.53	355.36
2026-04-23T15:51:26.3337809+08:00	0x09	0.8430	0.0345	-0.5362	-0.0246	175.15	244.93	359.75
2026-04-23T15:51:26.3337809+08:00	0x01	-0.3267	-0.4098	0.7657	-0.3729	218.15	336.64	60.59
2026-04-23T15:51:26.3337809+08:00	0x02	0.0263	-0.3467	0.9354	-0.0645	190.47	7.06	40.18
2026-04-23T15:51:26.3337809+08:00	0x04	-0.1289	0.0837	0.9670	-0.2033	204.67	343.44	353.71
2026-04-23T15:51:26.3337809+08:00	0x08	-0.1716	-0.0998	0.7268	0.6575	96.65	337.55	355.37
2026-04-23T15:51:26.3337809+08:00	0x07	-0.1244	-0.7881	0.1709	-0.5781	359.91	107.46	24.41
2026-04-23T15:51:26.3337809+08:00	0x09	0.8430	0.0344	-0.5362	-0.0247	175.15	244.93	359.73
2026-04-23T15:51:26.3337809+08:00	0x04	-0.1309	0.0876	0.9663	-0.2035	204.78	343.11	353.34
2026-04-23T15:51:26.3337809+08:00	0x03	0.3690	-0.1381	-0.8342	-0.3857	140.81	323.56	328.99
2026-04-23T15:51:26.3337809+08:00	0x07	-0.1257	-0.7880	0.1718	-0.5777	359.98	107.50	24.58
2026-04-23T15:51:26.3337809+08:00	0x06	-0.1115	-0.0804	0.9894	-0.0477	184.45	347.52	9.77
2026-04-23T15:51:26.3337809+08:00	0x01	-0.2926	-0.4436	0.7687	-0.3560	219.18	342.89	62.91
2026-04-23T15:51:26.3337809+08:00	0x03	0.3372	-0.1646	-0.8292	-0.4142	136.31	329.51	326.47
2026-04-23T15:51:26.3337809+08:00	0x08	-0.1735	-0.1006	0.7282	0.6553	96.97	337.30	355.36
2026-04-23T15:51:26.3337809+08:00	0x06	-0.1147	-0.0774	0.9894	-0.0430	183.92	347.09	9.39
2026-04-23T15:51:26.3337809+08:00	0x09	0.8439	0.0364	-0.5348	-0.0236	175.03	244.73	359.95
2026-04-23T15:51:26.3337809+08:00	0x01	-0.2861	-0.4390	0.7789	-0.3447	217.16	342.39	61.77
2026-04-23T15:51:26.3337809+08:00	0x02	-0.0063	-0.4091	0.8958	-0.1737	206.84	11.13	47.31
2026-04-23T15:51:26.3337809+08:00	0x05	-0.6007	0.4988	0.4652	0.4171	233.80	213.09	285.16
2026-04-23T15:51:26.3337809+08:00	0x03	0.3484	-0.1102	-0.8827	-0.2954	150.97	323.11	336.39
2026-04-23T15:51:26.3337809+08:00	0x07	-0.1282	-0.7902	0.1749	-0.5733	0.13	108.10	25.04
2026-04-23T15:51:26.3337809+08:00	0x09	0.8452	0.0453	-0.5319	-0.0253	174.06	244.34	0.31
2026-04-23T15:51:26.3337809+08:00	0x01	-0.2870	-0.4523	0.7817	-0.3194	211.78	339.44	62.93
2026-04-23T15:51:26.3337809+08:00	0x08	-0.1790	-0.1036	0.7301	0.6513	97.51	336.57	355.30
2026-04-23T15:51:26.3337809+08:00	0x07	-0.1319	-0.7893	0.1766	-0.5732	0.37	108.11	25.46
2026-04-23T15:51:26.3337809+08:00	0x06	-0.1122	-0.0818	0.9891	-0.0488	184.56	347.46	9.95
2026-04-23T15:51:26.3337809+08:00	0x09	0.8450	0.0436	-0.5323	-0.0258	174.20	244.41	0.17
2026-04-23T15:51:26.3347821+08:00	0x01	-0.2914	-0.4444	0.7807	-0.3288	213.20	339.50	62.32
2026-04-23T15:51:26.3347821+08:00	0x08	-0.1789	-0.1031	0.7293	0.6523	97.37	336.62	355.24
2026-04-23T15:51:26.3347821+08:00	0x03	0.3548	-0.0866	-0.8607	-0.3547	143.17	323.16	336.37
2026-04-23T15:51:26.3347821+08:00	0x07	-0.1335	-0.7890	0.1774	-0.5728	0.47	108.15	25.65
2026-04-23T15:51:26.3347821+08:00	0x06	-0.1122	-0.0826	0.9890	-0.0500	184.68	347.47	10.05
2026-04-23T15:51:26.3347821+08:00	0x09	0.8451	0.0439	-0.5322	-0.0257	174.16	244.39	0.19
2026-04-23T15:51:26.3347821+08:00	0x01	-0.2890	-0.4479	0.7800	-0.3279	213.35	339.99	62.65
2026-04-23T15:51:26.3347821+08:00	0x08	-0.1793	-0.1026	0.7290	0.6526	97.33	336.62	355.16
2026-04-23T15:51:26.3347821+08:00	0x07	-0.1350	-0.7890	0.1789	-0.5721	0.53	108.23	25.89
2026-04-23T15:51:26.3347821+08:00	0x06	-0.1148	-0.0816	0.9888	-0.0491	184.56	347.15	9.94
2026-04-23T15:51:26.3347821+08:00	0x09	0.8453	0.0425	-0.5319	-0.0260	174.28	244.35	0.07
2026-04-23T15:51:26.3347821+08:00	0x04	-0.0994	0.0336	0.8647	-0.4912	238.97	348.17	2.27
2026-04-23T15:51:26.3347821+08:00	0x02	-0.0147	-0.3208	0.9395	-0.1189	195.61	3.51	37.33
2026-04-23T15:51:26.3347821+08:00	0x08	-0.1777	-0.1010	0.7283	0.6541	97.15	336.90	355.10
2026-04-23T15:51:26.3347821+08:00	0x03	0.3590	-0.0934	-0.8734	-0.3155	148.29	321.90	337.06
2026-04-23T15:51:26.3347821+08:00	0x07	-0.1395	-0.7890	0.1802	-0.5706	0.93	108.47	26.33
2026-04-23T15:51:26.3347821+08:00	0x06	-0.1159	-0.0811	0.9887	-0.0497	184.62	347.03	9.89
2026-04-23T15:51:26.3347821+08:00	0x09	0.8454	0.0427	-0.5317	-0.0262	174.26	244.33	0.07
2026-04-23T15:51:26.3347821+08:00	0x04	-0.0864	0.0443	0.8860	-0.4535	234.21	348.86	0.00
2026-04-23T15:51:26.3347821+08:00	0x01	-0.2828	-0.4323	0.7937	-0.3213	212.32	339.86	60.22
2026-04-23T15:51:26.3347821+08:00	0x08	-0.1777	-0.1012	0.7279	0.6545	97.08	336.89	355.11
2026-04-23T15:51:26.3347821+08:00	0x03	0.3542	-0.1033	-0.8751	-0.3131	148.75	322.66	336.26
2026-04-23T15:51:26.3347821+08:00	0x07	-0.1403	-0.7887	0.1815	-0.5704	0.92	108.47	26.51
2026-04-23T15:51:26.3347821+08:00	0x06	-0.1158	-0.0808	0.9887	-0.0495	184.61	347.04	9.87
2026-04-23T15:51:26.3347821+08:00	0x09	0.8453	0.0425	-0.5319	-0.0264	174.26	244.36	0.04
2026-04-23T15:51:26.3347821+08:00	0x02	-0.0060	-0.3682	0.9122	-0.1795	205.93	9.44	42.37
2026-04-23T15:51:26.3347821+08:00	0x01	-0.2763	-0.4436	0.7806	-0.3429	218.02	344.36	61.88
2026-04-23T15:51:26.3347821+08:00	0x08	-0.1786	-0.1014	0.7278	0.6543	97.10	336.79	355.06
2026-04-23T15:51:26.3347821+08:00	0x03	0.3531	-0.1011	-0.8743	-0.3173	148.15	322.84	336.36
2026-04-23T15:51:26.3347821+08:00	0x06	-0.1159	-0.0810	0.9887	-0.0498	184.64	347.04	9.89
2026-04-23T15:51:26.3347821+08:00	0x09	0.8454	0.0428	-0.5317	-0.0261	174.26	244.33	0.07
2026-04-23T15:51:26.3347821+08:00	0x01	-0.2751	-0.4387	0.7893	-0.3299	215.12	342.67	60.94
2026-04-23T15:51:26.3347821+08:00	0x02	-0.0024	-0.3138	0.9331	-0.1757	203.76	7.50	35.91
2026-04-23T15:51:26.3347821+08:00	0x03	0.3531	-0.1007	-0.8757	-0.3136	148.60	322.76	336.57
2026-04-23T15:51:26.3347821+08:00	0x07	-0.1434	-0.7886	0.1849	-0.5687	1.01	108.65	27.04
2026-04-23T15:51:26.3347821+08:00	0x06	-0.1159	-0.0810	0.9886	-0.0508	184.75	347.04	9.90
2026-04-23T15:51:26.3347821+08:00	0x09	0.8454	0.0437	-0.5317	-0.0258	174.19	244.32	0.17
2026-04-23T15:51:26.3347821+08:00	0x01	-0.2739	-0.4432	0.7820	-0.3422	218.10	344.71	61.71
2026-04-23T15:51:26.3347821+08:00	0x02	-0.0051	-0.3446	0.9245	-0.1627	202.73	7.67	39.71
2026-04-23T15:51:26.3347821+08:00	0x03	0.3508	-0.0988	-0.8813	-0.3009	150.03	322.73	337.34
2026-04-23T15:51:26.3347821+08:00	0x07	-0.1443	-0.7885	0.1857	-0.5683	1.06	108.69	27.19
2026-04-23T15:51:26.3347821+08:00	0x06	-0.1159	-0.0807	0.9888	-0.0490	184.55	347.02	9.84
2026-04-23T15:51:26.3347821+08:00	0x09	0.8455	0.0421	-0.5316	-0.0267	174.28	244.32	359.98
2026-04-23T15:51:26.3347821+08:00	0x01	-0.2817	-0.4414	0.7776	-0.3480	218.49	343.85	61.95
2026-04-23T15:51:26.3347821+08:00	0x02	-0.0168	-0.3136	0.9337	-0.1721	202.68	5.45	36.26
2026-04-23T15:51:26.3347821+08:00	0x03	0.3543	-0.0902	-0.8731	-0.3226	147.23	322.58	337.29
2026-04-23T15:51:26.3347821+08:00	0x07	-0.1441	-0.7882	0.1860	-0.5686	1.01	108.64	27.21
2026-04-23T15:51:26.3347821+08:00	0x06	-0.1151	-0.0817	0.9887	-0.0499	184.65	347.13	9.96
2026-04-23T15:51:26.3347821+08:00	0x09	0.8453	0.0430	-0.5318	-0.0269	174.18	244.35	0.01
2026-04-23T15:51:26.3347821+08:00	0x04	-0.0972	0.0530	0.8740	-0.4732	236.87	347.29	359.96
2026-04-23T15:51:26.3347821+08:00	0x02	-0.0254	-0.3278	0.9283	-0.1738	202.89	4.88	38.13
2026-04-23T15:51:26.3347821+08:00	0x03	0.3496	-0.0996	-0.8912	-0.2714	153.56	322.28	338.46
2026-04-23T15:51:26.3347821+08:00	0x07	-0.1456	-0.7878	0.1876	-0.5683	1.04	108.64	27.46
2026-04-23T15:51:26.3347821+08:00	0x06	-0.1146	-0.0819	0.9888	-0.0493	184.58	347.18	9.97
2026-04-23T15:51:26.3347821+08:00	0x09	0.8453	0.0444	-0.5317	-0.0260	174.10	244.33	0.18
2026-04-23T15:51:26.3347821+08:00	0x01	-0.2839	-0.4426	0.7799	-0.3395	216.38	342.34	62.03
2026-04-23T15:51:26.3347821+08:00	0x08	-0.1806	-0.1028	0.7275	0.6539	97.13	336.50	355.03
2026-04-23T15:51:26.3347821+08:00	0x03	0.3510	-0.0961	-0.8907	-0.2726	153.34	322.08	338.74
2026-04-23T15:51:26.3347821+08:00	0x07	-0.1471	-0.7874	0.1892	-0.5679	1.09	108.67	27.72
2026-04-23T15:51:26.3347821+08:00	0x06	-0.1147	-0.0821	0.9887	-0.0507	184.74	347.18	10.02
2026-04-23T15:51:26.3347821+08:00	0x09	0.8455	0.0446	-0.5314	-0.0269	174.03	244.29	0.10
2026-04-23T15:51:26.3347821+08:00	0x02	-0.0295	-0.3021	0.9385	-0.1648	200.90	3.09	35.22
2026-04-23T15:51:26.3347821+08:00	0x01	-0.2854	-0.4413	0.7789	-0.3423	216.79	342.34	61.98
2026-04-23T15:51:26.3357759+08:00	0x03	0.3530	-0.0863	-0.8731	-0.3249	146.80	322.72	337.66
2026-04-23T15:51:26.3357759+08:00	0x07	-0.1492	-0.7870	0.1903	-0.5677	1.22	108.70	27.96
2026-04-23T15:51:26.3357759+08:00	0x06	-0.1147	-0.0819	0.9887	-0.0508	184.76	347.18	10.00
2026-04-23T15:51:26.3357759+08:00	0x09	0.8451	0.0441	-0.5321	-0.0271	174.07	244.38	0.06
2026-04-23T15:51:26.3357759+08:00	0x01	-0.2896	-0.4293	0.7784	-0.3549	218.68	342.51	60.90
2026-04-23T15:51:26.3357759+08:00	0x06	-0.1149	-0.0815	0.9887	-0.0515	184.83	347.16	9.97
2026-04-23T15:51:26.3357759+08:00	0x08	-0.1793	-0.1028	0.7264	0.6554	96.90	336.63	355.09
2026-04-23T15:51:26.3357759+08:00	0x03	0.3532	-0.1298	-0.8340	-0.4035	137.77	325.95	329.90
2026-04-23T15:51:26.3357759+08:00	0x09	0.8449	0.0415	-0.5326	-0.0270	174.33	244.45	359.92
2026-04-23T15:51:26.3357759+08:00	0x06	-0.1150	-0.0800	0.9888	-0.0516	184.87	347.15	9.79
2026-04-23T15:51:26.3357759+08:00	0x04	-0.1127	0.0956	0.9732	-0.1765	201.65	345.18	351.59
2026-04-23T15:51:26.3357759+08:00	0x08	-0.1784	-0.1019	0.7261	0.6562	96.80	336.78	355.06
2026-04-23T15:51:26.3357759+08:00	0x02	-0.0408	-0.2733	0.9453	-0.1732	201.11	1.19	32.06
2026-04-23T15:51:26.3357759+08:00	0x07	-0.1528	-0.7865	0.1923	-0.5667	1.46	108.82	28.40
2026-04-23T15:51:26.3357759+08:00	0x03	0.3694	-0.1605	-0.8134	-0.4196	136.59	325.39	325.17
2026-04-23T15:51:26.3357759+08:00	0x09	0.8448	0.0414	-0.5327	-0.0270	174.33	244.47	359.92
2026-04-23T15:51:26.3357759+08:00	0x04	-0.1057	0.0859	0.9732	-0.1851	202.44	346.15	352.64
2026-04-23T15:51:26.3357759+08:00	0x06	-0.1143	-0.0804	0.9889	-0.0502	184.71	347.22	9.82
2026-04-23T15:51:26.3357759+08:00	0x05	-0.5887	0.5120	0.4685	0.4146	238.38	210.31	284.58
2026-04-23T15:51:26.3357759+08:00	0x03	0.3722	-0.1632	-0.8106	-0.4217	136.44	325.19	324.66
2026-04-23T15:51:26.3357759+08:00	0x09	0.8448	0.0414	-0.5329	-0.0269	174.34	244.49	359.92
2026-04-23T15:51:26.3357759+08:00	0x06	-0.1141	-0.0805	0.9889	-0.0500	184.68	347.24	9.83
2026-04-23T15:51:26.3357759+08:00	0x04	-0.1093	0.0840	0.9721	-0.1898	202.97	345.75	353.00
2026-04-23T15:51:26.3357759+08:00	0x01	-0.3042	-0.4032	0.7821	-0.3649	218.53	339.65	58.51
2026-04-23T15:51:26.3357759+08:00	0x08	-0.1783	-0.1020	0.7264	0.6558	96.86	336.78	355.08
2026-04-23T15:51:26.3357759+08:00	0x03	0.3704	-0.1625	-0.8110	-0.4227	136.22	325.45	324.78
2026-04-23T15:51:26.3357759+08:00	0x07	-0.1560	-0.7853	0.1947	-0.5667	1.59	108.78	28.85
2026-04-23T15:51:26.3357759+08:00	0x06	-0.1141	-0.0803	0.9890	-0.0498	184.67	347.24	9.80
2026-04-23T15:51:26.3357759+08:00	0x02	-0.0392	-0.2824	0.9434	-0.1694	200.80	1.48	33.10
2026-04-23T15:51:26.3357759+08:00	0x01	-0.3040	-0.4049	0.7817	-0.3642	218.45	339.68	58.70
2026-04-23T15:51:26.3357759+08:00	0x07	-0.1573	-0.7851	0.1955	-0.5663	1.68	108.83	29.02
2026-04-23T15:51:26.3357759+08:00	0x09	0.8448	0.0413	-0.5328	-0.0272	174.33	244.48	359.88
2026-04-23T15:51:26.3357759+08:00	0x06	-0.1141	-0.0805	0.9889	-0.0504	184.73	347.24	9.83
2026-04-23T15:51:26.3357759+08:00	0x02	-0.0394	-0.2853	0.9427	-0.1684	200.71	1.50	33.44
2026-04-23T15:51:26.3357759+08:00	0x01	-0.3082	-0.4011	0.7825	-0.3632	217.76	338.63	58.38
2026-04-23T15:51:26.3357759+08:00	0x03	0.3746	-0.1668	-0.8071	-0.4249	136.12	325.11	324.02
2026-04-23T15:51:26.3357759+08:00	0x09	0.8449	0.0411	-0.5327	-0.0279	174.31	244.47	359.81
2026-04-23T15:51:26.3357759+08:00	0x08	-0.1785	-0.1022	0.7269	0.6552	96.95	336.74	355.11
2026-04-23T15:51:26.3357759+08:00	0x02	-0.0400	-0.2865	0.9424	-0.1678	200.62	1.42	33.60
2026-04-23T15:51:26.3357759+08:00	0x01	-0.3133	-0.3949	0.7835	-0.3633	217.18	337.46	57.83
2026-04-23T15:51:26.3357759+08:00	0x03	0.3748	-0.1706	-0.8073	-0.4228	136.48	325.11	323.68
2026-04-23T15:51:26.3357759+08:00	0x07	-0.1602	-0.7845	0.1980	-0.5654	1.81	108.91	29.46
2026-04-23T15:51:26.3357759+08:00	0x04	-0.0978	0.0629	0.9717	-0.2058	204.43	347.48	355.30
2026-04-23T15:51:26.3357759+08:00	0x09	0.8448	0.0418	-0.5327	-0.0277	174.25	244.47	359.86
2026-04-23T15:51:26.3357759+08:00	0x06	-0.1140	-0.0801	0.9890	-0.0504	184.74	347.25	9.78
2026-04-23T15:51:26.3357759+08:00	0x02	-0.0399	-0.2869	0.9424	-0.1674	200.58	1.43	33.65
2026-04-23T15:51:26.3357759+08:00	0x01	-0.3125	-0.3943	0.7849	-0.3617	216.93	337.42	57.68
2026-04-23T15:51:26.3357759+08:00	0x07	-0.1614	-0.7840	0.1990	-0.5654	1.85	108.89	29.64
2026-04-23T15:51:26.3357759+08:00	0x09	0.8448	0.0422	-0.5327	-0.0277	174.21	244.48	359.90
2026-04-23T15:51:26.3357759+08:00	0x06	-0.1137	-0.0804	0.9890	-0.0505	184.76	347.30	9.82
2026-04-23T15:51:26.3357759+08:00	0x02	-0.0396	-0.2886	0.9420	-0.1669	200.55	1.50	33.84
2026-04-23T15:51:26.3357759+08:00	0x07	-0.1627	-0.7836	0.2002	-0.5651	1.90	108.91	29.85
2026-04-23T15:51:26.3357759+08:00	0x08	-0.1785	-0.1025	0.7271	0.6550	96.98	336.72	355.14
2026-04-23T15:51:26.3357759+08:00	0x09	0.8446	0.0423	-0.5330	-0.0278	174.20	244.52	359.90
2026-04-23T15:51:26.3357759+08:00	0x06	-0.1137	-0.0801	0.9890	-0.0507	184.77	347.29	9.79
2026-04-23T15:51:26.3357759+08:00	0x08	-0.1784	-0.1025	0.7270	0.6551	96.95	336.73	355.14
2026-04-23T15:51:26.3357759+08:00	0x02	-0.0388	-0.2934	0.9406	-0.1661	200.56	1.70	34.40
2026-04-23T15:51:26.3357759+08:00	0x07	-0.1640	-0.7833	0.2011	-0.5649	1.97	108.93	30.02
2026-04-23T15:51:26.3357759+08:00	0x03	0.3718	-0.1712	-0.8071	-0.4255	136.00	325.65	323.64
2026-04-23T15:51:26.3357759+08:00	0x09	0.8447	0.0432	-0.5328	-0.0278	174.11	244.49	359.95
2026-04-23T15:51:26.3357759+08:00	0x04	-0.0925	0.0520	0.9712	-0.2135	205.16	348.33	356.47
2026-04-23T15:51:26.3357759+08:00	0x03	0.3691	-0.1744	-0.8081	-0.4247	136.05	326.08	323.46
2026-04-23T15:51:26.3357759+08:00	0x07	-0.1654	-0.7829	0.2021	-0.5647	2.03	108.95	30.21
2026-04-23T15:51:26.3357759+08:00	0x09	0.8447	0.0443	-0.5327	-0.0277	174.01	244.48	0.02
2026-04-23T15:51:26.3367732+08:00	0x08	-0.1784	-0.1028	0.7276	0.6543	97.07	336.70	355.19
2026-04-23T15:51:26.3367732+08:00	0x02	-0.0386	-0.3068	0.9366	-0.1649	200.64	2.05	35.98
2026-04-23T15:51:26.3367732+08:00	0x07	-0.1675	-0.7827	0.2036	-0.5638	2.17	109.05	30.51
2026-04-23T15:51:26.3367732+08:00	0x09	0.8447	0.0429	-0.5328	-0.0275	174.16	244.49	359.96
2026-04-23T15:51:26.3367732+08:00	0x04	-0.0909	0.0992	0.9283	-0.3465	221.78	346.16	353.04
2026-04-23T15:51:26.3367732+08:00	0x01	-0.3185	-0.3986	0.7852	-0.3508	214.25	335.29	58.16
2026-04-23T15:51:26.3367732+08:00	0x02	-0.0359	-0.3228	0.9312	-0.1655	201.15	2.90	37.81
2026-04-23T15:51:26.3367732+08:00	0x07	-0.1694	-0.7831	0.2034	-0.5627	2.43	109.26	30.61
2026-04-23T15:51:26.3367732+08:00	0x09	0.8452	0.0463	-0.5318	-0.0278	173.81	244.35	0.12
2026-04-23T15:51:26.3367732+08:00	0x01	-0.2981	-0.4333	0.7820	-0.3345	213.46	338.46	61.29
2026-04-23T15:51:26.3367732+08:00	0x06	-0.1151	-0.0816	0.9887	-0.0509	184.77	347.13	9.97
2026-04-23T15:51:26.3367732+08:00	0x02	-0.0207	-0.3290	0.9286	-0.1706	202.68	5.38	38.17
2026-04-23T15:51:26.3367732+08:00	0x07	-0.1702	-0.7827	0.2061	-0.5620	2.33	109.29	30.93
2026-04-23T15:51:26.3367732+08:00	0x06	-0.1148	-0.0810	0.9888	-0.0504	184.72	347.16	9.89
2026-04-23T15:51:26.3367732+08:00	0x09	0.8449	0.0447	-0.5324	-0.0277	173.97	244.43	0.04
2026-04-23T15:51:26.3367732+08:00	0x03	0.3463	-0.1037	-0.8835	-0.2980	150.41	323.33	337.07
2026-04-23T15:51:26.3367732+08:00	0x02	-0.0249	-0.3254	0.9300	-0.1691	202.20	4.63	37.85
2026-04-23T15:51:26.3367732+08:00	0x01	-0.2941	-0.4346	0.7806	-0.3395	215.02	339.94	61.42
2026-04-23T15:51:26.3367732+08:00	0x07	-0.1712	-0.7824	0.2070	-0.5618	2.37	109.30	31.09
2026-04-23T15:51:26.3367732+08:00	0x09	0.8451	0.0459	-0.5319	-0.0278	173.85	244.36	0.10
2026-04-23T15:51:26.3367732+08:00	0x06	-0.1148	-0.0817	0.9887	-0.0519	184.89	347.18	9.99
2026-04-23T15:51:26.3367732+08:00	0x01	-0.2955	-0.4329	0.7826	-0.3360	214.05	339.14	61.17
2026-04-23T15:51:26.3367732+08:00	0x08	-0.1804	-0.1035	0.7272	0.6541	97.08	336.47	355.10
2026-04-23T15:51:26.3367732+08:00	0x07	-0.1718	-0.7824	0.2079	-0.5614	2.37	109.34	31.21
2026-04-23T15:51:26.3367732+08:00	0x09	0.8450	0.0454	-0.5321	-0.0278	173.89	244.39	0.08
2026-04-23T15:51:26.3367732+08:00	0x08	-0.1800	-0.1032	0.7270	0.6545	97.03	336.53	355.09
2026-04-23T15:51:26.3367732+08:00	0x02	-0.0410	-0.2864	0.9414	-0.1734	201.33	1.53	33.61
2026-04-23T15:51:26.3367732+08:00	0x03	0.3509	-0.0914	-0.8770	-0.3153	148.07	322.88	337.57
2026-04-23T15:51:26.3367732+08:00	0x07	-0.1742	-0.7818	0.2095	-0.5608	2.52	109.41	31.53
2026-04-23T15:51:26.3367732+08:00	0x06	-0.1148	-0.0810	0.9888	-0.0512	184.82	347.18	9.90
2026-04-23T15:51:26.3367732+08:00	0x09	0.8450	0.0452	-0.5320	-0.0280	173.91	244.39	0.05
2026-04-23T15:51:26.3367732+08:00	0x08	-0.1801	-0.1035	0.7271	0.6543	97.05	336.50	355.11
2026-04-23T15:51:26.3367732+08:00	0x05	-0.6010	0.5052	0.4552	0.4199	238.66	207.84	285.27
2026-04-23T15:51:26.3367732+08:00	0x02	-0.0390	-0.2928	0.9399	-0.1711	201.21	1.86	34.32
2026-04-23T15:51:26.3367732+08:00	0x01	-0.2983	-0.4317	0.7811	-0.3385	214.26	338.86	61.20
2026-04-23T15:51:26.3367732+08:00	0x06	-0.1149	-0.0808	0.9887	-0.0518	184.89	347.17	9.89
2026-04-23T15:51:26.3367732+08:00	0x09	0.8451	0.0456	-0.5319	-0.0279	173.87	244.36	0.08
2026-04-23T15:51:26.3367732+08:00	0x04	-0.1086	0.0620	0.8821	-0.4542	234.57	345.65	359.38
2026-04-23T15:51:26.3367732+08:00	0x02	-0.0384	-0.3047	0.9366	-0.1688	201.13	2.18	35.71
2026-04-23T15:51:26.3367732+08:00	0x03	0.3547	-0.0956	-0.8895	-0.2718	153.50	321.59	338.72
2026-04-23T15:51:26.3367732+08:00	0x07	-0.1772	-0.7810	0.2116	-0.5603	2.68	109.45	31.94
2026-04-23T15:51:26.3367732+08:00	0x06	-0.1145	-0.0812	0.9888	-0.0514	184.83	347.20	9.93
2026-04-23T15:51:26.3367732+08:00	0x09	0.8450	0.0455	-0.5321	-0.0283	173.86	244.40	0.04
2026-04-23T15:51:26.3367732+08:00	0x01	-0.2977	-0.4315	0.7821	-0.3368	213.97	338.76	61.11
2026-04-23T15:51:26.3367732+08:00	0x02	-0.0403	-0.2902	0.9404	-0.1726	201.32	1.69	34.04
2026-04-23T15:51:26.3367732+08:00	0x08	-0.1801	-0.1033	0.7265	0.6550	96.95	336.52	355.08
2026-04-23T15:51:26.3367732+08:00	0x03	0.3568	-0.0909	-0.8832	-0.2904	151.19	321.61	338.42
2026-04-23T15:51:26.3367732+08:00	0x07	-0.1785	-0.7807	0.2125	-0.5599	2.76	109.50	32.12
2026-04-23T15:51:26.3367732+08:00	0x09	0.8450	0.0454	-0.5321	-0.0283	173.87	244.40	0.03
2026-04-23T15:51:26.3367732+08:00	0x04	-0.1072	0.0252	0.8765	-0.4687	235.93	347.77	3.23
2026-04-23T15:51:26.3367732+08:00	0x08	-0.1800	-0.1032	0.7266	0.6550	96.95	336.54	355.07
2026-04-23T15:51:26.3367732+08:00	0x01	-0.2986	-0.4301	0.7818	-0.3386	214.22	338.75	61.00
2026-04-23T15:51:26.3367732+08:00	0x03	0.3555	-0.0928	-0.8829	-0.2924	150.98	321.85	338.17
2026-04-23T15:51:26.3367732+08:00	0x07	-0.1810	-0.7803	0.2138	-0.5592	2.94	109.60	32.42
2026-04-23T15:51:26.3367732+08:00	0x06	-0.1148	-0.0806	0.9887	-0.0520	184.91	347.18	9.86
2026-04-23T15:51:26.3367732+08:00	0x01	-0.2922	-0.4403	0.7802	-0.3346	214.29	339.93	61.97
2026-04-23T15:51:26.3367732+08:00	0x02	-0.0309	-0.3346	0.9266	-0.1686	202.09	4.11	39.09
2026-04-23T15:51:26.3367732+08:00	0x03	0.3481	-0.0876	-0.8843	-0.2987	149.90	322.81	338.73
2026-04-23T15:51:26.3367732+08:00	0x04	-0.1086	0.0310	0.8897	-0.4424	232.62	347.24	2.35
2026-04-23T15:51:26.3367732+08:00	0x07	-0.1804	-0.7805	0.2145	-0.5588	2.84	109.62	32.44
2026-04-23T15:51:26.3377290+08:00	0x06	-0.1146	-0.0811	0.9887	-0.0519	184.89	347.21	9.92
2026-04-23T15:51:26.3377290+08:00	0x02	-0.0301	-0.3334	0.9266	-0.1711	202.44	4.30	38.92
2026-04-23T15:51:26.3377290+08:00	0x05	-0.6030	0.5027	0.4512	0.4243	238.98	206.78	285.12
2026-04-23T15:51:26.3377290+08:00	0x03	0.3473	-0.0887	-0.8849	-0.2975	150.07	322.91	338.68
2026-04-23T15:51:26.3377290+08:00	0x08	-0.1803	-0.1032	0.7266	0.6549	96.98	336.50	355.06
2026-04-23T15:51:26.3377290+08:00	0x07	-0.1830	-0.7798	0.2159	-0.5584	3.01	109.67	32.76
2026-04-23T15:51:26.3377290+08:00	0x06	-0.1146	-0.0807	0.9888	-0.0518	184.89	347.20	9.88
2026-04-23T15:51:26.3377290+08:00	0x09	0.8449	0.0455	-0.5323	-0.0287	173.83	244.42	0.00
2026-04-23T15:51:26.3377290+08:00	0x02	-0.0304	-0.3330	0.9268	-0.1707	202.36	4.22	38.88
2026-04-23T15:51:26.3377290+08:00	0x03	0.3476	-0.1008	-0.8917	-0.2717	153.52	322.56	338.37
2026-04-23T15:51:26.3377290+08:00	0x08	-0.1805	-0.1032	0.7266	0.6549	96.98	336.49	355.04
2026-04-23T15:51:26.3377290+08:00	0x07	-0.1844	-0.7793	0.2171	-0.5581	3.08	109.70	32.97
2026-04-23T15:51:26.3377290+08:00	0x06	-0.1146	-0.0812	0.9887	-0.0520	184.91	347.21	9.93
2026-04-23T15:51:26.3377290+08:00	0x09	0.8449	0.0466	-0.5322	-0.0286	173.73	244.41	0.07
2026-04-23T15:51:26.3377290+08:00	0x01	-0.2930	-0.4401	0.7793	-0.3364	214.58	339.99	62.01
2026-04-23T15:51:26.3377290+08:00	0x08	-0.1804	-0.1035	0.7264	0.6550	96.94	336.48	355.07
2026-04-23T15:51:26.3377290+08:00	0x02	-0.0312	-0.3203	0.9310	-0.1723	202.24	3.77	37.38
2026-04-23T15:51:26.3377290+08:00	0x07	-0.1860	-0.7787	0.2181	-0.5580	3.17	109.70	33.18
2026-04-23T15:51:26.3377290+08:00	0x06	-0.1142	-0.0812	0.9888	-0.0520	184.91	347.25	9.94
2026-04-23T15:51:26.3377290+08:00	0x09	0.8447	0.0466	-0.5324	-0.0287	173.72	244.44	0.06
2026-04-23T15:51:26.3377290+08:00	0x02	-0.0323	-0.3293	0.9273	-0.1751	202.80	4.05	38.46
2026-04-23T15:51:26.3377290+08:00	0x08	-0.1804	-0.1035	0.7266	0.6548	96.97	336.47	355.08
2026-04-23T15:51:26.3377290+08:00	0x01	-0.2918	-0.4421	0.7794	-0.3346	214.39	340.09	62.18
2026-04-23T15:51:26.3377290+08:00	0x03	0.3520	-0.0927	-0.8812	-0.3016	149.80	322.47	337.93
2026-04-23T15:51:26.3377290+08:00	0x07	-0.1871	-0.7785	0.2190	-0.5577	3.22	109.73	33.35
2026-04-23T15:51:26.3377290+08:00	0x09	0.8448	0.0468	-0.5323	-0.0288	173.70	244.43	0.06
2026-04-23T15:51:26.3377290+08:00	0x06	-0.1142	-0.0814	0.9888	-0.0519	184.89	347.25	9.95
2026-04-23T15:51:26.3377290+08:00	0x04	-0.1178	0.0658	0.8924	-0.4305	231.63	344.52	359.08
2026-04-23T15:51:26.3377290+08:00	0x01	-0.2921	-0.4391	0.7798	-0.3372	214.84	340.23	61.87
2026-04-23T15:51:26.3377290+08:00	0x03	0.3532	-0.0999	-0.8891	-0.2735	153.41	321.87	338.23
2026-04-23T15:51:26.3377290+08:00	0x07	-0.1886	-0.7781	0.2200	-0.5573	3.32	109.77	33.55
2026-04-23T15:51:26.3377290+08:00	0x06	-0.1144	-0.0817	0.9887	-0.0527	184.98	347.24	10.00
2026-04-23T15:51:26.3377290+08:00	0x09	0.8448	0.0468	-0.5322	-0.0297	173.65	244.42	359.98
2026-04-23T15:51:26.3377290+08:00	0x01	-0.2898	-0.4427	0.7791	-0.3363	215.00	340.74	62.21
2026-04-23T15:51:26.3377290+08:00	0x08	-0.1799	-0.1035	0.7265	0.6550	96.94	336.52	355.10
2026-04-23T15:51:26.3377290+08:00	0x03	0.3519	-0.0920	-0.8814	-0.3013	149.81	322.47	338.02
2026-04-23T15:51:26.3377290+08:00	0x07	-0.1902	-0.7776	0.2212	-0.5570	3.40	109.80	33.77
2026-04-23T15:51:26.3377290+08:00	0x09	0.8448	0.0468	-0.5322	-0.0293	173.67	244.42	0.02
2026-04-23T15:51:26.3377290+08:00	0x06	-0.1142	-0.0815	0.9887	-0.0519	184.89	347.25	9.97
2026-04-23T15:51:26.3377290+08:00	0x02	-0.0331	-0.3256	0.9288	-0.1738	202.50	3.76	38.06
2026-04-23T15:51:26.3377290+08:00	0x01	-0.2899	-0.4428	0.7784	-0.3375	215.27	340.89	62.27
2026-04-23T15:51:26.3377290+08:00	0x03	0.3537	-0.0981	-0.8849	-0.2867	151.78	322.06	337.89
2026-04-23T15:51:26.3377290+08:00	0x07	-0.1914	-0.7774	0.2225	-0.5563	3.46	109.88	33.98
2026-04-23T15:51:26.3377290+08:00	0x06	-0.1141	-0.0813	0.9888	-0.0516	184.87	347.25	9.93
2026-04-23T15:51:26.3377290+08:00	0x09	0.8447	0.0468	-0.5323	-0.0297	173.64	244.43	359.98
2026-04-23T15:51:26.3377290+08:00	0x02	-0.0334	-0.3277	0.9285	-0.1713	202.18	3.67	38.32
2026-04-23T15:51:26.3377290+08:00	0x04	-0.1127	0.0551	0.8983	-0.4212	230.27	345.59	359.77
2026-04-23T15:51:26.3377290+08:00	0x08	-0.1805	-0.1038	0.7263	0.6551	96.92	336.44	355.08
2026-04-23T15:51:26.3377290+08:00	0x03	0.3516	-0.1007	-0.8862	-0.2843	152.10	322.31	337.76
2026-04-23T15:51:26.3377290+08:00	0x07	-0.1932	-0.7768	0.2235	-0.5562	3.57	109.89	34.20
2026-04-23T15:51:26.3377290+08:00	0x06	-0.1140	-0.0813	0.9888	-0.0515	184.85	347.27	9.93
2026-04-23T15:51:26.3377290+08:00	0x02	-0.0305	-0.3234	0.9302	-0.1709	202.16	3.91	37.74
2026-04-23T15:51:26.3377290+08:00	0x09	0.8447	0.0469	-0.5324	-0.0294	173.65	244.45	0.01
2026-04-23T15:51:26.3377290+08:00	0x04	-0.1151	0.0497	0.8890	-0.4404	232.61	345.61	0.75
2026-04-23T15:51:26.3377290+08:00	0x03	0.3552	-0.0967	-0.8851	-0.2848	152.00	321.80	338.06
2026-04-23T15:51:26.3377290+08:00	0x07	-0.1948	-0.7763	0.2246	-0.5558	3.67	109.94	34.42
2026-04-23T15:51:26.3377290+08:00	0x09	0.8446	0.0468	-0.5326	-0.0296	173.65	244.47	359.99
2026-04-23T15:51:26.3377290+08:00	0x08	-0.1807	-0.1040	0.7265	0.6548	96.97	336.41	355.09
2026-04-23T15:51:26.3377290+08:00	0x05	-0.5992	0.5002	0.4558	0.4278	237.46	208.44	284.38
2026-04-23T15:51:26.3377290+08:00	0x07	-0.1962	-0.7760	0.2259	-0.5552	3.74	110.00	34.65
2026-04-23T15:51:26.3387262+08:00	0x03	0.3535	-0.1083	-0.8950	-0.2495	156.52	321.46	338.27
2026-04-23T15:51:26.3387262+08:00	0x01	-0.2919	-0.4385	0.7801	-0.3375	214.91	340.28	61.79
2026-04-23T15:51:26.3387262+08:00	0x06	-0.1142	-0.0812	0.9888	-0.0513	184.83	347.25	9.93
2026-04-23T15:51:26.3387262+08:00	0x01	-0.2904	-0.4422	0.7791	-0.3364	214.93	340.60	62.18
2026-04-23T15:51:26.3387262+08:00	0x04	-0.1174	0.0536	0.8922	-0.4328	231.71	345.18	0.34
2026-04-23T15:51:26.3387262+08:00	0x07	-0.1979	-0.7756	0.2268	-0.5549	3.87	110.05	34.85
2026-04-23T15:51:26.3387262+08:00	0x03	0.3533	-0.0990	-0.8853	-0.2857	151.92	322.10	337.84
2026-04-23T15:51:26.3387262+08:00	0x09	0.8447	0.0468	-0.5323	-0.0297	173.64	244.44	359.98
2026-04-23T15:51:26.3387262+08:00	0x02	-0.0310	-0.3424	0.9236	-0.1697	202.42	4.41	40.01
2026-04-23T15:51:26.3387262+08:00	0x04	-0.1151	0.0638	0.8894	-0.4377	232.50	344.89	359.27
2026-04-23T15:51:26.3387262+08:00	0x03	0.3521	-0.1043	-0.8918	-0.2642	154.62	321.89	338.15
2026-04-23T15:51:26.3387262+08:00	0x06	-0.1141	-0.0815	0.9888	-0.0512	184.81	347.25	9.95
2026-04-23T15:51:26.3387262+08:00	0x02	-0.0350	-0.3257	0.9287	-0.1735	202.37	3.50	38.11
2026-04-23T15:51:26.3387262+08:00	0x08	-0.1802	-0.1037	0.7266	0.6548	96.97	336.47	355.11
2026-04-23T15:51:26.3387262+08:00	0x09	0.8447	0.0479	-0.5323	-0.0295	173.56	244.43	0.07
2026-04-23T15:51:26.3387262+08:00	0x07	-0.2007	-0.7748	0.2288	-0.5542	4.03	110.13	35.23
2026-04-23T15:51:26.3387262+08:00	0x03	0.3557	-0.0926	-0.8825	-0.2936	150.84	321.84	338.14
2026-04-23T15:51:26.3387262+08:00	0x04	-0.1003	0.0295	0.8850	-0.4537	234.05	348.20	2.23
2026-04-23T15:51:26.3387262+08:00	0x06	-0.1140	-0.0812	0.9888	-0.0514	184.84	347.27	9.92
2026-04-23T15:51:26.3387262+08:00	0x08	-0.1807	-0.1040	0.7262	0.6551	96.93	336.41	355.08
2026-04-23T15:51:26.3387262+08:00	0x09	0.8446	0.0481	-0.5324	-0.0291	173.55	244.45	0.12
2026-04-23T15:51:26.3387262+08:00	0x01	-0.2914	-0.4397	0.7802	-0.3363	214.75	340.29	61.89
2026-04-23T15:51:26.3387262+08:00	0x02	-0.0352	-0.3217	0.9308	-0.1698	201.76	3.17	37.65
2026-04-23T15:51:26.3387262+08:00	0x04	-0.1165	0.0794	0.8956	-0.4219	230.81	343.98	357.48
2026-04-23T15:51:26.3387262+08:00	0x07	-0.2027	-0.7742	0.2301	-0.5537	4.15	110.18	35.51
2026-04-23T15:51:26.3387262+08:00	0x06	-0.1142	-0.0815	0.9888	-0.0517	184.87	347.25	9.96
2026-04-23T15:51:26.3387262+08:00	0x09	0.8446	0.0485	-0.5323	-0.0288	173.54	244.43	0.16
2026-04-23T15:51:26.3387262+08:00	0x08	-0.1810	-0.1043	0.7263	0.6549	96.94	336.37	355.09
2026-04-23T15:51:26.3387262+08:00	0x01	-0.2908	-0.4428	0.7786	-0.3365	214.94	340.58	62.27
2026-04-23T15:51:26.3387262+08:00	0x04	-0.1171	0.0569	0.8903	-0.4363	232.21	345.04	0.04
2026-04-23T15:51:26.3387262+08:00	0x07	-0.2040	-0.7738	0.2310	-0.5534	4.23	110.22	35.68
2026-04-23T15:51:26.3387262+08:00	0x03	0.3574	-0.0934	-0.8847	-0.2842	152.02	321.45	338.38
2026-04-23T15:51:26.3387262+08:00	0x06	-0.1139	-0.0813	0.9888	-0.0519	184.89	347.29	9.94
2026-04-23T15:51:26.3387262+08:00	0x02	-0.0302	-0.3245	0.9285	-0.1779	203.17	4.30	37.83
2026-04-23T15:51:26.3387262+08:00	0x01	-0.2864	-0.4465	0.7783	-0.3360	215.45	341.57	62.55
2026-04-23T15:51:26.3387262+08:00	0x04	-0.1024	0.0218	0.8804	-0.4625	235.10	348.42	3.23
2026-04-23T15:51:26.3387262+08:00	0x07	-0.2048	-0.7737	0.2321	-0.5528	4.26	110.28	35.84
2026-04-23T15:51:26.3387262+08:00	0x03	0.3566	-0.0845	-0.8820	-0.2964	150.27	321.64	338.88
2026-04-23T15:51:26.3387262+08:00	0x06	-0.1148	-0.0812	0.9888	-0.0502	184.70	347.17	9.92
2026-04-23T15:51:26.3387262+08:00	0x09	0.8449	0.0481	-0.5320	-0.0295	173.53	244.39	0.07
2026-04-23T15:51:26.3387262+08:00	0x08	-0.1802	-0.1029	0.7260	0.6556	96.87	336.54	355.02
2026-04-23T15:51:26.3387262+08:00	0x01	-0.2791	-0.4512	0.7789	-0.3345	216.11	343.08	62.82
2026-04-23T15:51:26.3387262+08:00	0x04	-0.1003	0.0168	0.8791	-0.4656	235.46	348.90	3.66
2026-04-23T15:51:26.3387262+08:00	0x07	-0.2091	-0.7728	0.2333	-0.5518	4.68	110.47	36.26
2026-04-23T15:51:26.3387262+08:00	0x09	0.8448	0.0473	-0.5322	-0.0288	173.65	244.42	0.09
2026-04-23T15:51:26.3387262+08:00	0x06	-0.1155	-0.0798	0.9888	-0.0507	184.76	347.08	9.76
2026-04-23T15:51:26.3387262+08:00	0x02	-0.0020	-0.3148	0.9354	-0.1607	201.76	6.93	36.13
2026-04-23T15:51:26.3387262+08:00	0x08	-0.1802	-0.1030	0.7260	0.6556	96.87	336.54	355.03
2026-04-23T15:51:26.3387262+08:00	0x01	-0.2771	-0.4449	0.7879	-0.3234	213.65	341.71	61.67
2026-04-23T15:51:26.3387262+08:00	0x07	-0.2110	-0.7727	0.2348	-0.5508	4.80	110.62	36.53
2026-04-23T15:51:26.3387262+08:00	0x03	0.3533	-0.0885	-0.8819	-0.2993	149.97	322.19	338.43
2026-04-23T15:51:26.3387262+08:00	0x09	0.8447	0.0469	-0.5325	-0.0289	173.68	244.45	0.07
2026-04-23T15:51:26.3387262+08:00	0x02	-0.0210	-0.3476	0.9212	-0.1735	203.60	6.17	40.37
2026-04-23T15:51:26.3387262+08:00	0x01	-0.2819	-0.4440	0.7778	-0.3442	217.72	343.45	62.22
2026-04-23T15:51:26.3387262+08:00	0x04	-0.1006	0.0320	0.8731	-0.4760	236.96	348.09	2.29
2026-04-23T15:51:26.3387262+08:00	0x07	-0.2114	-0.7724	0.2357	-0.5505	4.79	110.63	36.65
2026-04-23T15:51:26.3387262+08:00	0x03	0.3582	-0.0990	-0.8862	-0.2766	153.12	321.28	338.06
2026-04-23T15:51:26.3387262+08:00	0x06	-0.1155	-0.0809	0.9887	-0.0514	184.83	347.09	9.90
2026-04-23T15:51:26.3387262+08:00	0x02	-0.0335	-0.3023	0.9363	-0.1753	202.17	3.04	35.31
2026-04-23T15:51:26.3397257+08:00	0x08	-0.1802	-0.1034	0.7262	0.6553	96.91	336.50	355.06
2026-04-23T15:51:26.3397257+08:00	0x01	-0.2839	-0.4468	0.7760	-0.3429	217.31	343.03	62.64
2026-04-23T15:51:26.3397257+08:00	0x04	-0.1160	0.0664	0.8873	-0.4414	233.02	344.66	359.12
2026-04-23T15:51:26.3397257+08:00	0x03	0.3532	-0.1024	-0.8874	-0.2780	152.95	322.00	337.79
2026-04-23T15:51:26.3397257+08:00	0x06	-0.1154	-0.0805	0.9887	-0.0511	184.80	347.10	9.84
2026-04-23T15:51:26.3397257+08:00	0x09	0.8446	0.0475	-0.5325	-0.0291	173.61	244.45	0.09
2026-04-23T15:51:26.3397257+08:00	0x02	-0.0325	-0.3091	0.9346	-0.1730	202.04	3.28	36.08
2026-04-23T15:51:26.3397257+08:00	0x01	-0.2856	-0.4470	0.7745	-0.3445	217.48	342.91	62.78
2026-04-23T15:51:26.3397257+08:00	0x07	-0.2121	-0.7723	0.2376	-0.5497	4.75	110.71	36.88
2026-04-23T15:51:26.3397257+08:00	0x03	0.3562	-0.1029	-0.8926	-0.2566	155.57	321.19	338.50
2026-04-23T15:51:26.3397257+08:00	0x06	-0.1153	-0.0813	0.9886	-0.0524	184.94	347.12	9.96
2026-04-23T15:51:26.3397257+08:00	0x04	-0.1177	0.0777	0.8856	-0.4425	233.37	343.89	358.08
2026-04-23T15:51:26.3397257+08:00	0x09	0.8449	0.0488	-0.5320	-0.0290	173.49	244.38	0.16
2026-04-23T15:51:26.3397257+08:00	0x02	-0.0308	-0.3255	0.9286	-0.1755	202.84	4.15	37.98
2026-04-23T15:51:26.3397257+08:00	0x01	-0.2861	-0.4452	0.7764	-0.3423	216.85	342.41	62.52
2026-04-23T15:51:26.3397257+08:00	0x07	-0.2141	-0.7716	0.2391	-0.5492	4.88	110.76	37.16
2026-04-23T15:51:26.3397257+08:00	0x03	0.3581	-0.1018	-0.8866	-0.2747	153.44	321.31	337.84
2026-04-23T15:51:26.3397257+08:00	0x06	-0.1153	-0.0815	0.9886	-0.0522	184.92	347.12	9.98
2026-04-23T15:51:26.3397257+08:00	0x09	0.8450	0.0488	-0.5317	-0.0292	173.48	244.35	0.15
2026-04-23T15:51:26.3397257+08:00	0x02	-0.0305	-0.3163	0.9318	-0.1751	202.57	3.86	36.89
2026-04-23T15:51:26.3397257+08:00	0x01	-0.2872	-0.4434	0.7768	-0.3426	216.74	342.13	62.35
2026-04-23T15:51:26.3397257+08:00	0x07	-0.2148	-0.7714	0.2399	-0.5489	4.91	110.79	37.29
2026-04-23T15:51:26.3397257+08:00	0x03	0.3597	-0.0987	-0.8872	-0.2714	153.77	320.98	338.26
2026-04-23T15:51:26.3397257+08:00	0x09	0.8448	0.0493	-0.5320	-0.0289	173.45	244.38	0.20
2026-04-23T15:51:26.3397257+08:00	0x02	-0.0334	-0.3197	0.9301	-0.1775	202.87	3.71	37.35
2026-04-23T15:51:26.3397257+08:00	0x08	-0.1813	-0.1036	0.7255	0.6558	96.83	336.39	354.98
2026-04-23T15:51:26.3397257+08:00	0x05	-0.5942	0.5006	0.4608	0.4289	236.74	209.70	283.81
2026-04-23T15:51:26.3397257+08:00	0x07	-0.2173	-0.7705	0.2413	-0.5485	5.08	110.85	37.61
2026-04-23T15:51:26.3397257+08:00	0x03	0.3616	-0.0889	-0.8743	-0.3113	148.73	321.39	337.63
2026-04-23T15:51:26.3397257+08:00	0x06	-0.1152	-0.0815	0.9886	-0.0522	184.92	347.14	9.97
2026-04-23T15:51:26.3397257+08:00	0x09	0.8449	0.0499	-0.5318	-0.0287	173.40	244.36	0.26
2026-04-23T15:51:26.3397257+08:00	0x02	-0.0219	-0.3081	0.9347	-0.1761	202.88	4.78	35.70
2026-04-23T15:51:26.3397257+08:00	0x01	-0.2830	-0.4442	0.7786	-0.3411	216.90	342.82	62.23
2026-04-23T15:51:26.3397257+08:00	0x07	-0.2187	-0.7705	0.2423	-0.5475	5.20	110.99	37.79
2026-04-23T15:51:26.3397257+08:00	0x05	-0.5967	0.5042	0.4596	0.4224	237.77	209.04	284.62
2026-04-23T15:51:26.3397257+08:00	0x06	-0.1156	-0.0806	0.9887	-0.0520	184.90	347.09	9.86
2026-04-23T15:51:26.3397257+08:00	0x02	-0.0337	-0.3190	0.9305	-0.1769	202.75	3.62	37.26
2026-04-23T15:51:26.3397257+08:00	0x07	-0.2191	-0.7701	0.2426	-0.5477	5.22	110.95	37.86
2026-04-23T15:51:26.3397257+08:00	0x04	-0.1567	0.0994	0.9681	-0.1685	201.16	340.10	351.97
2026-04-23T15:51:26.3397257+08:00	0x03	0.3664	-0.1634	-0.8269	-0.3941	140.08	324.87	326.01
2026-04-23T15:51:26.3397257+08:00	0x06	-0.1148	-0.0807	0.9887	-0.0529	185.01	347.19	9.88
2026-04-23T15:51:26.3397257+08:00	0x09	0.8444	0.0481	-0.5327	-0.0286	173.59	244.48	0.17
2026-04-23T15:51:26.3397257+08:00	0x01	-0.3008	-0.4179	0.7808	-0.3538	216.95	339.68	59.94
2026-04-23T15:51:26.3397257+08:00	0x02	-0.0309	-0.3307	0.9268	-0.1754	202.94	4.30	38.60
2026-04-23T15:51:26.3397257+08:00	0x07	-0.2197	-0.7698	0.2443	-0.5472	5.17	110.96	38.07
2026-04-23T15:51:26.3397257+08:00	0x03	0.3653	-0.1684	-0.8220	-0.4031	138.89	325.51	325.16
2026-04-23T15:51:26.3397257+08:00	0x06	-0.1147	-0.0811	0.9887	-0.0523	184.94	347.19	9.92
2026-04-23T15:51:26.3397257+08:00	0x02	-0.0308	-0.3300	0.9271	-0.1750	202.88	4.29	38.51
2026-04-23T15:51:26.3397257+08:00	0x07	-0.2213	-0.7691	0.2457	-0.5470	5.24	110.98	38.31
2026-04-23T15:51:26.3397257+08:00	0x04	-0.1377	0.1152	0.9687	-0.1714	201.69	341.88	349.86
2026-04-23T15:51:26.3397257+08:00	0x06	-0.1159	-0.0808	0.9886	-0.0523	184.93	347.06	9.90
2026-04-23T15:51:26.3397257+08:00	0x09	0.8444	0.0482	-0.5327	-0.0298	173.50	244.49	0.05
2026-04-23T15:51:26.3397257+08:00	0x01	-0.2989	-0.4213	0.7811	-0.3508	216.60	339.82	60.21
2026-04-23T15:51:26.3397257+08:00	0x07	-0.2260	-0.7681	0.2476	-0.5456	5.67	111.23	38.83
2026-04-23T15:51:26.3397257+08:00	0x04	-0.1033	0.0365	0.8909	-0.4408	232.48	347.51	1.49
2026-04-23T15:51:26.3397257+08:00	0x06	-0.1163	-0.0809	0.9886	-0.0518	184.86	347.00	9.90
2026-04-23T15:51:26.3397257+08:00	0x02	-0.0307	-0.3248	0.9289	-0.1751	202.76	4.12	37.89
2026-04-23T15:51:26.3397257+08:00	0x01	-0.2968	-0.4300	0.7798	-0.3448	215.75	339.88	61.08
2026-04-23T15:51:26.3397257+08:00	0x05	-0.5980	0.5065	0.4579	0.4197	238.71	208.21	285.02
2026-04-23T15:51:26.3397257+08:00	0x07	-0.2263	-0.7680	0.2490	-0.5449	5.63	111.28	38.99
2026-04-23T15:51:26.3397257+08:00	0x03	0.3523	-0.1190	-0.8771	-0.3041	150.25	322.98	334.97
2026-04-23T15:51:26.3397257+08:00	0x09	0.8449	0.0500	-0.5317	-0.0299	173.32	244.35	0.15
2026-04-23T15:51:26.3397257+08:00	0x06	-0.1161	-0.0815	0.9885	-0.0524	184.93	347.04	9.98
2026-04-23T15:51:26.3397257+08:00	0x08	-0.1820	-0.1044	0.7268	0.6540	97.07	336.26	355.05
2026-04-23T15:51:26.3397257+08:00	0x01	-0.2952	-0.4357	0.7789	-0.3411	215.27	339.97	61.66
2026-04-23T15:51:26.3397257+08:00	0x07	-0.2269	-0.7679	0.2498	-0.5445	5.66	111.34	39.11
2026-04-23T15:51:26.3407622+08:00	0x04	-0.1090	0.0628	0.8786	-0.4608	235.42	345.56	359.43
2026-04-23T15:51:26.3407622+08:00	0x03	0.3525	-0.1097	-0.8762	-0.3098	149.29	322.92	335.75
2026-04-23T15:51:26.3407622+08:00	0x06	-0.1159	-0.0811	0.9886	-0.0522	184.91	347.06	9.94
2026-04-23T15:51:26.3407622+08:00	0x02	-0.0308	-0.3231	0.9298	-0.1734	202.49	3.97	37.70
2026-04-23T15:51:26.3407622+08:00	0x01	-0.2938	-0.4355	0.7798	-0.3405	215.29	340.17	61.56
2026-04-23T15:51:26.3407622+08:00	0x07	-0.2289	-0.7671	0.2507	-0.5443	5.81	111.37	39.34
2026-04-23T15:51:26.3407622+08:00	0x04	-0.1089	0.0593	0.8747	-0.4685	236.36	345.76	359.91
2026-04-23T15:51:26.3407622+08:00	0x06	-0.1158	-0.0814	0.9885	-0.0524	184.94	347.07	9.97
2026-04-23T15:51:26.3407622+08:00	0x03	0.3589	-0.1090	-0.8738	-0.3095	149.47	322.09	335.63
2026-04-23T15:51:26.3407622+08:00	0x02	-0.0331	-0.3060	0.9354	-0.1740	202.09	3.14	35.73
2026-04-23T15:51:26.3407622+08:00	0x08	-0.1812	-0.1039	0.7260	0.6552	96.91	336.38	355.03
2026-04-23T15:51:26.3407622+08:00	0x01	-0.2935	-0.4369	0.7793	-0.3402	215.29	340.25	61.72
2026-04-23T15:51:26.3407622+08:00	0x04	-0.1130	0.0614	0.8750	-0.4667	236.16	345.22	359.89
2026-04-23T15:51:26.3407622+08:00	0x05	-0.5994	0.5054	0.4565	0.4205	238.61	208.05	285.08
2026-04-23T15:51:26.3407622+08:00	0x07	-0.2305	-0.7666	0.2519	-0.5438	5.91	111.42	39.57
2026-04-23T15:51:26.3407622+08:00	0x06	-0.1158	-0.0812	0.9885	-0.0529	185.00	347.07	9.96
2026-04-23T15:51:26.3407622+08:00	0x09	0.8449	0.0497	-0.5318	-0.0305	173.32	244.37	0.08
2026-04-23T15:51:26.3407622+08:00	0x02	-0.0341	-0.3116	0.9333	-0.1752	202.33	3.25	36.41
2026-04-23T15:51:26.3407622+08:00	0x01	-0.2935	-0.4384	0.7782	-0.3407	215.44	340.37	61.93
2026-04-23T15:51:26.3407622+08:00	0x08	-0.1813	-0.1037	0.7261	0.6551	96.92	336.37	355.01
2026-04-23T15:51:26.3407622+08:00	0x07	-0.2317	-0.7663	0.2528	-0.5433	6.00	111.50	39.73
2026-04-23T15:51:26.3407622+08:00	0x05	-0.6017	0.5075	0.4536	0.4179	239.65	206.96	285.57
2026-04-23T15:51:26.3407622+08:00	0x03	0.3591	-0.1217	-0.8815	-0.2814	153.28	321.60	335.37
2026-04-23T15:51:26.3407622+08:00	0x09	0.8449	0.0502	-0.5317	-0.0302	173.28	244.36	0.14
2026-04-23T15:51:26.3407622+08:00	0x02	-0.0323	-0.3131	0.9331	-0.1740	202.27	3.48	36.55
2026-04-23T15:51:26.3407622+08:00	0x04	-0.1051	0.0799	0.8864	-0.4436	233.54	345.08	357.23
2026-04-23T15:51:26.3407622+08:00	0x07	-0.2339	-0.7656	0.2546	-0.5425	6.14	111.59	40.06
2026-04-23T15:51:26.3407622+08:00	0x03	0.3599	-0.1100	-0.8745	-0.3060	149.96	321.89	335.63
2026-04-23T15:51:26.3407622+08:00	0x06	-0.1155	-0.0815	0.9885	-0.0528	184.99	347.10	9.98
2026-04-23T15:51:26.3407622+08:00	0x09	0.8448	0.0508	-0.5317	-0.0316	173.14	244.36	0.03
2026-04-23T15:51:26.3407622+08:00	0x02	-0.0357	-0.3104	0.9335	-0.1761	202.36	3.04	36.31
2026-04-23T15:51:26.3407622+08:00	0x08	-0.1817	-0.1040	0.7255	0.6555	96.86	336.32	354.99
2026-04-23T15:51:26.3407622+08:00	0x07	-0.2354	-0.7651	0.2554	-0.5423	6.26	111.63	40.24
2026-04-23T15:51:26.3407622+08:00	0x04	-0.0963	0.0709	0.8913	-0.4374	232.57	346.47	357.59
2026-04-23T15:51:26.3407622+08:00	0x03	0.3565	-0.1124	-0.8744	-0.3093	149.53	322.45	335.34
2026-04-23T15:51:26.3407622+08:00	0x06	-0.1157	-0.0815	0.9885	-0.0531	185.02	347.09	9.99
2026-04-23T15:51:26.3407622+08:00	0x01	-0.2933	-0.4372	0.7792	-0.3400	215.28	340.28	61.74
2026-04-23T15:51:26.3407622+08:00	0x08	-0.1817	-0.1041	0.7261	0.6549	96.95	336.31	355.02
2026-04-23T15:51:26.3407622+08:00	0x03	0.3595	-0.1080	-0.8825	-0.2834	152.62	321.40	336.78
2026-04-23T15:51:26.3407622+08:00	0x06	-0.1150	-0.0824	0.9884	-0.0543	185.15	347.18	10.10
2026-04-23T15:51:26.3407622+08:00	0x01	-0.2922	-0.4399	0.7786	-0.3391	215.27	340.49	62.02
2026-04-23T15:51:26.3407622+08:00	0x08	-0.1827	-0.1050	0.7256	0.6550	96.91	336.16	355.01
2026-04-23T15:51:26.3407622+08:00	0x07	-0.2366	-0.7647	0.2578	-0.5412	6.26	111.74	40.57
2026-04-23T15:51:26.3407622+08:00	0x04	-0.1003	0.0957	0.9660	-0.2181	206.42	346.23	351.89
2026-04-23T15:51:26.3407622+08:00	0x03	0.3574	-0.1540	-0.8209	-0.4179	136.32	326.69	326.52
2026-04-23T15:51:26.3407622+08:00	0x06	-0.1145	-0.0805	0.9887	-0.0539	185.13	347.23	9.88
2026-04-23T15:51:26.3407622+08:00	0x09	0.8442	0.0483	-0.5329	-0.0312	173.41	244.53	359.93
2026-04-23T15:51:26.3407622+08:00	0x01	-0.3049	-0.4147	0.7815	-0.3527	216.22	338.63	59.68
2026-04-23T15:51:26.3407622+08:00	0x02	-0.0353	-0.3173	0.9319	-0.1722	201.98	3.13	37.12
2026-04-23T15:51:26.3407622+08:00	0x07	-0.2360	-0.7646	0.2574	-0.5416	6.20	111.66	40.49
2026-04-23T15:51:26.3407622+08:00	0x05	-0.6037	0.5148	0.4495	0.4104	242.23	204.89	286.59
2026-04-23T15:51:26.3407622+08:00	0x03	0.3734	-0.1620	-0.8102	-0.4217	136.47	324.98	324.72
2026-04-23T15:51:26.3407622+08:00	0x09	0.8441	0.0490	-0.5331	-0.0301	173.41	244.55	0.09
2026-04-23T15:51:26.3407622+08:00	0x02	-0.0345	-0.3189	0.9315	-0.1717	201.99	3.25	37.29
2026-04-23T15:51:26.3407622+08:00	0x01	-0.3074	-0.4084	0.7837	-0.3528	215.87	337.91	58.99
2026-04-23T15:51:26.3407622+08:00	0x05	-0.5992	0.5122	0.4543	0.4150	241.07	206.18	285.70
2026-04-23T15:51:26.3407622+08:00	0x04	-0.1114	0.0906	0.9753	-0.1680	200.57	345.51	351.99
2026-04-23T15:51:26.3407622+08:00	0x03	0.3729	-0.1665	-0.8089	-0.4231	136.32	325.25	324.21
2026-04-23T15:51:26.3407622+08:00	0x09	0.8439	0.0494	-0.5334	-0.0300	173.38	244.59	0.12
2026-04-23T15:51:26.3407622+08:00	0x01	-0.3079	-0.4071	0.7847	-0.3518	215.60	337.67	58.82
2026-04-23T15:51:26.3407622+08:00	0x02	-0.0346	-0.3188	0.9315	-0.1715	201.96	3.24	37.29
2026-04-23T15:51:26.3407622+08:00	0x08	-0.1798	-0.1048	0.7255	0.6560	96.76	336.43	355.19
2026-04-23T15:51:26.3407622+08:00	0x07	-0.2384	-0.7640	0.2600	-0.5402	6.33	111.84	40.91
2026-04-23T15:51:26.3417592+08:00	0x03	0.3724	-0.1705	-0.8063	-0.4267	135.83	325.60	323.65
2026-04-23T15:51:26.3417592+08:00	0x09	0.8438	0.0494	-0.5336	-0.0303	173.35	244.61	0.09
2026-04-23T15:51:26.3417592+08:00	0x01	-0.3082	-0.4059	0.7853	-0.3515	215.49	337.54	58.67
2026-04-23T15:51:26.3417592+08:00	0x02	-0.0346	-0.3189	0.9315	-0.1713	201.93	3.23	37.30
2026-04-23T15:51:26.3417592+08:00	0x07	-0.2401	-0.7636	0.2616	-0.5393	6.44	111.96	41.18
2026-04-23T15:51:26.3417592+08:00	0x03	0.3706	-0.1753	-0.8045	-0.4299	135.37	326.13	323.09
2026-04-23T15:51:26.3417592+08:00	0x09	0.8437	0.0494	-0.5336	-0.0303	173.35	244.62	0.09
2026-04-23T15:51:26.3417592+08:00	0x01	-0.3087	-0.4057	0.7853	-0.3513	215.41	337.42	58.66
2026-04-23T15:51:26.3417592+08:00	0x06	-0.1141	-0.0824	0.9885	-0.0551	185.25	347.30	10.11
2026-04-23T15:51:26.3417592+08:00	0x04	-0.1079	0.0932	0.9735	-0.1789	201.85	345.76	351.79
2026-04-23T15:51:26.3417592+08:00	0x07	-0.2416	-0.7631	0.2629	-0.5388	6.54	112.03	41.42
2026-04-23T15:51:26.3417592+08:00	0x03	0.3708	-0.1780	-0.8030	-0.4312	135.22	326.25	322.72
2026-04-23T15:51:26.3417592+08:00	0x09	0.8437	0.0497	-0.5335	-0.0316	173.25	244.62	359.99
2026-04-23T15:51:26.3417592+08:00	0x06	-0.1141	-0.0823	0.9885	-0.0553	185.28	347.30	10.10
2026-04-23T15:51:26.3417592+08:00	0x04	-0.1065	0.0976	0.9731	-0.1798	202.02	345.81	351.28
2026-04-23T15:51:26.3417592+08:00	0x08	-0.1798	-0.1055	0.7257	0.6556	96.80	336.38	355.26
2026-04-23T15:51:26.3417592+08:00	0x07	-0.2434	-0.7625	0.2643	-0.5381	6.67	112.12	41.68
2026-04-23T15:51:26.3417592+08:00	0x03	0.3695	-0.1796	-0.8025	-0.4326	134.98	326.54	322.56
2026-04-23T15:51:26.3417592+08:00	0x06	-0.1176	-0.0797	0.9885	-0.0508	184.76	346.84	9.77
2026-04-23T15:51:26.3417592+08:00	0x01	-0.3073	-0.4137	0.7809	-0.3531	216.04	338.17	59.66
2026-04-23T15:51:26.3417592+08:00	0x02	-0.0346	-0.3207	0.9308	-0.1722	202.09	3.32	37.51
2026-04-23T15:51:26.3417592+08:00	0x05	-0.5990	0.5141	0.4548	0.4124	241.39	206.14	285.92
2026-04-23T15:51:26.3417592+08:00	0x04	-0.0823	0.0691	0.8929	-0.4372	232.48	348.01	357.05
2026-04-23T15:51:26.3417592+08:00	0x03	0.3572	-0.1395	-0.8356	-0.3934	139.43	325.39	329.06
2026-04-23T15:51:26.3417592+08:00	0x09	0.8437	0.0504	-0.5335	-0.0314	173.19	244.61	0.04
2026-04-23T15:51:26.3417592+08:00	0x01	-0.3016	-0.4262	0.7792	-0.3467	215.56	339.01	60.85
2026-04-23T15:51:26.3417592+08:00	0x04	-0.0712	0.0722	0.8649	-0.4915	239.52	348.79	356.85
2026-04-23T15:51:26.3417592+08:00	0x08	-0.1799	-0.1050	0.7263	0.6550	96.90	336.41	355.24
2026-04-23T15:51:26.3417592+08:00	0x03	0.3492	-0.1333	-0.8693	-0.3234	148.15	324.13	332.76
2026-04-23T15:51:26.3417592+08:00	0x07	-0.2565	-0.7583	0.2678	-0.5363	7.99	112.61	42.93
2026-04-23T15:51:26.3417592+08:00	0x09	0.8440	0.0527	-0.5328	-0.0314	172.96	244.51	0.18
2026-04-23T15:51:26.3417592+08:00	0x01	-0.3011	-0.4346	0.7790	-0.3371	213.70	338.22	61.65
2026-04-23T15:51:26.3417592+08:00	0x04	-0.1007	0.0577	0.8611	-0.4950	239.78	346.68	0.02
2026-04-23T15:51:26.3417592+08:00	0x07	-0.2565	-0.7580	0.2692	-0.5360	7.89	112.59	43.07
2026-04-23T15:51:26.3417592+08:00	0x08	-0.1805	-0.1056	0.7270	0.6540	97.05	336.31	355.27
2026-04-23T15:51:26.3417592+08:00	0x09	0.8441	0.0535	-0.5326	-0.0316	172.88	244.49	0.20
2026-04-23T15:51:26.3417592+08:00	0x06	-0.1158	-0.0805	0.9887	-0.0505	184.73	347.05	9.84
2026-04-23T15:51:26.3417592+08:00	0x01	-0.2964	-0.4363	0.7817	-0.3328	213.34	338.69	61.57
2026-04-23T15:51:26.3417592+08:00	0x04	-0.1004	0.0504	0.8610	-0.4960	239.81	347.11	0.73
2026-04-23T15:51:26.3417592+08:00	0x02	-0.0385	-0.3064	0.9354	-0.1720	201.60	2.36	35.91
2026-04-23T15:51:26.3417592+08:00	0x03	0.3592	-0.1058	-0.8798	-0.2930	151.40	321.62	336.63
2026-04-23T15:51:26.3417592+08:00	0x09	0.8437	0.0527	-0.5332	-0.0315	172.96	244.57	0.17
2026-04-23T15:51:26.3417592+08:00	0x06	-0.1157	-0.0801	0.9887	-0.0510	184.79	347.06	9.80
2026-04-23T15:51:26.3417592+08:00	0x01	-0.2945	-0.4391	0.7780	-0.3393	215.04	340.02	62.02
2026-04-23T15:51:26.3417592+08:00	0x04	-0.0946	0.0679	0.8654	-0.4873	238.93	346.70	358.55
2026-04-23T15:51:26.3417592+08:00	0x07	-0.2581	-0.7576	0.2705	-0.5350	8.04	112.74	43.32
2026-04-23T15:51:26.3417592+08:00	0x03	0.3584	-0.0990	-0.8896	-0.2652	154.48	321.03	338.51
2026-04-23T15:51:26.3417592+08:00	0x09	0.8440	0.0535	-0.5328	-0.0317	172.87	244.51	0.19
2026-04-23T15:51:26.3417592+08:00	0x06	-0.1155	-0.0806	0.9886	-0.0524	184.95	347.10	9.87
2026-04-23T15:51:26.3417592+08:00	0x04	-0.0951	0.0642	0.8713	-0.4772	237.56	346.88	358.79
2026-04-23T15:51:26.3417592+08:00	0x05	-0.6031	0.5093	0.4521	0.4154	240.31	206.39	285.95
2026-04-23T15:51:26.3417592+08:00	0x02	-0.0357	-0.3077	0.9360	-0.1671	201.08	2.55	36.01
2026-04-23T15:51:26.3417592+08:00	0x03	0.3555	-0.1062	-0.8951	-0.2473	156.76	321.14	338.53
2026-04-23T15:51:26.3417592+08:00	0x09	0.8441	0.0548	-0.5324	-0.0318	172.74	244.47	0.26
2026-04-23T15:51:26.3417592+08:00	0x06	-0.1158	-0.0814	0.9885	-0.0526	184.95	347.07	9.96
2026-04-23T15:51:26.3417592+08:00	0x08	-0.1803	-0.1058	0.7263	0.6548	96.92	336.31	355.27
2026-04-23T15:51:26.3417592+08:00	0x07	-0.2597	-0.7573	0.2729	-0.5334	8.11	112.93	43.66
2026-04-23T15:51:26.3417592+08:00	0x02	-0.0360	-0.2821	0.9424	-0.1763	201.83	2.16	32.98
2026-04-23T15:51:26.3427606+08:00	0x03	0.3634	-0.0976	-0.8622	-0.3391	145.62	321.98	335.50
2026-04-23T15:51:26.3427606+08:00	0x09	0.8439	0.0541	-0.5328	-0.0316	172.82	244.52	0.24
2026-04-23T15:51:26.3427606+08:00	0x06	-0.1156	-0.0820	0.9885	-0.0531	185.01	347.10	10.04
2026-04-23T15:51:26.3427606+08:00	0x04	-0.0948	0.1008	0.9665	-0.2163	206.27	346.73	351.15
2026-04-23T15:51:26.3427606+08:00	0x01	-0.2964	-0.4333	0.7782	-0.3446	215.83	340.07	61.49
2026-04-23T15:51:26.3427606+08:00	0x08	-0.1803	-0.1056	0.7259	0.6553	96.85	336.32	355.24
2026-04-23T15:51:26.3427606+08:00	0x02	-0.0392	-0.3045	0.9364	-0.1700	201.27	2.12	35.71
2026-04-23T15:51:26.3427606+08:00	0x03	0.3652	-0.1545	-0.8290	-0.3944	139.84	324.80	327.02
2026-04-23T15:51:26.3427606+08:00	0x09	0.8440	0.0522	-0.5328	-0.0316	173.01	244.52	0.13
2026-04-23T15:51:26.3427606+08:00	0x06	-0.1168	-0.0815	0.9884	-0.0536	185.06	346.97	9.99
2026-04-23T15:51:26.3427606+08:00	0x08	-0.1802	-0.1051	0.7250	0.6564	96.69	336.38	355.17
2026-04-23T15:51:26.3427606+08:00	0x03	0.3172	-0.1868	-0.8816	-0.2955	151.96	328.38	328.88
2026-04-23T15:51:26.3427606+08:00	0x07	-0.2643	-0.7549	0.2765	-0.5327	8.40	113.01	44.36
2026-04-23T15:51:26.3427606+08:00	0x09	0.8425	0.0474	-0.5356	-0.0328	173.40	244.91	359.74
2026-04-23T15:51:26.3427606+08:00	0x08	-0.1760	-0.1031	0.7164	0.6672	95.10	336.97	355.00
2026-04-23T15:51:26.3427606+08:00	0x07	-0.2637	-0.7504	0.2823	-0.5364	7.53	112.00	44.96
2026-04-23T15:51:26.3427606+08:00	0x03	0.2889	-0.1812	-0.9153	-0.2144	161.14	329.55	332.90
2026-04-23T15:51:26.3427606+08:00	0x09	0.8725	0.0554	-0.4850	0.0197	175.53	237.94	5.05
2026-04-23T15:51:26.3427606+08:00	0x06	-0.1244	-0.0811	0.9871	-0.0593	185.65	346.13	10.07
2026-04-23T15:51:26.3427606+08:00	0x08	-0.2284	-0.0541	0.7143	0.6593	97.36	335.92	347.06
2026-04-23T15:51:26.3427606+08:00	0x02	-0.0391	-0.3038	0.9366	-0.1702	201.28	2.13	35.62
2026-04-23T15:51:26.3427606+08:00	0x03	0.2896	-0.1641	-0.9165	-0.2217	159.84	329.52	334.58
2026-04-23T15:51:26.3427606+08:00	0x07	-0.2736	-0.7630	0.2797	-0.5145	10.59	116.42	45.11
2026-04-23T15:51:26.3427606+08:00	0x09	0.8763	0.0380	-0.4803	-0.0038	175.97	237.40	1.71
2026-04-23T15:51:26.3427606+08:00	0x04	-0.1868	0.0803	0.9685	-0.1435	198.03	337.23	354.15
2026-04-23T15:51:26.3427606+08:00	0x02	-0.2997	-0.7881	0.3638	-0.3960	18.34	136.08	54.17
2026-04-23T15:51:26.3427606+08:00	0x07	-0.2685	-0.7661	0.2789	-0.5130	10.15	116.57	44.66
2026-04-23T15:51:26.3427606+08:00	0x03	0.2906	-0.1627	-0.9164	-0.2221	159.78	329.40	334.71
2026-04-23T15:51:26.3427606+08:00	0x09	0.8771	0.0360	-0.4790	-0.0048	176.11	237.23	1.49
2026-04-23T15:51:26.3427606+08:00	0x01	-0.2963	-0.4335	0.7782	-0.3444	215.81	340.07	61.50
2026-04-23T15:51:26.3427606+08:00	0x06	-0.1289	-0.0865	0.9856	-0.0666	186.37	345.70	10.81
2026-04-23T15:51:26.3427606+08:00	0x08	-0.2294	-0.0565	0.7225	0.6498	98.79	335.49	347.49
2026-04-23T15:51:26.3427606+08:00	0x02	-0.3360	-0.7810	0.3680	-0.3765	26.20	142.59	55.87
2026-04-23T15:51:26.3427606+08:00	0x07	-0.2692	-0.7665	0.2792	-0.5119	10.29	116.77	44.72
2026-04-23T15:51:26.3427606+08:00	0x03	0.2923	-0.1602	-0.9167	-0.2203	159.98	329.11	335.01
2026-04-23T15:51:26.3427606+08:00	0x09	0.8776	0.0344	-0.4782	-0.0054	176.24	237.13	1.35
2026-04-23T15:51:26.3427606+08:00	0x01	-0.5439	-0.1066	0.3627	-0.7492	288.76	328.66	63.17
2026-04-23T15:51:26.3427606+08:00	0x04	-0.1798	0.0912	0.9680	-0.1492	198.91	337.77	352.94
2026-04-23T15:51:26.3427606+08:00	0x02	-0.3651	-0.7706	0.3743	-0.3645	32.59	147.57	57.45
2026-04-23T15:51:26.3427606+08:00	0x03	0.2944	-0.1565	-0.9165	-0.2212	159.84	328.84	335.35
2026-04-23T15:51:26.3427606+08:00	0x07	-0.2704	-0.7666	0.2796	-0.5110	10.46	116.95	44.83
2026-04-23T15:51:26.3427606+08:00	0x09	0.8780	0.0327	-0.4774	-0.0060	176.38	237.03	1.19
2026-04-23T15:51:26.3427606+08:00	0x06	-0.1290	-0.0864	0.9858	-0.0639	186.06	345.66	10.77
2026-04-23T15:51:26.3427606+08:00	0x08	-0.2283	-0.0598	0.7268	0.6450	99.46	335.28	348.02
2026-04-23T15:51:26.3427606+08:00	0x02	-0.2203	-0.6153	0.7224	-0.2258	201.43	344.54	81.31
2026-04-23T15:51:26.3427606+08:00	0x07	-0.2759	-0.7637	0.2798	-0.5121	11.04	116.92	45.23
2026-04-23T15:51:26.3427606+08:00	0x03	0.2939	-0.1969	-0.8815	-0.3127	149.07	332.21	327.93
2026-04-23T15:51:26.3427606+08:00	0x09	0.8599	-0.0410	-0.5063	-0.0506	181.12	240.90	352.61
2026-04-23T15:51:26.3427606+08:00	0x01	-0.3230	-0.3345	0.8277	-0.3142	207.71	330.24	49.17
2026-04-23T15:51:26.3427606+08:00	0x06	-0.1346	-0.0728	0.9878	-0.0288	182.16	344.64	8.72
2026-04-23T15:51:26.3427606+08:00	0x05	-0.6030	0.5095	0.4521	0.4153	240.34	206.38	285.95
2026-04-23T15:51:26.3427606+08:00	0x07	-0.3370	-0.7456	0.2792	-0.5026	19.78	121.12	49.03
2026-04-23T15:51:26.3427606+08:00	0x03	0.3156	-0.1674	-0.8980	-0.2566	156.38	327.14	332.44
2026-04-23T15:51:26.3427606+08:00	0x09	0.8529	-0.0136	-0.5208	-0.0333	179.34	242.85	355.93
2026-04-23T15:51:26.3427606+08:00	0x06	-0.1380	-0.0616	0.9885	-0.0114	180.32	344.13	7.18
2026-04-23T15:51:26.3427606+08:00	0x04	-0.1328	0.0828	0.8783	-0.4518	234.68	342.05	358.54
2026-04-23T15:51:26.3427606+08:00	0x02	-0.0449	-0.3941	0.9077	-0.1368	198.09	2.20	46.70
2026-04-23T15:51:26.3427606+08:00	0x08	-0.1895	-0.0927	0.7343	0.6452	98.69	336.41	353.78
2026-04-23T15:51:26.3427606+08:00	0x03	0.3347	-0.1338	-0.8969	-0.2561	156.06	324.30	335.70
2026-04-23T15:51:26.3427606+08:00	0x09	0.8517	-0.0105	-0.5229	-0.0326	179.07	243.12	356.19
2026-04-23T15:51:26.3427606+08:00	0x07	-0.3414	-0.7408	0.2805	-0.5059	20.02	120.67	49.56
2026-04-23T15:51:26.3427606+08:00	0x01	-0.3355	-0.4182	0.8047	-0.2549	193.99	322.45	57.57
2026-04-23T15:51:26.3427606+08:00	0x04	-0.1112	0.0689	0.8868	-0.4432	233.28	345.03	358.64
2026-04-23T15:51:26.3427606+08:00	0x06	-0.1385	-0.0624	0.9883	-0.0111	180.27	344.07	7.26
2026-04-23T15:51:26.3437545+08:00	0x02	-0.0145	-0.3920	0.9051	-0.1643	204.13	8.44	45.59
2026-04-23T15:51:26.3437545+08:00	0x07	-0.3423	-0.7400	0.2801	-0.5067	20.09	120.55	49.59
2026-04-23T15:51:26.3437545+08:00	0x03	0.3350	-0.1309	-0.9089	-0.2111	161.34	323.24	337.70
2026-04-23T15:51:26.3437545+08:00	0x09	0.8520	0.0008	-0.5226	-0.0298	178.14	243.10	357.13
2026-04-23T15:51:26.3437545+08:00	0x04	-0.1152	0.0580	0.8792	-0.4586	235.06	345.18	0.21
2026-04-23T15:51:26.3437545+08:00	0x01	-0.3227	-0.4365	0.7926	-0.2776	198.81	326.75	60.59
2026-04-23T15:51:26.3437545+08:00	0x02	-0.0080	-0.4004	0.8968	-0.1878	208.49	11.32	46.16
2026-04-23T15:51:26.3437545+08:00	0x07	-0.3436	-0.7415	0.2790	-0.5043	20.57	121.12	49.49
2026-04-23T15:51:26.3437545+08:00	0x03	0.3400	-0.1068	-0.8969	-0.2619	154.70	323.41	338.30
2026-04-23T15:51:26.3437545+08:00	0x01	-0.3117	-0.4360	0.7954	-0.2830	201.21	329.66	60.46
2026-04-23T15:51:26.3437545+08:00	0x04	-0.1009	0.0389	0.8901	-0.4427	232.76	347.64	1.15
2026-04-23T15:51:26.3437545+08:00	0x06	-0.1410	-0.0624	0.9880	-0.0129	180.46	343.79	7.29
2026-04-23T15:51:26.3437545+08:00	0x08	-0.1899	-0.0876	0.7302	0.6505	98.01	336.79	353.16
2026-04-23T15:51:26.3437545+08:00	0x02	-0.0086	-0.3630	0.9096	-0.2021	208.90	10.09	41.60
2026-04-23T15:51:26.3437545+08:00	0x07	-0.3465	-0.7412	0.2788	-0.5029	21.09	121.52	49.62
2026-04-23T15:51:26.3437545+08:00	0x03	0.3452	-0.1103	-0.8821	-0.3010	150.20	323.66	336.27
2026-04-23T15:51:26.3437545+08:00	0x09	0.8540	0.0026	-0.5193	-0.0314	177.87	242.67	357.08
2026-04-23T15:51:26.3437545+08:00	0x04	-0.1013	0.0613	0.8798	-0.4604	235.34	346.43	359.16
2026-04-23T15:51:26.3437545+08:00	0x06	-0.1411	-0.0623	0.9879	-0.0135	180.53	343.78	7.29
2026-04-23T15:51:26.3437545+08:00	0x01	-0.3081	-0.4360	0.7910	-0.2989	204.84	332.19	60.91
2026-04-23T15:51:26.3437545+08:00	0x08	-0.1909	-0.0875	0.7297	0.6507	97.99	336.71	353.07
2026-04-23T15:51:26.3437545+08:00	0x02	-0.0063	-0.3729	0.9056	-0.2020	209.43	10.92	42.69
2026-04-23T15:51:26.3437545+08:00	0x09	0.8546	0.0022	-0.5182	-0.0337	177.78	242.53	356.83
2026-04-23T15:51:26.3437545+08:00	0x03	0.3448	-0.1279	-0.9021	-0.2258	159.75	322.28	337.26
2026-04-23T15:51:26.3437545+08:00	0x01	-0.3043	-0.4447	0.7850	-0.3055	206.58	333.83	62.15
2026-04-23T15:51:26.3437545+08:00	0x06	-0.1420	-0.0630	0.9878	-0.0140	180.56	343.67	7.38
2026-04-23T15:51:26.3437545+08:00	0x08	-0.1914	-0.0883	0.7297	0.6505	98.00	336.61	353.10
2026-04-23T15:51:26.3437545+08:00	0x07	-0.3490	-0.7417	0.2782	-0.5006	21.69	122.09	49.66
2026-04-23T15:51:26.3437545+08:00	0x03	0.3497	-0.1107	-0.8893	-0.2730	153.71	322.47	337.18
2026-04-23T15:51:26.3437545+08:00	0x09	0.8544	0.0023	-0.5186	-0.0335	177.78	242.58	356.85
2026-04-23T15:51:26.3437545+08:00	0x01	-0.3006	-0.4443	0.7833	-0.3142	208.91	335.70	62.24
2026-04-23T15:51:26.3437545+08:00	0x06	-0.1421	-0.0624	0.9878	-0.0145	180.63	343.67	7.32
2026-04-23T15:51:26.3437545+08:00	0x08	-0.1907	-0.0883	0.7291	0.6514	97.86	336.68	353.13
2026-04-23T15:51:26.3437545+08:00	0x07	-0.3494	-0.7410	0.2786	-0.5011	21.68	122.01	49.74
2026-04-23T15:51:26.3437545+08:00	0x03	0.3479	-0.1276	-0.8857	-0.2798	153.36	323.09	335.12
2026-04-23T15:51:26.3437545+08:00	0x09	0.8545	0.0035	-0.5183	-0.0332	177.68	242.54	356.95
2026-04-23T15:51:26.3437545+08:00	0x01	-0.2979	-0.4451	0.7824	-0.3179	210.04	336.75	62.36
2026-04-23T15:51:26.3437545+08:00	0x06	-0.1419	-0.0623	0.9878	-0.0142	180.60	343.68	7.30
2026-04-23T15:51:26.3437545+08:00	0x07	-0.3503	-0.7407	0.2790	-0.5008	21.80	122.09	49.83
2026-04-23T15:51:26.3437545+08:00	0x08	-0.1907	-0.0885	0.7292	0.6512	97.89	336.66	353.14
2026-04-23T15:51:26.3437545+08:00	0x02	0.0004	-0.3731	0.9022	-0.2164	211.90	12.67	42.30
2026-04-23T15:51:26.3437545+08:00	0x03	0.3513	-0.1247	-0.8878	-0.2700	154.55	322.38	335.72
2026-04-23T15:51:26.3437545+08:00	0x09	0.8546	0.0058	-0.5183	-0.0323	177.51	242.53	357.19
2026-04-23T15:51:26.3437545+08:00	0x06	-0.1419	-0.0621	0.9878	-0.0143	180.61	343.69	7.29
2026-04-23T15:51:26.3437545+08:00	0x07	-0.3505	-0.7404	0.2792	-0.5010	21.80	122.06	49.88
2026-04-23T15:51:26.3437545+08:00	0x04	-0.1135	0.0840	0.8926	-0.4281	231.66	344.04	356.97
2026-04-23T15:51:26.3437545+08:00	0x03	0.3566	-0.1218	-0.8850	-0.2734	154.19	321.74	335.76
2026-04-23T15:51:26.3437545+08:00	0x04	-0.1194	0.0682	0.8962	-0.4217	230.57	344.24	358.76
2026-04-23T15:51:26.3437545+08:00	0x01	-0.2937	-0.4496	0.7807	-0.3196	210.96	337.97	62.84
2026-04-23T15:51:26.3437545+08:00	0x06	-0.1417	-0.0624	0.9878	-0.0139	180.56	343.71	7.30
2026-04-23T15:51:26.3437545+08:00	0x05	-0.5589	0.5168	0.4477	0.4691	260.74	185.61	279.19
2026-04-23T15:51:26.3437545+08:00	0x07	-0.3517	-0.7395	0.2803	-0.5008	21.91	122.12	50.08
2026-04-23T15:51:26.3437545+08:00	0x09	0.8543	0.0062	-0.5186	-0.0335	177.39	242.58	357.09
2026-04-23T15:51:26.3437545+08:00	0x01	-0.2921	-0.4519	0.7783	-0.3235	212.09	338.92	63.18
2026-04-23T15:51:26.3437545+08:00	0x06	-0.1420	-0.0622	0.9878	-0.0147	180.66	343.68	7.30
2026-04-23T15:51:26.3437545+08:00	0x07	-0.3522	-0.7396	0.2803	-0.5004	22.02	122.23	50.09
2026-04-23T15:51:26.3437545+08:00	0x03	0.3480	-0.1249	-0.8856	-0.2812	153.10	323.07	335.36
2026-04-23T15:51:26.3437545+08:00	0x09	0.8546	0.0068	-0.5182	-0.0341	177.30	242.53	357.06
2026-04-23T15:51:26.3437545+08:00	0x06	-0.1425	-0.0624	0.9877	-0.0150	180.68	343.62	7.33
2026-04-23T15:51:26.3437545+08:00	0x08	-0.1913	-0.0891	0.7295	0.6506	97.96	336.55	353.17
2026-04-23T15:51:26.3437545+08:00	0x07	-0.3534	-0.7393	0.2809	-0.4997	22.20	122.39	50.22
2026-04-23T15:51:26.3437545+08:00	0x03	0.3461	-0.1243	-0.8850	-0.2856	152.51	323.40	335.31
2026-04-23T15:51:26.3437545+08:00	0x09	0.8546	0.0081	-0.5180	-0.0345	177.15	242.51	357.10
2026-04-23T15:51:26.3447513+08:00	0x01	-0.2885	-0.4495	0.7810	-0.3237	212.52	339.61	62.73
2026-04-23T15:51:26.3447513+08:00	0x04	-0.1134	0.0690	0.8981	-0.4194	230.28	344.83	358.35
2026-04-23T15:51:26.3447513+08:00	0x06	-0.1422	-0.0621	0.9878	-0.0146	180.64	343.65	7.29
2026-04-23T15:51:26.3447513+08:00	0x08	-0.1917	-0.0896	0.7290	0.6510	97.90	336.49	353.17
2026-04-23T15:51:26.3447513+08:00	0x03	0.3473	-0.1239	-0.8842	-0.2867	152.40	323.27	335.27
2026-04-23T15:51:26.3447513+08:00	0x09	0.8548	0.0087	-0.5177	-0.0349	177.07	242.48	357.09
2026-04-23T15:51:26.3447513+08:00	0x01	-0.2881	-0.4512	0.7796	-0.3250	212.89	339.92	62.97
2026-04-23T15:51:26.3447513+08:00	0x04	-0.1102	0.0551	0.8942	-0.4304	231.44	345.85	359.79
2026-04-23T15:51:26.3447513+08:00	0x06	-0.1422	-0.0623	0.9878	-0.0144	180.62	343.65	7.30
2026-04-23T15:51:26.3447513+08:00	0x07	-0.3549	-0.7385	0.2819	-0.4991	22.39	122.54	50.41
2026-04-23T15:51:26.3447513+08:00	0x03	0.3482	-0.1204	-0.8818	-0.2944	151.37	323.30	335.33
2026-04-23T15:51:26.3447513+08:00	0x09	0.8546	0.0091	-0.5180	-0.0357	176.98	242.52	357.04
2026-04-23T15:51:26.3447513+08:00	0x01	-0.2855	-0.4497	0.7814	-0.3249	213.16	340.41	62.67
2026-04-23T15:51:26.3447513+08:00	0x06	-0.1421	-0.0624	0.9878	-0.0141	180.58	343.67	7.31
2026-04-23T15:51:26.3447513+08:00	0x08	-0.1921	-0.0903	0.7281	0.6518	97.76	336.40	353.16
2026-04-23T15:51:26.3447513+08:00	0x07	-0.3553	-0.7381	0.2824	-0.4992	22.42	122.53	50.50
2026-04-23T15:51:26.3447513+08:00	0x03	0.3474	-0.1156	-0.8817	-0.2976	150.83	323.39	335.76
2026-04-23T15:51:26.3447513+08:00	0x09	0.8545	0.0092	-0.5181	-0.0364	176.93	242.54	356.98
2026-04-23T15:51:26.3447513+08:00	0x04	-0.1055	0.0646	0.8923	-0.4343	232.07	345.85	358.65
2026-04-23T15:51:26.3447513+08:00	0x06	-0.1425	-0.0619	0.9878	-0.0135	180.52	343.62	7.24
2026-04-23T15:51:26.3447513+08:00	0x08	-0.1915	-0.0902	0.7281	0.6520	97.74	336.47	353.20
2026-04-23T15:51:26.3447513+08:00	0x02	-0.0022	-0.3604	0.9059	-0.2221	212.00	11.91	40.85
2026-04-23T15:51:26.3447513+08:00	0x07	-0.3571	-0.7374	0.2831	-0.4987	22.67	122.71	50.67
2026-04-23T15:51:26.3447513+08:00	0x01	-0.2905	-0.4487	0.7782	-0.3298	213.62	339.98	62.87
2026-04-23T15:51:26.3447513+08:00	0x03	0.3492	-0.1248	-0.8921	-0.2582	155.91	322.38	336.23
2026-04-23T15:51:26.3447513+08:00	0x04	-0.1195	0.0725	0.8939	-0.4258	231.17	344.01	358.40
2026-04-23T15:51:26.3447513+08:00	0x06	-0.1432	-0.0619	0.9877	-0.0141	180.59	343.54	7.25
2026-04-23T15:51:26.3447513+08:00	0x08	-0.1917	-0.0904	0.7279	0.6521	97.71	336.43	353.20
2026-04-23T15:51:26.3447513+08:00	0x07	-0.3580	-0.7376	0.2827	-0.4979	22.90	122.92	50.68
2026-04-23T15:51:26.3447513+08:00	0x03	0.3534	-0.1156	-0.8831	-0.2862	152.37	322.35	336.02
2026-04-23T15:51:26.3447513+08:00	0x01	-0.2895	-0.4519	0.7777	-0.3273	213.26	339.98	63.18
2026-04-23T15:51:26.3447513+08:00	0x04	-0.1195	0.0638	0.9041	-0.4054	228.44	344.47	358.94
2026-04-23T15:51:26.3447513+08:00	0x06	-0.1429	-0.0620	0.9877	-0.0144	180.62	343.58	7.27
2026-04-23T15:51:26.3447513+08:00	0x08	-0.1916	-0.0907	0.7280	0.6520	97.72	336.42	353.23
2026-04-23T15:51:26.3447513+08:00	0x07	-0.3578	-0.7375	0.2831	-0.4979	22.84	122.88	50.70
2026-04-23T15:51:26.3447513+08:00	0x03	0.3488	-0.1106	-0.8751	-0.3166	148.39	323.57	335.51
2026-04-23T15:51:26.3447513+08:00	0x09	0.8542	0.0098	-0.5186	-0.0367	176.86	242.61	356.99
2026-04-23T15:51:26.3447513+08:00	0x04	-0.1143	0.0558	0.9025	-0.4114	229.06	345.39	359.62
2026-04-23T15:51:26.3447513+08:00	0x06	-0.1428	-0.0620	0.9877	-0.0131	180.47	343.57	7.25
2026-04-23T15:51:26.3447513+08:00	0x07	-0.3598	-0.7362	0.2843	-0.4978	23.07	122.98	50.96
2026-04-23T15:51:26.3447513+08:00	0x08	-0.1914	-0.0910	0.7277	0.6523	97.66	336.41	353.27
2026-04-23T15:51:26.3447513+08:00	0x09	0.8539	0.0094	-0.5190	-0.0368	176.89	242.67	356.95
2026-04-23T15:51:26.3447513+08:00	0x03	0.3459	-0.1156	-0.8783	-0.3091	149.37	323.85	335.36
2026-04-23T15:51:26.3447513+08:00	0x01	-0.2849	-0.4542	0.7779	-0.3276	213.95	341.08	63.30
2026-04-23T15:51:26.3447513+08:00	0x04	-0.1007	0.0642	0.8797	-0.4602	235.37	346.33	358.84
2026-04-23T15:51:26.3447513+08:00	0x05	-0.5918	0.4867	0.4629	0.4456	231.68	213.26	282.02
2026-04-23T15:51:26.3447513+08:00	0x07	-0.3596	-0.7366	0.2844	-0.4972	23.09	123.08	50.95
2026-04-23T15:51:26.3447513+08:00	0x03	0.3379	-0.1050	-0.9103	-0.2149	160.12	322.74	340.34
2026-04-23T15:51:26.3447513+08:00	0x01	-0.2822	-0.4634	0.7751	-0.3237	213.66	341.53	64.30
2026-04-23T15:51:26.3447513+08:00	0x04	-0.1234	0.0629	0.9117	-0.3869	226.14	344.12	358.90
2026-04-23T15:51:26.3447513+08:00	0x06	-0.1429	-0.0622	0.9877	-0.0138	180.55	343.57	7.29
2026-04-23T15:51:26.3447513+08:00	0x07	-0.3610	-0.7361	0.2847	-0.4968	23.30	123.21	51.06
2026-04-23T15:51:26.3447513+08:00	0x02	0.0063	-0.3800	0.8984	-0.2202	213.09	14.09	42.84
2026-04-23T15:51:26.3447513+08:00	0x09	0.8542	0.0115	-0.5184	-0.0377	176.63	242.60	356.99
2026-04-23T15:51:26.3447513+08:00	0x03	0.3472	-0.1177	-0.8812	-0.2986	150.76	323.47	335.50
2026-04-23T15:51:26.3447513+08:00	0x06	-0.1424	-0.0638	0.9876	-0.0143	180.58	343.63	7.47
2026-04-23T15:51:26.3447513+08:00	0x08	-0.1927	-0.0927	0.7285	0.6508	97.85	336.16	353.36
2026-04-23T15:51:26.3447513+08:00	0x04	-0.1148	0.0721	0.9045	-0.4044	228.47	344.56	357.85
2026-04-23T15:51:26.3447513+08:00	0x03	0.3451	-0.1139	-0.8817	-0.3009	150.32	323.72	335.89
2026-04-23T15:51:26.3447513+08:00	0x01	-0.2846	-0.4607	0.7743	-0.3274	214.13	341.42	64.13
2026-04-23T15:51:26.3447513+08:00	0x06	-0.1434	-0.0639	0.9875	-0.0157	180.73	343.52	7.51
2026-04-23T15:51:26.3447513+08:00	0x08	-0.1921	-0.0920	0.7278	0.6519	97.71	336.28	353.31
2026-04-23T15:51:26.3447513+08:00	0x07	-0.3603	-0.7366	0.2855	-0.4960	23.21	123.30	51.08
2026-04-23T15:51:26.3447513+08:00	0x03	0.3505	-0.1068	-0.8959	-0.2514	156.18	321.87	338.44
2026-04-23T15:51:26.3457485+08:00	0x01	-0.2883	-0.4549	0.7763	-0.3276	213.54	340.40	63.52
2026-04-23T15:51:26.3457485+08:00	0x09	0.8550	0.0107	-0.5171	-0.0381	176.69	242.42	356.90
2026-04-23T15:51:26.3457485+08:00	0x07	-0.3634	-0.7360	0.2855	-0.4946	23.79	123.73	51.24
2026-04-23T15:51:26.3457485+08:00	0x06	-0.1445	-0.0628	0.9874	-0.0138	180.53	343.38	7.36
2026-04-23T15:51:26.3457485+08:00	0x03	0.3510	-0.1166	-0.8934	-0.2548	156.10	321.99	337.21
2026-04-23T15:51:26.3457485+08:00	0x09	0.8543	0.0102	-0.5184	-0.0375	176.76	242.59	356.93
2026-04-23T15:51:26.3457485+08:00	0x01	-0.2911	-0.4499	0.7784	-0.3270	212.94	339.52	62.98
2026-04-23T15:51:26.3457485+08:00	0x04	-0.1060	0.0388	0.8907	-0.4403	232.45	347.11	1.39
2026-04-23T15:51:26.3457485+08:00	0x06	-0.1440	-0.0639	0.9874	-0.0140	180.53	343.44	7.49
2026-04-23T15:51:26.3457485+08:00	0x08	-0.1917	-0.0923	0.7275	0.6523	97.63	336.29	353.35
2026-04-23T15:51:26.3457485+08:00	0x07	-0.3642	-0.7361	0.2858	-0.4939	23.96	123.92	51.30
2026-04-23T15:51:26.3457485+08:00	0x02	0.0009	-0.3799	0.8974	-0.2243	213.44	13.59	42.95
2026-04-23T15:51:26.3457485+08:00	0x03	0.3549	-0.0895	-0.8709	-0.3281	146.54	322.62	337.13
2026-04-23T15:51:26.3457485+08:00	0x09	0.8541	0.0102	-0.5186	-0.0379	176.75	242.62	356.89
2026-04-23T15:51:26.3457485+08:00	0x01	-0.2893	-0.4544	0.7773	-0.3251	212.84	339.82	63.44
2026-04-23T15:51:26.3457485+08:00	0x04	-0.1095	0.0450	0.8941	-0.4320	231.48	346.43	0.81
2026-04-23T15:51:26.3457485+08:00	0x08	-0.1913	-0.0929	0.7275	0.6523	97.63	336.28	353.43
2026-04-23T15:51:26.3457485+08:00	0x07	-0.3637	-0.7353	0.2867	-0.4948	23.74	123.68	51.40
2026-04-23T15:51:26.3457485+08:00	0x03	0.3552	-0.0975	-0.8697	-0.3287	146.71	322.77	336.23
2026-04-23T15:51:26.3457485+08:00	0x09	0.8537	0.0106	-0.5193	-0.0378	176.70	242.71	356.93
2026-04-23T15:51:26.3457485+08:00	0x04	-0.1042	0.0774	0.9026	-0.4104	229.29	345.41	356.90
2026-04-23T15:51:26.3457485+08:00	0x08	-0.1907	-0.0931	0.7273	0.6527	97.56	336.32	353.48
2026-04-23T15:51:26.3457485+08:00	0x07	-0.3644	-0.7349	0.2874	-0.4945	23.83	123.75	51.52
2026-04-23T15:51:26.3457485+08:00	0x02	0.0001	-0.3761	0.9007	-0.2173	212.17	12.86	42.65
2026-04-23T15:51:26.3457485+08:00	0x03	0.3464	-0.1162	-0.8957	-0.2536	156.12	322.54	337.43
2026-04-23T15:51:26.3457485+08:00	0x09	0.8537	0.0107	-0.5193	-0.0382	176.67	242.71	356.90
2026-04-23T15:51:26.3457485+08:00	0x04	-0.1039	0.0573	0.8864	-0.4474	233.62	346.38	359.50
2026-04-23T15:51:26.3457485+08:00	0x06	-0.1435	-0.0639	0.9875	-0.0143	180.57	343.50	7.48
2026-04-23T15:51:26.3457485+08:00	0x08	-0.1918	-0.0939	0.7278	0.6517	97.69	336.16	353.49
2026-04-23T15:51:26.3457485+08:00	0x02	0.0017	-0.3831	0.8978	-0.2171	212.58	13.49	43.41
2026-04-23T15:51:26.3457485+08:00	0x03	0.3542	-0.1123	-0.8856	-0.2787	153.19	322.04	336.65
2026-04-23T15:51:26.3457485+08:00	0x09	0.8536	0.0097	-0.5194	-0.0390	176.72	242.73	356.76
2026-04-23T15:51:26.3457485+08:00	0x01	-0.2879	-0.4597	0.7745	-0.3255	213.23	340.39	64.09
2026-04-23T15:51:26.3457485+08:00	0x04	-0.1039	0.0693	0.8874	-0.4438	233.37	345.75	358.24
2026-04-23T15:51:26.3457485+08:00	0x06	-0.1426	-0.0643	0.9876	-0.0152	180.68	343.61	7.54
2026-04-23T15:51:26.3457485+08:00	0x08	-0.1914	-0.0939	0.7279	0.6517	97.68	336.19	353.53
2026-04-23T15:51:26.3457485+08:00	0x07	-0.3645	-0.7346	0.2884	-0.4942	23.80	123.79	51.64
2026-04-23T15:51:26.3457485+08:00	0x02	0.0035	-0.3754	0.8998	-0.2225	213.05	13.56	42.37
2026-04-23T15:51:26.3457485+08:00	0x03	0.3497	-0.1092	-0.8896	-0.2728	153.69	322.44	337.36
2026-04-23T15:51:26.3457485+08:00	0x09	0.8537	0.0106	-0.5192	-0.0391	176.63	242.71	356.80
2026-04-23T15:51:26.3457485+08:00	0x05	-0.5894	0.4895	0.4618	0.4469	233.54	211.57	281.78
2026-04-23T15:51:26.3457485+08:00	0x06	-0.1426	-0.0639	0.9876	-0.0145	180.60	343.61	7.49
2026-04-23T15:51:26.3457485+08:00	0x07	-0.3654	-0.7336	0.2894	-0.4945	23.85	123.75	51.82
2026-04-23T15:51:26.3457485+08:00	0x03	0.3503	-0.0987	-0.8681	-0.3375	145.52	323.62	335.93
2026-04-23T15:51:26.3457485+08:00	0x09	0.8526	0.0097	-0.5210	-0.0392	176.70	242.95	356.75
2026-04-23T15:51:26.3457485+08:00	0x04	-0.1102	0.0414	0.9056	-0.4076	228.36	346.51	0.85
2026-04-23T15:51:26.3457485+08:00	0x08	-0.1905	-0.0943	0.7274	0.6525	97.56	336.25	353.60
2026-04-23T15:51:26.3457485+08:00	0x07	-0.3668	-0.7332	0.2898	-0.4939	24.08	123.93	51.93
2026-04-23T15:51:26.3457485+08:00	0x03	0.3472	-0.1157	-0.8813	-0.2990	150.65	323.45	335.70
2026-04-23T15:51:26.3457485+08:00	0x09	0.8530	0.0099	-0.5203	-0.0394	176.67	242.86	356.74
2026-04-23T15:51:26.3457485+08:00	0x04	-0.0988	0.0476	0.8943	-0.4339	231.76	347.41	0.04
2026-04-23T15:51:26.3457485+08:00	0x08	-0.1907	-0.0945	0.7277	0.6520	97.63	336.21	353.62
2026-04-23T15:51:26.3457485+08:00	0x07	-0.3670	-0.7333	0.2902	-0.4934	24.13	124.03	51.98
2026-04-23T15:51:26.3457485+08:00	0x09	0.8532	0.0100	-0.5200	-0.0399	176.63	242.82	356.70
2026-04-23T15:51:26.3457485+08:00	0x03	0.3575	-0.1148	-0.8839	-0.2790	153.32	321.66	336.27
2026-04-23T15:51:26.3457485+08:00	0x04	-0.1012	0.0489	0.8922	-0.4373	232.22	347.09	0.07
2026-04-23T15:51:26.3457485+08:00	0x06	-0.1426	-0.0634	0.9876	-0.0149	180.66	343.62	7.43
2026-04-23T15:51:26.3457485+08:00	0x07	-0.3677	-0.7327	0.2909	-0.4934	24.19	124.04	52.10
2026-04-23T15:51:26.3457485+08:00	0x02	0.0032	-0.3681	0.9023	-0.2245	212.96	13.20	41.51
2026-04-23T15:51:26.3457485+08:00	0x03	0.3530	-0.1185	-0.8887	-0.2674	154.71	322.03	336.46
2026-04-23T15:51:26.3457485+08:00	0x09	0.8529	0.0098	-0.5204	-0.0397	176.67	242.87	356.70
2026-04-23T15:51:26.3457485+08:00	0x01	-0.2846	-0.4597	0.7754	-0.3264	213.86	341.22	63.97
2026-04-23T15:51:26.3457485+08:00	0x04	-0.1117	0.0620	0.8932	-0.4311	231.63	345.34	359.17
2026-04-23T15:51:26.3457485+08:00	0x07	-0.3686	-0.7325	0.2912	-0.4927	24.38	124.22	52.18
2026-04-23T15:51:26.3467463+08:00	0x03	0.3536	-0.1134	-0.8846	-0.2821	152.80	322.21	336.42
2026-04-23T15:51:26.3467463+08:00	0x09	0.8529	0.0096	-0.5204	-0.0400	176.67	242.88	356.66
2026-04-23T15:51:26.3467463+08:00	0x01	-0.2843	-0.4585	0.7767	-0.3251	213.58	341.06	63.77
2026-04-23T15:51:26.3467463+08:00	0x05	-0.5895	0.4883	0.4629	0.4470	232.64	212.44	281.75
2026-04-23T15:51:26.3467463+08:00	0x04	-0.1097	0.0704	0.8946	-0.4275	231.33	345.14	358.15
2026-04-23T15:51:26.3467463+08:00	0x07	-0.3693	-0.7319	0.2920	-0.4926	24.42	124.24	52.30
2026-04-23T15:51:26.3467463+08:00	0x03	0.3519	-0.1158	-0.8977	-0.2384	158.04	321.52	337.94
2026-04-23T15:51:26.3467463+08:00	0x09	0.8530	0.0103	-0.5203	-0.0402	176.58	242.87	356.69
2026-04-23T15:51:26.3467463+08:00	0x04	-0.1073	0.0695	0.8879	-0.4420	233.14	345.40	358.36
2026-04-23T15:51:26.3467463+08:00	0x08	-0.1904	-0.0949	0.7279	0.6519	97.64	336.21	353.68
2026-04-23T15:51:26.3467463+08:00	0x02	-0.0093	-0.3273	0.9186	-0.2211	210.19	9.23	37.26
2026-04-23T15:51:26.3467463+08:00	0x09	0.8531	0.0095	-0.5201	-0.0406	176.65	242.84	356.60
2026-04-23T15:51:26.3467463+08:00	0x03	0.3516	-0.1188	-0.8980	-0.2363	158.38	321.55	337.70
2026-04-23T15:51:26.3467463+08:00	0x06	-0.1427	-0.0640	0.9876	-0.0142	180.56	343.60	7.50
2026-04-23T15:51:26.3467463+08:00	0x08	-0.1908	-0.0955	0.7283	0.6512	97.73	336.13	353.72
2026-04-23T15:51:26.3467463+08:00	0x02	-0.0027	-0.3490	0.9100	-0.2239	211.72	11.32	39.53
2026-04-23T15:51:26.3467463+08:00	0x04	-0.1164	0.0637	0.8965	-0.4227	230.61	344.77	359.09
2026-04-23T15:51:26.3467463+08:00	0x03	0.3567	-0.1155	-0.8871	-0.2692	154.50	321.55	336.61
2026-04-23T15:51:26.3467463+08:00	0x09	0.8532	0.0101	-0.5200	-0.0407	176.58	242.82	356.61
2026-04-23T15:51:26.3467463+08:00	0x04	-0.1143	0.0741	0.8973	-0.4198	230.43	344.48	357.88
2026-04-23T15:51:26.3467463+08:00	0x07	-0.3713	-0.7310	0.2932	-0.4918	24.73	124.49	52.55
2026-04-23T15:51:26.3467463+08:00	0x02	-0.0057	-0.3347	0.9153	-0.2242	211.05	10.20	37.97
2026-04-23T15:51:26.3467463+08:00	0x03	0.3562	-0.1160	-0.8915	-0.2547	156.22	321.32	337.15
2026-04-23T15:51:26.3467463+08:00	0x09	0.8527	0.0102	-0.5207	-0.0405	176.58	242.92	356.65
2026-04-23T15:51:26.3467463+08:00	0x01	-0.2855	-0.4600	0.7748	-0.3264	213.77	341.04	64.06
2026-04-23T15:51:26.3467463+08:00	0x06	-0.1429	-0.0633	0.9876	-0.0144	180.60	343.58	7.42
2026-04-23T15:51:26.3467463+08:00	0x04	-0.1046	0.0398	0.8878	-0.4465	233.25	347.22	1.30
2026-04-23T15:51:26.3467463+08:00	0x08	-0.1902	-0.0950	0.7274	0.6524	97.55	336.23	353.69
2026-04-23T15:51:26.3467463+08:00	0x03	0.3559	-0.1063	-0.8929	-0.2544	155.93	321.24	338.22
2026-04-23T15:51:26.3467463+08:00	0x01	-0.2852	-0.4586	0.7762	-0.3252	213.49	340.87	63.84
2026-04-23T15:51:26.3467463+08:00	0x09	0.8532	0.0099	-0.5198	-0.0412	176.57	242.81	356.56
2026-04-23T15:51:26.3467463+08:00	0x04	-0.1098	0.0924	0.9009	-0.4097	229.52	344.07	355.61
2026-04-23T15:51:26.3467463+08:00	0x07	-0.3713	-0.7310	0.2943	-0.4911	24.73	124.60	52.65
2026-04-23T15:51:26.3467463+08:00	0x03	0.3485	-0.1339	-0.8532	-0.3643	142.91	325.42	331.16
2026-04-23T15:51:26.3467463+08:00	0x09	0.8528	0.0100	-0.5205	-0.0416	176.53	242.91	356.53
2026-04-23T15:51:26.3467463+08:00	0x05	-0.5860	0.4905	0.4672	0.4446	232.27	213.54	281.63
2026-04-23T15:51:26.3467463+08:00	0x06	-0.1430	-0.0640	0.9875	-0.0171	180.89	343.58	7.55
2026-04-23T15:51:26.3467463+08:00	0x07	-0.3689	-0.7331	0.2922	-0.4910	24.52	124.54	52.25
2026-04-23T15:51:26.3467463+08:00	0x03	0.3564	-0.1561	-0.8316	-0.3962	139.32	326.06	327.17
2026-04-23T15:51:26.3467463+08:00	0x09	0.8525	0.0075	-0.5209	-0.0423	176.74	242.95	356.32
2026-04-23T15:51:26.3467463+08:00	0x01	-0.3006	-0.4284	0.7775	-0.3487	216.15	339.54	61.15
2026-04-23T15:51:26.3467463+08:00	0x06	-0.1455	-0.0643	0.9871	-0.0178	180.95	343.29	7.60
2026-04-23T15:51:26.3467463+08:00	0x02	-0.0121	-0.3388	0.9151	-0.2181	210.08	9.27	38.71
2026-04-23T15:51:26.3467463+08:00	0x04	-0.1636	0.0920	0.9677	-0.1682	201.00	339.50	352.94
2026-04-23T15:51:26.3467463+08:00	0x08	-0.1903	-0.0952	0.7255	0.6545	97.24	336.22	353.63
2026-04-23T15:51:26.3467463+08:00	0x09	0.8544	0.0056	-0.5178	-0.0428	176.90	242.54	356.14
2026-04-23T15:51:26.3467463+08:00	0x04	-0.1630	0.0924	0.9676	-0.1692	201.12	339.55	352.90
2026-04-23T15:51:26.3467463+08:00	0x02	-0.0089	-0.3610	0.9063	-0.2199	211.38	10.92	41.16
2026-04-23T15:51:26.3467463+08:00	0x07	-0.3759	-0.7404	0.2834	-0.4797	27.10	127.32	51.29
2026-04-23T15:51:26.3467463+08:00	0x03	0.3508	-0.1551	-0.8327	-0.3994	138.68	326.89	327.42
2026-04-23T15:51:26.3467463+08:00	0x09	0.8572	0.0025	-0.5132	-0.0436	177.18	241.92	355.86
2026-04-23T15:51:26.3467463+08:00	0x06	-0.1494	-0.0635	0.9866	-0.0179	180.94	342.84	7.51
2026-04-23T15:51:26.3467463+08:00	0x05	-0.5782	0.4924	0.4729	0.4468	231.71	214.85	280.77
2026-04-23T15:51:26.3467463+08:00	0x07	-0.3762	-0.7424	0.2814	-0.4776	27.43	127.77	51.00
2026-04-23T15:51:26.3467463+08:00	0x03	0.3477	-0.1570	-0.8357	-0.3951	139.20	327.19	327.51
2026-04-23T15:51:26.3467463+08:00	0x01	-0.3111	-0.4143	0.7825	-0.3453	214.04	336.56	59.68
2026-04-23T15:51:26.3467463+08:00	0x09	0.8575	-0.0012	-0.5126	-0.0438	177.54	241.83	355.62
2026-04-23T15:51:26.3467463+08:00	0x04	-0.1558	0.0944	0.9699	-0.1618	200.26	340.39	352.37
2026-04-23T15:51:26.3467463+08:00	0x07	-0.3770	-0.7427	0.2811	-0.4767	27.64	127.98	50.98
2026-04-23T15:51:26.3467463+08:00	0x03	0.3474	-0.1642	-0.8348	-0.3944	139.40	327.42	326.76
2026-04-23T15:51:26.3467463+08:00	0x09	0.8581	-0.0038	-0.5116	-0.0436	177.81	241.70	355.48
2026-04-23T15:51:26.3467463+08:00	0x05	-0.5835	0.4928	0.4696	0.4429	232.53	213.79	281.57
2026-04-23T15:51:26.3467463+08:00	0x06	-0.1498	-0.0637	0.9865	-0.0183	180.98	342.79	7.54
2026-04-23T15:51:26.3477434+08:00	0x07	-0.3777	-0.7435	0.2804	-0.4753	27.89	128.29	50.90
2026-04-23T15:51:26.3477434+08:00	0x04	-0.1489	0.0932	0.9711	-0.1616	200.17	341.21	352.36
2026-04-23T15:51:26.3477434+08:00	0x09	0.8592	-0.0042	-0.5096	-0.0444	177.81	241.44	355.38
2026-04-23T15:51:26.3477434+08:00	0x03	0.3432	-0.1687	-0.8351	-0.3953	139.18	328.12	326.42
2026-04-23T15:51:26.3477434+08:00	0x06	-0.1503	-0.0646	0.9863	-0.0195	181.11	342.75	7.66
2026-04-23T15:51:26.3477434+08:00	0x04	-0.1492	0.1010	0.9689	-0.1695	201.25	340.92	351.66
2026-04-23T15:51:26.3477434+08:00	0x07	-0.3778	-0.7435	0.2816	-0.4746	27.90	128.41	51.02
2026-04-23T15:51:26.3477434+08:00	0x08	-0.1930	-0.0961	0.7247	0.6545	97.22	335.91	353.49
2026-04-23T15:51:26.3477434+08:00	0x01	-0.3415	-0.3864	0.7785	-0.3578	213.37	331.41	57.78
2026-04-23T15:51:26.3477434+08:00	0x09	0.8591	-0.0045	-0.5098	-0.0449	177.81	241.45	355.31
2026-04-23T15:51:26.3477434+08:00	0x08	-0.1926	-0.0967	0.7251	0.6540	97.28	335.90	353.59
2026-04-23T15:51:26.3477434+08:00	0x03	0.3406	-0.1705	-0.8323	-0.4027	138.09	328.82	326.07
2026-04-23T15:51:26.3477434+08:00	0x07	-0.3786	-0.7439	0.2814	-0.4735	28.13	128.67	51.00
2026-04-23T15:51:26.3477434+08:00	0x09	0.8602	-0.0039	-0.5079	-0.0458	177.71	241.21	355.25
2026-04-23T15:51:26.3477434+08:00	0x01	-0.3525	-0.3769	0.7754	-0.3639	213.52	329.77	57.25
2026-04-23T15:51:26.3477434+08:00	0x06	-0.1512	-0.0649	0.9862	-0.0200	181.15	342.65	7.71
2026-04-23T15:51:26.3477434+08:00	0x02	-0.0006	-0.4002	0.8903	-0.2172	213.43	14.26	45.47
2026-04-23T15:51:26.3477434+08:00	0x03	0.3370	-0.1641	-0.8364	-0.4000	138.27	328.98	327.04
2026-04-23T15:51:26.3477434+08:00	0x08	-0.1933	-0.0974	0.7260	0.6528	97.45	335.77	353.62
2026-04-23T15:51:26.3477434+08:00	0x09	0.8606	-0.0038	-0.5072	-0.0463	177.67	241.12	355.21
2026-04-23T15:51:26.3477434+08:00	0x05	-0.6114	0.5122	0.4368	0.4160	243.83	201.62	287.03
2026-04-23T15:51:26.3477434+08:00	0x06	-0.1507	-0.0651	0.9862	-0.0210	181.26	342.71	7.75
2026-04-23T15:51:26.3477434+08:00	0x02	0.0014	-0.4121	0.8849	-0.2171	214.25	15.36	46.78
2026-04-23T15:51:26.3477434+08:00	0x03	0.3291	-0.1655	-0.8393	-0.3999	138.04	330.03	327.25
2026-04-23T15:51:26.3477434+08:00	0x07	-0.3777	-0.7443	0.2827	-0.4727	28.00	128.75	51.06
2026-04-23T15:51:26.3477434+08:00	0x09	0.8605	-0.0031	-0.5073	-0.0466	177.58	241.15	355.22
2026-04-23T15:51:26.3477434+08:00	0x05	-0.6185	0.5151	0.4290	0.4099	244.98	200.13	288.37
2026-04-23T15:51:26.3477434+08:00	0x06	-0.1492	-0.0658	0.9864	-0.0214	181.31	342.88	7.82
2026-04-23T15:51:26.3477434+08:00	0x02	0.0021	-0.4155	0.8835	-0.2165	214.41	15.67	47.16
2026-04-23T15:51:26.3477434+08:00	0x03	0.3190	-0.1658	-0.8482	-0.3890	139.22	330.93	328.03
2026-04-23T15:51:26.3477434+08:00	0x07	-0.3775	-0.7423	0.2848	-0.4747	27.69	128.32	51.37
2026-04-23T15:51:26.3477434+08:00	0x09	0.8584	-0.0045	-0.5108	-0.0458	177.76	241.60	355.22
2026-04-23T15:51:26.3477434+08:00	0x06	-0.1474	-0.0652	0.9867	-0.0215	181.35	343.09	7.76
2026-04-23T15:51:26.3477434+08:00	0x08	-0.1925	-0.0991	0.7256	0.6532	97.34	335.73	353.82
2026-04-23T15:51:26.3477434+08:00	0x03	0.3313	-0.1500	-0.8473	-0.3870	139.67	328.81	329.30
2026-04-23T15:51:26.3477434+08:00	0x07	-0.3754	-0.7402	0.2868	-0.4784	26.94	127.47	51.61
2026-04-23T15:51:26.3477434+08:00	0x09	0.8550	-0.0055	-0.5167	-0.0447	177.88	242.39	355.29
2026-04-23T15:51:26.3477434+08:00	0x06	-0.1460	-0.0662	0.9868	-0.0214	181.32	343.26	7.86
2026-04-23T15:51:26.3477434+08:00	0x02	0.0054	-0.4303	0.8768	-0.2144	215.29	17.12	48.79
2026-04-23T15:51:26.3477434+08:00	0x03	0.3349	-0.1334	-0.8471	-0.3905	139.05	327.95	330.82
2026-04-23T15:51:26.3477434+08:00	0x07	-0.3775	-0.7412	0.2864	-0.4755	27.53	128.14	51.58
2026-04-23T15:51:26.3477434+08:00	0x09	0.8565	-0.0053	-0.5140	-0.0461	177.79	242.03	355.15
2026-04-23T15:51:26.3477434+08:00	0x06	-0.1485	-0.0659	0.9865	-0.0213	181.30	342.97	7.84
2026-04-23T15:51:26.3477434+08:00	0x04	-0.1635	0.0617	0.9727	-0.1524	198.51	340.26	355.97
2026-04-23T15:51:26.3477434+08:00	0x07	-0.3796	-0.7433	0.2839	-0.4720	28.28	128.97	51.30
2026-04-23T15:51:26.3477434+08:00	0x03	0.3371	-0.1286	-0.8476	-0.3890	139.24	327.48	331.29
2026-04-23T15:51:26.3477434+08:00	0x09	0.8585	-0.0050	-0.5107	-0.0468	177.75	241.59	355.09
2026-04-23T15:51:26.3477434+08:00	0x01	-0.3511	-0.3890	0.7822	-0.3370	208.38	327.51	57.69
2026-04-23T15:51:26.3477434+08:00	0x06	-0.1488	-0.0657	0.9864	-0.0219	181.37	342.94	7.83
2026-04-23T15:51:26.3477434+08:00	0x02	0.0065	-0.4331	0.8755	-0.2143	215.54	17.50	49.08
2026-04-23T15:51:26.3477434+08:00	0x04	-0.1615	0.0626	0.9730	-0.1528	198.56	340.47	355.85
2026-04-23T15:51:26.3477434+08:00	0x07	-0.3800	-0.7429	0.2843	-0.4722	28.32	128.96	51.37
2026-04-23T15:51:26.3477434+08:00	0x03	0.3366	-0.1314	-0.8465	-0.3910	138.99	327.70	330.94
2026-04-23T15:51:26.3477434+08:00	0x09	0.8581	-0.0055	-0.5113	-0.0467	177.80	241.67	355.08
2026-04-23T15:51:26.3477434+08:00	0x01	-0.3510	-0.3908	0.7804	-0.3392	208.78	327.76	58.00
2026-04-23T15:51:26.3477434+08:00	0x05	-0.6054	0.4983	0.4479	0.4296	238.42	206.45	284.86
2026-04-23T15:51:26.3477434+08:00	0x08	-0.1932	-0.0991	0.7273	0.6511	97.66	335.64	353.84
2026-04-23T15:51:26.3477434+08:00	0x04	-0.1594	0.0565	0.9732	-0.1556	198.75	340.83	356.54
2026-04-23T15:51:26.3477434+08:00	0x07	-0.3806	-0.7431	0.2841	-0.4715	28.48	129.13	51.36
2026-04-23T15:51:26.3477434+08:00	0x02	0.0068	-0.4354	0.8744	-0.2141	215.70	17.72	49.33
2026-04-23T15:51:26.3477434+08:00	0x01	-0.3504	-0.3928	0.7795	-0.3396	208.88	327.92	58.26
2026-04-23T15:51:26.3477434+08:00	0x06	-0.1488	-0.0656	0.9864	-0.0221	181.39	342.94	7.82
2026-04-23T15:51:26.3477434+08:00	0x04	-0.1611	0.0602	0.9731	-0.1533	198.57	340.56	356.11
2026-04-23T15:51:26.3477434+08:00	0x07	-0.3809	-0.7426	0.2846	-0.4716	28.50	129.12	51.45
2026-04-23T15:51:26.3487410+08:00	0x08	-0.1931	-0.0993	0.7276	0.6508	97.70	335.63	353.87
2026-04-23T15:51:26.3487410+08:00	0x01	-0.3494	-0.3929	0.7804	-0.3385	208.78	328.02	58.18
2026-04-23T15:51:26.3487410+08:00	0x09	0.8583	-0.0056	-0.5110	-0.0467	177.80	241.63	355.08
2026-04-23T15:51:26.3487410+08:00	0x06	-0.1488	-0.0656	0.9864	-0.0224	181.42	342.94	7.83
2026-04-23T15:51:26.3487410+08:00	0x04	-0.1614	0.0631	0.9728	-0.1534	198.65	340.47	355.81
2026-04-23T15:51:26.3487410+08:00	0x07	-0.3816	-0.7426	0.2847	-0.4710	28.64	129.26	51.48
2026-04-23T15:51:26.3487410+08:00	0x03	0.3379	-0.1305	-0.8458	-0.3918	138.92	327.54	330.96
2026-04-23T15:51:26.3487410+08:00	0x09	0.8583	-0.0059	-0.5110	-0.0468	177.83	241.63	355.04
2026-04-23T15:51:26.3487410+08:00	0x01	-0.3499	-0.3917	0.7808	-0.3384	208.72	327.89	58.05
2026-04-23T15:51:26.3487410+08:00	0x02	0.0070	-0.4358	0.8742	-0.2139	215.71	17.76	49.37
2026-04-23T15:51:26.3487410+08:00	0x07	-0.3821	-0.7425	0.2850	-0.4706	28.73	129.36	51.52
2026-04-23T15:51:26.3487410+08:00	0x03	0.3372	-0.1307	-0.8467	-0.3903	139.10	327.58	331.01
2026-04-23T15:51:26.3487410+08:00	0x09	0.8583	-0.0061	-0.5109	-0.0473	177.83	241.61	354.98
2026-04-23T15:51:26.3487410+08:00	0x06	-0.1488	-0.0660	0.9864	-0.0230	181.49	342.95	7.87
2026-04-23T15:51:26.3487410+08:00	0x08	-0.1932	-0.0995	0.7278	0.6504	97.75	335.61	353.88
2026-04-23T15:51:26.3487410+08:00	0x03	0.3388	-0.1345	-0.8454	-0.3904	139.20	327.50	330.54
2026-04-23T15:51:26.3487410+08:00	0x09	0.8586	-0.0053	-0.5104	-0.0473	177.75	241.56	355.03
2026-04-23T15:51:26.3487410+08:00	0x01	-0.3478	-0.3954	0.7801	-0.3378	208.78	328.27	58.42
2026-04-23T15:51:26.3487410+08:00	0x08	-0.1931	-0.0995	0.7279	0.6504	97.76	335.61	353.90
2026-04-23T15:51:26.3487410+08:00	0x04	-0.1627	0.0745	0.9730	-0.1455	197.99	340.12	354.40
2026-04-23T15:51:26.3487410+08:00	0x07	-0.3830	-0.7428	0.2847	-0.4696	28.98	129.61	51.51
2026-04-23T15:51:26.3487410+08:00	0x09	0.8589	-0.0051	-0.5099	-0.0474	177.72	241.49	355.03
2026-04-23T15:51:26.3487410+08:00	0x03	0.3399	-0.1388	-0.8432	-0.3928	138.97	327.57	329.93
2026-04-23T15:51:26.3487410+08:00	0x08	-0.1933	-0.0997	0.7279	0.6503	97.77	335.58	353.90
2026-04-23T15:51:26.3487410+08:00	0x06	-0.1491	-0.0657	0.9864	-0.0228	181.47	342.91	7.84
2026-04-23T15:51:26.3487410+08:00	0x03	0.3456	-0.1343	-0.8409	-0.3942	138.87	326.76	330.11
2026-04-23T15:51:26.3487410+08:00	0x04	-0.1664	0.0729	0.9726	-0.1453	197.96	339.74	354.64
2026-04-23T15:51:26.3487410+08:00	0x07	-0.3833	-0.7427	0.2848	-0.4694	29.04	129.67	51.52
2026-04-23T15:51:26.3487410+08:00	0x08	-0.1932	-0.0998	0.7282	0.6499	97.82	335.58	353.93
2026-04-23T15:51:26.3487410+08:00	0x04	-0.1658	0.0727	0.9729	-0.1440	197.79	339.82	354.62
2026-04-23T15:51:26.3487410+08:00	0x07	-0.3838	-0.7426	0.2850	-0.4691	29.13	129.75	51.57
2026-04-23T15:51:26.3487410+08:00	0x01	-0.3433	-0.4033	0.7793	-0.3348	208.54	328.88	59.15
2026-04-23T15:51:26.3487410+08:00	0x08	-0.1931	-0.0997	0.7284	0.6497	97.85	335.59	353.94
2026-04-23T15:51:26.3487410+08:00	0x02	0.0088	-0.4442	0.8702	-0.2128	216.30	18.66	50.30
2026-04-23T15:51:26.3487410+08:00	0x03	0.3460	-0.1330	-0.8394	-0.3974	138.44	326.76	330.11
2026-04-23T15:51:26.3487410+08:00	0x07	-0.3845	-0.7432	0.2844	-0.4678	29.38	130.03	51.50
2026-04-23T15:51:26.3487410+08:00	0x01	-0.3411	-0.4089	0.7786	-0.3319	208.11	329.03	59.68
2026-04-23T15:51:26.3487410+08:00	0x06	-0.1492	-0.0659	0.9863	-0.0227	181.45	342.89	7.86
2026-04-23T15:51:26.3487410+08:00	0x02	0.0092	-0.4461	0.8693	-0.2125	216.44	18.87	50.51
2026-04-23T15:51:26.3487410+08:00	0x03	0.3494	-0.1255	-0.8393	-0.3972	138.44	326.10	330.78
2026-04-23T15:51:26.3487410+08:00	0x09	0.8595	-0.0036	-0.5090	-0.0469	177.61	241.37	355.16
2026-04-23T15:51:26.3487410+08:00	0x01	-0.3385	-0.4131	0.7778	-0.3314	208.24	329.53	60.10
2026-04-23T15:51:26.3487410+08:00	0x05	-0.5921	0.4853	0.4634	0.4463	230.97	213.86	281.97
2026-04-23T15:51:26.3487410+08:00	0x07	-0.3849	-0.7429	0.2848	-0.4677	29.44	130.07	51.57
2026-04-23T15:51:26.3487410+08:00	0x06	-0.1492	-0.0658	0.9864	-0.0225	181.43	342.89	7.84
2026-04-23T15:51:26.3487410+08:00	0x04	-0.1684	0.0670	0.9734	-0.1399	197.22	339.65	355.22
2026-04-23T15:51:26.3487410+08:00	0x02	0.0096	-0.4476	0.8686	-0.2124	216.56	19.04	50.67
2026-04-23T15:51:26.3487410+08:00	0x03	0.3519	-0.1233	-0.8384	-0.3975	138.42	325.72	330.89
2026-04-23T15:51:26.3487410+08:00	0x07	-0.3850	-0.7432	0.2844	-0.4675	29.48	130.12	51.51
2026-04-23T15:51:26.3487410+08:00	0x09	0.8597	-0.0029	-0.5087	-0.0468	177.55	241.33	355.21
2026-04-23T15:51:26.3487410+08:00	0x01	-0.3370	-0.4168	0.7765	-0.3312	208.33	329.83	60.52
2026-04-23T15:51:26.3487410+08:00	0x06	-0.1492	-0.0657	0.9864	-0.0225	181.43	342.89	7.84
2026-04-23T15:51:26.3877782+08:00	0x04	-0.1677	0.0668	0.9736	-0.1398	197.20	339.73	355.22
2026-04-23T15:51:26.4786416+08:00	0x03	0.3543	-0.1217	-0.8363	-0.4005	138.07	325.47	330.84
2026-04-23T15:51:26.5563612+08:00	0x08	-0.1936	-0.0998	0.7287	0.6493	97.92	335.54	353.91
2026-04-23T15:51:26.6478441+08:00	0x09	0.8597	-0.0027	-0.5086	-0.0468	177.53	241.32	355.23
2026-04-23T15:51:26.7167898+08:00	0x01	-0.3359	-0.4203	0.7754	-0.3305	208.26	330.00	60.91
2026-04-23T15:51:26.9053341+08:00	0x08	-0.1938	-0.0998	0.7287	0.6492	97.93	335.52	353.90
2026-04-23T15:51:26.9835088+08:00	0x02	0.0105	-0.4525	0.8662	-0.2117	216.92	19.56	51.21
2026-04-23T15:51:27.0617726+08:00	0x07	-0.3858	-0.7428	0.2847	-0.4673	29.61	130.20	51.58
2026-04-23T15:51:27.1253590+08:00	0x09	0.8597	-0.0024	-0.5086	-0.0465	177.52	241.32	355.27
2026-04-23T15:51:27.2728634+08:00	0x01	-0.3349	-0.4226	0.7750	-0.3296	208.16	330.11	61.14
2026-04-23T15:51:27.3533639+08:00	0x08	-0.1938	-0.0997	0.7288	0.6491	97.94	335.53	353.90
2026-04-23T15:51:27.5304891+08:00	0x02	0.0105	-0.4522	0.8664	-0.2116	216.87	19.53	51.18
2026-04-23T15:51:27.5614997+08:00	0x03	0.3564	-0.1160	-0.8359	-0.4009	137.96	325.03	331.34
2026-04-23T15:51:27.5984577+08:00	0x07	-0.3861	-0.7423	0.2853	-0.4675	29.63	130.19	51.68
2026-04-23T15:51:27.6514963+08:00	0x09	0.8595	-0.0022	-0.5091	-0.0463	177.51	241.38	355.31
2026-04-23T15:51:27.8082096+08:00	0x01	-0.3345	-0.4220	0.7756	-0.3294	208.17	330.18	61.04
2026-04-23T15:51:27.8686883+08:00	0x08	-0.1935	-0.0998	0.7288	0.6492	97.94	335.55	353.93
2026-04-23T15:51:27.9744432+08:00	0x02	0.0107	-0.4523	0.8664	-0.2114	216.86	19.55	51.18
