timestamp	device	q0	q1	q2	q3	yaw	pitch	roll
2026-06-05T14:51:21.1163810+08:00	0x09	0.1239	0.7352	-0.1884	0.6393	356.26	97.13	25.81
2026-06-05T14:51:21.3340080+08:00	0x07	-0.6608	-0.0193	0.7492	-0.0412	182.08	277.26	4.78
2026-06-05T14:51:21.3860070+08:00	0x03	0.1935	-0.4822	-0.4014	-0.7542	34.80	51.19	317.23
2026-06-05T14:51:21.4488838+08:00	0x01	-0.2390	-0.4628	0.4725	-0.7109	314.26	43.37	51.00
2026-06-05T14:51:21.5099918+08:00	0x02	0.0578	0.5923	-0.2186	0.7734	343.28	71.86	20.39
2026-06-05T14:51:21.5357865+08:00	0x04	-0.1076	-0.4217	0.0377	-0.8995	1.35	50.39	13.03
2026-06-05T14:51:21.6764771+08:00	0x08	-0.0023	-0.7576	-0.0443	-0.6512	3.52	98.53	356.33
2026-06-05T14:51:21.6904595+08:00	0x09	0.1233	0.7344	-0.1891	0.6401	356.12	96.97	25.82
2026-06-05T14:51:21.8864856+08:00	0x06	-0.7021	-0.0570	0.7098	0.0045	175.03	270.44	4.28
2026-06-05T14:51:21.9691369+08:00	0x03	0.1947	-0.4803	-0.4026	-0.7546	35.02	50.83	317.12
2026-06-05T14:51:22.0934941+08:00	0x02	0.0568	0.5930	-0.2179	0.7730	343.30	71.98	20.26
2026-06-05T14:51:22.1689731+08:00	0x09	0.1234	0.7342	-0.1887	0.6404	356.15	96.93	25.80
2026-06-05T14:51:22.2073667+08:00	0x08	0.2806	-0.6992	-0.2602	-0.6038	353.69	100.97	315.35
2026-06-05T14:51:22.2436166+08:00	0x04	-0.1062	-0.4212	0.0332	-0.9001	1.75	50.35	12.66
2026-06-05T14:51:22.3529913+08:00	0x06	-0.7025	-0.0572	0.7094	0.0039	175.06	270.37	4.34
2026-06-05T14:51:22.4594898+08:00	0x03	0.1959	-0.4817	-0.4021	-0.7536	34.82	51.07	316.95
2026-06-05T14:51:22.5367574+08:00	0x01	-0.2381	-0.4634	0.4710	-0.7119	314.56	43.61	50.84
2026-06-05T14:51:22.5845975+08:00	0x07	-0.5765	0.4301	0.5471	0.4283	185.90	262.50	285.34
2026-06-05T14:51:22.6085381+08:00	0x04	-0.1068	-0.4216	0.0348	-0.8998	1.61	50.40	12.80
2026-06-05T14:51:22.7095017+08:00	0x09	0.1242	0.7350	-0.1888	0.6393	356.25	97.10	25.87
2026-06-05T14:51:22.7727790+08:00	0x08	0.2807	-0.6998	-0.2598	-0.6033	353.60	101.10	315.39
2026-06-05T14:51:22.8710936+08:00	0x02	0.0551	0.5935	-0.2172	0.7730	343.27	72.06	20.07
2026-06-05T14:51:22.9149509+08:00	0x07	-0.4779	0.5387	0.4460	0.5316	344.38	104.19	278.69
2026-06-05T14:51:23.1079096+08:00	0x01	-0.2386	-0.4644	0.4699	-0.7117	314.82	43.85	50.91
2026-06-05T14:51:23.1857039+08:00	0x02	0.0548	0.5943	-0.2165	0.7726	343.34	72.17	20.00
2026-06-05T14:51:23.2043041+08:00	0x04	-0.1071	-0.4211	0.0331	-0.9001	1.79	50.35	12.75
2026-06-05T14:51:23.2578042+08:00	0x03	0.1948	-0.4814	-0.4032	-0.7535	35.05	50.97	317.02
2026-06-05T14:51:23.3352316+08:00	0x08	0.2796	-0.7006	-0.2584	-0.6034	353.58	101.15	315.60
2026-06-05T14:51:23.4543401+08:00	0x07	-0.4114	0.5916	0.3796	0.5802	352.92	95.89	292.10
2026-06-05T14:51:23.5913262+08:00	0x03	0.1946	-0.4814	-0.4035	-0.7534	35.09	50.97	317.02
2026-06-05T14:51:23.6865495+08:00	0x01	-0.2387	-0.4657	0.4692	-0.7113	315.04	44.12	50.96
2026-06-05T14:51:23.7310057+08:00	0x04	-0.1078	-0.4212	0.0330	-0.9000	1.85	50.37	12.81
2026-06-05T14:51:23.7697473+08:00	0x09	0.1233	0.7371	-0.1882	0.6372	356.30	97.47	25.76
2026-06-05T14:51:24.0077229+08:00	0x06	-0.7045	-0.0572	0.7074	0.0049	174.96	270.05	4.25
2026-06-05T14:51:24.1262017+08:00	0x03	0.1951	-0.4814	-0.4047	-0.7526	35.25	50.90	316.89
2026-06-05T14:51:24.2090765+08:00	0x01	-0.2380	-0.4656	0.4696	-0.7114	314.95	44.09	50.88
2026-06-05T14:51:24.2769456+08:00	0x02	0.0530	0.5946	-0.2162	0.7726	343.26	72.23	19.82
2026-06-05T14:51:24.3048714+08:00	0x04	-0.1070	-0.4215	0.0302	-0.9000	2.10	50.42	12.59
2026-06-05T14:51:24.3317998+08:00	0x09	0.1231	0.7372	-0.1878	0.6373	356.32	97.47	25.71
2026-06-05T14:51:24.5640081+08:00	0x07	-0.3517	0.6292	0.3203	0.6147	354.90	94.09	303.35
2026-06-05T14:51:24.6709891+08:00	0x03	0.1961	-0.4809	-0.4071	-0.7514	35.57	50.72	316.67
2026-06-05T14:51:24.7786687+08:00	0x01	-0.2372	-0.4645	0.4702	-0.7119	314.75	43.88	50.77
2026-06-05T14:51:24.9041379+08:00	0x09	0.1227	0.7362	-0.1878	0.6386	356.23	97.26	25.66
2026-06-05T14:51:25.1706027+08:00	0x07	-0.1986	0.6929	0.1713	0.6716	357.00	92.61	329.72
2026-06-05T14:51:25.3038274+08:00	0x01	-0.2360	-0.4637	0.4704	-0.7127	314.64	43.75	50.60
2026-06-05T14:51:25.3745495+08:00	0x04	-0.1063	-0.4218	0.0320	-0.8999	1.89	50.43	12.61
2026-06-05T14:51:25.4375728+08:00	0x09	0.1230	0.7363	-0.1876	0.6384	356.29	97.29	25.68
2026-06-05T14:51:25.5207118+08:00	0x08	0.2730	-0.7029	-0.2537	-0.6058	353.97	100.89	316.57
2026-06-05T14:51:25.6873891+08:00	0x06	-0.7039	-0.0558	0.7081	0.0056	175.03	270.16	4.07
2026-06-05T14:51:25.7176322+08:00	0x07	-0.1121	0.7119	0.0880	0.6877	357.70	92.31	343.77
2026-06-05T14:51:25.7603959+08:00	0x03	0.1942	-0.4798	-0.4069	-0.7526	35.69	50.55	316.93
2026-06-05T14:51:25.8418640+08:00	0x02	0.0572	0.5893	-0.2176	0.7759	343.26	71.43	20.20
2026-06-05T14:51:25.9405911+08:00	0x04	-0.1074	-0.4190	0.0321	-0.9010	1.89	50.09	12.74
2026-06-05T14:51:26.0399105+08:00	0x08	0.2719	-0.7033	-0.2530	-0.6062	354.03	100.86	316.72
2026-06-05T14:51:26.1959905+08:00	0x06	-0.7037	-0.0549	0.7084	0.0063	175.04	270.21	3.95
2026-06-05T14:51:26.2938429+08:00	0x03	0.1926	-0.4807	-0.4060	-0.7530	35.57	50.74	317.12
2026-06-05T14:51:26.3883867+08:00	0x01	-0.2364	-0.4626	0.4715	-0.7126	314.38	43.48	50.64
2026-06-05T14:51:26.5775900+08:00	0x09	0.1232	0.7355	-0.1875	0.6393	356.28	97.16	25.68
2026-06-05T14:51:26.7404105+08:00	0x07	-0.0407	0.7196	0.0195	0.6929	358.19	92.24	355.15
2026-06-05T14:51:26.8553845+08:00	0x01	-0.2383	-0.4633	0.4706	-0.7121	314.62	43.62	50.84
2026-06-05T14:51:26.9042519+08:00	0x03	0.1918	-0.4808	-0.4025	-0.7550	35.10	50.93	317.42
2026-06-05T14:51:27.0280028+08:00	0x02	0.0604	0.5877	-0.2189	0.7766	343.31	71.19	20.56
2026-06-05T14:51:27.0595707+08:00	0x04	-0.1090	-0.4193	0.0324	-0.9007	1.94	50.15	12.92
2026-06-05T14:51:27.1283967+08:00	0x08	0.2712	-0.7032	-0.2523	-0.6069	354.09	100.74	316.85
2026-06-05T14:51:27.2788680+08:00	0x07	0.1143	0.7113	-0.1295	0.6814	359.15	92.31	19.87
2026-06-05T14:51:27.4216886+08:00	0x03	0.1907	-0.4811	-0.4035	-0.7545	35.26	50.94	317.46
2026-06-05T14:51:27.4767390+08:00	0x01	-0.2395	-0.4633	0.4727	-0.7103	314.28	43.44	51.10
2026-06-05T14:51:27.5439273+08:00	0x02	0.0614	0.5888	-0.2213	0.7750	343.16	71.33	20.84
2026-06-05T14:51:27.6292507+08:00	0x04	-0.1101	-0.4196	0.0359	-0.9003	1.64	50.16	13.19
2026-06-05T14:51:27.6544067+08:00	0x09	0.1232	0.7350	-0.1885	0.6396	356.19	97.07	25.76
2026-06-05T14:51:27.8067744+08:00	0x07	0.1867	0.6955	-0.1991	0.6646	359.67	92.51	31.68
2026-06-05T14:51:27.9804081+08:00	0x03	0.1930	-0.4797	-0.4019	-0.7557	35.03	50.77	317.36
2026-06-05T14:51:28.1213639+08:00	0x02	0.0808	0.5894	-0.2212	0.7728	344.50	71.54	22.68
2026-06-05T14:51:28.1887740+08:00	0x09	0.1234	0.7340	-0.1885	0.6407	356.16	96.89	25.77
2026-06-05T14:51:28.2797848+08:00	0x08	0.2711	-0.7034	-0.2528	-0.6064	354.11	100.80	316.81
2026-06-05T14:51:28.3383009+08:00	0x04	-0.1066	-0.4170	0.0351	-0.9019	1.50	49.80	12.80
2026-06-05T14:51:28.4526008+08:00	0x03	0.1901	-0.4783	-0.4010	-0.7578	35.10	50.60	317.80
2026-06-05T14:51:28.5459258+08:00	0x01	-0.2496	-0.4589	0.4744	-0.7086	313.81	42.31	52.10
2026-06-05T14:51:28.6035268+08:00	0x04	-0.1038	-0.4156	0.0385	-0.9028	0.98	49.55	12.68
2026-06-05T14:51:28.7661298+08:00	0x09	0.1249	0.7331	-0.1891	0.6412	356.21	96.78	25.94
2026-06-05T14:51:28.8459381+08:00	0x06	-0.7032	-0.0540	0.7089	0.0062	175.12	270.29	3.89
2026-06-05T14:51:29.0376118+08:00	0x03	0.1925	-0.4763	-0.4022	-0.7579	35.28	50.21	317.55
2026-06-05T14:51:29.2147372+08:00	0x01	-0.2465	-0.4598	0.4739	-0.7094	313.93	42.59	51.77
2026-06-05T14:51:29.2422529+08:00	0x04	-0.1036	-0.4148	0.0309	-0.9035	1.76	49.51	12.30
2026-06-05T14:51:29.2761713+08:00	0x08	0.2742	-0.7026	-0.2557	-0.6048	353.96	100.98	316.29
2026-06-05T14:51:29.3091497+08:00	0x09	0.1256	0.7349	-0.1890	0.6391	356.36	97.14	25.99
2026-06-05T14:51:29.4049318+08:00	0x07	0.2684	0.6681	-0.2776	0.6360	0.46	93.01	45.42
2026-06-05T14:51:29.4484041+08:00	0x06	-0.7041	-0.0548	0.7079	0.0063	175.05	270.14	3.94
2026-06-05T14:51:29.5789310+08:00	0x03	0.1945	-0.4747	-0.4065	-0.7560	35.90	49.76	317.15
2026-06-05T14:51:29.6932170+08:00	0x04	-0.1031	-0.4181	0.0325	-0.9020	1.62	49.91	12.31
2026-06-05T14:51:29.8404705+08:00	0x09	0.1246	0.7366	-0.1890	0.6373	356.34	97.42	25.93
2026-06-05T14:51:29.9550599+08:00	0x06	-0.7044	-0.0566	0.7075	0.0062	174.91	270.08	4.10
2026-06-05T14:51:30.1072212+08:00	0x03	0.1951	-0.4778	-0.4071	-0.7536	35.79	50.22	316.92
2026-06-05T14:51:30.1585009+08:00	0x01	-0.2392	-0.4600	0.4738	-0.7118	313.85	42.81	50.94
2026-06-05T14:51:30.3046634+08:00	0x02	0.0837	0.5817	-0.2224	0.7779	344.34	70.38	22.89
2026-06-05T14:51:30.3213658+08:00	0x04	-0.1036	-0.4157	0.0351	-0.9029	1.34	49.59	12.49
2026-06-05T14:51:30.3713813+08:00	0x09	0.1235	0.7364	-0.1891	0.6377	356.22	97.35	25.85
2026-06-05T14:51:30.4796429+08:00	0x07	0.4645	0.5514	-0.4611	0.5172	13.83	105.60	81.52
2026-06-05T14:51:30.6395809+08:00	0x03	0.1918	-0.4833	-0.4078	-0.7505	35.70	51.10	316.99
2026-06-05T14:51:30.8726123+08:00	0x02	0.0827	0.5809	-0.2303	0.7763	343.45	70.18	23.32
2026-06-05T14:51:30.9173139+08:00	0x04	-0.1071	-0.4180	0.0345	-0.9015	1.60	49.93	12.82
2026-06-05T14:51:31.0217453+08:00	0x07	0.5760	0.4337	-0.5660	0.3996	171.18	262.58	72.06
2026-06-05T14:51:31.0966504+08:00	0x06	-0.7031	-0.0573	0.7087	0.0035	175.08	270.27	4.37
2026-06-05T14:51:31.1882728+08:00	0x01	-0.2399	-0.4593	0.4805	-0.7076	312.63	42.16	51.34
2026-06-05T14:51:31.2559661+08:00	0x03	0.1945	-0.4789	-0.4058	-0.7538	35.57	50.46	317.01
2026-06-05T14:51:31.4063527+08:00	0x02	0.0913	0.5795	-0.2313	0.7761	343.88	70.01	24.19
2026-06-05T14:51:31.4234627+08:00	0x04	-0.1029	-0.4158	0.0401	-0.9027	0.77	49.55	12.66
2026-06-05T14:51:31.4773210+08:00	0x08	0.2677	-0.7044	-0.2521	-0.6071	354.43	100.68	317.14
2026-06-05T14:51:31.5556802+08:00	0x07	0.6167	0.3721	-0.6039	0.3415	174.58	265.63	60.52
2026-06-05T14:51:31.7594467+08:00	0x06	-0.7035	-0.0547	0.7086	0.0049	175.18	270.24	4.06
2026-06-05T14:51:31.7893928+08:00	0x03	0.1900	-0.4773	-0.4070	-0.7553	36.00	50.19	317.50
2026-06-05T14:51:31.9744405+08:00	0x02	0.0678	0.5555	-0.2788	0.7804	336.69	65.75	24.55
2026-06-05T14:51:31.9890555+08:00	0x04	-0.1127	-0.3983	0.0153	-0.9102	3.63	47.67	12.55
2026-06-05T14:51:32.0233012+08:00	0x08	0.2701	-0.7040	-0.2554	-0.6051	354.38	100.87	316.65
2026-06-05T14:51:32.1584274+08:00	0x07	0.6586	0.2916	-0.6411	0.2647	176.29	266.87	46.28
2026-06-05T14:51:32.1928890+08:00	0x06	-0.7022	-0.0575	0.7096	0.0006	175.30	270.41	4.63
2026-06-05T14:51:32.3051153+08:00	0x03	0.0855	-0.4481	-0.5433	-0.7048	60.18	42.70	322.60
2026-06-05T14:51:32.4591160+08:00	0x04	-0.1124	-0.3988	0.0161	-0.9100	3.55	47.72	12.55
2026-06-05T14:51:32.5889145+08:00	0x09	0.1257	0.7328	-0.1877	0.6418	356.38	96.74	25.88
2026-06-05T14:51:32.6762282+08:00	0x07	0.6888	0.2104	-0.6678	0.1878	177.34	267.45	32.67
2026-06-05T14:51:32.7095233+08:00	0x06	-0.6983	-0.0557	0.7136	0.0020	175.36	271.07	4.40
2026-06-05T14:51:32.8572312+08:00	0x03	0.0886	-0.4492	-0.5394	-0.7067	59.49	42.88	322.42
2026-06-05T14:51:33.0554976+08:00	0x02	0.0685	0.5563	-0.2774	0.7803	336.91	65.88	24.55
2026-06-05T14:51:33.0963938+08:00	0x04	-0.1642	-0.2346	-0.2958	-0.9113	38.63	32.12	9.24
2026-06-05T14:51:33.1183427+08:00	0x09	0.1251	0.7305	-0.1882	0.6444	356.18	96.29	25.86
2026-06-05T14:51:33.2222752+08:00	0x08	0.2588	-0.7078	-0.2475	-0.6090	355.01	100.49	318.28
2026-06-05T14:51:33.2391187+08:00	0x07	0.7040	0.1383	-0.6862	0.1195	178.11	268.19	20.98
2026-06-05T14:51:33.3622856+08:00	0x01	-0.2399	-0.4593	0.4803	-0.7077	312.67	42.18	51.33
2026-06-05T14:51:33.4098796+08:00	0x03	0.0382	-0.3917	-0.8503	-0.3493	128.52	16.83	316.14
2026-06-05T14:51:33.5745940+08:00	0x02	0.1329	0.2242	-0.9362	0.2359	205.87	350.61	28.84
2026-06-05T14:51:33.6933404+08:00	0x08	0.2521	-0.7120	-0.2406	-0.6097	355.06	100.68	319.46
2026-06-05T14:51:33.7089558+08:00	0x09	0.1264	0.7333	-0.1881	0.6410	356.45	96.87	25.97
2026-06-05T14:51:33.8391118+08:00	0x07	0.7163	0.0447	-0.6958	0.0289	178.63	268.27	5.95
2026-06-05T14:51:33.9576547+08:00	0x03	0.0607	-0.3565	-0.9135	-0.1866	156.25	1.71	317.63
2026-06-05T14:51:34.1581090+08:00	0x02	0.1616	0.1631	-0.9729	0.0255	179.82	341.10	19.00
2026-06-05T14:51:34.1730998+08:00	0x04	-0.1508	-0.0117	0.0103	-0.9884	358.99	1.20	17.36
2026-06-05T14:51:34.2943258+08:00	0x09	0.1258	0.7329	-0.1892	0.6412	356.29	96.78	26.02
2026-06-05T14:51:34.3302657+08:00	0x08	0.2437	-0.7147	-0.2324	-0.6131	355.31	100.42	320.88
2026-06-05T14:51:34.4914155+08:00	0x03	0.0674	-0.3439	-0.9246	-0.1493	162.27	358.34	319.00
2026-06-05T14:51:34.6119049+08:00	0x01	-0.1368	-0.4787	0.8666	-0.0344	172.46	337.96	57.04
2026-06-05T14:51:34.6906826+08:00	0x02	0.1809	0.1446	-0.9672	-0.1045	164.80	336.93	14.00
2026-06-05T14:51:34.7734707+08:00	0x09	0.1271	0.7314	-0.1900	0.6425	356.29	96.53	26.18
2026-06-05T14:51:34.8039129+08:00	0x08	0.2421	-0.7150	-0.2318	-0.6135	355.45	100.35	321.05
2026-06-05T14:51:34.8900793+08:00	0x07	0.7181	-0.0436	-0.6922	-0.0570	179.06	267.97	351.83
2026-06-05T14:51:35.0066198+08:00	0x03	0.0677	-0.3291	-0.9333	-0.1269	165.64	356.83	320.85
2026-06-05T14:51:35.1625458+08:00	0x04	-0.1515	-0.0139	-0.0015	-0.9884	0.43	1.68	17.42
2026-06-05T14:51:35.3074537+08:00	0x09	0.1269	0.7327	-0.1900	0.6410	356.32	96.78	26.18
2026-06-05T14:51:35.3610499+08:00	0x06	-0.7044	-0.0565	0.7076	0.0027	175.20	270.08	4.37
2026-06-05T14:51:35.4996983+08:00	0x07	0.6891	-0.2051	-0.6616	-0.2130	180.06	267.65	325.61
2026-06-05T14:51:35.5434394+08:00	0x03	0.0674	-0.3229	-0.9362	-0.1216	166.41	356.52	321.62
2026-06-05T14:51:35.7096324+08:00	0x02	0.1938	0.1221	-0.9524	-0.2014	154.15	334.96	8.89
2026-06-05T14:51:35.7457333+08:00	0x04	-0.1238	0.0218	0.2156	-0.9683	334.23	354.36	13.32
2026-06-05T14:51:35.8821460+08:00	0x08	0.2435	-0.7231	-0.2231	-0.6067	354.06	102.06	321.82
2026-06-05T14:51:35.9265667+08:00	0x06	-0.7070	-0.0601	0.7046	0.0005	175.06	269.59	4.82
2026-06-05T14:51:35.9604767+08:00	0x07	0.6563	-0.3015	-0.6202	-0.3061	181.46	266.07	309.13
2026-06-05T14:51:36.1257441+08:00	0x01	-0.1178	-0.4741	0.8725	-0.0037	169.17	338.86	55.92
2026-06-05T14:51:36.1417036+08:00	0x03	0.0678	-0.3294	-0.9361	-0.1030	168.99	355.64	320.90
2026-06-05T14:51:36.2392998+08:00	0x02	0.2089	0.0960	-0.9159	-0.3292	139.95	333.50	2.20
2026-06-05T14:51:36.4395581+08:00	0x09	0.1256	0.7403	-0.1877	0.6332	356.71	98.16	25.92
2026-06-05T14:51:36.4561856+08:00	0x08	0.2388	-0.7247	-0.2187	-0.6083	354.22	101.94	322.60
2026-06-05T14:51:36.5090234+08:00	0x07	0.6287	-0.3621	-0.5857	-0.3614	183.83	263.67	298.53
2026-06-05T14:51:36.6733274+08:00	0x03	0.0687	-0.3358	-0.9340	-0.1005	169.37	355.45	320.13
2026-06-05T14:51:36.6934414+08:00	0x01	-0.1164	-0.4846	0.8670	-0.0047	168.84	338.60	57.28
2026-06-05T14:51:36.8088415+08:00	0x02	0.2137	0.0895	-0.9036	-0.3604	136.41	333.21	0.44
2026-06-05T14:51:36.8511545+08:00	0x04	-0.1175	0.0378	0.2944	-0.9477	324.65	351.74	11.56
2026-06-05T14:51:36.9772666+08:00	0x08	0.2324	-0.7262	-0.2140	-0.6106	354.56	101.67	323.52
2026-06-05T14:51:37.0017008+08:00	0x09	0.1245	0.7397	-0.1867	0.6344	356.64	97.99	25.73
2026-06-05T14:51:37.0313023+08:00	0x06	-0.7080	-0.0618	0.7035	-0.0012	175.06	269.41	5.09
2026-06-05T14:51:37.2070929+08:00	0x07	0.5783	-0.4388	-0.5356	-0.4315	190.57	257.38	284.28
2026-06-05T14:51:37.2230492+08:00	0x01	-0.1180	-0.4820	0.8682	0.0010	167.83	337.93	56.80
2026-06-05T14:51:37.3342388+08:00	0x02	0.2173	0.0783	-0.8880	-0.3975	132.23	333.35	358.07
2026-06-05T14:51:37.5115425+08:00	0x09	0.1238	0.7371	-0.1851	0.6380	356.59	97.47	25.53
2026-06-05T14:51:37.5883879+08:00	0x07	0.5258	-0.5000	-0.4848	-0.4883	246.19	202.13	273.28
2026-06-05T14:51:37.6063377+08:00	0x06	-0.7061	-0.0590	0.7056	-0.0006	175.25	269.76	4.82
2026-06-05T14:51:37.8064833+08:00	0x01	-0.1191	-0.4862	0.8657	-0.0041	168.34	337.92	57.43
2026-06-05T14:51:37.8273812+08:00	0x03	0.0708	-0.3313	-0.9362	-0.0936	170.46	354.77	320.69
2026-06-05T14:51:37.9064773+08:00	0x04	-0.1220	0.0499	0.3861	-0.9130	313.14	349.13	10.62
2026-06-05T14:51:38.0675512+08:00	0x09	0.1242	0.7346	-0.1842	0.6411	356.59	97.01	25.47
2026-06-05T14:51:38.0830251+08:00	0x08	0.2351	-0.7251	-0.2196	-0.6089	354.70	101.74	322.79
2026-06-05T14:51:38.1819383+08:00	0x07	0.4515	-0.5671	-0.4155	-0.5495	347.36	101.58	284.67
2026-06-05T14:51:38.3047616+08:00	0x01	-0.1179	-0.4907	0.8633	-0.0073	168.75	338.18	58.09
2026-06-05T14:51:38.4268849+08:00	0x02	0.2223	0.0758	-0.8801	-0.4125	130.46	332.97	357.13
2026-06-05T14:51:38.6401795+08:00	0x09	0.1252	0.7349	-0.1852	0.6403	356.63	97.10	25.63
2026-06-05T14:51:38.6764784+08:00	0x06	-0.7081	-0.0548	0.7040	0.0026	175.33	269.49	4.22
2026-06-05T14:51:38.7235718+08:00	0x07	0.3646	-0.6273	-0.3319	-0.6028	353.63	95.87	301.13
2026-06-05T14:51:38.8957257+08:00	0x03	0.0666	-0.3296	-0.9374	-0.0909	170.62	355.21	320.95
2026-06-05T14:51:38.9985797+08:00	0x02	0.2160	0.0686	-0.8626	-0.4523	125.67	334.15	355.58
2026-06-05T14:51:39.0226181+08:00	0x04	-0.1144	0.0581	0.4313	-0.8930	307.52	348.17	8.87
2026-06-05T14:51:39.0415588+08:00	0x01	-0.1150	-0.4922	0.8628	0.0014	167.36	337.78	58.12
2026-06-05T14:51:39.1083250+08:00	0x09	0.1256	0.7372	-0.1857	0.6374	356.73	97.56	25.71
2026-06-05T14:51:39.2124763+08:00	0x06	-0.7104	-0.0545	0.7017	0.0040	175.23	269.12	4.06
2026-06-05T14:51:39.3594459+08:00	0x03	0.0655	-0.3308	-0.9369	-0.0924	170.36	355.44	320.80
2026-06-05T14:51:39.5076620+08:00	0x02	0.2153	0.0622	-0.8602	-0.4582	125.09	334.59	354.82
2026-06-05T14:51:39.6574281+08:00	0x09	0.1248	0.7375	-0.1863	0.6370	356.61	97.59	25.71
2026-06-05T14:51:39.7930523+08:00	0x07	0.2866	-0.6672	-0.2561	-0.6381	355.48	94.43	314.97
2026-06-05T14:51:39.9633035+08:00	0x03	0.0700	-0.3315	-0.9364	-0.0911	170.76	354.76	320.68
2026-06-05T14:51:39.9789041+08:00	0x01	-0.1259	-0.4945	0.8600	0.0033	165.71	335.37	58.18
2026-06-05T14:51:40.0407373+08:00	0x04	-0.1061	0.0638	0.4570	-0.8808	304.36	347.82	7.39
2026-06-05T14:51:40.2073913+08:00	0x09	0.1251	0.7371	-0.1857	0.6376	356.67	97.51	25.68
2026-06-05T14:51:40.2483529+08:00	0x06	-0.7107	-0.0533	0.7015	0.0052	175.22	269.09	3.86
2026-06-05T14:51:40.3083242+08:00	0x07	0.1025	-0.7204	-0.0774	-0.6816	357.51	93.49	345.45
2026-06-05T14:51:40.4452010+08:00	0x01	-0.1266	-0.4950	0.8596	0.0005	166.10	335.46	58.31
2026-06-05T14:51:40.5956440+08:00	0x02	0.2183	0.0606	-0.8594	-0.4585	125.10	334.36	354.49
2026-06-05T14:51:40.7270768+08:00	0x09	0.1259	0.7356	-0.1865	0.6389	356.62	97.28	25.80
2026-06-05T14:51:40.8094205+08:00	0x08	0.2391	-0.7255	-0.2205	-0.6065	354.24	102.17	322.41
2026-06-05T14:51:40.9233848+08:00	0x07	-0.0052	-0.7273	0.0231	-0.6859	358.62	93.33	2.33
2026-06-05T14:51:41.0765317+08:00	0x01	-0.1280	-0.4916	0.8613	-0.0037	166.97	335.85	57.98
2026-06-05T14:51:41.1085412+08:00	0x03	0.0751	-0.3396	-0.9328	-0.0939	170.62	354.25	319.63
2026-06-05T14:51:41.2900581+08:00	0x08	0.2469	-0.7227	-0.2271	-0.6043	353.93	102.34	321.20
2026-06-05T14:51:41.4403867+08:00	0x07	-0.1105	-0.7190	0.1230	-0.6750	359.56	93.54	19.03
2026-06-05T14:51:41.5411699+08:00	0x01	-0.1242	-0.4954	0.8597	-0.0046	167.25	336.39	58.54
2026-06-05T14:51:41.6577183+08:00	0x02	0.2241	0.0591	-0.8564	-0.4613	124.79	333.85	353.94
2026-06-05T14:51:41.7614548+08:00	0x04	-0.1060	0.0646	0.4754	-0.8710	301.98	347.59	7.08
2026-06-05T14:51:41.8134763+08:00	0x09	0.1259	0.7350	-0.1874	0.6394	356.52	97.15	25.88
2026-06-05T14:51:41.8745182+08:00	0x06	-0.7099	-0.0508	0.7025	0.0087	175.16	269.26	3.38
2026-06-05T14:51:42.0407188+08:00	0x07	-0.1965	-0.7001	0.2036	-0.6556	0.56	93.93	32.86
2026-06-05T14:51:42.1238834+08:00	0x01	-0.1240	-0.4994	0.8574	-0.0070	167.43	336.39	59.10
2026-06-05T14:51:42.2762194+08:00	0x02	0.2229	0.0594	-0.8568	-0.4612	124.79	333.95	354.04
2026-06-05T14:51:42.3775095+08:00	0x08	0.2547	-0.7185	-0.2344	-0.6033	353.75	102.25	319.90
2026-06-05T14:51:42.4079460+08:00	0x09	0.1257	0.7343	-0.1884	0.6399	356.40	97.03	25.95
2026-06-05T14:51:42.5242346+08:00	0x07	-0.2921	-0.6650	0.2939	-0.6213	2.03	94.81	48.92
2026-06-05T14:51:42.6411755+08:00	0x01	-0.0976	-0.4999	0.8598	-0.0364	175.98	344.72	60.08
2026-06-05T14:51:42.6747342+08:00	0x03	0.0695	-0.3375	-0.9354	-0.0798	172.33	354.29	320.02
2026-06-05T14:51:42.7276141+08:00	0x02	0.2102	0.0548	-0.8728	-0.4370	127.92	335.39	354.94
2026-06-05T14:51:42.8624665+08:00	0x04	-0.1102	0.0667	0.4632	-0.8768	303.46	347.23	7.55
2026-06-05T14:51:42.9275937+08:00	0x09	0.1235	0.7324	-0.1879	0.6426	356.15	96.59	25.72
2026-06-05T14:51:43.0620570+08:00	0x07	-0.3696	-0.6247	0.3661	-0.5823	4.42	96.71	62.61
2026-06-05T14:51:43.1934390+08:00	0x03	0.0800	-0.3408	-0.9342	-0.0690	174.40	352.27	319.62
2026-06-05T14:51:43.2293500+08:00	0x01	-0.0985	-0.5012	0.8581	-0.0530	179.10	346.39	60.52
2026-06-05T14:51:43.4312103+08:00	0x04	-0.1075	0.0673	0.4762	-0.8701	301.82	347.22	7.06
2026-06-05T14:51:43.4752522+08:00	0x02	0.2107	0.0562	-0.8793	-0.4234	129.58	335.19	355.44
2026-06-05T14:51:43.5914753+08:00	0x07	-0.4334	-0.5769	0.4289	-0.5434	7.54	99.21	75.02
2026-06-05T14:51:43.7295029+08:00	0x03	0.0752	-0.3404	-0.9344	-0.0733	173.54	353.17	319.67
2026-06-05T14:51:43.8293602+08:00	0x02	0.2175	0.0640	-0.8665	-0.4448	126.74	334.20	355.26
2026-06-05T14:51:43.9917140+08:00	0x06	-0.7051	-0.0555	0.7069	0.0028	175.27	269.97	4.27
2026-06-05T14:51:44.0081451+08:00	0x09	0.1263	0.7320	-0.1894	0.6421	356.28	96.62	26.08
2026-06-05T14:51:44.1241623+08:00	0x07	-0.5149	-0.5058	0.5058	-0.4725	134.23	225.62	86.56
2026-06-05T14:51:44.1758570+08:00	0x04	-0.1192	0.0757	0.4787	-0.8666	301.20	345.67	7.71
2026-06-05T14:51:44.2749556+08:00	0x03	0.0756	-0.3367	-0.9355	-0.0754	173.26	353.21	320.11
2026-06-05T14:51:44.2912237+08:00	0x01	-0.1075	-0.5011	0.8577	-0.0408	175.63	343.17	60.27
2026-06-05T14:51:44.4581326+08:00	0x02	0.2081	0.0662	-0.8666	-0.4486	126.18	335.09	355.87
2026-06-05T14:51:44.5244915+08:00	0x04	-0.1183	0.0758	0.4793	-0.8663	301.14	345.71	7.60
2026-06-05T14:51:44.5582861+08:00	0x09	0.1268	0.7315	-0.1898	0.6425	356.27	96.55	26.15
2026-06-05T14:51:44.5922511+08:00	0x08	0.2565	-0.7172	-0.2375	-0.6028	353.84	102.18	319.46
2026-06-05T14:51:44.7247944+08:00	0x07	-0.5741	-0.4385	0.5596	-0.4062	170.28	261.31	73.17
2026-06-05T14:51:44.8086554+08:00	0x03	0.0745	-0.3375	-0.9352	-0.0768	172.99	353.45	320.01
2026-06-05T14:51:44.8425698+08:00	0x01	-0.1070	-0.5039	0.8560	-0.0431	176.02	343.41	60.68
2026-06-05T14:51:44.9138124+08:00	0x02	0.2130	0.0655	-0.8635	-0.4524	125.72	334.63	355.44
2026-06-05T14:51:45.0920574+08:00	0x06	-0.7057	-0.0539	0.7065	0.0032	175.37	269.90	4.11
2026-06-05T14:51:45.1085334+08:00	0x04	-0.1194	0.0747	0.4767	-0.8677	301.45	345.77	7.82
2026-06-05T14:51:45.1446380+08:00	0x08	0.2530	-0.7189	-0.2345	-0.6035	353.96	102.17	320.02
2026-06-05T14:51:45.3544353+08:00	0x03	0.0746	-0.3387	-0.9347	-0.0777	172.88	353.48	319.85
2026-06-05T14:51:45.3910381+08:00	0x07	-0.6335	-0.3479	0.6133	-0.3185	174.83	265.39	56.13
2026-06-05T14:51:45.5442767+08:00	0x02	0.2145	0.0621	-0.8598	-0.4593	124.94	334.69	354.83
2026-06-05T14:51:45.6089961+08:00	0x06	-0.7060	-0.0537	0.7061	0.0031	175.38	269.84	4.10
2026-06-05T14:51:45.6496874+08:00	0x04	-0.1175	0.0725	0.4760	-0.8685	301.60	346.12	7.77
2026-06-05T14:51:45.6716231+08:00	0x08	0.2516	-0.7196	-0.2332	-0.6038	353.99	102.18	320.25
2026-06-05T14:51:45.8156215+08:00	0x07	-0.6786	-0.2491	0.6540	-0.2231	176.59	266.68	38.95
2026-06-05T14:51:45.9305238+08:00	0x03	0.0767	-0.3375	-0.9348	-0.0796	172.72	353.27	319.97
2026-06-05T14:51:46.1148152+08:00	0x02	0.2189	0.0592	-0.8580	-0.4609	124.82	334.38	354.25
2026-06-05T14:51:46.1785530+08:00	0x06	-0.7069	-0.0542	0.7053	0.0028	175.37	269.70	4.16
2026-06-05T14:51:46.3256161+08:00	0x07	-0.7051	-0.1599	0.6772	-0.1370	177.50	267.15	24.19
2026-06-05T14:51:46.4888042+08:00	0x03	0.0774	-0.3388	-0.9342	-0.0809	172.58	353.25	319.80
2026-06-05T14:51:46.4888042+08:00	0x01	-0.1096	-0.5045	0.8551	-0.0469	176.44	343.31	60.83
2026-06-05T14:51:46.6438218+08:00	0x02	0.2164	0.0611	-0.8579	-0.4620	124.63	334.55	354.54
2026-06-05T14:51:46.7287571+08:00	0x09	0.1287	0.7341	-0.1889	0.6394	356.64	97.10	26.23
2026-06-05T14:51:46.7753799+08:00	0x06	-0.7093	-0.0538	0.7029	0.0035	175.33	269.31	4.05
2026-06-05T14:51:46.8752800+08:00	0x07	-0.7221	-0.0471	0.6896	-0.0285	178.35	267.28	6.09
2026-06-05T14:51:47.0147247+08:00	0x03	0.0755	-0.3396	-0.9340	-0.0815	172.40	353.55	319.71
2026-06-05T14:51:47.1935983+08:00	0x04	-0.1194	0.0633	0.4772	-0.8683	301.44	346.92	8.45
2026-06-05T14:51:47.2803880+08:00	0x06	-0.7102	-0.0533	0.7020	0.0049	175.25	269.17	3.89
2026-06-05T14:51:47.3036033+08:00	0x09	0.1281	0.7362	-0.1885	0.6373	356.71	97.47	26.15
2026-06-05T14:51:47.4077908+08:00	0x07	-0.7233	0.0506	0.6856	0.0654	179.05	267.01	350.56
2026-06-05T14:51:47.5681115+08:00	0x03	0.0995	-0.3456	-0.9282	-0.0949	171.77	350.87	318.66
2026-06-05T14:51:47.6139141+08:00	0x01	-0.1495	-0.5113	0.8443	-0.0577	173.28	335.89	61.73
2026-06-05T14:51:47.6776950+08:00	0x02	0.2800	0.0310	-0.8457	-0.4533	126.82	329.19	348.38
2026-06-05T14:51:47.7655248+08:00	0x04	-0.1299	0.0130	0.4852	-0.8646	300.46	351.26	12.24
2026-06-05T14:51:47.8359595+08:00	0x09	0.1253	0.7340	-0.1886	0.6403	356.33	96.96	25.94
2026-06-05T14:51:47.8763959+08:00	0x06	-0.7064	-0.0563	0.7056	0.0023	175.24	269.76	4.37
2026-06-05T14:51:48.0285839+08:00	0x07	-0.7081	0.1633	0.6646	0.1740	179.99	266.38	332.39
2026-06-05T14:51:48.1750122+08:00	0x03	0.1286	-0.3575	-0.9182	-0.1121	171.01	347.63	316.74
2026-06-05T14:51:48.2022619+08:00	0x02	0.2973	0.0233	-0.8410	-0.4514	127.41	327.63	346.75
2026-06-05T14:51:48.2778283+08:00	0x04	-0.1397	0.0038	0.4925	-0.8590	299.32	351.47	13.67
2026-06-05T14:51:48.4123982+08:00	0x09	0.1240	0.7341	-0.1899	0.6400	356.12	96.94	25.95
2026-06-05T14:51:48.4419734+08:00	0x08	0.2414	-0.7238	-0.2225	-0.6068	354.22	102.04	322.04
2026-06-05T14:51:48.4962042+08:00	0x07	-0.6724	0.2628	0.6371	0.2700	180.75	266.61	315.74
2026-06-05T14:51:48.5777601+08:00	0x06	-0.7066	-0.0569	0.7053	0.0030	175.13	269.71	4.36
2026-06-05T14:51:48.6923800+08:00	0x03	0.1188	-0.3543	-0.9210	-0.1099	170.74	348.93	317.25
2026-06-05T14:51:48.7854630+08:00	0x02	0.2601	0.0367	-0.8473	-0.4615	125.49	331.15	349.75
2026-06-05T14:51:48.8866884+08:00	0x08	0.2374	-0.7274	-0.2179	-0.6058	354.14	102.40	322.80
2026-06-05T14:51:48.9343773+08:00	0x09	0.1242	0.7365	-0.1884	0.6377	356.35	97.39	25.85
2026-06-05T14:51:49.0935945+08:00	0x07	-0.6325	0.3487	0.5951	0.3524	182.45	265.10	300.59
2026-06-05T14:51:49.2421883+08:00	0x01	-0.1274	-0.5060	0.8522	-0.0385	172.55	338.62	60.72
2026-06-05T14:51:49.2920542+08:00	0x02	0.2409	0.0432	-0.8505	-0.4656	124.69	332.92	351.32
2026-06-05T14:51:49.3598795+08:00	0x04	-0.1112	0.0456	0.4997	-0.8578	298.75	348.96	8.35
2026-06-05T14:51:49.4085618+08:00	0x08	0.2266	-0.7306	-0.2085	-0.6095	354.58	102.07	324.49
2026-06-05T14:51:49.4957390+08:00	0x09	0.1252	0.7358	-0.1881	0.6383	356.43	97.30	25.89
2026-06-05T14:51:49.5126848+08:00	0x06	-0.7098	-0.0541	0.7023	0.0056	175.13	269.23	3.90
2026-06-05T14:51:49.5765171+08:00	0x07	-0.5741	0.4436	0.5310	0.4378	191.28	256.57	283.15
2026-06-05T14:51:49.8132912+08:00	0x03	0.1116	-0.3567	-0.9209	-0.1104	170.27	350.01	317.02
2026-06-05T14:51:49.8598081+08:00	0x02	0.2840	0.0253	-0.8415	-0.4588	126.29	329.09	347.40
2026-06-05T14:51:49.9413891+08:00	0x04	-0.1402	0.0115	0.5032	-0.8527	297.81	350.50	13.15
2026-06-05T14:51:50.0093869+08:00	0x09	0.1229	0.7300	-0.1902	0.6448	355.80	96.13	25.86
2026-06-05T14:51:50.1271325+08:00	0x06	-0.7041	-0.0567	0.7078	0.0027	175.19	270.11	4.39
2026-06-05T14:51:50.3121855+08:00	0x07	-0.5274	0.4978	0.4864	0.4873	240.07	208.18	273.37
2026-06-05T14:51:50.3785435+08:00	0x01	-0.1723	-0.5060	0.8429	-0.0613	171.59	331.94	60.95
2026-06-05T14:51:50.4604821+08:00	0x04	-0.1403	0.0092	0.5001	-0.8544	298.23	350.77	13.34
2026-06-05T14:51:50.5590264+08:00	0x09	0.1245	0.7301	-0.1916	0.6440	355.85	96.20	26.11
2026-06-05T14:51:50.7102233+08:00	0x06	-0.7050	-0.0564	0.7070	0.0032	175.16	269.98	4.31
2026-06-05T14:51:50.8926117+08:00	0x03	0.1239	-0.3569	-0.9184	-0.1174	169.95	348.62	316.79
2026-06-05T14:51:50.9264323+08:00	0x01	-0.1708	-0.5090	0.8411	-0.0658	172.38	332.50	61.48
2026-06-05T14:51:51.0267258+08:00	0x04	-0.1358	0.0045	0.5020	-0.8541	298.12	351.49	13.15
2026-06-05T14:51:51.1589635+08:00	0x09	0.1242	0.7299	-0.1925	0.6440	355.74	96.17	26.16
2026-06-05T14:51:51.1929051+08:00	0x06	-0.7046	-0.0571	0.7073	0.0030	175.12	270.04	4.39
2026-06-05T14:51:51.2786429+08:00	0x07	-0.4521	0.5584	0.4241	0.5513	350.84	97.96	283.55
2026-06-05T14:51:51.4935310+08:00	0x02	0.2857	0.0248	-0.8431	-0.4549	126.82	328.89	347.40
2026-06-05T14:51:51.5459644+08:00	0x08	0.2356	-0.7235	-0.2186	-0.6109	354.69	101.44	322.83
2026-06-05T14:51:51.6804159+08:00	0x09	0.1245	0.7296	-0.1943	0.6438	355.62	96.13	26.35
2026-06-05T14:51:51.8638169+08:00	0x07	-0.2812	0.6613	0.2554	0.6469	356.66	92.63	315.45
2026-06-05T14:51:51.9097014+08:00	0x06	-0.7043	-0.0569	0.7076	0.0038	175.08	270.08	4.31
2026-06-05T14:51:51.9694075+08:00	0x03	0.1192	-0.3558	-0.9190	-0.1207	169.19	349.49	316.94
2026-06-05T14:51:51.9929632+08:00	0x01	-0.1661	-0.5099	0.8417	-0.0630	172.37	333.13	61.56
2026-06-05T14:51:52.0591593+08:00	0x02	0.2851	0.0339	-0.8519	-0.4380	128.73	328.31	348.93
2026-06-05T14:51:52.1293428+08:00	0x04	-0.1294	0.0143	0.5149	-0.8473	296.47	350.74	11.80
2026-06-05T14:51:52.2126427+08:00	0x09	0.1250	0.7293	-0.1942	0.6440	355.66	96.09	26.38
2026-06-05T14:51:52.4150927+08:00	0x07	-0.1894	0.6928	0.1656	0.6758	357.47	92.08	330.96
2026-06-05T14:51:52.5600083+08:00	0x03	0.1209	-0.3558	-0.9188	-0.1207	169.29	349.24	316.93
2026-06-05T14:51:52.5799553+08:00	0x01	-0.1714	-0.5090	0.8413	-0.0615	171.49	331.92	61.34
2026-06-05T14:51:52.6264873+08:00	0x08	0.2368	-0.7225	-0.2218	-0.6105	354.84	101.36	322.43
2026-06-05T14:51:52.7596944+08:00	0x09	0.1256	0.7289	-0.1930	0.6448	355.79	96.02	26.31
2026-06-05T14:51:53.1106077+08:00	0x03	0.1213	-0.3600	-0.9163	-0.1264	168.49	349.54	316.33
2026-06-05T14:51:53.1430363+08:00	0x01	-0.1882	-0.5150	0.8340	-0.0618	168.89	327.89	61.92
2026-06-05T14:51:53.1619868+08:00	0x02	0.3047	0.0236	-0.8357	-0.4563	126.86	326.87	346.20
2026-06-05T14:51:53.2616517+08:00	0x08	0.2354	-0.7218	-0.2223	-0.6118	355.10	101.10	322.50
2026-06-05T14:51:53.3811843+08:00	0x06	-0.7009	-0.0559	0.7110	0.0015	175.37	270.64	4.44
2026-06-05T14:51:53.4639470+08:00	0x09	0.1278	0.7262	-0.1940	0.6470	355.80	95.62	26.56
2026-06-05T14:51:53.4964494+08:00	0x07	-0.1120	0.7099	0.0904	0.6894	357.94	91.98	343.57
2026-06-05T14:51:53.6603542+08:00	0x01	-0.0916	-0.5022	0.8592	-0.0338	176.08	345.55	60.36
2026-06-05T14:51:53.6933716+08:00	0x03	0.1218	-0.3663	-0.9130	-0.1323	167.67	349.86	315.49
2026-06-05T14:51:53.7330682+08:00	0x02	0.1728	0.0731	-0.8464	-0.4984	119.54	338.54	357.21
2026-06-05T14:51:53.8798324+08:00	0x09	0.1292	0.7262	-0.1967	0.6459	355.73	95.68	26.91
2026-06-05T14:51:54.0806147+08:00	0x07	0.0490	0.7161	-0.0628	0.6934	359.02	91.76	9.08
2026-06-05T14:51:54.2267719+08:00	0x03	0.1236	-0.3731	-0.9095	-0.1354	167.32	349.85	314.59
2026-06-05T14:51:54.2437268+08:00	0x02	0.1943	0.0521	-0.8489	-0.4888	121.30	337.49	354.17
2026-06-05T14:51:54.2766380+08:00	0x01	-0.0883	-0.5048	0.8578	-0.0386	177.31	346.67	60.80
2026-06-05T14:51:54.3804142+08:00	0x09	0.1278	0.7274	-0.1975	0.6447	355.58	95.84	26.88
2026-06-05T14:51:54.4592416+08:00	0x06	-0.7016	-0.0560	0.7103	0.0052	175.06	270.52	4.15
2026-06-05T14:51:54.6096635+08:00	0x07	0.1389	0.7041	-0.1527	0.6794	359.25	91.89	23.82
2026-06-05T14:51:54.7769478+08:00	0x03	0.1277	-0.3732	-0.9090	-0.1343	167.75	349.16	314.53
2026-06-05T14:51:54.8163667+08:00	0x02	0.3101	0.0085	-0.8361	-0.4524	127.78	326.90	344.55
2026-06-05T14:51:54.9282527+08:00	0x08	0.2497	-0.7148	-0.2328	-0.6104	354.57	100.97	320.39
2026-06-05T14:51:55.0270895+08:00	0x06	-0.6993	-0.0566	0.7126	0.0043	175.09	270.90	4.28
2026-06-05T14:51:55.0968850+08:00	0x07	0.2237	0.6819	-0.2344	0.6558	359.84	92.18	37.81
2026-06-05T14:51:55.3023136+08:00	0x03	0.1339	-0.3716	-0.9083	-0.1376	167.62	348.43	314.61
2026-06-05T14:51:55.3302779+08:00	0x01	-0.2135	-0.5118	0.8283	-0.0797	169.43	324.74	61.87
2026-06-05T14:51:55.3598931+08:00	0x04	-0.1486	-0.0114	0.5026	-0.8516	297.86	352.25	15.34
2026-06-05T14:51:55.4962124+08:00	0x09	0.1280	0.7257	-0.1974	0.6466	355.53	95.53	26.87
2026-06-05T14:51:55.5121693+08:00	0x08	0.2567	-0.7117	-0.2396	-0.6084	354.40	101.03	319.20
2026-06-05T14:51:55.6778979+08:00	0x07	0.2869	0.6563	-0.2957	0.6321	0.24	92.27	48.66
2026-06-05T14:51:55.7168545+08:00	0x06	-0.6991	-0.0561	0.7128	0.0049	175.09	270.93	4.19
2026-06-05T14:51:55.8602773+08:00	0x03	0.1308	-0.3712	-0.9094	-0.1348	167.86	348.71	314.73
2026-06-05T14:51:55.9114524+08:00	0x02	0.3190	0.0069	-0.8316	-0.4545	127.65	326.01	343.83
2026-06-05T14:51:56.0133606+08:00	0x08	0.2587	-0.7112	-0.2410	-0.6075	354.28	101.14	318.91
2026-06-05T14:51:56.0616172+08:00	0x09	0.1281	0.7262	-0.1970	0.6461	355.60	95.63	26.85
2026-06-05T14:51:56.1506249+08:00	0x06	-0.6990	-0.0575	0.7128	0.0030	175.13	270.93	4.46
2026-06-05T14:51:56.2317511+08:00	0x07	0.3587	0.6196	-0.3646	0.5954	1.23	93.00	61.52
2026-06-05T14:51:56.3949314+08:00	0x03	0.1360	-0.3762	-0.9063	-0.1366	167.94	348.06	314.03
2026-06-05T14:51:56.4331472+08:00	0x02	0.2713	-0.0245	-0.8305	-0.4859	123.56	333.39	342.28
2026-06-05T14:51:56.5277361+08:00	0x01	-0.0903	-0.4692	0.8460	-0.2366	215.18	7.26	56.78
2026-06-05T14:51:56.6934588+08:00	0x06	-0.6993	-0.0566	0.7126	0.0012	175.35	270.89	4.53
2026-06-05T14:51:56.7608256+08:00	0x07	0.4118	0.5856	-0.4153	0.5613	2.92	94.54	71.55
2026-06-05T14:51:56.9269800+08:00	0x03	0.0931	-0.3594	-0.8891	-0.2679	145.61	2.13	316.46
2026-06-05T14:51:57.0107262+08:00	0x02	0.2727	-0.0236	-0.8306	-0.4850	123.69	333.16	342.32
2026-06-05T14:51:57.0512717+08:00	0x08	0.2523	-0.7158	-0.2377	-0.6062	354.51	101.49	319.75
2026-06-05T14:51:57.2383695+08:00	0x06	-0.7056	-0.0393	0.7072	0.0198	175.21	270.07	1.59
2026-06-05T14:51:57.3773057+08:00	0x07	0.4686	0.5422	-0.4667	0.5182	11.03	102.30	82.68
2026-06-05T14:51:57.4633455+08:00	0x03	0.0695	-0.3639	-0.8524	-0.3691	128.65	11.69	317.81
2026-06-05T14:51:57.5133420+08:00	0x02	0.2308	0.1119	-0.9656	0.0422	181.76	333.33	13.63
2026-06-05T14:51:57.5820344+08:00	0x08	0.2461	-0.7165	-0.2370	-0.6081	355.20	101.09	320.28
2026-06-05T14:51:57.7776487+08:00	0x06	-0.7091	-0.0285	0.7040	0.0269	175.51	269.58	0.11
2026-06-05T14:51:57.9323284+08:00	0x07	0.5475	0.4713	-0.5347	0.4384	164.60	255.75	79.76
2026-06-05T14:51:57.9951674+08:00	0x03	0.0993	-0.3614	-0.8852	-0.2755	144.67	1.86	316.01
2026-06-05T14:51:58.0506899+08:00	0x04	-0.1628	-0.0214	0.4696	-0.8675	302.06	353.02	17.61
2026-06-05T14:51:58.1131967+08:00	0x02	0.0909	0.2772	-0.8049	0.5168	248.23	9.59	32.69
2026-06-05T14:51:58.1289021+08:00	0x09	0.1331	0.7251	-0.1958	0.6467	356.12	95.61	27.14
2026-06-05T14:51:58.2781169+08:00	0x08	0.2655	-0.7108	-0.2500	-0.6014	354.04	101.84	317.56
2026-06-05T14:51:58.3162699+08:00	0x06	-0.7078	-0.0338	0.7052	0.0247	175.26	269.76	0.73
2026-06-05T14:51:58.4305459+08:00	0x07	0.5881	0.4213	-0.5699	0.3896	171.42	262.20	69.80
2026-06-05T14:51:58.5300611+08:00	0x03	0.1084	-0.3677	-0.8902	-0.2462	149.48	359.04	314.93
2026-06-05T14:51:58.6277790+08:00	0x04	-0.1542	-0.0283	0.4472	-0.8806	305.35	354.71	17.27
2026-06-05T14:51:58.7604096+08:00	0x01	-0.0940	-0.4708	0.8460	-0.2320	214.09	6.28	57.16
2026-06-05T14:51:58.7952365+08:00	0x08	0.2737	-0.7079	-0.2566	-0.5984	353.62	102.15	316.30
2026-06-05T14:51:58.9708308+08:00	0x07	0.6220	0.3699	-0.6020	0.3376	173.84	264.57	59.91
2026-06-05T14:51:59.0273366+08:00	0x03	0.1115	-0.3675	-0.8915	-0.2404	150.56	358.21	314.86
2026-06-05T14:51:59.0948971+08:00	0x04	-0.1518	-0.0285	0.4534	-0.8778	304.58	354.75	17.00
2026-06-05T14:51:59.1952333+08:00	0x09	0.1336	0.7259	-0.1968	0.6454	356.12	95.78	27.27
2026-06-05T14:51:59.2485751+08:00	0x08	0.2782	-0.7052	-0.2602	-0.5980	353.47	102.08	315.60
2026-06-05T14:51:59.4447786+08:00	0x06	-0.7070	-0.0384	0.7059	0.0208	175.20	269.85	1.42
2026-06-05T14:51:59.4886231+08:00	0x07	0.6614	0.2912	-0.6392	0.2632	175.97	266.33	46.08
2026-06-05T14:51:59.5615807+08:00	0x03	0.1141	-0.3699	-0.8925	-0.2315	152.03	357.35	314.51
2026-06-05T14:51:59.6124460+08:00	0x04	-0.1528	-0.0264	0.4610	-0.8738	303.52	354.32	16.94
2026-06-05T14:51:59.7439837+08:00	0x02	-0.0264	0.3113	-0.6470	0.6955	279.98	30.14	21.48
2026-06-05T14:51:59.7967197+08:00	0x01	0.1960	-0.3914	0.5442	-0.7157	289.54	51.43	8.37
2026-06-05T14:51:59.9457662+08:00	0x08	0.2820	-0.7023	-0.2627	-0.5986	353.38	101.86	315.05
2026-06-05T14:52:00.0316800+08:00	0x07	0.6869	0.2201	-0.6646	0.1950	177.01	267.19	34.09
2026-06-05T14:52:00.1048259+08:00	0x03	0.0994	-0.3317	-0.8712	-0.3479	134.87	4.33	319.67
2026-06-05T14:52:00.1967119+08:00	0x04	-0.2021	0.0197	0.7410	-0.6401	259.36	340.51	13.27
2026-06-05T14:52:00.2791875+08:00	0x02	-0.1019	0.3105	-0.4463	0.8331	305.75	37.72	6.16
2026-06-05T14:52:00.3315697+08:00	0x08	0.2930	-0.7001	-0.2705	-0.5923	352.49	102.77	313.46
2026-06-05T14:52:00.4504995+08:00	0x06	-0.7024	-0.0539	0.7096	0.0099	174.84	270.42	3.59
2026-06-05T14:52:00.5712134+08:00	0x07	0.7062	0.1366	-0.6853	0.1141	177.77	267.88	20.39
2026-06-05T14:52:00.5985700+08:00	0x03	0.0999	-0.3330	-0.8721	-0.3445	135.35	4.16	319.49
2026-06-05T14:52:00.7116525+08:00	0x04	-0.2010	0.0183	0.7339	-0.6486	260.65	340.86	13.53
2026-06-05T14:52:00.7996548+08:00	0x09	0.1259	0.7282	-0.1942	0.6451	355.70	95.91	26.44
2026-06-05T14:52:00.8498039+08:00	0x02	-0.0688	0.3075	-0.4428	0.8394	307.29	35.76	9.02
2026-06-05T14:52:00.9126326+08:00	0x08	0.2627	-0.7108	-0.2440	-0.6051	353.99	101.48	318.33
2026-06-05T14:52:01.0945385+08:00	0x06	-0.7038	-0.0482	0.7086	0.0177	174.66	270.27	2.49
2026-06-05T14:52:01.1616233+08:00	0x07	0.7154	0.0527	-0.6961	0.0313	178.16	268.32	6.79
2026-06-05T14:52:01.2059471+08:00	0x03	-0.0134	-0.3388	-0.6422	-0.6875	78.91	32.10	335.38
2026-06-05T14:52:01.3006789+08:00	0x04	-0.2745	0.0477	0.6624	-0.6954	268.29	333.03	18.58
2026-06-05T14:52:01.3316911+08:00	0x09	0.1218	0.7316	-0.1920	0.6428	355.62	96.38	25.94
2026-06-05T14:52:01.4675925+08:00	0x02	-0.0909	0.3242	-0.3724	0.8649	315.12	39.10	4.83
2026-06-05T14:52:01.5285722+08:00	0x06	-0.7043	-0.0564	0.7075	0.0117	174.48	270.08	3.63
2026-06-05T14:52:01.5776376+08:00	0x01	0.2057	-0.4007	0.5286	-0.7195	291.07	53.19	7.33
2026-06-05T14:52:01.6499317+08:00	0x07	0.7191	-0.0341	-0.6917	-0.0580	178.20	267.89	352.49
2026-06-05T14:52:01.7281746+08:00	0x03	-0.0251	-0.3162	-0.5546	-0.7693	66.18	32.78	341.82
2026-06-05T14:52:01.8215757+08:00	0x04	-0.2789	-0.0016	0.5251	-0.8040	289.15	341.02	26.76
2026-06-05T14:52:01.9167660+08:00	0x09	0.1206	0.7330	-0.1911	0.6416	355.64	96.62	25.78
2026-06-05T14:52:01.9484148+08:00	0x01	0.1483	-0.4002	0.5353	-0.7289	293.07	49.42	12.26
2026-06-05T14:52:02.0312856+08:00	0x02	-0.1072	0.3309	-0.3283	0.8782	319.62	40.69	1.66
2026-06-05T14:52:02.2447707+08:00	0x03	-0.0213	-0.3227	-0.5432	-0.7748	64.45	33.49	341.48
2026-06-05T14:52:02.3462059+08:00	0x07	0.7123	-0.0993	-0.6839	-0.1227	178.41	267.93	341.90
2026-06-05T14:52:02.4203096+08:00	0x01	0.1477	-0.4047	0.5396	-0.7233	292.56	49.83	12.89
2026-06-05T14:52:02.4618923+08:00	0x09	0.1217	0.7326	-0.1897	0.6422	355.84	96.57	25.74
2026-06-05T14:52:02.5625167+08:00	0x02	-0.1081	0.3302	-0.3347	0.8759	318.84	40.62	1.82
2026-06-05T14:52:02.5785131+08:00	0x08	0.2313	-0.7251	-0.2160	-0.6117	354.91	101.38	323.40
2026-06-05T14:52:02.7279298+08:00	0x07	0.6971	-0.1821	-0.6639	-0.2001	179.20	267.43	328.62
2026-06-05T14:52:02.7878293+08:00	0x03	-0.0256	-0.3195	-0.5300	-0.7851	62.75	33.65	342.63
2026-06-05T14:52:02.9291358+08:00	0x01	0.1375	-0.4000	0.5550	-0.7163	290.93	48.50	14.30
2026-06-05T14:52:03.0802718+08:00	0x04	-0.2686	-0.0661	0.3038	-0.9117	322.31	357.12	32.00
2026-06-05T14:52:03.1282400+08:00	0x02	-0.1100	0.3321	-0.3235	0.8792	320.06	40.94	1.23
2026-06-05T14:52:03.2184538+08:00	0x06	-0.7035	-0.0528	0.7086	0.0107	174.86	270.26	3.43
2026-06-05T14:52:03.2642767+08:00	0x07	0.6780	-0.2440	-0.6444	-0.2560	180.07	267.06	318.57
2026-06-05T14:52:03.3319568+08:00	0x03	-0.0297	-0.3138	-0.5191	-0.7945	61.43	33.45	343.82
2026-06-05T14:52:03.4698199+08:00	0x04	-0.2558	-0.0715	0.2467	-0.9320	330.48	0.48	30.80
2026-06-05T14:52:03.5996768+08:00	0x09	0.1320	0.7323	-0.1953	0.6389	356.37	96.92	27.04
2026-06-05T14:52:03.7144431+08:00	0x02	-0.1178	0.3386	-0.3121	0.8798	321.03	42.02	0.23
2026-06-05T14:52:03.7956904+08:00	0x07	0.6479	-0.3203	-0.6092	-0.3263	181.73	265.58	305.59
2026-06-05T14:52:03.8619695+08:00	0x03	-0.0348	-0.3088	-0.5151	-0.7988	61.06	33.26	344.77
2026-06-05T14:52:04.0327212+08:00	0x01	0.1324	-0.4042	0.5559	-0.7142	291.06	48.63	15.09
2026-06-05T14:52:04.1285243+08:00	0x09	0.1285	0.7327	-0.1922	0.6400	356.30	96.85	26.49
2026-06-05T14:52:04.2324349+08:00	0x02	-0.1182	0.3465	-0.2877	0.8850	323.76	42.95	359.44
2026-06-05T14:52:04.3006491+08:00	0x06	-0.7062	-0.0478	0.7063	0.0146	174.93	269.89	2.69
2026-06-05T14:52:04.4154003+08:00	0x03	-0.0325	-0.3083	-0.5029	-0.8068	59.39	33.27	345.07
2026-06-05T14:52:04.4525396+08:00	0x07	0.6160	-0.3814	-0.5735	-0.3823	184.32	263.14	294.71
2026-06-05T14:52:04.5653855+08:00	0x04	-0.2562	-0.0714	0.2484	-0.9314	330.24	0.38	30.84
2026-06-05T14:52:04.6155836+08:00	0x09	0.1282	0.7315	-0.1916	0.6416	356.27	96.62	26.42
2026-06-05T14:52:04.7632964+08:00	0x08	0.2297	-0.7234	-0.2168	-0.6139	355.28	100.93	323.43
2026-06-05T14:52:04.8623369+08:00	0x06	-0.7044	-0.0462	0.7081	0.0168	174.90	270.19	2.40
2026-06-05T14:52:04.9196802+08:00	0x07	0.5585	-0.4602	-0.5194	-0.4544	194.44	253.64	279.71
2026-06-05T14:52:04.9623055+08:00	0x03	-0.0348	-0.3044	-0.4983	-0.8111	58.87	33.04	345.70
2026-06-05T14:52:05.1367846+08:00	0x04	-0.2387	-0.0986	0.1468	-0.9549	344.53	7.77	29.00
2026-06-05T14:52:05.1659076+08:00	0x09	0.1278	0.7307	-0.1936	0.6420	356.03	96.46	26.55
2026-06-05T14:52:05.3289171+08:00	0x02	-0.1075	0.3506	-0.2967	0.8817	323.22	43.02	1.06
2026-06-05T14:52:05.3788527+08:00	0x06	-0.7046	-0.0486	0.7077	0.0151	174.84	270.13	2.72
2026-06-05T14:52:05.4957999+08:00	0x07	0.5189	-0.5044	-0.4794	-0.4965	272.23	175.96	272.72
2026-06-05T14:52:05.5292971+08:00	0x08	0.2377	-0.7203	-0.2236	-0.6121	355.01	101.00	322.18
2026-06-05T14:52:05.6693353+08:00	0x04	-0.2388	-0.1073	0.1222	-0.9574	347.95	9.67	28.91
2026-06-05T14:52:05.7122795+08:00	0x01	0.1176	-0.4297	0.5401	-0.7140	294.03	50.85	17.24
2026-06-05T14:52:05.7509398+08:00	0x09	0.1259	0.7320	-0.1924	0.6413	356.00	96.63	26.31
2026-06-05T14:52:05.8640836+08:00	0x08	0.2450	-0.7192	-0.2282	-0.6089	354.52	101.43	321.20
2026-06-05T14:52:05.9699808+08:00	0x08	0.2377	-0.7203	-0.2236	-0.6121	355.01	101.00	322.18
2026-06-05T14:52:06.0486205+08:00	0x07	0.4575	-0.5585	-0.4207	-0.5493	347.85	100.56	283.45
2026-06-05T14:52:06.0785409+08:00	0x03	-0.0485	-0.3064	-0.5089	-0.8030	60.60	33.84	346.47
2026-06-05T14:52:06.2338246+08:00	0x04	-0.2388	-0.1070	0.1229	-0.9573	347.85	9.62	28.92
2026-06-05T14:52:06.2753585+08:00	0x01	0.1245	-0.3925	0.5822	-0.7010	287.66	46.46	16.41
2026-06-05T14:52:06.3335232+08:00	0x09	0.1253	0.7332	-0.1911	0.6405	356.10	96.81	26.16
2026-06-05T14:52:06.4299500+08:00	0x02	-0.1078	0.3505	-0.2964	0.8818	323.24	43.02	1.02
2026-06-05T14:52:06.5621061+08:00	0x08	0.2377	-0.7203	-0.2236	-0.6121	355.01	101.00	322.18
2026-06-05T14:52:06.6019558+08:00	0x07	0.3860	-0.6125	-0.3471	-0.5961	352.70	95.98	297.69
2026-06-05T14:52:06.6307204+08:00	0x03	-0.0295	-0.2730	-0.5338	-0.7998	63.79	28.86	345.86
2026-06-05T14:52:06.6969340+08:00	0x04	-0.2237	-0.0590	-0.0380	-0.9721	6.38	8.39	25.49
2026-06-05T14:52:06.8798226+08:00	0x09	0.1269	0.7309	-0.1926	0.6424	356.04	96.45	26.39
2026-06-05T14:52:06.9888458+08:00	0x02	0.0224	0.2156	-0.6955	0.6851	271.92	16.26	19.30
2026-06-05T14:52:07.0795181+08:00	0x08	0.2377	-0.7203	-0.2236	-0.6121	355.01	101.00	322.18
2026-06-05T14:52:07.1371201+08:00	0x07	0.3239	-0.6457	-0.2893	-0.6281	354.96	94.00	308.70
2026-06-05T14:52:07.1679010+08:00	0x03	-0.0066	-0.2419	-0.5261	-0.8152	62.60	24.45	345.88
2026-06-05T14:52:07.2132985+08:00	0x04	-0.0648	-0.0487	-0.3128	-0.9464	36.93	7.66	5.29
2026-06-05T14:52:07.2631679+08:00	0x01	0.0815	-0.3582	0.5940	-0.7157	287.19	39.86	17.99
2026-06-05T14:52:07.4332141+08:00	0x09	0.1270	0.7314	-0.1906	0.6423	356.22	96.54	26.22
2026-06-05T14:52:07.4960657+08:00	0x02	0.1241	0.1309	-0.9465	0.2676	209.96	349.99	18.31
2026-06-05T14:52:07.5300189+08:00	0x08	0.2405	-0.7180	-0.2279	-0.6121	355.14	100.79	321.56
2026-06-05T14:52:07.5820817+08:00	0x08	0.2377	-0.7203	-0.2236	-0.6121	355.01	101.00	322.18
2026-06-05T14:52:07.6823290+08:00	0x03	-0.0073	-0.2406	-0.5213	-0.8187	61.96	24.43	346.18
2026-06-05T14:52:07.7863328+08:00	0x04	-0.0480	-0.0590	-0.0944	-0.9926	11.17	7.27	4.83
2026-06-05T14:52:08.0727024+08:00	0x06	-0.7024	-0.0508	0.7098	0.0129	174.85	270.47	3.09
2026-06-05T14:52:08.0963268+08:00	0x02	0.1494	0.1084	-0.9768	0.1085	190.67	343.94	14.14
2026-06-05T14:52:08.2014024+08:00	0x09	0.1260	0.7319	-0.1915	0.6417	356.08	96.60	26.23
2026-06-05T14:52:08.3210200+08:00	0x07	0.2458	-0.6796	-0.2144	-0.6570	356.20	93.24	322.09
2026-06-05T14:52:08.3796389+08:00	0x01	0.0710	-0.3582	0.5916	-0.7188	287.83	39.24	18.77
2026-06-05T14:52:08.5313977+08:00	0x09	0.1266	0.7315	-0.1911	0.6421	356.15	96.55	26.25
2026-06-05T14:52:08.5981876+08:00	0x02	0.1663	0.0906	-0.9816	-0.0246	175.44	340.38	9.77
2026-06-05T14:52:08.6306353+08:00	0x06	-0.7031	-0.0497	0.7092	0.0126	174.96	270.36	3.03
2026-06-05T14:52:08.7804737+08:00	0x03	-0.0072	-0.2390	-0.5164	-0.8223	61.31	24.34	346.41
2026-06-05T14:52:08.8548657+08:00	0x07	0.0802	-0.7178	-0.0553	-0.6893	357.72	92.54	349.05
2026-06-05T14:52:08.9184041+08:00	0x01	0.0701	-0.3574	0.5911	-0.7197	287.92	39.11	18.76
2026-06-05T14:52:09.0797736+08:00	0x08	0.2370	-0.7216	-0.2250	-0.6103	355.10	101.23	322.12
2026-06-05T14:52:09.1300483+08:00	0x06	-0.7036	-0.0502	0.7087	0.0119	174.97	270.28	3.12
2026-06-05T14:52:09.2967525+08:00	0x03	-0.0052	-0.2404	-0.5168	-0.8216	61.33	24.36	346.12
2026-06-05T14:52:09.3819846+08:00	0x07	0.0053	-0.7230	0.0156	-0.6906	358.32	92.61	0.88
2026-06-05T14:52:09.4033323+08:00	0x04	-0.0615	-0.0424	0.2728	-0.9592	328.45	2.76	8.11
2026-06-05T14:52:09.4467320+08:00	0x01	0.0717	-0.3592	0.5898	-0.7197	288.08	39.42	18.70
2026-06-05T14:52:09.6523748+08:00	0x09	0.1272	0.7319	-0.1906	0.6417	356.27	96.65	26.24
2026-06-05T14:52:09.6963336+08:00	0x06	-0.7041	-0.0502	0.7082	0.0110	175.05	270.20	3.19
2026-06-05T14:52:09.8469698+08:00	0x03	-0.0051	-0.2417	-0.5192	-0.8197	61.64	24.45	345.96
2026-06-05T14:52:09.9798852+08:00	0x07	-0.0814	-0.7185	0.0979	-0.6837	359.00	92.72	14.60
2026-06-05T14:52:10.1716066+08:00	0x08	0.2269	-0.7262	-0.2167	-0.6117	355.41	101.29	323.67
2026-06-05T14:52:10.2136061+08:00	0x06	-0.7051	-0.0496	0.7073	0.0112	175.07	270.05	3.12
2026-06-05T14:52:10.4303935+08:00	0x03	-0.0079	-0.2450	-0.5155	-0.8211	61.16	25.01	346.13
2026-06-05T14:52:10.4631981+08:00	0x07	-0.1703	-0.7035	0.1811	-0.6658	359.90	93.13	28.79
2026-06-05T14:52:10.5324451+08:00	0x01	0.0687	-0.3651	0.5919	-0.7153	287.91	39.82	19.51
2026-06-05T14:52:10.7310347+08:00	0x02	0.1793	0.0767	-0.9749	-0.1075	166.19	338.39	6.37
2026-06-05T14:52:10.7899479+08:00	0x06	-0.7048	-0.0489	0.7076	0.0122	175.05	270.10	2.98
2026-06-05T14:52:10.9805222+08:00	0x03	-0.0067	-0.2454	-0.5130	-0.8225	60.79	25.02	346.07
2026-06-05T14:52:11.0467556+08:00	0x07	-0.2442	-0.6820	0.2504	-0.6423	0.87	93.76	40.93
2026-06-05T14:52:11.0826473+08:00	0x04	-0.0612	-0.0430	0.2621	-0.9621	329.73	2.93	8.07
2026-06-05T14:52:11.2802739+08:00	0x09	0.1277	0.7324	-0.1906	0.6411	356.34	96.75	26.29
2026-06-05T14:52:11.3631645+08:00	0x06	-0.7061	-0.0471	0.7064	0.0140	175.04	269.91	2.68
2026-06-05T14:52:11.4490251+08:00	0x08	0.2202	-0.7285	-0.2108	-0.6135	355.63	101.18	324.74
2026-06-05T14:52:11.5139057+08:00	0x03	-0.0068	-0.2423	-0.5107	-0.8249	60.51	24.74	346.34
2026-06-05T14:52:11.5475680+08:00	0x04	-0.0665	-0.0291	0.4216	-0.9039	309.98	359.80	8.32
2026-06-05T14:52:11.6521658+08:00	0x07	-0.3292	-0.6450	0.3314	-0.6048	2.42	94.96	55.66
2026-06-05T14:52:11.8180009+08:00	0x02	0.1928	0.0416	-0.9429	-0.2685	148.50	337.30	358.56
2026-06-05T14:52:11.8797695+08:00	0x06	-0.7072	-0.0465	0.7054	0.0138	175.11	269.74	2.64
2026-06-05T14:52:12.0486791+08:00	0x03	-0.0063	-0.2442	-0.5134	-0.8227	60.85	24.86	346.09
2026-06-05T14:52:12.1216566+08:00	0x07	-0.4118	-0.5961	0.4072	-0.5561	6.59	98.64	70.65
2026-06-05T14:52:12.2196052+08:00	0x01	0.0601	-0.3674	0.5976	-0.7101	287.33	39.40	20.72
2026-06-05T14:52:12.3686246+08:00	0x08	0.2134	-0.7311	-0.2049	-0.6149	355.84	101.15	325.81
2026-06-05T14:52:12.4695746+08:00	0x06	-0.7072	-0.0463	0.7053	0.0148	175.04	269.73	2.55
2026-06-05T14:52:12.5839136+08:00	0x03	-0.0051	-0.2451	-0.5078	-0.8259	60.07	24.99	346.09
2026-06-05T14:52:12.7120393+08:00	0x07	-0.4758	-0.5472	0.4664	-0.5066	23.26	115.05	82.99
2026-06-05T14:52:12.7696582+08:00	0x01	0.0578	-0.3651	0.5997	-0.7097	287.05	38.95	20.85
2026-06-05T14:52:12.9139473+08:00	0x02	0.1995	0.0348	-0.9304	-0.3054	144.33	336.85	356.72
2026-06-05T14:52:12.9614223+08:00	0x09	0.1272	0.7337	-0.1901	0.6398	356.39	96.98	26.22
2026-06-05T14:52:12.9865472+08:00	0x08	0.2142	-0.7305	-0.2053	-0.6151	355.80	101.10	325.70
2026-06-05T14:52:13.1007837+08:00	0x06	-0.7073	-0.0468	0.7052	0.0149	174.99	269.72	2.58
2026-06-05T14:52:13.1475661+08:00	0x03	-0.0065	-0.2447	-0.5089	-0.8253	60.25	25.00	346.22
2026-06-05T14:52:13.2805834+08:00	0x07	-0.5429	-0.4796	0.5299	-0.4409	160.48	251.96	80.78
2026-06-05T14:52:13.3480301+08:00	0x01	0.0549	-0.3658	0.5984	-0.7107	287.32	38.88	21.09
2026-06-05T14:52:13.4471585+08:00	0x08	0.2129	-0.7301	-0.2041	-0.6164	355.89	100.92	325.91
2026-06-05T14:52:13.4820840+08:00	0x09	0.1267	0.7325	-0.1909	0.6411	356.22	96.74	26.24
2026-06-05T14:52:13.6672107+08:00	0x03	-0.0007	-0.2443	-0.5043	-0.8283	59.55	24.72	345.81
2026-06-05T14:52:13.7991996+08:00	0x07	-0.5923	-0.4167	0.5756	-0.3798	171.21	262.39	68.37
2026-06-05T14:52:13.8640698+08:00	0x01	0.0508	-0.3617	0.5994	-0.7123	287.24	38.16	21.18
2026-06-05T14:52:13.9488348+08:00	0x09	0.1267	0.7312	-0.1912	0.6425	356.14	96.49	26.25
2026-06-05T14:52:14.0198317+08:00	0x02	0.2041	0.0302	-0.9214	-0.3293	141.60	336.59	355.48
2026-06-05T14:52:14.1331464+08:00	0x06	-0.7054	-0.0454	0.7072	0.0162	175.01	270.04	2.38
2026-06-05T14:52:14.2673898+08:00	0x03	-0.0027	-0.2446	-0.5067	-0.8267	59.89	24.82	345.91
2026-06-05T14:52:14.3809949+08:00	0x07	-0.6335	-0.3490	0.6146	-0.3149	174.36	265.27	55.89
2026-06-05T14:52:14.4174897+08:00	0x04	-0.0653	-0.0286	0.4476	-0.8914	306.64	359.57	8.16
2026-06-05T14:52:14.5676415+08:00	0x08	0.2191	-0.7280	-0.2102	-0.6147	355.75	100.99	324.87
2026-06-05T14:52:14.6488930+08:00	0x06	-0.7068	-0.0443	0.7058	0.0175	174.98	269.82	2.16
2026-06-05T14:52:14.8475714+08:00	0x03	-0.0042	-0.2495	-0.5054	-0.8260	59.70	25.43	345.80
2026-06-05T14:52:14.9157842+08:00	0x07	-0.6751	-0.2601	0.6514	-0.2286	175.99	266.49	40.36
2026-06-05T14:52:15.0656555+08:00	0x01	0.0517	-0.3651	0.6022	-0.7081	286.84	38.51	21.50
2026-06-05T14:52:15.2153448+08:00	0x02	0.2129	0.0311	-0.9159	-0.3389	140.48	335.63	354.99
2026-06-05T14:52:15.2376157+08:00	0x06	-0.7064	-0.0439	0.7063	0.0175	175.03	269.90	2.14
2026-06-05T14:52:15.3939650+08:00	0x03	-0.0015	-0.2505	-0.5037	-0.8267	59.43	25.43	345.53
2026-06-05T14:52:15.4476782+08:00	0x07	-0.7042	-0.1681	0.6754	-0.1403	177.01	266.94	25.13
2026-06-05T14:52:15.5672589+08:00	0x01	0.0492	-0.3652	0.6025	-0.7079	286.84	38.36	21.75
2026-06-05T14:52:15.6333898+08:00	0x08	0.2218	-0.7271	-0.2133	-0.6138	355.72	101.04	324.38
2026-06-05T14:52:15.7912207+08:00	0x06	-0.7059	-0.0450	0.7067	0.0161	175.05	269.96	2.34
2026-06-05T14:52:15.9265256+08:00	0x03	0.0019	-0.2510	-0.5028	-0.8272	59.24	25.30	345.20
2026-06-05T14:52:15.9975462+08:00	0x07	-0.7185	-0.0873	0.6871	-0.0632	177.74	267.19	12.17
2026-06-05T14:52:16.1316777+08:00	0x01	0.0479	-0.3596	0.6059	-0.7080	286.32	37.59	21.59
2026-06-05T14:52:16.2164465+08:00	0x08	0.2234	-0.7265	-0.2137	-0.6137	355.59	101.04	324.22
2026-06-05T14:52:16.3188570+08:00	0x06	-0.7062	-0.0458	0.7063	0.0165	174.95	269.91	2.37
2026-06-05T14:52:16.4201952+08:00	0x09	0.1270	0.7315	-0.1915	0.6419	356.16	96.56	26.31
2026-06-05T14:52:16.5300022+08:00	0x07	-0.7234	0.0070	0.6899	0.0270	178.45	267.33	357.20
2026-06-05T14:52:16.6673507+08:00	0x01	0.0536	-0.3641	0.6023	-0.7084	286.76	38.53	21.26
2026-06-05T14:52:16.7340389+08:00	0x09	0.1260	0.7331	-0.1912	0.6405	356.15	96.82	26.21
2026-06-05T14:52:16.9039159+08:00	0x02	0.2145	0.0260	-0.9075	-0.3603	138.01	335.77	353.83
2026-06-05T14:52:16.9039159+08:00	0x06	-0.7081	-0.0479	0.7043	0.0161	174.80	269.57	2.56
2026-06-05T14:52:17.0033015+08:00	0x03	-0.1555	-0.3776	-0.5202	-0.7501	65.43	47.54	350.82
2026-06-05T14:52:17.1200770+08:00	0x07	-0.7180	0.0890	0.6820	0.1067	178.94	267.20	344.06
2026-06-05T14:52:17.2046939+08:00	0x01	0.0557	-0.3729	0.5990	-0.7065	287.29	39.67	21.59
2026-06-05T14:52:17.2842459+08:00	0x09	0.1249	0.7354	-0.1890	0.6386	356.31	97.21	25.95
2026-06-05T14:52:17.3980367+08:00	0x02	0.2095	0.0299	-0.9076	-0.3625	137.64	336.18	354.40
2026-06-05T14:52:17.4189819+08:00	0x06	-0.7097	-0.0479	0.7027	0.0162	174.79	269.31	2.54
2026-06-05T14:52:17.5405824+08:00	0x03	-0.1629	-0.3949	-0.5187	-0.7406	65.50	49.89	350.31
2026-06-05T14:52:17.6788026+08:00	0x07	-0.7015	0.1835	0.6599	0.1969	179.84	266.54	328.77
2026-06-05T14:52:17.7797419+08:00	0x04	-0.0735	-0.0206	0.4918	-0.8674	300.74	357.88	8.50
2026-06-05T14:52:17.8514107+08:00	0x09	0.1241	0.7355	-0.1884	0.6389	356.30	97.19	25.83
2026-06-05T14:52:17.8753452+08:00	0x02	0.2127	0.0311	-0.9067	-0.3630	137.57	335.78	354.38
2026-06-05T14:52:17.9826285+08:00	0x06	-0.7097	-0.0479	0.7027	0.0156	174.84	269.32	2.58
2026-06-05T14:52:18.0321654+08:00	0x03	-0.1597	-0.3951	-0.5259	-0.7361	66.27	49.66	349.61
2026-06-05T14:52:18.1895999+08:00	0x07	-0.6729	0.2721	0.6285	0.2797	181.19	265.59	314.08
2026-06-05T14:52:18.2533815+08:00	0x04	-0.1245	0.5539	0.2269	-0.7914	330.15	290.85	356.88
2026-06-05T14:52:18.4194728+08:00	0x08	0.2108	-0.7337	-0.2006	-0.6140	355.67	101.45	326.41
2026-06-05T14:52:18.4531469+08:00	0x09	0.1245	0.7353	-0.1876	0.6393	356.38	97.16	25.79
2026-06-05T14:52:18.4736099+08:00	0x06	-0.7098	-0.0477	0.7026	0.0149	174.91	269.29	2.63
2026-06-05T14:52:18.5791440+08:00	0x03	-0.1590	-0.3984	-0.5318	-0.7302	66.98	49.91	348.96
2026-06-05T14:52:18.7355780+08:00	0x07	-0.6397	0.3422	0.5960	0.3441	183.00	264.29	301.99
2026-06-05T14:52:18.7820740+08:00	0x04	-0.1570	0.5667	0.1681	-0.7912	333.60	288.00	3.32
2026-06-05T14:52:18.8160842+08:00	0x01	0.0492	-0.3734	0.5967	-0.7086	287.78	39.37	22.08
2026-06-05T14:52:18.9028486+08:00	0x09	0.1254	0.7347	-0.1881	0.6396	356.41	97.09	25.90
2026-06-05T14:52:19.0712532+08:00	0x06	-0.7089	-0.0468	0.7036	0.0152	174.96	269.46	2.54
2026-06-05T14:52:19.1522432+08:00	0x03	-0.1559	-0.4004	-0.5329	-0.7289	66.97	49.93	348.49
2026-06-05T14:52:19.2686303+08:00	0x07	-0.5912	0.4202	0.5487	0.4157	187.68	260.11	287.70
2026-06-05T14:52:19.3483197+08:00	0x04	-0.1860	0.5589	0.1313	-0.7974	335.04	288.04	8.62
2026-06-05T14:52:19.4324027+08:00	0x09	0.1252	0.7331	-0.1896	0.6411	356.21	96.79	26.01
2026-06-05T14:52:19.5330912+08:00	0x06	-0.7076	-0.0470	0.7048	0.0161	174.88	269.66	2.49
2026-06-05T14:52:19.5659565+08:00	0x08	0.2063	-0.7330	-0.1971	-0.6175	355.97	100.97	327.06
2026-06-05T14:52:19.6380529+08:00	0x03	-0.1527	-0.3994	-0.5355	-0.7283	67.16	49.60	348.15
2026-06-05T14:52:19.7991236+08:00	0x07	-0.5431	0.4793	0.5030	0.4715	205.74	242.40	276.11
2026-06-05T14:52:19.8586227+08:00	0x04	-0.2012	0.5508	0.1032	-0.8034	336.66	288.62	12.10
2026-06-05T14:52:19.9674917+08:00	0x09	0.1249	0.7328	-0.1909	0.6410	356.06	96.73	26.10
2026-06-05T14:52:20.0927708+08:00	0x06	-0.7077	-0.0478	0.7047	0.0169	174.74	269.64	2.49
2026-06-05T14:52:20.1899883+08:00	0x03	-0.1523	-0.4014	-0.5368	-0.7263	67.30	49.78	347.89
2026-06-05T14:52:20.3994831+08:00	0x07	-0.4781	0.5427	0.4397	0.5325	342.07	106.31	279.45
2026-06-05T14:52:20.4685930+08:00	0x01	0.0457	-0.3729	0.5984	-0.7077	287.62	39.06	22.42
2026-06-05T14:52:20.5374506+08:00	0x08	0.2124	-0.7312	-0.2018	-0.6161	355.73	101.06	326.17
2026-06-05T14:52:20.5694988+08:00	0x09	0.1248	0.7329	-0.1911	0.6409	356.03	96.74	26.11
2026-06-05T14:52:20.7185405+08:00	0x03	-0.1528	-0.4036	-0.5381	-0.7241	67.47	50.04	347.70
2026-06-05T14:52:20.8819349+08:00	0x07	-0.4049	0.5990	0.3683	0.5845	352.25	96.45	293.86
2026-06-05T14:52:20.9542410+08:00	0x04	-0.2287	0.5313	0.0498	-0.8142	340.00	290.43	18.63
2026-06-05T14:52:21.0528224+08:00	0x01	0.0464	-0.3798	0.6025	-0.7004	287.06	39.74	23.12
2026-06-05T14:52:21.0897166+08:00	0x09	0.1247	0.7308	-0.1916	0.6432	355.90	96.34	26.14
2026-06-05T14:52:21.1495897+08:00	0x06	-0.7061	-0.0424	0.7065	0.0224	174.75	269.96	1.62
2026-06-05T14:52:21.3324749+08:00	0x03	-0.1559	-0.4034	-0.5397	-0.7223	67.84	50.19	347.87
2026-06-05T14:52:21.4259078+08:00	0x07	-0.3523	0.6313	0.3171	0.6139	354.25	94.68	303.60
2026-06-05T14:52:21.5327755+08:00	0x04	-0.2373	0.5249	0.0368	-0.8166	340.74	291.04	20.42
2026-06-05T14:52:21.5987335+08:00	0x02	0.2126	0.0311	-0.9067	-0.3630	137.57	335.80	354.38
2026-06-05T14:52:21.6364280+08:00	0x08	0.2134	-0.7294	-0.2064	-0.6163	356.05	100.84	325.66
2026-06-05T14:52:21.7197044+08:00	0x06	-0.7061	-0.0373	0.7067	0.0258	174.88	270.01	0.94
2026-06-05T14:52:21.8657653+08:00	0x03	-0.1582	-0.4133	-0.5340	-0.7204	67.14	51.49	347.68
2026-06-05T14:52:22.0163997+08:00	0x07	-0.2701	0.6703	0.2392	0.6485	355.99	93.44	317.86
2026-06-05T14:52:22.1320850+08:00	0x01	0.1905	-0.5046	0.5396	-0.6464	291.19	64.02	17.35
2026-06-05T14:52:22.2189519+08:00	0x08	0.2197	-0.7289	-0.2113	-0.6130	355.71	101.23	324.73
2026-06-05T14:52:22.2658259+08:00	0x02	-0.2342	0.2093	-0.9101	-0.2705	152.77	21.30	30.50
2026-06-05T14:52:22.4027125+08:00	0x03	-0.1479	-0.4170	-0.5432	-0.7135	67.84	51.16	346.00
2026-06-05T14:52:22.4856498+08:00	0x07	-0.1830	0.7000	0.1552	0.6726	356.94	93.04	332.39
2026-06-05T14:52:22.6164648+08:00	0x04	-0.2682	0.5034	0.0083	-0.8213	341.66	292.78	25.60
2026-06-05T14:52:22.7350675+08:00	0x08	0.2173	-0.7302	-0.2090	-0.6131	355.72	101.31	325.13
2026-06-05T14:52:22.8163355+08:00	0x06	-0.7082	-0.0416	0.7044	0.0223	174.82	269.62	1.55
2026-06-05T14:52:22.9842693+08:00	0x03	-0.1426	-0.4066	-0.5441	-0.7200	67.79	49.67	346.29
2026-06-05T14:52:23.0819273+08:00	0x07	-0.1086	0.7149	0.0833	0.6857	357.56	92.73	344.45
2026-06-05T14:52:23.2039425+08:00	0x04	-0.2508	0.4993	0.0119	-0.8292	342.82	294.24	23.84
2026-06-05T14:52:23.3004088+08:00	0x08	0.2133	-0.7323	-0.2052	-0.6133	355.80	101.40	325.79
2026-06-05T14:52:23.3820777+08:00	0x06	-0.7095	-0.0391	0.7032	0.0246	174.83	269.44	1.15
2026-06-05T14:52:23.5324517+08:00	0x03	-0.1485	-0.4039	-0.5389	-0.7241	67.39	49.80	347.27
2026-06-05T14:52:23.6184945+08:00	0x07	-0.0127	0.7242	-0.0080	0.6894	358.31	92.82	359.67
2026-06-05T14:52:23.7214117+08:00	0x04	-0.2532	0.5008	0.0119	-0.8276	342.59	293.91	24.02
2026-06-05T14:52:23.8015293+08:00	0x02	-0.3517	0.1995	-0.9088	-0.1027	177.05	41.64	25.77
2026-06-05T14:52:23.8378712+08:00	0x08	0.2100	-0.7333	-0.2013	-0.6145	355.83	101.33	326.41
2026-06-05T14:52:24.0498525+08:00	0x03	-0.1495	-0.4044	-0.5360	-0.7259	67.04	49.94	347.50
2026-06-05T14:52:24.2336825+08:00	0x07	0.0664	0.7223	-0.0838	0.6833	358.91	93.06	12.23
2026-06-05T14:52:24.3167325+08:00	0x01	0.1712	-0.5076	0.5268	-0.6600	293.97	63.39	17.98
2026-06-05T14:52:24.3865475+08:00	0x06	-0.7071	-0.0380	0.7056	0.0261	174.80	269.84	0.96
2026-06-05T14:52:24.4206684+08:00	0x08	0.2136	-0.7298	-0.2049	-0.6162	355.89	100.92	325.79
2026-06-05T14:52:24.6048598+08:00	0x03	-0.1473	-0.4031	-0.5341	-0.7284	66.70	49.69	347.53
2026-06-05T14:52:24.7514245+08:00	0x07	0.1579	0.7070	-0.1706	0.6679	359.71	93.19	26.88
2026-06-05T14:52:24.7893478+08:00	0x04	-0.2549	0.4932	0.0121	-0.8317	342.66	294.90	24.34
2026-06-05T14:52:24.9368892+08:00	0x08	0.2197	-0.7278	-0.2102	-0.6147	355.69	101.00	324.82
2026-06-05T14:52:24.9545461+08:00	0x09	0.1275	0.7307	-0.1914	0.6428	356.18	96.42	26.34
2026-06-05T14:52:25.1988566+08:00	0x03	-0.1463	-0.4000	-0.5313	-0.7323	66.32	49.32	347.83
2026-06-05T14:52:25.2771630+08:00	0x04	-0.2547	0.4926	0.0049	-0.8321	343.42	295.08	24.77
2026-06-05T14:52:25.3579325+08:00	0x01	0.1675	-0.5062	0.5191	-0.6680	295.13	63.09	17.56
2026-06-05T14:52:25.4669196+08:00	0x06	-0.7055	-0.0379	0.7072	0.0251	174.90	270.09	1.05
2026-06-05T14:52:25.5164071+08:00	0x08	0.2257	-0.7250	-0.2173	-0.6133	355.67	100.96	323.71
2026-06-05T14:52:25.5502059+08:00	0x09	0.1285	0.7296	-0.1912	0.6439	356.24	96.25	26.39
2026-06-05T14:52:25.7323673+08:00	0x03	-0.1444	-0.3993	-0.5389	-0.7275	67.23	49.04	347.28
2026-06-05T14:52:25.8272106+08:00	0x07	0.2481	0.6798	-0.2563	0.6408	0.69	93.65	41.79
2026-06-05T14:52:25.8498214+08:00	0x04	-0.2554	0.4936	-0.0045	-0.8313	344.29	295.04	25.41
2026-06-05T14:52:25.9551545+08:00	0x08	0.2294	-0.7234	-0.2204	-0.6127	355.57	100.95	323.13
2026-06-05T14:52:26.0781210+08:00	0x02	-0.3981	0.1148	-0.9028	0.1152	197.54	48.61	6.63
2026-06-05T14:52:26.1170195+08:00	0x09	0.1289	0.7293	-0.1919	0.6440	356.21	96.22	26.48
2026-06-05T14:52:26.2714357+08:00	0x03	-0.1453	-0.4022	-0.5387	-0.7259	67.23	49.42	347.15
2026-06-05T14:52:26.3676998+08:00	0x07	0.4008	0.6017	-0.3986	0.5644	5.14	97.18	68.75
2026-06-05T14:52:26.4506247+08:00	0x01	0.1633	-0.5129	0.5077	-0.6727	296.88	63.83	17.53
2026-06-05T14:52:26.5399913+08:00	0x02	-0.3966	0.0960	-0.8862	0.2195	207.72	48.16	359.77
2026-06-05T14:52:26.5826747+08:00	0x06	-0.7049	-0.0397	0.7077	0.0254	174.72	270.17	1.17
2026-06-05T14:52:26.6666635+08:00	0x09	0.1278	0.7298	-0.1935	0.6431	356.01	96.29	26.54
2026-06-05T14:52:26.8554156+08:00	0x03	-0.1452	-0.4058	-0.5331	-0.7280	66.47	49.88	347.22
2026-06-05T14:52:26.9203823+08:00	0x07	0.4659	0.5523	-0.4616	0.5145	15.83	107.76	81.65
2026-06-05T14:52:26.9363368+08:00	0x04	-0.2607	0.4922	0.0062	-0.8305	342.83	294.81	25.28
2026-06-05T14:52:27.0507108+08:00	0x06	-0.7057	-0.0396	0.7069	0.0255	174.72	270.04	1.15
2026-06-05T14:52:27.0507108+08:00	0x08	0.2383	-0.7216	-0.2262	-0.6094	355.02	101.36	321.92
2026-06-05T14:52:27.1829948+08:00	0x02	-0.3872	0.0929	-0.8873	0.2327	209.01	46.92	359.12
2026-06-05T14:52:27.3338182+08:00	0x03	-0.1433	-0.4067	-0.5347	-0.7267	66.58	49.84	346.90
2026-06-05T14:52:27.5035132+08:00	0x07	0.5344	0.4863	-0.5256	0.4491	158.97	250.60	82.38
2026-06-05T14:52:27.5502592+08:00	0x01	0.1664	-0.5097	0.5049	-0.6764	297.02	63.64	16.83
2026-06-05T14:52:27.6388705+08:00	0x02	-0.3898	0.0905	-0.8836	0.2431	210.03	47.16	358.30
2026-06-05T14:52:27.7054029+08:00	0x08	0.2372	-0.7226	-0.2257	-0.6088	355.05	101.47	322.05
2026-06-05T14:52:27.8077843+08:00	0x09	0.1282	0.7310	-0.1921	0.6421	356.20	96.51	26.46
2026-06-05T14:52:27.9361896+08:00	0x03	-0.1417	-0.4052	-0.5426	-0.7221	67.56	49.48	346.41
2026-06-05T14:52:28.0219347+08:00	0x07	0.5938	0.4125	-0.5791	0.3767	171.88	263.11	67.68
2026-06-05T14:52:28.1339004+08:00	0x01	0.1654	-0.5089	0.5058	-0.6766	296.95	63.47	16.92
2026-06-05T14:52:28.1560142+08:00	0x08	0.2304	-0.7238	-0.2219	-0.6114	355.53	101.12	322.92
2026-06-05T14:52:28.1850581+08:00	0x04	-0.2602	0.4919	0.0001	-0.8308	343.50	294.97	25.62
2026-06-05T14:52:28.3360824+08:00	0x09	0.1287	0.7290	-0.1925	0.6441	356.13	96.16	26.51
2026-06-05T14:52:28.4616331+08:00	0x03	-0.1475	-0.4075	-0.5414	-0.7205	67.64	50.11	346.78
2026-06-05T14:52:28.5870324+08:00	0x07	0.6344	0.3464	-0.6155	0.3142	174.63	265.43	55.60
2026-06-05T14:52:28.6505034+08:00	0x08	0.2308	-0.7237	-0.2219	-0.6113	355.48	101.14	322.89
2026-06-05T14:52:28.7340488+08:00	0x02	-0.4283	0.0552	-0.8716	0.2321	207.01	50.92	354.11
2026-06-05T14:52:28.8560081+08:00	0x09	0.1292	0.7292	-0.1929	0.6437	356.16	96.22	26.59
2026-06-05T14:52:29.0221591+08:00	0x03	-0.1564	-0.4146	-0.5386	-0.7166	67.64	51.47	347.15
2026-06-05T14:52:29.1054857+08:00	0x07	0.6685	0.2743	-0.6464	0.2449	176.06	266.52	43.01
2026-06-05T14:52:29.2182585+08:00	0x06	-0.7056	-0.0372	0.7071	0.0261	174.87	270.08	0.91
2026-06-05T14:52:29.2375395+08:00	0x08	0.2312	-0.7239	-0.2223	-0.6108	355.45	101.22	322.82
2026-06-05T14:52:29.4156676+08:00	0x04	-0.2722	0.5106	-0.0022	-0.8156	342.14	291.67	26.51
2026-06-05T14:52:29.6001121+08:00	0x03	-0.1576	-0.4178	-0.5393	-0.7140	67.77	51.89	346.96
2026-06-05T14:52:29.6455585+08:00	0x07	0.7002	0.1816	-0.6730	0.1541	176.97	266.99	27.41
2026-06-05T14:52:29.6846198+08:00	0x06	-0.7062	-0.0371	0.7066	0.0263	174.86	269.99	0.87
2026-06-05T14:52:29.7175449+08:00	0x04	-0.2722	0.5106	-0.0044	-0.8156	342.37	291.70	26.65
2026-06-05T14:52:29.8506889+08:00	0x02	-0.4383	0.0540	-0.8662	0.2337	207.07	52.13	353.60
2026-06-05T14:52:29.8994830+08:00	0x08	0.2301	-0.7251	-0.2204	-0.6104	355.37	101.36	323.09
2026-06-05T14:52:29.9874660+08:00	0x09	0.1296	0.7301	-0.1928	0.6426	356.24	96.40	26.62
2026-06-05T14:52:30.0226181+08:00	0x01	0.1836	-0.5304	0.5150	-0.6478	295.01	67.12	17.97
2026-06-05T14:52:30.1684749+08:00	0x03	-0.1566	-0.4151	-0.5403	-0.7150	67.87	51.52	347.01
2026-06-05T14:52:30.2335560+08:00	0x07	0.7163	0.1026	-0.6858	0.0782	177.64	267.21	14.64
2026-06-05T14:52:30.3179885+08:00	0x04	-0.2701	0.5044	-0.0106	-0.8201	343.37	292.79	26.98
2026-06-05T14:52:30.4197250+08:00	0x01	0.1786	-0.5248	0.5172	-0.6521	294.96	66.08	18.05
2026-06-05T14:52:30.5222662+08:00	0x09	0.1279	0.7305	-0.1929	0.6425	356.08	96.41	26.50
2026-06-05T14:52:30.7010929+08:00	0x03	-0.1477	-0.4076	-0.5435	-0.7188	67.93	50.10	346.66
2026-06-05T14:52:30.7686970+08:00	0x07	0.7243	0.0060	-0.6892	-0.0152	178.30	267.17	359.21
2026-06-05T14:52:30.7996512+08:00	0x04	-0.2669	0.4910	-0.0094	-0.8292	343.96	294.89	26.87
2026-06-05T14:52:30.8517816+08:00	0x06	-0.7075	-0.0388	0.7052	0.0259	174.75	269.76	1.03
2026-06-05T14:52:30.9009238+08:00	0x08	0.2298	-0.7260	-0.2193	-0.6099	355.26	101.51	323.22
2026-06-05T14:52:31.0176900+08:00	0x02	-0.4021	0.0491	-0.8841	0.2329	206.97	47.53	354.24
2026-06-05T14:52:31.2180734+08:00	0x03	-0.1342	-0.4023	-0.5594	-0.7122	69.51	48.48	344.99
2026-06-05T14:52:31.3036696+08:00	0x07	0.7181	-0.0907	-0.6815	-0.1080	178.99	267.14	343.81
2026-06-05T14:52:31.3587111+08:00	0x06	-0.7071	-0.0427	0.7055	0.0207	174.86	269.79	1.78
2026-06-05T14:52:31.5121198+08:00	0x01	0.1459	-0.4266	0.5599	-0.6951	290.10	51.89	15.96
2026-06-05T14:52:31.6158442+08:00	0x09	0.1273	0.7323	-0.1907	0.6413	356.28	96.71	26.27
2026-06-05T14:52:31.7511045+08:00	0x03	-0.0841	-0.3428	-0.5703	-0.7417	69.64	38.84	344.56
2026-06-05T14:52:31.8348756+08:00	0x07	0.7045	-0.1703	-0.6645	-0.1819	179.88	266.69	331.14
2026-06-05T14:52:31.9876178+08:00	0x06	-0.7033	-0.0440	0.7093	0.0193	174.88	270.39	2.02
2026-06-05T14:52:32.0015782+08:00	0x08	0.2115	-0.7301	-0.2065	-0.6161	356.23	100.84	325.80
2026-06-05T14:52:32.0182981+08:00	0x04	-0.2670	0.4914	-0.0094	-0.8290	343.94	294.82	26.87
2026-06-05T14:52:32.1525094+08:00	0x09	0.1271	0.7308	-0.1915	0.6427	356.13	96.44	26.31
2026-06-05T14:52:32.3509846+08:00	0x03	0.0330	-0.1763	-0.5658	-0.8048	68.31	14.75	345.37
2026-06-05T14:52:32.4557127+08:00	0x06	-0.7011	-0.0451	0.7114	0.0184	174.87	270.74	2.20
2026-06-05T14:52:32.4796470+08:00	0x04	-0.0564	-0.0214	0.0258	-0.9978	357.17	2.30	6.53
2026-06-05T14:52:32.6054253+08:00	0x02	-0.4032	0.0493	-0.8836	0.2329	206.98	47.67	354.22
2026-06-05T14:52:32.6183894+08:00	0x01	0.0100	-0.1808	0.6459	-0.7417	279.77	16.74	12.63
2026-06-05T14:52:32.7313493+08:00	0x09	0.1263	0.7287	-0.1925	0.6450	355.89	96.01	26.33
2026-06-05T14:52:32.8870082+08:00	0x03	0.0295	-0.1814	-0.5663	-0.8034	68.35	15.47	345.35
2026-06-05T14:52:32.9629374+08:00	0x06	-0.6999	-0.0458	0.7125	0.0179	174.85	270.92	2.30
2026-06-05T14:52:33.0071424+08:00	0x08	0.2084	-0.7279	-0.2055	-0.6201	356.65	100.17	326.11
2026-06-05T14:52:33.0396014+08:00	0x04	-0.0050	-0.4009	0.1405	-0.9053	345.39	46.88	6.99
2026-06-05T14:52:33.1817744+08:00	0x01	0.0141	-0.1885	0.6441	-0.7412	280.03	17.77	12.82
2026-06-05T14:52:33.2575769+08:00	0x09	0.1259	0.7321	-0.1892	0.6422	356.26	96.63	26.02
2026-06-05T14:52:33.4733518+08:00	0x03	0.1849	-0.0903	-0.5025	-0.8397	62.24	357.86	336.33
2026-06-05T14:52:33.5348973+08:00	0x06	-0.7006	-0.0476	0.7117	0.0164	174.82	270.79	2.56
2026-06-05T14:52:33.5718095+08:00	0x04	-0.0535	-0.5356	0.2128	-0.8155	342.23	63.69	18.37
2026-06-05T14:52:33.6376243+08:00	0x01	-0.0990	-0.1447	0.6149	-0.7689	283.74	6.13	19.28
2026-06-05T14:52:33.6715685+08:00	0x02	0.5888	-0.0682	-0.8050	0.0265	187.09	287.36	355.49
2026-06-05T14:52:33.8586756+08:00	0x09	0.1267	0.7317	-0.1895	0.6424	356.30	96.58	26.11
2026-06-05T14:52:34.0178004+08:00	0x03	0.2242	-0.0996	-0.4647	-0.8508	57.92	357.48	331.70
2026-06-05T14:52:34.0572811+08:00	0x07	0.6752	-0.2582	-0.6383	-0.2646	180.87	266.43	316.61
2026-06-05T14:52:34.0812468+08:00	0x04	-0.1075	-0.5341	0.2703	-0.7938	339.28	62.78	27.35
2026-06-05T14:52:34.2703334+08:00	0x01	-0.1101	-0.1475	0.6047	-0.7749	285.12	5.84	20.43
2026-06-05T14:52:34.3368697+08:00	0x09	0.1265	0.7308	-0.1903	0.6432	356.17	96.41	26.15
2026-06-05T14:52:34.5544084+08:00	0x03	0.2279	-0.1092	-0.4526	-0.8552	56.12	358.72	330.75
2026-06-05T14:52:34.5848381+08:00	0x07	0.4783	-0.5389	-0.4460	-0.5309	343.83	104.78	278.66
2026-06-05T14:52:34.7554126+08:00	0x06	-0.6984	-0.0446	0.7141	0.0202	174.77	271.18	2.03
2026-06-05T14:52:34.8729633+08:00	0x02	0.6826	-0.1297	-0.7159	-0.0692	184.66	272.06	343.73
2026-06-05T14:52:34.8907295+08:00	0x09	0.1264	0.7281	-0.1934	0.6453	355.81	95.92	26.41
2026-06-05T14:52:35.0868937+08:00	0x03	0.2283	-0.1157	-0.4469	-0.8572	55.17	359.62	330.34
2026-06-05T14:52:35.1572008+08:00	0x04	-0.1384	-0.5373	0.3079	-0.7729	337.03	62.72	33.02
2026-06-05T14:52:35.1891159+08:00	0x07	0.3965	-0.6006	-0.3657	-0.5903	353.93	94.87	294.87
2026-06-05T14:52:35.2233961+08:00	0x06	-0.6999	-0.0463	0.7125	0.0192	174.71	270.92	2.24
2026-06-05T14:52:35.2561286+08:00	0x01	-0.1057	-0.1580	0.6091	-0.7700	284.61	7.04	20.80
2026-06-05T14:52:35.3884338+08:00	0x02	0.6704	-0.1901	-0.7048	-0.1331	184.31	271.85	333.49
2026-06-05T14:52:35.4370361+08:00	0x09	0.1264	0.7298	-0.1931	0.6435	355.91	96.24	26.40
2026-06-05T14:52:35.6346130+08:00	0x03	0.2266	-0.1243	-0.4447	-0.8576	54.61	0.77	330.05
2026-06-05T14:52:35.7199305+08:00	0x07	0.3140	-0.6485	-0.2829	-0.6332	355.65	93.39	310.14
2026-06-05T14:52:35.7526674+08:00	0x08	0.1561	-0.7416	-0.1602	-0.6324	358.16	99.51	334.21
2026-06-05T14:52:35.8219968+08:00	0x01	-0.1063	-0.1611	0.6091	-0.7693	284.62	7.29	21.09
2026-06-05T14:52:35.9547486+08:00	0x09	0.1270	0.7291	-0.1934	0.6441	355.90	96.12	26.46
2026-06-05T14:52:35.9776850+08:00	0x02	0.6599	-0.2005	-0.7090	-0.1469	183.68	273.17	331.43
2026-06-05T14:52:36.1743599+08:00	0x03	0.2258	-0.1293	-0.4419	-0.8585	54.07	1.49	329.87
2026-06-05T14:52:36.2069863+08:00	0x08	0.1516	-0.7428	-0.1559	-0.6332	358.24	99.50	334.94
2026-06-05T14:52:36.3027432+08:00	0x06	-0.6993	-0.0470	0.7131	0.0174	174.80	271.01	2.45
2026-06-05T14:52:36.3363219+08:00	0x04	-0.1801	-0.5223	0.3490	-0.7569	333.81	59.64	39.59
2026-06-05T14:52:36.3691322+08:00	0x01	-0.0997	-0.1695	0.6061	-0.7707	285.25	8.65	21.05
2026-06-05T14:52:36.4782845+08:00	0x02	0.6505	-0.2111	-0.7115	-0.1617	182.97	274.31	329.29
2026-06-05T14:52:36.6706064+08:00	0x09	0.1285	0.7294	-0.1932	0.6436	356.07	96.22	26.57
2026-06-05T14:52:36.7020694+08:00	0x03	0.2247	-0.1372	-0.4411	-0.8580	53.75	2.47	329.56
2026-06-05T14:52:36.7904079+08:00	0x07	0.2431	-0.6785	-0.2138	-0.6595	356.53	92.81	322.36
2026-06-05T14:52:36.8687752+08:00	0x06	-0.6970	-0.0522	0.7151	0.0140	174.66	271.32	3.16
2026-06-05T14:52:37.0232987+08:00	0x09	0.1247	0.7347	-0.1874	0.6399	356.40	97.06	25.79
2026-06-05T14:52:37.0694054+08:00	0x02	0.6392	-0.2000	-0.7268	-0.1524	182.25	276.75	330.95
2026-06-05T14:52:37.3047074+08:00	0x03	0.2325	-0.1408	-0.4473	-0.8521	54.79	2.15	328.52
2026-06-05T14:52:37.3836555+08:00	0x06	-0.6877	-0.0705	0.7226	-0.0032	174.67	272.55	6.10
2026-06-05T14:52:37.4212064+08:00	0x04	-0.1995	-0.5089	0.3746	-0.7489	330.77	56.71	42.85
2026-06-05T14:52:37.5687576+08:00	0x09	0.1125	0.7355	-0.1765	0.6444	356.11	96.74	23.86
2026-06-05T14:52:37.6216850+08:00	0x02	0.6368	-0.1944	-0.7334	-0.1375	182.97	277.34	332.59
2026-06-05T14:52:37.8192653+08:00	0x08	0.1081	-0.7480	-0.1147	-0.6448	359.17	98.61	341.89
2026-06-05T14:52:37.8813993+08:00	0x07	0.0881	-0.7148	-0.0641	-0.6908	357.81	92.19	347.68
2026-06-05T14:52:37.9522323+08:00	0x06	-0.6874	-0.0883	0.7206	-0.0212	174.73	272.28	9.00
2026-06-05T14:52:38.0969380+08:00	0x09	0.1133	0.7396	-0.1780	0.6391	356.23	97.54	24.08
2026-06-05T14:52:38.2565235+08:00	0x02	0.6276	-0.1876	-0.7372	-0.1656	179.43	279.33	331.02
2026-06-05T14:52:38.3994878+08:00	0x08	-0.0052	-0.7603	-0.0167	-0.6493	1.69	98.99	358.93
2026-06-05T14:52:38.4265085+08:00	0x03	0.2290	-0.1718	-0.4208	-0.8608	50.05	7.02	327.40
2026-06-05T14:52:38.4904213+08:00	0x01	-0.0935	-0.1861	0.5981	-0.7739	286.68	10.92	21.55
2026-06-05T14:52:38.6899305+08:00	0x09	0.1189	0.7353	-0.1875	0.6403	355.86	96.97	25.34
2026-06-05T14:52:38.8226362+08:00	0x02	0.6238	-0.2013	-0.7376	-0.1623	180.78	279.35	330.04
2026-06-05T14:52:38.9672345+08:00	0x08	-0.0338	-0.7610	0.0081	-0.6478	2.35	99.26	3.21
2026-06-05T14:52:39.0241509+08:00	0x07	-0.0565	-0.7098	0.0748	-0.6981	358.59	90.82	10.67
2026-06-05T14:52:39.0500755+08:00	0x03	0.2315	-0.1735	-0.4209	-0.8597	50.08	7.08	327.04
2026-06-05T14:52:39.2300677+08:00	0x09	0.1190	0.7370	-0.1879	0.6383	355.90	97.29	25.40
2026-06-05T14:52:39.3402620+08:00	0x02	0.6224	-0.1920	-0.7425	-0.1566	180.42	279.95	331.31
2026-06-05T14:52:39.4904526+08:00	0x08	-0.0654	-0.7592	0.0343	-0.6466	3.17	99.37	7.86
2026-06-05T14:52:39.5647249+08:00	0x03	0.2406	-0.1699	-0.4336	-0.8516	52.27	5.58	326.14
2026-06-05T14:52:39.5732161+08:00	0x01	-0.0910	-0.1893	0.5778	-0.7887	289.80	11.98	21.25
2026-06-05T14:52:39.8394629+08:00	0x02	0.6323	-0.1855	-0.7360	-0.1552	180.40	278.57	332.01
2026-06-05T14:52:40.0526790+08:00	0x06	-0.6921	-0.0845	0.7166	-0.0190	174.80	271.60	8.48
2026-06-05T14:52:40.0865897+08:00	0x08	-0.1028	-0.7555	0.0653	-0.6437	4.20	99.63	13.35
2026-06-05T14:52:40.1085323+08:00	0x07	-0.1777	-0.6904	0.1957	-0.6734	358.79	91.10	30.63
2026-06-05T14:52:40.3024807+08:00	0x09	0.1190	0.7359	-0.1873	0.6397	355.91	97.08	25.34
2026-06-05T14:52:40.4413100+08:00	0x02	0.6347	-0.1864	-0.7317	-0.1644	179.73	278.19	331.22
2026-06-05T14:52:40.5777200+08:00	0x08	-0.1235	-0.7526	0.0809	-0.6418	4.91	99.79	16.28
2026-06-05T14:52:40.6425735+08:00	0x03	0.2402	-0.1745	-0.4358	-0.8497	52.46	6.04	325.93
2026-06-05T14:52:40.6971862+08:00	0x04	-0.2340	-0.4874	0.3874	-0.7467	329.30	52.77	46.65
2026-06-05T14:52:40.8412738+08:00	0x09	0.1211	0.7347	-0.1876	0.6406	356.04	96.93	25.52
2026-06-05T14:52:40.9197979+08:00	0x02	0.6367	-0.1810	-0.7323	-0.1603	179.72	278.06	332.02
2026-06-05T14:52:41.1360437+08:00	0x07	-0.2724	-0.6567	0.2865	-0.6422	359.16	90.92	46.57
2026-06-05T14:52:41.1739525+08:00	0x03	0.2430	-0.1780	-0.4374	-0.8473	52.67	6.21	325.43
2026-06-05T14:52:41.2534830+08:00	0x04	-0.2357	-0.4891	0.3836	-0.7471	330.06	53.27	46.67
2026-06-05T14:52:41.3579118+08:00	0x08	-0.1365	-0.7506	0.0918	-0.6400	5.28	99.95	18.21
2026-06-05T14:52:41.4371565+08:00	0x02	0.6326	-0.1717	-0.7383	-0.1591	178.86	279.09	332.95
2026-06-05T14:52:41.6700751+08:00	0x08	-0.1468	-0.7490	0.1005	-0.6383	5.58	100.10	19.75
2026-06-05T14:52:41.7089779+08:00	0x03	0.2398	-0.1791	-0.4373	-0.8480	52.54	6.54	325.71
2026-06-05T14:52:41.7354500+08:00	0x07	-0.3499	-0.6195	0.3593	-0.6039	359.96	91.45	60.20
2026-06-05T14:52:41.9209546+08:00	0x09	0.1220	0.7346	-0.1895	0.6400	355.97	96.96	25.76
2026-06-05T14:52:42.1356556+08:00	0x08	-0.1490	-0.7491	0.1016	-0.6374	5.72	100.22	20.01
2026-06-05T14:52:42.2547471+08:00	0x03	0.2366	-0.1812	-0.4393	-0.8475	52.69	6.88	325.93
2026-06-05T14:52:42.2906548+08:00	0x07	-0.3880	-0.5961	0.3965	-0.5805	0.32	91.73	67.39
2026-06-05T14:52:42.4727007+08:00	0x02	0.6272	-0.1601	-0.7431	-0.1696	176.71	280.45	333.21
2026-06-05T14:52:42.7087954+08:00	0x08	-0.1543	-0.7485	0.1088	-0.6357	5.69	100.38	21.04
2026-06-05T14:52:42.8122673+08:00	0x01	-0.0988	-0.2211	0.5662	-0.7879	291.80	15.00	23.95
2026-06-05T14:52:42.8808702+08:00	0x04	-0.2464	-0.4794	0.3878	-0.7477	329.25	51.46	47.75
2026-06-05T14:52:43.0527131+08:00	0x09	0.1206	0.7355	-0.1923	0.6383	355.66	97.10	25.90
2026-06-05T14:52:43.2370088+08:00	0x08	-0.1553	-0.7486	0.1107	-0.6350	5.67	100.46	21.28
2026-06-05T14:52:43.3236642+08:00	0x01	-0.1087	-0.2279	0.5602	-0.7889	292.68	15.25	25.27
2026-06-05T14:52:43.3434309+08:00	0x03	0.2406	-0.1992	-0.4323	-0.8459	51.22	9.11	324.60
2026-06-05T14:52:43.4437655+08:00	0x04	-0.2572	-0.4719	0.3965	-0.7442	327.87	49.74	49.21
2026-06-05T14:52:43.5545374+08:00	0x02	0.6393	-0.1279	-0.7441	-0.1456	176.71	279.31	337.88
2026-06-05T14:52:43.7895520+08:00	0x08	-0.1584	-0.7483	0.1119	-0.6343	5.87	100.55	21.62
2026-06-05T14:52:43.8682148+08:00	0x03	0.2930	-0.2535	-0.4441	-0.8079	52.67	12.06	315.69
2026-06-05T14:52:43.9378801+08:00	0x07	-0.4228	-0.5725	0.4299	-0.5556	1.34	92.73	74.16
2026-06-05T14:52:44.0253197+08:00	0x04	-0.2921	-0.4397	0.5576	-0.6406	294.39	28.22	59.84
2026-06-05T14:52:44.0723241+08:00	0x02	0.6389	-0.1289	-0.7441	-0.1464	176.71	279.34	337.74
2026-06-05T14:52:44.1741816+08:00	0x09	0.1222	0.7355	-0.1905	0.6386	355.95	97.13	25.87
2026-06-05T14:52:44.3375927+08:00	0x08	-0.1511	-0.7503	0.1031	-0.6353	5.85	100.53	20.29
2026-06-05T14:52:44.4206838+08:00	0x01	-0.2813	-0.4357	0.5792	-0.6289	289.45	25.68	59.15
2026-06-05T14:52:44.5368861+08:00	0x04	-0.2614	-0.3932	0.5970	-0.6486	284.83	19.66	53.96
2026-06-05T14:52:44.5713691+08:00	0x06	-0.6988	-0.0735	0.7115	-0.0081	174.73	270.72	6.65
2026-06-05T14:52:44.6535996+08:00	0x02	0.6210	0.1032	-0.7613	0.1556	186.67	282.80	20.51
2026-06-05T14:52:44.7299479+08:00	0x09	0.1228	0.7349	-0.1909	0.6391	355.95	97.05	25.95
2026-06-05T14:52:44.8881224+08:00	0x08	-0.1448	-0.7495	0.0995	-0.6383	5.49	100.11	19.51
2026-06-05T14:52:44.9559406+08:00	0x07	-0.5028	-0.5044	0.5085	-0.4840	146.40	237.90	88.44
2026-06-05T14:52:44.9907083+08:00	0x03	0.3516	-0.4206	-0.4973	-0.6725	55.31	28.43	296.99
2026-06-05T14:52:45.0539050+08:00	0x06	-0.6975	-0.0725	0.7129	-0.0070	174.74	270.95	6.49
2026-06-05T14:52:45.1719337+08:00	0x02	0.4848	0.3219	-0.6796	0.4467	216.84	310.99	60.53
2026-06-05T14:52:45.3158816+08:00	0x09	0.1231	0.7334	-0.1916	0.6405	355.86	96.78	26.02
2026-06-05T14:52:45.4154748+08:00	0x08	-0.1282	-0.7503	0.0862	-0.6428	4.90	99.56	17.10
2026-06-05T14:52:45.5241222+08:00	0x01	-0.2615	-0.4535	0.5694	-0.6339	293.91	31.51	57.99
2026-06-05T14:52:45.6265121+08:00	0x04	-0.1225	-0.4398	0.3921	-0.7987	321.96	46.12	32.72
2026-06-05T14:52:45.7535760+08:00	0x02	0.4274	0.3944	-0.6011	0.5481	254.70	345.86	70.51
2026-06-05T14:52:45.8386087+08:00	0x09	0.1236	0.7331	-0.1900	0.6412	356.02	96.74	25.92
2026-06-05T14:52:45.9875082+08:00	0x08	-0.1114	-0.7522	0.0703	-0.6456	4.54	99.30	14.46
2026-06-05T14:52:46.0709979+08:00	0x03	0.3530	-0.4099	-0.5062	-0.6716	58.61	24.99	297.22
2026-06-05T14:52:46.1089036+08:00	0x01	-0.2641	-0.4543	0.5612	-0.6395	295.77	32.44	57.96
2026-06-05T14:52:46.2039336+08:00	0x04	-0.0758	-0.4515	0.3045	-0.8353	331.27	50.64	23.68
2026-06-05T14:52:46.2674367+08:00	0x02	0.3717	0.4525	-0.5178	0.6237	301.20	29.73	68.79
2026-06-05T14:52:46.3884066+08:00	0x09	0.1237	0.7326	-0.1893	0.6420	356.06	96.64	25.86
2026-06-05T14:52:46.4632545+08:00	0x08	-0.1081	-0.7535	0.0662	-0.6451	4.58	99.41	13.84
2026-06-05T14:52:46.6047777+08:00	0x03	0.3525	-0.4124	-0.5018	-0.6737	57.26	26.14	297.27
2026-06-05T14:52:46.6547454+08:00	0x07	-0.5552	-0.4470	0.5570	-0.4263	174.84	266.14	76.24
2026-06-05T14:52:46.7723431+08:00	0x04	-0.0496	-0.4577	0.2490	-0.8521	336.49	52.67	18.20
2026-06-05T14:52:46.8382524+08:00	0x02	0.3343	0.4851	-0.4617	0.6631	320.57	47.58	63.04
2026-06-05T14:52:46.9777455+08:00	0x09	0.1243	0.7329	-0.1895	0.6415	356.12	96.71	25.93
2026-06-05T14:52:47.0714878+08:00	0x08	-0.1083	-0.7541	0.0657	-0.6444	4.64	99.53	13.80
2026-06-05T14:52:47.1743289+08:00	0x07	-0.6203	-0.3467	0.6204	-0.3320	178.08	268.96	57.35
2026-06-05T14:52:47.2044898+08:00	0x01	-0.2682	-0.4572	0.5574	-0.6391	296.69	33.08	58.47
2026-06-05T14:52:47.2543508+08:00	0x06	-0.6951	-0.0743	0.7149	-0.0117	174.99	271.30	7.03
2026-06-05T14:52:47.4567131+08:00	0x02	0.2960	0.5133	-0.4176	0.6889	330.31	57.08	56.77
2026-06-05T14:52:47.5493236+08:00	0x08	-0.1126	-0.7534	0.0690	-0.6442	4.79	99.54	14.43
2026-06-05T14:52:47.6880036+08:00	0x03	0.3538	-0.4130	-0.5010	-0.6733	57.06	26.27	297.10
2026-06-05T14:52:47.7890479+08:00	0x06	-0.6947	-0.0723	0.7156	-0.0110	175.10	271.40	6.82
2026-06-05T14:52:47.8722600+08:00	0x04	-0.0171	-0.4640	0.1721	-0.8688	343.24	54.60	10.92
2026-06-05T14:52:47.9262476+08:00	0x02	0.2706	0.5361	-0.3947	0.6954	334.47	62.35	53.09
2026-06-05T14:52:48.0770174+08:00	0x08	-0.1137	-0.7531	0.0683	-0.6444	4.93	99.52	14.44
2026-06-05T14:52:48.1036188+08:00	0x09	0.1264	0.7319	-0.1893	0.6422	356.29	96.61	26.07
2026-06-05T14:52:48.1711261+08:00	0x03	0.3522	-0.4098	-0.4987	-0.6777	56.70	26.14	297.61
2026-06-05T14:52:48.2367675+08:00	0x07	-0.6366	-0.3163	0.6353	-0.3018	178.22	269.02	51.83
2026-06-05T14:52:48.3103954+08:00	0x06	-0.6951	-0.0719	0.7152	-0.0112	175.15	271.34	6.80
2026-06-05T14:52:48.3927906+08:00	0x04	-0.0117	-0.4627	0.1581	-0.8722	344.41	54.57	9.59
2026-06-05T14:52:48.5108495+08:00	0x02	0.2691	0.5508	-0.4014	0.6805	334.87	65.04	53.94
2026-06-05T14:52:48.6380421+08:00	0x08	-0.1107	-0.7539	0.0663	-0.6442	4.82	99.56	14.04
2026-06-05T14:52:48.7188378+08:00	0x03	0.3550	-0.4132	-0.4998	-0.6734	56.81	26.38	296.99
2026-06-05T14:52:48.8418477+08:00	0x01	-0.2884	-0.4656	0.5358	-0.6426	301.71	35.88	60.41
2026-06-05T14:52:48.8925218+08:00	0x06	-0.6953	-0.0732	0.7149	-0.0116	175.08	271.30	6.93
2026-06-05T14:52:49.0360834+08:00	0x02	0.2397	0.5674	-0.3583	0.7016	339.84	68.88	47.98
2026-06-05T14:52:49.1620333+08:00	0x08	-0.1240	-0.7518	0.0802	-0.6427	4.98	99.66	16.25
2026-06-05T14:52:49.2546531+08:00	0x03	0.3510	-0.4238	-0.4941	-0.6731	54.17	29.57	296.96
2026-06-05T14:52:49.3122217+08:00	0x07	-0.6645	-0.2539	0.6601	-0.2414	178.58	269.09	41.00
2026-06-05T14:52:49.3721071+08:00	0x09	0.1307	0.7311	-0.1955	0.6404	356.19	96.65	26.95
2026-06-05T14:52:49.4759471+08:00	0x06	-0.6957	-0.0556	0.7161	0.0085	174.85	271.48	3.89
2026-06-05T14:52:49.4905887+08:00	0x04	-0.0467	-0.5149	0.0283	-0.8555	359.98	62.08	6.26
2026-06-05T14:52:49.5917907+08:00	0x02	0.3217	0.5540	-0.5982	0.4814	289.42	39.67	76.54
2026-06-05T14:52:49.7535521+08:00	0x08	-0.1166	-0.7413	0.0829	-0.6558	3.82	97.54	16.01
2026-06-05T14:52:49.7894538+08:00	0x03	0.3589	-0.3944	-0.4215	-0.7335	40.90	32.61	300.80
2026-06-05T14:52:49.8556726+08:00	0x07	-0.6899	-0.1858	0.6789	-0.1692	178.26	268.63	29.07
2026-06-05T14:52:49.9675596+08:00	0x01	-0.2878	-0.4654	0.5365	-0.6425	301.55	35.79	60.35
2026-06-05T14:52:49.9846731+08:00	0x06	-0.6903	0.0124	0.7197	0.0729	174.92	272.70	353.19
2026-06-05T14:52:50.1084376+08:00	0x02	0.3197	0.5554	-0.5919	0.4889	293.01	42.65	75.94
2026-06-05T14:52:50.2955963+08:00	0x09	0.1975	0.6661	-0.3013	0.6531	350.00	87.36	41.25
2026-06-05T14:52:50.3441060+08:00	0x08	-0.0567	-0.7161	0.0333	-0.6949	2.02	91.85	7.26
2026-06-05T14:52:50.3821803+08:00	0x07	-0.6984	-0.1488	0.6873	-0.1333	178.47	268.77	23.00
2026-06-05T14:52:50.5081039+08:00	0x01	-0.4107	-0.4041	0.7174	-0.3917	212.11	320.95	64.35
2026-06-05T14:52:50.5700240+08:00	0x04	-0.0743	-0.5682	0.0772	-0.8159	357.56	69.45	12.06
2026-06-05T14:52:50.6968014+08:00	0x02	0.4822	0.4084	-0.7023	0.3279	188.42	296.21	62.85
2026-06-05T14:52:50.8493224+08:00	0x09	0.1757	0.6712	-0.2906	0.6589	349.18	87.28	38.43
2026-06-05T14:52:50.9094447+08:00	0x07	-0.7052	-0.0656	0.7049	-0.0380	177.74	269.81	8.41
2026-06-05T14:52:51.0411480+08:00	0x04	-0.0917	-0.5576	0.0371	-0.8242	2.41	68.39	11.10
2026-06-05T14:52:51.2233429+08:00	0x02	0.5185	0.3774	-0.7082	0.2953	182.85	289.14	57.21
2026-06-05T14:52:51.3213088+08:00	0x09	0.1301	0.7026	-0.2316	0.6601	351.85	91.40	29.82
2026-06-05T14:52:51.4116886+08:00	0x08	-0.0585	-0.7169	0.0348	-0.6938	2.06	92.01	7.53
2026-06-05T14:52:51.4554276+08:00	0x07	-0.7102	-0.0489	0.7022	-0.0139	177.13	269.22	5.08
2026-06-05T14:52:51.6134393+08:00	0x01	-0.4764	-0.4200	0.6323	-0.4437	212.41	310.08	72.53
2026-06-05T14:52:51.7399438+08:00	0x04	-0.0822	-0.6008	-0.0461	-0.7938	9.93	74.62	4.31
2026-06-05T14:52:51.8559012+08:00	0x09	0.1180	0.7253	-0.1869	0.6520	355.41	95.07	25.15
2026-06-05T14:52:51.9536311+08:00	0x03	0.4314	-0.4930	-0.5449	-0.5234	76.83	17.94	278.57
2026-06-05T14:52:52.0060364+08:00	0x07	-0.7154	-0.0201	0.6984	-0.0029	178.59	268.60	1.85
2026-06-05T14:52:52.1347533+08:00	0x04	-0.1074	-0.6046	-0.0227	-0.7889	9.64	75.63	8.16
2026-06-05T14:52:52.3078058+08:00	0x02	0.7059	0.3691	-0.5634	0.2191	156.52	246.98	46.49
2026-06-05T14:52:52.4605862+08:00	0x09	0.1216	0.7282	-0.1797	0.6501	356.43	95.70	24.83
2026-06-05T14:52:52.4957769+08:00	0x03	0.4294	-0.4920	-0.5177	-0.5527	57.57	34.02	280.22
2026-06-05T14:52:52.6928079+08:00	0x01	-0.4450	-0.4646	0.5486	-0.5340	270.66	2.63	80.07
2026-06-05T14:52:52.7098168+08:00	0x04	-0.1590	-0.5854	0.0024	-0.7950	10.87	74.15	14.81
2026-06-05T14:52:52.8724794+08:00	0x02	0.6669	0.2899	-0.6740	0.1298	165.14	265.99	34.33
2026-06-05T14:52:52.9743573+08:00	0x09	0.1202	0.7266	-0.1812	0.6517	356.12	95.37	24.83
2026-06-05T14:52:53.0768369+08:00	0x03	0.4397	-0.4844	-0.5417	-0.5278	79.74	13.63	278.53
2026-06-05T14:52:53.2264091+08:00	0x06	-0.6917	-0.0571	0.7199	0.0038	175.14	272.10	4.42
2026-06-05T14:52:53.2606058+08:00	0x08	0.2336	-0.7000	-0.2310	-0.6341	357.51	96.52	321.71
2026-06-05T14:52:53.3895757+08:00	0x02	0.6690	0.3003	-0.6680	0.1268	163.56	264.73	34.80
2026-06-05T14:52:53.5922162+08:00	0x08	0.2529	-0.7056	-0.2464	-0.6144	355.87	99.46	318.82
2026-06-05T14:52:53.6590764+08:00	0x07	-0.7152	-0.0209	0.6985	-0.0033	178.54	268.62	1.94
2026-06-05T14:52:53.6775513+08:00	0x03	0.4392	-0.4845	-0.5318	-0.5381	71.70	20.54	278.89
2026-06-05T14:52:53.7783805+08:00	0x09	0.1207	0.7246	-0.1861	0.6525	355.69	95.03	25.29
2026-06-05T14:52:53.8148863+08:00	0x01	-0.4716	-0.4437	0.5688	-0.5071	239.85	331.80	79.45
2026-06-05T14:52:53.9893364+08:00	0x02	0.6988	0.2634	-0.6611	0.0725	162.25	262.57	26.72
2026-06-05T14:52:54.0561317+08:00	0x09	0.1223	0.7256	-0.1868	0.6508	355.83	95.28	25.49
2026-06-05T14:52:54.1514401+08:00	0x03	0.4579	-0.4682	-0.5374	-0.5313	88.82	2.12	278.19
2026-06-05T14:52:54.1787204+08:00	0x08	0.2464	-0.7096	-0.2404	-0.6148	355.95	99.66	319.90
2026-06-05T14:52:54.2828946+08:00	0x07	-0.7047	0.1087	0.6902	0.1229	179.00	268.98	341.13
2026-06-05T14:52:54.3113971+08:00	0x06	-0.6940	-0.0596	0.7175	0.0010	175.16	271.71	4.82
2026-06-05T14:52:54.3958168+08:00	0x04	-0.1578	-0.5903	0.0478	-0.7901	6.68	74.58	17.81
2026-06-05T14:52:54.4836059+08:00	0x02	0.7169	0.2311	-0.6556	0.0541	163.65	261.63	22.36
2026-06-05T14:52:54.6436661+08:00	0x09	0.1238	0.7285	-0.1882	0.6470	355.98	95.86	25.74
2026-06-05T14:52:54.7991422+08:00	0x08	0.2256	-0.7196	-0.2188	-0.6192	356.17	99.85	323.53
2026-06-05T14:52:54.8276329+08:00	0x07	-0.6938	0.1616	0.6801	0.1734	179.25	269.04	332.59
2026-06-05T14:52:54.8485718+08:00	0x01	-0.4687	-0.4524	0.5599	-0.5120	246.06	337.88	80.60
2026-06-05T14:52:54.9923536+08:00	0x04	-0.1763	-0.5832	0.0669	-0.7901	6.14	73.99	20.90
2026-06-05T14:52:55.1898682+08:00	0x09	0.1257	0.7299	-0.1896	0.6446	356.12	96.20	26.03
2026-06-05T14:52:55.2777044+08:00	0x08	0.2055	-0.7266	-0.2019	-0.6237	356.78	99.68	326.65
2026-06-05T14:52:55.3574482+08:00	0x01	-0.4683	-0.4555	0.5590	-0.5107	246.26	338.30	80.93
2026-06-05T14:52:55.4729617+08:00	0x04	-0.1831	-0.5815	0.0747	-0.7891	5.88	73.92	22.08
2026-06-05T14:52:55.5394432+08:00	0x02	0.7166	0.2200	-0.6608	0.0388	163.65	262.42	20.26
2026-06-05T14:52:55.7623951+08:00	0x03	0.4451	-0.4786	-0.5367	-0.5337	79.30	12.79	278.59
2026-06-05T14:52:55.7955687+08:00	0x09	0.1264	0.7285	-0.1884	0.6463	356.22	95.97	25.97
2026-06-05T14:52:55.9066162+08:00	0x07	-0.6811	0.2163	0.6613	0.2280	179.50	268.47	323.37
2026-06-05T14:52:55.9564889+08:00	0x01	-0.4564	-0.4427	0.6115	-0.4710	226.27	323.59	76.24
2026-06-05T14:52:56.0915591+08:00	0x04	-0.1844	-0.5753	0.0694	-0.7938	6.31	73.08	21.88
2026-06-05T14:52:56.3103345+08:00	0x09	0.1247	0.7290	-0.1853	0.6470	356.32	95.98	25.57
2026-06-05T14:52:56.3678067+08:00	0x03	0.4311	-0.4886	-0.5467	-0.5260	78.73	15.76	279.02
2026-06-05T14:52:56.4664231+08:00	0x07	-0.6471	0.3030	0.6277	0.3090	180.39	268.06	308.72
2026-06-05T14:52:56.6228991+08:00	0x02	0.7166	0.2198	-0.6608	0.0389	163.68	262.42	20.26
2026-06-05T14:52:56.8514599+08:00	0x09	0.1272	0.7303	-0.1913	0.6433	356.14	96.34	26.30
2026-06-05T14:52:56.8947879+08:00	0x03	0.4018	-0.5150	-0.5184	-0.5519	48.61	45.98	282.19
2026-06-05T14:52:57.0236421+08:00	0x08	0.1313	-0.7465	-0.1367	-0.6379	358.67	99.23	338.19
2026-06-05T14:52:57.0735067+08:00	0x07	-0.6165	0.3585	0.5996	0.3632	180.78	267.95	298.63
2026-06-05T14:52:57.1311743+08:00	0x04	-0.2113	-0.5681	0.0755	-0.7918	7.63	73.01	24.87
2026-06-05T14:52:57.1571034+08:00	0x02	0.3617	0.1096	-0.8889	-0.2590	147.33	315.59	0.43
2026-06-05T14:52:57.3907946+08:00	0x09	0.1270	0.7305	-0.1916	0.6431	356.10	96.37	26.32
2026-06-05T14:52:57.4935656+08:00	0x03	0.3991	-0.5158	-0.5223	-0.5494	50.07	45.09	282.22
2026-06-05T14:52:57.5863957+08:00	0x06	-0.6992	-0.0634	0.7122	-0.0019	175.05	270.82	5.33
2026-06-05T14:52:57.7223162+08:00	0x02	0.3497	0.0787	-0.8799	-0.3119	142.72	318.19	355.43
2026-06-05T14:52:57.7646912+08:00	0x01	-0.4568	-0.4431	0.6099	-0.4722	226.69	323.85	76.39
2026-06-05T14:52:57.9749896+08:00	0x09	0.1280	0.7305	-0.1914	0.6429	356.22	96.41	26.37
2026-06-05T14:52:58.0792610+08:00	0x03	0.3945	-0.5193	-0.5222	-0.5496	48.89	46.73	282.60
2026-06-05T14:52:58.1592022+08:00	0x08	0.1047	-0.7517	-0.1150	-0.6409	359.40	99.19	342.11
2026-06-05T14:52:58.2272722+08:00	0x04	-0.1996	-0.5686	0.0731	-0.7947	6.95	72.62	23.60
2026-06-05T14:52:58.4286882+08:00	0x02	0.3385	0.0600	-0.8660	-0.3632	137.42	320.49	351.84
2026-06-05T14:52:58.5233088+08:00	0x09	0.1286	0.7302	-0.1896	0.6436	356.40	96.37	26.26
2026-06-05T14:52:58.5897265+08:00	0x03	0.3932	-0.5197	-0.5217	-0.5506	48.57	47.06	282.78
2026-06-05T14:52:58.6140932+08:00	0x08	0.0927	-0.7536	-0.1057	-0.6421	359.77	99.17	343.84
2026-06-05T14:52:58.6418176+08:00	0x06	-0.6995	-0.0626	0.7119	-0.0038	175.27	270.78	5.42
2026-06-05T14:52:58.6768110+08:00	0x07	-0.5922	0.3986	0.5718	0.4042	181.58	266.91	290.82
2026-06-05T14:52:58.7406963+08:00	0x04	-0.1993	-0.5706	0.0708	-0.7935	7.21	72.93	23.40
2026-06-05T14:52:59.0474924+08:00	0x09	0.1285	0.7303	-0.1901	0.6434	356.36	96.38	26.30
2026-06-05T14:52:59.1039752+08:00	0x03	0.3907	-0.5243	-0.5177	-0.5518	45.55	50.19	283.09
2026-06-05T14:52:59.2097522+08:00	0x08	0.0823	-0.7553	-0.0963	-0.6430	359.98	99.19	345.44
2026-06-05T14:52:59.2789336+08:00	0x07	-0.5004	0.5108	0.4798	0.5084	328.94	120.01	272.59
2026-06-05T14:52:59.3280095+08:00	0x02	0.3358	0.0461	-0.8559	-0.3905	134.65	321.58	349.44
2026-06-05T14:52:59.6785332+08:00	0x09	0.1291	0.7304	-0.1908	0.6430	356.36	96.43	26.40
2026-06-05T14:52:59.7204756+08:00	0x06	-0.7003	-0.0624	0.7111	-0.0030	175.21	270.65	5.33
2026-06-05T14:52:59.7643625+08:00	0x01	-0.1610	-0.4927	0.8173	-0.2518	213.12	358.14	62.43
2026-06-05T14:52:59.7972828+08:00	0x07	-0.4532	0.5537	0.4315	0.5494	352.69	96.30	282.63
2026-06-05T14:52:59.8419666+08:00	0x04	-0.1927	-0.5723	0.0577	-0.7950	7.98	73.04	21.86
2026-06-05T14:52:59.8966925+08:00	0x02	0.3309	0.0283	-0.8401	-0.4288	130.46	323.33	346.34
2026-06-05T14:53:00.1790641+08:00	0x03	0.3918	-0.5228	-0.5190	-0.5512	46.50	49.20	282.94
2026-06-05T14:53:00.2349758+08:00	0x06	-0.6997	-0.0621	0.7117	-0.0035	175.28	270.75	5.36
2026-06-05T14:53:00.2908804+08:00	0x07	-0.4113	0.5864	0.3888	0.5795	354.96	94.13	291.15
2026-06-05T14:53:00.3909469+08:00	0x09	0.1286	0.7299	-0.1896	0.6440	356.39	96.31	26.26
2026-06-05T14:53:00.4239591+08:00	0x04	-0.1877	-0.5720	0.0599	-0.7963	7.37	72.79	21.55
2026-06-05T14:53:00.7102950+08:00	0x09	0.1302	0.7307	-0.1903	0.6426	356.52	96.53	26.45
2026-06-05T14:53:00.7969020+08:00	0x03	0.3844	-0.5254	-0.5169	-0.5559	45.13	50.77	283.95
2026-06-05T14:53:00.8743035+08:00	0x07	-0.3664	0.6147	0.3463	0.6067	356.48	92.80	299.51
2026-06-05T14:53:00.9580528+08:00	0x04	-0.1847	-0.5732	0.0545	-0.7965	7.69	72.90	20.90
2026-06-05T14:53:01.0987375+08:00	0x02	0.3258	0.0092	-0.8289	-0.4545	127.68	325.14	343.68
2026-06-05T14:53:01.2614282+08:00	0x09	0.1303	0.7312	-0.1884	0.6426	356.71	96.61	26.29
2026-06-05T14:53:01.3087692+08:00	0x03	0.3852	-0.5222	-0.5185	-0.5569	46.60	49.10	283.95
2026-06-05T14:53:01.3405274+08:00	0x06	-0.7018	-0.0600	0.7099	-0.0031	175.41	270.45	5.14
2026-06-05T14:53:01.3919095+08:00	0x07	-0.3066	0.6479	0.2859	0.6360	357.04	92.43	310.50
2026-06-05T14:53:01.5079629+08:00	0x04	-0.1879	-0.5729	0.0561	-0.7958	7.78	72.96	21.30
2026-06-05T14:53:01.5783239+08:00	0x02	0.3086	-0.0059	-0.8334	-0.4585	127.31	327.84	342.98
2026-06-05T14:53:01.8584943+08:00	0x09	0.1306	0.7315	-0.1885	0.6421	356.73	96.68	26.33
2026-06-05T14:53:01.8774464+08:00	0x03	0.3813	-0.5269	-0.5126	-0.5606	43.26	52.39	284.61
2026-06-05T14:53:01.8963939+08:00	0x08	0.0577	-0.7591	-0.0779	-0.6437	0.74	99.33	348.91
2026-06-05T14:53:01.9313070+08:00	0x07	-0.2401	0.6765	0.2211	0.6602	357.61	92.23	321.96
2026-06-05T14:53:02.0935316+08:00	0x04	-0.1910	-0.5704	0.0551	-0.7969	8.05	72.72	21.55
2026-06-05T14:53:02.3939904+08:00	0x09	0.1305	0.7320	-0.1899	0.6412	356.65	96.78	26.45
2026-06-05T14:53:02.3939904+08:00	0x03	0.3777	-0.5281	-0.5079	-0.5662	41.55	53.77	285.41
2026-06-05T14:53:02.4773757+08:00	0x07	-0.1817	0.6947	0.1633	0.6765	357.95	92.03	331.79
2026-06-05T14:53:02.5878061+08:00	0x04	-0.1856	-0.5720	0.0538	-0.7972	7.79	72.77	20.95
2026-06-05T14:53:02.6624752+08:00	0x02	0.3376	-0.0150	-0.8286	-0.4464	129.48	324.71	340.96
2026-06-05T14:53:02.8785564+08:00	0x09	0.1310	0.7315	-0.1903	0.6415	356.64	96.71	26.52
2026-06-05T14:53:02.9474278+08:00	0x08	0.0651	-0.7583	-0.0836	-0.6432	0.52	99.33	347.84
2026-06-05T14:53:03.0826772+08:00	0x07	-0.1018	0.7119	0.0825	0.6899	358.16	92.04	345.05
2026-06-05T14:53:03.1603972+08:00	0x04	-0.1706	-0.5749	0.0470	-0.7989	7.36	72.72	19.07
2026-06-05T14:53:03.2867038+08:00	0x02	0.3483	-0.0123	-0.8179	-0.4577	128.11	323.59	340.18
2026-06-05T14:53:03.4246531+08:00	0x09	0.1308	0.7316	-0.1884	0.6419	356.77	96.72	26.33
2026-06-05T14:53:03.5127217+08:00	0x03	0.3815	-0.5188	-0.5091	-0.5711	44.24	50.10	285.43
2026-06-05T14:53:03.5653863+08:00	0x08	0.0731	-0.7555	-0.0917	-0.6446	0.46	99.00	346.54
2026-06-05T14:53:03.5918251+08:00	0x07	-0.0180	0.7194	0.0022	0.6943	358.69	92.05	358.39
2026-06-05T14:53:03.6877546+08:00	0x04	-0.1655	-0.5795	0.0443	-0.7968	7.34	73.25	18.36
2026-06-05T14:53:03.7625545+08:00	0x02	0.3877	-0.0134	-0.8120	-0.4361	131.59	318.52	338.90
2026-06-05T14:53:03.9444256+08:00	0x09	0.1343	0.7317	-0.1881	0.6413	357.14	96.86	26.59
2026-06-05T14:53:04.0485387+08:00	0x06	-0.7009	-0.0532	0.7113	0.0033	175.45	270.68	4.07
2026-06-05T14:53:04.0635273+08:00	0x08	0.0817	-0.7520	-0.0995	-0.6465	0.34	98.58	345.21
2026-06-05T14:53:04.0914189+08:00	0x01	-0.2787	-0.4680	0.7506	-0.3740	226.81	350.46	65.66
2026-06-05T14:53:04.1429785+08:00	0x07	0.0545	0.7168	-0.0664	0.6919	359.20	91.96	9.82
2026-06-05T14:53:04.2743779+08:00	0x04	-0.1618	-0.5931	0.0388	-0.7878	7.88	75.17	17.52
2026-06-05T14:53:04.4413309+08:00	0x02	0.6144	-0.0682	-0.7450	-0.2507	161.48	284.98	335.82
2026-06-05T14:53:04.5074216+08:00	0x09	0.1340	0.7280	-0.1903	0.6449	356.77	96.16	26.74
2026-06-05T14:53:04.5483121+08:00	0x03	0.4060	-0.5050	-0.4903	-0.5829	40.42	49.95	284.42
2026-06-05T14:53:04.6581523+08:00	0x08	0.1146	-0.7475	-0.1257	-0.6421	359.40	98.77	340.42
2026-06-05T14:53:04.6984718+08:00	0x06	-0.6988	-0.0604	0.7127	-0.0014	175.26	270.92	5.05
2026-06-05T14:53:04.7288602+08:00	0x07	0.1450	0.7022	-0.1531	0.6800	359.72	91.78	24.34
2026-06-05T14:53:04.7883943+08:00	0x04	-0.1228	-0.5953	0.0263	-0.7936	6.15	74.45	13.08
2026-06-05T14:53:04.8635008+08:00	0x02	0.6084	-0.0666	-0.7481	-0.2566	160.58	285.98	335.68
2026-06-05T14:53:05.0618797+08:00	0x09	0.1238	0.7341	-0.1856	0.6413	356.42	96.91	25.55
2026-06-05T14:53:05.1284384+08:00	0x03	0.4400	-0.4765	-0.5378	-0.5386	77.85	14.20	279.42
2026-06-05T14:53:05.1610628+08:00	0x08	0.1020	-0.7471	-0.1108	-0.6474	359.46	98.26	342.69
2026-06-05T14:53:05.1920150+08:00	0x01	-0.4082	-0.4916	0.5228	-0.5642	302.46	34.88	77.08
2026-06-05T14:53:05.2749182+08:00	0x07	0.2183	0.6816	-0.2290	0.6598	359.67	91.75	36.89
2026-06-05T14:53:05.3639113+08:00	0x04	-0.1743	-0.5917	0.0184	-0.7869	10.70	75.51	17.22
2026-06-05T14:53:05.6140420+08:00	0x09	0.1274	0.7302	-0.1977	0.6415	355.65	96.36	26.88
2026-06-05T14:53:05.6641475+08:00	0x03	0.4129	-0.5096	-0.5118	-0.5548	47.47	45.62	281.52
2026-06-05T14:53:05.7082262+08:00	0x08	0.0901	-0.7502	-0.0961	-0.6480	359.37	98.44	344.87
2026-06-05T14:53:05.7752224+08:00	0x01	-0.4401	-0.4659	0.5497	-0.5357	272.62	4.91	79.69
2026-06-05T14:53:05.9592144+08:00	0x04	-0.1620	-0.5900	0.0366	-0.7902	8.03	74.72	17.41
2026-06-05T14:53:06.1463231+08:00	0x09	0.1271	0.7290	-0.1993	0.6424	355.44	96.14	26.99
2026-06-05T14:53:06.2083969+08:00	0x03	0.4235	-0.4944	-0.5251	-0.5482	60.19	32.56	280.42
2026-06-05T14:53:06.3253828+08:00	0x06	-0.7000	-0.0584	0.7117	0.0067	174.74	270.75	4.23
2026-06-05T14:53:06.3642808+08:00	0x07	0.2757	0.6539	-0.2908	0.6418	358.93	90.60	47.23
2026-06-05T14:53:06.4579657+08:00	0x02	0.6911	0.2130	-0.6787	0.1277	172.14	267.02	27.75
2026-06-05T14:53:06.6744802+08:00	0x09	0.1267	0.7292	-0.1948	0.6436	355.76	96.13	26.57
2026-06-05T14:53:06.7445929+08:00	0x03	0.4239	-0.4861	-0.5292	-0.5514	64.84	27.46	280.92
2026-06-05T14:53:06.8110474+08:00	0x08	0.1077	-0.7496	-0.1161	-0.6427	359.27	98.90	341.79
2026-06-05T14:53:06.8585650+08:00	0x01	-0.4510	-0.4730	0.5446	-0.5257	270.02	2.37	81.60
2026-06-05T14:53:07.0308946+08:00	0x04	-0.1468	-0.5814	0.0251	-0.7999	7.78	73.07	15.31
2026-06-05T14:53:07.0608188+08:00	0x02	0.6667	0.3092	-0.6642	0.1371	163.38	264.29	36.41
2026-06-05T14:53:07.2249251+08:00	0x09	0.1267	0.7298	-0.1948	0.6429	355.80	96.25	26.57
2026-06-05T14:53:07.2781622+08:00	0x03	0.4219	-0.4893	-0.5334	-0.5460	66.14	27.01	280.68
2026-06-05T14:53:07.3753914+08:00	0x08	0.1062	-0.7490	-0.1142	-0.6440	359.28	98.74	342.07
2026-06-05T14:53:07.4786413+08:00	0x01	-0.4485	-0.4728	0.5472	-0.5253	269.58	2.24	81.33
2026-06-05T14:53:07.5443971+08:00	0x04	-0.1564	-0.5838	0.0374	-0.7958	7.40	73.63	17.01
2026-06-05T14:53:07.8079651+08:00	0x09	0.1286	0.7281	-0.1959	0.6441	355.82	96.01	26.81
2026-06-05T14:53:07.8747868+08:00	0x03	0.4241	-0.4895	-0.5298	-0.5476	64.47	28.28	280.54
2026-06-05T14:53:07.9424949+08:00	0x01	-0.4495	-0.4718	0.5461	-0.5264	269.79	2.20	81.33
2026-06-05T14:53:07.9927237+08:00	0x07	0.3827	0.6005	-0.3959	0.5799	0.07	92.04	66.82
2026-06-05T14:53:08.1250082+08:00	0x04	-0.1639	-0.5814	0.0434	-0.7958	7.35	73.47	18.14
2026-06-05T14:53:08.1593383+08:00	0x02	0.6581	0.3316	-0.6582	0.1537	162.28	263.56	39.71
2026-06-05T14:53:08.3927460+08:00	0x09	0.1287	0.7304	-0.1923	0.6426	356.21	96.43	26.51
2026-06-05T14:53:08.4290534+08:00	0x03	0.4228	-0.4920	-0.5302	-0.5459	63.76	29.31	280.45
2026-06-05T14:53:08.4632570+08:00	0x08	0.1244	-0.7445	-0.1323	-0.6425	359.06	98.58	339.10
2026-06-05T14:53:08.4931710+08:00	0x07	0.4877	0.5200	-0.4939	0.4979	22.82	114.44	87.73
2026-06-05T14:53:08.7119914+08:00	0x01	-0.4485	-0.4701	0.5480	-0.5268	268.90	1.37	81.04
2026-06-05T14:53:08.8945111+08:00	0x09	0.1281	0.7304	-0.1922	0.6428	356.16	96.40	26.45
2026-06-05T14:53:08.9099725+08:00	0x04	-0.1699	-0.5838	0.0493	-0.7924	7.31	73.99	19.08
2026-06-05T14:53:09.0296511+08:00	0x07	0.5250	0.4828	-0.5276	0.4613	169.41	260.80	83.69
2026-06-05T14:53:09.0805185+08:00	0x08	0.1198	-0.7463	-0.1288	-0.6419	359.18	98.75	339.76
2026-06-05T14:53:09.2253298+08:00	0x04	-0.1695	-0.5838	0.0482	-0.7926	7.38	73.98	18.96
2026-06-05T14:53:09.4786987+08:00	0x09	0.1284	0.7306	-0.1916	0.6426	356.25	96.45	26.43
2026-06-05T14:53:09.5748537+08:00	0x07	0.5519	0.4518	-0.5526	0.4312	174.22	265.45	77.23
2026-06-05T14:53:09.6104518+08:00	0x01	-0.4483	-0.4694	0.5484	-0.5272	268.72	1.15	80.95
2026-06-05T14:53:09.6792161+08:00	0x02	0.6508	0.3503	-0.6501	0.1765	161.89	262.71	43.25
2026-06-05T14:53:09.7993512+08:00	0x04	-0.1699	-0.5811	0.0515	-0.7942	7.03	73.58	19.25
2026-06-05T14:53:10.0160933+08:00	0x09	0.1290	0.7296	-0.1899	0.6442	356.39	96.27	26.31
2026-06-05T14:53:10.0929756+08:00	0x03	0.4222	-0.4920	-0.5324	-0.5442	65.02	28.32	280.43
2026-06-05T14:53:10.1137455+08:00	0x07	0.5829	0.4120	-0.5807	0.3915	175.87	266.94	69.21
2026-06-05T14:53:10.1427198+08:00	0x01	-0.4444	-0.4758	0.5446	-0.5287	274.44	7.16	81.17
2026-06-05T14:53:10.1883497+08:00	0x06	-0.6958	-0.0642	0.7153	-0.0041	175.19	271.35	5.60
2026-06-05T14:53:10.3124265+08:00	0x04	-0.1718	-0.5790	0.0493	-0.7955	7.33	73.35	19.30
2026-06-05T14:53:10.4635191+08:00	0x02	0.6409	0.3663	-0.6466	0.1924	161.45	262.57	46.08
2026-06-05T14:53:10.6113520+08:00	0x09	0.1307	0.7287	-0.1915	0.6444	356.39	96.17	26.58
2026-06-05T14:53:10.6433358+08:00	0x07	0.6054	0.3767	-0.6023	0.3588	177.02	267.89	62.66
2026-06-05T14:53:10.6950474+08:00	0x01	-0.4483	-0.4723	0.5502	-0.5227	267.20	0.16	81.26
2026-06-05T14:53:10.7813567+08:00	0x02	0.6335	0.3747	-0.6487	0.1933	160.84	262.97	46.97
2026-06-05T14:53:11.1132275+08:00	0x03	0.4349	-0.4799	-0.5435	-0.5340	79.25	13.89	279.55
2026-06-05T14:53:11.1398243+08:00	0x08	0.1225	-0.7425	-0.1292	-0.6458	359.08	98.13	339.51
2026-06-05T14:53:11.2134397+08:00	0x01	-0.4375	-0.4748	0.5366	-0.5434	283.87	15.63	80.06
2026-06-05T14:53:11.4124202+08:00	0x04	-0.2645	-0.5493	0.2327	-0.7578	355.28	70.11	41.02
2026-06-05T14:53:11.6627065+08:00	0x08	0.1075	-0.7439	-0.1184	-0.6488	359.61	97.87	341.60
2026-06-05T14:53:11.6773506+08:00	0x09	0.1329	0.7235	-0.1971	0.6481	355.93	95.31	27.22
2026-06-05T14:53:11.7347373+08:00	0x06	-0.6946	-0.0454	0.7178	0.0144	175.19	271.77	2.59
2026-06-05T14:53:11.8645773+08:00	0x02	0.5669	0.3238	-0.7462	0.1301	167.12	280.97	39.11
2026-06-05T14:53:12.1770053+08:00	0x03	0.3586	-0.4926	-0.4186	-0.6734	28.22	54.67	296.44
2026-06-05T14:53:12.2458470+08:00	0x07	0.6319	0.3316	-0.6274	0.3116	177.26	268.20	54.09
2026-06-05T14:53:12.3789283+08:00	0x01	-0.4226	-0.4386	0.6993	-0.3742	204.47	314.47	68.38
2026-06-05T14:53:12.3939241+08:00	0x02	0.6012	0.1968	-0.7724	0.0570	170.79	282.43	21.87
2026-06-05T14:53:12.4602345+08:00	0x06	-0.7097	-0.0094	0.7028	0.0488	175.29	269.57	356.78
2026-06-05T14:53:12.7290787+08:00	0x03	0.3508	-0.4783	-0.3757	-0.7121	22.92	54.64	300.80
2026-06-05T14:53:12.7779478+08:00	0x07	0.7038	0.1794	-0.6702	0.1525	176.91	266.45	27.07
2026-06-05T14:53:12.8204415+08:00	0x06	-0.7093	0.0066	0.7014	0.0703	174.85	269.64	353.75
2026-06-05T14:53:12.9492601+08:00	0x02	0.6287	0.1521	-0.7626	-0.0056	168.16	279.65	13.00
2026-06-05T14:53:13.0607206+08:00	0x04	-0.1540	-0.5612	0.1244	-0.8036	358.31	69.52	22.78
2026-06-05T14:53:13.2628228+08:00	0x03	0.3482	-0.4738	-0.3802	-0.7139	24.45	53.16	300.96
2026-06-05T14:53:13.3975392+08:00	0x07	0.7243	0.0953	-0.6800	0.0618	176.82	266.03	12.66
2026-06-05T14:53:13.4594345+08:00	0x01	-0.4266	-0.4210	0.7095	-0.3707	204.23	313.84	66.01
2026-06-05T14:53:13.5427957+08:00	0x04	-0.1331	-0.5714	0.1294	-0.7994	356.63	70.49	21.14
2026-06-05T14:53:13.7785968+08:00	0x09	0.1337	0.7200	-0.2132	0.6467	354.55	94.74	28.69
2026-06-05T14:53:13.7935552+08:00	0x03	0.3469	-0.4937	-0.3925	-0.6942	24.16	56.66	299.64
2026-06-05T14:53:13.9298996+08:00	0x07	0.7264	0.0226	-0.6868	-0.0101	177.32	266.77	0.94
2026-06-05T14:53:14.0261440+08:00	0x06	-0.7186	-0.0124	0.6930	0.0573	174.42	268.11	356.26
2026-06-05T14:53:14.0638885+08:00	0x01	-0.4528	-0.4506	0.5241	-0.5632	282.51	10.13	79.24
2026-06-05T14:53:14.3100157+08:00	0x09	0.1197	0.7296	-0.1913	0.6455	355.40	95.95	25.70
2026-06-05T14:53:14.3943067+08:00	0x03	0.4055	-0.4763	-0.4720	-0.6213	41.56	43.89	287.56
2026-06-05T14:53:14.4299100+08:00	0x08	0.3216	-0.6911	-0.2953	-0.5760	350.43	104.97	308.86
2026-06-05T14:53:14.4638164+08:00	0x07	0.7269	-0.0378	-0.6823	-0.0685	177.77	266.54	351.31
2026-06-05T14:53:14.5618367+08:00	0x01	-0.4115	-0.4776	0.5262	-0.5707	297.41	28.65	76.48
2026-06-05T14:53:14.6292348+08:00	0x04	-0.0711	-0.5934	-0.0476	-0.8003	9.25	73.38	3.29
2026-06-05T14:53:14.8606357+08:00	0x09	0.1129	0.7337	-0.1786	0.6458	355.92	96.42	24.07
2026-06-05T14:53:14.8854079+08:00	0x03	0.4262	-0.4665	-0.4921	-0.5989	51.51	34.66	284.18
2026-06-05T14:53:14.9985075+08:00	0x07	0.7150	-0.0838	-0.6862	-0.1043	178.62	267.83	344.68
2026-06-05T14:53:15.0778248+08:00	0x06	-0.7030	-0.0709	0.7077	-0.0073	174.84	270.10	6.35
2026-06-05T14:53:15.1507601+08:00	0x02	0.5490	0.4661	-0.5946	0.3575	164.38	263.34	71.23
2026-06-05T14:53:15.1827410+08:00	0x04	-0.0832	-0.5931	-0.0200	-0.8006	7.56	73.48	6.29
2026-06-05T14:53:15.3943527+08:00	0x09	0.1157	0.7358	-0.1800	0.6425	356.16	96.91	24.43
2026-06-05T14:53:15.4291724+08:00	0x03	0.4206	-0.4750	-0.4895	-0.5982	48.11	38.75	284.48
2026-06-05T14:53:15.6069326+08:00	0x06	-0.7069	-0.0706	0.7037	-0.0068	174.79	269.45	6.26
2026-06-05T14:53:15.6627867+08:00	0x01	-0.4118	-0.4992	0.5266	-0.5513	302.06	35.67	78.46
2026-06-05T14:53:15.7134095+08:00	0x04	-0.1101	-0.5841	0.0063	-0.8042	6.92	72.62	10.63
2026-06-05T14:53:15.9139506+08:00	0x09	0.1202	0.7375	-0.1848	0.6384	356.28	97.41	25.21
2026-06-05T14:53:16.0109877+08:00	0x03	0.4043	-0.4976	-0.4892	-0.5913	42.19	47.31	285.21
2026-06-05T14:53:16.0696627+08:00	0x07	0.6958	-0.1661	-0.6753	-0.1795	179.27	268.47	331.70
2026-06-05T14:53:16.1610321+08:00	0x06	-0.7105	-0.0692	0.7003	-0.0040	174.65	268.90	5.90
2026-06-05T14:53:16.2179487+08:00	0x01	-0.4197	-0.4927	0.5360	-0.5421	293.60	27.45	79.47
2026-06-05T14:53:16.2514388+08:00	0x02	0.4761	0.5458	-0.5731	0.3834	143.95	248.89	82.16
2026-06-05T14:53:16.5203344+08:00	0x09	0.1202	0.7360	-0.1858	0.6398	356.15	97.13	25.29
2026-06-05T14:53:16.5449438+08:00	0x03	0.4157	-0.4890	-0.4959	-0.5849	46.89	42.20	283.75
2026-06-05T14:53:16.6026086+08:00	0x07	0.6573	-0.2869	-0.6301	-0.2976	180.18	267.49	311.17
2026-06-05T14:53:16.6838899+08:00	0x06	-0.7061	-0.0680	0.7048	-0.0078	175.09	269.64	6.13
2026-06-05T14:53:16.7995819+08:00	0x01	-0.4448	-0.4420	0.6536	-0.4238	212.73	315.92	72.71
2026-06-05T14:53:16.8215191+08:00	0x02	0.5202	0.4275	-0.7025	0.2304	167.10	279.90	57.18
2026-06-05T14:53:17.0145670+08:00	0x04	-0.0902	-0.5242	-0.0481	-0.8454	10.19	64.12	5.86
2026-06-05T14:53:17.0476849+08:00	0x09	0.1208	0.7311	-0.1807	0.6468	356.39	96.21	24.87
2026-06-05T14:53:17.0637407+08:00	0x08	0.0480	-0.7626	-0.0741	-0.6408	1.26	99.82	349.95
2026-06-05T14:53:17.1473319+08:00	0x03	0.3871	-0.4682	-0.5972	-0.5237	92.84	6.11	285.28
2026-06-05T14:53:17.1611544+08:00	0x07	0.6300	-0.3403	-0.6054	-0.3475	180.89	267.22	301.80
2026-06-05T14:53:17.2660381+08:00	0x06	-0.7109	-0.0601	0.7006	-0.0086	175.77	268.96	5.54
2026-06-05T14:53:17.3146074+08:00	0x01	-0.4315	-0.4799	0.5426	-0.5376	282.86	15.93	80.00
2026-06-05T14:53:17.3366714+08:00	0x02	0.5708	0.4599	-0.5940	0.3313	159.80	258.68	67.61
2026-06-05T14:53:17.6494565+08:00	0x08	0.0015	-0.7701	-0.0429	-0.6364	3.01	100.76	356.10
2026-06-05T14:53:17.6784031+08:00	0x03	0.3876	-0.4891	-0.4438	-0.6432	32.09	52.20	291.15
2026-06-05T14:53:17.8281012+08:00	0x06	-0.7092	-0.0624	0.7019	-0.0201	176.52	269.20	6.67
2026-06-05T14:53:17.8944737+08:00	0x04	-0.1582	-0.5719	0.1058	-0.7979	0.75	71.40	21.93
2026-06-05T14:53:18.1603630+08:00	0x08	-0.0351	-0.7662	-0.0213	-0.6413	4.65	100.17	0.71
2026-06-05T14:53:18.1783151+08:00	0x09	0.1339	0.7312	-0.1634	0.6486	358.98	96.63	24.37
2026-06-05T14:53:18.2122231+08:00	0x03	0.3927	-0.4834	-0.4572	-0.6349	36.30	48.64	289.84
2026-06-05T14:53:18.3474961+08:00	0x06	-0.6902	-0.0604	0.7207	-0.0255	177.31	272.31	7.03
2026-06-05T14:53:18.4273601+08:00	0x02	0.4828	0.5469	-0.5291	0.4335	110.52	209.69	85.75
2026-06-05T14:53:18.6104105+08:00	0x08	-0.0609	-0.7604	-0.0030	-0.6466	5.56	99.46	4.26
2026-06-05T14:53:18.7007434+08:00	0x09	0.1417	0.7261	-0.1666	0.6519	359.27	96.00	25.26
2026-06-05T14:53:18.8028561+08:00	0x07	0.5893	-0.4105	-0.5660	-0.4049	184.35	264.62	289.64
2026-06-05T14:53:18.8345820+08:00	0x03	0.3891	-0.4866	-0.4533	-0.6374	34.84	50.11	290.41
2026-06-05T14:53:18.9163638+08:00	0x06	-0.6798	-0.0566	0.7309	-0.0212	177.35	274.00	6.40
2026-06-05T14:53:18.9950106+08:00	0x04	-0.1134	-0.5838	0.0600	-0.8017	2.14	72.40	14.59
2026-06-05T14:53:19.2116616+08:00	0x08	-0.0797	-0.7554	0.0082	-0.6503	6.34	98.92	6.66
2026-06-05T14:53:19.2444419+08:00	0x09	0.1440	0.7215	-0.1596	0.6582	359.85	95.23	24.82
2026-06-05T14:53:19.2945726+08:00	0x03	0.3890	-0.4806	-0.4511	-0.6436	35.44	48.67	290.88
2026-06-05T14:53:19.3456008+08:00	0x07	0.5115	-0.5266	-0.4847	-0.4756	275.11	176.28	274.47
2026-06-05T14:53:19.4375988+08:00	0x06	-0.6739	-0.0495	0.7367	-0.0260	178.36	275.02	6.20
2026-06-05T14:53:19.5836624+08:00	0x04	-0.1046	-0.5879	0.0459	-0.8008	2.91	72.90	12.80
2026-06-05T14:53:19.7131574+08:00	0x08	-0.0945	-0.7516	0.0150	-0.6526	7.11	98.58	8.40
2026-06-05T14:53:19.8240928+08:00	0x09	0.1622	0.7191	-0.1707	0.6538	0.65	95.60	27.23
2026-06-05T14:53:19.8483681+08:00	0x03	0.4023	-0.4827	-0.4524	-0.6328	34.60	49.59	288.92
2026-06-05T14:53:19.8983366+08:00	0x07	0.4208	-0.6196	-0.3858	-0.5387	343.11	109.57	291.34
2026-06-05T14:53:20.0004155+08:00	0x02	0.4504	0.5732	-0.5194	0.4458	44.29	145.57	85.63
2026-06-05T14:53:20.0447219+08:00	0x04	-0.0844	-0.5926	0.0434	-0.7999	1.78	73.23	10.75
2026-06-05T14:53:20.2786379+08:00	0x08	-0.1068	-0.7460	0.0073	-0.6573	8.71	97.89	8.70
2026-06-05T14:53:20.3837268+08:00	0x09	0.1850	0.7252	-0.1528	0.6453	4.59	97.79	27.42
2026-06-05T14:53:20.4153903+08:00	0x07	0.3609	-0.6672	-0.3215	-0.5669	347.61	106.03	303.07
2026-06-05T14:53:20.5754317+08:00	0x02	0.4234	0.5875	-0.5109	0.4632	11.45	113.63	83.00
2026-06-05T14:53:20.6285680+08:00	0x06	-0.6087	-0.0663	0.7875	-0.0696	181.68	284.76	10.91
2026-06-05T14:53:20.8115427+08:00	0x08	-0.1179	-0.7261	0.0141	-0.6772	8.90	94.80	10.38
2026-06-05T14:53:20.8956548+08:00	0x09	0.1771	0.7435	-0.1236	0.6329	6.72	100.63	24.08
2026-06-05T14:53:20.9616271+08:00	0x07	0.3457	-0.7272	-0.2546	-0.5356	339.98	116.20	312.22
2026-06-05T14:53:21.0884746+08:00	0x03	0.4141	-0.4783	-0.4533	-0.6279	35.12	48.48	287.52
2026-06-05T14:53:21.0974564+08:00	0x02	0.4227	0.5965	-0.4752	0.4896	11.51	110.70	78.75
2026-06-05T14:53:21.1609873+08:00	0x01	-0.4326	-0.4512	0.4936	-0.6047	303.85	28.50	75.60
2026-06-05T14:53:21.3947756+08:00	0x08	-0.1903	-0.7045	0.0856	-0.6783	9.45	94.03	22.27
2026-06-05T14:53:21.4346967+08:00	0x03	0.4298	-0.4602	-0.4777	-0.6126	47.45	36.51	284.92
2026-06-05T14:53:21.4954758+08:00	0x07	0.3375	-0.7438	-0.2407	-0.5243	339.17	118.43	314.61
2026-06-05T14:53:21.6497932+08:00	0x04	-0.0630	-0.6001	0.0290	-0.7969	1.70	74.08	7.77
2026-06-05T14:53:21.6807262+08:00	0x02	0.4222	0.6008	-0.5200	0.4365	27.43	132.52	83.35
2026-06-05T14:53:21.8559100+08:00	0x06	-0.6107	-0.0659	0.7861	-0.0683	181.57	284.46	10.77
2026-06-05T14:53:21.9788860+08:00	0x08	-0.1369	-0.7037	0.0314	-0.6965	8.82	91.64	13.58
2026-06-05T14:53:21.9953948+08:00	0x09	0.1913	0.7360	-0.1254	0.6371	7.75	99.99	25.37
2026-06-05T14:53:22.0153279+08:00	0x03	0.4134	-0.4573	-0.4667	-0.6341	43.86	38.98	287.98
2026-06-05T14:53:22.0717871+08:00	0x07	0.2078	-0.3684	-0.5126	-0.7472	57.67	27.72	316.51
2026-06-05T14:53:22.1789438+08:00	0x02	0.4414	0.5978	-0.4860	0.4601	30.29	130.78	80.80
2026-06-05T14:53:22.2815594+08:00	0x01	-0.4562	-0.4632	0.5260	-0.5483	281.13	10.25	80.96
2026-06-05T14:53:22.5295526+08:00	0x03	0.4098	-0.4747	-0.4579	-0.6301	37.53	46.25	287.98
2026-06-05T14:53:22.6274330+08:00	0x07	0.2631	-0.3065	-0.6899	-0.6007	97.70	0.44	312.35
2026-06-05T14:53:22.7420579+08:00	0x02	0.4895	0.5533	-0.5432	0.3990	122.59	224.56	82.61
2026-06-05T14:53:22.7789567+08:00	0x06	-0.3267	-0.0066	0.9444	0.0368	175.76	321.86	359.33
2026-06-05T14:53:23.0577266+08:00	0x03	0.4110	-0.4687	-0.4778	-0.6190	45.09	40.07	286.93
2026-06-05T14:53:23.1510294+08:00	0x07	0.2929	-0.2618	-0.7407	-0.5450	112.36	347.87	315.00
2026-06-05T14:53:23.2131079+08:00	0x04	-0.0939	-0.5911	0.0336	-0.8004	3.35	73.21	10.96
2026-06-05T14:53:23.3679607+08:00	0x06	-0.3335	0.0084	0.9410	0.0570	174.15	321.13	356.92
2026-06-05T14:53:23.5510214+08:00	0x03	0.4126	-0.4774	-0.4592	-0.6252	37.17	46.97	287.35
2026-06-05T14:53:23.6351866+08:00	0x09	0.2114	0.7333	-0.1433	0.6301	8.47	100.81	28.46
2026-06-05T14:53:23.7199769+08:00	0x04	-0.0948	-0.5913	0.0286	-0.8003	3.87	73.28	10.70
2026-06-05T14:53:23.7542122+08:00	0x07	0.3079	-0.2740	-0.7494	-0.5182	117.22	344.96	313.14
2026-06-05T14:53:23.8941029+08:00	0x06	-0.3375	0.0069	0.9386	0.0711	172.58	320.68	356.50
2026-06-05T14:53:24.1478647+08:00	0x08	0.0301	-0.7108	-0.1304	-0.6905	8.11	90.73	346.89
2026-06-05T14:53:24.2826324+08:00	0x07	0.3173	-0.2614	-0.7686	-0.4901	123.09	340.72	314.54
2026-06-05T14:53:24.3328184+08:00	0x04	-0.0839	-0.5907	0.0159	-0.8024	4.27	73.05	8.83
2026-06-05T14:53:24.4325773+08:00	0x06	-0.3424	-0.0159	0.9376	0.0582	173.11	319.91	359.43
2026-06-05T14:53:24.6626203+08:00	0x08	0.0572	-0.7108	-0.1541	-0.6840	7.79	91.01	342.70
2026-06-05T14:53:24.6952349+08:00	0x03	0.4207	-0.4636	-0.4792	-0.6152	46.87	37.74	285.86
2026-06-05T14:53:24.8163600+08:00	0x07	0.3297	-0.2386	-0.7926	-0.4540	130.12	335.41	317.34
2026-06-05T14:53:24.9616884+08:00	0x06	-0.3326	-0.0203	0.9415	0.0499	173.83	321.07	0.28
2026-06-05T14:53:25.1617261+08:00	0x03	0.4242	-0.4575	-0.4839	-0.6137	50.12	34.30	285.55
2026-06-05T14:53:25.2331253+08:00	0x09	0.1760	0.7396	-0.1179	0.6388	6.87	99.80	23.54
2026-06-05T14:53:25.3849445+08:00	0x07	0.3303	-0.2180	-0.8102	-0.4324	133.65	333.22	320.30
2026-06-05T14:53:25.4314253+08:00	0x06	-0.3239	-0.0250	0.9446	0.0462	174.06	322.10	0.99
2026-06-05T14:53:25.5951719+08:00	0x01	-0.4711	-0.4527	0.5499	-0.5204	251.57	342.21	81.15
2026-06-05T14:53:25.7129486+08:00	0x03	0.4270	-0.4554	-0.4835	-0.6136	50.62	33.49	285.34
2026-06-05T14:53:25.7885223+08:00	0x09	0.1910	0.7343	-0.1354	0.6372	6.91	99.71	26.25
2026-06-05T14:53:25.9794903+08:00	0x04	-0.0931	-0.5895	0.0334	-0.8017	3.28	72.96	10.87
2026-06-05T14:53:26.1659089+08:00	0x01	-0.4704	-0.4490	0.5541	-0.5197	249.79	340.53	80.58
2026-06-05T14:53:26.2374951+08:00	0x03	0.4254	-0.4581	-0.4854	-0.6112	50.66	33.95	285.26
2026-06-05T14:53:26.3148603+08:00	0x09	0.2051	0.7390	-0.1445	0.6253	7.97	101.52	28.04
2026-06-05T14:53:26.3553665+08:00	0x08	0.0047	-0.7026	-0.1004	-0.7044	7.84	89.27	351.51
2026-06-05T14:53:26.5024099+08:00	0x07	0.3395	-0.2194	-0.8194	-0.4065	137.95	330.68	320.53
2026-06-05T14:53:26.5521534+08:00	0x06	-0.3190	-0.0138	0.9459	0.0568	173.33	322.76	359.42
2026-06-05T14:53:26.7011535+08:00	0x01	-0.4733	-0.4448	0.5649	-0.5088	240.68	332.27	79.84
2026-06-05T14:53:26.7799407+08:00	0x03	0.4095	-0.4716	-0.4740	-0.6206	43.21	41.89	287.17
2026-06-05T14:53:26.8417770+08:00	0x09	0.1799	0.7444	-0.1183	0.6321	7.42	100.90	23.80
2026-06-05T14:53:27.0160027+08:00	0x07	0.3459	-0.2198	-0.8193	-0.4010	139.04	329.54	320.39
2026-06-05T14:53:27.0795970+08:00	0x06	-0.3320	-0.0211	0.9412	0.0585	172.87	321.14	0.05
2026-06-05T14:53:27.2721373+08:00	0x01	-0.4763	-0.4463	0.5631	-0.5069	238.89	330.39	80.21
2026-06-05T14:53:27.3663401+08:00	0x03	0.4089	-0.4696	-0.4731	-0.6233	43.34	41.47	287.44
2026-06-05T14:53:27.3992608+08:00	0x09	0.2028	0.7369	-0.1426	0.6289	7.76	100.96	27.73
2026-06-05T14:53:27.5807372+08:00	0x02	0.6329	0.3838	-0.6321	0.2295	161.94	261.28	50.87
2026-06-05T14:53:27.6156466+08:00	0x04	-0.1066	-0.5846	0.0456	-0.8030	3.03	72.46	12.98
2026-06-05T14:53:27.7902981+08:00	0x01	-0.4772	-0.4471	0.5608	-0.5079	239.46	330.77	80.45
2026-06-05T14:53:27.9008518+08:00	0x03	0.4118	-0.4615	-0.4783	-0.6234	46.75	37.72	287.27
2026-06-05T14:53:27.9337422+08:00	0x09	0.2022	0.7381	-0.1384	0.6287	8.05	101.11	27.29
2026-06-05T14:53:28.1424104+08:00	0x04	-0.1031	-0.5833	0.0339	-0.8050	3.85	72.25	11.86
2026-06-05T14:53:28.2528371+08:00	0x01	-0.4729	-0.4449	0.5613	-0.5133	243.56	334.70	80.00
2026-06-05T14:53:28.2990240+08:00	0x07	0.3642	-0.2378	-0.8096	-0.3942	141.09	327.09	317.77
2026-06-05T14:53:28.4665051+08:00	0x09	0.2084	0.7369	-0.1452	0.6265	8.18	101.33	28.37
2026-06-05T14:53:28.5460576+08:00	0x03	0.4133	-0.4753	-0.4604	-0.6256	38.01	46.00	287.31
2026-06-05T14:53:28.6006042+08:00	0x08	0.0631	-0.7094	-0.1599	-0.6835	7.81	90.88	341.75
2026-06-05T14:53:28.6297317+08:00	0x07	0.3807	-0.2387	-0.8058	-0.3856	143.23	324.23	317.29
2026-06-05T14:53:28.6676361+08:00	0x02	0.6539	0.3464	-0.6373	0.2149	164.98	262.08	46.27
2026-06-05T14:53:28.8225229+08:00	0x01	-0.4876	-0.4186	0.5786	-0.5022	229.99	320.41	76.95
2026-06-05T14:53:29.0299304+08:00	0x03	0.4156	-0.4799	-0.4559	-0.6238	35.42	48.57	287.04
2026-06-05T14:53:29.0629096+08:00	0x09	0.1896	0.7424	-0.1269	0.6299	7.74	101.11	25.29
2026-06-05T14:53:29.1034531+08:00	0x08	0.0903	-0.7032	-0.1877	-0.6797	7.99	90.34	337.25
2026-06-05T14:53:29.2300728+08:00	0x07	0.3573	-0.2227	-0.8247	-0.3776	143.01	326.88	320.42
2026-06-05T14:53:29.2827500+08:00	0x04	-0.1052	-0.5957	0.0309	-0.7957	4.47	74.10	11.78
2026-06-05T14:53:29.3326535+08:00	0x01	-0.4816	-0.4249	0.5726	-0.5095	235.52	325.88	77.80
2026-06-05T14:53:29.5837093+08:00	0x03	0.4223	-0.4756	-0.4695	-0.6124	40.59	44.23	285.46
2026-06-05T14:53:29.6525898+08:00	0x08	0.0945	-0.7090	-0.1876	-0.6732	7.41	91.45	336.85
2026-06-05T14:53:29.7637958+08:00	0x07	0.3790	-0.2085	-0.8316	-0.3483	147.86	322.22	322.36
2026-06-05T14:53:29.8626686+08:00	0x02	0.6687	0.3102	-0.6440	0.2045	168.18	263.26	42.30
2026-06-05T14:53:30.1321233+08:00	0x09	0.1855	0.7329	-0.1336	0.6408	6.42	99.14	25.69
2026-06-05T14:53:30.1656903+08:00	0x03	0.4304	-0.4761	-0.4568	-0.6159	35.75	47.68	285.16
2026-06-05T14:53:30.2024815+08:00	0x08	0.0794	-0.7340	-0.1692	-0.6529	6.40	95.53	339.39
2026-06-05T14:53:30.2965137+08:00	0x07	0.5132	-0.2792	-0.7435	-0.3254	162.66	298.63	311.49
2026-06-05T14:53:30.3840148+08:00	0x02	0.6769	0.3000	-0.6520	0.1636	165.88	263.00	37.79
2026-06-05T14:54:08.9377918+08:00	0x09	0.1858	0.6987	-0.1702	0.6696	2.07	92.97	29.12
2026-06-05T14:54:08.9377918+08:00	0x03	0.4279	-0.4798	-0.4658	-0.6081	37.96	46.81	284.68
2026-06-05T14:54:08.9377918+08:00	0x04	-0.1170	-0.6032	0.0251	-0.7885	5.97	75.48	12.40
2026-06-05T14:54:08.9377918+08:00	0x02	0.6816	0.2764	-0.6668	0.1197	165.14	264.43	32.13
2026-06-05T14:54:08.9377918+08:00	0x09	0.2014	0.7094	-0.2058	0.6434	1.43	96.02	33.44
2026-06-05T14:54:08.9377918+08:00	0x03	0.4050	-0.5023	-0.4559	-0.6131	30.71	55.82	287.34
2026-06-05T14:54:08.9377918+08:00	0x06	-0.6815	-0.0585	0.7290	0.0262	173.22	273.69	2.85
2026-06-05T14:54:08.9377918+08:00	0x07	0.6462	-0.2875	-0.6295	-0.3218	176.94	269.97	308.94
2026-06-05T14:54:08.9377918+08:00	0x01	-0.4979	-0.4154	0.5931	-0.4773	217.43	309.36	75.47
2026-06-05T14:54:08.9377918+08:00	0x02	0.6912	0.2706	-0.6633	0.0956	163.51	263.29	29.41
2026-06-05T14:54:08.9377918+08:00	0x09	0.1783	0.7213	-0.2057	0.6369	359.68	97.01	31.59
2026-06-05T14:54:08.9377918+08:00	0x03	0.4139	-0.4925	-0.4648	-0.6083	35.03	51.22	285.97
2026-06-05T14:54:08.9377918+08:00	0x07	0.6481	-0.2776	-0.6257	-0.3337	174.70	270.52	308.74
2026-06-05T14:54:08.9377918+08:00	0x02	0.6972	0.2582	-0.6627	0.0898	164.18	263.15	27.86
2026-06-05T14:54:08.9377918+08:00	0x06	-0.6865	-0.0685	0.7232	0.0320	171.92	272.76	3.16
2026-06-05T14:54:08.9377918+08:00	0x09	0.1721	0.7375	-0.2138	0.6170	359.32	99.97	31.85
2026-06-05T14:54:08.9377918+08:00	0x03	0.4047	-0.4915	-0.4631	-0.6166	35.42	50.72	287.39
2026-06-05T14:54:08.9377918+08:00	0x06	-0.6821	-0.0606	0.7267	0.0551	170.63	273.57	0.74
2026-06-05T14:54:08.9377918+08:00	0x04	-0.1211	-0.5924	0.0377	-0.7956	4.94	73.94	13.73
2026-06-05T14:54:08.9377918+08:00	0x01	-0.5274	-0.3918	0.6047	-0.4502	204.51	295.60	71.57
2026-06-05T14:54:08.9377918+08:00	0x09	0.0692	0.4914	-0.2762	0.8231	335.22	56.63	22.67
2026-06-05T14:54:08.9377918+08:00	0x03	0.3974	-0.4915	-0.4178	-0.6527	24.78	57.00	291.66
2026-06-05T14:54:08.9377918+08:00	0x07	0.6575	-0.2575	-0.6135	-0.3534	171.25	270.24	308.67
2026-06-05T14:54:08.9377918+08:00	0x01	-0.5564	-0.3703	0.6128	-0.4216	195.78	286.07	67.37
2026-06-05T14:54:08.9377918+08:00	0x09	0.0725	0.4997	-0.2748	0.8182	335.77	57.80	23.16
2026-06-05T14:54:08.9391539+08:00	0x03	0.3949	-0.5008	-0.4122	-0.6506	22.01	60.25	292.06
2026-06-05T14:54:08.9391539+08:00	0x08	0.0799	-0.7333	-0.1697	-0.6535	6.42	95.41	339.31
2026-06-05T14:54:08.9391539+08:00	0x07	0.6635	-0.2697	-0.5943	-0.3657	172.54	267.48	306.30
2026-06-05T14:54:08.9391539+08:00	0x01	-0.5528	-0.3716	0.6154	-0.4214	196.31	287.06	67.41
2026-06-05T14:54:08.9391539+08:00	0x09	0.0534	0.4305	-0.3275	0.8394	327.13	47.79	21.82
2026-06-05T14:54:08.9391539+08:00	0x03	0.3934	-0.5001	-0.4322	-0.6390	26.63	57.54	290.75
2026-06-05T14:54:08.9391539+08:00	0x07	0.6603	-0.2851	-0.5838	-0.3766	173.48	266.44	303.88
2026-06-05T14:54:08.9391539+08:00	0x01	-0.5434	-0.3806	0.6194	-0.4197	196.54	288.69	68.08
2026-06-05T14:54:08.9391539+08:00	0x04	-0.0968	-0.5944	0.0027	-0.7983	6.44	73.86	9.08
2026-06-05T14:54:08.9391539+08:00	0x02	0.6970	0.2586	-0.6627	0.0899	164.16	263.15	27.91
2026-06-05T14:54:08.9391539+08:00	0x09	0.0605	0.4164	-0.3497	0.8370	324.43	45.40	23.11
2026-06-05T14:54:08.9391539+08:00	0x08	0.2204	-0.3376	-0.3748	-0.8348	37.48	30.57	321.60
2026-06-05T14:54:08.9391539+08:00	0x03	0.3870	-0.5081	-0.4262	-0.6406	24.37	60.18	291.72
2026-06-05T14:54:08.9391539+08:00	0x07	0.6549	-0.3033	-0.5717	-0.3902	174.54	265.33	300.93
2026-06-05T14:54:08.9391539+08:00	0x04	-0.0937	-0.5979	0.0001	-0.7961	6.50	74.31	8.59
2026-06-05T14:54:08.9391539+08:00	0x01	-0.5439	-0.3765	0.6252	-0.4142	196.19	288.73	67.12
2026-06-05T14:54:08.9391539+08:00	0x02	0.7353	0.1071	-0.6673	-0.0515	166.89	264.01	3.85
2026-06-05T14:54:08.9391539+08:00	0x09	0.0613	0.4176	-0.3675	0.8288	322.33	45.15	24.11
2026-06-05T14:54:08.9391539+08:00	0x08	0.2627	-0.2950	-0.4921	-0.7758	58.18	16.15	315.74
2026-06-05T14:54:08.9391539+08:00	0x03	0.3868	-0.5038	-0.4309	-0.6410	26.29	58.29	291.55
2026-06-05T14:54:08.9391539+08:00	0x07	0.6503	-0.3214	-0.5575	-0.4037	176.06	263.58	297.94
2026-06-05T14:54:08.9391539+08:00	0x06	-0.6564	-0.0734	0.7489	0.0538	169.80	277.34	2.25
2026-06-05T14:54:08.9391539+08:00	0x01	-0.5407	-0.3859	0.6182	-0.4202	196.34	288.86	68.67
2026-06-05T14:54:08.9391539+08:00	0x02	0.7410	0.0964	-0.6609	-0.0688	166.47	263.29	1.47
2026-06-05T14:54:08.9391539+08:00	0x09	0.0602	0.4212	-0.3717	0.8251	321.85	45.55	24.35
2026-06-05T14:54:08.9391539+08:00	0x07	0.6422	-0.3373	-0.5485	-0.4159	176.91	262.96	295.28
2026-06-05T14:54:08.9391539+08:00	0x03	0.3869	-0.5040	-0.4358	-0.6375	27.32	57.75	291.16
2026-06-05T14:54:08.9391539+08:00	0x04	-0.0900	-0.5967	-0.0145	-0.7972	7.56	74.11	7.25
2026-06-05T14:54:08.9391539+08:00	0x01	-0.5396	-0.3878	0.6149	-0.4247	197.03	289.27	69.27
2026-06-05T14:54:08.9391539+08:00	0x09	0.0681	0.4214	-0.3818	0.8198	320.89	45.15	25.69
2026-06-05T14:54:08.9391539+08:00	0x07	0.6287	-0.3617	-0.5329	-0.4358	178.46	261.63	291.02
2026-06-05T14:54:08.9391539+08:00	0x04	-0.0964	-0.5955	-0.0033	-0.7976	6.98	74.02	8.61
2026-06-05T14:54:08.9391539+08:00	0x08	0.2790	-0.2813	-0.5263	-0.7523	65.43	10.69	314.28
2026-06-05T14:54:08.9391539+08:00	0x01	-0.5443	-0.3844	0.6188	-0.4160	195.07	287.57	68.22
2026-06-05T14:54:08.9391539+08:00	0x09	0.0749	0.4084	-0.3921	0.8209	319.46	43.04	26.31
2026-06-05T14:54:08.9391539+08:00	0x08	0.2972	-0.2785	-0.5685	-0.7148	74.71	5.14	312.14
2026-06-05T14:54:08.9391539+08:00	0x07	0.6185	-0.3902	-0.5057	-0.4576	184.10	255.45	286.10
2026-06-05T14:54:08.9391539+08:00	0x03	0.3769	-0.5109	-0.4243	-0.6456	24.58	60.31	293.03
2026-06-05T14:54:08.9391539+08:00	0x01	-0.5418	-0.3881	0.6180	-0.4170	195.11	287.88	68.68
2026-06-05T14:54:08.9391539+08:00	0x09	0.0864	0.4148	-0.3986	0.8134	319.17	43.39	28.12
2026-06-05T14:54:08.9391539+08:00	0x07	0.6260	-0.3909	-0.5024	-0.4504	187.27	252.11	286.92
2026-06-05T14:54:08.9391539+08:00	0x03	0.3846	-0.5050	-0.4369	-0.6374	27.58	57.74	291.34
2026-06-05T14:54:08.9391539+08:00	0x06	-0.6537	-0.0719	0.7511	0.0581	169.55	277.76	1.83
2026-06-05T14:54:08.9391539+08:00	0x02	0.7438	0.0830	-0.6598	-0.0679	167.70	263.10	0.49
2026-06-05T14:54:08.9391539+08:00	0x09	0.0854	0.4235	-0.3975	0.8095	319.52	44.60	28.35
2026-06-05T14:54:08.9391539+08:00	0x07	0.6102	-0.4118	-0.4872	-0.4698	191.54	248.01	282.94
2026-06-05T14:54:08.9391539+08:00	0x03	0.3852	-0.5055	-0.4284	-0.6423	25.57	58.97	291.89
2026-06-05T14:54:08.9391539+08:00	0x04	-0.0781	-0.5978	-0.0196	-0.7976	7.19	74.07	5.80
2026-06-05T14:54:08.9391539+08:00	0x01	-0.5380	-0.3951	0.6086	-0.4290	196.88	289.02	70.49
2026-06-05T14:54:08.9391539+08:00	0x02	0.7442	0.0920	-0.6580	-0.0684	166.88	262.84	1.10
2026-06-05T14:54:08.9391539+08:00	0x09	0.0839	0.4340	-0.3899	0.8078	320.75	46.22	28.29
2026-06-05T14:54:08.9391539+08:00	0x07	0.5939	-0.4275	-0.4761	-0.4877	195.27	244.48	279.47
2026-06-05T14:54:08.9401482+08:00	0x03	0.3873	-0.5043	-0.4409	-0.6335	28.37	57.23	290.71
2026-06-05T14:54:08.9401482+08:00	0x04	-0.0941	-0.5991	-0.0156	-0.7950	7.98	74.52	7.52
2026-06-05T14:54:08.9401482+08:00	0x01	-0.5378	-0.3856	0.6216	-0.4193	196.89	289.81	68.48
2026-06-05T14:54:08.9401482+08:00	0x02	0.7386	0.0888	-0.6629	-0.0845	165.92	263.87	359.59
2026-06-05T14:54:08.9401482+08:00	0x08	0.3168	-0.2853	-0.5949	-0.6814	81.74	1.07	309.54
2026-06-05T14:54:08.9401482+08:00	0x07	0.5836	-0.4424	-0.4627	-0.4996	206.33	233.44	277.01
2026-06-05T14:54:08.9401482+08:00	0x04	-0.0869	-0.5954	-0.0249	-0.7983	8.29	73.89	6.27
2026-06-05T14:54:08.9401482+08:00	0x01	-0.5377	-0.3920	0.6120	-0.4274	197.23	289.49	69.96
2026-06-05T14:54:08.9401482+08:00	0x02	0.7435	0.0863	-0.6597	-0.0676	167.44	263.09	0.76
2026-06-05T14:54:08.9401482+08:00	0x09	0.0712	0.4771	-0.3632	0.7971	324.85	52.98	27.39
2026-06-05T14:54:08.9401482+08:00	0x07	0.5782	-0.4387	-0.4701	-0.5023	197.55	242.59	276.66
2026-06-05T14:54:08.9401482+08:00	0x04	-0.0802	-0.5948	-0.0278	-0.7994	8.08	73.69	5.46
2026-06-05T14:54:08.9401482+08:00	0x01	-0.5411	-0.3943	0.6029	-0.4339	197.17	288.47	70.91
2026-06-05T14:54:08.9401482+08:00	0x02	0.7477	0.0955	-0.6544	-0.0591	167.27	262.15	2.10
2026-06-05T14:54:08.9401482+08:00	0x09	0.0833	0.4948	-0.3562	0.7882	326.80	55.45	28.93
2026-06-05T14:54:08.9401482+08:00	0x08	0.3102	-0.2957	-0.5963	-0.6787	81.26	2.85	309.30
2026-06-05T14:54:08.9401482+08:00	0x03	0.3940	-0.4968	-0.4345	-0.6397	27.78	56.26	290.65
2026-06-05T14:54:08.9401482+08:00	0x07	0.5573	-0.4573	-0.4546	-0.5231	224.76	215.57	272.78
2026-06-05T14:54:08.9401482+08:00	0x04	-0.0905	-0.5994	-0.0045	-0.7953	6.71	74.48	7.96
2026-06-05T14:54:08.9401482+08:00	0x01	-0.5471	-0.3794	0.6198	-0.4155	195.23	287.37	67.65
2026-06-05T14:54:08.9401482+08:00	0x09	0.0950	0.4519	-0.3936	0.7949	321.23	48.30	30.45
2026-06-05T14:54:08.9401482+08:00	0x03	0.3830	-0.5060	-0.4262	-0.6447	25.24	59.19	292.31
2026-06-05T14:54:08.9401482+08:00	0x06	-0.6567	-0.0688	0.7487	0.0592	169.68	277.36	1.45
2026-06-05T14:54:08.9401482+08:00	0x01	-0.5381	-0.3933	0.6078	-0.4317	197.71	289.53	70.50
2026-06-05T14:54:08.9401482+08:00	0x02	0.7414	0.0988	-0.6612	-0.0583	167.07	263.16	2.53
2026-06-05T14:54:08.9401482+08:00	0x08	0.3134	-0.2987	-0.6009	-0.6719	82.52	2.27	308.73
2026-06-05T14:54:08.9401482+08:00	0x09	0.0872	0.4612	-0.3735	0.8001	323.76	50.26	28.95
2026-06-05T14:54:08.9401482+08:00	0x03	0.3843	-0.5042	-0.4419	-0.6347	28.91	56.85	291.02
2026-06-05T14:54:08.9401482+08:00	0x04	-0.0829	-0.5970	-0.0234	-0.7976	7.87	74.04	5.99
2026-06-05T14:54:08.9401482+08:00	0x01	-0.5341	-0.3969	0.6085	-0.4325	198.22	290.48	70.89
2026-06-05T14:54:08.9401482+08:00	0x09	0.0978	0.5174	-0.3482	0.7755	329.27	58.76	30.80
2026-06-05T14:54:08.9401482+08:00	0x03	0.3978	-0.4977	-0.4430	-0.6307	29.23	55.67	289.48
2026-06-05T14:54:08.9401482+08:00	0x01	-0.5116	-0.4225	0.5755	-0.4780	212.35	302.84	77.28
2026-06-05T14:54:08.9401482+08:00	0x02	0.7344	0.1601	-0.6592	0.0206	167.62	262.31	13.97
2026-06-05T14:54:08.9401482+08:00	0x08	0.4286	-0.5582	-0.4181	-0.5744	0.36	88.09	286.44
2026-06-05T14:54:08.9401482+08:00	0x03	0.4205	-0.4800	-0.4916	-0.5925	47.66	39.94	284.00
2026-06-05T14:54:08.9401482+08:00	0x09	0.0975	0.5158	-0.3490	0.7763	329.10	58.50	30.75
2026-06-05T14:54:08.9401482+08:00	0x06	-0.7038	-0.0755	0.7058	0.0273	171.65	269.88	3.91
2026-06-05T14:54:08.9401482+08:00	0x02	0.7129	0.2168	-0.6667	-0.0138	160.12	263.41	15.63
2026-06-05T14:54:08.9401482+08:00	0x03	0.4262	-0.4765	-0.4804	-0.6003	44.28	41.70	284.15
2026-06-05T14:54:08.9401482+08:00	0x08	0.4221	-0.6251	-0.3742	-0.5396	341.19	111.01	292.59
2026-06-05T14:54:08.9401482+08:00	0x09	0.1957	0.7237	-0.2544	0.6110	358.01	98.97	37.39
2026-06-05T14:54:08.9401482+08:00	0x04	-0.0812	-0.5983	-0.0633	-0.7947	11.43	74.26	3.06
2026-06-05T14:54:08.9401482+08:00	0x02	0.7155	0.2049	-0.6616	0.0914	169.15	263.23	23.70
2026-06-05T14:54:08.9401482+08:00	0x09	0.1702	0.7271	-0.2278	0.6248	357.46	97.90	32.95
2026-06-05T14:54:08.9401482+08:00	0x03	0.4339	-0.4756	-0.4969	-0.5820	51.94	35.57	282.15
2026-06-05T14:54:08.9401482+08:00	0x06	-0.6954	-0.0803	0.7141	0.0035	173.26	271.14	6.31
2026-06-05T14:54:08.9401482+08:00	0x01	-0.5015	-0.4237	0.5902	-0.4697	212.94	305.41	76.23
2026-06-05T14:54:08.9401482+08:00	0x09	0.1569	0.7302	-0.2180	0.6282	357.01	97.76	31.03
2026-06-05T14:54:08.9401482+08:00	0x08	0.4223	-0.6231	-0.3756	-0.5407	341.59	110.50	292.38
2026-06-05T14:54:08.9401482+08:00	0x07	0.4165	-0.5722	-0.3741	-0.5993	355.69	90.25	291.97
2026-06-05T14:54:08.9401482+08:00	0x04	-0.1212	-0.5978	-0.0007	-0.7925	8.55	74.88	11.02
2026-06-05T14:54:08.9401482+08:00	0x02	0.7145	0.2066	-0.6668	0.0471	165.67	263.50	20.05
2026-06-05T14:54:08.9401482+08:00	0x08	0.3223	-0.6873	-0.2866	-0.5844	350.24	103.86	309.58
2026-06-05T14:54:08.9401482+08:00	0x03	0.4170	-0.4915	-0.4845	-0.5915	41.77	46.36	284.19
2026-06-05T14:54:08.9401482+08:00	0x06	-0.7019	-0.0746	0.7083	0.0074	173.35	270.20	5.46
2026-06-05T14:54:08.9401482+08:00	0x01	-0.5007	-0.4263	0.5844	-0.4754	214.91	306.90	77.00
2026-06-05T14:54:08.9401482+08:00	0x02	0.7151	0.2066	-0.6658	0.0512	165.97	263.37	20.39
2026-06-05T14:54:08.9401482+08:00	0x09	0.1459	0.7332	-0.2096	0.6302	356.68	97.76	29.42
2026-06-05T14:54:08.9401482+08:00	0x08	0.3062	-0.6965	-0.2727	-0.5889	350.97	103.57	312.23
2026-06-05T14:54:08.9401482+08:00	0x03	0.4155	-0.4934	-0.4826	-0.5924	40.60	47.55	284.40
2026-06-05T14:54:08.9401482+08:00	0x07	0.3751	-0.6020	-0.3328	-0.6214	355.64	90.70	299.91
2026-06-05T14:54:08.9411870+08:00	0x01	-0.5267	-0.4012	0.5902	-0.4618	205.96	296.13	73.75
2026-06-05T14:54:08.9411870+08:00	0x09	0.1352	0.7327	-0.1968	0.6373	356.59	97.14	27.44
2026-06-05T14:54:08.9411870+08:00	0x07	0.3603	-0.6107	-0.3188	-0.6289	355.85	90.59	302.58
2026-06-05T14:54:08.9411870+08:00	0x08	0.2920	-0.6867	-0.2823	-0.6029	354.84	99.72	312.29
2026-06-05T14:54:08.9411870+08:00	0x06	-0.6777	-0.0800	0.7309	-0.0081	174.41	273.97	7.34
2026-06-05T14:54:08.9411870+08:00	0x04	-0.0764	-0.5387	-0.0349	-0.8383	8.13	65.81	5.20
2026-06-05T14:54:08.9411870+08:00	0x01	-0.4791	-0.4010	0.6597	-0.4178	206.87	306.43	68.33
2026-06-05T14:54:08.9411870+08:00	0x09	0.1258	0.7188	-0.1835	0.6586	356.13	94.13	25.44
2026-06-05T14:54:08.9411870+08:00	0x07	0.3523	-0.5799	-0.3682	-0.6356	7.05	80.59	298.97
2026-06-05T14:54:08.9411870+08:00	0x08	0.2960	-0.6704	-0.3060	-0.6078	357.76	96.66	309.65
2026-06-05T14:54:08.9411870+08:00	0x06	-0.6591	-0.0840	0.7470	-0.0214	175.43	276.80	8.84
2026-06-05T14:54:08.9411870+08:00	0x04	-0.1429	-0.4818	0.0261	-0.8641	5.53	59.05	15.79
2026-06-05T14:54:08.9411870+08:00	0x02	0.6148	0.2603	-0.7443	-0.0153	158.36	276.70	21.64
2026-06-05T14:54:08.9411870+08:00	0x09	0.1354	0.7130	-0.1857	0.6624	356.62	93.42	26.38
2026-06-05T14:54:08.9411870+08:00	0x03	0.4050	-0.4561	-0.6280	-0.4833	116.18	345.16	285.36
2026-06-05T14:54:08.9411870+08:00	0x06	-0.6598	-0.0902	0.7458	-0.0192	174.74	276.58	9.20
2026-06-05T14:54:08.9411870+08:00	0x08	0.2358	-0.6938	-0.2436	-0.6353	358.69	95.51	320.38
2026-06-05T14:54:08.9411870+08:00	0x02	0.6810	0.1730	-0.7096	-0.0533	161.57	270.74	9.96
2026-06-05T14:54:08.9411870+08:00	0x09	0.1460	0.7384	-0.2047	0.6257	357.34	98.76	29.01
2026-06-05T14:54:08.9411870+08:00	0x07	0.3353	-0.5975	-0.3102	-0.6590	0.81	83.98	305.65
2026-06-05T14:54:08.9411870+08:00	0x03	0.4179	-0.4533	-0.6343	-0.4665	125.86	335.91	285.23
2026-06-05T14:54:08.9411870+08:00	0x06	-0.6839	-0.0559	0.7262	0.0425	172.06	273.34	1.32
2026-06-05T14:54:08.9411870+08:00	0x02	0.6958	0.1384	-0.7044	-0.0230	166.82	269.62	9.37
2026-06-05T14:54:08.9411870+08:00	0x09	0.2014	0.7733	-0.2218	0.5588	4.43	109.68	34.62
2026-06-05T14:54:08.9411870+08:00	0x01	-0.5662	-0.3555	0.6740	-0.3143	182.19	281.12	56.63
2026-06-05T14:54:08.9411870+08:00	0x08	0.2399	-0.7168	-0.2425	-0.6082	356.36	100.68	320.26
2026-06-05T14:54:08.9411870+08:00	0x03	0.4470	-0.4308	-0.6442	-0.4467	140.36	320.17	287.36
2026-06-05T14:54:08.9411870+08:00	0x06	-0.5553	-0.0339	0.8308	0.0125	176.65	292.41	2.43
2026-06-05T14:54:08.9411870+08:00	0x04	-0.2885	-0.4415	0.1638	-0.8337	358.65	55.33	38.73
2026-06-05T14:54:08.9411870+08:00	0x01	-0.5092	-0.4082	0.6898	-0.3134	182.03	288.35	61.93
2026-06-05T14:54:08.9411870+08:00	0x09	0.1811	0.7156	-0.1673	0.6535	2.64	95.86	28.44
2026-06-05T14:54:08.9411870+08:00	0x08	0.2747	-0.6905	-0.3165	-0.5895	359.45	99.28	310.45
2026-06-05T14:54:08.9411870+08:00	0x03	0.4533	-0.4070	-0.5904	-0.5294	112.88	337.96	286.14
2026-06-05T14:54:08.9411870+08:00	0x04	-0.2773	-0.4623	-0.0312	-0.8417	20.10	62.23	25.97
2026-06-05T14:54:08.9411870+08:00	0x02	0.6195	0.3189	-0.7108	0.0962	161.63	272.02	34.93
2026-06-05T14:54:08.9411870+08:00	0x07	0.4173	-0.6200	-0.3483	-0.5658	343.23	105.90	295.29
2026-06-05T14:54:08.9411870+08:00	0x03	0.4860	-0.4123	-0.6335	-0.4388	150.55	306.47	288.41
2026-06-05T14:54:08.9411870+08:00	0x04	-0.3641	-0.4203	0.1510	-0.8173	4.91	56.53	46.23
2026-06-05T14:54:08.9411870+08:00	0x06	-0.5527	-0.0391	0.8322	-0.0211	179.53	292.80	5.07
2026-06-05T14:54:08.9411870+08:00	0x02	0.5951	0.4031	-0.6705	0.1837	158.98	267.07	49.40
2026-06-05T14:54:08.9411870+08:00	0x01	-0.4591	-0.4983	0.6658	-0.3125	172.33	285.26	71.89
2026-06-05T14:54:08.9411870+08:00	0x09	0.1777	0.7339	-0.1564	0.6367	3.97	99.07	27.12
2026-06-05T14:54:08.9411870+08:00	0x08	0.2346	-0.7093	-0.2757	-0.6049	0.05	99.06	317.55
2026-06-05T14:54:08.9411870+08:00	0x04	-0.4083	-0.3577	0.2331	-0.8068	351.43	43.28	55.66
2026-06-05T14:54:08.9411870+08:00	0x01	-0.4600	-0.4991	0.6642	-0.3133	172.01	284.78	72.03
2026-06-05T14:54:08.9411870+08:00	0x09	0.1743	0.7326	-0.1608	0.6380	3.23	98.67	27.26
2026-06-05T14:54:08.9411870+08:00	0x07	0.4025	-0.6479	-0.3111	-0.5669	340.70	108.68	300.74
2026-06-05T14:54:08.9411870+08:00	0x08	0.2270	-0.7105	-0.2678	-0.6099	0.31	98.60	318.90
2026-06-05T14:54:08.9411870+08:00	0x03	0.4920	-0.3998	-0.6528	-0.4146	156.28	302.25	291.57
2026-06-05T14:54:08.9411870+08:00	0x06	-0.5468	-0.0382	0.8362	-0.0196	179.48	293.62	4.89
2026-06-05T14:54:08.9411870+08:00	0x04	-0.4071	-0.3596	0.2307	-0.8073	351.93	43.78	55.41
2026-06-05T14:54:08.9411870+08:00	0x07	0.3883	-0.6575	-0.2963	-0.5737	341.92	107.58	303.37
2026-06-05T14:54:08.9411870+08:00	0x09	0.1728	0.7331	-0.1575	0.6386	3.35	98.68	26.85
2026-06-05T14:54:08.9411870+08:00	0x03	0.4894	-0.3988	-0.6556	-0.4144	155.69	303.10	291.81
2026-06-05T14:54:08.9411870+08:00	0x06	-0.5441	-0.0400	0.8378	-0.0198	179.40	293.97	5.09
2026-06-05T14:54:08.9411870+08:00	0x04	-0.4364	-0.3063	0.3264	-0.7805	329.19	24.14	61.78
2026-06-05T14:54:08.9411870+08:00	0x02	0.5960	0.4007	-0.6719	0.1811	159.10	267.25	48.97
2026-06-05T14:54:08.9411870+08:00	0x09	0.1693	0.7319	-0.1566	0.6412	3.01	98.27	26.51
2026-06-05T14:54:08.9421841+08:00	0x03	0.4909	-0.3944	-0.6499	-0.4255	153.09	304.38	291.50
2026-06-05T14:54:08.9421841+08:00	0x04	-0.4701	-0.2623	0.3969	-0.7434	305.26	2.29	65.12
2026-06-05T14:54:08.9421841+08:00	0x01	-0.4532	-0.5125	0.6575	-0.3156	169.81	283.19	73.75
2026-06-05T14:54:08.9421841+08:00	0x08	0.2061	-0.7170	-0.2483	-0.6180	0.82	98.20	322.36
2026-06-05T14:54:08.9421841+08:00	0x09	0.1689	0.7311	-0.1556	0.6424	3.01	98.10	26.39
2026-06-05T14:54:08.9421841+08:00	0x03	0.4891	-0.3971	-0.6433	-0.4350	150.79	305.99	290.54
2026-06-05T14:54:08.9421841+08:00	0x01	-0.4522	-0.5131	0.6573	-0.3166	170.05	283.45	73.92
2026-06-05T14:54:08.9421841+08:00	0x04	-0.4891	-0.2312	0.4512	-0.7098	285.43	344.72	64.54
2026-06-05T14:54:08.9421841+08:00	0x09	0.1673	0.7304	-0.1556	0.6437	2.81	97.87	26.27
2026-06-05T14:54:08.9421841+08:00	0x08	0.1950	-0.7215	-0.2383	-0.6201	0.99	98.32	324.14
2026-06-05T14:54:08.9421841+08:00	0x03	0.4867	-0.3984	-0.6363	-0.4466	147.52	308.38	289.64
2026-06-05T14:54:08.9421841+08:00	0x04	-0.5110	-0.1921	0.4942	-0.6766	268.72	328.76	61.80
2026-06-05T14:54:08.9421841+08:00	0x06	-0.5402	-0.0410	0.8403	-0.0229	179.66	294.51	5.37
2026-06-05T14:54:08.9421841+08:00	0x02	0.5121	0.5163	-0.6229	0.2884	150.55	260.36	69.82
2026-06-05T14:54:08.9421841+08:00	0x08	0.1856	-0.7204	-0.2332	-0.6262	1.71	97.47	325.36
2026-06-05T14:54:08.9421841+08:00	0x09	0.1740	0.7310	-0.1573	0.6408	3.40	98.34	26.93
2026-06-05T14:54:08.9421841+08:00	0x03	0.4873	-0.4001	-0.6328	-0.4494	147.05	308.54	289.20
2026-06-05T14:54:08.9421841+08:00	0x04	-0.5345	-0.1597	0.5445	-0.6263	252.17	314.66	57.52
2026-06-05T14:54:08.9421841+08:00	0x02	0.4696	0.5558	-0.6054	0.3226	142.94	254.33	77.40
2026-06-05T14:54:08.9421841+08:00	0x08	0.1860	-0.7235	-0.2351	-0.6219	1.63	98.13	325.14
2026-06-05T14:54:08.9421841+08:00	0x09	0.1716	0.7293	-0.1545	0.6440	3.29	97.89	26.51
2026-06-05T14:54:08.9421841+08:00	0x01	-0.4425	-0.5207	0.6538	-0.3249	171.71	285.39	75.57
2026-06-05T14:54:08.9421841+08:00	0x04	-0.5340	-0.1605	0.5436	-0.6274	252.48	314.93	57.62
2026-06-05T14:54:08.9421841+08:00	0x08	0.1677	-0.7308	-0.2240	-0.6226	2.29	98.47	327.57
2026-06-05T14:54:08.9421841+08:00	0x09	0.1697	0.7295	-0.1448	0.6465	3.84	97.77	25.52
2026-06-05T14:54:08.9421841+08:00	0x03	0.4481	-0.3945	-0.6465	-0.4751	132.31	324.56	290.65
2026-06-05T14:54:08.9421841+08:00	0x04	-0.4337	-0.2763	0.5769	-0.6346	265.15	342.37	60.38
2026-06-05T14:54:08.9421841+08:00	0x02	0.4625	0.5396	-0.6075	0.3548	157.68	266.75	79.67
2026-06-05T14:54:08.9421841+08:00	0x08	0.1469	-0.7389	-0.2118	-0.6226	3.08	98.95	330.28
2026-06-05T14:54:08.9421841+08:00	0x03	0.4683	-0.3845	-0.6862	-0.4024	153.20	308.57	295.22
2026-06-05T14:54:08.9421841+08:00	0x06	-0.5448	-0.0264	0.8377	-0.0280	181.04	293.96	4.28
2026-06-05T14:54:08.9421841+08:00	0x01	-0.4438	-0.5058	0.6513	-0.3508	181.91	292.96	75.97
2026-06-05T14:54:08.9421841+08:00	0x07	0.1778	-0.7568	-0.1178	-0.6179	352.26	103.15	336.55
2026-06-05T14:54:08.9421841+08:00	0x03	0.4664	-0.3914	-0.6830	-0.4034	153.19	308.82	294.36
2026-06-05T14:54:08.9421841+08:00	0x01	-0.4503	-0.4994	0.6529	-0.3487	181.22	291.75	75.04
2026-06-05T14:54:08.9421841+08:00	0x08	0.1293	-0.7458	-0.1932	-0.6244	3.10	99.39	333.29
2026-06-05T14:54:08.9421841+08:00	0x07	0.1596	-0.7589	-0.0955	-0.6241	352.47	102.46	339.87
2026-06-05T14:54:08.9421841+08:00	0x09	0.1783	0.7376	-0.1431	0.6354	5.18	99.71	25.96
2026-06-05T14:54:08.9421841+08:00	0x03	0.4677	-0.3905	-0.6790	-0.4096	152.02	309.26	294.03
2026-06-05T14:54:08.9421841+08:00	0x02	0.4572	0.5481	-0.5952	0.3693	154.03	262.30	81.91
2026-06-05T14:54:08.9421841+08:00	0x04	-0.3635	-0.3671	0.4266	-0.7424	315.41	26.75	58.53
2026-06-05T14:54:08.9421841+08:00	0x07	0.1342	-0.7630	-0.0729	-0.6281	353.23	102.05	343.75
2026-06-05T14:54:08.9421841+08:00	0x08	0.1091	-0.7488	-0.1760	-0.6296	3.65	99.11	336.36
2026-06-05T14:54:08.9421841+08:00	0x03	0.4682	-0.3905	-0.6790	-0.4090	152.25	309.03	294.05
2026-06-05T14:54:08.9421841+08:00	0x06	-0.5429	-0.0385	0.8378	-0.0425	181.70	294.20	6.36
2026-06-05T14:54:08.9421841+08:00	0x01	-0.4475	-0.5043	0.6510	-0.3487	180.62	291.47	75.64
2026-06-05T14:54:08.9421841+08:00	0x07	0.1085	-0.7665	-0.0582	-0.6304	354.53	101.76	346.94
2026-06-05T14:54:08.9421841+08:00	0x03	0.4765	-0.3733	-0.6876	-0.4011	153.89	306.91	296.43
2026-06-05T14:54:08.9421841+08:00	0x06	-0.5422	-0.0382	0.8379	-0.0494	182.39	294.32	6.75
2026-06-05T14:54:08.9421841+08:00	0x01	-0.4418	-0.5107	0.6477	-0.3529	181.47	292.56	76.74
2026-06-05T14:54:08.9421841+08:00	0x03	0.4811	-0.3656	-0.6916	-0.3957	155.01	305.65	297.56
2026-06-05T14:54:08.9421841+08:00	0x07	0.0776	-0.7681	-0.0420	-0.6342	356.17	101.22	350.62
2026-06-05T14:54:08.9421841+08:00	0x09	0.1827	0.7369	-0.1294	0.6379	6.60	99.70	25.07
2026-06-05T14:54:08.9421841+08:00	0x06	-0.5436	-0.0341	0.8372	-0.0496	182.65	294.15	6.38
2026-06-05T14:54:08.9421841+08:00	0x01	-0.4366	-0.5136	0.6451	-0.3599	184.25	295.24	77.65
2026-06-05T14:54:08.9421841+08:00	0x07	0.0444	-0.7699	-0.0218	-0.6363	357.66	100.96	354.83
2026-06-05T14:54:08.9421841+08:00	0x08	0.0259	-0.7555	-0.1263	-0.6423	7.26	98.43	347.05
2026-06-05T14:54:08.9421841+08:00	0x09	0.1889	0.7349	-0.1306	0.6381	7.08	99.69	25.66
2026-06-05T14:54:08.9421841+08:00	0x01	-0.4295	-0.5193	0.6443	-0.3616	185.71	297.28	78.45
2026-06-05T14:54:08.9421841+08:00	0x04	-0.3322	-0.3976	0.3684	-0.7719	329.05	38.55	53.69
2026-06-05T14:54:08.9431523+08:00	0x07	0.0209	-0.7686	-0.0079	-0.6393	358.74	100.51	357.78
2026-06-05T14:54:08.9431523+08:00	0x08	0.0013	-0.7547	-0.1095	-0.6468	8.14	98.12	350.39
2026-06-05T14:54:08.9431523+08:00	0x09	0.1914	0.7336	-0.1262	0.6398	7.60	99.53	25.47
2026-06-05T14:54:08.9431523+08:00	0x01	-0.4271	-0.5236	0.6417	-0.3627	185.51	297.25	79.09
2026-06-05T14:54:08.9431523+08:00	0x02	0.4419	0.5429	-0.6091	0.3727	168.96	278.43	82.23
2026-06-05T14:54:08.9431523+08:00	0x07	-0.0001	-0.7645	0.0114	-0.6445	359.17	99.72	1.00
2026-06-05T14:54:08.9431523+08:00	0x09	0.1902	0.7315	-0.1272	0.6423	7.31	99.09	25.49
2026-06-05T14:54:08.9431523+08:00	0x01	-0.4314	-0.5113	0.6517	-0.3574	186.33	298.04	77.12
2026-06-05T14:54:08.9431523+08:00	0x02	0.4504	0.5334	-0.6176	0.3622	168.92	278.47	80.10
2026-06-05T14:54:08.9431523+08:00	0x04	-0.3180	-0.3990	0.3686	-0.7770	328.76	38.81	52.04
2026-06-05T14:54:08.9431523+08:00	0x07	-0.0242	-0.7636	0.0341	-0.6443	359.60	99.67	4.77
2026-06-05T14:54:08.9431523+08:00	0x08	-0.0398	-0.7519	-0.0701	-0.6543	8.73	97.70	356.94
2026-06-05T14:54:08.9431523+08:00	0x09	0.1947	0.7290	-0.1348	0.6422	7.12	98.92	26.53
2026-06-05T14:54:08.9431523+08:00	0x03	0.5002	-0.3355	-0.7036	-0.3770	158.33	301.33	301.87
2026-06-05T14:54:08.9431523+08:00	0x06	-0.5385	-0.0398	0.8396	-0.0595	183.30	294.87	7.52
2026-06-05T14:54:08.9431523+08:00	0x02	0.4615	0.5240	-0.6201	0.3577	168.39	277.19	78.52
2026-06-05T14:54:08.9431523+08:00	0x04	-0.3184	-0.3993	0.3722	-0.7750	328.20	38.60	52.26
2026-06-05T14:54:08.9431523+08:00	0x08	-0.0615	-0.7510	-0.0521	-0.6553	9.25	97.80	0.14
2026-06-05T14:54:08.9431523+08:00	0x01	-0.4329	-0.5104	0.6524	-0.3556	185.57	297.29	76.87
2026-06-05T14:54:08.9431523+08:00	0x02	0.4617	0.5225	-0.6230	0.3546	168.63	277.68	78.08
2026-06-05T14:54:08.9431523+08:00	0x07	-0.0787	-0.7607	0.0785	-0.6395	1.13	100.03	12.71
2026-06-05T14:54:08.9431523+08:00	0x03	0.5036	-0.3302	-0.7036	-0.3773	158.25	300.88	302.36
2026-06-05T14:54:08.9431523+08:00	0x09	0.1999	0.7284	-0.1380	0.6406	7.39	99.13	27.21
2026-06-05T14:54:08.9431523+08:00	0x01	-0.4326	-0.5114	0.6524	-0.3547	185.15	296.99	76.92
2026-06-05T14:54:08.9431523+08:00	0x02	0.4626	0.5219	-0.6249	0.3511	168.08	277.37	77.68
2026-06-05T14:54:08.9431523+08:00	0x04	-0.3204	-0.3968	0.3739	-0.7746	327.74	38.02	52.48
2026-06-05T14:54:08.9431523+08:00	0x08	-0.0713	-0.7511	-0.0421	-0.6550	9.34	97.96	1.73
2026-06-05T14:54:08.9431523+08:00	0x01	-0.4345	-0.5082	0.6533	-0.3551	185.51	297.10	76.56
2026-06-05T14:54:08.9431523+08:00	0x04	-0.3219	-0.3968	0.3735	-0.7742	327.84	38.04	52.65
2026-06-05T14:54:08.9431523+08:00	0x07	-0.1330	-0.7554	0.1263	-0.6290	2.58	100.91	20.98
2026-06-05T14:54:08.9431523+08:00	0x09	0.2007	0.7275	-0.1430	0.6403	7.07	99.04	27.71
2026-06-05T14:54:08.9431523+08:00	0x08	-0.0706	-0.7534	-0.0407	-0.6525	9.18	98.35	1.76
2026-06-05T14:54:08.9431523+08:00	0x06	-0.5392	-0.0373	0.8397	-0.0530	182.81	294.75	6.88
2026-06-05T14:54:08.9431523+08:00	0x02	0.4676	0.5165	-0.6275	0.3477	168.29	277.34	76.73
2026-06-05T14:54:08.9431523+08:00	0x04	-0.3220	-0.3973	0.3728	-0.7742	328.02	38.20	52.65
2026-06-05T14:54:08.9431523+08:00	0x08	-0.0640	-0.7543	-0.0444	-0.6519	8.88	98.41	0.94
2026-06-05T14:54:08.9431523+08:00	0x09	0.2001	0.7283	-0.1446	0.6393	6.92	99.16	27.81
2026-06-05T14:54:08.9431523+08:00	0x01	-0.4408	-0.5011	0.6563	-0.3519	184.62	295.81	75.46
2026-06-05T14:54:08.9431523+08:00	0x06	-0.5389	-0.0374	0.8401	-0.0502	182.55	294.79	6.71
2026-06-05T14:54:08.9431523+08:00	0x04	-0.3206	-0.3976	0.3712	-0.7755	328.28	38.37	52.41
2026-06-05T14:54:08.9431523+08:00	0x02	0.4729	0.5128	-0.6287	0.3438	167.50	276.34	75.90
2026-06-05T14:54:08.9431523+08:00	0x07	-0.1837	-0.7463	0.1729	-0.6159	4.02	101.97	28.97
2026-06-05T14:54:08.9431523+08:00	0x09	0.1984	0.7280	-0.1462	0.6397	6.61	99.02	27.82
2026-06-05T14:54:08.9431523+08:00	0x03	0.4914	-0.3490	-0.6951	-0.3920	155.79	303.74	299.50
2026-06-05T14:54:08.9431523+08:00	0x01	-0.4448	-0.4997	0.6560	-0.3495	183.11	294.11	75.12
2026-06-05T14:54:08.9431523+08:00	0x06	-0.5375	-0.0396	0.8409	-0.0496	182.36	294.97	6.89
2026-06-05T14:54:08.9431523+08:00	0x02	0.4687	0.5231	-0.6235	0.3433	164.00	273.38	76.96
2026-06-05T14:54:08.9431523+08:00	0x07	-0.2052	-0.7408	0.1934	-0.6096	4.63	102.45	32.46
2026-06-05T14:54:08.9431523+08:00	0x03	0.4900	-0.3490	-0.6934	-0.3966	154.79	304.44	299.23
2026-06-05T14:54:08.9431523+08:00	0x01	-0.4718	-0.4448	0.6685	-0.3641	191.19	297.40	69.78
2026-06-05T14:54:08.9431523+08:00	0x04	-0.3785	-0.3772	0.3576	-0.7659	330.20	35.60	58.16
2026-06-05T14:54:08.9431523+08:00	0x07	-0.2045	-0.7410	0.1928	-0.6098	4.61	102.43	32.36
2026-06-05T14:54:08.9431523+08:00	0x08	-0.0678	-0.7546	-0.0145	-0.6525	6.97	98.53	3.82
2026-06-05T14:54:08.9431523+08:00	0x09	0.2518	0.7434	-0.1983	0.5871	10.10	106.71	36.19
2026-06-05T14:54:08.9431523+08:00	0x01	-0.5068	-0.3217	0.6500	-0.4659	217.94	307.88	62.94
2026-06-05T14:54:08.9431523+08:00	0x04	-0.4325	-0.3780	0.4284	-0.6975	313.73	24.75	68.01
2026-06-05T14:54:08.9431523+08:00	0x03	0.3675	-0.4600	-0.4698	-0.6577	44.15	40.26	293.69
2026-06-05T14:54:08.9431523+08:00	0x09	0.3360	0.7854	-0.2672	0.4460	24.62	131.41	46.01
2026-06-05T14:54:08.9431523+08:00	0x06	-0.6808	0.0640	0.7226	0.1009	176.54	273.82	346.71
2026-06-05T14:54:08.9431523+08:00	0x01	-0.5059	-0.3256	0.6509	-0.4631	217.27	307.71	63.17
2026-06-05T14:54:08.9441382+08:00	0x04	-0.3782	-0.2043	0.5863	-0.6866	272.32	345.51	49.37
2026-06-05T14:54:08.9441382+08:00	0x07	-0.4057	-0.5388	0.5053	-0.5383	326.31	62.07	78.90
2026-06-05T14:54:08.9441382+08:00	0x03	0.3721	-0.4576	-0.4777	-0.6511	46.56	38.30	292.82
2026-06-05T14:54:08.9441382+08:00	0x09	0.1374	0.7161	-0.2250	0.6463	353.77	94.19	29.99
2026-06-05T14:54:08.9441382+08:00	0x01	-0.4405	-0.0752	0.6242	-0.6408	257.14	322.93	41.18
2026-06-05T14:54:08.9441382+08:00	0x06	-0.7113	0.1115	0.6797	-0.1404	200.47	267.89	2.76
2026-06-05T14:54:08.9441382+08:00	0x02	0.4688	0.5228	-0.6237	0.3434	164.11	273.48	76.93
2026-06-05T14:54:08.9441382+08:00	0x03	0.1990	-0.4461	-0.4518	-0.7466	44.11	42.92	315.56
2026-06-05T14:54:08.9441382+08:00	0x09	0.1747	0.7316	-0.2138	0.6233	359.27	98.93	32.04
2026-06-05T14:54:08.9441382+08:00	0x06	-0.7057	0.1098	0.6987	-0.0432	192.49	268.85	354.70
2026-06-05T14:54:08.9441382+08:00	0x01	-0.3627	0.1292	0.6064	-0.6957	270.09	318.62	20.36
2026-06-05T14:54:08.9441382+08:00	0x04	-0.2369	-0.2113	0.4054	-0.8573	313.23	12.03	35.27
2026-06-05T14:54:08.9441382+08:00	0x03	0.2150	-0.3794	-0.5302	-0.7271	60.41	27.58	314.35
2026-06-05T14:54:08.9441382+08:00	0x09	0.1281	0.7782	-0.1398	0.5987	1.97	105.24	21.78
2026-06-05T14:54:08.9441382+08:00	0x01	-0.3501	0.1480	0.6097	-0.6955	270.68	318.33	17.85
2026-06-05T14:54:08.9441382+08:00	0x06	-0.6980	0.0769	0.7045	-0.1032	194.65	270.79	2.05
2026-06-05T14:54:08.9441382+08:00	0x04	-0.2147	-0.2656	0.3532	-0.8710	322.72	22.08	34.16
2026-06-05T14:54:08.9441382+08:00	0x07	-0.6068	-0.4496	0.5235	-0.3944	155.00	243.37	71.69
2026-06-05T14:54:08.9441382+08:00	0x09	0.1440	0.7574	-0.1510	0.6187	1.96	101.93	24.01
2026-06-05T14:54:08.9441382+08:00	0x03	0.2102	-0.3907	-0.4956	-0.7467	53.86	31.75	315.48
2026-06-05T14:54:08.9441382+08:00	0x06	-0.6965	-0.0308	0.7028	-0.1415	189.25	271.64	13.91
2026-06-05T14:54:08.9441382+08:00	0x01	-0.4593	-0.0021	0.5921	-0.6621	261.05	316.88	37.64
2026-06-05T14:54:08.9441382+08:00	0x04	-0.2154	-0.2640	0.3548	-0.8707	322.44	21.79	34.22
2026-06-05T14:54:08.9441382+08:00	0x03	0.4137	-0.3866	-0.3300	-0.7553	22.10	40.92	298.35
2026-06-05T14:54:08.9441382+08:00	0x08	-0.0676	-0.7546	-0.0154	-0.6525	7.03	98.52	3.73
2026-06-05T14:54:08.9441382+08:00	0x09	0.1059	0.7478	-0.1640	0.6345	356.92	98.76	22.31
2026-06-05T14:54:08.9441382+08:00	0x01	-0.4339	-0.2929	0.5331	-0.6646	276.90	350.79	62.75
2026-06-05T14:54:08.9441382+08:00	0x06	-0.6481	-0.1941	0.7162	-0.1713	179.59	275.61	30.01
2026-06-05T14:54:08.9441382+08:00	0x08	0.3884	-0.4941	-0.4955	-0.5996	45.44	44.66	287.18
2026-06-05T14:54:08.9441382+08:00	0x02	0.7844	-0.0228	-0.6055	0.1322	191.48	256.38	10.36
2026-06-05T14:54:08.9441382+08:00	0x09	-0.0441	0.7835	-0.0607	0.6169	351.71	103.40	2.34
2026-06-05T14:54:08.9441382+08:00	0x03	0.4875	-0.3484	-0.5987	-0.5316	122.90	322.90	290.70
2026-06-05T14:54:08.9441382+08:00	0x01	-0.3925	-0.4343	0.4116	-0.6985	326.46	42.03	64.94
2026-06-05T14:54:08.9441382+08:00	0x06	-0.5951	-0.1932	0.7630	-0.1625	181.18	284.41	29.23
2026-06-05T14:54:08.9441382+08:00	0x08	0.4857	-0.4134	-0.5372	-0.5519	104.36	340.62	281.39
2026-06-05T14:54:08.9441382+08:00	0x02	0.5652	0.4769	-0.6596	-0.1343	125.40	263.87	28.51
2026-06-05T14:54:08.9441382+08:00	0x09	-0.0055	0.7735	-0.0167	0.6335	358.30	101.35	1.08
2026-06-05T14:54:08.9441382+08:00	0x07	-0.6864	-0.4261	0.3913	-0.4407	135.98	207.88	69.78
2026-06-05T14:54:08.9441382+08:00	0x06	-0.5697	-0.0866	0.8037	-0.1484	188.46	290.68	17.96
2026-06-05T14:54:08.9441382+08:00	0x01	-0.4657	-0.3730	0.4941	-0.6323	285.68	2.28	73.25
2026-06-05T14:54:08.9441382+08:00	0x08	0.3703	-0.5511	-0.4117	-0.6243	15.31	72.83	293.64
2026-06-05T14:54:08.9441382+08:00	0x03	0.4589	-0.3212	-0.5134	-0.6502	82.11	351.82	292.11
2026-06-05T14:54:08.9441382+08:00	0x07	-0.5613	-0.5494	0.4801	-0.3907	110.66	205.14	75.04
2026-06-05T14:54:08.9441382+08:00	0x09	0.0887	0.8404	-0.1804	0.5032	357.98	117.76	23.11
2026-06-05T14:54:08.9441382+08:00	0x01	-0.5378	-0.2764	0.6246	-0.4942	221.73	303.98	61.26
2026-06-05T14:54:08.9441382+08:00	0x04	-0.3243	-0.6197	-0.1155	-0.7053	36.51	88.69	18.32
2026-06-05T14:54:08.9441382+08:00	0x03	0.3606	-0.3949	-0.6383	-0.5537	100.08	356.91	295.38
2026-06-05T14:54:08.9441382+08:00	0x08	0.3395	-0.5594	-0.4345	-0.6190	21.97	70.11	295.00
2026-06-05T14:54:08.9441382+08:00	0x07	-0.6961	-0.1888	0.6550	-0.2253	182.24	267.21	34.13
2026-06-05T14:54:08.9985973+08:00	0x09	0.0673	0.7392	-0.1617	0.6503	353.26	96.18	19.06
2026-06-05T14:54:09.1591659+08:00	0x01	-0.5472	-0.3093	0.6664	-0.4010	201.91	293.55	58.33
2026-06-05T14:54:09.3059693+08:00	0x03	0.4283	-0.3761	-0.6120	-0.5482	108.39	342.28	291.56
2026-06-05T14:54:09.4216654+08:00	0x07	-0.6388	-0.0689	0.7580	-0.1125	184.89	280.37	14.37
2026-06-05T14:54:09.4420031+08:00	0x08	0.2873	-0.6383	-0.3683	-0.6119	8.47	87.98	304.74
2026-06-05T14:54:09.4769103+08:00	0x04	0.3182	-0.2795	-0.8686	-0.2573	159.29	327.47	319.52
2026-06-05T14:54:09.5798700+08:00	0x09	0.1020	0.6923	-0.1682	0.6943	354.29	88.72	21.99
2026-06-05T14:54:09.7306537+08:00	0x01	-0.5437	-0.3073	0.6693	-0.4025	202.79	294.60	58.11
2026-06-05T14:54:11.3875540+08:00	0x04	0.4236	-0.1630	-0.8856	0.0987	198.65	306.93	348.17
2026-06-05T14:54:11.3875540+08:00	0x08	0.2214	-0.6673	-0.2881	-0.6502	6.13	89.12	317.75
2026-06-05T14:54:11.3875540+08:00	0x03	0.4184	-0.3982	-0.6061	-0.5469	104.43	347.85	289.91
2026-06-05T14:54:11.3875540+08:00	0x07	-0.7004	0.0608	0.7100	0.0405	181.60	270.66	351.77
2026-06-05T14:54:11.3875540+08:00	0x09	0.1169	0.6906	-0.1976	0.6858	353.02	88.81	25.68
2026-06-05T14:54:11.3875540+08:00	0x01	-0.5473	-0.3098	0.6707	-0.3932	200.68	293.07	57.78
2026-06-05T14:54:11.3875540+08:00	0x04	0.4698	0.0049	-0.7693	0.4329	226.61	307.85	24.48
2026-06-05T14:54:11.3875540+08:00	0x02	0.5494	0.4216	-0.7166	0.0828	151.35	273.25	44.05
2026-06-05T14:54:11.3875540+08:00	0x08	0.1616	-0.6856	-0.2196	-0.6750	5.03	89.48	328.71
2026-06-05T14:54:11.3875540+08:00	0x03	0.4173	-0.3978	-0.6180	-0.5345	108.83	344.90	290.32
2026-06-05T14:54:11.3875540+08:00	0x07	-0.6386	-0.2083	0.6898	-0.2701	187.91	277.24	39.22
2026-06-05T14:54:11.3875540+08:00	0x09	0.1263	0.6848	-0.2087	0.6867	352.65	88.06	27.34
2026-06-05T14:54:11.3875540+08:00	0x01	-0.5476	-0.3111	0.6700	-0.3929	200.48	292.89	57.91
2026-06-05T14:54:11.3875540+08:00	0x04	0.4608	0.0987	-0.6693	0.5744	244.68	317.82	41.41
2026-06-05T14:54:11.3875540+08:00	0x02	0.5436	0.4283	-0.7164	0.0884	151.24	273.43	45.21
2026-06-05T14:54:11.3875540+08:00	0x03	0.4167	-0.3943	-0.6300	-0.5235	113.07	341.84	291.08
2026-06-05T14:54:11.3875540+08:00	0x07	-0.5741	-0.3373	0.6168	-0.4198	197.26	284.93	63.91
2026-06-05T14:54:11.3875540+08:00	0x09	0.1389	0.6815	-0.2197	0.6841	352.67	87.87	29.31
2026-06-05T14:54:11.3875540+08:00	0x01	-0.5479	-0.3097	0.6692	-0.3950	200.90	293.04	57.92
2026-06-05T14:54:11.4314888+08:00	0x04	0.4432	0.1564	-0.5925	0.6543	261.51	330.13	49.93
2026-06-05T14:54:11.4814812+08:00	0x02	0.5411	0.4324	-0.7149	0.0960	151.44	273.35	46.23
2026-06-05T14:54:11.5729371+08:00	0x07	-0.5175	-0.4170	0.5495	-0.5064	221.87	308.57	79.21
2026-06-05T14:54:11.7994769+08:00	0x09	0.1468	0.6799	-0.2251	0.6823	352.83	87.84	30.43
2026-06-05T14:54:11.9125099+08:00	0x01	-0.5472	-0.3083	0.6735	-0.3899	200.36	293.03	57.34
2026-06-05T14:54:11.9745560+08:00	0x04	0.4255	0.2001	-0.5258	0.7088	278.40	343.63	54.46
2026-06-05T14:54:12.0927531+08:00	0x08	0.0993	-0.7000	-0.1437	-0.6925	3.66	89.98	340.20
2026-06-05T14:54:12.1229785+08:00	0x03	0.4115	-0.4043	-0.6344	-0.5146	114.15	342.40	290.54
2026-06-05T14:54:12.1626573+08:00	0x07	-0.5193	-0.4147	0.5517	-0.5039	220.23	306.95	78.81
2026-06-05T14:54:12.2717348+08:00	0x09	0.1506	0.6772	-0.2313	0.6820	352.51	87.50	31.25
2026-06-05T14:54:12.3881940+08:00	0x01	-0.5082	-0.3716	0.6602	-0.4096	202.79	299.48	65.10
2026-06-05T14:54:12.5232695+08:00	0x06	-0.6495	-0.0226	0.7596	0.0254	176.10	278.93	0.07
2026-06-05T14:54:12.5825379+08:00	0x02	0.5765	0.3785	-0.7226	0.0466	152.50	273.49	36.93
2026-06-05T14:54:12.7057110+08:00	0x07	-0.4560	-0.4778	0.4806	-0.5769	315.83	41.55	80.19
2026-06-05T14:54:12.8013159+08:00	0x09	0.1622	0.6914	-0.2528	0.6571	352.50	90.60	34.24
2026-06-05T14:54:12.9060071+08:00	0x01	-0.4808	-0.4139	0.6640	-0.3958	200.35	302.11	68.47
2026-06-05T14:54:13.0752985+08:00	0x04	0.4261	0.1988	-0.5279	0.7073	277.85	343.18	54.36
2026-06-05T14:54:13.1744094+08:00	0x08	0.1865	-0.7210	-0.2059	-0.6348	359.49	97.43	327.75
2026-06-05T14:54:13.2391936+08:00	0x03	0.3439	-0.4266	-0.4106	-0.7288	35.59	40.35	301.62
2026-06-05T14:54:13.3274771+08:00	0x09	0.1162	0.7257	-0.1579	0.6595	357.54	94.99	22.48
2026-06-05T14:54:13.4751112+08:00	0x01	-0.4816	-0.4126	0.6639	-0.3962	200.42	302.03	68.37
2026-06-05T14:54:13.5445820+08:00	0x04	0.3141	0.4545	-0.3575	0.7530	335.20	49.74	52.94
2026-06-05T14:54:13.6789581+08:00	0x06	-0.6669	-0.0746	0.7413	-0.0105	175.14	275.75	7.16
2026-06-05T14:54:13.6989580+08:00	0x02	0.5755	0.3802	-0.7224	0.0481	152.47	273.49	37.21
2026-06-05T14:54:13.7901020+08:00	0x08	0.1152	-0.7364	-0.1459	-0.6505	1.24	96.85	338.61
2026-06-05T14:54:13.8733627+08:00	0x09	0.1255	0.7353	-0.1742	0.6429	357.51	97.13	24.68
2026-06-05T14:54:13.9615398+08:00	0x03	0.2897	-0.4920	-0.4365	-0.6954	35.51	51.10	303.66
2026-06-05T14:54:14.0578371+08:00	0x01	-0.3092	-0.4850	0.4547	-0.6800	321.13	48.20	59.49
2026-06-05T14:54:14.1896677+08:00	0x06	-0.6842	-0.0644	0.7264	0.0138	173.77	273.19	4.29
2026-06-05T14:54:14.3244028+08:00	0x03	0.2493	-0.4903	-0.4014	-0.7323	31.82	52.68	310.64
2026-06-05T14:54:14.3730162+08:00	0x09	0.1271	0.7290	-0.1901	0.6452	356.16	96.09	26.18
2026-06-05T14:54:14.5723583+08:00	0x01	-0.2630	-0.4940	0.4868	-0.6707	314.60	47.41	56.48
2026-06-05T14:54:14.6403524+08:00	0x04	0.3625	0.3511	-0.4364	0.7449	312.02	22.85	57.83
2026-06-05T14:54:14.7585538+08:00	0x06	-0.6854	-0.0616	0.7254	0.0153	173.86	273.04	3.93
2026-06-05T14:54:14.8080226+08:00	0x02	0.3619	0.5386	-0.5705	0.5035	295.28	39.35	78.23
2026-06-05T14:54:14.8746380+08:00	0x03	0.2473	-0.4942	-0.4095	-0.7259	32.84	52.92	310.21
2026-06-05T14:54:15.1433141+08:00	0x01	-0.2466	-0.4979	0.4675	-0.6875	317.99	49.88	53.58
2026-06-05T14:54:15.2062108+08:00	0x04	0.2693	0.3943	-0.3434	0.8087	331.00	39.78	44.95
2026-06-05T14:54:15.3066514+08:00	0x02	0.2281	0.5875	-0.4544	0.6295	327.79	68.88	55.20
2026-06-05T14:54:15.3895068+08:00	0x03	0.2633	-0.4871	-0.4325	-0.7116	36.39	50.27	307.24
2026-06-05T14:54:15.4406125+08:00	0x07	-0.4164	-0.5359	0.4390	-0.5888	345.21	73.46	73.93
2026-06-05T14:54:15.6581170+08:00	0x09	0.1458	0.7231	-0.2058	0.6431	356.47	95.79	29.02
2026-06-05T14:54:15.6763422+08:00	0x01	-0.2428	-0.5009	0.4616	-0.6907	319.13	50.89	52.93
2026-06-05T14:54:15.8399731+08:00	0x08	0.1173	-0.7360	-0.1477	-0.6502	1.19	96.86	338.28
2026-06-05T14:54:15.8559295+08:00	0x06	-0.6852	-0.0702	0.7250	0.0030	174.21	272.95	5.60
2026-06-05T14:54:16.0065081+08:00	0x03	0.2660	-0.4885	-0.4275	-0.7126	35.33	50.88	307.17
2026-06-05T14:54:16.0743977+08:00	0x07	-0.0539	-0.7052	0.0558	-0.7048	359.85	90.02	8.90
2026-06-05T14:54:16.2408350+08:00	0x01	-0.2521	-0.5041	0.4578	-0.6875	320.39	51.74	53.93
2026-06-05T14:54:16.4067309+08:00	0x08	0.0182	-0.7588	-0.0453	-0.6495	1.80	98.79	354.70
2026-06-05T14:54:16.4396428+08:00	0x02	0.1803	0.6014	-0.3989	0.6683	332.85	72.23	46.12
2026-06-05T14:54:16.4765466+08:00	0x03	0.2689	-0.4938	-0.4307	-0.7059	35.27	51.70	306.38
2026-06-05T14:54:16.5564738+08:00	0x09	0.1378	0.7292	-0.1958	0.6411	356.77	96.56	27.53
2026-06-05T14:54:16.5754241+08:00	0x06	-0.6879	-0.0714	0.7223	0.0027	174.11	272.50	5.71
2026-06-05T14:54:16.6985878+08:00	0x01	-0.2578	-0.5066	0.4570	-0.6841	320.99	52.30	54.66
2026-06-05T14:54:16.7740984+08:00	0x07	0.0828	-0.7063	-0.0742	-0.6991	359.22	90.68	347.26
2026-06-05T14:54:16.9276497+08:00	0x08	0.0012	-0.7607	-0.0310	-0.6484	2.20	99.06	357.21
2026-06-05T14:54:16.9575659+08:00	0x06	-0.6907	-0.0717	0.7196	0.0014	174.16	272.05	5.81
2026-06-05T14:54:17.0059472+08:00	0x03	0.2683	-0.4941	-0.4306	-0.7060	35.25	51.76	306.45
2026-06-05T14:54:17.0911328+08:00	0x04	0.2096	0.4269	-0.2223	0.8511	346.22	49.16	33.13
2026-06-05T14:54:17.1061482+08:00	0x07	0.1516	-0.7005	-0.1339	-0.6843	358.18	91.72	336.72
2026-06-05T14:54:17.3235967+08:00	0x01	-0.2523	-0.5062	0.4554	-0.6875	321.00	52.31	53.90
2026-06-05T14:54:17.4024860+08:00	0x04	0.1341	0.4587	-0.0917	0.8736	357.75	55.04	18.57
2026-06-05T14:54:17.4894914+08:00	0x08	-0.0210	-0.7612	-0.0117	-0.6481	2.70	99.19	0.54
2026-06-05T14:54:17.5405856+08:00	0x03	0.2678	-0.4931	-0.4355	-0.7039	36.17	51.23	306.25
2026-06-05T14:54:17.6488755+08:00	0x07	0.1821	-0.6961	-0.1593	-0.6759	357.52	92.31	332.10
2026-06-05T14:54:17.7067199+08:00	0x09	0.1321	0.7340	-0.1882	0.6391	357.01	97.21	26.43
2026-06-05T14:54:17.7985026+08:00	0x01	-0.2529	-0.5089	0.4508	-0.6883	322.05	53.16	53.81
2026-06-05T14:54:18.0072738+08:00	0x04	0.1233	0.4613	-0.0668	0.8761	359.80	55.51	16.12
2026-06-05T14:54:18.0853060+08:00	0x03	0.2703	-0.4914	-0.4358	-0.7040	36.27	50.89	306.02
2026-06-05T14:54:18.2405503+08:00	0x07	0.1894	-0.6975	-0.1609	-0.6721	356.87	92.92	331.38
2026-06-05T14:54:18.2872820+08:00	0x09	0.1304	0.7335	-0.1876	0.6402	356.88	97.04	26.25
2026-06-05T14:54:18.4249925+08:00	0x01	-0.2523	-0.5086	0.4509	-0.6887	321.98	53.10	53.73
2026-06-05T14:54:18.4751644+08:00	0x04	0.1072	0.4650	-0.0387	0.8779	1.87	56.03	12.96
2026-06-05T14:54:18.5739639+08:00	0x08	-0.0537	-0.7587	0.0168	-0.6490	3.44	99.08	5.46
2026-06-05T14:54:18.6733705+08:00	0x03	0.2707	-0.4914	-0.4375	-0.7027	36.55	50.77	305.86
2026-06-05T14:54:18.8245402+08:00	0x07	0.1763	-0.7018	-0.1457	-0.6747	356.75	93.01	333.75
2026-06-05T14:54:18.8975646+08:00	0x01	-0.2531	-0.5086	0.4510	-0.6884	321.98	53.08	53.83
2026-06-05T14:54:19.0570203+08:00	0x04	0.0971	0.4628	-0.0242	0.8808	2.76	55.70	11.16
2026-06-05T14:54:19.1400603+08:00	0x02	0.1384	0.6213	-0.3256	0.6992	339.29	76.30	36.73
2026-06-05T14:54:19.1575126+08:00	0x08	-0.0660	-0.7566	0.0270	-0.6500	3.74	98.91	7.28
2026-06-05T14:54:19.2749392+08:00	0x03	0.2755	-0.4847	-0.4449	-0.7009	38.24	48.94	305.17
2026-06-05T14:54:19.2901428+08:00	0x09	0.1297	0.7320	-0.1868	0.6422	356.81	96.73	26.11
2026-06-05T14:54:19.3581232+08:00	0x07	0.1143	-0.7157	-0.0844	-0.6838	357.13	93.02	343.91
2026-06-05T14:54:19.4906412+08:00	0x01	-0.2580	-0.5063	0.4469	-0.6909	322.68	52.94	54.00
2026-06-05T14:54:19.5796505+08:00	0x04	0.0931	0.4668	-0.0270	0.8790	2.30	56.17	10.89
2026-06-05T14:54:19.6734941+08:00	0x08	-0.0726	-0.7556	0.0324	-0.6502	3.92	98.86	8.25
2026-06-05T14:54:19.8249290+08:00	0x09	0.1304	0.7316	-0.1871	0.6424	356.83	96.69	26.20
2026-06-05T14:54:19.8893153+08:00	0x07	0.0657	-0.7225	-0.0366	-0.6873	357.42	93.05	351.77
2026-06-05T14:54:20.1407388+08:00	0x04	0.0991	0.4720	-0.0211	0.8758	3.31	56.97	11.16
2026-06-05T14:54:20.1933297+08:00	0x01	-0.2546	-0.5086	0.4525	-0.6869	321.80	52.98	54.09
2026-06-05T14:54:20.3574561+08:00	0x03	0.2730	-0.4947	-0.4381	-0.6991	36.26	51.38	305.39
2026-06-05T14:54:20.4296200+08:00	0x07	0.0177	-0.7285	0.0107	-0.6848	357.68	93.55	359.51
2026-06-05T14:54:20.5260575+08:00	0x09	0.1313	0.7326	-0.1867	0.6412	356.99	96.91	26.23
2026-06-05T14:54:20.5600532+08:00	0x01	-0.2570	-0.5099	0.4500	-0.6867	322.45	53.43	54.27
2026-06-05T14:54:20.6633400+08:00	0x04	0.0869	0.4688	-0.0141	0.8789	3.30	56.43	9.56
2026-06-05T14:54:20.7585942+08:00	0x08	-0.0817	-0.7542	0.0395	-0.6503	4.18	98.81	9.55
2026-06-05T14:54:20.8763898+08:00	0x09	0.1317	0.7317	-0.1866	0.6422	357.00	96.75	26.24
2026-06-05T14:54:20.9122444+08:00	0x03	0.2822	-0.4961	-0.4454	-0.6898	37.00	51.18	303.77
2026-06-05T14:54:21.0771262+08:00	0x01	-0.2644	-0.5061	0.4546	-0.6836	321.62	52.38	55.24
2026-06-05T14:54:21.2442575+08:00	0x04	0.0783	0.4784	-0.0302	0.8741	1.29	57.49	9.54
2026-06-05T14:54:21.2621321+08:00	0x06	-0.6840	-0.0762	0.7255	-0.0040	174.31	273.04	6.66
2026-06-05T14:54:21.3822507+08:00	0x09	0.1325	0.7334	-0.1855	0.6404	357.24	97.10	26.21
2026-06-05T14:54:21.4287121+08:00	0x03	0.2894	-0.4903	-0.4377	-0.6959	35.91	50.66	303.70
2026-06-05T14:54:21.4870213+08:00	0x07	-0.0732	-0.7234	0.0950	-0.6799	358.63	93.39	13.71
2026-06-05T14:54:21.6460210+08:00	0x01	-0.2541	-0.4889	0.4150	-0.7240	326.19	51.68	50.69
2026-06-05T14:54:21.7247979+08:00	0x06	-0.6845	-0.0850	0.7239	-0.0116	174.23	272.80	7.99
2026-06-05T14:54:21.8085776+08:00	0x02	0.0898	0.6330	-0.2863	0.7136	340.22	77.91	29.38
2026-06-05T14:54:21.8964566+08:00	0x09	0.1271	0.7346	-0.1830	0.6409	356.96	97.10	25.58
2026-06-05T14:54:21.9566289+08:00	0x03	0.2953	-0.4690	-0.4525	-0.6986	40.49	45.17	303.17
2026-06-05T14:54:21.9930434+08:00	0x07	-0.1332	-0.7063	0.1516	-0.6786	358.89	92.07	23.26
2026-06-05T14:54:22.1745979+08:00	0x01	-0.2544	-0.4894	0.4162	-0.7228	326.06	51.70	50.82
2026-06-05T14:54:22.2194929+08:00	0x04	0.0736	0.4611	-0.0011	0.8843	3.82	55.33	7.54
2026-06-05T14:54:22.3615863+08:00	0x06	-0.6885	-0.0855	0.7200	-0.0159	174.50	272.16	8.34
2026-06-05T14:54:22.4125194+08:00	0x02	-0.1807	0.5398	-0.6505	0.5028	275.94	65.66	31.36
2026-06-05T14:54:22.4933728+08:00	0x09	0.1240	0.7370	-0.1819	0.6391	356.85	97.43	25.25
2026-06-05T14:54:22.5433611+08:00	0x03	0.2831	-0.4818	-0.4517	-0.6955	39.47	47.83	304.00
2026-06-05T14:54:22.6579921+08:00	0x07	-0.1314	-0.7069	0.1500	-0.6787	358.89	92.11	22.97
2026-06-05T14:54:22.8293612+08:00	0x06	-0.6895	-0.0859	0.7190	-0.0168	174.53	272.00	8.44
2026-06-05T14:54:22.8763345+08:00	0x02	-0.2579	0.1274	-0.9126	-0.2906	149.81	25.43	22.48
2026-06-05T14:54:22.9132368+08:00	0x08	-0.1431	-0.7485	0.0901	-0.6412	5.98	99.81	18.57
2026-06-05T14:54:22.9576686+08:00	0x09	0.1250	0.7373	-0.1798	0.6391	357.12	97.52	25.15
2026-06-05T14:54:23.0419450+08:00	0x03	0.2774	-0.4852	-0.4543	-0.6937	39.81	48.30	304.33
2026-06-05T14:54:23.1558476+08:00	0x07	-0.2026	-0.6898	0.2231	-0.6583	359.00	92.36	35.07
2026-06-05T14:54:23.3078250+08:00	0x01	0.0619	-0.4936	0.7231	-0.4793	265.96	48.09	40.88
2026-06-05T14:54:23.3444108+08:00	0x06	-0.6886	-0.0837	0.7201	-0.0171	174.74	272.18	8.28
2026-06-05T14:54:23.4271859+08:00	0x04	0.0971	0.4680	-0.0138	0.8782	3.89	56.47	10.57
2026-06-05T14:54:23.5251998+08:00	0x08	-0.1702	-0.7423	0.1123	-0.6383	6.80	99.98	22.58
2026-06-05T14:54:23.6574624+08:00	0x07	-0.2738	-0.6665	0.2883	-0.6306	0.11	93.21	46.85
2026-06-05T14:54:23.8350871+08:00	0x01	0.0667	-0.5101	0.7693	-0.3789	253.52	46.10	47.25
2026-06-05T14:54:23.9076789+08:00	0x06	-0.6862	-0.0862	0.7220	-0.0197	174.79	272.52	8.71
2026-06-05T14:54:24.1113746+08:00	0x08	-0.1853	-0.7374	0.1265	-0.6371	7.10	99.93	25.01
2026-06-05T14:54:24.1253011+08:00	0x03	0.2866	-0.4819	-0.4507	-0.6946	39.18	47.92	303.63
2026-06-05T14:54:24.1965896+08:00	0x07	-0.3375	-0.6365	0.3469	-0.6005	1.40	94.11	57.88
2026-06-05T14:54:24.4103470+08:00	0x01	-0.0723	-0.5366	0.6648	-0.5146	279.88	47.81	51.99
2026-06-05T14:54:24.4412676+08:00	0x02	-0.2330	0.1425	-0.8434	-0.4628	126.64	17.07	27.13
2026-06-05T14:54:24.5081552+08:00	0x04	0.0919	0.4703	-0.0155	0.8776	3.45	56.68	10.13
2026-06-05T14:54:24.6579828+08:00	0x03	0.2855	-0.4824	-0.4430	-0.6997	37.76	48.65	304.21
2026-06-05T14:54:24.7248972+08:00	0x07	-0.3869	-0.6053	0.3957	-0.5721	2.30	94.75	67.19
2026-06-05T14:54:24.9250310+08:00	0x01	-0.2475	-0.5080	0.5315	-0.6310	306.69	46.29	58.47
2026-06-05T14:54:25.0115709+08:00	0x06	-0.6862	-0.0815	0.7227	-0.0146	174.74	272.60	7.92
2026-06-05T14:54:25.0921378+08:00	0x08	-0.1969	-0.7343	0.1354	-0.6354	7.53	100.05	26.68
2026-06-05T14:54:25.1778942+08:00	0x09	0.1289	0.7330	-0.1831	0.6423	357.06	96.88	25.73
2026-06-05T14:54:25.1936311+08:00	0x03	0.2944	-0.4814	-0.4340	-0.7023	35.95	49.18	303.77
2026-06-05T14:54:25.3084002+08:00	0x07	-0.4433	-0.5650	0.4492	-0.5315	6.54	98.81	78.19
2026-06-05T14:54:25.4755691+08:00	0x06	-0.6884	-0.0831	0.7204	-0.0179	174.86	272.23	8.30
2026-06-05T14:54:25.5084410+08:00	0x01	-0.2680	-0.5209	0.4443	-0.6778	325.01	56.17	55.71
2026-06-05T14:54:25.6036392+08:00	0x04	0.0840	0.4775	0.0026	0.8746	4.91	57.62	8.30
2026-06-05T14:54:25.6754496+08:00	0x08	-0.2036	-0.7343	0.1402	-0.6322	7.90	100.49	27.60
2026-06-05T14:54:25.7313647+08:00	0x03	0.3028	-0.4740	-0.4498	-0.6938	39.30	46.36	302.16
2026-06-05T14:54:25.7626162+08:00	0x09	0.1293	0.7341	-0.1816	0.6414	357.26	97.08	25.62
2026-06-05T14:54:25.8089298+08:00	0x07	-0.4862	-0.5279	0.4892	-0.4956	30.38	122.41	86.77
2026-06-05T14:54:26.0757152+08:00	0x01	-0.2708	-0.5185	0.4692	-0.6616	320.55	53.85	57.65
2026-06-05T14:54:26.1920034+08:00	0x08	-0.2123	-0.7329	0.1483	-0.6291	8.19	100.83	28.98
2026-06-05T14:54:26.2648133+08:00	0x03	0.2918	-0.4932	-0.4399	-0.6915	35.90	51.09	303.13
2026-06-05T14:54:26.3085415+08:00	0x09	0.1310	0.7348	-0.1842	0.6395	357.25	97.29	26.00
2026-06-05T14:54:26.5924146+08:00	0x01	-0.2813	-0.5161	0.4605	-0.6652	322.35	54.14	58.16
2026-06-05T14:54:26.6590997+08:00	0x04	0.0943	0.4841	-0.0092	0.8699	4.38	58.58	9.96
2026-06-05T14:54:26.7765845+08:00	0x08	-0.2170	-0.7320	0.1506	-0.6280	8.49	100.99	29.54
2026-06-05T14:54:26.8245059+08:00	0x07	-0.5340	-0.4804	0.5334	-0.4467	165.28	257.19	81.72
2026-06-05T14:54:27.0597339+08:00	0x01	-0.2744	-0.5216	0.4520	-0.6696	324.11	55.87	57.03
2026-06-05T14:54:27.1421907+08:00	0x06	-0.6879	-0.0788	0.7214	-0.0115	174.69	272.38	7.44
2026-06-05T14:54:27.2591551+08:00	0x02	0.0021	0.4498	-0.7995	-0.3980	113.57	328.74	45.86
2026-06-05T14:54:27.3879699+08:00	0x08	-0.2212	-0.7296	0.1546	-0.6284	8.55	100.84	30.24
2026-06-05T14:54:27.4089130+08:00	0x03	0.3032	-0.4711	-0.4615	-0.6878	41.83	44.69	301.57
2026-06-05T14:54:27.6589859+08:00	0x06	-0.6876	-0.0810	0.7214	-0.0142	174.73	272.39	7.84
2026-06-05T14:54:27.7249325+08:00	0x02	0.1690	0.6514	-0.4449	0.5909	330.82	81.36	51.20
2026-06-05T14:54:27.8092442+08:00	0x01	-0.2764	-0.5245	0.4487	-0.6687	325.10	56.77	57.18
2026-06-05T14:54:27.8939045+08:00	0x07	-0.6075	-0.3888	0.5978	-0.3498	173.18	264.90	62.86
2026-06-05T14:54:28.0189276+08:00	0x09	0.1307	0.7326	-0.1850	0.6419	357.07	96.87	26.03
2026-06-05T14:54:28.1596867+08:00	0x01	-0.2769	-0.5203	0.4602	-0.6640	322.65	55.01	57.84
2026-06-05T14:54:28.2624220+08:00	0x06	-0.6894	-0.0786	0.7200	-0.0107	174.62	272.14	7.35
2026-06-05T14:54:28.3131363+08:00	0x04	0.1059	0.4847	-0.0071	0.8682	5.28	58.86	11.00
2026-06-05T14:54:28.4468934+08:00	0x08	-0.2242	-0.7304	0.1567	-0.6259	8.78	101.22	30.63
2026-06-05T14:54:28.4628918+08:00	0x07	-0.6648	-0.2757	0.6509	-0.2414	175.91	267.19	42.84
2026-06-05T14:54:28.4928120+08:00	0x03	0.2945	-0.4869	-0.4374	-0.6963	36.00	50.02	303.27
2026-06-05T14:54:28.7320954+08:00	0x01	-0.2809	-0.5222	0.4534	-0.6654	324.27	56.02	57.93
2026-06-05T14:54:28.8087102+08:00	0x02	0.1549	0.6478	-0.3835	0.6398	336.21	80.97	44.03
2026-06-05T14:54:28.9460812+08:00	0x08	-0.2261	-0.7314	0.1567	-0.6240	9.05	101.56	30.76
2026-06-05T14:54:28.9755166+08:00	0x07	-0.6872	-0.2176	0.6688	-0.1820	176.20	267.32	32.77
2026-06-05T14:54:29.0429165+08:00	0x09	0.1303	0.7369	-0.1825	0.6377	357.41	97.66	25.79
2026-06-05T14:54:29.2433288+08:00	0x01	-0.2789	-0.5212	0.4535	-0.6670	324.03	55.75	57.65
2026-06-05T14:54:29.3263174+08:00	0x02	0.1071	0.6604	-0.3372	0.6623	337.85	82.57	35.96
2026-06-05T14:54:29.3717867+08:00	0x04	0.1032	0.4860	-0.0124	0.8678	4.60	58.94	11.02
2026-06-05T14:54:29.5122994+08:00	0x08	-0.2361	-0.7289	0.1634	-0.6215	9.60	101.87	32.12
2026-06-05T14:54:29.8130971+08:00	0x01	-0.2742	-0.5192	0.4510	-0.6722	324.02	55.44	56.82
2026-06-05T14:54:29.9154081+08:00	0x02	0.0937	0.6613	-0.3188	0.6725	338.63	82.60	33.21
2026-06-05T14:54:29.9442757+08:00	0x04	0.0944	0.4857	-0.0046	0.8690	4.87	58.82	9.70
2026-06-05T14:54:30.0474939+08:00	0x08	-0.2446	-0.7268	0.1702	-0.6188	10.00	102.18	33.37
2026-06-05T14:54:30.1096803+08:00	0x03	0.3027	-0.4830	-0.4457	-0.6903	37.59	48.58	301.96
2026-06-05T14:54:30.4259161+08:00	0x06	-0.6941	-0.0841	0.7148	-0.0183	174.75	271.30	8.38
2026-06-05T14:54:30.5113749+08:00	0x04	0.0946	0.4847	0.0045	0.8695	5.78	58.74	9.22
2026-06-05T14:54:30.5984413+08:00	0x08	-0.2550	-0.7231	0.1783	-0.6167	10.46	102.38	34.92
2026-06-05T14:54:30.7037380+08:00	0x09	0.1307	0.7401	-0.1788	0.6350	357.87	98.26	25.51
2026-06-05T14:54:30.8929110+08:00	0x06	-0.6944	-0.0819	0.7147	-0.0175	174.86	271.28	8.13
2026-06-05T14:54:30.9264974+08:00	0x01	-0.2739	-0.5204	0.4532	-0.6699	323.73	55.51	57.00
2026-06-05T14:54:30.9932220+08:00	0x02	0.0762	0.6600	-0.3052	0.6823	338.50	82.18	30.45
2026-06-05T14:54:31.1776727+08:00	0x03	0.2990	-0.4794	-0.4510	-0.6909	39.08	47.37	302.27
2026-06-05T14:54:31.1956614+08:00	0x08	-0.2587	-0.7217	0.1794	-0.6165	10.74	102.42	35.30
2026-06-05T14:54:31.2438760+08:00	0x09	0.1312	0.7397	-0.1775	0.6357	358.00	98.20	25.43
2026-06-05T14:54:31.3764521+08:00	0x07	-0.7079	-0.1490	0.6810	-0.1133	176.52	267.13	21.30
2026-06-05T14:54:31.4760195+08:00	0x01	-0.2783	-0.5202	0.4524	-0.6688	324.09	55.61	57.44
2026-06-05T14:54:31.5761456+08:00	0x02	0.0695	0.6614	-0.2933	0.6868	339.19	82.42	28.91
2026-06-05T14:54:31.6599366+08:00	0x07	-0.7156	0.1072	0.6786	0.1263	178.91	267.14	340.95
2026-06-05T14:54:31.7043427+08:00	0x03	0.2994	-0.4791	-0.4495	-0.6920	38.81	47.44	302.32
2026-06-05T14:54:31.9811603+08:00	0x06	-0.6929	-0.0798	0.7164	-0.0169	175.00	271.56	7.92
2026-06-05T14:54:32.0930804+08:00	0x02	0.0678	0.6634	-0.2894	0.6867	339.53	82.78	28.50
2026-06-05T14:54:32.1267210+08:00	0x01	-0.2716	-0.5264	0.4560	-0.6643	323.77	56.55	57.23
2026-06-05T14:54:32.1765887+08:00	0x08	-0.2636	-0.7176	0.1852	-0.6175	10.68	102.08	36.25
2026-06-05T14:54:32.2096534+08:00	0x07	-0.7035	0.1783	0.6604	0.1930	179.73	266.45	329.53
2026-06-05T14:54:32.2931964+08:00	0x09	0.1323	0.7389	-0.1750	0.6371	358.26	98.07	25.29
2026-06-05T14:54:32.5103252+08:00	0x06	-0.6908	-0.0803	0.7183	-0.0183	175.09	271.89	8.09
2026-06-05T14:54:32.5768773+08:00	0x01	-0.2683	-0.5301	0.4481	-0.6680	325.34	57.85	56.46
2026-06-05T14:54:32.6968686+08:00	0x04	0.1120	0.4936	0.0040	0.8624	6.87	60.23	10.91
2026-06-05T14:54:32.7770952+08:00	0x09	0.1310	0.7377	-0.1759	0.6385	358.01	97.80	25.27
2026-06-05T14:54:32.7980355+08:00	0x03	0.3012	-0.4949	-0.4530	-0.6776	37.73	50.43	301.07
2026-06-05T14:54:32.9982454+08:00	0x01	-0.2720	-0.5316	0.4453	-0.6672	326.19	58.44	56.76
2026-06-05T14:54:33.1783243+08:00	0x02	0.0734	0.6518	-0.2649	0.7068	341.82	81.02	26.68
2026-06-05T14:54:33.2630863+08:00	0x08	-0.2603	-0.7166	0.1860	-0.6198	10.16	101.61	36.11
2026-06-05T14:54:33.2936909+08:00	0x07	-0.6794	0.2525	0.6374	0.2615	180.76	266.05	317.38
2026-06-05T14:54:33.3766724+08:00	0x03	0.3003	-0.4898	-0.4460	-0.6863	37.02	49.96	301.89
2026-06-05T14:54:33.5639384+08:00	0x01	-0.2764	-0.5265	0.4513	-0.6654	324.87	57.01	57.46
2026-06-05T14:54:33.7607705+08:00	0x02	0.0732	0.6536	-0.2755	0.7011	340.86	81.25	27.57
2026-06-05T14:54:33.8284887+08:00	0x07	-0.6213	0.3673	0.5831	0.3729	182.73	264.69	296.90
2026-06-05T14:54:33.9205150+08:00	0x03	0.3009	-0.4907	-0.4423	-0.6878	36.20	50.48	302.00
2026-06-05T14:54:34.0936063+08:00	0x01	-0.2854	-0.5145	0.4556	-0.6680	323.26	54.26	58.22
2026-06-05T14:54:34.1612657+08:00	0x06	-0.6861	-0.0820	0.7226	-0.0163	174.84	272.60	8.10
2026-06-05T14:54:34.2602503+08:00	0x04	0.0742	0.4941	-0.0036	0.8662	3.88	59.66	7.59
2026-06-05T14:54:34.3605963+08:00	0x08	-0.2489	-0.7188	0.1773	-0.6244	9.53	101.00	34.46
2026-06-05T14:54:34.4173253+08:00	0x07	-0.5751	0.4328	0.5388	0.4378	186.12	261.50	284.09
2026-06-05T14:54:34.5276568+08:00	0x03	0.3218	-0.4812	-0.4478	-0.6814	37.48	48.12	299.60
2026-06-05T14:54:34.6608372+08:00	0x01	-0.3027	-0.5034	0.4541	-0.6699	323.10	52.20	59.62
2026-06-05T14:54:34.7106880+08:00	0x02	0.0989	0.6541	-0.2745	0.6979	343.00	81.73	29.81
2026-06-05T14:54:34.8183084+08:00	0x08	-0.2437	-0.7200	0.1720	-0.6266	9.35	100.75	33.57
2026-06-05T14:54:34.9773434+08:00	0x09	0.1278	0.7332	-0.1750	0.6446	357.59	96.83	24.93
2026-06-05T14:54:35.0112802+08:00	0x07	-0.5247	0.4913	0.4903	0.4929	225.77	222.17	272.57
2026-06-05T14:54:35.1811237+08:00	0x01	-0.3008	-0.5028	0.4604	-0.6669	321.75	51.47	59.78
2026-06-05T14:54:35.2605339+08:00	0x06	-0.6862	-0.0833	0.7224	-0.0198	175.03	272.57	8.48
2026-06-05T14:54:35.3686659+08:00	0x04	0.0813	0.4942	-0.0183	0.8653	2.82	59.69	9.14
2026-06-05T14:54:35.4775653+08:00	0x09	0.1384	0.7321	-0.1895	0.6395	357.45	97.11	27.03
2026-06-05T14:54:35.5274306+08:00	0x07	-0.4700	0.5425	0.4396	0.5400	348.44	99.95	280.10
2026-06-05T14:54:35.5795795+08:00	0x03	0.3173	-0.4834	-0.4426	-0.6853	36.40	49.05	300.36
2026-06-05T14:54:35.8004996+08:00	0x01	-0.3067	-0.4950	0.4574	-0.6721	321.65	50.09	59.89
2026-06-05T14:54:35.8264731+08:00	0x06	-0.6861	-0.0853	0.7222	-0.0207	174.94	272.55	8.72
2026-06-05T14:54:35.9444132+08:00	0x08	-0.2508	-0.7184	0.1790	-0.6237	9.60	101.08	34.75
2026-06-05T14:54:35.9939328+08:00	0x09	0.1361	0.7331	-0.1870	0.6396	357.46	97.20	26.63
2026-06-05T14:54:36.0603875+08:00	0x07	-0.4198	0.5831	0.3873	0.5778	353.10	95.31	290.49
2026-06-05T14:54:36.1443256+08:00	0x02	0.0988	0.6499	-0.2869	0.6968	341.60	80.92	30.70
2026-06-05T14:54:36.1796560+08:00	0x03	0.3269	-0.4772	-0.4404	-0.6866	36.32	47.99	299.63
2026-06-05T14:54:36.3550010+08:00	0x01	-0.3060	-0.4969	0.4580	-0.6706	321.72	50.43	59.95
2026-06-05T14:54:36.4097808+08:00	0x06	-0.6847	-0.0896	0.7228	-0.0247	174.94	272.68	9.40
2026-06-05T14:54:36.5612159+08:00	0x09	0.1306	0.7338	-0.1829	0.6412	357.27	97.08	25.84
2026-06-05T14:54:36.6098665+08:00	0x07	-0.3585	0.6225	0.3272	0.6140	355.20	93.44	302.06
2026-06-05T14:54:36.7324401+08:00	0x02	0.0951	0.6473	-0.2716	0.7058	342.67	80.53	29.08
2026-06-05T14:54:36.8608022+08:00	0x01	-0.2931	-0.5029	0.4513	-0.6764	323.12	52.21	58.25
2026-06-05T14:54:36.8836506+08:00	0x04	0.0673	0.4892	0.0024	0.8696	4.04	58.95	6.59
2026-06-05T14:54:36.9775676+08:00	0x03	0.3255	-0.4716	-0.4511	-0.6842	39.14	45.71	299.43
2026-06-05T14:54:37.0334281+08:00	0x08	-0.2587	-0.7151	0.1887	-0.6214	9.67	101.19	36.26
2026-06-05T14:54:37.1481880+08:00	0x07	-0.3085	0.6474	0.2783	0.6390	356.18	92.49	311.02
2026-06-05T14:54:37.2442756+08:00	0x02	0.0971	0.6465	-0.2833	0.7017	341.66	80.33	30.16
2026-06-05T14:54:37.3335913+08:00	0x04	0.0727	0.4925	-0.0099	0.8672	3.16	59.40	7.81
2026-06-05T14:54:37.4977309+08:00	0x06	-0.6811	-0.0887	0.7265	-0.0187	174.57	273.27	8.88
2026-06-05T14:54:37.5313808+08:00	0x03	0.3236	-0.4775	-0.4464	-0.6841	37.59	47.45	299.64
2026-06-05T14:54:37.5996798+08:00	0x09	0.1253	0.7340	-0.1799	0.6428	357.00	96.91	25.17
2026-06-05T14:54:37.7313632+08:00	0x07	-0.2452	0.6707	0.2151	0.6662	356.92	91.44	322.04
2026-06-05T14:54:37.8131634+08:00	0x02	0.0829	0.6554	-0.2840	0.6949	340.87	81.63	29.18
2026-06-05T14:54:37.8447703+08:00	0x04	0.0764	0.4907	-0.0070	0.8680	3.63	59.21	8.02
2026-06-05T14:54:37.9994934+08:00	0x08	-0.2720	-0.7090	0.1991	-0.6194	10.19	101.26	38.26
2026-06-05T14:54:38.0295649+08:00	0x06	-0.6787	-0.0897	0.7286	-0.0232	174.89	273.65	9.33
2026-06-05T14:54:38.1007015+08:00	0x03	0.3191	-0.4763	-0.4480	-0.6860	38.18	47.02	300.17
2026-06-05T14:54:38.2049507+08:00	0x09	0.1289	0.7322	-0.1776	0.6447	357.45	96.70	25.23
2026-06-05T14:54:38.2685082+08:00	0x07	-0.1810	0.6940	0.1503	0.6804	356.99	91.86	332.93
2026-06-05T14:54:38.3977831+08:00	0x02	0.0802	0.6524	-0.2917	0.6949	339.79	81.03	29.47
2026-06-05T14:54:38.4446983+08:00	0x01	-0.2969	-0.5075	0.4597	-0.6656	322.25	52.54	59.52
2026-06-05T14:54:38.6302239+08:00	0x04	0.0880	0.4886	-0.0121	0.8680	3.78	59.06	9.48
2026-06-05T14:54:38.6782569+08:00	0x09	0.1311	0.7326	-0.1795	0.6433	357.53	96.86	25.57
2026-06-05T14:54:38.7660312+08:00	0x03	0.3144	-0.4826	-0.4464	-0.6848	37.33	48.50	300.51
2026-06-05T14:54:38.8453961+08:00	0x07	-0.1282	0.7072	0.1025	0.6877	357.56	92.00	341.26
2026-06-05T14:54:38.9114918+08:00	0x02	0.0903	0.6511	-0.2761	0.7012	342.03	81.05	29.08
2026-06-05T14:54:39.0891320+08:00	0x08	-0.2748	-0.7043	0.2026	-0.6225	9.97	100.58	38.86
2026-06-05T14:54:39.1732006+08:00	0x06	-0.6799	-0.0926	0.7269	-0.0272	174.97	273.40	9.88
2026-06-05T14:54:39.2111720+08:00	0x03	0.3248	-0.4743	-0.4451	-0.6866	37.66	46.89	299.74
2026-06-05T14:54:39.2504542+08:00	0x09	0.1318	0.7360	-0.1789	0.6395	357.78	97.52	25.59
2026-06-05T14:54:39.2953129+08:00	0x07	-0.0678	0.7148	0.0439	0.6947	357.91	91.80	350.97
2026-06-05T14:54:39.4783261+08:00	0x02	0.0807	0.6559	-0.2802	0.6962	341.09	81.71	28.68
2026-06-05T14:54:39.6114982+08:00	0x01	-0.2993	-0.5074	0.4578	-0.6658	322.71	52.71	59.68
2026-06-05T14:54:39.6782103+08:00	0x06	-0.6825	-0.0872	0.7253	-0.0228	175.00	273.08	9.07
2026-06-05T14:54:39.7784967+08:00	0x03	0.3146	-0.4806	-0.4430	-0.6883	36.90	48.40	300.80
2026-06-05T14:54:39.8943805+08:00	0x07	-0.0102	0.7167	-0.0119	0.6972	358.21	91.57	0.17
2026-06-05T14:54:39.9951331+08:00	0x02	0.0793	0.6591	-0.2871	0.6905	340.46	82.20	29.21
2026-06-05T14:54:40.0948611+08:00	0x01	-0.2994	-0.5103	0.4609	-0.6614	322.46	53.08	60.06
2026-06-05T14:54:40.1849140+08:00	0x08	-0.2823	-0.7031	0.2040	-0.6199	10.77	101.08	39.56
2026-06-05T14:54:40.2787264+08:00	0x06	-0.6832	-0.0857	0.7248	-0.0255	175.34	273.01	9.16
2026-06-05T14:54:40.3453198+08:00	0x09	0.1345	0.7351	-0.1739	0.6413	358.39	97.43	25.36
2026-06-05T14:54:40.4126915+08:00	0x07	0.0651	0.7158	-0.0829	0.6903	358.76	91.95	12.04
2026-06-05T14:54:40.5778555+08:00	0x02	0.0802	0.6615	-0.2750	0.6931	341.79	82.69	28.36
2026-06-05T14:54:40.6116538+08:00	0x01	-0.2993	-0.5070	0.4595	-0.6650	322.33	52.46	59.77
2026-06-05T14:54:40.7616375+08:00	0x08	-0.2826	-0.7054	0.2016	-0.6180	11.15	101.56	39.32
2026-06-05T14:54:40.8112095+08:00	0x06	-0.6842	-0.0846	0.7239	-0.0262	175.48	272.87	9.10
2026-06-05T14:54:40.8472869+08:00	0x03	0.3109	-0.4852	-0.4412	-0.6879	36.19	49.51	301.14
2026-06-05T14:54:40.8807210+08:00	0x09	0.1359	0.7343	-0.1734	0.6421	358.53	97.34	25.42
2026-06-05T14:54:40.9615445+08:00	0x07	0.1194	0.7090	-0.1327	0.6823	359.28	92.07	20.55
2026-06-05T14:54:41.0959827+08:00	0x02	0.0782	0.6635	-0.2797	0.6895	341.26	82.98	28.62
2026-06-05T14:54:41.2790283+08:00	0x04	0.0858	0.4945	-0.0204	0.8647	2.88	59.77	9.70
2026-06-05T14:54:41.3624341+08:00	0x06	-0.6854	-0.0853	0.7228	-0.0231	175.15	272.66	8.92
2026-06-05T14:54:41.4182811+08:00	0x09	0.1352	0.7341	-0.1786	0.6411	358.06	97.30	25.82
2026-06-05T14:54:41.4632166+08:00	0x08	-0.2863	-0.7048	0.2066	-0.6153	11.25	101.88	40.06
2026-06-05T14:54:41.4951730+08:00	0x07	0.1836	0.6969	-0.1929	0.6659	359.93	92.59	30.89
2026-06-05T14:54:41.6612252+08:00	0x02	0.0787	0.6623	-0.2761	0.6920	341.60	82.80	28.34
2026-06-05T14:54:41.7960563+08:00	0x04	0.0903	0.4929	-0.0151	0.8653	3.66	59.65	9.86
2026-06-05T14:54:41.8509124+08:00	0x08	-0.2900	-0.7049	0.2095	-0.6125	11.56	102.31	40.59
2026-06-05T14:54:41.9207792+08:00	0x06	-0.6890	-0.0845	0.7195	-0.0199	174.91	272.10	8.57
2026-06-05T14:54:41.9527184+08:00	0x03	0.3121	-0.4851	-0.4418	-0.6871	36.27	49.44	300.96
2026-06-05T14:54:42.0952219+08:00	0x07	0.2498	0.6736	-0.2607	0.6450	0.02	92.49	42.33
2026-06-05T14:54:42.1830226+08:00	0x02	0.0724	0.6640	-0.2772	0.6906	341.06	83.00	27.91
2026-06-05T14:54:42.2335879+08:00	0x06	-0.6888	-0.0852	0.7196	-0.0207	174.92	272.12	8.69
2026-06-05T14:54:42.2800653+08:00	0x04	0.0888	0.4917	-0.0066	0.8662	4.41	59.51	9.23
2026-06-05T14:54:42.4368627+08:00	0x08	-0.2934	-0.7034	0.2129	-0.6114	11.68	102.41	41.18
2026-06-05T14:54:42.5956624+08:00	0x09	0.1347	0.7356	-0.1776	0.6397	358.16	97.56	25.70
2026-06-05T14:54:42.7612528+08:00	0x02	0.0708	0.6617	-0.2827	0.6908	340.32	82.55	28.16
2026-06-05T14:54:42.7968426+08:00	0x04	0.0908	0.4955	-0.0092	0.8638	4.31	60.04	9.55
2026-06-05T14:54:42.9476681+08:00	0x08	-0.2928	-0.7030	0.2127	-0.6122	11.57	102.25	41.12
2026-06-05T14:54:43.0116565+08:00	0x03	0.3099	-0.4864	-0.4477	-0.6833	37.34	49.15	300.79
2026-06-05T14:54:43.0794830+08:00	0x09	0.1348	0.7348	-0.1791	0.6402	358.01	97.42	25.84
2026-06-05T14:54:43.1629120+08:00	0x07	0.3311	0.6396	-0.3400	0.6048	1.28	93.90	56.65
2026-06-05T14:54:43.2787852+08:00	0x02	0.0648	0.6676	-0.2704	0.6907	341.24	83.55	26.78
2026-06-05T14:54:43.3455277+08:00	0x01	-0.2861	-0.5194	0.4511	-0.6669	324.65	55.69	58.25
2026-06-05T14:54:43.3956028+08:00	0x04	0.0969	0.4923	-0.0057	0.8650	4.98	59.73	9.97
2026-06-05T14:54:43.5283616+08:00	0x08	-0.2940	-0.7035	0.2125	-0.6111	11.80	102.48	41.17
2026-06-05T14:54:43.5618453+08:00	0x03	0.3094	-0.4877	-0.4473	-0.6829	37.13	49.46	300.81
2026-06-05T14:54:43.5957736+08:00	0x07	0.4509	0.5606	-0.4534	0.5262	8.87	100.99	79.37
2026-06-05T14:54:43.6850282+08:00	0x09	0.1341	0.7362	-0.1788	0.6387	358.04	97.66	25.76
2026-06-05T14:54:43.8485895+08:00	0x02	0.0705	0.6625	-0.2795	0.6914	340.64	82.71	27.90
2026-06-05T14:54:44.0287708+08:00	0x08	-0.2997	-0.7014	0.2070	-0.6127	12.79	102.54	41.11
2026-06-05T14:54:44.0665561+08:00	0x09	0.1375	0.7351	-0.1739	0.6407	358.69	97.56	25.58
2026-06-05T14:54:44.3837697+08:00	0x01	-0.2937	-0.5142	0.4450	-0.6719	325.56	55.18	58.45
2026-06-05T14:54:44.5986955+08:00	0x09	0.1490	0.7376	-0.1171	0.6480	4.19	98.19	21.46
2026-06-05T14:54:44.6291826+08:00	0x08	-0.3064	-0.6893	0.1850	-0.6300	14.27	100.35	39.87
2026-06-05T14:54:44.6680443+08:00	0x07	0.4945	0.5237	-0.4941	0.4870	58.18	150.26	87.52
2026-06-05T14:54:44.9132824+08:00	0x01	-0.2741	-0.5175	0.4491	-0.6749	324.16	55.21	56.58
2026-06-05T14:54:44.9472566+08:00	0x04	0.1038	0.4995	-0.0022	0.8601	5.83	60.82	10.41
2026-06-05T14:54:45.0868063+08:00	0x09	0.1824	0.7432	-0.1302	0.6304	6.79	100.90	25.06
2026-06-05T14:54:45.1289144+08:00	0x08	-0.3102	-0.6778	0.1872	-0.6398	13.78	98.41	40.59
2026-06-05T14:54:45.2620339+08:00	0x07	0.7188	0.3769	-0.5253	0.2557	154.98	240.56	49.78
2026-06-05T14:54:45.4290121+08:00	0x02	0.0890	0.6708	-0.2666	0.6863	343.69	84.50	28.67
2026-06-05T14:54:45.4790098+08:00	0x01	-0.3027	-0.5196	0.4327	-0.6717	328.91	57.59	58.91
2026-06-05T14:54:45.5631892+08:00	0x06	-0.6888	-0.0852	0.7196	-0.0206	174.92	272.12	8.68
2026-06-05T14:54:45.6463419+08:00	0x09	0.1482	0.7385	-0.0967	0.6506	5.67	98.22	19.61
2026-06-05T14:54:45.6968764+08:00	0x08	-0.3219	-0.6427	0.2193	-0.6597	10.13	92.71	44.95
2026-06-05T14:54:45.7171554+08:00	0x03	0.3251	-0.4431	-0.4901	-0.6766	50.59	35.35	299.04
2026-06-05T14:54:45.7989318+08:00	0x07	0.6597	0.2169	-0.6927	0.1948	178.87	272.45	33.88
2026-06-05T14:54:46.0488212+08:00	0x02	0.1110	0.6919	-0.2754	0.6581	345.77	88.80	31.82
2026-06-05T14:54:46.0797353+08:00	0x06	-0.3477	-0.0248	0.9368	0.0306	175.73	319.22	1.45
2026-06-05T14:54:46.1473018+08:00	0x09	0.1910	0.7298	-0.1350	0.6424	6.75	98.87	26.26
2026-06-05T14:54:46.2479680+08:00	0x03	0.3388	-0.4425	-0.4839	-0.6747	49.46	35.40	297.69
2026-06-05T14:54:46.3875918+08:00	0x07	0.3747	-0.0141	-0.9163	0.1403	195.57	316.14	4.55
2026-06-05T14:54:46.6181264+08:00	0x02	0.1217	0.6841	-0.2955	0.6556	344.48	87.61	34.33
2026-06-05T14:54:46.6457313+08:00	0x04	0.0765	0.4845	-0.0054	0.8714	3.75	58.41	7.97
2026-06-05T14:54:46.7802186+08:00	0x03	0.3364	-0.4595	-0.4673	-0.6763	43.78	41.15	297.82
2026-06-05T14:54:46.8672092+08:00	0x07	0.3246	-0.0661	-0.9434	-0.0146	180.89	321.97	352.29
2026-06-05T14:54:46.9799516+08:00	0x08	-0.2995	-0.6429	0.2041	-0.6748	8.46	90.46	41.80
2026-06-05T14:54:47.1334143+08:00	0x02	0.1314	0.6850	-0.2991	0.6513	345.08	88.09	35.51
2026-06-05T14:54:47.1796684+08:00	0x06	-0.2873	-0.0014	0.9574	0.0297	176.69	326.62	359.17
2026-06-05T14:54:47.2132457+08:00	0x09	0.1975	0.7360	-0.1414	0.6320	7.23	100.45	27.24
2026-06-05T14:54:47.3230783+08:00	0x03	0.3288	-0.4636	-0.4705	-0.6750	44.10	41.79	298.35
2026-06-05T14:54:47.4105890+08:00	0x07	0.3159	-0.1011	-0.9369	-0.1103	171.49	323.86	344.98
2026-06-05T14:54:47.6961469+08:00	0x02	0.1246	0.6857	-0.2982	0.6522	344.59	88.01	34.85
2026-06-05T14:54:47.8798323+08:00	0x08	-0.2414	-0.6640	0.1492	-0.6918	7.75	89.89	32.15
2026-06-05T14:54:47.9874045+08:00	0x09	0.1991	0.7348	-0.1449	0.6320	7.10	100.35	27.69
2026-06-05T14:54:48.0149276+08:00	0x07	0.2982	-0.1283	-0.9216	-0.2128	160.19	327.90	338.69
2026-06-05T14:54:48.2121650+08:00	0x02	0.1088	0.6861	-0.3068	0.6506	342.41	87.59	34.24
2026-06-05T14:54:48.2483501+08:00	0x06	-0.2658	0.0065	0.9626	0.0526	174.39	329.24	357.68
2026-06-05T14:54:48.2981057+08:00	0x04	0.0814	0.4838	-0.0193	0.8712	2.62	58.30	9.24
2026-06-05T14:54:48.3492011+08:00	0x09	0.1836	0.7363	-0.1281	0.6385	6.77	99.64	25.04
2026-06-05T14:54:48.3801465+08:00	0x08	-0.2221	-0.6703	0.1270	-0.6966	7.92	89.83	28.66
2026-06-05T14:54:48.4662172+08:00	0x03	0.3281	-0.4595	-0.4668	-0.6806	43.74	41.38	298.87
2026-06-05T14:54:48.5532255+08:00	0x07	0.2942	-0.1568	-0.8972	-0.2896	151.37	330.67	333.14
2026-06-05T14:54:48.7976797+08:00	0x02	0.1148	0.6902	-0.3039	0.6466	343.44	88.54	34.61
2026-06-05T14:54:48.8970680+08:00	0x04	0.0941	0.4798	-0.0255	0.8720	2.67	57.89	10.87
2026-06-05T14:54:48.9473571+08:00	0x09	0.1880	0.7433	-0.1235	0.6300	7.84	101.16	24.87
2026-06-05T14:54:49.0471109+08:00	0x03	0.3172	-0.4661	-0.4612	-0.6852	42.02	43.53	300.16
2026-06-05T14:54:49.1200170+08:00	0x07	0.2905	-0.1722	-0.8809	-0.3317	146.09	332.75	330.26
2026-06-05T14:54:49.2631129+08:00	0x02	0.1296	0.7001	-0.2905	0.6393	346.61	90.97	34.92
2026-06-05T14:54:49.3134068+08:00	0x06	-0.2819	0.0120	0.9586	0.0382	176.18	327.31	357.44
2026-06-05T14:54:49.4003256+08:00	0x04	0.1050	0.4794	-0.0158	0.8711	4.28	58.08	11.43
2026-06-05T14:54:49.5462599+08:00	0x08	-0.2069	-0.6682	0.1129	-0.7056	7.51	88.64	26.28
2026-06-05T14:54:49.5969883+08:00	0x09	0.1940	0.7399	-0.1339	0.6301	7.58	100.93	26.27
2026-06-05T14:54:49.6296880+08:00	0x07	0.2850	-0.1858	-0.8731	-0.3491	143.76	334.41	328.43
2026-06-05T14:54:49.8304266+08:00	0x06	-0.2934	0.0049	0.9552	0.0378	176.02	325.92	358.19
2026-06-05T14:54:49.9203534+08:00	0x01	-0.3798	-0.5002	0.4869	-0.6071	318.34	48.36	71.47
2026-06-05T14:54:50.1024693+08:00	0x09	0.1959	0.7384	-0.1392	0.6301	7.33	100.81	26.90
2026-06-05T14:54:50.1341013+08:00	0x03	0.3100	-0.4760	-0.4418	-0.6943	37.33	47.52	301.66
2026-06-05T14:54:50.3633388+08:00	0x02	0.1440	0.7047	-0.2933	0.6298	348.04	92.47	36.50
2026-06-05T14:54:50.4072291+08:00	0x06	-0.2804	0.0100	0.9583	0.0546	174.31	327.52	357.14
2026-06-05T14:54:50.4467197+08:00	0x04	0.0946	0.4708	-0.0025	0.8771	4.93	56.87	9.69
2026-06-05T14:54:50.5633279+08:00	0x01	-0.3848	-0.5126	0.4696	-0.6072	326.24	55.67	71.57
2026-06-05T14:54:50.6599647+08:00	0x08	-0.1642	-0.6809	0.0665	-0.7107	7.84	88.85	18.90
2026-06-05T14:54:50.6970663+08:00	0x03	0.3115	-0.4661	-0.4585	-0.6896	41.58	43.87	301.02
2026-06-05T14:54:50.7819471+08:00	0x07	0.2976	-0.1917	-0.8494	-0.3914	138.40	334.62	326.04
2026-06-05T14:54:50.9843953+08:00	0x02	0.1509	0.6982	-0.3465	0.6080	343.56	91.58	41.86
2026-06-05T14:54:51.0067389+08:00	0x01	-0.3970	-0.5003	0.5021	-0.5831	313.78	45.07	74.87
2026-06-05T14:54:51.1098836+08:00	0x09	0.2044	0.7430	-0.1435	0.6209	8.17	102.26	27.84
2026-06-05T14:54:51.1316053+08:00	0x06	-0.2849	0.0081	0.9570	0.0540	174.33	326.97	357.35
2026-06-05T14:54:51.2055866+08:00	0x03	0.3068	-0.4760	-0.4475	-0.6921	38.53	46.99	301.71
2026-06-05T14:54:51.2515248+08:00	0x08	-0.1333	-0.6873	0.0336	-0.7133	8.00	88.83	13.68
2026-06-05T14:54:51.3228775+08:00	0x07	0.3097	-0.1996	-0.8430	-0.3919	138.78	333.35	324.60
2026-06-05T14:54:51.4640191+08:00	0x02	0.1624	0.6990	-0.3226	0.6172	346.96	92.27	40.66
2026-06-05T14:54:51.6142166+08:00	0x09	0.1933	0.7476	-0.1316	0.6216	8.01	102.36	25.91
2026-06-05T14:54:51.6302554+08:00	0x01	-0.3945	-0.5073	0.4951	-0.5847	318.01	49.35	74.51
2026-06-05T14:54:51.6475066+08:00	0x04	0.1007	0.4802	-0.0172	0.8712	3.90	58.11	11.06
2026-06-05T14:54:51.7329101+08:00	0x03	0.3064	-0.4767	-0.4538	-0.6877	39.68	46.53	301.34
2026-06-05T14:54:51.8137696+08:00	0x07	0.3075	-0.1969	-0.8454	-0.3899	138.98	333.45	325.06
2026-06-05T14:54:52.1015857+08:00	0x06	-0.2933	0.0071	0.9546	0.0520	174.53	325.96	357.48
2026-06-05T14:54:52.1299707+08:00	0x01	-0.4012	-0.5023	0.4979	-0.5820	315.91	46.89	75.31
2026-06-05T14:54:52.1805546+08:00	0x04	0.0956	0.4823	-0.0161	0.8706	3.74	58.31	10.49
2026-06-05T14:54:52.2800883+08:00	0x03	0.3096	-0.4746	-0.4498	-0.6903	39.03	46.48	301.30
2026-06-05T14:54:52.3641281+08:00	0x07	0.3085	-0.1942	-0.8443	-0.3928	138.58	333.36	325.23
2026-06-05T14:54:52.5998143+08:00	0x06	-0.3024	0.0091	0.9512	0.0606	173.68	324.90	356.91
2026-06-05T14:54:52.6311003+08:00	0x01	-0.4145	-0.4956	0.5086	-0.5691	309.61	40.80	77.40
2026-06-05T14:54:52.7541148+08:00	0x09	0.1866	0.7555	-0.1186	0.6167	8.55	103.38	24.16
2026-06-05T14:54:52.8815941+08:00	0x08	-0.0871	-0.6999	-0.0173	-0.7087	8.46	89.70	5.70
2026-06-05T14:54:53.1813533+08:00	0x02	0.1859	0.6968	-0.3434	0.6017	347.49	93.23	44.61
2026-06-05T14:54:53.2145772+08:00	0x01	-0.4179	-0.4897	0.5095	-0.5710	307.31	37.90	77.47
2026-06-05T14:54:53.2534318+08:00	0x09	0.1926	0.7573	-0.1242	0.6115	8.88	104.13	25.07
2026-06-05T14:54:53.3645412+08:00	0x03	0.3143	-0.4739	-0.4451	-0.6917	38.05	46.78	301.04
2026-06-05T14:54:53.4378135+08:00	0x08	-0.0681	-0.7030	-0.0363	-0.7069	8.47	89.87	2.60
2026-06-05T14:54:53.4836604+08:00	0x07	0.3147	-0.1910	-0.8481	-0.3811	140.42	331.97	325.68
2026-06-05T14:54:53.6626284+08:00	0x06	-0.3052	0.0067	0.9509	0.0508	174.69	324.53	357.49
2026-06-05T14:54:53.7308156+08:00	0x02	0.3214	0.6450	-0.4344	0.5404	352.48	95.27	65.19
2026-06-05T14:54:53.7820013+08:00	0x09	0.1758	0.7639	-0.1052	0.6120	8.68	104.30	22.08
2026-06-05T14:54:53.9086488+08:00	0x03	0.3115	-0.4766	-0.4448	-0.6913	37.80	47.36	301.26
2026-06-05T14:54:53.9718004+08:00	0x08	-0.0614	-0.7040	-0.0429	-0.7062	8.46	89.94	1.51
2026-06-05T14:54:54.0144422+08:00	0x07	0.3260	-0.1908	-0.8479	-0.3719	142.11	330.10	325.52
2026-06-05T14:54:54.2684046+08:00	0x02	0.4420	0.5991	-0.4731	0.4710	27.46	126.63	79.51
2026-06-05T14:54:54.2998257+08:00	0x01	-0.4407	-0.4154	0.4871	-0.6293	299.05	19.34	73.60
2026-06-05T14:54:54.4475995+08:00	0x03	0.3178	-0.4718	-0.4463	-0.6908	38.40	46.22	300.66
2026-06-05T14:54:54.5635437+08:00	0x07	0.3304	-0.1910	-0.8469	-0.3703	142.50	329.45	325.37
2026-06-05T14:54:54.7402252+08:00	0x06	-0.3187	0.0092	0.9461	0.0562	174.23	322.92	356.95
2026-06-05T14:54:54.8147768+08:00	0x04	0.0792	0.4883	-0.0112	0.8690	3.35	58.91	8.55
2026-06-05T14:54:54.8476077+08:00	0x02	0.4385	0.6007	-0.4721	0.4732	25.25	124.53	79.19
2026-06-05T14:54:54.8823906+08:00	0x09	0.1798	0.7648	-0.1080	0.6092	8.93	104.71	22.60
2026-06-05T14:54:54.9641587+08:00	0x03	0.3227	-0.4706	-0.4459	-0.6896	38.30	46.02	300.15
2026-06-05T14:54:55.0641693+08:00	0x08	-0.0664	-0.7024	-0.0385	-0.7076	8.51	89.74	2.29
2026-06-05T14:54:55.0974763+08:00	0x07	0.3270	-0.1920	-0.8506	-0.3643	143.21	329.69	325.61
2026-06-05T14:54:55.2517069+08:00	0x06	-0.3180	0.0121	0.9465	0.0530	174.68	323.01	356.76
2026-06-05T14:54:55.3764511+08:00	0x01	-0.4818	-0.3951	0.4909	-0.6089	283.93	2.11	77.07
2026-06-05T14:54:55.3983914+08:00	0x04	0.0715	0.4867	-0.0032	0.8706	3.70	58.65	7.33
2026-06-05T14:54:55.5813325+08:00	0x09	0.1801	0.7664	-0.1078	0.6071	9.04	105.03	22.58
2026-06-05T14:54:55.6184657+08:00	0x07	0.3393	-0.1932	-0.8488	-0.3565	144.77	327.77	325.26
2026-06-05T14:54:55.6643240+08:00	0x03	0.3283	-0.4634	-0.4541	-0.6865	40.63	43.61	299.36
2026-06-05T14:54:55.8176662+08:00	0x06	-0.2952	0.0112	0.9545	0.0414	175.84	325.72	357.38
2026-06-05T14:54:55.9156355+08:00	0x04	0.0685	0.4856	-0.0052	0.8715	3.32	58.46	7.14
2026-06-05T14:54:55.9345879+08:00	0x02	0.5460	0.5329	-0.4909	0.4207	114.81	208.09	79.28
2026-06-05T14:54:56.0153684+08:00	0x09	0.1915	0.7565	-0.1195	0.6139	9.05	103.86	24.58
2026-06-05T14:54:56.0669733+08:00	0x03	0.3345	-0.4591	-0.4480	-0.6904	39.73	43.29	299.17
2026-06-05T14:54:56.1654194+08:00	0x08	-0.0627	-0.7018	-0.0437	-0.7083	8.63	89.59	1.58
2026-06-05T14:54:56.1883057+08:00	0x07	0.3318	-0.1901	-0.8572	-0.3450	145.99	328.27	326.30
2026-06-05T14:54:56.3427730+08:00	0x06	-0.2999	0.0200	0.9533	0.0304	177.36	325.15	356.77
2026-06-05T14:54:56.4860777+08:00	0x04	0.0612	0.5009	-0.0197	0.8631	1.57	60.35	7.20
2026-06-05T14:54:56.5200357+08:00	0x02	0.5986	0.4588	-0.5454	0.3657	154.23	246.56	69.76
2026-06-05T14:54:56.5819638+08:00	0x03	0.3503	-0.4633	-0.4342	-0.6885	35.90	45.76	297.78
2026-06-05T14:54:56.6978379+08:00	0x07	0.3906	-0.2230	-0.8259	-0.3399	149.95	320.34	320.66
2026-06-05T14:54:56.9154171+08:00	0x06	-0.2702	0.0307	0.9616	0.0381	176.74	328.73	355.44
2026-06-05T14:54:57.0009903+08:00	0x04	0.0616	0.5061	-0.0221	0.8600	1.41	61.04	7.37
2026-06-05T14:54:57.1171763+08:00	0x09	0.1843	0.7373	-0.1339	0.6360	6.46	99.90	25.59
2026-06-05T14:54:57.2331856+08:00	0x07	0.4693	-0.2571	-0.7733	-0.3401	155.90	307.80	314.20
2026-06-05T14:54:57.2894009+08:00	0x08	0.0089	-0.7188	-0.1037	-0.6874	7.56	91.94	350.72
2026-06-05T14:54:57.4826416+08:00	0x06	-0.4927	-0.0198	0.8696	0.0268	176.21	300.91	0.46
2026-06-05T14:54:57.5651507+08:00	0x04	0.0892	0.5076	-0.0289	0.8565	2.40	61.53	10.50
2026-06-05T14:54:57.6338238+08:00	0x09	0.1746	0.7213	-0.1448	0.6544	3.98	96.49	25.94
2026-06-05T14:54:57.7664570+08:00	0x03	0.3191	-0.4949	-0.4076	-0.6979	28.60	54.57	301.91
2026-06-05T14:54:57.8389992+08:00	0x07	0.4670	-0.2561	-0.7750	-0.3402	155.68	308.21	314.38
2026-06-05T14:54:57.9998606+08:00	0x06	-0.6278	-0.0499	0.7765	0.0188	174.72	281.94	3.09
2026-06-05T14:54:58.0327664+08:00	0x04	0.1112	0.5101	-0.0005	0.8529	6.59	62.40	10.97
2026-06-05T14:54:58.1490052+08:00	0x01	-0.5031	-0.3762	0.5779	-0.5210	232.09	318.04	73.53
2026-06-05T14:54:58.2371461+08:00	0x09	0.1650	0.7151	-0.1976	0.6499	358.62	95.11	29.81
2026-06-05T14:54:58.3017470+08:00	0x08	-0.0774	-0.7535	0.0184	-0.6526	5.36	98.56	7.40
2026-06-05T14:54:58.3656776+08:00	0x07	0.6611	-0.2612	-0.6419	-0.2876	178.04	269.14	314.31
2026-06-05T14:54:58.5494648+08:00	0x04	0.1045	0.4998	-0.0258	0.8595	3.52	60.72	11.86
2026-06-05T14:54:58.6163014+08:00	0x06	-0.6240	-0.0490	0.7796	0.0191	174.78	282.51	3.02
2026-06-05T14:54:58.7066317+08:00	0x01	-0.5234	-0.3863	0.5972	-0.4692	210.86	300.34	72.28
2026-06-05T14:54:58.7890781+08:00	0x03	0.2927	-0.4995	-0.4091	-0.7053	29.95	54.68	304.76
2026-06-05T14:54:58.8215384+08:00	0x08	-0.1083	-0.7478	0.0655	-0.6517	4.52	98.40	13.83
2026-06-05T14:54:58.9128863+08:00	0x07	0.6328	-0.3219	-0.5970	-0.3735	175.70	269.10	301.01
2026-06-05T14:54:59.1053778+08:00	0x06	-0.6864	-0.0721	0.7227	0.0365	171.27	272.72	3.10
2026-06-05T14:54:59.2715036+08:00	0x02	0.6335	0.4059	-0.5634	0.3413	163.48	253.16	62.84
2026-06-05T14:54:59.3364484+08:00	0x03	0.3154	-0.4917	-0.4212	-0.6938	31.58	52.69	301.59
2026-06-05T14:54:59.3939195+08:00	0x08	-0.0086	-0.6556	0.0046	-0.7550	0.25	81.94	1.09
2026-06-05T14:54:59.6512723+08:00	0x04	0.0808	0.5167	0.0503	0.8509	9.77	62.96	4.90
2026-06-05T14:54:59.6844573+08:00	0x06	-0.6732	-0.0592	0.7342	0.0647	169.93	274.97	359.99
2026-06-05T14:54:59.7835241+08:00	0x02	0.6697	0.3409	-0.6367	0.1730	161.53	260.01	41.74
2026-06-05T14:54:59.8525762+08:00	0x09	0.0559	0.7512	-0.1572	0.6387	352.95	98.14	17.92
2026-06-05T14:54:59.8846985+08:00	0x03	0.3126	-0.4903	-0.4277	-0.6921	33.06	51.78	301.56
2026-06-05T14:54:59.9385613+08:00	0x07	0.5975	-0.3479	-0.5625	-0.4535	164.75	277.05	291.06
2026-06-05T14:55:00.2204705+08:00	0x04	0.0801	0.5001	0.0160	0.8621	6.22	60.62	7.01
2026-06-05T14:55:00.3537867+08:00	0x02	0.6659	0.3303	-0.6453	0.1762	163.55	261.95	41.37
2026-06-05T14:55:00.3747240+08:00	0x09	0.0592	0.7502	-0.1585	0.6392	353.12	98.03	18.27
2026-06-05T14:55:00.4206424+08:00	0x06	-0.6555	-0.1064	0.7474	0.0176	170.37	276.84	7.81
2026-06-05T14:55:00.4655653+08:00	0x07	0.6207	-0.3671	-0.5307	-0.4453	177.10	263.11	289.54
2026-06-05T14:55:00.5204877+08:00	0x08	-0.0116	-0.6587	0.0064	-0.7523	0.32	82.41	1.49
2026-06-05T14:55:00.7565966+08:00	0x04	0.0974	0.5046	0.0040	0.8578	6.11	61.43	9.39
2026-06-05T14:55:00.8654255+08:00	0x02	0.6742	0.3288	-0.6465	0.1388	160.50	260.87	37.77
2026-06-05T14:55:00.9610563+08:00	0x09	0.0809	0.3951	-0.3434	0.8482	325.38	42.34	24.11
2026-06-05T14:55:01.0660270+08:00	0x08	0.1668	-0.3283	-0.2447	-0.8970	21.77	34.84	332.62
2026-06-05T14:55:01.3323445+08:00	0x04	0.1053	0.5066	0.0004	0.8557	6.26	61.82	10.36
2026-06-05T14:55:01.3784356+08:00	0x06	-0.6526	-0.1087	0.7496	0.0181	170.17	277.23	8.01
2026-06-05T14:55:01.4437111+08:00	0x02	0.6755	0.3214	-0.6466	0.1491	162.13	261.28	38.10
2026-06-05T14:55:01.5525655+08:00	0x03	0.3070	-0.5023	-0.4201	-0.6906	30.66	54.86	302.21
2026-06-05T14:55:01.6044272+08:00	0x09	0.0438	0.4120	-0.3450	0.8422	324.29	45.31	20.98
2026-06-05T14:55:01.8334976+08:00	0x04	0.1063	0.5077	0.0073	0.8549	7.02	62.02	10.04
2026-06-05T14:55:01.9289920+08:00	0x01	-0.5081	-0.4170	0.5949	-0.4627	209.50	301.86	75.08
2026-06-05T14:55:02.0552594+08:00	0x09	0.0511	0.4212	-0.3548	0.8331	323.58	46.12	22.59
2026-06-05T14:55:02.1155678+08:00	0x03	0.3060	-0.4987	-0.4304	-0.6873	32.94	53.24	301.79
2026-06-05T14:55:02.1335192+08:00	0x07	0.5792	-0.4470	-0.4637	-0.4998	208.28	232.04	276.57
2026-06-05T14:55:02.3289557+08:00	0x06	-0.6604	-0.1114	0.7424	0.0167	170.00	275.97	8.25
2026-06-05T14:55:02.3993368+08:00	0x04	0.1081	0.5080	0.0019	0.8545	6.61	62.07	10.54
2026-06-05T14:55:02.5332645+08:00	0x02	0.6721	0.3250	-0.6496	0.1437	161.49	261.62	37.98
2026-06-05T14:55:02.6233181+08:00	0x03	0.3070	-0.5054	-0.4210	-0.6878	30.46	55.46	302.02
2026-06-05T14:55:02.6717308+08:00	0x08	0.2239	-0.2451	-0.3871	-0.8602	42.83	17.67	324.90
2026-06-05T14:55:02.8904263+08:00	0x06	-0.6572	-0.1202	0.7440	0.0040	170.42	276.25	10.00
2026-06-05T14:55:03.0552263+08:00	0x01	-0.5146	-0.4155	0.5869	-0.4669	208.83	300.04	75.54
2026-06-05T14:55:03.0686051+08:00	0x02	0.6749	0.3379	-0.6380	0.1527	160.19	259.59	39.59
2026-06-05T14:55:03.1159966+08:00	0x09	0.0855	0.3525	-0.3924	0.8452	318.32	35.67	24.91
2026-06-05T14:55:03.2155378+08:00	0x07	0.5594	-0.4753	-0.4354	-0.5211	266.35	173.90	274.49
2026-06-05T14:55:03.4066684+08:00	0x06	-0.6583	-0.1151	0.7438	0.0113	170.19	276.20	9.00
2026-06-05T14:55:03.5169195+08:00	0x04	0.1104	0.5140	0.0056	0.8507	7.19	62.94	10.48
2026-06-05T14:55:03.5558436+08:00	0x01	-0.5099	-0.4124	0.5942	-0.4656	210.39	302.19	74.79
2026-06-05T14:55:03.6681083+08:00	0x09	0.0579	0.3678	-0.3751	0.8489	320.14	38.79	21.98
2026-06-05T14:55:03.6920361+08:00	0x03	0.3029	-0.5104	-0.4209	-0.6860	30.13	56.43	302.30
2026-06-05T14:55:03.7756554+08:00	0x08	0.2494	-0.2471	-0.5291	-0.7725	65.55	8.88	319.70
2026-06-05T14:55:03.8135533+08:00	0x07	0.5370	-0.4976	-0.4149	-0.5403	312.61	127.92	276.71
2026-06-05T14:55:03.9858850+08:00	0x06	-0.6574	-0.1008	0.7464	0.0244	170.21	276.67	6.80
2026-06-05T14:55:04.1181144+08:00	0x01	-0.5102	-0.4154	0.5899	-0.4682	210.69	302.23	75.42
2026-06-05T14:55:04.1558445+08:00	0x02	0.6753	0.3303	-0.6419	0.1509	161.07	260.36	38.90
2026-06-05T14:55:04.2724250+08:00	0x03	0.3070	-0.5052	-0.4225	-0.6871	30.75	55.30	301.93
2026-06-05T14:55:04.3374528+08:00	0x07	0.4894	-0.5298	-0.3787	-0.5801	341.31	99.38	284.32
2026-06-05T14:55:04.3804630+08:00	0x08	0.2722	-0.2467	-0.5764	-0.7299	75.16	3.63	317.02
2026-06-05T14:55:04.5015892+08:00	0x06	-0.6662	-0.0858	0.7398	0.0392	170.05	275.61	4.29
2026-06-05T14:55:04.5930118+08:00	0x04	0.1081	0.5267	-0.0115	0.8431	5.53	64.53	11.20
2026-06-05T14:55:04.6829643+08:00	0x01	-0.5213	-0.3880	0.6105	-0.4528	207.17	298.59	71.05
2026-06-05T14:55:04.7741084+08:00	0x03	0.3111	-0.5183	-0.4018	-0.6878	25.47	59.82	302.37
2026-06-05T14:55:04.7937733+08:00	0x09	0.1061	0.3752	-0.4205	0.8192	315.67	37.05	29.30
2026-06-05T14:55:04.8998921+08:00	0x08	0.2720	-0.2627	-0.5683	-0.7308	73.32	5.98	315.88
2026-06-05T14:55:04.9514693+08:00	0x07	0.4790	-0.5337	-0.3709	-0.5900	344.52	95.95	286.02
2026-06-05T14:55:05.0751084+08:00	0x06	-0.6636	-0.0948	0.7414	0.0319	169.99	275.85	5.64
2026-06-05T14:55:05.1727070+08:00	0x04	0.1007	0.5317	0.0086	0.8409	7.08	65.18	9.22
2026-06-05T14:55:05.2167128+08:00	0x01	-0.5167	-0.3891	0.6115	-0.4558	208.88	300.51	71.23
2026-06-05T14:55:05.2669254+08:00	0x09	0.1011	0.3767	-0.4039	0.8275	317.81	37.90	28.13
2026-06-05T14:55:05.3061126+08:00	0x03	0.3145	-0.5178	-0.4127	-0.6802	27.06	59.12	301.22
2026-06-05T14:55:05.3998619+08:00	0x07	0.4855	-0.5393	-0.3661	-0.5826	339.55	101.03	286.14
2026-06-05T14:55:05.5246824+08:00	0x08	0.2721	-0.2603	-0.5773	-0.7245	75.05	5.03	315.99
2026-06-05T14:55:05.6551651+08:00	0x06	-0.6552	-0.1085	0.7474	0.0185	170.12	276.83	7.93
2026-06-05T14:55:05.7396490+08:00	0x04	0.0990	0.5294	0.0233	0.8422	8.37	64.91	8.17
2026-06-05T14:55:05.8042356+08:00	0x02	0.6887	0.2821	-0.6591	0.1084	163.28	262.76	31.41
2026-06-05T14:55:05.8501123+08:00	0x09	0.0969	0.3756	-0.3954	0.8326	318.78	38.14	27.28
2026-06-05T14:55:05.9365553+08:00	0x07	0.4686	-0.5604	-0.3402	-0.5921	339.62	101.05	290.58
2026-06-05T14:55:06.0671037+08:00	0x06	-0.6598	-0.1024	0.7441	0.0233	170.15	276.26	6.98
2026-06-05T14:55:06.3234856+08:00	0x01	-0.5035	-0.4143	0.5939	-0.4713	213.85	305.78	75.17
2026-06-05T14:55:06.3835921+08:00	0x09	0.1025	0.4149	-0.3757	0.8223	322.59	43.65	28.71
2026-06-05T14:55:06.4360569+08:00	0x03	0.3178	-0.5132	-0.4240	-0.6752	29.34	57.35	300.19
2026-06-05T14:55:06.4878055+08:00	0x07	0.4427	-0.5746	-0.3209	-0.6089	343.65	97.18	294.77
2026-06-05T14:55:06.6400255+08:00	0x08	0.2985	-0.2898	-0.5944	-0.6882	79.88	3.85	310.95
2026-06-05T14:55:06.8376447+08:00	0x04	0.1047	0.5362	0.0183	0.8374	8.32	65.92	8.96
2026-06-05T14:55:06.8915452+08:00	0x02	0.6828	0.2913	-0.6566	0.1336	164.37	262.90	34.40
2026-06-05T14:55:06.9713500+08:00	0x09	0.1486	0.4295	-0.3940	0.7989	322.13	44.12	35.16
2026-06-05T14:55:07.0904634+08:00	0x08	0.2892	-0.3071	-0.5793	-0.6974	75.64	8.23	310.60
2026-06-05T14:55:07.2743138+08:00	0x06	-0.6601	-0.0993	0.7440	0.0287	169.93	276.28	6.31
2026-06-05T14:55:07.3551017+08:00	0x01	-0.5126	-0.4031	0.6029	-0.4596	209.17	301.13	73.20
2026-06-05T14:55:07.4807632+08:00	0x02	0.6785	0.3083	-0.6546	0.1268	162.03	262.21	35.15
2026-06-05T14:55:07.5338562+08:00	0x09	0.2333	0.3813	-0.4296	0.7846	316.45	33.54	43.92
2026-06-05T14:55:07.5707851+08:00	0x07	0.4160	-0.6086	-0.2727	-0.6183	341.49	99.38	302.19
2026-06-05T14:55:07.5867749+08:00	0x04	0.1026	0.5354	0.0147	0.8382	7.82	65.75	8.99
2026-06-05T14:55:07.6823014+08:00	0x08	0.2386	-0.3481	-0.5616	-0.7117	68.04	19.46	313.06
2026-06-05T14:55:07.8656911+08:00	0x06	-0.6593	-0.1088	0.7436	0.0209	169.86	276.19	7.72
2026-06-05T14:55:07.9276431+08:00	0x04	0.0983	0.5392	0.0294	0.8359	9.00	66.25	7.63
2026-06-05T14:55:08.0056216+08:00	0x02	0.6655	0.3286	-0.6551	0.1409	161.24	262.55	38.18
2026-06-05T14:55:08.0504935+08:00	0x09	0.2991	0.3589	-0.4431	0.7651	312.75	26.76	50.87
2026-06-05T14:55:08.1146977+08:00	0x03	0.3191	-0.5225	-0.4254	-0.6665	28.26	59.51	299.55
2026-06-05T14:55:08.1843115+08:00	0x08	0.2175	-0.3580	-0.5595	-0.7151	66.58	22.49	314.62
2026-06-05T14:55:08.3049795+08:00	0x06	-0.6563	-0.1202	0.7448	0.0089	170.01	276.38	9.63
2026-06-05T14:55:08.4505159+08:00	0x01	-0.4874	-0.4250	0.5902	-0.4832	222.26	314.84	76.57
2026-06-05T14:55:08.5073700+08:00	0x04	0.0979	0.5382	0.0371	0.8363	9.72	66.13	7.11
2026-06-05T14:55:08.5900588+08:00	0x09	0.2812	0.4052	-0.4104	0.7670	321.51	37.28	49.82
2026-06-05T14:55:08.6339739+08:00	0x03	0.3216	-0.5207	-0.4266	-0.6660	28.52	59.09	299.24
2026-06-05T14:55:08.7670814+08:00	0x08	0.3000	-0.4118	-0.5391	-0.6707	63.36	25.46	302.18
2026-06-05T14:55:08.8380834+08:00	0x06	-0.6739	-0.1065	0.7308	0.0218	169.82	273.99	7.26
2026-06-05T14:55:09.0537207+08:00	0x01	-0.5183	-0.3957	0.5950	-0.4698	211.24	301.39	73.32
2026-06-05T14:55:09.1404911+08:00	0x09	0.1905	0.6276	-0.3214	0.6831	344.50	79.23	41.58
2026-06-05T14:55:09.2190178+08:00	0x07	0.3568	-0.6138	-0.2511	-0.6579	350.15	90.74	308.94
2026-06-05T14:55:09.2844315+08:00	0x08	0.4007	-0.5060	-0.4670	-0.6045	33.23	54.90	286.87
2026-06-05T14:55:09.4013596+08:00	0x06	-0.6902	-0.0667	0.7183	0.0567	170.00	272.20	1.00
2026-06-05T14:55:09.6340163+08:00	0x01	-0.5419	-0.3702	0.6161	-0.4356	201.35	291.87	68.17
2026-06-05T14:55:09.6768924+08:00	0x02	0.6931	0.2923	-0.6495	0.1113	162.05	261.04	32.27
2026-06-05T14:55:09.7176392+08:00	0x09	0.1934	0.6215	-0.3244	0.6863	344.00	78.16	41.98
2026-06-05T14:55:09.8181859+08:00	0x03	0.3292	-0.5136	-0.4042	-0.6815	24.99	59.50	300.24
2026-06-05T14:55:09.8681242+08:00	0x08	0.4112	-0.6022	-0.3957	-0.5584	351.30	100.34	290.66
2026-06-05T14:55:10.0175724+08:00	0x06	-0.6994	-0.0737	0.7101	0.0354	171.17	270.62	3.16
2026-06-05T14:55:10.1676557+08:00	0x01	-0.5252	-0.3840	0.6033	-0.4612	208.72	298.78	71.41
2026-06-05T14:55:10.1874394+08:00	0x02	0.6873	0.3006	-0.6483	0.1304	162.73	261.22	34.68
2026-06-05T14:55:10.2517638+08:00	0x03	0.3468	-0.5071	-0.4324	-0.6600	29.62	56.42	296.32
2026-06-05T14:55:10.3398780+08:00	0x07	0.3107	-0.6360	-0.2471	-0.6617	354.31	90.18	313.48
2026-06-05T14:55:10.4194038+08:00	0x08	0.4135	-0.6333	-0.3726	-0.5377	342.09	111.11	293.56
2026-06-05T14:55:10.4875025+08:00	0x06	-0.6964	-0.0703	0.7136	0.0291	171.98	271.15	3.43
2026-06-05T14:55:10.7342959+08:00	0x01	-0.5222	-0.3828	0.6091	-0.4580	208.81	299.49	70.85
2026-06-05T14:55:10.7743699+08:00	0x02	0.6770	0.2924	-0.6673	0.1040	162.34	264.06	32.08
2026-06-05T14:55:10.8407278+08:00	0x09	0.1709	0.7200	-0.2311	0.6316	356.85	96.54	33.28
2026-06-05T14:55:10.9064525+08:00	0x07	0.2650	-0.6522	-0.1972	-0.6823	354.40	89.35	321.77
2026-06-05T14:55:10.9597584+08:00	0x08	0.3799	-0.6289	-0.3638	-0.5725	352.19	100.18	296.79
2026-06-05T14:55:11.0183781+08:00	0x06	-0.6919	-0.0279	0.7179	0.0710	171.90	272.35	356.66
2026-06-05T14:55:11.3241757+08:00	0x01	-0.5288	-0.3766	0.6813	-0.3383	187.33	288.66	60.56
2026-06-05T14:55:11.3820851+08:00	0x02	0.6800	0.1783	-0.7098	-0.0453	161.78	270.68	11.04
2026-06-05T14:55:11.4129999+08:00	0x03	0.3791	-0.4773	-0.4793	-0.6314	43.87	42.99	290.56
2026-06-05T14:55:11.4843425+08:00	0x07	0.2708	-0.6391	-0.1786	-0.6973	352.99	87.38	322.70
2026-06-05T14:55:11.5873582+08:00	0x06	-0.6960	-0.0375	0.7111	0.0924	169.39	271.63	355.69
2026-06-05T14:55:11.6853540+08:00	0x08	0.4817	-0.4255	-0.2136	-0.7357	347.87	67.52	297.05
2026-06-05T14:55:11.8269576+08:00	0x01	-0.5226	-0.3837	0.6906	-0.3205	184.76	288.50	59.88
2026-06-05T14:55:11.8522402+08:00	0x02	0.6697	0.1397	-0.7236	-0.0918	161.27	273.69	4.55
2026-06-05T14:55:11.8852114+08:00	0x03	0.3389	-0.4782	-0.5301	-0.6128	57.40	35.91	292.74
2026-06-05T14:55:11.9350761+08:00	0x09	-0.0160	0.6569	-0.4697	0.5895	314.16	80.20	36.75
2026-06-05T14:55:11.9774745+08:00	0x07	0.2576	-0.6475	-0.1420	-0.7031	350.80	88.02	326.90
2026-06-05T14:55:12.1451137+08:00	0x08	0.5132	-0.3763	-0.2901	-0.7147	5.35	51.63	287.83
2026-06-05T14:55:12.1853148+08:00	0x06	-0.6869	-0.0560	0.7193	0.0873	168.31	272.88	357.75
2026-06-05T14:55:12.3631400+08:00	0x04	0.0008	0.4608	0.0847	0.8834	8.68	54.76	355.60
2026-06-05T14:55:12.4704449+08:00	0x09	-0.0297	0.6563	-0.4388	0.6130	316.74	80.66	32.65
2026-06-05T14:55:12.5408609+08:00	0x07	0.2518	-0.6529	-0.1152	-0.7050	348.88	88.64	329.63
2026-06-05T14:55:12.6744484+08:00	0x06	-0.6850	-0.0591	0.7207	0.0893	167.89	273.13	357.87
2026-06-05T14:55:12.9063655+08:00	0x01	-0.5398	-0.2833	0.7304	-0.3079	192.49	292.68	48.28
2026-06-05T14:55:12.9512239+08:00	0x03	0.3677	-0.4631	-0.6388	-0.4922	106.70	357.37	287.51
2026-06-05T14:55:13.0013951+08:00	0x09	-0.0673	0.6391	-0.4520	0.6186	312.07	78.46	29.64
2026-06-05T14:55:13.1020466+08:00	0x07	0.2540	-0.6602	-0.1179	-0.6969	348.54	90.05	329.35
2026-06-05T14:55:13.2514787+08:00	0x06	-0.6944	-0.0599	0.7116	0.0880	167.96	271.63	357.89
2026-06-05T14:55:13.4377055+08:00	0x04	0.0815	0.4497	-0.1093	0.8827	352.92	53.12	14.02
2026-06-05T14:55:13.4852470+08:00	0x03	0.3603	-0.4600	-0.6482	-0.4883	108.33	356.78	288.52
2026-06-05T14:55:13.5512903+08:00	0x02	0.6697	0.0457	-0.7115	-0.2077	158.58	275.81	347.69
2026-06-05T14:55:13.6849705+08:00	0x07	0.2417	-0.6622	-0.1056	-0.7014	348.70	89.60	331.39
2026-06-05T14:55:13.7720901+08:00	0x06	-0.6944	-0.0581	0.7119	0.0874	168.16	271.66	357.79
2026-06-05T14:55:13.9853781+08:00	0x01	-0.5270	-0.3395	0.7255	-0.2840	185.10	290.52	52.36
2026-06-05T14:55:14.0360078+08:00	0x03	0.3823	-0.4365	-0.6619	-0.4746	119.78	344.30	289.84
2026-06-05T14:55:14.1188354+08:00	0x09	-0.0767	0.6695	-0.3936	0.6253	318.76	84.16	25.53
2026-06-05T14:55:14.2689673+08:00	0x07	0.2290	-0.6711	-0.1058	-0.6971	349.62	90.37	332.53
2026-06-05T14:55:14.3419698+08:00	0x06	-0.6952	-0.0677	0.7123	0.0691	168.90	271.39	0.02
2026-06-05T14:55:14.4893073+08:00	0x01	-0.5236	-0.3438	0.7208	-0.2966	186.56	291.34	53.74
2026-06-05T14:55:14.5353825+08:00	0x04	0.1083	0.4488	-0.1983	0.8646	344.70	51.96	21.42
2026-06-05T14:55:14.6150307+08:00	0x09	-0.0837	0.6691	-0.3892	0.6275	318.68	84.29	24.56
2026-06-05T14:55:14.7950156+08:00	0x07	0.2190	-0.6746	-0.0961	-0.6984	349.69	90.39	334.18
2026-06-05T14:55:14.9187059+08:00	0x06	-0.6949	-0.0625	0.7125	0.0743	168.88	271.52	359.19
2026-06-05T14:55:15.0696358+08:00	0x01	-0.5254	-0.3350	0.7252	-0.2931	186.90	291.56	52.54
2026-06-05T14:55:15.1228179+08:00	0x03	0.3866	-0.4337	-0.6628	-0.4724	121.41	342.44	289.92
2026-06-05T14:55:15.1996149+08:00	0x09	-0.0709	0.6735	-0.3731	0.6342	321.37	84.79	24.37
2026-06-05T14:55:15.2858763+08:00	0x07	0.2099	-0.6737	-0.0831	-0.7037	349.54	89.73	335.96
2026-06-05T14:55:15.4366190+08:00	0x06	-0.6936	-0.0577	0.7133	0.0825	168.59	271.79	358.15
2026-06-05T14:55:15.5864523+08:00	0x01	-0.5255	-0.3326	0.7275	-0.2898	186.73	291.60	52.05
2026-06-05T14:55:15.6494338+08:00	0x03	0.3868	-0.4318	-0.6625	-0.4745	121.00	342.59	290.10
2026-06-05T14:55:15.7223379+08:00	0x09	-0.0636	0.6752	-0.3861	0.6253	320.66	84.88	26.22
2026-06-05T14:55:15.8395961+08:00	0x07	0.1947	-0.6769	-0.0660	-0.7068	349.46	89.51	338.62
2026-06-05T14:55:15.8886759+08:00	0x08	0.5881	-0.2862	-0.4487	-0.6090	114.21	308.88	283.30
2026-06-05T14:55:16.0294637+08:00	0x06	-0.6926	-0.0586	0.7143	0.0823	168.53	271.94	358.26
2026-06-05T14:55:16.1013396+08:00	0x02	0.6607	0.0495	-0.7168	-0.2172	157.30	277.18	347.52
2026-06-05T14:55:16.1876824+08:00	0x03	0.3890	-0.4244	-0.6653	-0.4754	121.83	341.32	290.85
2026-06-05T14:55:16.3225149+08:00	0x09	-0.0687	0.6713	-0.3826	0.6311	320.50	84.33	25.27
2026-06-05T14:55:16.3703040+08:00	0x07	0.1841	-0.6788	-0.0588	-0.7084	349.79	89.35	340.08
2026-06-05T14:55:16.4908643+08:00	0x08	0.6012	-0.2597	-0.4749	-0.5879	125.24	298.17	287.54
2026-06-05T14:55:16.5853879+08:00	0x06	-0.6924	-0.0582	0.7147	0.0801	168.75	271.98	358.41
2026-06-05T14:55:16.6908863+08:00	0x02	0.6600	0.0707	-0.7171	-0.2124	156.14	276.93	349.69
2026-06-05T14:55:16.7224064+08:00	0x03	0.3963	-0.4170	-0.6677	-0.4725	124.41	338.20	291.36
2026-06-05T14:55:16.8096288+08:00	0x09	-0.0845	0.6691	-0.3950	0.6238	318.03	84.28	25.03
2026-06-05T14:55:16.9023274+08:00	0x07	0.1728	-0.6830	-0.0483	-0.7081	349.84	89.55	341.91
2026-06-05T14:55:17.0384526+08:00	0x08	0.6087	-0.2374	-0.4851	-0.5812	127.62	294.91	290.30
2026-06-05T14:55:17.1058057+08:00	0x06	-0.6911	-0.0573	0.7159	0.0806	168.77	272.18	358.31
2026-06-05T14:55:17.1919928+08:00	0x02	0.6577	0.0670	-0.7189	-0.2146	156.19	277.36	349.28
2026-06-05T14:55:17.2890055+08:00	0x04	0.1425	0.4356	-0.2841	0.8422	336.06	48.39	29.18
2026-06-05T14:55:17.3199152+08:00	0x03	0.4008	-0.4132	-0.6670	-0.4730	125.14	336.93	291.51
2026-06-05T14:55:17.3856989+08:00	0x09	-0.0749	0.6712	-0.3849	0.6291	319.81	84.44	24.99
2026-06-05T14:55:17.4355643+08:00	0x07	0.1579	-0.6836	-0.0338	-0.7117	349.96	89.08	344.28
2026-06-05T14:55:17.5583018+08:00	0x08	0.6164	-0.2296	-0.4989	-0.5643	132.63	290.72	292.37
2026-06-05T14:55:17.6686719+08:00	0x06	-0.6908	-0.0565	0.7163	0.0806	168.83	272.24	358.25
2026-06-05T14:55:17.7683691+08:00	0x02	0.6547	0.0639	-0.7207	-0.2187	156.00	277.88	348.80
2026-06-05T14:55:17.8026577+08:00	0x03	0.4078	-0.4080	-0.6675	-0.4708	127.12	334.39	291.77
2026-06-05T14:55:17.8196038+08:00	0x04	0.1396	0.4360	-0.2882	0.8411	335.45	48.34	29.08
2026-06-05T14:55:17.9343564+08:00	0x09	-0.0727	0.6731	-0.3768	0.6322	320.86	84.75	24.54
2026-06-05T14:55:17.9858066+08:00	0x07	0.1465	-0.6840	-0.0233	-0.7142	350.08	88.75	346.05
2026-06-05T14:55:18.1193441+08:00	0x08	0.6152	-0.2342	-0.5109	-0.5528	135.25	289.82	293.14
2026-06-05T14:55:18.2910441+08:00	0x06	-0.6909	-0.0558	0.7160	0.0828	168.71	272.25	358.02
2026-06-05T14:55:18.3363714+08:00	0x03	0.4027	-0.4138	-0.6660	-0.4724	125.53	336.42	291.32
2026-06-05T14:55:18.4691758+08:00	0x09	-0.0648	0.6759	-0.3769	0.6300	321.52	85.06	25.34
2026-06-05T14:55:18.5090592+08:00	0x07	0.1341	-0.6872	-0.0084	-0.7139	349.86	88.86	348.29
2026-06-05T14:55:18.6524193+08:00	0x08	0.6078	-0.2530	-0.5161	-0.5479	136.47	290.81	292.00
2026-06-05T14:55:18.8035808+08:00	0x01	-0.5098	-0.3622	0.7164	-0.3093	187.70	293.28	56.55
2026-06-05T14:55:18.8583942+08:00	0x02	0.6590	0.0620	-0.7205	-0.2068	157.27	277.23	349.44
2026-06-05T14:55:18.9215581+08:00	0x03	0.4033	-0.4155	-0.6684	-0.4668	127.17	335.32	291.25
2026-06-05T14:55:19.0029625+08:00	0x09	-0.0313	0.6895	-0.3267	0.6456	329.34	87.04	24.22
2026-06-05T14:55:19.0645139+08:00	0x07	0.1247	-0.6860	-0.0052	-0.7168	350.41	88.39	349.28
2026-06-05T14:55:19.1074695+08:00	0x08	0.5775	-0.3299	-0.5380	-0.5179	144.38	292.40	287.62
2026-06-05T14:55:19.3194131+08:00	0x01	-0.5114	-0.3528	0.7214	-0.3057	188.09	293.57	55.27
2026-06-05T14:55:19.4383225+08:00	0x02	0.6561	0.0451	-0.7286	-0.1911	159.90	277.89	349.33
2026-06-05T14:55:19.4534672+08:00	0x06	-0.6882	-0.0450	0.7193	0.0829	169.55	272.79	357.17
2026-06-05T14:55:19.4725938+08:00	0x03	0.3995	-0.4262	-0.6691	-0.4594	128.04	335.76	290.38
2026-06-05T14:55:19.6084836+08:00	0x09	0.0634	0.7231	-0.2051	0.6565	348.93	93.34	22.33
2026-06-05T14:55:19.7403997+08:00	0x08	0.5753	-0.4107	-0.5635	-0.4275	178.21	270.13	287.30
2026-06-05T14:55:19.9031031+08:00	0x01	-0.5005	-0.3673	0.7180	-0.3148	189.01	295.17	57.40
2026-06-05T14:55:19.9535458+08:00	0x04	0.1717	0.4258	-0.3080	0.8333	333.96	46.23	33.26
2026-06-05T14:55:20.0691529+08:00	0x02	0.6533	0.0601	-0.7310	-0.1876	159.07	278.10	350.96
2026-06-05T14:55:20.1397777+08:00	0x09	0.0806	0.7328	-0.1977	0.6461	351.41	95.43	23.20
2026-06-05T14:55:20.4210717+08:00	0x08	0.5366	-0.4588	-0.5268	-0.4734	177.17	271.43	277.53
2026-06-05T14:55:20.4699972+08:00	0x04	0.1736	0.4240	-0.3230	0.8281	332.06	45.49	34.15
2026-06-05T14:55:20.5387825+08:00	0x02	0.6550	0.0591	-0.7270	-0.1972	158.30	277.87	350.07
2026-06-05T14:55:20.6881227+08:00	0x07	0.0839	-0.6814	0.0136	-0.7270	352.26	86.70	354.06
2026-06-05T14:55:20.7874301+08:00	0x08	0.5765	-0.3631	-0.4180	-0.6009	99.60	327.52	274.87
2026-06-05T14:55:20.9947659+08:00	0x01	-0.5109	-0.3695	0.7166	-0.2982	185.18	291.82	56.54
2026-06-05T14:55:21.0366678+08:00	0x04	0.1607	0.4210	-0.3437	0.8239	328.81	44.48	33.66
2026-06-05T14:55:21.0696686+08:00	0x06	-0.6805	-0.0630	0.7272	0.0642	169.68	273.79	0.24
2026-06-05T14:55:21.2033520+08:00	0x09	-0.0894	0.6739	-0.4231	0.5990	314.93	85.10	27.59
2026-06-05T14:55:21.2435847+08:00	0x07	0.0697	-0.6773	0.0322	-0.7317	351.85	85.82	356.65
2026-06-05T14:55:21.4034378+08:00	0x08	0.5892	-0.3164	-0.3943	-0.6303	92.43	328.04	277.14
2026-06-05T14:55:21.5874211+08:00	0x01	-0.5021	-0.3895	0.7033	-0.3188	186.63	292.80	60.22
2026-06-05T14:55:21.6424128+08:00	0x02	0.6581	0.0492	-0.7208	-0.2120	157.75	277.58	347.99
2026-06-05T14:55:21.7373052+08:00	0x09	-0.0739	0.6844	-0.3881	0.6128	320.01	86.66	26.15
2026-06-05T14:55:21.8044533+08:00	0x07	0.0491	-0.6829	0.0492	-0.7272	352.03	86.41	359.76
2026-06-05T14:55:21.9866507+08:00	0x08	0.5662	-0.3456	-0.3920	-0.6374	64.56	358.44	276.89
2026-06-05T14:55:22.0876444+08:00	0x01	-0.5014	-0.3896	0.7006	-0.3255	187.67	293.31	60.73
2026-06-05T14:55:22.1429878+08:00	0x04	0.1729	0.4223	-0.3396	0.8225	329.83	44.69	34.83
2026-06-05T14:55:22.1708649+08:00	0x03	0.4267	-0.3816	-0.6790	-0.4596	133.80	326.43	294.44
2026-06-05T14:55:22.3206377+08:00	0x09	-0.0584	0.6829	-0.3810	0.6205	321.83	86.12	26.61
2026-06-05T14:55:22.3540611+08:00	0x07	0.0328	-0.6944	0.0728	-0.7152	351.38	88.07	3.10
2026-06-05T14:55:22.5082111+08:00	0x08	0.5842	-0.3155	-0.4259	-0.6147	106.29	317.18	279.29
2026-06-05T14:55:22.6368887+08:00	0x03	0.4186	-0.3952	-0.6735	-0.4637	131.25	329.67	293.00
2026-06-05T14:55:22.6717959+08:00	0x01	-0.5025	-0.3812	0.7066	-0.3206	187.91	293.68	59.43
2026-06-05T14:55:22.7201790+08:00	0x02	0.6606	0.0135	-0.7182	-0.2181	159.89	277.57	344.41
2026-06-05T14:55:22.8548042+08:00	0x09	-0.0506	0.6868	-0.3747	0.6208	323.18	86.69	26.86
2026-06-05T14:55:22.9006811+08:00	0x07	0.0282	-0.6959	0.0807	-0.7130	351.10	88.28	4.13
2026-06-05T14:55:23.0873831+08:00	0x08	0.5827	-0.3313	-0.4657	-0.5778	126.60	302.36	280.91
2026-06-05T14:55:23.1202946+08:00	0x01	-0.5024	-0.3785	0.7077	-0.3217	188.44	294.06	59.20
2026-06-05T14:55:23.1873430+08:00	0x06	-0.6863	-0.0508	0.7221	0.0710	170.08	273.03	358.63
2026-06-05T14:55:23.2372280+08:00	0x03	0.4146	-0.3976	-0.6740	-0.4646	130.39	330.88	292.91
2026-06-05T14:55:23.4593382+08:00	0x09	-0.0166	0.7046	-0.3312	0.6273	330.63	89.59	26.48
2026-06-05T14:55:23.4773418+08:00	0x07	0.0217	-0.6950	0.0901	-0.7131	350.83	88.09	5.41
2026-06-05T14:55:23.5379447+08:00	0x08	0.5870	-0.3353	-0.4655	-0.5713	131.55	297.77	280.63
2026-06-05T14:55:23.6535312+08:00	0x01	-0.5043	-0.3664	0.7157	-0.3149	188.65	294.40	57.36
2026-06-05T14:55:23.7207029+08:00	0x06	-0.6863	-0.0397	0.7208	0.0890	169.44	273.15	356.28
2026-06-05T14:55:23.7544470+08:00	0x04	0.1923	0.4075	-0.3409	0.8251	329.66	42.34	36.52
2026-06-05T14:55:23.8045268+08:00	0x03	0.4018	-0.4121	-0.6697	-0.4693	126.48	335.85	291.71
2026-06-05T14:55:23.8381849+08:00	0x02	0.6572	0.0045	-0.7203	-0.2219	160.14	278.17	343.43
2026-06-05T14:55:23.9453847+08:00	0x09	-0.0172	0.7005	-0.3503	0.6216	328.64	88.83	28.00
2026-06-05T14:55:24.0382393+08:00	0x07	0.0085	-0.6909	0.1008	-0.7158	350.95	87.39	7.30
2026-06-05T14:55:24.1708599+08:00	0x08	0.5479	-0.4117	-0.5382	-0.4906	156.82	288.08	281.27
2026-06-05T14:55:24.2883779+08:00	0x06	-0.6867	-0.0387	0.7219	0.0763	170.59	273.09	357.19
2026-06-05T14:55:24.3438567+08:00	0x03	0.4015	-0.4222	-0.6696	-0.4606	128.29	335.12	290.72
2026-06-05T14:55:24.4875355+08:00	0x09	0.0258	0.7340	-0.0949	0.6719	354.78	94.60	10.02
2026-06-05T14:55:24.5874009+08:00	0x07	0.0093	-0.6910	0.0789	-0.7185	352.71	87.41	5.49
2026-06-05T14:55:24.8377752+08:00	0x01	-0.4904	-0.3693	0.7210	-0.3212	190.98	297.65	57.96
2026-06-05T14:55:24.8563896+08:00	0x03	0.3998	-0.4322	-0.6739	-0.4464	131.67	333.50	290.05
2026-06-05T14:55:25.0057941+08:00	0x09	0.0723	0.7267	-0.1488	0.6668	354.36	94.02	18.22
2026-06-05T14:55:25.1215807+08:00	0x07	-0.0228	-0.6839	0.1076	-0.7213	352.76	86.29	10.37
2026-06-05T14:55:25.3808042+08:00	0x02	0.6502	0.0516	-0.7297	-0.2053	158.06	278.74	348.95
2026-06-05T14:55:25.3960317+08:00	0x06	-0.6800	-0.0028	0.7255	0.1061	170.83	274.36	351.93
2026-06-05T14:55:25.5403583+08:00	0x09	0.0912	0.8784	-0.2052	0.4219	359.17	128.50	25.95
2026-06-05T14:55:25.6718545+08:00	0x07	-0.0479	-0.6661	0.1245	-0.7339	352.96	83.61	13.66
2026-06-05T14:55:25.8880409+08:00	0x01	-0.4867	-0.3852	0.7135	-0.3251	190.26	297.33	60.01
2026-06-05T14:55:25.9216310+08:00	0x02	0.6472	0.0460	-0.7382	-0.1844	160.33	279.23	350.17
2026-06-05T14:55:26.0404098+08:00	0x09	0.0242	0.8754	-0.1424	0.4614	354.69	123.68	15.77
2026-06-05T14:55:26.1899122+08:00	0x07	-0.0298	-0.6703	0.1010	-0.7346	353.68	84.18	10.32
2026-06-05T14:55:26.2384438+08:00	0x08	0.5480	-0.6243	-0.2930	-0.4734	299.24	144.61	297.79
2026-06-05T14:55:26.4546063+08:00	0x02	0.6429	0.0395	-0.7433	-0.1804	161.10	279.95	350.02
2026-06-05T14:55:26.5095093+08:00	0x03	0.4112	-0.4062	-0.6918	-0.4328	138.12	326.79	293.37
2026-06-05T14:55:26.6226326+08:00	0x09	-0.0034	0.8785	-0.1414	0.4564	352.00	124.10	14.20
2026-06-05T14:55:26.6709444+08:00	0x06	-0.6728	0.0032	0.7322	0.1057	171.25	275.48	351.55
2026-06-05T14:55:26.7382234+08:00	0x07	-0.0328	-0.6726	0.1022	-0.7322	353.83	84.56	10.70
2026-06-05T14:55:26.8223729+08:00	0x08	0.5499	-0.6219	-0.2894	-0.4766	299.17	144.02	297.86
2026-06-05T14:55:26.9374136+08:00	0x06	-0.6747	0.0028	0.7307	0.1042	171.37	275.19	351.68
2026-06-05T14:55:26.9738523+08:00	0x01	-0.4832	-0.3875	0.7147	-0.3250	190.44	297.94	60.22
2026-06-05T14:55:27.0414156+08:00	0x03	0.4138	-0.4039	-0.6923	-0.4317	138.82	325.89	293.58
2026-06-05T14:55:27.1118443+08:00	0x09	-0.0354	0.8792	-0.1256	0.4581	349.60	123.96	10.85
2026-06-05T14:55:27.2751686+08:00	0x07	-0.0362	-0.6737	0.1045	-0.7307	353.91	84.76	11.17
2026-06-05T14:55:27.3874481+08:00	0x08	0.5596	-0.6163	-0.2930	-0.4703	295.99	146.89	297.44
2026-06-05T14:55:27.4596881+08:00	0x06	-0.6752	0.0015	0.7305	0.1028	171.39	275.12	351.90
2026-06-05T14:55:27.5546435+08:00	0x02	0.6431	0.0530	-0.7450	-0.1687	161.18	279.71	352.07
2026-06-05T14:55:27.6334341+08:00	0x09	-0.0590	0.8799	-0.1119	0.4581	347.97	124.13	8.21
2026-06-05T14:55:27.8558578+08:00	0x07	-0.0354	-0.6737	0.1039	-0.7308	353.91	84.75	11.05
2026-06-05T14:55:27.9053366+08:00	0x08	0.5652	-0.6138	-0.2969	-0.4644	293.86	149.12	297.20
2026-06-05T14:55:28.0419344+08:00	0x06	-0.6744	0.0010	0.7312	0.1030	171.33	275.24	351.93
2026-06-05T14:55:28.1344969+08:00	0x03	0.4149	-0.4010	-0.6928	-0.4325	138.78	325.69	293.86
2026-06-05T14:55:28.4423782+08:00	0x07	-0.0427	-0.6758	0.1215	-0.7257	353.01	85.12	13.08
2026-06-05T14:55:28.5876213+08:00	0x01	-0.4839	-0.4031	0.7035	-0.3294	189.10	296.47	62.36
2026-06-05T14:55:28.6216721+08:00	0x06	-0.6861	-0.0042	0.7198	0.1051	170.87	273.38	352.06
2026-06-05T14:55:28.6613705+08:00	0x02	0.6484	0.0444	-0.7388	-0.1781	161.03	279.05	350.49
2026-06-05T14:55:28.6888504+08:00	0x09	-0.0896	0.9072	-0.0675	0.4054	347.43	131.53	2.85
2026-06-05T14:55:28.9923686+08:00	0x07	-0.0320	-0.6861	0.1250	-0.7160	352.04	86.68	12.56
2026-06-05T14:55:29.0287719+08:00	0x08	0.4644	-0.4858	-0.5035	-0.5430	57.16	31.80	276.53
2026-06-05T14:55:29.1215093+08:00	0x06	-0.6869	-0.0360	0.7224	0.0708	171.26	273.08	357.40
2026-06-05T14:55:29.2136812+08:00	0x03	0.3996	-0.4243	-0.6889	-0.4309	136.51	330.04	291.72
2026-06-05T14:55:29.2376159+08:00	0x02	0.6399	0.0257	-0.7536	-0.1481	164.98	280.47	351.32
2026-06-05T14:55:29.5225273+08:00	0x07	-0.0412	-0.6888	0.0928	-0.7178	355.53	87.21	10.78
2026-06-05T14:55:29.6222033+08:00	0x01	-0.4710	-0.3771	0.7148	-0.3536	197.90	303.78	60.71
2026-06-05T14:55:29.7055329+08:00	0x06	-0.6737	-0.0641	0.7359	0.0221	173.15	274.84	3.70
2026-06-05T14:55:29.7389101+08:00	0x03	0.4107	-0.4105	-0.6449	-0.4968	119.15	339.47	290.34
2026-06-05T14:55:29.7932944+08:00	0x09	-0.0710	0.7217	-0.0211	0.6882	352.42	92.98	356.14
2026-06-05T14:55:30.0423828+08:00	0x08	0.4465	-0.5714	-0.4424	-0.5276	348.33	103.96	282.37
2026-06-05T14:55:30.1424593+08:00	0x01	-0.4631	-0.3776	0.7217	-0.3494	198.17	305.23	60.31
2026-06-05T14:55:30.2257826+08:00	0x06	-0.6717	-0.0542	0.7385	0.0240	173.78	275.28	2.74
2026-06-05T14:55:30.3386933+08:00	0x03	0.4107	-0.4216	-0.6535	-0.4760	124.77	336.21	289.61
2026-06-05T14:55:30.6572833+08:00	0x07	-0.0528	-0.6868	0.0797	-0.7205	357.52	87.02	10.70
2026-06-05T14:55:30.6887093+08:00	0x08	0.3877	-0.6148	-0.3919	-0.5640	354.95	98.27	293.19
2026-06-05T14:55:30.8059218+08:00	0x06	-0.6690	-0.0624	0.7406	0.0096	174.38	275.60	4.57
2026-06-05T14:55:30.8415894+08:00	0x04	0.3382	0.3657	-0.3554	0.7910	328.73	33.86	52.64
2026-06-05T14:55:30.8883202+08:00	0x03	0.4272	-0.3996	-0.6727	-0.4532	135.17	326.05	292.37
2026-06-05T14:55:31.1382399+08:00	0x08	0.2918	-0.4674	-0.4576	-0.6979	41.69	44.44	303.38
2026-06-05T14:55:31.1888381+08:00	0x07	-0.0554	-0.6772	0.1005	-0.7268	355.83	85.50	12.51
2026-06-05T14:55:31.3394454+08:00	0x04	0.3013	0.3637	-0.4089	0.7808	319.09	30.14	50.18
2026-06-05T14:55:31.3725361+08:00	0x06	-0.6733	-0.0728	0.7356	0.0180	172.82	274.77	4.75
2026-06-05T14:55:31.4572470+08:00	0x03	0.4102	-0.4074	-0.6927	-0.4313	138.36	326.82	293.34
2026-06-05T14:55:31.6697899+08:00	0x08	0.2130	-0.4788	-0.5346	-0.6631	56.23	42.09	307.41
2026-06-05T14:55:31.7224354+08:00	0x07	-0.0240	-0.6677	0.0933	-0.7381	353.85	83.77	9.21
2026-06-05T14:55:31.8967965+08:00	0x06	-0.6783	-0.1108	0.7263	-0.0086	171.96	273.22	9.94
2026-06-05T14:55:31.9388799+08:00	0x09	0.0914	0.6438	-0.0222	0.7594	4.89	81.00	9.64
2026-06-05T14:55:32.0053451+08:00	0x03	0.4004	-0.4167	-0.6953	-0.4273	137.83	328.85	292.83
2026-06-05T14:55:32.2236440+08:00	0x08	0.2154	-0.4785	-0.5324	-0.6642	55.82	42.13	307.28
2026-06-05T14:55:32.2887751+08:00	0x01	-0.4659	-0.3999	0.7197	-0.3241	191.29	300.89	61.36
2026-06-05T14:55:32.3583320+08:00	0x06	-0.6819	-0.1119	0.7228	-0.0031	171.37	272.61	9.56
2026-06-05T14:55:32.5128758+08:00	0x04	0.2821	0.3689	-0.3702	0.8045	325.63	34.08	46.64
2026-06-05T14:55:32.5248883+08:00	0x09	0.1678	0.6421	-0.1045	0.7407	3.77	82.59	22.51
2026-06-05T14:55:32.7127737+08:00	0x02	0.6278	0.0305	-0.7602	-0.1643	163.04	282.27	350.80
2026-06-05T14:55:32.7677023+08:00	0x08	0.1301	-0.5378	-0.3869	-0.7376	32.87	60.77	322.55
2026-06-05T14:55:32.7892672+08:00	0x01	-0.4663	-0.4003	0.7207	-0.3207	190.62	300.48	61.17
2026-06-05T14:55:32.9725793+08:00	0x06	-0.6817	-0.1114	0.7231	-0.0007	171.20	272.65	9.32
2026-06-05T14:55:33.0702221+08:00	0x09	0.2078	0.6312	-0.1471	0.7326	3.08	82.30	29.36
2026-06-05T14:55:33.0913638+08:00	0x03	0.3985	-0.4142	-0.7009	-0.4224	138.89	328.39	293.48
2026-06-05T14:55:33.3227215+08:00	0x08	0.0704	-0.5534	-0.2955	-0.7755	25.01	65.19	334.13
2026-06-05T14:55:33.3559312+08:00	0x07	-0.0141	-0.6704	0.1037	-0.7346	352.23	84.15	9.19
2026-06-05T14:55:33.4911362+08:00	0x01	-0.4650	-0.4014	0.7208	-0.3211	190.77	300.75	61.32
2026-06-05T14:55:33.6064073+08:00	0x04	0.2597	0.3769	-0.3362	0.8231	330.77	37.50	42.92
2026-06-05T14:55:33.6414920+08:00	0x09	0.2345	0.6199	-0.1765	0.7278	2.34	81.56	34.06
2026-06-05T14:55:33.8222446+08:00	0x08	0.0189	-0.5590	-0.2196	-0.7994	20.07	67.08	344.00
2026-06-05T14:55:33.8726312+08:00	0x07	-0.0151	-0.6696	0.1058	-0.7350	352.11	84.02	9.43
2026-06-05T14:55:33.9055210+08:00	0x01	-0.4645	-0.4015	0.7209	-0.3213	190.85	300.86	61.34
2026-06-05T14:55:34.0236369+08:00	0x06	-0.6820	-0.1093	0.7232	0.0010	171.23	272.67	9.02
2026-06-05T14:55:34.1138561+08:00	0x04	0.2550	0.3776	-0.3285	0.8273	331.78	38.02	42.08
2026-06-05T14:55:34.2152063+08:00	0x03	0.3960	-0.4138	-0.7002	-0.4263	137.53	329.60	293.50
2026-06-05T14:55:34.4098020+08:00	0x08	-0.0132	-0.5594	-0.1728	-0.8106	17.42	67.71	350.10
2026-06-05T14:55:34.4785908+08:00	0x01	-0.4648	-0.4042	0.7192	-0.3214	190.51	300.53	61.67
2026-06-05T14:55:34.5390946+08:00	0x06	-0.6810	-0.1097	0.7240	0.0013	171.19	272.81	9.04
2026-06-05T14:55:34.7275188+08:00	0x04	0.2457	0.3815	-0.3182	0.8324	333.18	39.15	40.68
2026-06-05T14:55:34.7605031+08:00	0x03	0.3952	-0.4144	-0.6999	-0.4269	137.25	329.91	293.44
2026-06-05T14:55:34.9043564+08:00	0x08	-0.0490	-0.5511	-0.1081	-0.8259	13.46	67.17	357.82
2026-06-05T14:55:35.0440115+08:00	0x01	-0.4668	-0.4010	0.7213	-0.3178	190.01	300.09	61.07
2026-06-05T14:55:35.0748733+08:00	0x07	-0.0154	-0.6667	0.1093	-0.7371	351.80	83.56	9.69
2026-06-05T14:55:35.2269498+08:00	0x09	0.2782	0.5990	-0.2231	0.7170	1.03	80.15	41.77
2026-06-05T14:55:35.2956783+08:00	0x03	0.3961	-0.4105	-0.7017	-0.4268	137.49	329.51	293.90
2026-06-05T14:55:35.4066155+08:00	0x08	-0.0606	-0.5567	-0.0917	-0.8234	12.62	68.11	359.87
2026-06-05T14:55:35.6231301+08:00	0x07	-0.0167	-0.6669	0.1093	-0.7369	351.90	83.60	9.81
2026-06-05T14:55:35.6398236+08:00	0x06	-0.6804	-0.1087	0.7248	0.0006	171.34	272.94	9.02
2026-06-05T14:55:35.7401003+08:00	0x09	0.2683	0.5956	-0.2237	0.7234	359.70	78.82	40.89
2026-06-05T14:55:35.7949403+08:00	0x02	0.6334	0.0294	-0.7550	-0.1672	162.91	281.47	350.37
2026-06-05T14:55:35.8897574+08:00	0x03	0.3964	-0.4088	-0.7003	-0.4304	136.64	329.95	293.96
2026-06-05T14:55:35.9755470+08:00	0x08	-0.0601	-0.5533	-0.0858	-0.8264	12.02	67.63	0.25
2026-06-05T14:55:36.1404713+08:00	0x07	-0.0179	-0.6658	0.1171	-0.7367	351.30	83.41	10.50
2026-06-05T14:55:36.2063170+08:00	0x06	-0.6806	-0.1074	0.7247	0.0080	170.82	272.92	8.32
2026-06-05T14:55:36.2894922+08:00	0x09	0.2738	0.5941	-0.2329	0.7196	359.24	78.79	42.13
2026-06-05T14:55:36.3446010+08:00	0x02	0.6397	0.0169	-0.7490	-0.1718	163.48	280.64	348.79
2026-06-05T14:55:36.3933209+08:00	0x03	0.3913	-0.4165	-0.6990	-0.4299	135.85	331.44	293.26
2026-06-05T14:55:36.5567999+08:00	0x08	-0.0585	-0.5535	-0.0802	-0.8269	11.38	67.63	0.46
2026-06-05T14:55:36.6686122+08:00	0x07	-0.0179	-0.6673	0.1203	-0.7348	351.04	83.64	10.77
2026-06-05T14:55:36.7495819+08:00	0x01	-0.4770	-0.3948	0.7196	-0.3142	188.75	298.00	60.22
2026-06-05T14:55:36.7964587+08:00	0x06	-0.6853	-0.1092	0.7201	0.0026	171.07	272.14	8.84
2026-06-05T14:55:36.8783083+08:00	0x04	0.2369	0.3800	-0.3156	0.8366	333.19	39.07	39.51
2026-06-05T14:55:36.9286044+08:00	0x03	0.3910	-0.4134	-0.6979	-0.4349	134.62	332.14	293.49
2026-06-05T14:55:37.1767102+08:00	0x08	-0.0720	-0.5531	0.1247	-0.8206	352.57	66.99	14.84
2026-06-05T14:55:37.2225790+08:00	0x01	-0.4866	-0.3994	0.7033	-0.3303	189.31	296.25	62.03
2026-06-05T14:55:37.2944473+08:00	0x06	-0.6857	-0.0701	0.7228	0.0485	170.43	272.85	2.00
2026-06-05T14:55:37.3621147+08:00	0x09	0.2630	0.6092	-0.4496	0.5979	334.59	76.36	59.58
2026-06-05T14:55:37.4408437+08:00	0x04	0.2707	0.3856	-0.3215	0.8214	333.72	39.56	43.85
2026-06-05T14:55:37.4569092+08:00	0x02	0.6563	0.0052	-0.7396	-0.1490	166.62	278.10	349.18
2026-06-05T14:55:37.6768338+08:00	0x08	-0.0578	-0.7275	0.0593	-0.6811	0.20	93.79	9.50
2026-06-05T14:55:37.8085924+08:00	0x07	-0.0673	-0.6919	0.1230	-0.7083	355.17	88.01	15.40
2026-06-05T14:55:37.8911557+08:00	0x09	0.3099	0.6672	-0.3682	0.5685	359.45	98.83	57.53
2026-06-05T14:55:37.9625766+08:00	0x02	0.6451	0.0206	-0.7561	-0.1086	168.94	279.67	353.75
2026-06-05T14:55:37.9902472+08:00	0x01	-0.4751	-0.3528	0.7122	-0.3776	203.51	306.15	59.47
2026-06-05T14:55:38.1604496+08:00	0x08	0.0815	-0.7350	-0.1123	-0.6637	1.75	95.59	344.15
2026-06-05T14:55:38.3446361+08:00	0x07	-0.0798	-0.6844	0.0909	-0.7190	358.74	87.02	13.84
2026-06-05T14:55:38.4343426+08:00	0x09	0.2699	0.6815	-0.3047	0.6081	359.77	96.41	48.04
2026-06-05T14:55:38.5449061+08:00	0x02	0.6506	0.2764	-0.7067	0.0303	159.46	270.04	25.47
2026-06-05T14:55:38.5743499+08:00	0x03	0.4075	-0.4106	-0.5947	-0.5583	96.84	355.46	289.37
2026-06-05T14:55:38.7404574+08:00	0x08	0.1707	-0.7188	-0.1960	-0.6448	0.49	96.08	329.87
2026-06-05T14:55:38.9282969+08:00	0x07	-0.0775	-0.6753	0.0902	-0.7279	358.43	85.52	13.57
2026-06-05T14:55:38.9744644+08:00	0x09	0.2009	0.7026	-0.2514	0.6346	357.34	94.92	37.46
2026-06-05T14:55:39.0440522+08:00	0x02	0.6340	0.2984	-0.7081	0.0869	162.44	271.21	32.20
2026-06-05T14:55:39.1615931+08:00	0x03	0.4484	-0.4198	-0.5921	-0.5218	113.13	339.28	285.22
2026-06-05T14:55:39.2582750+08:00	0x08	0.1827	-0.7263	-0.2073	-0.6294	359.70	98.26	327.91
2026-06-05T14:55:39.5245047+08:00	0x01	-0.5260	-0.3710	0.6747	-0.3610	191.79	291.18	61.71
2026-06-05T14:55:39.5575571+08:00	0x06	-0.6006	-0.0492	0.7980	-0.0034	176.91	285.94	4.73
2026-06-05T14:55:39.6075973+08:00	0x07	-0.0894	-0.6943	0.0945	-0.7079	359.43	88.81	14.94
2026-06-05T14:55:39.6463959+08:00	0x03	0.4515	-0.3868	-0.6669	-0.4492	139.94	319.01	292.85
2026-06-05T14:55:39.8453608+08:00	0x08	0.0724	-0.7459	-0.1283	-0.6496	3.51	97.38	343.42
2026-06-05T14:55:39.9743814+08:00	0x01	-0.5210	-0.3543	0.6848	-0.3663	195.41	294.42	60.09
2026-06-05T14:55:40.0326950+08:00	0x09	0.2003	0.6921	-0.2223	0.6568	358.97	92.67	34.81
2026-06-05T14:55:40.0633070+08:00	0x06	-0.5832	-0.0317	0.8117	-0.0056	178.40	288.55	3.33
2026-06-05T14:55:40.2094426+08:00	0x02	0.6009	0.2584	-0.7439	0.1370	172.66	279.95	33.31
2026-06-05T14:55:40.3946856+08:00	0x08	0.0746	-0.7467	-0.1413	-0.6457	4.29	97.62	342.11
2026-06-05T14:55:40.5420965+08:00	0x07	0.0013	-0.7632	0.0028	-0.6462	359.67	99.49	0.15
2026-06-05T14:55:40.5575664+08:00	0x01	-0.5126	-0.3659	0.6818	-0.3721	196.20	295.84	61.70
2026-06-05T14:55:40.8218847+08:00	0x04	0.3888	0.3497	-0.3374	0.7828	331.40	32.18	57.63
2026-06-05T14:55:40.8228827+08:00	0x03	0.4549	-0.3898	-0.7023	-0.3846	155.13	309.77	296.18
2026-06-05T14:55:40.9254936+08:00	0x08	0.0164	-0.7523	-0.0919	-0.6522	5.53	97.71	350.82
2026-06-05T14:55:41.0751659+08:00	0x09	0.1937	0.6989	-0.1948	0.6604	0.92	93.51	31.88
2026-06-05T14:55:41.0970606+08:00	0x07	0.0321	-0.7656	-0.0276	-0.6420	359.21	100.07	355.21
2026-06-05T14:55:41.1898002+08:00	0x04	0.3749	0.3659	-0.3105	0.7932	337.47	37.61	55.28
2026-06-05T14:55:41.3068625+08:00	0x02	0.5913	0.2832	-0.7414	0.1433	171.29	280.01	36.11
2026-06-05T14:55:41.3749644+08:00	0x03	0.4672	-0.3748	-0.6992	-0.3902	154.76	308.04	297.27
2026-06-05T14:55:41.4077319+08:00	0x08	-0.0194	-0.7531	-0.0662	-0.6543	6.67	97.79	355.73
2026-06-05T14:55:41.6249017+08:00	0x06	-0.5795	-0.0425	0.8130	-0.0370	180.63	289.08	6.43
2026-06-05T14:55:41.7072331+08:00	0x04	0.3683	0.3727	-0.3023	0.7963	339.24	39.43	54.28
2026-06-05T14:55:41.9291347+08:00	0x08	-0.0734	-0.7494	-0.0196	-0.6578	7.82	97.71	3.86
2026-06-05T14:55:42.1909725+08:00	0x06	-0.5822	-0.0338	0.8120	-0.0238	179.97	288.71	4.74
2026-06-05T14:55:42.2444741+08:00	0x07	0.0521	-0.7613	-0.0518	-0.6443	359.27	99.57	351.61
2026-06-05T14:55:42.4520083+08:00	0x03	0.4819	-0.3758	-0.6709	-0.4200	151.09	307.40	294.62
2026-06-05T14:55:42.7103859+08:00	0x07	0.0444	-0.7763	-0.0440	-0.6273	359.21	102.16	352.88
2026-06-05T14:55:42.7257963+08:00	0x06	-0.5890	-0.0354	0.8067	-0.0320	180.57	287.76	5.45
2026-06-05T14:55:42.7625135+08:00	0x01	-0.4879	-0.4552	0.6533	-0.3576	184.00	289.33	70.70
2026-06-05T14:55:42.8085171+08:00	0x04	0.2815	0.4816	-0.2381	0.7951	351.61	59.13	42.61
2026-06-05T14:55:42.9835040+08:00	0x03	0.5163	-0.3743	-0.6544	-0.4062	159.58	296.65	294.57
2026-06-05T14:55:43.0088102+08:00	0x08	-0.1251	-0.7588	0.0191	-0.6389	9.70	100.74	10.89
2026-06-05T14:55:43.0258463+08:00	0x02	0.5916	0.2824	-0.7415	0.1431	171.33	280.01	36.03
2026-06-05T14:55:43.3081017+08:00	0x06	-0.5913	-0.0305	0.8057	-0.0185	179.64	287.44	4.07
2026-06-05T14:55:43.3615407+08:00	0x04	0.2608	0.4810	-0.2876	0.7861	343.92	56.49	43.36
2026-06-05T14:55:43.4087433+08:00	0x09	0.2111	0.7257	-0.1791	0.6299	5.44	99.64	31.73
2026-06-05T14:55:43.6096944+08:00	0x03	0.5146	-0.3752	-0.6601	-0.3984	160.77	296.41	295.13
2026-06-05T14:55:43.7999111+08:00	0x09	0.1957	0.7297	-0.1733	0.6319	4.41	99.40	30.01
2026-06-05T14:55:43.8161327+08:00	0x06	-0.5901	-0.0320	0.8065	-0.0169	179.40	287.60	4.10
2026-06-05T14:55:43.9633082+08:00	0x01	-0.4864	-0.4638	0.6413	-0.3701	184.52	288.97	72.74
2026-06-05T14:55:44.1101130+08:00	0x02	0.5639	0.3766	-0.6947	0.2401	171.38	277.61	52.56
2026-06-05T14:55:44.1414336+08:00	0x03	0.5175	-0.3703	-0.6618	-0.3963	161.07	295.89	295.80
2026-06-05T14:55:44.1583891+08:00	0x08	-0.1399	-0.7573	0.0377	-0.6368	9.70	101.03	13.61
2026-06-05T14:55:44.3413783+08:00	0x09	0.1905	0.7261	-0.1659	0.6394	4.23	98.36	28.99
2026-06-05T14:55:44.4245069+08:00	0x01	-0.4776	-0.4712	0.6432	-0.3689	184.94	290.50	73.46
2026-06-05T14:55:44.6646343+08:00	0x03	0.5257	-0.3551	-0.6668	-0.3911	161.45	294.75	297.77
2026-06-05T14:55:44.6937929+08:00	0x02	0.4952	0.4807	-0.6369	0.3437	172.78	278.99	72.30
2026-06-05T14:55:44.8644539+08:00	0x09	0.1862	0.7236	-0.1593	0.6452	4.15	97.59	28.09
2026-06-05T14:55:44.9487074+08:00	0x01	-0.4710	-0.4732	0.6444	-0.3728	187.23	293.12	73.95
2026-06-05T14:55:44.9747564+08:00	0x07	-0.0026	-0.8024	-0.0003	-0.5967	0.26	106.73	0.15
2026-06-05T14:55:45.1917585+08:00	0x03	0.5252	-0.3527	-0.6707	-0.3872	161.73	294.84	298.38
2026-06-05T14:55:45.3581448+08:00	0x06	-0.5818	-0.0278	0.8125	-0.0239	180.37	288.80	4.18
2026-06-05T14:55:45.4923264+08:00	0x07	-0.0208	-0.8014	0.0080	-0.5977	1.37	106.59	2.17
2026-06-05T14:55:45.5092798+08:00	0x01	-0.4636	-0.4812	0.6403	-0.3789	188.86	295.03	75.35
2026-06-05T14:55:45.7254137+08:00	0x03	0.5245	-0.3512	-0.6739	-0.3839	162.00	294.90	298.82
2026-06-05T14:55:45.9419974+08:00	0x06	-0.5786	-0.0290	0.8146	-0.0301	180.89	289.26	4.70
2026-06-05T14:55:45.9749098+08:00	0x09	0.1906	0.7177	-0.1574	0.6510	4.47	96.71	28.30
2026-06-05T14:55:46.0253937+08:00	0x01	-0.4560	-0.4863	0.6416	-0.3793	190.24	297.20	75.92
2026-06-05T14:55:46.1414750+08:00	0x04	0.2700	0.4652	-0.3158	0.7816	339.68	52.88	45.72
2026-06-05T14:55:46.2420441+08:00	0x08	-0.1216	-0.7521	0.0096	-0.6477	9.97	99.39	9.90
2026-06-05T14:55:46.4584515+08:00	0x06	-0.5765	-0.0306	0.8156	-0.0387	181.60	289.57	5.42
2026-06-05T14:55:46.4921403+08:00	0x09	0.1913	0.7143	-0.1524	0.6557	4.77	96.08	27.94
2026-06-05T14:55:46.5589333+08:00	0x07	-0.0479	-0.7914	0.0158	-0.6092	3.25	104.96	4.78
2026-06-05T14:55:46.6110127+08:00	0x04	0.2724	0.4623	-0.3230	0.7796	338.61	52.09	46.33
2026-06-05T14:55:46.7591142+08:00	0x08	-0.1332	-0.7494	0.0123	-0.6485	10.78	99.30	11.02
2026-06-05T14:55:46.8254555+08:00	0x03	0.5345	-0.3266	-0.6848	-0.3723	162.49	293.76	302.29
2026-06-05T14:55:47.0263749+08:00	0x09	0.1943	0.7146	-0.1464	0.6559	5.54	96.27	27.65
2026-06-05T14:55:47.0423323+08:00	0x06	-0.5746	-0.0354	0.8162	-0.0488	182.25	289.84	6.54
2026-06-05T14:55:47.0951277+08:00	0x07	-0.0622	-0.7904	0.0212	-0.6091	4.18	104.99	6.28
2026-06-05T14:55:47.2144787+08:00	0x04	0.2715	0.4586	-0.3379	0.7757	336.20	50.72	46.98
2026-06-05T14:55:47.3265873+08:00	0x08	-0.1699	-0.7427	0.0470	-0.6460	11.55	99.67	16.82
2026-06-05T14:55:47.4118261+08:00	0x03	0.5355	-0.3205	-0.6855	-0.3749	161.60	294.10	302.75
2026-06-05T14:55:47.6088365+08:00	0x09	0.1977	0.7124	-0.1597	0.6541	4.78	96.13	29.09
2026-06-05T14:55:47.6918159+08:00	0x07	-0.0721	-0.7897	0.0373	-0.6081	3.98	105.10	8.43
2026-06-05T14:55:47.8457491+08:00	0x02	0.4629	0.5124	-0.6212	0.3706	176.01	283.36	78.42
2026-06-05T14:55:47.9305737+08:00	0x03	0.5277	-0.3354	-0.6806	-0.3818	161.08	295.25	300.73
2026-06-05T14:55:48.1421861+08:00	0x09	0.1986	0.7132	-0.1649	0.6517	4.51	96.35	29.61
2026-06-05T14:55:48.1757837+08:00	0x01	-0.4633	-0.4807	0.6371	-0.3852	190.63	296.22	75.80
2026-06-05T14:55:48.2116762+08:00	0x04	0.2887	0.4465	-0.3642	0.7646	332.22	47.39	50.06
2026-06-05T14:55:48.2588532+08:00	0x07	-0.0804	-0.7916	0.0486	-0.6038	4.00	105.68	10.02
2026-06-05T14:55:48.4423782+08:00	0x08	-0.1904	-0.7407	0.0790	-0.6394	11.20	100.49	21.13
2026-06-05T14:55:48.5255422+08:00	0x03	0.5205	-0.3504	-0.6711	-0.3948	159.53	296.74	298.19
2026-06-05T14:55:48.6993039+08:00	0x06	-0.5781	-0.0308	0.8150	-0.0264	180.43	289.32	4.63
2026-06-05T14:55:48.7590311+08:00	0x07	-0.0931	-0.7923	0.0656	-0.5994	4.05	106.22	12.44
2026-06-05T14:55:48.7924948+08:00	0x04	0.2814	0.4505	-0.3668	0.7637	331.82	47.87	49.49
2026-06-05T14:55:48.9544904+08:00	0x02	0.4330	0.5320	-0.6179	0.3844	185.92	295.10	82.00
2026-06-05T14:55:49.0785714+08:00	0x03	0.5339	-0.3241	-0.6835	-0.3778	161.35	294.37	302.16
2026-06-05T14:55:49.2465283+08:00	0x01	-0.4540	-0.5060	0.6221	-0.3882	187.20	293.71	79.17
2026-06-05T14:55:49.3103747+08:00	0x07	-0.1105	-0.7933	0.0664	-0.5951	5.69	106.94	13.71
2026-06-05T14:55:49.4025295+08:00	0x04	0.2630	0.4677	-0.3577	0.7643	333.60	51.17	47.45
2026-06-05T14:55:49.5288571+08:00	0x08	-0.1843	-0.7442	0.0591	-0.6393	12.13	100.70	18.88
2026-06-05T14:55:49.6097436+08:00	0x03	0.5416	-0.3207	-0.6708	-0.3922	159.82	293.61	301.23
2026-06-05T14:55:49.7934643+08:00	0x01	-0.4628	-0.4939	0.6301	-0.3806	185.78	292.02	77.08
2026-06-05T14:55:49.8425249+08:00	0x07	-0.1240	-0.7903	0.0800	-0.5946	6.02	106.93	15.90
2026-06-05T14:55:49.8763655+08:00	0x09	0.1971	0.7175	-0.1600	0.6487	4.94	97.05	29.03
2026-06-05T14:55:50.0323384+08:00	0x02	0.4262	0.5370	-0.6219	0.3786	185.50	295.94	82.11
2026-06-05T14:55:50.2091317+08:00	0x03	0.5378	-0.3115	-0.6718	-0.4031	156.76	295.76	301.56
2026-06-05T14:55:50.3004629+08:00	0x06	-0.5729	-0.0385	0.8176	-0.0430	181.51	290.05	6.44
2026-06-05T14:55:50.3767157+08:00	0x07	-0.1320	-0.7832	0.0878	-0.6012	6.08	105.91	17.23
2026-06-05T14:55:50.4254335+08:00	0x04	0.2714	0.4586	-0.3597	0.7660	333.03	49.57	48.21
2026-06-05T14:55:50.6124229+08:00	0x08	-0.2037	-0.7345	0.0821	-0.6421	12.11	100.09	22.48
2026-06-05T14:55:50.7445456+08:00	0x03	0.5374	-0.3094	-0.6781	-0.3946	157.84	295.47	302.47
2026-06-05T14:55:50.8786506+08:00	0x06	-0.5690	-0.0368	0.8204	-0.0431	181.66	290.60	6.28
2026-06-05T14:55:50.9434800+08:00	0x09	0.1945	0.7122	-0.1571	0.6560	4.64	95.89	28.62
2026-06-05T14:55:51.0885080+08:00	0x02	0.3443	0.5571	-0.7015	0.2810	182.74	309.90	77.20
2026-06-05T14:55:51.2769192+08:00	0x03	0.5490	-0.3069	-0.6827	-0.3719	162.28	291.84	304.16
2026-06-05T14:55:51.4593160+08:00	0x07	-0.1585	-0.6885	0.1013	-0.7005	4.70	89.89	21.20
2026-06-05T14:55:51.5344155+08:00	0x09	0.1831	0.7172	-0.1682	0.6510	2.86	96.27	28.66
2026-06-05T14:55:51.6125286+08:00	0x02	0.3798	0.5304	-0.6976	0.2962	182.28	304.61	74.80
2026-06-05T14:55:51.9623253+08:00	0x06	-0.6515	-0.0713	0.7531	-0.0577	179.65	278.24	10.52
2026-06-05T14:55:52.0146024+08:00	0x03	0.5416	-0.3001	-0.6875	-0.3794	159.72	294.28	304.55
2026-06-05T14:55:52.0595727+08:00	0x09	0.1753	0.7191	-0.1736	0.6496	1.73	96.26	28.52
2026-06-05T14:55:52.1793524+08:00	0x08	-0.2222	-0.7202	0.1251	-0.6452	10.33	98.86	27.83
2026-06-05T14:55:52.3592807+08:00	0x03	0.5328	-0.3122	-0.6780	-0.3987	156.87	296.63	301.98
2026-06-05T14:55:52.5432362+08:00	0x06	-0.6630	-0.0622	0.7453	-0.0318	177.97	276.55	7.75
2026-06-05T14:55:52.6265855+08:00	0x04	0.2352	0.4596	-0.3860	0.7645	327.68	48.14	45.60
2026-06-05T14:55:52.6621099+08:00	0x09	0.1758	0.7286	-0.1896	0.6343	1.04	98.20	29.96
2026-06-05T14:55:52.6934572+08:00	0x02	0.6017	0.3286	-0.7091	0.1651	167.53	274.61	41.66
2026-06-05T14:55:52.9034129+08:00	0x03	0.5339	-0.3124	-0.6683	-0.4133	154.71	297.28	300.82
2026-06-05T14:55:53.0600357+08:00	0x07	-0.1001	-0.6974	0.0881	-0.7042	0.92	89.57	15.30
2026-06-05T14:55:53.1213449+08:00	0x01	-0.5067	-0.4135	0.6567	-0.3755	191.14	292.14	67.47
2026-06-05T14:55:53.1592495+08:00	0x04	0.2252	0.4651	-0.3814	0.7665	328.30	49.27	44.42
2026-06-05T14:55:53.2144119+08:00	0x09	0.1678	0.7384	-0.1878	0.6256	0.85	99.68	29.16
2026-06-05T14:55:53.3658870+08:00	0x08	-0.1469	-0.7367	0.0800	-0.6552	6.74	97.77	18.08
2026-06-05T14:55:53.4827233+08:00	0x03	0.5347	-0.3068	-0.6700	-0.4137	154.28	297.41	301.41
2026-06-05T14:55:53.6455341+08:00	0x06	-0.6652	-0.0611	0.7437	-0.0260	177.54	276.23	7.21
2026-06-05T14:55:53.6814450+08:00	0x07	-0.0442	-0.7024	0.0297	-0.7098	1.15	89.46	6.00
2026-06-05T14:55:53.7377973+08:00	0x09	0.1639	0.7435	-0.1779	0.6235	1.41	100.39	27.96
2026-06-05T14:55:53.7771149+08:00	0x02	0.5998	0.3941	-0.6915	0.0822	152.02	267.74	40.06
2026-06-05T14:55:53.9462833+08:00	0x08	-0.0946	-0.7328	0.0275	-0.6733	5.92	95.34	9.66
2026-06-05T14:55:54.0249806+08:00	0x03	0.5195	-0.3296	-0.6787	-0.4011	156.33	298.88	300.22
2026-06-05T14:55:54.1112424+08:00	0x06	-0.6609	-0.0555	0.7480	-0.0259	178.00	276.96	6.74
2026-06-05T14:55:54.1433880+08:00	0x07	0.0099	-0.6956	-0.0373	-0.7173	2.28	88.16	356.20
2026-06-05T14:55:54.2529266+08:00	0x04	0.2460	0.4388	-0.3747	0.7788	328.41	45.30	45.40
2026-06-05T14:55:54.2808513+08:00	0x09	0.1600	0.7346	-0.1718	0.6365	1.06	98.44	27.14
2026-06-05T14:55:54.3604519+08:00	0x02	0.5607	0.4530	-0.6930	0.0141	140.35	267.07	40.07
2026-06-05T14:55:54.4170312+08:00	0x08	-0.0437	-0.7340	-0.0215	-0.6774	5.36	94.67	1.58
2026-06-05T14:55:54.6435263+08:00	0x03	0.5112	-0.3363	-0.6853	-0.3949	156.86	300.00	300.15
2026-06-05T14:55:54.7353767+08:00	0x07	0.0697	-0.6901	-0.1036	-0.7129	3.05	87.76	345.97
2026-06-05T14:55:54.8047452+08:00	0x09	0.1596	0.7337	-0.1694	0.6384	1.15	98.22	26.90
2026-06-05T14:55:54.8433802+08:00	0x04	0.2470	0.4372	-0.3640	0.7844	329.92	45.60	44.90
2026-06-05T14:55:55.0279381+08:00	0x08	0.0117	-0.7341	-0.0746	-0.6749	4.83	94.51	352.80
2026-06-05T14:55:55.1595213+08:00	0x03	0.5115	-0.3335	-0.6861	-0.3954	156.57	300.13	300.43
2026-06-05T14:55:55.2782700+08:00	0x01	-0.5185	-0.4032	0.6361	-0.4050	195.64	292.39	68.89
2026-06-05T14:55:55.4107463+08:00	0x04	0.2437	0.4388	-0.3603	0.7863	330.44	46.05	44.38
2026-06-05T14:55:55.5946906+08:00	0x08	0.0449	-0.7310	-0.1067	-0.6724	4.57	94.28	347.51
2026-06-05T14:55:55.7282978+08:00	0x06	-0.6577	-0.0539	0.7509	-0.0281	178.34	277.47	6.77
2026-06-05T14:55:55.7605159+08:00	0x03	0.5119	-0.3302	-0.6876	-0.3951	156.40	300.19	300.84
2026-06-05T14:55:55.8624387+08:00	0x07	0.0679	-0.6903	-0.1017	-0.7131	3.02	87.78	346.28
2026-06-05T14:55:55.8943511+08:00	0x01	-0.5172	-0.4055	0.6364	-0.4037	195.30	292.35	69.04
2026-06-05T14:55:55.9605130+08:00	0x02	0.6281	0.2797	-0.7261	-0.0062	156.86	273.41	23.48
2026-06-05T14:55:55.9950841+08:00	0x09	0.1554	0.7356	-0.1628	0.6390	1.32	98.35	25.98
2026-06-05T14:55:56.1456187+08:00	0x08	0.0586	-0.7290	-0.1195	-0.6715	4.45	94.13	345.35
2026-06-05T14:55:56.3147824+08:00	0x03	0.5114	-0.3289	-0.6887	-0.3950	156.22	300.39	301.02
2026-06-05T14:55:56.3307360+08:00	0x06	-0.6566	-0.0539	0.7518	-0.0280	178.35	277.63	6.77
2026-06-05T14:55:56.3976030+08:00	0x07	0.1889	-0.6668	-0.2295	-0.6834	4.29	87.26	325.65
2026-06-05T14:55:56.4607022+08:00	0x09	0.1552	0.7356	-0.1635	0.6388	1.24	98.35	26.03
2026-06-05T14:55:56.5437783+08:00	0x02	0.6096	0.2948	-0.7351	-0.0326	153.69	275.18	23.19
2026-06-05T14:55:56.5947071+08:00	0x08	0.0671	-0.7302	-0.1248	-0.6684	4.10	94.49	344.22
2026-06-05T14:55:56.8111096+08:00	0x06	-0.6600	-0.0523	0.7491	-0.0218	177.90	277.13	6.15
2026-06-05T14:55:56.8795970+08:00	0x03	0.5055	-0.3417	-0.6849	-0.3982	156.02	301.27	299.47
2026-06-05T14:55:56.9300970+08:00	0x07	0.2402	-0.6490	-0.2829	-0.6641	5.04	86.68	316.66
2026-06-05T14:55:57.0345051+08:00	0x09	0.1540	0.7379	-0.1704	0.6347	0.70	98.76	26.55
2026-06-05T14:55:57.1185017+08:00	0x02	0.6320	0.2284	-0.7398	-0.0328	159.32	275.82	17.25
2026-06-05T14:55:57.1643798+08:00	0x08	0.0842	-0.7293	-0.1308	-0.6663	3.09	94.69	342.36
2026-06-05T14:55:57.3948722+08:00	0x06	-0.6642	-0.0502	0.7458	-0.0117	177.16	276.50	5.18
2026-06-05T14:55:57.4105351+08:00	0x03	0.4969	-0.3565	-0.6797	-0.4049	154.86	303.07	297.49
2026-06-05T14:55:57.4613005+08:00	0x07	0.2967	-0.6263	-0.3315	-0.6402	4.99	86.28	307.33
2026-06-05T14:55:57.5213075+08:00	0x01	-0.5137	-0.3910	0.6609	-0.3827	194.56	293.68	65.50
2026-06-05T14:55:57.5472371+08:00	0x09	0.1529	0.7416	-0.1761	0.6290	0.34	99.48	26.97
2026-06-05T14:55:57.6446372+08:00	0x02	0.6540	0.1979	-0.7301	-0.0095	163.51	273.95	16.06
2026-06-05T14:55:57.7837838+08:00	0x08	0.1211	-0.7217	-0.1616	-0.6621	2.44	94.43	336.82
2026-06-05T14:55:57.9758236+08:00	0x03	0.4922	-0.3299	-0.6571	-0.4660	140.43	311.27	296.84
2026-06-05T14:55:58.0153914+08:00	0x07	0.3448	-0.6045	-0.3693	-0.6159	4.45	86.33	299.40
2026-06-05T14:55:58.0403207+08:00	0x09	0.1611	0.7424	-0.1761	0.6260	1.21	100.01	27.60
2026-06-05T14:55:58.1610927+08:00	0x04	0.4473	0.3049	-0.3213	0.7770	330.08	24.26	63.00
2026-06-05T14:55:58.2612325+08:00	0x08	0.1411	-0.7261	-0.1921	-0.6449	2.77	96.11	332.55
2026-06-05T14:55:58.5031637+08:00	0x06	-0.5761	-0.0603	0.8114	-0.0779	183.33	289.57	10.81
2026-06-05T14:55:58.5869829+08:00	0x07	0.4027	-0.5828	-0.4134	-0.5720	0.60	90.66	289.50
2026-06-05T14:55:58.6454732+08:00	0x09	0.1446	0.7114	-0.1415	0.6731	0.95	93.37	23.32
2026-06-05T14:55:58.6962888+08:00	0x03	0.4451	-0.3746	-0.6841	-0.4400	141.05	319.16	295.29
2026-06-05T14:55:58.7786674+08:00	0x08	0.0884	-0.7406	-0.1629	-0.6459	4.88	96.92	339.18
2026-06-05T14:55:59.0330361+08:00	0x03	0.4709	-0.3603	-0.6871	-0.4198	148.51	310.73	297.06
2026-06-05T14:55:59.0609605+08:00	0x06	-0.5808	-0.0750	0.8044	-0.0999	184.34	288.85	13.69
2026-06-05T14:55:59.1295853+08:00	0x07	0.5768	-0.4593	-0.5310	-0.4176	200.64	249.13	284.18
2026-06-05T14:55:59.1624128+08:00	0x09	0.1515	0.7096	-0.1388	0.6740	1.75	93.32	23.65
2026-06-05T14:55:59.1793687+08:00	0x04	0.4131	0.2974	-0.3957	0.7644	313.88	14.85	60.10
2026-06-05T14:55:59.3157565+08:00	0x02	0.6501	0.0840	-0.7543	-0.0363	170.53	278.10	4.57
2026-06-05T14:55:59.5646636+08:00	0x03	0.4754	-0.3523	-0.6893	-0.4179	149.07	309.70	297.98
2026-06-05T14:55:59.6611769+08:00	0x07	0.5951	-0.4221	-0.5697	-0.3782	191.31	259.77	291.38
2026-06-05T14:55:59.6973876+08:00	0x09	0.1641	0.7079	-0.1465	0.6712	2.26	93.56	25.32
2026-06-05T14:55:59.8240001+08:00	0x02	0.6507	0.0730	-0.7539	-0.0532	169.90	278.20	2.35
2026-06-05T14:55:59.8781161+08:00	0x08	-0.1282	-0.7384	0.0227	-0.6617	9.35	97.23	11.72
