timestamp	device	q0	q1	q2	q3	yaw	pitch	roll
2026-05-28T20:19:54.9646226+08:00	0x01	-0.3252	-0.5647	0.4031	-0.6426	341.99	72.00	60.83
2026-05-28T20:19:54.9646226+08:00	0x03	-0.3016	0.5352	0.6868	0.3885	120.75	0.34	284.19
2026-05-28T20:19:54.9646226+08:00	0x02	0.6597	0.2572	-0.7042	0.0523	162.87	269.83	25.55
2026-05-28T20:19:54.9646226+08:00	0x04	-0.4334	-0.2161	0.5389	-0.6892	274.47	342.32	56.14
2026-05-28T20:19:54.9646226+08:00	0x03	-0.3016	0.5352	0.6868	0.3885	120.75	0.34	284.19
2026-05-28T20:19:54.9975054+08:00	0x01	-0.3236	-0.5642	0.4022	-0.6444	341.85	71.75	60.56
2026-05-28T20:19:54.9975054+08:00	0x03	-0.3030	0.5343	0.6872	0.3879	121.45	359.56	284.21
2026-05-28T20:19:55.0305916+08:00	0x02	0.6594	0.2562	-0.7050	0.0507	162.86	269.95	25.34
2026-05-28T20:19:55.0305916+08:00	0x04	-0.4850	-0.1716	0.5355	-0.6697	265.43	328.39	56.45
2026-05-28T20:19:55.0630046+08:00	0x03	-0.3030	0.5343	0.6872	0.3879	121.45	359.56	284.21
2026-05-28T20:19:55.0970274+08:00	0x01	-0.3184	-0.5624	0.3947	-0.6531	342.05	71.19	59.30
2026-05-28T20:19:55.1302236+08:00	0x03	-0.2955	0.5486	0.6515	0.4327	95.63	21.87	283.93
2026-05-28T20:19:55.1302236+08:00	0x02	0.6503	0.2648	-0.7094	0.0603	163.10	270.89	27.01
2026-05-28T20:19:55.1302236+08:00	0x04	-0.5641	-0.1542	0.4986	-0.6398	253.92	310.86	61.13
2026-05-28T20:19:55.1631347+08:00	0x03	-0.3088	0.5324	0.5609	0.5538	58.36	45.09	290.08
2026-05-28T20:19:55.1972319+08:00	0x03	-0.3088	0.5324	0.5609	0.5538	58.36	45.09	290.08
2026-05-28T20:19:55.1982245+08:00	0x02	0.6335	0.2637	-0.7217	0.0914	166.54	273.86	29.76
2026-05-28T20:19:55.1982245+08:00	0x01	-0.3017	-0.5605	0.3862	-0.6676	341.14	69.79	56.70
2026-05-28T20:19:55.2299714+08:00	0x03	-0.3088	0.5324	0.5609	0.5538	58.36	45.09	290.08
2026-05-28T20:19:55.2636093+08:00	0x04	-0.6093	-0.2226	0.5227	-0.5531	226.73	292.06	65.06
2026-05-28T20:19:55.2972530+08:00	0x02	0.6045	0.2673	-0.7366	0.1432	172.17	278.81	34.53
2026-05-28T20:19:55.2972530+08:00	0x03	-0.3505	0.4873	0.4662	0.6499	39.59	47.66	294.50
2026-05-28T20:19:55.2972530+08:00	0x01	-0.2656	-0.5632	0.3779	-0.6852	339.12	68.54	52.15
2026-05-28T20:19:55.3310262+08:00	0x03	-0.3505	0.4873	0.4662	0.6499	39.59	47.66	294.50
2026-05-28T20:19:55.3637106+08:00	0x04	-0.5829	-0.2910	0.6268	-0.4274	202.90	287.41	59.66
2026-05-28T20:19:55.3637106+08:00	0x01	-0.2210	-0.5620	0.3743	-0.7037	335.89	66.61	47.03
2026-05-28T20:19:55.3972720+08:00	0x02	0.5707	0.2659	-0.7510	0.1992	179.68	285.43	38.81
2026-05-28T20:19:55.3972720+08:00	0x03	-0.3495	0.4897	0.3951	0.6942	24.95	55.63	299.28
2026-05-28T20:19:55.4303795+08:00	0x03	-0.3495	0.4897	0.3951	0.6942	24.95	55.63	299.28
2026-05-28T20:19:55.4632306+08:00	0x04	-0.5840	-0.2891	0.6240	-0.4314	203.54	287.47	59.83
2026-05-28T20:19:55.4632306+08:00	0x01	-0.1823	-0.5543	0.3870	-0.7140	331.06	63.87	43.57
2026-05-28T20:19:55.4969049+08:00	0x02	0.5315	0.2651	-0.7636	0.2533	188.18	293.50	42.38
2026-05-28T20:19:55.4969049+08:00	0x03	-0.3190	0.5070	0.3908	0.6989	24.41	58.42	302.63
2026-05-28T20:19:55.4969049+08:00	0x04	-0.5099	-0.2933	0.7380	-0.3308	197.25	298.88	50.37
2026-05-28T20:19:55.5634226+08:00	0x03	-0.3190	0.5070	0.3908	0.6989	24.41	58.42	302.63
2026-05-28T20:19:55.5634226+08:00	0x01	-0.1449	-0.5472	0.4019	-0.7197	326.52	61.85	40.43
2026-05-28T20:19:55.6318460+08:00	0x02	0.4944	0.2677	-0.7704	0.3007	196.38	301.48	45.22
2026-05-28T20:19:55.6318460+08:00	0x03	-0.2468	0.5102	0.3905	0.7254	28.77	56.86	310.83
2026-05-28T20:19:55.6318460+08:00	0x04	-0.4104	-0.2519	0.8050	-0.3465	209.02	317.80	43.63
2026-05-28T20:19:55.6640969+08:00	0x03	-0.2468	0.5102	0.3905	0.7254	28.77	56.86	310.83
2026-05-28T20:19:55.6640969+08:00	0x01	-0.1094	-0.5450	0.4063	-0.7252	323.95	61.43	36.98
2026-05-28T20:19:55.6974674+08:00	0x02	0.4662	0.2702	-0.7709	0.3396	203.55	308.07	47.16
2026-05-28T20:19:55.6974674+08:00	0x03	-0.2055	0.4974	0.3953	0.7444	32.49	53.95	315.64
2026-05-28T20:19:55.7300771+08:00	0x04	-0.3846	-0.2638	0.7966	-0.3847	215.98	324.05	45.74
2026-05-28T20:19:55.7631068+08:00	0x03	-0.1889	0.4912	0.3972	0.7518	33.88	52.85	317.59
2026-05-28T20:19:55.7631068+08:00	0x01	-0.0883	-0.5414	0.4087	-0.7294	322.41	60.98	34.85
2026-05-28T20:19:55.7991245+08:00	0x02	0.4468	0.2768	-0.7687	0.3645	208.32	312.69	48.69
2026-05-28T20:19:55.8310431+08:00	0x03	-0.1889	0.4912	0.3972	0.7518	33.88	52.85	317.59
2026-05-28T20:19:55.8310431+08:00	0x04	-0.3691	-0.2812	0.7788	-0.4222	222.83	329.35	48.55
2026-05-28T20:19:55.8636098+08:00	0x03	-0.1870	0.4896	0.3975	0.7532	34.10	52.58	317.86
2026-05-28T20:19:55.8974083+08:00	0x01	-0.0750	-0.5405	0.4076	-0.7322	321.83	61.02	33.40
2026-05-28T20:19:55.8974083+08:00	0x02	0.4364	0.2837	-0.7649	0.3793	211.11	315.35	49.92
2026-05-28T20:19:55.9307426+08:00	0x03	-0.1870	0.4896	0.3975	0.7532	34.10	52.58	317.86
2026-05-28T20:19:55.9307426+08:00	0x04	-0.3552	-0.3017	0.7566	-0.4587	230.39	335.27	51.48
2026-05-28T20:19:55.9969040+08:00	0x03	-0.1911	0.4889	0.3973	0.7527	33.93	52.46	317.45
2026-05-28T20:19:55.9969040+08:00	0x01	-0.0666	-0.5416	0.4057	-0.7332	321.70	61.35	32.49
2026-05-28T20:19:55.9969040+08:00	0x02	0.4286	0.2927	-0.7601	0.3910	213.30	317.49	51.28
2026-05-28T20:19:56.0327228+08:00	0x04	-0.3442	-0.3124	0.7345	-0.4944	238.27	340.88	53.06
2026-05-28T20:19:56.0327228+08:00	0x03	-0.1911	0.4889	0.3973	0.7527	33.93	52.46	317.45
2026-05-28T20:19:56.0975361+08:00	0x01	-0.0648	-0.5405	0.4066	-0.7337	321.45	61.18	32.32
2026-05-28T20:19:56.0975361+08:00	0x03	-0.1890	0.4893	0.3969	0.7532	33.94	52.55	317.69
2026-05-28T20:19:56.0975361+08:00	0x02	0.4230	0.2985	-0.7571	0.3984	214.82	319.04	52.09
2026-05-28T20:19:56.1306160+08:00	0x04	-0.3334	-0.3233	0.7127	-0.5257	245.95	346.61	54.23
2026-05-28T20:19:56.1306160+08:00	0x03	-0.1890	0.4893	0.3969	0.7532	33.94	52.55	317.69
2026-05-28T20:19:56.1630844+08:00	0x02	0.4181	0.3038	-0.7543	0.4049	216.21	320.46	52.84
2026-05-28T20:19:56.1973742+08:00	0x01	-0.0622	-0.5408	0.4069	-0.7336	321.30	61.26	32.10
2026-05-28T20:19:56.1973742+08:00	0x03	-0.1881	0.4913	0.3966	0.7523	33.83	52.88	317.73
2026-05-28T20:19:56.2632839+08:00	0x01	-0.0608	-0.5413	0.4081	-0.7326	321.10	61.33	32.07
2026-05-28T20:19:56.2632839+08:00	0x04	-0.3241	-0.3334	0.6908	-0.5537	253.31	352.12	55.03
2026-05-28T20:19:56.2632839+08:00	0x02	0.4137	0.3091	-0.7511	0.4113	217.58	321.80	53.58
2026-05-28T20:19:56.2975381+08:00	0x03	-0.1876	0.4938	0.3948	0.7517	33.45	53.37	317.78
2026-05-28T20:19:56.3307569+08:00	0x04	-0.3143	-0.3438	0.6685	-0.5798	260.73	357.83	55.50
2026-05-28T20:19:56.3634611+08:00	0x01	-0.0610	-0.5414	0.4100	-0.7315	320.88	61.29	32.22
2026-05-28T20:19:56.3634611+08:00	0x03	-0.1877	0.4957	0.3925	0.7517	33.02	53.76	317.83
2026-05-28T20:19:56.3634611+08:00	0x02	0.4101	0.3134	-0.7481	0.4171	218.85	323.00	54.20
2026-05-28T20:19:56.3970686+08:00	0x03	-0.1877	0.4957	0.3925	0.7517	33.02	53.76	317.83
2026-05-28T20:19:56.4640207+08:00	0x04	-0.3034	-0.3532	0.6459	-0.6050	268.14	3.58	55.42
2026-05-28T20:19:56.4640207+08:00	0x01	-0.0609	-0.5411	0.4111	-0.7310	320.73	61.23	32.27
2026-05-28T20:19:56.4640207+08:00	0x03	-0.1872	0.4961	0.3913	0.7522	32.87	53.87	317.94
2026-05-28T20:19:56.4640207+08:00	0x02	0.4065	0.3172	-0.7446	0.4239	220.36	324.31	54.78
2026-05-28T20:19:56.5312273+08:00	0x04	-0.2916	-0.3605	0.6235	-0.6295	275.21	9.00	54.75
2026-05-28T20:19:56.5312273+08:00	0x03	-0.1872	0.4961	0.3913	0.7522	32.87	53.87	317.94
2026-05-28T20:19:56.5626373+08:00	0x01	-0.0611	-0.5401	0.4112	-0.7318	320.68	61.06	32.25
2026-05-28T20:19:56.5636347+08:00	0x03	-0.1859	0.4953	0.3914	0.7529	32.99	53.75	318.11
2026-05-28T20:19:56.5971322+08:00	0x02	0.4036	0.3196	-0.7425	0.4285	221.45	325.30	55.13
2026-05-28T20:19:56.5971322+08:00	0x04	-0.2799	-0.3670	0.6015	-0.6521	281.70	13.90	53.76
2026-05-28T20:19:56.6306613+08:00	0x03	-0.1859	0.4953	0.3914	0.7529	32.99	53.75	318.11
2026-05-28T20:19:56.6634718+08:00	0x01	-0.0620	-0.5385	0.4123	-0.7323	320.54	60.78	32.33
2026-05-28T20:19:56.6969201+08:00	0x03	-0.1849	0.4944	0.3917	0.7536	33.11	53.60	318.24
2026-05-28T20:19:56.6969201+08:00	0x02	0.4013	0.3214	-0.7405	0.4329	222.46	326.16	55.43
2026-05-28T20:19:56.6969201+08:00	0x04	-0.2674	-0.3741	0.5792	-0.6731	287.79	18.57	52.50
2026-05-28T20:19:56.7302210+08:00	0x03	-0.1849	0.4944	0.3917	0.7536	33.11	53.60	318.24
2026-05-28T20:19:56.7635660+08:00	0x01	-0.0613	-0.5380	0.4122	-0.7328	320.49	60.72	32.23
2026-05-28T20:19:56.7971475+08:00	0x02	0.3990	0.3233	-0.7379	0.4380	223.64	327.11	55.75
2026-05-28T20:19:56.7971475+08:00	0x03	-0.1847	0.4938	0.3922	0.7538	33.24	53.47	318.26
2026-05-28T20:19:56.7971475+08:00	0x04	-0.2546	-0.3816	0.5571	-0.6922	293.40	22.90	51.05
2026-05-28T20:19:56.8300701+08:00	0x03	-0.1847	0.4938	0.3922	0.7538	33.24	53.47	318.26
2026-05-28T20:19:56.8637348+08:00	0x01	-0.0603	-0.5378	0.4116	-0.7332	320.51	60.73	32.09
2026-05-28T20:19:56.8971589+08:00	0x02	0.3969	0.3255	-0.7351	0.4430	224.79	328.04	56.11
2026-05-28T20:19:56.8971589+08:00	0x03	-0.1858	0.4931	0.3928	0.7537	33.30	53.34	318.14
2026-05-28T20:19:56.9301383+08:00	0x04	-0.2430	-0.3880	0.5351	-0.7100	298.43	26.61	49.49
2026-05-28T20:19:56.9637174+08:00	0x03	-0.1858	0.4931	0.3928	0.7537	33.30	53.34	318.14
2026-05-28T20:19:56.9637174+08:00	0x01	-0.0593	-0.5377	0.4108	-0.7339	320.57	60.75	31.93
2026-05-28T20:19:56.9969248+08:00	0x02	0.3941	0.3286	-0.7326	0.4473	225.92	329.10	56.51
2026-05-28T20:19:56.9979218+08:00	0x03	-0.1863	0.4928	0.3932	0.7535	33.36	53.27	318.06
2026-05-28T20:19:57.0304976+08:00	0x04	-0.2316	-0.3935	0.5142	-0.7261	302.82	29.75	47.80
2026-05-28T20:19:57.0639544+08:00	0x02	0.3917	0.3311	-0.7308	0.4505	226.79	329.95	56.80
2026-05-28T20:19:57.0639544+08:00	0x03	-0.1868	0.4923	0.3938	0.7534	33.44	53.16	317.99
2026-05-28T20:19:57.0639544+08:00	0x01	-0.0584	-0.5376	0.4102	-0.7344	320.59	60.76	31.79
2026-05-28T20:19:57.0974309+08:00	0x03	-0.1868	0.4923	0.3938	0.7534	33.44	53.16	317.99
2026-05-28T20:19:57.1303550+08:00	0x04	-0.2204	-0.3985	0.4940	-0.7406	306.71	32.47	46.08
2026-05-28T20:19:57.1629717+08:00	0x02	0.3900	0.3328	-0.7290	0.4536	227.58	330.64	57.04
2026-05-28T20:19:57.1639408+08:00	0x03	-0.1875	0.4920	0.3945	0.7531	33.52	53.09	317.89
2026-05-28T20:19:57.1639408+08:00	0x01	-0.0580	-0.5373	0.4101	-0.7346	320.56	60.73	31.74
2026-05-28T20:19:57.2302138+08:00	0x03	-0.1875	0.4920	0.3945	0.7531	33.52	53.09	317.89
2026-05-28T20:19:57.2302138+08:00	0x04	-0.2099	-0.4032	0.4743	-0.7539	310.23	34.87	44.34
2026-05-28T20:19:57.2302138+08:00	0x01	-0.0576	-0.5371	0.4101	-0.7349	320.54	60.70	31.67
2026-05-28T20:19:57.2630996+08:00	0x02	0.3888	0.3332	-0.7277	0.4562	228.23	331.16	57.12
2026-05-28T20:19:57.2630996+08:00	0x03	-0.1881	0.4918	0.3949	0.7528	33.57	53.04	317.80
2026-05-28T20:19:57.3305039+08:00	0x03	-0.1881	0.4918	0.3949	0.7528	33.57	53.04	317.80
2026-05-28T20:19:57.3305039+08:00	0x04	-0.1990	-0.4076	0.4555	-0.7660	313.36	36.98	42.55
2026-05-28T20:19:57.3305039+08:00	0x01	-0.0573	-0.5364	0.4102	-0.7353	320.49	60.61	31.62
2026-05-28T20:19:57.3639376+08:00	0x02	0.3877	0.3339	-0.7272	0.4576	228.63	331.54	57.18
2026-05-28T20:19:57.3977839+08:00	0x03	-0.1892	0.4910	0.3954	0.7528	33.64	52.88	317.69
2026-05-28T20:19:57.4303425+08:00	0x04	-0.1886	-0.4115	0.4374	-0.7770	316.16	38.80	40.78
2026-05-28T20:19:57.4637590+08:00	0x03	-0.1892	0.4910	0.3954	0.7528	33.64	52.88	317.69
2026-05-28T20:19:57.4637590+08:00	0x01	-0.0569	-0.5362	0.4098	-0.7357	320.50	60.59	31.56
2026-05-28T20:19:57.4637590+08:00	0x02	0.3865	0.3353	-0.7257	0.4599	229.23	332.07	57.37
2026-05-28T20:19:57.4976787+08:00	0x03	-0.1902	0.4903	0.3958	0.7528	33.68	52.75	317.58
2026-05-28T20:19:57.4976787+08:00	0x04	-0.1791	-0.4149	0.4205	-0.7868	318.62	40.33	39.11
2026-05-28T20:19:57.5296271+08:00	0x03	-0.1902	0.4903	0.3958	0.7528	33.68	52.75	317.58
2026-05-28T20:19:57.5637237+08:00	0x01	-0.0570	-0.5357	0.4093	-0.7364	320.56	60.53	31.50
2026-05-28T20:19:57.5637237+08:00	0x02	0.3855	0.3365	-0.7240	0.4626	229.91	332.61	57.56
2026-05-28T20:19:57.5974246+08:00	0x04	-0.1705	-0.4178	0.4038	-0.7958	320.92	41.66	37.51
2026-05-28T20:19:57.6632485+08:00	0x03	-0.1916	0.4900	0.3963	0.7525	33.70	52.67	317.41
2026-05-28T20:19:57.6632485+08:00	0x01	-0.0574	-0.5352	0.4087	-0.7370	320.63	60.46	31.47
2026-05-28T20:19:57.6632485+08:00	0x02	0.3849	0.3374	-0.7226	0.4646	230.40	332.97	57.71
2026-05-28T20:19:57.6976764+08:00	0x04	-0.1623	-0.4198	0.3881	-0.8043	322.94	42.72	35.93
2026-05-28T20:19:57.7635356+08:00	0x01	-0.0569	-0.5355	0.4081	-0.7372	320.69	60.52	31.39
2026-05-28T20:19:57.7635356+08:00	0x03	-0.1920	0.4893	0.3971	0.7523	33.84	52.53	317.35
2026-05-28T20:19:57.7635356+08:00	0x02	0.3839	0.3387	-0.7219	0.4655	230.71	333.33	57.84
2026-05-28T20:19:57.7971194+08:00	0x04	-0.1545	-0.4212	0.3728	-0.8122	324.81	43.61	34.41
2026-05-28T20:19:57.7971194+08:00	0x03	-0.1920	0.4893	0.3971	0.7523	33.84	52.53	317.35
2026-05-28T20:19:57.8638709+08:00	0x01	-0.0570	-0.5355	0.4082	-0.7371	320.68	60.52	31.41
2026-05-28T20:19:57.8638709+08:00	0x03	-0.1919	0.4888	0.3981	0.7522	34.01	52.41	317.32
2026-05-28T20:19:57.8638709+08:00	0x02	0.3835	0.3395	-0.7219	0.4652	230.70	333.41	57.90
2026-05-28T20:19:57.8970211+08:00	0x04	-0.1472	-0.4230	0.3582	-0.8192	326.55	44.46	32.97
2026-05-28T20:19:57.9299471+08:00	0x03	-0.1919	0.4888	0.3981	0.7522	34.01	52.41	317.32
2026-05-28T20:19:57.9638410+08:00	0x01	-0.0575	-0.5357	0.4085	-0.7368	320.67	60.53	31.49
2026-05-28T20:19:57.9638410+08:00	0x03	-0.1920	0.4886	0.3982	0.7522	34.03	52.38	317.32
2026-05-28T20:19:57.9977826+08:00	0x02	0.3828	0.3410	-0.7218	0.4650	230.76	333.60	58.02
2026-05-28T20:19:57.9977826+08:00	0x04	-0.1388	-0.4261	0.3446	-0.8249	328.13	45.42	31.50
2026-05-28T20:19:58.0303277+08:00	0x03	-0.1920	0.4886	0.3982	0.7522	34.03	52.38	317.32
2026-05-28T20:19:58.0303277+08:00	0x02	0.3826	0.3419	-0.7207	0.4662	231.07	333.83	58.16
2026-05-28T20:19:58.0637447+08:00	0x01	-0.0576	-0.5359	0.4082	-0.7368	320.73	60.58	31.49
2026-05-28T20:19:58.0637447+08:00	0x03	-0.1931	0.4880	0.3975	0.7527	33.93	52.30	317.26
2026-05-28T20:19:58.1301623+08:00	0x04	-0.1323	-0.4272	0.3323	-0.8304	329.47	46.02	30.25
2026-05-28T20:19:58.1301623+08:00	0x03	-0.1931	0.4880	0.3975	0.7527	33.93	52.30	317.26
2026-05-28T20:19:58.1301623+08:00	0x02	0.3838	0.3407	-0.7204	0.4665	231.00	333.59	58.10
2026-05-28T20:19:58.1968381+08:00	0x03	-0.1928	0.4878	0.3975	0.7530	33.95	52.27	317.31
2026-05-28T20:19:58.2298901+08:00	0x04	-0.1258	-0.4281	0.3202	-0.8357	330.75	46.53	28.97
2026-05-28T20:19:58.2298901+08:00	0x01	-0.0584	-0.5355	0.4092	-0.7364	320.62	60.48	31.62
2026-05-28T20:19:58.2298901+08:00	0x03	-0.1927	0.4873	0.3979	0.7530	34.04	52.17	317.30
2026-05-28T20:19:58.2633534+08:00	0x02	0.3841	0.3402	-0.7211	0.4655	230.75	333.40	58.03
2026-05-28T20:19:58.2978090+08:00	0x03	-0.1927	0.4873	0.3979	0.7530	34.04	52.17	317.30
2026-05-28T20:19:58.3307501+08:00	0x04	-0.1198	-0.4291	0.3091	-0.8402	331.90	47.02	27.81
2026-05-28T20:19:58.3635054+08:00	0x03	-0.1925	0.4871	0.3979	0.7532	34.05	52.14	317.34
2026-05-28T20:19:58.3635054+08:00	0x02	0.3830	0.3403	-0.7214	0.4660	230.93	333.63	57.99
2026-05-28T20:19:58.3974526+08:00	0x03	-0.1925	0.4871	0.3979	0.7532	34.05	52.14	317.34
2026-05-28T20:19:58.4987011+08:00	0x04	-0.1141	-0.4299	0.2977	-0.8447	333.06	47.45	26.66
2026-05-28T20:19:58.4987011+08:00	0x02	0.3811	0.3423	-0.7202	0.4679	231.57	334.32	58.17
2026-05-28T20:19:58.4987011+08:00	0x03	-0.1926	0.4869	0.3985	0.7530	34.15	52.08	317.31
2026-05-28T20:19:58.4987011+08:00	0x04	-0.1089	-0.4307	0.2865	-0.8489	334.20	47.85	25.58
2026-05-28T20:19:58.4987011+08:00	0x03	-0.1926	0.4869	0.3985	0.7530	34.15	52.08	317.31
2026-05-28T20:19:58.5316258+08:00	0x01	-0.0547	-0.5363	0.4086	-0.7365	320.55	60.67	31.25
2026-05-28T20:19:58.5633389+08:00	0x02	0.3804	0.3422	-0.7201	0.4686	231.76	334.50	58.15
2026-05-28T20:19:58.5633389+08:00	0x03	-0.1927	0.4867	0.3993	0.7527	34.27	52.01	317.25
2026-05-28T20:19:58.5974654+08:00	0x04	-0.1044	-0.4311	0.2760	-0.8526	335.25	48.17	24.59
2026-05-28T20:19:58.7020153+08:00	0x03	-0.1927	0.4867	0.3993	0.7527	34.27	52.01	317.25
2026-05-28T20:19:58.7030075+08:00	0x01	-0.0542	-0.5359	0.4087	-0.7367	320.49	60.62	31.19
2026-05-28T20:19:58.7030075+08:00	0x02	0.3794	0.3425	-0.7202	0.4691	231.96	334.75	58.14
2026-05-28T20:19:58.7030075+08:00	0x03	-0.1928	0.4863	0.4000	0.7525	34.39	51.92	317.21
2026-05-28T20:19:58.7030075+08:00	0x04	-0.1002	-0.4311	0.2671	-0.8560	336.11	48.38	23.69
2026-05-28T20:19:58.7309690+08:00	0x03	-0.1928	0.4863	0.4000	0.7525	34.39	51.92	317.21
2026-05-28T20:19:58.7309690+08:00	0x01	-0.0544	-0.5356	0.4091	-0.7367	320.44	60.56	31.23
2026-05-28T20:19:58.7640235+08:00	0x02	0.3791	0.3428	-0.7199	0.4695	232.09	334.88	58.17
2026-05-28T20:19:58.7640235+08:00	0x03	-0.1925	0.4860	0.4004	0.7526	34.48	51.85	317.24
2026-05-28T20:19:58.7971190+08:00	0x04	-0.0956	-0.4317	0.2584	-0.8589	336.92	48.66	22.79
2026-05-28T20:19:58.8310984+08:00	0x03	-0.1926	0.4860	0.4007	0.7525	34.51	51.84	317.21
2026-05-28T20:19:58.8310984+08:00	0x01	-0.0546	-0.5357	0.4084	-0.7370	320.55	60.59	31.21
2026-05-28T20:19:58.9334141+08:00	0x02	0.3794	0.3436	-0.7189	0.4703	232.27	334.96	58.31
2026-05-28T20:19:58.9334141+08:00	0x02	0.3794	0.3436	-0.7189	0.4703	232.27	334.96	58.31
2026-05-28T20:19:58.9334141+08:00	0x03	-0.1926	0.4860	0.4007	0.7525	34.51	51.84	317.21
2026-05-28T20:19:58.9334141+08:00	0x04	-0.0916	-0.4322	0.2505	-0.8614	337.66	48.89	21.99
2026-05-28T20:19:58.9334141+08:00	0x02	0.3797	0.3437	-0.7180	0.4714	232.47	335.04	58.38
2026-05-28T20:19:58.9334141+08:00	0x03	-0.1926	0.4859	0.4006	0.7525	34.50	51.83	317.22
2026-05-28T20:19:58.9334141+08:00	0x01	-0.0551	-0.5357	0.4078	-0.7374	320.64	60.59	31.21
2026-05-28T20:19:58.9973537+08:00	0x03	-0.1926	0.4859	0.4006	0.7525	34.50	51.83	317.22
2026-05-28T20:19:58.9973537+08:00	0x04	-0.0875	-0.4327	0.2427	-0.8638	338.38	49.13	21.17
2026-05-28T20:19:58.9973537+08:00	0x01	-0.0548	-0.5353	0.4073	-0.7379	320.67	60.55	31.13
2026-05-28T20:19:59.0313102+08:00	0x02	0.3791	0.3438	-0.7177	0.4723	232.74	335.27	58.38
2026-05-28T20:19:59.1350187+08:00	0x03	-0.1931	0.4857	0.4007	0.7525	34.51	51.79	317.17
2026-05-28T20:19:59.1350187+08:00	0x03	-0.1931	0.4857	0.4007	0.7525	34.51	51.79	317.17
2026-05-28T20:19:59.1360146+08:00	0x04	-0.0830	-0.4338	0.2345	-0.8660	339.12	49.43	20.32
2026-05-28T20:19:59.1360146+08:00	0x01	-0.0548	-0.5346	0.4074	-0.7384	320.64	60.44	31.09
2026-05-28T20:19:59.1360146+08:00	0x02	0.3791	0.3431	-0.7179	0.4724	232.73	335.22	58.30
2026-05-28T20:19:59.1639410+08:00	0x03	-0.1943	0.4853	0.4007	0.7524	34.49	51.72	317.05
2026-05-28T20:19:59.1968897+08:00	0x03	-0.1943	0.4853	0.4007	0.7524	34.49	51.72	317.05
2026-05-28T20:19:59.2300404+08:00	0x04	-0.0796	-0.4361	0.2266	-0.8673	339.90	49.88	19.62
2026-05-28T20:19:59.2300404+08:00	0x01	-0.0558	-0.5343	0.4067	-0.7389	320.77	60.40	31.14
2026-05-28T20:19:59.2300404+08:00	0x02	0.3811	0.3429	-0.7174	0.4717	232.42	334.80	58.38
2026-05-28T20:19:59.2633122+08:00	0x03	-0.1969	0.4861	0.4006	0.7513	34.32	51.84	316.74
2026-05-28T20:19:59.3659047+08:00	0x04	-0.0782	-0.4417	0.2181	-0.8667	340.91	50.75	19.16
2026-05-28T20:19:59.3659047+08:00	0x03	-0.1969	0.4861	0.4006	0.7513	34.32	51.84	316.74
2026-05-28T20:19:59.3659047+08:00	0x02	0.3855	0.3440	-0.7163	0.4690	231.50	333.77	58.70
2026-05-28T20:19:59.3659047+08:00	0x04	-0.0878	-0.4548	0.2115	-0.8606	342.39	52.57	20.09
2026-05-28T20:19:59.3659047+08:00	0x03	-0.2036	0.4888	0.4003	0.7479	33.83	52.29	315.90
2026-05-28T20:19:59.4311214+08:00	0x01	-0.0672	-0.5409	0.4044	-0.7344	321.87	61.27	32.42
2026-05-28T20:19:59.4311214+08:00	0x03	-0.2152	0.5021	0.3961	0.7380	31.84	54.75	314.32
2026-05-28T20:19:59.4311214+08:00	0x02	0.3967	0.3481	-0.7144	0.4595	228.59	330.86	59.53
2026-05-28T20:19:59.4633995+08:00	0x04	-0.1059	-0.4864	0.2005	-0.8438	345.30	57.05	21.95
2026-05-28T20:19:59.4643971+08:00	0x03	-0.2152	0.5021	0.3961	0.7380	31.84	54.75	314.32
2026-05-28T20:19:59.5683470+08:00	0x01	-0.0909	-0.5537	0.4047	-0.7220	323.59	62.98	35.41
2026-05-28T20:19:59.5693352+08:00	0x03	-0.2433	0.5295	0.3923	0.7117	27.66	60.31	310.38
2026-05-28T20:19:59.5693352+08:00	0x02	0.4220	0.3603	-0.7085	0.4360	221.05	323.54	61.47
2026-05-28T20:19:59.5693352+08:00	0x04	-0.1153	-0.5339	0.1625	-0.8217	351.11	64.36	21.28
2026-05-28T20:19:59.5977366+08:00	0x03	-0.2433	0.5295	0.3923	0.7117	27.66	60.31	310.38
2026-05-28T20:19:59.6306487+08:00	0x01	-0.1347	-0.5705	0.4079	-0.7000	326.52	65.58	40.84
2026-05-28T20:19:59.6640473+08:00	0x03	-0.2919	0.5578	0.4032	0.6642	22.59	67.70	303.12
2026-05-28T20:19:59.6640473+08:00	0x02	0.4655	0.3674	-0.7030	0.3925	206.44	309.01	61.88
2026-05-28T20:19:59.6640473+08:00	0x04	-0.1097	-0.5753	0.0938	-0.8052	358.51	70.87	16.53
2026-05-28T20:19:59.6977242+08:00	0x03	-0.2919	0.5578	0.4032	0.6642	22.59	67.70	303.12
2026-05-28T20:19:59.7997871+08:00	0x01	-0.1922	-0.5842	0.4216	-0.6663	329.42	68.45	48.48
2026-05-28T20:19:59.7997871+08:00	0x03	-0.3422	0.5700	0.4364	0.6062	19.87	73.53	294.15
2026-05-28T20:19:59.7997871+08:00	0x02	0.5125	0.3645	-0.7027	0.3328	190.39	293.63	58.57
2026-05-28T20:19:59.7997871+08:00	0x04	-0.0807	-0.5954	-0.0074	-0.7993	6.24	73.74	6.90
2026-05-28T20:19:59.7997871+08:00	0x03	-0.3422	0.5700	0.4364	0.6062	19.87	73.53	294.15
2026-05-28T20:19:59.8309506+08:00	0x01	-0.2549	-0.5873	0.4434	-0.6274	331.69	70.56	57.20
2026-05-28T20:19:59.8640392+08:00	0x03	-0.3762	0.5596	0.4816	0.5598	25.04	71.05	286.21
2026-05-28T20:19:59.8640392+08:00	0x02	0.5686	0.3299	-0.7102	0.2518	178.47	281.94	49.02
2026-05-28T20:19:59.8970065+08:00	0x04	-0.0196	-0.5995	-0.1167	-0.7915	12.10	73.62	353.74
2026-05-28T20:19:59.8970065+08:00	0x01	-0.3237	-0.5734	0.4709	-0.5872	332.35	70.16	66.94
2026-05-28T20:19:59.8970065+08:00	0x03	-0.3762	0.5596	0.4816	0.5598	25.04	71.05	286.21
2026-05-28T20:19:59.9303972+08:00	0x02	0.6223	0.2732	-0.7164	0.1576	171.88	275.41	35.99
2026-05-28T20:20:00.0322151+08:00	0x03	-0.3981	0.5406	0.5215	0.5266	40.51	57.40	280.54
2026-05-28T20:20:00.0322151+08:00	0x04	-0.0033	-0.6008	-0.1687	-0.7814	15.84	73.52	348.61
2026-05-28T20:20:00.0322151+08:00	0x01	-0.3743	-0.5591	0.4949	-0.5499	331.34	68.86	74.80
2026-05-28T20:20:00.0322151+08:00	0x02	0.6208	0.2750	-0.7164	0.1604	172.04	275.56	36.38
2026-05-28T20:20:00.0322151+08:00	0x03	-0.4080	0.5341	0.5470	0.4990	58.04	41.97	277.45
2026-05-28T20:20:00.0631312+08:00	0x03	-0.4080	0.5341	0.5470	0.4990	58.04	41.97	277.45
2026-05-28T20:20:00.0978167+08:00	0x04	0.0153	-0.5989	-0.2038	-0.7743	17.97	72.97	344.47
2026-05-28T20:20:00.0978167+08:00	0x01	-0.4217	-0.5381	0.5250	-0.5069	319.85	57.58	83.01
2026-05-28T20:20:00.1309036+08:00	0x02	0.6591	0.2128	-0.7182	0.0675	168.48	272.54	23.24
2026-05-28T20:20:00.1309036+08:00	0x03	-0.4187	0.5253	0.5691	0.4742	89.13	12.46	275.73
2026-05-28T20:20:00.2317892+08:00	0x03	-0.4187	0.5253	0.5691	0.4742	89.13	12.46	275.73
2026-05-28T20:20:00.2317892+08:00	0x04	0.0301	-0.5990	-0.2268	-0.7674	19.21	72.78	341.47
2026-05-28T20:20:00.2317892+08:00	0x01	-0.4498	-0.5207	0.5428	-0.4815	276.39	13.98	86.86
2026-05-28T20:20:00.2317892+08:00	0x02	0.6832	0.1571	-0.7131	-0.0083	166.60	271.00	12.28
2026-05-28T20:20:00.2317892+08:00	0x03	-0.4258	0.5135	0.5824	0.4645	111.61	350.21	276.41
2026-05-28T20:20:00.2978014+08:00	0x03	-0.4258	0.5135	0.5824	0.4645	111.61	350.21	276.41
2026-05-28T20:20:00.2978014+08:00	0x04	0.0171	-0.6065	-0.2210	-0.7635	19.35	73.99	342.89
2026-05-28T20:20:00.2978014+08:00	0x01	-0.4528	-0.5138	0.5459	-0.4827	264.41	1.53	86.44
2026-05-28T20:20:00.3310648+08:00	0x02	0.6959	0.1215	-0.7045	-0.0684	164.56	270.11	4.36
2026-05-28T20:20:00.3310648+08:00	0x03	-0.4242	0.5123	0.5796	0.4709	105.90	355.41	276.64
2026-05-28T20:20:00.3637407+08:00	0x04	-0.0070	-0.6136	-0.1914	-0.7660	18.04	75.32	347.05
2026-05-28T20:20:00.4658375+08:00	0x03	-0.4242	0.5123	0.5796	0.4709	105.90	355.41	276.64
2026-05-28T20:20:00.4658375+08:00	0x01	-0.4482	-0.5125	0.5372	-0.4979	285.65	21.59	85.50
2026-05-28T20:20:00.4658375+08:00	0x02	0.7108	0.1100	-0.6840	-0.1215	161.17	268.01	358.73
2026-05-28T20:20:00.4658375+08:00	0x03	-0.4231	0.5147	0.5745	0.4755	99.25	1.71	276.44
2026-05-28T20:20:00.4658375+08:00	0x04	-0.0343	-0.6172	-0.1652	-0.7685	17.43	76.20	351.30
2026-05-28T20:20:00.4979796+08:00	0x03	-0.4231	0.5147	0.5745	0.4755	99.25	1.71	276.44
2026-05-28T20:20:00.4979796+08:00	0x01	-0.4451	-0.5132	0.5262	-0.5116	301.62	36.36	84.51
2026-05-28T20:20:00.5308536+08:00	0x02	0.7155	0.1249	-0.6784	-0.1107	160.80	266.85	0.63
2026-05-28T20:20:00.5635991+08:00	0x03	-0.4168	0.5175	0.5657	0.4883	84.11	16.13	276.99
2026-05-28T20:20:00.5635991+08:00	0x04	-0.0622	-0.6198	-0.1392	-0.7698	16.99	77.02	355.60
2026-05-28T20:20:00.6994799+08:00	0x03	-0.4124	0.5208	0.5567	0.4988	72.39	27.17	277.58
2026-05-28T20:20:00.6994799+08:00	0x01	-0.4428	-0.5152	0.5204	-0.5174	308.81	43.14	83.94
2026-05-28T20:20:00.6994799+08:00	0x02	0.7149	0.1187	-0.6816	-0.1009	162.10	267.11	1.01
2026-05-28T20:20:00.6994799+08:00	0x04	-0.0973	-0.6185	-0.1067	-0.7724	16.57	77.52	1.05
2026-05-28T20:20:00.6994799+08:00	0x03	-0.4124	0.5208	0.5567	0.4988	72.39	27.17	277.58
2026-05-28T20:20:00.7306515+08:00	0x03	-0.4050	0.5277	0.5461	0.5092	59.61	39.57	278.58
2026-05-28T20:20:00.7306515+08:00	0x01	-0.4407	-0.5160	0.5177	-0.5211	311.76	45.89	83.48
2026-05-28T20:20:00.7306515+08:00	0x02	0.7130	0.1161	-0.6859	-0.0882	163.34	267.50	1.92
2026-05-28T20:20:00.7634686+08:00	0x04	-0.1187	-0.6161	-0.0812	-0.7745	15.85	77.67	4.81
2026-05-28T20:20:00.7634686+08:00	0x03	-0.4050	0.5277	0.5461	0.5092	59.61	39.57	278.58
2026-05-28T20:20:00.7980942+08:00	0x02	0.7118	0.1221	-0.6874	-0.0766	163.76	267.52	3.37
2026-05-28T20:20:00.9007363+08:00	0x01	-0.4355	-0.5182	0.5119	-0.5290	316.96	50.73	82.40
2026-05-28T20:20:00.9017231+08:00	0x03	-0.4008	0.5310	0.5399	0.5157	53.84	45.05	279.34
2026-05-28T20:20:00.9017231+08:00	0x04	-0.1278	-0.6143	-0.0647	-0.7760	15.02	77.64	6.83
2026-05-28T20:20:00.9017231+08:00	0x03	-0.4008	0.5310	0.5399	0.5157	53.84	45.05	279.34
2026-05-28T20:20:00.9017231+08:00	0x02	0.7126	0.1233	-0.6868	-0.0723	164.00	267.35	3.80
2026-05-28T20:20:00.9306740+08:00	0x03	-0.4011	0.5305	0.5374	0.5185	52.62	45.92	279.54
2026-05-28T20:20:00.9974625+08:00	0x04	-0.1380	-0.6123	-0.0484	-0.7770	14.31	77.61	8.93
2026-05-28T20:20:00.9974625+08:00	0x03	-0.4011	0.5305	0.5374	0.5185	52.62	45.92	279.54
2026-05-28T20:20:00.9974625+08:00	0x02	0.7132	0.1317	-0.6849	-0.0696	163.49	267.01	4.65
2026-05-28T20:20:01.0307250+08:00	0x03	-0.3986	0.5322	0.5336	0.5226	49.83	48.50	280.07
2026-05-28T20:20:01.1326784+08:00	0x04	-0.1478	-0.6100	-0.0356	-0.7777	13.87	77.54	10.75
2026-05-28T20:20:01.1326784+08:00	0x01	-0.4245	-0.5208	0.4964	-0.5497	324.79	57.25	79.65
2026-05-28T20:20:01.1326784+08:00	0x03	-0.3986	0.5322	0.5336	0.5226	49.83	48.50	280.07
2026-05-28T20:20:01.1326784+08:00	0x02	0.7126	0.1451	-0.6828	-0.0701	162.30	266.68	5.64
2026-05-28T20:20:01.1640358+08:00	0x03	-0.3967	0.5336	0.5312	0.5251	48.03	50.21	280.42
2026-05-28T20:20:01.1982076+08:00	0x04	-0.1564	-0.6078	-0.0264	-0.7781	13.69	77.45	12.20
2026-05-28T20:20:01.1982076+08:00	0x01	-0.4252	-0.5175	0.4962	-0.5525	323.47	55.53	79.52
2026-05-28T20:20:01.1982076+08:00	0x03	-0.3957	0.5342	0.5307	0.5258	47.59	50.66	280.56
2026-05-28T20:20:01.1982076+08:00	0x02	0.7134	0.1405	-0.6828	-0.0714	162.59	266.70	5.16
2026-05-28T20:20:01.2636001+08:00	0x03	-0.3957	0.5342	0.5307	0.5258	47.59	50.66	280.56
2026-05-28T20:20:01.3652542+08:00	0x04	-0.1642	-0.6052	-0.0190	-0.7787	13.58	77.32	13.45
2026-05-28T20:20:01.3652542+08:00	0x01	-0.4240	-0.5197	0.4949	-0.5525	324.83	57.02	79.38
2026-05-28T20:20:01.3652542+08:00	0x03	-0.3956	0.5342	0.5318	0.5247	48.14	50.25	280.47
2026-05-28T20:20:01.3652542+08:00	0x02	0.7130	0.1390	-0.6842	-0.0649	163.24	266.81	5.61
2026-05-28T20:20:01.3652542+08:00	0x04	-0.1747	-0.6024	-0.0102	-0.7788	13.56	77.24	15.05
2026-05-28T20:20:01.3652542+08:00	0x03	-0.3956	0.5342	0.5318	0.5247	48.14	50.25	280.47
2026-05-28T20:20:01.3979423+08:00	0x01	-0.4221	-0.5210	0.4937	-0.5538	325.59	57.81	79.08
2026-05-28T20:20:01.4309095+08:00	0x03	-0.3945	0.5349	0.5319	0.5247	47.96	50.54	280.57
2026-05-28T20:20:01.4309095+08:00	0x02	0.7126	0.1381	-0.6850	-0.0627	163.49	266.91	5.73
2026-05-28T20:20:01.4309095+08:00	0x04	-0.1831	-0.5998	-0.0015	-0.7789	13.38	77.14	16.47
2026-05-28T20:20:01.4639752+08:00	0x03	-0.3945	0.5349	0.5319	0.5247	47.96	50.54	280.57
2026-05-28T20:20:01.4968791+08:00	0x01	-0.4199	-0.5208	0.4927	-0.5565	325.59	57.72	78.68
2026-05-28T20:20:01.5988308+08:00	0x02	0.7120	0.1379	-0.6856	-0.0630	163.49	267.00	5.71
2026-05-28T20:20:01.5988308+08:00	0x03	-0.3945	0.5350	0.5326	0.5240	48.21	50.37	280.51
2026-05-28T20:20:01.5988308+08:00	0x04	-0.1918	-0.5973	0.0090	-0.7787	13.08	77.07	18.02
2026-05-28T20:20:01.5988308+08:00	0x03	-0.3945	0.5350	0.5326	0.5240	48.21	50.37	280.51
2026-05-28T20:20:01.5988308+08:00	0x01	-0.4179	-0.5208	0.4916	-0.5590	325.67	57.71	78.30
2026-05-28T20:20:01.6327544+08:00	0x02	0.7119	0.1398	-0.6854	-0.0630	163.33	266.97	5.85
2026-05-28T20:20:01.6327544+08:00	0x03	-0.3948	0.5352	0.5328	0.5233	48.22	50.42	280.42
2026-05-28T20:20:01.6327544+08:00	0x03	-0.3948	0.5352	0.5328	0.5233	48.22	50.42	280.42
2026-05-28T20:20:01.6634200+08:00	0x04	-0.2007	-0.5951	0.0198	-0.7779	12.76	77.05	19.62
2026-05-28T20:20:01.6975781+08:00	0x03	-0.3948	0.5352	0.5328	0.5233	48.22	50.42	280.42
2026-05-28T20:20:01.6975781+08:00	0x01	-0.4167	-0.5190	0.4901	-0.5628	325.33	57.04	77.91
2026-05-28T20:20:01.8022608+08:00	0x02	0.7079	0.1573	-0.6864	-0.0543	162.53	267.01	8.00
2026-05-28T20:20:01.8032541+08:00	0x03	-0.3942	0.5360	0.5315	0.5242	47.32	51.27	280.56
2026-05-28T20:20:01.8032541+08:00	0x04	-0.2104	-0.5926	0.0323	-0.7769	12.35	77.01	21.42
2026-05-28T20:20:01.8032541+08:00	0x01	-0.4052	-0.5317	0.4726	-0.5743	333.56	64.99	75.45
2026-05-28T20:20:01.8032541+08:00	0x02	0.6901	0.2200	-0.6894	-0.0098	160.65	267.05	16.85
2026-05-28T20:20:01.8032541+08:00	0x03	-0.3924	0.5375	0.5292	0.5264	45.68	52.85	280.89
2026-05-28T20:20:01.8638218+08:00	0x03	-0.3924	0.5375	0.5292	0.5264	45.68	52.85	280.89
2026-05-28T20:20:01.8638218+08:00	0x04	-0.2171	-0.5907	0.0432	-0.7760	11.86	76.96	22.82
2026-05-28T20:20:01.8638218+08:00	0x01	-0.3992	-0.5410	0.4647	-0.5763	337.44	69.19	74.32
2026-05-28T20:20:01.8969500+08:00	0x02	0.6775	0.2391	-0.6953	0.0175	161.29	268.01	20.87
2026-05-28T20:20:01.8969500+08:00	0x03	-0.3920	0.5374	0.5283	0.5276	45.35	53.07	281.03
2026-05-28T20:20:02.0311895+08:00	0x03	-0.3920	0.5374	0.5283	0.5276	45.35	53.07	281.03
2026-05-28T20:20:02.0311895+08:00	0x04	-0.2211	-0.5890	0.0509	-0.7757	11.43	76.83	23.76
2026-05-28T20:20:02.0311895+08:00	0x02	0.6802	0.2107	-0.7018	0.0199	164.13	269.15	18.83
2026-05-28T20:20:02.0311895+08:00	0x03	-0.3937	0.5359	0.5298	0.5265	46.57	51.81	280.79
2026-05-28T20:20:02.0634425+08:00	0x03	-0.3937	0.5359	0.5298	0.5265	46.57	51.81	280.79
2026-05-28T20:20:02.0634425+08:00	0x01	-0.3947	-0.5148	0.4784	-0.5919	325.27	55.65	73.69
2026-05-28T20:20:02.0978497+08:00	0x04	-0.2271	-0.5864	0.0584	-0.7754	11.18	76.67	24.88
2026-05-28T20:20:02.0978497+08:00	0x02	0.7040	0.1212	-0.6997	0.0103	170.85	268.80	10.60
2026-05-28T20:20:02.1302481+08:00	0x03	-0.3929	0.5361	0.5294	0.5272	46.35	52.02	280.92
2026-05-28T20:20:02.1636680+08:00	0x04	-0.2337	-0.5837	0.0655	-0.7748	10.99	76.53	26.01
2026-05-28T20:20:02.2654506+08:00	0x03	-0.3929	0.5361	0.5294	0.5272	46.35	52.02	280.92
2026-05-28T20:20:02.2654506+08:00	0x01	-0.4175	-0.4804	0.4819	-0.6023	316.20	42.87	74.98
2026-05-28T20:20:02.2654506+08:00	0x02	0.7342	0.0477	-0.6769	0.0231	177.77	265.24	5.65
2026-05-28T20:20:02.2654506+08:00	0x03	-0.3931	0.5357	0.5293	0.5277	46.43	51.88	280.94
2026-05-28T20:20:02.2971241+08:00	0x04	-0.2404	-0.5816	0.0751	-0.7735	10.60	76.46	27.34
2026-05-28T20:20:02.2971241+08:00	0x01	-0.4430	-0.4539	0.4679	-0.6155	314.32	36.42	75.94
2026-05-28T20:20:02.2971241+08:00	0x02	0.7607	-0.0080	-0.6473	0.0478	184.25	260.93	3.58
2026-05-28T20:20:02.3307123+08:00	0x04	-0.2415	-0.5824	0.0815	-0.7719	10.13	76.60	27.89
2026-05-28T20:20:02.4690024+08:00	0x01	-0.4497	-0.4383	0.4433	-0.6397	319.53	37.49	74.56
2026-05-28T20:20:02.4699907+08:00	0x03	-0.3916	0.5367	0.5267	0.5303	44.93	53.22	281.28
2026-05-28T20:20:02.4699907+08:00	0x02	0.7774	-0.0191	-0.6245	0.0729	186.97	257.87	5.13
2026-05-28T20:20:02.4699907+08:00	0x04	-0.2395	-0.5844	0.0856	-0.7706	9.64	76.76	27.98
2026-05-28T20:20:02.4969189+08:00	0x01	-0.4369	-0.4257	0.4138	-0.6758	325.82	39.89	70.52
2026-05-28T20:20:02.4969189+08:00	0x03	-0.3973	0.5313	0.5258	0.5324	46.37	50.97	280.98
2026-05-28T20:20:02.4969189+08:00	0x02	0.7899	-0.0244	-0.6055	0.0938	188.81	255.47	6.81
2026-05-28T20:20:02.5302712+08:00	0x04	-0.2403	-0.5831	0.0895	-0.7709	9.30	76.56	28.35
2026-05-28T20:20:02.5637714+08:00	0x03	-0.3973	0.5313	0.5258	0.5324	46.37	50.97	280.98
2026-05-28T20:20:02.6655287+08:00	0x01	-0.4258	-0.4132	0.3882	-0.7052	329.80	40.44	67.12
2026-05-28T20:20:02.6655287+08:00	0x02	0.8054	-0.0394	-0.5809	0.1113	191.22	252.35	7.67
2026-05-28T20:20:02.6655287+08:00	0x03	-0.3975	0.5304	0.5272	0.5317	47.34	50.05	280.90
2026-05-28T20:20:02.6655287+08:00	0x04	-0.2465	-0.5790	0.0918	-0.7718	9.47	76.22	29.13
2026-05-28T20:20:02.6655287+08:00	0x03	-0.3975	0.5304	0.5272	0.5317	47.34	50.05	280.90
2026-05-28T20:20:02.6655287+08:00	0x02	0.8175	-0.0558	-0.5584	0.1295	193.80	249.71	8.59
2026-05-28T20:20:02.6975515+08:00	0x03	-0.3952	0.5304	0.5290	0.5317	48.25	49.38	281.07
2026-05-28T20:20:02.7645259+08:00	0x04	-0.2492	-0.5766	0.0934	-0.7725	9.46	75.98	29.52
2026-05-28T20:20:02.7645259+08:00	0x01	-0.4195	-0.3825	0.3509	-0.7448	333.35	37.76	63.28
2026-05-28T20:20:02.7645259+08:00	0x03	-0.3952	0.5304	0.5290	0.5317	48.25	49.38	281.07
2026-05-28T20:20:02.7645259+08:00	0x02	0.8213	-0.0674	-0.5462	0.1502	196.20	248.67	9.97
2026-05-28T20:20:02.8990294+08:00	0x03	-0.3965	0.5285	0.5328	0.5287	50.77	47.07	280.73
2026-05-28T20:20:02.8990294+08:00	0x03	-0.3965	0.5285	0.5328	0.5287	50.77	47.07	280.73
2026-05-28T20:20:02.8990294+08:00	0x04	-0.2508	-0.5753	0.0967	-0.7725	9.23	75.82	29.92
2026-05-28T20:20:02.8990294+08:00	0x01	-0.4128	-0.3789	0.3392	-0.7556	335.04	38.18	61.75
2026-05-28T20:20:02.8990294+08:00	0x03	-0.3965	0.5285	0.5328	0.5287	50.77	47.07	280.73
2026-05-28T20:20:02.8990294+08:00	0x02	0.8191	-0.0739	-0.5429	0.1699	198.16	248.90	11.43
2026-05-28T20:20:02.9304861+08:00	0x03	-0.3989	0.5266	0.5363	0.5253	53.40	44.59	280.28
2026-05-28T20:20:02.9643194+08:00	0x04	-0.2534	-0.5743	0.1010	-0.7719	9.02	75.76	30.47
2026-05-28T20:20:02.9643194+08:00	0x01	-0.4108	-0.3793	0.3349	-0.7584	335.85	38.69	61.30
2026-05-28T20:20:02.9643194+08:00	0x03	-0.3989	0.5266	0.5363	0.5253	53.40	44.59	280.28
2026-05-28T20:20:02.9971606+08:00	0x02	0.8161	-0.0774	-0.5428	0.1825	199.40	249.38	12.35
2026-05-28T20:20:03.0990308+08:00	0x03	-0.4019	0.5243	0.5389	0.5227	55.86	42.12	279.87
2026-05-28T20:20:03.0990308+08:00	0x04	-0.2578	-0.5725	0.1077	-0.7709	8.69	75.64	31.38
2026-05-28T20:20:03.0990308+08:00	0x01	-0.4120	-0.3802	0.3346	-0.7575	336.09	38.95	61.47
2026-05-28T20:20:03.0990308+08:00	0x02	0.8150	-0.0796	-0.5429	0.1862	199.88	249.54	12.54
2026-05-28T20:20:03.0990308+08:00	0x03	-0.4041	0.5230	0.5404	0.5206	57.49	40.50	279.56
2026-05-28T20:20:03.1306548+08:00	0x03	-0.4041	0.5230	0.5404	0.5206	57.49	40.50	279.56
2026-05-28T20:20:03.1635750+08:00	0x04	-0.2634	-0.5700	0.1160	-0.7696	8.31	75.48	32.53
2026-05-28T20:20:03.1635750+08:00	0x01	-0.4141	-0.3798	0.3363	-0.7558	335.78	38.73	61.81
2026-05-28T20:20:03.1975764+08:00	0x02	0.8156	-0.0779	-0.5429	0.1844	199.59	249.47	12.48
2026-05-28T20:20:03.1975764+08:00	0x03	-0.4051	0.5226	0.5409	0.5198	58.01	39.97	279.43
2026-05-28T20:20:03.3335888+08:00	0x03	-0.4051	0.5226	0.5409	0.5198	58.01	39.97	279.43
2026-05-28T20:20:03.3335888+08:00	0x04	-0.2701	-0.5671	0.1253	-0.7680	7.88	75.28	33.85
2026-05-28T20:20:03.3335888+08:00	0x02	0.8160	-0.0772	-0.5432	0.1821	199.36	249.42	12.32
2026-05-28T20:20:03.3335888+08:00	0x03	-0.4045	0.5229	0.5401	0.5208	57.41	40.52	279.54
2026-05-28T20:20:03.3335888+08:00	0x04	-0.2764	-0.5634	0.1358	-0.7667	7.25	74.92	35.23
2026-05-28T20:20:03.3635399+08:00	0x03	-0.4045	0.5229	0.5401	0.5208	57.41	40.52	279.54
2026-05-28T20:20:03.3635399+08:00	0x01	-0.4176	-0.3791	0.3421	-0.7516	334.67	38.00	62.51
2026-05-28T20:20:03.3974386+08:00	0x02	0.8153	-0.0768	-0.5439	0.1834	199.42	249.56	12.45
2026-05-28T20:20:03.3974386+08:00	0x03	-0.4025	0.5241	0.5384	0.5229	55.69	42.20	279.84
2026-05-28T20:20:03.4306028+08:00	0x04	-0.2803	-0.5611	0.1457	-0.7651	6.53	74.66	36.33
2026-05-28T20:20:03.4642689+08:00	0x03	-0.4025	0.5241	0.5384	0.5229	55.69	42.20	279.84
2026-05-28T20:20:03.4642689+08:00	0x01	-0.4176	-0.3784	0.3429	-0.7516	334.39	37.73	62.52
2026-05-28T20:20:03.5697377+08:00	0x02	0.8146	-0.0748	-0.5430	0.1895	199.67	249.66	13.15
2026-05-28T20:20:03.5697377+08:00	0x03	-0.4026	0.5237	0.5373	0.5243	55.23	42.49	279.93
2026-05-28T20:20:03.5697377+08:00	0x04	-0.2820	-0.5601	0.1542	-0.7635	5.79	74.48	37.11
2026-05-28T20:20:03.5707776+08:00	0x01	-0.4184	-0.3771	0.3429	-0.7518	334.26	37.47	62.58
2026-05-28T20:20:03.5707776+08:00	0x03	-0.4026	0.5237	0.5373	0.5243	55.23	42.49	279.93
2026-05-28T20:20:03.5976619+08:00	0x02	0.8157	-0.0742	-0.5411	0.1903	199.64	249.43	13.31
2026-05-28T20:20:03.6308850+08:00	0x03	-0.4038	0.5229	0.5369	0.5247	55.37	42.18	279.88
2026-05-28T20:20:03.6308850+08:00	0x01	-0.4186	-0.3769	0.3430	-0.7517	334.21	37.40	62.61
2026-05-28T20:20:03.6632643+08:00	0x02	0.8161	-0.0707	-0.5407	0.1915	199.38	249.40	13.66
2026-05-28T20:20:03.6632643+08:00	0x03	-0.4042	0.5228	0.5368	0.5246	55.43	42.10	279.83
2026-05-28T20:20:03.8000006+08:00	0x03	-0.4042	0.5228	0.5368	0.5246	55.43	42.10	279.83
2026-05-28T20:20:03.8000006+08:00	0x04	-0.2868	-0.5567	0.1641	-0.7621	5.06	74.05	38.31
2026-05-28T20:20:03.8000006+08:00	0x01	-0.4190	-0.3765	0.3441	-0.7512	333.95	37.20	62.70
2026-05-28T20:20:03.8000006+08:00	0x02	0.8165	-0.0692	-0.5403	0.1916	199.24	249.34	13.78
2026-05-28T20:20:03.8000006+08:00	0x03	-0.4058	0.5219	0.5380	0.5230	56.59	40.94	279.60
2026-05-28T20:20:03.8300235+08:00	0x03	-0.4058	0.5219	0.5380	0.5230	56.59	40.94	279.60
2026-05-28T20:20:03.8629363+08:00	0x01	-0.4186	-0.3750	0.3453	-0.7516	333.49	36.72	62.66
2026-05-28T20:20:03.8629363+08:00	0x04	-0.2903	-0.5555	0.1679	-0.7609	4.93	74.01	38.93
2026-05-28T20:20:03.8629363+08:00	0x02	0.8162	-0.0681	-0.5404	0.1927	199.22	249.39	13.94
2026-05-28T20:20:03.8974423+08:00	0x03	-0.4068	0.5221	0.5378	0.5222	56.53	40.99	279.45
2026-05-28T20:20:03.9979654+08:00	0x04	-0.2931	-0.5549	0.1711	-0.7595	4.85	74.04	39.43
2026-05-28T20:20:03.9979654+08:00	0x01	-0.4178	-0.3739	0.3470	-0.7518	332.95	36.25	62.59
2026-05-28T20:20:03.9979654+08:00	0x03	-0.4068	0.5221	0.5378	0.5222	56.53	40.99	279.45
2026-05-28T20:20:03.9979654+08:00	0x02	0.8162	-0.0679	-0.5405	0.1927	199.20	249.40	13.96
2026-05-28T20:20:03.9979654+08:00	0x03	-0.4084	0.5217	0.5381	0.5210	57.05	40.45	279.23
2026-05-28T20:20:04.0308765+08:00	0x04	-0.2962	-0.5538	0.1748	-0.7583	4.72	74.00	40.00
2026-05-28T20:20:04.0637893+08:00	0x01	-0.4191	-0.3731	0.3487	-0.7507	332.52	35.88	62.80
2026-05-28T20:20:04.0637893+08:00	0x03	-0.4084	0.5217	0.5381	0.5210	57.05	40.45	279.23
2026-05-28T20:20:04.0637893+08:00	0x02	0.8173	-0.0671	-0.5397	0.1906	198.96	249.20	13.83
2026-05-28T20:20:04.0975336+08:00	0x03	-0.4088	0.5216	0.5379	0.5210	56.97	40.49	279.19
2026-05-28T20:20:04.2350070+08:00	0x04	-0.2989	-0.5523	0.1790	-0.7574	4.46	73.85	40.58
2026-05-28T20:20:04.2350070+08:00	0x03	-0.4088	0.5216	0.5379	0.5210	56.97	40.49	279.19
2026-05-28T20:20:04.2350070+08:00	0x02	0.8181	-0.0661	-0.5388	0.1898	198.79	249.05	13.85
2026-05-28T20:20:04.2350070+08:00	0x04	-0.3005	-0.5504	0.1822	-0.7573	4.16	73.57	40.98
2026-05-28T20:20:04.2350070+08:00	0x03	-0.4086	0.5215	0.5378	0.5214	56.96	40.49	279.25
2026-05-28T20:20:04.2633041+08:00	0x01	-0.4221	-0.3724	0.3505	-0.7485	332.13	35.54	63.25
2026-05-28T20:20:04.2643016+08:00	0x03	-0.4067	0.5205	0.5395	0.5222	58.15	39.39	279.50
2026-05-28T20:20:04.2978323+08:00	0x02	0.8189	-0.0644	-0.5380	0.1895	198.59	248.90	13.95
2026-05-28T20:20:04.2978323+08:00	0x04	-0.2988	-0.5392	0.1725	-0.7683	4.28	71.69	40.17
2026-05-28T20:20:04.3304058+08:00	0x03	-0.4067	0.5205	0.5395	0.5222	58.15	39.39	279.50
2026-05-28T20:20:04.4356373+08:00	0x01	-0.4212	-0.3725	0.3506	-0.7489	332.11	35.54	63.14
2026-05-28T20:20:04.4356373+08:00	0x03	-0.3895	0.5164	0.5512	0.5271	63.52	35.18	281.51
2026-05-28T20:20:04.4366233+08:00	0x02	0.8191	-0.0595	-0.5384	0.1888	198.07	248.90	14.20
2026-05-28T20:20:04.4366233+08:00	0x04	-0.3126	-0.4860	0.1427	-0.8036	5.58	64.35	39.88
2026-05-28T20:20:04.4366233+08:00	0x01	-0.4216	-0.3721	0.3520	-0.7482	331.77	35.28	63.24
2026-05-28T20:20:04.4366233+08:00	0x03	-0.3895	0.5164	0.5512	0.5271	63.52	35.18	281.51
2026-05-28T20:20:04.4970331+08:00	0x03	-0.3292	0.5147	0.5701	0.5493	65.13	36.87	288.47
2026-05-28T20:20:04.4970331+08:00	0x02	0.8208	-0.0598	-0.5372	0.1847	197.79	248.58	13.83
2026-05-28T20:20:04.5310546+08:00	0x04	-0.3411	-0.3925	0.1168	-0.8462	5.41	51.84	41.98
2026-05-28T20:20:04.5310546+08:00	0x01	-0.4252	-0.3708	0.3566	-0.7447	330.68	34.43	63.86
2026-05-28T20:20:04.5633740+08:00	0x03	-0.3292	0.5147	0.5701	0.5493	65.13	36.87	288.47
2026-05-28T20:20:04.5633740+08:00	0x02	0.8202	-0.0605	-0.5397	0.1798	197.54	248.75	13.27
2026-05-28T20:20:04.6655722+08:00	0x03	-0.2542	0.5165	0.6078	0.5470	71.86	37.20	295.05
2026-05-28T20:20:04.6655722+08:00	0x04	-0.3735	-0.2886	0.1076	-0.8750	2.24	37.45	45.71
2026-05-28T20:20:04.6655722+08:00	0x01	-0.4273	-0.3696	0.3631	-0.7409	329.09	33.28	64.37
2026-05-28T20:20:04.6655722+08:00	0x02	0.8191	-0.0618	-0.5428	0.1750	197.37	249.01	12.68
2026-05-28T20:20:04.6655722+08:00	0x03	-0.2542	0.5165	0.6078	0.5470	71.86	37.20	295.05
2026-05-28T20:20:04.6978540+08:00	0x03	-0.1746	0.5362	0.6519	0.5069	79.35	40.97	298.81
2026-05-28T20:20:04.7303356+08:00	0x04	-0.3494	-0.2120	0.1148	-0.9054	355.31	24.51	42.95
2026-05-28T20:20:04.7313429+08:00	0x01	-0.4284	-0.3690	0.3687	-0.7378	327.73	32.37	64.72
2026-05-28T20:20:04.7635583+08:00	0x02	0.8174	-0.0604	-0.5458	0.1740	197.20	249.38	12.62
2026-05-28T20:20:04.7635583+08:00	0x03	-0.1746	0.5362	0.6519	0.5069	79.35	40.97	298.81
2026-05-28T20:20:04.8667175+08:00	0x03	-0.1361	0.5432	0.7115	0.4246	96.19	35.66	297.32
2026-05-28T20:20:04.8667175+08:00	0x01	-0.4277	-0.3699	0.3717	-0.7363	327.16	32.16	64.79
2026-05-28T20:20:04.8667175+08:00	0x04	-0.3076	-0.1536	0.1580	-0.9256	345.41	13.78	38.17
2026-05-28T20:20:04.8667175+08:00	0x02	0.8158	-0.0558	-0.5480	0.1759	196.94	249.73	13.05
2026-05-28T20:20:04.8667175+08:00	0x03	-0.1141	0.5453	0.7612	0.3320	115.89	26.40	295.05
2026-05-28T20:20:04.9310637+08:00	0x03	-0.1141	0.5453	0.7612	0.3320	115.89	26.40	295.05
2026-05-28T20:20:04.9310637+08:00	0x04	-0.2869	-0.1134	0.2043	-0.9290	337.30	6.59	35.41
2026-05-28T20:20:04.9638841+08:00	0x02	0.8152	-0.0476	-0.5481	0.1813	196.55	249.89	14.08
2026-05-28T20:20:04.9638841+08:00	0x03	-0.1114	0.5173	0.8083	0.2582	137.66	11.18	296.65
2026-05-28T20:20:05.0991372+08:00	0x03	-0.1114	0.5173	0.8083	0.2582	137.66	11.18	296.65
2026-05-28T20:20:05.0991372+08:00	0x04	-0.2791	-0.0866	0.2440	-0.9247	330.94	1.65	33.95
2026-05-28T20:20:05.0991372+08:00	0x01	-0.4209	-0.3780	0.3647	-0.7396	329.76	35.00	63.93
2026-05-28T20:20:05.0991372+08:00	0x02	0.8157	-0.0388	-0.5472	0.1838	195.89	249.80	14.91
2026-05-28T20:20:05.0991372+08:00	0x03	-0.0997	0.5248	0.8169	0.2178	144.69	8.69	295.74
2026-05-28T20:20:05.1307532+08:00	0x03	-0.0997	0.5248	0.8169	0.2178	144.69	8.69	295.74
2026-05-28T20:20:05.1307532+08:00	0x04	-0.2711	-0.0693	0.2627	-0.9234	327.96	359.02	32.49
2026-05-28T20:20:05.1639472+08:00	0x01	-0.4192	-0.3816	0.3617	-0.7401	330.87	36.21	63.71
2026-05-28T20:20:05.1639472+08:00	0x02	0.8158	-0.0345	-0.5474	0.1836	195.47	249.80	15.17
2026-05-28T20:20:05.1978602+08:00	0x03	-0.0957	0.5185	0.8269	0.1956	149.85	5.72	296.51
2026-05-28T20:20:05.1978602+08:00	0x04	-0.2711	-0.0543	0.2733	-0.9213	326.02	356.75	31.95
2026-05-28T20:20:05.2307923+08:00	0x03	-0.0957	0.5185	0.8269	0.1956	149.85	5.72	296.51
2026-05-28T20:20:05.3320044+08:00	0x01	-0.4168	-0.3849	0.3611	-0.7401	331.39	37.02	63.50
2026-05-28T20:20:05.3320044+08:00	0x02	0.8138	-0.0320	-0.5501	0.1844	195.34	250.20	15.36
2026-05-28T20:20:05.3330021+08:00	0x04	-0.2602	-0.0388	0.2858	-0.9215	324.16	354.88	30.11
2026-05-28T20:20:05.3330021+08:00	0x03	-0.0923	0.5162	0.8322	0.1802	153.02	4.13	296.82
2026-05-28T20:20:05.3634341+08:00	0x03	-0.0923	0.5162	0.8322	0.1802	153.02	4.13	296.82
2026-05-28T20:20:05.3634341+08:00	0x01	-0.4145	-0.3883	0.3614	-0.7395	331.73	37.75	63.34
2026-05-28T20:20:05.3634341+08:00	0x02	0.8125	-0.0287	-0.5525	0.1836	195.00	250.48	15.47
2026-05-28T20:20:05.3971414+08:00	0x04	-0.2472	-0.0227	0.3000	-0.9211	322.20	353.07	27.97
2026-05-28T20:20:05.3971414+08:00	0x03	-0.0865	0.5091	0.8404	0.1644	156.23	2.71	297.86
2026-05-28T20:20:05.4308622+08:00	0x01	-0.4130	-0.3915	0.3602	-0.7392	332.36	38.60	63.20
2026-05-28T20:20:05.4308622+08:00	0x02	0.8122	-0.0229	-0.5531	0.1842	194.51	250.54	15.90
2026-05-28T20:20:05.4641134+08:00	0x03	-0.0795	0.5009	0.8485	0.1511	158.67	1.93	299.07
2026-05-28T20:20:05.5643516+08:00	0x04	-0.2306	-0.0094	0.3133	-0.9212	320.60	351.90	25.51
2026-05-28T20:20:05.5653477+08:00	0x01	-0.4120	-0.3952	0.3571	-0.7393	333.49	39.81	63.06
2026-05-28T20:20:05.5653477+08:00	0x03	-0.0795	0.5009	0.8485	0.1511	158.67	1.93	299.07
2026-05-28T20:20:05.5653477+08:00	0x02	0.8128	-0.0181	-0.5524	0.1842	194.04	250.41	16.23
2026-05-28T20:20:05.5653477+08:00	0x03	-0.0735	0.4919	0.8564	0.1385	160.95	1.18	300.35
2026-05-28T20:20:05.5974540+08:00	0x01	-0.4120	-0.3986	0.3551	-0.7384	334.36	40.83	63.07
2026-05-28T20:20:05.6308427+08:00	0x03	-0.0735	0.4919	0.8564	0.1385	160.95	1.18	300.35
2026-05-28T20:20:05.6308427+08:00	0x04	-0.2272	0.0041	0.3268	-0.9174	318.64	350.13	24.46
2026-05-28T20:20:05.6637129+08:00	0x03	-0.0692	0.4879	0.8608	0.1269	162.93	0.52	300.95
2026-05-28T20:20:05.7657170+08:00	0x04	-0.2191	0.0125	0.3392	-0.9148	317.10	349.25	23.10
2026-05-28T20:20:05.7657170+08:00	0x01	-0.4120	-0.4009	0.3544	-0.7375	334.83	41.44	63.11
2026-05-28T20:20:05.7657170+08:00	0x03	-0.0692	0.4879	0.8608	0.1269	162.93	0.52	300.95
2026-05-28T20:20:05.7657170+08:00	0x02	0.8136	-0.0133	-0.5529	0.1794	193.24	250.28	16.09
2026-05-28T20:20:05.7657170+08:00	0x03	-0.0676	0.4842	0.8645	0.1170	164.81	359.60	301.47
2026-05-28T20:20:05.8311133+08:00	0x04	-0.2139	0.0175	0.3516	-0.9112	315.57	348.64	22.18
2026-05-28T20:20:05.8311133+08:00	0x01	-0.4123	-0.4020	0.3545	-0.7367	334.98	41.70	63.18
2026-05-28T20:20:05.8311133+08:00	0x03	-0.0676	0.4842	0.8645	0.1170	164.81	359.60	301.47
2026-05-28T20:20:05.8631290+08:00	0x02	0.8134	-0.0134	-0.5535	0.1783	193.17	250.33	15.97
2026-05-28T20:20:05.8971823+08:00	0x03	-0.0687	0.4812	0.8670	0.1097	166.39	358.53	301.84
2026-05-28T20:20:06.0012806+08:00	0x01	-0.4120	-0.4030	0.3543	-0.7364	335.14	41.94	63.18
2026-05-28T20:20:06.0012852+08:00	0x04	-0.2103	0.0205	0.3642	-0.9070	314.00	348.19	21.50
2026-05-28T20:20:06.0012852+08:00	0x04	-0.2103	0.0205	0.3642	-0.9070	314.00	348.19	21.50
2026-05-28T20:20:06.0012852+08:00	0x02	0.8126	-0.0123	-0.5543	0.1795	193.18	250.48	16.15
2026-05-28T20:20:06.0012852+08:00	0x03	-0.0687	0.4812	0.8670	0.1097	166.39	358.53	301.84
2026-05-28T20:20:06.0012852+08:00	0x03	-0.0705	0.4785	0.8690	0.1046	167.60	357.59	302.18
2026-05-28T20:20:06.0307294+08:00	0x04	-0.2080	0.0219	0.3766	-0.9025	312.44	347.87	21.03
2026-05-28T20:20:06.0307294+08:00	0x01	-0.4122	-0.4032	0.3544	-0.7362	335.16	41.98	63.21
2026-05-28T20:20:06.0638157+08:00	0x03	-0.0737	0.4771	0.8699	0.1014	168.56	356.63	302.33
2026-05-28T20:20:06.0638157+08:00	0x02	0.8130	-0.0117	-0.5540	0.1787	193.06	250.40	16.12
2026-05-28T20:20:06.0969689+08:00	0x03	-0.0737	0.4771	0.8699	0.1014	168.56	356.63	302.33
2026-05-28T20:20:06.1308262+08:00	0x04	-0.2063	0.0208	0.3880	-0.8980	311.03	347.81	20.76
2026-05-28T20:20:06.1308262+08:00	0x01	-0.4126	-0.4028	0.3538	-0.7364	335.24	41.97	63.22
2026-05-28T20:20:06.2360247+08:00	0x02	0.8139	-0.0121	-0.5528	0.1785	193.06	250.23	16.09
2026-05-28T20:20:06.2360247+08:00	0x03	-0.0784	0.4757	0.8704	0.1000	169.32	355.58	302.46
2026-05-28T20:20:06.2360247+08:00	0x04	-0.2062	0.0190	0.3994	-0.8931	309.57	347.74	20.69
2026-05-28T20:20:06.2360247+08:00	0x03	-0.0784	0.4757	0.8704	0.1000	169.32	355.58	302.46
2026-05-28T20:20:06.2360247+08:00	0x01	-0.4134	-0.4015	0.3536	-0.7368	335.14	41.71	63.27
2026-05-28T20:20:06.2639462+08:00	0x02	0.8143	-0.0127	-0.5523	0.1780	193.07	250.14	16.02
2026-05-28T20:20:06.2639462+08:00	0x03	-0.0832	0.4757	0.8700	0.0994	169.92	354.63	302.41
2026-05-28T20:20:06.2971483+08:00	0x04	-0.2072	0.0171	0.4105	-0.8878	308.09	347.62	20.73
2026-05-28T20:20:06.2971483+08:00	0x01	-0.4132	-0.4005	0.3540	-0.7373	334.91	41.42	63.23
2026-05-28T20:20:06.3307677+08:00	0x03	-0.0832	0.4757	0.8700	0.0994	169.92	354.63	302.41
2026-05-28T20:20:06.3636526+08:00	0x02	0.8142	-0.0146	-0.5522	0.1785	193.28	250.16	15.94
2026-05-28T20:20:06.3636526+08:00	0x03	-0.0878	0.4758	0.8695	0.0997	170.33	353.80	302.34
2026-05-28T20:20:06.4651243+08:00	0x04	-0.2092	0.0161	0.4215	-0.8822	306.60	347.35	20.83
2026-05-28T20:20:06.4651243+08:00	0x01	-0.4145	-0.3990	0.3546	-0.7370	334.65	41.05	63.38
2026-05-28T20:20:06.4651243+08:00	0x02	0.8142	-0.0174	-0.5518	0.1801	193.65	250.17	15.90
2026-05-28T20:20:06.4651243+08:00	0x03	-0.0878	0.4758	0.8695	0.0997	170.33	353.80	302.34
2026-05-28T20:20:06.4651243+08:00	0x03	-0.0920	0.4762	0.8687	0.1002	170.67	353.07	302.24
2026-05-28T20:20:06.4980406+08:00	0x04	-0.2086	0.0132	0.4313	-0.8776	305.35	347.45	20.78
2026-05-28T20:20:06.4980406+08:00	0x01	-0.4158	-0.3978	0.3551	-0.7368	334.43	40.73	63.52
2026-05-28T20:20:06.5303727+08:00	0x02	0.8143	-0.0207	-0.5513	0.1804	193.99	250.13	15.72
2026-05-28T20:20:06.5303727+08:00	0x03	-0.0920	0.4762	0.8687	0.1002	170.67	353.07	302.24
2026-05-28T20:20:06.6664021+08:00	0x03	-0.0966	0.4755	0.8685	0.1011	170.96	352.30	302.27
2026-05-28T20:20:06.6664021+08:00	0x04	-0.2096	0.0106	0.4402	-0.8730	304.15	347.44	20.90
2026-05-28T20:20:06.6664021+08:00	0x01	-0.4151	-0.3965	0.3555	-0.7376	334.12	40.36	63.42
2026-05-28T20:20:06.6664021+08:00	0x02	0.8140	-0.0208	-0.5517	0.1806	194.02	250.20	15.73
2026-05-28T20:20:06.6664021+08:00	0x03	-0.1013	0.4757	0.8678	0.1019	171.30	351.49	302.20
2026-05-28T20:20:06.6975523+08:00	0x04	-0.2096	0.0087	0.4487	-0.8687	303.04	347.43	20.88
2026-05-28T20:20:06.6975523+08:00	0x03	-0.1013	0.4757	0.8678	0.1019	171.30	351.49	302.20
2026-05-28T20:20:06.6975523+08:00	0x01	-0.4151	-0.3961	0.3560	-0.7376	333.96	40.20	63.43
2026-05-28T20:20:06.7305645+08:00	0x02	0.8138	-0.0208	-0.5519	0.1808	194.04	250.24	15.74
2026-05-28T20:20:06.7639840+08:00	0x03	-0.1048	0.4749	0.8678	0.1020	171.66	350.84	302.26
2026-05-28T20:20:06.7970064+08:00	0x04	-0.2099	0.0095	0.4565	-0.8646	301.97	347.15	20.75
2026-05-28T20:20:06.7970064+08:00	0x03	-0.1048	0.4749	0.8678	0.1020	171.66	350.84	302.26
2026-05-28T20:20:06.8981822+08:00	0x01	-0.4146	-0.3962	0.3559	-0.7379	333.99	40.25	63.36
2026-05-28T20:20:06.8981822+08:00	0x02	0.8138	-0.0199	-0.5519	0.1811	193.97	250.24	15.82
2026-05-28T20:20:06.8981822+08:00	0x03	-0.1062	0.4748	0.8677	0.1018	171.84	350.55	302.27
2026-05-28T20:20:06.8981822+08:00	0x04	-0.2087	0.0101	0.4643	-0.8607	300.95	346.97	20.48
2026-05-28T20:20:06.9297113+08:00	0x03	-0.1062	0.4748	0.8677	0.1018	171.84	350.55	302.27
2026-05-28T20:20:06.9307077+08:00	0x01	-0.4152	-0.3965	0.3555	-0.7376	334.12	40.36	63.43
2026-05-28T20:20:06.9307077+08:00	0x02	0.8140	-0.0192	-0.5516	0.1812	193.90	250.19	15.89
2026-05-28T20:20:06.9639819+08:00	0x03	-0.1074	0.4734	0.8684	0.1011	172.08	350.25	302.45
2026-05-28T20:20:07.1017594+08:00	0x04	-0.2088	0.0107	0.4712	-0.8569	300.00	346.74	20.35
2026-05-28T20:20:07.1017594+08:00	0x01	-0.4154	-0.3972	0.3555	-0.7371	334.23	40.53	63.47
2026-05-28T20:20:07.1017594+08:00	0x03	-0.1074	0.4734	0.8684	0.1011	172.08	350.25	302.45
2026-05-28T20:20:07.1017594+08:00	0x02	0.8139	-0.0174	-0.5520	0.1805	193.69	250.22	15.94
2026-05-28T20:20:07.1017594+08:00	0x03	-0.1091	0.4732	0.8683	0.1014	172.21	349.95	302.45
2026-05-28T20:20:07.1307357+08:00	0x04	-0.2100	0.0092	0.4771	-0.8533	299.16	346.67	20.47
2026-05-28T20:20:07.1307357+08:00	0x01	-0.4149	-0.3975	0.3561	-0.7369	334.12	40.51	63.46
2026-05-28T20:20:07.1307357+08:00	0x03	-0.1091	0.4732	0.8683	0.1014	172.21	349.95	302.45
2026-05-28T20:20:07.1637290+08:00	0x02	0.8132	-0.0159	-0.5531	0.1804	193.56	250.36	16.01
2026-05-28T20:20:07.1637290+08:00	0x04	-0.2143	0.0050	0.4846	-0.8481	298.01	346.61	21.01
2026-05-28T20:20:07.1637290+08:00	0x01	-0.4149	-0.3977	0.3562	-0.7367	334.13	40.55	63.47
2026-05-28T20:20:07.1976256+08:00	0x03	-0.1132	0.4729	0.8679	0.1018	172.53	349.24	302.45
2026-05-28T20:20:07.2989646+08:00	0x03	-0.1205	0.4729	0.8669	0.1019	173.28	347.87	302.39
2026-05-28T20:20:07.2989646+08:00	0x02	0.8131	-0.0146	-0.5530	0.1810	193.49	250.37	16.16
2026-05-28T20:20:07.2989646+08:00	0x04	-0.2200	-0.0025	0.4934	-0.8415	296.65	346.74	21.89
2026-05-28T20:20:07.2989646+08:00	0x01	-0.4153	-0.3978	0.3553	-0.7369	334.35	40.69	63.47
2026-05-28T20:20:07.2989646+08:00	0x03	-0.1205	0.4728	0.8667	0.1032	173.02	348.02	302.38
2026-05-28T20:20:07.2989646+08:00	0x02	0.8136	-0.0126	-0.5523	0.1812	193.29	250.25	16.32
2026-05-28T20:20:07.3309207+08:00	0x03	-0.1295	0.4742	0.8641	0.1080	173.09	346.79	302.06
2026-05-28T20:20:07.3977712+08:00	0x04	-0.2258	-0.0127	0.5000	-0.8360	295.61	347.16	22.97
2026-05-28T20:20:07.3977712+08:00	0x01	-0.4159	-0.3980	0.3549	-0.7366	334.50	40.81	63.55
2026-05-28T20:20:07.3977712+08:00	0x03	-0.1295	0.4742	0.8641	0.1080	173.09	346.79	302.06
2026-05-28T20:20:07.3977712+08:00	0x02	0.8135	-0.0110	-0.5526	0.1807	193.10	250.27	16.37
2026-05-28T20:20:07.5322874+08:00	0x03	-0.1407	0.4744	0.8614	0.1145	173.06	345.32	301.84
2026-05-28T20:20:07.5322874+08:00	0x04	-0.2350	-0.0262	0.5052	-0.8300	294.64	347.68	24.62
2026-05-28T20:20:07.5322874+08:00	0x01	-0.4169	-0.3983	0.3560	-0.7354	334.37	40.79	63.74
2026-05-28T20:20:07.5322874+08:00	0x03	-0.1407	0.4744	0.8614	0.1145	173.06	345.32	301.84
2026-05-28T20:20:07.5322874+08:00	0x02	0.8129	-0.0095	-0.5540	0.1794	192.89	250.41	16.33
2026-05-28T20:20:07.5632044+08:00	0x03	-0.1561	0.4753	0.8571	0.1228	173.16	343.20	301.46
2026-05-28T20:20:07.5973002+08:00	0x04	-0.2508	-0.0458	0.5096	-0.8218	293.54	348.29	27.31
2026-05-28T20:20:07.5973002+08:00	0x01	-0.4167	-0.3989	0.3574	-0.7345	334.14	40.75	63.80
2026-05-28T20:20:07.6322644+08:00	0x03	-0.1561	0.4753	0.8571	0.1228	173.16	343.20	301.46
2026-05-28T20:20:07.6332619+08:00	0x02	0.8119	-0.0069	-0.5557	0.1788	192.65	250.62	16.42
2026-05-28T20:20:07.7321511+08:00	0x03	-0.1781	0.4790	0.8490	0.1346	173.46	340.03	300.55
2026-05-28T20:20:07.7331487+08:00	0x04	-0.2662	-0.0728	0.5136	-0.8124	292.56	349.63	30.49
2026-05-28T20:20:07.7331487+08:00	0x02	0.8109	-0.0042	-0.5569	0.1799	192.49	250.80	16.69
2026-05-28T20:20:07.7331487+08:00	0x03	-0.1781	0.4790	0.8490	0.1346	173.46	340.03	300.55
2026-05-28T20:20:07.7637902+08:00	0x03	-0.2060	0.4769	0.8415	0.1481	173.99	335.95	300.26
2026-05-28T20:20:07.7970295+08:00	0x04	-0.2861	-0.1033	0.5142	-0.8019	291.88	351.03	34.41
2026-05-28T20:20:07.8308407+08:00	0x02	0.8063	0.0039	-0.5622	0.1840	192.15	251.65	17.52
2026-05-28T20:20:07.8308407+08:00	0x03	-0.2060	0.4769	0.8415	0.1481	173.99	335.95	300.26
2026-05-28T20:20:07.9646152+08:00	0x04	-0.3139	-0.1416	0.5096	-0.7885	291.64	352.78	39.74
2026-05-28T20:20:07.9646152+08:00	0x01	-0.4130	-0.4089	0.3634	-0.7281	334.13	42.31	63.98
2026-05-28T20:20:07.9646152+08:00	0x02	0.7945	0.0220	-0.5780	0.1847	190.86	253.86	18.60
2026-05-28T20:20:07.9646152+08:00	0x03	-0.2717	0.4738	0.8131	0.2013	171.54	328.10	298.37
2026-05-28T20:20:07.9973152+08:00	0x03	-0.2717	0.4738	0.8131	0.2013	171.54	328.10	298.37
2026-05-28T20:20:07.9983120+08:00	0x04	-0.3483	-0.1832	0.5067	-0.7670	290.57	354.05	46.06
2026-05-28T20:20:07.9983120+08:00	0x01	-0.4116	-0.4199	0.3769	-0.7157	332.79	43.30	64.91
2026-05-28T20:20:08.0308268+08:00	0x02	0.7831	0.0329	-0.5982	0.1668	188.94	256.13	17.50
2026-05-28T20:20:08.0308268+08:00	0x03	-0.3082	0.4803	0.7864	0.2363	169.97	323.51	295.69
2026-05-28T20:20:08.0635469+08:00	0x03	-0.3082	0.4803	0.7864	0.2363	169.97	323.51	295.69
2026-05-28T20:20:08.0635469+08:00	0x01	-0.4158	-0.4275	0.4011	-0.6953	328.67	42.10	67.10
2026-05-28T20:20:08.0994561+08:00	0x03	-0.3082	0.4803	0.7864	0.2363	169.97	323.51	295.69
2026-05-28T20:20:08.0994561+08:00	0x04	-0.3698	-0.2312	0.5015	-0.7472	291.12	357.65	51.68
2026-05-28T20:20:08.1997438+08:00	0x02	0.7738	0.0367	-0.6166	0.1402	186.91	258.02	15.20
2026-05-28T20:20:08.1997438+08:00	0x03	-0.3546	0.4662	0.7701	0.2527	172.39	315.29	296.20
2026-05-28T20:20:08.1997438+08:00	0x04	-0.3953	-0.2603	0.5041	-0.7224	288.92	357.65	56.47
2026-05-28T20:20:08.1997438+08:00	0x01	-0.4263	-0.4331	0.4256	-0.6705	323.70	39.81	70.10
2026-05-28T20:20:08.1997438+08:00	0x03	-0.3546	0.4662	0.7701	0.2527	172.39	315.29	296.20
2026-05-28T20:20:08.2307448+08:00	0x02	0.7671	0.0383	-0.6292	0.1189	185.36	259.35	13.34
2026-05-28T20:20:08.2639412+08:00	0x03	-0.3820	0.4778	0.7422	0.2736	174.05	309.45	293.32
2026-05-28T20:20:08.2639412+08:00	0x04	-0.4075	-0.2754	0.4991	-0.7134	289.17	358.46	58.91
2026-05-28T20:20:08.2639412+08:00	0x01	-0.4358	-0.4335	0.4395	-0.6550	319.77	37.12	72.16
2026-05-28T20:20:08.2973851+08:00	0x02	0.7745	0.0269	-0.6241	0.0999	184.85	258.19	10.85
2026-05-28T20:20:08.2973851+08:00	0x03	-0.3820	0.4778	0.7422	0.2736	174.05	309.45	293.32
2026-05-28T20:20:08.3306530+08:00	0x03	-0.3820	0.4778	0.7422	0.2736	174.05	309.45	293.32
2026-05-28T20:20:08.4306170+08:00	0x03	-0.3909	0.4822	0.7289	0.2888	173.18	308.21	291.76
2026-05-28T20:20:08.4306170+08:00	0x01	-0.4498	-0.4295	0.4383	-0.6489	319.19	35.79	73.80
2026-05-28T20:20:08.4306170+08:00	0x02	0.7829	0.0216	-0.6137	0.0996	185.16	256.65	10.51
2026-05-28T20:20:08.4316144+08:00	0x03	-0.3909	0.4822	0.7289	0.2888	173.18	308.21	291.76
2026-05-28T20:20:08.4638522+08:00	0x04	-0.3522	-0.2096	0.5085	-0.7572	290.65	356.48	48.30
2026-05-28T20:20:08.4638522+08:00	0x04	-0.3522	-0.2096	0.5085	-0.7572	290.65	356.48	48.30
2026-05-28T20:20:08.4973789+08:00	0x03	-0.3700	0.4825	0.7436	0.2783	171.48	312.79	292.57
2026-05-28T20:20:08.4973789+08:00	0x01	-0.4529	-0.4276	0.4324	-0.6520	320.74	36.52	73.81
2026-05-28T20:20:08.4973789+08:00	0x02	0.7867	0.0153	-0.6088	0.1014	185.79	255.99	10.26
2026-05-28T20:20:08.5311605+08:00	0x03	-0.3014	0.4719	0.7949	0.2337	168.94	325.25	296.98
2026-05-28T20:20:08.6657946+08:00	0x03	-0.3014	0.4719	0.7949	0.2337	168.94	325.25	296.98
2026-05-28T20:20:08.6657946+08:00	0x04	-0.2734	-0.1142	0.5252	-0.7977	291.08	352.75	33.79
2026-05-28T20:20:08.6657946+08:00	0x02	0.7867	0.0097	-0.6071	0.1111	187.00	255.97	10.76
2026-05-28T20:20:08.6657946+08:00	0x03	-0.2147	0.4548	0.8451	0.1812	167.97	338.15	302.17
2026-05-28T20:20:08.6657946+08:00	0x04	-0.2117	-0.0334	0.5460	-0.8099	289.84	348.97	22.29
2026-05-28T20:20:08.6977237+08:00	0x01	-0.4478	-0.4242	0.4216	-0.6646	323.44	37.94	72.36
2026-05-28T20:20:08.6977237+08:00	0x03	-0.2147	0.4548	0.8451	0.1812	167.97	338.15	302.17
2026-05-28T20:20:08.6977237+08:00	0x02	0.7848	0.0127	-0.6065	0.1268	187.88	256.26	12.39
2026-05-28T20:20:08.7303966+08:00	0x03	-0.1468	0.4416	0.8751	0.1328	169.87	346.16	305.71
2026-05-28T20:20:08.8663720+08:00	0x04	-0.1820	0.0155	0.5605	-0.8077	288.52	346.21	16.06
2026-05-28T20:20:08.8673683+08:00	0x03	-0.1468	0.4416	0.8751	0.1328	169.87	346.16	305.71
2026-05-28T20:20:08.8673683+08:00	0x02	0.7826	0.0216	-0.6057	0.1423	188.22	256.51	14.41
2026-05-28T20:20:08.8673683+08:00	0x03	-0.1090	0.4344	0.8883	0.1021	171.80	350.05	307.44
2026-05-28T20:20:08.8973976+08:00	0x04	-0.1534	0.0198	0.5640	-0.8112	288.98	347.84	13.09
2026-05-28T20:20:08.8973976+08:00	0x01	-0.4274	-0.4300	0.4009	-0.6868	329.68	43.11	68.72
2026-05-28T20:20:08.8973976+08:00	0x03	-0.1090	0.4344	0.8883	0.1021	171.80	350.05	307.44
2026-05-28T20:20:08.9302498+08:00	0x02	0.7824	0.0282	-0.6033	0.1523	188.34	256.43	15.80
2026-05-28T20:20:08.9633110+08:00	0x03	-0.0981	0.4098	0.9022	0.0924	172.41	351.07	310.75
2026-05-28T20:20:08.9972939+08:00	0x04	-0.1455	0.0189	0.5665	-0.8109	288.87	348.45	12.39
2026-05-28T20:20:08.9972939+08:00	0x01	-0.4194	-0.4359	0.3892	-0.6947	333.12	46.16	67.23
2026-05-28T20:20:08.9972939+08:00	0x03	-0.0981	0.4098	0.9022	0.0924	172.41	351.07	310.75
2026-05-28T20:20:09.1026869+08:00	0x02	0.7839	0.0339	-0.6000	0.1559	188.03	256.03	16.57
2026-05-28T20:20:09.1036840+08:00	0x01	-0.4212	-0.4377	0.3849	-0.6949	334.53	47.30	67.26
2026-05-28T20:20:09.1036840+08:00	0x03	-0.0954	0.4115	0.9019	0.0901	172.58	351.34	310.58
2026-05-28T20:20:09.1036840+08:00	0x04	-0.1472	0.0225	0.5676	-0.8097	288.64	347.97	12.29
2026-05-28T20:20:09.1036840+08:00	0x03	-0.0943	0.4146	0.9009	0.0874	172.96	351.32	310.23
2026-05-28T20:20:09.1306021+08:00	0x02	0.7863	0.0341	-0.5981	0.1511	187.61	255.60	16.17
2026-05-28T20:20:09.1637012+08:00	0x04	-0.1509	0.0238	0.5661	-0.8101	288.74	347.60	12.57
2026-05-28T20:20:09.1637012+08:00	0x01	-0.4255	-0.4393	0.3886	-0.6892	334.29	47.49	68.11
2026-05-28T20:20:09.1637012+08:00	0x03	-0.0943	0.4146	0.9009	0.0874	172.96	351.32	310.23
2026-05-28T20:20:09.1977037+08:00	0x02	0.7816	0.0402	-0.6052	0.1457	186.78	256.46	16.05
2026-05-28T20:20:09.2303476+08:00	0x03	-0.0973	0.4183	0.8987	0.0892	172.91	350.97	309.72
2026-05-28T20:20:09.3319262+08:00	0x04	-0.1570	0.0035	0.5570	-0.8155	289.95	349.24	14.61
2026-05-28T20:20:09.3319262+08:00	0x01	-0.4287	-0.4555	0.4030	-0.6681	334.33	50.42	70.04
2026-05-28T20:20:09.3319262+08:00	0x03	-0.0973	0.4183	0.8987	0.0892	172.91	350.97	309.72
2026-05-28T20:20:09.3319262+08:00	0x02	0.7559	0.0938	-0.6318	0.1437	182.42	260.20	19.62
2026-05-28T20:20:09.3319262+08:00	0x03	-0.1162	0.4172	0.8946	0.1101	170.95	349.47	309.46
2026-05-28T20:20:09.3635280+08:00	0x04	-0.2257	-0.0339	0.5188	-0.8239	293.20	348.75	24.02
2026-05-28T20:20:09.3981375+08:00	0x02	0.7159	0.1835	-0.6671	0.0938	171.45	264.27	22.28
2026-05-28T20:20:09.3981375+08:00	0x03	-0.1162	0.4172	0.8946	0.1101	170.95	349.47	309.46
2026-05-28T20:20:09.4311216+08:00	0x03	-0.1577	0.4459	0.8631	0.1769	163.02	348.30	304.35
2026-05-28T20:20:09.5324751+08:00	0x04	-0.3182	-0.1124	0.4684	-0.8165	297.35	351.56	38.67
2026-05-28T20:20:09.5324751+08:00	0x01	-0.3908	-0.5060	0.4438	-0.6279	331.69	57.68	70.04
2026-05-28T20:20:09.5324751+08:00	0x02	0.6775	0.2401	-0.6951	-0.0133	158.76	267.99	18.41
2026-05-28T20:20:09.5324751+08:00	0x03	-0.1577	0.4459	0.8631	0.1769	163.02	348.30	304.35
2026-05-28T20:20:09.5631632+08:00	0x03	-0.2266	0.4575	0.8216	0.2537	155.17	343.67	299.93
2026-05-28T20:20:09.5631632+08:00	0x04	-0.3884	-0.1909	0.4209	-0.7972	303.35	357.94	51.25
2026-05-28T20:20:09.5631632+08:00	0x01	-0.4005	-0.5090	0.4944	-0.5798	319.00	50.33	75.39
2026-05-28T20:20:09.5967167+08:00	0x02	0.6483	0.2364	-0.7154	-0.1092	151.84	272.78	11.34
2026-05-28T20:20:09.5967167+08:00	0x03	-0.2266	0.4575	0.8216	0.2537	155.17	343.67	299.93
2026-05-28T20:20:09.6636870+08:00	0x03	-0.3144	0.4396	0.7923	0.2831	159.19	329.07	299.01
2026-05-28T20:20:09.6636870+08:00	0x04	-0.4334	-0.2366	0.3786	-0.7829	311.05	4.71	59.06
2026-05-28T20:20:09.6636870+08:00	0x01	-0.4111	-0.5086	0.5443	-0.5255	294.36	31.05	80.28
2026-05-28T20:20:09.7692357+08:00	0x02	0.6379	0.1861	-0.7314	-0.1533	152.42	276.73	4.39
2026-05-28T20:20:09.7692357+08:00	0x03	-0.3815	0.4299	0.7663	0.2872	166.46	315.13	298.60
2026-05-28T20:20:09.7692357+08:00	0x03	-0.3815	0.4299	0.7663	0.2872	166.46	315.13	298.60
2026-05-28T20:20:09.7692357+08:00	0x01	-0.4260	-0.5059	0.5784	-0.4775	255.18	355.57	82.79
2026-05-28T20:20:09.7692357+08:00	0x04	-0.4760	-0.2459	0.3604	-0.7636	312.23	4.36	64.71
2026-05-28T20:20:09.7977205+08:00	0x02	0.6497	0.1355	-0.7337	-0.1455	157.07	276.84	0.55
2026-05-28T20:20:09.8306306+08:00	0x03	-0.4210	0.4258	0.7435	0.2977	169.63	307.21	297.89
2026-05-28T20:20:09.8636366+08:00	0x04	-0.5033	-0.2493	0.3671	-0.7414	307.34	0.03	68.35
2026-05-28T20:20:09.9668135+08:00	0x01	-0.4274	-0.5167	0.5713	-0.4734	259.71	0.47	84.21
2026-05-28T20:20:09.9668135+08:00	0x02	0.6604	0.1295	-0.7278	-0.1322	158.68	275.41	0.80
2026-05-28T20:20:09.9668135+08:00	0x03	-0.4309	0.4267	0.7234	0.3302	165.25	307.75	295.60
2026-05-28T20:20:09.9668135+08:00	0x01	-0.4261	-0.5168	0.5611	-0.4862	273.85	13.36	83.95
2026-05-28T20:20:09.9668135+08:00	0x04	-0.5097	-0.2601	0.3921	-0.7203	299.96	355.83	69.76
2026-05-28T20:20:09.9971989+08:00	0x03	-0.4309	0.4267	0.7234	0.3302	165.25	307.75	295.60
2026-05-28T20:20:09.9971989+08:00	0x02	0.6608	0.1231	-0.7268	-0.1414	158.39	275.53	359.55
2026-05-28T20:20:10.0638103+08:00	0x01	-0.4259	-0.5172	0.5576	-0.4900	278.21	17.33	83.86
2026-05-28T20:20:10.0638103+08:00	0x03	-0.4364	0.4096	0.7192	0.3529	160.13	309.95	296.21
2026-05-28T20:20:10.0638103+08:00	0x04	-0.5012	-0.2687	0.4229	-0.7056	293.14	352.78	69.14
2026-05-28T20:20:10.1650965+08:00	0x03	-0.4364	0.4096	0.7192	0.3529	160.13	309.95	296.21
2026-05-28T20:20:10.1650965+08:00	0x02	0.6623	0.1238	-0.7246	-0.1449	158.03	275.28	359.28
2026-05-28T20:20:10.1650965+08:00	0x04	-0.5048	-0.2568	0.4407	-0.6964	286.02	346.31	68.35
2026-05-28T20:20:10.1650965+08:00	0x03	-0.4315	0.4018	0.7179	0.3701	155.39	313.41	296.32
2026-05-28T20:20:10.1650965+08:00	0x01	-0.4257	-0.5196	0.5538	-0.4922	283.33	22.26	83.94
2026-05-28T20:20:10.1650965+08:00	0x02	0.6623	0.1221	-0.7239	-0.1501	157.72	275.34	358.74
2026-05-28T20:20:10.1971247+08:00	0x03	-0.4315	0.4018	0.7179	0.3701	155.39	313.41	296.32
2026-05-28T20:20:10.2301523+08:00	0x04	-0.5034	-0.2504	0.4537	-0.6914	282.25	343.27	67.41
2026-05-28T20:20:10.2632355+08:00	0x01	-0.4265	-0.5183	0.5550	-0.4915	281.07	19.99	83.95
2026-05-28T20:20:10.2632355+08:00	0x03	-0.4251	0.4005	0.7169	0.3808	152.16	316.24	296.11
2026-05-28T20:20:10.2632355+08:00	0x02	0.6606	0.1230	-0.7247	-0.1526	157.43	275.56	358.66
2026-05-28T20:20:10.2969747+08:00	0x03	-0.4239	0.4032	0.7142	0.3842	151.39	316.86	295.62
2026-05-28T20:20:10.3979993+08:00	0x04	-0.5077	-0.2431	0.4652	-0.6831	277.56	339.05	66.91
2026-05-28T20:20:10.3979993+08:00	0x01	-0.4230	-0.5214	0.5515	-0.4950	287.91	26.80	83.67
2026-05-28T20:20:10.3979993+08:00	0x03	-0.4239	0.4032	0.7142	0.3842	151.39	316.86	295.62
2026-05-28T20:20:10.3979993+08:00	0x02	0.6602	0.1185	-0.7253	-0.1551	157.56	275.76	358.11
2026-05-28T20:20:10.3989959+08:00	0x03	-0.4228	0.4102	0.7075	0.3903	150.21	317.72	294.41
2026-05-28T20:20:10.4636869+08:00	0x04	-0.5109	-0.2371	0.4752	-0.6760	273.76	335.70	66.36
2026-05-28T20:20:10.4636869+08:00	0x01	-0.4237	-0.5205	0.5528	-0.4939	285.80	24.75	83.73
2026-05-28T20:20:10.4636869+08:00	0x03	-0.4228	0.4102	0.7075	0.3903	150.21	317.72	294.41
2026-05-28T20:20:10.4636869+08:00	0x02	0.6600	0.1188	-0.7253	-0.1559	157.47	275.78	358.08
2026-05-28T20:20:10.5302998+08:00	0x03	-0.4219	0.4149	0.7040	0.3928	149.69	318.19	293.71
2026-05-28T20:20:10.6311146+08:00	0x04	-0.5136	-0.2303	0.4841	-0.6699	270.51	332.74	65.66
2026-05-28T20:20:10.6311146+08:00	0x01	-0.4225	-0.5230	0.5511	-0.4942	289.12	28.16	83.76
2026-05-28T20:20:10.6311146+08:00	0x03	-0.4219	0.4149	0.7040	0.3928	149.69	318.19	293.71
2026-05-28T20:20:10.6311146+08:00	0x02	0.6597	0.1184	-0.7252	-0.1574	157.37	275.83	357.94
2026-05-28T20:20:10.6311146+08:00	0x03	-0.4202	0.4185	0.7018	0.3947	149.10	318.83	293.20
2026-05-28T20:20:10.6634999+08:00	0x04	-0.5161	-0.2245	0.4922	-0.6641	267.67	330.21	65.01
2026-05-28T20:20:10.6634999+08:00	0x01	-0.4235	-0.5225	0.5517	-0.4933	287.76	26.80	83.86
2026-05-28T20:20:10.6980182+08:00	0x03	-0.4202	0.4185	0.7018	0.3947	149.10	318.83	293.20
2026-05-28T20:20:10.6980182+08:00	0x02	0.6593	0.1219	-0.7244	-0.1605	156.83	275.80	357.99
2026-05-28T20:20:10.7307431+08:00	0x03	-0.4190	0.4208	0.6992	0.3980	148.20	319.58	292.77
2026-05-28T20:20:10.8345540+08:00	0x04	-0.5203	-0.2191	0.4985	-0.6579	264.87	327.56	64.55
2026-05-28T20:20:10.8345540+08:00	0x01	-0.4178	-0.5248	0.5491	-0.4986	293.74	32.79	83.16
2026-05-28T20:20:10.8345540+08:00	0x03	-0.4190	0.4208	0.6992	0.3980	148.20	319.58	292.77
2026-05-28T20:20:10.8345540+08:00	0x02	0.6568	0.1304	-0.7250	-0.1613	156.10	275.93	358.69
2026-05-28T20:20:10.8345540+08:00	0x01	-0.4125	-0.5259	0.5538	-0.4966	291.74	31.54	82.82
2026-05-28T20:20:10.8345540+08:00	0x03	-0.4159	0.4234	0.6952	0.4055	145.90	321.52	292.18
2026-05-28T20:20:10.8345540+08:00	0x03	-0.4159	0.4234	0.6952	0.4055	145.90	321.52	292.18
2026-05-28T20:20:10.8634885+08:00	0x04	-0.5209	-0.2173	0.5033	-0.6544	263.51	326.53	64.21
2026-05-28T20:20:10.8973792+08:00	0x02	0.6488	0.1366	-0.7311	-0.1610	155.63	276.93	359.47
2026-05-28T20:20:10.8973792+08:00	0x03	-0.4162	0.4210	0.6961	0.4062	145.71	321.57	292.45
2026-05-28T20:20:10.9310224+08:00	0x01	-0.4048	-0.5303	0.5592	-0.4921	291.11	32.18	82.54
2026-05-28T20:20:10.9639437+08:00	0x03	-0.4162	0.4210	0.6961	0.4062	145.71	321.57	292.45
2026-05-28T20:20:10.9639437+08:00	0x04	-0.5229	-0.2127	0.5080	-0.6506	261.84	324.95	63.69
2026-05-28T20:20:11.0654404+08:00	0x02	0.6432	0.1245	-0.7370	-0.1662	156.09	278.15	358.26
2026-05-28T20:20:11.0654404+08:00	0x03	-0.4157	0.4226	0.6946	0.4077	145.29	321.93	292.18
2026-05-28T20:20:11.0654404+08:00	0x01	-0.4075	-0.5262	0.5681	-0.4841	280.53	22.19	82.92
2026-05-28T20:20:11.0654404+08:00	0x04	-0.5252	-0.2086	0.5138	-0.6456	259.86	323.21	63.17
2026-05-28T20:20:11.0654404+08:00	0x02	0.6439	0.1134	-0.7372	-0.1706	156.54	278.36	356.99
2026-05-28T20:20:11.0654404+08:00	0x03	-0.4157	0.4226	0.6946	0.4077	145.29	321.93	292.18
2026-05-28T20:20:11.0993741+08:00	0x03	-0.4151	0.4250	0.6914	0.4111	144.35	322.64	291.72
2026-05-28T20:20:11.1304643+08:00	0x04	-0.5294	-0.2035	0.5194	-0.6392	257.42	320.90	62.64
2026-05-28T20:20:11.1304643+08:00	0x01	-0.4090	-0.5262	0.5642	-0.4874	283.55	24.70	82.93
2026-05-28T20:20:11.1628415+08:00	0x02	0.6479	0.1257	-0.7315	-0.1712	155.56	277.41	357.82
2026-05-28T20:20:11.1628415+08:00	0x03	-0.4151	0.4250	0.6914	0.4111	144.35	322.64	291.72
2026-05-28T20:20:11.2998909+08:00	0x03	-0.4140	0.4293	0.6859	0.4170	142.64	323.97	290.91
2026-05-28T20:20:11.3008883+08:00	0x04	-0.5326	-0.2007	0.5240	-0.6336	255.50	319.22	62.28
2026-05-28T20:20:11.3008883+08:00	0x01	-0.4047	-0.5272	0.5565	-0.4986	292.44	32.82	82.02
2026-05-28T20:20:11.3008883+08:00	0x02	0.6502	0.1093	-0.7276	-0.1893	155.21	277.53	355.00
2026-05-28T20:20:11.3008883+08:00	0x03	-0.4140	0.4293	0.6859	0.4170	142.64	323.97	290.91
2026-05-28T20:20:11.3308460+08:00	0x04	-0.5343	-0.1987	0.5278	-0.6297	254.19	318.14	61.95
2026-05-28T20:20:11.3308460+08:00	0x03	-0.4143	0.4309	0.6821	0.4212	141.52	324.69	290.48
2026-05-28T20:20:11.3308460+08:00	0x01	-0.4145	-0.5195	0.5647	-0.4893	278.67	19.04	82.90
2026-05-28T20:20:11.3637277+08:00	0x02	0.6470	0.0941	-0.7267	-0.2107	154.41	278.42	352.19
2026-05-28T20:20:11.3637277+08:00	0x03	-0.4143	0.4309	0.6821	0.4212	141.52	324.69	290.48
2026-05-28T20:20:11.5024909+08:00	0x03	-0.4142	0.4320	0.6796	0.4241	140.69	325.26	290.19
2026-05-28T20:20:11.5024909+08:00	0x04	-0.5363	-0.1963	0.5321	-0.6251	252.71	316.90	61.57
2026-05-28T20:20:11.5024909+08:00	0x01	-0.4203	-0.5215	0.5683	-0.4779	270.42	11.43	83.98
2026-05-28T20:20:11.5024909+08:00	0x02	0.6459	0.0881	-0.7255	-0.2206	153.93	278.75	350.96
2026-05-28T20:20:11.5024909+08:00	0x03	-0.4141	0.4336	0.6771	0.4268	139.87	325.87	289.86
2026-05-28T20:20:11.5435806+08:00	0x03	-0.4141	0.4336	0.6771	0.4268	139.87	325.87	289.86
2026-05-28T20:20:11.5435806+08:00	0x04	-0.5373	-0.1942	0.5357	-0.6218	251.69	316.08	61.19
2026-05-28T20:20:11.5435806+08:00	0x01	-0.4269	-0.5209	0.5724	-0.4677	257.73	359.14	84.68
2026-05-28T20:20:11.5708362+08:00	0x02	0.6467	0.0798	-0.7265	-0.2184	154.76	278.80	350.42
2026-05-28T20:20:11.6032473+08:00	0x03	-0.4134	0.4352	0.6754	0.4285	139.23	326.44	289.59
2026-05-28T20:20:11.7046289+08:00	0x01	-0.4281	-0.5198	0.5730	-0.4670	255.53	356.89	84.66
2026-05-28T20:20:11.7056264+08:00	0x04	-0.5397	-0.1889	0.5403	-0.6174	250.26	314.69	60.51
2026-05-28T20:20:11.7056264+08:00	0x03	-0.4134	0.4352	0.6754	0.4285	139.23	326.44	289.59
2026-05-28T20:20:11.7056264+08:00	0x02	0.6488	0.0866	-0.7259	-0.2113	154.92	278.32	351.46
2026-05-28T20:20:11.7056264+08:00	0x01	-0.4246	-0.5173	0.5664	-0.4810	268.89	9.12	83.94
2026-05-28T20:20:11.7056264+08:00	0x03	-0.4113	0.4388	0.6722	0.4317	137.82	327.80	289.08
2026-05-28T20:20:11.7370501+08:00	0x04	-0.5429	-0.1844	0.5441	-0.6125	248.73	313.18	59.97
2026-05-28T20:20:11.7709848+08:00	0x03	-0.4113	0.4388	0.6722	0.4317	137.82	327.80	289.08
2026-05-28T20:20:11.7709848+08:00	0x03	-0.4113	0.4388	0.6722	0.4317	137.82	327.80	289.08
2026-05-28T20:20:11.7709848+08:00	0x02	0.6525	0.1005	-0.7236	-0.2012	154.83	277.42	353.28
2026-05-28T20:20:11.8039308+08:00	0x01	-0.4196	-0.5198	0.5599	-0.4902	280.53	20.29	83.42
2026-05-28T20:20:11.8039308+08:00	0x03	-0.4101	0.4417	0.6680	0.4365	136.02	329.30	288.54
2026-05-28T20:20:11.8369898+08:00	0x04	-0.5439	-0.1844	0.5466	-0.6094	247.88	312.62	59.82
2026-05-28T20:20:11.9383651+08:00	0x03	-0.4101	0.4417	0.6680	0.4365	136.02	329.30	288.54
2026-05-28T20:20:11.9383651+08:00	0x02	0.6553	0.1193	-0.7221	-0.1868	154.70	276.49	355.83
2026-05-28T20:20:11.9383651+08:00	0x01	-0.4166	-0.5239	0.5583	-0.4901	284.88	24.97	83.42
2026-05-28T20:20:11.9383651+08:00	0x03	-0.4116	0.4418	0.6662	0.4377	135.89	329.17	288.39
2026-05-28T20:20:11.9715882+08:00	0x04	-0.5447	-0.1845	0.5482	-0.6072	247.28	312.21	59.75
2026-05-28T20:20:11.9715882+08:00	0x03	-0.4116	0.4418	0.6662	0.4377	135.89	329.17	288.39
2026-05-28T20:20:12.0040583+08:00	0x02	0.6529	0.1286	-0.7229	-0.1861	154.05	276.58	356.73
2026-05-28T20:20:12.0040583+08:00	0x04	-0.5467	-0.1823	0.5515	-0.6032	246.15	311.24	59.37
2026-05-28T20:20:12.0040583+08:00	0x01	-0.4165	-0.5271	0.5616	-0.4829	282.08	22.95	83.93
2026-05-28T20:20:12.0376962+08:00	0x03	-0.4132	0.4426	0.6643	0.4381	136.03	328.84	288.15
2026-05-28T20:20:12.0376962+08:00	0x02	0.6484	0.1227	-0.7232	-0.2037	152.90	277.44	355.03
2026-05-28T20:20:12.0708455+08:00	0x03	-0.4138	0.4442	0.6622	0.4392	135.71	329.03	287.85
2026-05-28T20:20:12.1757974+08:00	0x04	-0.5497	-0.1778	0.5542	-0.5992	245.00	310.00	58.86
2026-05-28T20:20:12.1757974+08:00	0x01	-0.4254	-0.5304	0.5686	-0.4631	263.59	5.67	85.65
2026-05-28T20:20:12.1757974+08:00	0x03	-0.4138	0.4442	0.6622	0.4392	135.71	329.03	287.85
2026-05-28T20:20:12.1757974+08:00	0x02	0.6433	0.1486	-0.7217	-0.2080	150.52	277.38	356.95
2026-05-28T20:20:12.1757974+08:00	0x03	-0.4125	0.4457	0.6606	0.4413	134.71	329.97	287.64
2026-05-28T20:20:12.2380675+08:00	0x04	-0.5568	-0.1639	0.5576	-0.5935	243.23	307.43	57.53
2026-05-28T20:20:12.2380675+08:00	0x01	-0.4294	-0.5450	0.5694	-0.4407	242.83	346.87	87.82
2026-05-28T20:20:12.2380675+08:00	0x03	-0.4125	0.4457	0.6606	0.4413	134.71	329.97	287.64
2026-05-28T20:20:12.2380675+08:00	0x02	0.6376	0.1432	-0.7256	-0.2156	150.23	278.41	356.15
2026-05-28T20:20:12.3034950+08:00	0x03	-0.4011	0.4523	0.6572	0.4501	129.05	335.96	287.13
2026-05-28T20:20:12.4053611+08:00	0x04	-0.5574	-0.1505	0.5629	-0.5914	242.88	306.56	55.97
2026-05-28T20:20:12.4053611+08:00	0x01	-0.4396	-0.5410	0.5842	-0.4156	188.20	293.73	85.99
2026-05-28T20:20:12.4053611+08:00	0x03	-0.4011	0.4523	0.6572	0.4501	129.05	335.96	287.13
2026-05-28T20:20:12.4053611+08:00	0x02	0.6370	0.1303	-0.7295	-0.2124	151.48	278.91	355.38
2026-05-28T20:20:12.4053611+08:00	0x03	-0.3934	0.4528	0.6582	0.4550	125.95	339.32	287.44
2026-05-28T20:20:12.4392997+08:00	0x04	-0.5664	-0.1290	0.5700	-0.5811	240.55	303.25	53.64
2026-05-28T20:20:12.4392997+08:00	0x01	-0.4393	-0.5407	0.5876	-0.4116	186.39	292.34	85.59
2026-05-28T20:20:12.4707966+08:00	0x02	0.6356	0.1397	-0.7314	-0.2038	151.55	278.81	356.87
2026-05-28T20:20:12.4713877+08:00	0x03	-0.3934	0.4528	0.6582	0.4550	125.95	339.32	287.44
2026-05-28T20:20:12.5037047+08:00	0x03	-0.3815	0.4596	0.6487	0.4716	116.93	347.90	287.04
2026-05-28T20:20:12.5375485+08:00	0x04	-0.5840	-0.1021	0.5676	-0.5713	238.33	298.53	51.54
2026-05-28T20:20:12.5375485+08:00	0x01	-0.4254	-0.5446	0.5869	-0.4218	211.92	318.27	86.56
2026-05-28T20:20:12.6437074+08:00	0x02	0.6294	0.1822	-0.7215	-0.2236	146.49	278.12	358.94
2026-05-28T20:20:12.6437074+08:00	0x03	-0.3815	0.4596	0.6487	0.4716	116.93	347.90	287.04
2026-05-28T20:20:12.6437074+08:00	0x01	-0.3961	-0.5349	0.5554	-0.4985	298.01	39.27	81.53
2026-05-28T20:20:12.6437074+08:00	0x03	-0.3758	0.4607	0.6326	0.4962	106.41	356.44	287.07
2026-05-28T20:20:12.6437074+08:00	0x04	-0.6233	-0.0177	0.5519	-0.5537	236.76	288.40	45.21
2026-05-28T20:20:12.6711518+08:00	0x02	0.6205	0.2658	-0.6839	-0.2770	134.87	275.09	1.13
2026-05-28T20:20:12.6711518+08:00	0x03	-0.3758	0.4607	0.6326	0.4962	106.41	356.44	287.07
2026-05-28T20:20:12.7035728+08:00	0x01	-0.4009	-0.5013	0.5407	-0.5437	296.77	32.38	77.97
2026-05-28T20:20:12.7377493+08:00	0x04	-0.6517	0.0859	0.5221	-0.5434	239.85	279.96	38.21
2026-05-28T20:20:12.8418735+08:00	0x02	0.5986	0.3437	-0.6389	-0.3398	122.22	272.71	1.85
2026-05-28T20:20:12.8418735+08:00	0x03	-0.3426	0.4868	0.5731	0.5632	70.85	28.12	289.28
2026-05-28T20:20:12.8428664+08:00	0x01	-0.4064	-0.5058	0.4960	-0.5770	317.77	48.83	76.12
2026-05-28T20:20:12.8428664+08:00	0x03	-0.3426	0.4868	0.5731	0.5632	70.85	28.12	289.28
2026-05-28T20:20:12.8428664+08:00	0x04	-0.6547	0.1701	0.4959	-0.5445	245.41	275.81	32.97
2026-05-28T20:20:12.8718592+08:00	0x02	0.5690	0.4012	-0.6042	-0.3875	112.22	271.75	2.51
2026-05-28T20:20:12.8718592+08:00	0x03	-0.3281	0.5080	0.5454	0.5804	57.66	40.79	290.78
2026-05-28T20:20:12.9041865+08:00	0x01	-0.4000	-0.5166	0.4690	-0.5942	329.02	58.52	73.74
2026-05-28T20:20:12.9374833+08:00	0x02	0.5500	0.4050	-0.5869	-0.4349	107.08	273.84	359.83
2026-05-28T20:20:12.9374833+08:00	0x03	-0.3281	0.5080	0.5454	0.5804	57.66	40.79	290.78
2026-05-28T20:20:12.9374833+08:00	0x04	-0.6543	0.2282	0.4716	-0.5453	249.68	272.62	29.90
2026-05-28T20:20:13.0718383+08:00	0x03	-0.3228	0.5222	0.5320	0.5831	51.49	47.16	291.23
2026-05-28T20:20:13.0718383+08:00	0x04	-0.6503	0.2568	0.4505	-0.5551	253.20	271.46	29.38
2026-05-28T20:20:13.0718383+08:00	0x01	-0.3932	-0.5123	0.4831	-0.5912	323.09	53.72	73.72
2026-05-28T20:20:13.0718383+08:00	0x02	0.5209	0.3632	-0.6009	-0.4855	105.39	281.19	356.03
2026-05-28T20:20:13.0718383+08:00	0x03	-0.3228	0.5222	0.5320	0.5831	51.49	47.16	291.23
2026-05-28T20:20:13.1052826+08:00	0x03	-0.3292	0.5206	0.5359	0.5774	52.90	45.83	290.26
2026-05-28T20:20:13.1052826+08:00	0x04	-0.6421	0.2861	0.4417	-0.5575	255.98	270.76	27.59
2026-05-28T20:20:13.1052826+08:00	0x01	-0.3818	-0.5094	0.5016	-0.5858	315.94	48.45	73.40
2026-05-28T20:20:13.1374406+08:00	0x02	0.4825	0.3382	-0.6107	-0.5290	102.27	287.89	354.41
2026-05-28T20:20:13.1706902+08:00	0x03	-0.3292	0.5206	0.5359	0.5774	52.90	45.83	290.26
2026-05-28T20:20:13.2035055+08:00	0x04	-0.6180	0.3134	0.4409	-0.5705	260.28	272.51	25.39
2026-05-28T20:20:13.2035055+08:00	0x03	-0.3224	0.5278	0.5331	0.5773	50.89	48.51	290.77
2026-05-28T20:20:13.2035055+08:00	0x01	-0.3682	-0.5096	0.5124	-0.5850	312.25	46.25	72.37
2026-05-28T20:20:13.3053295+08:00	0x02	0.4623	0.3540	-0.5944	-0.5547	97.74	288.86	354.72
2026-05-28T20:20:13.3053295+08:00	0x03	-0.3224	0.5278	0.5331	0.5773	50.89	48.51	290.77
2026-05-28T20:20:13.3053295+08:00	0x01	-0.3591	-0.5106	0.5121	-0.5900	312.47	46.74	71.21
2026-05-28T20:20:13.3053295+08:00	0x04	-0.5905	0.3518	0.4515	-0.5689	263.55	273.38	20.75
2026-05-28T20:20:13.3377552+08:00	0x03	-0.3198	0.5365	0.5385	0.5656	51.01	50.04	290.02
2026-05-28T20:20:13.3377552+08:00	0x02	0.4387	0.3821	-0.5807	-0.5695	93.41	288.87	356.79
2026-05-28T20:20:13.3707375+08:00	0x03	-0.3070	0.5468	0.5346	0.5665	48.37	53.77	291.17
2026-05-28T20:20:13.4038309+08:00	0x04	-0.5700	0.3858	0.4496	-0.5694	266.75	273.16	17.59
2026-05-28T20:20:13.4379684+08:00	0x01	-0.3475	-0.5192	0.5035	-0.5968	316.33	50.90	69.65
2026-05-28T20:20:13.4379684+08:00	0x03	-0.3070	0.5468	0.5346	0.5665	48.37	53.77	291.17
2026-05-28T20:20:13.4379684+08:00	0x02	0.4145	0.4048	-0.5690	-0.5835	89.50	289.19	358.68
2026-05-28T20:20:13.5384238+08:00	0x03	-0.2977	0.5510	0.5342	0.5678	47.87	54.97	292.06
2026-05-28T20:20:13.5384238+08:00	0x04	-0.5530	0.4101	0.4430	-0.5742	269.75	273.09	15.77
2026-05-28T20:20:13.5384238+08:00	0x03	-0.2977	0.5510	0.5342	0.5678	47.87	54.97	292.06
2026-05-28T20:20:13.5384238+08:00	0x02	0.4021	0.4069	-0.5630	-0.5964	87.55	290.21	358.77
2026-05-28T20:20:13.5706607+08:00	0x01	-0.3481	-0.5201	0.5062	-0.5934	315.78	50.72	70.00
2026-05-28T20:20:13.6035899+08:00	0x03	-0.2956	0.5540	0.5328	0.5673	47.08	56.02	292.22
2026-05-28T20:20:13.6368541+08:00	0x04	-0.5424	0.4288	0.4336	-0.5779	272.10	272.60	14.78
2026-05-28T20:20:13.6368541+08:00	0x03	-0.2956	0.5540	0.5328	0.5673	47.08	56.02	292.22
2026-05-28T20:20:13.6368541+08:00	0x02	0.3922	0.4104	-0.5636	-0.6000	86.73	290.82	359.54
2026-05-28T20:20:13.6717607+08:00	0x01	-0.3444	-0.5230	0.5014	-0.5971	317.45	52.28	69.34
2026-05-28T20:20:13.7748912+08:00	0x03	-0.2966	0.5552	0.5290	0.5692	45.90	56.89	292.33
2026-05-28T20:20:13.7748912+08:00	0x04	-0.5321	0.4468	0.4248	-0.5803	274.30	272.03	13.77
2026-05-28T20:20:13.7758864+08:00	0x03	-0.2966	0.5552	0.5290	0.5692	45.90	56.89	292.33
2026-05-28T20:20:13.7758864+08:00	0x02	0.3816	0.4143	-0.5639	-0.6040	85.82	291.44	0.36
2026-05-28T20:20:13.7758864+08:00	0x01	-0.3433	-0.5219	0.5031	-0.5972	316.78	51.70	69.26
2026-05-28T20:20:13.8041100+08:00	0x03	-0.2927	0.5588	0.5269	0.5696	44.97	58.12	292.73
2026-05-28T20:20:13.8377785+08:00	0x04	-0.5187	0.4574	0.4206	-0.5872	276.37	272.55	12.97
2026-05-28T20:20:13.8706979+08:00	0x03	-0.2927	0.5588	0.5269	0.5696	44.97	58.12	292.73
2026-05-28T20:20:13.8706979+08:00	0x02	0.3704	0.4170	-0.5631	-0.6098	84.75	292.20	1.03
2026-05-28T20:20:13.9036711+08:00	0x01	-0.3450	-0.5220	0.5041	-0.5953	316.59	51.59	69.55
2026-05-28T20:20:13.9036711+08:00	0x03	-0.2896	0.5593	0.5320	0.5659	46.27	57.55	292.64
2026-05-28T20:20:14.0059312+08:00	0x02	0.3622	0.4232	-0.5621	-0.6113	83.93	292.31	1.89
2026-05-28T20:20:14.0059312+08:00	0x04	-0.5078	0.4654	0.4201	-0.5908	277.71	272.99	12.06
2026-05-28T20:20:14.0059312+08:00	0x03	-0.2893	0.5580	0.5348	0.5648	47.18	56.80	292.55
2026-05-28T20:20:14.0059312+08:00	0x04	-0.5023	0.4714	0.4140	-0.5951	278.98	272.99	11.98
2026-05-28T20:20:14.0059312+08:00	0x01	-0.3469	-0.5226	0.5058	-0.5923	316.32	51.51	69.96
2026-05-28T20:20:14.0059312+08:00	0x02	0.3543	0.4262	-0.5618	-0.6141	83.24	292.71	2.50
2026-05-28T20:20:14.0378434+08:00	0x03	-0.2893	0.5580	0.5348	0.5648	47.18	56.80	292.55
2026-05-28T20:20:14.0710104+08:00	0x03	-0.2903	0.5566	0.5369	0.5635	47.90	56.14	292.34
2026-05-28T20:20:14.1033328+08:00	0x04	-0.4949	0.4778	0.4074	-0.6007	280.50	273.14	11.84
2026-05-28T20:20:14.1033328+08:00	0x01	-0.3469	-0.5237	0.5072	-0.5901	316.14	51.60	70.15
2026-05-28T20:20:14.2058353+08:00	0x02	0.3467	0.4285	-0.5627	-0.6161	82.73	293.14	3.16
2026-05-28T20:20:14.2058353+08:00	0x03	-0.2903	0.5566	0.5369	0.5635	47.90	56.14	292.34
2026-05-28T20:20:14.2058353+08:00	0x03	-0.2901	0.5567	0.5391	0.5615	48.44	55.86	292.18
2026-05-28T20:20:14.2058353+08:00	0x03	-0.2901	0.5567	0.5391	0.5615	48.44	55.86	292.18
2026-05-28T20:20:14.2058353+08:00	0x04	-0.4857	0.4834	0.4036	-0.6062	281.91	273.55	11.46
2026-05-28T20:20:14.2058353+08:00	0x01	-0.3464	-0.5256	0.5076	-0.5883	316.41	52.14	70.25
2026-05-28T20:20:14.2374699+08:00	0x02	0.3387	0.4320	-0.5619	-0.6188	81.99	293.47	3.80
2026-05-28T20:20:14.2374699+08:00	0x03	-0.2901	0.5567	0.5391	0.5615	48.44	55.86	292.18
2026-05-28T20:20:14.2707067+08:00	0x03	-0.2886	0.5577	0.5406	0.5598	48.71	55.91	292.16
2026-05-28T20:20:14.3036287+08:00	0x04	-0.4784	0.4887	0.4044	-0.6072	282.65	273.76	10.71
2026-05-28T20:20:14.3036287+08:00	0x01	-0.3465	-0.5266	0.5093	-0.5859	316.12	52.13	70.46
2026-05-28T20:20:14.3378462+08:00	0x02	0.3294	0.4312	-0.5657	-0.6210	81.75	294.36	4.52
2026-05-28T20:20:14.3378462+08:00	0x03	-0.2886	0.5577	0.5406	0.5598	48.71	55.91	292.16
2026-05-28T20:20:14.4391599+08:00	0x03	-0.2875	0.5590	0.5424	0.5574	48.98	56.03	292.05
2026-05-28T20:20:14.4391599+08:00	0x01	-0.3445	-0.5291	0.5136	-0.5811	315.34	52.15	70.70
2026-05-28T20:20:14.4391599+08:00	0x04	-0.4743	0.4923	0.4060	-0.6065	282.94	273.80	10.12
2026-05-28T20:20:14.4391599+08:00	0x02	0.3107	0.4199	-0.5812	-0.6240	82.41	297.18	5.76
2026-05-28T20:20:14.4391599+08:00	0x03	-0.2875	0.5590	0.5424	0.5574	48.98	56.03	292.05
2026-05-28T20:20:14.4709289+08:00	0x01	-0.3361	-0.5365	0.5191	-0.5742	314.94	53.39	70.57
2026-05-28T20:20:14.5037133+08:00	0x03	-0.2888	0.5585	0.5437	0.5559	49.36	55.71	291.80
2026-05-28T20:20:14.5037133+08:00	0x04	-0.4707	0.4954	0.4063	-0.6065	283.29	273.84	9.69
2026-05-28T20:20:14.5369941+08:00	0x02	0.2876	0.4027	-0.5976	-0.6309	83.03	300.92	6.80
2026-05-28T20:20:14.6385256+08:00	0x03	-0.2888	0.5588	0.5436	0.5557	49.28	55.81	291.80
2026-05-28T20:20:14.6385256+08:00	0x01	-0.3367	-0.5373	0.5299	-0.5632	312.01	51.73	71.55
2026-05-28T20:20:14.6385256+08:00	0x04	-0.4669	0.4979	0.4066	-0.6072	283.67	273.96	9.33
2026-05-28T20:20:14.6385256+08:00	0x03	-0.2888	0.5588	0.5436	0.5557	49.28	55.81	291.80
2026-05-28T20:20:14.6385256+08:00	0x02	0.2809	0.4014	-0.5980	-0.6343	82.65	301.60	7.10
2026-05-28T20:20:14.6704302+08:00	0x03	-0.2882	0.5597	0.5448	0.5540	49.46	55.89	291.70
2026-05-28T20:20:14.6704302+08:00	0x01	-0.3410	-0.5366	0.5340	-0.5574	310.69	50.68	72.39
2026-05-28T20:20:14.7030363+08:00	0x04	-0.4621	0.5014	0.4067	-0.6080	284.19	274.06	8.86
2026-05-28T20:20:14.7375144+08:00	0x03	-0.2882	0.5597	0.5448	0.5540	49.46	55.89	291.70
2026-05-28T20:20:14.7375144+08:00	0x02	0.2815	0.4061	-0.5971	-0.6319	82.56	301.06	7.42
2026-05-28T20:20:14.8390885+08:00	0x03	-0.2871	0.5608	0.5452	0.5531	49.41	56.14	291.72
2026-05-28T20:20:14.8390885+08:00	0x01	-0.3402	-0.5385	0.5286	-0.5611	312.77	52.39	72.01
2026-05-28T20:20:14.8390885+08:00	0x02	0.2837	0.4094	-0.5960	-0.6298	82.55	300.54	7.51
2026-05-28T20:20:14.8390885+08:00	0x04	-0.4580	0.5048	0.4082	-0.6073	284.46	274.10	8.29
2026-05-28T20:20:14.8390885+08:00	0x03	-0.2871	0.5608	0.5452	0.5531	49.41	56.14	291.72
2026-05-28T20:20:14.8711308+08:00	0x04	-0.4547	0.5078	0.4093	-0.6065	284.70	274.09	7.81
2026-05-28T20:20:14.8711308+08:00	0x01	-0.3405	-0.5377	0.5262	-0.5639	313.31	52.57	71.80
2026-05-28T20:20:14.9041544+08:00	0x03	-0.2869	0.5607	0.5455	0.5529	49.54	56.05	291.72
2026-05-28T20:20:14.9041544+08:00	0x02	0.2865	0.4119	-0.5959	-0.6271	82.71	300.06	7.56
2026-05-28T20:20:14.9367008+08:00	0x03	-0.2869	0.5607	0.5455	0.5529	49.54	56.05	291.72
2026-05-28T20:20:14.9707099+08:00	0x04	-0.4528	0.5101	0.4095	-0.6059	284.88	274.02	7.53
2026-05-28T20:20:14.9707099+08:00	0x01	-0.3399	-0.5385	0.5220	-0.5674	314.70	53.60	71.44
2026-05-28T20:20:15.0718991+08:00	0x03	-0.2872	0.5604	0.5456	0.5530	49.58	55.98	291.70
2026-05-28T20:20:15.0718991+08:00	0x02	0.2873	0.4152	-0.5963	-0.6241	82.81	299.66	7.85
2026-05-28T20:20:15.0718991+08:00	0x03	-0.2872	0.5604	0.5456	0.5530	49.58	55.98	291.70
2026-05-28T20:20:15.0718991+08:00	0x04	-0.4512	0.5120	0.4095	-0.6055	285.05	273.96	7.30
2026-05-28T20:20:15.1038195+08:00	0x03	-0.2882	0.5599	0.5457	0.5528	49.67	55.81	291.60
2026-05-28T20:20:15.1038195+08:00	0x02	0.2867	0.4173	-0.5978	-0.6216	82.98	299.50	8.19
2026-05-28T20:20:15.1369260+08:00	0x03	-0.2894	0.5596	0.5458	0.5524	49.72	55.70	291.47
2026-05-28T20:20:15.2708958+08:00	0x04	-0.4495	0.5145	0.4101	-0.6042	285.16	273.84	6.96
2026-05-28T20:20:15.2718923+08:00	0x03	-0.2894	0.5596	0.5458	0.5524	49.72	55.70	291.47
2026-05-28T20:20:15.2718923+08:00	0x02	0.2872	0.4190	-0.5985	-0.6195	83.11	299.28	8.38
2026-05-28T20:20:15.2718923+08:00	0x03	-0.2898	0.5592	0.5450	0.5534	49.53	55.72	291.52
2026-05-28T20:20:15.3031040+08:00	0x04	-0.4480	0.5154	0.4129	-0.6027	285.03	273.89	6.57
2026-05-28T20:20:15.3041004+08:00	0x01	-0.3421	-0.5394	0.5148	-0.5718	317.03	55.19	71.20
2026-05-28T20:20:15.3041004+08:00	0x03	-0.2898	0.5592	0.5450	0.5534	49.53	55.72	291.52
2026-05-28T20:20:15.3041004+08:00	0x02	0.2884	0.4205	-0.5990	-0.6174	83.26	299.04	8.49
2026-05-28T20:20:15.3376399+08:00	0x01	-0.3427	-0.5399	0.5125	-0.5730	317.81	55.76	71.12
2026-05-28T20:20:15.3711094+08:00	0x03	-0.2895	0.5583	0.5447	0.5548	49.63	55.50	291.65
2026-05-28T20:20:15.4717419+08:00	0x04	-0.4464	0.5159	0.4159	-0.6013	284.89	273.98	6.19
2026-05-28T20:20:15.4717419+08:00	0x03	-0.2895	0.5583	0.5447	0.5548	49.63	55.50	291.65
2026-05-28T20:20:15.4717419+08:00	0x02	0.2890	0.4223	-0.5996	-0.6153	83.38	298.80	8.67
2026-05-28T20:20:15.4717419+08:00	0x01	-0.3440	-0.5404	0.5106	-0.5735	318.52	56.28	71.17
2026-05-28T20:20:15.4717419+08:00	0x03	-0.2885	0.5580	0.5439	0.5564	49.53	55.51	291.87
2026-05-28T20:20:15.4717419+08:00	0x03	-0.2885	0.5580	0.5439	0.5564	49.53	55.51	291.87
2026-05-28T20:20:15.5032011+08:00	0x04	-0.4448	0.5164	0.4181	-0.6006	284.83	274.09	5.88
2026-05-28T20:20:15.5375778+08:00	0x02	0.2878	0.4224	-0.6008	-0.6147	83.46	298.90	8.85
2026-05-28T20:20:15.5375778+08:00	0x03	-0.2885	0.5580	0.5439	0.5564	49.53	55.51	291.87
2026-05-28T20:20:15.5708903+08:00	0x01	-0.3440	-0.5409	0.5106	-0.5730	318.62	56.44	71.20
2026-05-28T20:20:15.6038468+08:00	0x04	-0.4425	0.5177	0.4191	-0.6004	284.97	274.17	5.59
2026-05-28T20:20:15.7056541+08:00	0x02	0.2799	0.4156	-0.6087	-0.6152	84.05	300.30	9.30
2026-05-28T20:20:15.7066487+08:00	0x01	-0.3440	-0.5411	0.5110	-0.5725	318.55	56.43	71.24
2026-05-28T20:20:15.7066487+08:00	0x03	-0.2875	0.5576	0.5443	0.5570	49.70	55.36	292.00
2026-05-28T20:20:15.7066487+08:00	0x04	-0.4413	0.5188	0.4196	-0.6000	285.04	274.16	5.40
2026-05-28T20:20:15.7375206+08:00	0x02	0.2794	0.4159	-0.6097	-0.6142	84.16	300.31	9.43
2026-05-28T20:20:15.7375206+08:00	0x03	-0.2877	0.5577	0.5444	0.5567	49.71	55.37	291.95
2026-05-28T20:20:15.7704194+08:00	0x01	-0.3459	-0.5395	0.5100	-0.5738	318.60	56.14	71.30
2026-05-28T20:20:15.8036580+08:00	0x02	0.2832	0.4219	-0.6072	-0.6108	84.05	299.37	9.58
2026-05-28T20:20:15.8036580+08:00	0x03	-0.2877	0.5577	0.5444	0.5567	49.71	55.37	291.95
2026-05-28T20:20:15.8036580+08:00	0x04	-0.4418	0.5197	0.4207	-0.5981	284.88	274.00	5.23
2026-05-28T20:20:15.8372896+08:00	0x03	-0.2888	0.5577	0.5433	0.5571	49.39	55.55	291.90
2026-05-28T20:20:15.9389218+08:00	0x04	-0.4408	0.5208	0.4218	-0.5971	284.86	273.96	5.00
2026-05-28T20:20:15.9389218+08:00	0x02	0.2823	0.4208	-0.6112	-0.6080	84.56	299.59	9.85
2026-05-28T20:20:15.9389218+08:00	0x03	-0.2888	0.5577	0.5433	0.5571	49.39	55.55	291.90
2026-05-28T20:20:15.9699170+08:00	0x03	-0.2896	0.5574	0.5431	0.5572	49.35	55.49	291.85
2026-05-28T20:20:15.9709133+08:00	0x04	-0.4395	0.5220	0.4231	-0.5961	284.86	273.95	4.73
2026-05-28T20:20:15.9709133+08:00	0x03	-0.2878	0.5575	0.5441	0.5571	49.68	55.35	291.98
2026-05-28T20:20:16.0035741+08:00	0x02	0.2802	0.4187	-0.6133	-0.6084	84.71	299.99	9.94
2026-05-28T20:20:16.0035741+08:00	0x03	-0.2896	0.5574	0.5431	0.5572	49.35	55.49	291.85
2026-05-28T20:20:16.0704882+08:00	0x03	-0.2898	0.5573	0.5425	0.5578	49.24	55.52	291.88
2026-05-28T20:20:16.0704882+08:00	0x04	-0.4383	0.5230	0.4247	-0.5950	284.82	273.96	4.44
2026-05-28T20:20:16.1738410+08:00	0x02	0.2789	0.4197	-0.6137	-0.6078	84.69	300.00	10.15
2026-05-28T20:20:16.1738410+08:00	0x03	-0.2898	0.5573	0.5425	0.5578	49.24	55.52	291.88
2026-05-28T20:20:16.1738410+08:00	0x04	-0.4369	0.5241	0.4259	-0.5942	284.84	273.96	4.18
2026-05-28T20:20:16.1738410+08:00	0x03	-0.2899	0.5573	0.5419	0.5584	49.06	55.62	291.92
2026-05-28T20:20:16.2037592+08:00	0x02	0.2789	0.4194	-0.6146	-0.6072	84.81	300.04	10.19
2026-05-28T20:20:16.2368745+08:00	0x03	-0.2899	0.5573	0.5419	0.5584	49.06	55.62	291.92
2026-05-28T20:20:16.2705227+08:00	0x04	-0.4357	0.5251	0.4269	-0.5934	284.86	273.96	3.94
2026-05-28T20:20:16.3038687+08:00	0x03	-0.2897	0.5572	0.5415	0.5589	48.97	55.67	291.99
2026-05-28T20:20:16.3038687+08:00	0x02	0.2787	0.4193	-0.6155	-0.6063	84.94	300.07	10.27
2026-05-28T20:20:16.4056041+08:00	0x03	-0.2887	0.5578	0.5408	0.5595	48.74	55.92	292.12
2026-05-28T20:20:16.4056041+08:00	0x01	-0.3462	-0.5401	0.5056	-0.5769	319.92	57.05	71.01
2026-05-28T20:20:16.4066016+08:00	0x04	-0.4346	0.5259	0.4276	-0.5931	284.90	273.97	3.77
2026-05-28T20:20:16.4066016+08:00	0x03	-0.2887	0.5578	0.5408	0.5595	48.74	55.92	292.12
2026-05-28T20:20:16.4066016+08:00	0x02	0.2788	0.4193	-0.6160	-0.6058	85.01	300.07	10.30
2026-05-28T20:20:16.4375196+08:00	0x01	-0.3469	-0.5401	0.5057	-0.5764	319.95	57.07	71.11
2026-05-28T20:20:16.4375196+08:00	0x03	-0.2883	0.5581	0.5406	0.5596	48.64	56.04	292.16
2026-05-28T20:20:16.4705070+08:00	0x04	-0.4337	0.5265	0.4282	-0.5928	284.93	273.99	3.63
2026-05-28T20:20:16.5038858+08:00	0x03	-0.2883	0.5581	0.5406	0.5596	48.64	56.04	292.16
2026-05-28T20:20:16.5038858+08:00	0x02	0.2799	0.4206	-0.6159	-0.6046	85.06	299.84	10.35
2026-05-28T20:20:16.6086258+08:00	0x01	-0.3475	-0.5394	0.5063	-0.5762	319.70	56.78	71.19
2026-05-28T20:20:16.6086258+08:00	0x03	-0.2879	0.5583	0.5403	0.5599	48.55	56.13	292.23
2026-05-28T20:20:16.6086258+08:00	0x04	-0.4327	0.5265	0.4296	-0.5925	284.89	274.09	3.46
2026-05-28T20:20:16.6086258+08:00	0x03	-0.2879	0.5583	0.5403	0.5599	48.55	56.13	292.23
2026-05-28T20:20:16.6086258+08:00	0x02	0.2779	0.4216	-0.6149	-0.6058	84.79	299.89	10.47
2026-05-28T20:20:16.6374754+08:00	0x01	-0.3462	-0.5406	0.5145	-0.5685	317.61	55.76	71.79
2026-05-28T20:20:16.6704713+08:00	0x03	-0.2874	0.5579	0.5403	0.5606	48.65	56.01	292.32
2026-05-28T20:20:16.6704713+08:00	0x02	0.2631	0.4184	-0.6215	-0.6078	84.79	301.47	11.55
2026-05-28T20:20:16.7034441+08:00	0x04	-0.4314	0.5257	0.4303	-0.5937	284.95	274.32	3.43
2026-05-28T20:20:16.7044697+08:00	0x03	-0.2874	0.5579	0.5403	0.5606	48.65	56.01	292.32
2026-05-28T20:20:16.7372524+08:00	0x01	-0.3443	-0.5408	0.5267	-0.5583	313.98	53.55	72.56
2026-05-28T20:20:16.8430528+08:00	0x03	-0.2871	0.5569	0.5415	0.5606	49.11	55.57	292.34
2026-05-28T20:20:16.8430528+08:00	0x02	0.2583	0.4107	-0.6262	-0.6103	85.18	302.68	11.48
2026-05-28T20:20:16.8430528+08:00	0x04	-0.4324	0.5248	0.4306	-0.5935	284.82	274.33	3.52
2026-05-28T20:20:16.8430528+08:00	0x03	-0.2871	0.5569	0.5415	0.5606	49.11	55.57	292.34
2026-05-28T20:20:16.8430528+08:00	0x04	-0.4327	0.5244	0.4323	-0.5924	284.61	274.35	3.40
2026-05-28T20:20:16.8709685+08:00	0x03	-0.2864	0.5567	0.5424	0.5602	49.39	55.39	292.36
2026-05-28T20:20:16.8709685+08:00	0x02	0.2660	0.4129	-0.6243	-0.6075	85.38	301.83	11.09
2026-05-28T20:20:16.9375147+08:00	0x03	-0.2851	0.5568	0.5408	0.5624	49.02	55.63	292.65
2026-05-28T20:20:17.0426479+08:00	0x04	-0.4315	0.5261	0.4363	-0.5887	284.30	274.25	2.81
2026-05-28T20:20:17.0426479+08:00	0x01	-0.3478	-0.5409	0.5229	-0.5596	315.33	54.40	72.71
2026-05-28T20:20:17.0426479+08:00	0x03	-0.2851	0.5568	0.5408	0.5624	49.02	55.63	292.65
2026-05-28T20:20:17.0426479+08:00	0x02	0.2790	0.4223	-0.6136	-0.6061	84.67	299.72	10.37
2026-05-28T20:20:17.0426479+08:00	0x03	-0.2822	0.5576	0.5374	0.5663	48.15	56.30	293.23
2026-05-28T20:20:17.0705678+08:00	0x04	-0.4292	0.5289	0.4388	-0.5861	284.28	274.14	2.23
2026-05-28T20:20:17.0705678+08:00	0x01	-0.3465	-0.5430	0.5155	-0.5651	317.90	56.43	72.07
2026-05-28T20:20:17.1038327+08:00	0x02	0.3055	0.4633	-0.5771	-0.5992	81.40	292.94	9.70
2026-05-28T20:20:17.1038327+08:00	0x03	-0.2822	0.5576	0.5374	0.5663	48.15	56.30	293.23
2026-05-28T20:20:17.1374433+08:00	0x03	-0.2801	0.5576	0.5369	0.5678	48.10	56.37	293.54
2026-05-28T20:20:17.1709335+08:00	0x04	-0.4290	0.5297	0.4400	-0.5846	284.18	274.06	2.04
2026-05-28T20:20:17.1709335+08:00	0x01	-0.3535	-0.5427	0.5190	-0.5578	317.27	55.99	73.28
2026-05-28T20:20:17.2759820+08:00	0x02	0.3336	0.5214	-0.5325	-0.5773	77.68	283.72	9.79
2026-05-28T20:20:17.2759820+08:00	0x03	-0.2801	0.5576	0.5369	0.5678	48.10	56.37	293.54
2026-05-28T20:20:17.2759820+08:00	0x01	-0.3614	-0.5396	0.5287	-0.5465	313.74	53.02	74.93
2026-05-28T20:20:17.2759820+08:00	0x03	-0.2799	0.5569	0.5377	0.5678	48.42	56.06	293.55
2026-05-28T20:20:17.2759820+08:00	0x04	-0.4255	0.5308	0.4426	-0.5842	284.25	274.27	1.57
2026-05-28T20:20:17.3037914+08:00	0x02	0.3384	0.5266	-0.5199	-0.5812	76.52	282.65	8.87
2026-05-28T20:20:17.3070481+08:00	0x03	-0.2799	0.5569	0.5377	0.5678	48.42	56.06	293.55
2026-05-28T20:20:17.3369224+08:00	0x01	-0.3650	-0.5380	0.5313	-0.5432	312.51	51.83	75.51
2026-05-28T20:20:17.3712014+08:00	0x03	-0.2764	0.5597	0.5355	0.5688	47.62	57.06	293.95
2026-05-28T20:20:17.3712014+08:00	0x04	-0.4081	0.5303	0.4504	-0.5911	285.14	275.99	0.28
2026-05-28T20:20:17.4720030+08:00	0x02	0.3415	0.5268	-0.5114	-0.5868	75.76	282.34	7.94
2026-05-28T20:20:17.4720030+08:00	0x03	-0.2764	0.5597	0.5355	0.5688	47.62	57.06	293.95
2026-05-28T20:20:17.4720030+08:00	0x01	-0.3669	-0.5362	0.5331	-0.5419	311.36	50.64	75.78
2026-05-28T20:20:17.4720030+08:00	0x03	-0.2720	0.5625	0.5354	0.5682	47.35	57.80	294.28
2026-05-28T20:20:17.4720030+08:00	0x04	-0.3991	0.5246	0.4590	-0.5957	285.08	277.53	359.65
2026-05-28T20:20:17.5039928+08:00	0x02	0.3398	0.5195	-0.5125	-0.5933	75.77	283.37	7.42
2026-05-28T20:20:17.5379127+08:00	0x03	-0.2720	0.5625	0.5354	0.5682	47.35	57.80	294.28
2026-05-28T20:20:17.5379127+08:00	0x01	-0.3639	-0.5388	0.5293	-0.5451	313.39	52.59	75.25
2026-05-28T20:20:17.5708386+08:00	0x02	0.3398	0.5191	-0.5114	-0.5945	75.64	283.41	7.29
2026-05-28T20:20:17.5708386+08:00	0x03	-0.2715	0.5618	0.5350	0.5695	47.38	57.66	294.43
2026-05-28T20:20:17.5708386+08:00	0x04	-0.3967	0.5241	0.4645	-0.5934	284.69	277.81	359.08
2026-05-28T20:20:17.6724545+08:00	0x03	-0.2712	0.5621	0.5328	0.5715	46.85	57.99	294.64
2026-05-28T20:20:17.6724545+08:00	0x01	-0.3630	-0.5400	0.5269	-0.5468	314.53	53.62	75.02
2026-05-28T20:20:17.6724545+08:00	0x02	0.3389	0.5194	-0.5089	-0.5970	75.27	283.44	7.12
2026-05-28T20:20:17.6724545+08:00	0x04	-0.3995	0.5260	0.4648	-0.5896	284.40	277.33	358.98
2026-05-28T20:20:17.7040340+08:00	0x03	-0.2712	0.5621	0.5328	0.5715	46.85	57.99	294.64
2026-05-28T20:20:17.7371913+08:00	0x03	-0.2706	0.5621	0.5323	0.5723	46.75	58.04	294.76
2026-05-28T20:20:17.7371913+08:00	0x01	-0.3624	-0.5416	0.5245	-0.5480	315.76	54.76	74.85
2026-05-28T20:20:17.7708114+08:00	0x02	0.3373	0.5160	-0.5084	-0.6012	75.09	283.98	6.84
2026-05-28T20:20:17.7708114+08:00	0x04	-0.3996	0.5248	0.4647	-0.5908	284.41	277.46	359.11
2026-05-28T20:20:17.8039713+08:00	0x03	-0.2706	0.5621	0.5323	0.5723	46.75	58.04	294.76
2026-05-28T20:20:17.9047019+08:00	0x04	-0.4000	0.5246	0.4651	-0.5902	284.31	277.44	359.10
2026-05-28T20:20:17.9047019+08:00	0x01	-0.3624	-0.5420	0.5233	-0.5487	316.29	55.20	74.79
2026-05-28T20:20:17.9047019+08:00	0x03	-0.2721	0.5621	0.5333	0.5707	46.92	57.93	294.49
2026-05-28T20:20:17.9047019+08:00	0x02	0.3372	0.5162	-0.5077	-0.6018	74.99	283.97	6.79
2026-05-28T20:20:17.9047019+08:00	0x03	-0.2721	0.5621	0.5333	0.5707	46.92	57.93	294.49
2026-05-28T20:20:17.9371212+08:00	0x01	-0.3617	-0.5431	0.5197	-0.5515	317.68	56.34	74.45
2026-05-28T20:20:17.9710268+08:00	0x04	-0.3986	0.5228	0.4676	-0.5909	284.18	277.79	358.98
2026-05-28T20:20:17.9710268+08:00	0x03	-0.2734	0.5619	0.5332	0.5703	46.86	57.92	294.35
2026-05-28T20:20:17.9710268+08:00	0x02	0.3411	0.5121	-0.5074	-0.6032	75.29	284.13	6.21
2026-05-28T20:20:18.0035583+08:00	0x03	-0.2734	0.5619	0.5332	0.5703	46.86	57.92	294.35
2026-05-28T20:20:18.0375839+08:00	0x04	-0.4001	0.5203	0.4690	-0.5909	283.88	277.95	359.13
2026-05-28T20:20:18.1429095+08:00	0x01	-0.3645	-0.5424	0.5197	-0.5503	317.73	56.25	74.79
2026-05-28T20:20:18.1429095+08:00	0x03	-0.2737	0.5609	0.5332	0.5711	46.99	57.66	294.38
2026-05-28T20:20:18.1429095+08:00	0x02	0.3423	0.5177	-0.5042	-0.6005	75.00	283.36	6.37
2026-05-28T20:20:18.1429095+08:00	0x01	-0.3640	-0.5412	0.5199	-0.5516	317.25	55.67	74.65
2026-05-28T20:20:18.1429095+08:00	0x03	-0.2737	0.5609	0.5332	0.5711	46.99	57.66	294.38
2026-05-28T20:20:18.1429095+08:00	0x04	-0.4023	0.5229	0.4698	-0.5865	283.58	277.44	358.89
2026-05-28T20:20:18.1707207+08:00	0x02	0.3454	0.5180	-0.5017	-0.6005	74.97	283.06	6.02
2026-05-28T20:20:18.2036318+08:00	0x01	-0.3654	-0.5399	0.5212	-0.5508	316.59	54.97	74.86
2026-05-28T20:20:18.2036318+08:00	0x03	-0.2734	0.5602	0.5321	0.5730	46.88	57.58	294.57
2026-05-28T20:20:18.2708922+08:00	0x04	-0.4027	0.5198	0.4717	-0.5875	283.34	277.78	359.01
2026-05-28T20:20:18.2708922+08:00	0x03	-0.2734	0.5602	0.5321	0.5730	46.88	57.58	294.57
2026-05-28T20:20:18.2708922+08:00	0x02	0.3436	0.5104	-0.5066	-0.6040	75.40	284.14	5.86
2026-05-28T20:20:18.3753040+08:00	0x01	-0.3661	-0.5416	0.5187	-0.5510	317.92	56.21	74.86
2026-05-28T20:20:18.3759644+08:00	0x03	-0.2739	0.5602	0.5310	0.5738	46.60	57.72	294.60
2026-05-28T20:20:18.3760739+08:00	0x04	-0.4039	0.5182	0.4723	-0.5876	283.16	277.85	359.15
2026-05-28T20:20:18.3760739+08:00	0x03	-0.2739	0.5602	0.5310	0.5738	46.60	57.72	294.60
2026-05-28T20:20:18.3760739+08:00	0x02	0.3453	0.5062	-0.5050	-0.6079	75.37	284.49	5.24
2026-05-28T20:20:18.4375994+08:00	0x01	-0.3682	-0.5413	0.5198	-0.5489	317.62	55.94	75.21
2026-05-28T20:20:18.4375994+08:00	0x03	-0.2764	0.5590	0.5315	0.5733	46.77	57.38	294.34
2026-05-28T20:20:18.4708944+08:00	0x04	-0.4041	0.5183	0.4724	-0.5873	283.13	277.82	359.14
2026-05-28T20:20:18.5729725+08:00	0x03	-0.2764	0.5590	0.5315	0.5733	46.77	57.38	294.34
2026-05-28T20:20:18.5739651+08:00	0x02	0.3445	0.5127	-0.5038	-0.6039	75.15	283.78	5.77
2026-05-28T20:20:18.5739651+08:00	0x01	-0.3657	-0.5414	0.5185	-0.5516	317.92	56.17	74.78
2026-05-28T20:20:18.5739651+08:00	0x03	-0.2753	0.5603	0.5293	0.5746	46.14	57.95	294.57
2026-05-28T20:20:18.5739651+08:00	0x02	0.3446	0.5154	-0.5029	-0.6023	75.05	283.45	5.93
2026-05-28T20:20:18.5739651+08:00	0x04	-0.4039	0.5209	0.4733	-0.5844	283.04	277.53	358.80
2026-05-28T20:20:18.6038856+08:00	0x03	-0.2753	0.5603	0.5293	0.5746	46.14	57.95	294.57
2026-05-28T20:20:18.6370964+08:00	0x01	-0.3656	-0.5414	0.5189	-0.5513	317.77	56.07	74.80
2026-05-28T20:20:18.6370964+08:00	0x03	-0.2736	0.5602	0.5291	0.5756	46.18	57.94	294.79
2026-05-28T20:20:18.6706628+08:00	0x02	0.3432	0.5117	-0.5069	-0.6028	75.41	284.01	6.03
2026-05-28T20:20:18.6706628+08:00	0x04	-0.4068	0.5190	0.4740	-0.5836	282.70	277.49	359.01
2026-05-28T20:20:18.7035760+08:00	0x03	-0.2736	0.5602	0.5291	0.5756	46.18	57.94	294.79
2026-05-28T20:20:18.8057292+08:00	0x01	-0.3611	-0.5454	0.5147	-0.5543	319.84	58.22	74.10
2026-05-28T20:20:18.8057292+08:00	0x02	0.3463	0.5151	-0.5049	-0.5998	75.42	283.34	6.01
2026-05-28T20:20:18.8057292+08:00	0x03	-0.2745	0.5604	0.5278	0.5762	45.82	58.15	294.78
2026-05-28T20:20:18.8057292+08:00	0x04	-0.4070	0.5197	0.4766	-0.5806	282.38	277.39	358.70
2026-05-28T20:20:18.8057292+08:00	0x03	-0.2739	0.5605	0.5260	0.5780	45.42	58.37	295.00
2026-05-28T20:20:18.8377242+08:00	0x01	-0.3595	-0.5450	0.5144	-0.5560	319.69	58.02	73.83
2026-05-28T20:20:18.8377242+08:00	0x04	-0.4063	0.5178	0.4768	-0.5826	282.43	277.67	358.84
2026-05-28T20:20:18.8709420+08:00	0x02	0.3448	0.5125	-0.5064	-0.6016	75.49	283.77	5.98
2026-05-28T20:20:18.8709420+08:00	0x03	-0.2739	0.5605	0.5260	0.5780	45.42	58.37	295.00
2026-05-28T20:20:18.9035485+08:00	0x03	-0.2730	0.5603	0.5269	0.5779	45.72	58.19	295.05
2026-05-28T20:20:18.9377694+08:00	0x04	-0.4098	0.5139	0.4736	-0.5862	282.45	277.81	359.65
2026-05-28T20:20:18.9377694+08:00	0x01	-0.3599	-0.5451	0.5141	-0.5559	319.82	58.13	73.87
2026-05-28T20:20:19.0409459+08:00	0x02	0.3445	0.5115	-0.5049	-0.6039	75.28	283.91	5.76
2026-05-28T20:20:19.0409459+08:00	0x03	-0.2730	0.5603	0.5269	0.5779	45.72	58.19	295.05
2026-05-28T20:20:19.0409459+08:00	0x01	-0.3611	-0.5459	0.5113	-0.5569	320.98	59.04	73.84
2026-05-28T20:20:19.0409459+08:00	0x03	-0.2746	0.5582	0.5308	0.5755	46.83	57.21	294.67
2026-05-28T20:20:19.0409459+08:00	0x04	-0.4122	0.5104	0.4694	-0.5909	282.68	278.00	0.46
2026-05-28T20:20:19.0707574+08:00	0x02	0.3444	0.5084	-0.5056	-0.6061	75.37	284.30	5.54
2026-05-28T20:20:19.0707574+08:00	0x03	-0.2746	0.5582	0.5308	0.5755	46.83	57.21	294.67
2026-05-28T20:20:19.1033133+08:00	0x01	-0.3601	-0.5464	0.5097	-0.5586	321.50	59.46	73.59
2026-05-28T20:20:19.1368840+08:00	0x03	-0.2757	0.5587	0.5310	0.5743	46.75	57.34	294.49
2026-05-28T20:20:19.1368840+08:00	0x04	-0.4157	0.5064	0.4656	-0.5950	282.76	278.14	1.33
2026-05-28T20:20:19.1710522+08:00	0x02	0.3427	0.5050	-0.5061	-0.6095	75.29	284.85	5.36
2026-05-28T20:20:19.1710522+08:00	0x03	-0.2757	0.5587	0.5310	0.5743	46.75	57.34	294.49
2026-05-28T20:20:19.2714874+08:00	0x01	-0.3604	-0.5456	0.5120	-0.5571	320.64	58.75	73.77
2026-05-28T20:20:19.2714874+08:00	0x03	-0.2790	0.5575	0.5353	0.5700	47.78	56.53	293.82
2026-05-28T20:20:19.2714874+08:00	0x04	-0.4131	0.5045	0.4652	-0.5986	283.06	278.60	1.45
2026-05-28T20:20:19.2714874+08:00	0x02	0.3448	0.5044	-0.5046	-0.6100	75.29	284.74	5.08
2026-05-28T20:20:19.3039663+08:00	0x03	-0.2790	0.5575	0.5353	0.5700	47.78	56.53	293.82
2026-05-28T20:20:19.3039663+08:00	0x01	-0.3603	-0.5452	0.5139	-0.5557	319.96	58.25	73.91
2026-05-28T20:20:19.3380344+08:00	0x04	-0.4162	0.5076	0.4660	-0.5933	282.67	277.95	1.19
2026-05-28T20:20:19.3710286+08:00	0x03	-0.2799	0.5595	0.5352	0.5676	47.41	57.10	293.57
2026-05-28T20:20:19.3710286+08:00	0x02	0.3445	0.5033	-0.5045	-0.6111	75.26	284.89	4.98
2026-05-28T20:20:19.4737437+08:00	0x03	-0.2779	0.5592	0.5328	0.5712	47.00	57.27	294.04
2026-05-28T20:20:19.4737437+08:00	0x01	-0.3610	-0.5449	0.5146	-0.5550	319.71	58.02	74.04
2026-05-28T20:20:19.4737437+08:00	0x02	0.3485	0.5043	-0.5011	-0.6109	75.18	284.44	4.57
2026-05-28T20:20:19.4747402+08:00	0x04	-0.4140	0.5060	0.4686	-0.5941	282.60	278.35	1.02
2026-05-28T20:20:19.4747402+08:00	0x03	-0.2779	0.5592	0.5328	0.5712	47.00	57.27	294.04
2026-05-28T20:20:19.5036719+08:00	0x01	-0.3624	-0.5447	0.5138	-0.5550	320.03	58.21	74.14
2026-05-28T20:20:19.5036719+08:00	0x03	-0.2789	0.5575	0.5342	0.5710	47.53	56.66	293.91
2026-05-28T20:20:19.5376397+08:00	0x02	0.3529	0.5038	-0.4962	-0.6127	74.99	284.11	3.87
2026-05-28T20:20:19.5712052+08:00	0x04	-0.4175	0.5081	0.4616	-0.5954	283.03	277.77	1.61
2026-05-28T20:20:19.5712052+08:00	0x03	-0.2789	0.5575	0.5342	0.5710	47.53	56.66	293.91
2026-05-28T20:20:19.6730934+08:00	0x01	-0.3651	-0.5441	0.5140	-0.5535	320.04	58.11	74.50
2026-05-28T20:20:19.6730934+08:00	0x03	-0.2822	0.5575	0.5354	0.5682	47.70	56.53	293.41
2026-05-28T20:20:19.6730934+08:00	0x02	0.3530	0.5034	-0.4973	-0.6121	75.12	284.15	3.93
2026-05-28T20:20:19.6730934+08:00	0x04	-0.4230	0.5102	0.4529	-0.5964	283.42	276.99	2.42
2026-05-28T20:20:19.6730934+08:00	0x03	-0.2822	0.5575	0.5354	0.5682	47.70	56.53	293.41
2026-05-28T20:20:19.7034716+08:00	0x04	-0.4267	0.5114	0.4472	-0.5970	283.67	276.49	2.98
2026-05-28T20:20:19.7373443+08:00	0x01	-0.3655	-0.5438	0.5135	-0.5541	320.14	58.10	74.48
2026-05-28T20:20:19.7373443+08:00	0x03	-0.2843	0.5580	0.5356	0.5666	47.58	56.64	293.09
2026-05-28T20:20:19.7373443+08:00	0x02	0.3541	0.5007	-0.4974	-0.6136	75.23	284.37	3.65
2026-05-28T20:20:19.7712917+08:00	0x03	-0.2843	0.5580	0.5356	0.5666	47.58	56.64	293.09
2026-05-28T20:20:19.8748540+08:00	0x04	-0.4290	0.5105	0.4491	-0.5947	283.23	276.36	2.97
2026-05-28T20:20:19.8753763+08:00	0x01	-0.3673	-0.5431	0.5126	-0.5544	320.39	58.14	74.59
2026-05-28T20:20:19.8753763+08:00	0x03	-0.2880	0.5575	0.5367	0.5640	47.78	56.41	292.57
2026-05-28T20:20:19.8753763+08:00	0x02	0.3577	0.5029	-0.4954	-0.6113	75.30	283.81	3.50
2026-05-28T20:20:19.8753763+08:00	0x01	-0.3670	-0.5437	0.5092	-0.5572	321.56	59.01	74.28
2026-05-28T20:20:19.9038182+08:00	0x03	-0.2880	0.5575	0.5367	0.5640	47.78	56.41	292.57
2026-05-28T20:20:19.9367284+08:00	0x04	-0.4307	0.5105	0.4481	-0.5941	283.15	276.19	3.11
2026-05-28T20:20:19.9367284+08:00	0x03	-0.2890	0.5575	0.5349	0.5653	47.31	56.64	292.61
2026-05-28T20:20:19.9367284+08:00	0x02	0.3593	0.5031	-0.4946	-0.6108	75.34	283.64	3.36
2026-05-28T20:20:19.9711296+08:00	0x01	-0.3679	-0.5425	0.5092	-0.5577	321.29	58.59	74.34
2026-05-28T20:20:20.0757534+08:00	0x03	-0.2905	0.5571	0.5349	0.5649	47.30	56.55	292.45
2026-05-28T20:20:20.0757534+08:00	0x04	-0.4322	0.5113	0.4463	-0.5938	283.21	275.96	3.27
2026-05-28T20:20:20.0757534+08:00	0x03	-0.2905	0.5571	0.5349	0.5649	47.30	56.55	292.45
2026-05-28T20:20:20.0757534+08:00	0x02	0.3602	0.5030	-0.4936	-0.6112	75.31	283.58	3.23
2026-05-28T20:20:20.0757534+08:00	0x01	-0.3691	-0.5417	0.5090	-0.5579	321.23	58.39	74.42
2026-05-28T20:20:20.1032971+08:00	0x03	-0.2916	0.5573	0.5350	0.5641	47.24	56.61	292.29
2026-05-28T20:20:20.1376177+08:00	0x04	-0.4331	0.5122	0.4457	-0.5928	283.17	275.76	3.26
2026-05-28T20:20:20.1701039+08:00	0x03	-0.2916	0.5573	0.5350	0.5641	47.24	56.61	292.29
2026-05-28T20:20:20.1711007+08:00	0x02	0.3633	0.5022	-0.4925	-0.6109	75.45	283.40	2.92
2026-05-28T20:20:20.2034547+08:00	0x01	-0.3707	-0.5405	0.5086	-0.5584	321.18	58.12	74.52
2026-05-28T20:20:20.2034547+08:00	0x03	-0.2933	0.5572	0.5332	0.5650	46.74	56.85	292.24
2026-05-28T20:20:20.3072768+08:00	0x04	-0.4314	0.5121	0.4503	-0.5907	282.86	275.94	2.78
2026-05-28T20:20:20.3072768+08:00	0x02	0.3666	0.5025	-0.4910	-0.6099	75.57	283.08	2.65
2026-05-28T20:20:20.3072768+08:00	0x03	-0.2933	0.5572	0.5332	0.5650	46.74	56.85	292.24
2026-05-28T20:20:20.3072768+08:00	0x01	-0.3714	-0.5401	0.5078	-0.5590	321.37	58.16	74.53
2026-05-28T20:20:20.3072768+08:00	0x03	-0.2928	0.5566	0.5299	0.5689	46.05	57.12	292.62
2026-05-28T20:20:20.3377166+08:00	0x04	-0.4309	0.5119	0.4538	-0.5885	282.53	276.01	2.44
2026-05-28T20:20:20.3706372+08:00	0x02	0.3646	0.5038	-0.4917	-0.6095	75.47	283.10	2.92
2026-05-28T20:20:20.3706372+08:00	0x03	-0.2928	0.5566	0.5299	0.5689	46.05	57.12	292.62
2026-05-28T20:20:20.4033373+08:00	0x01	-0.3718	-0.5392	0.5094	-0.5581	320.66	57.53	74.66
2026-05-28T20:20:20.4033373+08:00	0x02	0.3680	0.5049	-0.4880	-0.6095	75.34	282.68	2.53
2026-05-28T20:20:20.5056699+08:00	0x03	-0.2920	0.5564	0.5282	0.5711	45.72	57.26	292.88
2026-05-28T20:20:20.5056699+08:00	0x04	-0.4300	0.5134	0.4551	-0.5869	282.49	275.92	2.15
2026-05-28T20:20:20.5056699+08:00	0x03	-0.2920	0.5564	0.5282	0.5711	45.72	57.26	292.88
2026-05-28T20:20:20.5056699+08:00	0x01	-0.3729	-0.5398	0.5096	-0.5567	320.88	57.80	74.87
2026-05-28T20:20:20.5378188+08:00	0x02	0.3682	0.5068	-0.4845	-0.6106	74.95	282.43	2.37
2026-05-28T20:20:20.5378188+08:00	0x03	-0.2912	0.5570	0.5270	0.5721	45.37	57.57	293.05
2026-05-28T20:20:20.5378188+08:00	0x04	-0.4291	0.5135	0.4554	-0.5872	282.54	276.00	2.08
2026-05-28T20:20:20.6036075+08:00	0x03	-0.2916	0.5563	0.5277	0.5718	45.64	57.29	292.97
2026-05-28T20:20:20.6036075+08:00	0x01	-0.3732	-0.5398	0.5097	-0.5564	320.85	57.79	74.91
2026-05-28T20:20:20.6368499+08:00	0x02	0.3684	0.5085	-0.4842	-0.6093	74.93	282.22	2.49
2026-05-28T20:20:20.6368499+08:00	0x03	-0.2916	0.5563	0.5277	0.5718	45.64	57.29	292.97
2026-05-28T20:20:20.7387299+08:00	0x04	-0.4305	0.5145	0.4553	-0.5853	282.40	275.74	2.03
2026-05-28T20:20:20.7387299+08:00	0x03	-0.2913	0.5567	0.5264	0.5729	45.27	57.56	293.11
2026-05-28T20:20:20.7387299+08:00	0x04	-0.4305	0.5157	0.4558	-0.5839	282.35	275.60	1.87
2026-05-28T20:20:20.7387299+08:00	0x01	-0.3736	-0.5392	0.5088	-0.5575	320.99	57.75	74.85
2026-05-28T20:20:20.7387299+08:00	0x02	0.3696	0.5142	-0.4811	-0.6062	74.68	281.43	2.67
2026-05-28T20:20:20.7387299+08:00	0x03	-0.2913	0.5567	0.5264	0.5729	45.27	57.56	293.11
2026-05-28T20:20:20.7713785+08:00	0x01	-0.3737	-0.5398	0.5076	-0.5579	321.56	58.26	74.81
2026-05-28T20:20:20.8039380+08:00	0x03	-0.2911	0.5562	0.5255	0.5743	45.16	57.52	293.24
2026-05-28T20:20:20.8039380+08:00	0x04	-0.4302	0.5156	0.4569	-0.5834	282.26	275.63	1.77
2026-05-28T20:20:20.8376813+08:00	0x02	0.3698	0.5147	-0.4802	-0.6064	74.60	281.36	2.63
2026-05-28T20:20:20.9421110+08:00	0x03	-0.2911	0.5562	0.5255	0.5743	45.16	57.52	293.24
2026-05-28T20:20:20.9421110+08:00	0x01	-0.3743	-0.5398	0.5070	-0.5581	321.80	58.41	74.83
2026-05-28T20:20:20.9421110+08:00	0x04	-0.4314	0.5166	0.4572	-0.5813	282.11	275.39	1.67
2026-05-28T20:20:20.9421110+08:00	0x03	-0.2914	0.5554	0.5255	0.5749	45.26	57.32	293.26
2026-05-28T20:20:20.9421110+08:00	0x02	0.3700	0.5154	-0.4788	-0.6068	74.46	281.24	2.55
2026-05-28T20:20:20.9709123+08:00	0x03	-0.2914	0.5554	0.5255	0.5749	45.26	57.32	293.26
2026-05-28T20:20:20.9709123+08:00	0x01	-0.3747	-0.5401	0.5064	-0.5581	322.14	58.72	74.85
2026-05-28T20:20:21.0036761+08:00	0x04	-0.4316	0.5169	0.4577	-0.5805	282.04	275.34	1.60
2026-05-28T20:20:21.0375864+08:00	0x03	-0.2911	0.5550	0.5248	0.5760	45.18	57.29	293.37
2026-05-28T20:20:21.0375864+08:00	0x02	0.3707	0.5153	-0.4781	-0.6070	74.43	281.20	2.45
2026-05-28T20:20:21.0704449+08:00	0x03	-0.2911	0.5550	0.5248	0.5760	45.18	57.29	293.37
2026-05-28T20:20:21.0704449+08:00	0x01	-0.3747	-0.5405	0.5056	-0.5584	322.50	59.04	74.81
2026-05-28T20:20:21.1722305+08:00	0x04	-0.4311	0.5179	0.4578	-0.5800	282.07	275.28	1.48
2026-05-28T20:20:21.1722305+08:00	0x03	-0.2907	0.5549	0.5247	0.5765	45.19	57.26	293.45
2026-05-28T20:20:21.1722305+08:00	0x02	0.3714	0.5148	-0.4772	-0.6077	74.41	281.20	2.28
2026-05-28T20:20:21.1722305+08:00	0x01	-0.3743	-0.5404	0.5058	-0.5586	322.38	58.93	74.76
2026-05-28T20:20:21.1722305+08:00	0x03	-0.2905	0.5556	0.5240	0.5764	44.93	57.55	293.47
2026-05-28T20:20:21.2376308+08:00	0x04	-0.4286	0.5173	0.4623	-0.5789	281.85	275.60	1.03
2026-05-28T20:20:21.2376308+08:00	0x03	-0.2905	0.5556	0.5240	0.5764	44.93	57.55	293.47
2026-05-28T20:20:21.2376308+08:00	0x02	0.3722	0.5144	-0.4768	-0.6079	74.43	281.18	2.18
2026-05-28T20:20:21.2702754+08:00	0x01	-0.3726	-0.5409	0.5056	-0.5594	322.40	59.03	74.55
2026-05-28T20:20:21.3759733+08:00	0x03	-0.2900	0.5555	0.5230	0.5778	44.73	57.63	293.64
2026-05-28T20:20:21.3759733+08:00	0x02	0.3728	0.5128	-0.4770	-0.6087	74.51	281.32	2.02
2026-05-28T20:20:21.3759733+08:00	0x04	-0.4287	0.5179	0.4627	-0.5779	281.79	275.51	0.92
2026-05-28T20:20:21.3759733+08:00	0x03	-0.2900	0.5555	0.5230	0.5778	44.73	57.63	293.64
2026-05-28T20:20:21.3759733+08:00	0x01	-0.3731	-0.5401	0.5060	-0.5595	322.07	58.64	74.60
2026-05-28T20:20:21.4038197+08:00	0x03	-0.2897	0.5559	0.5220	0.5785	44.46	57.85	293.73
2026-05-28T20:20:21.4048166+08:00	0x02	0.3738	0.5125	-0.4760	-0.6091	74.49	281.26	1.86
2026-05-28T20:20:21.4373265+08:00	0x04	-0.4289	0.5184	0.4625	-0.5775	281.80	275.44	0.91
2026-05-28T20:20:21.4373265+08:00	0x03	-0.2897	0.5559	0.5220	0.5785	44.46	57.85	293.73
2026-05-28T20:20:21.5038755+08:00	0x01	-0.3733	-0.5398	0.5062	-0.5595	321.97	58.51	74.62
2026-05-28T20:20:21.5038755+08:00	0x03	-0.2899	0.5558	0.5217	0.5787	44.38	57.88	293.73
2026-05-28T20:20:21.5038755+08:00	0x02	0.3751	0.5115	-0.4756	-0.6094	74.56	281.26	1.68
2026-05-28T20:20:21.6095278+08:00	0x04	-0.4291	0.5183	0.4628	-0.5771	281.74	275.42	0.90
2026-05-28T20:20:21.6104998+08:00	0x03	-0.2899	0.5558	0.5217	0.5787	44.38	57.88	293.73
2026-05-28T20:20:21.6104998+08:00	0x01	-0.3736	-0.5386	0.5067	-0.5600	321.48	57.94	74.63
2026-05-28T20:20:21.6104998+08:00	0x03	-0.2905	0.5552	0.5213	0.5794	44.36	57.76	293.74
2026-05-28T20:20:21.6104998+08:00	0x02	0.3763	0.5108	-0.4761	-0.6089	74.73	281.24	1.61
2026-05-28T20:20:21.6367846+08:00	0x04	-0.4306	0.5177	0.4631	-0.5764	281.56	275.35	0.97
2026-05-28T20:20:21.6699805+08:00	0x03	-0.2905	0.5552	0.5213	0.5794	44.36	57.76	293.74
2026-05-28T20:20:21.7029050+08:00	0x04	-0.4320	0.5168	0.4632	-0.5759	281.40	275.31	1.08
2026-05-28T20:20:21.7029050+08:00	0x01	-0.3732	-0.5384	0.5053	-0.5617	321.81	58.10	74.45
2026-05-28T20:20:21.7029050+08:00	0x02	0.3773	0.5111	-0.4764	-0.6078	74.84	281.12	1.62
2026-05-28T20:20:21.7374740+08:00	0x03	-0.2917	0.5542	0.5211	0.5798	44.41	57.54	293.67
2026-05-28T20:20:21.7374740+08:00	0x01	-0.3730	-0.5386	0.5037	-0.5631	322.36	58.50	74.30
2026-05-28T20:20:21.8398681+08:00	0x03	-0.2929	0.5532	0.5212	0.5801	44.56	57.25	293.58
2026-05-28T20:20:21.8398681+08:00	0x04	-0.4333	0.5158	0.4638	-0.5754	281.21	275.31	1.15
2026-05-28T20:20:21.8398681+08:00	0x02	0.3787	0.5108	-0.4769	-0.6068	75.02	281.03	1.58
2026-05-28T20:20:21.8398681+08:00	0x03	-0.2929	0.5532	0.5212	0.5801	44.56	57.25	293.58
2026-05-28T20:20:21.8398681+08:00	0x01	-0.3728	-0.5385	0.5021	-0.5647	322.75	58.72	74.13
2026-05-28T20:20:21.8708220+08:00	0x03	-0.2935	0.5522	0.5207	0.5812	44.56	57.06	293.61
2026-05-28T20:20:21.9037340+08:00	0x04	-0.4355	0.5146	0.4656	-0.5734	280.79	275.24	1.16
2026-05-28T20:20:21.9374018+08:00	0x02	0.3818	0.5105	-0.4786	-0.6038	75.50	280.80	1.59
2026-05-28T20:20:21.9374018+08:00	0x03	-0.2935	0.5522	0.5207	0.5812	44.56	57.06	293.61
2026-05-28T20:20:22.0386967+08:00	0x01	-0.3744	-0.5368	0.4991	-0.5680	323.29	58.71	73.97
2026-05-28T20:20:22.0386967+08:00	0x03	-0.2953	0.5510	0.5191	0.5828	44.28	56.97	293.61
2026-05-28T20:20:22.0386967+08:00	0x04	-0.4406	0.5121	0.4691	-0.5688	279.89	275.00	1.19
2026-05-28T20:20:22.0386967+08:00	0x02	0.3939	0.5132	-0.4835	-0.5896	77.16	279.38	1.81
2026-05-28T20:20:22.0386967+08:00	0x03	-0.2953	0.5510	0.5191	0.5828	44.28	56.97	293.61
2026-05-28T20:20:22.0704201+08:00	0x01	-0.3758	-0.5294	0.4886	-0.5829	324.41	57.85	72.83
2026-05-28T20:20:22.1040843+08:00	0x03	-0.2980	0.5498	0.5148	0.5864	43.35	57.21	293.72
2026-05-28T20:20:22.1040843+08:00	0x04	-0.4364	0.4970	0.4898	-0.5681	278.01	277.19	0.51
2026-05-28T20:20:22.1384053+08:00	0x02	0.4246	0.5274	-0.4963	-0.5434	81.54	274.78	3.56
2026-05-28T20:20:22.1384053+08:00	0x03	-0.2980	0.5498	0.5148	0.5864	43.35	57.21	293.72
2026-05-28T20:20:22.2380007+08:00	0x01	-0.3699	-0.5172	0.4631	-0.6174	327.52	57.11	69.36
2026-05-28T20:20:22.2380007+08:00	0x03	-0.2967	0.5464	0.5082	0.5960	42.48	57.03	294.64
2026-05-28T20:20:22.2380007+08:00	0x04	-0.4397	0.4685	0.5187	-0.5641	274.32	280.04	0.57
2026-05-28T20:20:22.2380007+08:00	0x02	0.4711	0.5393	-0.5127	-0.4736	88.25	268.52	6.14
2026-05-28T20:20:22.2705679+08:00	0x03	-0.2967	0.5464	0.5082	0.5960	42.48	57.03	294.64
2026-05-28T20:20:22.2705679+08:00	0x01	-0.3692	-0.4898	0.4435	-0.6535	326.87	51.64	66.49
2026-05-28T20:20:22.3036473+08:00	0x02	0.4971	0.5264	-0.5509	-0.4151	95.89	267.19	9.63
2026-05-28T20:20:22.3375628+08:00	0x03	-0.2943	0.5375	0.5066	0.6064	43.56	54.87	295.63
2026-05-28T20:20:22.3375628+08:00	0x04	-0.4522	0.4253	0.5652	-0.5433	267.26	283.25	0.62
2026-05-28T20:20:22.3709360+08:00	0x03	-0.2803	0.5302	0.5165	0.6112	47.21	51.94	297.09
2026-05-28T20:20:22.3709360+08:00	0x01	-0.3694	-0.4715	0.4193	-0.6822	329.20	49.74	64.09
2026-05-28T20:20:22.4757387+08:00	0x02	0.5138	0.5010	-0.5966	-0.3592	104.26	268.23	13.22
2026-05-28T20:20:22.4757387+08:00	0x04	-0.4771	0.3582	0.6344	-0.4914	254.91	286.74	0.82
2026-05-28T20:20:22.4757387+08:00	0x03	-0.2803	0.5302	0.5165	0.6112	47.21	51.94	297.09
2026-05-28T20:20:22.4757387+08:00	0x03	-0.2713	0.5259	0.5507	0.5887	55.84	46.93	296.02
2026-05-28T20:20:22.5036585+08:00	0x02	0.5338	0.4966	-0.6147	-0.3012	109.87	266.23	16.80
2026-05-28T20:20:22.5372219+08:00	0x04	-0.4893	0.2770	0.7023	-0.4366	242.25	291.59	2.19
2026-05-28T20:20:22.5372219+08:00	0x03	-0.2713	0.5259	0.5507	0.5887	55.84	46.93	296.02
2026-05-28T20:20:22.5703440+08:00	0x01	-0.3535	-0.4560	0.3828	-0.7215	333.29	49.21	59.23
2026-05-28T20:20:22.6037223+08:00	0x03	-0.2616	0.5327	0.5798	0.5581	62.64	44.59	294.51
2026-05-28T20:20:22.6037223+08:00	0x02	0.5505	0.4942	-0.6253	-0.2484	114.41	264.22	20.16
2026-05-28T20:20:22.7059404+08:00	0x04	-0.4891	0.2795	0.7004	-0.4384	242.63	291.45	2.14
2026-05-28T20:20:22.7059404+08:00	0x04	-0.4949	0.1853	0.7540	-0.3900	230.90	296.36	6.13
2026-05-28T20:20:22.7059404+08:00	0x01	-0.3657	-0.4514	0.3779	-0.7209	334.34	49.05	60.28
2026-05-28T20:20:22.7069371+08:00	0x03	-0.2616	0.5327	0.5798	0.5581	62.64	44.59	294.51
2026-05-28T20:20:22.7069371+08:00	0x04	-0.5011	0.1144	0.7827	-0.3510	222.39	298.60	9.95
2026-05-28T20:20:22.7069371+08:00	0x03	-0.2700	0.5346	0.6060	0.5234	70.92	39.44	291.46
2026-05-28T20:20:22.7069371+08:00	0x02	0.5692	0.4872	-0.6303	-0.2034	118.62	262.37	22.49
2026-05-28T20:20:22.7378570+08:00	0x01	-0.3966	-0.4374	0.3881	-0.7077	332.22	45.78	64.26
2026-05-28T20:20:22.7378570+08:00	0x03	-0.2700	0.5346	0.6060	0.5234	70.92	39.44	291.46
2026-05-28T20:20:22.7702837+08:00	0x04	-0.5138	0.0966	0.7840	-0.3347	219.50	297.52	11.10
2026-05-28T20:20:22.8031964+08:00	0x03	-0.2960	0.5295	0.6091	0.5108	75.01	34.35	288.64
2026-05-28T20:20:22.8042022+08:00	0x02	0.5838	0.4723	-0.6369	-0.1749	122.48	262.00	23.41
2026-05-28T20:20:22.9424852+08:00	0x03	-0.2960	0.5295	0.6091	0.5108	75.01	34.35	288.64
2026-05-28T20:20:22.9424852+08:00	0x04	-0.5315	0.1049	0.7775	-0.3192	218.14	294.80	10.15
2026-05-28T20:20:22.9424852+08:00	0x03	-0.3310	0.5136	0.6000	0.5165	77.70	27.75	286.64
2026-05-28T20:20:22.9424852+08:00	0x02	0.5955	0.4486	-0.6452	-0.1668	125.86	263.05	22.35
2026-05-28T20:20:22.9424852+08:00	0x01	-0.4784	-0.3816	0.4362	-0.6597	307.52	18.92	74.61
2026-05-28T20:20:23.0053679+08:00	0x03	-0.3310	0.5136	0.6000	0.5165	77.70	27.75	286.64
2026-05-28T20:20:23.0053679+08:00	0x04	-0.5278	0.1239	0.7633	-0.3513	222.72	294.78	10.47
2026-05-28T20:20:23.0053679+08:00	0x03	-0.3302	0.5195	0.5611	0.5534	61.28	40.17	288.48
2026-05-28T20:20:23.0053679+08:00	0x02	0.5978	0.4239	-0.6580	-0.1731	128.32	265.46	20.55
2026-05-28T20:20:23.0384089+08:00	0x02	0.5978	0.4239	-0.6580	-0.1731	128.32	265.46	20.55
2026-05-28T20:20:23.0384089+08:00	0x01	-0.4863	-0.3666	0.4516	-0.6520	297.14	8.56	74.86
2026-05-28T20:20:23.1394711+08:00	0x03	-0.3500	0.4964	0.5427	0.5802	59.55	36.79	289.11
2026-05-28T20:20:23.1394711+08:00	0x04	-0.5158	0.1232	0.7523	-0.3909	227.13	296.63	12.59
2026-05-28T20:20:23.1394711+08:00	0x03	-0.3500	0.4964	0.5427	0.5802	59.55	36.79	289.11
2026-05-28T20:20:23.1394711+08:00	0x02	0.5873	0.4084	-0.6727	-0.1889	129.04	268.58	19.12
2026-05-28T20:20:23.1394711+08:00	0x01	-0.4770	-0.3666	0.4585	-0.6541	296.45	8.67	73.78
2026-05-28T20:20:23.1713834+08:00	0x03	-0.3570	0.4862	0.5291	0.5969	56.91	36.66	289.84
2026-05-28T20:20:23.1723894+08:00	0x02	0.5745	0.4051	-0.6816	-0.2030	128.45	270.70	18.60
2026-05-28T20:20:23.2049100+08:00	0x04	-0.5117	0.1216	0.7402	-0.4188	230.23	297.46	14.39
2026-05-28T20:20:23.2379344+08:00	0x03	-0.3570	0.4862	0.5291	0.5969	56.91	36.66	289.84
2026-05-28T20:20:23.2718432+08:00	0x01	-0.4695	-0.3718	0.4686	-0.6495	294.83	8.65	73.38
2026-05-28T20:20:23.2718432+08:00	0x02	0.5664	0.4079	-0.6846	-0.2102	127.67	271.55	18.69
2026-05-28T20:20:23.2718432+08:00	0x03	-0.3709	0.4733	0.5310	0.5970	60.39	31.72	289.00
2026-05-28T20:20:23.3729942+08:00	0x04	-0.5146	0.1207	0.7296	-0.4339	231.88	297.27	15.69
2026-05-28T20:20:23.3729942+08:00	0x03	-0.3709	0.4733	0.5310	0.5970	60.39	31.72	289.00
2026-05-28T20:20:23.3729942+08:00	0x01	-0.4734	-0.3752	0.4720	-0.6422	292.94	7.37	74.18
2026-05-28T20:20:23.3729942+08:00	0x02	0.5664	0.4091	-0.6842	-0.2090	127.64	271.43	18.85
2026-05-28T20:20:23.4049085+08:00	0x03	-0.3758	0.4714	0.5260	0.5999	59.34	31.92	288.77
2026-05-28T20:20:23.4049085+08:00	0x04	-0.5158	0.1181	0.7228	-0.4444	232.95	297.35	16.72
2026-05-28T20:20:23.4383322+08:00	0x03	-0.3758	0.4714	0.5260	0.5999	59.34	31.92	288.77
2026-05-28T20:20:23.4741254+08:00	0x01	-0.4772	-0.3794	0.4701	-0.6382	293.32	7.91	74.98
2026-05-28T20:20:23.5726943+08:00	0x02	0.5711	0.4132	-0.6791	-0.2047	127.46	270.38	19.12
2026-05-28T20:20:23.5726943+08:00	0x03	-0.3788	0.4712	0.5215	0.6021	58.06	32.63	288.63
2026-05-28T20:20:23.5726943+08:00	0x04	-0.5178	0.1150	0.7179	-0.4509	233.52	297.31	17.57
2026-05-28T20:20:23.5726943+08:00	0x01	-0.4856	-0.3804	0.4662	-0.6341	292.90	7.08	76.07
2026-05-28T20:20:23.5726943+08:00	0x03	-0.3788	0.4712	0.5215	0.6021	58.06	32.63	288.63
2026-05-28T20:20:23.6046156+08:00	0x02	0.5741	0.4177	-0.6753	-0.1997	127.32	269.50	19.57
2026-05-28T20:20:23.6046156+08:00	0x04	-0.5195	0.1103	0.7136	-0.4568	233.93	297.36	18.49
2026-05-28T20:20:23.6385263+08:00	0x01	-0.4905	-0.3836	0.4618	-0.6316	294.02	8.01	76.90
2026-05-28T20:20:23.6707013+08:00	0x03	-0.3803	0.4724	0.5131	0.6074	55.09	34.78	288.78
2026-05-28T20:20:23.6707013+08:00	0x04	-0.5209	0.1059	0.7099	-0.4620	234.30	297.45	19.32
2026-05-28T20:20:23.7047999+08:00	0x02	0.5781	0.4187	-0.6720	-0.1973	127.33	268.84	19.54
2026-05-28T20:20:23.7047999+08:00	0x03	-0.3803	0.4724	0.5131	0.6074	55.09	34.78	288.78
2026-05-28T20:20:23.8062420+08:00	0x01	-0.4957	-0.3836	0.4616	-0.6278	292.47	6.37	77.55
2026-05-28T20:20:23.8072361+08:00	0x03	-0.3797	0.4726	0.5106	0.6097	54.22	35.43	288.98
2026-05-28T20:20:23.8072361+08:00	0x04	-0.5209	0.1011	0.7067	-0.4680	234.78	297.74	20.16
2026-05-28T20:20:23.8072361+08:00	0x02	0.5814	0.4175	-0.6699	-0.1974	127.41	268.51	19.26
2026-05-28T20:20:23.8072361+08:00	0x03	-0.3797	0.4726	0.5106	0.6097	54.22	35.43	288.98
2026-05-28T20:20:23.8381530+08:00	0x01	-0.4990	-0.3814	0.4618	-0.6263	290.90	4.58	77.77
2026-05-28T20:20:23.8714221+08:00	0x03	-0.3788	0.4732	0.5081	0.6119	53.24	36.20	289.19
2026-05-28T20:20:23.8714221+08:00	0x04	-0.5208	0.0962	0.7033	-0.4741	235.27	298.05	21.01
2026-05-28T20:20:23.9041983+08:00	0x02	0.5826	0.4161	-0.6690	-0.1996	127.36	268.48	18.91
2026-05-28T20:20:23.9384588+08:00	0x03	-0.3788	0.4732	0.5081	0.6119	53.24	36.20	289.19
2026-05-28T20:20:23.9384588+08:00	0x01	-0.5017	-0.3793	0.4646	-0.6234	288.10	1.84	77.94
2026-05-28T20:20:24.0390098+08:00	0x04	-0.5208	0.0909	0.6996	-0.4807	235.80	298.38	21.93
2026-05-28T20:20:24.0390098+08:00	0x03	-0.3780	0.4734	0.5071	0.6130	52.86	36.53	289.33
2026-05-28T20:20:24.0390098+08:00	0x02	0.5850	0.4136	-0.6679	-0.2013	127.46	268.39	18.49
2026-05-28T20:20:24.0390098+08:00	0x03	-0.3780	0.4734	0.5071	0.6130	52.86	36.53	289.33
2026-05-28T20:20:24.0390098+08:00	0x01	-0.5049	-0.3772	0.4663	-0.6208	285.61	359.30	78.13
2026-05-28T20:20:24.0711964+08:00	0x04	-0.5207	0.0861	0.6958	-0.4871	236.37	298.71	22.79
2026-05-28T20:20:24.1045880+08:00	0x03	-0.3759	0.4742	0.5065	0.6143	52.44	37.00	289.58
2026-05-28T20:20:24.1045880+08:00	0x02	0.5872	0.4110	-0.6669	-0.2039	127.50	268.35	17.98
2026-05-28T20:20:24.1387151+08:00	0x03	-0.3759	0.4742	0.5065	0.6143	52.44	37.00	289.58
2026-05-28T20:20:24.1387151+08:00	0x01	-0.5084	-0.3750	0.4682	-0.6178	282.74	356.38	78.33
2026-05-28T20:20:24.2466887+08:00	0x02	0.5886	0.4098	-0.6657	-0.2060	127.44	268.28	17.64
2026-05-28T20:20:24.2466887+08:00	0x04	-0.5199	0.0822	0.6923	-0.4937	237.02	299.11	23.55
2026-05-28T20:20:24.2476867+08:00	0x03	-0.3743	0.4759	0.5054	0.6147	51.77	37.78	289.72
2026-05-28T20:20:24.2476867+08:00	0x01	-0.5115	-0.3730	0.4703	-0.6148	279.88	353.53	78.48
2026-05-28T20:20:24.2476867+08:00	0x03	-0.3731	0.4776	0.5054	0.6142	51.46	38.29	289.77
2026-05-28T20:20:24.2705333+08:00	0x02	0.5896	0.4083	-0.6652	-0.2077	127.44	268.27	17.35
2026-05-28T20:20:24.3037156+08:00	0x04	-0.5197	0.0782	0.6882	-0.5002	237.66	299.43	24.34
2026-05-28T20:20:24.3037156+08:00	0x03	-0.3731	0.4776	0.5054	0.6142	51.46	38.29	289.77
