timestamp	device	q0	q1	q2	q3	yaw	pitch	roll
2026-06-16T15:31:09.4101239+08:00	0x02	-0.5664	0.0978	0.7663	0.2869	158.05	292.67	331.64
2026-06-16T15:31:09.5428787+08:00	0x09	-0.0530	0.6707	-0.0968	0.7335	347.68	84.56	2.99
2026-06-16T15:31:09.7594662+08:00	0x06	-0.0945	-0.1498	-0.4581	0.8711	306.16	349.46	342.44
2026-06-16T15:31:09.8642618+08:00	0x03	-0.0183	0.4649	0.3706	0.8039	38.61	52.31	338.03
2026-06-16T15:31:10.0316882+08:00	0x08	0.0178	-0.1113	0.7191	0.6857	92.03	352.57	10.63
2026-06-16T15:31:10.0755677+08:00	0x01	-0.0666	-0.4595	0.3623	-0.8082	324.26	50.68	26.14
2026-06-16T15:31:10.1430682+08:00	0x09	-0.0485	0.6705	-0.0969	0.7340	348.02	84.47	3.37
2026-06-16T15:31:10.2904610+08:00	0x07	0.6233	0.2434	-0.7201	0.1836	177.27	277.38	35.41
2026-06-16T15:31:10.3468107+08:00	0x06	-0.0917	-0.1517	-0.4595	0.8703	306.00	349.14	342.60
2026-06-16T15:31:10.3986928+08:00	0x03	-0.0626	0.4614	0.3278	0.8220	31.76	51.71	336.08
2026-06-16T15:31:10.5931260+08:00	0x08	0.0154	-0.1127	0.7201	0.6845	92.18	352.27	10.57
2026-06-16T15:31:10.6141776+08:00	0x09	-0.0507	0.6701	-0.0982	0.7340	347.73	84.44	3.28
2026-06-16T15:31:10.8773445+08:00	0x07	0.6223	0.2453	-0.7202	0.1841	177.17	277.44	35.62
2026-06-16T15:31:11.0123424+08:00	0x03	-0.0629	0.4697	0.3360	0.8140	32.48	52.67	335.29
2026-06-16T15:31:11.0956720+08:00	0x08	0.0152	-0.1127	0.7198	0.6848	92.14	352.26	10.55
2026-06-16T15:31:11.1433456+08:00	0x09	-0.0504	0.6701	-0.0991	0.7339	347.68	84.43	3.37
2026-06-16T15:31:11.2798593+08:00	0x01	-0.0251	-0.4935	0.3289	-0.8047	327.18	56.67	21.42
2026-06-16T15:31:11.3984473+08:00	0x07	0.6225	0.2448	-0.7202	0.1838	177.18	277.42	35.56
2026-06-16T15:31:11.5569813+08:00	0x06	-0.0924	-0.1508	-0.4585	0.8709	306.11	349.25	342.58
2026-06-16T15:31:11.6701231+08:00	0x08	0.0156	-0.1123	0.7195	0.6852	92.09	352.31	10.54
2026-06-16T15:31:11.7456701+08:00	0x09	-0.0490	0.6704	-0.0996	0.7337	347.74	84.46	3.54
2026-06-16T15:31:11.8639722+08:00	0x01	-0.0231	-0.4892	0.3324	-0.8060	326.59	56.07	21.25
2026-06-16T15:31:11.9587648+08:00	0x07	0.6229	0.2440	-0.7202	0.1836	177.22	277.40	35.47
2026-06-16T15:31:11.9945258+08:00	0x02	-0.5621	0.1063	0.7658	0.2938	157.67	293.40	330.46
2026-06-16T15:31:12.0312833+08:00	0x06	-0.0929	-0.1507	-0.4582	0.8710	306.16	349.28	342.54
2026-06-16T15:31:12.1278524+08:00	0x03	-0.0656	0.4726	0.3314	0.8140	31.75	53.11	335.16
2026-06-16T15:31:12.2310986+08:00	0x04	-0.2194	-0.3221	0.2855	-0.8756	334.17	32.22	34.62
2026-06-16T15:31:12.2850331+08:00	0x09	-0.0483	0.6704	-0.1004	0.7336	347.73	84.45	3.66
2026-06-16T15:31:12.3803244+08:00	0x01	-0.0195	-0.4886	0.3303	-0.8073	326.63	56.08	20.75
2026-06-16T15:31:12.4882422+08:00	0x07	0.6222	0.2452	-0.7204	0.1837	177.15	277.46	35.58
2026-06-16T15:31:12.5771020+08:00	0x06	-0.0932	-0.1505	-0.4578	0.8712	306.20	349.31	342.53
2026-06-16T15:31:12.6750804+08:00	0x03	-0.0680	0.4718	0.3323	0.8139	31.76	52.95	334.90
2026-06-16T15:31:12.7428990+08:00	0x04	-0.1958	-0.3353	0.2246	-0.8938	341.82	36.21	30.04
2026-06-16T15:31:12.8122651+08:00	0x09	-0.0477	0.6704	-0.1010	0.7336	347.72	84.44	3.76
2026-06-16T15:31:12.9264671+08:00	0x01	-0.0172	-0.4883	0.3262	-0.8092	326.98	56.15	20.27
2026-06-16T15:31:13.0167895+08:00	0x07	0.6224	0.2448	-0.7204	0.1836	177.17	277.44	35.54
2026-06-16T15:31:13.0936845+08:00	0x02	-0.5101	0.1263	0.7671	0.3679	148.01	302.99	325.31
2026-06-16T15:31:13.1403466+08:00	0x03	-0.0682	0.4709	0.3311	0.8149	31.64	52.85	334.98
2026-06-16T15:31:13.3279864+08:00	0x04	-0.1734	-0.3451	0.1683	-0.9069	348.14	38.98	25.51
2026-06-16T15:31:13.3611452+08:00	0x08	0.0156	-0.1118	0.7200	0.6847	92.17	352.36	10.51
2026-06-16T15:31:13.4099150+08:00	0x01	-0.0134	-0.4893	0.3265	-0.8085	326.78	56.36	19.95
2026-06-16T15:31:13.5122243+08:00	0x07	0.6225	0.2445	-0.7205	0.1835	177.18	277.45	35.50
2026-06-16T15:31:13.5775189+08:00	0x02	-0.5066	0.1288	0.7648	0.3767	146.88	303.79	324.65
2026-06-16T15:31:13.6823225+08:00	0x06	-0.0933	-0.1507	-0.4578	0.8712	306.21	349.30	342.51
2026-06-16T15:31:13.7092269+08:00	0x03	-0.0684	0.4710	0.3312	0.8147	31.64	52.87	334.95
2026-06-16T15:31:13.7609185+08:00	0x08	0.0154	-0.1119	0.7200	0.6847	92.18	352.34	10.49
2026-06-16T15:31:13.8450600+08:00	0x04	-0.1585	-0.3498	0.1361	-0.9132	351.43	40.20	22.63
2026-06-16T15:31:14.0283574+08:00	0x01	-0.0123	-0.4886	0.3241	-0.8100	326.99	56.32	19.67
2026-06-16T15:31:14.1448725+08:00	0x02	-0.5057	0.1369	0.7613	0.3820	146.55	304.14	323.50
2026-06-16T15:31:14.2273694+08:00	0x03	-0.0695	0.4697	0.3316	0.8152	31.67	52.66	334.86
2026-06-16T15:31:14.3277305+08:00	0x08	0.0154	-0.1118	0.7202	0.6845	92.21	352.35	10.49
2026-06-16T15:31:14.4272501+08:00	0x09	-0.0461	0.6705	-0.1028	0.7333	347.70	84.44	4.03
2026-06-16T15:31:14.5105539+08:00	0x01	-0.0137	-0.4885	0.3212	-0.8112	327.38	56.32	19.64
2026-06-16T15:31:14.6276265+08:00	0x07	0.6224	0.2448	-0.7205	0.1832	177.14	277.44	35.51
2026-06-16T15:31:14.6603947+08:00	0x06	-0.0939	-0.1503	-0.4574	0.8714	306.26	349.36	342.47
2026-06-16T15:31:14.7772125+08:00	0x03	-0.0677	0.4703	0.3307	0.8154	31.63	52.79	335.08
2026-06-16T15:31:14.8487276+08:00	0x08	0.0152	-0.1118	0.7203	0.6844	92.22	352.34	10.48
2026-06-16T15:31:15.0111404+08:00	0x04	-0.1403	-0.3556	0.0893	-0.9197	356.10	41.63	18.75
2026-06-16T15:31:15.1109086+08:00	0x07	0.6223	0.2449	-0.7205	0.1834	177.15	277.46	35.53
2026-06-16T15:31:15.1278112+08:00	0x01	-0.0138	-0.4883	0.3196	-0.8119	327.55	56.31	19.54
2026-06-16T15:31:15.2462570+08:00	0x02	-0.5055	0.1480	0.7537	0.3932	145.60	304.59	321.65
2026-06-16T15:31:15.2612155+08:00	0x06	-0.0938	-0.1503	-0.4575	0.8714	306.25	349.35	342.48
2026-06-16T15:31:15.3747164+08:00	0x03	-0.0685	0.4718	0.3298	0.8148	31.45	53.00	334.98
2026-06-16T15:31:15.5135713+08:00	0x04	-0.1371	-0.3584	0.0749	-0.9204	357.61	42.18	17.82
2026-06-16T15:31:15.6014156+08:00	0x01	-0.0135	-0.4903	0.3155	-0.8123	328.04	56.64	19.35
2026-06-16T15:31:15.7101880+08:00	0x07	0.6223	0.2450	-0.7204	0.1836	177.15	277.45	35.56
2026-06-16T15:31:15.7670375+08:00	0x06	-0.0936	-0.1505	-0.4574	0.8714	306.26	349.33	342.49
2026-06-16T15:31:15.8109195+08:00	0x02	-0.5075	0.1506	0.7489	0.3985	145.12	304.47	320.94
2026-06-16T15:31:15.8934350+08:00	0x03	-0.0682	0.4740	0.3312	0.8130	31.57	53.27	334.86
2026-06-16T15:31:15.9801183+08:00	0x04	-0.1328	-0.3601	0.0665	-0.9210	358.39	42.46	17.01
2026-06-16T15:31:16.1312465+08:00	0x09	-0.0441	0.6708	-0.1043	0.7330	347.72	84.46	4.31
2026-06-16T15:31:16.2983164+08:00	0x07	0.6222	0.2453	-0.7204	0.1838	177.14	277.45	35.60
2026-06-16T15:31:16.4313730+08:00	0x02	-0.5075	0.1488	0.7485	0.4000	144.83	304.52	321.03
2026-06-16T15:31:16.5005937+08:00	0x04	-0.1301	-0.3598	0.0578	-0.9221	359.23	42.52	16.35
2026-06-16T15:31:16.5482894+08:00	0x08	0.0154	-0.1117	0.7210	0.6837	92.34	352.37	10.49
2026-06-16T15:31:16.6772928+08:00	0x09	-0.0438	0.6707	-0.1052	0.7329	347.67	84.45	4.41
2026-06-16T15:31:16.7027745+08:00	0x01	-0.0087	-0.4907	0.3091	-0.8146	328.52	56.87	18.51
2026-06-16T15:31:16.7838613+08:00	0x07	0.6221	0.2455	-0.7204	0.1838	177.13	277.46	35.62
2026-06-16T15:31:16.8527129+08:00	0x06	-0.0938	-0.1506	-0.4574	0.8714	306.26	349.32	342.47
2026-06-16T15:31:16.9264220+08:00	0x02	-0.4961	0.1339	0.7577	0.4024	143.32	306.24	322.98
2026-06-16T15:31:17.0007501+08:00	0x08	0.0155	-0.1118	0.7211	0.6836	92.36	352.37	10.51
2026-06-16T15:31:17.0900136+08:00	0x04	-0.1485	-0.2937	0.0474	-0.9431	359.87	34.58	17.93
2026-06-16T15:31:17.1985801+08:00	0x09	-0.0430	0.6707	-0.1056	0.7329	347.69	84.44	4.51
2026-06-16T15:31:17.3481392+08:00	0x07	0.6220	0.2457	-0.7205	0.1835	177.09	277.45	35.61
2026-06-16T15:31:17.4119932+08:00	0x06	-0.0942	-0.1503	-0.4573	0.8714	306.26	349.37	342.44
2026-06-16T15:31:17.5160307+08:00	0x03	0.1289	0.4047	0.3790	0.8222	46.95	50.04	354.56
2026-06-16T15:31:17.6438989+08:00	0x04	-0.2124	-0.0751	0.0429	-0.9734	356.74	8.10	24.83
2026-06-16T15:31:17.7279433+08:00	0x09	-0.0424	0.6707	-0.1065	0.7328	347.66	84.43	4.63
2026-06-16T15:31:18.0110940+08:00	0x06	-0.0936	-0.1506	-0.4575	0.8714	306.25	349.31	342.48
2026-06-16T15:31:18.0621219+08:00	0x07	0.6221	0.2454	-0.7205	0.1835	177.11	277.45	35.59
2026-06-16T15:31:18.2787675+08:00	0x09	-0.0418	0.6708	-0.1072	0.7327	347.65	84.43	4.73
2026-06-16T15:31:18.3577222+08:00	0x01	0.3053	-0.4534	0.4647	-0.6967	292.44	66.27	359.77
2026-06-16T15:31:18.4123803+08:00	0x07	0.6222	0.2460	-0.7203	0.1831	177.02	277.41	35.61
2026-06-16T15:31:18.5118826+08:00	0x06	-0.0939	-0.1503	-0.4571	0.8716	306.29	349.35	342.47
2026-06-16T15:31:18.6492864+08:00	0x03	0.2698	0.3423	0.4706	0.7672	65.59	51.49	5.27
2026-06-16T15:31:18.6693913+08:00	0x08	0.0156	-0.1124	0.7211	0.6835	92.35	352.33	10.57
2026-06-16T15:31:18.7499402+08:00	0x04	-0.2147	0.0134	0.0324	-0.9761	355.65	357.47	24.72
2026-06-16T15:31:18.7783356+08:00	0x09	-0.0413	0.6708	-0.1079	0.7326	347.63	84.43	4.83
2026-06-16T15:31:18.9457172+08:00	0x01	0.3034	-0.4563	0.4708	-0.6914	291.87	66.45	0.58
2026-06-16T15:31:19.1123258+08:00	0x06	-0.0940	-0.1503	-0.4571	0.8716	306.29	349.36	342.47
2026-06-16T15:31:19.1793420+08:00	0x03	0.2692	0.3428	0.4773	0.7630	66.37	51.52	4.79
2026-06-16T15:31:19.2719427+08:00	0x04	-0.2135	0.0164	0.0348	-0.9762	355.28	357.05	24.57
2026-06-16T15:31:19.3288402+08:00	0x09	-0.0409	0.6708	-0.1085	0.7325	347.61	84.43	4.91
2026-06-16T15:31:19.4457685+08:00	0x01	0.2991	-0.4592	0.4725	-0.6902	292.00	66.46	1.20
2026-06-16T15:31:19.6885508+08:00	0x06	-0.0939	-0.1504	-0.4571	0.8716	306.29	349.34	342.47
2026-06-16T15:31:19.7136571+08:00	0x03	0.2705	0.3436	0.4840	0.7580	67.27	51.73	4.44
2026-06-16T15:31:19.8279530+08:00	0x04	-0.2136	0.0181	0.0392	-0.9760	354.69	356.71	24.55
2026-06-16T15:31:19.9451816+08:00	0x07	0.6220	0.2463	-0.7203	0.1834	177.02	277.42	35.65
2026-06-16T15:31:20.1285380+08:00	0x02	-0.4964	0.1343	0.7574	0.4023	143.36	306.19	322.92
2026-06-16T15:31:20.2638395+08:00	0x03	0.2694	0.3454	0.4848	0.7570	67.31	51.83	4.19
2026-06-16T15:31:20.2785825+08:00	0x08	0.0157	-0.1124	0.7213	0.6833	92.38	352.35	10.58
2026-06-16T15:31:20.3660012+08:00	0x09	-0.0398	0.6708	-0.1095	0.7324	347.61	84.42	5.08
2026-06-16T15:31:20.5383065+08:00	0x07	0.6221	0.2463	-0.7202	0.1833	177.01	277.40	35.66
2026-06-16T15:31:20.7613158+08:00	0x06	-0.0938	-0.1502	-0.4574	0.8715	306.26	349.36	342.49
2026-06-16T15:31:20.8120488+08:00	0x03	0.2603	0.3482	0.4949	0.7524	67.97	51.49	2.70
2026-06-16T15:31:20.8290682+08:00	0x04	-0.2080	0.0147	0.0363	-0.9773	355.17	357.25	23.93
2026-06-16T15:31:20.8893761+08:00	0x09	-0.0391	0.6708	-0.1102	0.7323	347.59	84.42	5.20
2026-06-16T15:31:21.1169464+08:00	0x01	0.2850	-0.4564	0.4868	-0.6881	291.35	65.07	2.99
2026-06-16T15:31:21.1492493+08:00	0x07	0.6224	0.2468	-0.7198	0.1831	176.92	277.32	35.69
2026-06-16T15:31:21.2448011+08:00	0x06	-0.0940	-0.1496	-0.4574	0.8715	306.25	349.44	342.50
2026-06-16T15:31:21.3454336+08:00	0x03	0.2483	0.3470	0.4985	0.7546	67.67	50.50	1.65
2026-06-16T15:31:21.4399340+08:00	0x04	-0.1988	0.0070	0.0474	-0.9789	354.05	357.97	22.87
2026-06-16T15:31:21.4787567+08:00	0x09	-0.0374	0.6712	-0.1109	0.7320	347.67	84.46	5.40
2026-06-16T15:31:21.5788334+08:00	0x01	0.2903	-0.4511	0.4901	-0.6870	290.57	64.86	2.48
2026-06-16T15:31:21.8456395+08:00	0x02	-0.2818	-0.0883	0.7731	0.5614	111.10	327.06	349.64
2026-06-16T15:31:21.8832931+08:00	0x06	-0.0940	-0.1495	-0.4575	0.8715	306.23	349.46	342.51
2026-06-16T15:31:21.9376856+08:00	0x04	-0.2055	0.0099	0.0450	-0.9776	354.23	357.63	23.63
2026-06-16T15:31:22.0343319+08:00	0x09	-0.0372	0.6712	-0.1115	0.7319	347.64	84.46	5.46
2026-06-16T15:31:22.1453432+08:00	0x07	0.6221	0.2472	-0.7199	0.1835	176.93	277.35	35.75
2026-06-16T15:31:22.3201149+08:00	0x06	-0.0937	-0.1496	-0.4578	0.8714	306.20	349.43	342.53
2026-06-16T15:31:22.4132614+08:00	0x03	0.2498	0.3480	0.4996	0.7529	67.90	50.71	1.62
2026-06-16T15:31:22.4955777+08:00	0x08	0.0163	-0.1120	0.7207	0.6839	92.30	352.42	10.59
2026-06-16T15:31:22.5459693+08:00	0x09	-0.0365	0.6714	-0.1115	0.7318	347.69	84.48	5.53
2026-06-16T15:31:22.6801983+08:00	0x01	0.2830	-0.4563	0.4897	-0.6869	291.15	64.91	3.33
2026-06-16T15:31:22.7412816+08:00	0x07	0.6224	0.2467	-0.7198	0.1834	176.96	277.33	35.69
2026-06-16T15:31:22.8496635+08:00	0x06	-0.0935	-0.1496	-0.4582	0.8712	306.14	349.43	342.55
2026-06-16T15:31:22.8980452+08:00	0x02	-0.2618	-0.0920	0.8241	0.4939	119.87	328.30	353.86
2026-06-16T15:31:23.0168771+08:00	0x04	-0.2013	0.0122	0.0541	-0.9779	353.08	357.15	23.11
2026-06-16T15:31:23.0461525+08:00	0x03	0.2525	0.3476	0.4964	0.7543	67.68	50.86	2.06
2026-06-16T15:31:23.1489847+08:00	0x09	-0.0362	0.6714	-0.1124	0.7316	347.64	84.47	5.62
2026-06-16T15:31:23.2475853+08:00	0x01	0.2850	-0.4568	0.4845	-0.6895	291.63	65.12	2.84
2026-06-16T15:31:23.2786297+08:00	0x07	0.6224	0.2467	-0.7198	0.1835	176.97	277.33	35.70
2026-06-16T15:31:23.4151429+08:00	0x06	-0.0935	-0.1496	-0.4582	0.8712	306.14	349.43	342.55
2026-06-16T15:31:23.5129603+08:00	0x02	-0.2622	-0.1093	0.8446	0.4538	124.40	327.12	356.94
2026-06-16T15:31:23.5460113+08:00	0x03	0.2477	0.3501	0.4982	0.7536	67.60	50.78	1.40
2026-06-16T15:31:23.6788219+08:00	0x09	-0.0355	0.6714	-0.1131	0.7316	347.63	84.47	5.73
2026-06-16T15:31:23.7615828+08:00	0x01	0.2845	-0.4568	0.4835	-0.6904	291.79	65.08	2.80
2026-06-16T15:31:23.8961591+08:00	0x07	0.6223	0.2466	-0.7199	0.1834	176.97	277.34	35.69
2026-06-16T15:31:23.9820017+08:00	0x02	-0.2684	-0.1166	0.8445	0.4486	124.81	326.05	357.49
2026-06-16T15:31:24.0465679+08:00	0x06	-0.0933	-0.1497	-0.4582	0.8712	306.14	349.41	342.56
2026-06-16T15:31:24.0969078+08:00	0x04	-0.2055	0.0065	0.0532	-0.9772	353.32	357.83	23.63
2026-06-16T15:31:24.1513955+08:00	0x09	-0.0353	0.6718	-0.1137	0.7311	347.59	84.52	5.80
2026-06-16T15:31:24.3418863+08:00	0x01	0.2818	-0.4578	0.4778	-0.6948	292.64	65.01	2.63
2026-06-16T15:31:24.4181220+08:00	0x06	-0.0938	-0.1490	-0.4582	0.8713	306.14	349.51	342.54
2026-06-16T15:31:24.4420137+08:00	0x07	0.6228	0.2471	-0.7195	0.1827	176.84	277.23	35.67
2026-06-16T15:31:24.4981938+08:00	0x02	-0.2773	-0.1107	0.8336	0.4647	123.02	325.48	355.80
2026-06-16T15:31:24.6958565+08:00	0x04	-0.1989	0.0104	-0.0075	-0.9799	0.65	358.92	22.96
2026-06-16T15:31:24.7134828+08:00	0x09	-0.0331	0.6723	-0.1147	0.7306	347.69	84.58	6.08
2026-06-16T15:31:24.7469393+08:00	0x08	0.0167	-0.1115	0.7205	0.6842	92.26	352.49	10.57
2026-06-16T15:31:24.8635563+08:00	0x01	0.2772	-0.4561	0.4786	-0.6972	292.88	64.49	2.87
2026-06-16T15:31:24.9396797+08:00	0x07	0.6228	0.2468	-0.7195	0.1828	176.87	277.23	35.66
2026-06-16T15:31:24.9957780+08:00	0x06	-0.0934	-0.1487	-0.4586	0.8711	306.08	349.53	342.60
2026-06-16T15:31:25.0787722+08:00	0x02	-0.1503	-0.0103	0.6597	0.7363	85.05	347.39	348.01
2026-06-16T15:31:25.1467856+08:00	0x04	-0.0752	0.0649	-0.2983	-0.9493	34.47	355.42	10.45
2026-06-16T15:31:25.2150994+08:00	0x03	0.2348	0.3517	0.5126	0.7473	68.64	50.02	359.45
2026-06-16T15:31:25.2300530+08:00	0x09	-0.0324	0.6722	-0.1151	0.7306	347.70	84.57	6.16
2026-06-16T15:31:25.4298257+08:00	0x01	0.2480	-0.4331	0.5047	-0.7045	291.66	59.75	5.03
2026-06-16T15:31:25.4966167+08:00	0x07	0.6230	0.2468	-0.7194	0.1828	176.87	277.21	35.65
2026-06-16T15:31:25.6475064+08:00	0x02	-0.1090	0.0357	0.6644	0.7385	84.52	354.59	347.96
2026-06-16T15:31:25.7799023+08:00	0x09	-0.0320	0.6724	-0.1162	0.7304	347.65	84.58	6.29
2026-06-16T15:31:25.8012767+08:00	0x08	0.0162	-0.1115	0.7205	0.6843	92.25	352.44	10.54
2026-06-16T15:31:25.9003808+08:00	0x01	0.2407	-0.4166	0.5126	-0.7112	291.09	57.38	4.86
2026-06-16T15:31:26.0296215+08:00	0x03	0.2199	0.3204	0.5238	0.7580	69.23	45.74	359.87
2026-06-16T15:31:26.0630220+08:00	0x07	0.6228	0.2473	-0.7194	0.1830	176.85	277.22	35.71
2026-06-16T15:31:26.2320794+08:00	0x04	0.0014	0.0866	-0.1715	-0.9814	19.69	350.18	1.54
2026-06-16T15:31:26.3461183+08:00	0x09	-0.0312	0.6723	-0.1169	0.7303	347.64	84.57	6.41
2026-06-16T15:31:26.3820226+08:00	0x08	0.0162	-0.1116	0.7204	0.6843	92.25	352.44	10.55
2026-06-16T15:31:26.4295815+08:00	0x01	0.2447	-0.4333	0.5093	-0.7021	291.29	59.52	5.61
2026-06-16T15:31:26.6374238+08:00	0x07	0.6229	0.2472	-0.7193	0.1831	176.85	277.21	35.71
2026-06-16T15:31:26.7467805+08:00	0x02	-0.1103	0.0343	0.6643	0.7385	84.54	354.38	347.97
2026-06-16T15:31:26.8421147+08:00	0x08	0.0165	-0.1114	0.7202	0.6846	92.20	352.47	10.55
2026-06-16T15:31:26.8431165+08:00	0x09	-0.0304	0.6724	-0.1175	0.7302	347.65	84.57	6.53
2026-06-16T15:31:26.9304831+08:00	0x03	0.2937	0.4330	0.5133	0.6803	72.49	63.06	357.42
2026-06-16T15:31:27.0015038+08:00	0x01	0.3350	-0.5539	0.4684	-0.6013	289.81	80.62	6.66
2026-06-16T15:31:27.1797860+08:00	0x07	0.6229	0.2469	-0.7193	0.1834	176.91	277.22	35.71
2026-06-16T15:31:27.2458758+08:00	0x02	0.1162	-0.1857	0.8144	0.5374	113.01	359.34	25.30
2026-06-16T15:31:27.3300480+08:00	0x09	-0.0301	0.6723	-0.1184	0.7301	347.60	84.55	6.62
2026-06-16T15:31:27.3628979+08:00	0x04	-0.0009	0.0860	-0.1754	-0.9807	20.12	350.30	1.83
2026-06-16T15:31:27.4637166+08:00	0x08	0.0164	-0.1118	0.7203	0.6844	92.23	352.44	10.58
2026-06-16T15:31:27.4806565+08:00	0x03	0.3058	0.4985	0.4988	0.6396	71.51	71.48	353.91
2026-06-16T15:31:27.5309246+08:00	0x01	0.3318	-0.5577	0.4497	-0.6137	292.15	80.88	5.41
2026-06-16T15:31:27.7299658+08:00	0x06	-0.0935	-0.1495	-0.4578	0.8714	306.20	349.43	342.55
2026-06-16T15:31:27.7470428+08:00	0x07	0.6227	0.2469	-0.7195	0.1832	176.91	277.25	35.70
2026-06-16T15:31:27.9176477+08:00	0x09	-0.0294	0.6721	-0.1193	0.7302	347.57	84.52	6.75
2026-06-16T15:31:27.9658881+08:00	0x08	0.0158	-0.1126	0.7207	0.6838	92.29	352.33	10.60
2026-06-16T15:31:28.0642154+08:00	0x03	0.3102	0.5009	0.4914	0.6414	70.97	72.12	354.58
2026-06-16T15:31:28.1333362+08:00	0x01	0.3603	-0.5653	0.4311	-0.6039	291.66	84.19	2.99
2026-06-16T15:31:28.1992979+08:00	0x06	-0.0946	-0.1495	-0.4575	0.8715	306.24	349.48	342.44
2026-06-16T15:31:28.2801778+08:00	0x07	0.6223	0.2476	-0.7197	0.1828	176.82	277.28	35.72
2026-06-16T15:31:28.3475125+08:00	0x02	0.2550	-0.2380	0.8589	0.3751	139.18	18.93	36.88
2026-06-16T15:31:28.4470697+08:00	0x08	0.0160	-0.1127	0.7206	0.6839	92.28	352.33	10.62
2026-06-16T15:31:28.4677749+08:00	0x09	-0.0295	0.6721	-0.1204	0.7300	347.47	84.52	6.82
2026-06-16T15:31:28.6141469+08:00	0x03	0.3157	0.4821	0.4837	0.6588	70.54	70.35	357.11
2026-06-16T15:31:28.7179841+08:00	0x06	-0.1012	-0.1458	-0.4541	0.8731	306.61	350.14	341.99
2026-06-16T15:31:28.8305286+08:00	0x07	0.6201	0.2530	-0.7209	0.1783	175.99	277.30	35.86
2026-06-16T15:31:28.9325860+08:00	0x02	0.3774	-0.1297	0.9156	0.0489	180.50	44.87	15.93
2026-06-16T15:31:28.9793742+08:00	0x09	-0.0289	0.6723	-0.1214	0.7297	347.43	84.54	6.95
2026-06-16T15:31:29.0309647+08:00	0x04	-0.1018	0.5056	0.0304	-0.8562	350.99	298.23	8.26
2026-06-16T15:31:29.1800544+08:00	0x01	0.3638	-0.5522	0.4347	-0.6114	290.96	82.78	2.02
2026-06-16T15:31:29.2000825+08:00	0x03	0.3043	0.4937	0.4908	0.6502	70.46	70.82	354.90
2026-06-16T15:31:29.2802515+08:00	0x06	-0.1029	-0.1442	-0.4528	0.8738	306.74	350.38	341.91
2026-06-16T15:31:29.3143395+08:00	0x07	0.6198	0.2544	-0.7210	0.1771	175.75	277.26	35.90
2026-06-16T15:31:29.4976273+08:00	0x02	0.3818	-0.0342	0.9204	-0.0767	189.63	45.08	0.25
2026-06-16T15:31:29.5621360+08:00	0x09	-0.0276	0.6725	-0.1220	0.7295	347.48	84.56	7.11
2026-06-16T15:31:29.5878360+08:00	0x08	0.0156	-0.1130	0.7200	0.6845	92.18	352.26	10.61
2026-06-16T15:31:29.7303147+08:00	0x03	0.2842	0.4535	0.5188	0.6666	72.46	64.60	354.74
2026-06-16T15:31:29.7642884+08:00	0x01	0.3336	-0.5151	0.4731	-0.6321	289.30	75.68	3.77
2026-06-16T15:31:29.8350983+08:00	0x07	0.6189	0.2572	-0.7210	0.1762	175.44	277.23	36.08
2026-06-16T15:31:30.0147205+08:00	0x02	0.3370	0.0704	0.9357	-0.0772	185.66	39.09	349.41
2026-06-16T15:31:30.1057413+08:00	0x04	0.0656	0.2972	-0.0136	-0.9525	3.75	325.12	353.29
2026-06-16T15:31:30.1209722+08:00	0x08	0.0159	-0.1129	0.7198	0.6848	92.14	352.30	10.62
2026-06-16T15:31:30.2358859+08:00	0x01	0.3140	-0.4563	0.5256	-0.6457	284.53	67.20	4.25
2026-06-16T15:31:30.2830594+08:00	0x03	0.2677	0.3664	0.5622	0.6914	77.01	53.93	357.61
2026-06-16T15:31:30.3803646+08:00	0x06	-0.1041	-0.1425	-0.4530	0.8739	306.70	350.63	341.87
2026-06-16T15:31:30.5852103+08:00	0x02	0.1951	0.1046	0.9743	-0.0418	182.38	22.39	347.28
2026-06-16T15:31:30.6643792+08:00	0x04	0.1280	0.1464	0.1651	-0.9669	342.84	345.39	342.79
2026-06-16T15:31:30.6973395+08:00	0x08	0.0158	-0.1130	0.7197	0.6848	92.13	352.28	10.62
2026-06-16T15:31:30.7303431+08:00	0x01	0.3073	-0.4459	0.5278	-0.6543	284.75	65.52	3.93
2026-06-16T15:31:30.8360644+08:00	0x03	0.2602	0.3457	0.5689	0.6994	77.44	51.25	358.32
2026-06-16T15:31:30.9504434+08:00	0x06	-0.1044	-0.1424	-0.4531	0.8738	306.68	350.66	341.85
2026-06-16T15:31:31.1139852+08:00	0x02	0.0164	0.0624	0.9893	-0.1306	194.98	0.93	352.66
2026-06-16T15:31:31.1645185+08:00	0x07	0.6187	0.2583	-0.7206	0.1768	175.40	277.20	36.23
2026-06-16T15:31:31.1978691+08:00	0x04	0.1262	0.1511	0.1599	-0.9673	343.53	344.72	342.99
2026-06-16T15:31:31.2148278+08:00	0x08	0.0156	-0.1132	0.7198	0.6848	92.13	352.25	10.62
2026-06-16T15:31:31.3195740+08:00	0x01	0.4499	-0.4445	0.6419	-0.4336	256.55	78.27	10.39
2026-06-16T15:31:31.4138527+08:00	0x03	0.4182	0.3224	0.6730	0.5179	104.81	63.74	359.96
2026-06-16T15:31:31.4976536+08:00	0x07	0.6185	0.2584	-0.7205	0.1776	175.47	277.22	36.31
2026-06-16T15:31:31.5859131+08:00	0x02	0.0880	0.1001	0.9833	-0.1238	193.39	8.74	347.37
2026-06-16T15:31:31.7646500+08:00	0x04	0.2437	0.2159	0.3050	-0.8950	327.63	343.20	325.39
2026-06-16T15:31:31.8143078+08:00	0x08	0.0158	-0.1126	0.7197	0.6849	92.12	352.31	10.59
2026-06-16T15:31:31.9363778+08:00	0x01	0.4462	-0.4451	0.6392	-0.4408	257.37	77.94	10.11
2026-06-16T15:31:32.0144097+08:00	0x03	0.4138	0.3234	0.6706	0.5239	103.99	63.37	-0.01
2026-06-16T15:31:32.0994223+08:00	0x07	0.6192	0.2555	-0.7207	0.1787	175.83	277.31	36.12
2026-06-16T15:31:32.2795415+08:00	0x04	0.0271	0.5120	0.0523	-0.8570	356.43	298.46	354.26
2026-06-16T15:31:32.3151926+08:00	0x09	-0.0256	0.6726	-0.1249	0.7290	347.39	84.56	7.51
2026-06-16T15:31:32.3979723+08:00	0x01	0.3935	-0.3920	0.8275	-0.0823	213.22	61.85	35.73
2026-06-16T15:31:32.4980261+08:00	0x03	0.3979	0.3263	0.8458	0.1409	146.32	58.42	333.90
2026-06-16T15:31:32.6191924+08:00	0x06	-0.1021	-0.1438	-0.4552	0.8727	306.43	350.43	342.00
2026-06-16T15:31:32.7643378+08:00	0x07	0.6190	0.2553	-0.7209	0.1788	175.86	277.35	36.11
2026-06-16T15:31:32.8698348+08:00	0x08	0.0145	-0.1128	0.7199	0.6848	92.14	352.19	10.50
2026-06-16T15:31:32.8975553+08:00	0x09	-0.0252	0.6727	-0.1258	0.7287	347.34	84.58	7.62
2026-06-16T15:31:33.0477229+08:00	0x03	0.3822	0.3245	0.8621	0.0732	154.33	54.86	329.76
2026-06-16T15:31:33.1483466+08:00	0x06	-0.1025	-0.1438	-0.4551	0.8727	306.43	350.46	341.95
2026-06-16T15:31:33.2316994+08:00	0x07	0.6187	0.2557	-0.7211	0.1785	175.82	277.37	36.13
2026-06-16T15:31:33.3653483+08:00	0x04	0.0237	0.5164	-0.0060	-0.8560	1.99	297.76	358.03
2026-06-16T15:31:33.4310688+08:00	0x08	0.0138	-0.1130	0.7199	0.6847	92.15	352.12	10.46
2026-06-16T15:31:33.5653475+08:00	0x03	0.3703	0.3242	0.8698	0.0340	159.19	52.27	327.40
2026-06-16T15:31:33.7145623+08:00	0x06	-0.1022	-0.1440	-0.4551	0.8728	306.45	350.42	341.97
2026-06-16T15:31:33.9358546+08:00	0x04	-0.0733	0.3797	0.3534	-0.8518	318.36	315.09	351.75
2026-06-16T15:31:33.9589705+08:00	0x08	0.0140	-0.1129	0.7198	0.6848	92.13	352.14	10.47
2026-06-16T15:31:34.0644188+08:00	0x01	0.4373	-0.4286	0.6035	-0.5107	263.62	75.48	4.06
2026-06-16T15:31:34.1047920+08:00	0x03	0.4435	0.3473	0.6412	0.5211	102.45	68.57	0.96
2026-06-16T15:31:34.1770005+08:00	0x06	-0.1025	-0.1440	-0.4548	0.8729	306.48	350.42	341.95
2026-06-16T15:31:34.2985905+08:00	0x07	0.6185	0.2560	-0.7210	0.1788	175.83	277.39	36.18
2026-06-16T15:31:34.3990148+08:00	0x04	-0.0705	0.3848	0.3431	-0.8540	319.69	314.53	351.74
2026-06-16T15:31:34.5323383+08:00	0x08	0.0149	-0.1128	0.7194	0.6852	92.07	352.21	10.52
2026-06-16T15:31:34.5817486+08:00	0x01	0.3992	-0.4655	0.5427	-0.5739	275.30	75.64	2.70
2026-06-16T15:31:34.6987414+08:00	0x03	0.3514	0.4034	0.5303	0.6578	79.00	64.66	1.97
2026-06-16T15:31:34.7981701+08:00	0x06	-0.1022	-0.1440	-0.4546	0.8730	306.50	350.41	341.98
2026-06-16T15:31:34.8315696+08:00	0x02	0.3368	0.0500	0.9294	-0.1426	193.63	38.53	349.10
2026-06-16T15:31:34.8987618+08:00	0x07	0.6185	0.2567	-0.7207	0.1794	175.81	277.35	36.30
2026-06-16T15:31:35.0913303+08:00	0x09	-0.0224	0.6725	-0.1291	0.7284	347.27	84.52	8.10
2026-06-16T15:31:35.1156214+08:00	0x08	0.0146	-0.1131	0.7196	0.6850	92.10	352.17	10.53
2026-06-16T15:31:35.1810586+08:00	0x03	0.3443	0.3995	0.5160	0.6750	76.66	63.62	3.01
2026-06-16T15:31:35.2002102+08:00	0x04	-0.2716	0.2000	0.4269	-0.8390	300.60	323.69	16.56
2026-06-16T15:31:35.2812743+08:00	0x06	-0.1019	-0.1441	-0.4549	0.8729	306.48	350.38	342.00
2026-06-16T15:31:35.4497030+08:00	0x02	0.2181	-0.2057	0.5269	-0.7953	290.65	34.18	352.52
2026-06-16T15:31:35.5991337+08:00	0x04	-0.2659	0.0782	0.2461	-0.9288	325.93	341.93	27.09
2026-06-16T15:31:35.6533281+08:00	0x08	0.0146	-0.1130	0.7198	0.6848	92.13	352.18	10.52
2026-06-16T15:31:35.7812739+08:00	0x03	0.2911	0.3982	0.4963	0.7144	70.24	59.10	1.19
2026-06-16T15:31:35.8159051+08:00	0x06	-0.1017	-0.1443	-0.4550	0.8728	306.46	350.35	342.01
2026-06-16T15:31:35.9109631+08:00	0x02	0.2157	-0.1898	0.3780	-0.8801	309.74	30.77	346.33
2026-06-16T15:31:35.9811614+08:00	0x07	0.6184	0.2563	-0.7208	0.1797	175.88	277.40	36.28
2026-06-16T15:31:36.1155590+08:00	0x04	-0.2665	0.0800	0.2488	-0.9277	325.51	341.61	27.05
2026-06-16T15:31:36.1882871+08:00	0x08	0.0146	-0.1133	0.7199	0.6847	92.15	352.16	10.54
2026-06-16T15:31:36.3078518+08:00	0x03	0.2927	0.3983	0.4969	0.7133	70.43	59.24	1.25
2026-06-16T15:31:36.3523728+08:00	0x09	-0.0211	0.6724	-0.1308	0.7282	347.22	84.50	8.35
2026-06-16T15:31:36.5248367+08:00	0x07	0.6187	0.2559	-0.7207	0.1799	175.93	277.38	36.26
2026-06-16T15:31:36.5485222+08:00	0x02	0.1045	-0.3172	0.1400	-0.9321	340.78	38.62	353.91
2026-06-16T15:31:36.7489456+08:00	0x09	-0.0208	0.6724	-0.1317	0.7281	347.17	84.50	8.44
2026-06-16T15:31:36.9041703+08:00	0x03	-0.1477	0.4301	0.4362	0.7765	43.71	42.59	322.80
2026-06-16T15:31:36.9483191+08:00	0x04	-0.1403	-0.2603	0.1874	-0.9367	342.66	27.80	21.12
2026-06-16T15:31:37.0484758+08:00	0x07	0.6188	0.2553	-0.7209	0.1797	175.96	277.39	36.19
2026-06-16T15:31:37.1703037+08:00	0x04	0.0151	-0.4840	0.0339	-0.8743	355.76	57.92	0.37
2026-06-16T15:31:37.2821901+08:00	0x09	-0.0197	0.6725	-0.1323	0.7279	347.20	84.51	8.59
2026-06-16T15:31:37.3171104+08:00	0x01	0.4004	-0.4645	0.5446	-0.5721	274.95	75.64	2.74
2026-06-16T15:31:37.4570147+08:00	0x03	-0.2952	0.4146	0.4325	0.7443	41.47	36.89	307.06
2026-06-16T15:31:37.4827307+08:00	0x06	-0.1011	-0.1446	-0.4554	0.8726	306.42	350.30	342.05
2026-06-16T15:31:37.5648427+08:00	0x07	0.6187	0.2554	-0.7209	0.1797	175.95	277.40	36.20
2026-06-16T15:31:37.7988989+08:00	0x04	0.0458	-0.5103	-0.0086	-0.8588	358.16	61.52	354.98
2026-06-16T15:31:37.8192795+08:00	0x09	-0.0187	0.6726	-0.1330	0.7278	347.21	84.51	8.72
2026-06-16T15:31:38.0361676+08:00	0x06	-0.1008	-0.1446	-0.4554	0.8727	306.42	350.28	342.08
2026-06-16T15:31:38.1019255+08:00	0x07	0.6188	0.2550	-0.7209	0.1796	175.98	277.40	36.16
2026-06-16T15:31:38.1990483+08:00	0x02	-0.0528	-0.6073	-0.0279	-0.7923	6.23	75.10	2.85
2026-06-16T15:31:38.3531914+08:00	0x09	-0.0180	0.6726	-0.1337	0.7276	347.21	84.50	8.84
2026-06-16T15:31:38.3990280+08:00	0x04	0.0414	-0.5217	-0.0146	-0.8520	358.95	63.01	355.08
2026-06-16T15:31:38.5693211+08:00	0x03	-0.2925	0.4195	0.4227	0.7482	39.39	38.58	307.60
2026-06-16T15:31:38.6414010+08:00	0x07	0.6188	0.2550	-0.7209	0.1798	175.99	277.40	36.17
2026-06-16T15:31:38.7652142+08:00	0x02	0.4803	-0.4626	-0.5093	-0.5439	79.78	7.22	276.39
2026-06-16T15:31:38.8839481+08:00	0x04	0.0360	-0.5260	-0.0033	-0.8497	358.15	63.57	356.29
2026-06-16T15:31:38.9499467+08:00	0x08	0.0146	-0.1128	0.7194	0.6852	92.07	352.19	10.51
2026-06-16T15:31:39.0611743+08:00	0x09	-0.0173	0.6726	-0.1343	0.7276	347.21	84.50	8.94
2026-06-16T15:31:39.1789905+08:00	0x03	-0.2896	0.4302	0.4051	0.7530	35.60	41.81	308.31
2026-06-16T15:31:39.2086559+08:00	0x07	0.6189	0.2548	-0.7209	0.1797	176.00	277.40	36.15
2026-06-16T15:31:39.4161585+08:00	0x09	-0.0166	0.6725	-0.1350	0.7275	347.20	84.49	9.06
2026-06-16T15:31:39.4650314+08:00	0x08	0.0145	-0.1129	0.7194	0.6852	92.06	352.18	10.51
2026-06-16T15:31:39.6540645+08:00	0x03	-0.2906	0.4294	0.4015	0.7550	35.03	41.91	308.41
2026-06-16T15:31:39.7660140+08:00	0x06	-0.1007	-0.1448	-0.4553	0.8727	306.44	350.26	342.09
2026-06-16T15:31:39.7989314+08:00	0x07	0.6189	0.2548	-0.7209	0.1798	176.01	277.41	36.15
2026-06-16T15:31:39.9420669+08:00	0x04	0.0111	-0.5392	0.0168	-0.8420	357.69	65.27	359.96
2026-06-16T15:31:40.0167161+08:00	0x09	-0.0164	0.6725	-0.1354	0.7274	347.19	84.48	9.11
2026-06-16T15:31:40.1074542+08:00	0x06	-0.1005	-0.1448	-0.4552	0.8728	306.45	350.25	342.11
2026-06-16T15:31:40.1835938+08:00	0x03	-0.2911	0.4293	0.3972	0.7571	34.33	42.19	308.58
2026-06-16T15:31:40.3035728+08:00	0x07	0.6188	0.2550	-0.7209	0.1799	176.01	277.41	36.18
2026-06-16T15:31:40.3486486+08:00	0x02	0.5616	-0.3724	-0.5894	-0.4455	161.84	285.53	290.05
2026-06-16T15:31:40.4545502+08:00	0x04	0.0099	-0.5374	0.0211	-0.8430	357.35	65.03	0.34
2026-06-16T15:31:40.5540382+08:00	0x09	-0.0158	0.6726	-0.1360	0.7273	347.18	84.49	9.20
2026-06-16T15:31:40.6845511+08:00	0x06	-0.1006	-0.1447	-0.4552	0.8728	306.45	350.26	342.10
2026-06-16T15:31:40.8978479+08:00	0x07	0.6189	0.2548	-0.7209	0.1798	176.01	277.40	36.15
2026-06-16T15:31:41.0168818+08:00	0x04	0.0121	-0.5398	0.0222	-0.8414	357.11	65.36	0.21
2026-06-16T15:31:41.0829182+08:00	0x09	-0.0151	0.6726	-0.1366	0.7271	347.18	84.49	9.31
2026-06-16T15:31:41.1500870+08:00	0x08	0.0146	-0.1130	0.7196	0.6850	92.10	352.18	10.52
2026-06-16T15:31:41.2679513+08:00	0x06	-0.1005	-0.1448	-0.4551	0.8728	306.46	350.25	342.11
2026-06-16T15:31:41.4196703+08:00	0x03	-0.2919	0.4302	0.3927	0.7586	33.47	42.67	308.67
2026-06-16T15:31:41.4529958+08:00	0x07	0.6190	0.2548	-0.7209	0.1798	176.01	277.40	36.15
2026-06-16T15:31:41.5483020+08:00	0x04	0.0120	-0.5401	0.0239	-0.8412	356.95	65.40	0.33
2026-06-16T15:31:41.6835360+08:00	0x01	-0.2346	-0.4821	0.4335	-0.7243	321.99	49.34	49.27
2026-06-16T15:31:41.7868422+08:00	0x06	-0.1005	-0.1447	-0.4551	0.8728	306.46	350.25	342.11
2026-06-16T15:31:41.9664918+08:00	0x07	0.6190	0.2546	-0.7209	0.1797	176.02	277.41	36.13
2026-06-16T15:31:42.1171850+08:00	0x04	0.0092	-0.5395	0.0270	-0.8415	356.83	65.31	0.79
2026-06-16T15:31:42.1502245+08:00	0x01	-0.2690	-0.4826	0.4180	-0.7212	325.83	50.41	52.31
2026-06-16T15:31:42.2001675+08:00	0x09	-0.0143	0.6726	-0.1379	0.7269	347.13	84.48	9.48
2026-06-16T15:31:42.3711718+08:00	0x06	-0.1001	-0.1449	-0.4553	0.8727	306.43	350.22	342.15
2026-06-16T15:31:42.5163742+08:00	0x02	0.6408	-0.2268	-0.6717	-0.2944	171.76	275.95	317.00
2026-06-16T15:31:42.6367111+08:00	0x04	0.0053	-0.5045	0.0281	-0.8629	356.91	60.60	1.10
2026-06-16T15:31:42.7170544+08:00	0x01	-0.2692	-0.4835	0.4177	-0.7207	325.98	50.61	52.35
2026-06-16T15:31:42.8836779+08:00	0x03	-0.0678	0.4110	0.4282	0.8020	45.31	42.64	332.57
2026-06-16T15:31:43.0220587+08:00	0x02	0.6609	-0.1555	-0.7012	-0.2175	173.37	275.20	329.63
2026-06-16T15:31:43.0666937+08:00	0x07	0.6192	0.2542	-0.7208	0.1800	176.08	277.40	36.12
2026-06-16T15:31:43.2070241+08:00	0x04	0.0055	-0.5056	0.0281	-0.8623	356.90	60.74	1.09
2026-06-16T15:31:43.2589468+08:00	0x01	0.2356	-0.5737	0.6368	-0.4580	275.21	74.39	30.99
2026-06-16T15:31:43.2846739+08:00	0x08	0.0145	-0.1128	0.7189	0.6857	91.99	352.18	10.49
2026-06-16T15:31:43.4503819+08:00	0x06	-0.0991	-0.1448	-0.4558	0.8726	306.37	350.18	342.24
2026-06-16T15:31:43.5835539+08:00	0x07	0.6201	0.2529	-0.7207	0.1789	176.05	277.30	35.91
2026-06-16T15:31:43.6352786+08:00	0x02	0.2249	0.1581	-0.8157	-0.5090	115.59	328.13	1.66
2026-06-16T15:31:43.6686580+08:00	0x04	-0.2105	0.0022	-0.1330	-0.9685	16.34	3.25	24.10
2026-06-16T15:31:43.7975352+08:00	0x08	0.0146	-0.1126	0.7193	0.6853	92.05	352.21	10.49
2026-06-16T15:31:43.8352382+08:00	0x01	0.2276	-0.5738	0.6319	-0.4687	276.54	73.92	30.78
2026-06-16T15:31:43.9170275+08:00	0x06	-0.0992	-0.1441	-0.4557	0.8728	306.38	350.26	342.27
2026-06-16T15:31:44.0125458+08:00	0x03	-0.0746	0.4119	0.4274	0.8013	45.00	42.56	331.86
2026-06-16T15:31:44.2024003+08:00	0x02	0.1677	0.1175	-0.7075	-0.6764	93.29	336.61	356.53
2026-06-16T15:31:44.2335635+08:00	0x04	-0.1283	0.0697	-0.2367	-0.9605	27.07	355.63	16.23
2026-06-16T15:31:44.3385142+08:00	0x01	0.0032	-0.5895	0.7987	-0.1206	215.47	25.79	70.20
2026-06-16T15:31:44.4049591+08:00	0x09	-0.0115	0.6730	-0.1405	0.7261	347.12	84.53	9.93
2026-06-16T15:31:44.5478162+08:00	0x06	-0.0992	-0.1438	-0.4560	0.8727	306.34	350.30	342.29
2026-06-16T15:31:44.5697521+08:00	0x03	0.0452	0.4400	0.8681	0.2253	139.87	24.45	311.96
2026-06-16T15:31:44.6669939+08:00	0x07	0.6200	0.2534	-0.7208	0.1787	175.99	277.30	35.94
2026-06-16T15:31:44.7684811+08:00	0x04	-0.0924	0.0858	-0.0828	-0.9886	8.68	350.94	11.36
2026-06-16T15:31:44.8834891+08:00	0x08	0.0144	-0.1126	0.7195	0.6851	92.09	352.19	10.47
2026-06-16T15:31:44.9183077+08:00	0x01	-0.0277	-0.5836	0.8052	-0.1013	203.69	13.07	71.00
2026-06-16T15:31:44.9884908+08:00	0x09	-0.0105	0.6731	-0.1414	0.7258	347.13	84.55	10.08
2026-06-16T15:31:45.0234128+08:00	0x06	-0.0995	-0.1435	-0.4558	0.8728	306.36	350.34	342.27
2026-06-16T15:31:45.0872373+08:00	0x03	0.0165	0.4378	0.8835	0.1657	151.33	15.79	309.81
2026-06-16T15:31:45.2649456+08:00	0x07	0.6199	0.2542	-0.7206	0.1787	175.92	277.27	36.00
2026-06-16T15:31:45.3008807+08:00	0x02	0.1775	0.0992	-0.7905	-0.5778	108.24	336.70	357.23
2026-06-16T15:31:45.3673386+08:00	0x01	-0.0461	-0.5802	0.8067	-0.1024	200.08	7.86	71.00
2026-06-16T15:31:45.4724956+08:00	0x09	-0.0095	0.6730	-0.1420	0.7258	347.15	84.53	10.21
2026-06-16T15:31:45.5674093+08:00	0x06	-0.0998	-0.1433	-0.4556	0.8729	306.38	350.37	342.26
2026-06-16T15:31:45.6338782+08:00	0x03	-0.0062	0.4457	0.8839	0.1415	156.51	10.82	307.85
2026-06-16T15:31:45.8336524+08:00	0x02	0.1725	0.0865	-0.8581	-0.4758	122.17	337.77	359.10
2026-06-16T15:31:45.8715645+08:00	0x07	0.6199	0.2541	-0.7206	0.1788	175.94	277.27	36.01
2026-06-16T15:31:45.9241431+08:00	0x08	0.0144	-0.1125	0.7196	0.6851	92.09	352.20	10.47
2026-06-16T15:31:46.0901181+08:00	0x06	-0.0996	-0.1434	-0.4555	0.8729	306.40	350.35	342.26
2026-06-16T15:31:46.1677419+08:00	0x03	-0.0138	0.4438	0.8873	0.1251	159.95	8.14	307.73
2026-06-16T15:31:46.2512771+08:00	0x09	-0.0090	0.6731	-0.1429	0.7256	347.11	84.53	10.33
2026-06-16T15:31:46.3342646+08:00	0x07	0.6199	0.2540	-0.7206	0.1788	175.94	277.28	36.00
2026-06-16T15:31:46.4681448+08:00	0x01	-0.0521	-0.5828	0.8042	-0.1039	199.59	6.76	71.50
2026-06-16T15:31:46.5518308+08:00	0x08	0.0145	-0.1124	0.7196	0.6851	92.10	352.22	10.47
2026-06-16T15:31:46.6011607+08:00	0x09	-0.0079	0.6732	-0.1438	0.7253	347.12	84.54	10.50
2026-06-16T15:31:46.7002592+08:00	0x03	-0.0198	0.4411	0.8903	0.1118	162.77	5.94	307.84
2026-06-16T15:31:46.8351672+08:00	0x04	-0.0754	0.0791	0.0735	-0.9913	350.84	350.24	7.93
2026-06-16T15:31:46.9175744+08:00	0x07	0.6198	0.2547	-0.7206	0.1784	175.84	277.25	36.03
2026-06-16T15:31:47.0179597+08:00	0x08	0.0146	-0.1124	0.7197	0.6850	92.12	352.23	10.48
2026-06-16T15:31:47.0506925+08:00	0x01	-0.0653	-0.5890	0.7983	-0.1075	198.50	4.31	72.63
2026-06-16T15:31:47.1343223+08:00	0x09	-0.0072	0.6730	-0.1445	0.7253	347.10	84.52	10.60
2026-06-16T15:31:47.1511744+08:00	0x06	-0.1002	-0.1431	-0.4550	0.8732	306.46	350.41	342.23
2026-06-16T15:31:47.2510094+08:00	0x03	-0.0294	0.4376	0.8935	0.0965	166.22	2.97	308.03
2026-06-16T15:31:47.4674902+08:00	0x02	0.1702	0.0844	-0.8757	-0.4438	126.29	338.10	359.81
2026-06-16T15:31:47.5223458+08:00	0x04	-0.0284	0.0870	0.3503	-0.9321	318.85	349.51	359.54
2026-06-16T15:31:47.6517209+08:00	0x08	0.0146	-0.1124	0.7198	0.6848	92.14	352.23	10.47
2026-06-16T15:31:47.6886310+08:00	0x01	-0.0554	-0.5923	0.7974	-0.1013	199.05	6.18	72.91
2026-06-16T15:31:47.7893847+08:00	0x03	-0.0107	0.4331	0.8974	0.0842	166.92	4.91	308.83
2026-06-16T15:31:47.9730214+08:00	0x07	0.6204	0.2544	-0.7200	0.1790	175.89	277.16	36.05
2026-06-16T15:31:48.2011971+08:00	0x09	-0.0069	0.6733	-0.1464	0.7247	346.97	84.55	10.78
2026-06-16T15:31:48.2349463+08:00	0x08	0.0114	-0.1123	0.7208	0.6839	92.29	351.98	10.22
2026-06-16T15:31:48.3843356+08:00	0x03	-0.0113	0.4332	0.8972	0.0846	166.90	4.86	308.80
2026-06-16T15:31:48.5171066+08:00	0x04	-0.0204	0.0875	0.3894	-0.9167	314.12	349.84	358.23
2026-06-16T15:31:48.5345624+08:00	0x07	0.6219	0.2344	-0.7227	0.1897	178.79	278.20	35.09
2026-06-16T15:31:48.7594033+08:00	0x01	-0.0557	-0.5922	0.7974	-0.1015	199.04	6.13	72.90
2026-06-16T15:31:48.8512021+08:00	0x06	-0.0524	-0.1590	-0.4817	0.8602	303.15	346.71	345.91
2026-06-16T15:31:48.8678266+08:00	0x03	0.4249	0.3628	0.8284	-0.0410	161.85	60.87	320.51
2026-06-16T15:31:49.0177783+08:00	0x07	0.6390	0.2040	-0.7176	0.1874	180.55	276.80	32.16
2026-06-16T15:31:49.0682196+08:00	0x04	0.3370	0.6047	0.3102	-0.6515	0.35	274.09	305.48
2026-06-16T15:31:49.3045482+08:00	0x08	-0.0197	-0.1207	0.7258	0.6769	93.15	348.80	8.54
2026-06-16T15:31:49.3521640+08:00	0x09	-0.0446	0.6672	-0.1604	0.7261	342.80	83.86	8.58
2026-06-16T15:31:49.4754076+08:00	0x03	0.6577	0.3084	0.6843	-0.0638	158.33	93.68	329.60
2026-06-16T15:31:49.5849114+08:00	0x02	0.1683	0.0930	-0.8977	-0.3964	131.97	337.91	1.92
2026-06-16T15:31:49.6319014+08:00	0x07	0.6410	0.2013	-0.7171	0.1852	180.51	276.56	31.75
2026-06-16T15:31:49.8720699+08:00	0x09	-0.0451	0.6668	-0.1600	0.7264	342.79	83.81	8.51
2026-06-16T15:31:49.9727527+08:00	0x08	-0.0227	-0.1174	0.7212	0.6823	92.39	348.76	7.95
2026-06-16T15:31:50.0005490+08:00	0x01	0.6588	-0.3391	0.6707	0.0339	207.60	96.49	29.97
2026-06-16T15:31:50.0917686+08:00	0x07	0.6416	0.1980	-0.7169	0.1875	180.99	276.63	31.64
2026-06-16T15:31:50.1822972+08:00	0x04	0.5321	0.6312	0.2883	-0.4851	55.68	220.10	298.34
2026-06-16T15:31:50.3970013+08:00	0x09	-0.0499	0.6629	-0.1628	0.7291	342.14	83.26	8.22
2026-06-16T15:31:50.4358160+08:00	0x08	-0.0246	-0.1249	0.7181	0.6842	91.88	347.97	8.37
2026-06-16T15:31:50.4687270+08:00	0x03	0.6965	0.3021	0.6503	-0.0263	154.65	99.74	334.56
2026-06-16T15:31:50.5853934+08:00	0x01	-0.0121	-0.7148	0.6342	-0.2945	298.74	93.14	66.03
2026-06-16T15:31:50.6552979+08:00	0x07	0.6380	0.1995	-0.7208	0.1834	180.66	277.16	31.44
2026-06-16T15:31:50.7880515+08:00	0x02	-0.7070	-0.0649	-0.7019	-0.0573	170.08	90.47	359.42
2026-06-16T15:31:50.8383076+08:00	0x04	0.0994	0.4620	0.1393	-0.8702	350.91	305.47	342.44
2026-06-16T15:31:50.8615358+08:00	0x08	-0.0293	-0.1353	0.7194	0.6806	92.14	346.75	8.90
2026-06-16T15:31:50.9019919+08:00	0x09	-0.0598	0.6601	-0.1700	0.7293	340.74	82.96	7.88
2026-06-16T15:31:51.1027977+08:00	0x06	-0.0706	-0.1603	-0.4670	0.8667	305.14	347.27	344.21
2026-06-16T15:31:51.1349251+08:00	0x03	0.1044	0.6055	0.7077	0.3487	92.17	66.75	308.35
2026-06-16T15:31:51.2378538+08:00	0x02	-0.2969	0.1220	-0.8647	-0.3863	138.44	27.84	26.13
2026-06-16T15:31:51.4555474+08:00	0x04	0.0667	0.4665	0.1677	-0.8659	346.28	305.29	344.22
2026-06-16T15:31:51.4854704+08:00	0x09	-0.0608	0.6590	-0.1729	0.7294	340.39	82.81	8.00
2026-06-16T15:31:51.5023701+08:00	0x01	-0.0360	-0.6848	0.6183	-0.3841	298.68	82.95	60.97
2026-06-16T15:31:51.5514055+08:00	0x03	0.0511	0.5857	0.6957	0.4128	87.57	60.90	309.40
2026-06-16T15:31:51.7358439+08:00	0x06	-0.0693	-0.1605	-0.4667	0.8670	305.18	347.18	344.33
2026-06-16T15:31:51.8740506+08:00	0x02	-0.2959	0.0937	-0.8947	-0.3211	146.22	30.17	20.96
2026-06-16T15:31:51.9731905+08:00	0x08	-0.0313	-0.1350	0.7069	0.6936	90.08	346.46	8.48
2026-06-16T15:31:52.0003519+08:00	0x01	-0.0273	-0.6830	0.6204	-0.3845	297.48	82.41	60.28
2026-06-16T15:31:52.0315815+08:00	0x09	-0.0598	0.6589	-0.1732	0.7295	340.44	82.78	8.11
2026-06-16T15:31:52.0852000+08:00	0x06	-0.0690	-0.1606	-0.4662	0.8673	305.25	347.15	344.37
2026-06-16T15:31:52.1404706+08:00	0x03	-0.0107	0.5517	0.7271	0.4084	95.66	48.06	305.80
2026-06-16T15:31:52.2850159+08:00	0x07	0.6364	0.1989	-0.7253	0.1715	179.72	277.39	30.45
2026-06-16T15:31:52.3348797+08:00	0x02	-0.3011	0.0434	-0.9310	-0.2017	159.10	33.68	11.67
2026-06-16T15:31:52.5355070+08:00	0x08	-0.0338	-0.1363	0.7040	0.6962	89.62	346.12	8.33
2026-06-16T15:31:52.5792120+08:00	0x01	-0.0114	-0.6892	0.6094	-0.3917	299.09	84.60	58.10
2026-06-16T15:31:52.6680737+08:00	0x06	-0.0708	-0.1610	-0.4658	0.8672	305.30	347.19	344.17
2026-06-16T15:31:52.8189156+08:00	0x07	0.6361	0.1987	-0.7256	0.1714	179.73	277.44	30.42
2026-06-16T15:31:52.8744610+08:00	0x02	-0.2956	0.0205	-0.9329	-0.2047	158.00	33.38	9.17
2026-06-16T15:31:53.0859464+08:00	0x08	-0.0333	-0.1362	0.7014	0.6988	89.20	346.14	8.31
2026-06-16T15:31:53.1023739+08:00	0x01	-0.0076	-0.6793	0.6234	-0.3871	295.23	81.52	58.52
2026-06-16T15:31:53.1870215+08:00	0x03	0.0040	0.4643	0.8405	0.2792	131.12	25.06	308.90
2026-06-16T15:31:53.2030258+08:00	0x06	-0.0718	-0.1618	-0.4653	0.8673	305.39	347.15	344.03
2026-06-16T15:31:53.3735511+08:00	0x07	0.6353	0.1991	-0.7267	0.1691	179.52	277.54	30.28
2026-06-16T15:31:53.4362924+08:00	0x02	-0.2958	0.0212	-0.9328	-0.2046	158.03	33.39	9.24
2026-06-16T15:31:53.6481801+08:00	0x08	-0.0336	-0.1385	0.7004	0.6994	89.04	345.91	8.45
2026-06-16T15:31:53.6481801+08:00	0x01	-0.0659	-0.6309	0.7385	-0.2285	248.65	44.39	74.15
2026-06-16T15:31:53.7021524+08:00	0x03	-0.0381	0.4577	0.8611	0.2180	144.97	13.05	306.40
2026-06-16T15:31:53.9221875+08:00	0x04	0.0677	0.4663	0.1668	-0.8661	346.42	305.30	344.17
2026-06-16T15:31:54.0061878+08:00	0x02	-0.0334	0.2220	-0.9254	0.3054	219.05	12.38	22.99
2026-06-16T15:31:54.1029135+08:00	0x08	-0.0320	-0.1372	0.6953	0.7048	88.19	346.08	8.37
2026-06-16T15:31:54.2354321+08:00	0x01	-0.0893	-0.6141	0.7651	-0.1716	219.30	17.87	76.03
2026-06-16T15:31:54.3028446+08:00	0x03	-0.0736	0.4778	0.8615	0.1555	158.24	2.35	302.21
2026-06-16T15:31:54.5028924+08:00	0x07	0.6373	0.1973	-0.7261	0.1665	179.37	277.29	29.92
2026-06-16T15:31:54.7185770+08:00	0x08	-0.0322	-0.1371	0.6939	0.7062	87.97	346.06	8.33
2026-06-16T15:31:54.7522874+08:00	0x01	-0.0927	-0.6113	0.7668	-0.1724	218.02	16.25	75.80
2026-06-16T15:31:54.8364154+08:00	0x03	-0.0923	0.4845	0.8606	0.1270	165.48	356.00	300.98
2026-06-16T15:31:55.0867634+08:00	0x07	0.6375	0.1972	-0.7260	0.1660	179.31	277.24	29.86
2026-06-16T15:31:55.1126554+08:00	0x02	0.0936	0.2209	-0.9505	0.1972	202.03	354.14	27.18
2026-06-16T15:31:55.1907050+08:00	0x08	-0.0304	-0.1364	0.6925	0.7078	87.73	346.25	8.39
2026-06-16T15:31:55.2358986+08:00	0x01	-0.0925	-0.6143	0.7669	-0.1609	214.53	13.74	76.42
2026-06-16T15:31:55.3276136+08:00	0x06	-0.0710	-0.1608	-0.4651	0.8676	305.40	347.21	344.17
2026-06-16T15:31:55.3525343+08:00	0x09	-0.0545	0.6589	-0.1791	0.7285	340.30	82.69	9.01
2026-06-16T15:31:55.5614720+08:00	0x07	0.6378	0.1964	-0.7261	0.1654	179.32	277.23	29.74
2026-06-16T15:31:55.8082799+08:00	0x08	-0.0306	-0.1360	0.6923	0.7081	87.70	346.27	8.33
2026-06-16T15:31:55.8759148+08:00	0x01	-0.0935	-0.6137	0.7676	-0.1594	213.55	12.80	76.41
2026-06-16T15:31:55.8952557+08:00	0x03	-0.1088	0.4706	0.8691	0.1067	171.17	350.55	302.73
2026-06-16T15:31:56.1120632+08:00	0x07	0.6376	0.1970	-0.7263	0.1646	179.19	277.23	29.74
2026-06-16T15:31:56.1953549+08:00	0x02	0.1696	0.1976	-0.9636	-0.0603	168.67	337.91	21.13
2026-06-16T15:31:56.2859764+08:00	0x08	-0.0307	-0.1356	0.6922	0.7082	87.69	346.29	8.30
2026-06-16T15:31:56.4363677+08:00	0x09	-0.0528	0.6594	-0.1800	0.7280	340.36	82.74	9.24
2026-06-16T15:31:56.6109076+08:00	0x01	-0.0969	-0.6147	0.7676	-0.1537	210.67	10.12	76.75
2026-06-16T15:31:56.6530827+08:00	0x07	0.6377	0.1968	-0.7263	0.1646	179.21	277.22	29.72
2026-06-16T15:31:56.7178963+08:00	0x02	0.2133	0.1785	-0.9252	-0.2581	145.42	330.06	12.72
2026-06-16T15:31:56.8530825+08:00	0x08	-0.0307	-0.1357	0.6923	0.7080	87.71	346.29	8.30
2026-06-16T15:31:56.9086155+08:00	0x01	-0.0965	-0.6143	0.7678	-0.1542	210.90	10.33	76.68
2026-06-16T15:31:56.9406307+08:00	0x09	-0.0522	0.6594	-0.1804	0.7279	340.37	82.73	9.31
2026-06-16T15:31:57.1740647+08:00	0x07	0.6379	0.1962	-0.7264	0.1639	179.19	277.21	29.62
2026-06-16T15:31:57.2864316+08:00	0x02	0.2329	0.1581	-0.8901	-0.3586	134.22	327.90	6.57
2026-06-16T15:31:57.3802846+08:00	0x08	-0.0307	-0.1355	0.6924	0.7080	87.72	346.30	8.29
2026-06-16T15:31:57.4662081+08:00	0x09	-0.0519	0.6595	-0.1807	0.7278	340.37	82.74	9.38
2026-06-16T15:31:57.5403041+08:00	0x03	-0.1058	0.4595	0.8762	0.0997	172.09	350.41	304.28
2026-06-16T15:31:57.7473983+08:00	0x02	0.2380	0.1527	-0.8791	-0.3837	131.41	327.47	4.92
2026-06-16T15:31:57.7868227+08:00	0x07	0.6379	0.1958	-0.7265	0.1637	179.21	277.22	29.57
2026-06-16T15:31:57.8750757+08:00	0x04	-0.1198	0.0928	0.4899	-0.8585	299.64	343.82	6.59
2026-06-16T15:31:57.9602229+08:00	0x08	-0.0308	-0.1357	0.6922	0.7082	87.69	346.28	8.29
2026-06-16T15:31:58.0194910+08:00	0x03	-0.1065	0.4593	0.8763	0.0990	172.29	350.22	304.31
2026-06-16T15:31:58.3090109+08:00	0x07	0.6380	0.1954	-0.7267	0.1635	179.23	277.23	29.51
2026-06-16T15:31:58.4038975+08:00	0x04	-0.1183	0.0919	0.4839	-0.8622	300.47	344.05	6.61
2026-06-16T15:31:58.5546261+08:00	0x09	-0.0511	0.6595	-0.1816	0.7277	340.35	82.72	9.50
2026-06-16T15:31:58.6076476+08:00	0x03	-0.1056	0.4567	0.8778	0.0989	172.21	350.37	304.65
2026-06-16T15:31:58.8681513+08:00	0x07	0.6380	0.1953	-0.7267	0.1633	179.22	277.23	29.49
2026-06-16T15:31:58.9736233+08:00	0x04	-0.1179	0.0909	0.4784	-0.8654	301.20	344.22	6.73
2026-06-16T15:31:59.0198789+08:00	0x02	0.2438	0.1451	-0.8624	-0.4192	127.39	327.13	2.62
2026-06-16T15:31:59.0923559+08:00	0x03	-0.1055	0.4565	0.8780	0.0982	172.31	350.33	304.68
2026-06-16T15:31:59.3705448+08:00	0x02	0.2451	0.1421	-0.8584	-0.4276	126.46	327.14	1.97
2026-06-16T15:31:59.3914926+08:00	0x07	0.6382	0.1949	-0.7268	0.1626	179.19	277.21	29.39
2026-06-16T15:31:59.4410968+08:00	0x04	-0.1192	0.0909	0.4751	-0.8671	301.59	344.16	6.91
2026-06-16T15:31:59.6040827+08:00	0x09	-0.0509	0.6595	-0.1824	0.7275	340.30	82.72	9.59
2026-06-16T15:31:59.6643395+08:00	0x01	-0.0955	-0.6166	0.7654	-0.1578	213.07	12.30	76.90
2026-06-16T15:31:59.6861016+08:00	0x08	-0.0309	-0.1355	0.6920	0.7084	87.66	346.27	8.26
2026-06-16T15:31:59.7522731+08:00	0x03	-0.1062	0.4569	0.8778	0.0969	172.61	350.09	304.64
2026-06-16T15:31:59.9229062+08:00	0x07	0.6382	0.1954	-0.7270	0.1612	179.02	277.19	29.33
2026-06-16T15:31:59.9588405+08:00	0x02	0.2458	0.1384	-0.8550	-0.4352	125.66	327.25	1.30
2026-06-16T15:32:00.1388123+08:00	0x08	-0.0307	-0.1355	0.6922	0.7082	87.69	346.29	8.29
2026-06-16T15:32:00.1872198+08:00	0x03	-0.1063	0.4575	0.8775	0.0972	172.57	350.09	304.56
2026-06-16T15:32:00.3170000+08:00	0x06	-0.0725	-0.1599	-0.4633	0.8686	305.63	347.34	344.09
2026-06-16T15:32:00.4081126+08:00	0x02	0.2478	0.1380	-0.8518	-0.4404	125.04	327.06	0.97
2026-06-16T15:37:51.1472618+08:00	0x07	0.6383	0.1952	-0.7269	0.1617	179.07	277.19	29.35
2026-06-16T15:37:51.1472618+08:00	0x04	-0.1179	0.0887	0.4708	-0.8698	302.20	344.49	6.98
2026-06-16T15:37:51.1472618+08:00	0x09	-0.0499	0.6597	-0.1835	0.7270	340.27	82.74	9.76
2026-06-16T15:37:51.1472618+08:00	0x06	-0.0723	-0.1599	-0.4636	0.8685	305.58	347.35	344.11
2026-06-16T15:37:51.1472618+08:00	0x01	-0.0967	-0.6186	0.7634	-0.1589	213.75	12.79	77.20
2026-06-16T15:37:51.1472618+08:00	0x07	0.6385	0.1946	-0.7269	0.1614	179.09	277.18	29.27
2026-06-16T15:37:51.1472618+08:00	0x04	-0.1187	0.0892	0.4696	-0.8703	302.33	344.41	7.05
2026-06-16T15:37:51.1472618+08:00	0x08	-0.0311	-0.1354	0.6926	0.7078	87.76	346.27	8.25
2026-06-16T15:37:51.1472618+08:00	0x03	-0.1066	0.4567	0.8778	0.0972	172.59	350.04	304.66
2026-06-16T15:37:51.1472618+08:00	0x01	-0.0956	-0.6169	0.7648	-0.1591	213.69	12.79	76.93
2026-06-16T15:37:51.1472618+08:00	0x06	-0.0721	-0.1602	-0.4636	0.8685	305.59	347.30	344.12
2026-06-16T15:37:51.1472618+08:00	0x04	-0.1195	0.0898	0.4688	-0.8706	302.41	344.31	7.12
2026-06-16T15:37:51.1472618+08:00	0x07	0.6386	0.1940	-0.7271	0.1610	179.11	277.19	29.19
2026-06-16T15:37:51.1472618+08:00	0x03	-0.1068	0.4576	0.8775	0.0962	172.80	349.91	304.56
2026-06-16T15:37:51.1472618+08:00	0x09	-0.0492	0.6597	-0.1843	0.7269	340.25	82.72	9.89
2026-06-16T15:37:51.1472618+08:00	0x06	-0.0721	-0.1602	-0.4635	0.8685	305.60	347.30	344.11
2026-06-16T15:37:51.1472618+08:00	0x08	-0.0312	-0.1357	0.6925	0.7079	87.74	346.24	8.26
2026-06-16T15:37:51.1472618+08:00	0x02	0.2250	0.0690	-0.8597	-0.4534	125.55	333.18	355.10
2026-06-16T15:37:51.1472618+08:00	0x07	0.6386	0.1937	-0.7272	0.1607	179.10	277.18	29.14
2026-06-16T15:37:51.1472618+08:00	0x08	-0.0310	-0.1357	0.6924	0.7080	87.72	346.25	8.28
2026-06-16T15:37:51.1472618+08:00	0x03	-0.1078	0.4585	0.8771	0.0940	173.30	349.51	304.46
2026-06-16T15:37:51.1472618+08:00	0x09	-0.0490	0.6596	-0.1846	0.7269	340.24	82.71	9.93
2026-06-16T15:37:51.1482589+08:00	0x06	-0.0718	-0.1603	-0.4639	0.8683	305.56	347.29	344.13
2026-06-16T15:37:51.1482589+08:00	0x01	-0.0868	-0.5701	0.8026	-0.1527	205.74	5.94	70.33
2026-06-16T15:37:51.1482589+08:00	0x02	0.2044	0.0540	-0.9002	-0.3807	134.88	335.81	356.65
2026-06-16T15:37:51.1482589+08:00	0x03	-0.1051	0.4565	0.8789	0.0902	173.70	349.66	304.78
2026-06-16T15:37:51.1482589+08:00	0x09	-0.0492	0.6596	-0.1853	0.7267	340.16	82.71	9.96
2026-06-16T15:37:51.1482589+08:00	0x01	-0.0827	-0.5686	0.8066	-0.1388	202.42	4.12	70.09
2026-06-16T15:37:51.1482589+08:00	0x06	-0.0720	-0.1601	-0.4637	0.8684	305.57	347.31	344.12
2026-06-16T15:37:51.1482589+08:00	0x02	0.1831	0.0173	-0.9088	-0.3745	136.29	339.66	353.94
2026-06-16T15:37:51.1482589+08:00	0x07	0.6387	0.1937	-0.7272	0.1606	179.09	277.18	29.13
2026-06-16T15:37:51.1482589+08:00	0x08	-0.0317	-0.1364	0.6921	0.7080	87.69	346.14	8.27
2026-06-16T15:37:51.1482589+08:00	0x03	-0.1021	0.4254	0.8953	0.0835	174.27	349.73	308.85
2026-06-16T15:37:51.1482589+08:00	0x06	-0.0725	-0.1604	-0.4635	0.8685	305.61	347.30	344.07
2026-06-16T15:37:51.1482589+08:00	0x01	-0.0864	-0.5567	0.8123	-0.1508	203.96	4.30	68.51
2026-06-16T15:37:51.1482589+08:00	0x02	0.1836	-0.0100	-0.9183	-0.3505	139.67	340.50	351.54
2026-06-16T15:37:51.1482589+08:00	0x07	0.6385	0.1943	-0.7272	0.1604	179.03	277.18	29.17
2026-06-16T15:37:51.1482589+08:00	0x04	-0.0319	0.0224	0.4874	-0.8723	301.54	355.97	1.94
2026-06-16T15:37:51.1482589+08:00	0x03	-0.1043	0.4099	0.9011	0.0956	172.35	350.32	310.66
2026-06-16T15:37:51.1482589+08:00	0x06	-0.0728	-0.1602	-0.4634	0.8685	305.62	347.34	344.04
2026-06-16T15:37:51.1482589+08:00	0x01	-0.0848	-0.5498	0.8163	-0.1553	204.81	4.87	67.52
2026-06-16T15:37:51.1482589+08:00	0x02	0.1850	-0.0127	-0.9332	-0.3077	144.90	340.08	352.09
2026-06-16T15:37:51.1482589+08:00	0x07	0.6386	0.1941	-0.7273	0.1601	179.01	277.18	29.13
2026-06-16T15:37:51.1482589+08:00	0x04	-0.0056	-0.0030	0.4972	-0.8676	300.36	359.98	0.73
2026-06-16T15:37:51.1482589+08:00	0x09	-0.0498	0.6592	-0.1868	0.7267	339.98	82.65	10.01
2026-06-16T15:37:51.1482589+08:00	0x08	-0.0321	-0.1366	0.6913	0.7088	87.55	346.08	8.24
2026-06-16T15:37:51.1482589+08:00	0x01	-0.0955	-0.5576	0.8098	-0.1554	203.77	2.97	68.88
2026-06-16T15:37:51.1482589+08:00	0x02	0.2047	0.0049	-0.9288	-0.3090	144.55	337.30	353.26
2026-06-16T15:37:51.1482589+08:00	0x09	-0.0500	0.6592	-0.1871	0.7266	339.93	82.65	10.02
2026-06-16T15:37:51.1482589+08:00	0x04	-0.0262	0.0081	0.4949	-0.8685	300.61	357.70	2.15
2026-06-16T15:37:51.1482589+08:00	0x03	-0.1135	0.4146	0.8979	0.0950	173.17	348.78	310.00
2026-06-16T15:37:51.1482589+08:00	0x06	-0.0732	-0.1603	-0.4634	0.8685	305.62	347.35	343.99
2026-06-16T15:37:51.1482589+08:00	0x01	-0.0964	-0.5628	0.8058	-0.1572	204.55	3.55	69.59
2026-06-16T15:37:51.1488301+08:00	0x07	0.6385	0.1942	-0.7273	0.1598	178.98	277.18	29.12
2026-06-16T15:37:51.1488301+08:00	0x04	-0.0429	0.0204	0.4949	-0.8677	300.48	355.53	3.11
2026-06-16T15:37:51.1488301+08:00	0x09	-0.0498	0.6593	-0.1876	0.7264	339.91	82.67	10.07
2026-06-16T15:37:51.1488301+08:00	0x03	-0.1126	0.4200	0.8956	0.0936	173.38	348.81	309.33
2026-06-16T15:37:51.1488301+08:00	0x06	-0.0731	-0.1600	-0.4638	0.8683	305.56	347.38	344.01
2026-06-16T15:37:51.1488301+08:00	0x01	-0.0905	-0.5714	0.8006	-0.1561	206.16	5.79	70.59
2026-06-16T15:37:51.1488301+08:00	0x02	0.2070	0.0355	-0.9208	-0.3286	141.58	336.07	355.94
2026-06-16T15:37:51.1488301+08:00	0x04	-0.0633	0.0353	0.4936	-0.8667	300.41	352.87	4.29
2026-06-16T15:37:51.1488301+08:00	0x07	0.6387	0.1941	-0.7274	0.1593	178.95	277.16	29.07
2026-06-16T15:37:51.1488301+08:00	0x09	-0.0483	0.6594	-0.1878	0.7264	340.01	82.66	10.23
2026-06-16T15:37:51.1488301+08:00	0x03	-0.1118	0.4307	0.8911	0.0890	174.20	348.53	308.05
2026-06-16T15:37:51.1488301+08:00	0x06	-0.0733	-0.1599	-0.4637	0.8683	305.57	347.40	344.00
2026-06-16T15:37:51.1488301+08:00	0x01	-0.0882	-0.5704	0.8017	-0.1554	206.26	6.12	70.38
2026-06-16T15:37:51.1488301+08:00	0x02	0.2042	0.0353	-0.9207	-0.3306	141.33	336.40	355.99
2026-06-16T15:37:51.1488301+08:00	0x04	-0.0639	0.0383	0.4865	-0.8705	301.32	352.58	4.24
2026-06-16T15:37:51.1488301+08:00	0x09	-0.0478	0.6596	-0.1881	0.7261	340.02	82.68	10.29
2026-06-16T15:37:51.1488301+08:00	0x03	-0.1108	0.4314	0.8911	0.0869	174.47	348.52	307.99
2026-06-16T15:37:51.1488301+08:00	0x08	-0.0324	-0.1365	0.6897	0.7103	87.31	346.05	8.18
2026-06-16T15:37:51.1488301+08:00	0x06	-0.0732	-0.1600	-0.4639	0.8682	305.55	347.38	344.00
2026-06-16T15:37:51.1488301+08:00	0x01	-0.0869	-0.5724	0.8004	-0.1553	206.71	6.69	70.62
2026-06-16T15:37:51.1488301+08:00	0x02	0.2039	0.0363	-0.9201	-0.3326	141.08	336.41	356.06
2026-06-16T15:37:51.1488301+08:00	0x07	0.6388	0.1935	-0.7275	0.1590	178.96	277.16	28.99
2026-06-16T15:37:51.1488301+08:00	0x09	-0.0475	0.6596	-0.1885	0.7260	340.00	82.68	10.35
2026-06-16T15:37:51.1488301+08:00	0x03	-0.1100	0.4314	0.8911	0.0884	174.15	348.79	307.98
2026-06-16T15:37:51.1488301+08:00	0x08	-0.0324	-0.1364	0.6896	0.7105	87.30	346.06	8.17
2026-06-16T15:37:51.1488301+08:00	0x06	-0.0729	-0.1600	-0.4642	0.8681	305.50	347.38	344.03
2026-06-16T15:37:51.1488301+08:00	0x02	0.2041	0.0362	-0.9199	-0.3329	141.04	336.38	356.03
2026-06-16T15:37:51.1488301+08:00	0x07	0.6389	0.1931	-0.7276	0.1586	178.96	277.15	28.92
2026-06-16T15:37:51.1488301+08:00	0x04	-0.0636	0.0376	0.4816	-0.8733	301.98	352.69	4.29
2026-06-16T15:37:51.1488301+08:00	0x09	-0.0472	0.6597	-0.1888	0.7259	340.00	82.69	10.41
2026-06-16T15:37:51.1488301+08:00	0x03	-0.1103	0.4309	0.8914	0.0873	174.35	348.65	308.06
2026-06-16T15:37:51.1488301+08:00	0x06	-0.0729	-0.1601	-0.4642	0.8681	305.50	347.37	344.02
2026-06-16T15:37:51.1488301+08:00	0x01	-0.0854	-0.5721	0.8006	-0.1566	207.31	7.31	70.51
2026-06-16T15:37:51.1488301+08:00	0x02	0.2037	0.0366	-0.9199	-0.3331	141.01	336.42	356.08
2026-06-16T15:37:51.1488301+08:00	0x07	0.6391	0.1925	-0.7276	0.1583	178.97	277.15	28.85
2026-06-16T15:37:51.1488301+08:00	0x09	-0.0467	0.6596	-0.1893	0.7259	339.99	82.67	10.49
2026-06-16T15:37:51.1488301+08:00	0x03	-0.1095	0.4339	0.8898	0.0894	173.98	348.93	307.64
2026-06-16T15:37:51.1488301+08:00	0x06	-0.0729	-0.1602	-0.4642	0.8681	305.51	347.36	344.02
2026-06-16T15:37:51.1488301+08:00	0x02	0.2035	0.0352	-0.9194	-0.3347	140.84	336.50	355.90
2026-06-16T15:37:51.1488301+08:00	0x04	-0.0637	0.0371	0.4782	-0.8751	302.41	352.76	4.36
2026-06-16T15:37:51.1488301+08:00	0x03	-0.1091	0.4352	0.8891	0.0905	173.78	349.08	307.47
2026-06-16T15:37:51.1488301+08:00	0x09	-0.0464	0.6596	-0.1897	0.7258	339.98	82.66	10.54
2026-06-16T15:37:51.1488301+08:00	0x06	-0.0725	-0.1602	-0.4644	0.8680	305.49	347.34	344.06
2026-06-16T15:37:51.1488301+08:00	0x07	0.6393	0.1914	-0.7279	0.1575	178.99	277.15	28.69
2026-06-16T15:37:51.1488301+08:00	0x02	0.2056	0.0342	-0.9184	-0.3364	140.67	336.31	355.67
2026-06-16T15:37:51.1488301+08:00	0x08	-0.0323	-0.1361	0.6895	0.7106	87.27	346.08	8.15
2026-06-16T15:37:51.1488301+08:00	0x09	-0.0461	0.6597	-0.1900	0.7257	339.98	82.67	10.59
2026-06-16T15:37:51.1488301+08:00	0x01	-0.0869	-0.5722	0.7993	-0.1617	208.49	7.95	70.54
2026-06-16T15:37:51.1488301+08:00	0x06	-0.0726	-0.1600	-0.4645	0.8680	305.47	347.37	344.06
2026-06-16T15:37:51.1488301+08:00	0x02	0.2066	0.0354	-0.9182	-0.3362	140.67	336.16	355.76
2026-06-16T15:37:51.1488301+08:00	0x07	0.6395	0.1910	-0.7279	0.1574	179.01	277.14	28.64
2026-06-16T15:37:51.1488301+08:00	0x03	-0.1096	0.4391	0.8869	0.0929	173.46	349.18	306.94
2026-06-16T15:37:51.1488301+08:00	0x01	-0.0877	-0.5725	0.7991	-0.1609	208.17	7.62	70.61
2026-06-16T15:37:51.1488301+08:00	0x02	0.2074	0.0331	-0.9183	-0.3356	140.80	336.15	355.50
2026-06-16T15:37:51.1488301+08:00	0x07	0.6396	0.1904	-0.7280	0.1570	179.02	277.14	28.56
2026-06-16T15:37:51.1498257+08:00	0x08	-0.0322	-0.1364	0.6895	0.7106	87.27	346.08	8.18
2026-06-16T15:37:51.1498257+08:00	0x03	-0.1100	0.4387	0.8868	0.0944	173.23	349.24	306.97
2026-06-16T15:37:51.1498257+08:00	0x01	-0.0880	-0.5724	0.7990	-0.1618	208.36	7.72	70.60
2026-06-16T15:37:51.1498257+08:00	0x02	0.2006	0.0220	-0.9212	-0.3326	141.37	337.30	354.67
2026-06-16T15:37:51.1498257+08:00	0x07	0.6397	0.1903	-0.7280	0.1569	179.02	277.14	28.54
2026-06-16T15:37:51.1498257+08:00	0x09	-0.0449	0.6596	-0.1915	0.7254	339.93	82.64	10.81
2026-06-16T15:37:51.1498257+08:00	0x01	-0.0860	-0.5713	0.8000	-0.1619	208.62	8.12	70.37
2026-06-16T15:37:51.1498257+08:00	0x06	-0.0724	-0.1603	-0.4647	0.8678	305.45	347.32	344.06
2026-06-16T15:37:51.1498257+08:00	0x02	0.1978	0.0214	-0.9221	-0.3318	141.46	337.63	354.73
2026-06-16T15:37:51.1498257+08:00	0x04	-0.0620	0.0347	0.4764	-0.8764	302.68	353.09	4.33
2026-06-16T15:37:51.1498257+08:00	0x07	0.6397	0.1900	-0.7281	0.1567	179.03	277.16	28.50
2026-06-16T15:37:51.1498257+08:00	0x09	-0.0446	0.6595	-0.1918	0.7255	339.92	82.61	10.86
2026-06-16T15:37:51.1498257+08:00	0x03	-0.1103	0.4380	0.8873	0.0931	173.46	349.09	307.08
2026-06-16T15:37:51.1498257+08:00	0x01	-0.0860	-0.5715	0.8000	-0.1614	208.51	8.05	70.41
2026-06-16T15:37:51.1498257+08:00	0x02	0.1990	0.0241	-0.9221	-0.3309	141.52	337.39	354.99
2026-06-16T15:37:51.1498257+08:00	0x04	-0.0608	0.0349	0.4773	-0.8759	302.57	353.13	4.20
2026-06-16T15:37:51.1498257+08:00	0x08	-0.0324	-0.1365	0.6895	0.7106	87.27	346.04	8.17
2026-06-16T15:37:51.1498257+08:00	0x03	-0.1091	0.4382	0.8872	0.0944	173.15	349.39	307.05
2026-06-16T15:37:51.1498257+08:00	0x01	-0.0844	-0.5730	0.7984	-0.1645	209.84	9.26	70.52
2026-06-16T15:37:51.1498257+08:00	0x02	0.2003	0.0275	-0.9218	-0.3306	141.48	337.12	355.31
2026-06-16T15:37:51.1498257+08:00	0x07	0.6397	0.1900	-0.7281	0.1568	179.04	277.15	28.51
2026-06-16T15:37:51.1498257+08:00	0x04	-0.0646	0.0346	0.4787	-0.8749	302.34	352.95	4.58
2026-06-16T15:37:51.1498257+08:00	0x03	-0.1102	0.4394	0.8864	0.0951	173.13	349.26	306.87
2026-06-16T15:37:51.1498257+08:00	0x06	-0.0723	-0.1603	-0.4647	0.8678	305.45	347.32	344.07
2026-06-16T15:37:51.1498257+08:00	0x02	0.2023	0.0283	-0.9217	-0.3298	141.58	336.87	355.34
2026-06-16T15:37:51.1498257+08:00	0x04	-0.0655	0.0347	0.4799	-0.8742	302.17	352.88	4.66
2026-06-16T15:37:51.1498257+08:00	0x08	-0.0322	-0.1366	0.6895	0.7105	87.28	346.06	8.19
2026-06-16T15:37:51.1498257+08:00	0x09	-0.0435	0.6595	-0.1930	0.7252	339.90	82.61	11.04
2026-06-16T15:37:51.1498257+08:00	0x03	-0.1101	0.4411	0.8854	0.0973	172.76	349.47	306.63
2026-06-16T15:37:51.1498257+08:00	0x01	-0.0834	-0.5739	0.7975	-0.1664	210.69	10.04	70.57
2026-06-16T15:37:51.1498257+08:00	0x02	0.2021	0.0286	-0.9212	-0.3312	141.40	336.89	355.35
2026-06-16T15:37:51.1498257+08:00	0x07	0.6397	0.1897	-0.7282	0.1568	179.06	277.16	28.48
2026-06-16T15:37:51.1498257+08:00	0x09	-0.0431	0.6595	-0.1934	0.7251	339.90	82.60	11.10
2026-06-16T15:37:51.1498257+08:00	0x03	-0.1096	0.4411	0.8854	0.0974	172.71	349.56	306.64
2026-06-16T15:37:51.1498257+08:00	0x06	-0.0722	-0.1604	-0.4647	0.8678	305.45	347.31	344.07
2026-06-16T15:37:51.1498257+08:00	0x02	0.2033	0.0284	-0.9202	-0.3332	141.17	336.76	355.23
2026-06-16T15:37:51.1498257+08:00	0x07	0.6397	0.1896	-0.7282	0.1567	179.07	277.16	28.47
2026-06-16T15:37:51.1498257+08:00	0x09	-0.0428	0.6594	-0.1938	0.7251	339.88	82.58	11.16
2026-06-16T15:37:51.1498257+08:00	0x08	-0.0324	-0.1367	0.6895	0.7105	87.27	346.03	8.19
2026-06-16T15:37:51.1498257+08:00	0x06	-0.0721	-0.1603	-0.4647	0.8678	305.45	347.31	344.09
2026-06-16T15:37:51.1498257+08:00	0x01	-0.0835	-0.5750	0.7963	-0.1683	211.36	10.56	70.70
2026-06-16T15:37:51.1498257+08:00	0x07	0.6397	0.1897	-0.7281	0.1568	179.07	277.16	28.48
2026-06-16T15:37:51.1498257+08:00	0x09	-0.0425	0.6595	-0.1941	0.7249	339.88	82.59	11.21
2026-06-16T15:37:51.1498257+08:00	0x08	-0.0324	-0.1367	0.6895	0.7105	87.28	346.03	8.18
2026-06-16T15:37:51.1498257+08:00	0x03	-0.1089	0.4405	0.8855	0.0997	172.24	349.88	306.69
2026-06-16T15:37:51.1498257+08:00	0x06	-0.0721	-0.1605	-0.4648	0.8678	305.43	347.29	344.08
2026-06-16T15:37:51.1498257+08:00	0x02	0.2040	0.0267	-0.9191	-0.3360	140.88	336.77	354.95
2026-06-16T15:37:51.1498257+08:00	0x07	0.6397	0.1899	-0.7281	0.1571	179.07	277.16	28.52
2026-06-16T15:37:51.1498257+08:00	0x09	-0.0421	0.6595	-0.1945	0.7249	339.87	82.59	11.27
2026-06-16T15:37:51.1498257+08:00	0x03	-0.1087	0.4440	0.8834	0.1031	171.67	350.20	306.21
2026-06-16T15:37:51.1498257+08:00	0x06	-0.0719	-0.1605	-0.4651	0.8676	305.39	347.29	344.10
2026-06-16T15:37:51.1498257+08:00	0x01	-0.0826	-0.5761	0.7951	-0.1709	212.43	11.47	70.78
2026-06-16T15:37:51.1498257+08:00	0x07	0.6398	0.1895	-0.7281	0.1567	179.07	277.15	28.46
2026-06-16T15:37:51.1498257+08:00	0x09	-0.0420	0.6596	-0.1947	0.7248	339.86	82.59	11.30
2026-06-16T15:37:51.1498257+08:00	0x04	-0.0719	0.0351	0.4824	-0.8723	301.76	352.47	5.26
2026-06-16T15:37:51.1498257+08:00	0x08	-0.0324	-0.1369	0.6895	0.7105	87.28	346.02	8.20
2026-06-16T15:37:51.1508230+08:00	0x03	-0.1092	0.4441	0.8833	0.1036	171.62	350.17	306.19
2026-06-16T15:37:51.1508230+08:00	0x06	-0.0720	-0.1605	-0.4651	0.8676	305.39	347.30	344.09
2026-06-16T15:37:51.1508230+08:00	0x02	0.2054	0.0291	-0.9187	-0.3360	140.82	336.52	355.15
2026-06-16T15:37:51.1508230+08:00	0x04	-0.0706	0.0336	0.4821	-0.8726	301.83	352.69	5.20
2026-06-16T15:37:51.1508230+08:00	0x09	-0.0418	0.6595	-0.1953	0.7246	339.82	82.59	11.36
2026-06-16T15:37:51.1508230+08:00	0x03	-0.1086	0.4426	0.8838	0.1058	171.18	350.46	306.36
2026-06-16T15:37:51.1508230+08:00	0x06	-0.0720	-0.1603	-0.4651	0.8676	305.39	347.31	344.09
2026-06-16T15:37:51.1508230+08:00	0x02	0.2067	0.0291	-0.9183	-0.3364	140.78	336.38	355.08
2026-06-16T15:37:51.1508230+08:00	0x09	-0.0414	0.6597	-0.1957	0.7244	339.81	82.60	11.43
2026-06-16T15:37:51.1508230+08:00	0x08	-0.0327	-0.1370	0.6895	0.7104	87.28	345.99	8.19
2026-06-16T15:37:51.1508230+08:00	0x03	-0.1084	0.4417	0.8841	0.1069	170.97	350.58	306.46
2026-06-16T15:37:51.1508230+08:00	0x06	-0.0722	-0.1604	-0.4651	0.8676	305.39	347.32	344.06
2026-06-16T15:37:51.1508230+08:00	0x02	0.2099	0.0271	-0.9166	-0.3392	140.52	336.11	354.68
2026-06-16T15:37:51.1508230+08:00	0x09	-0.0412	0.6596	-0.1960	0.7244	339.81	82.59	11.47
2026-06-16T15:37:51.1508230+08:00	0x03	-0.1080	0.4437	0.8831	0.1075	170.84	350.70	306.20
2026-06-16T15:37:51.1508230+08:00	0x07	0.6398	0.1896	-0.7282	0.1564	179.03	277.15	28.45
2026-06-16T15:37:51.1508230+08:00	0x06	-0.0722	-0.1604	-0.4651	0.8676	305.39	347.31	344.07
2026-06-16T15:37:51.1508230+08:00	0x01	-0.0807	-0.5881	0.7837	-0.1830	218.49	16.73	72.04
2026-06-16T15:37:51.1508230+08:00	0x07	0.6398	0.1896	-0.7282	0.1564	179.04	277.14	28.44
2026-06-16T15:37:51.1508230+08:00	0x02	0.2114	0.0263	-0.9155	-0.3414	140.27	335.99	354.49
2026-06-16T15:37:51.1508230+08:00	0x03	-0.1077	0.4435	0.8832	0.1080	170.72	350.81	306.23
2026-06-16T15:37:51.1508230+08:00	0x06	-0.0724	-0.1604	-0.4652	0.8675	305.38	347.32	344.05
2026-06-16T15:37:51.1508230+08:00	0x01	-0.0792	-0.5909	0.7808	-0.1871	220.59	18.62	72.23
2026-06-16T15:37:51.1508230+08:00	0x07	0.6397	0.1899	-0.7281	0.1565	179.02	277.15	28.48
2026-06-16T15:37:51.1508230+08:00	0x09	-0.0405	0.6597	-0.1967	0.7242	339.79	82.59	11.59
2026-06-16T15:37:51.1508230+08:00	0x02	0.2125	0.0268	-0.9152	-0.3414	140.26	335.85	354.49
2026-06-16T15:37:51.1508230+08:00	0x03	-0.1069	0.4424	0.8837	0.1091	170.46	351.04	306.37
2026-06-16T15:37:51.1508230+08:00	0x06	-0.0725	-0.1602	-0.4653	0.8675	305.36	347.36	344.05
2026-06-16T15:37:51.1508230+08:00	0x04	-0.0716	0.0332	0.4812	-0.8731	301.94	352.68	5.34
2026-06-16T15:37:51.1508230+08:00	0x02	0.2145	0.0304	-0.9109	-0.3512	139.01	335.55	354.54
2026-06-16T15:37:51.1508230+08:00	0x09	-0.0403	0.6598	-0.1971	0.7240	339.78	82.60	11.64
2026-06-16T15:37:51.1508230+08:00	0x06	-0.0726	-0.1602	-0.4652	0.8675	305.37	347.36	344.04
2026-06-16T15:37:51.1508230+08:00	0x01	-0.0349	-0.6408	0.7121	-0.2847	267.37	60.78	68.83
2026-06-16T15:37:51.1508230+08:00	0x04	-0.1754	0.0951	0.4117	-0.8892	308.07	341.19	13.51
2026-06-16T15:37:51.1508230+08:00	0x09	-0.0403	0.6597	-0.1977	0.7240	339.72	82.58	11.68
2026-06-16T15:37:51.1508230+08:00	0x07	0.6394	0.1905	-0.7282	0.1569	179.01	277.17	28.55
2026-06-16T15:37:51.1508230+08:00	0x03	-0.0303	0.5102	0.7769	0.3678	111.13	34.49	305.42
2026-06-16T15:37:51.1508230+08:00	0x06	-0.0731	-0.1598	-0.4652	0.8676	305.38	347.43	344.01
2026-06-16T15:37:51.1508230+08:00	0x01	-0.0804	-0.6755	0.5631	-0.4692	310.06	82.20	56.74
2026-06-16T15:37:51.1508230+08:00	0x07	0.6394	0.1906	-0.7282	0.1565	178.97	277.17	28.54
2026-06-16T15:37:51.1508230+08:00	0x02	0.2144	0.0303	-0.9110	-0.3509	139.05	335.56	354.54
2026-06-16T15:37:51.1508230+08:00	0x09	-0.0384	0.6599	-0.1976	0.7239	339.87	82.60	11.84
2026-06-16T15:37:51.1508230+08:00	0x03	-0.0326	0.5088	0.7811	0.3604	112.78	33.33	305.08
2026-06-16T15:37:51.1508230+08:00	0x06	-0.0736	-0.1593	-0.4649	0.8678	305.41	347.49	343.99
2026-06-16T15:37:51.1508230+08:00	0x01	-0.1511	-0.6482	0.5402	-0.5150	315.80	77.27	58.86
2026-06-16T15:37:51.1508230+08:00	0x07	0.6390	0.1927	-0.7280	0.1567	178.81	277.14	28.74
2026-06-16T15:37:51.1508230+08:00	0x04	-0.2733	0.0948	0.5423	-0.7888	286.13	331.83	19.17
2026-06-16T15:37:51.1508230+08:00	0x09	-0.0385	0.6601	-0.1982	0.7236	339.82	82.62	11.88
2026-06-16T15:37:51.1508230+08:00	0x08	-0.0307	-0.1364	0.6909	0.7093	87.48	346.20	8.33
2026-06-16T15:37:51.1508230+08:00	0x06	-0.0820	-0.1561	-0.4580	0.8713	306.27	348.14	343.38
2026-06-16T15:37:51.1508230+08:00	0x01	-0.1490	-0.6491	0.5409	-0.5136	315.63	77.42	58.79
2026-06-16T15:37:51.1508230+08:00	0x07	0.6371	0.2023	-0.7281	0.1518	177.59	277.00	29.21
2026-06-16T15:37:51.1518206+08:00	0x09	-0.0317	0.6609	-0.1966	0.7236	340.48	82.68	12.35
2026-06-16T15:37:51.1518206+08:00	0x04	-0.2458	0.0714	0.5309	-0.8078	289.45	336.59	18.74
2026-06-16T15:37:51.1518206+08:00	0x08	-0.0247	-0.1340	0.6901	0.7108	87.32	346.88	8.62
2026-06-16T15:37:51.1518206+08:00	0x03	-0.0466	0.4744	0.6448	0.5975	77.26	42.90	318.12
2026-06-16T15:37:51.1518206+08:00	0x06	-0.0845	-0.1547	-0.4566	0.8720	306.44	348.39	343.22
2026-06-16T15:37:51.1518206+08:00	0x01	-0.2037	-0.5982	0.5249	-0.5702	315.87	66.74	59.35
2026-06-16T15:37:51.1518206+08:00	0x07	0.6367	0.2039	-0.7279	0.1523	177.51	277.00	29.39
2026-06-16T15:37:51.1518206+08:00	0x04	-0.2711	0.0507	0.5105	-0.8144	291.12	337.04	22.94
2026-06-16T15:37:51.1518206+08:00	0x09	-0.0311	0.6608	-0.1972	0.7235	340.47	82.66	12.46
2026-06-16T15:37:51.1518206+08:00	0x03	-0.1048	0.4446	0.5667	0.6857	63.85	40.12	319.63
2026-06-16T15:37:51.1518206+08:00	0x06	-0.0833	-0.1546	-0.4596	0.8706	306.05	348.39	343.31
2026-06-16T15:37:51.1518206+08:00	0x01	-0.2111	-0.5818	0.5212	-0.5876	315.07	63.24	58.71
2026-06-16T15:37:51.1518206+08:00	0x07	0.6379	0.2015	-0.7274	0.1526	177.69	276.90	29.20
2026-06-16T15:37:51.1518206+08:00	0x04	-0.2318	0.0206	0.4991	-0.8347	295.07	343.40	21.49
2026-06-16T15:37:51.1518206+08:00	0x03	-0.0904	0.4464	0.5556	0.6956	62.12	41.67	321.55
2026-06-16T15:37:51.1518206+08:00	0x06	-0.0837	-0.1551	-0.4593	0.8706	306.09	348.37	343.25
2026-06-16T15:37:51.1518206+08:00	0x01	-0.2162	-0.5815	0.5214	-0.5859	315.25	63.20	59.28
2026-06-16T15:37:51.1518206+08:00	0x07	0.6375	0.2026	-0.7277	0.1520	177.57	276.93	29.25
2026-06-16T15:37:51.1518206+08:00	0x09	-0.0302	0.6606	-0.1986	0.7233	340.41	82.62	12.64
2026-06-16T15:37:51.1518206+08:00	0x04	-0.2051	0.0195	0.5023	-0.8398	295.78	345.38	18.96
2026-06-16T15:37:51.1518206+08:00	0x03	-0.0984	0.4465	0.5552	0.6948	61.96	41.30	320.77
2026-06-16T15:37:51.1518206+08:00	0x08	-0.0237	-0.1348	0.6950	0.7059	88.09	346.94	8.86
2026-06-16T15:37:51.1518206+08:00	0x06	-0.0840	-0.1548	-0.4597	0.8705	306.04	348.42	343.24
2026-06-16T15:37:51.1518206+08:00	0x01	-0.2172	-0.5820	0.5215	-0.5850	315.36	63.33	59.44
2026-06-16T15:37:51.1518206+08:00	0x04	-0.1976	0.0196	0.5017	-0.8419	296.14	345.90	18.25
2026-06-16T15:37:51.1518206+08:00	0x02	0.2339	0.3804	-0.7041	-0.5521	96.03	308.73	16.11
2026-06-16T15:37:51.1518206+08:00	0x03	-0.1127	0.4434	0.5422	0.7048	59.80	40.85	320.24
2026-06-16T15:37:51.1518206+08:00	0x06	-0.0840	-0.1549	-0.4598	0.8704	306.02	348.41	343.22
2026-06-16T15:37:51.1518206+08:00	0x07	0.6374	0.2026	-0.7278	0.1520	177.57	276.94	29.25
2026-06-16T15:37:51.1518206+08:00	0x09	-0.0300	0.6607	-0.1997	0.7230	340.32	82.62	12.74
2026-06-16T15:37:51.1518206+08:00	0x03	-0.1126	0.4451	0.5380	0.7070	59.06	41.30	320.35
2026-06-16T15:37:51.1518206+08:00	0x08	-0.0241	-0.1351	0.6953	0.7054	88.15	346.89	8.86
2026-06-16T15:37:51.1518206+08:00	0x01	-0.2191	-0.5830	0.5215	-0.5833	315.58	63.59	59.72
2026-06-16T15:37:51.1518206+08:00	0x07	0.6370	0.2029	-0.7282	0.1509	177.46	276.98	29.19
2026-06-16T15:37:51.1518206+08:00	0x09	-0.0305	0.6606	-0.2005	0.7228	340.22	82.62	12.75
2026-06-16T15:37:51.1518206+08:00	0x03	-0.1129	0.4452	0.5357	0.7085	58.70	41.42	320.43
2026-06-16T15:37:51.1518206+08:00	0x04	-0.1853	0.0165	0.5012	-0.8451	296.68	347.07	17.26
2026-06-16T15:37:51.1518206+08:00	0x08	-0.0247	-0.1355	0.6955	0.7052	88.19	346.81	8.84
2026-06-16T15:37:51.1518206+08:00	0x06	-0.0844	-0.1546	-0.4603	0.8701	305.95	348.47	343.18
2026-06-16T15:37:51.1518206+08:00	0x01	-0.2200	-0.5832	0.5214	-0.5828	315.68	63.66	59.84
2026-06-16T15:37:51.1518206+08:00	0x09	-0.0303	0.6608	-0.2010	0.7225	340.19	82.64	12.82
2026-06-16T15:37:51.1518206+08:00	0x04	-0.1819	0.0167	0.5020	-0.8454	296.70	347.27	16.90
2026-06-16T15:37:51.1518206+08:00	0x03	-0.1161	0.4452	0.5330	0.7101	58.23	41.41	320.25
2026-06-16T15:37:51.1518206+08:00	0x06	-0.0843	-0.1545	-0.4603	0.8701	305.95	348.47	343.21
2026-06-16T15:37:51.1518206+08:00	0x07	0.6372	0.2026	-0.7283	0.1500	177.40	276.97	29.10
2026-06-16T15:37:51.1518206+08:00	0x01	-0.2210	-0.5829	0.5214	-0.5827	315.70	63.60	59.93
2026-06-16T15:37:51.1518206+08:00	0x09	-0.0302	0.6608	-0.2014	0.7224	340.16	82.65	12.85
2026-06-16T15:37:51.1518206+08:00	0x03	-0.1171	0.4454	0.5320	0.7105	58.05	41.44	320.18
2026-06-16T15:37:51.1518206+08:00	0x04	-0.1785	0.0170	0.5013	-0.8465	296.91	347.48	16.57
2026-06-16T15:37:51.1518206+08:00	0x08	-0.0256	-0.1361	0.6955	0.7051	88.19	346.69	8.81
2026-06-16T15:37:51.1518206+08:00	0x06	-0.0871	-0.1531	-0.4592	0.8707	306.07	348.75	343.01
2026-06-16T15:37:51.1518206+08:00	0x01	-0.2197	-0.5843	0.5220	-0.5812	315.67	63.87	59.93
2026-06-16T15:37:51.1518206+08:00	0x09	-0.0309	0.6609	-0.2024	0.7220	340.02	82.67	12.88
2026-06-16T15:37:51.1518206+08:00	0x03	-0.1171	0.4460	0.5316	0.7105	57.96	41.54	320.17
2026-06-16T15:37:51.1528173+08:00	0x08	-0.0261	-0.1362	0.6950	0.7055	88.10	346.64	8.77
2026-06-16T15:37:51.1528173+08:00	0x06	-0.0874	-0.1526	-0.4591	0.8708	306.07	348.82	343.00
2026-06-16T15:37:51.1528173+08:00	0x09	-0.0312	0.6611	-0.2028	0.7217	339.96	82.69	12.89
2026-06-16T15:37:51.1528173+08:00	0x03	-0.1225	0.4401	0.5402	0.7067	59.49	40.05	319.56
2026-06-16T15:37:51.1528173+08:00	0x08	-0.0280	-0.1383	0.6965	0.7036	88.36	346.33	8.81
2026-06-16T15:37:51.1528173+08:00	0x06	-0.0861	-0.1528	-0.4607	0.8700	305.87	348.76	343.11
2026-06-16T15:37:51.1528173+08:00	0x01	-0.2048	-0.5920	0.5163	-0.5839	316.73	65.86	58.27
2026-06-16T15:37:51.1528173+08:00	0x03	-0.1460	0.4569	0.6059	0.6347	70.67	36.74	312.36
2026-06-16T15:37:51.1528173+08:00	0x09	-0.0301	0.6609	-0.2039	0.7216	339.95	82.65	13.07
2026-06-16T15:37:51.1528173+08:00	0x08	-0.0271	-0.1367	0.6934	0.7069	87.86	346.49	8.70
2026-06-16T15:37:51.1528173+08:00	0x06	-0.0873	-0.1547	-0.4567	0.8717	306.42	348.54	342.93
2026-06-16T15:37:51.1528173+08:00	0x07	0.6348	0.2062	-0.7296	0.1487	177.06	277.18	29.33
2026-06-16T15:37:51.1528173+08:00	0x09	-0.0277	0.6604	-0.2027	0.7225	340.22	82.56	13.17
2026-06-16T15:37:51.1528173+08:00	0x03	-0.1280	0.4064	0.5152	0.7436	56.62	36.58	322.47
2026-06-16T15:37:51.1528173+08:00	0x08	-0.0168	-0.1292	0.6948	0.7073	88.03	347.96	8.96
2026-06-16T15:37:51.1528173+08:00	0x01	-0.1592	-0.6302	0.5758	-0.4960	307.68	70.65	62.09
2026-06-16T15:37:51.1528173+08:00	0x07	0.6357	0.2119	-0.7284	0.1428	175.96	276.72	29.35
2026-06-16T15:37:51.1528173+08:00	0x09	-0.0235	0.6658	-0.2013	0.7180	340.75	83.37	13.55
2026-06-16T15:37:51.1528173+08:00	0x04	-0.2253	-0.0072	0.3726	-0.9002	312.92	350.21	24.27
2026-06-16T15:37:51.1528173+08:00	0x08	-0.0183	-0.1289	0.7011	0.7011	89.05	347.94	8.92
2026-06-16T15:37:51.1528173+08:00	0x07	0.6386	0.2157	-0.7263	0.1346	174.76	275.99	29.03
2026-06-16T15:37:51.1528173+08:00	0x06	-0.0949	-0.1451	-0.4506	0.8757	307.09	349.83	342.72
2026-06-16T15:37:51.1528173+08:00	0x09	-0.0075	0.6683	-0.1978	0.7170	342.32	83.68	14.69
2026-06-16T15:37:51.1528173+08:00	0x03	-0.2037	0.4508	0.7020	0.5124	97.29	19.03	302.69
2026-06-16T15:37:51.1528173+08:00	0x08	0.0007	-0.1205	0.6924	0.7114	87.60	350.04	9.67
2026-06-16T15:37:51.1528173+08:00	0x07	0.6406	0.2223	-0.7228	0.1336	173.95	275.31	29.51
2026-06-16T15:37:51.1528173+08:00	0x01	-0.2120	-0.5984	0.5640	-0.5281	308.69	63.72	64.01
2026-06-16T15:37:51.1528173+08:00	0x09	0.0181	0.6732	-0.1900	0.7144	345.08	84.44	16.36
2026-06-16T15:37:51.1528173+08:00	0x02	0.3434	0.2888	-0.5194	-0.7273	76.74	307.56	348.50
2026-06-16T15:37:51.1528173+08:00	0x03	-0.2317	0.4523	0.7030	0.4975	101.06	14.42	299.95
2026-06-16T15:37:51.1528173+08:00	0x04	-0.1684	0.0238	0.4285	-0.8874	306.85	348.79	16.17
2026-06-16T15:37:51.1528173+08:00	0x07	0.6412	0.2239	-0.7219	0.1328	173.70	275.11	29.58
2026-06-16T15:37:51.1528173+08:00	0x08	0.0067	-0.1185	0.7020	0.7022	89.17	350.82	10.12
2026-06-16T15:37:51.1528173+08:00	0x01	-0.2120	-0.5973	0.5629	-0.5305	308.78	63.55	63.82
2026-06-16T15:37:51.1528173+08:00	0x09	0.0207	0.6736	-0.1899	0.7140	345.30	84.51	16.58
2026-06-16T15:37:51.1528173+08:00	0x03	-0.2391	0.4489	0.7068	0.4917	103.29	12.09	299.57
2026-06-16T15:37:51.1528173+08:00	0x04	-0.1702	0.0276	0.4411	-0.8807	305.11	348.07	15.99
2026-06-16T15:37:51.1528173+08:00	0x08	0.0091	-0.1181	0.7102	0.6939	90.52	351.16	10.39
2026-06-16T15:37:51.1528173+08:00	0x06	-0.0998	-0.1415	-0.4498	0.8762	307.14	350.45	342.41
2026-06-16T15:37:51.1528173+08:00	0x09	0.0230	0.6738	-0.1903	0.7136	345.44	84.55	16.82
2026-06-16T15:37:51.1528173+08:00	0x02	0.3788	0.1219	-0.6373	-0.6599	96.07	316.71	339.84
2026-06-16T15:37:51.1528173+08:00	0x04	-0.1723	0.0359	0.4527	-0.8741	303.44	346.88	15.58
2026-06-16T15:37:51.1528173+08:00	0x08	0.0110	-0.1179	0.7178	0.6861	91.79	351.46	10.63
2026-06-16T15:37:51.1528173+08:00	0x07	0.6413	0.2261	-0.7210	0.1331	173.51	274.97	29.79
2026-06-16T15:37:51.1528173+08:00	0x06	-0.1003	-0.1411	-0.4510	0.8756	306.97	350.55	342.37
2026-06-16T15:37:51.1528173+08:00	0x03	-0.2452	0.4480	0.7126	0.4810	106.26	9.67	299.03
2026-06-16T15:37:51.1528173+08:00	0x09	0.0244	0.6738	-0.1911	0.7133	345.48	84.56	17.00
2026-06-16T15:37:51.1528173+08:00	0x02	0.3767	0.1279	-0.6501	-0.6474	97.83	316.20	341.25
2026-06-16T15:37:51.1528173+08:00	0x04	-0.1727	0.0390	0.4608	-0.8697	302.32	346.39	15.33
2026-06-16T15:37:51.1528173+08:00	0x07	0.6413	0.2268	-0.7208	0.1336	173.49	274.94	29.88
2026-06-16T15:37:51.1528173+08:00	0x06	-0.1005	-0.1408	-0.4521	0.8751	306.82	350.61	342.35
2026-06-16T15:37:51.1528173+08:00	0x09	0.0253	0.6738	-0.1916	0.7132	345.51	84.55	17.12
2026-06-16T15:37:51.1528173+08:00	0x03	-0.2467	0.4477	0.7142	0.4781	107.08	9.01	298.90
2026-06-16T15:37:51.1528173+08:00	0x04	-0.1726	0.0403	0.4660	-0.8669	301.63	346.17	15.18
2026-06-16T15:37:51.1528173+08:00	0x08	0.0131	-0.1176	0.7267	0.6767	93.30	351.79	10.87
2026-06-16T15:37:51.1538143+08:00	0x06	-0.1008	-0.1404	-0.4527	0.8748	306.73	350.68	342.34
2026-06-16T15:37:51.1538143+08:00	0x09	0.0266	0.6739	-0.1924	0.7129	345.54	84.57	17.28
2026-06-16T15:37:51.1538143+08:00	0x02	0.3732	0.1343	-0.6645	-0.6333	99.75	315.81	342.90
2026-06-16T15:37:51.1538143+08:00	0x03	-0.2473	0.4489	0.7146	0.4760	107.41	8.85	298.71
2026-06-16T15:37:51.1538143+08:00	0x04	-0.1709	0.0405	0.4706	-0.8647	301.07	346.17	14.92
2026-06-16T15:37:51.1538143+08:00	0x07	0.6410	0.2285	-0.7203	0.1342	173.39	274.89	30.08
2026-06-16T15:37:51.1538143+08:00	0x02	0.3729	0.1356	-0.6674	-0.6302	100.16	315.70	343.21
2026-06-16T15:37:51.1538143+08:00	0x09	0.0275	0.6739	-0.1929	0.7126	345.56	84.58	17.41
2026-06-16T15:37:51.1538143+08:00	0x04	-0.1723	0.0414	0.4730	-0.8631	300.70	345.96	14.97
2026-06-16T15:37:51.1538143+08:00	0x08	0.0139	-0.1176	0.7314	0.6716	94.11	351.95	11.00
2026-06-16T15:37:51.1538143+08:00	0x07	0.6408	0.2292	-0.7201	0.1349	173.39	274.88	30.20
2026-06-16T15:37:51.1538143+08:00	0x06	-0.1009	-0.1401	-0.4534	0.8744	306.63	350.73	342.33
2026-06-16T15:37:51.1538143+08:00	0x09	0.0286	0.6739	-0.1937	0.7124	345.58	84.58	17.56
2026-06-16T15:37:51.1538143+08:00	0x04	-0.1747	0.0414	0.4747	-0.8616	300.39	345.77	15.17
2026-06-16T15:37:51.1538143+08:00	0x08	0.0143	-0.1174	0.7328	0.6701	94.34	352.01	11.03
2026-06-16T15:37:51.1538143+08:00	0x06	-0.1010	-0.1400	-0.4537	0.8743	306.59	350.75	342.32
2026-06-16T15:37:51.1538143+08:00	0x01	-0.2053	-0.5957	0.5612	-0.5367	308.62	63.27	62.75
2026-06-16T15:37:51.1538143+08:00	0x09	0.0298	0.6739	-0.1945	0.7122	345.60	84.58	17.73
2026-06-16T15:37:51.1538143+08:00	0x03	-0.2501	0.4467	0.7168	0.4733	108.56	7.71	298.69
2026-06-16T15:37:51.1538143+08:00	0x04	-0.1733	0.0441	0.4767	-0.8607	300.15	345.55	14.85
2026-06-16T15:37:51.1538143+08:00	0x08	0.0148	-0.1173	0.7338	0.6690	94.52	352.08	11.07
2026-06-16T15:37:51.1538143+08:00	0x06	-0.1011	-0.1399	-0.4539	0.8742	306.56	350.77	342.32
2026-06-16T15:37:51.1538143+08:00	0x07	0.6406	0.2304	-0.7198	0.1359	173.37	274.86	30.38
2026-06-16T15:37:51.1538143+08:00	0x03	-0.2503	0.4465	0.7171	0.4730	108.67	7.60	298.70
2026-06-16T15:37:51.1538143+08:00	0x04	-0.1730	0.0434	0.4776	-0.8603	300.05	345.64	14.84
2026-06-16T15:37:51.1538143+08:00	0x08	0.0151	-0.1173	0.7345	0.6683	94.63	352.12	11.09
2026-06-16T15:37:51.1538143+08:00	0x07	0.6405	0.2308	-0.7197	0.1363	173.37	274.86	30.45
2026-06-16T15:37:51.1538143+08:00	0x01	-0.2031	-0.5969	0.5602	-0.5372	308.89	63.66	62.50
2026-06-16T15:37:51.1538143+08:00	0x04	-0.1727	0.0434	0.4782	-0.8600	299.97	345.64	14.80
2026-06-16T15:37:51.1538143+08:00	0x09	0.0313	0.6739	-0.1955	0.7118	345.63	84.59	17.95
2026-06-16T15:37:51.1538143+08:00	0x03	-0.2504	0.4468	0.7171	0.4728	108.70	7.59	298.66
2026-06-16T15:37:51.1538143+08:00	0x08	0.0141	-0.1185	0.7367	0.6656	95.02	351.97	11.15
2026-06-16T15:37:51.1538143+08:00	0x07	0.6415	0.2305	-0.7190	0.1356	173.30	274.70	30.37
2026-06-16T15:37:51.1538143+08:00	0x02	0.3736	0.1543	-0.6726	-0.6199	100.96	314.14	345.19
2026-06-16T15:37:51.1538143+08:00	0x01	-0.2044	-0.6054	0.5578	-0.5297	310.58	66.08	63.11
2026-06-16T15:37:51.1538143+08:00	0x09	0.0284	0.6739	-0.1970	0.7115	345.27	84.57	17.81
2026-06-16T15:37:51.1538143+08:00	0x03	-0.1987	0.4689	0.6781	0.5299	89.85	25.30	302.16
2026-06-16T15:37:51.1538143+08:00	0x08	0.0137	-0.1188	0.7362	0.6662	94.92	351.91	11.13
2026-06-16T15:37:51.1538143+08:00	0x07	0.6415	0.2315	-0.7186	0.1359	173.21	274.63	30.47
2026-06-16T15:37:51.1538143+08:00	0x04	-0.2415	0.1140	0.5437	-0.7956	287.60	332.62	15.09
2026-06-16T15:37:51.1538143+08:00	0x09	0.0285	0.6739	-0.1978	0.7113	345.21	84.57	17.89
2026-06-16T15:37:51.1538143+08:00	0x03	-0.1867	0.4704	0.6814	0.5287	89.84	26.48	303.01
2026-06-16T15:37:51.1538143+08:00	0x08	0.0135	-0.1184	0.7358	0.6666	94.87	351.92	11.08
2026-06-16T15:37:51.1538143+08:00	0x07	0.6415	0.2320	-0.7184	0.1361	173.19	274.62	30.53
2026-06-16T15:37:51.1538143+08:00	0x01	-0.1981	-0.6231	0.5525	-0.5170	313.79	71.16	63.29
2026-06-16T15:37:51.1538143+08:00	0x04	-0.2430	0.1057	0.5384	-0.7999	288.31	333.38	15.95
2026-06-16T15:37:51.1538143+08:00	0x03	-0.1828	0.4657	0.6839	0.5311	90.22	26.09	303.79
2026-06-16T15:37:51.1538143+08:00	0x08	0.0132	-0.1183	0.7353	0.6672	94.78	351.89	11.05
2026-06-16T15:37:51.1538143+08:00	0x01	-0.1991	-0.6231	0.5527	-0.5164	313.84	71.20	63.43
2026-06-16T15:37:51.1538143+08:00	0x04	-0.2513	0.1066	0.5226	-0.8077	290.04	332.93	17.13
2026-06-16T15:37:51.1538143+08:00	0x09	0.0289	0.6739	-0.1995	0.7108	345.09	84.56	18.06
2026-06-16T15:37:51.1538143+08:00	0x03	-0.1855	0.4624	0.6872	0.5288	91.37	24.92	303.73
2026-06-16T15:37:51.1538143+08:00	0x08	0.0128	-0.1186	0.7351	0.6674	94.74	351.83	11.03
2026-06-16T15:37:51.1538143+08:00	0x06	-0.0999	-0.1382	-0.4544	0.8743	306.48	350.90	342.52
2026-06-16T15:37:51.1538143+08:00	0x07	0.6414	0.2330	-0.7181	0.1365	173.13	274.57	30.64
2026-06-16T15:37:51.1538143+08:00	0x09	0.0285	0.6739	-0.2004	0.7105	344.98	84.57	18.10
2026-06-16T15:37:51.1538143+08:00	0x04	-0.2509	0.0986	0.5059	-0.8194	292.40	334.08	18.15
2026-06-16T15:37:51.1538143+08:00	0x03	-0.1979	0.4624	0.6971	0.5109	95.42	21.70	302.12
2026-06-16T15:37:51.1538143+08:00	0x08	0.0122	-0.1189	0.7350	0.6675	94.71	351.75	11.01
2026-06-16T15:37:51.1548118+08:00	0x01	-0.1993	-0.6270	0.5515	-0.5128	314.70	72.41	63.64
2026-06-16T15:37:51.1548118+08:00	0x07	0.6413	0.2337	-0.7180	0.1365	173.08	274.56	30.70
2026-06-16T15:37:51.1548118+08:00	0x09	0.0284	0.6739	-0.2011	0.7103	344.92	84.57	18.14
2026-06-16T15:37:51.1548118+08:00	0x03	-0.2041	0.4509	0.7066	0.5058	98.76	18.20	302.48
2026-06-16T15:37:51.1548118+08:00	0x08	0.0114	-0.1193	0.7347	0.6678	94.66	351.66	10.98
2026-06-16T15:37:51.1548118+08:00	0x01	-0.1977	-0.6346	0.5502	-0.5054	316.02	74.65	63.92
2026-06-16T15:37:51.1548118+08:00	0x09	0.0286	0.6739	-0.2018	0.7102	344.86	84.56	18.22
2026-06-16T15:37:51.1548118+08:00	0x03	-0.1947	0.4518	0.6954	0.5239	94.43	21.44	303.67
2026-06-16T15:37:51.1548118+08:00	0x08	0.0115	-0.1190	0.7340	0.6686	94.54	351.67	10.96
2026-06-16T15:37:51.1548118+08:00	0x07	0.6408	0.2344	-0.7181	0.1370	173.07	274.60	30.81
2026-06-16T15:37:51.1548118+08:00	0x06	-0.1008	-0.1380	-0.4544	0.8743	306.47	350.96	342.44
2026-06-16T15:37:51.1548118+08:00	0x09	0.0291	0.6739	-0.2025	0.7099	344.84	84.56	18.31
2026-06-16T15:37:51.1548118+08:00	0x03	-0.1902	0.4684	0.6870	0.5220	91.73	24.97	302.64
2026-06-16T15:37:51.1548118+08:00	0x08	0.0114	-0.1192	0.7338	0.6687	94.52	351.65	10.97
2026-06-16T15:37:51.1548118+08:00	0x06	-0.1006	-0.1382	-0.4549	0.8740	306.41	350.95	342.45
2026-06-16T15:37:51.1548118+08:00	0x09	0.0297	0.6740	-0.2032	0.7097	344.83	84.57	18.43
2026-06-16T15:37:51.1548118+08:00	0x02	0.3844	0.1635	-0.6571	-0.6274	99.51	312.50	344.48
2026-06-16T15:37:51.1548118+08:00	0x03	-0.1983	0.4623	0.7049	0.5001	97.91	20.30	301.78
2026-06-16T15:37:51.1548118+08:00	0x07	0.6407	0.2348	-0.7180	0.1373	173.06	274.59	30.87
2026-06-16T15:37:51.1548118+08:00	0x08	0.0114	-0.1191	0.7334	0.6692	94.44	351.64	10.95
2026-06-16T15:37:51.1548118+08:00	0x01	-0.1968	-0.6363	0.5505	-0.5034	316.17	75.09	63.97
2026-06-16T15:37:51.1548118+08:00	0x09	0.0300	0.6739	-0.2040	0.7095	344.78	84.56	18.51
2026-06-16T15:37:51.1548118+08:00	0x04	-0.2642	0.1109	0.4847	-0.8264	294.43	332.26	19.22
2026-06-16T15:37:51.1548118+08:00	0x03	-0.2042	0.4639	0.7062	0.4943	99.03	19.30	301.00
2026-06-16T15:37:51.1548118+08:00	0x06	-0.1008	-0.1382	-0.4551	0.8739	306.38	350.96	342.43
2026-06-16T15:37:51.1548118+08:00	0x07	0.6408	0.2345	-0.7180	0.1375	173.11	274.59	30.86
2026-06-16T15:37:51.1548118+08:00	0x01	-0.1980	-0.6394	0.5490	-0.5006	317.08	76.18	64.18
2026-06-16T15:37:51.1548118+08:00	0x02	0.3830	0.1531	-0.6607	-0.6272	99.97	313.39	343.85
2026-06-16T15:37:51.1548118+08:00	0x04	-0.2595	0.0921	0.5030	-0.8193	292.40	334.10	19.43
2026-06-16T15:37:51.1548118+08:00	0x03	-0.2084	0.4587	0.7004	0.5056	97.48	19.25	301.43
2026-06-16T15:37:51.1548118+08:00	0x07	0.6409	0.2341	-0.7181	0.1373	173.13	274.61	30.81
2026-06-16T15:37:51.1548118+08:00	0x01	-0.1987	-0.6389	0.5495	-0.5003	316.97	76.04	64.29
2026-06-16T15:37:51.1548118+08:00	0x04	-0.2616	0.0934	0.5030	-0.8184	292.27	333.81	19.53
2026-06-16T15:37:51.1548118+08:00	0x03	-0.2090	0.4564	0.6991	0.5092	97.08	19.19	301.68
2026-06-16T15:37:51.1548118+08:00	0x07	0.6408	0.2343	-0.7181	0.1372	173.10	274.61	30.82
2026-06-16T15:37:51.1548118+08:00	0x09	0.0302	0.6736	-0.2067	0.7089	344.55	84.51	18.74
2026-06-16T15:37:51.1548118+08:00	0x02	0.3797	0.1516	-0.6598	-0.6305	99.53	313.88	343.81
2026-06-16T15:37:51.1548118+08:00	0x04	-0.2598	0.1014	0.4944	-0.8233	293.46	333.34	19.12
2026-06-16T15:37:51.1548118+08:00	0x03	-0.2107	0.4604	0.7064	0.4947	99.75	17.94	300.81
2026-06-16T15:37:51.1548118+08:00	0x07	0.6408	0.2341	-0.7181	0.1372	173.11	274.61	30.80
2026-06-16T15:37:51.1548118+08:00	0x09	0.0309	0.6736	-0.2076	0.7087	344.52	84.51	18.87
2026-06-16T15:37:51.1548118+08:00	0x02	0.3769	0.1563	-0.6600	-0.6308	99.28	313.84	344.39
2026-06-16T15:37:51.1548118+08:00	0x01	-0.1962	-0.6337	0.5578	-0.4988	314.35	73.84	64.51
2026-06-16T15:37:51.1548118+08:00	0x04	-0.2606	0.1019	0.4964	-0.8218	293.15	333.20	19.10
2026-06-16T15:37:51.1548118+08:00	0x08	0.0096	-0.1201	0.7321	0.6705	94.21	351.39	10.87
2026-06-16T15:37:51.1548118+08:00	0x06	-0.1009	-0.1386	-0.4547	0.8740	306.44	350.91	342.39
2026-06-16T15:37:51.1548118+08:00	0x07	0.6405	0.2345	-0.7183	0.1375	173.12	274.65	30.86
2026-06-16T15:37:51.1548118+08:00	0x09	0.0315	0.6734	-0.2086	0.7085	344.47	84.48	19.00
2026-06-16T15:37:51.1548118+08:00	0x02	0.3756	0.1457	-0.6644	-0.6295	99.90	314.70	343.78
2026-06-16T15:37:51.1548118+08:00	0x04	-0.2736	0.0837	0.5135	-0.8090	290.23	333.54	20.90
2026-06-16T15:37:51.1548118+08:00	0x08	0.0100	-0.1198	0.7320	0.6706	94.20	351.44	10.88
2026-06-16T15:37:51.1548118+08:00	0x06	-0.1004	-0.1387	-0.4549	0.8739	306.42	350.88	342.44
2026-06-16T15:37:51.1548118+08:00	0x07	0.6406	0.2342	-0.7183	0.1375	173.14	274.65	30.84
2026-06-16T15:37:51.1548118+08:00	0x09	0.0322	0.6734	-0.2094	0.7083	344.45	84.47	19.13
2026-06-16T15:37:51.1548118+08:00	0x02	0.3636	0.1332	-0.6711	-0.6322	99.90	316.84	343.68
2026-06-16T15:37:51.1548118+08:00	0x04	-0.2668	0.0808	0.5150	-0.8106	290.44	334.34	20.44
2026-06-16T15:37:51.1548118+08:00	0x08	0.0099	-0.1199	0.7319	0.6707	94.19	351.43	10.88
2026-06-16T15:37:51.1548118+08:00	0x03	-0.2022	0.4544	0.6869	0.5299	92.68	21.97	303.01
2026-06-16T15:37:51.1548118+08:00	0x06	-0.1004	-0.1386	-0.4547	0.8740	306.44	350.88	342.45
2026-06-16T15:37:51.1548118+08:00	0x09	0.0335	0.6733	-0.2102	0.7081	344.48	84.45	19.30
2026-06-16T15:37:51.1558100+08:00	0x02	0.3644	0.1364	-0.6753	-0.6266	100.64	316.44	344.19
2026-06-16T15:37:51.1558100+08:00	0x04	-0.2640	0.0788	0.5147	-0.8119	290.66	334.77	20.34
2026-06-16T15:37:51.1558100+08:00	0x03	-0.2030	0.4555	0.6848	0.5313	92.14	22.29	302.90
2026-06-16T15:37:51.1558100+08:00	0x07	0.6407	0.2340	-0.7183	0.1374	173.14	274.65	30.81
2026-06-16T15:37:51.1558100+08:00	0x02	0.3629	0.1362	-0.6796	-0.6228	101.20	316.54	344.52
2026-06-16T15:37:51.1558100+08:00	0x09	0.0345	0.6733	-0.2109	0.7078	344.50	84.46	19.45
2026-06-16T15:37:51.1558100+08:00	0x04	-0.2537	0.0728	0.5139	-0.8162	291.39	336.20	19.84
2026-06-16T15:37:51.1558100+08:00	0x03	-0.2027	0.4567	0.6828	0.5331	91.54	22.75	302.89
2026-06-16T15:37:51.1558100+08:00	0x06	-0.1003	-0.1389	-0.4545	0.8741	306.46	350.86	342.44
2026-06-16T15:37:51.1558100+08:00	0x09	0.0354	0.6732	-0.2117	0.7076	344.49	84.46	19.57
2026-06-16T15:37:51.1558100+08:00	0x01	-0.2008	-0.6364	0.5539	-0.4980	315.92	75.09	64.81
2026-06-16T15:37:51.1558100+08:00	0x04	-0.2528	0.0727	0.5126	-0.8173	291.62	336.31	19.80
2026-06-16T15:37:51.1558100+08:00	0x08	0.0100	-0.1198	0.7319	0.6707	94.18	351.45	10.88
2026-06-16T15:37:51.1558100+08:00	0x06	-0.1009	-0.1384	-0.4541	0.8743	306.52	350.92	342.41
2026-06-16T15:37:51.1558100+08:00	0x02	0.3667	0.1608	-0.6721	-0.6229	100.23	314.42	346.08
2026-06-16T15:37:51.1558100+08:00	0x09	0.0320	0.6732	-0.2135	0.7073	344.07	84.43	19.43
2026-06-16T15:37:51.1558100+08:00	0x01	-0.1800	-0.6316	0.5449	-0.5214	315.05	73.45	61.15
2026-06-16T15:37:51.1558100+08:00	0x08	0.0099	-0.1197	0.7323	0.6703	94.25	351.45	10.87
2026-06-16T15:37:51.1558100+08:00	0x03	-0.1056	0.4263	0.5279	0.7269	58.18	39.61	322.87
2026-06-16T15:37:51.1558100+08:00	0x06	-0.0981	-0.1396	-0.4563	0.8733	306.25	350.70	342.61
2026-06-16T15:37:51.1558100+08:00	0x02	0.3645	0.1751	-0.6503	-0.6431	96.60	313.90	346.05
2026-06-16T15:37:51.1558100+08:00	0x09	0.0360	0.6728	-0.2134	0.7074	344.37	84.39	19.77
2026-06-16T15:37:51.1558100+08:00	0x07	0.6417	0.2317	-0.7181	0.1373	173.32	274.60	30.60
2026-06-16T15:37:51.1558100+08:00	0x08	0.0120	-0.1186	0.7292	0.6739	93.72	351.66	10.91
2026-06-16T15:37:51.1558100+08:00	0x03	-0.1290	0.4276	0.5067	0.7374	54.56	39.76	321.42
2026-06-16T15:37:51.1558100+08:00	0x07	0.6420	0.2310	-0.7180	0.1375	173.39	274.59	30.55
2026-06-16T15:37:51.1558100+08:00	0x02	0.3669	0.1445	-0.6577	-0.6419	98.04	315.89	343.68
2026-06-16T15:37:51.1558100+08:00	0x09	0.0442	0.6731	-0.2120	0.7071	345.15	84.49	20.36
2026-06-16T15:37:51.1558100+08:00	0x08	0.0157	-0.1168	0.7267	0.6768	93.30	352.08	11.01
2026-06-16T15:37:51.1558100+08:00	0x04	-0.2080	0.0606	0.6141	-0.7589	279.44	339.02	13.96
2026-06-16T15:37:51.1558100+08:00	0x03	-0.1365	0.4358	0.4974	0.7376	52.72	41.02	320.59
2026-06-16T15:37:51.1563196+08:00	0x07	0.6417	0.2315	-0.7181	0.1378	173.39	274.61	30.62
2026-06-16T15:37:51.1563196+08:00	0x06	-0.0992	-0.1404	-0.4548	0.8738	306.46	350.64	342.47
2026-06-16T15:37:51.1563609+08:00	0x09	0.0505	0.6729	-0.2104	0.7074	345.78	84.52	20.77
2026-06-16T15:37:51.1563609+08:00	0x04	-0.2145	0.0518	0.5785	-0.7852	284.37	339.94	16.08
2026-06-16T15:37:51.1563609+08:00	0x08	0.0179	-0.1156	0.7278	0.6758	93.50	352.37	11.10
2026-06-16T15:37:51.1563609+08:00	0x03	-0.1248	0.4444	0.4941	0.7367	52.09	42.80	321.46
2026-06-16T15:37:51.1563609+08:00	0x06	-0.0991	-0.1408	-0.4551	0.8736	306.42	350.59	342.47
2026-06-16T15:37:51.1563609+08:00	0x07	0.6419	0.2309	-0.7181	0.1379	173.43	274.61	30.57
2026-06-16T15:37:51.1563609+08:00	0x02	0.3661	0.1325	-0.6647	-0.6376	99.12	316.75	343.10
2026-06-16T15:37:51.1563609+08:00	0x01	-0.1998	-0.6043	0.5549	-0.5357	310.75	65.97	62.22
2026-06-16T15:37:51.1563609+08:00	0x03	-0.1290	0.4426	0.4899	0.7399	51.45	42.59	321.35
2026-06-16T15:37:51.1563609+08:00	0x06	-0.0993	-0.1406	-0.4553	0.8736	306.40	350.63	342.45
2026-06-16T15:37:51.1563609+08:00	0x07	0.6419	0.2310	-0.7181	0.1378	173.42	274.62	30.58
2026-06-16T15:37:51.1563609+08:00	0x02	0.3642	0.1321	-0.6666	-0.6368	99.26	316.94	343.28
2026-06-16T15:37:51.1563609+08:00	0x09	0.0529	0.6727	-0.2120	0.7069	345.82	84.51	21.10
2026-06-16T15:37:51.1563609+08:00	0x04	-0.2160	0.0427	0.5318	-0.8177	291.01	341.65	17.93
2026-06-16T15:37:51.1563609+08:00	0x03	-0.1297	0.4432	0.4862	0.7418	50.86	42.82	321.43
2026-06-16T15:37:51.1563609+08:00	0x06	-0.0990	-0.1405	-0.4554	0.8735	306.38	350.63	342.48
2026-06-16T15:37:51.1563609+08:00	0x07	0.6420	0.2309	-0.7180	0.1377	173.42	274.60	30.56
2026-06-16T15:37:51.1563609+08:00	0x02	0.3575	0.1747	-0.6459	-0.6515	95.32	314.75	346.10
2026-06-16T15:37:51.1563609+08:00	0x01	-0.1944	-0.6028	0.5421	-0.5523	312.73	66.51	60.25
2026-06-16T15:37:51.1563609+08:00	0x04	-0.2205	0.0428	0.5157	-0.8268	293.06	341.66	18.69
2026-06-16T15:37:51.1563609+08:00	0x03	-0.1294	0.4410	0.4821	0.7459	50.33	42.71	321.81
2026-06-16T15:37:51.1563609+08:00	0x07	0.6420	0.2308	-0.7180	0.1379	173.44	274.60	30.56
2026-06-16T15:37:51.1563609+08:00	0x09	0.0551	0.6728	-0.2138	0.7062	345.84	84.53	21.44
2026-06-16T15:37:51.1563609+08:00	0x02	0.3334	0.1821	-0.6072	-0.6979	87.62	317.19	345.86
2026-06-16T15:37:51.1563609+08:00	0x04	-0.2215	0.0416	0.5046	-0.8334	294.55	341.95	19.10
2026-06-16T15:37:51.1563609+08:00	0x03	-0.1287	0.4414	0.4804	0.7469	50.08	42.86	321.95
2026-06-16T15:37:51.1563609+08:00	0x07	0.6420	0.2309	-0.7180	0.1379	173.43	274.60	30.57
2026-06-16T15:37:51.1563609+08:00	0x02	0.3196	0.1664	-0.6026	-0.7121	85.88	319.96	345.24
2026-06-16T15:37:51.1563609+08:00	0x09	0.0562	0.6726	-0.2147	0.7059	345.84	84.52	21.60
2026-06-16T15:37:51.1563609+08:00	0x01	-0.1981	-0.5999	0.5439	-0.5523	312.24	65.70	60.63
2026-06-16T15:37:51.1563609+08:00	0x03	-0.1300	0.4434	0.4801	0.7456	49.94	43.12	321.71
2026-06-16T15:37:51.1563609+08:00	0x06	-0.1003	-0.1399	-0.4538	0.8743	306.58	350.73	342.40
2026-06-16T15:37:51.1563609+08:00	0x07	0.6410	0.2336	-0.7181	0.1376	173.19	274.62	30.79
2026-06-16T15:37:51.1563609+08:00	0x02	0.3218	0.1609	-0.5993	-0.7151	85.56	320.27	344.49
2026-06-16T15:37:51.1563609+08:00	0x09	0.0523	0.6724	-0.2166	0.7058	345.36	84.44	21.41
2026-06-16T15:37:51.1563609+08:00	0x03	-0.1320	0.4416	0.4803	0.7462	49.99	42.78	321.59
2026-06-16T15:37:51.1563609+08:00	0x07	0.6409	0.2333	-0.7183	0.1374	173.21	274.65	30.75
2026-06-16T15:37:51.1563609+08:00	0x02	0.3206	0.1617	-0.5984	-0.7162	85.35	320.33	344.60
2026-06-16T15:37:51.1563609+08:00	0x09	0.0520	0.6722	-0.2177	0.7057	345.22	84.40	21.47
2026-06-16T15:37:51.1563609+08:00	0x04	-0.2159	0.0293	0.4894	-0.8444	297.01	343.93	19.63
2026-06-16T15:37:51.1563609+08:00	0x06	-0.0999	-0.1401	-0.4547	0.8738	306.46	350.70	342.42
2026-06-16T15:37:51.1563609+08:00	0x03	-0.1286	0.4432	0.4808	0.7456	50.07	43.10	321.84
2026-06-16T15:37:51.1563609+08:00	0x07	0.6412	0.2326	-0.7183	0.1374	173.26	274.64	30.69
2026-06-16T15:37:51.1563609+08:00	0x09	0.0535	0.6721	-0.2186	0.7055	345.25	84.38	21.68
2026-06-16T15:37:51.1563609+08:00	0x01	-0.2001	-0.5960	0.5481	-0.5517	311.07	64.46	60.94
2026-06-16T15:37:51.1563609+08:00	0x04	-0.2159	0.0350	0.4835	-0.8476	297.75	343.48	19.40
2026-06-16T15:37:51.1563609+08:00	0x06	-0.0998	-0.1401	-0.4549	0.8738	306.44	350.70	342.43
2026-06-16T15:37:51.1563609+08:00	0x07	0.6413	0.2324	-0.7183	0.1372	173.27	274.63	30.65
2026-06-16T15:37:51.1563609+08:00	0x03	-0.1316	0.4420	0.4796	0.7466	49.88	42.88	321.66
2026-06-16T15:37:51.1563609+08:00	0x02	0.3252	0.1586	-0.5969	-0.7161	85.46	320.19	343.96
2026-06-16T15:37:51.1563609+08:00	0x08	0.0164	-0.1170	0.7355	0.6671	94.82	352.27	11.19
2026-06-16T15:37:51.1563609+08:00	0x04	-0.2188	0.0346	0.4820	-0.8477	297.85	343.36	19.73
2026-06-16T15:37:51.1563609+08:00	0x09	0.0539	0.6720	-0.2196	0.7052	345.19	84.37	21.78
2026-06-16T15:37:51.1563609+08:00	0x06	-0.0996	-0.1401	-0.4548	0.8738	306.45	350.69	342.44
2026-06-16T15:37:51.1563609+08:00	0x07	0.6413	0.2323	-0.7183	0.1373	173.28	274.63	30.64
2026-06-16T15:37:51.1573161+08:00	0x02	0.3250	0.1570	-0.5964	-0.7170	85.37	320.36	343.81
2026-06-16T15:37:51.1573161+08:00	0x08	0.0164	-0.1172	0.7351	0.6676	94.75	352.25	11.20
2026-06-16T15:37:51.1573161+08:00	0x09	0.0548	0.6719	-0.2203	0.7050	345.20	84.36	21.92
2026-06-16T15:37:51.1573161+08:00	0x01	-0.2008	-0.5945	0.5491	-0.5520	310.73	64.02	61.00
2026-06-16T15:37:51.1573161+08:00	0x06	-0.0996	-0.1402	-0.4549	0.8738	306.43	350.69	342.44
2026-06-16T15:37:51.1573161+08:00	0x07	0.6412	0.2323	-0.7183	0.1373	173.28	274.65	30.66
2026-06-16T15:37:51.1573161+08:00	0x02	0.3282	0.1601	-0.5915	-0.7189	84.92	319.85	343.59
2026-06-16T15:37:51.1573161+08:00	0x09	0.0538	0.6721	-0.2213	0.7046	345.04	84.38	21.92
2026-06-16T15:37:51.1573161+08:00	0x04	-0.2170	0.0312	0.4816	-0.8485	298.01	343.84	19.76
2026-06-16T15:37:51.1573161+08:00	0x06	-0.0995	-0.1412	-0.4558	0.8732	306.33	350.59	342.39
2026-06-16T15:37:51.1573161+08:00	0x03	-0.1310	0.4452	0.4761	0.7470	49.25	43.50	321.72
2026-06-16T15:37:51.1573161+08:00	0x07	0.6410	0.2320	-0.7186	0.1378	173.37	274.71	30.67
2026-06-16T15:37:51.1573161+08:00	0x08	0.0150	-0.1172	0.7362	0.6664	94.93	352.15	11.10
2026-06-16T15:37:51.1573161+08:00	0x09	0.0536	0.6721	-0.2222	0.7043	344.94	84.38	21.98
2026-06-16T15:37:51.1573161+08:00	0x06	-0.1007	-0.1401	-0.4541	0.8741	306.53	350.73	342.34
2026-06-16T15:37:51.1573161+08:00	0x04	-0.2092	0.0328	0.4794	-0.8517	298.60	344.26	18.96
2026-06-16T15:37:51.1573161+08:00	0x07	0.6405	0.2341	-0.7185	0.1368	173.10	274.66	30.78
2026-06-16T15:37:51.1573161+08:00	0x02	0.3477	0.1278	-0.6285	-0.6839	91.93	319.86	341.64
2026-06-16T15:37:51.1573161+08:00	0x09	0.0551	0.6719	-0.2229	0.7042	344.99	84.36	22.16
2026-06-16T15:37:51.1573161+08:00	0x01	-0.1919	-0.6047	0.5658	-0.5267	308.18	65.09	62.42
2026-06-16T15:37:51.1573161+08:00	0x06	-0.1029	-0.1379	-0.4516	0.8755	306.83	351.03	342.26
2026-06-16T15:37:51.1573161+08:00	0x03	-0.1351	0.4499	0.4795	0.7413	49.48	43.88	320.82
2026-06-16T15:37:51.1573161+08:00	0x07	0.6400	0.2362	-0.7186	0.1353	172.78	274.63	30.83
2026-06-16T15:37:51.1573161+08:00	0x02	0.3939	0.1925	-0.6577	-0.6126	100.38	309.23	346.73
2026-06-16T15:37:51.1573161+08:00	0x09	0.0613	0.6718	-0.2228	0.7037	345.49	84.42	22.68
2026-06-16T15:37:51.1573161+08:00	0x01	-0.2009	-0.5989	0.5645	-0.5312	308.12	63.76	62.84
2026-06-16T15:37:51.1573161+08:00	0x03	-0.1397	0.4501	0.4781	0.7412	49.16	43.83	320.40
2026-06-16T15:37:51.1573161+08:00	0x02	0.3978	0.1849	-0.6461	-0.6246	99.01	309.54	345.04
2026-06-16T15:37:51.1573161+08:00	0x04	-0.1968	0.0381	0.4813	-0.8533	298.77	344.53	17.41
2026-06-16T15:37:51.1573161+08:00	0x09	0.0635	0.6718	-0.2233	0.7035	345.62	84.43	22.91
2026-06-16T15:37:51.1573161+08:00	0x06	-0.1032	-0.1374	-0.4529	0.8749	306.65	351.12	342.25
2026-06-16T15:37:51.1573161+08:00	0x07	0.6399	0.2366	-0.7185	0.1354	172.75	274.62	30.88
2026-06-16T15:37:51.1573161+08:00	0x03	-0.1398	0.4516	0.4786	0.7399	49.18	44.02	320.27
2026-06-16T15:37:51.1573161+08:00	0x08	0.0196	-0.1163	0.7337	0.6692	94.53	352.56	11.36
2026-06-16T15:37:51.1573161+08:00	0x04	-0.1955	0.0385	0.4814	-0.8535	298.79	344.58	17.26
2026-06-16T15:37:51.1573161+08:00	0x01	-0.2016	-0.5980	0.5643	-0.5322	308.08	63.55	62.82
2026-06-16T15:37:51.1573161+08:00	0x03	-0.1379	0.4522	0.4790	0.7396	49.25	44.15	320.41
2026-06-16T15:37:51.1573161+08:00	0x06	-0.1030	-0.1373	-0.4534	0.8746	306.58	351.13	342.26
2026-06-16T15:37:51.1573161+08:00	0x02	0.4030	0.1758	-0.6293	-0.6408	97.03	309.94	342.82
2026-06-16T15:37:51.1573161+08:00	0x09	0.0654	0.6715	-0.2245	0.7031	345.65	84.41	23.17
2026-06-16T15:37:51.1573161+08:00	0x06	-0.1029	-0.1373	-0.4535	0.8746	306.57	351.13	342.27
2026-06-16T15:37:51.1573161+08:00	0x01	-0.1993	-0.6002	0.5633	-0.5318	308.48	64.19	62.63
2026-06-16T15:37:51.1573161+08:00	0x07	0.6400	0.2363	-0.7184	0.1355	172.78	274.61	30.86
2026-06-16T15:37:51.1573161+08:00	0x03	-0.1363	0.4532	0.4790	0.7393	49.24	44.35	320.52
2026-06-16T15:37:51.1573161+08:00	0x08	0.0200	-0.1162	0.7351	0.6676	94.78	352.63	11.39
2026-06-16T15:37:51.1573161+08:00	0x04	-0.2110	0.0308	0.4821	-0.8498	298.19	344.29	19.20
2026-06-16T15:37:51.1573161+08:00	0x01	-0.2001	-0.6019	0.5629	-0.5299	308.82	64.67	62.84
2026-06-16T15:37:51.1573161+08:00	0x09	0.0664	0.6713	-0.2251	0.7030	345.67	84.38	23.30
2026-06-16T15:37:51.1573161+08:00	0x03	-0.1185	0.4602	0.4904	0.7305	51.06	45.41	321.35
2026-06-16T15:37:51.1573161+08:00	0x02	0.4046	0.1686	-0.6218	-0.6490	96.09	310.46	341.60
2026-06-16T15:37:51.1573161+08:00	0x08	0.0208	-0.1159	0.7351	0.6677	94.77	352.72	11.42
2026-06-16T15:37:51.1573161+08:00	0x04	-0.2040	0.0264	0.4805	-0.8525	298.73	345.25	18.81
2026-06-16T15:37:51.1573161+08:00	0x01	-0.1986	-0.6023	0.5624	-0.5306	308.90	64.80	62.65
2026-06-16T15:37:51.1573161+08:00	0x07	0.6403	0.2355	-0.7185	0.1357	172.87	274.62	30.81
2026-06-16T15:37:51.1583133+08:00	0x03	-0.1202	0.4598	0.4878	0.7322	50.65	45.41	321.34
2026-06-16T15:37:51.1583133+08:00	0x02	0.4050	0.1670	-0.6202	-0.6508	95.89	310.58	341.34
2026-06-16T15:37:51.1583133+08:00	0x09	0.0689	0.6712	-0.2265	0.7025	345.74	84.39	23.63
2026-06-16T15:37:51.1583133+08:00	0x04	-0.2127	0.0323	0.4803	-0.8503	298.35	344.06	19.31
2026-06-16T15:37:51.1583133+08:00	0x06	-0.1024	-0.1376	-0.4542	0.8743	306.49	351.08	342.30
2026-06-16T15:37:51.1583133+08:00	0x03	-0.1188	0.4605	0.4850	0.7339	50.23	45.68	321.61
2026-06-16T15:37:51.1583133+08:00	0x02	0.4057	0.1657	-0.6184	-0.6524	95.69	310.63	341.07
2026-06-16T15:37:51.1583133+08:00	0x09	0.0700	0.6710	-0.2272	0.7023	345.75	84.38	23.78
2026-06-16T15:37:51.1583133+08:00	0x01	-0.1977	-0.6046	0.5603	-0.5305	309.59	65.56	62.53
2026-06-16T15:37:51.1583133+08:00	0x06	-0.1036	-0.1370	-0.4533	0.8746	306.59	351.19	342.22
2026-06-16T15:37:51.1583133+08:00	0x03	-0.1220	0.4597	0.4826	0.7355	49.83	45.56	321.45
2026-06-16T15:37:51.1583133+08:00	0x07	0.6398	0.2373	-0.7183	0.1358	172.73	274.59	30.97
2026-06-16T15:37:51.1583133+08:00	0x02	0.4007	0.1574	-0.6231	-0.6530	95.93	311.76	340.91
2026-06-16T15:37:51.1583133+08:00	0x08	0.0204	-0.1163	0.7363	0.6663	94.97	352.68	11.44
2026-06-16T15:37:51.1583133+08:00	0x09	0.0698	0.6712	-0.2283	0.7018	345.65	84.41	23.85
2026-06-16T15:37:51.1583133+08:00	0x01	-0.1701	-0.6310	0.5544	-0.5154	312.55	72.46	61.04
2026-06-16T15:37:51.1583133+08:00	0x06	-0.1028	-0.1369	-0.4565	0.8731	306.17	351.23	342.27
2026-06-16T15:37:51.1583133+08:00	0x03	-0.1026	0.4498	0.5233	0.7164	56.75	43.08	321.85
2026-06-16T15:37:51.1583133+08:00	0x07	0.6405	0.2359	-0.7183	0.1350	172.77	274.56	30.79
2026-06-16T15:37:51.1583133+08:00	0x02	0.3780	0.1348	-0.6534	-0.6419	98.44	315.46	341.99
2026-06-16T15:37:51.1583133+08:00	0x09	0.0650	0.6720	-0.2317	0.7004	344.99	84.46	23.73
2026-06-16T15:37:51.1583133+08:00	0x04	-0.2446	0.0095	0.2151	-0.9454	332.43	352.03	27.28
2026-06-16T15:37:51.1583133+08:00	0x06	-0.1037	-0.1364	-0.4554	0.8737	306.30	351.31	342.22
2026-06-16T15:37:51.1583133+08:00	0x07	0.6394	0.2364	-0.7192	0.1341	172.68	274.70	30.77
2026-06-16T15:37:51.1583133+08:00	0x03	-0.1711	0.4691	0.6947	0.5177	92.44	26.32	304.01
2026-06-16T15:37:51.1583133+08:00	0x02	0.3936	0.1612	-0.6431	-0.6368	98.25	311.89	342.91
2026-06-16T15:37:51.1583133+08:00	0x09	0.0597	0.6722	-0.2352	0.6995	344.25	84.42	23.55
2026-06-16T15:37:51.1583133+08:00	0x04	-0.2628	0.0305	0.3504	-0.8984	313.66	344.46	26.80
2026-06-16T15:37:51.1583133+08:00	0x06	-0.1031	-0.1364	-0.4549	0.8740	306.37	351.27	342.28
2026-06-16T15:37:51.1583133+08:00	0x03	-0.1643	0.4813	0.6697	0.5411	85.07	31.92	304.67
2026-06-16T15:37:51.1583133+08:00	0x02	0.3858	0.1486	-0.6464	-0.6413	98.04	313.68	342.38
2026-06-16T15:37:51.1583133+08:00	0x09	0.0602	0.6720	-0.2363	0.6992	344.19	84.39	23.69
2026-06-16T15:37:51.1583133+08:00	0x04	-0.2627	0.0547	0.4025	-0.8752	306.27	340.26	24.57
2026-06-16T15:37:51.1583133+08:00	0x06	-0.1025	-0.1367	-0.4549	0.8740	306.38	351.20	342.33
2026-06-16T15:37:51.1583133+08:00	0x07	0.6399	0.2359	-0.7189	0.1344	172.73	274.66	30.74
2026-06-16T15:37:51.1583133+08:00	0x02	0.3692	0.1502	-0.6565	-0.6404	98.05	315.22	343.99
2026-06-16T15:37:51.1583133+08:00	0x09	0.0596	0.6722	-0.2376	0.6987	344.02	84.40	23.75
2026-06-16T15:37:51.1583133+08:00	0x01	-0.1912	-0.6413	0.5575	-0.4913	315.24	75.94	64.54
2026-06-16T15:37:51.1583133+08:00	0x04	-0.2695	0.0504	0.4004	-0.8744	306.29	340.31	25.52
2026-06-16T15:37:51.1583133+08:00	0x06	-0.1025	-0.1366	-0.4545	0.8742	306.43	351.21	342.34
2026-06-16T15:37:51.1583133+08:00	0x07	0.6399	0.2359	-0.7189	0.1344	172.74	274.66	30.74
2026-06-16T15:37:51.1583133+08:00	0x02	0.3582	0.1142	-0.6649	-0.6454	98.52	318.99	341.90
2026-06-16T15:37:51.1583133+08:00	0x09	0.0600	0.6721	-0.2385	0.6984	343.98	84.39	23.85
2026-06-16T15:37:51.1583133+08:00	0x04	-0.2737	0.0896	0.4594	-0.8402	297.54	334.26	22.19
2026-06-16T15:37:51.1583133+08:00	0x06	-0.1018	-0.1367	-0.4552	0.8740	306.35	351.17	342.41
2026-06-16T15:37:51.1583133+08:00	0x07	0.6404	0.2349	-0.7188	0.1340	172.78	274.62	30.63
2026-06-16T15:37:51.1583133+08:00	0x02	0.3766	0.1462	-0.6587	-0.6347	99.10	314.65	343.41
2026-06-16T15:37:51.1583133+08:00	0x09	0.0615	0.6719	-0.2391	0.6982	344.03	84.38	24.03
2026-06-16T15:37:51.1583133+08:00	0x06	-0.1021	-0.1365	-0.4549	0.8741	306.38	351.21	342.38
2026-06-16T15:37:51.1583133+08:00	0x03	-0.1926	0.4591	0.7027	0.5083	96.54	21.25	302.76
2026-06-16T15:37:51.1583133+08:00	0x02	0.3650	0.1458	-0.6670	-0.6330	99.33	315.82	344.48
2026-06-16T15:37:51.1583133+08:00	0x09	0.0618	0.6719	-0.2398	0.6980	344.00	84.38	24.11
2026-06-16T15:37:51.1583133+08:00	0x01	-0.1885	-0.6429	0.5540	-0.4942	315.90	76.50	63.98
2026-06-16T15:37:51.1583133+08:00	0x06	-0.1023	-0.1365	-0.4544	0.8743	306.44	351.21	342.37
2026-06-16T15:37:51.1583133+08:00	0x03	-0.1950	0.4624	0.7188	0.4811	102.08	18.34	301.53
2026-06-16T15:37:51.1593113+08:00	0x02	0.3474	0.1278	-0.6834	-0.6293	100.47	318.79	344.78
2026-06-16T15:37:51.1593113+08:00	0x09	0.0612	0.6719	-0.2410	0.6976	343.84	84.37	24.16
2026-06-16T15:37:51.1593113+08:00	0x01	-0.1914	-0.6407	0.5572	-0.4924	315.22	75.78	64.48
2026-06-16T15:37:51.1593113+08:00	0x04	-0.2657	0.0795	0.4796	-0.8325	295.37	335.41	21.48
2026-06-16T15:37:51.1593113+08:00	0x06	-0.1021	-0.1363	-0.4544	0.8744	306.45	351.21	342.39
2026-06-16T15:37:51.1593113+08:00	0x07	0.6403	0.2353	-0.7188	0.1340	172.75	274.62	30.66
2026-06-16T15:37:51.1593113+08:00	0x03	-0.1861	0.4513	0.7046	0.5151	96.35	21.17	304.14
2026-06-16T15:37:51.1593113+08:00	0x09	0.0633	0.6718	-0.2410	0.6976	344.00	84.37	24.33
2026-06-16T15:37:51.1593113+08:00	0x01	-0.1921	-0.6414	0.5551	-0.4935	315.79	76.16	64.38
2026-06-16T15:37:51.1593113+08:00	0x04	-0.2659	0.1033	0.4914	-0.8229	293.50	332.74	19.64
2026-06-16T15:37:51.1593113+08:00	0x06	-0.1020	-0.1364	-0.4542	0.8745	306.47	351.20	342.41
2026-06-16T15:37:51.1593113+08:00	0x03	-0.2004	0.4677	0.7145	0.4802	101.47	18.67	300.59
2026-06-16T15:37:51.1593113+08:00	0x07	0.6401	0.2359	-0.7188	0.1343	172.72	274.63	30.73
2026-06-16T15:37:51.1593113+08:00	0x08	0.0096	-0.1206	0.7325	0.6699	94.29	351.35	10.93
2026-06-16T15:37:51.1593113+08:00	0x04	-0.2719	0.0987	0.4995	-0.8166	292.10	332.53	20.21
2026-06-16T15:37:51.1593113+08:00	0x09	0.0634	0.6718	-0.2423	0.6971	343.89	84.37	24.45
2026-06-16T15:37:51.1593113+08:00	0x01	-0.1886	-0.6422	0.5556	-0.4932	315.51	76.21	64.12
2026-06-16T15:37:51.1593113+08:00	0x06	-0.1019	-0.1366	-0.4545	0.8743	306.43	351.18	342.40
2026-06-16T15:37:51.1593113+08:00	0x03	-0.2005	0.4725	0.7125	0.4783	101.02	19.37	300.09
2026-06-16T15:37:51.1593113+08:00	0x07	0.6403	0.2354	-0.7187	0.1344	172.77	274.62	30.70
2026-06-16T15:37:51.1593113+08:00	0x02	0.3683	0.1553	-0.6766	-0.6184	101.11	314.58	345.79
2026-06-16T15:37:51.1593113+08:00	0x08	0.0093	-0.1206	0.7325	0.6700	94.27	351.33	10.90
2026-06-16T15:37:51.1593113+08:00	0x09	0.0633	0.6718	-0.2430	0.6968	343.82	84.37	24.51
2026-06-16T15:37:51.1593113+08:00	0x01	-0.1907	-0.6417	0.5572	-0.4914	315.33	76.06	64.49
2026-06-16T15:37:51.1593113+08:00	0x06	-0.1018	-0.1366	-0.4543	0.8744	306.46	351.16	342.41
2026-06-16T15:37:51.1593113+08:00	0x03	-0.2079	0.4676	0.7168	0.4737	103.24	16.92	299.86
2026-06-16T15:37:51.1593113+08:00	0x02	0.3551	0.1372	-0.6860	-0.6201	101.52	317.21	345.39
2026-06-16T15:37:51.1593113+08:00	0x09	0.0638	0.6718	-0.2435	0.6966	343.81	84.37	24.58
2026-06-16T15:37:51.1600022+08:00	0x04	-0.2731	0.1012	0.5074	-0.8110	290.93	332.02	19.89
2026-06-16T15:37:51.1600022+08:00	0x01	-0.1910	-0.6415	0.5593	-0.4891	314.94	75.89	64.74
2026-06-16T15:37:51.1600022+08:00	0x06	-0.1022	-0.1364	-0.4540	0.8745	306.49	351.20	342.38
2026-06-16T15:37:51.1600022+08:00	0x03	-0.2117	0.4664	0.7120	0.4803	102.02	17.14	299.83
2026-06-16T15:37:51.1600022+08:00	0x07	0.6403	0.2355	-0.7186	0.1346	172.77	274.60	30.72
2026-06-16T15:37:51.1600022+08:00	0x04	-0.2730	0.0940	0.5063	-0.8126	291.15	332.75	20.39
2026-06-16T15:37:51.1600022+08:00	0x01	-0.1918	-0.6392	0.5606	-0.4902	314.37	75.15	64.79
2026-06-16T15:37:51.1600022+08:00	0x06	-0.1018	-0.1366	-0.4543	0.8744	306.45	351.17	342.41
2026-06-16T15:37:51.1600022+08:00	0x03	-0.2056	0.4726	0.6995	0.4950	97.24	21.03	300.15
2026-06-16T15:37:51.1600022+08:00	0x07	0.6405	0.2352	-0.7186	0.1344	172.78	274.60	30.67
2026-06-16T15:37:51.1600022+08:00	0x08	0.0091	-0.1206	0.7321	0.6704	94.21	351.31	10.88
2026-06-16T15:37:51.1600022+08:00	0x09	0.0651	0.6718	-0.2448	0.6961	343.79	84.38	24.81
2026-06-16T15:37:51.1600022+08:00	0x06	-0.1018	-0.1365	-0.4539	0.8746	306.51	351.18	342.42
2026-06-16T15:37:51.1600022+08:00	0x07	0.6405	0.2349	-0.7186	0.1346	172.82	274.61	30.67
2026-06-16T15:37:51.1600022+08:00	0x02	0.3465	0.1437	-0.6953	-0.6131	102.25	317.52	347.00
2026-06-16T15:37:51.1600022+08:00	0x04	-0.2746	0.0959	0.4981	-0.8168	292.16	332.62	20.68
2026-06-16T15:37:51.1600022+08:00	0x09	0.0644	0.6717	-0.2463	0.6957	343.60	84.35	24.87
2026-06-16T15:37:51.1600022+08:00	0x06	-0.1015	-0.1370	-0.4542	0.8744	306.48	351.11	342.43
2026-06-16T15:37:51.1600022+08:00	0x03	-0.2115	0.4664	0.7076	0.4870	100.45	18.04	300.01
2026-06-16T15:37:51.1600022+08:00	0x07	0.6402	0.2355	-0.7187	0.1343	172.75	274.62	30.70
2026-06-16T15:37:51.1600022+08:00	0x08	0.0089	-0.1206	0.7318	0.6707	94.17	351.29	10.86
2026-06-16T15:37:51.1600022+08:00	0x01	-0.1859	-0.6453	0.5560	-0.4897	315.73	77.02	64.12
2026-06-16T15:37:51.1600022+08:00	0x04	-0.2827	0.0975	0.5038	-0.8104	290.89	331.66	21.09
2026-06-16T15:37:51.1600022+08:00	0x06	-0.1013	-0.1368	-0.4547	0.8742	306.41	351.13	342.45
2026-06-16T15:37:51.1600022+08:00	0x07	0.6407	0.2344	-0.7187	0.1342	172.83	274.61	30.60
2026-06-16T15:37:51.1600022+08:00	0x08	0.0085	-0.1209	0.7315	0.6710	94.10	351.22	10.85
2026-06-16T15:37:51.1600022+08:00	0x04	-0.2724	0.0945	0.5009	-0.8160	291.92	332.87	20.49
2026-06-16T15:37:51.1600022+08:00	0x06	-0.1009	-0.1368	-0.4552	0.8740	306.35	351.12	342.48
2026-06-16T15:37:51.1600022+08:00	0x09	0.0660	0.6715	-0.2476	0.6953	343.61	84.34	25.11
2026-06-16T15:37:51.1600022+08:00	0x02	0.3619	0.1656	-0.6861	-0.6090	102.02	314.37	347.67
2026-06-16T15:37:51.1600022+08:00	0x07	0.6409	0.2340	-0.7188	0.1338	172.83	274.60	30.53
2026-06-16T15:37:51.1600022+08:00	0x08	0.0089	-0.1205	0.7313	0.6712	94.08	351.28	10.85
2026-06-16T15:37:51.1600022+08:00	0x01	-0.1823	-0.6480	0.5530	-0.4911	316.38	77.82	63.59
2026-06-16T15:37:51.1600022+08:00	0x04	-0.2658	0.0963	0.4976	-0.8201	292.74	333.31	19.89
2026-06-16T15:37:51.1600022+08:00	0x06	-0.1013	-0.1366	-0.4548	0.8742	306.40	351.14	342.46
2026-06-16T15:37:51.1600022+08:00	0x02	0.3506	0.1479	-0.6914	-0.6141	101.97	316.82	346.93
2026-06-16T15:37:51.1600022+08:00	0x08	0.0083	-0.1212	0.7310	0.6715	94.03	351.18	10.86
2026-06-16T15:37:51.1600022+08:00	0x01	-0.1878	-0.6460	0.5552	-0.4890	316.17	77.38	64.30
2026-06-16T15:37:51.1600022+08:00	0x09	0.0675	0.6714	-0.2489	0.6948	343.59	84.32	25.34
2026-06-16T15:37:51.1600022+08:00	0x06	-0.1004	-0.1370	-0.4552	0.8740	306.35	351.07	342.53
2026-06-16T15:37:51.1600022+08:00	0x03	-0.2080	0.4577	0.7371	0.4516	110.02	12.18	300.39
2026-06-16T15:37:51.1600022+08:00	0x08	0.0072	-0.1218	0.7314	0.6709	94.09	351.05	10.83
2026-06-16T15:37:51.1600022+08:00	0x01	-0.1922	-0.6438	0.5577	-0.4874	315.76	76.77	64.89
2026-06-16T15:37:51.1600022+08:00	0x04	-0.2655	0.0389	0.5250	-0.8077	289.51	338.24	22.83
2026-06-16T15:37:51.1600022+08:00	0x06	-0.0998	-0.1375	-0.4559	0.8737	306.27	351.00	342.56
2026-06-16T15:37:51.1600022+08:00	0x02	0.3547	0.1455	-0.6918	-0.6119	102.40	316.55	346.54
2026-06-16T15:37:51.1600022+08:00	0x03	-0.1908	0.4463	0.7009	0.5226	95.62	20.63	304.40
2026-06-16T15:37:51.1600022+08:00	0x07	0.6410	0.2344	-0.7186	0.1336	172.76	274.55	30.54
2026-06-16T15:37:51.1600022+08:00	0x08	0.0086	-0.1210	0.7307	0.6718	93.98	351.21	10.86
2026-06-16T15:37:51.1600022+08:00	0x09	0.0689	0.6713	-0.2503	0.6942	343.57	84.33	25.57
2026-06-16T15:37:51.1600022+08:00	0x06	-0.1004	-0.1369	-0.4555	0.8739	306.32	351.08	342.52
2026-06-16T15:37:51.1600022+08:00	0x07	0.6409	0.2346	-0.7186	0.1333	172.73	274.55	30.53
2026-06-16T15:37:51.1600022+08:00	0x01	-0.1912	-0.6410	0.5565	-0.4928	315.39	75.92	64.40
2026-06-16T15:37:51.1600022+08:00	0x08	0.0081	-0.1206	0.7314	0.6711	94.09	351.21	10.80
2026-06-16T15:37:51.1600022+08:00	0x09	0.0683	0.6717	-0.2519	0.6934	343.40	84.37	25.66
2026-06-16T15:37:51.1600022+08:00	0x06	-0.1014	-0.1360	-0.4539	0.8748	306.52	351.20	342.49
2026-06-16T15:37:51.1600022+08:00	0x03	-0.1957	0.4502	0.7176	0.4941	101.29	17.58	302.92
2026-06-16T15:37:51.1600022+08:00	0x07	0.6418	0.2325	-0.7184	0.1340	172.95	274.54	30.40
2026-06-16T15:37:51.1600022+08:00	0x02	0.3656	0.1649	-0.6836	-0.6098	101.95	314.06	347.27
2026-06-16T15:37:51.1600022+08:00	0x08	0.0080	-0.1217	0.7302	0.6723	93.88	351.10	10.86
2026-06-16T15:37:51.1609970+08:00	0x04	-0.2742	0.0772	0.5343	-0.7958	287.33	333.60	20.74
2026-06-16T15:37:51.1609970+08:00	0x09	0.0700	0.6711	-0.2529	0.6934	343.43	84.29	25.88
2026-06-16T15:37:51.1609970+08:00	0x07	0.6410	0.2350	-0.7186	0.1325	172.61	274.52	30.51
2026-06-16T15:37:51.1609970+08:00	0x01	-0.1919	-0.6453	0.5562	-0.4873	316.27	77.31	64.80
2026-06-16T15:37:51.1609970+08:00	0x08	0.0077	-0.1217	0.7304	0.6720	93.92	351.08	10.84
2026-06-16T15:37:51.1609970+08:00	0x06	-0.1021	-0.1360	-0.4534	0.8749	306.57	351.23	342.43
2026-06-16T15:37:51.1609970+08:00	0x07	0.6412	0.2343	-0.7187	0.1322	172.64	274.51	30.42
2026-06-16T15:37:51.1609970+08:00	0x03	-0.2063	0.4515	0.7061	0.5049	98.89	17.98	302.22
2026-06-16T15:37:51.1609970+08:00	0x02	0.3638	0.1542	-0.6796	-0.6181	101.19	315.11	346.11
2026-06-16T15:37:51.1609970+08:00	0x08	0.0080	-0.1216	0.7304	0.6720	93.92	351.11	10.85
2026-06-16T15:37:51.1609970+08:00	0x01	-0.1915	-0.6430	0.5576	-0.4888	315.58	76.50	64.73
2026-06-16T15:37:51.1609970+08:00	0x09	0.0717	0.6712	-0.2544	0.6926	343.42	84.32	26.16
2026-06-16T15:37:51.1609970+08:00	0x03	-0.1992	0.4810	0.6879	0.5057	92.93	24.88	300.32
2026-06-16T15:37:51.1609970+08:00	0x08	0.0081	-0.1214	0.7303	0.6721	93.91	351.14	10.85
2026-06-16T15:37:51.1609970+08:00	0x01	-0.1878	-0.6466	0.5526	-0.4912	316.75	77.71	64.04
2026-06-16T15:37:51.1609970+08:00	0x06	-0.1021	-0.1358	-0.4541	0.8746	306.47	351.26	342.43
2026-06-16T15:37:51.1609970+08:00	0x07	0.6416	0.2330	-0.7187	0.1322	172.75	274.52	30.31
2026-06-16T15:37:51.1609970+08:00	0x01	-0.1903	-0.6438	0.5552	-0.4910	316.01	76.80	64.38
2026-06-16T15:37:51.1609970+08:00	0x06	-0.1013	-0.1364	-0.4553	0.8740	306.33	351.18	342.47
2026-06-16T15:37:51.1609970+08:00	0x09	0.0719	0.6711	-0.2566	0.6918	343.23	84.30	26.35
2026-06-16T15:37:51.1609970+08:00	0x07	0.6413	0.2339	-0.7188	0.1317	172.63	274.53	30.34
2026-06-16T15:37:51.1609970+08:00	0x01	-0.1909	-0.6434	0.5552	-0.4912	316.00	76.72	64.42
2026-06-16T15:37:51.1609970+08:00	0x04	-0.2649	0.1255	0.5160	-0.8049	290.03	330.15	17.27
2026-06-16T15:37:51.1609970+08:00	0x09	0.0754	0.6710	-0.2566	0.6916	343.51	84.34	26.65
2026-06-16T15:37:51.1609970+08:00	0x02	0.3616	0.1440	-0.6827	-0.6185	101.53	316.06	345.49
2026-06-16T15:37:51.1609970+08:00	0x07	0.6415	0.2334	-0.7189	0.1311	172.62	274.52	30.25
2026-06-16T15:37:51.1609970+08:00	0x08	0.0073	-0.1220	0.7305	0.6719	93.93	351.02	10.83
2026-06-16T15:37:51.1609970+08:00	0x01	-0.1893	-0.6436	0.5549	-0.4919	315.95	76.73	64.24
2026-06-16T15:37:51.1609970+08:00	0x04	-0.2726	0.1113	0.4928	-0.8188	292.85	331.38	19.68
2026-06-16T15:37:51.1609970+08:00	0x06	-0.1019	-0.1359	-0.4544	0.8745	306.44	351.25	342.44
2026-06-16T15:37:51.1609970+08:00	0x09	0.0749	0.6709	-0.2580	0.6912	343.34	84.31	26.72
2026-06-16T15:37:51.1609970+08:00	0x02	0.3653	0.1506	-0.6800	-0.6176	101.42	315.20	345.73
2026-06-16T15:37:51.1609970+08:00	0x03	-0.2202	0.4591	0.7198	0.4719	105.59	13.57	299.69
2026-06-16T15:37:51.1609970+08:00	0x07	0.6419	0.2325	-0.7188	0.1312	172.70	274.49	30.17
2026-06-16T15:37:51.1609970+08:00	0x01	-0.1896	-0.6438	0.5543	-0.4922	316.14	76.85	64.21
2026-06-16T15:37:51.1609970+08:00	0x04	-0.2700	0.1116	0.4878	-0.8226	293.68	331.67	19.59
2026-06-16T15:37:51.1609970+08:00	0x09	0.0751	0.6709	-0.2591	0.6907	343.25	84.31	26.84
2026-06-16T15:37:51.1609970+08:00	0x02	0.3617	0.1448	-0.6824	-0.6185	101.50	315.99	345.53
2026-06-16T15:37:51.1609970+08:00	0x07	0.6421	0.2320	-0.7188	0.1311	172.73	274.50	30.13
2026-06-16T15:37:51.1609970+08:00	0x08	0.0077	-0.1216	0.7303	0.6721	93.91	351.08	10.83
2026-06-16T15:37:51.1609970+08:00	0x01	-0.1903	-0.6449	0.5551	-0.4896	316.23	77.16	64.46
2026-06-16T15:37:51.1609970+08:00	0x06	-0.1018	-0.1359	-0.4542	0.8745	306.46	351.24	342.45
2026-06-16T15:37:51.1609970+08:00	0x09	0.0760	0.6707	-0.2601	0.6905	343.22	84.28	26.99
2026-06-16T15:37:51.1609970+08:00	0x03	-0.2071	0.4570	0.7066	0.4989	99.30	18.21	301.51
2026-06-16T15:37:51.1609970+08:00	0x07	0.6418	0.2325	-0.7189	0.1310	172.68	274.51	30.16
2026-06-16T15:37:51.1609970+08:00	0x01	-0.1897	-0.6459	0.5547	-0.4890	316.42	77.46	64.43
2026-06-16T15:37:51.1609970+08:00	0x04	-0.2697	0.1049	0.5151	-0.8068	290.04	331.76	19.09
2026-06-16T15:37:51.1609970+08:00	0x08	0.0082	-0.1212	0.7303	0.6722	93.90	351.16	10.84
2026-06-16T15:37:51.1609970+08:00	0x09	0.0771	0.6705	-0.2605	0.6904	343.27	84.26	27.12
2026-06-16T15:37:51.1609970+08:00	0x03	-0.2054	0.4608	0.7008	0.5043	97.33	19.82	301.45
2026-06-16T15:37:51.1609970+08:00	0x07	0.6418	0.2327	-0.7190	0.1308	172.65	274.51	30.16
2026-06-16T15:37:51.1609970+08:00	0x08	0.0076	-0.1216	0.7301	0.6723	93.87	351.07	10.83
2026-06-16T15:37:51.1609970+08:00	0x01	-0.1888	-0.6471	0.5527	-0.4901	316.90	77.89	64.20
2026-06-16T15:37:51.1609970+08:00	0x09	0.0773	0.6705	-0.2617	0.6899	343.17	84.26	27.24
2026-06-16T15:37:51.1609970+08:00	0x03	-0.2043	0.4500	0.7006	0.5147	96.90	19.09	302.77
2026-06-16T15:37:51.1609970+08:00	0x02	0.3678	0.1555	-0.6763	-0.6190	101.02	314.62	345.82
2026-06-16T15:37:51.1609970+08:00	0x07	0.6421	0.2319	-0.7189	0.1308	172.71	274.50	30.09
2026-06-16T15:37:51.1609970+08:00	0x01	-0.1913	-0.6437	0.5570	-0.4887	315.78	76.72	64.69
2026-06-16T15:37:51.1609970+08:00	0x08	0.0076	-0.1217	0.7301	0.6724	93.86	351.06	10.84
2026-06-16T15:37:51.1619937+08:00	0x06	-0.1017	-0.1360	-0.4545	0.8744	306.43	351.23	342.45
2026-06-16T15:37:51.1619937+08:00	0x09	0.0778	0.6703	-0.2623	0.6898	343.15	84.23	27.32
2026-06-16T15:37:51.1619937+08:00	0x03	-0.1985	0.4578	0.7001	0.5109	96.30	20.71	302.47
2026-06-16T15:37:51.1619937+08:00	0x07	0.6419	0.2324	-0.7188	0.1312	172.71	274.51	30.17
2026-06-16T15:37:51.1619937+08:00	0x01	-0.1891	-0.6451	0.5549	-0.4901	316.18	77.16	64.32
2026-06-16T15:37:51.1619937+08:00	0x04	-0.2714	0.1051	0.5002	-0.8155	291.97	331.93	19.72
2026-06-16T15:37:51.1619937+08:00	0x06	-0.1015	-0.1360	-0.4545	0.8744	306.43	351.22	342.48
2026-06-16T15:37:51.1619937+08:00	0x09	0.0786	0.6703	-0.2629	0.6895	343.16	84.24	27.44
2026-06-16T15:37:51.1619937+08:00	0x03	-0.2005	0.4564	0.7057	0.5034	98.26	19.33	302.21
2026-06-16T15:37:51.1619937+08:00	0x07	0.6419	0.2323	-0.7190	0.1307	172.68	274.51	30.12
2026-06-16T15:37:51.1619937+08:00	0x08	0.0076	-0.1216	0.7301	0.6723	93.87	351.07	10.82
2026-06-16T15:37:51.1619937+08:00	0x01	-0.1891	-0.6455	0.5546	-0.4899	316.31	77.31	64.32
2026-06-16T15:37:51.1619937+08:00	0x06	-0.1014	-0.1361	-0.4543	0.8745	306.46	351.21	342.48
2026-06-16T15:37:51.1619937+08:00	0x09	0.0791	0.6702	-0.2635	0.6893	343.14	84.24	27.53
2026-06-16T15:37:51.1619937+08:00	0x07	0.6421	0.2319	-0.7189	0.1307	172.71	274.49	30.09
2026-06-16T15:37:51.1619937+08:00	0x03	-0.1983	0.4573	0.7062	0.5028	98.19	19.66	302.30
2026-06-16T15:37:51.1619937+08:00	0x01	-0.1906	-0.6439	0.5546	-0.4914	316.18	76.89	64.36
2026-06-16T15:37:51.1619937+08:00	0x04	-0.2633	0.0972	0.4919	-0.8242	293.65	333.54	19.78
2026-06-16T15:37:51.1619937+08:00	0x06	-0.1012	-0.1359	-0.4543	0.8746	306.45	351.21	342.52
2026-06-16T15:37:51.1619937+08:00	0x09	0.0797	0.6703	-0.2644	0.6888	343.11	84.26	27.66
2026-06-16T15:37:51.1619937+08:00	0x03	-0.2043	0.4528	0.7175	0.4883	102.37	16.40	301.87
2026-06-16T15:37:51.1619937+08:00	0x08	0.0073	-0.1218	0.7304	0.6721	93.91	351.03	10.82
2026-06-16T15:37:51.1619937+08:00	0x04	-0.2734	0.1104	0.5014	-0.8134	291.64	331.22	19.52
2026-06-16T15:37:51.1619937+08:00	0x09	0.0801	0.6702	-0.2651	0.6886	343.07	84.24	27.75
2026-06-16T15:37:51.1619937+08:00	0x03	-0.2066	0.4576	0.7119	0.4911	100.98	17.38	301.30
2026-06-16T15:37:51.1619937+08:00	0x08	0.0076	-0.1215	0.7303	0.6722	93.90	351.08	10.82
2026-06-16T15:37:51.1619937+08:00	0x01	-0.1874	-0.6475	0.5523	-0.4905	316.90	77.97	64.04
2026-06-16T15:37:51.1619937+08:00	0x07	0.6419	0.2319	-0.7190	0.1310	172.74	274.53	30.12
2026-06-16T15:37:51.1619937+08:00	0x02	0.3745	0.1704	-0.6711	-0.6166	100.75	312.85	346.52
2026-06-16T15:37:51.1619937+08:00	0x08	0.0069	-0.1220	0.7304	0.6721	93.91	350.99	10.80
2026-06-16T15:37:51.1619937+08:00	0x04	-0.2675	0.0988	0.5141	-0.8089	290.36	332.55	19.34
2026-06-16T15:37:51.1619937+08:00	0x07	0.6418	0.2320	-0.7191	0.1310	172.73	274.55	30.12
2026-06-16T15:37:51.1619937+08:00	0x03	-0.1977	0.4513	0.7018	0.5145	96.65	19.96	303.19
2026-06-16T15:37:51.1619937+08:00	0x08	0.0071	-0.1219	0.7297	0.6728	93.79	351.00	10.80
2026-06-16T15:37:51.1619937+08:00	0x01	-0.1899	-0.6506	0.5537	-0.4839	317.47	79.01	64.71
2026-06-16T15:37:51.1619937+08:00	0x07	0.6418	0.2323	-0.7190	0.1313	172.73	274.53	30.17
2026-06-16T15:37:51.1619937+08:00	0x02	0.3680	0.1794	-0.6625	-0.6273	98.77	313.02	347.05
2026-06-16T15:37:51.1619937+08:00	0x01	-0.1740	-0.6569	0.5536	-0.4814	317.01	80.15	63.48
2026-06-16T15:37:51.1619937+08:00	0x09	0.0685	0.6729	-0.2620	0.6884	342.53	84.54	26.55
2026-06-16T15:37:51.1619937+08:00	0x04	-0.2594	0.0984	0.5170	-0.8098	290.43	333.19	18.56
2026-06-16T15:37:51.1619937+08:00	0x07	0.6433	0.2303	-0.7185	0.1304	172.78	274.39	29.91
2026-06-16T15:37:51.1619937+08:00	0x03	-0.1924	0.4600	0.6953	0.5176	94.32	22.53	302.98
2026-06-16T15:37:51.1619937+08:00	0x02	0.3853	0.1925	-0.6496	-0.6265	98.33	310.30	346.55
2026-06-16T15:37:51.1619937+08:00	0x08	0.0048	-0.1222	0.7306	0.6718	93.94	350.80	10.66
2026-06-16T15:37:51.1629913+08:00	0x01	-0.1683	-0.6515	0.5523	-0.4922	315.78	78.28	62.29
2026-06-16T15:37:51.1629913+08:00	0x06	-0.1002	-0.1365	-0.4548	0.8743	306.40	351.10	342.58
2026-06-16T15:37:51.1629913+08:00	0x09	0.0696	0.6730	-0.2627	0.6879	342.55	84.57	26.70
2026-06-16T15:37:51.1629913+08:00	0x03	-0.1942	0.4627	0.6960	0.5137	94.72	22.44	302.49
2026-06-16T15:37:51.1629913+08:00	0x02	0.3895	0.1824	-0.6411	-0.6356	97.47	310.75	344.85
2026-06-16T15:37:51.1629913+08:00	0x08	0.0058	-0.1217	0.7288	0.6738	93.64	350.89	10.67
2026-06-16T15:37:51.1629913+08:00	0x01	-0.1729	-0.6487	0.5519	-0.4947	315.82	77.66	62.51
2026-06-16T15:37:51.1629913+08:00	0x09	0.0728	0.6721	-0.2636	0.6881	342.70	84.47	27.03
2026-06-16T15:37:51.1629913+08:00	0x03	-0.1978	0.4634	0.7007	0.5051	96.55	21.20	301.87
2026-06-16T15:37:51.1629913+08:00	0x02	0.3864	0.1779	-0.6393	-0.6406	96.91	311.48	344.48
2026-06-16T15:37:51.1629913+08:00	0x01	-0.1816	-0.6483	0.5513	-0.4928	316.67	77.98	63.35
2026-06-16T15:37:51.1629913+08:00	0x06	-0.1004	-0.1364	-0.4546	0.8745	306.43	351.12	342.56
2026-06-16T15:37:51.1629913+08:00	0x09	0.0749	0.6718	-0.2649	0.6877	342.73	84.43	27.32
2026-06-16T15:37:51.1629913+08:00	0x03	-0.1979	0.4586	0.7057	0.5025	98.02	19.92	302.20
2026-06-16T15:37:51.1629913+08:00	0x02	0.3899	0.1661	-0.6401	-0.6408	97.42	311.98	343.32
2026-06-16T15:37:51.1629913+08:00	0x06	-0.1004	-0.1365	-0.4547	0.8744	306.41	351.11	342.56
2026-06-16T15:37:51.1629913+08:00	0x09	0.0783	0.6711	-0.2674	0.6870	342.75	84.36	27.81
2026-06-16T15:37:51.1629913+08:00	0x03	-0.2077	0.4520	0.7154	0.4907	102.07	16.16	301.73
2026-06-16T15:37:51.1629913+08:00	0x02	0.3853	0.1671	-0.6391	-0.6443	96.82	312.44	343.56
2026-06-16T15:37:51.1629913+08:00	0x01	-0.1848	-0.6518	0.5518	-0.4864	317.50	79.21	64.03
2026-06-16T15:37:51.1629913+08:00	0x08	0.0060	-0.1217	0.7276	0.6751	93.43	350.90	10.67
2026-06-16T15:37:51.1629913+08:00	0x04	-0.2534	0.0922	0.4867	-0.8309	294.94	334.93	19.36
2026-06-16T15:37:51.1629913+08:00	0x07	0.6422	0.2323	-0.7187	0.1307	172.66	274.46	30.12
2026-06-16T15:37:51.1629913+08:00	0x02	0.3652	0.1459	-0.6517	-0.6486	96.95	316.08	343.52
2026-06-16T15:37:51.1629913+08:00	0x01	-0.1863	-0.6498	0.5570	-0.4825	316.39	78.40	64.64
2026-06-16T15:37:51.1629913+08:00	0x06	-0.1010	-0.1363	-0.4543	0.8745	306.46	351.16	342.51
2026-06-16T15:37:51.1629913+08:00	0x09	0.0776	0.6713	-0.2691	0.6863	342.54	84.36	27.89
2026-06-16T15:37:51.1629913+08:00	0x03	-0.2076	0.4572	0.7123	0.4903	101.24	17.11	301.24
2026-06-16T15:37:51.1629913+08:00	0x07	0.6429	0.2307	-0.7186	0.1306	172.77	274.43	29.96
2026-06-16T15:37:51.1629913+08:00	0x02	0.3886	0.1686	-0.6426	-0.6385	97.65	311.90	343.77
2026-06-16T15:37:51.1629913+08:00	0x01	-0.1810	-0.6521	0.5531	-0.4859	316.95	79.03	63.79
2026-06-16T15:37:51.1629913+08:00	0x06	-0.1003	-0.1365	-0.4548	0.8743	306.41	351.11	342.56
2026-06-16T15:37:51.1629913+08:00	0x09	0.0790	0.6711	-0.2692	0.6862	342.63	84.36	28.02
2026-06-16T15:37:51.1629913+08:00	0x08	0.0054	-0.1221	0.7272	0.6754	93.37	350.80	10.65
2026-06-16T15:37:51.1629913+08:00	0x07	0.6429	0.2305	-0.7187	0.1305	172.79	274.43	29.94
2026-06-16T15:37:51.1629913+08:00	0x02	0.3802	0.1600	-0.6479	-0.6404	97.70	313.40	343.75
2026-06-16T15:37:51.1629913+08:00	0x03	-0.2066	0.4634	0.7279	0.4612	106.83	14.62	300.09
2026-06-16T15:37:51.1629913+08:00	0x06	-0.1000	-0.1362	-0.4551	0.8743	306.36	351.13	342.61
2026-06-16T15:37:51.1629913+08:00	0x09	0.0798	0.6712	-0.2698	0.6858	342.66	84.39	28.14
2026-06-16T15:37:51.1629913+08:00	0x08	0.0063	-0.1221	0.7272	0.6754	93.37	350.88	10.73
2026-06-16T15:37:51.1629913+08:00	0x03	-0.2006	0.4525	0.6961	0.5201	95.21	20.57	303.01
2026-06-16T15:37:51.1629913+08:00	0x07	0.6431	0.2310	-0.7184	0.1303	172.71	274.38	29.97
2026-06-16T15:37:51.1629913+08:00	0x02	0.3663	0.1339	-0.6607	-0.6414	98.51	316.70	342.96
2026-06-16T15:37:51.1629913+08:00	0x01	-0.1809	-0.6446	0.5492	-0.5001	316.34	76.93	62.75
2026-06-16T15:37:51.1629913+08:00	0x08	0.0060	-0.1225	0.7271	0.6755	93.34	350.82	10.74
2026-06-16T15:37:51.1629913+08:00	0x09	0.0808	0.6710	-0.2706	0.6855	342.65	84.37	28.29
2026-06-16T15:37:51.1629913+08:00	0x07	0.6428	0.2318	-0.7185	0.1299	172.62	274.38	30.00
2026-06-16T15:37:51.1629913+08:00	0x02	0.3716	0.1547	-0.6594	-0.6350	98.70	314.56	344.46
2026-06-16T15:37:51.1629913+08:00	0x06	-0.1006	-0.1357	-0.4541	0.8748	306.48	351.20	342.59
2026-06-16T15:37:51.1629913+08:00	0x01	-0.1815	-0.6486	0.5477	-0.4963	317.30	78.23	62.96
2026-06-16T15:37:51.1629913+08:00	0x04	-0.2564	0.1196	0.4830	-0.8287	295.00	332.04	18.02
2026-06-16T15:37:51.1629913+08:00	0x09	0.0813	0.6710	-0.2711	0.6853	342.64	84.38	28.38
2026-06-16T15:37:51.1629913+08:00	0x07	0.6429	0.2312	-0.7186	0.1300	172.68	274.41	29.96
2026-06-16T15:37:51.1629913+08:00	0x02	0.3780	0.1593	-0.6593	-0.6302	99.25	313.50	344.55
2026-06-16T15:37:51.1629913+08:00	0x06	-0.1002	-0.1358	-0.4553	0.8742	306.33	351.19	342.61
2026-06-16T15:37:51.1629913+08:00	0x01	-0.1870	-0.6436	0.5532	-0.4947	316.04	76.71	63.78
2026-06-16T15:37:51.1639884+08:00	0x09	0.0832	0.6712	-0.2718	0.6846	342.74	84.43	28.60
2026-06-16T15:37:51.1639884+08:00	0x07	0.6425	0.2330	-0.7185	0.1289	172.43	274.36	30.03
2026-06-16T15:37:51.1639884+08:00	0x02	0.3710	0.1504	-0.6621	-0.6335	99.09	314.90	344.29
2026-06-16T15:37:51.1639884+08:00	0x01	-0.1833	-0.6470	0.5530	-0.4919	316.30	77.58	63.63
2026-06-16T15:37:51.1639884+08:00	0x04	-0.2471	0.0289	0.5597	-0.7905	285.63	339.81	21.00
2026-06-16T15:37:51.1639884+08:00	0x09	0.0959	0.6692	-0.2722	0.6848	343.65	84.31	29.71
2026-06-16T15:37:51.1639884+08:00	0x03	-0.2098	0.4573	0.7083	0.4952	100.17	17.50	301.18
2026-06-16T15:37:51.1639884+08:00	0x07	0.6357	0.2533	-0.7187	0.1235	170.26	274.27	31.41
2026-06-16T15:37:51.1639884+08:00	0x02	0.3252	0.0885	-0.7246	-0.6011	105.73	323.22	344.76
2026-06-16T15:37:51.1639884+08:00	0x06	-0.1358	-0.1126	-0.4162	0.8920	310.91	354.64	340.37
2026-06-16T15:37:51.1639884+08:00	0x08	0.0215	-0.1090	0.7186	0.6865	91.97	353.06	10.73
2026-06-16T15:37:51.1639884+08:00	0x09	0.1116	0.6675	-0.2659	0.6865	345.46	84.41	30.55
2026-06-16T15:37:51.1639884+08:00	0x03	-0.2212	0.4596	0.7201	0.4704	105.90	13.34	299.54
2026-06-16T15:37:51.1639884+08:00	0x07	0.6287	0.2773	-0.7175	0.1141	167.29	273.80	32.78
2026-06-16T15:37:51.1639884+08:00	0x02	0.3775	0.1778	-0.6658	-0.6186	100.15	312.05	346.69
2026-06-16T15:37:51.1639884+08:00	0x01	-0.1980	-0.6538	0.5677	-0.4594	316.52	79.94	67.56
2026-06-16T15:37:51.1639884+08:00	0x04	-0.1973	0.0092	0.5768	-0.7927	285.63	345.28	17.59
2026-06-16T15:37:51.1639884+08:00	0x09	0.1138	0.6672	-0.2673	0.6859	345.50	84.39	30.85
2026-06-16T15:37:51.1639884+08:00	0x03	-0.2204	0.4640	0.7121	0.4785	103.14	15.41	299.33
2026-06-16T15:37:51.1639884+08:00	0x02	0.3816	0.1790	-0.6540	-0.6282	98.71	311.68	345.80
2026-06-16T15:37:51.1639884+08:00	0x06	-0.1387	-0.1097	-0.4269	0.8868	309.40	355.35	340.14
2026-06-16T15:37:51.1639884+08:00	0x08	0.0237	-0.1082	0.7301	0.6743	93.92	353.49	10.96
2026-06-16T15:37:51.1639884+08:00	0x09	0.1154	0.6672	-0.2681	0.6853	345.56	84.43	31.06
2026-06-16T15:37:51.1639884+08:00	0x03	-0.2204	0.4653	0.7101	0.4804	102.47	15.92	299.25
2026-06-16T15:37:51.1639884+08:00	0x07	0.6293	0.2776	-0.7174	0.1111	166.97	273.67	32.55
2026-06-16T15:37:51.1639884+08:00	0x02	0.3877	0.1872	-0.6410	-0.6354	97.27	310.57	345.36
2026-06-16T15:37:51.1639884+08:00	0x08	0.0229	-0.1115	0.7341	0.6694	94.61	353.23	11.21
2026-06-16T15:37:51.1639884+08:00	0x06	-0.1414	-0.1088	-0.4322	0.8840	308.65	355.72	339.88
2026-06-16T15:37:51.1639884+08:00	0x04	-0.2268	0.1495	0.6580	-0.7023	271.80	329.18	6.99
2026-06-16T15:37:51.1639884+08:00	0x09	0.1100	0.6667	-0.2723	0.6850	344.70	84.19	30.92
2026-06-16T15:37:51.1639884+08:00	0x03	-0.1164	0.4792	0.5750	0.6529	64.01	43.75	315.33
2026-06-16T15:37:51.1639884+08:00	0x07	0.6296	0.2783	-0.7170	0.1101	166.80	273.56	32.52
2026-06-16T15:37:51.1639884+08:00	0x02	0.3924	0.1735	-0.6324	-0.6449	96.47	311.26	343.34
2026-06-16T15:37:51.1639884+08:00	0x08	0.0257	-0.1086	0.7343	0.6696	94.66	353.69	11.18
2026-06-16T15:37:51.1639884+08:00	0x09	0.1187	0.6664	-0.2708	0.6844	345.56	84.37	31.56
2026-06-16T15:37:51.1639884+08:00	0x03	-0.1265	0.4895	0.5686	0.6489	62.38	45.15	313.88
2026-06-16T15:37:51.1639884+08:00	0x02	0.3935	0.1744	-0.6294	-0.6470	96.12	311.12	343.17
2026-06-16T15:37:51.1639884+08:00	0x01	-0.1972	-0.6448	0.5697	-0.4698	314.18	76.63	66.93
2026-06-16T15:37:51.1639884+08:00	0x06	-0.1421	-0.1059	-0.4344	0.8831	308.30	356.12	339.95
2026-06-16T15:37:51.1639884+08:00	0x07	0.6290	0.2806	-0.7168	0.1090	166.50	273.50	32.64
2026-06-16T15:37:51.1639884+08:00	0x04	-0.2361	0.0596	0.6074	-0.7561	279.04	336.84	16.54
2026-06-16T15:37:51.1639884+08:00	0x03	-0.1226	0.4908	0.5588	0.6571	60.64	46.14	314.79
2026-06-16T15:37:51.1639884+08:00	0x01	-0.1995	-0.6453	0.5706	-0.4672	314.34	76.87	67.34
2026-06-16T15:37:51.1639884+08:00	0x02	0.3960	0.1755	-0.6247	-0.6498	95.65	310.84	342.82
2026-06-16T15:37:51.1639884+08:00	0x08	0.0261	-0.1080	0.7380	0.6656	95.30	353.84	11.20
2026-06-16T15:37:51.1639884+08:00	0x09	0.1215	0.6661	-0.2723	0.6837	345.64	84.37	31.93
2026-06-16T15:37:51.1639884+08:00	0x07	0.6287	0.2811	-0.7169	0.1086	166.42	273.50	32.65
2026-06-16T15:37:51.1639884+08:00	0x03	-0.1245	0.4857	0.5511	0.6670	59.52	45.76	315.46
2026-06-16T15:37:51.1639884+08:00	0x02	0.3987	0.1766	-0.6208	-0.6515	95.33	310.52	342.53
2026-06-16T15:37:51.1639884+08:00	0x04	-0.2227	0.0431	0.5422	-0.8091	289.24	340.87	18.28
2026-06-16T15:37:51.1639884+08:00	0x09	0.1223	0.6659	-0.2729	0.6835	345.64	84.36	32.05
2026-06-16T15:37:51.1639884+08:00	0x03	-0.1195	0.4889	0.5476	0.6684	58.87	46.65	315.96
2026-06-16T15:37:51.1639884+08:00	0x02	0.3986	0.1774	-0.6178	-0.6542	94.87	310.53	342.40
2026-06-16T15:37:51.1639884+08:00	0x08	0.0255	-0.1082	0.7400	0.6634	95.64	353.81	11.18
2026-06-16T15:37:51.1639884+08:00	0x04	-0.2112	0.0354	0.5235	-0.8246	292.43	342.90	18.14
2026-06-16T15:37:51.1639884+08:00	0x09	0.1231	0.6658	-0.2732	0.6833	345.67	84.36	32.14
2026-06-16T15:37:51.1639884+08:00	0x03	-0.1166	0.4894	0.5430	0.6723	58.12	47.10	316.50
2026-06-16T15:37:51.1649860+08:00	0x02	0.3982	0.1759	-0.6174	-0.6552	94.80	310.68	342.27
2026-06-16T15:37:51.1649860+08:00	0x01	-0.2029	-0.6481	0.5698	-0.4627	315.43	78.11	67.88
2026-06-16T15:37:51.1649860+08:00	0x08	0.0263	-0.1072	0.7407	0.6627	95.77	353.97	11.16
2026-06-16T15:37:51.1649860+08:00	0x09	0.1243	0.6658	-0.2742	0.6827	345.69	84.39	32.34
2026-06-16T15:37:51.1649860+08:00	0x03	-0.1170	0.4889	0.5423	0.6732	58.02	47.06	316.54
2026-06-16T15:37:51.1649860+08:00	0x01	-0.2026	-0.6459	0.5701	-0.4655	314.89	77.31	67.69
2026-06-16T15:37:51.1649860+08:00	0x08	0.0266	-0.1068	0.7411	0.6623	95.85	354.03	11.17
2026-06-16T15:37:51.1649860+08:00	0x04	-0.2208	0.0339	0.4925	-0.8411	296.32	343.04	19.75
2026-06-16T15:37:51.1649860+08:00	0x09	0.1253	0.6655	-0.2750	0.6825	345.69	84.36	32.48
2026-06-16T15:37:51.1649860+08:00	0x03	-0.1150	0.4915	0.5418	0.6721	57.86	47.54	316.60
2026-06-16T15:37:51.1649860+08:00	0x02	0.3983	0.1746	-0.6163	-0.6565	94.64	310.80	342.07
2026-06-16T15:37:51.1649860+08:00	0x01	-0.2016	-0.6474	0.5693	-0.4649	315.22	77.80	67.60
2026-06-16T15:37:51.1649860+08:00	0x04	-0.2276	0.0331	0.4824	-0.8452	297.43	342.87	20.66
2026-06-16T15:37:51.1649860+08:00	0x06	-0.1437	-0.1036	-0.4398	0.8805	307.52	356.58	339.87
2026-06-16T15:37:51.1649860+08:00	0x09	0.1261	0.6652	-0.2760	0.6822	345.65	84.34	32.63
2026-06-16T15:37:51.1649860+08:00	0x07	0.6280	0.2829	-0.7167	0.1091	166.30	273.49	32.86
2026-06-16T15:37:51.1649860+08:00	0x02	0.3981	0.1739	-0.6164	-0.6568	94.63	310.87	342.03
2026-06-16T15:37:51.1649860+08:00	0x01	-0.2004	-0.6446	0.5698	-0.4687	314.42	76.72	67.28
2026-06-16T15:37:51.1649860+08:00	0x08	0.0268	-0.1064	0.7417	0.6617	95.95	354.08	11.14
2026-06-16T15:37:51.1649860+08:00	0x09	0.1271	0.6651	-0.2767	0.6819	345.67	84.34	32.78
2026-06-16T15:37:51.1649860+08:00	0x07	0.6280	0.2832	-0.7167	0.1089	166.26	273.48	32.87
2026-06-16T15:37:51.1649860+08:00	0x04	-0.2117	0.0305	0.4650	-0.8591	300.49	344.66	19.60
2026-06-16T15:37:51.1649860+08:00	0x03	-0.1150	0.4946	0.5405	0.6708	57.52	48.07	316.46
2026-06-16T15:37:51.1649860+08:00	0x06	-0.1440	-0.1027	-0.4406	0.8801	307.40	356.71	339.88
2026-06-16T15:37:51.1649860+08:00	0x09	0.1288	0.6654	-0.2776	0.6809	345.73	84.43	33.01
2026-06-16T15:37:51.1649860+08:00	0x07	0.6281	0.2832	-0.7165	0.1089	166.24	273.45	32.87
2026-06-16T15:37:51.1649860+08:00	0x03	-0.1137	0.4930	0.5403	0.6724	57.58	47.90	316.72
2026-06-16T15:37:51.1649860+08:00	0x04	-0.2213	0.0342	0.4644	-0.8569	300.14	343.63	20.33
2026-06-16T15:37:51.1649860+08:00	0x08	0.0269	-0.1075	0.7419	0.6613	95.98	354.01	11.25
2026-06-16T15:37:51.1649860+08:00	0x06	-0.1454	-0.1045	-0.4400	0.8800	307.48	356.57	339.64
2026-06-16T15:37:51.1649860+08:00	0x09	0.1271	0.6594	-0.2784	0.6867	345.19	83.30	32.80
2026-06-16T15:37:51.1649860+08:00	0x03	-0.1165	0.4910	0.5404	0.6733	57.62	47.49	316.56
2026-06-16T15:37:51.1649860+08:00	0x02	0.3983	0.1728	-0.6160	-0.6573	94.60	310.95	341.90
2026-06-16T15:37:51.1649860+08:00	0x01	-0.2039	-0.6366	0.5712	-0.4762	312.89	74.12	67.16
2026-06-16T15:37:51.1649860+08:00	0x08	0.0273	-0.1071	0.7419	0.6614	95.98	354.08	11.24
2026-06-16T15:37:51.1649860+08:00	0x09	0.1283	0.6609	-0.2796	0.6846	345.26	83.59	33.04
2026-06-16T15:37:51.1649860+08:00	0x07	0.6237	0.2866	-0.7187	0.1113	166.31	273.97	33.42
2026-06-16T15:37:51.1649860+08:00	0x03	-0.1178	0.4906	0.5384	0.6750	57.29	47.48	316.58
2026-06-16T15:37:51.1649860+08:00	0x02	0.3975	0.1725	-0.6165	-0.6574	94.60	311.05	341.95
2026-06-16T15:37:51.1649860+08:00	0x01	-0.2020	-0.6376	0.5708	-0.4763	312.99	74.37	66.98
2026-06-16T15:37:51.1649860+08:00	0x08	0.0270	-0.1073	0.7418	0.6614	95.97	354.04	11.24
2026-06-16T15:37:51.1649860+08:00	0x07	0.6234	0.2867	-0.7188	0.1115	166.33	274.00	33.45
2026-06-16T15:37:51.1649860+08:00	0x09	0.1306	0.6603	-0.2811	0.6841	345.29	83.54	33.36
2026-06-16T15:37:51.1649860+08:00	0x04	-0.2294	0.0440	0.4634	-0.8548	299.80	342.09	20.58
2026-06-16T15:37:51.1649860+08:00	0x02	0.3948	0.1693	-0.6189	-0.6576	94.69	311.58	341.96
2026-06-16T15:37:51.1649860+08:00	0x01	-0.2012	-0.6368	0.5700	-0.4787	312.94	74.14	66.72
2026-06-16T15:37:51.1649860+08:00	0x08	0.0273	-0.1072	0.7418	0.6615	95.97	354.07	11.25
2026-06-16T15:37:51.1649860+08:00	0x06	-0.1464	-0.1038	-0.4399	0.8799	307.47	356.71	339.57
2026-06-16T15:37:51.1649860+08:00	0x09	0.1315	0.6600	-0.2820	0.6838	345.27	83.51	33.51
2026-06-16T15:37:51.1649860+08:00	0x03	-0.1191	0.4940	0.5382	0.6725	57.08	47.95	316.23
2026-06-16T15:37:51.1649860+08:00	0x04	-0.2239	0.0401	0.4640	-0.8561	300.00	342.86	20.25
2026-06-16T15:37:51.1649860+08:00	0x01	-0.2056	-0.6342	0.5709	-0.4791	312.64	73.43	67.09
2026-06-16T15:37:51.1649860+08:00	0x08	0.0275	-0.1071	0.7421	0.6612	96.02	354.10	11.26
2026-06-16T15:37:51.1649860+08:00	0x07	0.6239	0.2872	-0.7183	0.1112	166.23	273.89	33.46
2026-06-16T15:37:51.1649860+08:00	0x02	0.3989	0.1741	-0.6167	-0.6559	94.76	310.77	342.03
2026-06-16T15:37:51.1649860+08:00	0x09	0.1334	0.6607	-0.2834	0.6821	345.34	83.70	33.81
2026-06-16T15:37:51.1649860+08:00	0x01	-0.2139	-0.6272	0.5713	-0.4842	311.91	71.47	67.49
2026-06-16T15:37:51.1659836+08:00	0x07	0.6241	0.2875	-0.7180	0.1111	166.18	273.83	33.47
2026-06-16T15:37:51.1659836+08:00	0x09	0.1347	0.6609	-0.2846	0.6812	345.34	83.75	34.04
2026-06-16T15:37:51.1659836+08:00	0x03	-0.1208	0.5008	0.5282	0.6749	55.11	49.46	316.19
2026-06-16T15:37:51.1659836+08:00	0x06	-0.1461	-0.1030	-0.4405	0.8797	307.38	356.79	339.64
2026-06-16T15:37:51.1659836+08:00	0x01	-0.2183	-0.6218	0.5714	-0.4890	311.20	69.89	67.55
2026-06-16T15:37:51.1659836+08:00	0x08	0.0280	-0.1073	0.7421	0.6610	96.04	354.12	11.32
2026-06-16T15:37:51.1659836+08:00	0x07	0.6242	0.2878	-0.7177	0.1116	166.19	273.79	33.53
2026-06-16T15:37:51.1659836+08:00	0x09	0.1365	0.6605	-0.2858	0.6807	345.37	83.74	34.29
2026-06-16T15:37:51.1659836+08:00	0x03	-0.1268	0.4992	0.5224	0.6796	54.11	49.32	316.06
2026-06-16T15:37:51.1659836+08:00	0x01	-0.2197	-0.6247	0.5690	-0.4875	312.40	71.11	67.69
2026-06-16T15:37:51.1659836+08:00	0x08	0.0286	-0.1080	0.7420	0.6610	96.03	354.12	11.42
2026-06-16T15:37:51.1659836+08:00	0x09	0.1370	0.6603	-0.2872	0.6803	345.26	83.70	34.44
2026-06-16T15:37:51.1659836+08:00	0x02	0.4015	0.1787	-0.6124	-0.6572	94.36	310.19	342.01
2026-06-16T15:37:51.1659836+08:00	0x04	-0.3642	0.2764	0.2653	-0.8489	312.34	311.29	28.14
2026-06-16T15:37:51.1659836+08:00	0x01	-0.2203	-0.6503	0.5668	-0.4553	318.60	80.53	69.69
2026-06-16T15:37:51.1659836+08:00	0x08	0.0287	-0.1072	0.7426	0.6605	96.12	354.21	11.37
2026-06-16T15:37:51.1659836+08:00	0x09	0.1375	0.6606	-0.2880	0.6795	345.25	83.77	34.57
2026-06-16T15:37:51.1659836+08:00	0x04	-0.3605	0.2697	0.2718	-0.8505	312.04	312.24	27.82
2026-06-16T15:37:51.1659836+08:00	0x01	-0.2199	-0.6862	0.5680	-0.3977	329.84	97.41	72.64
2026-06-16T15:37:51.1659836+08:00	0x08	0.0248	-0.1045	0.7438	0.6597	96.29	354.10	10.85
2026-06-16T15:37:51.1659836+08:00	0x02	0.4064	0.1954	-0.5970	-0.6635	92.60	308.56	342.18
2026-06-16T15:37:51.1659836+08:00	0x07	0.6240	0.2858	-0.7180	0.1159	166.79	274.00	33.71
2026-06-16T15:37:51.1659836+08:00	0x01	-0.2155	-0.6956	0.5660	-0.3865	332.65	101.64	72.55
2026-06-16T15:37:51.1659836+08:00	0x08	0.0251	-0.1026	0.7427	0.6613	96.09	354.25	10.69
2026-06-16T15:37:51.1659836+08:00	0x07	0.6243	0.2851	-0.7180	0.1160	166.85	274.00	33.65
2026-06-16T15:37:51.1659836+08:00	0x04	-0.0771	0.3816	-0.1636	-0.9065	14.27	316.27	15.34
2026-06-16T15:37:51.1659836+08:00	0x03	-0.1267	0.4993	0.5225	0.6794	54.14	49.32	316.06
2026-06-16T15:37:51.1659836+08:00	0x09	0.1390	0.6608	-0.2872	0.6793	345.46	83.86	34.65
2026-06-16T15:37:51.1659836+08:00	0x08	0.0249	-0.1025	0.7428	0.6611	96.12	354.24	10.67
2026-06-16T15:37:51.1659836+08:00	0x02	0.4078	0.1926	-0.5905	-0.6693	91.81	308.74	341.44
2026-06-16T15:37:51.1659836+08:00	0x07	0.6242	0.2849	-0.7182	0.1159	166.87	274.02	33.64
2026-06-16T15:37:51.1659836+08:00	0x09	0.1399	0.6606	-0.2881	0.6790	345.44	83.84	34.80
2026-06-16T15:37:51.1659836+08:00	0x03	0.1201	0.4633	0.8015	0.3584	114.58	44.08	318.96
2026-06-16T15:37:51.1659836+08:00	0x04	-0.0413	0.3093	-0.0693	-0.9475	6.11	324.21	6.96
2026-06-16T15:37:51.1659836+08:00	0x01	-0.2115	-0.6956	0.5662	-0.3883	331.62	100.77	72.18
2026-06-16T15:37:51.1659836+08:00	0x08	0.0247	-0.1022	0.7424	0.6617	96.05	354.24	10.63
2026-06-16T15:37:51.1659836+08:00	0x02	0.4079	0.1912	-0.5882	-0.6716	91.50	308.89	341.16
2026-06-16T15:37:51.1659836+08:00	0x09	0.1407	0.6605	-0.2888	0.6786	345.44	83.85	34.92
2026-06-16T15:37:51.1659836+08:00	0x07	0.6235	0.2859	-0.7183	0.1165	166.85	274.07	33.78
2026-06-16T15:37:51.1659836+08:00	0x03	0.1153	0.4628	0.8146	0.3300	118.77	42.15	317.32
2026-06-16T15:37:51.1659836+08:00	0x01	-0.2136	-0.7023	0.5688	-0.3710	335.01	105.62	73.22
2026-06-16T15:37:51.1659836+08:00	0x08	0.0231	-0.1008	0.7431	0.6612	96.15	354.23	10.39
2026-06-16T15:37:51.1659836+08:00	0x02	0.4119	0.1945	-0.5813	-0.6742	90.92	308.29	340.78
2026-06-16T15:37:51.1659836+08:00	0x09	0.1416	0.6606	-0.2887	0.6784	345.54	83.89	35.00
2026-06-16T15:37:51.1659836+08:00	0x07	0.6238	0.2854	-0.7182	0.1166	166.89	274.05	33.74
2026-06-16T15:37:51.1659836+08:00	0x04	-0.0118	0.3016	-0.0231	-0.9531	2.12	324.91	2.09
2026-06-16T15:37:51.1659836+08:00	0x03	0.2283	0.4574	0.7759	0.3696	111.51	55.42	327.25
2026-06-16T15:37:51.1659836+08:00	0x08	0.0227	-0.0989	0.7426	0.6620	96.07	354.34	10.19
2026-06-16T15:37:51.1659836+08:00	0x01	-0.2138	-0.7128	0.5698	-0.3487	340.33	112.98	74.02
2026-06-16T15:37:51.1659836+08:00	0x09	0.1412	0.6607	-0.2887	0.6784	345.50	83.89	34.97
2026-06-16T15:37:51.1659836+08:00	0x07	0.6227	0.2865	-0.7186	0.1175	166.90	274.17	33.92
2026-06-16T15:37:51.1659836+08:00	0x04	0.1602	0.3558	0.1565	-0.9073	349.29	319.43	336.29
2026-06-16T15:37:51.1659836+08:00	0x08	0.0204	-0.0965	0.7434	0.6615	96.18	354.33	9.82
2026-06-16T15:37:51.1659836+08:00	0x06	-0.1382	-0.1130	-0.4400	0.8801	307.71	355.28	339.97
2026-06-16T15:37:51.1659836+08:00	0x02	0.4195	0.2075	-0.5683	-0.6767	89.88	306.56	340.61
2026-06-16T15:37:51.1659836+08:00	0x07	0.6219	0.2873	-0.7189	0.1182	166.93	274.25	34.06
2026-06-16T15:37:51.1669804+08:00	0x03	0.2259	0.4558	0.7785	0.3677	111.97	54.92	327.07
2026-06-16T15:37:51.1669804+08:00	0x08	0.0176	-0.0954	0.7434	0.6617	96.17	354.18	9.51
2026-06-16T15:37:51.1669804+08:00	0x06	-0.1378	-0.1147	-0.4425	0.8787	307.40	355.14	339.90
2026-06-16T15:37:51.1669804+08:00	0x02	0.4238	0.1963	-0.5686	-0.6771	90.37	307.01	339.46
2026-06-16T15:37:51.1669804+08:00	0x09	0.1435	0.6609	-0.2892	0.6775	345.67	84.01	35.22
2026-06-16T15:37:51.1669804+08:00	0x07	0.6234	0.2841	-0.7189	0.1173	167.12	274.23	33.70
2026-06-16T15:37:51.1669804+08:00	0x04	0.2391	0.2271	0.1978	-0.9231	342.37	337.47	327.91
2026-06-16T15:37:51.1669804+08:00	0x01	-0.2055	-0.6675	0.5729	-0.4290	320.03	85.84	70.24
2026-06-16T15:37:51.1669804+08:00	0x08	0.0277	-0.1020	0.7388	0.6656	95.44	354.46	10.81
2026-06-16T15:37:51.1669804+08:00	0x06	-0.1465	-0.1010	-0.4429	0.8787	307.03	357.08	339.70
2026-06-16T15:37:51.1669804+08:00	0x09	0.1505	0.6581	-0.2917	0.6777	345.88	83.71	36.01
2026-06-16T15:37:51.1669804+08:00	0x04	-0.2049	0.0988	0.7987	-0.5570	248.85	333.99	4.04
2026-06-16T15:37:51.1669804+08:00	0x03	-0.1010	0.5031	0.6624	0.5458	80.67	41.27	309.03
2026-06-16T15:37:51.1669804+08:00	0x01	-0.2036	-0.5998	0.5749	-0.5179	306.10	62.98	64.23
2026-06-16T15:37:51.1669804+08:00	0x06	-0.1520	-0.0954	-0.4386	0.8806	307.44	357.87	339.43
2026-06-16T15:37:51.1669804+08:00	0x02	0.3810	0.1297	-0.6336	-0.6607	95.69	315.93	340.18
2026-06-16T15:37:51.1669804+08:00	0x07	0.6223	0.2962	-0.7164	0.1089	165.14	273.47	34.05
2026-06-16T15:37:51.1669804+08:00	0x03	-0.1055	0.4970	0.6605	0.5528	80.44	40.29	309.36
2026-06-16T15:37:51.1669804+08:00	0x01	-0.1964	-0.6089	0.5727	-0.5125	307.50	65.58	64.00
2026-06-16T15:37:51.1669804+08:00	0x06	-0.1521	-0.0957	-0.4392	0.8802	307.36	357.86	339.40
2026-06-16T15:37:51.1669804+08:00	0x09	0.1549	0.6572	-0.2947	0.6762	345.94	83.70	36.64
2026-06-16T15:37:51.1669804+08:00	0x04	-0.2553	0.1107	0.7133	-0.6432	261.36	329.06	9.81
2026-06-16T15:37:51.1669804+08:00	0x03	-0.1064	0.4889	0.6669	0.5522	82.09	38.55	309.68
2026-06-16T15:37:51.1669804+08:00	0x08	0.0321	-0.1030	0.7410	0.6628	95.86	354.79	11.26
2026-06-16T15:37:51.1669804+08:00	0x02	0.3795	0.1423	-0.6415	-0.6513	96.72	314.96	341.84
2026-06-16T15:37:51.1669804+08:00	0x06	-0.1517	-0.0959	-0.4384	0.8807	307.47	357.80	339.44
2026-06-16T15:37:51.1669804+08:00	0x09	0.1569	0.6569	-0.2956	0.6756	346.02	83.70	36.90
2026-06-16T15:37:51.1669804+08:00	0x07	0.6220	0.2962	-0.7166	0.1092	165.17	273.51	34.08
2026-06-16T15:37:51.1669804+08:00	0x03	-0.1060	0.4881	0.6648	0.5555	81.62	38.70	309.94
2026-06-16T15:37:51.1669804+08:00	0x08	0.0321	-0.1029	0.7420	0.6616	96.05	354.83	11.25
2026-06-16T15:37:51.1669804+08:00	0x02	0.3808	0.1484	-0.6418	-0.6489	96.87	314.34	342.32
2026-06-16T15:37:51.1669804+08:00	0x06	-0.1516	-0.0959	-0.4384	0.8807	307.47	357.80	339.44
2026-06-16T15:37:51.1669804+08:00	0x07	0.6218	0.2966	-0.7166	0.1093	165.14	273.52	34.12
2026-06-16T15:37:51.1669804+08:00	0x03	-0.1087	0.4833	0.6703	0.5525	83.03	37.34	309.82
2026-06-16T15:37:51.1669804+08:00	0x08	0.0324	-0.1023	0.7427	0.6610	96.17	354.91	11.24
2026-06-16T15:37:51.1669804+08:00	0x02	0.3791	0.1485	-0.6453	-0.6464	97.24	314.46	342.64
2026-06-16T15:37:51.1669804+08:00	0x06	-0.1516	-0.0958	-0.4383	0.8807	307.48	357.80	339.45
2026-06-16T15:37:51.1669804+08:00	0x09	0.1587	0.6565	-0.2973	0.6748	345.99	83.68	37.20
2026-06-16T15:37:51.1669804+08:00	0x07	0.6217	0.2966	-0.7167	0.1092	165.14	273.53	34.11
2026-06-16T15:37:51.1669804+08:00	0x03	-0.1064	0.4844	0.6727	0.5491	83.52	37.42	309.77
2026-06-16T15:37:51.1669804+08:00	0x01	-0.1987	-0.6177	0.5756	-0.4976	308.30	67.77	65.35
2026-06-16T15:37:51.1669804+08:00	0x08	0.0324	-0.1021	0.7434	0.6602	96.29	354.93	11.22
2026-06-16T15:37:51.1669804+08:00	0x09	0.1598	0.6562	-0.2984	0.6744	345.96	83.66	37.39
2026-06-16T15:37:51.1669804+08:00	0x07	0.6216	0.2966	-0.7167	0.1092	165.14	273.54	34.12
2026-06-16T15:37:51.1669804+08:00	0x03	-0.1076	0.4848	0.6780	0.5420	84.78	36.84	309.29
2026-06-16T15:37:51.1669804+08:00	0x08	0.0325	-0.1020	0.7436	0.6600	96.32	354.96	11.22
2026-06-16T15:37:51.1669804+08:00	0x07	0.6216	0.2967	-0.7167	0.1093	165.15	273.54	34.14
2026-06-16T15:37:51.1669804+08:00	0x01	-0.1961	-0.6221	0.5739	-0.4952	309.19	69.13	65.25
2026-06-16T15:37:51.1669804+08:00	0x04	-0.2615	-0.0086	0.4933	-0.8295	294.82	344.23	26.25
2026-06-16T15:37:51.1669804+08:00	0x08	0.0325	-0.1020	0.7439	0.6597	96.37	354.96	11.22
2026-06-16T15:37:51.1669804+08:00	0x02	0.3748	0.1474	-0.6518	-0.6426	97.84	314.90	343.17
2026-06-16T15:37:51.1669804+08:00	0x09	0.1619	0.6557	-0.3005	0.6735	345.92	83.63	37.74
2026-06-16T15:37:51.1669804+08:00	0x07	0.6216	0.2969	-0.7166	0.1094	165.14	273.53	34.16
2026-06-16T15:37:51.1669804+08:00	0x01	-0.1948	-0.6288	0.5694	-0.4923	311.13	71.46	65.22
2026-06-16T15:37:51.1669804+08:00	0x04	-0.2641	-0.0183	0.4878	-0.8319	295.63	345.19	27.20
2026-06-16T15:37:51.1669804+08:00	0x03	-0.1035	0.4882	0.6774	0.5404	84.50	37.66	309.34
2026-06-16T15:37:51.1669804+08:00	0x02	0.3834	0.1601	-0.6433	-0.6430	97.30	313.12	343.31
2026-06-16T15:37:51.1669804+08:00	0x08	0.0334	-0.1048	0.7440	0.6590	96.41	354.82	11.54
2026-06-16T15:37:51.1669804+08:00	0x09	0.1617	0.6552	-0.3020	0.6733	345.72	83.52	37.84
2026-06-16T15:37:51.1669804+08:00	0x07	0.6212	0.2970	-0.7167	0.1109	165.28	273.60	34.30
2026-06-16T15:37:51.1669804+08:00	0x03	-0.0838	0.5171	0.6709	0.5248	82.11	43.64	308.57
2026-06-16T15:37:51.1679778+08:00	0x04	-0.2640	-0.0180	0.4880	-0.8318	295.60	345.17	27.18
2026-06-16T15:37:51.1679778+08:00	0x02	0.3918	0.1703	-0.6300	-0.6485	96.06	311.62	342.93
2026-06-16T15:37:51.1679778+08:00	0x06	-0.1517	-0.0974	-0.4394	0.8800	307.36	357.66	339.35
2026-06-16T15:37:51.1679778+08:00	0x09	0.1635	0.6555	-0.3028	0.6722	345.82	83.64	38.08
2026-06-16T15:37:51.1679778+08:00	0x07	0.6214	0.2958	-0.7170	0.1112	165.42	273.66	34.21
2026-06-16T15:37:51.1679778+08:00	0x04	-0.3818	0.2466	-0.2787	-0.8460	27.11	340.79	51.57
2026-06-16T15:37:51.1679778+08:00	0x02	0.3904	0.1697	-0.6286	-0.6509	95.71	311.86	342.85
2026-06-16T15:37:51.1679778+08:00	0x06	-0.1510	-0.0980	-0.4391	0.8802	307.42	357.56	339.40
2026-06-16T15:37:51.1679778+08:00	0x09	0.1640	0.6554	-0.3038	0.6718	345.76	83.63	38.22
2026-06-16T15:37:51.1679778+08:00	0x07	0.6212	0.2959	-0.7170	0.1115	165.44	273.68	34.25
2026-06-16T15:37:51.1679778+08:00	0x03	-0.1319	0.5121	0.7513	0.3949	109.65	25.08	299.11
2026-06-16T15:37:51.1679778+08:00	0x01	-0.2000	-0.6451	0.5713	-0.4663	314.22	76.79	67.46
2026-06-16T15:37:51.1679778+08:00	0x02	0.3916	0.1712	-0.6256	-0.6526	95.38	311.65	342.72
2026-06-16T15:37:51.1679778+08:00	0x06	-0.1512	-0.0984	-0.4392	0.8801	307.40	357.53	339.35
2026-06-16T15:37:51.1679778+08:00	0x09	0.1633	0.6553	-0.3046	0.6717	345.62	83.58	38.21
2026-06-16T15:37:51.1679778+08:00	0x07	0.6220	0.2946	-0.7170	0.1108	165.48	273.65	34.07
2026-06-16T15:37:51.1679778+08:00	0x03	-0.0142	0.4940	0.6178	0.6116	72.34	48.92	321.12
2026-06-16T15:37:51.1679778+08:00	0x02	0.3878	0.1647	-0.6292	-0.6532	95.56	312.53	342.58
2026-06-16T15:37:51.1679778+08:00	0x08	0.0317	-0.1030	0.7439	0.6595	96.37	354.81	11.25
2026-06-16T15:37:51.1679778+08:00	0x09	0.1656	0.6545	-0.3055	0.6714	345.69	83.52	38.48
2026-06-16T15:37:51.1679778+08:00	0x07	0.6209	0.2970	-0.7169	0.1111	165.30	273.65	34.32
2026-06-16T15:37:51.1679778+08:00	0x04	-0.3514	0.2688	-0.2524	-0.8606	21.42	334.88	47.77
2026-06-16T15:37:51.1679778+08:00	0x03	-0.1116	0.5029	0.6477	0.5613	77.53	41.83	309.03
2026-06-16T15:37:51.1679778+08:00	0x02	0.3897	0.1642	-0.6280	-0.6533	95.57	312.38	342.36
2026-06-16T15:37:51.1679778+08:00	0x08	0.0325	-0.1021	0.7436	0.6600	96.32	354.94	11.24
2026-06-16T15:37:51.1679778+08:00	0x06	-0.1515	-0.0970	-0.4378	0.8809	307.57	357.65	339.40
2026-06-16T15:37:51.1679778+08:00	0x09	0.1675	0.6543	-0.3065	0.6707	345.75	83.55	38.75
2026-06-16T15:37:51.1679778+08:00	0x07	0.6208	0.2976	-0.7168	0.1107	165.20	273.61	34.34
2026-06-16T15:37:51.1679778+08:00	0x03	-0.1025	0.5132	0.6384	0.5644	75.08	44.76	309.56
2026-06-16T15:37:51.1679778+08:00	0x04	-0.3712	0.1513	0.6013	-0.6913	270.09	316.00	19.34
2026-06-16T15:37:51.1679778+08:00	0x02	0.3910	0.1673	-0.6266	-0.6531	95.48	312.02	342.48
2026-06-16T15:37:51.1679778+08:00	0x06	-0.1517	-0.0967	-0.4378	0.8809	307.56	357.70	339.39
2026-06-16T15:37:51.1679778+08:00	0x09	0.1682	0.6542	-0.3074	0.6702	345.72	83.56	38.88
2026-06-16T15:37:51.1679778+08:00	0x07	0.6208	0.2978	-0.7167	0.1108	165.20	273.61	34.36
2026-06-16T15:37:51.1679778+08:00	0x03	-0.0994	0.5148	0.6361	0.5661	74.52	45.40	309.88
2026-06-16T15:37:51.1679778+08:00	0x06	-0.1517	-0.0967	-0.4379	0.8808	307.54	357.71	339.39
2026-06-16T15:37:51.1679778+08:00	0x02	0.3909	0.1667	-0.6259	-0.6539	95.36	312.09	342.39
2026-06-16T15:37:51.1679778+08:00	0x09	0.1693	0.6539	-0.3084	0.6698	345.70	83.54	39.06
2026-06-16T15:37:51.1679778+08:00	0x07	0.6207	0.2979	-0.7167	0.1110	165.21	273.61	34.39
2026-06-16T15:37:51.1679778+08:00	0x01	-0.1990	-0.6305	0.5724	-0.4850	311.10	71.85	66.18
2026-06-16T15:37:51.1679778+08:00	0x04	-0.3880	0.1052	0.5162	-0.7563	280.90	320.41	28.57
2026-06-16T15:37:51.1679778+08:00	0x08	0.0319	-0.1021	0.7441	0.6594	96.40	354.90	11.19
2026-06-16T15:37:51.1679778+08:00	0x02	0.3912	0.1661	-0.6253	-0.6545	95.31	312.11	342.28
2026-06-16T15:37:51.1679778+08:00	0x09	0.1703	0.6537	-0.3091	0.6694	345.71	83.52	39.21
2026-06-16T15:37:51.1679778+08:00	0x07	0.6205	0.2981	-0.7168	0.1114	165.23	273.63	34.44
2026-06-16T15:37:51.1679778+08:00	0x04	-0.3918	0.0933	0.4894	-0.7735	284.45	322.00	30.99
2026-06-16T15:37:51.1679778+08:00	0x03	-0.0954	0.5176	0.6326	0.5682	73.69	46.34	310.25
2026-06-16T15:37:51.1679778+08:00	0x02	0.3915	0.1660	-0.6252	-0.6544	95.33	312.08	342.25
2026-06-16T15:37:51.1679778+08:00	0x06	-0.1519	-0.0961	-0.4384	0.8806	307.46	357.80	339.40
2026-06-16T15:37:51.1679778+08:00	0x09	0.1711	0.6528	-0.3105	0.6694	345.59	83.38	39.39
2026-06-16T15:37:51.1679778+08:00	0x07	0.6210	0.2980	-0.7163	0.1116	165.23	273.54	34.44
2026-06-16T15:37:51.1679778+08:00	0x04	-0.2648	0.0296	0.3618	-0.8934	312.08	344.09	26.85
2026-06-16T15:37:51.1679778+08:00	0x01	-0.2063	-0.6265	0.5698	-0.4902	311.50	71.08	66.37
2026-06-16T15:37:51.1679778+08:00	0x03	-0.0338	0.4711	0.6715	0.5710	82.56	41.66	317.83
2026-06-16T15:37:51.1679778+08:00	0x08	0.0331	-0.1046	0.7449	0.6581	96.56	354.83	11.50
2026-06-16T15:37:51.1679778+08:00	0x09	0.1676	0.6529	-0.3140	0.6686	344.93	83.23	39.36
2026-06-16T15:37:51.1679778+08:00	0x07	0.6204	0.2988	-0.7164	0.1123	165.23	273.59	34.57
2026-06-16T15:37:51.1679778+08:00	0x04	-0.1858	-0.0414	0.4200	-0.8873	308.38	354.90	21.38
2026-06-16T15:37:51.1679778+08:00	0x01	-0.2062	-0.6276	0.5656	-0.4936	312.55	71.76	66.00
2026-06-16T15:37:51.1679778+08:00	0x03	-0.0765	0.4763	0.7383	0.4714	99.28	32.16	309.16
2026-06-16T15:37:51.1679778+08:00	0x08	0.0303	-0.1079	0.7448	0.6578	96.53	354.33	11.58
2026-06-16T15:37:51.1689748+08:00	0x09	0.1683	0.6526	-0.3163	0.6676	344.74	83.17	39.61
2026-06-16T15:37:51.1689748+08:00	0x07	0.6201	0.2991	-0.7166	0.1116	165.16	273.62	34.54
2026-06-16T15:37:51.1689748+08:00	0x04	-0.1894	-0.0099	0.4375	-0.8790	305.48	350.92	19.97
2026-06-16T15:37:51.1689748+08:00	0x03	-0.1003	0.4317	0.7857	0.4315	113.31	19.49	310.09
2026-06-16T15:37:51.1689748+08:00	0x06	-0.1545	-0.0950	-0.4389	0.8801	307.35	358.06	339.19
2026-06-16T15:37:51.1689748+08:00	0x08	0.0312	-0.1054	0.7430	0.6602	96.21	354.57	11.41
2026-06-16T15:37:51.1689748+08:00	0x09	0.1706	0.6529	-0.3162	0.6669	345.00	83.32	39.82
2026-06-16T15:37:51.1689748+08:00	0x07	0.6195	0.3000	-0.7167	0.1122	165.14	273.66	34.68
2026-06-16T15:37:51.1689748+08:00	0x04	-0.2579	0.0207	0.4733	-0.8420	297.41	342.15	24.51
2026-06-16T15:37:51.1689748+08:00	0x01	-0.2144	-0.6294	0.5673	-0.4859	313.22	72.54	67.29
2026-06-16T15:37:51.1689748+08:00	0x06	-0.1532	-0.0967	-0.4396	0.8797	307.30	357.82	339.23
2026-06-16T15:37:51.1689748+08:00	0x02	0.4045	0.1825	-0.6108	-0.6557	94.43	309.56	342.09
2026-06-16T15:37:51.1689748+08:00	0x09	0.1715	0.6520	-0.3174	0.6669	344.89	83.18	39.98
2026-06-16T15:37:51.1689748+08:00	0x07	0.6204	0.2991	-0.7162	0.1126	165.23	273.58	34.63
2026-06-16T15:37:51.1689748+08:00	0x04	-0.1866	0.1555	0.2692	-0.9319	324.52	336.13	15.31
2026-06-16T15:37:51.1689748+08:00	0x01	-0.2113	-0.6471	0.5646	-0.4667	317.13	78.67	68.12
2026-06-16T15:37:51.1689748+08:00	0x06	-0.1519	-0.0983	-0.4373	0.8809	307.65	357.53	339.30
2026-06-16T15:37:51.1689748+08:00	0x08	0.0312	-0.1038	0.7429	0.6605	96.20	354.69	11.27
2026-06-16T15:37:51.1689748+08:00	0x03	0.0363	0.4425	0.6865	0.5758	86.19	42.73	325.55
2026-06-16T15:37:51.1689748+08:00	0x09	0.1735	0.6521	-0.3171	0.6664	345.12	83.30	40.15
2026-06-16T15:37:51.1689748+08:00	0x07	0.6208	0.2952	-0.7172	0.1146	165.80	273.82	34.45
2026-06-16T15:37:51.1689748+08:00	0x04	-0.1890	0.1516	0.2757	-0.9302	323.71	336.36	15.54
2026-06-16T15:37:51.1689748+08:00	0x03	0.1734	0.4702	0.8114	0.3010	120.04	48.59	318.81
2026-06-16T15:37:51.1689748+08:00	0x08	0.0285	-0.0980	0.7444	0.6599	96.41	354.93	10.57
2026-06-16T15:37:51.1689748+08:00	0x06	-0.1444	-0.1069	-0.4400	0.8798	307.53	356.26	339.62
2026-06-16T15:37:51.1689748+08:00	0x07	0.6220	0.2916	-0.7172	0.1172	166.36	273.90	34.33
2026-06-16T15:37:51.1689748+08:00	0x01	-0.2110	-0.6995	0.5737	-0.3702	332.86	103.79	73.50
2026-06-16T15:37:51.1689748+08:00	0x04	0.0432	0.3786	-0.1595	-0.9107	18.88	315.26	2.41
2026-06-16T15:37:51.1689748+08:00	0x08	0.0249	-0.0947	0.7460	0.6588	96.66	354.89	10.03
2026-06-16T15:37:51.1689748+08:00	0x06	-0.1403	-0.1098	-0.4390	0.8806	307.77	355.71	339.90
2026-06-16T15:37:51.1689748+08:00	0x07	0.6220	0.2913	-0.7173	0.1173	166.41	273.92	34.32
2026-06-16T15:37:51.1689748+08:00	0x04	0.1904	0.3178	-0.1104	-0.9223	19.77	319.11	343.68
2026-06-16T15:37:51.1689748+08:00	0x03	0.1695	0.4701	0.8089	0.3099	118.99	48.48	319.05
2026-06-16T15:37:51.1689748+08:00	0x06	-0.1399	-0.1097	-0.4400	0.8802	307.64	355.73	339.95
2026-06-16T15:37:51.1689748+08:00	0x09	0.1719	0.6537	-0.3144	0.6665	345.34	83.55	39.81
2026-06-16T15:37:51.1689748+08:00	0x07	0.6218	0.2916	-0.7174	0.1171	166.37	273.93	34.33
2026-06-16T15:37:51.1689748+08:00	0x04	0.0602	-0.0619	0.0281	-0.9959	356.33	7.33	353.32
2026-06-16T15:37:51.1689748+08:00	0x02	0.4061	0.1955	-0.5950	-0.6654	92.29	308.61	342.07
2026-06-16T15:37:51.1689748+08:00	0x06	-0.1405	-0.1088	-0.4413	0.8796	307.44	355.88	339.93
2026-06-16T15:37:51.1689748+08:00	0x09	0.1749	0.6530	-0.3154	0.6659	345.47	83.54	40.16
2026-06-16T15:37:51.1689748+08:00	0x07	0.6219	0.2919	-0.7173	0.1166	166.29	273.90	34.31
2026-06-16T15:37:51.1689748+08:00	0x04	-0.0937	-0.0576	0.1820	-0.9771	339.37	4.59	11.77
2026-06-16T15:37:51.1689748+08:00	0x03	0.0900	0.2849	0.9116	0.2823	140.16	21.58	332.06
2026-06-16T15:37:51.1689748+08:00	0x08	0.0266	-0.0969	0.7430	0.6617	96.16	354.82	10.32
2026-06-16T15:37:51.1689748+08:00	0x02	0.4080	0.1923	-0.5937	-0.6664	92.29	308.68	341.61
2026-06-16T15:37:51.1689748+08:00	0x06	-0.1426	-0.1067	-0.4417	0.8793	307.32	356.24	339.82
2026-06-16T15:37:51.1689748+08:00	0x09	0.1764	0.6525	-0.3168	0.6654	345.45	83.50	40.41
2026-06-16T15:37:51.1689748+08:00	0x07	0.6211	0.2935	-0.7175	0.1152	166.03	273.90	34.35
2026-06-16T15:37:51.1689748+08:00	0x01	-0.2021	-0.6734	0.5784	-0.4137	320.36	87.98	71.12
2026-06-16T15:37:51.1689748+08:00	0x04	-0.1177	0.0765	0.2823	-0.9490	325.74	347.57	10.38
2026-06-16T15:37:51.1689748+08:00	0x08	0.0292	-0.0979	0.7421	0.6624	96.03	354.96	10.61
2026-06-16T15:37:51.1689748+08:00	0x06	-0.1459	-0.1040	-0.4416	0.8791	307.25	356.69	339.62
2026-06-16T15:37:51.1689748+08:00	0x02	0.4054	0.1866	-0.5941	-0.6693	92.09	309.44	341.29
2026-06-16T15:37:51.1689748+08:00	0x09	0.1773	0.6522	-0.3187	0.6646	345.31	83.45	40.64
2026-06-16T15:37:51.1689748+08:00	0x07	0.6207	0.2943	-0.7175	0.1153	165.98	273.90	34.44
2026-06-16T15:37:51.1689748+08:00	0x01	-0.2065	-0.6757	0.5751	-0.4124	322.38	89.73	71.35
2026-06-16T15:37:51.1699726+08:00	0x03	-0.0487	0.3019	0.7725	0.5566	103.42	17.78	328.63
2026-06-16T15:37:51.1699726+08:00	0x06	-0.1466	-0.1029	-0.4414	0.8793	307.25	356.84	339.60
2026-06-16T15:37:51.1699726+08:00	0x09	0.1803	0.6516	-0.3193	0.6641	345.50	83.47	40.96
2026-06-16T15:37:51.1699726+08:00	0x04	-0.1388	0.1774	0.5008	-0.8357	297.42	334.14	3.12
2026-06-16T15:37:51.1699726+08:00	0x08	0.0293	-0.0975	0.7438	0.6606	96.32	355.02	10.59
2026-06-16T15:37:51.1699726+08:00	0x03	0.0110	0.3580	0.7197	0.5948	92.39	30.71	329.85
2026-06-16T15:37:51.1699726+08:00	0x07	0.6205	0.2946	-0.7175	0.1154	165.96	273.92	34.47
2026-06-16T15:37:51.1699726+08:00	0x04	-0.1484	0.1710	0.4872	-0.8434	298.88	334.25	4.80
2026-06-16T15:37:51.1699726+08:00	0x01	-0.2106	-0.6859	0.5734	-0.3954	327.02	95.63	72.40
2026-06-16T15:37:51.1699726+08:00	0x03	0.0036	0.3408	0.7170	0.6081	91.84	28.66	331.03
2026-06-16T15:37:51.1699726+08:00	0x02	0.4206	0.1959	-0.5808	-0.6689	91.73	307.18	340.42
2026-06-16T15:37:51.1699726+08:00	0x09	0.1802	0.6519	-0.3209	0.6630	345.36	83.51	41.09
2026-06-16T15:37:51.1699726+08:00	0x04	-0.0309	0.3133	0.3770	-0.8711	316.55	324.63	349.48
2026-06-16T15:37:51.1699726+08:00	0x03	0.0710	0.4639	0.7983	0.3775	113.06	39.64	316.61
2026-06-16T15:37:51.1699726+08:00	0x02	0.4217	0.1949	-0.5786	-0.6704	91.52	307.19	340.13
2026-06-16T15:37:51.1699726+08:00	0x06	-0.1430	-0.1090	-0.4425	0.8786	307.25	356.03	339.65
2026-06-16T15:37:51.1699726+08:00	0x09	0.1803	0.6514	-0.3221	0.6629	345.20	83.41	41.20
2026-06-16T15:37:51.1699726+08:00	0x07	0.6205	0.2914	-0.7184	0.1179	166.53	274.18	34.41
2026-06-16T15:37:51.1699726+08:00	0x04	-0.0178	0.2839	0.1889	-0.9399	338.51	327.19	355.76
2026-06-16T15:37:51.1699726+08:00	0x01	-0.2204	-0.6906	0.5679	-0.3898	331.78	100.05	72.99
2026-06-16T15:37:51.1699726+08:00	0x03	0.0187	0.4499	0.8727	0.1887	146.54	18.81	308.90
2026-06-16T15:37:51.1699726+08:00	0x08	0.0262	-0.0940	0.7470	0.6576	96.85	355.07	10.07
2026-06-16T15:37:51.1699726+08:00	0x06	-0.1403	-0.1126	-0.4447	0.8774	307.04	355.55	339.74
2026-06-16T15:37:51.1699726+08:00	0x09	0.1824	0.6505	-0.3211	0.6636	345.44	83.34	41.30
2026-06-16T15:37:51.1699726+08:00	0x07	0.6213	0.2892	-0.7183	0.1199	166.90	274.21	34.36
2026-06-16T15:37:51.1699726+08:00	0x04	-0.0020	0.2778	0.1888	-0.9419	338.99	328.21	354.20
2026-06-16T15:37:51.1699726+08:00	0x01	-0.2160	-0.6984	0.5668	-0.3799	333.95	103.52	72.90
2026-06-16T15:37:51.1699726+08:00	0x02	0.4214	0.1979	-0.5718	-0.6755	90.55	307.10	339.94
2026-06-16T15:37:51.1699726+08:00	0x06	-0.1404	-0.1123	-0.4433	0.8782	307.23	355.55	339.75
2026-06-16T15:37:51.1699726+08:00	0x09	0.1830	0.6507	-0.3223	0.6627	345.39	83.40	41.46
2026-06-16T15:37:51.1699726+08:00	0x04	0.0075	0.2809	0.1791	-0.9429	340.38	327.96	353.41
2026-06-16T15:37:51.1699726+08:00	0x01	-0.2162	-0.7075	0.5668	-0.3626	338.29	109.43	73.49
2026-06-16T15:37:51.1699726+08:00	0x03	0.0207	0.4331	0.8886	0.1496	153.93	14.93	310.23
2026-06-16T15:37:51.1699726+08:00	0x06	-0.1394	-0.1130	-0.4438	0.8780	307.18	355.44	339.82
2026-06-16T15:37:51.1699726+08:00	0x09	0.1838	0.6503	-0.3226	0.6627	345.41	83.36	41.55
2026-06-16T15:37:51.1699726+08:00	0x04	0.1965	0.2649	0.2393	-0.9132	337.61	333.52	330.95
2026-06-16T15:37:51.1699726+08:00	0x07	0.6217	0.2900	-0.7177	0.1200	166.81	274.10	34.44
2026-06-16T15:37:51.1699726+08:00	0x01	-0.2042	-0.7139	0.5558	-0.3739	337.45	108.50	71.12
2026-06-16T15:37:51.1699726+08:00	0x03	0.2279	0.4099	0.8790	0.0858	152.51	40.07	317.04
2026-06-16T15:37:51.1699726+08:00	0x06	-0.1378	-0.1123	-0.4422	0.8791	307.41	355.39	340.03
2026-06-16T15:37:51.1699726+08:00	0x09	0.1799	0.6505	-0.3237	0.6631	344.95	83.21	41.28
2026-06-16T15:37:51.1699726+08:00	0x07	0.6219	0.2915	-0.7168	0.1203	166.66	273.95	34.58
2026-06-16T15:37:51.1699726+08:00	0x04	0.1909	0.2655	0.2376	-0.9146	337.74	333.32	331.61
2026-06-16T15:37:51.1699726+08:00	0x08	0.0072	-0.1068	0.7519	0.6505	97.63	352.53	9.79
2026-06-16T15:37:51.1699726+08:00	0x02	0.2663	0.3458	-0.5193	-0.7347	71.40	308.27	358.15
2026-06-16T15:37:51.1699726+08:00	0x06	-0.1344	-0.1179	-0.4490	0.8755	306.61	354.77	340.05
2026-06-16T15:37:51.1699726+08:00	0x07	0.6231	0.2816	-0.7193	0.1227	167.86	274.48	33.92
2026-06-16T15:37:51.1699726+08:00	0x04	0.4411	0.1776	0.0743	-0.8766	2.52	335.84	306.90
2026-06-16T15:37:51.1699726+08:00	0x08	0.0184	-0.0986	0.7438	0.6608	96.25	354.01	9.85
2026-06-16T15:37:51.1699726+08:00	0x01	-0.2045	-0.7137	0.5561	-0.3735	337.47	108.52	71.19
2026-06-16T15:37:51.1699726+08:00	0x06	-0.1379	-0.1144	-0.4443	0.8778	307.16	355.21	339.90
2026-06-16T15:37:51.1699726+08:00	0x09	0.1798	0.6506	-0.3278	0.6611	344.52	83.17	41.62
2026-06-16T15:37:51.1699726+08:00	0x07	0.6223	0.2866	-0.7182	0.1210	167.22	274.23	34.22
2026-06-16T15:37:51.1699726+08:00	0x04	-0.0555	0.3521	0.6229	-0.6964	283.50	323.13	338.82
2026-06-16T15:37:51.1699726+08:00	0x03	0.2219	0.4109	0.8799	0.0878	152.49	39.37	316.83
2026-06-16T15:37:51.1699726+08:00	0x08	0.0197	-0.0980	0.7425	0.6624	96.02	354.14	9.88
2026-06-16T15:37:51.1699726+08:00	0x02	0.2290	0.2523	-0.8235	-0.4537	118.12	321.72	11.99
2026-06-16T15:37:51.1699726+08:00	0x06	-0.1376	-0.1155	-0.4442	0.8777	307.18	355.08	339.87
2026-06-16T15:37:51.1699726+08:00	0x09	0.1798	0.6507	-0.3283	0.6607	344.49	83.19	41.67
2026-06-16T15:37:51.1709696+08:00	0x07	0.6238	0.2838	-0.7178	0.1228	167.61	274.20	34.10
2026-06-16T15:37:51.1709696+08:00	0x04	-0.1040	0.3364	0.6012	-0.7174	285.33	321.06	345.22
2026-06-16T15:37:51.1709696+08:00	0x08	0.0201	-0.0975	0.7424	0.6625	96.00	354.21	9.87
2026-06-16T15:37:51.1709696+08:00	0x03	-0.0064	0.4207	0.4803	0.7696	53.73	44.80	335.55
2026-06-16T15:37:51.1709696+08:00	0x01	0.0380	-0.5759	0.4249	-0.6974	314.98	68.22	25.88
2026-06-16T15:37:51.1709696+08:00	0x06	-0.1354	-0.1191	-0.4488	0.8753	306.66	354.68	339.89
2026-06-16T15:37:51.1709696+08:00	0x09	0.1837	0.6497	-0.3277	0.6609	344.83	83.18	41.96
2026-06-16T15:37:51.1709696+08:00	0x07	0.6253	0.2804	-0.7179	0.1226	167.87	274.19	33.77
2026-06-16T15:37:51.1709696+08:00	0x04	-0.1026	0.3369	0.6018	-0.7168	285.28	321.12	345.02
2026-06-16T15:37:51.1709696+08:00	0x08	0.0289	-0.1018	0.7386	0.6658	95.42	354.57	10.89
2026-06-16T15:37:51.1709696+08:00	0x01	0.0026	-0.5035	0.5266	-0.6850	301.60	54.55	31.78
2026-06-16T15:37:51.1709696+08:00	0x02	0.2307	0.2559	-0.8163	-0.4636	116.66	321.16	11.76
2026-06-16T15:37:51.1709696+08:00	0x03	-0.2373	0.6104	0.6618	0.3648	86.62	42.73	281.16
2026-06-16T15:37:51.1709696+08:00	0x06	-0.1516	-0.0978	-0.4419	0.8787	307.03	357.68	339.33
2026-06-16T15:37:51.1709696+08:00	0x09	0.1811	0.6498	-0.3347	0.6580	343.90	83.02	42.32
2026-06-16T15:37:51.1709696+08:00	0x07	0.6193	0.2992	-0.7174	0.1111	165.15	273.75	34.53
2026-06-16T15:37:51.1709696+08:00	0x04	-0.2121	0.5201	-0.0494	-0.8259	351.26	293.77	23.68
2026-06-16T15:37:51.1709696+08:00	0x08	0.0325	-0.1065	0.7361	0.6676	95.03	354.47	11.55
2026-06-16T15:37:51.1709696+08:00	0x01	-0.0201	-0.5254	0.5668	-0.6342	297.06	55.21	38.40
2026-06-16T15:37:51.1709696+08:00	0x06	-0.1609	-0.0849	-0.4286	0.8850	308.46	359.24	339.05
2026-06-16T15:37:51.1709696+08:00	0x09	0.1914	0.6472	-0.3362	0.6568	344.54	82.97	43.37
2026-06-16T15:37:51.1709696+08:00	0x07	0.6140	0.3102	-0.7178	0.1074	163.87	273.76	35.26
2026-06-16T15:37:51.1709696+08:00	0x04	-0.2527	0.5654	-0.0569	-0.7831	347.21	285.22	27.40
2026-06-16T15:37:51.1709696+08:00	0x08	0.0325	-0.1053	0.7371	0.6668	95.19	354.58	11.46
2026-06-16T15:37:51.1709696+08:00	0x03	-0.2321	0.6071	0.6578	0.3805	83.02	45.29	282.73
2026-06-16T15:37:51.1709696+08:00	0x06	-0.1619	-0.0819	-0.4292	0.8848	308.32	359.63	339.09
2026-06-16T15:37:51.1709696+08:00	0x09	0.1946	0.6466	-0.3365	0.6564	344.75	83.00	43.68
2026-06-16T15:37:51.1709696+08:00	0x07	0.6136	0.3136	-0.7168	0.1064	163.43	273.54	35.47
2026-06-16T15:37:51.1709696+08:00	0x04	-0.2522	0.5614	-0.0694	-0.7851	348.59	285.98	28.29
2026-06-16T15:37:51.1709696+08:00	0x08	0.0349	-0.1037	0.7378	0.6661	95.33	354.93	11.51
2026-06-16T15:37:51.1709696+08:00	0x02	0.3756	0.0801	-0.8823	-0.2722	147.21	314.94	356.38
2026-06-16T15:37:51.1709696+08:00	0x01	-0.0699	-0.4988	0.6121	-0.6096	289.60	46.69	44.10
2026-06-16T15:37:51.1709696+08:00	0x06	-0.1647	-0.0777	-0.4275	0.8855	308.42	0.20	339.02
2026-06-16T15:37:51.1709696+08:00	0x03	-0.3246	0.5988	0.6736	0.2869	181.06	307.60	276.79
2026-06-16T15:37:51.1709696+08:00	0x04	-0.2429	0.5685	-0.0546	-0.7841	347.73	285.24	26.30
2026-06-16T15:37:51.1709696+08:00	0x08	0.0346	-0.1041	0.7396	0.6641	95.64	354.90	11.54
2026-06-16T15:37:51.1709696+08:00	0x07	0.6122	0.3176	-0.7164	0.1055	162.96	273.44	35.75
2026-06-16T15:37:51.1709696+08:00	0x01	-0.0716	-0.4949	0.6154	-0.6093	288.88	45.85	44.14
2026-06-16T15:37:51.1709696+08:00	0x06	-0.1646	-0.0779	-0.4287	0.8849	308.26	0.20	339.02
2026-06-16T15:37:51.1709696+08:00	0x07	0.6118	0.3179	-0.7166	0.1056	162.96	273.48	35.79
2026-06-16T15:37:51.1709696+08:00	0x04	-0.2398	0.5687	-0.0516	-0.7851	347.70	285.34	25.80
2026-06-16T15:37:51.1709696+08:00	0x08	0.0350	-0.1040	0.7405	0.6630	95.81	354.96	11.57
2026-06-16T15:37:51.1709696+08:00	0x03	-0.3352	0.5855	0.6839	0.2777	184.52	303.94	279.25
2026-06-16T15:37:51.1709696+08:00	0x06	-0.1646	-0.0776	-0.4299	0.8844	308.10	0.26	339.03
2026-06-16T15:37:51.1709696+08:00	0x09	0.1987	0.6453	-0.3393	0.6550	344.78	82.93	44.27
2026-06-16T15:37:51.1709696+08:00	0x07	0.6116	0.3186	-0.7164	0.1058	162.91	273.45	35.87
2026-06-16T15:37:51.1709696+08:00	0x04	-0.2291	0.5779	-0.0456	-0.7820	347.75	284.42	24.27
2026-06-16T15:37:51.1709696+08:00	0x08	0.0374	-0.1051	0.7421	0.6609	96.12	355.12	11.86
2026-06-16T15:37:51.1709696+08:00	0x02	0.4110	0.0229	-0.8865	-0.2114	156.60	311.84	352.35
2026-06-16T15:37:51.1709696+08:00	0x06	-0.1616	-0.0776	-0.4291	0.8853	308.27	0.08	339.34
2026-06-16T15:37:51.1709696+08:00	0x09	0.1980	0.6455	-0.3409	0.6542	344.56	82.91	44.36
2026-06-16T15:37:51.1709696+08:00	0x07	0.6131	0.3201	-0.7142	0.1075	162.80	273.07	36.08
2026-06-16T15:37:51.1709696+08:00	0x08	0.0363	-0.1043	0.7427	0.6604	96.21	355.08	11.70
2026-06-16T15:37:51.1709696+08:00	0x03	-0.0088	0.5794	0.7945	0.1818	133.29	30.91	292.51
2026-06-16T15:37:51.1709696+08:00	0x09	0.1980	0.6455	-0.3421	0.6535	344.43	82.90	44.47
2026-06-16T15:37:51.1709696+08:00	0x04	-0.2294	0.5776	-0.0458	-0.7821	347.75	284.45	24.32
2026-06-16T15:37:51.1709696+08:00	0x07	0.6124	0.3127	-0.7179	0.1087	163.79	273.83	35.60
2026-06-16T15:37:51.1709696+08:00	0x08	0.0260	-0.0960	0.7428	0.6621	96.11	354.84	10.20
2026-06-16T15:37:51.1719673+08:00	0x06	-0.1443	-0.0945	-0.4343	0.8841	308.11	357.46	340.29
2026-06-16T15:37:51.1719673+08:00	0x03	-0.0188	0.5807	0.7926	0.1851	133.44	29.67	291.96
2026-06-16T15:37:51.1719673+08:00	0x09	0.2014	0.6472	-0.3377	0.6531	345.36	83.47	44.44
2026-06-16T15:37:51.1719673+08:00	0x07	0.6112	0.3137	-0.7181	0.1114	163.98	273.97	35.92
2026-06-16T15:37:51.1719673+08:00	0x08	0.0243	-0.0923	0.7422	0.6633	96.00	354.97	9.74
2026-06-16T15:37:51.1719673+08:00	0x01	-0.0016	-0.6328	0.5972	-0.4929	296.04	72.24	49.24
2026-06-16T15:37:51.1719673+08:00	0x03	0.0674	0.4146	0.7258	0.5448	94.23	40.34	328.10
2026-06-16T15:37:51.1719673+08:00	0x09	0.2034	0.6466	-0.3373	0.6533	345.55	83.47	44.58
2026-06-16T15:37:51.1719673+08:00	0x04	-0.0515	0.3460	-0.1163	-0.9296	10.58	320.11	10.15
2026-06-16T15:37:51.1719673+08:00	0x08	0.0291	-0.0958	0.7433	0.6615	96.22	355.13	10.43
2026-06-16T15:37:51.1719673+08:00	0x03	-0.0365	0.4425	0.6634	0.6023	81.31	38.66	320.87
2026-06-16T15:37:51.1719673+08:00	0x06	-0.1522	-0.0873	-0.4362	0.8825	307.63	358.70	339.82
2026-06-16T15:37:51.1719673+08:00	0x09	0.1988	0.6487	-0.3383	0.6521	345.17	83.64	44.28
2026-06-16T15:37:51.1719673+08:00	0x07	0.6133	0.3142	-0.7164	0.1096	163.65	273.56	35.77
2026-06-16T15:37:51.1719673+08:00	0x04	-0.2090	0.1707	0.7011	-0.6600	265.95	328.75	2.09
2026-06-16T15:37:51.1719673+08:00	0x08	0.0263	-0.1066	0.7496	0.6527	97.34	354.17	11.19
2026-06-16T15:37:51.1719673+08:00	0x03	-0.1050	0.4032	0.6188	0.6659	74.00	31.95	320.29
2026-06-16T15:37:51.1719673+08:00	0x06	-0.1544	-0.0896	-0.4380	0.8811	307.39	358.61	339.48
2026-06-16T15:37:51.1719673+08:00	0x09	0.1945	0.6469	-0.3482	0.6500	343.57	82.93	44.69
2026-06-16T15:37:51.1719673+08:00	0x07	0.6127	0.3121	-0.7176	0.1107	164.02	273.84	35.70
2026-06-16T15:37:51.1719673+08:00	0x04	-0.2687	0.0966	0.6923	-0.6627	263.94	329.14	12.85
2026-06-16T15:37:51.1719673+08:00	0x08	0.0324	-0.1030	0.7443	0.6591	96.44	354.87	11.30
2026-06-16T15:37:51.1719673+08:00	0x03	-0.0952	0.4076	0.6152	0.6680	73.19	33.35	321.05
2026-06-16T15:37:51.1719673+08:00	0x01	-0.0036	-0.5332	0.5712	-0.6241	296.10	56.88	37.85
2026-06-16T15:37:51.1719673+08:00	0x02	0.3852	0.0166	-0.8468	-0.3663	139.11	316.59	345.28
2026-06-16T15:37:51.1719673+08:00	0x09	0.2034	0.6441	-0.3466	0.6508	344.39	82.85	45.34
2026-06-16T15:37:51.1719673+08:00	0x04	-0.2503	0.0311	0.6289	-0.7354	275.08	337.55	19.21
2026-06-16T15:37:51.1719673+08:00	0x02	0.3978	0.0346	-0.8476	-0.3494	140.55	314.28	347.33
2026-06-16T15:37:51.1719673+08:00	0x06	-0.1548	-0.0895	-0.4380	0.8810	307.38	358.65	339.44
2026-06-16T15:37:51.1719673+08:00	0x01	-0.0136	-0.5340	0.5759	-0.6189	295.72	56.37	39.19
2026-06-16T15:37:51.1719673+08:00	0x07	0.6130	0.3126	-0.7172	0.1102	163.90	273.75	35.70
2026-06-16T15:37:51.1719673+08:00	0x09	0.2056	0.6433	-0.3487	0.6498	344.33	82.78	45.71
2026-06-16T15:37:51.1719673+08:00	0x04	-0.2301	0.0171	0.5993	-0.7665	280.74	341.33	19.41
2026-06-16T15:37:51.1719673+08:00	0x08	0.0336	-0.1016	0.7433	0.6604	96.27	355.08	11.27
2026-06-16T15:37:51.1719673+08:00	0x03	-0.1164	0.4366	0.6347	0.6269	76.45	34.04	315.55
2026-06-16T15:37:51.1719673+08:00	0x06	-0.1560	-0.0881	-0.4366	0.8816	307.52	358.83	339.39
2026-06-16T15:37:51.1719673+08:00	0x01	-0.0202	-0.5172	0.5871	-0.6224	293.58	53.19	39.23
2026-06-16T15:37:51.1719673+08:00	0x07	0.6122	0.3140	-0.7173	0.1098	163.76	273.76	35.80
2026-06-16T15:37:51.1719673+08:00	0x09	0.2071	0.6430	-0.3494	0.6493	344.37	82.78	45.91
2026-06-16T15:37:51.1719673+08:00	0x08	0.0332	-0.1028	0.7440	0.6594	96.40	354.96	11.34
2026-06-16T15:37:51.1719673+08:00	0x04	-0.2582	0.0354	0.5741	-0.7762	282.85	337.87	21.11
2026-06-16T15:37:51.1719673+08:00	0x03	-0.1218	0.4300	0.6229	0.6421	74.38	33.69	316.20
2026-06-16T15:37:51.1719673+08:00	0x01	-0.0462	-0.4720	0.6266	-0.6185	286.06	43.71	40.43
2026-06-16T15:37:51.1719673+08:00	0x07	0.6130	0.3136	-0.7167	0.1099	163.76	273.65	35.76
2026-06-16T15:37:51.1719673+08:00	0x04	-0.2678	0.0304	0.5410	-0.7967	287.16	338.42	23.19
2026-06-16T15:37:51.1719673+08:00	0x08	0.0327	-0.1035	0.7451	0.6581	96.59	354.88	11.38
2026-06-16T15:37:51.1719673+08:00	0x02	0.3893	-0.0219	-0.8626	-0.3222	145.75	316.63	343.22
2026-06-16T15:37:51.1719673+08:00	0x06	-0.1548	-0.0900	-0.4366	0.8817	307.58	358.56	339.42
2026-06-16T15:37:51.1719673+08:00	0x09	0.2101	0.6425	-0.3504	0.6483	344.53	82.84	46.27
2026-06-16T15:37:51.1719673+08:00	0x04	-0.2681	0.0258	0.5288	-0.8049	288.96	339.19	23.84
2026-06-16T15:37:51.1719673+08:00	0x08	0.0343	-0.1029	0.7450	0.6582	96.58	355.06	11.45
2026-06-16T15:37:51.1719673+08:00	0x03	-0.1213	0.4545	0.6102	0.6375	71.30	37.74	314.83
2026-06-16T15:37:51.1719673+08:00	0x01	-0.0486	-0.4907	0.6272	-0.6029	286.40	45.93	42.38
2026-06-16T15:37:51.1719673+08:00	0x07	0.6128	0.3137	-0.7167	0.1115	163.91	273.70	35.90
2026-06-16T15:37:51.1719673+08:00	0x09	0.2089	0.6423	-0.3516	0.6482	344.27	82.72	46.26
2026-06-16T15:37:51.1719673+08:00	0x08	0.0348	-0.1032	0.7444	0.6588	96.48	355.07	11.51
2026-06-16T15:37:51.1719673+08:00	0x03	-0.1267	0.4512	0.6147	0.6344	72.32	36.62	314.32
2026-06-16T15:37:51.1729723+08:00	0x01	-0.0471	-0.4841	0.6277	-0.6077	286.13	45.13	41.69
2026-06-16T15:37:51.1729723+08:00	0x09	0.2113	0.6416	-0.3525	0.6476	344.35	82.71	46.56
2026-06-16T15:37:51.1729723+08:00	0x04	-0.2737	0.0248	0.5044	-0.8186	292.13	339.54	25.03
2026-06-16T15:37:51.1729723+08:00	0x08	0.0348	-0.1036	0.7442	0.6589	96.46	355.03	11.54
2026-06-16T15:37:51.1729723+08:00	0x03	-0.1247	0.4556	0.6096	0.6366	71.20	37.70	314.42
2026-06-16T15:37:51.1729723+08:00	0x02	0.3748	-0.0278	-0.8791	-0.2931	149.11	318.15	344.42
2026-06-16T15:37:51.1729723+08:00	0x06	-0.1537	-0.0909	-0.4372	0.8815	307.52	358.42	339.49
2026-06-16T15:37:51.1729723+08:00	0x09	0.2126	0.6417	-0.3536	0.6465	344.39	82.78	46.78
2026-06-16T15:37:51.1729723+08:00	0x04	-0.2728	0.0235	0.4988	-0.8223	292.99	339.91	25.17
2026-06-16T15:37:51.1729723+08:00	0x08	0.0348	-0.1034	0.7443	0.6588	96.47	355.05	11.53
2026-06-16T15:37:51.1729723+08:00	0x02	0.3957	0.0393	-0.8677	-0.2983	146.18	313.91	350.34
2026-06-16T15:37:51.1729723+08:00	0x01	-0.0468	-0.5029	0.6113	-0.6093	289.58	48.60	42.21
2026-06-16T15:37:51.1729723+08:00	0x09	0.2138	0.6412	-0.3542	0.6463	344.41	82.75	46.94
2026-06-16T15:37:51.1729723+08:00	0x04	-0.2741	0.0224	0.4953	-0.8240	293.43	340.03	25.44
2026-06-16T15:37:51.1729723+08:00	0x08	0.0350	-0.1031	0.7444	0.6588	96.49	355.09	11.51
2026-06-16T15:37:51.1729723+08:00	0x03	-0.1234	0.4592	0.6089	0.6350	70.94	38.31	314.28
2026-06-16T15:37:51.1729723+08:00	0x01	-0.0456	-0.5016	0.6097	-0.6120	289.81	48.58	41.87
2026-06-16T15:37:51.1729723+08:00	0x09	0.2143	0.6410	-0.3549	0.6459	344.35	82.72	47.04
2026-06-16T15:37:51.1729723+08:00	0x04	-0.2746	0.0219	0.4910	-0.8265	294.03	340.17	25.62
2026-06-16T15:37:51.1729723+08:00	0x03	-0.1247	0.4576	0.6093	0.6355	71.06	38.00	314.27
2026-06-16T15:37:51.1729723+08:00	0x06	-0.1543	-0.0900	-0.4370	0.8815	307.52	358.54	339.46
2026-06-16T15:37:51.1729723+08:00	0x01	-0.0432	-0.5103	0.6018	-0.6129	291.41	50.34	41.85
2026-06-16T15:37:51.1729723+08:00	0x09	0.2150	0.6408	-0.3561	0.6453	344.29	82.69	47.21
2026-06-16T15:37:51.1729723+08:00	0x04	-0.2717	0.0164	0.4920	-0.8270	294.12	340.93	25.67
2026-06-16T15:37:51.1729723+08:00	0x08	0.0347	-0.1029	0.7446	0.6586	96.53	355.10	11.48
2026-06-16T15:37:51.1729723+08:00	0x02	0.3907	0.0400	-0.8544	-0.3402	141.32	314.86	348.61
2026-06-16T15:37:51.1729723+08:00	0x06	-0.1547	-0.0900	-0.4363	0.8818	307.61	358.55	339.43
2026-06-16T15:37:51.1729723+08:00	0x07	0.6113	0.3161	-0.7167	0.1128	163.82	273.75	36.22
2026-06-16T15:37:51.1729723+08:00	0x04	-0.2417	-0.0207	0.5062	-0.8276	294.12	346.59	24.90
2026-06-16T15:37:51.1729723+08:00	0x08	0.0304	-0.1050	0.7474	0.6553	96.97	354.60	11.35
2026-06-16T15:37:51.1729723+08:00	0x02	0.3957	0.0662	-0.8238	-0.4004	133.28	313.88	348.00
2026-06-16T15:37:51.1729723+08:00	0x03	-0.1262	0.3960	0.6016	0.6822	71.28	30.69	319.56
2026-06-16T15:37:51.1729723+08:00	0x06	-0.1524	-0.0963	-0.4400	0.8797	307.25	357.83	339.34
2026-06-16T15:37:51.1729723+08:00	0x07	0.6120	0.3109	-0.7179	0.1162	164.68	274.09	36.05
2026-06-16T15:37:51.1729723+08:00	0x09	0.2139	0.6412	-0.3581	0.6441	343.99	82.69	47.29
2026-06-16T15:37:51.1729723+08:00	0x08	0.0319	-0.1032	0.7466	0.6565	96.84	354.86	11.30
2026-06-16T15:37:51.1729723+08:00	0x04	-0.2354	-0.0318	0.4980	-0.8340	295.74	348.45	25.11
2026-06-16T15:37:51.1729723+08:00	0x02	0.3970	0.0724	-0.8194	-0.4070	132.26	313.54	348.19
2026-06-16T15:37:51.1729723+08:00	0x01	-0.0251	-0.5272	0.5533	-0.6444	299.37	55.81	38.00
2026-06-16T15:37:51.1729723+08:00	0x07	0.6118	0.3111	-0.7182	0.1149	164.56	274.10	35.97
2026-06-16T15:37:51.1729723+08:00	0x09	0.2141	0.6408	-0.3584	0.6442	343.95	82.63	47.33
2026-06-16T15:37:51.1729723+08:00	0x04	-0.2437	-0.0276	0.4871	-0.8382	296.86	347.74	25.81
2026-06-16T15:37:51.1729723+08:00	0x08	0.0324	-0.1025	0.7449	0.6584	96.55	354.93	11.27
2026-06-16T15:37:51.1729723+08:00	0x03	-0.1292	0.3931	0.6083	0.6773	72.59	29.72	319.21
2026-06-16T15:37:51.1729723+08:00	0x02	0.3938	0.0541	-0.8313	-0.3886	135.15	314.47	347.51
2026-06-16T15:37:51.1729723+08:00	0x01	-0.0262	-0.5205	0.5600	-0.6440	298.15	54.54	38.08
2026-06-16T15:37:51.1729723+08:00	0x07	0.6127	0.3100	-0.7181	0.1132	164.47	274.03	35.73
2026-06-16T15:37:51.1729723+08:00	0x09	0.2179	0.6400	-0.3609	0.6424	344.00	82.65	47.89
2026-06-16T15:37:51.1729723+08:00	0x04	-0.2487	-0.0181	0.4749	-0.8440	298.22	346.78	25.92
2026-06-16T15:37:51.1739686+08:00	0x08	0.0330	-0.1021	0.7447	0.6587	96.52	355.00	11.28
2026-06-16T15:37:51.1739686+08:00	0x06	-0.1536	-0.0939	-0.4397	0.8799	307.23	358.15	339.33
2026-06-16T15:37:51.1739686+08:00	0x01	-0.0306	-0.5014	0.5604	-0.6585	297.62	51.65	37.04
2026-06-16T15:37:51.1739686+08:00	0x07	0.6123	0.3101	-0.7183	0.1137	164.53	274.08	35.78
2026-06-16T15:37:51.1739686+08:00	0x09	0.2174	0.6401	-0.3613	0.6422	343.91	82.63	47.88
2026-06-16T15:37:51.1739686+08:00	0x08	0.0320	-0.1026	0.7446	0.6588	96.49	354.88	11.25
2026-06-16T15:37:51.1739686+08:00	0x03	-0.1332	0.3871	0.5948	0.6918	70.36	29.57	319.85
2026-06-16T15:37:51.1739686+08:00	0x06	-0.1528	-0.0953	-0.4389	0.8803	307.37	357.94	339.35
2026-06-16T15:37:51.1739686+08:00	0x01	-0.0291	-0.5135	0.5575	-0.6516	298.40	53.52	37.63
2026-06-16T15:37:51.1739686+08:00	0x07	0.6119	0.3109	-0.7181	0.1151	164.58	274.10	35.97
2026-06-16T15:37:51.1739686+08:00	0x09	0.2181	0.6398	-0.3613	0.6423	343.96	82.61	47.95
2026-06-16T15:37:51.1739686+08:00	0x08	0.0324	-0.1021	0.7450	0.6584	96.57	354.96	11.23
2026-06-16T15:37:51.1739686+08:00	0x03	-0.1350	0.3835	0.5972	0.6914	70.90	28.87	319.86
2026-06-16T15:37:51.1739686+08:00	0x06	-0.1519	-0.0961	-0.4393	0.8802	307.35	357.81	339.40
2026-06-16T15:37:51.1739686+08:00	0x07	0.6120	0.3109	-0.7179	0.1162	164.67	274.09	36.06
2026-06-16T15:37:51.1739686+08:00	0x09	0.2173	0.6400	-0.3605	0.6429	343.98	82.61	47.80
2026-06-16T15:37:51.1739686+08:00	0x03	-0.1378	0.3767	0.5919	0.6991	70.15	28.19	320.31
2026-06-16T15:37:51.1739686+08:00	0x08	0.0331	-0.1013	0.7452	0.6582	96.61	355.09	11.22
2026-06-16T15:37:51.1739686+08:00	0x06	-0.1520	-0.0962	-0.4387	0.8804	307.42	357.79	339.39
2026-06-16T15:37:51.1739686+08:00	0x07	0.6121	0.3106	-0.7180	0.1156	164.65	274.09	35.99
2026-06-16T15:37:51.1739686+08:00	0x09	0.2190	0.6394	-0.3617	0.6422	343.97	82.57	48.06
2026-06-16T15:37:51.1739686+08:00	0x04	-0.2472	-0.0303	0.4815	-0.8403	297.54	347.94	26.40
2026-06-16T15:37:51.1739686+08:00	0x03	-0.1356	0.3800	0.5942	0.6958	70.45	28.59	320.18
2026-06-16T15:37:51.1739686+08:00	0x02	0.3890	0.0521	-0.8385	-0.3779	136.43	315.01	348.07
2026-06-16T15:37:51.1739686+08:00	0x01	-0.0336	-0.4976	0.5564	-0.6646	298.20	51.15	36.75
2026-06-16T15:37:51.1739686+08:00	0x07	0.6124	0.3101	-0.7180	0.1154	164.67	274.08	35.92
2026-06-16T15:37:51.1739686+08:00	0x09	0.2193	0.6393	-0.3616	0.6422	344.02	82.58	48.08
2026-06-16T15:37:51.1739686+08:00	0x03	-0.1378	0.3845	0.5977	0.6899	71.00	28.76	319.48
2026-06-16T15:37:51.1739686+08:00	0x08	0.0331	-0.1009	0.7447	0.6589	96.52	355.11	11.17
2026-06-16T15:37:51.1739686+08:00	0x06	-0.1527	-0.0952	-0.4387	0.8804	307.40	357.94	339.36
2026-06-16T15:37:51.1739686+08:00	0x07	0.6118	0.3111	-0.7180	0.1158	164.62	274.10	36.04
2026-06-16T15:37:51.1739686+08:00	0x09	0.2206	0.6390	-0.3630	0.6413	343.97	82.56	48.31
2026-06-16T15:37:51.1739686+08:00	0x04	-0.2538	-0.0233	0.4776	-0.8408	297.67	346.86	26.68
2026-06-16T15:37:51.1739686+08:00	0x03	-0.1383	0.3863	0.5980	0.6885	71.02	28.92	319.28
2026-06-16T15:37:51.1739686+08:00	0x06	-0.1527	-0.0951	-0.4386	0.8805	307.41	357.95	339.38
2026-06-16T15:37:51.1739686+08:00	0x07	0.6118	0.3111	-0.7180	0.1159	164.63	274.10	36.05
2026-06-16T15:37:51.1739686+08:00	0x09	0.2212	0.6386	-0.3632	0.6413	343.97	82.52	48.39
2026-06-16T15:37:51.1739686+08:00	0x03	-0.1367	0.3958	0.5980	0.6834	70.77	30.18	318.69
2026-06-16T15:37:51.1739686+08:00	0x01	-0.0298	-0.5037	0.5633	-0.6543	297.22	51.88	37.33
2026-06-16T15:37:51.1739686+08:00	0x02	0.3963	0.0600	-0.8412	-0.3630	137.93	313.70	349.23
2026-06-16T15:37:51.1739686+08:00	0x07	0.6114	0.3118	-0.7181	0.1155	164.54	274.11	36.08
2026-06-16T15:37:51.1739686+08:00	0x09	0.2222	0.6383	-0.3644	0.6406	343.93	82.50	48.58
2026-06-16T15:37:51.1739686+08:00	0x03	-0.1354	0.3964	0.6016	0.6802	71.38	30.11	318.61
2026-06-16T15:37:51.1739686+08:00	0x08	0.0331	-0.1002	0.7447	0.6590	96.52	355.16	11.12
2026-06-16T15:37:51.1739686+08:00	0x01	-0.0336	-0.5006	0.5644	-0.6555	297.05	51.24	37.53
2026-06-16T15:37:51.1739686+08:00	0x07	0.6112	0.3120	-0.7181	0.1159	164.57	274.13	36.14
2026-06-16T15:37:51.1739686+08:00	0x09	0.2230	0.6381	-0.3650	0.6402	343.92	82.50	48.71
2026-06-16T15:37:51.1739686+08:00	0x03	-0.1346	0.4012	0.6029	0.6763	71.50	30.66	318.25
2026-06-16T15:37:51.1739686+08:00	0x01	-0.0345	-0.4981	0.5655	-0.6564	296.82	50.81	37.49
2026-06-16T15:37:51.1739686+08:00	0x07	0.6117	0.3119	-0.7177	0.1161	164.57	274.06	36.14
2026-06-16T15:37:51.1739686+08:00	0x09	0.2238	0.6376	-0.3656	0.6400	343.89	82.43	48.83
2026-06-16T15:37:51.1739686+08:00	0x03	-0.1303	0.3997	0.6095	0.6721	72.68	30.34	318.52
2026-06-16T15:37:51.1749657+08:00	0x02	0.3906	0.0547	-0.8428	-0.3663	137.71	314.61	348.82
2026-06-16T15:37:51.1749657+08:00	0x07	0.6120	0.3117	-0.7175	0.1161	164.57	274.02	36.12
2026-06-16T15:37:51.1749657+08:00	0x09	0.2254	0.6372	-0.3663	0.6395	343.95	82.43	49.04
2026-06-16T15:37:51.1749657+08:00	0x03	-0.1285	0.4042	0.6090	0.6703	72.45	31.05	318.35
2026-06-16T15:37:51.1749657+08:00	0x08	0.0336	-0.1006	0.7444	0.6593	96.46	355.17	11.19
2026-06-16T15:37:51.1749657+08:00	0x01	-0.0312	-0.4983	0.5644	-0.6574	296.91	51.04	37.12
2026-06-16T15:37:51.1749657+08:00	0x02	0.3876	0.0568	-0.8429	-0.3689	137.30	314.91	349.03
2026-06-16T15:37:51.1749657+08:00	0x07	0.6116	0.3124	-0.7175	0.1167	164.57	274.04	36.23
2026-06-16T15:37:51.1749657+08:00	0x09	0.2255	0.6372	-0.3675	0.6388	343.84	82.43	49.15
2026-06-16T15:37:51.1749657+08:00	0x04	-0.2495	-0.0378	0.4793	-0.8406	297.86	348.62	27.10
2026-06-16T15:37:51.1749657+08:00	0x03	-0.1310	0.3849	0.5977	0.6909	70.89	29.28	320.12
2026-06-16T15:37:51.1749657+08:00	0x01	-0.0291	-0.4921	0.5517	-0.6728	298.62	50.79	35.60
2026-06-16T15:37:51.1749657+08:00	0x02	0.3775	0.0493	-0.8395	-0.3877	135.26	316.58	347.89
2026-06-16T15:37:51.1749657+08:00	0x07	0.6119	0.3113	-0.7174	0.1182	164.81	274.08	36.25
2026-06-16T15:37:51.1749657+08:00	0x09	0.2252	0.6375	-0.3683	0.6382	343.73	82.45	49.20
2026-06-16T15:37:51.1749657+08:00	0x03	-0.1313	0.3786	0.5977	0.6944	71.04	28.51	320.59
2026-06-16T15:37:51.1749657+08:00	0x06	-0.1519	-0.0967	-0.4390	0.8803	307.40	357.74	339.37
2026-06-16T15:37:51.1749657+08:00	0x07	0.6117	0.3114	-0.7176	0.1183	164.82	274.11	36.27
2026-06-16T15:37:51.1749657+08:00	0x09	0.2261	0.6371	-0.3689	0.6379	343.73	82.42	49.33
2026-06-16T15:37:51.1749657+08:00	0x04	-0.2467	-0.0443	0.4782	-0.8417	298.26	349.55	27.25
2026-06-16T15:37:51.1749657+08:00	0x03	-0.1311	0.3832	0.6021	0.6881	71.71	28.80	320.07
2026-06-16T15:37:51.1749657+08:00	0x01	-0.0290	-0.4966	0.5564	-0.6655	298.04	51.22	36.24
2026-06-16T15:37:51.1749657+08:00	0x02	0.3755	0.0603	-0.8478	-0.3697	136.95	316.22	349.90
2026-06-16T15:37:51.1749657+08:00	0x07	0.6115	0.3117	-0.7176	0.1183	164.80	274.13	36.30
2026-06-16T15:37:51.1749657+08:00	0x04	-0.2473	-0.0455	0.4756	-0.8430	298.63	349.72	27.40
2026-06-16T15:37:51.1749657+08:00	0x08	0.0331	-0.0997	0.7451	0.6586	96.59	355.21	11.08
2026-06-16T15:37:51.1749657+08:00	0x03	-0.1303	0.3858	0.6029	0.6860	71.79	29.12	319.90
2026-06-16T15:37:51.1749657+08:00	0x06	-0.1523	-0.0965	-0.4384	0.8805	307.47	357.77	339.34
2026-06-16T15:37:51.1749657+08:00	0x07	0.6113	0.3115	-0.7179	0.1180	164.80	274.16	36.27
2026-06-16T15:37:51.1749657+08:00	0x09	0.2274	0.6368	-0.3701	0.6370	343.71	82.43	49.56
2026-06-16T15:37:51.1749657+08:00	0x04	-0.2480	-0.0472	0.4767	-0.8420	298.46	349.80	27.56
2026-06-16T15:37:51.1749657+08:00	0x03	-0.1293	0.3868	0.6052	0.6837	72.17	29.16	319.83
2026-06-16T15:37:51.1749657+08:00	0x02	0.3860	0.0890	-0.8434	-0.3630	136.62	313.80	352.52
2026-06-16T15:37:51.1749657+08:00	0x07	0.6111	0.3115	-0.7180	0.1180	164.81	274.20	36.27
2026-06-16T15:37:51.1749657+08:00	0x09	0.2282	0.6364	-0.3712	0.6364	343.64	82.38	49.73
2026-06-16T15:37:51.1749657+08:00	0x04	-0.2499	-0.0472	0.4765	-0.8416	298.41	349.67	27.74
2026-06-16T15:37:51.1749657+08:00	0x01	-0.0261	-0.4939	0.5584	-0.6660	297.57	50.91	35.90
2026-06-16T15:37:51.1749657+08:00	0x06	-0.1521	-0.0967	-0.4387	0.8804	307.43	357.75	339.35
2026-06-16T15:37:51.1749657+08:00	0x07	0.6112	0.3113	-0.7180	0.1180	164.83	274.20	36.25
2026-06-16T15:37:51.1749657+08:00	0x09	0.2291	0.6361	-0.3720	0.6361	343.62	82.34	49.88
2026-06-16T15:37:51.1749657+08:00	0x08	0.0322	-0.0999	0.7445	0.6593	96.47	355.10	11.02
2026-06-16T15:37:51.1749657+08:00	0x03	-0.1344	0.3842	0.6306	0.6609	76.99	26.83	318.54
2026-06-16T15:37:51.1749657+08:00	0x01	-0.0295	-0.5161	0.5657	-0.6424	297.23	53.53	38.46
2026-06-16T15:37:51.1749657+08:00	0x06	-0.1520	-0.0968	-0.4390	0.8802	307.40	357.73	339.36
2026-06-16T15:37:51.1749657+08:00	0x07	0.6115	0.3110	-0.7179	0.1177	164.82	274.17	36.20
2026-06-16T15:37:51.1749657+08:00	0x08	0.0319	-0.1004	0.7449	0.6588	96.55	355.04	11.05
2026-06-16T15:37:51.1749657+08:00	0x04	-0.2594	-0.0588	0.4745	-0.8391	298.46	350.25	29.41
2026-06-16T15:37:51.1749657+08:00	0x01	-0.0293	-0.5121	0.5633	-0.6477	297.46	53.08	37.95
2026-06-16T15:37:51.1749657+08:00	0x02	0.3886	0.0851	-0.8407	-0.3673	136.31	313.67	351.81
2026-06-16T15:37:51.1749657+08:00	0x07	0.6115	0.3113	-0.7179	0.1176	164.78	274.15	36.21
2026-06-16T15:37:51.1749657+08:00	0x09	0.2314	0.6348	-0.3739	0.6353	343.53	82.19	50.24
2026-06-16T15:37:51.1749657+08:00	0x04	-0.2670	-0.0545	0.4684	-0.8404	298.90	349.46	29.99
2026-06-16T15:37:51.1749657+08:00	0x03	-0.1206	0.3930	0.6165	0.6715	73.95	29.81	319.72
2026-06-16T15:37:51.1749657+08:00	0x02	0.3952	0.0779	-0.8386	-0.3668	136.72	313.18	350.84
2026-06-16T15:37:51.1749657+08:00	0x09	0.2323	0.6346	-0.3740	0.6351	343.60	82.21	50.34
2026-06-16T15:37:51.1749657+08:00	0x01	-0.0299	-0.5029	0.5652	-0.6532	296.89	51.69	37.41
2026-06-16T15:37:51.1749657+08:00	0x02	0.3919	0.0707	-0.8395	-0.3697	136.67	313.87	350.16
2026-06-16T15:37:51.1749657+08:00	0x07	0.6114	0.3119	-0.7176	0.1182	164.76	274.12	36.31
2026-06-16T15:37:51.1759632+08:00	0x09	0.2337	0.6343	-0.3757	0.6339	343.53	82.20	50.62
2026-06-16T15:37:51.1759632+08:00	0x08	0.0327	-0.1002	0.7440	0.6598	96.39	355.12	11.08
2026-06-16T15:37:51.1759632+08:00	0x01	-0.0310	-0.5074	0.5658	-0.6492	296.98	52.24	37.91
2026-06-16T15:37:51.1759632+08:00	0x03	-0.1276	0.3959	0.6155	0.6695	73.81	29.70	318.84
2026-06-16T15:37:51.1759632+08:00	0x06	-0.1536	-0.0949	-0.4376	0.8809	307.54	357.99	339.29
2026-06-16T15:37:51.1759632+08:00	0x09	0.2318	0.6347	-0.3762	0.6339	343.31	82.16	50.49
2026-06-16T15:37:51.1759632+08:00	0x08	0.0305	-0.1011	0.7446	0.6591	96.48	354.87	11.00
2026-06-16T15:37:51.1759632+08:00	0x03	-0.1378	0.3693	0.6346	0.6648	78.08	24.63	319.32
2026-06-16T15:37:51.1759632+08:00	0x02	0.3893	0.0967	-0.8457	-0.3519	137.58	313.03	353.66
2026-06-16T15:37:51.1759632+08:00	0x01	-0.0230	-0.5577	0.5696	-0.6033	297.88	59.77	41.53
2026-06-16T15:37:51.1759632+08:00	0x06	-0.1562	-0.0923	-0.4376	0.8807	307.45	358.42	339.15
2026-06-16T15:37:51.1759632+08:00	0x07	0.6085	0.3148	-0.7187	0.1184	164.62	274.38	36.63
2026-06-16T15:37:51.1759632+08:00	0x09	0.2306	0.6352	-0.3783	0.6326	343.00	82.16	50.57
2026-06-16T15:37:51.1759632+08:00	0x04	-0.2667	-0.0547	0.4686	-0.8404	298.89	349.48	29.97
2026-06-16T15:37:51.1759632+08:00	0x01	-0.0388	-0.5796	0.6178	-0.5300	290.97	60.14	49.23
2026-06-16T15:37:51.1759632+08:00	0x07	0.6098	0.3149	-0.7177	0.1177	164.46	274.13	36.55
2026-06-16T15:37:51.1759632+08:00	0x06	-0.1538	-0.0949	-0.4364	0.8814	307.69	357.97	339.27
2026-06-16T15:37:51.1759632+08:00	0x09	0.2332	0.6338	-0.3794	0.6324	343.01	81.99	50.89
2026-06-16T15:37:51.1759632+08:00	0x04	-0.3417	0.2114	0.0252	-0.9154	346.01	329.15	37.95
2026-06-16T15:37:51.1759632+08:00	0x02	0.3986	0.0458	-0.8664	-0.2971	146.05	313.36	350.94
2026-06-16T15:37:51.1759632+08:00	0x03	-0.2642	0.4311	0.7416	0.4409	119.33	358.64	299.26
2026-06-16T15:37:51.1759632+08:00	0x06	-0.1523	-0.0955	-0.4369	0.8814	307.66	357.84	339.40
2026-06-16T15:37:51.1759632+08:00	0x01	-0.0518	-0.5769	0.6325	-0.5143	288.22	58.06	51.54
2026-06-16T15:37:51.1759632+08:00	0x04	-0.4655	0.1731	-0.3202	-0.8067	44.51	2.12	59.54
2026-06-16T15:37:51.1759632+08:00	0x08	0.0320	-0.1014	0.7430	0.6608	96.22	354.94	11.12
2026-06-16T15:37:51.1759632+08:00	0x03	-0.2898	0.4405	0.7516	0.3963	131.19	348.97	296.88
2026-06-16T15:37:51.1759632+08:00	0x02	0.4004	0.0404	-0.8609	-0.3114	144.69	313.42	349.64
2026-06-16T15:37:51.1759632+08:00	0x07	0.6104	0.3150	-0.7172	0.1178	164.44	274.04	36.56
2026-06-16T15:37:51.1759632+08:00	0x04	-0.4459	0.2368	0.1357	-0.8524	321.96	313.05	44.11
2026-06-16T15:37:51.1759632+08:00	0x08	0.0312	-0.1024	0.7437	0.6599	96.32	354.81	11.15
2026-06-16T15:37:51.1759632+08:00	0x03	-0.1724	0.3881	0.6368	0.6436	79.30	23.65	314.26
2026-06-16T15:37:51.1759632+08:00	0x02	0.3967	0.0167	-0.8582	-0.3254	144.03	314.70	346.73
2026-06-16T15:37:51.1759632+08:00	0x07	0.6108	0.3144	-0.7171	0.1177	164.46	274.00	36.49
2026-06-16T15:37:51.1759632+08:00	0x09	0.2379	0.6322	-0.3815	0.6310	343.13	81.93	51.50
2026-06-16T15:37:51.1759632+08:00	0x04	-0.4474	0.2366	0.1241	-0.8535	323.34	313.46	44.83
2026-06-16T15:37:51.1759632+08:00	0x02	0.3930	-0.0049	-0.8658	-0.3097	146.62	315.57	345.41
2026-06-16T15:37:51.1759632+08:00	0x03	-0.1101	0.4982	0.6008	0.6154	68.04	45.09	312.77
2026-06-16T15:37:51.1759632+08:00	0x07	0.6112	0.3158	-0.7162	0.1176	164.27	273.81	36.59
2026-06-16T15:37:51.1759632+08:00	0x06	-0.1523	-0.0939	-0.4375	0.8812	307.55	358.03	339.48
2026-06-16T15:37:51.1759632+08:00	0x09	0.2410	0.6311	-0.3816	0.6309	343.36	81.90	51.79
2026-06-16T15:37:51.1759632+08:00	0x04	-0.3481	0.2467	0.7053	-0.5661	256.26	309.54	2.65
2026-06-16T15:37:51.1759632+08:00	0x03	-0.1294	0.4931	0.6116	0.6050	70.38	42.40	310.56
2026-06-16T15:37:51.1759632+08:00	0x02	0.3977	-0.0079	-0.8667	-0.3009	147.81	314.95	345.35
2026-06-16T15:37:51.1759632+08:00	0x01	-0.0707	-0.5272	0.6422	-0.5520	284.60	48.52	49.04
2026-06-16T15:37:51.1759632+08:00	0x07	0.6106	0.3173	-0.7160	0.1173	164.12	273.79	36.70
2026-06-16T15:37:51.1759632+08:00	0x09	0.2416	0.6308	-0.3827	0.6303	343.26	81.85	51.94
2026-06-16T15:37:51.1759632+08:00	0x08	0.0353	-0.1025	0.7429	0.6606	96.22	355.14	11.47
2026-06-16T15:37:51.1759632+08:00	0x04	-0.4137	0.1625	0.5735	-0.6882	270.00	310.91	22.52
2026-06-16T15:37:51.1759632+08:00	0x03	-0.0804	0.4873	0.6126	0.6171	70.76	44.48	315.88
2026-06-16T15:37:51.1759632+08:00	0x02	0.4051	0.0043	-0.8584	-0.3146	145.87	313.90	345.67
2026-06-16T15:37:51.1759632+08:00	0x01	-0.0695	-0.5373	0.6388	-0.5462	285.61	50.35	49.68
2026-06-16T15:37:51.1759632+08:00	0x07	0.6096	0.3199	-0.7159	0.1166	163.81	273.74	36.88
2026-06-16T15:37:51.1759632+08:00	0x06	-0.1555	-0.0903	-0.4364	0.8816	307.59	358.56	339.33
2026-06-16T15:37:51.1759632+08:00	0x09	0.2418	0.6304	-0.3842	0.6297	343.07	81.74	52.09
2026-06-16T15:37:51.1759632+08:00	0x08	0.0340	-0.1032	0.7433	0.6601	96.29	354.99	11.44
2026-06-16T15:37:51.1759632+08:00	0x03	0.1126	0.5140	0.7236	0.4466	95.45	54.35	319.96
2026-06-16T15:37:51.1759632+08:00	0x02	0.4025	-0.0017	-0.8570	-0.3219	145.24	314.46	344.81
2026-06-16T15:37:51.1769605+08:00	0x01	-0.0738	-0.5374	0.6435	-0.5400	284.64	49.71	50.48
2026-06-16T15:37:51.1769605+08:00	0x09	0.2428	0.6301	-0.3849	0.6291	343.07	81.74	52.25
2026-06-16T15:37:51.1769605+08:00	0x08	0.0337	-0.1028	0.7432	0.6603	96.26	354.99	11.37
2026-06-16T15:37:51.1769605+08:00	0x03	0.1251	0.5386	0.7153	0.4273	94.19	58.71	318.43
2026-06-16T15:37:51.1769605+08:00	0x02	0.4015	-0.0002	-0.8546	-0.3292	144.31	314.64	344.65
2026-06-16T15:37:51.1769605+08:00	0x01	-0.0731	-0.5414	0.6444	-0.5351	284.59	50.29	50.89
2026-06-16T15:37:51.1769605+08:00	0x07	0.6096	0.3191	-0.7160	0.1177	163.99	273.81	36.91
2026-06-16T15:37:51.1769605+08:00	0x09	0.2435	0.6299	-0.3861	0.6284	342.98	81.72	52.42
2026-06-16T15:37:51.1769605+08:00	0x03	0.0700	0.5529	0.6345	0.5355	76.27	60.92	321.19
2026-06-16T15:37:51.1769605+08:00	0x02	0.4019	-0.0008	-0.8548	-0.3283	144.44	314.59	344.62
2026-06-16T15:37:51.1769605+08:00	0x06	-0.1521	-0.0945	-0.4427	0.8786	306.86	358.09	339.46
2026-06-16T15:37:51.1769605+08:00	0x01	-0.0763	-0.5217	0.6453	-0.5528	283.79	47.13	49.26
2026-06-16T15:37:51.1769605+08:00	0x09	0.2461	0.6291	-0.3857	0.6284	343.24	81.73	52.62
2026-06-16T15:37:51.1769605+08:00	0x08	0.0375	-0.1010	0.7398	0.6642	95.70	355.39	11.50
2026-06-16T15:37:51.1769605+08:00	0x03	0.0361	0.5356	0.4943	0.6837	54.55	61.12	331.31
2026-06-16T15:37:51.1769605+08:00	0x02	0.3881	-0.0705	-0.8743	-0.2829	152.08	317.17	339.95
2026-06-16T15:37:51.1769605+08:00	0x07	0.6186	0.2982	-0.7157	0.1271	166.68	274.01	35.75
2026-06-16T15:37:51.1769605+08:00	0x09	0.2528	0.6259	-0.3863	0.6286	343.57	81.47	53.26
2026-06-16T15:37:51.1769605+08:00	0x08	0.0404	-0.1016	0.7387	0.6650	95.56	355.58	11.77
2026-06-16T15:37:51.1769605+08:00	0x03	0.0372	0.5365	0.4988	0.6797	55.17	61.18	331.01
2026-06-16T15:37:51.1769605+08:00	0x02	0.4004	-0.0049	-0.8751	-0.2718	151.03	314.21	346.92
2026-06-16T15:37:51.1769605+08:00	0x06	-0.1400	-0.1017	-0.4519	0.8751	305.92	356.87	340.31
2026-06-16T15:37:51.1769605+08:00	0x07	0.6199	0.2958	-0.7155	0.1274	166.90	273.98	35.54
2026-06-16T15:37:51.1769605+08:00	0x01	-0.1059	-0.4550	0.6545	-0.5945	280.05	35.52	46.18
2026-06-16T15:37:51.1769605+08:00	0x08	0.0385	-0.1015	0.7403	0.6634	95.81	355.46	11.62
2026-06-16T15:37:51.1769605+08:00	0x03	-0.2356	0.4852	0.3708	0.7560	28.41	53.20	314.26
2026-06-16T15:37:51.1769605+08:00	0x01	-0.0987	-0.4709	0.6510	-0.5871	281.19	38.32	46.81
2026-06-16T15:37:51.1769605+08:00	0x02	0.3995	-0.0169	-0.8704	-0.2872	149.77	314.77	344.99
2026-06-16T15:37:51.1769605+08:00	0x06	-0.1375	-0.1043	-0.4489	0.8768	306.39	356.39	340.45
2026-06-16T15:37:51.1769605+08:00	0x07	0.6206	0.2949	-0.7152	0.1279	167.01	273.93	35.49
2026-06-16T15:37:51.1769605+08:00	0x09	0.2523	0.6261	-0.3895	0.6266	343.17	81.42	53.51
2026-06-16T15:37:51.1769605+08:00	0x04	-0.4126	0.1640	0.5756	-0.6867	269.80	310.86	22.20
2026-06-16T15:37:51.1769605+08:00	0x02	0.4008	-0.0117	-0.8677	-0.2937	148.83	314.56	345.19
2026-06-16T15:37:51.1769605+08:00	0x06	-0.1359	-0.1055	-0.4475	0.8776	306.63	356.14	340.55
2026-06-16T15:37:51.1769605+08:00	0x01	-0.0767	-0.4891	0.6381	-0.5897	284.40	43.21	45.61
2026-06-16T15:37:51.1769605+08:00	0x07	0.6217	0.2928	-0.7151	0.1282	167.20	273.90	35.33
2026-06-16T15:37:51.1769605+08:00	0x09	0.2558	0.6244	-0.3902	0.6264	343.30	81.28	53.89
2026-06-16T15:37:51.1769605+08:00	0x08	0.0365	-0.1039	0.7421	0.6612	96.10	355.12	11.69
2026-06-16T15:37:51.1769605+08:00	0x03	0.0386	0.4785	0.3982	0.7817	44.13	55.30	341.30
2026-06-16T15:37:51.1769605+08:00	0x02	0.4080	0.0017	-0.8543	-0.3220	145.17	313.69	344.94
2026-06-16T15:37:51.1769605+08:00	0x06	-0.1371	-0.1059	-0.4467	0.8778	306.73	356.14	340.41
2026-06-16T15:37:51.1769605+08:00	0x07	0.6209	0.2933	-0.7151	0.1311	167.45	274.02	35.61
2026-06-16T15:37:51.1769605+08:00	0x09	0.2563	0.6237	-0.3915	0.6261	343.11	81.12	54.03
2026-06-16T15:37:51.1769605+08:00	0x08	0.0384	-0.1014	0.7412	0.6625	95.96	355.46	11.61
2026-06-16T15:37:51.1769605+08:00	0x02	0.4108	0.0101	-0.8520	-0.3246	144.57	313.15	345.56
2026-06-16T15:37:51.1769605+08:00	0x03	-0.0758	0.4750	0.3756	0.7922	36.52	52.32	331.51
2026-06-16T15:37:51.1769605+08:00	0x06	-0.1353	-0.1073	-0.4461	0.8782	306.84	355.88	340.53
2026-06-16T15:37:51.1769605+08:00	0x07	0.6219	0.2922	-0.7145	0.1316	167.56	273.93	35.54
2026-06-16T15:37:51.1769605+08:00	0x09	0.2600	0.6217	-0.3934	0.6253	343.10	80.91	54.53
2026-06-16T15:37:51.1769605+08:00	0x08	0.0400	-0.0988	0.7432	0.6605	96.33	355.84	11.52
2026-06-16T15:37:51.1769605+08:00	0x03	-0.1255	0.5113	0.5162	0.6756	52.57	51.54	315.78
2026-06-16T15:37:51.1769605+08:00	0x02	0.4056	-0.0177	-0.8325	-0.3769	139.39	315.36	340.41
2026-06-16T15:37:51.1769605+08:00	0x07	0.6145	0.3059	-0.7157	0.1292	166.24	274.12	36.63
2026-06-16T15:37:51.1769605+08:00	0x01	-0.0593	-0.5192	0.6223	-0.5829	288.23	49.50	45.67
2026-06-16T15:37:51.1769605+08:00	0x09	0.2566	0.6229	-0.3967	0.6235	342.46	80.86	54.52
2026-06-16T15:37:51.1769605+08:00	0x08	0.0375	-0.0999	0.7413	0.6627	95.96	355.51	11.41
2026-06-16T15:37:51.1769605+08:00	0x06	-0.1441	-0.1024	-0.4349	0.8830	308.16	356.62	339.91
2026-06-16T15:37:51.1769605+08:00	0x03	-0.2224	0.5231	0.4831	0.6660	43.40	53.72	306.71
2026-06-16T15:37:51.1769605+08:00	0x02	0.3921	-0.0464	-0.8571	-0.3310	145.64	317.01	340.18
2026-06-16T15:37:51.1769605+08:00	0x06	-0.1555	-0.0905	-0.4269	0.8862	308.87	358.31	339.33
2026-06-16T15:37:51.1769605+08:00	0x07	0.6086	0.3198	-0.7160	0.1208	164.24	273.93	37.23
2026-06-16T15:37:51.1779577+08:00	0x01	-0.0723	-0.5414	0.6364	-0.5447	286.27	50.98	50.16
2026-06-16T15:37:51.1779577+08:00	0x09	0.2588	0.6225	-0.3985	0.6218	342.46	80.90	54.88
2026-06-16T15:37:51.1779577+08:00	0x08	0.0346	-0.1019	0.7429	0.6607	96.21	355.13	11.36
2026-06-16T15:37:51.1779577+08:00	0x03	-0.2160	0.5096	0.4687	0.6885	42.29	52.20	309.18
2026-06-16T15:37:51.1779577+08:00	0x02	0.3984	-0.0079	-0.8410	-0.3658	140.25	315.77	342.25
2026-06-16T15:37:51.1779577+08:00	0x01	-0.0477	-0.5756	0.6199	-0.5312	290.60	58.92	49.84
2026-06-16T15:37:51.1779577+08:00	0x06	-0.1493	-0.0938	-0.4296	0.8856	308.66	357.68	339.81
2026-06-16T15:37:51.1779577+08:00	0x08	0.0318	-0.0931	0.7434	0.6616	96.27	355.57	10.40
2026-06-16T15:37:51.1779577+08:00	0x03	-0.1893	0.5286	0.5267	0.6382	51.66	52.14	307.02
2026-06-16T15:37:51.1779577+08:00	0x04	-0.4170	0.1586	0.3859	-0.8075	295.14	316.16	33.44
2026-06-16T15:37:51.1779577+08:00	0x02	0.4009	0.1226	-0.6939	-0.5855	107.33	312.82	342.58
2026-06-16T15:37:51.1779577+08:00	0x06	-0.1469	-0.0955	-0.4310	0.8852	308.53	357.41	339.97
2026-06-16T15:37:51.1779577+08:00	0x01	0.0466	-0.6014	0.5558	-0.5720	298.63	69.80	37.97
2026-06-16T15:37:51.1779577+08:00	0x03	-0.1923	0.5379	0.5467	0.6122	54.63	52.24	304.55
2026-06-16T15:37:51.1779577+08:00	0x04	-0.4214	0.2031	0.4391	-0.7670	287.05	309.51	27.91
2026-06-16T15:37:51.1779577+08:00	0x06	-0.1473	-0.0893	-0.4320	0.8853	308.30	358.12	340.24
2026-06-16T15:37:51.1779577+08:00	0x01	0.0269	-0.7039	0.6551	-0.2730	289.50	88.98	65.18
2026-06-16T15:37:51.1779577+08:00	0x09	0.2674	0.6228	-0.3983	0.6180	343.56	81.70	55.76
2026-06-16T15:37:51.1779577+08:00	0x03	-0.2035	0.5432	0.5719	0.5800	59.27	50.54	300.97
2026-06-16T15:37:51.1779577+08:00	0x04	-0.4055	0.2110	0.4506	-0.7668	287.08	310.19	25.58
2026-06-16T15:37:51.1779577+08:00	0x06	-0.1475	-0.0881	-0.4334	0.8847	308.10	358.29	340.28
2026-06-16T15:37:51.1779577+08:00	0x07	0.6085	0.3216	-0.7156	0.1195	163.93	273.80	37.28
2026-06-16T15:37:51.1779577+08:00	0x09	0.2687	0.6224	-0.3994	0.6171	343.55	81.70	55.98
2026-06-16T15:37:51.1779577+08:00	0x03	-0.2058	0.5471	0.5800	0.5674	60.76	50.34	299.75
2026-06-16T15:37:51.1779577+08:00	0x02	0.4013	0.1188	-0.6992	-0.5796	108.32	312.91	342.60
2026-06-16T15:37:51.1779577+08:00	0x06	-0.1481	-0.0871	-0.4347	0.8840	307.89	358.47	340.27
2026-06-16T15:37:51.1779577+08:00	0x07	0.6085	0.3218	-0.7156	0.1190	163.86	273.78	37.26
2026-06-16T15:37:51.1779577+08:00	0x09	0.2705	0.6214	-0.3997	0.6172	343.60	81.59	56.16
2026-06-16T15:37:51.1779577+08:00	0x03	-0.2124	0.5620	0.5844	0.5455	60.37	52.69	297.31
2026-06-16T15:37:51.1779577+08:00	0x04	-0.4089	0.2519	0.4532	-0.7510	286.04	305.73	22.70
2026-06-16T15:37:51.1779577+08:00	0x06	-0.1491	-0.0844	-0.4384	0.8823	307.35	358.90	340.30
2026-06-16T15:37:51.1779577+08:00	0x09	0.2700	0.6203	-0.4021	0.6170	343.11	81.22	56.31
2026-06-16T15:37:51.1779577+08:00	0x03	-0.2007	0.5860	0.6002	0.5060	61.88	56.55	294.97
2026-06-16T15:37:51.1779577+08:00	0x04	-0.4033	0.2625	0.4714	-0.7391	284.22	304.95	20.40
2026-06-16T15:37:51.1779577+08:00	0x06	-0.1390	-0.0928	-0.4456	0.8795	306.67	357.61	340.90
2026-06-16T15:37:51.1779577+08:00	0x01	0.0276	-0.7020	0.6532	-0.2826	289.59	88.28	64.34
2026-06-16T15:37:51.1779577+08:00	0x09	0.2688	0.6206	-0.4036	0.6162	342.81	81.15	56.33
2026-06-16T15:37:51.1779577+08:00	0x08	0.0264	-0.0968	0.7435	0.6612	96.24	354.82	10.31
2026-06-16T15:37:51.1779577+08:00	0x03	-0.1729	0.5761	0.5838	0.5452	59.42	57.05	300.53
2026-06-16T15:37:51.1779577+08:00	0x02	-0.3608	0.1474	-0.6188	-0.6820	92.04	19.43	42.42
2026-06-16T15:37:51.1779577+08:00	0x06	-0.1404	-0.0951	-0.4453	0.8792	306.71	357.44	340.64
2026-06-16T15:37:51.1779577+08:00	0x09	0.2708	0.6207	-0.4043	0.6148	343.00	81.36	56.60
2026-06-16T15:37:51.1779577+08:00	0x03	-0.1982	0.5682	0.5714	0.5579	56.94	55.93	299.47
2026-06-16T15:37:51.1779577+08:00	0x06	-0.1414	-0.0924	-0.4393	0.8823	307.46	357.64	340.69
2026-06-16T15:37:51.1779577+08:00	0x07	0.6104	0.3070	-0.7201	0.1210	165.62	274.71	36.15
2026-06-16T15:37:51.1779577+08:00	0x09	0.2727	0.6206	-0.4044	0.6139	343.22	81.50	56.81
2026-06-16T15:37:51.1779577+08:00	0x03	-0.2034	0.5694	0.5764	0.5497	57.85	55.52	298.36
2026-06-16T15:37:51.1779577+08:00	0x04	-0.3946	0.2714	0.4876	-0.7299	282.95	304.72	18.14
2026-06-16T15:37:51.1779577+08:00	0x06	-0.1454	-0.0858	-0.4344	0.8848	307.96	358.46	340.62
2026-06-16T15:37:51.1779577+08:00	0x01	0.1126	-0.7253	0.6360	-0.2385	289.55	98.99	60.31
2026-06-16T15:37:51.1779577+08:00	0x08	0.0286	-0.0928	0.7430	0.6622	96.17	355.31	10.13
2026-06-16T15:37:51.1779577+08:00	0x09	0.2754	0.6198	-0.4046	0.6134	343.44	81.54	57.08
2026-06-16T15:37:51.1779577+08:00	0x03	-0.2025	0.5730	0.5744	0.5483	57.04	56.57	298.31
2026-06-16T15:37:51.1779577+08:00	0x04	-0.3930	0.2646	0.4922	-0.7303	282.57	305.48	18.28
2026-06-16T15:37:51.1789553+08:00	0x07	0.6068	0.3217	-0.7175	0.1163	163.73	274.07	37.07
2026-06-16T15:37:51.1789553+08:00	0x06	-0.1468	-0.0795	-0.4322	0.8862	308.14	359.15	340.79
2026-06-16T15:37:51.1789553+08:00	0x08	0.0285	-0.0871	0.7426	0.6635	96.08	355.74	9.62
2026-06-16T15:37:51.1789553+08:00	0x09	0.2791	0.6197	-0.4033	0.6127	344.06	81.90	57.34
2026-06-16T15:37:51.1789553+08:00	0x02	-0.2719	0.0371	-0.8616	-0.4271	131.46	27.21	17.23
2026-06-16T15:37:51.1789553+08:00	0x03	-0.1926	0.5717	0.6098	0.5140	65.88	52.35	296.46
2026-06-16T15:37:51.1789553+08:00	0x06	-0.1484	-0.0769	-0.4310	0.8868	308.25	359.49	340.77
2026-06-16T15:37:51.1789553+08:00	0x01	0.2426	-0.6783	0.6657	-0.1946	269.61	93.70	53.97
2026-06-16T15:37:51.1789553+08:00	0x08	0.0281	-0.0877	0.7432	0.6626	96.20	355.67	9.65
2026-06-16T15:37:51.1789553+08:00	0x09	0.2759	0.6205	-0.4029	0.6136	343.79	81.80	56.99
2026-06-16T15:37:51.1789553+08:00	0x03	-0.1953	0.5718	0.6220	0.4980	69.27	50.44	295.06
2026-06-16T15:37:51.1789553+08:00	0x04	-0.4060	0.2766	0.4916	-0.7190	281.35	302.99	18.17
2026-06-16T15:37:51.1789553+08:00	0x07	0.6069	0.3241	-0.7165	0.1151	163.34	273.84	37.16
2026-06-16T15:37:51.1789553+08:00	0x08	0.0310	-0.0859	0.7422	0.6639	96.03	356.04	9.71
2026-06-16T15:37:51.1789553+08:00	0x09	0.2837	0.6184	-0.4032	0.6120	344.49	82.00	57.78
2026-06-16T15:37:51.1789553+08:00	0x03	-0.1965	0.5808	0.6163	0.4941	66.83	53.21	294.47
2026-06-16T15:37:51.1789553+08:00	0x04	-0.4088	0.2778	0.4915	-0.7170	281.09	302.58	18.24
2026-06-16T15:37:51.1789553+08:00	0x06	-0.1510	-0.0742	-0.4315	0.8863	308.09	359.92	340.63
2026-06-16T15:37:51.1789553+08:00	0x07	0.6051	0.3279	-0.7165	0.1141	162.91	273.81	37.45
2026-06-16T15:37:51.1789553+08:00	0x08	0.0299	-0.0875	0.7438	0.6620	96.30	355.85	9.78
2026-06-16T15:37:51.1789553+08:00	0x03	-0.1974	0.5767	0.6182	0.4963	67.77	51.96	294.64
2026-06-16T15:37:51.1789553+08:00	0x09	0.2831	0.6183	-0.4054	0.6109	344.13	81.87	57.91
2026-06-16T15:37:51.1789553+08:00	0x06	-0.1509	-0.0740	-0.4325	0.8858	307.96	359.96	340.65
2026-06-16T15:37:51.1789553+08:00	0x07	0.6047	0.3290	-0.7163	0.1141	162.80	273.78	37.54
2026-06-16T15:37:51.1789553+08:00	0x01	0.0959	-0.7045	0.6924	-0.1228	274.28	92.07	72.18
2026-06-16T15:37:51.1789553+08:00	0x03	-0.1979	0.5778	0.6214	0.4907	68.61	51.67	294.17
2026-06-16T15:37:51.1789553+08:00	0x09	0.2847	0.6178	-0.4064	0.6100	344.15	81.87	58.15
2026-06-16T15:37:51.1789553+08:00	0x04	-0.4096	0.2836	0.4911	-0.7145	281.02	301.94	17.87
2026-06-16T15:37:51.1789553+08:00	0x06	-0.1507	-0.0740	-0.4333	0.8854	307.85	359.97	340.66
2026-06-16T15:37:51.1789553+08:00	0x07	0.6049	0.3289	-0.7162	0.1140	162.80	273.75	37.53
2026-06-16T15:37:51.1789553+08:00	0x01	0.1539	-0.6589	0.7344	-0.0526	245.75	74.07	72.11
2026-06-16T15:37:51.1789553+08:00	0x08	0.0306	-0.0873	0.7448	0.6608	96.49	355.93	9.82
2026-06-16T15:37:51.1789553+08:00	0x03	-0.1980	0.5857	0.6218	0.4806	67.94	53.39	293.24
2026-06-16T15:37:51.1789553+08:00	0x02	-0.2745	-0.2008	-0.9170	-0.2085	149.38	37.38	345.30
2026-06-16T15:37:51.1789553+08:00	0x04	-0.4138	0.2910	0.4872	-0.7119	281.07	300.84	17.80
2026-06-16T15:37:51.1789553+08:00	0x06	-0.1504	-0.0736	-0.4340	0.8852	307.76	0.01	340.72
2026-06-16T15:37:51.1789553+08:00	0x01	0.2004	-0.6228	0.7560	-0.0191	231.26	66.24	69.08
2026-06-16T15:37:51.1789553+08:00	0x07	0.6051	0.3288	-0.7161	0.1136	162.77	273.72	37.47
2026-06-16T15:37:51.1789553+08:00	0x08	0.0322	-0.0867	0.7451	0.6605	96.55	356.12	9.89
2026-06-16T15:37:51.1789553+08:00	0x03	-0.1613	0.5826	0.6179	0.5028	66.96	55.14	298.10
2026-06-16T15:37:51.1789553+08:00	0x09	0.2884	0.6157	-0.4077	0.6095	344.19	81.67	58.61
2026-06-16T15:37:51.1789553+08:00	0x04	-0.3260	0.1490	0.3371	-0.8706	309.31	327.18	27.85
2026-06-16T15:37:51.1789553+08:00	0x06	-0.1506	-0.0731	-0.4347	0.8849	307.65	0.10	340.73
2026-06-16T15:37:51.1789553+08:00	0x07	0.6062	0.3285	-0.7154	0.1133	162.71	273.55	37.40
2026-06-16T15:37:51.1789553+08:00	0x01	0.1972	-0.6073	0.7695	-0.0128	224.71	59.96	68.37
2026-06-16T15:37:51.1789553+08:00	0x08	0.0320	-0.0873	0.7461	0.6593	96.73	356.08	9.93
2026-06-16T15:37:51.1789553+08:00	0x02	-0.3020	-0.2088	-0.9262	-0.0861	162.36	39.18	340.44
2026-06-16T15:37:51.1789553+08:00	0x03	-0.1811	0.5487	0.7133	0.3967	102.76	28.04	292.12
2026-06-16T15:37:51.1789553+08:00	0x09	0.2897	0.6161	-0.4099	0.6071	344.17	81.86	58.95
2026-06-16T15:37:51.1789553+08:00	0x06	-0.1490	-0.0740	-0.4351	0.8849	307.65	359.92	340.85
2026-06-16T15:37:51.1789553+08:00	0x01	0.1835	-0.6126	0.7687	-0.0056	223.12	57.80	70.03
2026-06-16T15:37:51.1789553+08:00	0x08	0.0320	-0.0874	0.7469	0.6584	96.87	356.09	9.95
2026-06-16T15:37:51.1789553+08:00	0x07	0.6069	0.3277	-0.7152	0.1133	162.76	273.51	37.32
2026-06-16T15:37:51.1789553+08:00	0x03	-0.1848	0.5484	0.6920	0.4316	93.76	33.39	293.30
2026-06-16T15:37:51.1789553+08:00	0x04	-0.2840	0.1057	0.4065	-0.8619	303.74	333.16	23.80
2026-06-16T15:37:51.1789553+08:00	0x09	0.2909	0.6155	-0.4108	0.6064	344.13	81.80	59.15
2026-06-16T15:37:51.1789553+08:00	0x06	-0.1492	-0.0736	-0.4352	0.8848	307.63	359.98	340.84
2026-06-16T15:37:51.1789553+08:00	0x07	0.6066	0.3280	-0.7152	0.1136	162.77	273.53	37.37
2026-06-16T15:37:51.1789553+08:00	0x08	0.0323	-0.0873	0.7475	0.6577	96.97	356.13	9.96
2026-06-16T15:37:51.1789553+08:00	0x02	-0.2877	-0.1842	-0.9367	-0.0765	164.84	36.49	342.48
2026-06-16T15:37:51.1789553+08:00	0x04	-0.2747	0.1186	0.4331	-0.8502	300.59	331.83	21.37
2026-06-16T15:37:51.1789553+08:00	0x09	0.2919	0.6149	-0.4114	0.6062	344.11	81.74	59.30
2026-06-16T15:37:51.1789553+08:00	0x06	-0.1496	-0.0736	-0.4351	0.8848	307.63	0.00	340.81
2026-06-16T15:37:51.1803920+08:00	0x07	0.6060	0.3285	-0.7154	0.1140	162.78	273.59	37.46
2026-06-16T15:37:51.1804194+08:00	0x01	0.1767	-0.6135	0.7697	-0.0031	221.86	56.17	70.61
2026-06-16T15:37:51.1804194+08:00	0x08	0.0323	-0.0873	0.7480	0.6571	97.06	356.13	9.97
2026-06-16T15:37:51.1804194+08:00	0x02	-0.2975	-0.1664	-0.9351	-0.0963	163.23	37.48	345.29
2026-06-16T15:37:51.1804194+08:00	0x09	0.2924	0.6138	-0.4124	0.6063	343.89	81.48	59.42
2026-06-16T15:37:51.1804194+08:00	0x06	-0.1492	-0.0738	-0.4350	0.8849	307.65	359.95	340.84
2026-06-16T15:37:51.1804194+08:00	0x04	-0.2735	0.1241	0.4432	-0.8446	299.27	331.12	20.61
2026-06-16T15:37:51.1804194+08:00	0x08	0.0321	-0.0874	0.7483	0.6567	97.12	356.11	9.97
2026-06-16T15:37:51.1804194+08:00	0x03	-0.1909	0.5367	0.7334	0.3709	113.68	18.60	291.73
2026-06-16T15:37:51.1804194+08:00	0x07	0.6061	0.3283	-0.7154	0.1141	162.80	273.58	37.45
2026-06-16T15:37:51.1804194+08:00	0x09	0.2931	0.6137	-0.4134	0.6055	343.85	81.48	59.57
2026-06-16T15:37:51.1804194+08:00	0x04	-0.2417	0.1475	0.4485	-0.8478	300.04	330.92	16.11
2026-06-16T15:37:51.1804194+08:00	0x06	-0.1490	-0.0741	-0.4351	0.8849	307.65	359.91	340.84
2026-06-16T15:37:51.1804194+08:00	0x07	0.6063	0.3284	-0.7152	0.1142	162.79	273.55	37.46
2026-06-16T15:37:51.1804194+08:00	0x08	0.0323	-0.0873	0.7487	0.6563	97.18	356.14	9.97
2026-06-16T15:37:51.1804194+08:00	0x03	-0.1944	0.5399	0.7379	0.3552	117.65	15.80	290.78
2026-06-16T15:37:51.1804194+08:00	0x02	-0.3051	-0.1635	-0.9343	-0.0856	164.42	38.18	345.33
2026-06-16T15:37:51.1804194+08:00	0x09	0.2941	0.6133	-0.4141	0.6049	343.84	81.46	59.74
2026-06-16T15:37:51.1804194+08:00	0x01	0.1867	-0.6164	0.7648	-0.0177	227.05	61.00	69.43
2026-06-16T15:37:51.1804194+08:00	0x08	0.0322	-0.0874	0.7489	0.6561	97.23	356.13	9.97
2026-06-16T15:37:51.1804194+08:00	0x02	-0.3021	-0.1639	-0.9351	-0.0862	164.38	37.84	345.26
2026-06-16T15:37:51.1804194+08:00	0x09	0.2951	0.6129	-0.4149	0.6043	343.82	81.45	59.90
2026-06-16T15:37:51.1804194+08:00	0x06	-0.1491	-0.0741	-0.4351	0.8848	307.64	359.92	340.84
2026-06-16T15:37:51.1804194+08:00	0x07	0.6062	0.3285	-0.7152	0.1144	162.80	273.56	37.49
2026-06-16T15:37:51.1804194+08:00	0x03	-0.1965	0.5443	0.7301	0.3635	114.34	18.22	290.35
2026-06-16T15:37:51.1804194+08:00	0x09	0.2960	0.6125	-0.4157	0.6037	343.79	81.42	60.07
2026-06-16T15:37:51.1804194+08:00	0x06	-0.1490	-0.0741	-0.4351	0.8849	307.64	359.91	340.84
2026-06-16T15:37:51.1804194+08:00	0x01	0.1931	-0.6115	0.7670	-0.0224	227.13	61.25	68.34
2026-06-16T15:37:51.1804194+08:00	0x03	-0.1964	0.5438	0.7311	0.3622	114.83	17.84	290.37
2026-06-16T15:37:51.1804194+08:00	0x09	0.2965	0.6122	-0.4162	0.6034	343.75	81.38	60.16
2026-06-16T15:37:51.1804194+08:00	0x07	0.6061	0.3286	-0.7152	0.1146	162.81	273.57	37.51
2026-06-16T15:37:51.1804194+08:00	0x01	0.1924	-0.6118	0.7669	-0.0240	227.41	61.34	68.30
2026-06-16T15:37:51.1804194+08:00	0x08	0.0323	-0.0874	0.7491	0.6559	97.25	356.15	9.98
2026-06-16T15:37:51.1804194+08:00	0x03	-0.1984	0.5417	0.7304	0.3657	114.53	17.64	290.55
2026-06-16T15:37:51.1804194+08:00	0x02	-0.2993	-0.1589	-0.9360	-0.0949	163.67	37.48	346.07
2026-06-16T15:37:51.1804194+08:00	0x07	0.6061	0.3287	-0.7151	0.1147	162.81	273.56	37.53
2026-06-16T15:37:51.1804194+08:00	0x01	0.1911	-0.6126	0.7665	-0.0237	227.45	61.30	68.46
2026-06-16T15:37:51.1804194+08:00	0x08	0.0321	-0.0876	0.7492	0.6557	97.27	356.12	9.98
2026-06-16T15:37:51.1804194+08:00	0x03	-0.1985	0.5409	0.7295	0.3686	113.90	17.99	290.70
2026-06-16T15:37:51.1804194+08:00	0x09	0.2983	0.6112	-0.4178	0.6023	343.65	81.27	60.48
2026-06-16T15:37:51.1804194+08:00	0x02	-0.3006	-0.1584	-0.9358	-0.0936	163.82	37.60	346.10
2026-06-16T15:37:51.1804194+08:00	0x07	0.6061	0.3287	-0.7152	0.1148	162.82	273.56	37.54
2026-06-16T15:37:51.1804194+08:00	0x01	0.1896	-0.6150	0.7650	-0.0262	228.44	61.95	68.58
2026-06-16T15:37:51.1804194+08:00	0x08	0.0319	-0.0877	0.7494	0.6556	97.30	356.09	9.98
2026-06-16T15:37:51.1804194+08:00	0x03	-0.1991	0.5390	0.7308	0.3685	114.47	17.36	290.84
2026-06-16T15:37:51.1804194+08:00	0x04	-0.2519	0.1234	0.4923	-0.8240	293.97	331.83	17.07
2026-06-16T15:37:51.1804194+08:00	0x09	0.2991	0.6108	-0.4186	0.6018	343.61	81.22	60.63
2026-06-16T15:37:51.1804194+08:00	0x07	0.6060	0.3288	-0.7151	0.1149	162.82	273.56	37.56
2026-06-16T15:37:51.1804194+08:00	0x01	0.1762	-0.6341	0.7522	-0.0325	234.57	66.41	70.47
2026-06-16T15:37:51.1804194+08:00	0x08	0.0316	-0.0879	0.7494	0.6555	97.31	356.05	9.98
2026-06-16T15:37:51.1804194+08:00	0x03	-0.1986	0.5378	0.7300	0.3720	113.70	17.83	291.10
2026-06-16T15:37:51.1804194+08:00	0x04	-0.2521	0.1186	0.4954	-0.8228	293.59	332.22	17.29
2026-06-16T15:37:51.1804194+08:00	0x09	0.2997	0.6105	-0.4191	0.6015	343.57	81.19	60.73
2026-06-16T15:37:51.1804194+08:00	0x07	0.6061	0.3288	-0.7152	0.1148	162.81	273.56	37.54
2026-06-16T15:37:51.1813838+08:00	0x01	0.1897	-0.6461	0.7393	-0.0062	237.02	72.12	72.35
2026-06-16T15:37:51.1813838+08:00	0x08	0.0318	-0.0876	0.7493	0.6556	97.29	356.08	9.96
2026-06-16T15:37:51.1813838+08:00	0x03	-0.2002	0.5402	0.7259	0.3757	112.18	18.90	290.82
2026-06-16T15:37:51.1813838+08:00	0x02	-0.3936	-0.2672	-0.8723	-0.1132	153.88	53.77	337.85
2026-06-16T15:37:51.1813838+08:00	0x09	0.3008	0.6100	-0.4200	0.6008	343.54	81.15	60.91
2026-06-16T15:37:51.1813838+08:00	0x07	0.6058	0.3291	-0.7152	0.1148	162.78	273.58	37.58
2026-06-16T15:37:51.1813838+08:00	0x06	-0.1494	-0.0734	-0.4354	0.8847	307.60	0.01	340.84
2026-06-16T15:37:51.1813838+08:00	0x08	0.0317	-0.0877	0.7495	0.6554	97.32	356.08	9.96
2026-06-16T15:37:51.1813838+08:00	0x03	-0.1896	0.5372	0.6905	0.4457	93.53	31.74	294.36
2026-06-16T15:37:51.1813838+08:00	0x02	-0.3909	-0.2640	-0.8745	-0.1126	154.22	53.25	338.06
2026-06-16T15:37:51.1813838+08:00	0x07	0.6057	0.3294	-0.7151	0.1151	162.78	273.56	37.62
2026-06-16T15:37:51.1813838+08:00	0x01	0.1893	-0.6457	0.7397	-0.0070	236.94	71.93	72.29
2026-06-16T15:37:51.1813838+08:00	0x08	0.0311	-0.0869	0.7491	0.6560	97.24	356.08	9.84
2026-06-16T15:37:51.1813838+08:00	0x03	-0.1665	0.4932	0.6891	0.5042	90.56	30.30	302.05
2026-06-16T15:37:51.1813838+08:00	0x04	-0.2790	0.1137	0.5555	-0.7750	283.80	329.29	17.83
2026-06-16T15:37:51.1813838+08:00	0x09	0.3025	0.6094	-0.4214	0.5996	343.50	81.12	61.21
2026-06-16T15:37:51.1813838+08:00	0x07	0.6048	0.3302	-0.7155	0.1151	162.75	273.65	37.71
2026-06-16T15:37:51.1813838+08:00	0x08	0.0317	-0.0868	0.7487	0.6565	97.17	356.14	9.88
2026-06-16T15:37:51.1813838+08:00	0x04	-0.3158	0.0585	0.4595	-0.8281	295.37	334.00	27.98
2026-06-16T15:37:51.1813838+08:00	0x09	0.3034	0.6090	-0.4220	0.5992	343.50	81.09	61.35
2026-06-16T15:37:51.1813838+08:00	0x07	0.6045	0.3287	-0.7163	0.1160	163.02	273.84	37.67
2026-06-16T15:37:51.1813838+08:00	0x06	-0.1535	-0.0741	-0.4398	0.8818	306.94	0.26	340.38
2026-06-16T15:37:51.1813838+08:00	0x01	-0.0726	-0.6664	0.4728	-0.5719	320.70	81.70	45.50
2026-06-16T15:37:51.1813838+08:00	0x03	-0.3221	0.4331	0.6334	0.5545	91.35	9.81	295.06
2026-06-16T15:37:51.1813838+08:00	0x08	0.0334	-0.0922	0.7502	0.6539	97.47	355.90	10.49
2026-06-16T15:37:51.1813838+08:00	0x02	-0.4130	0.2729	-0.8134	0.3056	227.40	58.70	11.04
2026-06-16T15:37:51.1813838+08:00	0x09	0.2993	0.6075	-0.4245	0.6010	342.35	80.14	61.11
2026-06-16T15:37:51.1813838+08:00	0x07	0.6091	0.3109	-0.7194	0.1217	165.31	274.61	36.55
2026-06-16T15:37:51.1813838+08:00	0x01	-0.3146	-0.5694	0.5016	-0.5703	324.42	65.29	68.44
2026-06-16T15:37:51.1813838+08:00	0x08	0.0334	-0.1007	0.7454	0.6581	96.65	355.17	11.19
2026-06-16T15:37:51.1813838+08:00	0x03	-0.4325	0.4308	0.5580	0.5622	89.28	0.38	284.76
2026-06-16T15:37:51.1813838+08:00	0x09	0.3045	0.6065	-0.4247	0.5993	342.89	80.43	61.66
2026-06-16T15:37:51.1813838+08:00	0x06	-0.1431	-0.0935	-0.4395	0.8818	307.42	357.62	340.46
2026-06-16T15:37:51.1813838+08:00	0x07	0.6083	0.3180	-0.7175	0.1186	164.27	274.14	36.92
2026-06-16T15:37:51.1813838+08:00	0x01	-0.3798	-0.5205	0.4793	-0.5959	325.11	56.50	72.11
2026-06-16T15:37:51.1813838+08:00	0x04	-0.3147	0.0602	0.4625	-0.8267	295.00	333.82	27.69
2026-06-16T15:37:51.1813838+08:00	0x03	-0.4455	0.4342	0.5440	0.5631	87.17	1.09	283.06
2026-06-16T15:37:51.1813838+08:00	0x02	-0.6072	0.4444	-0.1441	0.6427	286.96	100.06	319.27
2026-06-16T15:37:51.1813838+08:00	0x08	0.0338	-0.1015	0.7445	0.6590	96.48	355.11	11.28
2026-06-16T15:37:51.1813838+08:00	0x09	0.3050	0.6056	-0.4262	0.5988	342.63	80.19	61.82
2026-06-16T15:37:51.1813838+08:00	0x07	0.6082	0.3169	-0.7180	0.1189	164.43	274.26	36.85
2026-06-16T15:37:51.1813838+08:00	0x06	-0.1427	-0.0947	-0.4397	0.8817	307.42	357.48	340.44
2026-06-16T15:37:51.1813838+08:00	0x08	0.0329	-0.1026	0.7443	0.6591	96.44	354.95	11.31
2026-06-16T15:37:51.1813838+08:00	0x02	-0.7182	0.2863	0.1151	0.6236	257.75	135.57	285.90
2026-06-16T15:37:51.1813838+08:00	0x09	0.3059	0.6051	-0.4271	0.5982	342.56	80.13	61.99
2026-06-16T15:37:51.1813838+08:00	0x01	-0.4254	-0.4861	0.5039	-0.5735	308.41	37.89	77.89
2026-06-16T15:37:51.1813838+08:00	0x08	0.0331	-0.1027	0.7440	0.6594	96.39	354.95	11.33
2026-06-16T15:37:51.1813838+08:00	0x03	-0.4486	0.4334	0.5358	0.5690	84.00	3.21	282.83
2026-06-16T15:37:51.1813838+08:00	0x02	-0.7478	0.2150	0.1772	0.6027	210.79	181.60	282.17
2026-06-16T15:37:51.1813838+08:00	0x09	0.3073	0.6043	-0.4281	0.5976	342.49	80.03	62.21
2026-06-16T15:37:51.1813838+08:00	0x06	-0.1441	-0.0931	-0.4386	0.8822	307.53	357.69	340.37
2026-06-16T15:37:51.1813838+08:00	0x01	-0.4471	-0.4703	0.5152	-0.5599	293.93	22.69	80.15
2026-06-16T15:37:51.1813838+08:00	0x03	-0.4500	0.4322	0.5342	0.5704	83.71	3.17	282.82
2026-06-16T15:37:51.1813838+08:00	0x08	0.0329	-0.1029	0.7437	0.6597	96.35	354.92	11.33
2026-06-16T15:37:51.1813838+08:00	0x02	-0.7660	0.1542	0.2285	0.5808	174.00	217.72	286.22
2026-06-16T15:37:51.1813838+08:00	0x06	-0.1448	-0.0924	-0.4388	0.8820	307.47	357.81	340.33
2026-06-16T15:37:51.1813838+08:00	0x01	-0.4546	-0.4627	0.5215	-0.5543	285.18	13.77	80.61
2026-06-16T15:37:51.1813838+08:00	0x07	0.6074	0.3204	-0.7172	0.1187	164.06	274.09	37.13
2026-06-16T15:37:51.1813838+08:00	0x09	0.3083	0.6038	-0.4291	0.5969	342.42	79.96	62.40
2026-06-16T15:37:51.1813838+08:00	0x04	-0.6759	0.2072	0.5508	-0.4436	235.90	270.02	21.80
2026-06-16T15:37:51.1823808+08:00	0x02	-0.7753	0.1180	0.2575	0.5646	162.16	229.15	290.59
2026-06-16T15:37:51.1823808+08:00	0x09	0.3102	0.6030	-0.4293	0.5966	342.54	79.94	62.60
2026-06-16T15:37:51.1823808+08:00	0x06	-0.1494	-0.0868	-0.4353	0.8835	307.79	358.58	340.15
2026-06-16T15:37:51.1823808+08:00	0x07	0.6058	0.3253	-0.7168	0.1159	163.34	273.92	37.36
2026-06-16T15:37:51.1823808+08:00	0x04	-0.6573	0.2971	0.5997	-0.3464	234.11	267.65	5.68
2026-06-16T15:37:51.1823808+08:00	0x08	0.0389	-0.0948	0.7433	0.6611	96.31	356.05	11.09
2026-06-16T15:37:51.1823808+08:00	0x02	-0.7727	0.0969	0.2965	0.5528	154.30	238.76	294.25
2026-06-16T15:37:51.1823808+08:00	0x09	0.3155	0.6012	-0.4290	0.5958	343.05	80.06	63.10
2026-06-16T15:37:51.1823808+08:00	0x06	-0.1547	-0.0801	-0.4328	0.8845	307.93	359.52	339.93
2026-06-16T15:37:51.1823808+08:00	0x07	0.6043	0.3307	-0.7158	0.1143	162.65	273.69	37.70
2026-06-16T15:37:51.1823808+08:00	0x04	-0.6365	0.3338	0.6063	-0.3403	236.93	268.10	1.63
2026-06-16T15:37:51.1823808+08:00	0x03	-0.3997	0.4714	0.5673	0.5442	81.30	14.18	284.09
2026-06-16T15:37:51.1823808+08:00	0x02	-0.7486	0.0754	0.3559	0.5543	143.03	253.60	297.93
2026-06-16T15:37:51.1823808+08:00	0x09	0.3176	0.6011	-0.4293	0.5946	343.32	80.29	63.35
2026-06-16T15:37:51.1823808+08:00	0x06	-0.1562	-0.0775	-0.4335	0.8841	307.78	359.90	339.92
2026-06-16T15:37:51.1823808+08:00	0x01	-0.2641	-0.5723	0.4892	-0.6029	323.03	64.55	61.44
2026-06-16T15:37:51.1823808+08:00	0x07	0.6045	0.3296	-0.7160	0.1150	162.82	273.76	37.66
2026-06-16T15:37:51.1823808+08:00	0x03	-0.3806	0.4671	0.5888	0.5387	86.55	11.37	286.23
2026-06-16T15:37:51.1823808+08:00	0x04	-0.6047	0.2967	0.6522	-0.3477	234.38	275.31	1.91
2026-06-16T15:37:51.1823808+08:00	0x02	-0.6757	0.0194	0.3304	0.6588	107.80	281.58	295.44
2026-06-16T15:37:51.1823808+08:00	0x09	0.3166	0.6024	-0.4298	0.5934	343.34	80.55	63.33
2026-06-16T15:37:51.1823808+08:00	0x06	-0.1538	-0.0776	-0.4339	0.8843	307.78	359.77	340.16
2026-06-16T15:37:51.1823808+08:00	0x07	0.6045	0.3303	-0.7157	0.1148	162.71	273.69	37.71
2026-06-16T15:37:51.1823808+08:00	0x01	-0.2600	-0.6232	0.4503	-0.5841	336.25	79.90	59.89
2026-06-16T15:37:51.1823808+08:00	0x03	-0.3699	0.4707	0.5870	0.5451	82.71	15.56	287.10
2026-06-16T15:37:51.1823808+08:00	0x08	0.0347	-0.0870	0.7473	0.6579	96.96	356.36	10.12
2026-06-16T15:37:51.1823808+08:00	0x09	0.3170	0.6023	-0.4300	0.5931	343.36	80.57	63.39
2026-06-16T15:37:51.1823808+08:00	0x01	-0.2428	-0.6340	0.4303	-0.5949	338.25	81.83	56.56
2026-06-16T15:37:51.1823808+08:00	0x07	0.6045	0.3306	-0.7155	0.1151	162.71	273.67	37.76
2026-06-16T15:37:51.1823808+08:00	0x03	-0.3625	0.4684	0.5920	0.5466	83.27	15.52	288.04
2026-06-16T15:37:51.1823808+08:00	0x08	0.0345	-0.0859	0.7472	0.6581	96.94	356.41	10.01
2026-06-16T15:37:51.1823808+08:00	0x02	-0.4228	-0.3914	0.2732	0.7703	56.74	291.95	334.05
2026-06-16T15:37:51.1823808+08:00	0x06	-0.1526	-0.0787	-0.4341	0.8843	307.78	359.59	340.23
2026-06-16T15:37:51.1823808+08:00	0x01	-0.2773	-0.6167	0.4534	-0.5807	337.02	79.57	61.80
2026-06-16T15:37:51.1823808+08:00	0x07	0.6015	0.3319	-0.7173	0.1168	162.89	274.10	38.06
2026-06-16T15:37:51.1823808+08:00	0x08	0.0344	-0.0868	0.7470	0.6583	96.90	356.34	10.08
2026-06-16T15:37:51.1823808+08:00	0x03	-0.3639	0.4632	0.5999	0.5415	87.15	12.01	288.24
2026-06-16T15:37:51.1823808+08:00	0x02	-0.6553	-0.2474	0.0410	0.7125	70.19	272.64	293.99
2026-06-16T15:37:51.1823808+08:00	0x09	0.3090	0.5948	-0.4339	0.6021	340.31	77.25	62.65
2026-06-16T15:37:51.1823808+08:00	0x06	-0.1494	-0.0906	-0.4412	0.8802	307.06	358.31	339.94
2026-06-16T15:37:51.1823808+08:00	0x07	0.5955	0.3262	-0.7235	0.1244	164.59	275.70	38.33
2026-06-16T15:37:51.1823808+08:00	0x03	-0.3713	0.4560	0.5976	0.5450	88.17	9.80	288.24
2026-06-16T15:37:51.1823808+08:00	0x08	0.0328	-0.0876	0.7471	0.6581	96.91	356.14	10.03
2026-06-16T15:37:51.1823808+08:00	0x09	0.3090	0.5921	-0.4343	0.6044	339.79	76.45	62.60
2026-06-16T15:37:51.1823808+08:00	0x06	-0.1588	-0.0819	-0.4319	0.8840	308.01	359.53	339.42
2026-06-16T15:37:51.1823808+08:00	0x01	-0.2752	-0.6246	0.4534	-0.5732	338.08	81.68	61.87
2026-06-16T15:37:51.1823808+08:00	0x07	0.5867	0.3367	-0.7257	0.1256	164.00	276.31	39.50
2026-06-16T15:37:51.1823808+08:00	0x08	0.0310	-0.0841	0.7478	0.6579	97.00	356.26	9.59
2026-06-16T15:37:51.1823808+08:00	0x03	-0.3475	0.4674	0.6125	0.5344	88.59	12.94	289.27
2026-06-16T15:37:51.1823808+08:00	0x09	0.3040	0.5874	-0.4358	0.6104	338.12	74.55	62.03
2026-06-16T15:37:51.1823808+08:00	0x06	-0.1599	-0.0801	-0.4311	0.8844	308.07	359.77	339.40
2026-06-16T15:37:51.1823808+08:00	0x07	0.5823	0.3413	-0.7267	0.1279	163.93	276.68	40.16
2026-06-16T15:37:51.1823808+08:00	0x04	-0.6034	0.1771	0.6256	-0.4618	237.17	282.83	19.61
2026-06-16T15:37:51.1823808+08:00	0x08	0.0294	-0.0872	0.7473	0.6581	96.92	355.88	9.73
2026-06-16T15:37:51.1823808+08:00	0x09	0.3046	0.5907	-0.4412	0.6030	337.94	75.28	62.69
2026-06-16T15:37:51.1823808+08:00	0x01	-0.2293	-0.6635	0.4521	-0.5503	338.33	88.43	58.46
2026-06-16T15:37:51.1823808+08:00	0x07	0.6029	0.2778	-0.7352	0.1373	170.64	278.33	35.03
2026-06-16T15:37:51.1823808+08:00	0x08	0.0214	-0.1069	0.7500	0.6524	97.36	353.72	10.85
2026-06-16T15:37:51.1823808+08:00	0x03	-0.4113	0.4269	0.5652	0.5737	85.61	4.79	287.35
2026-06-16T15:37:51.1833795+08:00	0x09	0.3023	0.5920	-0.4459	0.5994	337.17	75.20	62.92
2026-06-16T15:37:51.1833795+08:00	0x06	-0.1486	-0.1036	-0.4431	0.8780	307.00	356.92	339.34
2026-06-16T15:37:51.1833795+08:00	0x01	-0.2991	-0.5444	0.3146	-0.7178	348.57	68.94	50.52
2026-06-16T15:37:51.1833795+08:00	0x07	0.5985	0.3149	-0.7265	0.1214	165.44	276.13	37.08
2026-06-16T15:37:51.1833795+08:00	0x08	0.0334	-0.1016	0.7437	0.6599	96.35	355.06	11.26
2026-06-16T15:37:51.1833795+08:00	0x04	-0.7171	0.1711	0.5435	-0.4015	227.76	264.59	22.94
2026-06-16T15:37:51.1833795+08:00	0x03	-0.4995	0.3938	0.5160	0.5737	99.06	341.52	281.61
2026-06-16T15:37:51.1833795+08:00	0x02	-0.5498	-0.1778	0.3093	0.7553	72.87	298.63	313.90
2026-06-16T15:37:51.1833795+08:00	0x09	0.3104	0.5945	-0.4436	0.5946	339.04	76.88	63.69
2026-06-16T15:37:51.1833795+08:00	0x06	-0.1612	-0.0912	-0.4367	0.8803	307.46	358.79	338.69
2026-06-16T15:37:51.1833795+08:00	0x01	-0.3557	-0.4514	0.3160	-0.7549	344.09	53.37	55.32
2026-06-16T15:37:51.1833795+08:00	0x08	0.0324	-0.1056	0.7426	0.6606	96.15	354.65	11.51
2026-06-16T15:37:51.1833795+08:00	0x03	-0.5170	0.3905	0.5080	0.5676	106.35	332.92	280.38
2026-06-16T15:37:51.1833795+08:00	0x04	-0.7126	0.2388	0.5589	-0.3505	228.82	262.34	13.45
2026-06-16T15:37:51.1833795+08:00	0x09	0.3231	0.5967	-0.4462	0.5834	341.03	79.04	65.44
2026-06-16T15:37:51.1833795+08:00	0x01	-0.3603	-0.4589	0.3452	-0.7351	340.60	53.16	57.84
2026-06-16T15:37:51.1833795+08:00	0x07	0.6123	0.3090	-0.7202	0.1045	163.86	274.14	34.96
2026-06-16T15:37:51.1833795+08:00	0x08	0.0323	-0.1041	0.7419	0.6616	96.02	354.74	11.38
2026-06-16T15:37:51.1833795+08:00	0x02	-0.5265	-0.2162	0.3552	0.7415	75.64	296.87	321.15
2026-06-16T15:37:51.1833795+08:00	0x03	-0.5139	0.3910	0.5240	0.5553	113.26	327.85	281.31
2026-06-16T15:37:51.1833795+08:00	0x06	-0.1584	-0.0876	-0.4378	0.8806	307.30	359.05	339.16
2026-06-16T15:37:51.1833795+08:00	0x09	0.3254	0.5969	-0.4472	0.5813	341.30	79.35	65.80
2026-06-16T15:37:51.1833795+08:00	0x01	-0.3683	-0.4647	0.3849	-0.7073	334.95	51.56	61.49
2026-06-16T15:37:51.1833795+08:00	0x07	0.6151	0.3045	-0.7202	0.1011	163.91	274.01	34.26
2026-06-16T15:37:51.1833795+08:00	0x08	0.0333	-0.1010	0.7417	0.6623	95.99	355.07	11.18
2026-06-16T15:37:51.1833795+08:00	0x02	-0.4365	-0.2851	0.3353	0.7847	63.05	301.66	330.40
2026-06-16T15:37:51.1833795+08:00	0x09	0.3267	0.5968	-0.4475	0.5803	341.46	79.51	65.98
2026-06-16T15:37:51.1833795+08:00	0x06	-0.1580	-0.0869	-0.4355	0.8819	307.61	359.05	339.24
2026-06-16T15:37:51.1833795+08:00	0x01	-0.2659	-0.4377	0.3825	-0.7690	327.86	44.66	48.05
2026-06-16T15:37:51.1833795+08:00	0x07	0.6156	0.3064	-0.7192	0.0995	163.54	273.76	34.28
2026-06-16T15:37:51.1833795+08:00	0x04	-0.6754	0.3047	0.5985	-0.3046	230.99	264.37	2.67
2026-06-16T15:37:51.1833795+08:00	0x02	-0.5119	-0.2044	0.4354	0.7118	83.33	298.04	326.59
2026-06-16T15:37:51.1833795+08:00	0x09	0.3254	0.5961	-0.4492	0.5805	340.85	79.01	65.97
2026-06-16T15:37:51.1833795+08:00	0x01	-0.3472	-0.4498	0.3599	-0.7400	336.23	49.58	56.90
2026-06-16T15:37:51.1833795+08:00	0x07	0.6151	0.3059	-0.7198	0.0996	163.63	273.89	34.26
2026-06-16T15:37:51.1833795+08:00	0x08	0.0325	-0.1039	0.7423	0.6612	96.10	354.78	11.38
2026-06-16T15:37:51.1833795+08:00	0x02	-0.5045	-0.2065	0.4467	0.7094	83.77	298.61	327.90
2026-06-16T15:37:51.1833795+08:00	0x03	-0.5046	0.3993	0.5277	0.5545	109.95	332.44	281.18
2026-06-16T15:37:51.1833795+08:00	0x06	-0.1569	-0.0892	-0.4392	0.8801	307.17	358.82	339.24
2026-06-16T15:37:51.1833795+08:00	0x09	0.3270	0.5953	-0.4500	0.5798	340.83	78.95	66.21
2026-06-16T15:37:51.1833795+08:00	0x01	-0.3513	-0.4491	0.3624	-0.7373	335.97	49.37	57.51
2026-06-16T15:37:51.1833795+08:00	0x07	0.6158	0.3019	-0.7208	0.1006	164.12	274.10	33.99
2026-06-16T15:37:51.1833795+08:00	0x04	-0.6766	0.3188	0.6033	-0.2768	229.95	263.17	359.42
2026-06-16T15:37:51.1833795+08:00	0x03	-0.5121	0.3863	0.5237	0.5605	110.92	329.71	281.82
2026-06-16T15:37:51.1833795+08:00	0x02	-0.5101	-0.2142	0.4463	0.7034	84.51	297.14	328.24
2026-06-16T15:37:51.1833795+08:00	0x09	0.3263	0.5959	-0.4507	0.5790	340.74	79.03	66.21
2026-06-16T15:37:51.1833795+08:00	0x06	-0.1568	-0.0899	-0.4379	0.8807	307.36	358.71	339.21
2026-06-16T15:37:51.1833795+08:00	0x07	0.6160	0.3021	-0.7206	0.0996	164.00	274.04	33.93
2026-06-16T15:37:51.1833795+08:00	0x04	-0.6695	0.3349	0.6065	-0.2680	230.75	263.06	357.28
2026-06-16T15:37:51.1833795+08:00	0x02	-0.5066	-0.2082	0.4629	0.6969	86.12	297.78	329.11
2026-06-16T15:37:51.1833795+08:00	0x09	0.3291	0.5947	-0.4512	0.5783	340.88	78.98	66.54
2026-06-16T15:37:51.1833795+08:00	0x01	-0.3460	-0.4511	0.3721	-0.7337	334.20	48.84	57.50
2026-06-16T15:37:51.1833795+08:00	0x07	0.6169	0.3000	-0.7209	0.0985	164.09	274.06	33.65
2026-06-16T15:37:51.1833795+08:00	0x04	-0.6611	0.3376	0.6119	-0.2731	231.42	264.14	357.01
2026-06-16T15:37:51.1833795+08:00	0x03	-0.5075	0.4015	0.5335	0.5446	115.93	327.32	281.12
2026-06-16T15:37:51.1833795+08:00	0x09	0.3297	0.5945	-0.4523	0.5773	340.76	78.94	66.70
2026-06-16T15:37:51.1833795+08:00	0x01	-0.3417	-0.4582	0.3729	-0.7309	334.60	50.13	57.27
2026-06-16T15:37:51.1833795+08:00	0x07	0.6169	0.3007	-0.7206	0.0983	164.00	273.99	33.69
2026-06-16T15:37:51.1833795+08:00	0x08	0.0330	-0.1050	0.7412	0.6622	95.91	354.72	11.50
2026-06-16T15:37:51.1833795+08:00	0x03	-0.5084	0.3990	0.5348	0.5443	116.78	326.37	281.40
2026-06-16T15:37:51.1833795+08:00	0x02	-0.5037	-0.2103	0.4712	0.6929	86.78	297.82	330.01
2026-06-16T15:37:51.1833795+08:00	0x06	-0.1563	-0.0891	-0.4372	0.8812	307.45	358.75	339.31
2026-06-16T15:37:51.1844190+08:00	0x01	-0.3417	-0.4593	0.3722	-0.7306	334.83	50.41	57.26
2026-06-16T15:37:51.1844190+08:00	0x07	0.6169	0.3009	-0.7206	0.0982	163.97	273.99	33.69
2026-06-16T15:37:51.1844190+08:00	0x08	0.0331	-0.1050	0.7413	0.6621	95.92	354.73	11.51
2026-06-16T15:37:51.1844190+08:00	0x04	-0.6622	0.3408	0.6113	-0.2676	231.27	263.71	356.43
2026-06-16T15:37:51.1844190+08:00	0x03	-0.5086	0.3993	0.5350	0.5437	117.10	326.10	281.38
2026-06-16T15:37:51.1844190+08:00	0x02	-0.5032	-0.2108	0.4739	0.6912	87.07	297.77	330.28
2026-06-16T15:37:51.1844190+08:00	0x09	0.3319	0.5934	-0.4539	0.5759	340.67	78.83	67.07
2026-06-16T15:37:51.1844190+08:00	0x01	-0.3410	-0.4604	0.3717	-0.7305	334.99	50.66	57.19
2026-06-16T15:37:51.1844190+08:00	0x07	0.6170	0.3009	-0.7205	0.0982	163.97	273.97	33.70
2026-06-16T15:37:51.1844190+08:00	0x08	0.0329	-0.1054	0.7413	0.6621	95.93	354.69	11.53
2026-06-16T15:37:51.1844190+08:00	0x04	-0.6638	0.3394	0.6114	-0.2653	230.94	263.58	356.41
2026-06-16T15:37:51.1844190+08:00	0x02	-0.5034	-0.2121	0.4746	0.6902	87.18	297.62	330.42
2026-06-16T15:37:51.1844190+08:00	0x09	0.3330	0.5927	-0.4549	0.5752	340.57	78.72	67.26
2026-06-16T15:37:51.1844190+08:00	0x07	0.6171	0.3007	-0.7205	0.0983	164.00	273.97	33.68
2026-06-16T15:37:51.1844190+08:00	0x08	0.0334	-0.1050	0.7410	0.6624	95.88	354.76	11.53
2026-06-16T15:37:51.1844190+08:00	0x03	-0.5050	0.4035	0.5368	0.5422	116.33	327.51	281.23
2026-06-16T15:37:51.1844190+08:00	0x09	0.3345	0.5918	-0.4558	0.5745	340.50	78.60	67.50
2026-06-16T15:37:51.1844190+08:00	0x07	0.6168	0.3018	-0.7203	0.0981	163.87	273.94	33.77
2026-06-16T15:37:51.1844190+08:00	0x08	0.0336	-0.1047	0.7412	0.6622	95.91	354.80	11.52
2026-06-16T15:37:51.1844190+08:00	0x02	-0.5014	-0.2115	0.4792	0.6886	87.51	297.85	330.80
2026-06-16T15:37:51.1844190+08:00	0x03	-0.5041	0.4031	0.5388	0.5414	116.65	327.38	281.43
2026-06-16T15:37:51.1844190+08:00	0x04	-0.6582	0.3436	0.6143	-0.2673	231.50	264.10	355.97
2026-06-16T15:37:51.1844190+08:00	0x01	-0.3358	-0.4649	0.3729	-0.7294	334.97	51.34	56.78
2026-06-16T15:37:51.1844190+08:00	0x07	0.6165	0.3025	-0.7203	0.0981	163.80	273.92	33.83
2026-06-16T15:37:51.1844190+08:00	0x08	0.0337	-0.1048	0.7412	0.6622	95.92	354.80	11.54
2026-06-16T15:37:51.1844190+08:00	0x02	-0.5010	-0.2113	0.4810	0.6878	87.68	297.87	330.93
2026-06-16T15:37:51.1844190+08:00	0x03	-0.5035	0.4040	0.5389	0.5411	116.48	327.66	281.36
2026-06-16T15:37:51.1844190+08:00	0x09	0.3366	0.5907	-0.4577	0.5730	340.31	78.41	67.88
2026-06-16T15:37:51.1844190+08:00	0x07	0.6165	0.3027	-0.7202	0.0982	163.80	273.91	33.86
2026-06-16T15:37:51.1844190+08:00	0x08	0.0338	-0.1046	0.7413	0.6621	95.94	354.82	11.53
2026-06-16T15:37:51.1844190+08:00	0x03	-0.5032	0.4045	0.5392	0.5408	116.52	327.70	281.35
2026-06-16T15:37:51.1844190+08:00	0x06	-0.1570	-0.0879	-0.4361	0.8817	307.56	358.90	339.29
2026-06-16T15:37:51.1844190+08:00	0x01	-0.3335	-0.4670	0.3725	-0.7293	335.12	51.73	56.55
2026-06-16T15:37:51.1844190+08:00	0x07	0.6164	0.3030	-0.7201	0.0984	163.79	273.91	33.90
2026-06-16T15:37:51.1844190+08:00	0x08	0.0340	-0.1043	0.7414	0.6621	95.95	354.87	11.52
2026-06-16T15:37:51.1844190+08:00	0x02	-0.4996	-0.2114	0.4828	0.6874	87.74	298.02	331.14
2026-06-16T15:37:51.1844190+08:00	0x03	-0.5017	0.4055	0.5403	0.5403	116.27	328.19	281.38
2026-06-16T15:37:51.1844190+08:00	0x09	0.3385	0.5892	-0.4596	0.5718	340.03	78.11	68.24
2026-06-16T15:37:51.1844190+08:00	0x06	-0.1576	-0.0877	-0.4365	0.8814	307.50	358.96	339.24
2026-06-16T15:37:51.1844190+08:00	0x04	-0.6582	0.3477	0.6128	-0.2652	231.73	263.76	355.59
2026-06-16T15:37:51.1844190+08:00	0x07	0.6162	0.3032	-0.7202	0.0985	163.78	273.92	33.92
2026-06-16T15:37:51.1844190+08:00	0x08	0.0331	-0.1039	0.7418	0.6617	96.02	354.83	11.42
2026-06-16T15:37:51.1844190+08:00	0x04	-0.6422	0.3461	0.6232	-0.2818	232.91	266.29	356.02
2026-06-16T15:37:51.1844190+08:00	0x03	-0.4876	0.4268	0.5471	0.5299	114.38	333.11	280.35
2026-06-16T15:37:51.1844190+08:00	0x06	-0.1603	-0.0834	-0.4352	0.8820	307.56	359.54	339.18
2026-06-16T15:37:51.1844190+08:00	0x01	-0.3269	-0.4405	0.3823	-0.7436	330.40	45.49	55.38
2026-06-16T15:37:51.1844190+08:00	0x07	0.6152	0.3069	-0.7196	0.0974	163.32	273.78	34.16
2026-06-16T15:37:51.1844190+08:00	0x08	0.0364	-0.1031	0.7417	0.6617	96.03	355.18	11.60
2026-06-16T15:37:51.1844190+08:00	0x04	-0.6495	0.3573	0.6084	-0.2833	234.17	264.30	356.18
2026-06-16T15:37:51.1844190+08:00	0x09	0.3429	0.5866	-0.4615	0.5703	339.87	77.75	68.85
2026-06-16T15:37:51.1844190+08:00	0x03	-0.4982	0.4287	0.5442	0.5214	122.33	324.99	279.55
2026-06-16T15:37:51.1844190+08:00	0x01	-0.3185	-0.4526	0.3831	-0.7395	331.08	47.69	54.88
2026-06-16T15:37:51.1844190+08:00	0x07	0.6148	0.3081	-0.7195	0.0968	163.16	273.76	34.22
2026-06-16T15:37:51.1844190+08:00	0x08	0.0368	-0.1024	0.7414	0.6622	95.98	355.26	11.57
2026-06-16T15:37:51.1844190+08:00	0x04	-0.6488	0.3567	0.6108	-0.2806	233.87	264.46	355.89
2026-06-16T15:37:51.1844190+08:00	0x03	-0.4974	0.4267	0.5465	0.5215	122.32	325.06	279.91
2026-06-16T15:37:51.1844190+08:00	0x06	-0.1626	-0.0814	-0.4345	0.8821	307.58	359.86	339.04
2026-06-16T15:37:51.1844190+08:00	0x01	-0.3190	-0.4559	0.3841	-0.7367	331.24	48.26	55.12
2026-06-16T15:37:51.1844190+08:00	0x07	0.6147	0.3086	-0.7194	0.0968	163.12	273.73	34.26
2026-06-16T15:37:51.1844190+08:00	0x08	0.0366	-0.1020	0.7419	0.6617	96.06	355.28	11.52
2026-06-16T15:37:51.1854154+08:00	0x02	-0.5022	-0.2019	0.4976	0.6778	89.98	298.16	331.33
2026-06-16T15:37:51.1854154+08:00	0x04	-0.6428	0.3654	0.6143	-0.2757	234.30	264.62	354.58
2026-06-16T15:37:51.1854154+08:00	0x03	-0.4984	0.4282	0.5426	0.5233	121.23	325.84	279.50
2026-06-16T15:37:51.1854154+08:00	0x06	-0.1635	-0.0807	-0.4339	0.8823	307.63	359.97	338.99
2026-06-16T15:37:51.1854154+08:00	0x07	0.6144	0.3092	-0.7194	0.0969	163.07	273.74	34.33
2026-06-16T15:37:51.1854154+08:00	0x01	-0.3250	-0.4472	0.3858	-0.7386	330.37	46.51	55.60
2026-06-16T15:37:51.1854154+08:00	0x08	0.0368	-0.1020	0.7419	0.6617	96.06	355.29	11.54
2026-06-16T15:37:51.1854154+08:00	0x02	-0.5019	-0.1993	0.5001	0.6769	90.27	298.36	331.31
2026-06-16T15:37:51.1854154+08:00	0x04	-0.6477	0.3592	0.6077	-0.2865	234.62	264.41	356.24
2026-06-16T15:37:51.1854154+08:00	0x09	0.3472	0.5844	-0.4652	0.5671	339.51	77.39	69.62
2026-06-16T15:37:51.1854154+08:00	0x06	-0.1632	-0.0809	-0.4341	0.8823	307.61	359.94	339.01
2026-06-16T15:37:51.1854154+08:00	0x07	0.6144	0.3093	-0.7193	0.0970	163.06	273.72	34.35
2026-06-16T15:37:51.1854154+08:00	0x01	-0.3241	-0.4484	0.3874	-0.7374	330.18	46.61	55.63
2026-06-16T15:37:51.1854154+08:00	0x04	-0.6528	0.3723	0.6007	-0.2727	234.80	262.53	354.76
2026-06-16T15:37:51.1854154+08:00	0x09	0.3480	0.5837	-0.4661	0.5665	339.35	77.22	69.79
2026-06-16T15:37:51.1854154+08:00	0x03	-0.4963	0.4292	0.5467	0.5202	122.36	325.30	279.72
2026-06-16T15:37:51.1854154+08:00	0x07	0.6144	0.3093	-0.7193	0.0970	163.06	273.73	34.35
2026-06-16T15:37:51.1854154+08:00	0x08	0.0371	-0.1021	0.7415	0.6621	96.00	355.31	11.57
2026-06-16T15:37:51.1854154+08:00	0x02	-0.4998	-0.1966	0.5027	0.6774	90.32	298.82	331.35
2026-06-16T15:37:51.1854154+08:00	0x09	0.3492	0.5825	-0.4674	0.5659	339.05	76.90	70.02
2026-06-16T15:37:51.1854154+08:00	0x06	-0.1628	-0.0814	-0.4343	0.8822	307.61	359.86	339.03
2026-06-16T15:37:51.1854154+08:00	0x07	0.6143	0.3094	-0.7194	0.0971	163.08	273.75	34.37
2026-06-16T15:37:51.1854154+08:00	0x08	0.0376	-0.1018	0.7416	0.6620	96.02	355.37	11.59
2026-06-16T15:37:51.1854154+08:00	0x04	-0.6455	0.3700	0.6073	-0.2784	235.01	263.82	354.83
2026-06-16T15:37:51.1854154+08:00	0x03	-0.4963	0.4326	0.5483	0.5156	124.62	323.60	279.52
2026-06-16T15:37:51.1854154+08:00	0x06	-0.1631	-0.0816	-0.4341	0.8822	307.62	359.85	338.99
2026-06-16T15:37:51.1854154+08:00	0x01	-0.3155	-0.4540	0.3889	-0.7369	330.10	47.48	54.90
2026-06-16T15:37:51.1854154+08:00	0x07	0.6137	0.3100	-0.7196	0.0975	163.07	273.80	34.45
2026-06-16T15:37:51.1854154+08:00	0x08	0.0377	-0.1021	0.7416	0.6620	96.02	355.35	11.62
2026-06-16T15:37:51.1854154+08:00	0x02	-0.4983	-0.1960	0.5058	0.6763	90.54	299.01	331.59
2026-06-16T15:37:51.1854154+08:00	0x04	-0.6453	0.3683	0.6070	-0.2819	235.13	264.00	355.22
2026-06-16T15:37:51.1854154+08:00	0x09	0.3511	0.5802	-0.4699	0.5650	338.37	76.16	70.41
2026-06-16T15:37:51.1854154+08:00	0x07	0.6137	0.3101	-0.7195	0.0975	163.06	273.79	34.47
2026-06-16T15:37:51.1854154+08:00	0x08	0.0378	-0.1021	0.7416	0.6620	96.02	355.36	11.63
2026-06-16T15:37:51.1854154+08:00	0x02	-0.4980	-0.1960	0.5065	0.6761	90.59	299.04	331.66
2026-06-16T15:37:51.1854154+08:00	0x03	-0.4959	0.4340	0.5478	0.5155	124.38	323.92	279.37
2026-06-16T15:37:51.1854154+08:00	0x09	0.3526	0.5789	-0.4715	0.5642	338.02	75.79	70.68
2026-06-16T15:37:51.1854154+08:00	0x07	0.6133	0.3103	-0.7197	0.0978	163.08	273.83	34.51
2026-06-16T15:37:51.1854154+08:00	0x08	0.0379	-0.1021	0.7416	0.6620	96.02	355.38	11.64
2026-06-16T15:37:51.1854154+08:00	0x02	-0.4976	-0.1961	0.5071	0.6759	90.61	299.08	331.72
2026-06-16T15:37:51.1854154+08:00	0x03	-0.4952	0.4349	0.5476	0.5155	123.96	324.41	279.29
2026-06-16T15:37:51.1854154+08:00	0x09	0.3540	0.5774	-0.4731	0.5634	337.61	75.35	70.96
2026-06-16T15:37:51.1854154+08:00	0x06	-0.1636	-0.0814	-0.4340	0.8822	307.62	359.91	338.94
2026-06-16T15:37:51.1863719+08:00	0x07	0.6131	0.3106	-0.7198	0.0981	163.08	273.86	34.57
2026-06-16T15:37:51.1863719+08:00	0x01	-0.3143	-0.4556	0.3893	-0.7362	330.12	47.74	54.85
2026-06-16T15:37:51.1863719+08:00	0x08	0.0380	-0.1021	0.7415	0.6620	96.02	355.38	11.64
2026-06-16T15:37:51.1863719+08:00	0x02	-0.4972	-0.1959	0.5072	0.6762	90.57	299.14	331.73
2026-06-16T15:37:51.1863719+08:00	0x03	-0.4952	0.4349	0.5480	0.5151	124.22	324.21	279.31
2026-06-16T15:37:51.1863719+08:00	0x09	0.3550	0.5764	-0.4743	0.5628	337.31	75.03	71.15
2026-06-16T15:37:51.1863719+08:00	0x06	-0.1638	-0.0814	-0.4340	0.8822	307.63	359.91	338.93
2026-06-16T15:37:51.1863719+08:00	0x01	-0.3142	-0.4553	0.3897	-0.7362	330.02	47.65	54.85
2026-06-16T15:37:51.1863719+08:00	0x07	0.6127	0.3109	-0.7199	0.0984	163.09	273.88	34.62
2026-06-16T15:37:51.1863719+08:00	0x02	-0.4968	-0.1959	0.5077	0.6761	90.59	299.18	331.78
2026-06-16T15:37:51.1863719+08:00	0x03	-0.4952	0.4349	0.5482	0.5150	124.32	324.13	279.33
2026-06-16T15:37:51.1863719+08:00	0x04	-0.6462	0.3649	0.6063	-0.2857	235.11	264.15	355.80
2026-06-16T15:37:51.1863719+08:00	0x09	0.3565	0.5754	-0.4756	0.5619	337.05	74.75	71.42
2026-06-16T15:37:51.1863719+08:00	0x07	0.6126	0.3110	-0.7200	0.0983	163.08	273.90	34.63
2026-06-16T15:37:51.1863719+08:00	0x01	-0.3169	-0.4518	0.3886	-0.7379	329.98	47.08	54.96
2026-06-16T15:37:51.1863719+08:00	0x08	0.0381	-0.1015	0.7419	0.6617	96.08	355.44	11.60
2026-06-16T15:37:51.1863719+08:00	0x02	-0.5003	-0.1991	0.5043	0.6751	90.60	298.51	331.66
2026-06-16T15:37:51.1863719+08:00	0x04	-0.6369	0.3577	0.6195	-0.2873	234.50	266.13	355.57
2026-06-16T15:37:51.1863719+08:00	0x09	0.3580	0.5743	-0.4766	0.5612	336.86	74.51	71.65
2026-06-16T15:37:51.1863719+08:00	0x06	-0.1651	-0.0801	-0.4331	0.8825	307.70	0.10	338.85
2026-06-16T15:37:51.1863719+08:00	0x07	0.6114	0.3126	-0.7202	0.0985	162.98	273.98	34.81
2026-06-16T15:37:51.1863719+08:00	0x08	0.0387	-0.0987	0.7425	0.6614	96.18	355.72	11.40
2026-06-16T15:37:51.1863719+08:00	0x02	-0.5019	-0.2063	0.4938	0.6795	89.44	297.91	331.43
2026-06-16T15:37:51.1863719+08:00	0x03	-0.4568	0.4483	0.5661	0.5195	108.10	344.09	280.83
2026-06-16T15:37:51.1863719+08:00	0x06	-0.1614	-0.0841	-0.4371	0.8808	307.29	359.57	339.04
2026-06-16T15:37:51.1863719+08:00	0x07	0.6114	0.3082	-0.7221	0.0989	163.50	274.33	34.47
2026-06-16T15:37:51.1863719+08:00	0x08	0.0382	-0.0961	0.7435	0.6606	96.36	355.90	11.15
2026-06-16T15:37:51.1863719+08:00	0x02	-0.4903	-0.2160	0.4889	0.6885	87.33	298.74	332.36
2026-06-16T15:37:51.1863719+08:00	0x04	-0.6083	0.3217	0.6535	-0.3153	233.52	273.03	357.89
2026-06-16T15:37:51.1863719+08:00	0x09	0.3626	0.5716	-0.4779	0.5598	336.72	74.10	72.24
2026-06-16T15:37:51.1863719+08:00	0x01	-0.2948	-0.5473	0.4499	-0.6412	328.89	62.51	60.52
2026-06-16T15:37:51.1863719+08:00	0x07	0.6116	0.3029	-0.7241	0.0993	164.12	274.73	34.07
2026-06-16T15:37:51.1863719+08:00	0x08	0.0398	-0.0887	0.7436	0.6616	96.36	356.60	10.64
2026-06-16T15:37:51.1863719+08:00	0x03	-0.3945	0.4790	0.5968	0.5088	95.83	4.13	283.33
2026-06-16T15:37:51.1863719+08:00	0x09	0.3625	0.5712	-0.4776	0.5606	336.63	73.93	72.17
2026-06-16T15:37:51.1863719+08:00	0x06	-0.1436	-0.1016	-0.4548	0.8731	305.48	357.14	339.93
2026-06-16T15:37:51.1863719+08:00	0x07	0.6148	0.2835	-0.7289	0.1015	166.23	275.67	32.55
2026-06-16T15:37:51.1863719+08:00	0x01	-0.2580	-0.5781	0.4121	-0.6553	335.37	70.00	54.55
2026-06-16T15:37:51.1863719+08:00	0x08	0.0349	-0.1003	0.7465	0.6568	96.85	355.34	11.28
2026-06-16T15:37:51.1863719+08:00	0x03	-0.4199	0.4544	0.5801	0.5298	96.29	358.61	283.55
2026-06-16T15:37:51.1863719+08:00	0x09	0.3560	0.5729	-0.4834	0.5580	334.76	73.02	72.02
2026-06-16T15:37:51.1863719+08:00	0x07	0.6166	0.2786	-0.7289	0.1044	166.91	275.73	32.34
2026-06-16T15:37:51.1863719+08:00	0x01	-0.2973	-0.5141	0.3471	-0.7258	341.21	61.39	52.05
2026-06-16T15:37:51.1863719+08:00	0x08	0.0331	-0.1060	0.7449	0.6579	96.55	354.72	11.62
2026-06-16T15:37:51.1863719+08:00	0x03	-0.4944	0.4078	0.5425	0.5432	112.58	332.40	281.62
2026-06-16T15:37:51.1863719+08:00	0x04	-0.6953	0.2532	0.5834	-0.3348	228.92	264.46	9.80
2026-06-16T15:37:51.1863719+08:00	0x06	-0.1633	-0.0857	-0.4298	0.8839	308.26	359.32	338.75
2026-06-16T15:37:51.1863719+08:00	0x07	0.6123	0.3051	-0.7228	0.0974	163.67	274.43	34.08
2026-06-16T15:37:51.1863719+08:00	0x09	0.3595	0.5723	-0.4849	0.5551	334.97	73.24	72.58
2026-06-16T15:37:51.1863719+08:00	0x08	0.0334	-0.1081	0.7431	0.6595	96.26	354.55	11.82
2026-06-16T15:37:51.1863719+08:00	0x02	-0.5053	-0.2124	0.4373	0.7130	82.73	298.19	327.68
2026-06-16T15:37:51.1863719+08:00	0x03	-0.5092	0.4084	0.5332	0.5382	118.86	325.05	280.40
2026-06-16T15:37:51.1863719+08:00	0x09	0.3616	0.5714	-0.4857	0.5540	334.91	73.11	72.87
2026-06-16T15:37:51.1863719+08:00	0x06	-0.1625	-0.0859	-0.4326	0.8826	307.90	359.32	338.83
2026-06-16T15:37:51.1863719+08:00	0x07	0.6141	0.3020	-0.7230	0.0949	163.72	274.37	33.59
2026-06-16T15:37:51.1863719+08:00	0x01	-0.3102	-0.4728	0.3449	-0.7492	338.58	53.91	52.27
2026-06-16T15:37:51.1863719+08:00	0x02	-0.5024	-0.2122	0.4431	0.7115	83.07	298.47	328.20
2026-06-16T15:37:51.1863719+08:00	0x03	-0.5062	0.4121	0.5430	0.5282	123.18	322.25	280.77
2026-06-16T15:37:51.1863719+08:00	0x09	0.3636	0.5707	-0.4866	0.5525	334.90	73.08	73.19
2026-06-16T15:37:51.1863719+08:00	0x06	-0.1616	-0.0861	-0.4333	0.8825	307.83	359.27	338.91
2026-06-16T15:37:51.1863719+08:00	0x07	0.6147	0.3010	-0.7230	0.0940	163.71	274.33	33.42
2026-06-16T15:37:51.1873686+08:00	0x01	-0.3137	-0.4765	0.3574	-0.7395	337.25	53.99	53.57
2026-06-16T15:37:51.1873686+08:00	0x08	0.0349	-0.1057	0.7418	0.6613	96.03	354.84	11.72
2026-06-16T15:37:51.1873686+08:00	0x02	-0.4998	-0.2142	0.4465	0.7106	83.17	298.55	328.73
2026-06-16T15:37:51.1873686+08:00	0x04	-0.6716	0.3099	0.5993	-0.3061	231.62	264.59	2.28
2026-06-16T15:37:51.1873686+08:00	0x03	-0.5048	0.4124	0.5467	0.5255	124.18	321.72	281.03
2026-06-16T15:37:51.1873686+08:00	0x09	0.3647	0.5701	-0.4874	0.5518	334.75	72.92	73.37
2026-06-16T15:37:51.1873686+08:00	0x01	-0.3154	-0.4772	0.3618	-0.7362	336.74	53.91	54.06
2026-06-16T15:37:51.1873686+08:00	0x02	-0.4979	-0.2150	0.4512	0.7087	83.52	298.63	329.22
2026-06-16T15:37:51.1873686+08:00	0x03	-0.5042	0.4124	0.5491	0.5237	124.98	321.20	281.21
2026-06-16T15:37:51.1873686+08:00	0x07	0.6148	0.3013	-0.7229	0.0931	163.60	274.28	33.37
2026-06-16T15:37:51.1873686+08:00	0x09	0.3661	0.5693	-0.4884	0.5508	334.58	72.74	73.61
2026-06-16T15:37:51.1873686+08:00	0x01	-0.3138	-0.4793	0.3602	-0.7362	337.10	54.39	53.84
2026-06-16T15:37:51.1873686+08:00	0x02	-0.4982	-0.2164	0.4533	0.7067	83.83	298.42	329.47
2026-06-16T15:37:51.1873686+08:00	0x03	-0.5045	0.4123	0.5461	0.5265	123.60	322.22	281.01
2026-06-16T15:37:51.1873686+08:00	0x04	-0.6649	0.3154	0.6061	-0.3018	231.75	265.24	1.09
2026-06-16T15:37:51.1873686+08:00	0x07	0.6148	0.3017	-0.7228	0.0928	163.53	274.27	33.38
2026-06-16T15:37:51.1873686+08:00	0x06	-0.1621	-0.0848	-0.4339	0.8822	307.72	359.45	338.92
2026-06-16T15:37:51.1873686+08:00	0x09	0.3674	0.5685	-0.4894	0.5499	334.35	72.49	73.83
2026-06-16T15:37:51.1873686+08:00	0x02	-0.4947	-0.2185	0.4539	0.7082	83.45	298.69	329.84
2026-06-16T15:37:51.1873686+08:00	0x04	-0.6617	0.3134	0.6096	-0.3039	231.76	265.86	1.15
2026-06-16T15:37:51.1873686+08:00	0x09	0.3681	0.5681	-0.4902	0.5491	334.21	72.38	73.98
2026-06-16T15:37:51.1873686+08:00	0x07	0.6145	0.3024	-0.7227	0.0927	163.45	274.25	33.44
2026-06-16T15:37:51.1873686+08:00	0x01	-0.3247	-0.4757	0.3693	-0.7293	336.02	53.45	55.59
2026-06-16T15:37:51.1873686+08:00	0x02	-0.4938	-0.2209	0.4533	0.7084	83.28	298.60	330.04
2026-06-16T15:37:51.1873686+08:00	0x03	-0.5077	0.4088	0.5507	0.5215	127.43	318.56	281.57
2026-06-16T15:37:51.1873686+08:00	0x07	0.6146	0.3023	-0.7227	0.0926	163.45	274.24	33.41
2026-06-16T15:37:51.1873686+08:00	0x01	-0.3218	-0.4883	0.3839	-0.7146	334.80	54.96	56.60
2026-06-16T15:37:51.1873686+08:00	0x02	-0.4931	-0.2230	0.4532	0.7083	83.20	298.49	330.24
2026-06-16T15:37:51.1873686+08:00	0x03	-0.4976	0.4145	0.5630	0.5133	128.00	320.08	282.12
2026-06-16T15:37:51.1873686+08:00	0x07	0.6144	0.3034	-0.7225	0.0921	163.30	274.19	33.48
2026-06-16T15:37:51.1873686+08:00	0x01	-0.2957	-0.5196	0.4084	-0.6898	332.48	59.04	56.34
2026-06-16T15:37:51.1873686+08:00	0x02	-0.4857	-0.2063	0.4338	0.7303	79.69	301.51	327.97
2026-06-16T15:37:51.1873686+08:00	0x03	-0.4442	0.4248	0.5825	0.5319	106.82	344.98	284.66
2026-06-16T15:37:51.1873686+08:00	0x07	0.6138	0.3062	-0.7219	0.0910	162.92	274.06	33.63
2026-06-16T15:37:51.1873686+08:00	0x06	-0.1613	-0.0819	-0.4311	0.8840	308.06	359.65	339.16
2026-06-16T15:37:51.1873686+08:00	0x01	-0.1914	-0.5981	0.5284	-0.5713	314.49	66.29	58.31
2026-06-16T15:37:51.1873686+08:00	0x02	-0.4860	-0.2068	0.4344	0.7296	79.80	301.41	328.03
2026-06-16T15:37:51.1873686+08:00	0x07	0.6140	0.3085	-0.7210	0.0899	162.56	273.84	33.73
2026-06-16T15:37:51.1873686+08:00	0x04	-0.4160	0.3479	0.6313	-0.5544	261.77	294.32	1.27
2026-06-16T15:37:51.1873686+08:00	0x09	0.3746	0.5649	-0.4926	0.5457	333.94	71.88	74.90
2026-06-16T15:37:51.1873686+08:00	0x01	-0.1947	-0.5961	0.5252	-0.5752	315.04	66.08	58.23
2026-06-16T15:37:51.1873686+08:00	0x08	0.0356	-0.0926	0.7439	0.6609	96.38	355.95	10.65
2026-06-16T15:37:51.1873686+08:00	0x03	-0.2554	0.4849	0.5504	0.6299	59.40	39.54	301.19
2026-06-16T15:37:51.1873686+08:00	0x02	-0.2606	-0.3469	0.1332	0.8910	26.78	312.20	338.16
2026-06-16T15:37:51.1873686+08:00	0x07	0.6130	0.3120	-0.7205	0.0881	162.07	273.72	33.89
2026-06-16T15:37:51.1873686+08:00	0x09	0.3772	0.5641	-0.4925	0.5450	334.21	71.98	75.17
2026-06-16T15:37:51.1873686+08:00	0x01	-0.0859	-0.6786	0.6768	-0.2722	285.36	75.75	74.86
2026-06-16T15:37:51.1873686+08:00	0x02	-0.1997	-0.2868	-0.3796	0.8566	319.72	335.79	325.95
2026-06-16T15:37:51.1873686+08:00	0x03	-0.2612	0.4834	0.5518	0.6274	59.93	38.78	300.54
2026-06-16T15:37:51.1873686+08:00	0x04	-0.4243	0.3475	0.6318	-0.5478	260.89	293.49	1.48
2026-06-16T15:37:51.1873686+08:00	0x07	0.6124	0.3131	-0.7205	0.0885	162.01	273.72	34.02
2026-06-16T15:37:51.1873686+08:00	0x08	0.0359	-0.0919	0.7454	0.6592	96.66	356.06	10.62
2026-06-16T15:37:51.1873686+08:00	0x03	0.0798	0.5906	0.6904	0.4102	87.05	64.02	311.41
2026-06-16T15:37:51.1873686+08:00	0x06	-0.1603	-0.0728	-0.4308	0.8851	307.99	0.56	339.73
2026-06-16T15:37:51.1873686+08:00	0x07	0.6124	0.3130	-0.7205	0.0888	162.04	273.74	34.04
2026-06-16T15:37:51.1873686+08:00	0x08	0.0362	-0.0915	0.7461	0.6585	96.78	356.12	10.62
2026-06-16T15:37:51.1883662+08:00	0x02	-0.2109	-0.2853	-0.5902	0.7251	286.25	347.57	320.01
2026-06-16T15:37:51.1883662+08:00	0x06	-0.1600	-0.0726	-0.4314	0.8849	307.91	0.59	339.77
2026-06-16T15:37:51.1883662+08:00	0x09	0.3796	0.5627	-0.4957	0.5417	333.50	71.43	75.75
2026-06-16T15:37:51.1883662+08:00	0x01	-0.0241	-0.6928	0.6653	-0.2772	288.70	83.68	69.25
2026-06-16T15:37:51.1883662+08:00	0x02	-0.2545	-0.2891	-0.8220	0.4195	228.45	14.04	316.46
2026-06-16T15:37:51.1883662+08:00	0x03	0.1053	0.5824	0.7221	0.3580	95.82	62.25	310.02
2026-06-16T15:37:51.1883662+08:00	0x07	0.6125	0.3123	-0.7207	0.0886	162.11	273.78	33.97
2026-06-16T15:37:51.1883662+08:00	0x09	0.3812	0.5620	-0.4969	0.5404	333.27	71.20	76.03
2026-06-16T15:37:51.1883662+08:00	0x08	0.0357	-0.0902	0.7467	0.6580	96.88	356.18	10.47
2026-06-16T15:37:51.1883662+08:00	0x02	-0.2273	-0.3508	-0.8295	0.3703	223.49	10.23	311.38
2026-06-16T15:37:51.1883662+08:00	0x06	-0.1548	-0.0765	-0.4353	0.8836	307.54	359.98	340.11
2026-06-16T15:37:51.1883662+08:00	0x09	0.3825	0.5613	-0.4977	0.5394	333.13	71.05	76.25
2026-06-16T15:37:51.1883662+08:00	0x04	0.1470	0.4328	0.3156	-0.8315	332.30	312.88	328.82
2026-06-16T15:37:51.1883662+08:00	0x08	0.0349	-0.0893	0.7467	0.6582	96.86	356.19	10.33
2026-06-16T15:37:51.1883662+08:00	0x02	-0.1583	-0.4573	-0.8160	0.3163	224.21	356.67	302.18
2026-06-16T15:37:51.1883662+08:00	0x03	0.2106	0.5649	0.7377	0.3040	104.47	67.34	315.14
2026-06-16T15:37:51.1883662+08:00	0x09	0.3738	0.5636	-0.5010	0.5400	331.28	70.00	75.57
2026-06-16T15:37:51.1883662+08:00	0x07	0.6215	0.2628	-0.7315	0.0976	167.70	275.94	30.39
2026-06-16T15:37:51.1883662+08:00	0x01	0.1533	-0.6864	0.6701	-0.2374	275.94	88.84	57.89
2026-06-16T15:37:51.1883662+08:00	0x08	0.0300	-0.0997	0.7502	0.6530	97.45	355.02	10.88
2026-06-16T15:37:51.1883662+08:00	0x02	-0.1346	-0.5124	-0.8215	0.2110	208.42	0.63	296.02
2026-06-16T15:37:51.1883662+08:00	0x03	0.4800	0.4584	0.7062	0.2464	120.18	82.50	335.73
2026-06-16T15:37:51.1883662+08:00	0x09	0.3789	0.5621	-0.5019	0.5372	331.54	70.08	76.24
2026-06-16T15:37:51.1883662+08:00	0x07	0.6198	0.2761	-0.7287	0.0928	166.01	275.31	31.16
2026-06-16T15:37:51.1883662+08:00	0x01	0.4290	-0.5455	0.7025	-0.1575	242.75	87.29	39.15
2026-06-16T15:37:51.1883662+08:00	0x08	0.0308	-0.0938	0.7469	0.6576	96.86	355.48	10.41
2026-06-16T15:37:51.1883662+08:00	0x02	-0.1393	-0.5004	-0.8494	0.0935	182.30	17.27	298.83
2026-06-16T15:37:51.1883662+08:00	0x06	-0.1435	-0.0918	-0.4426	0.8804	306.98	357.90	340.49
2026-06-16T15:37:51.1883662+08:00	0x09	0.3825	0.5606	-0.5014	0.5366	331.87	70.12	76.59
2026-06-16T15:37:51.1883662+08:00	0x07	0.6198	0.2801	-0.7279	0.0869	165.08	275.01	31.04
2026-06-16T15:37:51.1883662+08:00	0x04	0.5730	0.2013	0.3084	-0.7322	304.74	12.59	285.59
2026-06-16T15:37:51.1883662+08:00	0x08	0.0295	-0.0909	0.7456	0.6595	96.63	355.57	10.05
2026-06-16T15:37:51.1883662+08:00	0x02	-0.1924	-0.5458	-0.8155	0.0023	152.97	43.31	296.99
2026-06-16T15:37:51.1883662+08:00	0x03	0.5259	0.4139	0.7143	0.2044	128.26	83.55	337.89
2026-06-16T15:37:51.1883662+08:00	0x06	-0.1444	-0.0857	-0.4382	0.8831	307.47	358.50	340.73
2026-06-16T15:37:51.1883662+08:00	0x09	0.3852	0.5598	-0.5014	0.5356	332.19	70.30	76.90
2026-06-16T15:37:51.1893620+08:00	0x07	0.6197	0.2828	-0.7273	0.0836	164.52	274.82	31.00
2026-06-16T15:37:51.1893620+08:00	0x01	0.4417	-0.5488	0.6988	-0.1241	240.87	89.44	41.10
2026-06-16T15:37:51.1893620+08:00	0x02	-0.2169	-0.5717	-0.7876	-0.0757	132.35	59.50	299.80
2026-06-16T15:37:51.1893620+08:00	0x08	0.0304	-0.0861	0.7450	0.6608	96.52	356.02	9.70
2026-06-16T15:37:51.1893620+08:00	0x06	-0.1477	-0.0763	-0.4297	0.8875	308.42	359.49	340.86
2026-06-16T15:37:51.1893620+08:00	0x07	0.6181	0.2940	-0.7247	0.0790	163.00	274.24	31.59
2026-06-16T15:37:51.1893620+08:00	0x04	0.6252	0.1644	0.2660	-0.7151	293.70	30.69	281.01
2026-06-16T15:37:51.1893620+08:00	0x08	0.0324	-0.0836	0.7457	0.6603	96.65	356.39	9.64
2026-06-16T15:37:51.1893620+08:00	0x02	-0.2264	-0.5493	-0.7977	-0.1036	132.18	58.23	303.96
2026-06-16T15:37:51.1893620+08:00	0x03	0.5194	0.4032	0.7361	0.1606	133.57	81.40	334.74
2026-06-16T15:37:51.1893620+08:00	0x09	0.3930	0.5565	-0.5012	0.5335	332.70	70.26	77.74
2026-06-16T15:37:51.1893620+08:00	0x07	0.6170	0.3006	-0.7233	0.0764	162.13	273.91	31.94
2026-06-16T15:37:51.1893620+08:00	0x01	0.4677	-0.5230	0.7106	-0.0531	231.61	88.76	43.91
2026-06-16T15:37:51.1893620+08:00	0x02	-0.2747	-0.5005	-0.7998	-0.1854	126.98	60.88	315.68
2026-06-16T15:37:51.1893620+08:00	0x09	0.3951	0.5554	-0.5016	0.5328	332.63	70.07	78.00
2026-06-16T15:37:51.1893620+08:00	0x07	0.6212	0.2938	-0.7236	0.0645	161.65	273.69	30.35
2026-06-16T15:37:51.1893620+08:00	0x01	0.4350	-0.5186	0.7360	-0.0082	225.09	82.66	49.13
2026-06-16T15:37:51.1893620+08:00	0x02	-0.2909	-0.4904	-0.7981	-0.1951	126.59	61.91	318.00
2026-06-16T15:37:51.1893620+08:00	0x09	0.3962	0.5548	-0.5027	0.5315	332.30	69.78	78.23
2026-06-16T15:37:51.1893620+08:00	0x07	0.6321	0.2694	-0.7257	0.0357	161.28	273.55	25.86
2026-06-16T15:37:51.1893620+08:00	0x01	0.4236	-0.5393	0.7277	-0.0089	228.33	84.59	51.03
2026-06-16T15:37:51.1893620+08:00	0x08	0.0331	-0.0808	0.7483	0.6576	97.11	356.70	9.47
2026-06-16T15:37:51.1893620+08:00	0x02	-0.2994	-0.4865	-0.7941	-0.2075	125.35	62.85	319.58
2026-06-16T15:37:51.1893620+08:00	0x03	0.3999	0.4848	0.7724	0.0917	134.11	73.44	317.50
2026-06-16T15:37:51.1893620+08:00	0x09	0.3969	0.5542	-0.5036	0.5307	331.97	69.48	78.39
2026-06-16T15:37:51.1893620+08:00	0x07	0.6382	0.2546	-0.7263	0.0184	161.08	273.48	23.16
2026-06-16T15:37:51.1893620+08:00	0x01	0.4230	-0.5393	0.7281	-0.0110	228.48	84.50	50.89
2026-06-16T15:37:51.1893620+08:00	0x08	0.0331	-0.0808	0.7489	0.6569	97.22	356.71	9.48
2026-06-16T15:37:51.1893620+08:00	0x02	-0.2968	-0.4899	-0.7938	-0.2043	125.36	62.88	318.97
2026-06-16T15:37:51.1893620+08:00	0x09	0.3985	0.5531	-0.5048	0.5296	331.49	68.97	78.65
2026-06-16T15:37:51.1893620+08:00	0x07	0.6433	0.2414	-0.7266	0.0035	160.92	273.43	20.81
2026-06-16T15:37:51.1893620+08:00	0x03	0.3932	0.4839	0.7777	0.0797	135.81	72.10	316.36
2026-06-16T15:37:51.1893620+08:00	0x01	0.4398	-0.5265	0.7273	-0.0205	227.95	84.93	48.40
2026-06-16T15:37:51.1893620+08:00	0x08	0.0332	-0.0807	0.7494	0.6563	97.30	356.74	9.47
2026-06-16T15:37:51.1893620+08:00	0x02	-0.2923	-0.4962	-0.7920	-0.2029	124.82	63.11	318.14
2026-06-16T15:37:51.1893620+08:00	0x03	0.3934	0.4877	0.7750	0.0818	135.03	72.70	316.24
2026-06-16T15:37:51.1893620+08:00	0x07	0.6466	0.2322	-0.7266	-0.0069	160.82	273.39	19.17
2026-06-16T15:37:51.1893620+08:00	0x01	0.4433	-0.5248	0.7264	-0.0208	227.86	85.17	48.07
2026-06-16T15:37:51.1893620+08:00	0x02	-0.2920	-0.4987	-0.7903	-0.2036	124.39	63.45	317.98
2026-06-16T15:37:51.1893620+08:00	0x07	0.6484	0.2273	-0.7265	-0.0124	160.76	273.37	18.32
2026-06-16T15:37:51.1893620+08:00	0x04	0.5371	0.3280	0.0767	-0.7733	29.61	296.06	298.23
2026-06-16T15:37:51.1893620+08:00	0x09	0.4009	0.5510	-0.5071	0.5278	330.37	67.82	79.11
2026-06-16T15:37:51.1893620+08:00	0x01	0.4475	-0.5228	0.7253	-0.0178	227.48	85.47	47.95
2026-06-16T15:37:51.1893620+08:00	0x02	-0.2923	-0.5016	-0.7879	-0.2053	123.77	63.94	317.89
2026-06-16T15:37:51.1893620+08:00	0x06	-0.1526	-0.0649	-0.4319	0.8865	307.88	1.02	340.94
2026-06-16T15:37:51.1903598+08:00	0x09	0.4019	0.5504	-0.5078	0.5270	330.05	67.50	79.27
2026-06-16T15:37:51.1903598+08:00	0x03	0.3979	0.4914	0.7710	0.0759	134.85	73.77	315.79
2026-06-16T15:37:51.1903598+08:00	0x01	0.4485	-0.5224	0.7250	-0.0163	227.34	85.56	47.98
2026-06-16T15:37:51.1903598+08:00	0x02	-0.2925	-0.5023	-0.7870	-0.2070	123.48	64.11	317.97
2026-06-16T15:37:51.1903598+08:00	0x03	0.3975	0.4915	0.7713	0.0741	135.05	73.68	315.64
2026-06-16T15:37:51.1903598+08:00	0x06	-0.1526	-0.0645	-0.4322	0.8864	307.83	1.06	340.95
2026-06-16T15:37:51.1903598+08:00	0x04	0.5476	0.3369	0.0494	-0.7644	36.57	290.62	299.50
2026-06-16T15:37:51.1903598+08:00	0x01	0.4473	-0.5228	0.7255	-0.0149	227.22	85.43	48.18
2026-06-16T15:37:51.1903598+08:00	0x02	-0.2937	-0.5007	-0.7870	-0.2090	123.42	64.11	318.30
2026-06-16T15:37:51.1903598+08:00	0x03	0.3973	0.4922	0.7711	0.0723	135.14	73.72	315.44
2026-06-16T15:37:51.1903598+08:00	0x06	-0.1527	-0.0642	-0.4324	0.8863	307.81	1.10	340.96
2026-06-16T15:37:51.1903598+08:00	0x04	0.5505	0.3355	0.0452	-0.7631	37.63	290.05	299.49
2026-06-16T15:37:51.1903598+08:00	0x01	0.4487	-0.5228	0.7247	-0.0110	226.95	85.62	48.41
2026-06-16T15:37:51.1903598+08:00	0x08	0.0332	-0.0793	0.7504	0.6554	97.48	356.85	9.36
2026-06-16T15:37:51.1903598+08:00	0x02	-0.2944	-0.5032	-0.7844	-0.2119	122.71	64.61	318.35
2026-06-16T15:37:51.1903598+08:00	0x07	0.6527	0.2147	-0.7260	-0.0269	160.59	273.32	16.06
2026-06-16T15:37:51.1903598+08:00	0x09	0.4056	0.5476	-0.5109	0.5240	328.49	65.91	79.94
2026-06-16T15:37:51.1903598+08:00	0x08	0.0333	-0.0790	0.7504	0.6553	97.49	356.89	9.33
2026-06-16T15:37:51.1903598+08:00	0x02	-0.2944	-0.5050	-0.7822	-0.2156	122.03	64.97	318.47
2026-06-16T15:37:51.1903598+08:00	0x07	0.6532	0.2135	-0.7259	-0.0284	160.56	273.30	15.84
2026-06-16T15:37:51.1903598+08:00	0x06	-0.1520	-0.0638	-0.4326	0.8864	307.78	1.12	341.06
2026-06-16T15:37:51.1903598+08:00	0x04	0.5523	0.3364	0.0422	-0.7616	38.51	289.34	299.58
2026-06-16T15:37:51.1903598+08:00	0x03	0.4057	0.4924	0.7668	0.0710	134.81	74.96	315.78
2026-06-16T15:37:51.1903598+08:00	0x01	0.4512	-0.5230	0.7231	-0.0054	226.65	86.02	48.72
2026-06-16T15:37:51.1903598+08:00	0x02	-0.2962	-0.5067	-0.7806	-0.2149	121.80	65.43	318.41
2026-06-16T15:37:51.1903598+08:00	0x08	0.0331	-0.0789	0.7507	0.6550	97.53	356.88	9.32
2026-06-16T15:37:51.1903598+08:00	0x07	0.6534	0.2128	-0.7259	-0.0293	160.55	273.31	15.70
2026-06-16T15:37:51.1903598+08:00	0x09	0.4081	0.5457	-0.5130	0.5221	327.30	64.69	80.38
2026-06-16T15:37:51.1903598+08:00	0x01	0.4546	-0.5233	0.7207	-0.0054	226.92	86.63	48.54
2026-06-16T15:37:51.1903598+08:00	0x08	0.0327	-0.0789	0.7510	0.6548	97.57	356.86	9.28
2026-06-16T15:37:51.1903598+08:00	0x06	-0.1516	-0.0634	-0.4326	0.8865	307.78	1.13	341.12
2026-06-16T15:37:51.1903598+08:00	0x03	0.4096	0.4891	0.7672	0.0665	135.56	74.99	315.90
2026-06-16T15:37:51.1903598+08:00	0x07	0.6535	0.2123	-0.7259	-0.0301	160.52	273.31	15.60
2026-06-16T15:37:51.1903598+08:00	0x04	0.5616	0.3307	0.0345	-0.7577	41.02	288.04	299.10
2026-06-16T15:37:51.1903598+08:00	0x09	0.4091	0.5449	-0.5139	0.5212	326.77	64.16	80.56
2026-06-16T15:37:51.1903598+08:00	0x01	0.4567	-0.5234	0.7193	-0.0055	227.08	86.99	48.42
2026-06-16T15:37:51.1903598+08:00	0x08	0.0327	-0.0785	0.7512	0.6546	97.61	356.88	9.24
2026-06-16T15:37:51.1903598+08:00	0x07	0.6534	0.2121	-0.7260	-0.0306	160.49	273.33	15.54
2026-06-16T15:37:51.1903598+08:00	0x06	-0.1515	-0.0633	-0.4326	0.8865	307.78	1.14	341.13
2026-06-16T15:37:51.1903598+08:00	0x04	0.5613	0.3315	0.0352	-0.7575	40.96	287.96	299.10
2026-06-16T15:37:51.1903598+08:00	0x09	0.4098	0.5442	-0.5146	0.5207	326.29	63.67	80.69
2026-06-16T15:37:51.1903598+08:00	0x01	0.4571	-0.5225	0.7198	-0.0049	226.87	86.88	48.39
2026-06-16T15:37:51.1903598+08:00	0x02	-0.2968	-0.5113	-0.7776	-0.2142	121.19	66.15	318.08
2026-06-16T15:37:51.1903598+08:00	0x03	0.4103	0.4900	0.7662	0.0674	135.31	75.24	315.93
2026-06-16T15:37:51.1903598+08:00	0x07	0.6535	0.2120	-0.7259	-0.0310	160.47	273.32	15.50
2026-06-16T15:37:51.1903598+08:00	0x09	0.4110	0.5432	-0.5156	0.5197	325.57	62.94	80.90
2026-06-16T15:37:51.1903598+08:00	0x04	0.5628	0.3313	0.0336	-0.7566	41.48	287.60	299.09
2026-06-16T15:37:51.1903598+08:00	0x01	0.4585	-0.5220	0.7192	-0.0049	226.88	87.03	48.28
2026-06-16T15:37:51.1903598+08:00	0x08	0.0328	-0.0777	0.7514	0.6544	97.65	356.95	9.19
2026-06-16T15:37:51.1903598+08:00	0x07	0.6536	0.2120	-0.7259	-0.0311	160.47	273.32	15.49
2026-06-16T15:37:51.1903598+08:00	0x03	0.4108	0.4897	0.7661	0.0665	135.40	75.26	315.92
2026-06-16T15:37:51.1903598+08:00	0x04	0.5631	0.3310	0.0325	-0.7565	41.66	287.53	299.13
2026-06-16T15:37:51.1903598+08:00	0x09	0.4121	0.5427	-0.5163	0.5187	325.21	62.58	81.09
2026-06-16T15:37:51.1903598+08:00	0x08	0.0327	-0.0776	0.7515	0.6543	97.66	356.96	9.18
2026-06-16T15:37:51.1903598+08:00	0x03	0.4109	0.4899	0.7660	0.0664	135.38	75.29	315.90
2026-06-16T15:37:51.1903598+08:00	0x06	-0.1512	-0.0626	-0.4326	0.8866	307.79	1.20	341.20
2026-06-16T15:37:51.1913567+08:00	0x09	0.4137	0.5418	-0.5173	0.5174	324.60	61.96	81.36
2026-06-16T15:37:51.1913567+08:00	0x04	0.5635	0.3315	0.0322	-0.7560	41.85	287.33	299.15
2026-06-16T15:37:51.1913567+08:00	0x01	0.4600	-0.5210	0.7189	-0.0045	226.75	87.09	48.16
2026-06-16T15:37:51.1913567+08:00	0x08	0.0329	-0.0775	0.7515	0.6543	97.67	356.98	9.18
2026-06-16T15:37:51.1913567+08:00	0x03	0.4122	0.4905	0.7649	0.0668	135.19	75.57	315.95
2026-06-16T15:37:51.1913567+08:00	0x07	0.6537	0.2119	-0.7258	-0.0314	160.45	273.31	15.46
2026-06-16T15:37:51.1913567+08:00	0x04	0.5644	0.3315	0.0326	-0.7553	42.01	287.14	299.05
2026-06-16T15:37:51.1913567+08:00	0x09	0.4149	0.5407	-0.5184	0.5164	323.73	61.08	81.58
2026-06-16T15:37:51.1913567+08:00	0x01	0.4606	-0.5203	0.7191	-0.0046	226.67	87.07	48.08
2026-06-16T15:37:51.1913567+08:00	0x02	-0.2956	-0.5142	-0.7761	-0.2143	120.80	66.42	317.82
2026-06-16T15:37:51.1913567+08:00	0x08	0.0329	-0.0775	0.7516	0.6543	97.68	356.99	9.18
2026-06-16T15:37:51.1913567+08:00	0x03	0.4130	0.4907	0.7643	0.0676	135.04	75.74	316.03
2026-06-16T15:37:51.1913567+08:00	0x07	0.6536	0.2119	-0.7259	-0.0313	160.45	273.32	15.47
2026-06-16T15:37:51.1913567+08:00	0x06	-0.1509	-0.0626	-0.4325	0.8867	307.81	1.18	341.23
2026-06-16T15:37:51.1913567+08:00	0x09	0.4159	0.5399	-0.5193	0.5156	323.01	60.35	81.75
2026-06-16T15:37:51.1913567+08:00	0x04	0.5651	0.3316	0.0328	-0.7547	42.17	286.96	298.98
2026-06-16T15:37:51.1913567+08:00	0x01	0.4728	-0.5137	0.7154	-0.0265	228.05	87.96	45.23
2026-06-16T15:37:51.1913567+08:00	0x08	0.0301	-0.0811	0.7525	0.6528	97.83	356.48	9.29
2026-06-16T15:37:51.1913567+08:00	0x02	-0.2827	-0.5136	-0.7871	-0.1919	123.95	64.04	315.58
2026-06-16T15:37:51.1913567+08:00	0x03	0.4054	0.4974	0.7636	0.0722	133.94	75.66	315.49
2026-06-16T15:37:51.1913567+08:00	0x04	0.5500	0.3415	0.0446	-0.7608	38.21	288.97	299.85
2026-06-16T15:37:51.1913567+08:00	0x09	0.4158	0.5397	-0.5210	0.5142	322.04	59.55	81.87
2026-06-16T15:37:51.1913567+08:00	0x01	0.4427	-0.5262	0.7259	-0.0161	227.66	85.30	48.55
2026-06-16T15:37:51.1913567+08:00	0x02	-0.2937	-0.4934	-0.7904	-0.2134	123.94	63.22	319.11
2026-06-16T15:37:51.1913567+08:00	0x07	0.6538	0.2113	-0.7259	-0.0320	160.44	273.32	15.36
2026-06-16T15:37:51.1913567+08:00	0x03	0.3970	0.4987	0.7666	0.0779	133.58	74.73	315.35
2026-06-16T15:37:51.1913567+08:00	0x06	-0.1517	-0.0617	-0.4322	0.8868	307.81	1.31	341.20
2026-06-16T15:37:51.1913567+08:00	0x04	0.5559	0.3396	0.0451	-0.7574	39.29	288.05	299.23
2026-06-16T15:37:51.1913567+08:00	0x09	0.4187	0.5377	-0.5219	0.5129	320.81	58.17	82.25
2026-06-16T15:37:51.1913567+08:00	0x01	0.4483	-0.5225	0.7252	-0.0107	226.85	85.51	48.43
2026-06-16T15:37:51.1913567+08:00	0x08	0.0328	-0.0772	0.7511	0.6549	97.58	356.99	9.15
2026-06-16T15:37:51.1913567+08:00	0x03	0.4046	0.4983	0.7629	0.0764	133.40	75.77	315.69
2026-06-16T15:37:51.1913567+08:00	0x06	-0.1517	-0.0615	-0.4323	0.8867	307.80	1.34	341.20
2026-06-16T15:37:51.1913567+08:00	0x04	0.5591	0.3398	0.0432	-0.7550	40.31	287.19	299.11
2026-06-16T15:37:51.1913567+08:00	0x02	-0.2924	-0.4999	-0.7860	-0.2165	122.72	64.04	318.76
2026-06-16T15:37:51.1913567+08:00	0x02	-0.2864	-0.5080	-0.7841	-0.2125	122.24	64.31	317.56
2026-06-16T15:37:51.1913567+08:00	0x01	0.4540	-0.5202	0.7233	-0.0092	226.65	86.01	48.09
2026-06-16T15:37:51.1913567+08:00	0x08	0.0324	-0.0760	0.7507	0.6554	97.52	357.05	9.01
2026-06-16T15:37:51.1913567+08:00	0x07	0.6538	0.2117	-0.7257	-0.0331	160.32	273.30	15.31
2026-06-16T15:37:51.1913567+08:00	0x03	0.3958	0.5071	0.7589	0.1017	129.93	76.23	316.44
2026-06-16T15:37:51.1913567+08:00	0x04	0.4886	0.3857	0.1189	-0.7735	21.32	295.09	302.05
2026-06-16T15:37:51.1913567+08:00	0x09	0.4184	0.5360	-0.5237	0.5132	318.74	56.10	82.25
2026-06-16T15:37:51.1913567+08:00	0x01	0.4538	-0.5203	0.7234	-0.0093	226.66	85.99	48.10
2026-06-16T15:37:51.1913567+08:00	0x07	0.6560	0.1767	-0.7333	-0.0246	164.03	274.52	13.11
2026-06-16T15:37:51.1913567+08:00	0x08	0.0354	-0.0916	0.7554	0.6479	98.41	356.20	10.62
2026-06-16T15:37:51.1913567+08:00	0x06	-0.1489	-0.0895	-0.4461	0.8780	306.39	358.51	340.04
2026-06-16T15:37:51.1913567+08:00	0x09	0.4115	0.5382	-0.5289	0.5111	316.17	54.48	81.89
2026-06-16T15:37:51.1923539+08:00	0x01	0.0161	-0.7063	0.4740	-0.5256	316.56	89.86	40.74
2026-06-16T15:37:51.1923539+08:00	0x02	-0.2865	-0.5077	-0.7842	-0.2126	122.25	64.30	317.59
2026-06-16T15:37:51.1923539+08:00	0x08	0.0393	-0.0809	0.7567	0.6475	98.67	357.37	9.98
2026-06-16T15:37:51.1923539+08:00	0x06	-0.1518	-0.0996	-0.4504	0.8742	305.90	357.71	339.20
2026-06-16T15:37:51.1923539+08:00	0x09	0.4126	0.5429	-0.5265	0.5077	320.52	59.09	82.17
2026-06-16T15:37:51.1923539+08:00	0x01	-0.0686	-0.6624	0.4569	-0.5898	321.98	81.05	43.32
2026-06-16T15:37:51.1923539+08:00	0x07	0.6677	0.1707	-0.7240	-0.0283	164.03	272.93	12.09
2026-06-16T15:37:51.1923539+08:00	0x04	0.4908	0.3844	0.1167	-0.7731	21.85	294.89	301.94
2026-06-16T15:37:51.1923539+08:00	0x09	0.4224	0.5614	-0.5189	0.4870	343.43	83.25	83.73
2026-06-16T15:37:51.1923539+08:00	0x01	-0.0780	-0.6860	0.4514	-0.5654	325.20	86.21	45.02
2026-06-16T15:37:51.1923539+08:00	0x07	0.6897	0.1571	-0.7057	-0.0403	163.89	269.96	9.57
2026-06-16T15:37:51.1923539+08:00	0x02	-0.5914	0.2493	-0.6090	0.4661	242.91	79.51	345.66
2026-06-16T15:37:51.1923539+08:00	0x04	-0.2955	0.2923	0.6749	-0.6097	265.09	310.91	358.04
2026-06-16T15:37:51.1923539+08:00	0x01	-0.1082	-0.6783	0.4750	-0.5501	324.42	84.99	49.76
2026-06-16T15:37:51.1923539+08:00	0x07	0.6894	0.1584	-0.7057	-0.0404	163.78	269.95	9.66
2026-06-16T15:37:51.1923539+08:00	0x08	0.0393	-0.0875	0.7528	0.6513	97.97	356.80	10.54
2026-06-16T15:37:51.1923539+08:00	0x06	-0.1368	-0.0931	-0.4441	0.8805	306.89	357.43	341.12
2026-06-16T15:37:51.1923539+08:00	0x04	-0.3369	0.2453	0.6330	-0.6525	268.36	311.16	7.42
2026-06-16T15:37:51.1923539+08:00	0x09	0.4272	0.5591	-0.5187	0.4857	344.85	84.32	84.23
2026-06-16T15:37:51.1923539+08:00	0x01	-0.1027	-0.6827	0.4640	-0.5550	325.65	85.97	48.38
2026-06-16T15:37:51.1923539+08:00	0x07	0.6895	0.1581	-0.7056	-0.0410	163.75	269.95	9.59
2026-06-16T15:37:51.1923539+08:00	0x03	0.3960	0.5068	0.7590	0.1009	130.04	76.21	316.42
2026-06-16T15:37:51.1923539+08:00	0x06	-0.1366	-0.0933	-0.4434	0.8809	307.00	357.38	341.13
2026-06-16T15:37:51.1923539+08:00	0x04	-0.3484	0.2241	0.5930	-0.6905	273.17	312.27	12.44
2026-06-16T15:37:51.1923539+08:00	0x09	0.4266	0.5593	-0.5184	0.4863	344.71	84.17	84.13
2026-06-16T15:37:51.1923539+08:00	0x01	-0.0974	-0.6884	0.4470	-0.5629	327.59	87.23	46.47
2026-06-16T15:37:51.1923539+08:00	0x07	0.6898	0.1577	-0.7054	-0.0412	163.77	269.92	9.53
2026-06-16T15:37:51.1923539+08:00	0x02	-0.6726	0.1520	-0.3236	0.6479	259.63	85.57	309.36
2026-06-16T15:37:51.1923539+08:00	0x06	-0.1368	-0.0928	-0.4412	0.8821	307.29	357.39	341.14
2026-06-16T15:37:51.1923539+08:00	0x04	-0.3585	0.2114	0.5579	-0.7180	277.21	312.89	16.19
2026-06-16T15:37:51.1923539+08:00	0x09	0.4271	0.5593	-0.5171	0.4872	345.41	84.73	84.05
2026-06-16T15:37:51.1923539+08:00	0x01	-0.0934	-0.6928	0.4577	-0.5493	326.47	88.09	47.46
2026-06-16T15:37:51.1923539+08:00	0x07	0.6896	0.1582	-0.7055	-0.0408	163.75	269.93	9.61
2026-06-16T15:37:51.1923539+08:00	0x06	-0.1365	-0.0936	-0.4421	0.8816	307.18	357.31	341.14
2026-06-16T15:37:51.1923539+08:00	0x09	0.4269	0.5596	-0.5173	0.4868	345.59	84.96	84.06
2026-06-16T15:37:51.1923539+08:00	0x01	-0.0926	-0.6920	0.4419	-0.5634	328.03	87.93	45.71
2026-06-16T15:37:51.1923539+08:00	0x06	-0.1363	-0.0939	-0.4416	0.8818	307.26	357.26	341.14
2026-06-16T15:37:51.1923539+08:00	0x03	-0.2831	0.3877	0.4491	0.7536	46.34	31.47	309.20
2026-06-16T15:37:51.1923539+08:00	0x07	0.6898	0.1574	-0.7055	-0.0419	163.74	269.93	9.45
2026-06-16T15:37:51.1923539+08:00	0x02	-0.7029	-0.0469	-0.1418	0.6954	257.77	86.86	277.72
2026-06-16T15:37:51.1923539+08:00	0x04	-0.3606	0.2082	0.5381	-0.7328	279.72	313.30	17.72
2026-06-16T15:37:51.1923539+08:00	0x09	0.4272	0.5598	-0.5175	0.4861	345.95	85.37	84.12
2026-06-16T15:37:51.1923539+08:00	0x01	-0.0917	-0.6947	0.4377	-0.5634	328.63	88.53	45.35
2026-06-16T15:37:51.1923539+08:00	0x07	0.6900	0.1567	-0.7054	-0.0419	163.79	269.92	9.40
2026-06-16T15:37:51.1923539+08:00	0x02	-0.6834	-0.1103	-0.1383	0.7082	301.39	38.36	273.03
2026-06-16T15:37:51.1923539+08:00	0x03	-0.3088	0.4055	0.4387	0.7401	43.23	34.42	305.62
2026-06-16T15:37:51.1923539+08:00	0x04	-0.3651	0.1940	0.5041	-0.7583	283.96	314.82	20.98
2026-06-16T15:37:51.1923539+08:00	0x09	0.4282	0.5591	-0.5180	0.4855	345.97	85.35	84.29
2026-06-16T15:37:51.1923539+08:00	0x01	-0.0895	-0.6962	0.4429	-0.5579	328.01	88.79	45.76
2026-06-16T15:37:51.1923539+08:00	0x02	-0.6912	-0.1085	-0.1267	0.7031	293.53	47.32	271.76
2026-06-16T15:37:51.1923539+08:00	0x07	0.6903	0.1564	-0.7051	-0.0426	163.76	269.88	9.31
2026-06-16T15:37:51.1923539+08:00	0x04	-0.3697	0.1806	0.4774	-0.7764	287.21	316.24	23.68
2026-06-16T15:37:51.1923539+08:00	0x09	0.4294	0.5587	-0.5185	0.4843	346.48	85.86	84.48
2026-06-16T15:37:51.1923539+08:00	0x01	-0.0946	-0.6894	0.4481	-0.5612	327.30	87.37	46.39
2026-06-16T15:37:51.1923539+08:00	0x02	-0.6755	-0.1167	-0.1046	0.7205	6.02	335.96	273.77
2026-06-16T15:37:51.1923539+08:00	0x06	-0.1358	-0.0940	-0.4411	0.8821	307.32	357.22	341.18
2026-06-16T15:37:51.1923539+08:00	0x03	-0.3091	0.4061	0.4392	0.7393	43.28	34.48	305.53
2026-06-16T15:37:51.1923539+08:00	0x04	-0.3728	0.1871	0.4710	-0.7773	287.71	315.44	23.78
2026-06-16T15:37:51.1933511+08:00	0x07	0.6904	0.1559	-0.7051	-0.0432	163.75	269.88	9.22
2026-06-16T15:37:51.1933511+08:00	0x09	0.4305	0.5577	-0.5196	0.4834	346.05	85.43	84.72
2026-06-16T15:37:51.1933511+08:00	0x01	-0.0904	-0.6850	0.4511	-0.5649	326.21	86.26	46.06
2026-06-16T15:37:51.1933511+08:00	0x02	-0.6735	-0.1121	-0.0999	0.7238	4.97	337.77	274.20
2026-06-16T15:37:51.1933511+08:00	0x08	0.0399	-0.0849	0.7477	0.6574	97.08	356.97	10.34
2026-06-16T15:37:51.1933511+08:00	0x07	0.6906	0.1557	-0.7049	-0.0440	163.70	269.86	9.13
2026-06-16T15:37:51.1933511+08:00	0x06	-0.1355	-0.0938	-0.4415	0.8820	307.28	357.23	341.22
2026-06-16T15:37:51.1933511+08:00	0x04	-0.3733	0.1956	0.4609	-0.7810	288.89	314.78	23.75
2026-06-16T15:37:51.1933511+08:00	0x09	0.4307	0.5566	-0.5206	0.4834	344.58	83.94	84.83
2026-06-16T15:37:51.1933511+08:00	0x01	-0.0898	-0.6834	0.4477	-0.5696	326.40	85.92	45.59
2026-06-16T15:37:51.1933511+08:00	0x08	0.0401	-0.0864	0.7477	0.6572	97.09	356.87	10.48
2026-06-16T15:37:51.1933511+08:00	0x07	0.6907	0.1551	-0.7049	-0.0453	163.65	269.87	8.98
2026-06-16T15:37:51.1933511+08:00	0x04	-0.3761	0.1965	0.4569	-0.7818	289.16	314.50	24.11
2026-06-16T15:37:51.1933511+08:00	0x09	0.4324	0.5553	-0.5211	0.4828	344.49	83.75	85.07
2026-06-16T15:37:51.1933511+08:00	0x01	-0.0906	-0.6811	0.4508	-0.5698	325.93	85.41	45.83
2026-06-16T15:37:51.1933511+08:00	0x06	-0.1367	-0.0928	-0.4409	0.8822	307.33	357.39	341.15
2026-06-16T15:37:51.1933511+08:00	0x03	-0.3094	0.4182	0.4440	0.7296	43.20	36.17	304.63
2026-06-16T15:37:51.1933511+08:00	0x07	0.6906	0.1561	-0.7047	-0.0444	163.64	269.84	9.13
2026-06-16T15:37:51.1933511+08:00	0x04	-0.3792	0.2010	0.4529	-0.7815	289.35	313.85	24.24
2026-06-16T15:37:51.1933511+08:00	0x09	0.4350	0.5533	-0.5232	0.4805	343.89	83.13	85.57
2026-06-16T15:37:51.1933511+08:00	0x01	-0.0910	-0.6826	0.4565	-0.5634	325.45	85.70	46.53
2026-06-16T15:37:51.1933511+08:00	0x02	-0.6744	-0.1128	-0.0678	0.7265	33.48	311.83	275.58
2026-06-16T15:37:51.1933511+08:00	0x03	-0.3082	0.4373	0.4365	0.7234	40.17	40.37	304.14
2026-06-16T15:37:51.1933511+08:00	0x07	0.6910	0.1549	-0.7045	-0.0465	163.55	269.82	8.86
2026-06-16T15:37:51.1933511+08:00	0x06	-0.1368	-0.0923	-0.4405	0.8824	307.37	357.44	341.17
2026-06-16T15:37:51.1933511+08:00	0x04	-0.3789	0.2015	0.4518	-0.7821	289.51	313.85	24.25
2026-06-16T15:37:51.1933511+08:00	0x09	0.4368	0.5520	-0.5242	0.4793	343.59	82.78	85.88
2026-06-16T15:37:51.1933511+08:00	0x01	-0.0908	-0.6791	0.4549	-0.5689	325.32	84.94	46.15
2026-06-16T15:37:51.1933511+08:00	0x03	-0.3019	0.4457	0.4387	0.7195	39.93	41.85	304.36
2026-06-16T15:37:51.1933511+08:00	0x04	-0.3771	0.2034	0.4517	-0.7826	289.67	313.84	23.99
2026-06-16T15:37:51.1933511+08:00	0x09	0.4368	0.5517	-0.5248	0.4790	342.81	82.03	85.94
2026-06-16T15:37:51.1933511+08:00	0x02	-0.6659	-0.1060	-0.0311	0.7378	40.64	308.21	278.42
2026-06-16T15:37:51.1933511+08:00	0x07	0.6910	0.1557	-0.7043	-0.0470	163.45	269.80	8.88
2026-06-16T15:37:51.1933511+08:00	0x03	-0.2989	0.4577	0.4281	0.7197	36.98	45.03	304.71
2026-06-16T15:37:51.1933511+08:00	0x04	-0.3851	0.2168	0.4369	-0.7835	290.69	312.02	24.45
2026-06-16T15:37:51.1933511+08:00	0x09	0.4378	0.5500	-0.5252	0.4796	341.24	80.29	86.06
2026-06-16T15:37:51.1933511+08:00	0x01	-0.0844	-0.6632	0.4545	-0.5885	323.54	81.44	44.61
2026-06-16T15:37:51.1933511+08:00	0x07	0.6913	0.1548	-0.7043	-0.0463	163.59	269.79	8.86
2026-06-16T15:37:51.1933511+08:00	0x03	-0.3124	0.4439	0.4114	0.7322	34.89	43.74	304.64
2026-06-16T15:37:51.1933511+08:00	0x06	-0.1360	-0.0934	-0.4413	0.8821	307.29	357.30	341.19
2026-06-16T15:37:51.1933511+08:00	0x04	-0.3790	0.2118	0.4485	-0.7813	289.83	312.88	23.71
2026-06-16T15:37:51.1933511+08:00	0x09	0.4378	0.5489	-0.5272	0.4786	338.35	77.52	86.25
2026-06-16T15:37:51.1933511+08:00	0x02	-0.6688	-0.1061	-0.0473	0.7343	35.73	311.79	277.14
2026-06-16T15:37:51.1933511+08:00	0x06	-0.1366	-0.0932	-0.4408	0.8823	307.35	357.33	341.14
2026-06-16T15:37:51.1933511+08:00	0x04	-0.3762	0.2122	0.4525	-0.7802	289.55	313.03	23.27
2026-06-16T15:37:51.1933511+08:00	0x03	-0.3085	0.4465	0.4202	0.7273	36.33	43.51	304.52
2026-06-16T15:37:51.1933511+08:00	0x09	0.4393	0.5477	-0.5285	0.4772	337.28	76.44	86.56
2026-06-16T15:37:51.1933511+08:00	0x02	-0.6679	-0.1125	-0.0496	0.7340	36.96	309.86	277.40
2026-06-16T15:37:51.1933511+08:00	0x03	-0.3071	0.4460	0.4227	0.7267	36.87	43.22	304.57
2026-06-16T15:37:51.1933511+08:00	0x06	-0.1363	-0.0933	-0.4407	0.8823	307.37	357.31	341.18
2026-06-16T15:37:51.1933511+08:00	0x04	-0.3758	0.2102	0.4544	-0.7798	289.36	313.23	23.26
2026-06-16T15:37:51.1933511+08:00	0x09	0.4408	0.5467	-0.5295	0.4758	336.58	75.75	86.84
2026-06-16T15:37:51.1933511+08:00	0x01	-0.0914	-0.6736	0.4595	-0.5716	324.37	83.70	46.35
2026-06-16T15:37:51.1933511+08:00	0x07	0.6912	0.1528	-0.7047	-0.0483	163.59	269.87	8.54
2026-06-16T15:37:51.1933511+08:00	0x08	0.0413	-0.0883	0.7493	0.6550	97.39	356.86	10.75
2026-06-16T15:37:51.1943488+08:00	0x04	-0.3765	0.2104	0.4530	-0.7802	289.48	313.17	23.38
2026-06-16T15:37:51.1943488+08:00	0x09	0.4419	0.5453	-0.5308	0.4749	334.17	73.31	87.08
2026-06-16T15:37:51.1943488+08:00	0x02	-0.6687	-0.1195	-0.0470	0.7324	41.94	304.51	277.83
2026-06-16T15:37:51.1943488+08:00	0x07	0.6913	0.1524	-0.7046	-0.0489	163.58	269.87	8.46
2026-06-16T15:37:51.1943488+08:00	0x03	-0.3069	0.4461	0.4231	0.7265	36.92	43.21	304.57
2026-06-16T15:37:51.1943488+08:00	0x08	0.0414	-0.0884	0.7493	0.6550	97.38	356.86	10.76
2026-06-16T15:37:51.1943488+08:00	0x09	0.4431	0.5444	-0.5317	0.4738	332.93	72.06	87.30
2026-06-16T15:37:51.1943488+08:00	0x02	-0.6689	-0.1209	-0.0461	0.7320	43.06	303.35	277.94
2026-06-16T15:37:51.1943488+08:00	0x07	0.6913	0.1520	-0.7047	-0.0493	163.58	269.88	8.40
2026-06-16T15:37:51.1943488+08:00	0x03	-0.3071	0.4460	0.4231	0.7265	36.93	43.19	304.55
2026-06-16T15:37:51.1943488+08:00	0x04	-0.3767	0.2098	0.4513	-0.7813	289.69	313.25	23.53
2026-06-16T15:37:51.1943488+08:00	0x01	-0.0907	-0.6733	0.4593	-0.5723	324.30	83.62	46.24
2026-06-16T15:37:51.1943488+08:00	0x02	-0.6691	-0.1219	-0.0452	0.7317	44.03	302.37	278.03
2026-06-16T15:37:51.1943488+08:00	0x07	0.6913	0.1515	-0.7048	-0.0497	163.59	269.90	8.33
2026-06-16T15:37:51.1943488+08:00	0x06	-0.1361	-0.0935	-0.4407	0.8823	307.37	357.28	341.18
2026-06-16T15:37:51.1943488+08:00	0x08	0.0415	-0.0885	0.7493	0.6550	97.39	356.87	10.78
2026-06-16T15:37:51.1943488+08:00	0x09	0.4456	0.5418	-0.5343	0.4717	326.48	65.59	87.80
2026-06-16T15:37:51.1943488+08:00	0x02	-0.6691	-0.1224	-0.0446	0.7317	44.38	302.02	278.10
2026-06-16T15:37:51.1943488+08:00	0x01	-0.0914	-0.6729	0.4603	-0.5717	324.21	83.54	46.39
2026-06-16T15:37:51.1943488+08:00	0x07	0.6914	0.1512	-0.7048	-0.0501	163.59	269.91	8.27
2026-06-16T15:37:51.1943488+08:00	0x03	-0.3067	0.4463	0.4233	0.7263	36.95	43.22	304.57
2026-06-16T15:37:51.1943488+08:00	0x04	-0.3774	0.2092	0.4507	-0.7814	289.70	313.25	23.66
2026-06-16T15:37:51.1943488+08:00	0x01	-0.0926	-0.6723	0.4611	-0.5717	324.16	83.41	46.54
2026-06-16T15:37:51.1943488+08:00	0x06	-0.1363	-0.0933	-0.4407	0.8823	307.37	357.30	341.17
2026-06-16T15:37:51.1943488+08:00	0x08	0.0418	-0.0884	0.7496	0.6547	97.44	356.90	10.80
2026-06-16T15:37:51.1943488+08:00	0x07	0.6915	0.1507	-0.7047	-0.0506	163.58	269.90	8.19
2026-06-16T15:37:51.1943488+08:00	0x04	-0.3775	0.2077	0.4513	-0.7814	289.64	313.38	23.73
2026-06-16T15:37:51.1943488+08:00	0x09	0.4477	0.5397	-0.5363	0.4698	319.16	58.25	88.19
2026-06-16T15:37:51.1943488+08:00	0x01	-0.0930	-0.6730	0.4617	-0.5703	324.19	83.57	46.68
2026-06-16T15:37:51.1943488+08:00	0x07	0.6915	0.1504	-0.7047	-0.0510	163.58	269.90	8.13
2026-06-16T15:37:51.1943488+08:00	0x06	-0.1363	-0.0935	-0.4406	0.8823	307.38	357.29	341.16
2026-06-16T15:37:51.1943488+08:00	0x04	-0.3772	0.2079	0.4512	-0.7816	289.68	313.39	23.71
2026-06-16T15:37:51.1943488+08:00	0x09	0.4489	0.5385	-0.5374	0.4688	313.54	52.61	88.39
2026-06-16T15:37:51.1943488+08:00	0x01	-0.0926	-0.6737	0.4618	-0.5695	324.20	83.71	46.69
2026-06-16T15:37:51.1943488+08:00	0x07	0.6915	0.1499	-0.7047	-0.0515	163.58	269.92	8.06
2026-06-16T15:37:51.1943488+08:00	0x03	-0.3065	0.4457	0.4263	0.7250	37.55	42.86	304.47
2026-06-16T15:37:51.1943488+08:00	0x08	0.0418	-0.0888	0.7487	0.6556	97.29	356.86	10.82
2026-06-16T15:37:51.1943488+08:00	0x04	-0.3775	0.2077	0.4501	-0.7822	289.79	313.41	23.80
2026-06-16T15:37:51.1943488+08:00	0x01	-0.0924	-0.6737	0.4621	-0.5693	324.14	83.70	46.70
2026-06-16T15:37:51.1943488+08:00	0x03	-0.3066	0.4457	0.4267	0.7247	37.62	42.84	304.43
2026-06-16T15:37:51.1943488+08:00	0x02	-0.6687	-0.1244	-0.0430	0.7318	45.36	301.00	278.36
2026-06-16T15:37:51.1943488+08:00	0x09	0.4510	0.5361	-0.5397	0.4669	297.66	36.72	88.68
2026-06-16T15:37:51.1943488+08:00	0x02	-0.6685	-0.1244	-0.0429	0.7320	45.29	301.09	278.38
2026-06-16T15:37:51.1943488+08:00	0x03	-0.3066	0.4458	0.4265	0.7248	37.58	42.86	304.44
2026-06-16T15:37:51.1943488+08:00	0x07	0.6916	0.1491	-0.7048	-0.0525	163.56	269.94	7.90
2026-06-16T15:37:51.1943488+08:00	0x09	0.4520	0.5351	-0.5406	0.4659	289.11	28.16	88.79
2026-06-16T15:37:51.1943488+08:00	0x08	0.0419	-0.0888	0.7481	0.6563	97.19	356.85	10.83
2026-06-16T15:37:51.1943488+08:00	0x01	-0.0919	-0.6734	0.4622	-0.5696	324.08	83.64	46.65
2026-06-16T15:37:51.1943488+08:00	0x03	-0.3058	0.4461	0.4255	0.7256	37.38	43.02	304.58
2026-06-16T15:37:51.1943488+08:00	0x06	-0.1365	-0.0938	-0.4405	0.8823	307.39	357.26	341.13
2026-06-16T15:37:51.1943488+08:00	0x09	0.4531	0.5338	-0.5419	0.4649	275.91	14.95	88.84
2026-06-16T15:37:51.1943488+08:00	0x04	-0.3796	0.2072	0.4489	-0.7820	289.77	313.27	24.06
2026-06-16T15:37:51.1943488+08:00	0x01	-0.0854	-0.6778	0.4547	-0.5715	324.77	84.54	45.56
2026-06-16T15:37:51.1943488+08:00	0x03	-0.2984	0.4564	0.4336	0.7174	38.10	44.35	304.52
2026-06-16T15:37:51.1943488+08:00	0x06	-0.1364	-0.0936	-0.4419	0.8817	307.21	357.30	341.14
2026-06-16T15:37:51.1943488+08:00	0x07	0.6908	0.1500	-0.7054	-0.0531	163.45	270.04	7.94
2026-06-16T15:37:51.1943488+08:00	0x04	-0.3810	0.1970	0.4530	-0.7816	289.23	314.06	24.65
2026-06-16T15:37:51.1943488+08:00	0x02	-0.6773	-0.1449	-0.0549	0.7192	56.91	286.80	278.05
2026-06-16T15:37:51.1943488+08:00	0x03	-0.3093	0.4181	0.4080	0.7504	36.63	39.25	306.36
2026-06-16T15:37:51.1943488+08:00	0x06	-0.1301	-0.1010	-0.4494	0.8780	306.39	356.35	341.39
2026-06-16T15:37:51.1943488+08:00	0x07	0.6917	0.1380	-0.7071	-0.0503	164.68	270.29	7.21
2026-06-16T15:37:51.1953458+08:00	0x08	0.0403	-0.0879	0.7497	0.6547	97.45	356.81	10.63
2026-06-16T15:37:51.1953458+08:00	0x04	-0.3749	0.1886	0.4574	-0.7840	289.28	315.40	24.54
2026-06-16T15:37:51.1953458+08:00	0x02	-0.6672	-0.1153	-0.0373	0.7350	42.79	304.79	278.38
2026-06-16T15:37:51.1953458+08:00	0x03	-0.3112	0.4237	0.4148	0.7427	37.33	39.69	305.54
2026-06-16T15:37:51.1953458+08:00	0x07	0.6924	0.1365	-0.7066	-0.0518	164.68	270.23	6.96
2026-06-16T15:37:51.1953458+08:00	0x09	0.4565	0.5312	-0.5447	0.4613	240.10	339.16	88.84
2026-06-16T15:37:51.1953458+08:00	0x04	-0.3774	0.1859	0.4559	-0.7843	289.29	315.46	24.99
2026-06-16T15:37:51.1953458+08:00	0x01	-0.1012	-0.6680	0.4599	-0.5762	324.65	82.68	46.97
2026-06-16T15:37:51.1953458+08:00	0x03	-0.3136	0.4245	0.4148	0.7412	37.22	39.80	305.20
2026-06-16T15:37:51.1953458+08:00	0x06	-0.1292	-0.1014	-0.4467	0.8795	306.77	356.19	341.46
2026-06-16T15:37:51.1953458+08:00	0x07	0.6923	0.1358	-0.7067	-0.0530	164.64	270.26	6.81
2026-06-16T15:37:51.1953458+08:00	0x04	-0.3820	0.2065	0.4433	-0.7842	290.28	313.24	24.58
2026-06-16T15:37:51.1953458+08:00	0x01	-0.1023	-0.6544	0.4677	-0.5853	322.64	79.64	47.04
2026-06-16T15:37:51.1953458+08:00	0x02	-0.6640	-0.1069	-0.0269	0.7396	41.17	307.94	278.93
2026-06-16T15:37:51.1953458+08:00	0x07	0.6920	0.1444	-0.7053	-0.0539	163.85	270.04	7.42
2026-06-16T15:37:51.1953458+08:00	0x03	-0.3124	0.4431	0.4162	0.7300	35.81	43.18	304.42
2026-06-16T15:37:51.1953458+08:00	0x09	0.4578	0.5291	-0.5459	0.4609	231.10	330.07	88.61
2026-06-16T15:37:51.1953458+08:00	0x04	-0.3818	0.2045	0.4448	-0.7839	290.12	313.41	24.63
2026-06-16T15:37:51.1953458+08:00	0x01	-0.1021	-0.6559	0.4660	-0.5850	322.96	79.99	46.95
2026-06-16T15:37:51.1953458+08:00	0x02	-0.6646	-0.1121	-0.0271	0.7383	43.40	305.26	279.13
2026-06-16T15:37:51.1953458+08:00	0x03	-0.3125	0.4411	0.4176	0.7303	36.24	42.69	304.42
2026-06-16T15:37:51.1953458+08:00	0x07	0.6921	0.1445	-0.7051	-0.0547	163.77	270.02	7.36
2026-06-16T15:37:51.1953458+08:00	0x06	-0.1354	-0.0963	-0.4391	0.8829	307.63	356.91	341.12
2026-06-16T15:37:51.1953458+08:00	0x04	-0.3809	0.2040	0.4473	-0.7831	289.89	313.50	24.46
2026-06-16T15:37:51.1953458+08:00	0x01	-0.1024	-0.6572	0.4660	-0.5835	323.08	80.26	47.06
2026-06-16T15:37:51.1953458+08:00	0x02	-0.6640	-0.1144	-0.0258	0.7385	44.23	304.36	279.38
2026-06-16T15:37:51.1953458+08:00	0x08	0.0437	-0.0878	0.7498	0.6543	97.51	357.12	10.89
2026-06-16T15:37:51.1953458+08:00	0x07	0.6922	0.1442	-0.7050	-0.0551	163.76	270.01	7.30
2026-06-16T15:37:51.1953458+08:00	0x09	0.4600	0.5271	-0.5477	0.4589	217.47	316.41	88.33
2026-06-16T15:37:51.1953458+08:00	0x04	-0.3808	0.2049	0.4474	-0.7828	289.87	313.42	24.39
2026-06-16T15:37:51.1953458+08:00	0x01	-0.1019	-0.6571	0.4659	-0.5837	323.05	80.24	47.00
2026-06-16T15:37:51.1953458+08:00	0x03	-0.3122	0.4409	0.4198	0.7293	36.67	42.47	304.35
2026-06-16T15:37:51.1953458+08:00	0x08	0.0437	-0.0879	0.7500	0.6541	97.53	357.12	10.90
2026-06-16T15:37:51.1953458+08:00	0x07	0.6923	0.1439	-0.7050	-0.0555	163.76	270.01	7.24
2026-06-16T15:37:51.1953458+08:00	0x06	-0.1356	-0.0960	-0.4401	0.8825	307.50	356.97	341.10
2026-06-16T15:37:51.1953458+08:00	0x04	-0.3806	0.2046	0.4480	-0.7827	289.82	313.46	24.37
2026-06-16T15:37:51.1953458+08:00	0x01	-0.1023	-0.6571	0.4666	-0.5831	323.00	80.24	47.09
2026-06-16T15:37:51.1953458+08:00	0x02	-0.6639	-0.1166	-0.0246	0.7383	45.28	303.22	279.60
2026-06-16T15:37:51.1953458+08:00	0x03	-0.3120	0.4408	0.4208	0.7289	36.88	42.35	304.33
2026-06-16T15:37:51.1953458+08:00	0x07	0.6923	0.1435	-0.7050	-0.0559	163.76	270.02	7.18
2026-06-16T15:37:51.1953458+08:00	0x06	-0.1356	-0.0959	-0.4404	0.8823	307.46	356.98	341.11
2026-06-16T15:37:51.1953458+08:00	0x04	-0.3807	0.2031	0.4486	-0.7826	289.75	313.58	24.43
2026-06-16T15:37:51.1953458+08:00	0x01	-0.1029	-0.6581	0.4666	-0.5819	323.13	80.46	47.22
2026-06-16T15:37:51.1953458+08:00	0x03	-0.3109	0.4408	0.4210	0.7293	36.94	42.34	304.46
2026-06-16T15:37:51.1953458+08:00	0x02	-0.6638	-0.1175	-0.0243	0.7383	45.58	302.87	279.68
2026-06-16T15:37:51.1953458+08:00	0x07	0.6924	0.1433	-0.7049	-0.0562	163.75	270.01	7.14
2026-06-16T15:37:51.1953458+08:00	0x09	0.4633	0.5240	-0.5504	0.4559	204.94	303.84	87.78
2026-06-16T15:37:51.1953458+08:00	0x04	-0.3806	0.2014	0.4492	-0.7828	289.70	313.75	24.52
2026-06-16T15:37:51.1953458+08:00	0x01	-0.1038	-0.6593	0.4667	-0.5802	323.29	80.74	47.38
2026-06-16T15:37:51.1953458+08:00	0x08	0.0440	-0.0879	0.7497	0.6545	97.49	357.14	10.91
2026-06-16T15:37:51.1953458+08:00	0x07	0.6923	0.1431	-0.7050	-0.0565	163.74	270.03	7.10
2026-06-16T15:37:51.1953458+08:00	0x06	-0.1358	-0.0961	-0.4406	0.8821	307.42	356.97	341.08
2026-06-16T15:37:51.1953458+08:00	0x04	-0.3797	0.2015	0.4497	-0.7830	289.72	313.82	24.41
2026-06-16T15:37:51.1953458+08:00	0x03	-0.3103	0.4398	0.4247	0.7280	37.71	41.85	304.38
2026-06-16T15:37:51.1953458+08:00	0x07	0.6923	0.1430	-0.7050	-0.0568	163.73	270.03	7.07
2026-06-16T15:37:51.1953458+08:00	0x09	0.4649	0.5219	-0.5524	0.4542	201.17	300.07	87.38
2026-06-16T15:37:51.1953458+08:00	0x04	-0.3772	0.1985	0.4506	-0.7844	289.85	314.34	24.39
2026-06-16T15:37:51.1953458+08:00	0x01	-0.1040	-0.6714	0.4544	-0.5761	325.82	83.55	46.89
2026-06-16T15:37:51.1953458+08:00	0x03	-0.3107	0.4375	0.4254	0.7288	38.04	41.35	304.41
2026-06-16T15:37:51.1963430+08:00	0x07	0.6923	0.1426	-0.7050	-0.0573	163.72	270.04	6.99
2026-06-16T15:37:51.1963430+08:00	0x09	0.4655	0.5199	-0.5541	0.4539	201.91	300.79	87.07
2026-06-16T15:37:51.1963430+08:00	0x04	-0.3770	0.1965	0.4490	-0.7859	290.11	314.61	24.59
2026-06-16T15:37:51.1963430+08:00	0x03	-0.3110	0.4351	0.4253	0.7301	38.24	40.91	304.49
2026-06-16T15:37:51.1963430+08:00	0x07	0.6916	0.1430	-0.7057	-0.0574	163.69	270.15	7.04
2026-06-16T15:37:51.1963430+08:00	0x09	0.4655	0.5197	-0.5549	0.4531	201.09	300.03	86.97
2026-06-16T15:37:51.1963430+08:00	0x04	-0.3751	0.1937	0.4502	-0.7868	290.15	315.05	24.58
2026-06-16T15:37:51.1963430+08:00	0x01	-0.1123	-0.6316	0.4979	-0.5837	317.47	74.20	49.46
2026-06-16T15:37:51.1963430+08:00	0x02	-0.4499	-0.1021	0.1822	0.8683	37.68	329.28	311.91
2026-06-16T15:37:51.1963430+08:00	0x07	0.6916	0.1424	-0.7057	-0.0579	163.69	270.16	6.94
2026-06-16T15:37:51.1963430+08:00	0x06	-0.1368	-0.0965	-0.4411	0.8817	307.35	357.00	340.96
2026-06-16T15:37:51.1963430+08:00	0x09	0.4667	0.5184	-0.5561	0.4519	199.17	298.11	86.72
2026-06-16T15:37:51.1963430+08:00	0x01	-0.1120	-0.6328	0.4953	-0.5846	317.91	74.52	49.27
2026-06-16T15:37:51.1963430+08:00	0x03	-0.3123	0.4373	0.4244	0.7288	37.84	41.38	304.27
2026-06-16T15:37:51.1963430+08:00	0x08	0.0441	-0.0885	0.7495	0.6546	97.46	357.09	10.97
2026-06-16T15:37:51.1963430+08:00	0x07	0.6919	0.1417	-0.7055	-0.0587	163.68	270.14	6.82
2026-06-16T15:37:51.1963430+08:00	0x06	-0.1368	-0.0961	-0.4405	0.8820	307.42	357.03	340.97
2026-06-16T15:37:51.1963430+08:00	0x01	-0.1100	-0.6294	0.5006	-0.5840	316.75	73.64	49.35
2026-06-16T15:37:51.1963430+08:00	0x03	-0.2192	0.4362	0.4477	0.7491	43.64	41.14	314.02
2026-06-16T15:37:51.1963430+08:00	0x07	0.6918	0.1432	-0.7053	-0.0597	163.48	270.11	6.86
2026-06-16T15:37:51.1963430+08:00	0x09	0.4687	0.5162	-0.5590	0.4488	195.47	294.52	86.18
2026-06-16T15:37:51.1963430+08:00	0x04	-0.2581	0.0347	0.5260	-0.8096	289.82	339.23	22.43
2026-06-16T15:37:51.1963430+08:00	0x01	-0.1035	-0.6411	0.4962	-0.5763	317.90	76.17	49.07
2026-06-16T15:37:51.1963430+08:00	0x02	-0.4572	-0.1027	0.1762	0.8657	37.50	328.86	310.95
2026-06-16T15:37:51.1963430+08:00	0x07	0.6931	0.1360	-0.7055	-0.0581	164.20	270.13	6.39
2026-06-16T15:37:51.1963430+08:00	0x09	0.4703	0.5153	-0.5587	0.4485	193.95	292.86	86.06
2026-06-16T15:37:51.1963430+08:00	0x03	-0.0981	0.4546	0.5575	0.6877	62.07	42.28	320.07
2026-06-16T15:37:51.1963430+08:00	0x08	0.0434	-0.0891	0.7508	0.6531	97.68	357.01	10.98
2026-06-16T15:37:51.1963430+08:00	0x01	0.0081	-0.6556	0.5269	-0.5408	307.45	78.95	43.01
2026-06-16T15:37:51.1963430+08:00	0x02	-0.4445	-0.2095	0.3883	0.7795	69.04	307.57	327.97
2026-06-16T15:37:51.1963430+08:00	0x03	-0.0991	0.4963	0.5710	0.6464	62.84	47.30	315.98
2026-06-16T15:37:51.1963430+08:00	0x08	0.0466	-0.0909	0.7486	0.6551	97.33	357.11	11.37
2026-06-16T15:37:51.1963430+08:00	0x09	0.4738	0.5119	-0.5609	0.4460	191.04	289.83	85.43
2026-06-16T15:37:51.1963430+08:00	0x04	-0.3262	0.0982	0.4573	-0.8215	294.35	329.10	26.50
2026-06-16T15:37:51.1963430+08:00	0x02	-0.2081	-0.3355	0.1596	0.9048	26.41	315.62	344.37
2026-06-16T15:37:51.1963430+08:00	0x03	-0.0998	0.5512	0.5899	0.5815	63.76	54.56	309.96
2026-06-16T15:37:51.1963430+08:00	0x07	0.6912	0.1413	-0.7058	-0.0647	163.24	270.26	6.32
2026-06-16T15:37:51.1963430+08:00	0x09	0.4736	0.5096	-0.5641	0.4448	192.72	291.64	85.00
2026-06-16T15:37:51.1963430+08:00	0x06	-0.1440	-0.0867	-0.4410	0.8816	307.11	358.43	340.71
2026-06-16T15:37:51.1963430+08:00	0x01	0.0931	-0.6983	0.6491	-0.2870	285.57	89.19	58.55
2026-06-16T15:37:51.1963430+08:00	0x03	-0.0949	0.5692	0.6015	0.5524	65.10	57.02	307.85
2026-06-16T15:37:51.1963430+08:00	0x07	0.6890	0.1419	-0.7077	-0.0658	163.11	270.59	6.33
2026-06-16T15:37:51.1963430+08:00	0x08	0.0442	-0.0955	0.7476	0.6558	97.13	356.54	11.58
2026-06-16T15:37:51.1963430+08:00	0x09	0.4736	0.5083	-0.5656	0.4443	193.46	292.41	84.79
2026-06-16T15:37:51.1963430+08:00	0x01	0.1420	-0.7244	0.5967	-0.3145	293.07	98.19	50.83
2026-06-16T15:37:51.1963430+08:00	0x04	-0.3426	0.1167	0.4643	-0.8084	291.92	325.52	26.46
2026-06-16T15:37:51.1963430+08:00	0x03	-0.0966	0.5693	0.5955	0.5586	63.89	57.40	308.20
2026-06-16T15:37:51.1963430+08:00	0x07	0.6816	0.1223	-0.7187	-0.0629	165.04	272.36	5.17
2026-06-16T15:37:51.1963430+08:00	0x09	0.4687	0.5081	-0.5704	0.4436	198.27	297.81	84.56
2026-06-16T15:37:51.1963430+08:00	0x06	-0.1331	-0.0990	-0.4514	0.8768	306.06	356.76	341.17
2026-06-16T15:37:51.1963430+08:00	0x01	-0.0788	-0.6590	0.5583	-0.4979	308.86	78.16	54.51
2026-06-16T15:37:51.1963430+08:00	0x02	0.1452	-0.3425	0.1097	0.9217	6.28	320.34	20.05
2026-06-16T15:37:51.1963430+08:00	0x03	-0.1017	0.5505	0.5906	0.5813	63.87	54.32	309.79
2026-06-16T15:37:51.1963430+08:00	0x08	0.0426	-0.0960	0.7499	0.6532	97.52	356.40	11.52
2026-06-16T15:37:51.1963430+08:00	0x06	-0.1379	-0.0956	-0.4461	0.8791	306.65	357.26	340.87
2026-06-16T15:37:51.1963430+08:00	0x01	-0.1790	-0.6477	0.5143	-0.5329	322.14	79.15	58.98
2026-06-16T15:37:51.1963430+08:00	0x04	-0.2952	0.0903	0.4883	-0.8162	292.30	331.70	23.19
2026-06-16T15:37:51.1963430+08:00	0x03	-0.1135	0.5120	0.5691	0.6333	61.64	49.09	313.40
2026-06-16T15:37:51.1973406+08:00	0x07	0.6879	0.1192	-0.7129	-0.0665	164.95	271.45	4.50
2026-06-16T15:37:51.1973406+08:00	0x02	-0.0359	-0.4842	0.8466	0.2178	137.22	332.79	53.54
2026-06-16T15:37:51.1973406+08:00	0x09	0.4740	0.5057	-0.5686	0.4431	194.27	293.29	84.32
2026-06-16T15:37:51.1973406+08:00	0x01	-0.2070	-0.6227	0.5315	-0.5356	318.27	72.76	62.09
2026-06-16T15:37:51.1973406+08:00	0x04	-0.2833	0.0873	0.4851	-0.8227	293.52	333.08	22.42
2026-06-16T15:37:51.1973406+08:00	0x03	-0.1190	0.5023	0.5627	0.6457	60.87	47.77	314.04
2026-06-16T15:37:51.1973406+08:00	0x02	-0.2439	-0.3841	0.8113	0.3673	119.06	310.84	26.36
2026-06-16T15:37:51.1973406+08:00	0x07	0.6856	0.1538	-0.7075	-0.0761	161.30	270.73	6.50
2026-06-16T15:37:51.1973406+08:00	0x09	0.4682	0.5090	-0.5706	0.4427	197.68	297.36	84.60
2026-06-16T15:37:51.1973406+08:00	0x06	-0.1337	-0.0994	-0.4469	0.8789	306.66	356.65	341.10
2026-06-16T15:37:51.1973406+08:00	0x01	-0.2052	-0.6233	0.5423	-0.5247	316.27	72.17	63.04
2026-06-16T15:37:51.1973406+08:00	0x03	-0.1158	0.5117	0.5677	0.6344	61.36	49.03	313.29
2026-06-16T15:37:51.1973406+08:00	0x02	-0.2995	-0.3029	0.7708	0.4738	111.96	310.39	10.55
2026-06-16T15:37:51.1973406+08:00	0x08	0.0496	-0.0862	0.7467	0.6577	97.02	357.71	11.18
2026-06-16T15:37:51.1973406+08:00	0x09	0.4780	0.5020	-0.5672	0.4448	193.85	292.25	84.07
2026-06-16T15:37:51.1973406+08:00	0x01	-0.2011	-0.6242	0.5444	-0.5231	315.70	72.13	62.87
2026-06-16T15:37:51.1973406+08:00	0x03	-0.1125	0.5197	0.5717	0.6248	61.76	50.16	312.71
2026-06-16T15:37:51.1973406+08:00	0x07	0.6877	0.1369	-0.7087	-0.0773	162.60	270.96	5.03
2026-06-16T15:37:51.1973406+08:00	0x09	0.4762	0.5023	-0.5695	0.4434	194.63	293.37	83.94
2026-06-16T15:37:51.1973406+08:00	0x08	0.0495	-0.0885	0.7452	0.6591	96.77	357.49	11.38
2026-06-16T15:37:51.1973406+08:00	0x06	-0.1558	-0.0766	-0.4252	0.8883	308.89	359.77	340.01
2026-06-16T15:37:51.1973406+08:00	0x02	-0.3460	-0.2124	0.6995	0.5881	102.67	312.41	353.69
2026-06-16T15:37:51.1973406+08:00	0x01	-0.1984	-0.6220	0.5461	-0.5250	314.85	71.31	62.57
2026-06-16T15:37:51.1973406+08:00	0x03	-0.1111	0.5250	0.5726	0.6198	61.69	50.99	312.36
2026-06-16T15:37:51.1973406+08:00	0x02	-0.3542	-0.1882	0.6727	0.6217	99.15	313.66	349.21
2026-06-16T15:37:51.1973406+08:00	0x09	0.4705	0.5057	-0.5718	0.4427	197.48	296.91	84.19
2026-06-16T15:37:51.1973406+08:00	0x07	0.6888	0.1289	-0.7090	-0.0788	163.14	271.02	4.26
2026-06-16T15:37:51.1973406+08:00	0x01	-0.1986	-0.6208	0.5461	-0.5263	314.68	70.98	62.50
2026-06-16T15:37:51.1973406+08:00	0x03	-0.1130	0.5241	0.5727	0.6202	61.71	50.76	312.23
2026-06-16T15:37:51.1973406+08:00	0x07	0.6869	0.1416	-0.7091	-0.0727	162.59	270.94	5.79
2026-06-16T15:37:51.1973406+08:00	0x02	-0.3564	-0.1759	0.6562	0.6415	96.79	314.62	346.91
2026-06-16T15:37:51.1973406+08:00	0x08	0.0414	-0.0980	0.7498	0.6531	97.50	356.14	11.60
2026-06-16T15:37:51.1973406+08:00	0x06	-0.1570	-0.0752	-0.4243	0.8886	308.96	359.97	339.95
2026-06-16T15:37:51.1973406+08:00	0x01	-0.1989	-0.6199	0.5473	-0.5259	314.37	70.69	62.59
2026-06-16T15:37:51.1973406+08:00	0x04	-0.2776	0.0880	0.4738	-0.8311	295.38	333.76	22.22
2026-06-16T15:37:51.1973406+08:00	0x03	-0.1138	0.5248	0.5722	0.6198	61.58	50.87	312.13
2026-06-16T15:37:51.1973406+08:00	0x07	0.6818	0.1711	-0.7088	-0.0596	161.22	270.69	9.28
2026-06-16T15:37:51.1973406+08:00	0x02	-0.3620	-0.1650	0.6418	0.6557	95.10	315.11	344.76
2026-06-16T15:37:51.1973406+08:00	0x09	0.4742	0.5034	-0.5699	0.4437	195.87	294.80	84.07
2026-06-16T15:37:51.1973406+08:00	0x06	-0.1539	-0.0784	-0.4307	0.8858	308.21	359.61	340.11
2026-06-16T15:37:51.1973406+08:00	0x08	0.0443	-0.0943	0.7488	0.6546	97.34	356.66	11.50
2026-06-16T15:37:51.1973406+08:00	0x01	-0.2044	-0.6100	0.5480	-0.5346	313.19	68.10	62.51
2026-06-16T15:37:51.1973406+08:00	0x04	-0.2806	0.0893	0.4715	-0.8312	295.50	333.45	22.48
2026-06-16T15:37:51.1973406+08:00	0x03	-0.1100	0.5308	0.5735	0.6142	61.59	51.91	311.93
2026-06-16T15:37:51.1973406+08:00	0x07	0.6789	0.1845	-0.7090	-0.0486	161.00	270.59	11.28
2026-06-16T15:37:51.1973406+08:00	0x02	-0.3675	-0.1532	0.6381	0.6590	95.07	315.50	343.21
2026-06-16T15:37:51.1973406+08:00	0x08	0.0454	-0.0937	0.7485	0.6550	97.30	356.80	11.52
2026-06-16T15:37:51.1973406+08:00	0x06	-0.1569	-0.0745	-0.4299	0.8860	308.21	0.17	340.00
2026-06-16T15:37:51.1973406+08:00	0x01	-0.2033	-0.5987	0.5494	-0.5462	311.33	65.05	61.64
2026-06-16T15:37:51.1973406+08:00	0x03	-0.1074	0.5417	0.5790	0.5998	62.08	53.42	310.88
2026-06-16T15:37:51.1973406+08:00	0x07	0.6769	0.1927	-0.7092	-0.0423	160.81	270.55	12.48
2026-06-16T15:37:51.1973406+08:00	0x02	-0.3581	-0.1443	0.6389	0.6654	94.37	317.22	343.01
2026-06-16T15:37:51.1973406+08:00	0x09	0.4764	0.5013	-0.5709	0.4425	194.62	293.42	83.72
2026-06-16T15:37:51.1973406+08:00	0x06	-0.1569	-0.0745	-0.4313	0.8853	308.01	0.21	340.00
2026-06-16T15:37:51.1973406+08:00	0x01	-0.2041	-0.5987	0.5501	-0.5453	311.23	64.99	61.79
2026-06-16T15:37:51.1973406+08:00	0x03	-0.1072	0.5428	0.5791	0.5988	62.04	53.60	310.80
2026-06-16T15:37:51.1973406+08:00	0x07	0.6753	0.1981	-0.7095	-0.0366	160.83	270.55	13.40
2026-06-16T15:37:51.1973406+08:00	0x02	-0.3645	-0.1383	0.6359	0.6661	94.49	317.05	341.95
2026-06-16T15:37:51.1973406+08:00	0x08	0.0457	-0.0935	0.7496	0.6536	97.51	356.86	11.53
2026-06-16T15:37:51.1973406+08:00	0x01	-0.2045	-0.5991	0.5505	-0.5443	311.21	65.05	61.90
2026-06-16T15:37:51.1973406+08:00	0x03	-0.1055	0.5443	0.5787	0.5981	61.94	53.93	310.87
2026-06-16T15:37:51.1983375+08:00	0x07	0.6743	0.2017	-0.7096	-0.0327	160.84	270.55	14.01
2026-06-16T15:37:51.1983375+08:00	0x02	-0.3651	-0.1363	0.6341	0.6678	94.28	317.18	341.65
2026-06-16T15:37:51.1983375+08:00	0x09	0.4785	0.4993	-0.5724	0.4406	193.15	291.92	83.33
2026-06-16T15:37:51.1983375+08:00	0x08	0.0457	-0.0934	0.7497	0.6535	97.53	356.87	11.52
2026-06-16T15:37:51.1983375+08:00	0x04	-0.2890	0.0963	0.4694	-0.8288	295.20	332.11	22.87
2026-06-16T15:37:51.1983375+08:00	0x01	-0.2056	-0.5991	0.5518	-0.5425	311.01	64.97	62.16
2026-06-16T15:37:51.1983375+08:00	0x03	-0.1062	0.5430	0.5798	0.5981	62.18	53.62	310.83
2026-06-16T15:37:51.1983375+08:00	0x07	0.6733	0.2049	-0.7098	-0.0294	160.84	270.55	14.56
2026-06-16T15:37:51.1983375+08:00	0x02	-0.3638	-0.1353	0.6326	0.6702	93.94	317.44	341.56
2026-06-16T15:37:51.1983375+08:00	0x06	-0.1568	-0.0742	-0.4328	0.8846	307.81	0.27	340.02
2026-06-16T15:37:51.1983375+08:00	0x08	0.0460	-0.0934	0.7499	0.6533	97.57	356.90	11.55
2026-06-16T15:37:51.1983375+08:00	0x09	0.4795	0.4983	-0.5731	0.4396	192.55	291.30	83.12
2026-06-16T15:37:51.1983375+08:00	0x01	-0.2043	-0.6005	0.5505	-0.5427	311.38	65.41	62.01
2026-06-16T15:37:51.1983375+08:00	0x03	-0.1060	0.5458	0.5798	0.5956	62.04	54.09	310.61
2026-06-16T15:37:51.1983375+08:00	0x07	0.6726	0.2075	-0.7098	-0.0273	160.79	270.54	14.94
2026-06-16T15:37:51.1983375+08:00	0x08	0.0464	-0.0927	0.7506	0.6526	97.69	356.99	11.52
2026-06-16T15:37:51.1983375+08:00	0x09	0.4804	0.4975	-0.5737	0.4389	192.09	290.82	82.97
2026-06-16T15:37:51.1983375+08:00	0x02	-0.3619	-0.1275	0.6405	0.6652	94.99	318.09	341.45
2026-06-16T15:37:51.1983375+08:00	0x04	-0.2853	0.0911	0.4741	-0.8279	294.84	332.81	22.71
2026-06-16T15:37:51.1983375+08:00	0x03	-0.1131	0.5222	0.5721	0.6223	61.70	50.50	312.42
2026-06-16T15:37:51.1983375+08:00	0x02	-0.3690	-0.1549	0.6078	0.6859	90.68	315.80	341.47
2026-06-16T15:37:51.1983375+08:00	0x06	-0.1562	-0.0771	-0.4346	0.8836	307.63	359.97	339.94
2026-06-16T15:37:51.1983375+08:00	0x09	0.4792	0.4987	-0.5749	0.4372	191.60	290.63	82.95
2026-06-16T15:37:51.1983375+08:00	0x01	-0.2212	-0.6248	0.5369	-0.5220	318.90	73.68	64.39
2026-06-16T15:37:51.1983375+08:00	0x07	0.6721	0.2048	-0.7111	-0.0242	161.30	270.75	15.00
2026-06-16T15:37:51.1983375+08:00	0x03	-0.1182	0.5047	0.5652	0.6417	61.21	48.03	313.76
2026-06-16T15:37:51.1983375+08:00	0x08	0.0444	-0.0932	0.7524	0.6505	97.99	356.81	11.42
2026-06-16T15:37:51.1983375+08:00	0x09	0.4800	0.4980	-0.5754	0.4365	191.20	290.21	82.80
2026-06-16T15:37:51.1983375+08:00	0x02	-0.3703	-0.1605	0.5979	0.6926	89.34	315.40	341.28
2026-06-16T15:37:51.1983375+08:00	0x04	-0.2807	0.0787	0.4792	-0.8279	294.58	334.31	22.92
2026-06-16T15:37:51.1983375+08:00	0x03	-0.1184	0.5103	0.5680	0.6348	61.44	48.69	313.11
2026-06-16T15:37:51.1983375+08:00	0x07	0.6720	0.2052	-0.7111	-0.0244	161.25	270.75	15.01
2026-06-16T15:37:51.1983375+08:00	0x02	-0.3717	-0.1593	0.6004	0.6899	89.84	315.29	341.25
2026-06-16T15:37:51.1983375+08:00	0x08	0.0447	-0.0933	0.7517	0.6514	97.86	356.82	11.45
2026-06-16T15:37:51.1983375+08:00	0x04	-0.2847	0.0794	0.4712	-0.8311	295.44	334.13	23.47
2026-06-16T15:37:51.1983375+08:00	0x01	-0.2174	-0.6241	0.5405	-0.5207	317.78	73.05	64.30
2026-06-16T15:37:51.1983375+08:00	0x09	0.4813	0.4965	-0.5764	0.4355	190.70	289.68	82.53
2026-06-16T15:37:51.1983375+08:00	0x03	-0.1162	0.5126	0.5671	0.6341	61.22	49.19	313.21
2026-06-16T15:37:51.1983375+08:00	0x02	-0.3711	-0.1550	0.5984	0.6929	89.49	315.75	340.80
2026-06-16T15:37:51.1983375+08:00	0x08	0.0446	-0.0934	0.7515	0.6516	97.83	356.80	11.45
2026-06-16T15:37:51.1983375+08:00	0x09	0.4822	0.4954	-0.5774	0.4344	190.28	289.26	82.31
2026-06-16T15:37:51.1983375+08:00	0x04	-0.2866	0.0779	0.4661	-0.8334	296.04	334.26	23.89
2026-06-16T15:37:51.1983375+08:00	0x07	0.6720	0.2049	-0.7112	-0.0247	161.25	270.75	14.97
2026-06-16T15:37:51.1983375+08:00	0x03	-0.1177	0.5124	0.5668	0.6343	61.15	49.11	313.10
2026-06-16T15:37:51.1983375+08:00	0x02	-0.3709	-0.1521	0.5982	0.6939	89.44	316.02	340.56
2026-06-16T15:37:51.1983375+08:00	0x09	0.4830	0.4946	-0.5779	0.4338	189.97	288.93	82.15
2026-06-16T15:37:51.1983375+08:00	0x01	-0.2190	-0.6242	0.5402	-0.5202	318.00	73.19	64.45
2026-06-16T15:37:51.1983375+08:00	0x04	-0.2870	0.0767	0.4637	-0.8347	296.35	334.42	24.08
2026-06-16T15:37:51.1983375+08:00	0x07	0.6721	0.2049	-0.7111	-0.0247	161.25	270.74	14.97
2026-06-16T15:37:51.1983375+08:00	0x03	-0.1173	0.5127	0.5656	0.6352	60.93	49.26	313.20
2026-06-16T15:37:51.1983375+08:00	0x02	-0.3720	-0.1534	0.5965	0.6944	89.30	315.83	340.51
2026-06-16T15:37:51.1983375+08:00	0x08	0.0446	-0.0934	0.7510	0.6522	97.74	356.80	11.45
2026-06-16T15:37:51.1983375+08:00	0x06	-0.1551	-0.0780	-0.4350	0.8836	307.61	359.82	340.00
2026-06-16T15:37:51.1983375+08:00	0x04	-0.2871	0.0763	0.4615	-0.8359	296.64	334.51	24.18
2026-06-16T15:37:51.1983375+08:00	0x09	0.4839	0.4937	-0.5787	0.4328	189.52	288.47	81.96
2026-06-16T15:37:51.1983375+08:00	0x07	0.6722	0.2048	-0.7111	-0.0248	161.25	270.74	14.95
2026-06-16T15:37:51.1983375+08:00	0x02	-0.3709	-0.1545	0.5956	0.6956	89.06	315.88	340.62
2026-06-16T15:37:51.1983375+08:00	0x08	0.0448	-0.0934	0.7511	0.6520	97.76	356.82	11.46
2026-06-16T15:37:51.1983375+08:00	0x09	0.4847	0.4928	-0.5794	0.4319	189.20	288.14	81.78
2026-06-16T15:37:51.1983375+08:00	0x01	-0.2414	-0.6047	0.5470	-0.5262	315.14	67.78	66.29
2026-06-16T15:37:51.1983375+08:00	0x06	-0.1563	-0.0764	-0.4364	0.8828	307.38	0.09	339.97
2026-06-16T15:37:51.1993347+08:00	0x07	0.6733	0.2044	-0.7101	-0.0245	161.28	270.57	14.91
2026-06-16T15:37:51.1993347+08:00	0x03	-0.1076	0.5286	0.5713	0.6186	61.34	51.80	312.52
2026-06-16T15:37:51.1993347+08:00	0x08	0.0491	-0.0919	0.7505	0.6526	97.70	357.29	11.66
2026-06-16T15:37:51.1993347+08:00	0x06	-0.1556	-0.0767	-0.4363	0.8829	307.40	0.02	340.02
2026-06-16T15:37:51.1993347+08:00	0x04	-0.4001	0.1133	0.4340	-0.7992	291.14	321.07	32.76
2026-06-16T15:37:51.1993347+08:00	0x02	-0.2811	-0.3098	0.4941	0.7621	69.13	310.91	352.98
2026-06-16T15:37:51.1993347+08:00	0x07	0.6725	0.2033	-0.7111	-0.0266	161.23	270.75	14.68
2026-06-16T15:37:51.1993347+08:00	0x09	0.4868	0.4893	-0.5830	0.4287	188.69	287.71	81.06
2026-06-16T15:37:51.1993347+08:00	0x04	-0.3968	0.1123	0.4349	-0.8005	291.35	321.51	32.52
2026-06-16T15:37:51.1993347+08:00	0x06	-0.1485	-0.0848	-0.4427	0.8802	306.78	358.92	340.34
2026-06-16T15:37:51.1993347+08:00	0x07	0.6723	0.1910	-0.7148	-0.0239	162.55	271.36	13.94
2026-06-16T15:37:51.1993347+08:00	0x03	-0.1079	0.5281	0.5711	0.6191	61.32	51.72	312.54
2026-06-16T15:37:51.1993347+08:00	0x08	0.0404	-0.0949	0.7512	0.6520	97.72	356.32	11.26
2026-06-16T15:37:51.1993347+08:00	0x09	0.4858	0.4902	-0.5835	0.4280	188.62	287.82	81.09
2026-06-16T15:37:51.1993347+08:00	0x04	-0.1959	0.5167	-0.1847	-0.8128	6.52	296.90	30.62
2026-06-16T15:37:51.1993347+08:00	0x01	-0.1472	-0.6710	0.5486	-0.4766	317.47	83.29	61.22
2026-06-16T15:37:51.1993347+08:00	0x02	-0.3247	-0.2893	0.3909	0.8112	59.53	310.69	342.50
2026-06-16T15:37:51.1993347+08:00	0x07	0.6737	0.1837	-0.7155	-0.0219	163.34	271.47	13.50
2026-06-16T15:37:51.1993347+08:00	0x08	0.0364	-0.0970	0.7515	0.6515	97.74	355.81	11.14
2026-06-16T15:37:51.1993347+08:00	0x04	-0.0259	0.4489	-0.2974	-0.8423	30.18	308.81	18.09
2026-06-16T15:37:51.1993347+08:00	0x01	-0.1465	-0.6632	0.5308	-0.5069	318.86	81.48	58.49
2026-06-16T15:37:51.1993347+08:00	0x03	0.1341	0.5899	0.7460	0.2784	104.55	63.11	306.34
2026-06-16T15:37:51.1993347+08:00	0x08	0.0400	-0.0954	0.7479	0.6557	97.15	356.19	11.26
2026-06-16T15:37:51.1993347+08:00	0x02	-0.3506	-0.2722	0.4076	0.7980	63.38	310.07	340.27
2026-06-16T15:37:51.1993347+08:00	0x09	0.4877	0.4872	-0.5859	0.4260	188.39	287.57	80.56
2026-06-16T15:37:51.1993347+08:00	0x04	-0.4328	0.2400	0.2496	-0.8323	308.78	309.65	36.92
2026-06-16T15:37:51.1993347+08:00	0x06	-0.1490	-0.0833	-0.4355	0.8838	307.72	358.93	340.37
2026-06-16T15:37:51.1993347+08:00	0x03	-0.2769	0.4317	0.6604	0.5486	93.01	12.82	299.08
2026-06-16T15:37:51.1993347+08:00	0x08	0.0405	-0.0969	0.7490	0.6542	97.34	356.13	11.43
2026-06-16T15:37:51.1993347+08:00	0x09	0.4876	0.4876	-0.5871	0.4242	187.80	287.17	80.43
2026-06-16T15:37:51.1993347+08:00	0x06	-0.1475	-0.0879	-0.4395	0.8817	307.28	358.46	340.29
2026-06-16T15:37:51.1993347+08:00	0x02	-0.3498	-0.2728	0.4072	0.7984	63.26	310.09	340.34
2026-06-16T15:37:51.1993347+08:00	0x07	0.6734	0.1894	-0.7141	-0.0257	162.52	271.25	13.64
2026-06-16T15:37:51.1993347+08:00	0x08	0.0429	-0.0964	0.7478	0.6555	97.16	356.36	11.56
2026-06-16T15:37:51.1993347+08:00	0x09	0.4904	0.4845	-0.5881	0.4229	187.35	286.53	79.97
2026-06-16T15:37:51.1993347+08:00	0x01	-0.1465	-0.6634	0.5313	-0.5060	318.81	81.53	58.57
2026-06-16T15:37:51.1993347+08:00	0x06	-0.1507	-0.0833	-0.4359	0.8834	307.64	359.04	340.20
2026-06-16T15:37:51.1993347+08:00	0x07	0.6729	0.1945	-0.7132	-0.0272	161.96	271.11	13.93
2026-06-16T15:37:51.1993347+08:00	0x02	-0.6150	0.1362	0.3840	0.6751	98.32	305.60	290.78
2026-06-16T15:37:51.1993347+08:00	0x08	0.0438	-0.0960	0.7468	0.6566	97.00	356.45	11.58
2026-06-16T15:37:51.1993347+08:00	0x09	0.4924	0.4829	-0.5885	0.4220	186.80	285.84	79.71
2026-06-16T15:37:51.1993347+08:00	0x04	-0.4249	0.2328	0.2408	-0.8410	310.94	311.67	37.05
2026-06-16T15:37:51.1993347+08:00	0x01	-0.1732	-0.1635	0.6095	-0.7562	282.83	2.34	27.47
2026-06-16T15:37:51.1993347+08:00	0x06	-0.1525	-0.0804	-0.4342	0.8842	307.79	359.41	340.15
2026-06-16T15:37:51.1993347+08:00	0x07	0.6729	0.1966	-0.7125	-0.0295	161.59	271.01	13.92
2026-06-16T15:37:51.1993347+08:00	0x08	0.0439	-0.0951	0.7459	0.6577	96.84	356.51	11.52
2026-06-16T15:37:51.1993347+08:00	0x09	0.4940	0.4817	-0.5889	0.4209	186.21	285.17	79.47
2026-06-16T15:37:51.1993347+08:00	0x06	-0.1541	-0.0787	-0.4328	0.8847	307.93	359.64	340.08
2026-06-16T15:37:51.1993347+08:00	0x01	-0.2140	-0.1540	0.6828	-0.6814	268.41	354.53	30.12
2026-06-16T15:37:51.1993347+08:00	0x03	-0.2696	0.4328	0.6689	0.5409	94.68	12.63	299.46
2026-06-16T15:37:51.1993347+08:00	0x07	0.6728	0.1988	-0.7120	-0.0301	161.34	270.92	14.04
2026-06-16T15:37:51.1993347+08:00	0x03	-0.2894	0.1343	0.6390	0.6999	88.88	347.14	324.77
2026-06-16T15:37:51.1993347+08:00	0x09	0.4954	0.4804	-0.5897	0.4196	185.79	284.73	79.20
2026-06-16T15:37:51.1993347+08:00	0x01	-0.2192	-0.1736	0.7254	-0.6290	259.93	353.27	31.84
2026-06-16T15:37:51.1993347+08:00	0x06	-0.1538	-0.0790	-0.4333	0.8845	307.87	359.61	340.10
2026-06-16T15:37:51.1993347+08:00	0x07	0.6729	0.1985	-0.7120	-0.0304	161.34	270.93	13.99
2026-06-16T15:37:51.1993347+08:00	0x02	-0.6875	0.2181	0.2877	0.6300	150.57	251.44	277.32
2026-06-16T15:37:51.1993347+08:00	0x08	0.0439	-0.0942	0.7460	0.6578	96.85	356.59	11.44
2026-06-16T15:37:51.1993347+08:00	0x03	-0.2836	0.1257	0.6532	0.6907	90.98	346.30	326.22
2026-06-16T15:37:51.2003326+08:00	0x04	-0.6391	-0.0449	0.4398	-0.6293	247.66	289.49	57.56
2026-06-16T15:37:51.2003326+08:00	0x01	-0.2155	-0.1753	0.7300	-0.6245	259.26	353.54	31.68
2026-06-16T15:37:51.2003326+08:00	0x07	0.6731	0.1951	-0.7127	-0.0304	161.64	271.04	13.73
2026-06-16T15:37:51.2003326+08:00	0x08	0.0434	-0.0948	0.7461	0.6576	96.86	356.50	11.45
2026-06-16T15:37:51.2003326+08:00	0x01	-0.2153	-0.1759	0.7275	-0.6272	259.75	353.75	31.73
2026-06-16T15:37:51.2003326+08:00	0x09	0.4966	0.4788	-0.5916	0.4173	185.35	284.37	78.81
2026-06-16T15:37:51.2003326+08:00	0x06	-0.1523	-0.0812	-0.4365	0.8830	307.51	359.37	340.13
2026-06-16T15:37:51.2003326+08:00	0x07	0.6734	0.1948	-0.7125	-0.0306	161.64	271.01	13.67
2026-06-16T15:37:51.2003326+08:00	0x04	-0.6238	-0.1188	0.4615	-0.6195	244.27	294.30	61.95
2026-06-16T15:37:51.2003326+08:00	0x03	-0.2823	0.1271	0.6473	0.6965	89.82	346.88	326.09
2026-06-16T15:37:51.2003326+08:00	0x09	0.4987	0.4772	-0.5918	0.4163	184.84	283.72	78.54
2026-06-16T15:37:51.2003326+08:00	0x06	-0.1537	-0.0792	-0.4342	0.8841	307.76	359.60	340.09
2026-06-16T15:37:51.2003326+08:00	0x02	-0.7073	0.2178	0.3212	0.5909	160.92	244.17	282.64
2026-06-16T15:37:51.2003326+08:00	0x07	0.6731	0.1972	-0.7120	-0.0317	161.35	270.95	13.77
2026-06-16T15:37:51.2003326+08:00	0x03	-0.2801	0.1242	0.6472	0.6980	89.63	346.89	326.51
2026-06-16T15:37:51.2003326+08:00	0x04	-0.6255	-0.1091	0.4769	-0.6078	241.84	292.67	59.82
2026-06-16T15:37:51.2003326+08:00	0x09	0.4993	0.4766	-0.5926	0.4152	184.61	283.53	78.37
2026-06-16T15:37:51.2003326+08:00	0x06	-0.1536	-0.0793	-0.4346	0.8839	307.71	359.60	340.09
2026-06-16T15:37:51.2003326+08:00	0x07	0.6732	0.1968	-0.7120	-0.0320	161.35	270.95	13.71
2026-06-16T15:37:51.2003326+08:00	0x04	-0.6263	-0.1126	0.4820	-0.6023	240.45	292.09	59.65
2026-06-16T15:37:51.2003326+08:00	0x09	0.5006	0.4750	-0.5935	0.4140	184.41	283.28	78.08
2026-06-16T15:37:51.2003326+08:00	0x01	-0.2155	-0.1740	0.7339	-0.6202	258.49	353.23	31.51
2026-06-16T15:37:51.2003326+08:00	0x06	-0.1540	-0.0780	-0.4344	0.8840	307.71	359.75	340.12
2026-06-16T15:37:51.2003326+08:00	0x07	0.6737	0.1965	-0.7116	-0.0333	161.27	270.89	13.58
2026-06-16T15:37:51.2003326+08:00	0x04	-0.6248	-0.1042	0.4868	-0.6015	240.78	292.24	58.54
2026-06-16T15:37:51.2003326+08:00	0x03	-0.0220	0.4498	0.5541	0.7001	63.02	45.52	328.04
2026-06-16T15:37:51.2003326+08:00	0x09	0.5016	0.4740	-0.5943	0.4130	184.19	283.06	77.87
2026-06-16T15:37:51.2003326+08:00	0x01	-0.2048	-0.1868	0.7300	-0.6248	259.85	355.58	31.91
2026-06-16T15:37:51.2003326+08:00	0x06	-0.1552	-0.0767	-0.4337	0.8843	307.75	359.94	340.06
2026-06-16T15:37:51.2003326+08:00	0x07	0.6731	0.1984	-0.7116	-0.0334	161.10	270.89	13.74
2026-06-16T15:37:51.2003326+08:00	0x08	0.0439	-0.0946	0.7476	0.6559	97.14	356.58	11.48
2026-06-16T15:37:51.2003326+08:00	0x09	0.5014	0.4737	-0.5955	0.4118	184.17	283.17	77.72
2026-06-16T15:37:51.2003326+08:00	0x01	-0.2219	-0.1793	0.7173	-0.6356	261.28	353.83	32.64
2026-06-16T15:37:51.2003326+08:00	0x06	-0.1541	-0.0797	-0.4358	0.8832	307.54	359.60	340.02
2026-06-16T15:37:51.2003326+08:00	0x07	0.6737	0.1958	-0.7119	-0.0322	161.43	270.92	13.61
2026-06-16T15:37:51.2003326+08:00	0x02	-0.7340	0.1591	0.3720	0.5455	154.05	251.03	293.20
2026-06-16T15:37:51.2003326+08:00	0x03	-0.0979	0.5026	0.6226	0.5918	72.16	44.83	312.12
2026-06-16T15:37:51.2003326+08:00	0x09	0.5023	0.4729	-0.5960	0.4109	183.90	282.89	77.55
2026-06-16T15:37:51.2003326+08:00	0x08	0.0443	-0.0940	0.7491	0.6542	97.40	356.69	11.47
2026-06-16T15:37:51.2003326+08:00	0x06	-0.1537	-0.0807	-0.4354	0.8833	307.61	359.46	340.02
2026-06-16T15:37:51.2003326+08:00	0x07	0.6739	0.1952	-0.7119	-0.0324	161.46	270.92	13.55
2026-06-16T15:37:51.2003326+08:00	0x08	0.0444	-0.0938	0.7490	0.6544	97.38	356.72	11.45
2026-06-16T15:37:51.2003326+08:00	0x04	-0.1406	0.2239	0.8374	-0.4784	242.91	332.40	346.09
2026-06-16T15:37:51.2003326+08:00	0x09	0.5036	0.4715	-0.5969	0.4097	183.70	282.65	77.28
2026-06-16T15:37:51.2003326+08:00	0x06	-0.1534	-0.0806	-0.4353	0.8835	307.64	359.46	340.05
2026-06-16T15:37:51.2003326+08:00	0x07	0.6739	0.1948	-0.7119	-0.0334	161.41	270.93	13.44
2026-06-16T15:37:51.2003326+08:00	0x08	0.0444	-0.0935	0.7490	0.6545	97.38	356.73	11.43
2026-06-16T15:37:51.2003326+08:00	0x03	-0.0982	0.5215	0.6236	0.5740	71.69	47.49	310.26
2026-06-16T15:37:51.2003326+08:00	0x09	0.5046	0.4705	-0.5975	0.4086	183.45	282.38	77.07
2026-06-16T15:37:51.2003326+08:00	0x01	-0.2304	-0.1689	0.7378	-0.6116	256.70	350.94	32.07
2026-06-16T15:37:51.2003326+08:00	0x07	0.6740	0.1948	-0.7118	-0.0338	161.37	270.92	13.40
2026-06-16T15:37:51.2003326+08:00	0x06	-0.1536	-0.0800	-0.4352	0.8835	307.64	359.53	340.06
2026-06-16T15:37:51.2003326+08:00	0x04	-0.2359	0.0695	0.5964	-0.7641	280.64	336.21	16.12
2026-06-16T15:37:51.2003326+08:00	0x03	-0.1046	0.5233	0.6237	0.5711	71.64	47.36	309.44
2026-06-16T15:37:51.2003326+08:00	0x01	-0.2322	-0.1682	0.7416	-0.6065	255.81	350.47	32.08
2026-06-16T15:37:51.2003326+08:00	0x06	-0.1538	-0.0796	-0.4353	0.8835	307.61	359.59	340.06
2026-06-16T15:37:51.2003326+08:00	0x09	0.5057	0.4694	-0.5983	0.4075	183.24	282.16	76.84
2026-06-16T15:37:51.2003326+08:00	0x07	0.6741	0.1946	-0.7118	-0.0342	161.36	270.92	13.35
2026-06-16T15:37:51.2013296+08:00	0x02	-0.7343	0.1927	0.3714	0.5345	162.15	245.78	291.85
2026-06-16T15:37:51.2013296+08:00	0x03	-0.1077	0.5236	0.6230	0.5711	71.47	47.27	309.17
2026-06-16T15:37:51.2013296+08:00	0x09	0.5064	0.4684	-0.5990	0.4066	183.13	282.04	76.65
2026-06-16T15:37:51.2013296+08:00	0x06	-0.1539	-0.0801	-0.4352	0.8834	307.63	359.54	340.02
2026-06-16T15:37:51.2013296+08:00	0x07	0.6740	0.1945	-0.7119	-0.0344	161.36	270.93	13.33
2026-06-16T15:37:51.2013296+08:00	0x03	-0.1067	0.5249	0.6246	0.5683	71.78	47.38	309.01
2026-06-16T15:37:51.2013296+08:00	0x08	0.0446	-0.0939	0.7490	0.6543	97.39	356.72	11.49
2026-06-16T15:37:51.2013296+08:00	0x02	-0.7349	0.1866	0.3724	0.5352	160.82	246.69	292.24
2026-06-16T15:37:51.2013296+08:00	0x09	0.5070	0.4673	-0.5999	0.4058	183.17	282.09	76.45
2026-06-16T15:37:51.2013296+08:00	0x01	-0.2351	-0.1630	0.7400	-0.6087	255.98	349.86	31.83
2026-06-16T15:37:51.2013296+08:00	0x06	-0.1539	-0.0805	-0.4352	0.8834	307.63	359.50	340.00
2026-06-16T15:37:51.2013296+08:00	0x07	0.6739	0.1942	-0.7120	-0.0347	161.36	270.96	13.28
2026-06-16T15:37:51.2013296+08:00	0x03	-0.1040	0.5285	0.6244	0.5657	71.59	48.11	308.96
2026-06-16T15:37:51.2013296+08:00	0x08	0.0448	-0.0938	0.7492	0.6541	97.43	356.76	11.49
2026-06-16T15:37:51.2013296+08:00	0x04	-0.2291	0.0541	0.5229	-0.8192	291.55	339.74	18.59
2026-06-16T15:37:51.2013296+08:00	0x06	-0.1540	-0.0805	-0.4352	0.8834	307.63	359.50	340.00
2026-06-16T15:37:51.2013296+08:00	0x07	0.6739	0.1939	-0.7121	-0.0350	161.35	270.98	13.24
2026-06-16T15:37:51.2013296+08:00	0x01	-0.2328	-0.1639	0.7393	-0.6102	256.29	350.24	31.77
2026-06-16T15:37:51.2013296+08:00	0x02	-0.7350	0.1835	0.3812	0.5298	160.13	247.99	293.24
2026-06-16T15:37:51.2013296+08:00	0x08	0.0448	-0.0936	0.7496	0.6537	97.49	356.77	11.47
2026-06-16T15:37:51.2013296+08:00	0x09	0.5082	0.4652	-0.6018	0.4039	183.16	282.11	76.04
2026-06-16T15:37:51.2013296+08:00	0x01	-0.2246	-0.1616	0.7422	-0.6104	256.33	350.86	30.93
2026-06-16T15:37:51.2013296+08:00	0x06	-0.1545	-0.0794	-0.4348	0.8836	307.66	359.64	340.00
2026-06-16T15:37:51.2013296+08:00	0x07	0.6739	0.1943	-0.7120	-0.0356	161.27	270.96	13.22
2026-06-16T15:37:51.2013296+08:00	0x04	-0.2446	0.0583	0.5001	-0.8287	293.91	338.66	20.31
2026-06-16T15:37:51.2013296+08:00	0x09	0.5093	0.4640	-0.6022	0.4032	183.04	281.92	75.85
2026-06-16T15:37:51.2013296+08:00	0x01	-0.2222	-0.1640	0.7432	-0.6094	256.27	351.25	30.97
2026-06-16T15:37:51.2013296+08:00	0x06	-0.1547	-0.0791	-0.4350	0.8835	307.64	359.68	339.99
2026-06-16T15:37:51.2013296+08:00	0x07	0.6739	0.1940	-0.7120	-0.0365	161.22	270.97	13.13
2026-06-16T15:37:51.2013296+08:00	0x09	0.5101	0.4631	-0.6028	0.4023	182.91	281.78	75.67
2026-06-16T15:37:51.2013296+08:00	0x03	-0.0966	0.5400	0.6226	0.5580	70.77	50.46	308.71
2026-06-16T15:37:51.2013296+08:00	0x08	0.0448	-0.0933	0.7497	0.6536	97.51	356.79	11.45
2026-06-16T15:37:51.2013296+08:00	0x08	0.0448	-0.0933	0.7498	0.6536	97.52	356.79	11.45
2026-06-16T15:37:51.2013296+08:00	0x04	-0.2594	0.0630	0.4918	-0.8288	294.24	337.25	21.59
2026-06-16T15:37:51.2013296+08:00	0x06	-0.1546	-0.0790	-0.4350	0.8836	307.63	359.69	340.01
2026-06-16T15:37:51.2013296+08:00	0x07	0.6740	0.1938	-0.7119	-0.0368	161.21	270.96	13.08
2026-06-16T15:37:51.2013296+08:00	0x09	0.5107	0.4625	-0.6033	0.4015	182.78	281.65	75.52
2026-06-16T15:37:51.2013296+08:00	0x03	-0.0966	0.5397	0.6225	0.5584	70.76	50.43	308.75
2026-06-16T15:37:51.2013296+08:00	0x04	-0.2571	0.0633	0.4894	-0.8309	294.68	337.46	21.43
2026-06-16T15:37:51.2013296+08:00	0x01	-0.2236	-0.1639	0.7432	-0.6089	256.18	351.09	31.07
2026-06-16T15:37:51.2013296+08:00	0x06	-0.1549	-0.0786	-0.4350	0.8835	307.62	359.75	340.00
2026-06-16T15:37:51.2013296+08:00	0x07	0.6740	0.1937	-0.7119	-0.0371	161.20	270.97	13.04
2026-06-16T15:37:51.2013296+08:00	0x04	-0.2614	0.0610	0.4930	-0.8276	293.98	337.26	21.87
2026-06-16T15:37:51.2013296+08:00	0x01	-0.2280	-0.1543	0.7551	-0.5950	253.56	349.27	30.29
2026-06-16T15:37:51.2013296+08:00	0x06	-0.1550	-0.0781	-0.4349	0.8836	307.62	359.81	340.01
2026-06-16T15:37:51.2013296+08:00	0x07	0.6741	0.1936	-0.7119	-0.0376	161.17	270.96	13.00
2026-06-16T15:37:51.2013296+08:00	0x09	0.5131	0.4597	-0.6051	0.3991	182.49	281.31	75.00
2026-06-16T15:37:51.2013296+08:00	0x03	-0.0967	0.5566	0.6196	0.5449	69.39	53.39	307.33
2026-06-16T15:37:51.2013296+08:00	0x02	-0.7339	0.2141	0.3684	0.5291	167.76	241.76	290.90
2026-06-16T15:37:51.2013296+08:00	0x04	-0.2752	0.0699	0.4833	-0.8281	294.45	335.53	22.85
2026-06-16T15:37:51.2013296+08:00	0x01	-0.2210	-0.1467	0.7620	-0.5908	252.79	349.23	28.99
2026-06-16T15:37:51.2013296+08:00	0x06	-0.1567	-0.0755	-0.4336	0.8842	307.73	0.14	339.97
2026-06-16T15:37:51.2013296+08:00	0x07	0.6739	0.1954	-0.7115	-0.0392	160.89	270.91	13.01
2026-06-16T15:37:51.2013296+08:00	0x09	0.5148	0.4577	-0.6057	0.3983	182.46	281.15	74.70
2026-06-16T15:37:51.2013296+08:00	0x02	-0.7348	0.2200	0.3665	0.5266	169.81	240.07	290.74
2026-06-16T15:37:51.2013296+08:00	0x04	-0.2813	0.0739	0.4804	-0.8274	294.44	334.70	23.23
2026-06-16T15:37:51.2013296+08:00	0x03	-0.0963	0.5664	0.6190	0.5356	68.77	55.12	306.46
2026-06-16T15:37:51.2023279+08:00	0x01	-0.2225	-0.1422	0.7629	-0.5901	252.56	348.72	28.66
2026-06-16T15:37:51.2023279+08:00	0x08	0.0459	-0.0919	0.7494	0.6541	97.47	356.99	11.41
2026-06-16T15:37:51.2023279+08:00	0x07	0.6729	0.1990	-0.7116	-0.0357	160.86	270.89	13.60
2026-06-16T15:37:51.2023279+08:00	0x09	0.5155	0.4567	-0.6067	0.3970	182.31	281.05	74.46
2026-06-16T15:37:51.2023279+08:00	0x02	-0.7367	0.2154	0.3630	0.5284	169.25	239.89	290.80
2026-06-16T15:37:51.2023279+08:00	0x03	-0.0964	0.5634	0.6181	0.5397	68.74	54.66	306.82
2026-06-16T15:37:51.2023279+08:00	0x01	-0.2272	-0.1415	0.7610	-0.5910	252.63	348.24	28.94
2026-06-16T15:37:51.2023279+08:00	0x08	0.0456	-0.0921	0.7496	0.6538	97.51	356.95	11.40
2026-06-16T15:37:51.2023279+08:00	0x06	-0.1573	-0.0749	-0.4339	0.8840	307.67	0.25	339.93
2026-06-16T15:37:51.2023279+08:00	0x07	0.6719	0.2027	-0.7117	-0.0319	160.87	270.89	14.22
2026-06-16T15:37:51.2023279+08:00	0x09	0.5161	0.4558	-0.6077	0.3956	182.18	280.96	74.24
2026-06-16T15:37:51.2023279+08:00	0x03	-0.0963	0.5589	0.6178	0.5447	68.91	53.95	307.30
2026-06-16T15:37:51.2023279+08:00	0x01	-0.2325	-0.1390	0.7612	-0.5892	252.21	347.43	29.05
2026-06-16T15:37:51.2023279+08:00	0x08	0.0454	-0.0920	0.7499	0.6535	97.55	356.96	11.38
2026-06-16T15:37:51.2023279+08:00	0x06	-0.1571	-0.0751	-0.4341	0.8838	307.64	0.22	339.94
2026-06-16T15:37:51.2023279+08:00	0x07	0.6713	0.2048	-0.7117	-0.0294	160.89	270.88	14.60
2026-06-16T15:37:51.2023279+08:00	0x09	0.5171	0.4548	-0.6085	0.3944	182.01	280.80	74.01
2026-06-16T15:37:51.2023279+08:00	0x02	-0.7453	0.2067	0.3542	0.5257	169.92	237.70	291.56
2026-06-16T15:37:51.2023279+08:00	0x01	-0.2303	-0.1396	0.7585	-0.5935	252.93	347.87	29.02
2026-06-16T15:37:51.2023279+08:00	0x03	-0.0974	0.5579	0.6177	0.5456	68.92	53.72	307.29
2026-06-16T15:37:51.2023279+08:00	0x06	-0.1571	-0.0751	-0.4341	0.8839	307.65	0.22	339.95
2026-06-16T15:37:51.2023279+08:00	0x07	0.6708	0.2060	-0.7119	-0.0282	160.88	270.89	14.80
2026-06-16T15:37:51.2023279+08:00	0x09	0.5182	0.4534	-0.6095	0.3930	181.86	280.65	73.73
2026-06-16T15:37:51.2023279+08:00	0x03	-0.0971	0.5589	0.6188	0.5434	69.10	53.82	307.13
2026-06-16T15:37:51.2023279+08:00	0x02	-0.7409	0.2078	0.3703	0.5204	168.23	241.01	292.33
2026-06-16T15:37:51.2023279+08:00	0x01	-0.2222	-0.1486	0.7551	-0.5986	254.07	349.58	29.37
2026-06-16T15:37:51.2023279+08:00	0x08	0.0456	-0.0922	0.7498	0.6536	97.55	356.95	11.41
2026-06-16T15:37:51.2023279+08:00	0x06	-0.1570	-0.0753	-0.4340	0.8839	307.66	0.20	339.94
2026-06-16T15:37:51.2023279+08:00	0x09	0.5190	0.4530	-0.6102	0.3913	181.47	280.33	73.53
2026-06-16T15:37:51.2023279+08:00	0x02	-0.7402	0.2040	0.3710	0.5223	167.02	241.96	292.38
2026-06-16T15:37:51.2023279+08:00	0x03	-0.0960	0.5558	0.6209	0.5443	69.71	53.18	307.37
2026-06-16T15:37:51.2023279+08:00	0x01	-0.2260	-0.1511	0.7579	-0.5931	253.19	349.15	29.80
2026-06-16T15:37:51.2023279+08:00	0x08	0.0452	-0.0922	0.7501	0.6533	97.59	356.92	11.39
2026-06-16T15:37:51.2023279+08:00	0x07	0.6705	0.2074	-0.7119	-0.0263	160.92	270.88	15.07
2026-06-16T15:37:51.2023279+08:00	0x09	0.5198	0.4521	-0.6110	0.3901	181.33	280.21	73.33
2026-06-16T15:37:51.2023279+08:00	0x04	-0.2700	0.0612	0.4808	-0.8320	295.19	336.88	22.98
2026-06-16T15:37:51.2023279+08:00	0x01	-0.2273	-0.1511	0.7572	-0.5934	253.24	349.03	29.91
2026-06-16T15:37:51.2023279+08:00	0x08	0.0452	-0.0922	0.7500	0.6534	97.56	356.91	11.38
2026-06-16T15:37:51.2023279+08:00	0x06	-0.1567	-0.0759	-0.4344	0.8837	307.62	0.12	339.95
2026-06-16T15:37:51.2023279+08:00	0x07	0.6704	0.2075	-0.7119	-0.0259	160.95	270.89	15.12
2026-06-16T15:37:51.2023279+08:00	0x09	0.5205	0.4513	-0.6115	0.3893	181.27	280.14	73.16
2026-06-16T15:37:51.2023279+08:00	0x02	-0.7404	0.2025	0.3715	0.5223	166.68	242.21	292.50
2026-06-16T15:37:51.2023279+08:00	0x03	-0.0976	0.5507	0.6243	0.5454	70.64	51.98	307.44
2026-06-16T15:37:51.2023279+08:00	0x01	-0.2268	-0.1525	0.7542	-0.5971	253.87	349.35	30.05
2026-06-16T15:37:51.2023279+08:00	0x08	0.0453	-0.0924	0.7499	0.6535	97.55	356.91	11.41
2026-06-16T15:37:51.2023279+08:00	0x06	-0.1566	-0.0763	-0.4343	0.8838	307.65	0.07	339.93
2026-06-16T15:37:51.2023279+08:00	0x09	0.5212	0.4504	-0.6121	0.3884	181.19	280.06	72.99
2026-06-16T15:37:51.2033250+08:00	0x02	-0.7429	0.1983	0.3679	0.5229	166.47	241.72	292.65
2026-06-16T15:37:51.2033250+08:00	0x04	-0.2686	0.0607	0.4802	-0.8328	295.35	337.05	22.90
2026-06-16T15:37:51.2033250+08:00	0x01	-0.2314	-0.1519	0.7542	-0.5954	253.53	348.77	30.31
2026-06-16T15:37:51.2033250+08:00	0x08	0.0453	-0.0928	0.7499	0.6534	97.56	356.88	11.44
2026-06-16T15:37:51.2033250+08:00	0x09	0.5216	0.4496	-0.6128	0.3877	181.21	280.09	72.83
2026-06-16T15:37:51.2033250+08:00	0x02	-0.7431	0.1970	0.3671	0.5238	166.20	241.80	292.63
2026-06-16T15:37:51.2033250+08:00	0x01	-0.2326	-0.1524	0.7544	-0.5946	253.40	348.65	30.44
2026-06-16T15:37:51.2033250+08:00	0x08	0.0453	-0.0928	0.7500	0.6534	97.56	356.88	11.45
2026-06-16T15:37:51.2033250+08:00	0x07	0.6700	0.2083	-0.7121	-0.0244	161.01	270.92	15.31
2026-06-16T15:37:51.2033250+08:00	0x02	-0.7430	0.1960	0.3676	0.5239	165.92	242.05	292.70
2026-06-16T15:37:51.2033250+08:00	0x03	-0.0996	0.5447	0.6228	0.5527	70.59	51.03	307.95
2026-06-16T15:37:51.2033250+08:00	0x01	-0.2333	-0.1530	0.7536	-0.5952	253.49	348.65	30.55
2026-06-16T15:37:51.2033250+08:00	0x09	0.5222	0.4489	-0.6134	0.3868	181.11	280.00	72.67
2026-06-16T15:37:51.2033250+08:00	0x08	0.0454	-0.0929	0.7499	0.6534	97.56	356.88	11.46
2026-06-16T15:37:51.2033250+08:00	0x07	0.6700	0.2084	-0.7121	-0.0242	161.02	270.91	15.33
2026-06-16T15:37:51.2033250+08:00	0x06	-0.1562	-0.0772	-0.4343	0.8838	307.67	359.95	339.93
2026-06-16T15:37:51.2033250+08:00	0x09	0.5227	0.4481	-0.6140	0.3860	181.03	279.93	72.51
2026-06-16T15:37:51.2033250+08:00	0x03	-0.1014	0.5431	0.6226	0.5542	70.61	50.68	307.94
2026-06-16T15:37:51.2033250+08:00	0x01	-0.2326	-0.1546	0.7537	-0.5949	253.50	348.83	30.65
2026-06-16T15:37:51.2033250+08:00	0x08	0.0450	-0.0929	0.7497	0.6537	97.51	356.85	11.43
2026-06-16T15:37:51.2033250+08:00	0x07	0.6700	0.2084	-0.7121	-0.0241	161.03	270.92	15.34
2026-06-16T15:37:51.2033250+08:00	0x06	-0.1560	-0.0770	-0.4344	0.8837	307.65	359.96	339.96
2026-06-16T15:37:51.2033250+08:00	0x04	-0.2678	0.0589	0.4795	-0.8336	295.53	337.33	22.95
2026-06-16T15:37:51.2033250+08:00	0x02	-0.7445	0.1999	0.3635	0.5231	167.51	240.42	292.45
2026-06-16T15:37:51.2033250+08:00	0x03	-0.1008	0.5429	0.6216	0.5556	70.41	50.77	308.10
2026-06-16T15:37:51.2033250+08:00	0x09	0.5237	0.4470	-0.6146	0.3849	180.93	279.81	72.30
2026-06-16T15:37:51.2033250+08:00	0x08	0.0452	-0.0924	0.7495	0.6540	97.48	356.89	11.40
2026-06-16T15:37:51.2033250+08:00	0x07	0.6699	0.2083	-0.7122	-0.0242	161.02	270.93	15.32
2026-06-16T15:37:51.2033250+08:00	0x06	-0.1563	-0.0772	-0.4348	0.8835	307.60	359.96	339.92
2026-06-16T15:37:51.2033250+08:00	0x09	0.5241	0.4465	-0.6153	0.3839	180.81	279.74	72.14
2026-06-16T15:37:51.2033250+08:00	0x03	-0.1011	0.5375	0.6171	0.5657	69.71	50.27	308.94
2026-06-16T15:37:51.2033250+08:00	0x01	-0.2418	-0.1520	0.7509	-0.5954	253.40	347.71	31.08
2026-06-16T15:37:51.2033250+08:00	0x08	0.0451	-0.0921	0.7495	0.6541	97.47	356.90	11.37
2026-06-16T15:37:51.2033250+08:00	0x07	0.6702	0.2077	-0.7121	-0.0244	161.06	270.91	15.26
2026-06-16T15:37:51.2033250+08:00	0x06	-0.1564	-0.0766	-0.4348	0.8835	307.59	0.04	339.95
2026-06-16T15:37:51.2033250+08:00	0x04	-0.2734	0.0688	0.4749	-0.8337	295.72	336.00	22.98
2026-06-16T15:37:51.2033250+08:00	0x03	-0.1008	0.5463	0.6148	0.5599	68.84	51.88	308.32
2026-06-16T15:37:51.2033250+08:00	0x08	0.0447	-0.0924	0.7494	0.6542	97.45	356.85	11.35
2026-06-16T15:37:51.2033250+08:00	0x07	0.6701	0.2081	-0.7121	-0.0249	160.98	270.91	15.25
2026-06-16T15:37:51.2033250+08:00	0x06	-0.1564	-0.0766	-0.4345	0.8837	307.63	0.03	339.95
2026-06-16T15:37:51.2033250+08:00	0x04	-0.2636	0.0640	0.4800	-0.8343	295.62	337.12	22.23
2026-06-16T15:37:51.2033250+08:00	0x09	0.5263	0.4442	-0.6166	0.3815	180.54	279.43	71.68
2026-06-16T15:37:51.2033250+08:00	0x03	-0.0984	0.5515	0.6147	0.5552	68.61	52.86	308.06
2026-06-16T15:37:51.2033250+08:00	0x08	0.0447	-0.0919	0.7493	0.6543	97.44	356.88	11.32
2026-06-16T15:37:51.2033250+08:00	0x07	0.6702	0.2080	-0.7120	-0.0253	160.96	270.90	15.20
2026-06-16T15:37:51.2033250+08:00	0x06	-0.1565	-0.0765	-0.4343	0.8838	307.65	0.05	339.94
2026-06-16T15:37:51.2033250+08:00	0x02	-0.7440	0.1984	0.3687	0.5207	166.84	241.47	292.91
2026-06-16T15:37:51.2033250+08:00	0x09	0.5271	0.4433	-0.6173	0.3802	180.37	279.28	71.46
2026-06-16T15:37:51.2033250+08:00	0x03	-0.0995	0.5502	0.6156	0.5554	68.84	52.51	308.01
2026-06-16T15:37:51.2033250+08:00	0x01	-0.2301	-0.1525	0.7535	-0.5967	253.76	349.00	30.29
2026-06-16T15:37:51.2043221+08:00	0x08	0.0450	-0.0913	0.7493	0.6544	97.44	356.96	11.29
2026-06-16T15:37:51.2043221+08:00	0x07	0.6704	0.2074	-0.7120	-0.0258	160.97	270.90	15.11
2026-06-16T15:37:51.2043221+08:00	0x06	-0.1569	-0.0759	-0.4344	0.8837	307.63	0.13	339.92
2026-06-16T15:37:51.2043221+08:00	0x02	-0.7430	0.1956	0.3715	0.5213	165.72	242.60	293.09
2026-06-16T15:37:51.2043221+08:00	0x04	-0.2588	0.0632	0.4817	-0.8349	295.65	337.53	21.80
2026-06-16T15:37:51.2043221+08:00	0x01	-0.2312	-0.1540	0.7528	-0.5967	253.80	349.01	30.52
2026-06-16T15:37:51.2043221+08:00	0x08	0.0446	-0.0914	0.7496	0.6540	97.49	356.92	11.27
2026-06-16T15:37:51.2043221+08:00	0x07	0.6705	0.2071	-0.7120	-0.0260	160.97	270.90	15.07
2026-06-16T15:37:51.2043221+08:00	0x06	-0.1567	-0.0761	-0.4346	0.8836	307.61	0.10	339.94
2026-06-16T15:37:51.2043221+08:00	0x02	-0.7434	0.1929	0.3717	0.5215	165.21	242.90	293.25
2026-06-16T15:37:51.2043221+08:00	0x09	0.5290	0.4413	-0.6187	0.3777	180.06	278.98	71.02
2026-06-16T15:37:51.2043221+08:00	0x01	-0.2315	-0.1558	0.7516	-0.5977	254.00	349.16	30.72
2026-06-16T15:37:51.2043221+08:00	0x07	0.6705	0.2067	-0.7120	-0.0264	160.98	270.91	15.01
2026-06-16T15:37:51.2043221+08:00	0x06	-0.1570	-0.0768	-0.4344	0.8836	307.63	0.04	339.87
2026-06-16T15:37:51.2043221+08:00	0x02	-0.7429	0.1932	0.3709	0.5226	165.14	242.91	293.09
2026-06-16T15:37:51.2043221+08:00	0x04	-0.2605	0.0638	0.4811	-0.8346	295.64	337.35	21.93
2026-06-16T15:37:51.2043221+08:00	0x09	0.5291	0.4402	-0.6196	0.3773	180.31	279.23	70.87
2026-06-16T15:37:51.2043221+08:00	0x03	-0.0994	0.5467	0.6168	0.5575	69.25	51.85	308.26
2026-06-16T15:37:51.2043221+08:00	0x01	-0.2320	-0.1564	0.7519	-0.5970	253.89	349.11	30.81
2026-06-16T15:37:51.2043221+08:00	0x07	0.6703	0.2067	-0.7122	-0.0265	160.98	270.95	15.00
2026-06-16T15:37:51.2043221+08:00	0x06	-0.1569	-0.0772	-0.4343	0.8836	307.65	-0.01	339.86
2026-06-16T15:37:51.2043221+08:00	0x04	-0.2661	0.0610	0.4822	-0.8324	295.22	337.18	22.59
2026-06-16T15:37:51.2043221+08:00	0x09	0.5298	0.4389	-0.6206	0.3762	180.34	279.27	70.63
2026-06-16T15:37:51.2043221+08:00	0x03	-0.0978	0.5466	0.6202	0.5541	69.98	51.64	308.16
2026-06-16T15:37:51.2043221+08:00	0x01	-0.2311	-0.1583	0.7520	-0.5967	253.91	349.34	30.92
2026-06-16T15:37:51.2043221+08:00	0x07	0.6703	0.2063	-0.7123	-0.0269	160.98	270.96	14.94
2026-06-16T15:37:51.2043221+08:00	0x08	0.0452	-0.0920	0.7496	0.6539	97.50	356.93	11.36
2026-06-16T15:37:51.2043221+08:00	0x06	-0.1569	-0.0771	-0.4343	0.8836	307.65	0.00	339.87
2026-06-16T15:37:51.2043221+08:00	0x02	-0.7416	0.1914	0.3741	0.5229	164.22	243.97	293.25
2026-06-16T15:37:51.2043221+08:00	0x09	0.5307	0.4377	-0.6214	0.3750	180.23	279.16	70.40
2026-06-16T15:37:51.2043221+08:00	0x03	-0.0980	0.5469	0.6193	0.5548	69.77	51.75	308.17
2026-06-16T15:37:51.2043221+08:00	0x07	0.6704	0.2058	-0.7124	-0.0273	160.98	270.97	14.87
2026-06-16T15:37:51.2043221+08:00	0x06	-0.1567	-0.0772	-0.4343	0.8837	307.66	359.98	339.88
2026-06-16T15:37:51.2043221+08:00	0x09	0.5317	0.4366	-0.6221	0.3738	180.14	279.06	70.17
2026-06-16T15:37:51.2043221+08:00	0x01	-0.2300	-0.1590	0.7516	-0.5974	254.06	349.54	30.92
2026-06-16T15:37:51.2043221+08:00	0x03	-0.0987	0.5477	0.6192	0.5540	69.70	51.86	308.04
2026-06-16T15:37:51.2043221+08:00	0x08	0.0453	-0.0920	0.7497	0.6538	97.51	356.94	11.37
2026-06-16T15:37:51.2043221+08:00	0x07	0.6705	0.2055	-0.7124	-0.0276	160.99	270.97	14.82
2026-06-16T15:37:51.2043221+08:00	0x02	-0.7419	0.1932	0.3731	0.5226	164.75	243.50	293.14
2026-06-16T15:37:51.2043221+08:00	0x04	-0.2624	0.0631	0.4795	-0.8350	295.76	337.32	22.19
2026-06-16T15:37:51.2043221+08:00	0x09	0.5325	0.4356	-0.6227	0.3727	180.05	278.97	69.96
2026-06-16T15:37:51.2043221+08:00	0x03	-0.1013	0.5471	0.6192	0.5541	69.72	51.61	307.84
2026-06-16T15:37:51.2043221+08:00	0x07	0.6706	0.2051	-0.7123	-0.0280	160.99	270.97	14.75
2026-06-16T15:37:51.2043221+08:00	0x08	0.0454	-0.0920	0.7499	0.6535	97.55	356.94	11.38
2026-06-16T15:37:51.2043221+08:00	0x06	-0.1563	-0.0772	-0.4343	0.8837	307.66	359.96	339.92
2026-06-16T15:37:51.2043221+08:00	0x09	0.5333	0.4352	-0.6228	0.3718	179.83	278.73	69.84
2026-06-16T15:37:51.2043221+08:00	0x03	-0.1013	0.5484	0.6182	0.5539	69.45	51.91	307.79
2026-06-16T15:37:51.2043221+08:00	0x01	-0.2303	-0.1575	0.7529	-0.5960	253.78	349.33	30.78
2026-06-16T15:37:51.2043221+08:00	0x07	0.6710	0.2047	-0.7121	-0.0285	160.98	270.94	14.67
2026-06-16T15:37:51.2043221+08:00	0x06	-0.1563	-0.0773	-0.4343	0.8837	307.66	359.95	339.91
2026-06-16T15:37:51.2043221+08:00	0x09	0.5342	0.4342	-0.6234	0.3706	179.69	278.60	69.63
2026-06-16T15:37:51.2043221+08:00	0x01	-0.2288	-0.1594	0.7507	-0.5988	254.32	349.76	30.89
2026-06-16T15:37:51.2043221+08:00	0x08	0.0455	-0.0920	0.7502	0.6532	97.61	356.97	11.39
2026-06-16T15:37:51.2043221+08:00	0x07	0.6710	0.2043	-0.7122	-0.0289	160.98	270.95	14.60
2026-06-16T15:37:51.2043221+08:00	0x06	-0.1562	-0.0772	-0.4344	0.8837	307.66	359.95	339.93
2026-06-16T15:37:51.2053189+08:00	0x02	-0.7413	0.1924	0.3782	0.5200	164.34	244.35	293.58
2026-06-16T15:37:51.2053189+08:00	0x09	0.5349	0.4335	-0.6239	0.3697	179.62	278.53	69.46
2026-06-16T15:37:51.2053189+08:00	0x03	-0.0990	0.5515	0.6181	0.5513	69.31	52.54	307.72
2026-06-16T15:37:51.2053189+08:00	0x01	-0.2274	-0.1589	0.7508	-0.5995	254.43	349.88	30.75
2026-06-16T15:37:51.2053189+08:00	0x07	0.6711	0.2040	-0.7122	-0.0292	160.98	270.95	14.56
2026-06-16T15:37:51.2053189+08:00	0x08	0.0456	-0.0921	0.7503	0.6531	97.62	356.97	11.41
2026-06-16T15:37:51.2053189+08:00	0x02	-0.7409	0.1925	0.3789	0.5200	164.21	244.54	293.59
2026-06-16T15:37:51.2053189+08:00	0x06	-0.1562	-0.0773	-0.4344	0.8837	307.66	359.94	339.93
2026-06-16T15:37:51.2053189+08:00	0x09	0.5357	0.4325	-0.6246	0.3687	179.56	278.46	69.26
2026-06-16T15:37:51.2053189+08:00	0x03	-0.0977	0.5525	0.6181	0.5506	69.27	52.77	307.76
2026-06-16T15:37:51.2053189+08:00	0x01	-0.2271	-0.1597	0.7504	-0.5998	254.51	350.00	30.80
2026-06-16T15:37:51.2053189+08:00	0x08	0.0458	-0.0921	0.7503	0.6530	97.64	356.99	11.43
2026-06-16T15:37:51.2053189+08:00	0x02	-0.7406	0.1925	0.3789	0.5204	164.14	244.61	293.54
2026-06-16T15:37:51.2053189+08:00	0x09	0.5364	0.4315	-0.6252	0.3677	179.49	278.40	69.07
2026-06-16T15:37:51.2053189+08:00	0x03	-0.0973	0.5514	0.6184	0.5514	69.38	52.59	307.88
2026-06-16T15:37:51.2053189+08:00	0x01	-0.2272	-0.1603	0.7500	-0.6002	254.59	350.05	30.88
2026-06-16T15:37:51.2053189+08:00	0x07	0.6712	0.2035	-0.7122	-0.0298	160.98	270.95	14.47
2026-06-16T15:37:51.2053189+08:00	0x06	-0.1563	-0.0773	-0.4343	0.8837	307.66	359.95	339.92
2026-06-16T15:37:51.2053189+08:00	0x09	0.5369	0.4308	-0.6257	0.3669	179.44	278.35	68.93
2026-06-16T15:37:51.2053189+08:00	0x03	-0.0975	0.5509	0.6185	0.5517	69.43	52.50	307.90
2026-06-16T15:37:51.2053189+08:00	0x01	-0.2273	-0.1610	0.7503	-0.5996	254.51	350.06	30.94
2026-06-16T15:37:51.2053189+08:00	0x08	0.0460	-0.0923	0.7504	0.6529	97.65	356.99	11.45
2026-06-16T15:37:51.2053189+08:00	0x07	0.6712	0.2033	-0.7122	-0.0300	160.98	270.96	14.43
2026-06-16T15:37:51.2053189+08:00	0x06	-0.1560	-0.0773	-0.4346	0.8836	307.63	359.94	339.94
2026-06-16T15:37:51.2053189+08:00	0x04	-0.2855	0.0685	0.4773	-0.8283	294.69	334.99	24.04
2026-06-16T15:37:51.2053189+08:00	0x02	-0.7271	0.1492	0.3950	0.5413	150.31	256.13	295.17
2026-06-16T15:37:51.2053189+08:00	0x08	0.0464	-0.0924	0.7505	0.6528	97.66	357.02	11.49
2026-06-16T15:37:51.2053189+08:00	0x07	0.6712	0.2035	-0.7122	-0.0299	160.96	270.96	14.46
2026-06-16T15:37:51.2053189+08:00	0x02	-0.7276	0.1505	0.3945	0.5407	150.70	255.81	295.11
2026-06-16T15:37:51.2053189+08:00	0x06	-0.1565	-0.0773	-0.4345	0.8836	307.64	359.97	339.90
2026-06-16T15:37:51.2053189+08:00	0x09	0.5381	0.4290	-0.6270	0.3651	179.40	278.33	68.57
2026-06-16T15:37:51.2053189+08:00	0x03	-0.1057	0.5367	0.6290	0.5524	72.22	48.88	307.63
2026-06-16T15:37:51.2053189+08:00	0x04	-0.2641	0.0552	0.4864	-0.8310	294.82	337.80	22.67
2026-06-16T15:37:51.2053189+08:00	0x01	-0.2273	-0.1609	0.7502	-0.5996	254.51	350.06	30.94
2026-06-16T15:37:51.2053189+08:00	0x07	0.6712	0.2037	-0.7122	-0.0287	161.05	270.95	14.58
2026-06-16T15:37:51.2053189+08:00	0x02	-0.2762	-0.2988	0.6418	0.6501	88.64	312.00	1.40
2026-06-16T15:37:51.2053189+08:00	0x06	-0.1573	-0.0772	-0.4350	0.8832	307.55	0.03	339.82
2026-06-16T15:37:51.2053189+08:00	0x03	-0.1049	0.5394	0.6259	0.5534	71.46	49.61	307.69
2026-06-16T15:37:51.2053189+08:00	0x08	0.0454	-0.0934	0.7521	0.6508	97.94	356.89	11.51
2026-06-16T15:37:51.2053189+08:00	0x06	-0.1565	-0.0778	-0.4349	0.8833	307.59	359.92	339.86
2026-06-16T15:37:51.2053189+08:00	0x09	0.5396	0.4271	-0.6286	0.3625	179.20	278.18	68.13
2026-06-16T15:37:51.2053189+08:00	0x03	-0.1047	0.5384	0.6201	0.5609	70.27	49.97	308.27
2026-06-16T15:37:51.2053189+08:00	0x07	0.6710	0.2060	-0.7118	-0.0256	161.10	270.87	15.01
2026-06-16T15:37:51.2053189+08:00	0x06	-0.1558	-0.0782	-0.4357	0.8831	307.50	359.86	339.92
2026-06-16T15:37:51.2053189+08:00	0x09	0.5383	0.4291	-0.6287	0.3617	178.88	278.09	68.28
2026-06-16T15:37:51.2053189+08:00	0x04	-0.2818	0.0736	0.4725	-0.8318	295.49	334.91	23.53
2026-06-16T15:37:51.2053189+08:00	0x03	-0.1118	0.5285	0.6081	0.5818	68.23	48.99	309.40
2026-06-16T15:37:51.2053189+08:00	0x08	0.0473	-0.0928	0.7616	0.6396	99.67	357.26	11.65
2026-06-16T15:37:51.2053189+08:00	0x07	0.6709	0.2065	-0.7117	-0.0253	161.08	270.85	15.07
2026-06-16T15:37:51.2053189+08:00	0x02	-0.4071	-0.3851	0.5237	0.6416	83.06	292.00	353.17
2026-06-16T15:37:51.2053189+08:00	0x06	-0.1570	-0.0773	-0.4346	0.8835	307.62	359.99	339.85
2026-06-16T15:37:51.2053189+08:00	0x04	-0.2775	0.0752	0.4786	-0.8297	294.90	334.94	22.86
2026-06-16T15:37:51.2053189+08:00	0x09	0.5388	0.4282	-0.6291	0.3612	178.93	278.12	68.14
2026-06-16T15:37:51.2053189+08:00	0x01	-0.2228	-0.5353	0.5743	-0.5779	299.55	47.92	60.74
2026-06-16T15:37:51.2053189+08:00	0x07	0.6704	0.2080	-0.7119	-0.0249	160.99	270.88	15.23
2026-06-16T15:37:51.2053189+08:00	0x02	-0.3733	-0.1363	0.5621	0.7254	84.43	317.94	337.15
2026-06-16T15:37:51.2063162+08:00	0x06	-0.1574	-0.0772	-0.4345	0.8834	307.62	0.02	339.80
2026-06-16T15:37:51.2063162+08:00	0x04	-0.2713	0.0712	0.4809	-0.8307	294.98	335.77	22.47
2026-06-16T15:37:51.2063162+08:00	0x08	0.0483	-0.0928	0.7656	0.6347	100.42	357.43	11.73
2026-06-16T15:37:51.2063162+08:00	0x07	0.6701	0.2084	-0.7120	-0.0245	160.99	270.89	15.30
2026-06-16T15:37:51.2063162+08:00	0x02	-0.3668	-0.1336	0.5750	0.7190	85.69	318.55	338.06
2026-06-16T15:37:51.2063162+08:00	0x06	-0.1575	-0.0771	-0.4344	0.8835	307.63	0.04	339.80
2026-06-16T15:37:51.2063162+08:00	0x04	-0.2695	0.0703	0.4806	-0.8315	295.13	336.01	22.37
2026-06-16T15:37:51.2063162+08:00	0x08	0.0485	-0.0927	0.7666	0.6335	100.61	357.48	11.74
2026-06-16T15:37:51.2063162+08:00	0x07	0.6701	0.2084	-0.7120	-0.0245	160.99	270.90	15.30
2026-06-16T15:37:51.2063162+08:00	0x02	-0.3648	-0.1370	0.5812	0.7144	86.41	318.33	338.78
2026-06-16T15:37:51.2063162+08:00	0x06	-0.1574	-0.0770	-0.4343	0.8835	307.64	0.04	339.81
2026-06-16T15:37:51.2063162+08:00	0x04	-0.2690	0.0687	0.4791	-0.8327	295.38	336.24	22.47
2026-06-16T15:37:51.2063162+08:00	0x03	-0.1109	0.5138	0.5923	0.6106	65.81	47.96	311.92
2026-06-16T15:37:51.2063162+08:00	0x07	0.6699	0.2084	-0.7122	-0.0245	161.00	270.93	15.31
2026-06-16T15:37:51.2063162+08:00	0x01	-0.2357	-0.5954	0.5896	-0.4922	302.84	59.73	69.09
2026-06-16T15:37:51.2063162+08:00	0x02	-0.3630	-0.1389	0.5864	0.7107	87.01	318.24	339.33
2026-06-16T15:37:51.2063162+08:00	0x04	-0.2709	0.0686	0.4776	-0.8329	295.49	336.15	22.68
2026-06-16T15:37:51.2063162+08:00	0x06	-0.1576	-0.0770	-0.4343	0.8835	307.64	0.05	339.80
2026-06-16T15:37:51.2063162+08:00	0x01	-0.2317	-0.6025	0.5823	-0.4942	305.90	62.90	68.54
2026-06-16T15:37:51.2063162+08:00	0x07	0.6700	0.2082	-0.7121	-0.0247	160.99	270.92	15.28
2026-06-16T15:37:51.2063162+08:00	0x08	0.0488	-0.0927	0.7686	0.6311	100.97	357.54	11.77
2026-06-16T15:37:51.2063162+08:00	0x09	0.5439	0.4205	-0.6339	0.3542	178.78	277.93	66.70
2026-06-16T15:37:51.2063162+08:00	0x02	-0.3621	-0.1411	0.5899	0.7078	87.45	318.06	339.75
2026-06-16T15:37:51.2063162+08:00	0x03	-0.1099	0.5126	0.5929	0.6113	65.99	47.77	312.08
2026-06-16T15:37:51.2063162+08:00	0x08	0.0488	-0.0927	0.7689	0.6307	101.03	357.55	11.78
2026-06-16T15:37:51.2063162+08:00	0x01	-0.2259	-0.6067	0.5785	-0.4962	307.32	64.62	67.84
2026-06-16T15:37:51.2063162+08:00	0x06	-0.1576	-0.0771	-0.4342	0.8836	307.65	0.04	339.79
2026-06-16T15:37:51.2063162+08:00	0x02	-0.3517	-0.1366	0.5854	0.7176	85.89	319.65	339.83
2026-06-16T15:37:51.2063162+08:00	0x04	-0.2680	0.0649	0.4777	-0.8341	295.68	336.75	22.65
2026-06-16T15:37:51.2063162+08:00	0x03	-0.1122	0.5083	0.5937	0.6136	66.30	46.96	312.16
2026-06-16T15:37:51.2063162+08:00	0x07	0.6698	0.2083	-0.7123	-0.0247	160.99	270.95	15.29
2026-06-16T15:37:51.2063162+08:00	0x09	0.5449	0.4189	-0.6354	0.3520	178.68	277.90	66.34
2026-06-16T15:37:51.2063162+08:00	0x04	-0.2682	0.0662	0.4778	-0.8339	295.64	336.60	22.58
2026-06-16T15:37:51.2063162+08:00	0x03	-0.1105	0.5124	0.5908	0.6134	65.60	47.86	312.19
2026-06-16T15:37:51.2063162+08:00	0x07	0.6697	0.2084	-0.7123	-0.0246	160.99	270.96	15.30
2026-06-16T15:37:51.2063162+08:00	0x01	-0.2270	-0.6083	0.5797	-0.4923	307.35	64.96	68.25
2026-06-16T15:37:51.2063162+08:00	0x09	0.5460	0.4175	-0.6360	0.3508	178.62	277.81	66.08
2026-06-16T15:37:51.2063162+08:00	0x02	-0.3512	-0.1270	0.5926	0.7137	86.87	320.35	339.46
2026-06-16T15:37:51.2063162+08:00	0x03	-0.1087	0.5127	0.5909	0.6133	65.62	48.00	312.33
2026-06-16T15:37:51.2063162+08:00	0x07	0.6696	0.2089	-0.7123	-0.0241	160.99	270.95	15.38
2026-06-16T15:37:51.2063162+08:00	0x01	-0.2279	-0.6053	0.5803	-0.4949	306.73	63.99	68.14
2026-06-16T15:37:51.2063162+08:00	0x06	-0.1575	-0.0771	-0.4342	0.8836	307.66	0.03	339.80
2026-06-16T15:37:51.2063162+08:00	0x04	-0.2870	0.0704	0.4742	-0.8293	294.99	334.77	24.16
2026-06-16T15:37:51.2063162+08:00	0x03	-0.1055	0.5151	0.5916	0.6112	65.67	48.48	312.40
2026-06-16T15:37:51.2063162+08:00	0x07	0.6697	0.2090	-0.7123	-0.0240	160.99	270.94	15.40
2026-06-16T15:37:51.2063162+08:00	0x01	-0.2281	-0.6049	0.5802	-0.4954	306.68	63.87	68.11
2026-06-16T15:37:51.2063162+08:00	0x02	-0.3496	-0.1237	0.5992	0.7095	87.72	320.65	339.64
2026-06-16T15:37:51.2063162+08:00	0x09	0.5474	0.4158	-0.6370	0.3488	178.50	277.69	65.73
2026-06-16T15:37:51.2063162+08:00	0x03	-0.1052	0.5148	0.5922	0.6109	65.80	48.41	312.42
2026-06-16T15:37:51.2063162+08:00	0x07	0.6696	0.2091	-0.7122	-0.0238	160.99	270.93	15.43
2026-06-16T15:37:51.2063162+08:00	0x01	-0.2280	-0.6047	0.5804	-0.4955	306.59	63.78	68.11
2026-06-16T15:37:51.2063162+08:00	0x02	-0.3489	-0.1240	0.6015	0.7079	87.99	320.64	339.83
2026-06-16T15:37:51.2063162+08:00	0x09	0.5481	0.4148	-0.6376	0.3478	178.45	277.64	65.54
2026-06-16T15:37:51.2063162+08:00	0x08	0.0488	-0.0928	0.7695	0.6300	101.13	357.55	11.79
2026-06-16T15:37:51.2063162+08:00	0x03	-0.1055	0.5144	0.5922	0.6111	65.82	48.33	312.42
2026-06-16T15:37:51.2063162+08:00	0x07	0.6696	0.2092	-0.7123	-0.0237	160.99	270.94	15.44
2026-06-16T15:37:51.2063162+08:00	0x01	-0.2275	-0.6046	0.5804	-0.4958	306.57	63.77	68.04
2026-06-16T15:37:51.2063162+08:00	0x02	-0.3488	-0.1262	0.6026	0.7066	88.14	320.45	340.07
2026-06-16T15:37:51.2073136+08:00	0x09	0.5490	0.4141	-0.6378	0.3467	178.29	277.46	65.37
2026-06-16T15:37:51.2073136+08:00	0x03	-0.1049	0.5147	0.5917	0.6116	65.71	48.43	312.49
2026-06-16T15:37:51.2073136+08:00	0x08	0.0489	-0.0927	0.7696	0.6299	101.15	357.56	11.79
2026-06-16T15:37:51.2073136+08:00	0x07	0.6698	0.2090	-0.7121	-0.0239	160.99	270.91	15.41
2026-06-16T15:37:51.2073136+08:00	0x01	-0.2272	-0.6040	0.5804	-0.4968	306.43	63.56	67.93
2026-06-16T15:37:51.2073136+08:00	0x02	-0.3473	-0.1244	0.6048	0.7058	88.35	320.70	340.14
2026-06-16T15:37:51.2073136+08:00	0x09	0.5496	0.4135	-0.6382	0.3460	178.24	277.41	65.24
2026-06-16T15:37:51.2073136+08:00	0x03	-0.1074	0.5139	0.5917	0.6118	65.72	48.19	312.31
2026-06-16T15:37:51.2073136+08:00	0x08	0.0488	-0.0928	0.7696	0.6299	101.15	357.55	11.79
2026-06-16T15:37:51.2073136+08:00	0x07	0.6698	0.2090	-0.7121	-0.0240	160.99	270.91	15.40
2026-06-16T15:37:51.2073136+08:00	0x01	-0.2288	-0.6033	0.5806	-0.4966	306.35	63.36	68.09
2026-06-16T15:37:51.2073136+08:00	0x09	0.5502	0.4126	-0.6388	0.3449	178.18	277.36	65.05
2026-06-16T15:37:51.2073136+08:00	0x08	0.0489	-0.0927	0.7696	0.6298	101.16	357.57	11.79
2026-06-16T15:37:51.2073136+08:00	0x02	-0.3471	-0.1216	0.6069	0.7046	88.63	320.91	340.03
2026-06-16T15:37:51.2073136+08:00	0x01	-0.2291	-0.6025	0.5807	-0.4973	306.20	63.11	68.07
2026-06-16T15:37:51.2073136+08:00	0x02	-0.3464	-0.1221	0.6083	0.7036	88.79	320.91	340.19
2026-06-16T15:37:51.2073136+08:00	0x09	0.5508	0.4118	-0.6393	0.3441	178.16	277.33	64.89
2026-06-16T15:37:51.2073136+08:00	0x08	0.0489	-0.0927	0.7696	0.6298	101.16	357.56	11.79
2026-06-16T15:37:51.2073136+08:00	0x07	0.6700	0.2086	-0.7120	-0.0244	160.99	270.90	15.33
2026-06-16T15:37:51.2073136+08:00	0x01	-0.2283	-0.6032	0.5803	-0.4974	306.38	63.35	67.98
2026-06-16T15:37:51.2073136+08:00	0x06	-0.1574	-0.0774	-0.4338	0.8838	307.71	359.99	339.80
2026-06-16T15:37:51.2073136+08:00	0x09	0.5510	0.4109	-0.6400	0.3435	178.24	277.43	64.75
2026-06-16T15:37:51.2073136+08:00	0x03	-0.1039	0.5144	0.5927	0.6110	65.92	48.37	312.55
2026-06-16T15:37:51.2073136+08:00	0x07	0.6699	0.2084	-0.7122	-0.0246	160.99	270.93	15.29
2026-06-16T15:37:51.2073136+08:00	0x01	-0.2283	-0.6026	0.5803	-0.4980	306.29	63.19	67.94
2026-06-16T15:37:51.2073136+08:00	0x04	-0.2977	0.0726	0.4727	-0.8262	294.51	333.70	25.05
2026-06-16T15:37:51.2073136+08:00	0x06	-0.1574	-0.0773	-0.4338	0.8838	307.72	0.00	339.80
2026-06-16T15:37:51.2073136+08:00	0x08	0.0490	-0.0929	0.7696	0.6298	101.16	357.57	11.81
2026-06-16T15:37:51.2073136+08:00	0x07	0.6700	0.2081	-0.7122	-0.0249	160.99	270.93	15.25
2026-06-16T15:37:51.2073136+08:00	0x01	-0.2279	-0.6026	0.5802	-0.4983	306.30	63.20	67.88
2026-06-16T15:37:51.2073136+08:00	0x04	-0.2988	0.0741	0.4730	-0.8255	294.38	333.45	25.04
2026-06-16T15:37:51.2073136+08:00	0x03	-0.1047	0.5137	0.5931	0.6110	66.03	48.19	312.50
2026-06-16T15:37:51.2073136+08:00	0x08	0.0492	-0.0922	0.7697	0.6298	101.18	357.63	11.77
2026-06-16T15:37:51.2073136+08:00	0x01	-0.2280	-0.6033	0.5785	-0.4994	306.84	63.61	67.78
2026-06-16T15:37:51.2073136+08:00	0x04	-0.2992	0.0752	0.4735	-0.8250	294.27	333.29	24.99
2026-06-16T15:37:51.2073136+08:00	0x09	0.5518	0.4103	-0.6405	0.3420	178.04	277.28	64.55
2026-06-16T15:37:51.2073136+08:00	0x08	0.0494	-0.0920	0.7698	0.6297	101.19	357.67	11.75
2026-06-16T15:37:51.2073136+08:00	0x07	0.6704	0.2076	-0.7119	-0.0257	160.96	270.89	15.14
2026-06-16T15:37:51.2073136+08:00	0x01	-0.1888	-0.6374	0.5647	-0.4891	313.04	74.20	64.76
2026-06-16T15:37:51.2073136+08:00	0x03	-0.1003	0.4978	0.6129	0.6054	70.40	44.74	312.97
2026-06-16T15:37:51.2073136+08:00	0x09	0.5509	0.4119	-0.6399	0.3426	177.94	277.24	64.78
2026-06-16T15:37:51.2073136+08:00	0x07	0.6757	0.1962	-0.7103	-0.0194	162.39	270.58	14.62
2026-06-16T15:37:51.2073136+08:00	0x01	-0.1777	-0.6323	0.5810	-0.4807	308.11	71.14	64.90
2026-06-16T15:37:51.2073136+08:00	0x02	-0.3864	-0.1614	0.6365	0.6477	96.54	312.81	342.84
2026-06-16T15:37:51.2073136+08:00	0x04	-0.2531	0.0170	0.2440	-0.9360	328.28	349.90	27.74
2026-06-16T15:37:51.2073136+08:00	0x08	0.0499	-0.0908	0.7711	0.6282	101.44	357.83	11.69
2026-06-16T15:37:51.2073136+08:00	0x07	0.6782	0.1918	-0.7090	-0.0233	162.41	270.38	13.91
2026-06-16T15:37:51.2073136+08:00	0x01	-0.1873	-0.6341	0.5756	-0.4812	310.19	72.34	65.53
2026-06-16T15:37:51.2073136+08:00	0x02	-0.3762	-0.1441	0.6464	0.6480	97.15	315.10	342.47
2026-06-16T15:37:51.2073136+08:00	0x09	0.5515	0.4160	-0.6382	0.3399	176.62	276.19	64.94
2026-06-16T15:37:51.2073136+08:00	0x07	0.6773	0.1923	-0.7097	-0.0235	162.37	270.50	13.95
2026-06-16T15:37:51.2073136+08:00	0x08	0.0504	-0.0904	0.7713	0.6280	101.48	357.90	11.69
2026-06-16T15:37:51.2073136+08:00	0x03	-0.1770	0.4306	0.7364	0.4909	104.47	15.96	306.11
2026-06-16T15:37:51.2073136+08:00	0x06	-0.1528	-0.0783	-0.4387	0.8821	307.16	359.75	340.23
2026-06-16T15:37:51.2073136+08:00	0x09	0.5516	0.4156	-0.6384	0.3399	176.69	276.24	64.90
2026-06-16T15:37:51.2073136+08:00	0x07	0.6769	0.1936	-0.7097	-0.0244	162.19	270.51	14.00
2026-06-16T15:37:51.2083114+08:00	0x01	-0.1905	-0.6404	0.5757	-0.4713	311.54	74.43	66.49
2026-06-16T15:37:51.2083114+08:00	0x04	-0.2204	0.0372	0.4827	-0.8468	297.65	342.96	19.72
2026-06-16T15:37:51.2083114+08:00	0x03	-0.1585	0.4220	0.7185	0.5297	97.50	20.27	309.26
2026-06-16T15:37:51.2083114+08:00	0x09	0.5522	0.4146	-0.6390	0.3390	176.69	276.24	64.72
2026-06-16T15:37:51.2083114+08:00	0x07	0.6770	0.1936	-0.7096	-0.0252	162.12	270.50	13.93
2026-06-16T15:37:51.2083114+08:00	0x08	0.0499	-0.0911	0.7708	0.6286	101.38	357.80	11.72
2026-06-16T15:37:51.2083114+08:00	0x01	-0.1958	-0.6370	0.5763	-0.4731	311.21	73.48	66.84
2026-06-16T15:37:51.2083114+08:00	0x03	-0.1383	0.4478	0.6869	0.5554	88.38	28.74	309.75
2026-06-16T15:37:51.2083114+08:00	0x09	0.5524	0.4140	-0.6400	0.3375	176.62	276.26	64.52
2026-06-16T15:37:51.2083114+08:00	0x04	-0.2373	0.0931	0.5342	-0.8060	289.28	335.12	16.44
2026-06-16T15:37:51.2083114+08:00	0x08	0.0503	-0.0907	0.7704	0.6291	101.31	357.86	11.71
2026-06-16T15:37:51.2083114+08:00	0x04	-0.1951	0.0040	0.4345	-0.8793	305.50	349.18	19.85
2026-06-16T15:37:51.2083114+08:00	0x03	-0.1581	0.3998	0.7401	0.5172	102.82	15.89	310.95
2026-06-16T15:37:51.2083114+08:00	0x09	0.5527	0.4134	-0.6405	0.3366	176.59	276.27	64.39
2026-06-16T15:37:51.2083114+08:00	0x08	0.0495	-0.0910	0.7705	0.6290	101.32	357.77	11.69
2026-06-16T15:37:51.2083114+08:00	0x01	-0.1905	-0.6483	0.5714	-0.4658	313.89	77.32	66.68
2026-06-16T15:37:51.2083114+08:00	0x02	-0.3776	-0.1730	0.6544	0.6318	98.42	312.58	345.48
2026-06-16T15:37:51.2083114+08:00	0x03	-0.1565	0.4383	0.7185	0.5169	97.66	21.93	307.67
2026-06-16T15:37:51.2083114+08:00	0x09	0.5531	0.4129	-0.6412	0.3354	176.48	276.23	64.22
2026-06-16T15:37:51.2083114+08:00	0x07	0.6769	0.1924	-0.7099	-0.0267	162.11	270.56	13.71
2026-06-16T15:37:51.2083114+08:00	0x08	0.0492	-0.0913	0.7706	0.6288	101.34	357.72	11.69
2026-06-16T15:37:51.2083114+08:00	0x01	-0.1919	-0.6459	0.5764	-0.4624	312.57	76.25	67.23
2026-06-16T15:37:51.2083114+08:00	0x03	-0.1600	0.4222	0.7282	0.5157	100.28	18.87	308.76
2026-06-16T15:37:51.2083114+08:00	0x04	-0.1986	0.0167	0.4642	-0.8630	301.25	346.96	19.10
2026-06-16T15:37:51.2083114+08:00	0x09	0.5540	0.4119	-0.6415	0.3346	176.46	276.16	64.05
2026-06-16T15:37:51.2083114+08:00	0x07	0.6772	0.1916	-0.7099	-0.0272	162.13	270.55	13.60
2026-06-16T15:37:51.2083114+08:00	0x06	-0.1538	-0.0782	-0.4357	0.8834	307.54	359.75	340.14
2026-06-16T15:37:51.2083114+08:00	0x08	0.0485	-0.0918	0.7703	0.6292	101.27	357.61	11.68
2026-06-16T15:37:51.2083114+08:00	0x01	-0.1757	-0.6245	0.5755	-0.4980	307.96	69.34	63.34
2026-06-16T15:37:51.2083114+08:00	0x03	-0.1081	0.4334	0.6123	0.6524	72.17	35.78	317.79
2026-06-16T15:37:51.2083114+08:00	0x09	0.5552	0.4100	-0.6419	0.3341	176.57	276.14	63.81
2026-06-16T15:37:51.2083114+08:00	0x06	-0.1513	-0.0803	-0.4358	0.8836	307.59	359.39	340.28
2026-06-16T15:37:51.2083114+08:00	0x08	0.0501	-0.0905	0.7701	0.6295	101.25	357.85	11.68
2026-06-16T15:37:51.2083114+08:00	0x01	-0.1932	-0.6065	0.5717	-0.5177	307.24	65.03	63.31
2026-06-16T15:37:51.2083114+08:00	0x03	-0.1531	0.4181	0.6144	0.6514	73.57	30.57	314.51
2026-06-16T15:37:51.2083114+08:00	0x02	-0.3438	-0.1291	0.5985	0.7120	87.12	320.82	340.42
2026-06-16T15:37:51.2083114+08:00	0x09	0.5514	0.4124	-0.6416	0.3381	177.22	276.90	64.42
2026-06-16T15:37:51.2083114+08:00	0x07	0.6750	0.1909	-0.7121	-0.0300	162.01	270.94	13.37
2026-06-16T15:37:51.2083114+08:00	0x08	0.0500	-0.0910	0.7704	0.6291	101.31	357.81	11.71
2026-06-16T15:37:51.2083114+08:00	0x01	-0.1997	-0.6000	0.5757	-0.5183	305.77	62.94	63.88
2026-06-16T15:37:51.2083114+08:00	0x03	-0.1376	0.4360	0.5931	0.6627	68.79	35.47	315.61
2026-06-16T15:37:51.2083114+08:00	0x09	0.5517	0.4120	-0.6418	0.3377	177.21	276.88	64.34
2026-06-16T15:37:51.2083114+08:00	0x02	-0.3443	-0.1269	0.6054	0.7063	88.19	320.79	340.57
2026-06-16T15:37:51.2083114+08:00	0x08	0.0498	-0.0911	0.7706	0.6288	101.34	357.79	11.72
2026-06-16T15:37:51.2093096+08:00	0x01	-0.2043	-0.5974	0.5777	-0.5174	305.15	62.04	64.37
2026-06-16T15:37:51.2093096+08:00	0x03	-0.1330	0.4404	0.5887	0.6647	67.81	36.63	315.95
2026-06-16T15:37:51.2093096+08:00	0x04	-0.1779	0.0348	0.5746	-0.7981	286.56	344.45	14.12
2026-06-16T15:37:51.2093096+08:00	0x07	0.6747	0.1912	-0.7122	-0.0315	161.86	270.97	13.29
2026-06-16T15:37:51.2093096+08:00	0x08	0.0498	-0.0907	0.7709	0.6285	101.40	357.82	11.68
2026-06-16T15:37:51.2093096+08:00	0x01	-0.2002	-0.6005	0.5776	-0.5154	305.44	62.89	64.17
2026-06-16T15:37:51.2093096+08:00	0x03	-0.1309	0.4434	0.5877	0.6640	67.52	37.22	315.97
2026-06-16T15:37:51.2093096+08:00	0x04	-0.1752	0.0290	0.5539	-0.8135	289.63	345.57	14.65
2026-06-16T15:37:51.2093096+08:00	0x02	-0.3372	-0.1264	0.6199	0.6972	89.76	321.26	341.72
2026-06-16T15:37:51.2093096+08:00	0x09	0.5523	0.4113	-0.6421	0.3368	177.12	276.79	64.20
2026-06-16T15:37:51.2093096+08:00	0x07	0.6748	0.1908	-0.7122	-0.0320	161.87	270.97	13.22
2026-06-16T15:37:51.2093096+08:00	0x08	0.0497	-0.0904	0.7712	0.6282	101.46	357.84	11.64
2026-06-16T15:37:51.2093096+08:00	0x01	-0.2001	-0.6006	0.5781	-0.5149	305.33	62.84	64.21
2026-06-16T15:37:51.2093096+08:00	0x03	-0.1289	0.4449	0.5856	0.6652	67.09	37.67	316.17
2026-06-16T15:37:51.2093096+08:00	0x02	-0.3360	-0.1280	0.6239	0.6939	90.26	321.16	342.15
2026-06-16T15:37:51.2093096+08:00	0x06	-0.1510	-0.0841	-0.4354	0.8835	307.71	358.96	340.12
2026-06-16T15:37:51.2093096+08:00	0x07	0.6749	0.1902	-0.7123	-0.0325	161.87	270.99	13.12
2026-06-16T15:37:51.2093096+08:00	0x08	0.0497	-0.0902	0.7712	0.6282	101.45	357.85	11.63
2026-06-16T15:37:51.2093096+08:00	0x01	-0.2005	-0.6002	0.5789	-0.5142	305.11	62.66	64.31
2026-06-16T15:37:51.2093096+08:00	0x03	-0.1283	0.4460	0.5840	0.6660	66.75	37.97	316.22
2026-06-16T15:37:51.2093096+08:00	0x06	-0.1509	-0.0840	-0.4357	0.8834	307.67	358.97	340.13
2026-06-16T15:37:51.2093096+08:00	0x07	0.6749	0.1899	-0.7123	-0.0329	161.87	270.99	13.07
2026-06-16T15:37:51.2093096+08:00	0x08	0.0496	-0.0902	0.7714	0.6280	101.48	357.85	11.62
2026-06-16T15:37:51.2093096+08:00	0x01	-0.2010	-0.5992	0.5797	-0.5142	304.81	62.32	64.36
2026-06-16T15:37:51.2093096+08:00	0x03	-0.1277	0.4464	0.5828	0.6669	66.53	38.13	316.32
2026-06-16T15:37:51.2093096+08:00	0x02	-0.3355	-0.1305	0.6283	0.6897	90.88	320.92	342.61
2026-06-16T15:37:51.2093096+08:00	0x09	0.5535	0.4097	-0.6432	0.3348	177.02	276.71	63.85
2026-06-16T15:37:51.2093096+08:00	0x07	0.6750	0.1895	-0.7123	-0.0333	161.87	271.00	13.00
2026-06-16T15:37:51.2093096+08:00	0x01	-0.2016	-0.5988	0.5802	-0.5139	304.66	62.16	64.44
2026-06-16T15:37:51.2093096+08:00	0x04	-0.1729	0.0178	0.5116	-0.8414	295.66	347.59	15.83
2026-06-16T15:37:51.2093096+08:00	0x03	-0.1268	0.4459	0.5825	0.6677	66.49	38.14	316.47
2026-06-16T15:37:51.2093096+08:00	0x06	-0.1509	-0.0840	-0.4360	0.8832	307.63	358.98	340.13
2026-06-16T15:37:51.2093096+08:00	0x02	-0.3356	-0.1313	0.6297	0.6882	91.09	320.82	342.75
2026-06-16T15:37:51.2093096+08:00	0x07	0.6751	0.1890	-0.7123	-0.0338	161.87	271.00	12.93
2026-06-16T15:37:51.2093096+08:00	0x08	0.0497	-0.0902	0.7717	0.6275	101.55	357.86	11.63
2026-06-16T15:37:51.2093096+08:00	0x04	-0.1740	0.0169	0.5065	-0.8443	296.34	347.69	16.06
2026-06-16T15:37:51.2093096+08:00	0x03	-0.1269	0.4465	0.5807	0.6688	66.15	38.32	316.51
2026-06-16T15:37:51.2093096+08:00	0x01	-0.2032	-0.5978	0.5804	-0.5143	304.56	61.88	64.55
2026-06-16T15:37:51.2093096+08:00	0x02	-0.3355	-0.1313	0.6305	0.6875	91.21	320.81	342.80
2026-06-16T15:37:51.2093096+08:00	0x09	0.5550	0.4080	-0.6441	0.3326	176.88	276.57	63.48
2026-06-16T15:37:51.2093096+08:00	0x08	0.0496	-0.0902	0.7717	0.6276	101.54	357.85	11.62
2026-06-16T15:37:51.2093096+08:00	0x01	-0.2037	-0.5976	0.5806	-0.5141	304.49	61.78	64.61
2026-06-16T15:37:51.2093096+08:00	0x03	-0.1250	0.4490	0.5788	0.6691	65.73	38.89	316.60
2026-06-16T15:37:51.2093096+08:00	0x06	-0.1509	-0.0840	-0.4362	0.8831	307.61	358.97	340.14
2026-06-16T15:37:51.2093096+08:00	0x02	-0.3347	-0.1311	0.6313	0.6872	91.27	320.90	342.87
2026-06-16T15:37:51.2103072+08:00	0x08	0.0497	-0.0903	0.7714	0.6279	101.49	357.85	11.63
2026-06-16T15:37:51.2103072+08:00	0x07	0.6752	0.1885	-0.7123	-0.0344	161.86	271.00	12.83
2026-06-16T15:37:51.2103072+08:00	0x01	-0.2029	-0.5980	0.5803	-0.5144	304.59	61.93	64.51
2026-06-16T15:37:51.2103072+08:00	0x03	-0.1239	0.4504	0.5784	0.6687	65.61	39.17	316.62
2026-06-16T15:37:51.2103072+08:00	0x06	-0.1508	-0.0841	-0.4363	0.8831	307.60	358.97	340.14
2026-06-16T15:37:51.2103072+08:00	0x09	0.5562	0.4061	-0.6452	0.3308	176.84	276.54	63.13
2026-06-16T15:37:51.2103072+08:00	0x01	-0.2019	-0.5984	0.5798	-0.5147	304.71	62.10	64.39
2026-06-16T15:37:51.2103072+08:00	0x06	-0.1508	-0.0841	-0.4363	0.8831	307.59	358.97	340.14
2026-06-16T15:37:51.2103072+08:00	0x09	0.5567	0.4054	-0.6457	0.3300	176.82	276.52	62.98
2026-06-16T15:37:51.2103072+08:00	0x02	-0.3338	-0.1355	0.6340	0.6843	91.59	320.58	343.44
2026-06-16T15:37:51.2103072+08:00	0x07	0.6754	0.1878	-0.7122	-0.0350	161.86	271.00	12.72
2026-06-16T15:37:51.2103072+08:00	0x08	0.0497	-0.0903	0.7711	0.6283	101.44	357.84	11.63
2026-06-16T15:37:51.2103072+08:00	0x01	-0.2016	-0.5990	0.5785	-0.5157	305.07	62.38	64.28
2026-06-16T15:37:51.2103072+08:00	0x04	-0.1596	0.0185	0.4984	-0.8519	297.87	348.63	14.68
2026-06-16T15:37:51.2103072+08:00	0x03	-0.1221	0.4536	0.5783	0.6670	65.49	39.70	316.56
2026-06-16T15:37:51.2103072+08:00	0x09	0.5574	0.4044	-0.6462	0.3289	176.77	276.47	62.78
2026-06-16T15:37:51.2103072+08:00	0x08	0.0499	-0.0901	0.7709	0.6285	101.41	357.87	11.64
2026-06-16T15:37:51.2103072+08:00	0x01	-0.2110	-0.5851	0.5879	-0.5172	301.31	57.65	64.99
2026-06-16T15:37:51.2103072+08:00	0x06	-0.1509	-0.0841	-0.4363	0.8831	307.59	358.97	340.13
2026-06-16T15:37:51.2103072+08:00	0x09	0.5578	0.4037	-0.6468	0.3278	176.72	276.46	62.63
2026-06-16T15:37:51.2103072+08:00	0x08	0.0498	-0.0902	0.7708	0.6287	101.37	357.86	11.63
2026-06-16T15:37:51.2103072+08:00	0x01	-0.2195	-0.5814	0.5962	-0.5084	298.79	55.35	66.39
2026-06-16T15:37:51.2103072+08:00	0x03	-0.1261	0.4592	0.5739	0.6662	64.51	40.52	315.96
2026-06-16T15:37:51.2103072+08:00	0x06	-0.1506	-0.0842	-0.4363	0.8831	307.60	358.94	340.15
2026-06-16T15:37:51.2103072+08:00	0x09	0.5588	0.4025	-0.6471	0.3271	176.71	276.39	62.44
2026-06-16T15:37:51.2103072+08:00	0x07	0.6755	0.1867	-0.7123	-0.0367	161.82	271.03	12.50
2026-06-16T15:37:51.2103072+08:00	0x08	0.0497	-0.0902	0.7709	0.6286	101.39	357.84	11.62
2026-06-16T15:37:51.2103072+08:00	0x01	-0.2207	-0.5799	0.5945	-0.5114	299.07	55.19	66.25
2026-06-16T15:37:51.2103072+08:00	0x06	-0.1507	-0.0844	-0.4362	0.8831	307.62	358.93	340.13
2026-06-16T15:37:51.2103072+08:00	0x09	0.5597	0.4014	-0.6478	0.3255	176.62	276.30	62.18
2026-06-16T15:37:51.2103072+08:00	0x02	-0.3338	-0.1036	0.6443	0.6803	93.21	322.93	341.30
2026-06-16T15:37:51.2103072+08:00	0x07	0.6756	0.1864	-0.7123	-0.0371	161.81	271.03	12.44
2026-06-16T15:37:51.2103072+08:00	0x04	-0.1740	0.0236	0.4943	-0.8514	297.94	347.26	15.84
2026-06-16T15:37:51.2103072+08:00	0x03	-0.1314	0.4508	0.5756	0.6694	65.10	38.98	315.98
2026-06-16T15:37:51.2103072+08:00	0x06	-0.1506	-0.0846	-0.4362	0.8831	307.62	358.91	340.13
2026-06-16T15:37:51.2103072+08:00	0x07	0.6757	0.1859	-0.7124	-0.0375	161.83	271.05	12.36
2026-06-16T15:37:51.2113037+08:00	0x02	-0.3342	-0.1061	0.6465	0.6776	93.58	322.64	341.59
2026-06-16T15:37:51.2113037+08:00	0x08	0.0498	-0.0904	0.7706	0.6288	101.35	357.84	11.66
2026-06-16T15:37:51.2113037+08:00	0x01	-0.2189	-0.5821	0.5939	-0.5104	299.49	55.88	66.19
2026-06-16T15:37:51.2113037+08:00	0x03	-0.1313	0.4524	0.5749	0.6691	64.91	39.25	315.91
2026-06-16T15:37:51.2113037+08:00	0x09	0.5608	0.3994	-0.6490	0.3237	176.62	276.32	61.82
2026-06-16T15:37:51.2113037+08:00	0x08	0.0499	-0.0904	0.7706	0.6289	101.35	357.85	11.66
2026-06-16T15:37:51.2113037+08:00	0x04	-0.1711	0.0185	0.4945	-0.8520	298.05	347.95	15.86
2026-06-16T15:37:51.2113037+08:00	0x03	-0.1312	0.4530	0.5745	0.6690	64.82	39.36	315.90
2026-06-16T15:37:51.2113037+08:00	0x06	-0.1506	-0.0844	-0.4361	0.8832	307.63	358.92	340.14
2026-06-16T15:37:51.2113037+08:00	0x07	0.6759	0.1851	-0.7124	-0.0382	161.84	271.05	12.25
2026-06-16T15:37:51.2113037+08:00	0x08	0.0497	-0.0902	0.7706	0.6289	101.35	357.84	11.63
2026-06-16T15:37:51.2113037+08:00	0x01	-0.2147	-0.5849	0.5924	-0.5107	300.18	56.91	65.83
2026-06-16T15:37:51.2113037+08:00	0x04	-0.1732	0.0198	0.4937	-0.8520	298.09	347.70	15.99
2026-06-16T15:37:51.2113037+08:00	0x06	-0.1506	-0.0842	-0.4361	0.8832	307.63	358.94	340.15
2026-06-16T15:37:51.2113037+08:00	0x08	0.0497	-0.0900	0.7707	0.6289	101.35	357.86	11.61
2026-06-16T15:37:51.2113037+08:00	0x01	-0.2131	-0.5856	0.5917	-0.5114	300.45	57.23	65.64
2026-06-16T15:37:51.2113037+08:00	0x03	-0.1240	0.4571	0.5761	0.6661	64.98	40.21	316.22
2026-06-16T15:37:51.2113037+08:00	0x06	-0.1505	-0.0840	-0.4361	0.8833	307.63	358.96	340.18
2026-06-16T15:37:51.2113037+08:00	0x07	0.6762	0.1841	-0.7123	-0.0390	161.85	271.04	12.09
2026-06-16T15:37:51.2113037+08:00	0x01	-0.2127	-0.5854	0.5924	-0.5109	300.22	57.09	65.64
2026-06-16T15:37:51.2113037+08:00	0x04	-0.1645	0.0179	0.4947	-0.8532	298.24	348.45	15.25
2026-06-16T15:37:51.2113037+08:00	0x08	0.0498	-0.0896	0.7707	0.6289	101.36	357.90	11.58
2026-06-16T15:37:51.2113037+08:00	0x09	0.5634	0.3960	-0.6507	0.3198	176.43	276.12	61.14
2026-06-16T15:37:51.2113037+08:00	0x02	-0.3341	-0.1079	0.6506	0.6734	94.21	322.41	341.97
2026-06-16T15:37:51.2113037+08:00	0x07	0.6763	0.1837	-0.7123	-0.0393	161.86	271.04	12.03
2026-06-16T15:37:51.2113037+08:00	0x01	-0.2117	-0.5852	0.5924	-0.5117	300.20	57.08	65.50
2026-06-16T15:37:51.2113037+08:00	0x04	-0.1674	0.0175	0.4947	-0.8526	298.15	348.30	15.56
2026-06-16T15:37:51.2113037+08:00	0x06	-0.1506	-0.0837	-0.4359	0.8833	307.64	358.99	340.18
2026-06-16T15:37:51.2113037+08:00	0x02	-0.3339	-0.1073	0.6510	0.6732	94.26	322.46	341.95
2026-06-16T15:37:51.2113037+08:00	0x08	0.0497	-0.0895	0.7707	0.6289	101.36	357.90	11.56
2026-06-16T15:37:51.2113037+08:00	0x01	-0.2109	-0.5842	0.5932	-0.5121	299.84	56.74	65.39
2026-06-16T15:37:51.2113037+08:00	0x03	-0.1193	0.4613	0.5802	0.6605	65.57	40.79	316.14
2026-06-16T15:37:51.2113037+08:00	0x04	-0.1714	0.0185	0.4944	-0.8519	298.05	347.94	15.89
2026-06-16T15:37:51.2113037+08:00	0x09	0.5646	0.3946	-0.6514	0.3182	176.35	276.02	60.85
2026-06-16T15:37:51.2113037+08:00	0x07	0.6767	0.1828	-0.7121	-0.0402	161.86	271.02	11.89
2026-06-16T15:37:51.2113037+08:00	0x08	0.0495	-0.0892	0.7708	0.6289	101.36	357.90	11.53
2026-06-16T15:37:51.2113037+08:00	0x03	-0.1210	0.4623	0.5826	0.6575	65.95	40.68	315.76
2026-06-16T15:37:51.2113037+08:00	0x01	-0.2107	-0.5833	0.5918	-0.5149	300.10	56.71	65.15
2026-06-16T15:37:51.2113037+08:00	0x07	0.6768	0.1835	-0.7118	-0.0400	161.81	270.97	11.95
2026-06-16T15:37:51.2113037+08:00	0x09	0.5647	0.3946	-0.6517	0.3173	176.25	275.99	60.77
2026-06-16T15:37:51.2113037+08:00	0x08	0.0490	-0.0897	0.7714	0.6281	101.48	357.83	11.53
2026-06-16T15:37:51.2123004+08:00	0x03	-0.1217	0.4677	0.5840	0.6522	66.01	41.30	315.17
2026-06-16T15:37:51.2123004+08:00	0x04	-0.1691	0.0220	0.4933	-0.8529	298.24	347.75	15.48
2026-06-16T15:37:51.2123004+08:00	0x07	0.6768	0.1824	-0.7120	-0.0408	161.84	271.01	11.81
2026-06-16T15:37:51.2123004+08:00	0x02	-0.3311	-0.0885	0.6637	0.6649	96.08	323.93	341.17
2026-06-16T15:37:51.2123004+08:00	0x01	-0.2163	-0.5808	0.6037	-0.5014	296.60	54.18	66.66
2026-06-16T15:37:51.2123004+08:00	0x03	-0.1177	0.4733	0.5860	0.6471	66.19	42.15	315.01
2026-06-16T15:37:51.2123004+08:00	0x07	0.6769	0.1822	-0.7119	-0.0419	161.77	271.00	11.69
2026-06-16T15:37:51.2123004+08:00	0x09	0.5670	0.3918	-0.6524	0.3153	176.19	275.80	60.32
2026-06-16T15:37:51.2123004+08:00	0x08	0.0503	-0.0889	0.7717	0.6277	101.55	358.01	11.56
2026-06-16T15:37:51.2123004+08:00	0x03	-0.1153	0.4747	0.5853	0.6471	66.01	42.53	315.17
2026-06-16T15:37:51.2123004+08:00	0x04	-0.1726	0.0226	0.4941	-0.8518	298.03	347.45	15.76
2026-06-16T15:37:51.2123004+08:00	0x06	-0.1506	-0.0835	-0.4365	0.8831	307.56	359.03	340.19
2026-06-16T15:37:51.2123004+08:00	0x07	0.6770	0.1814	-0.7120	-0.0423	161.81	271.02	11.60
2026-06-16T15:37:51.2123004+08:00	0x09	0.5677	0.3906	-0.6530	0.3141	176.17	275.78	60.10
2026-06-16T15:37:51.2123004+08:00	0x03	-0.1153	0.4751	0.5853	0.6468	66.01	42.58	315.15
2026-06-16T15:37:51.2123004+08:00	0x04	-0.1707	0.0222	0.4946	-0.8519	298.02	347.61	15.59
2026-06-16T15:37:51.2123004+08:00	0x06	-0.1505	-0.0835	-0.4365	0.8831	307.57	359.02	340.21
2026-06-16T15:37:51.2123004+08:00	0x07	0.6771	0.1809	-0.7121	-0.0426	161.82	271.03	11.53
2026-06-16T15:37:51.2123004+08:00	0x09	0.5684	0.3895	-0.6536	0.3130	176.15	275.75	59.89
2026-06-16T15:37:51.2123004+08:00	0x03	-0.1168	0.4748	0.5847	0.6474	65.90	42.50	315.05
2026-06-16T15:37:51.2123004+08:00	0x04	-0.1632	0.0204	0.4953	-0.8530	298.17	348.26	14.97
2026-06-16T15:37:51.2123004+08:00	0x06	-0.1502	-0.0837	-0.4367	0.8830	307.54	358.98	340.22
2026-06-16T15:37:51.2123004+08:00	0x07	0.6772	0.1802	-0.7121	-0.0432	161.83	271.04	11.43
2026-06-16T15:37:51.2123004+08:00	0x08	0.0505	-0.0890	0.7728	0.6264	101.74	358.04	11.58
2026-06-16T15:37:51.2123004+08:00	0x03	-0.1169	0.4744	0.5857	0.6468	66.09	42.37	315.02
2026-06-16T15:37:51.2123004+08:00	0x01	-0.2156	-0.5835	0.6001	-0.5029	297.94	55.42	66.52
2026-06-16T15:37:51.2123004+08:00	0x06	-0.1502	-0.0839	-0.4367	0.8830	307.55	358.96	340.21
2026-06-16T15:37:51.2123004+08:00	0x09	0.5698	0.3874	-0.6547	0.3109	176.12	275.71	59.49
2026-06-16T15:37:51.2123004+08:00	0x07	0.6773	0.1797	-0.7121	-0.0436	161.85	271.05	11.36
2026-06-16T15:37:51.2123004+08:00	0x03	-0.1144	0.4763	0.5848	0.6466	65.88	42.83	315.17
2026-06-16T15:37:51.2123004+08:00	0x04	-0.1684	0.0226	0.4959	-0.8516	297.91	347.69	15.33
2026-06-16T15:37:51.2123004+08:00	0x06	-0.1501	-0.0841	-0.4366	0.8830	307.57	358.94	340.21
2026-06-16T15:37:51.2123004+08:00	0x07	0.6773	0.1793	-0.7121	-0.0438	161.86	271.06	11.31
2026-06-16T15:37:51.2123004+08:00	0x08	0.0507	-0.0891	0.7731	0.6259	101.81	358.06	11.61
2026-06-16T15:37:51.2123004+08:00	0x01	-0.2147	-0.5848	0.5994	-0.5027	298.30	55.89	66.47
2026-06-16T15:37:51.2123004+08:00	0x03	-0.1119	0.4777	0.5843	0.6465	65.75	43.19	315.34
2026-06-16T15:37:51.2123004+08:00	0x04	-0.1783	0.0233	0.4947	-0.8502	297.75	347.00	16.27
2026-06-16T15:37:51.2123004+08:00	0x02	-0.3431	-0.0999	0.6520	0.6687	95.21	322.03	340.82
2026-06-16T15:37:51.2123004+08:00	0x06	-0.1501	-0.0841	-0.4366	0.8830	307.56	358.94	340.21
2026-06-16T15:37:51.2123004+08:00	0x07	0.6774	0.1789	-0.7121	-0.0442	161.87	271.06	11.24
2026-06-16T15:37:51.2132978+08:00	0x09	0.5713	0.3849	-0.6560	0.3084	176.09	275.69	59.02
2026-06-16T15:37:51.2132978+08:00	0x08	0.0507	-0.0892	0.7731	0.6259	101.81	358.05	11.62
2026-06-16T15:37:51.2132978+08:00	0x03	-0.1119	0.4784	0.5850	0.6453	65.84	43.24	315.24
2026-06-16T15:37:51.2132978+08:00	0x01	-0.2150	-0.5846	0.5997	-0.5023	298.18	55.77	66.52
2026-06-16T15:37:51.2132978+08:00	0x04	-0.1755	0.0225	0.4943	-0.8511	297.91	347.27	16.05
2026-06-16T15:37:51.2132978+08:00	0x06	-0.1500	-0.0842	-0.4366	0.8830	307.57	358.93	340.22
2026-06-16T15:37:51.2132978+08:00	0x07	0.6775	0.1785	-0.7121	-0.0445	161.87	271.06	11.18
2026-06-16T15:37:51.2132978+08:00	0x08	0.0506	-0.0892	0.7731	0.6259	101.81	358.05	11.61
2026-06-16T15:37:51.2132978+08:00	0x01	-0.2152	-0.5845	0.5998	-0.5023	298.17	55.75	66.53
2026-06-16T15:37:51.2132978+08:00	0x03	-0.1135	0.4761	0.5845	0.6472	65.84	42.87	315.30
2026-06-16T15:37:51.2132978+08:00	0x04	-0.1757	0.0221	0.4935	-0.8515	298.01	347.31	16.11
2026-06-16T15:37:51.2132978+08:00	0x07	0.6777	0.1781	-0.7121	-0.0449	161.88	271.06	11.12
2026-06-16T15:37:51.2132978+08:00	0x09	0.5725	0.3832	-0.6569	0.3066	176.04	275.63	58.69
2026-06-16T15:37:51.2132978+08:00	0x08	0.0507	-0.0892	0.7734	0.6256	101.86	358.06	11.61
2026-06-16T15:37:51.2132978+08:00	0x01	-0.2158	-0.5849	0.5994	-0.5020	298.31	55.87	66.62
2026-06-16T15:37:51.2132978+08:00	0x03	-0.1139	0.4754	0.5841	0.6480	65.78	42.78	315.33
2026-06-16T15:37:51.2132978+08:00	0x04	-0.1742	0.0231	0.4937	-0.8517	298.02	347.30	15.90
2026-06-16T15:37:51.2132978+08:00	0x02	-0.3429	-0.0997	0.6520	0.6688	95.19	322.06	340.81
2026-06-16T15:37:51.2132978+08:00	0x06	-0.1499	-0.0842	-0.4366	0.8831	307.57	358.92	340.23
2026-06-16T15:37:51.2132978+08:00	0x08	0.0507	-0.0892	0.7735	0.6254	101.89	358.06	11.62
2026-06-16T15:37:51.2132978+08:00	0x03	-0.1134	0.4766	0.5838	0.6474	65.69	43.00	315.31
2026-06-16T15:37:51.3099928+08:00	0x04	-0.1729	0.0230	0.4937	-0.8520	298.07	347.41	15.77
2026-06-16T15:37:51.4121977+08:00	0x07	0.6778	0.1773	-0.7120	-0.0456	161.88	271.06	10.99
2026-06-16T15:37:51.4797918+08:00	0x09	0.5736	0.3814	-0.6578	0.3046	175.96	275.56	58.34
2026-06-16T15:37:51.5437214+08:00	0x08	0.0507	-0.0892	0.7737	0.6252	101.93	358.07	11.62
2026-06-16T15:37:51.7342152+08:00	0x01	-0.2146	-0.5852	0.5995	-0.5022	298.33	55.98	66.50
2026-06-16T15:37:51.7768147+08:00	0x03	-0.1121	0.4776	0.5832	0.6475	65.55	43.24	315.40
2026-06-16T15:37:51.9183226+08:00	0x06	-0.1498	-0.0843	-0.4366	0.8831	307.58	358.90	340.24
2026-06-16T15:37:51.9523756+08:00	0x04	-0.1784	0.0254	0.4937	-0.8508	297.86	346.79	16.17
2026-06-16T15:37:51.9803919+08:00	0x07	0.6779	0.1769	-0.7120	-0.0461	161.88	271.07	10.92
2026-06-16T15:37:52.0828672+08:00	0x09	0.5742	0.3804	-0.6584	0.3035	175.95	275.56	58.15
2026-06-16T15:37:52.2852715+08:00	0x03	-0.1112	0.4781	0.5837	0.6468	65.63	43.33	315.41
2026-06-16T15:37:52.3608962+08:00	0x01	-0.2143	-0.5855	0.5995	-0.5019	298.38	56.08	66.51
2026-06-16T15:37:52.4282398+08:00	0x06	-0.1497	-0.0844	-0.4365	0.8831	307.59	358.89	340.24
2026-06-16T15:37:52.5133385+08:00	0x07	0.6780	0.1766	-0.7120	-0.0464	161.88	271.07	10.87
