timestamp	device	q0	q1	q2	q3	yaw	pitch	roll
2026-05-07T16:14:42.4655794+08:00	0x07	0.5082	-0.4869	-0.4877	-0.5165	48.80	38.33	270.68
2026-05-07T16:14:42.5843177+08:00	0x04	-0.0062	-0.0245	-0.1829	0.9828	338.94	357.36	358.79
2026-05-07T16:14:42.6404837+08:00	0x01	-0.0187	-0.0414	-0.2521	0.9666	330.88	355.94	356.73
2026-05-07T16:14:42.7110194+08:00	0x02	0.0136	0.0016	-0.9588	0.2839	212.98	358.56	0.61
2026-05-07T16:14:42.8546155+08:00	0x06	0.7101	-0.0046	-0.6901	-0.1394	169.05	269.50	348.20
2026-05-07T16:14:42.9732052+08:00	0x07	0.4947	-0.4931	-0.4739	-0.5362	18.28	68.06	273.70
2026-05-07T16:14:43.0675312+08:00	0x08	-0.0088	-0.0284	0.0410	0.9987	4.73	356.71	359.13
2026-05-07T16:14:43.1358946+08:00	0x01	-0.0187	-0.0414	-0.2521	0.9666	330.88	355.94	356.73
2026-05-07T16:14:43.2036347+08:00	0x04	-0.0062	-0.0245	-0.1829	0.9828	338.94	357.36	358.79
2026-05-07T16:14:43.3631376+08:00	0x06	0.6794	-0.0686	-0.7170	-0.1398	173.57	274.03	343.24
2026-05-07T16:14:43.4757198+08:00	0x05	-0.0026	0.0184	0.4263	0.9044	50.46	1.78	358.83
2026-05-07T16:14:43.5698551+08:00	0x07	0.4510	-0.5785	-0.4375	-0.5201	342.38	110.20	282.75
2026-05-07T16:14:43.7057121+08:00	0x04	-0.0062	-0.0245	-0.1829	0.9828	338.94	357.36	358.79
2026-05-07T16:14:43.7354538+08:00	0x01	-0.0187	-0.0414	-0.2521	0.9666	330.88	355.94	356.73
2026-05-07T16:14:43.7837183+08:00	0x03	-0.0031	-0.0169	0.2781	0.9604	32.30	358.04	0.20
2026-05-07T16:14:43.8314920+08:00	0x06	0.7275	-0.1145	-0.6538	-0.1739	176.19	264.70	336.25
2026-05-07T16:14:43.9725829+08:00	0x08	-0.0088	-0.0284	0.0410	0.9987	4.73	356.71	359.13
2026-05-07T16:14:44.1006838+08:00	0x07	0.4524	-0.5760	-0.4386	-0.5207	342.61	109.78	282.46
2026-05-07T16:14:44.2744888+08:00	0x04	-0.0062	-0.0245	-0.1829	0.9828	338.94	357.37	358.79
2026-05-07T16:14:44.3024610+08:00	0x02	0.0136	0.0016	-0.9588	0.2839	212.98	358.56	0.61
2026-05-07T16:14:44.3414909+08:00	0x06	0.7343	-0.1474	-0.6266	-0.2155	176.45	261.90	329.92
2026-05-07T16:14:44.5326249+08:00	0x08	-0.0088	-0.0284	0.0410	0.9987	4.73	356.71	359.13
2026-05-07T16:14:44.6338793+08:00	0x07	0.2290	-0.7014	-0.2152	-0.6398	356.73	96.34	323.49
2026-05-07T16:14:44.8019077+08:00	0x01	-0.0187	-0.0414	-0.2521	0.9666	330.88	355.94	356.73
2026-05-07T16:14:44.9222562+08:00	0x06	0.7581	-0.1125	-0.6137	-0.1900	176.03	258.87	334.78
2026-05-07T16:14:45.0406321+08:00	0x08	-0.0088	-0.0284	0.0410	0.9987	4.73	356.71	359.13
2026-05-07T16:14:45.1842550+08:00	0x07	0.0418	-0.7361	-0.0318	-0.6748	358.92	95.03	354.08
2026-05-07T16:14:45.3610111+08:00	0x04	-0.0062	-0.0245	-0.1829	0.9828	338.94	357.37	358.78
2026-05-07T16:14:45.3955651+08:00	0x02	0.0136	0.0016	-0.9588	0.2839	212.98	358.55	0.61
2026-05-07T16:14:45.4642081+08:00	0x03	-0.0030	-0.0169	0.2781	0.9604	32.30	358.04	0.21
2026-05-07T16:14:45.6233480+08:00	0x08	-0.0088	-0.0284	0.0410	0.9987	4.73	356.71	359.13
2026-05-07T16:14:45.6897686+08:00	0x06	0.7613	-0.1090	-0.6103	-0.1899	175.84	258.36	335.02
2026-05-07T16:14:45.7164351+08:00	0x07	-0.1616	-0.7166	0.1558	-0.6604	1.65	95.05	25.89
2026-05-07T16:14:45.8825520+08:00	0x02	0.0136	0.0016	-0.9588	0.2839	212.98	358.56	0.61
2026-05-07T16:14:46.0082808+08:00	0x03	-0.0030	-0.0169	0.2781	0.9604	32.30	358.04	0.21
2026-05-07T16:14:46.0344471+08:00	0x06	0.7608	-0.1072	-0.6122	-0.1871	175.84	258.55	335.42
2026-05-07T16:14:46.1947632+08:00	0x08	-0.0088	-0.0284	0.0410	0.9987	4.73	356.71	359.13
2026-05-07T16:14:46.2349240+08:00	0x07	-0.2938	-0.6767	0.2768	-0.6158	4.81	97.50	47.42
2026-05-07T16:14:46.3531904+08:00	0x01	-0.0187	-0.0414	-0.2521	0.9666	330.88	355.94	356.73
2026-05-07T16:14:46.4562113+08:00	0x02	0.0136	0.0016	-0.9588	0.2839	212.98	358.55	0.61
2026-05-07T16:14:46.5351422+08:00	0x03	-0.0031	-0.0169	0.2781	0.9604	32.30	358.04	0.20
2026-05-07T16:14:46.7152000+08:00	0x08	-0.0088	-0.0284	0.0410	0.9987	4.73	356.71	359.13
2026-05-07T16:14:46.7690002+08:00	0x07	-0.4073	-0.6168	0.3754	-0.5593	12.05	103.55	66.73
2026-05-07T16:14:46.9211735+08:00	0x01	-0.0187	-0.0414	-0.2521	0.9666	330.88	355.94	356.73
2026-05-07T16:14:46.9814605+08:00	0x02	0.0136	0.0016	-0.9588	0.2839	212.98	358.56	0.61
2026-05-07T16:14:47.1367513+08:00	0x03	-0.0031	-0.0169	0.2781	0.9604	32.30	358.04	0.20
2026-05-07T16:14:47.2889157+08:00	0x08	-0.0088	-0.0284	0.0410	0.9987	4.73	356.71	359.13
2026-05-07T16:14:47.3609405+08:00	0x07	-0.4739	-0.5706	0.4284	-0.5162	28.18	118.69	77.96
2026-05-07T16:14:47.5429432+08:00	0x01	-0.0187	-0.0414	-0.2521	0.9666	330.88	355.94	356.73
2026-05-07T16:14:47.5511603+08:00	0x02	0.0136	0.0016	-0.9588	0.2839	212.98	358.56	0.61
2026-05-07T16:14:47.6738254+08:00	0x03	-0.0031	-0.0169	0.2781	0.9604	32.30	358.04	0.20
2026-05-07T16:14:47.6961096+08:00	0x06	0.6018	-0.0696	-0.7697	-0.2014	166.02	286.50	339.55
2026-05-07T16:14:47.8125726+08:00	0x08	-0.0088	-0.0284	0.0410	0.9987	4.73	356.71	359.13
2026-05-07T16:14:47.9088420+08:00	0x07	-0.5432	-0.5272	0.4499	-0.4739	88.05	175.75	81.59
2026-05-07T16:14:48.0087745+08:00	0x01	-0.0187	-0.0415	-0.2521	0.9666	330.88	355.94	356.73
2026-05-07T16:14:48.1020461+08:00	0x04	-0.0062	-0.0245	-0.1829	0.9828	338.94	357.37	358.78
2026-05-07T16:14:48.1487980+08:00	0x02	0.0136	0.0016	-0.9588	0.2839	212.98	358.56	0.61
2026-05-07T16:14:48.3775543+08:00	0x08	-0.0088	-0.0284	0.0410	0.9987	4.73	356.71	359.13
2026-05-07T16:14:48.4747488+08:00	0x05	-0.0025	0.0184	0.4263	0.9044	50.46	1.79	358.84
2026-05-07T16:14:48.5129016+08:00	0x07	-0.4465	-0.3044	0.6261	-0.5621	247.07	332.45	62.03
2026-05-07T16:14:48.5708019+08:00	0x04	-0.0062	-0.0245	-0.1829	0.9828	338.94	357.37	358.78
2026-05-07T16:14:48.6489336+08:00	0x02	0.0136	0.0016	-0.9588	0.2839	212.98	358.56	0.61
2026-05-07T16:14:48.7190651+08:00	0x01	-0.0187	-0.0415	-0.2521	0.9666	330.88	355.94	356.73
2026-05-07T16:14:48.7614812+08:00	0x03	-0.0030	-0.0169	0.2781	0.9604	32.30	358.04	0.21
2026-05-07T16:14:48.9180663+08:00	0x05	-0.0025	0.0184	0.4263	0.9044	50.46	1.79	358.84
2026-05-07T16:14:48.9563290+08:00	0x08	-0.0088	-0.0284	0.0410	0.9987	4.73	356.71	359.13
2026-05-07T16:14:49.0881904+08:00	0x07	-0.2122	-0.0783	0.7333	-0.6412	259.66	346.79	22.77
2026-05-07T16:14:49.2040278+08:00	0x04	-0.0062	-0.0245	-0.1829	0.9828	338.94	357.37	358.78
2026-05-07T16:14:49.2201542+08:00	0x02	0.0136	0.0016	-0.9588	0.2839	212.98	358.56	0.61
2026-05-07T16:14:49.2757826+08:00	0x03	-0.0030	-0.0169	0.2781	0.9604	32.30	358.04	0.21
2026-05-07T16:14:49.3196251+08:00	0x06	0.6070	-0.0707	-0.7655	-0.2011	166.27	285.69	339.36
2026-05-07T16:14:49.4755309+08:00	0x08	-0.0088	-0.0284	0.0410	0.9987	4.73	356.71	359.13
2026-05-07T16:14:49.6083966+08:00	0x07	-0.2012	-0.0361	0.7734	-0.6000	253.11	343.70	17.29
2026-05-07T16:14:49.7781954+08:00	0x04	-0.0062	-0.0245	-0.1829	0.9828	338.94	357.37	358.78
2026-05-07T16:14:49.8096108+08:00	0x02	0.0136	0.0016	-0.9588	0.2839	212.98	358.56	0.61
2026-05-07T16:14:49.8727961+08:00	0x03	-0.0031	-0.0169	0.2781	0.9604	32.30	358.04	0.20
2026-05-07T16:14:50.0431385+08:00	0x08	-0.0088	-0.0284	0.0410	0.9987	4.73	356.71	359.13
2026-05-07T16:14:50.1509658+08:00	0x07	-0.2134	-0.0399	0.7921	-0.5705	248.69	342.10	17.87
2026-05-07T16:14:50.2563109+08:00	0x04	-0.0062	-0.0245	-0.1829	0.9828	338.94	357.37	358.79
2026-05-07T16:14:50.2789972+08:00	0x01	-0.0187	-0.0414	-0.2521	0.9666	330.88	355.94	356.73
2026-05-07T16:14:50.3815282+08:00	0x06	0.2137	-0.0990	-0.9343	-0.2675	151.35	338.72	342.58
2026-05-07T16:14:50.4394601+08:00	0x03	-0.0031	-0.0169	0.2781	0.9604	32.30	358.04	0.20
2026-05-07T16:14:50.5491854+08:00	0x08	-0.0088	-0.0284	0.0410	0.9987	4.73	356.71	359.13
2026-05-07T16:14:50.6829323+08:00	0x07	-0.2266	-0.0333	0.8096	-0.5405	244.33	339.72	17.39
2026-05-07T16:14:50.7724520+08:00	0x04	-0.0062	-0.0245	-0.1829	0.9828	338.94	357.37	358.79
2026-05-07T16:14:50.7859066+08:00	0x01	-0.0187	-0.0414	-0.2521	0.9666	330.88	355.94	356.73
2026-05-07T16:14:50.8886242+08:00	0x02	0.0136	0.0016	-0.9588	0.2839	212.98	358.56	0.61
2026-05-07T16:14:50.9609250+08:00	0x03	-0.0031	-0.0169	0.2781	0.9604	32.30	358.04	0.20
2026-05-07T16:14:51.1373804+08:00	0x08	-0.0088	-0.0284	0.0410	0.9987	4.73	356.71	359.13
2026-05-07T16:14:51.2236878+08:00	0x07	-0.2218	-0.0304	0.8231	-0.5219	241.80	339.66	16.36
2026-05-07T16:14:51.3638355+08:00	0x04	-0.0062	-0.0245	-0.1829	0.9828	338.94	357.37	358.79
2026-05-07T16:14:51.4829666+08:00	0x06	0.2292	-0.1255	-0.9213	-0.2880	149.48	337.94	338.70
2026-05-07T16:14:51.6448629+08:00	0x05	-0.0025	0.0184	0.4263	0.9044	50.46	1.79	358.84
2026-05-07T16:14:51.8093956+08:00	0x07	-0.2231	-0.0258	0.8293	-0.5117	240.43	339.09	15.72
2026-05-07T16:14:51.9762239+08:00	0x02	0.0136	0.0016	-0.9588	0.2839	212.98	358.56	0.61
2026-05-07T16:14:52.0634188+08:00	0x03	-0.0031	-0.0169	0.2781	0.9604	32.30	358.04	0.20
2026-05-07T16:14:52.2445113+08:00	0x08	-0.0088	-0.0284	0.0410	0.9987	4.73	356.71	359.13
2026-05-07T16:14:52.3486608+08:00	0x07	-0.3162	-0.1228	0.8136	-0.4723	232.83	332.63	29.90
2026-05-07T16:14:52.4231479+08:00	0x04	-0.0062	-0.0245	-0.1829	0.9828	338.94	357.37	358.79
2026-05-07T16:14:52.4518792+08:00	0x01	-0.0187	-0.0414	-0.2521	0.9666	330.88	355.94	356.73
2026-05-07T16:14:52.5147524+08:00	0x06	0.4083	-0.1199	-0.8579	-0.2880	153.80	315.28	333.84
2026-05-07T16:14:52.6149321+08:00	0x03	-0.0031	-0.0169	0.2781	0.9604	32.30	358.04	0.20
2026-05-07T16:14:52.8073644+08:00	0x08	-0.0088	-0.0284	0.0410	0.9987	4.73	356.71	359.12
2026-05-07T16:14:52.9659811+08:00	0x04	-0.0062	-0.0245	-0.1829	0.9828	338.94	357.37	358.79
2026-05-07T16:14:53.0710009+08:00	0x02	0.0136	0.0016	-0.9588	0.2839	212.98	358.56	0.61
2026-05-07T16:14:53.1569050+08:00	0x03	-0.0030	-0.0169	0.2781	0.9604	32.30	358.04	0.21
2026-05-07T16:14:53.3058018+08:00	0x08	-0.0088	-0.0284	0.0410	0.9987	4.73	356.71	359.12
2026-05-07T16:14:53.4341885+08:00	0x07	-0.3135	-0.1199	0.8143	-0.4736	233.10	332.86	29.49
2026-05-07T16:14:53.5140495+08:00	0x04	-0.0062	-0.0245	-0.1829	0.9828	338.94	357.37	358.79
2026-05-07T16:14:53.5624933+08:00	0x01	-0.0187	-0.0415	-0.2521	0.9666	330.88	355.94	356.73
2026-05-07T16:14:53.6061669+08:00	0x06	0.6169	-0.1539	-0.7348	-0.2361	169.42	282.93	328.84
2026-05-07T16:14:53.6965699+08:00	0x03	-0.0030	-0.0169	0.2781	0.9604	32.30	358.04	0.21
2026-05-07T16:14:53.7194909+08:00	0x02	0.0136	0.0016	-0.9588	0.2839	212.98	358.56	0.61
2026-05-07T16:14:53.7991468+08:00	0x08	-0.0088	-0.0284	0.0410	0.9987	4.73	356.71	359.12
2026-05-07T16:14:53.9669676+08:00	0x07	-0.5935	-0.2668	0.6755	-0.3469	193.83	283.94	50.54
2026-05-07T16:14:54.0599904+08:00	0x02	0.0136	0.0016	-0.9588	0.2839	212.98	358.55	0.61
2026-05-07T16:14:54.2402812+08:00	0x06	0.6265	-0.1314	-0.7363	-0.2194	169.67	281.79	332.07
2026-05-07T16:14:54.2825003+08:00	0x03	-0.0030	-0.0169	0.2781	0.9604	32.30	358.04	0.21
2026-05-07T16:14:54.3606996+08:00	0x08	-0.0088	-0.0284	0.0410	0.9987	4.73	356.71	359.12
2026-05-07T16:14:54.4842375+08:00	0x07	-0.6148	-0.3119	0.6387	-0.3419	185.32	274.96	54.96
2026-05-07T16:14:54.5523851+08:00	0x05	-0.0026	0.0184	0.4263	0.9044	50.46	1.79	358.83
2026-05-07T16:14:54.5758280+08:00	0x01	-0.0187	-0.0414	-0.2521	0.9666	330.88	355.94	356.73
2026-05-07T16:14:54.7108205+08:00	0x06	0.6475	-0.1266	-0.7199	-0.2156	170.49	278.39	332.52
2026-05-07T16:14:54.8142737+08:00	0x03	-0.0030	-0.0169	0.2781	0.9604	32.30	358.04	0.21
2026-05-07T16:14:54.9869070+08:00	0x08	-0.0088	-0.0284	0.0410	0.9987	4.73	356.71	359.12
2026-05-07T16:14:55.0216314+08:00	0x07	-0.6612	-0.2474	0.6578	-0.2624	181.39	270.24	42.26
2026-05-07T16:14:55.0959654+08:00	0x01	-0.0187	-0.0414	-0.2521	0.9666	330.88	355.94	356.73
2026-05-07T16:14:55.1498199+08:00	0x02	0.0136	0.0015	-0.9588	0.2839	212.98	358.56	0.61
2026-05-07T16:14:55.2267849+08:00	0x06	0.6518	-0.1162	-0.7196	-0.2096	170.37	277.90	333.87
2026-05-07T16:14:55.3700026+08:00	0x03	-0.0030	-0.0169	0.2781	0.9604	32.30	358.04	0.21
2026-05-07T16:14:55.4558254+08:00	0x08	-0.0088	-0.0284	0.0410	0.9987	4.73	356.71	359.12
2026-05-07T16:14:55.6173237+08:00	0x07	-0.6739	-0.2279	0.6627	-0.2342	180.24	269.13	38.14
2026-05-07T16:14:55.7170166+08:00	0x02	0.0136	0.0015	-0.9588	0.2839	212.98	358.56	0.61
2026-05-07T16:14:55.8385079+08:00	0x03	-0.0030	-0.0169	0.2781	0.9604	32.30	358.04	0.21
2026-05-07T16:14:56.0594986+08:00	0x08	-0.0088	-0.0284	0.0410	0.9987	4.73	356.71	359.13
2026-05-07T16:14:56.1468878+08:00	0x07	-0.6989	-0.1426	0.6858	-0.1443	179.90	268.89	23.41
2026-05-07T16:14:56.2451223+08:00	0x02	0.0136	0.0015	-0.9588	0.2839	212.98	358.55	0.61
2026-05-07T16:14:56.2927403+08:00	0x04	-0.0062	-0.0245	-0.1829	0.9828	338.94	357.37	358.79
2026-05-07T16:14:56.3763869+08:00	0x03	-0.0031	-0.0169	0.2781	0.9604	32.30	358.04	0.20
2026-05-07T16:14:56.5309949+08:00	0x08	-0.0088	-0.0284	0.0410	0.9987	4.73	356.71	359.13
2026-05-07T16:14:56.6326294+08:00	0x07	-0.7036	-0.1259	0.6881	-0.1248	179.67	268.67	20.42
2026-05-07T16:14:56.7588728+08:00	0x01	-0.0187	-0.0414	-0.2521	0.9666	330.88	355.94	356.73
2026-05-07T16:14:56.8141812+08:00	0x02	0.0136	0.0016	-0.9588	0.2839	212.98	358.56	0.61
2026-05-07T16:14:56.8497064+08:00	0x04	-0.0062	-0.0245	-0.1829	0.9828	338.94	357.37	358.79
2026-05-07T16:14:57.0840742+08:00	0x05	-0.0025	0.0184	0.4263	0.9044	50.46	1.79	358.84
2026-05-07T16:14:57.1402005+08:00	0x03	-0.0031	-0.0169	0.2781	0.9604	32.30	358.04	0.20
2026-05-07T16:14:57.2282367+08:00	0x01	-0.0187	-0.0415	-0.2521	0.9666	330.88	355.94	356.73
2026-05-07T16:14:57.3868532+08:00	0x02	0.0136	0.0016	-0.9588	0.2839	212.98	358.56	0.61
2026-05-07T16:14:57.4200579+08:00	0x06	0.7040	-0.0977	-0.6751	-0.1976	171.85	269.35	335.79
2026-05-07T16:14:57.5066884+08:00	0x03	-0.0031	-0.0169	0.2781	0.9604	32.30	358.04	0.20
2026-05-07T16:14:57.6254583+08:00	0x08	-0.0088	-0.0282	0.0410	0.9987	4.72	356.73	359.13
2026-05-07T16:14:57.7118161+08:00	0x07	-0.7121	-0.0942	0.6915	-0.0769	178.36	268.12	13.88
2026-05-07T16:14:57.7523315+08:00	0x01	-0.0187	-0.0415	-0.2521	0.9666	330.88	355.94	356.73
2026-05-07T16:14:57.9196903+08:00	0x02	0.0136	0.0015	-0.9588	0.2839	212.98	358.55	0.61
2026-05-07T16:14:57.9482646+08:00	0x04	-0.0062	-0.0245	-0.1829	0.9828	338.94	357.37	358.79
2026-05-07T16:14:58.0582505+08:00	0x03	-0.0031	-0.0169	0.2781	0.9604	32.30	358.04	0.20
2026-05-07T16:14:58.1978034+08:00	0x08	-0.0088	-0.0282	0.0410	0.9987	4.72	356.73	359.13
2026-05-07T16:14:58.2538323+08:00	0x07	-0.7172	-0.0439	0.6953	-0.0160	177.66	268.12	4.82
2026-05-07T16:14:58.3264845+08:00	0x01	-0.0187	-0.0415	-0.2521	0.9666	330.88	355.94	356.73
2026-05-07T16:14:58.4823517+08:00	0x04	-0.0062	-0.0245	-0.1829	0.9828	338.94	357.37	358.79
2026-05-07T16:14:58.5068665+08:00	0x02	0.0136	0.0016	-0.9588	0.2839	212.98	358.55	0.61
2026-05-07T16:14:58.6479965+08:00	0x03	-0.0031	-0.0169	0.2781	0.9604	32.30	358.04	0.20
2026-05-07T16:14:58.7450913+08:00	0x08	-0.0088	-0.0282	0.0410	0.9987	4.73	356.73	359.13
2026-05-07T16:14:58.7811353+08:00	0x07	-0.7189	-0.0328	0.6944	-0.0012	177.39	267.95	2.71
2026-05-07T16:14:58.8524731+08:00	0x01	-0.0187	-0.0414	-0.2521	0.9666	330.88	355.94	356.73
2026-05-07T16:14:59.0046999+08:00	0x02	0.0136	0.0016	-0.9588	0.2839	212.98	358.56	0.61
2026-05-07T16:14:59.1676307+08:00	0x03	-0.0031	-0.0169	0.2781	0.9604	32.30	358.04	0.20
2026-05-07T16:14:59.3061320+08:00	0x08	-0.0088	-0.0283	0.0410	0.9987	4.73	356.72	359.13
2026-05-07T16:14:59.3456277+08:00	0x07	-0.7179	-0.0280	0.6955	0.0035	177.41	268.14	1.95
2026-05-07T16:14:59.4084938+08:00	0x01	-0.0187	-0.0414	-0.2521	0.9666	330.88	355.94	356.73
2026-05-07T16:14:59.5526959+08:00	0x04	-0.0062	-0.0245	-0.1829	0.9828	338.94	357.37	358.79
2026-05-07T16:14:59.5871011+08:00	0x02	0.0136	0.0016	-0.9588	0.2839	212.98	358.56	0.62
2026-05-07T16:14:59.6960122+08:00	0x03	-0.0031	-0.0169	0.2781	0.9604	32.30	358.04	0.20
2026-05-07T16:14:59.8018589+08:00	0x05	-0.0025	0.0185	0.4263	0.9044	50.46	1.79	358.84
2026-05-07T16:14:59.9042942+08:00	0x07	-0.7088	-0.0199	0.7050	-0.0131	179.45	269.68	2.67
2026-05-07T16:14:59.9941009+08:00	0x01	-0.0187	-0.0414	-0.2521	0.9666	330.88	355.94	356.73
2026-05-07T16:15:00.1426005+08:00	0x04	-0.0062	-0.0245	-0.1829	0.9828	338.94	357.37	358.79
2026-05-07T16:15:00.1650110+08:00	0x02	0.0136	0.0016	-0.9588	0.2839	212.98	358.56	0.62
2026-05-07T16:15:00.2442730+08:00	0x03	-0.0031	-0.0169	0.2781	0.9604	32.30	358.04	0.20
2026-05-07T16:15:00.3908615+08:00	0x08	-0.0088	-0.0283	0.0410	0.9987	4.73	356.72	359.13
2026-05-07T16:15:00.4994104+08:00	0x01	-0.0187	-0.0415	-0.2521	0.9666	330.88	355.94	356.73
2026-05-07T16:15:00.5515333+08:00	0x07	-0.6798	-0.1538	0.6958	-0.1737	182.10	271.83	26.76
2026-05-07T16:15:00.6696343+08:00	0x02	0.0136	0.0016	-0.9588	0.2839	212.98	358.56	0.61
2026-05-07T16:15:00.7988277+08:00	0x03	-0.0031	-0.0169	0.2781	0.9604	32.30	358.04	0.20
2026-05-07T16:15:00.9649953+08:00	0x08	-0.0088	-0.0283	0.0410	0.9987	4.72	356.72	359.13
2026-05-07T16:15:00.9799897+08:00	0x07	-0.6168	-0.3384	0.6241	-0.3398	180.71	271.06	57.32
2026-05-07T16:15:01.0850262+08:00	0x01	-0.0187	-0.0415	-0.2521	0.9666	330.88	355.94	356.73
2026-05-07T16:15:01.2366304+08:00	0x04	-0.0062	-0.0245	-0.1829	0.9828	338.94	357.37	358.79
2026-05-07T16:15:01.2691333+08:00	0x02	0.0136	0.0016	-0.9588	0.2839	212.98	358.56	0.61
2026-05-07T16:15:01.3724701+08:00	0x03	-0.0031	-0.0169	0.2781	0.9604	32.30	358.04	0.20
2026-05-07T16:15:01.4826024+08:00	0x08	-0.0088	-0.0283	0.0410	0.9987	4.72	356.72	359.13
2026-05-07T16:15:01.5709274+08:00	0x07	-0.6194	-0.3332	0.6269	-0.3352	180.78	271.11	56.40
2026-05-07T16:15:01.6533642+08:00	0x01	-0.0187	-0.0415	-0.2521	0.9666	330.88	355.94	356.73
2026-05-07T16:15:01.7908392+08:00	0x04	-0.0062	-0.0245	-0.1829	0.9828	338.94	357.37	358.79
2026-05-07T16:15:01.9100182+08:00	0x03	-0.0031	-0.0169	0.2781	0.9604	32.30	358.04	0.20
2026-05-07T16:15:02.0536426+08:00	0x07	-0.5173	-0.4781	0.5212	-0.4818	185.57	275.58	85.48
2026-05-07T16:15:02.0976107+08:00	0x08	-0.0088	-0.0283	0.0410	0.9987	4.72	356.72	359.13
2026-05-07T16:15:02.1690548+08:00	0x01	-0.0187	-0.0415	-0.2521	0.9666	330.88	355.94	356.73
2026-05-07T16:15:02.2325432+08:00	0x02	0.0136	0.0016	-0.9588	0.2839	212.98	358.56	0.61
2026-05-07T16:15:02.3033865+08:00	0x06	0.7092	-0.0344	-0.6863	-0.1575	169.99	269.50	344.30
2026-05-07T16:15:02.3394461+08:00	0x04	-0.0062	-0.0245	-0.1829	0.9828	338.94	357.37	358.79
2026-05-07T16:15:02.4720587+08:00	0x03	-0.0031	-0.0169	0.2781	0.9604	32.30	358.04	0.20
2026-05-07T16:15:02.5290404+08:00	0x05	-0.0025	0.0184	0.4263	0.9044	50.46	1.78	358.84
2026-05-07T16:15:02.5879524+08:00	0x07	-0.4548	-0.5398	0.4533	-0.5443	359.19	88.85	79.90
2026-05-07T16:15:02.7571127+08:00	0x01	-0.0187	-0.0415	-0.2521	0.9666	330.88	355.94	356.73
2026-05-07T16:16:42.6581024+08:00	0x02	0.0136	0.0016	-0.9588	0.2839	212.98	358.56	0.61
2026-05-07T16:16:42.6581024+08:00	0x06	0.7083	-0.0296	-0.6886	-0.1528	169.96	269.70	345.10
2026-05-07T16:16:42.6581024+08:00	0x03	-0.0031	-0.0169	0.2781	0.9604	32.30	358.04	0.20
2026-05-07T16:16:42.6581024+08:00	0x08	-0.0088	-0.0283	0.0410	0.9987	4.73	356.72	359.13
2026-05-07T16:16:42.6581024+08:00	0x07	-0.4419	-0.5544	0.4378	-0.5530	1.46	91.30	76.92
2026-05-07T16:16:42.6581024+08:00	0x02	0.0136	0.0016	-0.9588	0.2839	212.98	358.56	0.61
2026-05-07T16:16:42.6581024+08:00	0x06	0.7047	-0.0096	-0.6980	-0.1269	170.40	270.38	348.91
2026-05-07T16:16:42.6581024+08:00	0x03	-0.0031	-0.0169	0.2781	0.9604	32.30	358.04	0.20
2026-05-07T16:16:42.6581024+08:00	0x08	-0.0088	-0.0283	0.0410	0.9987	4.73	356.72	359.13
2026-05-07T16:16:42.6581024+08:00	0x01	-0.0186	-0.0415	-0.2521	0.9666	330.88	355.93	356.73
2026-05-07T16:16:42.6581024+08:00	0x02	0.0136	0.0016	-0.9588	0.2839	212.98	358.56	0.61
2026-05-07T16:16:42.6581024+08:00	0x04	-0.0062	-0.0245	-0.1829	0.9828	338.94	357.37	358.79
2026-05-07T16:16:42.6581024+08:00	0x03	-0.0031	-0.0169	0.2781	0.9604	32.30	358.04	0.20
2026-05-07T16:16:42.6581024+08:00	0x08	-0.0088	-0.0283	0.0410	0.9987	4.73	356.72	359.13
2026-05-07T16:16:42.6581024+08:00	0x01	-0.0186	-0.0415	-0.2521	0.9666	330.88	355.93	356.73
2026-05-07T16:16:42.6581024+08:00	0x02	0.0136	0.0016	-0.9588	0.2839	212.98	358.56	0.62
2026-05-07T16:16:42.6581024+08:00	0x04	-0.0062	-0.0245	-0.1829	0.9828	338.94	357.37	358.79
2026-05-07T16:16:42.6591441+08:00	0x07	-0.3435	-0.6148	0.3365	-0.6251	0.18	89.15	57.48
2026-05-07T16:16:42.6591441+08:00	0x06	0.7095	0.0179	-0.6986	-0.0908	171.20	269.57	354.04
2026-05-07T16:16:42.6591441+08:00	0x08	-0.0088	-0.0283	0.0410	0.9987	4.73	356.72	359.13
2026-05-07T16:16:42.6591441+08:00	0x01	-0.0186	-0.0415	-0.2521	0.9666	330.88	355.93	356.73
2026-05-07T16:16:42.6591441+08:00	0x02	0.0136	0.0016	-0.9588	0.2839	212.98	358.56	0.62
2026-05-07T16:16:42.6591441+08:00	0x07	-0.0386	-0.7004	0.0214	-0.7124	1.36	89.08	4.87
2026-05-07T16:16:42.6591441+08:00	0x04	-0.0062	-0.0245	-0.1829	0.9828	338.94	357.37	358.79
2026-05-07T16:16:42.6591441+08:00	0x03	-0.0031	-0.0169	0.2781	0.9604	32.30	358.04	0.20
2026-05-07T16:16:42.6591441+08:00	0x05	-0.0026	0.0184	0.4263	0.9044	50.46	1.78	358.83
2026-05-07T16:16:42.6591441+08:00	0x07	0.0828	-0.6814	-0.1258	-0.7163	4.04	86.54	343.14
2026-05-07T16:16:42.6591441+08:00	0x01	-0.0186	-0.0415	-0.2521	0.9666	330.88	355.93	356.73
2026-05-07T16:16:42.6591441+08:00	0x06	0.7170	0.0714	-0.6924	-0.0374	171.12	267.81	2.59
2026-05-07T16:16:42.6591441+08:00	0x08	-0.0088	-0.0283	0.0410	0.9987	4.73	356.72	359.12
2026-05-07T16:16:42.6591441+08:00	0x07	0.1597	-0.6598	-0.2196	-0.7007	6.49	84.76	329.10
2026-05-07T16:16:42.6591441+08:00	0x01	-0.0186	-0.0415	-0.2521	0.9666	330.88	355.93	356.73
2026-05-07T16:16:42.6591441+08:00	0x02	0.0136	0.0016	-0.9588	0.2839	212.98	358.56	0.61
2026-05-07T16:16:42.6591441+08:00	0x06	0.7144	0.0840	-0.6939	-0.0324	170.48	268.00	4.03
2026-05-07T16:16:42.6591441+08:00	0x04	-0.0062	-0.0245	-0.1829	0.9828	338.94	357.37	358.79
2026-05-07T16:16:42.6591441+08:00	0x03	-0.0031	-0.0169	0.2781	0.9604	32.30	358.04	0.20
2026-05-07T16:16:42.6591441+08:00	0x07	0.2283	-0.6391	-0.2817	-0.6783	6.99	83.90	317.94
2026-05-07T16:16:42.6591441+08:00	0x02	0.0136	0.0016	-0.9588	0.2839	212.98	358.55	0.61
2026-05-07T16:16:42.6591441+08:00	0x06	0.7139	0.0926	-0.6936	-0.0267	170.21	267.90	5.18
2026-05-07T16:16:42.6591441+08:00	0x04	-0.0062	-0.0245	-0.1829	0.9828	338.94	357.37	358.79
2026-05-07T16:16:42.6591441+08:00	0x03	-0.0031	-0.0169	0.2781	0.9604	32.30	358.04	0.20
2026-05-07T16:16:42.6591441+08:00	0x01	-0.0187	-0.0414	-0.2521	0.9666	330.88	355.94	356.73
2026-05-07T16:16:42.6591441+08:00	0x07	0.2664	-0.6258	-0.3176	-0.6607	7.48	83.51	311.45
2026-05-07T16:16:42.6591441+08:00	0x06	0.7125	0.0985	-0.6944	-0.0210	170.18	267.99	6.14
2026-05-07T16:16:42.6591441+08:00	0x04	-0.0062	-0.0245	-0.1829	0.9828	338.94	357.37	358.79
2026-05-07T16:16:42.6591441+08:00	0x05	-0.0026	0.0184	0.4263	0.9044	50.46	1.78	358.83
2026-05-07T16:16:42.6591441+08:00	0x07	0.2976	-0.6129	-0.3473	-0.6443	8.09	83.01	305.98
2026-05-07T16:16:42.6591441+08:00	0x02	0.0136	0.0016	-0.9588	0.2839	212.98	358.55	0.61
2026-05-07T16:16:42.6591441+08:00	0x06	0.7108	0.1035	-0.6956	-0.0168	170.12	268.16	6.90
2026-05-07T16:16:42.6591441+08:00	0x04	-0.0062	-0.0245	-0.1829	0.9828	338.94	357.37	358.79
2026-05-07T16:16:42.6591441+08:00	0x05	-0.0026	0.0185	0.4263	0.9044	50.46	1.79	358.83
2026-05-07T16:16:42.6591441+08:00	0x07	0.3185	-0.6021	-0.3702	-0.6317	9.13	82.18	301.99
2026-05-07T16:16:42.6591441+08:00	0x02	0.0136	0.0016	-0.9588	0.2839	212.98	358.55	0.61
2026-05-07T16:16:42.6591441+08:00	0x03	-0.0031	-0.0169	0.2781	0.9604	32.30	358.04	0.20
2026-05-07T16:16:42.6591441+08:00	0x08	-0.0088	-0.0283	0.0410	0.9987	4.73	356.72	359.13
2026-05-07T16:16:42.6591441+08:00	0x07	0.3408	-0.5898	-0.3932	-0.6176	10.35	81.11	297.78
2026-05-07T16:16:42.6591441+08:00	0x02	0.0136	0.0016	-0.9588	0.2839	212.98	358.55	0.61
2026-05-07T16:16:42.6591441+08:00	0x06	0.7102	0.1085	-0.6955	-0.0127	170.02	268.13	7.63
2026-05-07T16:16:42.6591441+08:00	0x03	-0.0031	-0.0169	0.2781	0.9604	32.30	358.04	0.20
2026-05-07T16:16:42.6591441+08:00	0x04	-0.0062	-0.0245	-0.1829	0.9828	338.94	357.37	358.79
2026-05-07T16:16:42.6591441+08:00	0x01	-0.0187	-0.0414	-0.2521	0.9666	330.88	355.94	356.73
2026-05-07T16:16:42.6591441+08:00	0x02	0.0136	0.0016	-0.9588	0.2839	212.98	358.55	0.61
2026-05-07T16:16:42.6591441+08:00	0x06	0.7097	0.1104	-0.6957	-0.0114	169.96	268.16	7.89
2026-05-07T16:16:42.6591441+08:00	0x03	-0.0031	-0.0169	0.2781	0.9604	32.30	358.04	0.20
2026-05-07T16:16:42.6591441+08:00	0x04	-0.0062	-0.0245	-0.1829	0.9828	338.94	357.37	358.79
2026-05-07T16:16:42.6591441+08:00	0x07	0.3557	-0.5805	-0.4088	-0.6078	11.50	80.02	294.91
2026-05-07T16:16:42.6591441+08:00	0x02	0.0136	0.0016	-0.9588	0.2839	212.98	358.56	0.61
2026-05-07T16:16:42.6591441+08:00	0x06	0.7088	0.1123	-0.6963	-0.0114	169.82	268.26	8.06
2026-05-07T16:16:42.6591441+08:00	0x03	-0.0031	-0.0169	0.2781	0.9604	32.30	358.04	0.20
2026-05-07T16:16:42.6591441+08:00	0x08	-0.0088	-0.0283	0.0410	0.9987	4.73	356.72	359.13
2026-05-07T16:16:42.6591441+08:00	0x01	-0.0186	-0.0414	-0.2521	0.9666	330.88	355.94	356.74
2026-05-07T16:16:42.6591441+08:00	0x02	0.0136	0.0016	-0.9588	0.2839	212.98	358.55	0.61
2026-05-07T16:16:42.6591441+08:00	0x03	-0.0031	-0.0169	0.2781	0.9604	32.30	358.04	0.20
2026-05-07T16:16:42.6600965+08:00	0x08	-0.0088	-0.0283	0.0410	0.9987	4.73	356.72	359.13
2026-05-07T16:16:42.6600965+08:00	0x01	-0.0186	-0.0414	-0.2521	0.9666	330.88	355.94	356.74
2026-05-07T16:16:42.6600965+08:00	0x02	0.0136	0.0016	-0.9588	0.2839	212.98	358.55	0.61
2026-05-07T16:16:42.6600965+08:00	0x06	0.7081	0.1137	-0.6968	-0.0140	169.49	268.34	7.97
2026-05-07T16:16:42.6600965+08:00	0x03	-0.0031	-0.0169	0.2781	0.9604	32.30	358.04	0.20
2026-05-07T16:16:42.6600965+08:00	0x08	-0.0088	-0.0283	0.0410	0.9987	4.73	356.72	359.13
2026-05-07T16:16:42.6600965+08:00	0x01	-0.0186	-0.0415	-0.2521	0.9666	330.88	355.93	356.73
2026-05-07T16:16:42.6600965+08:00	0x07	0.3694	-0.5705	-0.4212	-0.6005	12.77	78.50	292.44
2026-05-07T16:16:42.6600965+08:00	0x02	0.0136	0.0016	-0.9588	0.2839	212.98	358.55	0.61
2026-05-07T16:16:42.6600965+08:00	0x06	0.7082	0.1141	-0.6966	-0.0135	169.50	268.32	8.04
2026-05-07T16:16:42.6600965+08:00	0x04	-0.0062	-0.0245	-0.1829	0.9828	338.94	357.37	358.79
2026-05-07T16:16:42.6600965+08:00	0x08	-0.0088	-0.0283	0.0410	0.9987	4.73	356.72	359.13
2026-05-07T16:16:42.6600965+08:00	0x07	0.3721	-0.5686	-0.4240	-0.5988	13.09	78.17	291.92
2026-05-07T16:16:42.6600965+08:00	0x02	0.0136	0.0016	-0.9588	0.2839	212.98	358.55	0.61
2026-05-07T16:16:42.6600965+08:00	0x03	-0.0031	-0.0169	0.2781	0.9604	32.30	358.04	0.20
2026-05-07T16:16:42.6600965+08:00	0x08	-0.0088	-0.0283	0.0410	0.9987	4.73	356.72	359.13
2026-05-07T16:16:42.6600965+08:00	0x07	0.3735	-0.5676	-0.4255	-0.5977	13.27	78.00	291.64
2026-05-07T16:16:42.6600965+08:00	0x02	0.0136	0.0016	-0.9588	0.2839	212.98	358.55	0.61
2026-05-07T16:16:42.6600965+08:00	0x04	-0.0062	-0.0245	-0.1829	0.9828	338.94	357.37	358.79
2026-05-07T16:16:42.6600965+08:00	0x08	-0.0088	-0.0283	0.0410	0.9987	4.72	356.72	359.13
2026-05-07T16:16:42.6600965+08:00	0x01	-0.0186	-0.0414	-0.2521	0.9666	330.88	355.94	356.74
2026-05-07T16:16:42.6600965+08:00	0x07	0.3730	-0.5678	-0.4254	-0.5979	13.29	78.01	291.70
2026-05-07T16:16:42.6600965+08:00	0x02	0.0136	0.0016	-0.9588	0.2839	212.98	358.55	0.61
2026-05-07T16:16:42.6600965+08:00	0x04	-0.0062	-0.0245	-0.1829	0.9828	338.94	357.37	358.79
2026-05-07T16:16:42.6600965+08:00	0x03	-0.0031	-0.0169	0.2781	0.9604	32.30	358.05	0.20
2026-05-07T16:16:42.6600965+08:00	0x05	-0.0026	0.0185	0.4263	0.9044	50.46	1.79	358.83
2026-05-07T16:16:42.6600965+08:00	0x07	0.3716	-0.5682	-0.4248	-0.5988	13.39	77.92	291.90
2026-05-07T16:16:42.6600965+08:00	0x02	0.0136	0.0016	-0.9588	0.2839	212.98	358.55	0.61
2026-05-07T16:16:42.6600965+08:00	0x06	0.7070	0.1126	-0.6981	-0.0120	169.76	268.55	8.06
2026-05-07T16:16:42.6600965+08:00	0x04	-0.0062	-0.0245	-0.1829	0.9828	338.94	357.37	358.79
2026-05-07T16:16:42.6600965+08:00	0x08	-0.0088	-0.0283	0.0410	0.9987	4.73	356.72	359.13
2026-05-07T16:16:42.6600965+08:00	0x03	-0.0031	-0.0169	0.2781	0.9604	32.30	358.05	0.20
2026-05-07T16:16:42.6600965+08:00	0x01	-0.0187	-0.0414	-0.2521	0.9666	330.88	355.94	356.73
2026-05-07T16:16:42.6600965+08:00	0x07	0.3704	-0.5688	-0.4247	-0.5990	13.48	77.92	292.03
2026-05-07T16:16:42.6600965+08:00	0x02	0.0136	0.0016	-0.9588	0.2839	212.98	358.56	0.61
2026-05-07T16:16:42.6600965+08:00	0x04	-0.0062	-0.0245	-0.1829	0.9828	338.94	357.37	358.79
2026-05-07T16:16:42.6600965+08:00	0x08	-0.0088	-0.0283	0.0410	0.9987	4.73	356.72	359.13
2026-05-07T16:16:42.6600965+08:00	0x03	-0.0031	-0.0169	0.2781	0.9604	32.30	358.05	0.20
2026-05-07T16:16:42.6600965+08:00	0x07	0.3686	-0.5701	-0.4242	-0.5993	13.48	78.06	292.26
2026-05-07T16:16:42.6600965+08:00	0x02	0.0136	0.0016	-0.9588	0.2839	212.98	358.55	0.61
2026-05-07T16:16:42.6600965+08:00	0x06	0.7012	0.1101	-0.7044	-0.0118	170.05	269.57	7.97
2026-05-07T16:16:42.6600965+08:00	0x04	-0.0062	-0.0245	-0.1829	0.9828	338.94	357.37	358.79
2026-05-07T16:16:42.6600965+08:00	0x01	-0.0187	-0.0415	-0.2521	0.9666	330.88	355.94	356.73
2026-05-07T16:16:42.6600965+08:00	0x03	-0.0031	-0.0169	0.2781	0.9604	32.30	358.05	0.20
2026-05-07T16:16:42.6600965+08:00	0x07	0.3644	-0.5758	-0.4197	-0.5996	12.35	79.49	293.03
2026-05-07T16:16:42.6600965+08:00	0x02	0.0136	0.0016	-0.9588	0.2839	212.98	358.55	0.61
2026-05-07T16:16:42.6600965+08:00	0x04	-0.0062	-0.0245	-0.1829	0.9828	338.94	357.37	358.79
2026-05-07T16:16:42.6600965+08:00	0x06	0.7015	0.1101	-0.7041	-0.0107	170.14	269.52	8.05
2026-05-07T16:16:42.6600965+08:00	0x01	-0.0186	-0.0414	-0.2521	0.9666	330.88	355.94	356.74
2026-05-07T16:16:42.6600965+08:00	0x07	0.3646	-0.5757	-0.4192	-0.6000	12.28	79.49	293.06
2026-05-07T16:16:42.6600965+08:00	0x06	0.7013	0.1086	-0.7044	-0.0127	170.11	269.58	7.77
2026-05-07T16:16:42.6600965+08:00	0x04	-0.0062	-0.0245	-0.1829	0.9828	338.94	357.37	358.79
2026-05-07T16:16:42.6600965+08:00	0x08	-0.0088	-0.0283	0.0410	0.9987	4.73	356.72	359.13
2026-05-07T16:16:42.6600965+08:00	0x03	-0.0031	-0.0169	0.2781	0.9604	32.30	358.05	0.20
2026-05-07T16:16:42.6600965+08:00	0x07	0.3634	-0.5764	-0.4181	-0.6007	12.17	79.61	293.27
2026-05-07T16:16:42.6600965+08:00	0x02	0.0136	0.0016	-0.9588	0.2839	212.98	358.55	0.61
2026-05-07T16:16:42.6600965+08:00	0x04	-0.0062	-0.0245	-0.1829	0.9828	338.94	357.37	358.79
2026-05-07T16:16:42.6600965+08:00	0x01	-0.0186	-0.0414	-0.2521	0.9666	330.88	355.94	356.74
2026-05-07T16:16:42.6600965+08:00	0x07	0.3637	-0.5761	-0.4185	-0.6006	12.27	79.50	293.21
2026-05-07T16:16:42.6600965+08:00	0x06	0.7012	0.1078	-0.7046	-0.0150	169.99	269.62	7.53
2026-05-07T16:16:42.6600965+08:00	0x04	-0.0062	-0.0245	-0.1829	0.9828	338.94	357.37	358.79
2026-05-07T16:16:42.6600965+08:00	0x08	-0.0088	-0.0283	0.0410	0.9987	4.73	356.72	359.13
2026-05-07T16:16:42.6600965+08:00	0x01	-0.0186	-0.0414	-0.2521	0.9666	330.88	355.94	356.74
2026-05-07T16:16:42.6600965+08:00	0x03	-0.0030	-0.0169	0.2781	0.9604	32.30	358.05	0.21
2026-05-07T16:16:42.6600965+08:00	0x02	0.0136	0.0016	-0.9588	0.2839	212.98	358.55	0.61
2026-05-07T16:16:42.6611361+08:00	0x07	0.3653	-0.5744	-0.4205	-0.5999	12.61	79.13	292.88
2026-05-07T16:16:42.6611361+08:00	0x04	-0.0062	-0.0245	-0.1829	0.9828	338.94	357.37	358.79
2026-05-07T16:16:42.6611361+08:00	0x08	-0.0088	-0.0283	0.0410	0.9987	4.73	356.72	359.13
2026-05-07T16:16:42.6611361+08:00	0x03	-0.0030	-0.0169	0.2781	0.9604	32.30	358.05	0.21
2026-05-07T16:16:42.6611361+08:00	0x07	0.3671	-0.5730	-0.4224	-0.5988	12.83	78.90	292.54
2026-05-07T16:16:42.6611361+08:00	0x06	0.7005	0.1074	-0.7054	-0.0157	169.98	269.75	7.44
2026-05-07T16:16:42.6611361+08:00	0x04	-0.0062	-0.0245	-0.1829	0.9828	338.94	357.37	358.79
2026-05-07T16:16:42.6611361+08:00	0x01	-0.0186	-0.0414	-0.2521	0.9666	330.88	355.94	356.74
2026-05-07T16:16:42.6611361+08:00	0x05	-0.0025	0.0185	0.4263	0.9044	50.46	1.79	358.84
2026-05-07T16:16:42.6611361+08:00	0x07	0.3684	-0.5722	-0.4235	-0.5979	12.92	78.80	292.30
2026-05-07T16:16:42.6611361+08:00	0x06	0.7005	0.1071	-0.7054	-0.0162	169.96	269.74	7.37
2026-05-07T16:16:42.6611361+08:00	0x03	-0.0030	-0.0169	0.2781	0.9604	32.30	358.05	0.21
2026-05-07T16:16:42.6611361+08:00	0x04	-0.0062	-0.0245	-0.1829	0.9828	338.94	357.37	358.79
2026-05-07T16:16:42.6611361+08:00	0x05	-0.0025	0.0185	0.4263	0.9044	50.46	1.79	358.84
2026-05-07T16:16:42.6611361+08:00	0x03	-0.0031	-0.0169	0.2781	0.9604	32.30	358.04	0.20
2026-05-07T16:16:42.6611361+08:00	0x01	-0.0186	-0.0414	-0.2521	0.9666	330.88	355.94	356.74
2026-05-07T16:16:42.6611361+08:00	0x07	0.3699	-0.5710	-0.4251	-0.5970	13.13	78.58	292.01
2026-05-07T16:16:42.6611361+08:00	0x06	0.7005	0.1069	-0.7054	-0.0162	169.97	269.76	7.36
2026-05-07T16:16:42.6611361+08:00	0x04	-0.0062	-0.0245	-0.1829	0.9828	338.94	357.37	358.79
2026-05-07T16:16:42.6611361+08:00	0x01	-0.0187	-0.0414	-0.2521	0.9666	330.88	355.94	356.73
2026-05-07T16:16:42.6611361+08:00	0x08	-0.0088	-0.0283	0.0410	0.9987	4.73	356.72	359.13
2026-05-07T16:16:42.6611361+08:00	0x03	-0.0031	-0.0169	0.2781	0.9604	32.30	358.05	0.20
2026-05-07T16:16:42.6611361+08:00	0x07	0.3711	-0.5705	-0.4260	-0.5961	13.14	78.57	291.80
2026-05-07T16:16:42.6611361+08:00	0x02	0.0136	0.0016	-0.9588	0.2839	212.98	358.56	0.62
2026-05-07T16:16:42.6611361+08:00	0x04	-0.0062	-0.0244	-0.1829	0.9828	338.94	357.38	358.79
2026-05-07T16:16:42.6611361+08:00	0x08	-0.0088	-0.0283	0.0410	0.9987	4.73	356.72	359.13
2026-05-07T16:16:42.6611361+08:00	0x03	-0.0031	-0.0169	0.2781	0.9604	32.30	358.05	0.20
2026-05-07T16:16:42.6611361+08:00	0x01	-0.0187	-0.0414	-0.2521	0.9666	330.88	355.94	356.73
2026-05-07T16:16:42.6611361+08:00	0x07	0.3713	-0.5700	-0.4266	-0.5960	13.30	78.41	291.74
2026-05-07T16:16:42.6611361+08:00	0x02	0.0136	0.0016	-0.9588	0.2839	212.98	358.56	0.62
2026-05-07T16:16:42.6611361+08:00	0x04	-0.0062	-0.0244	-0.1829	0.9828	338.94	357.38	358.79
2026-05-07T16:16:42.6611361+08:00	0x01	-0.0187	-0.0414	-0.2521	0.9666	330.88	355.94	356.73
2026-05-07T16:16:42.6611361+08:00	0x06	0.7000	0.1066	-0.7059	-0.0167	169.97	269.84	7.31
2026-05-07T16:16:42.6611361+08:00	0x03	-0.0031	-0.0169	0.2781	0.9604	32.30	358.04	0.20
2026-05-07T16:16:42.6611361+08:00	0x07	0.3721	-0.5691	-0.4277	-0.5956	13.53	78.17	291.56
2026-05-07T16:16:42.6611361+08:00	0x02	0.0136	0.0016	-0.9588	0.2839	212.98	358.56	0.62
2026-05-07T16:16:42.6611361+08:00	0x04	-0.0062	-0.0244	-0.1829	0.9828	338.94	357.38	358.79
2026-05-07T16:16:42.6611361+08:00	0x01	-0.0187	-0.0414	-0.2521	0.9666	330.88	355.94	356.73
2026-05-07T16:16:42.6611361+08:00	0x06	0.7000	0.1066	-0.7059	-0.0167	169.97	269.84	7.31
2026-05-07T16:16:42.6611361+08:00	0x07	0.3733	-0.5686	-0.4274	-0.5956	13.36	78.21	291.46
2026-05-07T16:16:42.6611361+08:00	0x02	0.0136	0.0016	-0.9588	0.2839	212.98	358.56	0.62
2026-05-07T16:16:42.6611361+08:00	0x06	0.7002	0.1055	-0.7058	-0.0208	169.72	269.83	6.88
2026-05-07T16:16:42.6611361+08:00	0x04	-0.0062	-0.0244	-0.1829	0.9828	338.94	357.38	358.79
2026-05-07T16:16:42.6611361+08:00	0x01	-0.0187	-0.0415	-0.2521	0.9666	330.88	355.94	356.73
2026-05-07T16:16:42.6611361+08:00	0x03	-0.0031	-0.0169	0.2781	0.9604	32.30	358.04	0.20
2026-05-07T16:16:42.6611361+08:00	0x07	0.3750	-0.5673	-0.4282	-0.5952	13.45	78.02	291.23
2026-05-07T16:16:42.6611361+08:00	0x02	0.0136	0.0016	-0.9588	0.2839	212.98	358.55	0.61
2026-05-07T16:16:42.6611361+08:00	0x04	-0.0062	-0.0244	-0.1829	0.9828	338.94	357.38	358.79
2026-05-07T16:16:42.6611361+08:00	0x01	-0.0187	-0.0415	-0.2521	0.9666	330.88	355.94	356.73
2026-05-07T16:16:42.6611361+08:00	0x03	-0.0031	-0.0169	0.2781	0.9604	32.30	358.04	0.20
2026-05-07T16:16:42.6611361+08:00	0x07	0.3766	-0.5657	-0.4301	-0.5943	13.82	77.63	290.89
2026-05-07T16:16:42.6611361+08:00	0x02	0.0136	0.0016	-0.9588	0.2839	212.98	358.56	0.62
2026-05-07T16:16:42.6611361+08:00	0x04	-0.0062	-0.0244	-0.1829	0.9828	338.94	357.38	358.79
2026-05-07T16:16:42.6611361+08:00	0x01	-0.0187	-0.0414	-0.2521	0.9666	330.88	355.94	356.73
2026-05-07T16:16:42.6611361+08:00	0x07	0.3768	-0.5659	-0.4301	-0.5940	13.72	77.75	290.87
2026-05-07T16:16:42.6611361+08:00	0x02	0.0136	0.0016	-0.9588	0.2839	212.98	358.56	0.62
2026-05-07T16:16:42.6611361+08:00	0x04	-0.0062	-0.0244	-0.1829	0.9828	338.94	357.38	358.79
2026-05-07T16:16:42.6611361+08:00	0x01	-0.0186	-0.0414	-0.2521	0.9666	330.88	355.94	356.74
2026-05-07T16:16:42.6611361+08:00	0x08	-0.0088	-0.0283	0.0410	0.9987	4.73	356.72	359.13
2026-05-07T16:16:42.6621328+08:00	0x07	0.3759	-0.5660	-0.4299	-0.5947	13.86	77.62	291.00
2026-05-07T16:16:42.6621328+08:00	0x02	0.0136	0.0016	-0.9588	0.2839	212.98	358.56	0.62
2026-05-07T16:16:42.6621328+08:00	0x04	-0.0062	-0.0244	-0.1829	0.9828	338.94	357.38	358.79
2026-05-07T16:16:42.6621328+08:00	0x08	-0.0088	-0.0283	0.0410	0.9987	4.73	356.72	359.13
2026-05-07T16:16:42.6621328+08:00	0x03	-0.0031	-0.0169	0.2781	0.9604	32.30	358.05	0.20
2026-05-07T16:16:42.6621328+08:00	0x06	0.6988	0.1075	-0.7070	-0.0169	169.89	270.01	7.38
2026-05-07T16:16:42.6621328+08:00	0x04	-0.0062	-0.0244	-0.1829	0.9828	338.94	357.38	358.79
2026-05-07T16:16:42.6621328+08:00	0x01	-0.0186	-0.0414	-0.2521	0.9666	330.88	355.94	356.74
2026-05-07T16:16:42.6621328+08:00	0x03	-0.0031	-0.0169	0.2781	0.9604	32.30	358.05	0.20
2026-05-07T16:16:42.6621328+08:00	0x08	-0.0088	-0.0283	0.0410	0.9987	4.73	356.72	359.13
2026-05-07T16:16:42.6621328+08:00	0x06	0.6988	0.1075	-0.7070	-0.0171	169.88	270.02	7.36
2026-05-07T16:16:42.6621328+08:00	0x02	0.0136	0.0016	-0.9588	0.2839	212.98	358.56	0.61
2026-05-07T16:16:42.6621328+08:00	0x04	-0.0062	-0.0244	-0.1829	0.9828	338.94	357.38	358.79
2026-05-07T16:16:42.6621328+08:00	0x01	-0.0186	-0.0414	-0.2521	0.9666	330.88	355.94	356.74
2026-05-07T16:16:42.6621328+08:00	0x07	0.3746	-0.5667	-0.4291	-0.5953	13.82	77.69	291.20
2026-05-07T16:16:42.6621328+08:00	0x06	0.6984	0.1072	-0.7074	-0.0169	169.92	270.09	7.35
2026-05-07T16:16:42.6621328+08:00	0x01	-0.0187	-0.0415	-0.2521	0.9666	330.88	355.94	356.73
2026-05-07T16:16:42.6621328+08:00	0x03	-0.0031	-0.0169	0.2781	0.9604	32.30	358.05	0.20
2026-05-07T16:16:42.6621328+08:00	0x07	0.3749	-0.5665	-0.4296	-0.5950	13.89	77.64	291.13
2026-05-07T16:16:42.6621328+08:00	0x06	0.6984	0.1063	-0.7075	-0.0182	169.89	270.11	7.18
2026-05-07T16:16:42.6621328+08:00	0x02	0.0136	0.0016	-0.9588	0.2839	212.98	358.55	0.61
2026-05-07T16:16:42.6621328+08:00	0x03	-0.0031	-0.0169	0.2781	0.9604	32.30	358.05	0.20
2026-05-07T16:16:42.6621328+08:00	0x07	0.3744	-0.5666	-0.4294	-0.5953	13.93	77.60	291.18
2026-05-07T16:16:42.6621328+08:00	0x06	0.6984	0.1064	-0.7075	-0.0185	169.85	270.11	7.17
2026-05-07T16:16:42.6621328+08:00	0x01	-0.0187	-0.0414	-0.2521	0.9666	330.88	355.94	356.73
2026-05-07T16:16:42.6621328+08:00	0x03	-0.0031	-0.0169	0.2781	0.9604	32.30	358.05	0.20
2026-05-07T16:16:42.6621328+08:00	0x07	0.3750	-0.5661	-0.4301	-0.5950	14.04	77.49	291.08
2026-05-07T16:16:42.6621328+08:00	0x08	-0.0088	-0.0283	0.0410	0.9987	4.73	356.72	359.13
2026-05-07T16:16:42.6621328+08:00	0x06	0.6981	0.1064	-0.7078	-0.0180	169.90	270.15	7.21
2026-05-07T16:16:42.6621328+08:00	0x02	0.0136	0.0016	-0.9588	0.2839	212.98	358.56	0.61
2026-05-07T16:16:42.6621328+08:00	0x03	-0.0031	-0.0169	0.2781	0.9604	32.30	358.04	0.20
2026-05-07T16:16:42.6621328+08:00	0x08	-0.0088	-0.0283	0.0410	0.9987	4.73	356.72	359.13
2026-05-07T16:16:42.6621328+08:00	0x06	0.6975	0.1083	-0.7081	-0.0159	169.92	270.20	7.54
2026-05-07T16:16:42.6621328+08:00	0x04	-0.0062	-0.0245	-0.1829	0.9828	338.94	357.37	358.79
2026-05-07T16:16:42.6621328+08:00	0x01	-0.0187	-0.0415	-0.2521	0.9666	330.88	355.94	356.73
2026-05-07T16:16:42.6621328+08:00	0x03	-0.0030	-0.0169	0.2781	0.9604	32.30	358.05	0.21
2026-05-07T16:16:42.6621328+08:00	0x07	0.3753	-0.5654	-0.4310	-0.5947	14.29	77.25	290.96
2026-05-07T16:16:42.6621328+08:00	0x06	0.6973	0.1072	-0.7085	-0.0167	169.95	270.26	7.39
2026-05-07T16:16:42.6621328+08:00	0x04	-0.0062	-0.0245	-0.1829	0.9828	338.94	357.37	358.79
2026-05-07T16:16:42.6621328+08:00	0x02	0.0136	0.0016	-0.9588	0.2839	212.98	358.56	0.61
2026-05-07T16:16:42.6621328+08:00	0x07	0.3751	-0.5655	-0.4310	-0.5948	14.30	77.25	290.99
2026-05-07T16:16:42.6621328+08:00	0x06	0.6976	0.1069	-0.7083	-0.0164	169.99	270.23	7.39
2026-05-07T16:16:42.6621328+08:00	0x04	-0.0062	-0.0244	-0.1829	0.9828	338.94	357.38	358.79
2026-05-07T16:16:42.6621328+08:00	0x01	-0.0187	-0.0414	-0.2521	0.9666	330.88	355.94	356.73
2026-05-07T16:16:42.6621328+08:00	0x03	-0.0030	-0.0169	0.2781	0.9604	32.30	358.04	0.21
2026-05-07T16:16:42.6621328+08:00	0x07	0.3741	-0.5663	-0.4301	-0.5953	14.16	77.41	291.16
2026-05-07T16:16:42.6621328+08:00	0x06	0.6974	0.1070	-0.7084	-0.0162	170.00	270.25	7.41
2026-05-07T16:16:42.6621328+08:00	0x01	-0.0187	-0.0414	-0.2521	0.9666	330.88	355.94	356.73
2026-05-07T16:16:42.6621328+08:00	0x04	-0.0062	-0.0244	-0.1829	0.9828	338.94	357.38	358.79
2026-05-07T16:16:42.6621328+08:00	0x02	0.0136	0.0016	-0.9588	0.2839	212.98	358.56	0.61
2026-05-07T16:16:42.6621328+08:00	0x03	-0.0030	-0.0169	0.2781	0.9604	32.30	358.04	0.21
2026-05-07T16:16:42.6621328+08:00	0x08	-0.0088	-0.0283	0.0410	0.9987	4.73	356.72	359.13
2026-05-07T16:16:42.6621328+08:00	0x07	0.3736	-0.5669	-0.4295	-0.5955	14.05	77.54	291.27
2026-05-07T16:16:42.6621328+08:00	0x06	0.6976	0.1073	-0.7082	-0.0161	169.98	270.21	7.44
2026-05-07T16:16:42.6621328+08:00	0x04	-0.0062	-0.0245	-0.1829	0.9828	338.94	357.37	358.79
2026-05-07T16:16:42.6621328+08:00	0x01	-0.0186	-0.0414	-0.2521	0.9666	330.88	355.94	356.74
2026-05-07T16:16:42.6621328+08:00	0x05	-0.0026	0.0184	0.4263	0.9044	50.46	1.79	358.83
2026-05-07T16:16:42.6621328+08:00	0x03	-0.0030	-0.0169	0.2781	0.9604	32.30	358.04	0.21
2026-05-07T16:16:42.6621328+08:00	0x07	0.3743	-0.5663	-0.4303	-0.5950	14.14	77.45	291.12
2026-05-07T16:16:42.6621328+08:00	0x06	0.6974	0.1076	-0.7083	-0.0156	170.00	270.23	7.51
2026-05-07T16:16:42.6621328+08:00	0x01	-0.0186	-0.0414	-0.2521	0.9666	330.88	355.94	356.74
2026-05-07T16:16:42.6621328+08:00	0x02	0.0136	0.0016	-0.9588	0.2839	212.98	358.55	0.61
2026-05-07T16:16:42.6631182+08:00	0x03	-0.0031	-0.0169	0.2781	0.9604	32.30	358.04	0.20
2026-05-07T16:16:42.6631182+08:00	0x07	0.3739	-0.5663	-0.4303	-0.5952	14.24	77.36	291.17
2026-05-07T16:16:42.6631182+08:00	0x06	0.6972	0.1081	-0.7085	-0.0148	170.02	270.26	7.62
2026-05-07T16:16:42.6631182+08:00	0x01	-0.0186	-0.0414	-0.2521	0.9666	330.88	355.94	356.74
2026-05-07T16:16:42.6631182+08:00	0x02	0.0136	0.0016	-0.9588	0.2839	212.98	358.55	0.61
2026-05-07T16:16:42.6631182+08:00	0x03	-0.0031	-0.0169	0.2781	0.9604	32.30	358.04	0.20
2026-05-07T16:16:42.6631182+08:00	0x06	0.6972	0.1081	-0.7085	-0.0152	169.99	270.26	7.58
2026-05-07T16:16:42.6631182+08:00	0x07	0.3733	-0.5666	-0.4300	-0.5956	14.23	77.38	291.26
2026-05-07T16:16:42.6631182+08:00	0x04	-0.0062	-0.0245	-0.1829	0.9828	338.94	357.37	358.79
2026-05-07T16:16:42.6631182+08:00	0x01	-0.0186	-0.0414	-0.2521	0.9666	330.88	355.94	356.74
2026-05-07T16:16:42.6631182+08:00	0x02	0.0136	0.0016	-0.9588	0.2839	212.98	358.55	0.61
2026-05-07T16:16:42.6631182+08:00	0x03	-0.0030	-0.0169	0.2781	0.9604	32.30	358.05	0.21
2026-05-07T16:16:42.6631182+08:00	0x08	-0.0088	-0.0283	0.0410	0.9987	4.73	356.72	359.13
2026-05-07T16:16:42.6631182+08:00	0x07	0.3733	-0.5665	-0.4302	-0.5956	14.30	77.32	291.25
2026-05-07T16:16:42.6631182+08:00	0x04	-0.0062	-0.0245	-0.1829	0.9828	338.94	357.37	358.79
2026-05-07T16:16:42.6631182+08:00	0x01	-0.0186	-0.0415	-0.2521	0.9666	330.88	355.93	356.73
2026-05-07T16:16:42.6631182+08:00	0x02	0.0136	0.0016	-0.9588	0.2839	212.98	358.55	0.61
2026-05-07T16:16:42.6631182+08:00	0x03	-0.0030	-0.0169	0.2781	0.9604	32.30	358.05	0.21
2026-05-07T16:16:42.6631182+08:00	0x07	0.3750	-0.5652	-0.4319	-0.5944	14.53	77.08	290.92
2026-05-07T16:16:42.6631182+08:00	0x06	0.6969	0.1086	-0.7087	-0.0148	169.99	270.29	7.66
2026-05-07T16:16:42.6631182+08:00	0x08	-0.0088	-0.0283	0.0410	0.9987	4.73	356.72	359.13
2026-05-07T16:16:42.6631182+08:00	0x04	-0.0062	-0.0245	-0.1829	0.9828	338.94	357.37	358.79
2026-05-07T16:16:42.6631182+08:00	0x02	0.0136	0.0016	-0.9588	0.2839	212.98	358.56	0.61
2026-05-07T16:16:42.6631182+08:00	0x03	-0.0030	-0.0169	0.2781	0.9604	32.30	358.05	0.21
2026-05-07T16:16:42.6631182+08:00	0x07	0.3755	-0.5650	-0.4323	-0.5940	14.53	77.10	290.82
2026-05-07T16:16:42.6631182+08:00	0x08	-0.0088	-0.0283	0.0410	0.9987	4.73	356.72	359.13
2026-05-07T16:16:42.6631182+08:00	0x04	-0.0062	-0.0245	-0.1829	0.9828	338.94	357.37	358.79
2026-05-07T16:16:42.6631182+08:00	0x01	-0.0186	-0.0414	-0.2521	0.9666	330.88	355.94	356.74
2026-05-07T16:16:42.6631182+08:00	0x05	-0.0025	0.0185	0.4263	0.9044	50.46	1.79	358.83
2026-05-07T16:16:42.6631182+08:00	0x03	-0.0031	-0.0169	0.2781	0.9604	32.30	358.05	0.20
2026-05-07T16:16:42.6631182+08:00	0x07	0.3770	-0.5641	-0.4337	-0.5930	14.68	76.93	290.56
2026-05-07T16:16:42.6631182+08:00	0x06	0.6969	0.1092	-0.7086	-0.0149	169.93	270.27	7.70
2026-05-07T16:16:42.6631182+08:00	0x08	-0.0088	-0.0283	0.0410	0.9987	4.72	356.72	359.13
2026-05-07T16:16:42.6631182+08:00	0x04	-0.0062	-0.0245	-0.1829	0.9828	338.94	357.37	358.79
2026-05-07T16:16:42.6631182+08:00	0x01	-0.0186	-0.0415	-0.2521	0.9666	330.88	355.93	356.73
2026-05-07T16:16:42.6631182+08:00	0x02	0.0136	0.0016	-0.9588	0.2839	212.98	358.55	0.61
2026-05-07T16:16:42.6631182+08:00	0x03	-0.0031	-0.0169	0.2781	0.9604	32.30	358.05	0.20
2026-05-07T16:16:42.6631182+08:00	0x07	0.3781	-0.5630	-0.4350	-0.5924	14.94	76.66	290.33
2026-05-07T16:16:42.6631182+08:00	0x06	0.6964	0.1085	-0.7092	-0.0157	169.92	270.37	7.59
2026-05-07T16:16:42.6631182+08:00	0x04	-0.0062	-0.0245	-0.1829	0.9828	338.94	357.37	358.79
2026-05-07T16:16:42.6631182+08:00	0x01	-0.0186	-0.0414	-0.2521	0.9666	330.88	355.94	356.74
2026-05-07T16:16:42.6631182+08:00	0x03	-0.0031	-0.0169	0.2781	0.9604	32.30	358.05	0.20
2026-05-07T16:16:42.6631182+08:00	0x02	0.0136	0.0016	-0.9588	0.2839	212.98	358.55	0.61
2026-05-07T16:16:42.6631182+08:00	0x07	0.3783	-0.5620	-0.4360	-0.5924	15.30	76.29	290.24
2026-05-07T16:16:42.6631182+08:00	0x04	-0.0062	-0.0244	-0.1829	0.9828	338.94	357.38	358.79
2026-05-07T16:16:42.6631182+08:00	0x01	-0.0186	-0.0414	-0.2521	0.9666	330.88	355.94	356.74
2026-05-07T16:16:42.6631182+08:00	0x02	0.0136	0.0016	-0.9588	0.2839	212.98	358.55	0.61
2026-05-07T16:16:42.6631182+08:00	0x03	-0.0030	-0.0169	0.2781	0.9604	32.30	358.05	0.21
2026-05-07T16:16:42.6631182+08:00	0x06	0.7019	0.1119	-0.7034	-0.0058	170.38	269.40	8.58
2026-05-07T16:16:42.6631182+08:00	0x08	-0.0088	-0.0283	0.0410	0.9987	4.73	356.72	359.13
2026-05-07T16:16:42.6631182+08:00	0x04	-0.0062	-0.0244	-0.1829	0.9828	338.94	357.38	358.79
2026-05-07T16:16:42.6631182+08:00	0x01	-0.0187	-0.0414	-0.2521	0.9666	330.88	355.94	356.73
2026-05-07T16:16:42.6631182+08:00	0x02	0.0136	0.0016	-0.9588	0.2839	212.98	358.55	0.61
2026-05-07T16:16:42.6631182+08:00	0x07	0.3758	-0.5662	-0.4320	-0.5929	14.13	77.59	290.80
2026-05-07T16:16:42.6631182+08:00	0x03	-0.0031	-0.0169	0.2781	0.9604	32.30	358.05	0.20
2026-05-07T16:16:42.6631182+08:00	0x08	-0.0088	-0.0283	0.0410	0.9987	4.73	356.72	359.13
2026-05-07T16:16:42.6631182+08:00	0x01	-0.0187	-0.0414	-0.2521	0.9666	330.88	355.94	356.73
2026-05-07T16:16:42.6631182+08:00	0x05	-0.0026	0.0185	0.4263	0.9044	50.46	1.79	358.83
2026-05-07T16:16:42.6631182+08:00	0x02	0.0136	0.0016	-0.9588	0.2839	212.98	358.55	0.61
2026-05-07T16:16:42.6631182+08:00	0x06	0.6444	0.1083	-0.7568	-0.0168	170.41	278.49	8.18
2026-05-07T16:16:42.6641295+08:00	0x07	0.3571	-0.5695	-0.4167	-0.6120	14.56	76.44	294.26
2026-05-07T16:16:42.6641295+08:00	0x01	-0.0186	-0.0414	-0.2521	0.9666	330.88	355.94	356.74
2026-05-07T16:16:42.6641295+08:00	0x02	0.0136	0.0016	-0.9588	0.2839	212.98	358.55	0.61
2026-05-07T16:16:42.6641295+08:00	0x06	0.6686	0.1338	-0.7314	-0.0117	168.51	274.08	10.37
2026-05-07T16:16:42.6641295+08:00	0x01	-0.0186	-0.0414	-0.2521	0.9666	330.88	355.94	356.74
2026-05-07T16:16:42.6641295+08:00	0x04	-0.0062	-0.0244	-0.1829	0.9828	338.94	357.38	358.79
2026-05-07T16:16:42.6641295+08:00	0x02	0.0136	0.0016	-0.9588	0.2839	212.98	358.55	0.61
2026-05-07T16:16:42.6641295+08:00	0x07	0.5167	-0.4012	-0.5550	-0.5138	133.94	311.78	282.49
2026-05-07T16:16:42.6641295+08:00	0x06	0.6905	0.1289	-0.7105	-0.0428	166.07	270.76	7.12
2026-05-07T16:16:42.6641295+08:00	0x08	-0.0088	-0.0283	0.0410	0.9987	4.73	356.72	359.13
2026-05-07T16:16:42.6641295+08:00	0x02	0.0136	0.0016	-0.9588	0.2839	212.98	358.55	0.61
2026-05-07T16:16:42.6641295+08:00	0x07	0.5651	-0.3415	-0.6066	-0.4428	158.01	288.49	293.82
2026-05-07T16:16:42.6641295+08:00	0x03	-0.0030	-0.0169	0.2781	0.9604	32.30	358.05	0.21
2026-05-07T16:16:42.6641295+08:00	0x08	-0.0088	-0.0283	0.0410	0.9987	4.73	356.72	359.13
2026-05-07T16:16:42.6641295+08:00	0x01	-0.0186	-0.0414	-0.2521	0.9666	330.88	355.94	356.74
2026-05-07T16:16:42.6641295+08:00	0x04	-0.0062	-0.0244	-0.1829	0.9828	338.94	357.38	358.79
2026-05-07T16:16:42.6641295+08:00	0x05	-0.0025	0.0185	0.4263	0.9044	50.46	1.79	358.83
2026-05-07T16:16:42.6641295+08:00	0x02	0.0136	0.0016	-0.9588	0.2839	212.98	358.55	0.61
2026-05-07T16:16:42.6641295+08:00	0x07	0.5638	-0.3434	-0.6051	-0.4451	157.63	288.84	293.45
2026-05-07T16:16:42.6641295+08:00	0x03	-0.0030	-0.0169	0.2781	0.9604	32.30	358.05	0.21
2026-05-07T16:16:42.6641295+08:00	0x08	-0.0088	-0.0283	0.0410	0.9987	4.73	356.72	359.13
2026-05-07T16:16:42.6641295+08:00	0x01	-0.0186	-0.0414	-0.2521	0.9666	330.88	355.94	356.74
2026-05-07T16:16:42.6641295+08:00	0x02	0.0136	0.0016	-0.9588	0.2839	212.98	358.55	0.61
2026-05-07T16:16:42.6641295+08:00	0x07	0.6057	-0.2910	-0.6444	-0.3649	168.21	279.68	305.21
2026-05-07T16:16:42.6641295+08:00	0x03	-0.0030	-0.0169	0.2781	0.9604	32.30	358.05	0.21
2026-05-07T16:16:42.6641295+08:00	0x08	-0.0088	-0.0283	0.0410	0.9987	4.73	356.72	359.13
2026-05-07T16:16:42.6641295+08:00	0x01	-0.0186	-0.0414	-0.2521	0.9666	330.88	355.94	356.74
2026-05-07T16:16:42.6641295+08:00	0x04	-0.0062	-0.0244	-0.1829	0.9828	338.94	357.38	358.79
2026-05-07T16:16:42.6641295+08:00	0x02	0.0136	0.0016	-0.9588	0.2839	212.98	358.55	0.61
2026-05-07T16:16:42.6641295+08:00	0x06	0.7301	0.0585	-0.6742	-0.0949	167.66	265.81	356.58
2026-05-07T16:16:42.6641295+08:00	0x03	-0.0030	-0.0169	0.2781	0.9604	32.30	358.05	0.21
2026-05-07T16:16:42.6641295+08:00	0x01	-0.0186	-0.0414	-0.2521	0.9666	330.88	355.94	356.74
2026-05-07T16:16:42.6641295+08:00	0x04	-0.0062	-0.0244	-0.1829	0.9828	338.94	357.38	358.79
2026-05-07T16:16:42.6641295+08:00	0x06	0.7545	0.0817	-0.6493	-0.0493	169.19	261.26	1.81
2026-05-07T16:16:42.6641295+08:00	0x07	0.6557	-0.2703	-0.6331	-0.3100	176.72	269.47	311.51
2026-05-07T16:16:42.6641295+08:00	0x08	-0.0088	-0.0283	0.0410	0.9987	4.73	356.72	359.13
2026-05-07T16:16:42.6641295+08:00	0x01	-0.0186	-0.0415	-0.2521	0.9666	330.88	355.93	356.73
2026-05-07T16:16:42.6641295+08:00	0x05	-0.0025	0.0185	0.4263	0.9044	50.46	1.79	358.83
2026-05-07T16:16:42.6641295+08:00	0x03	-0.0031	-0.0169	0.2781	0.9604	32.30	358.05	0.20
2026-05-07T16:16:42.6641295+08:00	0x06	0.7396	0.1379	-0.6580	0.0331	170.52	262.21	13.32
2026-05-07T16:16:42.6641295+08:00	0x08	-0.0088	-0.0283	0.0410	0.9987	4.73	356.72	359.13
2026-05-07T16:16:42.6641295+08:00	0x01	-0.0186	-0.0415	-0.2521	0.9666	330.88	355.93	356.73
2026-05-07T16:16:42.6641295+08:00	0x04	-0.0062	-0.0244	-0.1829	0.9828	338.94	357.38	358.79
2026-05-07T16:16:42.6641295+08:00	0x06	0.7455	0.1368	-0.6512	0.0378	170.84	261.18	13.57
2026-05-07T16:16:42.6641295+08:00	0x03	-0.0031	-0.0169	0.2781	0.9604	32.30	358.05	0.20
2026-05-07T16:16:42.6641295+08:00	0x08	-0.0088	-0.0283	0.0410	0.9987	4.73	356.72	359.13
2026-05-07T16:16:42.6641295+08:00	0x01	-0.0186	-0.0414	-0.2521	0.9666	330.88	355.94	356.74
2026-05-07T16:16:42.6641295+08:00	0x04	-0.0062	-0.0244	-0.1829	0.9828	338.94	357.38	358.79
2026-05-07T16:16:42.6641295+08:00	0x02	0.0136	0.0016	-0.9588	0.2839	212.98	358.55	0.61
2026-05-07T16:16:42.6641295+08:00	0x07	0.6543	-0.2710	-0.6335	-0.3117	176.50	269.74	311.31
2026-05-07T16:16:42.6641295+08:00	0x06	0.7496	0.1499	-0.6427	0.0506	170.46	259.92	15.58
2026-05-07T16:16:42.6641295+08:00	0x08	-0.0088	-0.0283	0.0410	0.9987	4.72	356.72	359.13
2026-05-07T16:16:42.6641295+08:00	0x01	-0.0186	-0.0414	-0.2521	0.9666	330.88	355.94	356.74
2026-05-07T16:16:42.6641295+08:00	0x04	-0.0062	-0.0244	-0.1829	0.9828	338.94	357.38	358.79
2026-05-07T16:16:42.6641295+08:00	0x02	0.0136	0.0016	-0.9588	0.2839	212.98	358.56	0.62
2026-05-07T16:16:42.6641295+08:00	0x07	0.7082	0.1077	-0.6867	0.1234	181.03	268.40	18.83
2026-05-07T16:16:42.6641295+08:00	0x06	0.7429	0.1688	-0.6439	0.0698	170.21	260.22	18.73
2026-05-07T16:16:42.6641295+08:00	0x08	-0.0088	-0.0283	0.0410	0.9987	4.72	356.72	359.13
2026-05-07T16:16:42.6641295+08:00	0x01	-0.0186	-0.0414	-0.2521	0.9666	330.88	355.94	356.74
2026-05-07T16:16:42.6641295+08:00	0x04	-0.0062	-0.0244	-0.1829	0.9828	338.94	357.38	358.79
2026-05-07T16:16:42.6641295+08:00	0x02	0.0136	0.0016	-0.9588	0.2839	212.98	358.56	0.62
2026-05-07T16:16:42.6641295+08:00	0x06	0.7427	0.1776	-0.6413	0.0751	169.75	259.83	19.83
2026-05-07T16:16:42.6651250+08:00	0x03	-0.0030	-0.0169	0.2781	0.9604	32.30	358.05	0.21
2026-05-07T16:16:42.6651250+08:00	0x07	0.6846	0.2092	-0.6602	0.2274	180.98	268.24	35.99
2026-05-07T16:16:42.6651250+08:00	0x08	-0.0088	-0.0283	0.0410	0.9987	4.73	356.72	359.13
2026-05-07T16:16:42.6651250+08:00	0x01	-0.0187	-0.0414	-0.2521	0.9666	330.88	355.94	356.73
2026-05-07T16:16:42.6651250+08:00	0x04	-0.0062	-0.0244	-0.1829	0.9828	338.94	357.38	358.79
2026-05-07T16:16:42.6651250+08:00	0x02	0.0136	0.0016	-0.9588	0.2839	212.98	358.56	0.62
2026-05-07T16:16:42.6651250+08:00	0x05	-0.0026	0.0185	0.4263	0.9044	50.46	1.79	358.83
2026-05-07T16:16:42.6651250+08:00	0x03	-0.0031	-0.0169	0.2781	0.9604	32.30	358.04	0.20
2026-05-07T16:16:42.6651250+08:00	0x07	0.6519	0.2933	-0.6271	0.3095	180.52	268.02	50.47
2026-05-07T16:16:42.6651250+08:00	0x08	-0.0088	-0.0283	0.0410	0.9987	4.73	356.72	359.13
2026-05-07T16:16:42.6651250+08:00	0x04	-0.0062	-0.0244	-0.1829	0.9828	338.94	357.38	358.79
2026-05-07T16:16:42.6651250+08:00	0x02	0.0136	0.0016	-0.9588	0.2839	212.98	358.55	0.61
2026-05-07T16:16:42.6651250+08:00	0x07	0.6172	0.3524	-0.5980	0.3705	180.97	268.77	61.50
2026-05-07T16:16:42.6651250+08:00	0x06	0.7319	0.1907	-0.6482	0.0881	169.75	261.05	22.10
2026-05-07T16:16:42.6651250+08:00	0x03	-0.0031	-0.0169	0.2781	0.9604	32.30	358.05	0.20
2026-05-07T16:16:42.6651250+08:00	0x08	-0.0088	-0.0283	0.0410	0.9987	4.73	356.72	359.13
2026-05-07T16:16:42.6651250+08:00	0x04	-0.0062	-0.0244	-0.1829	0.9828	338.94	357.38	358.79
2026-05-07T16:16:42.6651250+08:00	0x02	0.0136	0.0016	-0.9588	0.2839	212.98	358.55	0.61
2026-05-07T16:16:42.6651250+08:00	0x07	0.5920	0.4021	-0.5651	0.4106	177.98	265.92	70.14
2026-05-07T16:16:42.6651250+08:00	0x06	0.7346	0.1966	-0.6428	0.0925	169.38	260.22	22.87
2026-05-07T16:16:42.6651250+08:00	0x01	-0.0186	-0.0414	-0.2521	0.9666	330.88	355.94	356.74
2026-05-07T16:16:42.6651250+08:00	0x08	-0.0088	-0.0283	0.0410	0.9987	4.73	356.72	359.13
2026-05-07T16:16:42.6651250+08:00	0x04	-0.0062	-0.0244	-0.1829	0.9828	338.94	357.38	358.79
2026-05-07T16:16:42.6651250+08:00	0x02	0.0136	0.0016	-0.9588	0.2839	212.98	358.55	0.61
2026-05-07T16:16:42.6651250+08:00	0x07	0.5715	0.4280	-0.5445	0.4401	177.69	265.43	75.73
2026-05-07T16:16:42.6651250+08:00	0x06	0.7318	0.2008	-0.6440	0.0970	169.38	260.47	23.61
2026-05-07T16:16:42.6651250+08:00	0x08	-0.0088	-0.0283	0.0410	0.9987	4.73	356.72	359.13
2026-05-07T16:16:42.6651250+08:00	0x01	-0.0186	-0.0414	-0.2521	0.9666	330.88	355.94	356.74
2026-05-07T16:16:42.6651250+08:00	0x04	-0.0062	-0.0244	-0.1829	0.9828	338.94	357.38	358.79
2026-05-07T16:16:42.6651250+08:00	0x07	0.5573	0.4497	-0.5271	0.4576	173.94	261.75	79.76
2026-05-07T16:16:42.6651250+08:00	0x02	0.0136	0.0016	-0.9588	0.2839	212.98	358.55	0.61
2026-05-07T16:16:42.6651250+08:00	0x08	-0.0088	-0.0283	0.0410	0.9987	4.72	356.72	359.13
2026-05-07T16:16:42.6651250+08:00	0x01	-0.0186	-0.0414	-0.2521	0.9666	330.88	355.94	356.74
2026-05-07T16:16:42.6651250+08:00	0x04	-0.0062	-0.0244	-0.1829	0.9828	338.94	357.38	358.79
2026-05-07T16:16:42.6651250+08:00	0x02	0.0136	0.0016	-0.9588	0.2839	212.98	358.55	0.62
2026-05-07T16:16:42.6651250+08:00	0x03	-0.0031	-0.0168	0.2781	0.9604	32.30	358.05	0.20
2026-05-07T16:16:42.6651250+08:00	0x08	-0.0088	-0.0283	0.0410	0.9987	4.73	356.72	359.13
2026-05-07T16:16:42.6651250+08:00	0x01	-0.0186	-0.0414	-0.2521	0.9666	330.88	355.94	356.74
2026-05-07T16:16:42.6651250+08:00	0x04	-0.0062	-0.0244	-0.1829	0.9828	338.94	357.38	358.79
2026-05-07T16:16:42.6651250+08:00	0x02	0.0136	0.0016	-0.9588	0.2839	212.98	358.55	0.62
2026-05-07T16:16:42.6651250+08:00	0x07	0.5434	0.4680	-0.5119	0.4729	167.94	255.85	83.27
2026-05-07T16:16:42.6651250+08:00	0x06	0.7352	0.2017	-0.6404	0.0930	168.86	259.81	23.28
2026-05-07T16:16:42.6651250+08:00	0x03	-0.0031	-0.0169	0.2781	0.9604	32.30	358.05	0.20
2026-05-07T16:16:42.6651250+08:00	0x08	-0.0088	-0.0283	0.0410	0.9987	4.73	356.72	359.13
2026-05-07T16:16:42.6651250+08:00	0x01	-0.0186	-0.0414	-0.2521	0.9666	330.88	355.94	356.74
2026-05-07T16:16:42.6651250+08:00	0x02	0.0136	0.0016	-0.9588	0.2839	212.98	358.55	0.62
2026-05-07T16:16:42.6651250+08:00	0x07	0.5122	0.5056	-0.4802	0.5015	68.71	157.11	87.76
2026-05-07T16:16:42.6651250+08:00	0x03	-0.0030	-0.0169	0.2781	0.9604	32.30	358.05	0.21
2026-05-07T16:16:42.6651250+08:00	0x08	-0.0088	-0.0283	0.0410	0.9987	4.73	356.72	359.13
2026-05-07T16:16:42.6651250+08:00	0x04	-0.0062	-0.0244	-0.1829	0.9828	338.94	357.38	358.79
2026-05-07T16:16:42.6651250+08:00	0x01	-0.0186	-0.0414	-0.2521	0.9666	330.88	355.94	356.74
2026-05-07T16:16:42.6651250+08:00	0x02	0.0136	0.0016	-0.9588	0.2839	212.98	358.55	0.62
2026-05-07T16:16:42.6651250+08:00	0x07	0.4898	0.5215	-0.4683	0.5184	17.27	106.21	85.10
2026-05-07T16:16:42.6651250+08:00	0x06	0.7348	0.1950	-0.6450	0.0777	168.45	260.36	21.45
2026-05-07T16:16:42.6651250+08:00	0x01	-0.0186	-0.0414	-0.2521	0.9666	330.88	355.94	356.74
2026-05-07T16:16:42.6651250+08:00	0x04	-0.0062	-0.0244	-0.1829	0.9828	338.94	357.38	358.79
2026-05-07T16:16:42.6651250+08:00	0x02	0.0136	0.0016	-0.9588	0.2839	212.98	358.55	0.61
2026-05-07T16:16:42.6651250+08:00	0x03	-0.0030	-0.0169	0.2781	0.9604	32.30	358.05	0.21
2026-05-07T16:16:42.6651250+08:00	0x06	0.7443	0.1919	-0.6363	0.0656	167.58	258.86	19.99
2026-05-07T16:16:42.6651250+08:00	0x07	0.4820	0.5276	-0.4673	0.5204	12.75	102.32	84.21
2026-05-07T16:16:42.6651250+08:00	0x01	-0.0186	-0.0414	-0.2521	0.9666	330.88	355.94	356.74
2026-05-07T16:16:42.6651250+08:00	0x04	-0.0062	-0.0244	-0.1829	0.9828	338.94	357.38	358.79
2026-05-07T16:16:42.6651250+08:00	0x02	0.0136	0.0016	-0.9588	0.2839	212.98	358.55	0.62
2026-05-07T16:16:42.6661251+08:00	0x06	0.7436	0.1889	-0.6380	0.0658	167.92	259.14	19.81
2026-05-07T16:16:42.6661251+08:00	0x03	-0.0030	-0.0169	0.2781	0.9604	32.30	358.05	0.21
2026-05-07T16:16:42.6661251+08:00	0x07	0.4770	0.5379	-0.4590	0.5220	15.37	105.25	82.63
2026-05-07T16:16:42.6661251+08:00	0x04	-0.0062	-0.0244	-0.1829	0.9828	338.94	357.38	358.79
2026-05-07T16:16:42.6661251+08:00	0x01	-0.0186	-0.0414	-0.2521	0.9666	330.88	355.94	356.74
2026-05-07T16:16:42.6661251+08:00	0x08	-0.0088	-0.0283	0.0410	0.9987	4.73	356.72	359.13
2026-05-07T16:16:42.6661251+08:00	0x03	-0.0030	-0.0168	0.2781	0.9604	32.30	358.05	0.20
2026-05-07T16:16:42.6661251+08:00	0x07	0.4689	0.5512	-0.4445	0.5279	16.08	106.02	80.11
2026-05-07T16:16:42.6661251+08:00	0x08	-0.0088	-0.0283	0.0410	0.9987	4.73	356.72	359.13
2026-05-07T16:16:42.6661251+08:00	0x04	-0.0062	-0.0244	-0.1829	0.9828	338.94	357.38	358.79
2026-05-07T16:16:42.6661251+08:00	0x02	0.0136	0.0016	-0.9588	0.2839	212.98	358.55	0.61
2026-05-07T16:16:42.6661251+08:00	0x06	0.7431	0.1894	-0.6379	0.0716	168.30	259.18	20.36
2026-05-07T16:16:42.6661251+08:00	0x08	-0.0088	-0.0283	0.0410	0.9987	4.72	356.72	359.13
2026-05-07T16:16:42.6661251+08:00	0x04	-0.0062	-0.0244	-0.1829	0.9828	338.94	357.38	358.79
2026-05-07T16:16:42.6661251+08:00	0x07	0.4590	0.5590	-0.4336	0.5374	13.09	102.87	78.00
2026-05-07T16:16:42.6661251+08:00	0x02	0.0136	0.0016	-0.9588	0.2839	212.98	358.55	0.61
2026-05-07T16:16:42.6661251+08:00	0x01	-0.0186	-0.0414	-0.2521	0.9666	330.88	355.94	356.74
2026-05-07T16:16:42.6661251+08:00	0x03	-0.0031	-0.0168	0.2781	0.9604	32.30	358.05	0.20
2026-05-07T16:16:42.6661251+08:00	0x07	0.4519	0.5657	-0.4252	0.5431	12.12	101.88	76.40
2026-05-07T16:16:42.6661251+08:00	0x08	-0.0088	-0.0283	0.0410	0.9987	4.72	356.72	359.13
2026-05-07T16:16:42.6661251+08:00	0x01	-0.0187	-0.0414	-0.2521	0.9666	330.88	355.94	356.73
2026-05-07T16:16:42.6661251+08:00	0x02	0.0136	0.0016	-0.9588	0.2839	212.98	358.55	0.62
2026-05-07T16:16:42.6661251+08:00	0x03	-0.0031	-0.0169	0.2781	0.9604	32.30	358.05	0.20
2026-05-07T16:16:42.6661251+08:00	0x07	0.4546	0.5663	-0.4213	0.5434	13.81	103.21	76.19
2026-05-07T16:16:42.6661251+08:00	0x08	-0.0088	-0.0283	0.0410	0.9987	4.72	356.72	359.13
2026-05-07T16:16:42.6661251+08:00	0x04	-0.0062	-0.0244	-0.1829	0.9828	338.94	357.38	358.79
2026-05-07T16:16:42.6661251+08:00	0x01	-0.0187	-0.0414	-0.2521	0.9666	330.88	355.94	356.73
2026-05-07T16:16:42.6661251+08:00	0x02	0.0136	0.0016	-0.9588	0.2839	212.98	358.55	0.62
2026-05-07T16:16:42.6661251+08:00	0x05	-0.0025	0.0185	0.4263	0.9044	50.46	1.79	358.84
2026-05-07T16:16:42.6661251+08:00	0x07	0.4468	0.5644	-0.4144	0.5569	9.44	98.00	74.89
2026-05-07T16:16:42.6661251+08:00	0x06	0.7334	0.2067	-0.6400	0.0990	168.85	259.83	24.19
2026-05-07T16:16:42.6661251+08:00	0x08	-0.0088	-0.0283	0.0410	0.9987	4.72	356.72	359.13
2026-05-07T16:16:42.6661251+08:00	0x01	-0.0187	-0.0414	-0.2521	0.9666	330.88	355.94	356.73
2026-05-07T16:16:42.6661251+08:00	0x02	0.0136	0.0016	-0.9588	0.2839	212.98	358.55	0.61
2026-05-07T16:16:42.6661251+08:00	0x07	0.4276	0.5738	-0.3970	0.5748	6.13	94.30	71.28
2026-05-07T16:16:42.6661251+08:00	0x08	-0.0088	-0.0283	0.0410	0.9987	4.72	356.72	359.13
2026-05-07T16:16:42.6661251+08:00	0x04	-0.0062	-0.0244	-0.1829	0.9828	338.94	357.38	358.79
2026-05-07T16:16:42.6661251+08:00	0x02	0.0136	0.0016	-0.9588	0.2839	212.98	358.55	0.61
2026-05-07T16:16:42.6661251+08:00	0x06	0.7327	0.2095	-0.6398	0.0998	168.63	259.78	24.47
2026-05-07T16:16:42.6661251+08:00	0x03	-0.0030	-0.0168	0.2781	0.9604	32.30	358.05	0.20
2026-05-07T16:16:42.6661251+08:00	0x01	-0.0187	-0.0414	-0.2521	0.9666	330.88	355.94	356.73
2026-05-07T16:16:42.6661251+08:00	0x07	0.4224	0.5766	-0.3942	0.5777	5.46	93.76	70.49
2026-05-07T16:16:42.6661251+08:00	0x04	-0.0062	-0.0244	-0.1829	0.9828	338.94	357.38	358.79
2026-05-07T16:16:42.6661251+08:00	0x02	0.0136	0.0016	-0.9588	0.2839	212.98	358.55	0.61
2026-05-07T16:16:42.6661251+08:00	0x03	-0.0030	-0.0169	0.2781	0.9604	32.30	358.05	0.21
2026-05-07T16:16:42.6661251+08:00	0x06	0.7309	0.2107	-0.6413	0.1007	168.65	260.04	24.68
2026-05-07T16:16:42.6661251+08:00	0x08	-0.0088	-0.0283	0.0410	0.9987	4.72	356.72	359.13
2026-05-07T16:16:42.6661251+08:00	0x04	-0.0062	-0.0244	-0.1829	0.9828	338.94	357.38	358.79
2026-05-07T16:16:42.6661251+08:00	0x01	-0.0187	-0.0414	-0.2521	0.9666	330.88	355.94	356.73
2026-05-07T16:16:42.6661251+08:00	0x03	-0.0031	-0.0169	0.2781	0.9604	32.30	358.05	0.20
2026-05-07T16:16:42.6661251+08:00	0x01	-0.0187	-0.0414	-0.2521	0.9666	330.88	355.94	356.73
2026-05-07T16:16:42.6661251+08:00	0x04	-0.0062	-0.0244	-0.1829	0.9828	338.94	357.38	358.79
2026-05-07T16:16:42.6670783+08:00	0x02	0.0136	0.0016	-0.9588	0.2839	212.98	358.55	0.61
2026-05-07T16:16:42.6670783+08:00	0x03	-0.0031	-0.0169	0.2781	0.9604	32.30	358.05	0.20
2026-05-07T16:16:42.6670783+08:00	0x06	0.7317	0.2088	-0.6411	0.0998	168.74	260.00	24.44
2026-05-07T16:16:42.6670783+08:00	0x01	-0.0187	-0.0414	-0.2521	0.9666	330.88	355.94	356.73
2026-05-07T16:16:42.6670783+08:00	0x08	-0.0088	-0.0283	0.0410	0.9987	4.73	356.72	359.13
2026-05-07T16:16:42.6670783+08:00	0x04	-0.0062	-0.0244	-0.1829	0.9828	338.94	357.38	358.79
2026-05-07T16:16:42.6670783+08:00	0x02	0.0136	0.0016	-0.9588	0.2839	212.98	358.55	0.61
2026-05-07T16:16:42.6670783+08:00	0x07	0.3849	0.6111	-0.3526	0.5951	6.36	95.40	62.75
2026-05-07T16:16:42.6670783+08:00	0x01	-0.0187	-0.0414	-0.2521	0.9666	330.88	355.94	356.73
2026-05-07T16:16:42.6670783+08:00	0x08	-0.0088	-0.0283	0.0410	0.9987	4.73	356.72	359.13
2026-05-07T16:16:42.6670783+08:00	0x04	-0.0062	-0.0244	-0.1829	0.9828	338.94	357.38	358.79
2026-05-07T16:16:42.6670783+08:00	0x07	0.3760	0.6164	-0.3441	0.6003	6.00	95.06	61.11
2026-05-07T16:16:42.6670783+08:00	0x06	0.7300	0.2104	-0.6422	0.1021	168.82	260.21	24.80
2026-05-07T16:16:42.6670783+08:00	0x01	-0.0187	-0.0414	-0.2521	0.9666	330.88	355.94	356.73
2026-05-07T16:16:42.6670783+08:00	0x04	-0.0062	-0.0244	-0.1829	0.9828	338.94	357.38	358.79
2026-05-07T16:16:42.6670783+08:00	0x02	0.0136	0.0016	-0.9588	0.2839	212.98	358.55	0.61
2026-05-07T16:16:42.6670783+08:00	0x07	0.3704	0.6195	-0.3386	0.6036	5.78	94.83	60.08
2026-05-07T16:16:42.6670783+08:00	0x03	-0.0031	-0.0168	0.2781	0.9604	32.30	358.05	0.20
2026-05-07T16:16:42.6670783+08:00	0x01	-0.0187	-0.0414	-0.2521	0.9666	330.88	355.94	356.73
2026-05-07T16:16:42.6670783+08:00	0x04	-0.0062	-0.0245	-0.1829	0.9828	338.94	357.37	358.79
2026-05-07T16:16:42.6670783+08:00	0x07	0.3639	0.6241	-0.3319	0.6065	5.73	94.87	58.85
2026-05-07T16:16:42.6670783+08:00	0x03	-0.0031	-0.0168	0.2781	0.9604	32.30	358.05	0.20
2026-05-07T16:16:42.6670783+08:00	0x08	-0.0088	-0.0283	0.0410	0.9987	4.73	356.72	359.13
2026-05-07T16:16:42.6670783+08:00	0x02	0.0136	0.0016	-0.9588	0.2839	212.98	358.56	0.62
2026-05-07T16:16:42.6670783+08:00	0x04	-0.0062	-0.0245	-0.1829	0.9828	338.94	357.37	358.79
2026-05-07T16:16:42.6670783+08:00	0x01	-0.0186	-0.0414	-0.2521	0.9666	330.88	355.94	356.74
2026-05-07T16:16:42.6670783+08:00	0x05	-0.0025	0.0184	0.4263	0.9044	50.46	1.79	358.84
2026-05-07T16:16:42.6670783+08:00	0x06	0.7318	0.2113	-0.6398	0.1029	168.71	259.82	24.90
2026-05-07T16:16:42.6670783+08:00	0x03	-0.0031	-0.0168	0.2781	0.9604	32.30	358.05	0.20
2026-05-07T16:16:42.6670783+08:00	0x01	-0.0186	-0.0414	-0.2521	0.9666	330.88	355.94	356.74
2026-05-07T16:16:42.6670783+08:00	0x04	-0.0062	-0.0245	-0.1829	0.9828	338.94	357.37	358.79
2026-05-07T16:16:42.6670783+08:00	0x05	-0.0026	0.0185	0.4263	0.9044	50.46	1.79	358.83
2026-05-07T16:16:42.6670783+08:00	0x07	0.3574	0.6289	-0.3241	0.6097	5.80	94.96	57.51
2026-05-07T16:16:42.6670783+08:00	0x06	0.7316	0.2120	-0.6396	0.1035	168.68	259.80	25.00
2026-05-07T16:16:42.6670783+08:00	0x08	-0.0088	-0.0283	0.0410	0.9987	4.72	356.72	359.13
2026-05-07T16:16:42.6670783+08:00	0x02	0.0136	0.0016	-0.9588	0.2839	212.98	358.55	0.61
2026-05-07T16:16:42.6670783+08:00	0x04	-0.0062	-0.0244	-0.1829	0.9828	338.94	357.38	358.79
2026-05-07T16:16:42.6670783+08:00	0x06	0.7311	0.2114	-0.6405	0.1028	168.72	259.94	24.90
2026-05-07T16:16:42.6670783+08:00	0x03	-0.0031	-0.0168	0.2781	0.9604	32.30	358.05	0.20
2026-05-07T16:16:42.6670783+08:00	0x01	-0.0186	-0.0414	-0.2521	0.9666	330.88	355.94	356.74
2026-05-07T16:16:42.6670783+08:00	0x02	0.0136	0.0016	-0.9588	0.2839	212.98	358.55	0.61
2026-05-07T16:16:42.6670783+08:00	0x04	-0.0062	-0.0244	-0.1829	0.9828	338.94	357.38	358.79
2026-05-07T16:16:42.6670783+08:00	0x07	0.3494	0.6313	-0.3180	0.6151	5.16	94.25	56.23
2026-05-07T16:16:42.6670783+08:00	0x02	0.0136	0.0016	-0.9588	0.2839	212.98	358.55	0.61
2026-05-07T16:16:42.6670783+08:00	0x08	-0.0088	-0.0283	0.0410	0.9987	4.73	356.72	359.13
2026-05-07T16:16:42.6670783+08:00	0x05	-0.0026	0.0184	0.4263	0.9044	50.46	1.78	358.83
2026-05-07T16:16:42.6670783+08:00	0x03	-0.0031	-0.0168	0.2781	0.9604	32.30	358.05	0.20
2026-05-07T16:16:42.6670783+08:00	0x01	-0.0186	-0.0414	-0.2521	0.9666	330.88	355.94	356.74
2026-05-07T16:16:42.6670783+08:00	0x02	0.0136	0.0016	-0.9588	0.2839	212.98	358.55	0.61
2026-05-07T16:16:42.6680757+08:00	0x04	-0.0062	-0.0244	-0.1829	0.9828	338.94	357.38	358.79
2026-05-07T16:16:42.6680757+08:00	0x05	-0.0026	0.0185	0.4263	0.9044	50.46	1.79	358.83
2026-05-07T16:16:42.6680757+08:00	0x07	0.3419	0.6378	-0.3110	0.6161	5.29	94.73	54.88
2026-05-07T16:16:42.6680757+08:00	0x03	-0.0031	-0.0168	0.2781	0.9604	32.30	358.05	0.20
2026-05-07T16:16:42.6680757+08:00	0x01	-0.0186	-0.0414	-0.2521	0.9666	330.88	355.94	356.74
2026-05-07T16:16:42.6680757+08:00	0x02	0.0136	0.0016	-0.9588	0.2839	212.98	358.55	0.61
2026-05-07T16:16:42.6680757+08:00	0x04	-0.0062	-0.0244	-0.1829	0.9828	338.94	357.38	358.79
2026-05-07T16:16:42.6680757+08:00	0x05	-0.0026	0.0185	0.4263	0.9044	50.46	1.79	358.83
2026-05-07T16:16:42.6680757+08:00	0x07	0.3415	0.6378	-0.3108	0.6164	5.22	94.67	54.83
2026-05-07T16:16:42.6680757+08:00	0x06	0.7358	0.2100	-0.6363	0.0982	168.35	259.19	24.31
2026-05-07T16:16:42.6680757+08:00	0x01	-0.0186	-0.0414	-0.2521	0.9666	330.88	355.94	356.74
2026-05-07T16:16:42.6680757+08:00	0x06	0.7387	0.2062	-0.6351	0.0922	168.21	258.92	23.46
2026-05-07T16:16:42.6680757+08:00	0x03	-0.0031	-0.0168	0.2781	0.9604	32.30	358.05	0.20
2026-05-07T16:16:42.6680757+08:00	0x01	-0.0186	-0.0414	-0.2521	0.9666	330.88	355.94	356.74
2026-05-07T16:16:42.6680757+08:00	0x08	-0.0088	-0.0283	0.0410	0.9987	4.73	356.72	359.13
2026-05-07T16:16:42.6680757+08:00	0x04	-0.0062	-0.0244	-0.1829	0.9828	338.94	357.38	358.79
2026-05-07T16:16:42.6680757+08:00	0x02	0.0136	0.0016	-0.9588	0.2839	212.98	358.55	0.61
2026-05-07T16:16:42.6680757+08:00	0x06	0.7369	0.2068	-0.6366	0.0948	168.39	259.19	23.76
2026-05-07T16:16:42.6680757+08:00	0x01	-0.0186	-0.0414	-0.2521	0.9666	330.88	355.94	356.74
2026-05-07T16:16:42.6680757+08:00	0x04	-0.0062	-0.0244	-0.1829	0.9828	338.94	357.38	358.79
2026-05-07T16:16:42.6680757+08:00	0x03	-0.0031	-0.0168	0.2781	0.9604	32.30	358.05	0.20
2026-05-07T16:16:42.6680757+08:00	0x05	-0.0025	0.0185	0.4263	0.9044	50.46	1.79	358.84
2026-05-07T16:16:42.6680757+08:00	0x02	0.0136	0.0016	-0.9588	0.2839	212.98	358.55	0.61
2026-05-07T16:16:42.6680757+08:00	0x04	-0.0062	-0.0244	-0.1829	0.9828	338.94	357.38	358.79
2026-05-07T16:16:42.6680757+08:00	0x08	-0.0088	-0.0283	0.0410	0.9987	4.72	356.72	359.13
2026-05-07T16:16:42.6680757+08:00	0x05	-0.0025	0.0185	0.4263	0.9044	50.46	1.79	358.84
2026-05-07T16:16:42.6680757+08:00	0x07	0.3282	0.6441	-0.2982	0.6232	4.81	94.26	52.50
2026-05-07T16:16:42.6680757+08:00	0x06	0.7357	0.2096	-0.6366	0.0976	168.35	259.23	24.24
2026-05-07T16:16:42.6680757+08:00	0x02	0.0136	0.0016	-0.9588	0.2839	212.98	358.55	0.61
2026-05-07T16:16:42.6680757+08:00	0x05	-0.0026	0.0184	0.4263	0.9044	50.46	1.79	358.83
2026-05-07T16:16:42.6680757+08:00	0x03	-0.0031	-0.0168	0.2781	0.9604	32.30	358.05	0.20
2026-05-07T16:16:42.6680757+08:00	0x07	0.3251	0.6466	-0.2944	0.6241	4.92	94.43	51.86
2026-05-07T16:16:42.6680757+08:00	0x02	0.0136	0.0016	-0.9588	0.2839	212.98	358.55	0.61
2026-05-07T16:16:42.6680757+08:00	0x04	-0.0062	-0.0244	-0.1829	0.9828	338.94	357.38	358.79
2026-05-07T16:16:42.6680757+08:00	0x08	-0.0088	-0.0283	0.0410	0.9987	4.72	356.72	359.13
2026-05-07T16:16:42.6680757+08:00	0x03	-0.0031	-0.0168	0.2781	0.9604	32.30	358.05	0.20
2026-05-07T16:16:42.6691140+08:00	0x07	0.3194	0.6510	-0.2874	0.6258	5.08	94.66	50.71
2026-05-07T16:16:42.6691140+08:00	0x01	-0.0187	-0.0414	-0.2521	0.9666	330.88	355.94	356.73
2026-05-07T16:16:42.6691140+08:00	0x04	-0.0062	-0.0244	-0.1829	0.9828	338.94	357.38	358.79
2026-05-07T16:16:42.6691140+08:00	0x08	-0.0088	-0.0283	0.0410	0.9987	4.73	356.72	359.13
2026-05-07T16:16:42.6691140+08:00	0x03	-0.0031	-0.0168	0.2781	0.9604	32.30	358.05	0.20
2026-05-07T16:16:42.6691140+08:00	0x06	0.7363	0.2102	-0.6359	0.0961	168.15	259.09	24.13
2026-05-07T16:16:42.6691140+08:00	0x01	-0.0187	-0.0414	-0.2521	0.9666	330.88	355.94	356.73
2026-05-07T16:16:42.6691140+08:00	0x04	-0.0062	-0.0244	-0.1829	0.9828	338.94	357.38	358.79
2026-05-07T16:16:42.6691140+08:00	0x08	-0.0088	-0.0283	0.0410	0.9987	4.73	356.72	359.13
2026-05-07T16:16:42.6691140+08:00	0x07	0.3127	0.6525	-0.2846	0.6289	4.46	94.19	49.87
2026-05-07T16:16:42.6691140+08:00	0x05	-0.0026	0.0184	0.4263	0.9044	50.46	1.78	358.84
2026-05-07T16:16:42.6691140+08:00	0x01	-0.0187	-0.0414	-0.2521	0.9666	330.88	355.94	356.73
2026-05-07T16:16:42.6691140+08:00	0x04	-0.0063	-0.0244	-0.1829	0.9828	338.94	357.38	358.78
2026-05-07T16:16:42.6691140+08:00	0x08	-0.0088	-0.0283	0.0410	0.9987	4.73	356.72	359.13
2026-05-07T16:16:42.6691140+08:00	0x07	0.3094	0.6534	-0.2814	0.6310	4.34	93.99	49.31
2026-05-07T16:16:42.6691140+08:00	0x06	0.7343	0.2109	-0.6376	0.0989	168.37	259.41	24.47
2026-05-07T16:16:42.6691140+08:00	0x04	-0.0062	-0.0244	-0.1829	0.9828	338.94	357.38	358.79
2026-05-07T16:16:42.6691140+08:00	0x08	-0.0088	-0.0283	0.0410	0.9987	4.73	356.72	359.13
2026-05-07T16:16:42.6691140+08:00	0x03	-0.0030	-0.0168	0.2781	0.9604	32.30	358.05	0.20
2026-05-07T16:16:42.6691140+08:00	0x07	0.3064	0.6539	-0.2774	0.6337	4.27	93.72	48.69
2026-05-07T16:16:42.6691140+08:00	0x06	0.7353	0.2041	-0.6392	0.0956	168.80	259.65	23.67
2026-05-07T16:16:42.6691140+08:00	0x04	-0.0062	-0.0244	-0.1829	0.9828	338.94	357.38	358.79
2026-05-07T16:16:42.6691140+08:00	0x02	0.0136	0.0016	-0.9588	0.2839	212.98	358.55	0.61
2026-05-07T16:16:42.6691140+08:00	0x05	-0.0026	0.0184	0.4263	0.9044	50.46	1.78	358.84
2026-05-07T16:16:42.6691140+08:00	0x01	-0.0186	-0.0414	-0.2521	0.9666	330.88	355.94	356.74
2026-05-07T16:16:42.6691140+08:00	0x03	-0.0030	-0.0168	0.2781	0.9604	32.30	358.05	0.20
2026-05-07T16:16:42.6691140+08:00	0x07	0.3045	0.6556	-0.2707	0.6357	4.71	93.86	47.91
2026-05-07T16:16:42.6691140+08:00	0x01	-0.0187	-0.0414	-0.2521	0.9666	330.88	355.94	356.73
2026-05-07T16:16:42.6691140+08:00	0x02	0.0136	0.0016	-0.9588	0.2839	212.98	358.55	0.61
2026-05-07T16:16:42.6691140+08:00	0x08	-0.0088	-0.0283	0.0410	0.9987	4.73	356.72	359.13
2026-05-07T16:16:42.6691140+08:00	0x03	-0.0031	-0.0168	0.2781	0.9604	32.30	358.05	0.20
2026-05-07T16:16:42.6691140+08:00	0x07	0.3020	0.6583	-0.2663	0.6360	4.98	94.16	47.29
2026-05-07T16:16:42.6691140+08:00	0x01	-0.0186	-0.0414	-0.2521	0.9666	330.88	355.94	356.74
2026-05-07T16:16:42.6691140+08:00	0x02	0.0136	0.0016	-0.9588	0.2839	212.98	358.55	0.61
2026-05-07T16:16:42.6691140+08:00	0x08	-0.0088	-0.0283	0.0410	0.9987	4.73	356.72	359.13
2026-05-07T16:16:42.6691140+08:00	0x03	-0.0031	-0.0168	0.2781	0.9604	32.30	358.05	0.20
2026-05-07T16:16:42.6691140+08:00	0x07	0.2973	0.6611	-0.2619	0.6372	4.95	94.23	46.48
2026-05-07T16:16:42.6691140+08:00	0x06	0.7377	0.2076	-0.6346	0.1000	168.65	258.95	24.27
2026-05-07T16:16:42.6691140+08:00	0x01	-0.0186	-0.0414	-0.2521	0.9666	330.88	355.94	356.74
2026-05-07T16:16:42.6691140+08:00	0x02	0.0136	0.0016	-0.9588	0.2839	212.98	358.55	0.61
2026-05-07T16:16:42.6691140+08:00	0x04	-0.0062	-0.0244	-0.1829	0.9828	338.94	357.38	358.79
2026-05-07T16:16:42.6691140+08:00	0x08	-0.0088	-0.0283	0.0410	0.9987	4.73	356.72	359.13
2026-05-07T16:16:42.6691140+08:00	0x03	-0.0031	-0.0168	0.2781	0.9604	32.30	358.05	0.20
2026-05-07T16:16:42.6691140+08:00	0x07	0.2948	0.6619	-0.2605	0.6381	4.78	94.14	46.14
2026-05-07T16:16:42.6691140+08:00	0x06	0.7385	0.2069	-0.6341	0.0986	168.60	258.86	24.08
2026-05-07T16:16:42.6691140+08:00	0x02	0.0136	0.0016	-0.9588	0.2839	212.98	358.55	0.61
2026-05-07T16:16:42.6691140+08:00	0x04	-0.0062	-0.0244	-0.1829	0.9828	338.94	357.38	358.79
2026-05-07T16:16:42.6691140+08:00	0x08	-0.0088	-0.0283	0.0410	0.9987	4.73	356.72	359.13
2026-05-07T16:16:42.6691140+08:00	0x03	-0.0031	-0.0168	0.2781	0.9604	32.30	358.05	0.20
2026-05-07T16:16:42.6691140+08:00	0x06	0.7381	0.2066	-0.6348	0.0981	168.60	258.96	24.02
2026-05-07T16:16:42.6691140+08:00	0x02	0.0136	0.0016	-0.9588	0.2839	212.98	358.55	0.61
2026-05-07T16:16:42.6691140+08:00	0x04	-0.0062	-0.0244	-0.1829	0.9828	338.94	357.38	358.79
2026-05-07T16:16:42.6691140+08:00	0x08	-0.0088	-0.0283	0.0410	0.9987	4.73	356.72	359.13
2026-05-07T16:16:42.6691140+08:00	0x07	0.2913	0.6625	-0.2579	0.6401	4.58	93.90	45.61
2026-05-07T16:16:42.6700758+08:00	0x06	0.7374	0.2074	-0.6351	0.0992	168.63	259.03	24.18
2026-05-07T16:16:42.6700758+08:00	0x03	-0.0031	-0.0168	0.2781	0.9604	32.30	358.05	0.20
2026-05-07T16:16:42.6700758+08:00	0x08	-0.0088	-0.0283	0.0410	0.9987	4.73	356.72	359.13
2026-05-07T16:16:42.6700758+08:00	0x03	-0.0031	-0.0168	0.2781	0.9604	32.30	358.05	0.20
2026-05-07T16:16:42.6700758+08:00	0x07	0.2890	0.6629	-0.2560	0.6415	4.46	93.75	45.25
2026-05-07T16:16:42.6700758+08:00	0x01	-0.0186	-0.0414	-0.2521	0.9666	330.88	355.94	356.74
2026-05-07T16:16:42.6700758+08:00	0x06	0.7360	0.2076	-0.6366	0.0998	168.70	259.28	24.28
2026-05-07T16:16:42.6700758+08:00	0x02	0.0136	0.0016	-0.9588	0.2839	212.98	358.55	0.62
2026-05-07T16:16:42.6700758+08:00	0x08	-0.0088	-0.0283	0.0410	0.9987	4.73	356.72	359.13
2026-05-07T16:16:42.6700758+08:00	0x03	-0.0030	-0.0168	0.2781	0.9604	32.30	358.05	0.20
2026-05-07T16:16:42.6700758+08:00	0x01	-0.0186	-0.0414	-0.2521	0.9666	330.88	355.94	356.74
2026-05-07T16:16:42.6700758+08:00	0x04	-0.0062	-0.0244	-0.1829	0.9828	338.94	357.38	358.79
2026-05-07T16:16:42.6700758+08:00	0x08	-0.0088	-0.0283	0.0410	0.9987	4.73	356.72	359.13
2026-05-07T16:16:42.6700758+08:00	0x03	-0.0030	-0.0168	0.2781	0.9604	32.30	358.05	0.20
2026-05-07T16:16:42.6700758+08:00	0x07	0.2854	0.6648	-0.2524	0.6425	4.44	93.78	44.62
2026-05-07T16:16:42.6700758+08:00	0x01	-0.0186	-0.0414	-0.2521	0.9666	330.88	355.94	356.74
2026-05-07T16:16:42.6700758+08:00	0x02	0.0136	0.0016	-0.9588	0.2839	212.98	358.56	0.62
2026-05-07T16:16:42.6700758+08:00	0x04	-0.0062	-0.0244	-0.1829	0.9828	338.94	357.38	358.79
2026-05-07T16:16:42.6700758+08:00	0x05	-0.0026	0.0185	0.4263	0.9044	50.46	1.79	358.83
2026-05-07T16:16:42.6700758+08:00	0x03	-0.0030	-0.0168	0.2781	0.9604	32.30	358.05	0.20
2026-05-07T16:16:42.6700758+08:00	0x07	0.2827	0.6662	-0.2495	0.6434	4.44	93.79	44.13
2026-05-07T16:16:42.6700758+08:00	0x01	-0.0186	-0.0414	-0.2521	0.9666	330.88	355.94	356.74
2026-05-07T16:16:42.6700758+08:00	0x02	0.0136	0.0016	-0.9588	0.2839	212.98	358.56	0.62
2026-05-07T16:16:42.6700758+08:00	0x06	0.7381	0.2077	-0.6342	0.0997	168.61	258.89	24.24
2026-05-07T16:16:42.6700758+08:00	0x04	-0.0062	-0.0244	-0.1829	0.9828	338.94	357.38	358.79
2026-05-07T16:16:42.6700758+08:00	0x08	-0.0088	-0.0283	0.0410	0.9987	4.73	356.72	359.13
2026-05-07T16:16:42.6700758+08:00	0x07	0.2789	0.6680	-0.2453	0.6449	4.44	93.79	43.42
2026-05-07T16:16:42.6700758+08:00	0x01	-0.0186	-0.0414	-0.2521	0.9666	330.88	355.94	356.74
2026-05-07T16:16:42.6700758+08:00	0x06	0.7382	0.2079	-0.6341	0.0992	168.55	258.86	24.21
2026-05-07T16:16:42.6700758+08:00	0x04	-0.0063	-0.0244	-0.1829	0.9828	338.94	357.38	358.78
2026-05-07T16:16:42.6700758+08:00	0x08	-0.0088	-0.0283	0.0410	0.9987	4.73	356.72	359.13
2026-05-07T16:16:42.6700758+08:00	0x07	0.2778	0.6686	-0.2441	0.6451	4.44	93.81	43.22
2026-05-07T16:16:42.6700758+08:00	0x01	-0.0186	-0.0414	-0.2521	0.9666	330.88	355.94	356.74
2026-05-07T16:16:42.6700758+08:00	0x02	0.0136	0.0016	-0.9588	0.2839	212.98	358.55	0.61
2026-05-07T16:16:42.6700758+08:00	0x06	0.7375	0.2080	-0.6348	0.0994	168.57	258.98	24.24
2026-05-07T16:16:42.6700758+08:00	0x04	-0.0062	-0.0244	-0.1829	0.9828	338.94	357.38	358.79
2026-05-07T16:16:42.6700758+08:00	0x03	-0.0031	-0.0168	0.2781	0.9604	32.30	358.05	0.20
2026-05-07T16:16:42.6700758+08:00	0x01	-0.0186	-0.0414	-0.2521	0.9666	330.88	355.94	356.74
2026-05-07T16:16:42.6700758+08:00	0x06	0.7358	0.2079	-0.6367	0.1002	168.71	259.30	24.34
2026-05-07T16:16:42.6700758+08:00	0x04	-0.0062	-0.0244	-0.1829	0.9828	338.94	357.38	358.79
2026-05-07T16:16:42.6700758+08:00	0x03	-0.0031	-0.0168	0.2781	0.9604	32.30	358.05	0.20
2026-05-07T16:16:42.6700758+08:00	0x07	0.2756	0.6676	-0.2433	0.6474	4.15	93.40	42.98
2026-05-07T16:16:42.6700758+08:00	0x01	-0.0186	-0.0414	-0.2521	0.9666	330.88	355.94	356.74
2026-05-07T16:16:42.6700758+08:00	0x02	0.0136	0.0016	-0.9588	0.2839	212.98	358.55	0.61
2026-05-07T16:16:42.6700758+08:00	0x04	-0.0062	-0.0244	-0.1829	0.9828	338.94	357.38	358.79
2026-05-07T16:16:42.6700758+08:00	0x06	0.7361	0.2070	-0.6367	0.0997	168.75	259.29	24.23
2026-05-07T16:16:42.6700758+08:00	0x08	-0.0088	-0.0283	0.0410	0.9987	4.73	356.72	359.13
2026-05-07T16:16:42.6700758+08:00	0x03	-0.0031	-0.0168	0.2781	0.9604	32.30	358.05	0.20
2026-05-07T16:16:42.6700758+08:00	0x07	0.2709	0.6700	-0.2392	0.6485	4.09	93.45	42.21
2026-05-07T16:16:42.6700758+08:00	0x01	-0.0186	-0.0414	-0.2521	0.9666	330.88	355.94	356.74
2026-05-07T16:16:42.6700758+08:00	0x06	0.7360	0.2072	-0.6371	0.0976	168.59	259.32	24.05
2026-05-07T16:16:42.6700758+08:00	0x08	-0.0088	-0.0283	0.0410	0.9987	4.73	356.72	359.13
2026-05-07T16:16:42.6700758+08:00	0x04	-0.0062	-0.0244	-0.1829	0.9828	338.94	357.38	358.79
2026-05-07T16:16:42.6700758+08:00	0x03	-0.0031	-0.0168	0.2781	0.9604	32.30	358.05	0.20
2026-05-07T16:16:42.6700758+08:00	0x05	-0.0025	0.0185	0.4263	0.9044	50.46	1.79	358.84
2026-05-07T16:16:42.6700758+08:00	0x01	-0.0186	-0.0414	-0.2521	0.9666	330.88	355.94	356.74
2026-05-07T16:16:42.6700758+08:00	0x06	0.7344	0.2080	-0.6388	0.0964	168.49	259.57	24.04
2026-05-07T16:16:42.6700758+08:00	0x04	-0.0063	-0.0244	-0.1829	0.9828	338.94	357.38	358.78
2026-05-07T16:16:42.6700758+08:00	0x08	-0.0088	-0.0283	0.0410	0.9987	4.73	356.72	359.13
2026-05-07T16:16:42.6700758+08:00	0x03	-0.0031	-0.0169	0.2781	0.9604	32.30	358.05	0.20
2026-05-07T16:16:42.6700758+08:00	0x07	0.2654	0.6707	-0.2381	0.6504	3.55	93.11	41.66
2026-05-07T16:16:42.6700758+08:00	0x01	-0.0186	-0.0414	-0.2521	0.9666	330.88	355.94	356.74
2026-05-07T16:16:42.6700758+08:00	0x06	0.7334	0.2112	-0.6382	0.1011	168.52	259.54	24.70
2026-05-07T16:16:42.6710812+08:00	0x04	-0.0063	-0.0244	-0.1829	0.9828	338.94	357.38	358.78
2026-05-07T16:16:42.6710812+08:00	0x03	-0.0031	-0.0168	0.2781	0.9604	32.30	358.05	0.20
2026-05-07T16:16:42.6710812+08:00	0x07	0.2657	0.6722	-0.2341	0.6502	4.03	93.43	41.32
2026-05-07T16:16:42.6710812+08:00	0x01	-0.0186	-0.0414	-0.2521	0.9666	330.88	355.94	356.74
2026-05-07T16:16:42.6710812+08:00	0x06	0.7365	0.2085	-0.6356	0.1005	168.64	259.13	24.40
2026-05-07T16:16:42.6710812+08:00	0x04	-0.0063	-0.0244	-0.1829	0.9828	338.94	357.38	358.78
2026-05-07T16:16:42.6710812+08:00	0x02	0.0136	0.0016	-0.9588	0.2839	212.98	358.55	0.61
2026-05-07T16:16:42.6710812+08:00	0x08	-0.0088	-0.0283	0.0410	0.9987	4.73	356.72	359.13
2026-05-07T16:16:42.6710812+08:00	0x03	-0.0031	-0.0168	0.2781	0.9604	32.30	358.05	0.20
2026-05-07T16:16:42.6710812+08:00	0x07	0.2646	0.6739	-0.2321	0.6496	4.19	93.67	41.04
2026-05-07T16:16:42.6710812+08:00	0x01	-0.0186	-0.0414	-0.2521	0.9666	330.88	355.94	356.74
2026-05-07T16:16:42.6710812+08:00	0x06	0.7370	0.2076	-0.6355	0.0994	168.64	259.09	24.22
2026-05-07T16:16:42.6710812+08:00	0x02	0.0136	0.0016	-0.9588	0.2839	212.98	358.55	0.61
2026-05-07T16:16:42.6710812+08:00	0x04	-0.0062	-0.0244	-0.1829	0.9828	338.94	357.38	358.79
2026-05-07T16:16:42.6710812+08:00	0x03	-0.0031	-0.0168	0.2781	0.9604	32.30	358.05	0.20
2026-05-07T16:16:42.6710812+08:00	0x07	0.2627	0.6757	-0.2285	0.6498	4.38	93.86	40.55
2026-05-07T16:16:42.6710812+08:00	0x06	0.7388	0.2035	-0.6350	0.0973	168.84	259.01	23.72
2026-05-07T16:16:42.6710812+08:00	0x02	0.0136	0.0016	-0.9588	0.2839	212.98	358.55	0.61
2026-05-07T16:16:42.6710812+08:00	0x04	-0.0062	-0.0244	-0.1829	0.9828	338.94	357.38	358.79
2026-05-07T16:16:42.6710812+08:00	0x03	-0.0031	-0.0168	0.2781	0.9604	32.30	358.05	0.20
2026-05-07T16:16:42.6710812+08:00	0x05	-0.0025	0.0185	0.4263	0.9044	50.46	1.79	358.83
2026-05-07T16:16:42.6710812+08:00	0x07	0.2579	0.6781	-0.2248	0.6505	4.28	93.94	39.83
2026-05-07T16:16:42.6710812+08:00	0x06	0.7358	0.2045	-0.6383	0.0967	168.81	259.52	23.79
2026-05-07T16:16:42.6710812+08:00	0x02	0.0136	0.0016	-0.9588	0.2839	212.98	358.55	0.61
2026-05-07T16:16:42.6710812+08:00	0x04	-0.0062	-0.0244	-0.1829	0.9828	338.94	357.38	358.79
2026-05-07T16:16:42.6710812+08:00	0x03	-0.0031	-0.0168	0.2781	0.9604	32.30	358.05	0.20
2026-05-07T16:16:42.6710812+08:00	0x01	-0.0186	-0.0414	-0.2521	0.9666	330.88	355.94	356.74
2026-05-07T16:16:42.6710812+08:00	0x06	0.7340	0.2048	-0.6404	0.0961	168.81	259.84	23.79
2026-05-07T16:16:42.6710812+08:00	0x02	0.0136	0.0016	-0.9588	0.2839	212.98	358.55	0.61
2026-05-07T16:16:42.6710812+08:00	0x08	-0.0088	-0.0283	0.0410	0.9987	4.73	356.72	359.13
2026-05-07T16:16:42.6710812+08:00	0x03	-0.0031	-0.0168	0.2781	0.9604	32.30	358.05	0.20
2026-05-07T16:16:42.6710812+08:00	0x01	-0.0186	-0.0414	-0.2521	0.9666	330.88	355.94	356.74
2026-05-07T16:16:42.6710812+08:00	0x07	0.2496	0.6766	-0.2209	0.6566	3.51	92.96	38.81
2026-05-07T16:16:42.6710812+08:00	0x06	0.7335	0.2069	-0.6401	0.0974	168.70	259.81	24.07
2026-05-07T16:16:42.6710812+08:00	0x04	-0.0062	-0.0244	-0.1829	0.9828	338.94	357.38	358.79
2026-05-07T16:16:42.6710812+08:00	0x03	-0.0031	-0.0168	0.2781	0.9604	32.30	358.05	0.20
2026-05-07T16:16:42.6710812+08:00	0x07	0.2469	0.6770	-0.2197	0.6575	3.32	92.83	38.48
2026-05-07T16:16:42.6710812+08:00	0x06	0.7346	0.2052	-0.6397	0.0947	168.64	259.71	23.68
2026-05-07T16:16:42.6710812+08:00	0x04	-0.0062	-0.0244	-0.1829	0.9828	338.94	357.38	358.79
2026-05-07T16:16:42.6710812+08:00	0x03	-0.0031	-0.0169	0.2781	0.9604	32.30	358.05	0.20
2026-05-07T16:16:42.6710812+08:00	0x07	0.2416	0.6786	-0.2151	0.6594	3.20	92.73	37.64
2026-05-07T16:16:42.6710812+08:00	0x01	-0.0186	-0.0414	-0.2521	0.9666	330.88	355.94	356.74
2026-05-07T16:16:42.6710812+08:00	0x02	0.0136	0.0016	-0.9588	0.2839	212.98	358.55	0.61
2026-05-07T16:16:42.6710812+08:00	0x06	0.7365	0.2020	-0.6391	0.0911	168.65	259.57	23.11
2026-05-07T16:16:42.6710812+08:00	0x08	-0.0088	-0.0283	0.0410	0.9987	4.73	356.72	359.13
2026-05-07T16:16:42.6710812+08:00	0x03	-0.0031	-0.0168	0.2781	0.9604	32.30	358.05	0.20
2026-05-07T16:16:42.6710812+08:00	0x01	-0.0186	-0.0414	-0.2521	0.9666	330.88	355.94	356.74
2026-05-07T16:16:42.6710812+08:00	0x02	0.0136	0.0016	-0.9588	0.2839	212.98	358.55	0.61
2026-05-07T16:16:42.6710812+08:00	0x06	0.7360	0.2045	-0.6385	0.0938	168.59	259.51	23.53
2026-05-07T16:16:42.6710812+08:00	0x08	-0.0088	-0.0283	0.0410	0.9987	4.73	356.72	359.13
2026-05-07T16:16:42.6710812+08:00	0x03	-0.0031	-0.0168	0.2781	0.9604	32.30	358.05	0.20
2026-05-07T16:16:42.6710812+08:00	0x07	0.2349	0.6846	-0.2070	0.6582	3.50	93.41	36.34
2026-05-07T16:16:42.6710812+08:00	0x02	0.0136	0.0016	-0.9588	0.2839	212.98	358.55	0.61
2026-05-07T16:16:42.6710812+08:00	0x06	0.7359	0.2043	-0.6385	0.0947	168.68	259.52	23.60
2026-05-07T16:16:42.6710812+08:00	0x08	-0.0088	-0.0283	0.0410	0.9987	4.73	356.72	359.13
2026-05-07T16:16:42.6710812+08:00	0x03	-0.0031	-0.0168	0.2781	0.9604	32.30	358.05	0.20
2026-05-07T16:16:42.6710812+08:00	0x07	0.2312	0.6858	-0.2033	0.6595	3.46	93.36	35.71
2026-05-07T16:16:42.6710812+08:00	0x02	0.0136	0.0016	-0.9588	0.2839	212.98	358.55	0.61
2026-05-07T16:16:42.6710812+08:00	0x06	0.7355	0.2047	-0.6388	0.0949	168.67	259.57	23.65
2026-05-07T16:16:42.6710812+08:00	0x01	-0.0186	-0.0414	-0.2521	0.9666	330.88	355.94	356.74
2026-05-07T16:16:42.6710812+08:00	0x03	-0.0031	-0.0168	0.2781	0.9604	32.30	358.05	0.20
2026-05-07T16:16:42.6710812+08:00	0x07	0.2281	0.6865	-0.2005	0.6607	3.38	93.27	35.22
2026-05-07T16:16:42.6710812+08:00	0x02	0.0136	0.0016	-0.9588	0.2839	212.98	358.55	0.61
2026-05-07T16:16:42.6710812+08:00	0x06	0.7358	0.2046	-0.6385	0.0951	168.70	259.53	23.66
2026-05-07T16:16:42.6720998+08:00	0x08	-0.0088	-0.0283	0.0410	0.9987	4.73	356.72	359.13
2026-05-07T16:16:42.6720998+08:00	0x03	-0.0031	-0.0169	0.2781	0.9604	32.30	358.05	0.20
2026-05-07T16:16:42.6720998+08:00	0x07	0.2256	0.6875	-0.1980	0.6613	3.38	93.28	34.79
2026-05-07T16:16:42.6720998+08:00	0x06	0.7359	0.2049	-0.6383	0.0951	168.66	259.49	23.68
2026-05-07T16:16:42.6720998+08:00	0x05	-0.0026	0.0185	0.4263	0.9044	50.46	1.79	358.83
2026-05-07T16:16:42.6720998+08:00	0x04	-0.0062	-0.0244	-0.1829	0.9828	338.94	357.38	358.79
2026-05-07T16:16:42.6720998+08:00	0x03	-0.0031	-0.0169	0.2781	0.9604	32.30	358.05	0.20
2026-05-07T16:16:42.6720998+08:00	0x01	-0.0187	-0.0414	-0.2521	0.9666	330.88	355.94	356.73
2026-05-07T16:16:42.6720998+08:00	0x06	0.7360	0.2057	-0.6379	0.0958	168.62	259.42	23.80
2026-05-07T16:16:42.6720998+08:00	0x08	-0.0088	-0.0283	0.0410	0.9987	4.73	356.72	359.13
2026-05-07T16:16:42.6720998+08:00	0x03	-0.0031	-0.0169	0.2781	0.9604	32.30	358.05	0.20
2026-05-07T16:16:42.6720998+08:00	0x06	0.7359	0.2058	-0.6379	0.0957	168.61	259.43	23.79
2026-05-07T16:16:42.6720998+08:00	0x04	-0.0062	-0.0244	-0.1829	0.9828	338.94	357.38	358.79
2026-05-07T16:16:42.6720998+08:00	0x03	-0.0031	-0.0169	0.2781	0.9604	32.30	358.05	0.20
2026-05-07T16:16:42.6720998+08:00	0x06	0.7354	0.2054	-0.6387	0.0955	168.65	259.55	23.75
2026-05-07T16:16:42.6720998+08:00	0x02	0.0136	0.0016	-0.9588	0.2839	212.98	358.55	0.61
2026-05-07T16:16:42.6720998+08:00	0x03	-0.0031	-0.0168	0.2781	0.9604	32.30	358.05	0.20
2026-05-07T16:16:42.6720998+08:00	0x06	0.7351	0.2042	-0.6394	0.0950	168.75	259.68	23.63
2026-05-07T16:16:42.6720998+08:00	0x08	-0.0088	-0.0283	0.0410	0.9987	4.73	356.72	359.13
2026-05-07T16:16:42.6720998+08:00	0x07	0.2131	0.6902	-0.1862	0.6660	3.14	92.97	32.74
2026-05-07T16:16:42.6720998+08:00	0x01	-0.0186	-0.0414	-0.2521	0.9666	330.88	355.94	356.74
2026-05-07T16:16:42.6720998+08:00	0x06	0.7341	0.2044	-0.6405	0.0952	168.79	259.85	23.67
2026-05-07T16:16:42.6720998+08:00	0x04	-0.0062	-0.0244	-0.1829	0.9828	338.94	357.38	358.79
2026-05-07T16:16:42.6720998+08:00	0x01	-0.0186	-0.0414	-0.2521	0.9666	330.88	355.94	356.74
2026-05-07T16:16:42.6720998+08:00	0x07	0.2119	0.6899	-0.1854	0.6669	3.06	92.84	32.58
2026-05-07T16:16:42.6720998+08:00	0x02	0.0136	0.0016	-0.9588	0.2839	212.98	358.55	0.61
2026-05-07T16:16:42.6720998+08:00	0x06	0.7319	0.2044	-0.6428	0.0968	168.98	260.24	23.86
2026-05-07T16:16:42.6720998+08:00	0x08	-0.0088	-0.0283	0.0410	0.9987	4.73	356.72	359.13
2026-05-07T16:16:42.6720998+08:00	0x01	-0.0186	-0.0414	-0.2521	0.9666	330.88	355.94	356.74
2026-05-07T16:16:42.6720998+08:00	0x03	-0.0031	-0.0168	0.2781	0.9604	32.30	358.05	0.20
2026-05-07T16:16:42.6720998+08:00	0x07	0.2077	0.6903	-0.1817	0.6688	2.95	92.66	31.92
2026-05-07T16:16:42.6720998+08:00	0x06	0.7316	0.2031	-0.6436	0.0957	169.05	260.38	23.68
2026-05-07T16:16:42.6720998+08:00	0x01	-0.0186	-0.0414	-0.2521	0.9666	330.88	355.94	356.74
2026-05-07T16:16:42.6720998+08:00	0x07	0.2039	0.6913	-0.1779	0.6699	2.92	92.62	31.28
2026-05-07T16:16:42.6720998+08:00	0x06	0.7321	0.2030	-0.6432	0.0956	169.04	260.31	23.65
2026-05-07T16:16:42.6720998+08:00	0x04	-0.0062	-0.0244	-0.1829	0.9828	338.94	357.38	358.79
2026-05-07T16:16:42.6720998+08:00	0x08	-0.0088	-0.0283	0.0410	0.9987	4.73	356.72	359.13
2026-05-07T16:16:42.6720998+08:00	0x03	-0.0031	-0.0168	0.2781	0.9604	32.30	358.05	0.20
2026-05-07T16:16:42.6720998+08:00	0x07	0.2004	0.6926	-0.1744	0.6707	2.91	92.64	30.69
2026-05-07T16:16:42.6720998+08:00	0x01	-0.0186	-0.0414	-0.2521	0.9666	330.88	355.94	356.74
2026-05-07T16:16:42.6720998+08:00	0x02	0.0136	0.0016	-0.9588	0.2839	212.98	358.55	0.61
2026-05-07T16:16:42.6720998+08:00	0x04	-0.0062	-0.0244	-0.1829	0.9828	338.94	357.38	358.79
2026-05-07T16:16:42.6720998+08:00	0x08	-0.0088	-0.0283	0.0410	0.9987	4.73	356.72	359.13
2026-05-07T16:16:42.6720998+08:00	0x05	-0.0025	0.0185	0.4263	0.9044	50.46	1.79	358.84
2026-05-07T16:16:42.6720998+08:00	0x01	-0.0186	-0.0414	-0.2521	0.9666	330.88	355.94	356.74
2026-05-07T16:16:42.6720998+08:00	0x03	-0.0031	-0.0168	0.2781	0.9604	32.30	358.05	0.20
2026-05-07T16:16:42.6720998+08:00	0x07	0.1972	0.6933	-0.1713	0.6716	2.88	92.59	30.16
2026-05-07T16:16:42.6720998+08:00	0x02	0.0136	0.0016	-0.9588	0.2839	212.98	358.55	0.61
2026-05-07T16:16:42.6720998+08:00	0x06	0.7320	0.2027	-0.6433	0.0958	169.08	260.33	23.64
2026-05-07T16:16:42.6720998+08:00	0x05	-0.0025	0.0184	0.4263	0.9044	50.46	1.79	358.84
2026-05-07T16:16:42.6720998+08:00	0x04	-0.0063	-0.0244	-0.1829	0.9828	338.94	357.38	358.78
2026-05-07T16:16:42.6720998+08:00	0x08	-0.0088	-0.0283	0.0410	0.9987	4.72	356.72	359.13
2026-05-07T16:16:42.6720998+08:00	0x03	-0.0031	-0.0168	0.2781	0.9604	32.30	358.05	0.20
2026-05-07T16:16:42.6720998+08:00	0x07	0.1937	0.6945	-0.1676	0.6724	2.88	92.61	29.55
2026-05-07T16:16:42.6720998+08:00	0x06	0.7319	0.2030	-0.6434	0.0960	169.07	260.34	23.69
2026-05-07T16:16:42.6720998+08:00	0x02	0.0136	0.0016	-0.9588	0.2839	212.98	358.55	0.61
2026-05-07T16:16:42.6720998+08:00	0x04	-0.0062	-0.0244	-0.1829	0.9828	338.94	357.38	358.79
2026-05-07T16:16:42.6720998+08:00	0x01	-0.0187	-0.0414	-0.2521	0.9666	330.88	355.94	356.73
2026-05-07T16:16:42.6720998+08:00	0x03	-0.0031	-0.0168	0.2781	0.9604	32.30	358.05	0.20
2026-05-07T16:16:42.6720998+08:00	0x07	0.1911	0.6952	-0.1650	0.6730	2.86	92.60	29.13
2026-05-07T16:16:42.6720998+08:00	0x02	0.0136	0.0016	-0.9588	0.2839	212.98	358.55	0.61
2026-05-07T16:16:42.6730952+08:00	0x06	0.7332	0.2027	-0.6421	0.0953	169.00	260.12	23.58
2026-05-07T16:16:42.6730952+08:00	0x08	-0.0088	-0.0283	0.0410	0.9987	4.72	356.72	359.13
2026-05-07T16:16:42.6730952+08:00	0x01	-0.0187	-0.0414	-0.2521	0.9666	330.88	355.94	356.73
2026-05-07T16:16:42.6730952+08:00	0x03	-0.0031	-0.0168	0.2781	0.9604	32.30	358.05	0.20
2026-05-07T16:16:42.6730952+08:00	0x07	0.1889	0.6967	-0.1625	0.6727	2.92	92.76	28.72
2026-05-07T16:16:42.6730952+08:00	0x02	0.0136	0.0016	-0.9588	0.2839	212.98	358.55	0.61
2026-05-07T16:16:42.6730952+08:00	0x06	0.7344	0.2041	-0.6401	0.0962	168.87	259.81	23.75
2026-05-07T16:16:42.6730952+08:00	0x01	-0.0187	-0.0414	-0.2521	0.9666	330.88	355.94	356.73
2026-05-07T16:16:42.6730952+08:00	0x08	-0.0088	-0.0283	0.0410	0.9987	4.73	356.72	359.13
2026-05-07T16:16:42.6730952+08:00	0x07	0.1852	0.6985	-0.1589	0.6727	2.92	92.89	28.11
2026-05-07T16:16:42.6730952+08:00	0x06	0.7344	0.2050	-0.6399	0.0957	168.74	259.75	23.76
2026-05-07T16:16:42.6730952+08:00	0x01	-0.0187	-0.0414	-0.2521	0.9666	330.88	355.94	356.73
2026-05-07T16:16:42.6730952+08:00	0x04	-0.0063	-0.0244	-0.1829	0.9828	338.94	357.38	358.78
2026-05-07T16:16:42.6730952+08:00	0x03	-0.0031	-0.0168	0.2781	0.9604	32.30	358.05	0.20
2026-05-07T16:16:42.6730952+08:00	0x07	0.1843	0.6986	-0.1588	0.6729	2.85	92.85	28.03
2026-05-07T16:16:42.6730952+08:00	0x02	0.0136	0.0016	-0.9588	0.2839	212.98	358.55	0.61
2026-05-07T16:16:42.6730952+08:00	0x06	0.7344	0.2049	-0.6399	0.0958	168.77	259.77	23.77
2026-05-07T16:16:42.6730952+08:00	0x01	-0.0186	-0.0414	-0.2521	0.9666	330.88	355.94	356.74
2026-05-07T16:16:42.6730952+08:00	0x04	-0.0062	-0.0244	-0.1829	0.9828	338.94	357.38	358.79
2026-05-07T16:16:42.6730952+08:00	0x08	-0.0088	-0.0283	0.0410	0.9987	4.73	356.72	359.13
2026-05-07T16:16:42.6730952+08:00	0x06	0.7346	0.2055	-0.6393	0.0969	168.77	259.68	23.90
2026-05-07T16:16:42.6730952+08:00	0x01	-0.0186	-0.0414	-0.2521	0.9666	330.88	355.94	356.74
2026-05-07T16:16:42.6730952+08:00	0x08	-0.0088	-0.0284	0.0410	0.9987	4.73	356.71	359.13
2026-05-07T16:16:42.6730952+08:00	0x04	-0.0062	-0.0244	-0.1829	0.9828	338.94	357.38	358.79
2026-05-07T16:16:42.6730952+08:00	0x07	0.1778	0.7006	-0.1522	0.6741	2.83	92.89	26.93
2026-05-07T16:16:42.6730952+08:00	0x02	0.0136	0.0016	-0.9588	0.2839	212.98	358.55	0.61
2026-05-07T16:16:42.6730952+08:00	0x06	0.7344	0.2065	-0.6393	0.0966	168.66	259.67	23.95
2026-05-07T16:16:42.6730952+08:00	0x01	-0.0186	-0.0414	-0.2521	0.9666	330.88	355.94	356.74
2026-05-07T16:16:42.6730952+08:00	0x08	-0.0088	-0.0284	0.0410	0.9987	4.73	356.71	359.13
2026-05-07T16:16:42.6730952+08:00	0x07	0.1760	0.7007	-0.1510	0.6747	2.75	92.82	26.68
2026-05-07T16:16:42.6730952+08:00	0x06	0.7342	0.2062	-0.6397	0.0965	168.68	259.72	23.92
2026-05-07T16:16:42.6730952+08:00	0x01	-0.0186	-0.0414	-0.2521	0.9666	330.88	355.94	356.74
2026-05-07T16:16:42.6730952+08:00	0x08	-0.0088	-0.0284	0.0410	0.9987	4.73	356.71	359.13
2026-05-07T16:16:42.6730952+08:00	0x07	0.1736	0.7015	-0.1485	0.6751	2.75	92.84	26.28
2026-05-07T16:16:42.6730952+08:00	0x03	-0.0031	-0.0169	0.2781	0.9604	32.30	358.05	0.20
2026-05-07T16:16:42.6730952+08:00	0x02	0.0136	0.0016	-0.9588	0.2839	212.98	358.55	0.61
2026-05-07T16:16:42.6730952+08:00	0x01	-0.0187	-0.0414	-0.2521	0.9666	330.88	355.95	356.73
2026-05-07T16:16:42.6730952+08:00	0x04	-0.0062	-0.0244	-0.1829	0.9828	338.94	357.38	358.79
2026-05-07T16:16:42.6730952+08:00	0x03	-0.0031	-0.0168	0.2781	0.9604	32.30	358.05	0.20
2026-05-07T16:16:42.6730952+08:00	0x06	0.7341	0.2061	-0.6398	0.0963	168.68	259.75	23.90
2026-05-07T16:16:42.6730952+08:00	0x01	-0.0187	-0.0414	-0.2521	0.9666	330.88	355.94	356.73
2026-05-07T16:16:42.6730952+08:00	0x08	-0.0088	-0.0283	0.0410	0.9987	4.73	356.72	359.13
2026-05-07T16:16:42.6730952+08:00	0x07	0.1695	0.7024	-0.1445	0.6761	2.71	92.80	25.60
2026-05-07T16:16:42.6730952+08:00	0x03	-0.0031	-0.0168	0.2781	0.9604	32.30	358.05	0.20
2026-05-07T16:16:42.6730952+08:00	0x06	0.7346	0.2057	-0.6393	0.0966	168.73	259.67	23.89
2026-05-07T16:16:42.6730952+08:00	0x01	-0.0187	-0.0414	-0.2521	0.9666	330.88	355.94	356.73
2026-05-07T16:16:42.6730952+08:00	0x08	-0.0088	-0.0283	0.0410	0.9987	4.73	356.72	359.13
2026-05-07T16:16:42.6730952+08:00	0x07	0.1665	0.7035	-0.1412	0.6764	2.73	92.86	25.08
2026-05-07T16:16:42.6730952+08:00	0x03	-0.0031	-0.0168	0.2781	0.9604	32.30	358.05	0.20
2026-05-07T16:16:42.6730952+08:00	0x02	0.0136	0.0016	-0.9588	0.2839	212.98	358.55	0.61
2026-05-07T16:16:42.6730952+08:00	0x06	0.7353	0.2064	-0.6383	0.0963	168.61	259.50	23.90
2026-05-07T16:16:42.6730952+08:00	0x08	-0.0088	-0.0283	0.0410	0.9987	4.73	356.72	359.13
2026-05-07T16:16:42.6730952+08:00	0x07	0.1647	0.7041	-0.1393	0.6765	2.74	92.89	24.78
2026-05-07T16:16:42.6730952+08:00	0x03	-0.0031	-0.0168	0.2781	0.9604	32.30	358.05	0.20
2026-05-07T16:16:42.6730952+08:00	0x01	-0.0187	-0.0414	-0.2521	0.9666	330.88	355.94	356.73
2026-05-07T16:16:42.6730952+08:00	0x06	0.7350	0.2078	-0.6381	0.0967	168.49	259.47	24.04
2026-05-07T16:16:42.6730952+08:00	0x02	0.0136	0.0016	-0.9588	0.2839	212.98	358.55	0.61
2026-05-07T16:16:42.6730952+08:00	0x04	-0.0062	-0.0244	-0.1829	0.9828	338.94	357.38	358.79
2026-05-07T16:16:42.6730952+08:00	0x07	0.1652	0.7037	-0.1401	0.6767	2.71	92.84	24.88
2026-05-07T16:16:42.6730952+08:00	0x03	-0.0031	-0.0168	0.2781	0.9604	32.30	358.05	0.20
2026-05-07T16:16:42.6730952+08:00	0x06	0.7362	0.2081	-0.6369	0.0952	168.31	259.25	23.91
2026-05-07T16:16:42.6730952+08:00	0x01	-0.0186	-0.0414	-0.2521	0.9666	330.88	355.94	356.74
2026-05-07T16:16:42.6730952+08:00	0x04	-0.0062	-0.0244	-0.1829	0.9828	338.94	357.38	358.79
2026-05-07T16:16:42.6740927+08:00	0x08	-0.0088	-0.0283	0.0410	0.9987	4.73	356.72	359.13
2026-05-07T16:16:42.6740927+08:00	0x03	-0.0031	-0.0168	0.2781	0.9604	32.30	358.05	0.20
2026-05-07T16:16:42.6740927+08:00	0x06	0.7368	0.2076	-0.6365	0.0940	168.26	259.17	23.76
2026-05-07T16:16:42.6740927+08:00	0x08	-0.0088	-0.0283	0.0410	0.9987	4.73	356.72	359.13
2026-05-07T16:16:42.6740927+08:00	0x03	-0.0031	-0.0168	0.2781	0.9604	32.30	358.05	0.20
2026-05-07T16:16:42.6740927+08:00	0x07	0.1691	0.7035	-0.1443	0.6750	2.74	92.99	25.55
2026-05-07T16:16:42.6740927+08:00	0x06	0.7370	0.2073	-0.6364	0.0943	168.30	259.15	23.76
2026-05-07T16:16:42.6740927+08:00	0x01	-0.0186	-0.0414	-0.2521	0.9666	330.88	355.94	356.74
2026-05-07T16:16:42.6740927+08:00	0x04	-0.0062	-0.0244	-0.1829	0.9828	338.94	357.38	358.79
2026-05-07T16:16:42.6740927+08:00	0x08	-0.0088	-0.0283	0.0410	0.9987	4.73	356.72	359.13
2026-05-07T16:16:42.6740927+08:00	0x07	0.1712	0.7031	-0.1466	0.6744	2.74	93.02	25.91
2026-05-07T16:16:42.6740927+08:00	0x03	-0.0031	-0.0168	0.2781	0.9604	32.30	358.05	0.20
2026-05-07T16:16:42.6740927+08:00	0x06	0.7348	0.2076	-0.6385	0.0964	168.51	259.52	24.00
2026-05-07T16:16:42.6740927+08:00	0x01	-0.0186	-0.0414	-0.2521	0.9666	330.88	355.94	356.74
2026-05-07T16:16:42.6740927+08:00	0x04	-0.0062	-0.0244	-0.1829	0.9828	338.94	357.38	358.79
2026-05-07T16:16:42.6740927+08:00	0x07	0.1686	0.7026	-0.1444	0.6760	2.65	92.81	25.53
2026-05-07T16:16:42.6740927+08:00	0x03	-0.0031	-0.0168	0.2781	0.9604	32.30	358.05	0.20
2026-05-07T16:16:42.6740927+08:00	0x06	0.7349	0.2069	-0.6387	0.0959	168.54	259.56	23.90
2026-05-07T16:16:42.6740927+08:00	0x02	0.0136	0.0016	-0.9588	0.2839	212.98	358.55	0.61
2026-05-07T16:16:42.6740927+08:00	0x04	-0.0062	-0.0244	-0.1829	0.9828	338.94	357.38	358.79
2026-05-07T16:16:42.6740927+08:00	0x03	-0.0031	-0.0168	0.2781	0.9604	32.30	358.05	0.20
2026-05-07T16:16:42.6740927+08:00	0x07	0.1655	0.7033	-0.1413	0.6767	2.63	92.79	25.01
2026-05-07T16:16:42.6740927+08:00	0x08	-0.0088	-0.0283	0.0410	0.9987	4.73	356.72	359.13
2026-05-07T16:16:42.6740927+08:00	0x06	0.7346	0.2063	-0.6393	0.0955	168.59	259.64	23.83
2026-05-07T16:16:42.6740927+08:00	0x02	0.0136	0.0016	-0.9588	0.2839	212.98	358.55	0.61
2026-05-07T16:16:42.6740927+08:00	0x08	-0.0088	-0.0283	0.0410	0.9987	4.73	356.72	359.13
2026-05-07T16:16:42.6740927+08:00	0x07	0.1622	0.7038	-0.1380	0.6777	2.59	92.73	24.46
2026-05-07T16:16:42.6740927+08:00	0x06	0.7356	0.2057	-0.6385	0.0946	168.54	259.50	23.70
2026-05-07T16:16:42.6740927+08:00	0x05	-0.0026	0.0185	0.4263	0.9044	50.46	1.79	358.83
2026-05-07T16:16:42.6740927+08:00	0x01	-0.0186	-0.0414	-0.2521	0.9666	330.88	355.94	356.74
2026-05-07T16:16:42.6740927+08:00	0x08	-0.0088	-0.0283	0.0410	0.9987	4.73	356.72	359.13
2026-05-07T16:16:42.6740927+08:00	0x04	-0.0062	-0.0244	-0.1829	0.9828	338.94	357.38	358.79
2026-05-07T16:16:42.6740927+08:00	0x03	-0.0031	-0.0168	0.2781	0.9604	32.30	358.05	0.20
2026-05-07T16:16:42.6740927+08:00	0x07	0.1603	0.7049	-0.1360	0.6775	2.62	92.83	24.13
2026-05-07T16:16:42.6740927+08:00	0x06	0.7352	0.2049	-0.6393	0.0938	168.58	259.63	23.57
2026-05-07T16:16:42.6740927+08:00	0x01	-0.0186	-0.0414	-0.2521	0.9666	330.88	355.94	356.74
2026-05-07T16:16:42.6740927+08:00	0x03	-0.0031	-0.0168	0.2781	0.9604	32.30	358.05	0.20
2026-05-07T16:16:42.6740927+08:00	0x07	0.1831	0.6807	-0.1549	0.6921	2.26	89.61	27.68
2026-05-07T16:16:42.6740927+08:00	0x06	0.6899	0.1939	-0.6893	0.1059	172.33	268.29	24.42
2026-05-07T16:16:42.6740927+08:00	0x02	0.0136	0.0016	-0.9588	0.2839	212.98	358.55	0.61
2026-05-07T16:16:42.6740927+08:00	0x08	-0.0088	-0.0283	0.0410	0.9987	4.73	356.72	359.13
2026-05-07T16:16:42.6740927+08:00	0x03	-0.0031	-0.0168	0.2781	0.9604	32.30	358.05	0.20
2026-05-07T16:16:42.6740927+08:00	0x07	0.1820	0.6441	-0.1658	0.7242	359.63	83.20	28.51
2026-05-07T16:16:42.6740927+08:00	0x06	0.6742	0.2046	-0.7016	0.1065	171.95	270.46	25.52
2026-05-07T16:16:42.6740927+08:00	0x02	0.0136	0.0016	-0.9588	0.2839	212.98	358.55	0.61
2026-05-07T16:16:42.6740927+08:00	0x01	-0.0186	-0.0414	-0.2521	0.9666	330.88	355.94	356.74
2026-05-07T16:16:42.6740927+08:00	0x08	-0.0088	-0.0283	0.0410	0.9987	4.73	356.72	359.13
2026-05-07T16:16:42.6740927+08:00	0x03	-0.0031	-0.0168	0.2781	0.9604	32.30	358.05	0.20
2026-05-07T16:16:42.6740927+08:00	0x07	0.1767	0.6494	-0.1780	0.7179	358.30	83.82	29.01
2026-05-07T16:16:42.6740927+08:00	0x06	0.6831	0.1964	-0.6981	0.0859	170.73	269.35	23.05
2026-05-07T16:16:42.6740927+08:00	0x01	-0.0186	-0.0414	-0.2521	0.9666	330.88	355.94	356.74
2026-05-07T16:16:42.6740927+08:00	0x03	-0.0031	-0.0168	0.2781	0.9604	32.30	358.05	0.20
2026-05-07T16:16:42.6740927+08:00	0x06	0.6859	0.1901	-0.6980	0.0782	170.59	269.18	21.88
2026-05-07T16:16:42.6740927+08:00	0x02	0.0136	0.0016	-0.9588	0.2839	212.98	358.55	0.61
2026-05-07T16:16:42.6740927+08:00	0x01	-0.0186	-0.0414	-0.2521	0.9666	330.88	355.94	356.74
2026-05-07T16:16:42.6740927+08:00	0x08	-0.0088	-0.0283	0.0410	0.9987	4.73	356.72	359.13
2026-05-07T16:16:42.6740927+08:00	0x07	0.1693	0.6574	-0.1785	0.7123	357.93	84.89	28.42
2026-05-07T16:16:42.6740927+08:00	0x06	0.6872	0.1844	-0.6989	0.0732	170.69	269.24	20.99
2026-05-07T16:16:42.6740927+08:00	0x05	-0.0025	0.0185	0.4263	0.9044	50.46	1.80	358.84
2026-05-07T16:16:42.6740927+08:00	0x04	-0.0062	-0.0244	-0.1829	0.9828	338.94	357.38	358.79
2026-05-07T16:16:42.6740927+08:00	0x01	-0.0186	-0.0414	-0.2521	0.9666	330.88	355.94	356.74
2026-05-07T16:16:42.6740927+08:00	0x02	0.0136	0.0016	-0.9588	0.2839	212.98	358.55	0.61
2026-05-07T16:16:42.6740927+08:00	0x07	0.1704	0.6570	-0.1799	0.7120	357.89	84.86	28.62
2026-05-07T16:16:42.6750958+08:00	0x08	-0.0088	-0.0283	0.0410	0.9987	4.73	356.72	359.13
2026-05-07T16:16:42.6750958+08:00	0x06	0.6864	0.1817	-0.7006	0.0706	170.75	269.49	20.58
2026-05-07T16:16:42.6750958+08:00	0x01	-0.0186	-0.0414	-0.2521	0.9666	330.88	355.94	356.74
2026-05-07T16:16:42.6750958+08:00	0x04	-0.0062	-0.0244	-0.1829	0.9828	338.94	357.38	358.79
2026-05-07T16:16:42.6750958+08:00	0x02	0.0136	0.0016	-0.9588	0.2839	212.98	358.55	0.61
2026-05-07T16:16:42.6750958+08:00	0x03	-0.0031	-0.0168	0.2781	0.9604	32.30	358.05	0.20
2026-05-07T16:16:42.6750958+08:00	0x01	-0.0187	-0.0414	-0.2521	0.9666	330.88	355.94	356.73
2026-05-07T16:16:42.6750958+08:00	0x06	0.6865	0.1802	-0.7009	0.0697	170.81	269.53	20.39
2026-05-07T16:16:42.6966279+08:00	0x04	-0.0062	-0.0244	-0.1829	0.9828	338.94	357.38	358.79
2026-05-07T16:16:42.8294899+08:00	0x08	-0.0088	-0.0283	0.0410	0.9987	4.73	356.72	359.13
2026-05-07T16:16:42.9615058+08:00	0x06	0.6875	0.1799	-0.7002	0.0690	170.75	269.39	20.30
2026-05-07T16:16:43.1291749+08:00	0x01	-0.0186	-0.0414	-0.2521	0.9666	330.88	355.94	356.74
2026-05-07T16:16:43.2387810+08:00	0x04	-0.0062	-0.0244	-0.1829	0.9828	338.94	357.38	358.79
2026-05-07T16:16:43.2790058+08:00	0x02	0.0136	0.0016	-0.9588	0.2839	212.98	358.55	0.61
2026-05-07T16:16:43.3879949+08:00	0x07	0.1692	0.6564	-0.1792	0.7130	357.82	84.72	28.46
2026-05-07T16:16:43.5970248+08:00	0x06	0.6896	0.1757	-0.6998	0.0625	170.55	269.22	19.39
2026-05-07T16:16:43.6696092+08:00	0x01	-0.0186	-0.0414	-0.2521	0.9666	330.88	355.94	356.74
2026-05-07T16:16:43.7098786+08:00	0x04	-0.0062	-0.0244	-0.1829	0.9828	338.94	357.38	358.79
2026-05-07T16:16:43.7780783+08:00	0x02	0.0136	0.0016	-0.9588	0.2839	212.98	358.55	0.61
2026-05-07T16:16:43.9034067+08:00	0x03	-0.0031	-0.0169	0.2781	0.9604	32.30	358.04	0.20
2026-05-07T16:16:43.9426623+08:00	0x07	0.1714	0.6593	-0.1857	0.7081	357.58	85.28	29.18
2026-05-07T16:16:44.0506154+08:00	0x06	0.6923	0.1757	-0.6973	0.0606	170.32	268.77	19.21
2026-05-07T16:16:44.1393105+08:00	0x05	-0.0025	0.0184	0.4263	0.9044	50.46	1.79	358.84
