timestamp	device	q0	q1	q2	q3	yaw	pitch	roll
2026-05-09T14:34:06.9225349+08:00	0x03	0.0080	-0.0157	0.2173	0.9760	25.08	358.44	1.29
2026-05-09T14:34:07.0106278+08:00	0x07	-0.0157	-0.0294	-0.2953	0.9548	325.69	357.31	357.29
2026-05-09T14:34:07.0414086+08:00	0x08	-0.0032	-0.0555	0.1024	0.9932	11.76	353.63	0.28
2026-05-09T14:34:07.2209643+08:00	0x01	-0.0209	-0.0304	-0.1361	0.9900	344.42	356.87	357.15
2026-05-09T14:34:07.3710895+08:00	0x02	0.0221	0.0055	-0.9634	0.2673	210.98	357.73	1.29
2026-05-09T14:34:07.4305580+08:00	0x03	0.0080	-0.0157	0.2173	0.9760	25.08	358.44	1.29
2026-05-09T14:34:07.5557405+08:00	0x09	0.0530	-0.0640	-0.6265	0.7750	282.09	350.46	0.12
2026-05-09T14:34:07.5632697+08:00	0x08	-0.0032	-0.0555	0.1024	0.9932	11.76	353.63	0.28
2026-05-09T14:34:07.7034189+08:00	0x02	0.0222	0.0055	-0.9634	0.2673	210.98	357.72	1.29
2026-05-09T14:34:07.8361387+08:00	0x06	0.7517	0.0208	-0.6538	-0.0841	171.84	262.44	354.31
2026-05-09T14:34:07.8668066+08:00	0x01	-0.0210	-0.0304	-0.1361	0.9900	344.42	356.87	357.15
2026-05-09T14:34:07.9761322+08:00	0x03	0.0080	-0.0157	0.2173	0.9760	25.08	358.44	1.29
2026-05-09T14:34:08.1094856+08:00	0x08	-0.0032	-0.0555	0.1024	0.9932	11.76	353.63	0.28
2026-05-09T14:34:08.1479821+08:00	0x07	-0.0157	-0.0294	-0.2953	0.9548	325.69	357.31	357.29
2026-05-09T14:34:08.2975020+08:00	0x02	0.0222	0.0055	-0.9634	0.2673	210.98	357.72	1.29
2026-05-09T14:34:08.3289878+08:00	0x01	-0.0210	-0.0304	-0.1361	0.9900	344.42	356.87	357.15
2026-05-09T14:34:08.4181871+08:00	0x04	-0.0133	-0.0250	-0.2579	0.9658	330.15	357.62	357.79
2026-05-09T14:34:08.5087737+08:00	0x03	0.0080	-0.0157	0.2173	0.9760	25.08	358.44	1.29
2026-05-09T14:34:08.5479258+08:00	0x09	0.0530	-0.0640	-0.6265	0.7750	282.09	350.47	0.12
2026-05-09T14:34:08.6778671+08:00	0x07	-0.0157	-0.0294	-0.2953	0.9548	325.69	357.31	357.29
2026-05-09T14:34:08.7961290+08:00	0x02	0.0222	0.0055	-0.9634	0.2673	210.98	357.72	1.29
2026-05-09T14:34:08.9226205+08:00	0x05	-0.0006	0.0129	0.4386	0.8986	52.03	1.30	359.28
2026-05-09T14:34:08.9680607+08:00	0x01	-0.0210	-0.0304	-0.1361	0.9900	344.42	356.87	357.15
2026-05-09T14:34:09.1016083+08:00	0x09	0.0530	-0.0640	-0.6265	0.7750	282.09	350.47	0.12
2026-05-09T14:34:09.1318847+08:00	0x03	0.0080	-0.0158	0.2173	0.9760	25.08	358.43	1.29
2026-05-09T14:34:09.1476792+08:00	0x06	0.7528	0.0294	-0.6532	-0.0759	171.74	262.21	355.65
2026-05-09T14:34:09.2020446+08:00	0x07	-0.0157	-0.0294	-0.2953	0.9548	325.69	357.31	357.29
2026-05-09T14:34:09.3703314+08:00	0x02	0.0222	0.0055	-0.9634	0.2673	210.98	357.72	1.29
2026-05-09T14:34:09.4143286+08:00	0x01	-0.0210	-0.0304	-0.1361	0.9900	344.42	356.87	357.15
2026-05-09T14:34:09.5618389+08:00	0x04	-0.0133	-0.0251	-0.2579	0.9658	330.15	357.62	357.79
2026-05-09T14:34:09.5852272+08:00	0x09	0.0530	-0.0640	-0.6265	0.7750	282.09	350.47	0.12
2026-05-09T14:34:09.6390342+08:00	0x03	0.0080	-0.0158	0.2173	0.9760	25.08	358.43	1.29
2026-05-09T14:34:09.7331758+08:00	0x08	-0.0032	-0.0555	0.1024	0.9932	11.76	353.63	0.28
2026-05-09T14:34:09.9116279+08:00	0x07	-0.0157	-0.0294	-0.2953	0.9548	325.69	357.31	357.29
2026-05-09T14:34:09.9817695+08:00	0x01	-0.0210	-0.0304	-0.1361	0.9900	344.42	356.87	357.15
2026-05-09T14:34:10.1200946+08:00	0x04	-0.0133	-0.0251	-0.2579	0.9658	330.15	357.61	357.79
2026-05-09T14:34:10.1755446+08:00	0x09	0.0530	-0.0640	-0.6265	0.7750	282.09	350.47	0.12
2026-05-09T14:34:10.2293850+08:00	0x03	0.0080	-0.0157	0.2173	0.9760	25.08	358.44	1.29
2026-05-09T14:34:10.2797831+08:00	0x07	-0.0157	-0.0294	-0.2953	0.9548	325.69	357.31	357.29
2026-05-09T14:34:10.4695804+08:00	0x02	0.0222	0.0056	-0.9634	0.2673	210.98	357.72	1.29
2026-05-09T14:34:10.6090721+08:00	0x01	-0.0210	-0.0304	-0.1361	0.9900	344.42	356.87	357.15
2026-05-09T14:34:10.6723276+08:00	0x04	-0.0133	-0.0251	-0.2579	0.9658	330.15	357.62	357.79
2026-05-09T14:34:10.7405891+08:00	0x09	0.0530	-0.0640	-0.6265	0.7750	282.09	350.47	0.12
2026-05-09T14:34:10.7705547+08:00	0x03	0.0080	-0.0158	0.2173	0.9760	25.08	358.43	1.29
2026-05-09T14:34:10.8357028+08:00	0x07	-0.0157	-0.0294	-0.2953	0.9548	325.69	357.31	357.29
2026-05-09T14:34:11.0093565+08:00	0x06	0.7481	0.0311	-0.6591	-0.0707	171.95	263.02	356.28
2026-05-09T14:34:11.0751775+08:00	0x01	-0.0210	-0.0304	-0.1361	0.9900	344.42	356.87	357.15
2026-05-09T14:34:11.2933356+08:00	0x09	0.0530	-0.0640	-0.6265	0.7750	282.09	350.47	0.12
2026-05-09T14:34:11.3268939+08:00	0x03	0.0080	-0.0158	0.2173	0.9760	25.08	358.43	1.29
2026-05-09T14:34:11.3872062+08:00	0x07	-0.0157	-0.0294	-0.2953	0.9548	325.69	357.31	357.29
2026-05-09T14:34:11.6023671+08:00	0x06	0.7478	0.0303	-0.6599	-0.0670	172.30	263.09	356.55
2026-05-09T14:34:11.6508797+08:00	0x01	-0.0210	-0.0304	-0.1361	0.9900	344.42	356.87	357.15
2026-05-09T14:34:11.7459892+08:00	0x04	-0.0133	-0.0251	-0.2579	0.9658	330.15	357.62	357.79
2026-05-09T14:34:11.8252127+08:00	0x09	0.0530	-0.0640	-0.6265	0.7750	282.09	350.47	0.12
2026-05-09T14:34:11.8939307+08:00	0x07	-0.0157	-0.0294	-0.2953	0.9548	325.69	357.31	357.29
2026-05-09T14:34:12.1077561+08:00	0x05	-0.0006	0.0129	0.4386	0.8986	52.03	1.30	359.29
2026-05-09T14:34:12.1161642+08:00	0x06	0.7159	0.0162	-0.6929	-0.0844	171.90	268.54	354.36
2026-05-09T14:34:12.2840099+08:00	0x01	-0.0210	-0.0304	-0.1361	0.9900	344.42	356.87	357.15
2026-05-09T14:34:12.3829688+08:00	0x03	0.0080	-0.0158	0.2173	0.9760	25.08	358.43	1.29
2026-05-09T14:34:12.4264079+08:00	0x09	0.0530	-0.0640	-0.6265	0.7750	282.09	350.47	0.12
2026-05-09T14:34:12.6453354+08:00	0x02	0.0222	0.0055	-0.9634	0.2673	210.98	357.72	1.29
2026-05-09T14:34:12.7460463+08:00	0x01	-0.0210	-0.0304	-0.1361	0.9900	344.42	356.87	357.15
2026-05-09T14:34:12.8458113+08:00	0x04	-0.0133	-0.0251	-0.2579	0.9658	330.15	357.62	357.79
2026-05-09T14:34:12.9486024+08:00	0x03	0.0080	-0.0157	0.2173	0.9760	25.08	358.44	1.29
2026-05-09T14:34:12.9486024+08:00	0x08	-0.0032	-0.0555	0.1024	0.9932	11.76	353.63	0.28
2026-05-09T14:34:12.9763330+08:00	0x09	0.0530	-0.0640	-0.6265	0.7750	282.09	350.47	0.12
2026-05-09T14:34:13.0024028+08:00	0x07	-0.0157	-0.0294	-0.2953	0.9548	325.69	357.31	357.29
2026-05-09T14:34:13.2272774+08:00	0x02	0.0222	0.0055	-0.9634	0.2673	210.98	357.72	1.29
2026-05-09T14:34:13.3929419+08:00	0x01	-0.0210	-0.0304	-0.1361	0.9900	344.42	356.87	357.15
2026-05-09T14:34:13.4807961+08:00	0x08	-0.0032	-0.0555	0.1024	0.9932	11.76	353.63	0.28
2026-05-09T14:34:13.5002841+08:00	0x09	0.0530	-0.0640	-0.6265	0.7750	282.09	350.47	0.12
2026-05-09T14:34:13.6772994+08:00	0x07	-0.0157	-0.0294	-0.2953	0.9548	325.69	357.31	357.29
2026-05-09T14:34:13.7317367+08:00	0x02	0.0222	0.0055	-0.9634	0.2673	210.98	357.72	1.29
2026-05-09T14:34:13.8315213+08:00	0x01	-0.0210	-0.0304	-0.1361	0.9900	344.42	356.87	357.14
2026-05-09T14:34:13.9272935+08:00	0x04	-0.0133	-0.0251	-0.2579	0.9658	330.15	357.62	357.79
2026-05-09T14:34:14.0008603+08:00	0x03	0.0080	-0.0157	0.2173	0.9760	25.08	358.44	1.29
2026-05-09T14:34:14.0590228+08:00	0x07	-0.0157	-0.0294	-0.2953	0.9548	325.69	357.31	357.29
2026-05-09T14:34:14.0819910+08:00	0x09	0.0530	-0.0640	-0.6265	0.7750	282.09	350.47	0.12
2026-05-09T14:34:14.3307625+08:00	0x02	0.0221	0.0055	-0.9634	0.2673	210.98	357.73	1.29
2026-05-09T14:34:14.5049640+08:00	0x04	-0.0133	-0.0250	-0.2579	0.9658	330.15	357.62	357.79
2026-05-09T14:34:14.5746842+08:00	0x07	-0.0157	-0.0294	-0.2953	0.9548	325.69	357.31	357.29
2026-05-09T14:34:14.8117792+08:00	0x05	-0.0006	0.0129	0.4386	0.8986	52.03	1.30	359.29
2026-05-09T14:34:14.8475004+08:00	0x02	0.0221	0.0055	-0.9634	0.2673	210.98	357.73	1.29
2026-05-09T14:34:15.0735726+08:00	0x07	-0.0157	-0.0294	-0.2953	0.9548	325.69	357.31	357.29
2026-05-09T14:34:15.0969154+08:00	0x03	0.0080	-0.0157	0.2173	0.9760	25.08	358.44	1.29
2026-05-09T14:34:15.1289770+08:00	0x09	0.0530	-0.0640	-0.6265	0.7750	282.09	350.47	0.12
2026-05-09T14:34:15.3406974+08:00	0x08	-0.0032	-0.0555	0.1024	0.9932	11.76	353.63	0.29
2026-05-09T14:34:15.4028897+08:00	0x02	0.0221	0.0055	-0.9634	0.2673	210.98	357.73	1.29
2026-05-09T14:34:15.5970483+08:00	0x07	-0.0157	-0.0294	-0.2953	0.9548	325.69	357.31	357.28
2026-05-09T14:34:15.6247132+08:00	0x09	0.0530	-0.0640	-0.6265	0.7750	282.09	350.47	0.12
2026-05-09T14:34:15.6972198+08:00	0x08	-0.0032	-0.0555	0.1024	0.9932	11.76	353.63	0.28
2026-05-09T14:34:15.7600247+08:00	0x03	0.0080	-0.0157	0.2173	0.9760	25.08	358.44	1.29
2026-05-09T14:34:15.9308709+08:00	0x02	0.0221	0.0055	-0.9634	0.2673	210.98	357.73	1.29
2026-05-09T14:34:16.0154383+08:00	0x01	-0.0210	-0.0304	-0.1361	0.9900	344.42	356.87	357.14
2026-05-09T14:34:16.1340430+08:00	0x07	-0.0157	-0.0294	-0.2953	0.9548	325.69	357.31	357.28
2026-05-09T14:34:16.1834739+08:00	0x09	0.0530	-0.0640	-0.6265	0.7750	282.09	350.47	0.12
2026-05-09T14:34:16.2184299+08:00	0x04	-0.0133	-0.0250	-0.2579	0.9658	330.15	357.62	357.78
2026-05-09T14:34:16.3513877+08:00	0x08	-0.0032	-0.0555	0.1024	0.9932	11.76	353.63	0.28
2026-05-09T14:34:16.4279091+08:00	0x06	0.7168	0.0167	-0.6920	-0.0839	171.92	268.37	354.42
2026-05-09T14:34:16.4995563+08:00	0x01	-0.0210	-0.0304	-0.1361	0.9900	344.42	356.87	357.14
2026-05-09T14:34:16.6732217+08:00	0x02	0.0221	0.0055	-0.9634	0.2673	210.98	357.73	1.29
2026-05-09T14:34:16.7031549+08:00	0x07	-0.0157	-0.0294	-0.2953	0.9548	325.69	357.31	357.28
2026-05-09T14:34:16.7998991+08:00	0x08	-0.0032	-0.0555	0.1024	0.9932	11.76	353.63	0.28
2026-05-09T14:34:17.0056581+08:00	0x01	-0.0210	-0.0304	-0.1361	0.9900	344.42	356.87	357.15
2026-05-09T14:34:17.2302898+08:00	0x07	-0.0157	-0.0294	-0.2953	0.9548	325.69	357.31	357.28
2026-05-09T14:34:17.2781714+08:00	0x03	0.0080	-0.0157	0.2173	0.9760	25.08	358.44	1.29
2026-05-09T14:34:17.5176648+08:00	0x06	0.3787	-0.0220	-0.9010	-0.2103	158.31	316.61	348.53
2026-05-09T14:34:17.5798267+08:00	0x01	-0.0210	-0.0304	-0.1361	0.9900	344.42	356.87	357.15
2026-05-09T14:34:17.6334307+08:00	0x02	0.0221	0.0055	-0.9634	0.2673	210.98	357.73	1.29
2026-05-09T14:34:17.7824188+08:00	0x07	-0.0157	-0.0294	-0.2953	0.9548	325.69	357.31	357.29
2026-05-09T14:34:17.8844523+08:00	0x03	0.0080	-0.0157	0.2173	0.9760	25.08	358.44	1.29
2026-05-09T14:34:17.9044380+08:00	0x04	-0.0133	-0.0251	-0.2579	0.9658	330.15	357.62	357.79
2026-05-09T14:34:18.0483976+08:00	0x06	0.3359	-0.0281	-0.9137	-0.2272	156.12	322.13	348.23
2026-05-09T14:34:18.1079052+08:00	0x08	-0.0032	-0.0555	0.1024	0.9932	11.76	353.63	0.28
2026-05-09T14:34:18.1582244+08:00	0x01	-0.0210	-0.0304	-0.1361	0.9900	344.42	356.88	357.14
2026-05-09T14:34:18.1738450+08:00	0x02	0.0221	0.0055	-0.9634	0.2673	210.98	357.73	1.29
2026-05-09T14:34:18.3245122+08:00	0x09	0.0530	-0.0640	-0.6265	0.7750	282.09	350.47	0.11
2026-05-09T14:34:18.4110316+08:00	0x03	0.0080	-0.0157	0.2173	0.9760	25.08	358.44	1.29
2026-05-09T14:34:18.6105292+08:00	0x06	0.3259	-0.0198	-0.9179	-0.2254	155.93	323.17	349.44
2026-05-09T14:34:18.6906782+08:00	0x02	0.0221	0.0055	-0.9634	0.2673	210.98	357.73	1.29
2026-05-09T14:34:18.8390964+08:00	0x07	-0.0157	-0.0294	-0.2953	0.9548	325.69	357.31	357.29
2026-05-09T14:34:18.9242532+08:00	0x04	-0.0133	-0.0250	-0.2579	0.9658	330.15	357.62	357.79
2026-05-09T14:34:18.9807038+08:00	0x09	0.0530	-0.0640	-0.6265	0.7750	282.09	350.47	0.12
2026-05-09T14:34:19.1920667+08:00	0x06	0.3570	-0.0151	-0.9071	-0.2225	156.43	319.28	349.27
2026-05-09T14:34:19.2505129+08:00	0x01	-0.0210	-0.0304	-0.1361	0.9900	344.42	356.87	357.15
2026-05-09T14:34:19.3729027+08:00	0x07	-0.0157	-0.0294	-0.2953	0.9548	325.69	357.31	357.29
2026-05-09T14:34:19.4198140+08:00	0x02	0.0221	0.0055	-0.9634	0.2673	210.98	357.73	1.29
2026-05-09T14:34:19.4528004+08:00	0x09	0.0530	-0.0640	-0.6265	0.7750	282.09	350.47	0.12
2026-05-09T14:34:19.4910804+08:00	0x03	0.0080	-0.0157	0.2173	0.9760	25.08	358.44	1.29
2026-05-09T14:34:19.7053853+08:00	0x06	0.5478	-0.0690	-0.8078	-0.2063	164.11	294.49	340.27
2026-05-09T14:34:19.7832186+08:00	0x01	-0.0210	-0.0304	-0.1361	0.9900	344.42	356.87	357.15
2026-05-09T14:34:19.9589931+08:00	0x07	-0.0157	-0.0294	-0.2953	0.9548	325.69	357.31	357.29
2026-05-09T14:34:20.0399519+08:00	0x04	-0.0133	-0.0250	-0.2579	0.9658	330.15	357.62	357.79
2026-05-09T14:34:20.0870773+08:00	0x03	0.0080	-0.0157	0.2173	0.9760	25.08	358.44	1.29
2026-05-09T14:34:20.3418208+08:00	0x01	-0.0210	-0.0304	-0.1361	0.9900	344.42	356.87	357.15
2026-05-09T14:34:20.3808817+08:00	0x02	0.0221	0.0055	-0.9634	0.2673	210.98	357.73	1.29
2026-05-09T14:34:20.4268916+08:00	0x06	0.6756	-0.1075	-0.7087	-0.1723	173.85	273.97	337.34
2026-05-09T14:34:20.5111304+08:00	0x07	-0.0157	-0.0294	-0.2953	0.9548	325.69	357.31	357.29
2026-05-09T14:34:20.5650003+08:00	0x08	-0.0032	-0.0555	0.1024	0.9932	11.76	353.63	0.29
2026-05-09T14:34:20.6333102+08:00	0x03	0.0080	-0.0157	0.2173	0.9760	25.08	358.44	1.29
2026-05-09T14:34:20.8027389+08:00	0x06	0.7205	-0.0672	-0.6757	-0.1407	174.40	267.17	342.93
2026-05-09T14:34:20.8336571+08:00	0x04	-0.0133	-0.0250	-0.2579	0.9658	330.15	357.62	357.79
2026-05-09T14:34:20.8835869+08:00	0x02	0.0221	0.0055	-0.9634	0.2673	210.98	357.73	1.29
2026-05-09T14:34:21.0367929+08:00	0x07	-0.0157	-0.0294	-0.2953	0.9548	325.69	357.31	357.29
2026-05-09T14:34:21.1096514+08:00	0x08	-0.0032	-0.0555	0.1024	0.9932	11.76	353.63	0.29
2026-05-09T14:34:21.1664637+08:00	0x03	0.0080	-0.0157	0.2173	0.9760	25.08	358.44	1.29
2026-05-09T14:34:21.2249891+08:00	0x04	-0.0133	-0.0250	-0.2579	0.9658	330.15	357.62	357.78
2026-05-09T14:34:21.2920896+08:00	0x06	0.7378	-0.0325	-0.6634	-0.1203	173.43	264.65	347.26
2026-05-09T14:34:21.4336423+08:00	0x01	-0.0209	-0.0304	-0.1361	0.9900	344.42	356.87	357.15
2026-05-09T14:34:21.5852336+08:00	0x07	-0.0157	-0.0294	-0.2953	0.9548	325.69	357.31	357.29
2026-05-09T14:34:21.5990723+08:00	0x02	0.0221	0.0055	-0.9634	0.2673	210.98	357.73	1.29
2026-05-09T14:34:21.7081732+08:00	0x03	0.0080	-0.0157	0.2173	0.9760	25.08	358.44	1.29
2026-05-09T14:34:21.7343889+08:00	0x04	-0.0133	-0.0251	-0.2579	0.9658	330.15	357.62	357.78
2026-05-09T14:34:22.0141000+08:00	0x01	-0.0209	-0.0304	-0.1361	0.9900	344.42	356.87	357.15
2026-05-09T14:34:22.0556440+08:00	0x09	0.0530	-0.0640	-0.6265	0.7750	282.09	350.47	0.11
2026-05-09T14:34:22.0788284+08:00	0x07	-0.0157	-0.0294	-0.2953	0.9548	325.69	357.31	357.29
2026-05-09T14:34:22.2200069+08:00	0x08	-0.0033	-0.0555	0.1024	0.9932	11.76	353.63	0.28
2026-05-09T14:34:22.2899220+08:00	0x03	0.0080	-0.0157	0.2173	0.9760	25.08	358.44	1.29
2026-05-09T14:34:22.4614901+08:00	0x06	0.7136	-0.0461	-0.6885	-0.1205	174.09	268.66	346.38
2026-05-09T14:34:22.5343023+08:00	0x05	-0.0006	0.0130	0.4386	0.8986	52.03	1.30	359.28
2026-05-09T14:34:22.5404964+08:00	0x02	0.0221	0.0055	-0.9634	0.2673	210.98	357.73	1.29
2026-05-09T14:34:22.5852465+08:00	0x07	-0.0157	-0.0294	-0.2953	0.9548	325.69	357.31	357.29
2026-05-09T14:34:22.8021799+08:00	0x08	-0.0032	-0.0555	0.1024	0.9932	11.76	353.63	0.28
2026-05-09T14:34:22.8874965+08:00	0x04	-0.0133	-0.0251	-0.2579	0.9658	330.15	357.62	357.78
2026-05-09T14:34:23.0448384+08:00	0x06	0.7380	-0.0055	-0.6732	-0.0455	176.94	264.86	355.72
2026-05-09T14:34:23.0996772+08:00	0x02	0.0221	0.0056	-0.9634	0.2673	210.98	357.73	1.29
2026-05-09T14:34:23.1414316+08:00	0x09	0.0530	-0.0640	-0.6265	0.7750	282.09	350.47	0.12
2026-05-09T14:34:23.3430126+08:00	0x03	0.0080	-0.0157	0.2173	0.9760	25.08	358.44	1.29
2026-05-09T14:34:23.4033550+08:00	0x04	-0.0133	-0.0251	-0.2579	0.9658	330.15	357.62	357.78
2026-05-09T14:34:23.5656374+08:00	0x06	0.7551	0.0734	-0.6464	0.0812	179.65	261.10	12.56
2026-05-09T14:34:23.6524192+08:00	0x09	0.0530	-0.0640	-0.6265	0.7750	282.09	350.47	0.12
2026-05-09T14:34:23.6932711+08:00	0x01	-0.0210	-0.0304	-0.1361	0.9900	344.42	356.87	357.15
2026-05-09T14:34:23.7167306+08:00	0x07	-0.0157	-0.0294	-0.2953	0.9548	325.69	357.31	357.29
2026-05-09T14:34:23.8650430+08:00	0x03	0.0080	-0.0158	0.2173	0.9760	25.08	358.43	1.29
2026-05-09T14:34:23.9047778+08:00	0x08	-0.0032	-0.0555	0.1024	0.9932	11.76	353.63	0.28
2026-05-09T14:34:24.0254612+08:00	0x06	0.7518	0.1002	-0.6418	0.1138	179.72	260.93	17.44
2026-05-09T14:34:24.1963381+08:00	0x01	-0.0210	-0.0304	-0.1361	0.9900	344.42	356.87	357.15
2026-05-09T14:34:24.2461256+08:00	0x07	-0.0157	-0.0294	-0.2953	0.9548	325.69	357.31	357.29
2026-05-09T14:34:24.4363201+08:00	0x03	0.0080	-0.0157	0.2173	0.9760	25.08	358.44	1.29
2026-05-09T14:34:24.6467765+08:00	0x06	0.7470	0.1244	-0.6386	0.1368	179.32	260.93	21.30
2026-05-09T14:34:24.6865846+08:00	0x01	-0.0210	-0.0304	-0.1361	0.9900	344.42	356.87	357.15
2026-05-09T14:34:24.7656119+08:00	0x02	0.0221	0.0055	-0.9634	0.2673	210.98	357.73	1.29
2026-05-09T14:34:24.8002520+08:00	0x09	0.0530	-0.0640	-0.6265	0.7750	282.09	350.46	0.12
2026-05-09T14:34:24.8671446+08:00	0x07	-0.0157	-0.0294	-0.2953	0.9548	325.69	357.31	357.29
2026-05-09T14:34:24.9776029+08:00	0x04	-0.0133	-0.0250	-0.2579	0.9658	330.15	357.62	357.78
2026-05-09T14:34:25.1297599+08:00	0x06	0.7448	0.1371	-0.6358	0.1491	179.09	260.79	23.35
2026-05-09T14:34:25.1364573+08:00	0x03	0.0080	-0.0158	0.2173	0.9760	25.08	358.43	1.29
2026-05-09T14:34:25.2311566+08:00	0x01	-0.0210	-0.0304	-0.1361	0.9900	344.42	356.87	357.15
2026-05-09T14:34:25.2931300+08:00	0x02	0.0221	0.0055	-0.9634	0.2673	210.98	357.73	1.29
2026-05-09T14:34:25.3812700+08:00	0x09	0.0530	-0.0640	-0.6265	0.7750	282.09	350.47	0.12
2026-05-09T14:34:25.5041330+08:00	0x04	-0.0133	-0.0250	-0.2579	0.9658	330.15	357.62	357.78
2026-05-09T14:34:25.7410866+08:00	0x06	0.7378	0.1493	-0.6401	0.1538	178.52	261.56	24.71
2026-05-09T14:34:25.7773834+08:00	0x01	-0.0210	-0.0304	-0.1361	0.9900	344.42	356.87	357.15
2026-05-09T14:34:25.8274925+08:00	0x07	-0.0157	-0.0294	-0.2953	0.9548	325.69	357.31	357.29
2026-05-09T14:34:25.9967252+08:00	0x09	0.0530	-0.0640	-0.6265	0.7750	282.09	350.47	0.12
2026-05-09T14:34:26.0674097+08:00	0x04	-0.0133	-0.0250	-0.2579	0.9658	330.15	357.62	357.78
2026-05-09T14:34:26.0992554+08:00	0x03	0.0080	-0.0158	0.2173	0.9760	25.08	358.43	1.29
2026-05-09T14:34:26.3156817+08:00	0x06	0.6859	0.1596	-0.7004	0.1163	176.52	270.51	22.52
2026-05-09T14:34:26.3672201+08:00	0x01	-0.0210	-0.0304	-0.1361	0.9900	344.42	356.87	357.15
2026-05-09T14:34:26.4428512+08:00	0x09	0.0530	-0.0640	-0.6265	0.7750	282.09	350.47	0.12
2026-05-09T14:34:26.6041918+08:00	0x03	0.0080	-0.0158	0.2173	0.9760	25.08	358.43	1.29
2026-05-09T14:34:26.8322622+08:00	0x06	0.6001	0.1079	-0.7922	0.0248	174.71	285.17	11.57
2026-05-09T14:34:26.8916450+08:00	0x07	-0.0157	-0.0294	-0.2953	0.9548	325.69	357.31	357.29
2026-05-09T14:34:26.9532028+08:00	0x02	0.0221	0.0055	-0.9634	0.2673	210.98	357.73	1.29
2026-05-09T14:34:27.0512838+08:00	0x01	-0.0210	-0.0304	-0.1361	0.9900	344.42	356.87	357.15
2026-05-09T14:34:27.1320385+08:00	0x03	0.0080	-0.0158	0.2173	0.9760	25.08	358.43	1.29
2026-05-09T14:34:27.2002088+08:00	0x09	0.0530	-0.0640	-0.6265	0.7750	282.09	350.47	0.11
2026-05-09T14:34:27.3385798+08:00	0x04	-0.0133	-0.0250	-0.2579	0.9658	330.15	357.62	357.78
2026-05-09T14:34:27.4205001+08:00	0x06	0.7318	0.0844	-0.6759	-0.0216	171.18	265.09	4.73
2026-05-09T14:34:27.4992080+08:00	0x07	-0.0157	-0.0294	-0.2953	0.9548	325.69	357.31	357.29
2026-05-09T14:34:27.6003480+08:00	0x02	0.0221	0.0055	-0.9634	0.2673	210.98	357.73	1.29
2026-05-09T14:34:27.6697652+08:00	0x03	0.0080	-0.0158	0.2173	0.9760	25.08	358.43	1.29
2026-05-09T14:34:27.8868580+08:00	0x01	-0.0210	-0.0304	-0.1361	0.9900	344.42	356.87	357.15
2026-05-09T14:34:27.9663417+08:00	0x07	-0.0157	-0.0294	-0.2953	0.9548	325.69	357.31	357.29
2026-05-09T14:34:28.0077901+08:00	0x05	-0.0006	0.0130	0.4386	0.8986	52.03	1.30	359.28
2026-05-09T14:34:28.0219127+08:00	0x09	0.0530	-0.0640	-0.6265	0.7750	282.09	350.47	0.11
2026-05-09T14:34:28.2117170+08:00	0x03	0.0080	-0.0158	0.2173	0.9760	25.08	358.43	1.29
2026-05-09T14:34:28.2666231+08:00	0x04	-0.0133	-0.0250	-0.2579	0.9658	330.15	357.62	357.78
2026-05-09T14:34:28.5156729+08:00	0x06	0.7361	0.0641	-0.6728	-0.0370	171.71	264.72	1.82
2026-05-09T14:34:28.5480922+08:00	0x01	-0.0210	-0.0304	-0.1361	0.9900	344.42	356.87	357.15
2026-05-09T14:34:28.5793524+08:00	0x02	0.0222	0.0055	-0.9634	0.2673	210.98	357.72	1.29
2026-05-09T14:34:28.7104473+08:00	0x03	0.0080	-0.0158	0.2173	0.9760	25.08	358.43	1.29
2026-05-09T14:34:28.8365043+08:00	0x08	-0.0032	-0.0555	0.1024	0.9932	11.76	353.63	0.28
2026-05-09T14:34:28.9936449+08:00	0x01	-0.0210	-0.0304	-0.1361	0.9900	344.42	356.87	357.15
2026-05-09T14:34:29.1067716+08:00	0x07	-0.0157	-0.0294	-0.2953	0.9548	325.69	357.31	357.29
2026-05-09T14:34:29.2427698+08:00	0x03	0.0080	-0.0157	0.2173	0.9760	25.08	358.44	1.29
2026-05-09T14:34:29.3364034+08:00	0x04	-0.0133	-0.0250	-0.2579	0.9658	330.15	357.62	357.79
2026-05-09T14:34:29.5892477+08:00	0x07	-0.0157	-0.0294	-0.2953	0.9548	325.69	357.31	357.29
2026-05-09T14:34:29.6129265+08:00	0x06	0.6544	-0.0908	-0.7108	0.2414	208.05	277.43	10.77
2026-05-09T14:34:29.7176540+08:00	0x09	0.0530	-0.0640	-0.6265	0.7750	282.09	350.47	0.12
2026-05-09T14:34:29.8009515+08:00	0x08	-0.0032	-0.0555	0.1024	0.9932	11.76	353.63	0.28
2026-05-09T14:34:29.8548563+08:00	0x03	0.0081	-0.0157	0.2173	0.9760	25.08	358.44	1.29
2026-05-09T14:34:30.0280819+08:00	0x04	-0.0133	-0.0250	-0.2579	0.9658	330.15	357.63	357.78
2026-05-09T14:34:30.0662543+08:00	0x06	0.6561	-0.1216	-0.6920	0.2755	213.45	276.41	11.15
2026-05-09T14:34:30.1909666+08:00	0x07	-0.0157	-0.0294	-0.2953	0.9548	325.69	357.31	357.29
2026-05-09T14:34:30.2482766+08:00	0x02	0.0222	0.0055	-0.9634	0.2673	210.98	357.72	1.29
2026-05-09T14:34:30.2893440+08:00	0x09	0.0530	-0.0640	-0.6265	0.7750	282.09	350.47	0.12
2026-05-09T14:34:30.3687084+08:00	0x03	0.0081	-0.0158	0.2173	0.9760	25.08	358.44	1.29
2026-05-09T14:34:30.3936729+08:00	0x04	-0.0133	-0.0250	-0.2579	0.9658	330.15	357.63	357.78
2026-05-09T14:34:30.4167371+08:00	0x08	-0.0032	-0.0555	0.1024	0.9932	11.76	353.63	0.28
2026-05-09T14:34:30.6540901+08:00	0x01	-0.0209	-0.0304	-0.1361	0.9900	344.42	356.87	357.15
2026-05-09T14:34:30.6754212+08:00	0x07	-0.0157	-0.0294	-0.2953	0.9548	325.69	357.31	357.29
2026-05-09T14:34:30.8228680+08:00	0x02	0.0222	0.0055	-0.9634	0.2673	210.98	357.72	1.29
2026-05-09T14:34:30.9027246+08:00	0x04	-0.0133	-0.0250	-0.2579	0.9658	330.15	357.63	357.78
2026-05-09T14:34:30.9137305+08:00	0x03	0.0081	-0.0158	0.2173	0.9760	25.08	358.44	1.29
2026-05-09T14:34:30.9419264+08:00	0x08	-0.0032	-0.0555	0.1024	0.9932	11.76	353.63	0.28
2026-05-09T14:34:31.1564630+08:00	0x06	0.6533	-0.1044	-0.6991	0.2712	211.81	277.32	12.03
2026-05-09T14:34:31.2608121+08:00	0x07	-0.0157	-0.0294	-0.2953	0.9548	325.69	357.31	357.29
2026-05-09T14:34:31.3280108+08:00	0x02	0.0222	0.0055	-0.9634	0.2673	210.98	357.72	1.29
2026-05-09T14:34:31.5043366+08:00	0x04	-0.0133	-0.0250	-0.2579	0.9658	330.15	357.63	357.78
2026-05-09T14:34:31.5298459+08:00	0x03	0.0081	-0.0158	0.2173	0.9760	25.08	358.44	1.29
2026-05-09T14:34:31.7755395+08:00	0x06	0.6529	-0.0990	-0.6960	0.2820	212.43	277.55	13.33
2026-05-09T14:34:31.8067652+08:00	0x07	-0.0157	-0.0294	-0.2953	0.9548	325.69	357.31	357.29
2026-05-09T14:34:31.8464318+08:00	0x09	0.0530	-0.0640	-0.6265	0.7750	282.09	350.47	0.12
2026-05-09T14:34:32.0253902+08:00	0x04	-0.0133	-0.0250	-0.2579	0.9658	330.15	357.63	357.78
2026-05-09T14:34:32.2444598+08:00	0x06	0.6489	-0.0967	-0.7024	0.2762	211.78	278.21	12.86
2026-05-09T14:34:32.3623133+08:00	0x01	-0.0210	-0.0304	-0.1361	0.9900	344.42	356.87	357.14
2026-05-09T14:34:32.4150780+08:00	0x07	-0.0157	-0.0294	-0.2953	0.9548	325.69	357.31	357.29
2026-05-09T14:34:32.4429807+08:00	0x02	0.0222	0.0055	-0.9634	0.2673	210.98	357.72	1.29
2026-05-09T14:34:32.5592743+08:00	0x04	-0.0133	-0.0250	-0.2579	0.9658	330.15	357.63	357.78
2026-05-09T14:34:32.5855350+08:00	0x08	-0.0032	-0.0555	0.1024	0.9932	11.76	353.63	0.28
2026-05-09T14:34:32.6168172+08:00	0x03	0.0081	-0.0158	0.2173	0.9760	25.08	358.44	1.29
2026-05-09T14:34:32.8187925+08:00	0x06	0.6457	-0.0643	-0.7125	0.2669	208.62	279.40	14.66
2026-05-09T14:34:32.8591138+08:00	0x01	-0.0210	-0.0304	-0.1361	0.9900	344.42	356.87	357.14
2026-05-09T14:34:33.0002663+08:00	0x09	0.0530	-0.0640	-0.6265	0.7750	282.09	350.47	0.11
2026-05-09T14:34:33.0473609+08:00	0x02	0.0222	0.0055	-0.9634	0.2673	210.98	357.72	1.29
2026-05-09T14:34:33.1103246+08:00	0x04	-0.0133	-0.0250	-0.2579	0.9658	330.15	357.62	357.79
2026-05-09T14:34:33.1299296+08:00	0x03	0.0081	-0.0157	0.2173	0.9760	25.08	358.44	1.29
2026-05-09T14:34:33.1826307+08:00	0x08	-0.0032	-0.0555	0.1024	0.9932	11.76	353.63	0.28
2026-05-09T14:34:33.3381264+08:00	0x06	0.6560	0.0462	-0.7424	0.1278	187.64	277.98	13.66
2026-05-09T14:34:33.4090646+08:00	0x01	-0.0210	-0.0304	-0.1361	0.9900	344.42	356.87	357.15
2026-05-09T14:34:33.4286031+08:00	0x05	-0.0006	0.0130	0.4386	0.8986	52.03	1.31	359.29
2026-05-09T14:34:33.4600716+08:00	0x07	-0.0157	-0.0294	-0.2953	0.9548	325.69	357.31	357.29
2026-05-09T14:34:33.4753884+08:00	0x02	0.0221	0.0055	-0.9634	0.2673	210.98	357.73	1.29
2026-05-09T14:34:33.6713029+08:00	0x03	0.0080	-0.0157	0.2173	0.9760	25.08	358.44	1.29
2026-05-09T14:34:33.9235611+08:00	0x06	0.7046	0.0357	-0.7067	-0.0537	172.75	270.26	358.55
2026-05-09T14:34:33.9449406+08:00	0x01	-0.0210	-0.0304	-0.1361	0.9900	344.42	356.87	357.14
2026-05-09T14:34:34.0637556+08:00	0x09	0.0530	-0.0640	-0.6265	0.7750	282.09	350.47	0.11
2026-05-09T14:34:34.2013463+08:00	0x03	0.0081	-0.0157	0.2173	0.9760	25.08	358.44	1.29
2026-05-09T14:34:34.2712545+08:00	0x08	-0.0032	-0.0555	0.1024	0.9932	11.76	353.63	0.28
2026-05-09T14:34:34.5049110+08:00	0x01	-0.0210	-0.0304	-0.1361	0.9900	344.42	356.87	357.15
2026-05-09T14:34:34.5701797+08:00	0x02	0.0222	0.0055	-0.9634	0.2673	210.98	357.72	1.29
2026-05-09T14:34:34.7425468+08:00	0x03	0.0081	-0.0157	0.2173	0.9760	25.08	358.44	1.29
2026-05-09T14:34:34.7781608+08:00	0x04	-0.0133	-0.0250	-0.2579	0.9658	330.15	357.62	357.79
2026-05-09T14:34:34.8185727+08:00	0x08	-0.0032	-0.0555	0.1024	0.9932	11.76	353.63	0.28
2026-05-09T14:34:35.0134990+08:00	0x06	0.7219	0.0446	-0.6880	-0.0588	171.64	267.34	358.65
2026-05-09T14:34:35.0394605+08:00	0x01	-0.0210	-0.0304	-0.1361	0.9900	344.42	356.87	357.15
2026-05-09T14:34:35.1357445+08:00	0x07	-0.0157	-0.0294	-0.2953	0.9548	325.69	357.31	357.29
2026-05-09T14:34:35.2751190+08:00	0x03	0.0081	-0.0157	0.2173	0.9760	25.08	358.44	1.29
2026-05-09T14:34:35.3402335+08:00	0x08	-0.0032	-0.0555	0.1024	0.9932	11.76	353.63	0.28
2026-05-09T14:34:35.5938826+08:00	0x01	-0.0210	-0.0304	-0.1361	0.9900	344.42	356.87	357.15
2026-05-09T14:34:35.6483420+08:00	0x02	0.0222	0.0055	-0.9634	0.2673	210.98	357.72	1.29
2026-05-09T14:34:35.6759970+08:00	0x07	-0.0157	-0.0294	-0.2953	0.9548	325.69	357.31	357.29
2026-05-09T14:34:35.8286917+08:00	0x03	0.0081	-0.0157	0.2173	0.9760	25.08	358.44	1.29
2026-05-09T14:34:35.9042826+08:00	0x08	-0.0032	-0.0555	0.1024	0.9932	11.76	353.63	0.28
2026-05-09T14:34:36.0654421+08:00	0x01	-0.0210	-0.0304	-0.1361	0.9900	344.42	356.87	357.15
2026-05-09T14:34:36.1058348+08:00	0x06	0.7214	0.0443	-0.6886	-0.0587	171.68	267.43	358.64
2026-05-09T14:34:36.2146086+08:00	0x09	0.0530	-0.0640	-0.6265	0.7750	282.09	350.47	0.12
2026-05-09T14:34:36.3637369+08:00	0x03	0.0081	-0.0157	0.2173	0.9760	25.08	358.44	1.29
2026-05-09T14:34:36.4111274+08:00	0x08	-0.0032	-0.0555	0.1024	0.9932	11.76	353.63	0.28
2026-05-09T14:34:36.6039847+08:00	0x05	-0.0006	0.0129	0.4386	0.8986	52.03	1.30	359.29
2026-05-09T14:34:36.6692436+08:00	0x06	0.6092	0.0006	-0.7062	-0.3607	145.41	286.67	333.98
2026-05-09T14:34:36.7616029+08:00	0x02	0.0221	0.0056	-0.9634	0.2673	210.98	357.73	1.29
2026-05-09T14:34:36.8085005+08:00	0x07	-0.0157	-0.0295	-0.2953	0.9548	325.69	357.30	357.29
2026-05-09T14:34:36.9234219+08:00	0x04	-0.0133	-0.0250	-0.2579	0.9658	330.15	357.62	357.79
2026-05-09T14:34:36.9999893+08:00	0x08	-0.0032	-0.0555	0.1024	0.9932	11.76	353.63	0.28
2026-05-09T14:34:37.1674649+08:00	0x01	-0.0210	-0.0304	-0.1361	0.9900	344.42	356.87	357.15
2026-05-09T14:34:37.1998566+08:00	0x06	0.6094	0.0088	-0.7097	-0.3534	145.66	286.45	335.28
2026-05-09T14:34:37.2728910+08:00	0x09	0.0530	-0.0640	-0.6265	0.7750	282.09	350.47	0.12
2026-05-09T14:34:37.3252136+08:00	0x02	0.0221	0.0056	-0.9634	0.2673	210.98	357.73	1.29
2026-05-09T14:34:37.3414457+08:00	0x07	-0.0157	-0.0295	-0.2953	0.9548	325.69	357.30	357.29
2026-05-09T14:34:37.4825256+08:00	0x03	0.0081	-0.0157	0.2173	0.9760	25.08	358.44	1.29
2026-05-09T14:34:37.5283884+08:00	0x08	-0.0032	-0.0555	0.1024	0.9932	11.76	353.63	0.28
2026-05-09T14:34:37.7653182+08:00	0x06	0.6154	0.0217	-0.7052	-0.3516	145.20	285.31	336.29
2026-05-09T14:34:37.8306118+08:00	0x02	0.0221	0.0055	-0.9634	0.2673	210.98	357.73	1.29
2026-05-09T14:34:37.8690234+08:00	0x01	-0.0210	-0.0304	-0.1361	0.9900	344.42	356.87	357.15
2026-05-09T14:34:37.9875558+08:00	0x04	-0.0133	-0.0250	-0.2579	0.9658	330.15	357.62	357.79
2026-05-09T14:34:38.0826917+08:00	0x08	-0.0032	-0.0555	0.1024	0.9932	11.76	353.63	0.28
2026-05-09T14:34:38.2461250+08:00	0x01	-0.0210	-0.0304	-0.1361	0.9900	344.42	356.87	357.15
2026-05-09T14:34:38.2847005+08:00	0x06	0.6180	0.0270	-0.7047	-0.3474	145.37	284.77	336.96
2026-05-09T14:34:38.3699376+08:00	0x09	0.0530	-0.0640	-0.6265	0.7750	282.09	350.47	0.11
2026-05-09T14:34:38.4723618+08:00	0x07	-0.0157	-0.0294	-0.2953	0.9548	325.69	357.31	357.29
2026-05-09T14:34:38.5356440+08:00	0x02	0.0222	0.0055	-0.9634	0.2673	210.98	357.72	1.29
2026-05-09T14:34:38.5840237+08:00	0x03	0.0081	-0.0158	0.2173	0.9760	25.08	358.44	1.29
2026-05-09T14:34:38.8182989+08:00	0x01	-0.0210	-0.0304	-0.1361	0.9900	344.42	356.87	357.15
2026-05-09T14:34:38.9119181+08:00	0x09	0.0530	-0.0640	-0.6265	0.7750	282.09	350.47	0.11
2026-05-09T14:34:39.0092072+08:00	0x07	-0.0157	-0.0294	-0.2953	0.9548	325.69	357.31	357.29
2026-05-09T14:34:39.0758359+08:00	0x03	0.0081	-0.0158	0.2173	0.9760	25.08	358.44	1.30
2026-05-09T14:34:39.1768612+08:00	0x08	-0.0032	-0.0555	0.1024	0.9932	11.76	353.63	0.28
2026-05-09T14:34:39.3279235+08:00	0x05	-0.0006	0.0129	0.4386	0.8986	52.03	1.30	359.28
2026-05-09T14:34:39.3609657+08:00	0x01	-0.0210	-0.0304	-0.1361	0.9900	344.42	356.87	357.15
2026-05-09T14:34:39.4378790+08:00	0x09	0.0530	-0.0640	-0.6265	0.7750	282.09	350.47	0.12
2026-05-09T14:34:39.4955375+08:00	0x02	0.0221	0.0056	-0.9634	0.2673	210.98	357.73	1.29
2026-05-09T14:34:39.5821498+08:00	0x03	0.0081	-0.0158	0.2173	0.9760	25.08	358.44	1.29
2026-05-09T14:34:39.7289253+08:00	0x04	-0.0133	-0.0250	-0.2579	0.9658	330.15	357.62	357.79
2026-05-09T14:34:39.7759509+08:00	0x08	-0.0032	-0.0555	0.1024	0.9932	11.76	353.63	0.28
2026-05-09T14:34:39.8081641+08:00	0x05	-0.0006	0.0129	0.4386	0.8986	52.03	1.30	359.28
2026-05-09T14:34:40.0221021+08:00	0x09	0.0530	-0.0640	-0.6265	0.7750	282.09	350.47	0.12
2026-05-09T14:34:40.0708002+08:00	0x07	-0.0157	-0.0294	-0.2953	0.9548	325.69	357.31	357.29
2026-05-09T14:34:40.0978148+08:00	0x01	-0.0210	-0.0304	-0.1361	0.9900	344.42	356.87	357.15
2026-05-09T14:34:40.1422282+08:00	0x02	0.0221	0.0055	-0.9634	0.2673	210.98	357.73	1.29
2026-05-09T14:34:40.1747084+08:00	0x04	-0.0133	-0.0250	-0.2579	0.9658	330.15	357.62	357.79
2026-05-09T14:34:40.2889673+08:00	0x08	-0.0033	-0.0555	0.1024	0.9932	11.76	353.64	0.28
2026-05-09T14:34:40.4414626+08:00	0x01	-0.0210	-0.0304	-0.1361	0.9900	344.42	356.87	357.15
2026-05-09T14:34:40.5667577+08:00	0x09	0.0530	-0.0640	-0.6265	0.7750	282.09	350.47	0.12
2026-05-09T14:34:40.6045883+08:00	0x02	0.0221	0.0055	-0.9634	0.2673	210.98	357.73	1.29
2026-05-09T14:34:40.6299745+08:00	0x07	-0.0157	-0.0294	-0.2953	0.9548	325.69	357.31	357.29
2026-05-09T14:34:40.6826037+08:00	0x04	-0.0133	-0.0251	-0.2579	0.9658	330.15	357.62	357.79
2026-05-09T14:34:40.7651426+08:00	0x08	-0.0033	-0.0555	0.1024	0.9932	11.76	353.64	0.28
2026-05-09T14:34:41.0082876+08:00	0x01	-0.0209	-0.0304	-0.1361	0.9900	344.42	356.87	357.15
2026-05-09T14:34:41.0814079+08:00	0x09	0.0530	-0.0639	-0.6265	0.7750	282.09	350.47	0.12
2026-05-09T14:34:41.1438104+08:00	0x03	0.0081	-0.0158	0.2173	0.9760	25.08	358.44	1.29
2026-05-09T14:34:41.1716221+08:00	0x07	-0.0157	-0.0294	-0.2953	0.9548	325.69	357.31	357.29
2026-05-09T14:34:41.2633670+08:00	0x04	-0.0133	-0.0251	-0.2579	0.9658	330.15	357.62	357.78
2026-05-09T14:34:41.3363772+08:00	0x08	-0.0033	-0.0555	0.1024	0.9932	11.76	353.64	0.28
2026-05-09T14:34:41.5672872+08:00	0x06	0.6543	-0.0524	-0.7391	-0.1512	170.72	278.27	344.02
2026-05-09T14:34:41.6067965+08:00	0x01	-0.0210	-0.0304	-0.1361	0.9900	344.42	356.87	357.15
2026-05-09T14:34:41.6696234+08:00	0x03	0.0080	-0.0157	0.2173	0.9760	25.08	358.44	1.29
2026-05-09T14:34:41.6860735+08:00	0x09	0.0530	-0.0639	-0.6265	0.7750	282.09	350.47	0.12
2026-05-09T14:34:41.7259600+08:00	0x02	0.0221	0.0055	-0.9634	0.2673	210.98	357.73	1.29
2026-05-09T14:34:41.8103862+08:00	0x07	-0.0157	-0.0294	-0.2953	0.9548	325.69	357.31	357.29
2026-05-09T14:34:41.8960918+08:00	0x08	-0.0033	-0.0555	0.1024	0.9932	11.76	353.64	0.28
2026-05-09T14:34:42.0580748+08:00	0x05	-0.0006	0.0129	0.4386	0.8986	52.03	1.29	359.29
2026-05-09T14:34:42.0985663+08:00	0x01	-0.0210	-0.0304	-0.1361	0.9900	344.42	356.87	357.15
2026-05-09T14:34:42.2191585+08:00	0x09	0.0530	-0.0639	-0.6265	0.7750	282.09	350.47	0.12
2026-05-09T14:34:42.2893584+08:00	0x07	-0.0157	-0.0295	-0.2953	0.9548	325.69	357.30	357.29
2026-05-09T14:34:42.3627174+08:00	0x04	-0.0133	-0.0251	-0.2579	0.9658	330.15	357.62	357.78
2026-05-09T14:34:42.4229447+08:00	0x08	-0.0032	-0.0555	0.1024	0.9932	11.76	353.64	0.28
2026-05-09T14:34:42.5005209+08:00	0x05	-0.0006	0.0129	0.4386	0.8986	52.03	1.30	359.29
2026-05-09T14:34:42.6698227+08:00	0x01	-0.0210	-0.0304	-0.1361	0.9900	344.42	356.87	357.15
2026-05-09T14:34:42.7556269+08:00	0x09	0.0530	-0.0639	-0.6265	0.7750	282.09	350.47	0.12
2026-05-09T14:34:42.7775818+08:00	0x02	0.0221	0.0055	-0.9634	0.2673	210.98	357.73	1.29
2026-05-09T14:34:42.9209794+08:00	0x07	-0.0157	-0.0295	-0.2953	0.9548	325.69	357.30	357.29
2026-05-09T14:34:43.0241299+08:00	0x08	-0.0032	-0.0555	0.1024	0.9932	11.76	353.64	0.28
2026-05-09T14:34:43.1907210+08:00	0x01	-0.0210	-0.0304	-0.1361	0.9900	344.42	356.87	357.15
2026-05-09T14:34:43.2306950+08:00	0x06	0.7043	0.0009	-0.7040	-0.0913	172.48	270.46	352.68
2026-05-09T14:34:43.3007082+08:00	0x09	0.0530	-0.0640	-0.6265	0.7750	282.09	350.47	0.12
2026-05-09T14:34:43.3450265+08:00	0x02	0.0221	0.0056	-0.9634	0.2673	210.98	357.73	1.29
2026-05-09T14:34:43.4913510+08:00	0x03	0.0080	-0.0157	0.2173	0.9760	25.08	358.44	1.29
2026-05-09T14:34:43.5201693+08:00	0x08	-0.0032	-0.0555	0.1024	0.9932	11.76	353.64	0.28
2026-05-09T14:34:43.7787702+08:00	0x01	-0.0210	-0.0304	-0.1361	0.9900	344.42	356.87	357.14
2026-05-09T14:34:43.8951461+08:00	0x09	0.0530	-0.0640	-0.6265	0.7750	282.09	350.47	0.12
2026-05-09T14:34:43.9194272+08:00	0x03	0.0080	-0.0157	0.2173	0.9760	25.08	358.44	1.29
2026-05-09T14:34:43.9536684+08:00	0x07	-0.0157	-0.0295	-0.2953	0.9548	325.69	357.30	357.29
2026-05-09T14:34:44.0223824+08:00	0x04	-0.0133	-0.0250	-0.2579	0.9658	330.15	357.62	357.79
2026-05-09T14:34:44.0957924+08:00	0x08	-0.0032	-0.0555	0.1024	0.9932	11.76	353.64	0.28
2026-05-09T14:34:44.2437047+08:00	0x01	-0.0210	-0.0304	-0.1361	0.9900	344.42	356.87	357.14
2026-05-09T14:34:44.3196332+08:00	0x09	0.0530	-0.0640	-0.6265	0.7750	282.09	350.47	0.12
2026-05-09T14:34:44.4348123+08:00	0x06	0.7027	0.0154	-0.7078	-0.0707	172.99	270.69	355.55
2026-05-09T14:34:44.4657340+08:00	0x02	0.0222	0.0055	-0.9634	0.2673	210.98	357.72	1.29
2026-05-09T14:34:44.5043788+08:00	0x07	-0.0157	-0.0295	-0.2953	0.9548	325.69	357.30	357.29
2026-05-09T14:34:44.5943309+08:00	0x04	-0.0133	-0.0250	-0.2579	0.9658	330.15	357.62	357.79
2026-05-09T14:34:44.6232024+08:00	0x03	0.0080	-0.0157	0.2173	0.9760	25.08	358.44	1.29
2026-05-09T14:34:44.7680829+08:00	0x01	-0.0210	-0.0304	-0.1361	0.9900	344.42	356.87	357.14
2026-05-09T14:34:44.8455689+08:00	0x09	0.0530	-0.0640	-0.6265	0.7750	282.09	350.47	0.12
2026-05-09T14:34:44.9903858+08:00	0x05	-0.0007	0.0129	0.4386	0.8986	52.03	1.30	359.28
2026-05-09T14:41:05.5051135+08:00	0x03	0.0080	-0.0157	0.2173	0.9760	25.08	358.44	1.29
2026-05-09T14:41:05.5051135+08:00	0x04	-0.0133	-0.0250	-0.2579	0.9658	330.15	357.62	357.79
2026-05-09T14:41:05.5051135+08:00	0x08	-0.0033	-0.0555	0.1024	0.9932	11.76	353.64	0.28
2026-05-09T14:41:05.5051135+08:00	0x01	-0.0210	-0.0304	-0.1361	0.9900	344.42	356.87	357.14
2026-05-09T14:41:05.5051135+08:00	0x09	0.0530	-0.0640	-0.6265	0.7750	282.09	350.47	0.12
2026-05-09T14:41:05.5061106+08:00	0x03	0.0080	-0.0157	0.2173	0.9760	25.08	358.44	1.29
2026-05-09T14:41:05.5061106+08:00	0x02	0.0222	0.0056	-0.9634	0.2673	210.98	357.72	1.29
2026-05-09T14:41:05.5061106+08:00	0x07	-0.0157	-0.0294	-0.2953	0.9548	325.69	357.31	357.29
2026-05-09T14:41:05.5061106+08:00	0x08	-0.0033	-0.0555	0.1024	0.9932	11.76	353.64	0.28
2026-05-09T14:41:05.5061106+08:00	0x01	-0.0210	-0.0304	-0.1361	0.9900	344.42	356.87	357.14
2026-05-09T14:41:05.5061106+08:00	0x09	0.0530	-0.0640	-0.6265	0.7750	282.09	350.47	0.12
2026-05-09T14:41:05.5061106+08:00	0x06	0.6921	0.0270	-0.7194	-0.0530	173.47	272.33	358.02
2026-05-09T14:41:05.5061106+08:00	0x02	0.0222	0.0056	-0.9634	0.2673	210.98	357.72	1.29
2026-05-09T14:41:05.5061106+08:00	0x08	-0.0033	-0.0555	0.1024	0.9932	11.76	353.64	0.28
2026-05-09T14:41:05.5061106+08:00	0x07	-0.0157	-0.0294	-0.2953	0.9548	325.69	357.31	357.29
2026-05-09T14:41:05.5061106+08:00	0x01	-0.0210	-0.0304	-0.1361	0.9900	344.42	356.87	357.14
2026-05-09T14:41:05.5061106+08:00	0x06	0.6924	0.0282	-0.7191	-0.0509	173.55	272.26	358.28
2026-05-09T14:41:05.5061106+08:00	0x09	0.0530	-0.0639	-0.6265	0.7750	282.09	350.47	0.12
2026-05-09T14:41:05.5061106+08:00	0x03	0.0081	-0.0157	0.2173	0.9760	25.08	358.44	1.29
2026-05-09T14:41:05.5061106+08:00	0x02	0.0222	0.0056	-0.9634	0.2673	210.98	357.72	1.29
2026-05-09T14:41:05.5061106+08:00	0x08	-0.0033	-0.0555	0.1024	0.9932	11.76	353.64	0.28
2026-05-09T14:41:05.5061106+08:00	0x04	-0.0133	-0.0250	-0.2579	0.9658	330.15	357.62	357.79
2026-05-09T14:41:05.5061106+08:00	0x03	0.0081	-0.0157	0.2173	0.9760	25.08	358.44	1.29
2026-05-09T14:41:05.5061106+08:00	0x09	0.0530	-0.0639	-0.6265	0.7750	282.09	350.47	0.12
2026-05-09T14:41:05.5061106+08:00	0x01	-0.0210	-0.0304	-0.1361	0.9900	344.42	356.87	357.14
2026-05-09T14:41:05.5061106+08:00	0x07	-0.0157	-0.0294	-0.2953	0.9548	325.69	357.31	357.29
2026-05-09T14:41:05.5061106+08:00	0x02	0.0222	0.0056	-0.9634	0.2673	210.98	357.72	1.29
2026-05-09T14:41:05.5061106+08:00	0x08	-0.0033	-0.0555	0.1024	0.9932	11.76	353.64	0.28
2026-05-09T14:41:05.5061106+08:00	0x04	-0.0133	-0.0251	-0.2579	0.9658	330.15	357.62	357.79
2026-05-09T14:41:05.5061106+08:00	0x01	-0.0210	-0.0304	-0.1361	0.9900	344.42	356.87	357.14
2026-05-09T14:41:05.5061106+08:00	0x09	0.0530	-0.0639	-0.6265	0.7750	282.09	350.47	0.12
2026-05-09T14:41:05.5061106+08:00	0x03	0.0080	-0.0157	0.2173	0.9760	25.08	358.44	1.29
2026-05-09T14:41:05.5061106+08:00	0x02	0.0222	0.0055	-0.9634	0.2673	210.98	357.72	1.29
2026-05-09T14:41:05.5061106+08:00	0x07	-0.0157	-0.0294	-0.2953	0.9548	325.69	357.31	357.28
2026-05-09T14:41:05.5061106+08:00	0x08	-0.0032	-0.0555	0.1024	0.9932	11.76	353.64	0.28
2026-05-09T14:41:05.5061106+08:00	0x01	-0.0210	-0.0304	-0.1361	0.9900	344.42	356.87	357.15
2026-05-09T14:41:05.5061106+08:00	0x06	0.6921	0.0276	-0.7195	-0.0503	173.65	272.32	358.29
2026-05-09T14:41:05.5061106+08:00	0x09	0.0530	-0.0639	-0.6265	0.7750	282.09	350.47	0.12
2026-05-09T14:41:05.5061106+08:00	0x03	0.0080	-0.0157	0.2173	0.9760	25.08	358.44	1.29
2026-05-09T14:41:05.5071089+08:00	0x02	0.0222	0.0056	-0.9634	0.2673	210.98	357.72	1.29
2026-05-09T14:41:05.5071089+08:00	0x07	-0.0157	-0.0295	-0.2953	0.9548	325.69	357.31	357.28
2026-05-09T14:41:05.5071089+08:00	0x04	-0.0133	-0.0251	-0.2579	0.9658	330.15	357.62	357.78
2026-05-09T14:41:05.5071089+08:00	0x08	-0.0032	-0.0555	0.1024	0.9932	11.76	353.64	0.28
2026-05-09T14:41:05.5071089+08:00	0x01	-0.0210	-0.0304	-0.1361	0.9900	344.42	356.87	357.15
2026-05-09T14:41:05.5071089+08:00	0x03	0.0080	-0.0158	0.2173	0.9760	25.08	358.43	1.29
2026-05-09T14:41:05.5071089+08:00	0x09	0.0530	-0.0640	-0.6265	0.7750	282.09	350.47	0.12
2026-05-09T14:41:05.5071089+08:00	0x02	0.0221	0.0055	-0.9634	0.2673	210.98	357.73	1.29
2026-05-09T14:41:05.5071089+08:00	0x04	-0.0133	-0.0251	-0.2579	0.9658	330.15	357.62	357.79
2026-05-09T14:41:05.5071089+08:00	0x01	-0.0210	-0.0304	-0.1361	0.9900	344.42	356.87	357.15
2026-05-09T14:41:05.5071089+08:00	0x06	0.6887	0.0312	-0.7227	-0.0483	173.52	272.83	358.77
2026-05-09T14:41:05.5071089+08:00	0x03	0.0080	-0.0157	0.2173	0.9760	25.08	358.44	1.29
2026-05-09T14:41:05.5071089+08:00	0x09	0.0530	-0.0640	-0.6265	0.7750	282.09	350.47	0.12
2026-05-09T14:41:05.5071089+08:00	0x02	0.0222	0.0055	-0.9634	0.2673	210.98	357.72	1.29
2026-05-09T14:41:05.5071089+08:00	0x08	-0.0032	-0.0555	0.1024	0.9932	11.76	353.64	0.28
2026-05-09T14:41:05.5071089+08:00	0x06	0.6862	0.0304	-0.7250	-0.0501	173.43	273.23	358.59
2026-05-09T14:41:05.5071089+08:00	0x01	-0.0210	-0.0304	-0.1361	0.9900	344.42	356.87	357.15
2026-05-09T14:41:05.5071089+08:00	0x03	0.0081	-0.0157	0.2173	0.9760	25.08	358.44	1.29
2026-05-09T14:41:05.5071089+08:00	0x02	0.0222	0.0055	-0.9634	0.2673	210.98	357.72	1.29
2026-05-09T14:41:05.5071089+08:00	0x07	-0.0157	-0.0294	-0.2953	0.9548	325.69	357.31	357.29
2026-05-09T14:41:05.5071089+08:00	0x04	-0.0133	-0.0250	-0.2579	0.9658	330.15	357.62	357.79
2026-05-09T14:41:05.5071089+08:00	0x06	0.6864	0.0298	-0.7249	-0.0499	173.49	273.21	358.55
2026-05-09T14:41:05.5071089+08:00	0x01	-0.0210	-0.0304	-0.1361	0.9900	344.42	356.87	357.15
2026-05-09T14:41:05.5071089+08:00	0x09	0.0530	-0.0640	-0.6265	0.7750	282.09	350.47	0.12
2026-05-09T14:41:05.5071089+08:00	0x03	0.0080	-0.0158	0.2173	0.9760	25.08	358.43	1.29
2026-05-09T14:41:05.5071089+08:00	0x02	0.0222	0.0055	-0.9634	0.2673	210.98	357.72	1.29
2026-05-09T14:41:05.5071089+08:00	0x07	-0.0157	-0.0295	-0.2953	0.9548	325.69	357.30	357.29
2026-05-09T14:41:05.5071089+08:00	0x05	-0.0007	0.0129	0.4386	0.8986	52.03	1.30	359.28
2026-05-09T14:41:05.5071089+08:00	0x08	-0.0032	-0.0555	0.1024	0.9932	11.76	353.64	0.28
2026-05-09T14:41:05.5071089+08:00	0x01	-0.0210	-0.0304	-0.1361	0.9900	344.42	356.87	357.14
2026-05-09T14:41:05.5071089+08:00	0x06	0.6857	0.0280	-0.7256	-0.0513	173.52	273.33	358.30
2026-05-09T14:41:05.5071089+08:00	0x03	0.0080	-0.0157	0.2173	0.9760	25.08	358.44	1.29
2026-05-09T14:41:05.5071089+08:00	0x09	0.0530	-0.0640	-0.6265	0.7750	282.09	350.47	0.12
2026-05-09T14:41:05.5071089+08:00	0x07	-0.0157	-0.0294	-0.2953	0.9548	325.69	357.31	357.29
2026-05-09T14:41:05.5071089+08:00	0x02	0.0222	0.0055	-0.9634	0.2673	210.98	357.72	1.29
2026-05-09T14:41:05.5081064+08:00	0x08	-0.0033	-0.0555	0.1024	0.9932	11.76	353.64	0.28
2026-05-09T14:41:05.5081064+08:00	0x01	-0.0210	-0.0304	-0.1361	0.9900	344.42	356.87	357.14
2026-05-09T14:41:05.5081064+08:00	0x03	0.0081	-0.0157	0.2173	0.9760	25.08	358.44	1.29
2026-05-09T14:41:05.5081064+08:00	0x02	0.0222	0.0055	-0.9634	0.2673	210.98	357.72	1.29
2026-05-09T14:41:05.5081064+08:00	0x07	-0.0157	-0.0294	-0.2953	0.9548	325.69	357.31	357.29
2026-05-09T14:41:05.5081064+08:00	0x08	-0.0033	-0.0555	0.1024	0.9932	11.76	353.64	0.28
2026-05-09T14:41:05.5081064+08:00	0x01	-0.0210	-0.0304	-0.1361	0.9900	344.42	356.87	357.15
2026-05-09T14:41:05.5081064+08:00	0x09	0.0530	-0.0639	-0.6265	0.7750	282.09	350.47	0.12
2026-05-09T14:41:05.5081064+08:00	0x02	0.0222	0.0055	-0.9634	0.2673	210.98	357.72	1.29
2026-05-09T14:41:05.5081064+08:00	0x04	-0.0133	-0.0250	-0.2579	0.9658	330.15	357.62	357.79
2026-05-09T14:41:05.5081064+08:00	0x07	-0.0157	-0.0294	-0.2953	0.9548	325.69	357.31	357.29
2026-05-09T14:41:05.5081064+08:00	0x06	0.6831	0.0229	-0.7277	-0.0576	173.38	273.77	357.39
2026-05-09T14:41:05.5081064+08:00	0x01	-0.0210	-0.0304	-0.1361	0.9900	344.42	356.87	357.15
2026-05-09T14:41:05.5081064+08:00	0x03	0.0081	-0.0157	0.2173	0.9760	25.08	358.44	1.29
2026-05-09T14:41:05.5081064+08:00	0x09	0.0530	-0.0639	-0.6265	0.7750	282.09	350.47	0.12
2026-05-09T14:41:05.5081064+08:00	0x02	0.0222	0.0055	-0.9634	0.2673	210.98	357.72	1.29
2026-05-09T14:41:05.5081064+08:00	0x08	-0.0032	-0.0555	0.1024	0.9932	11.76	353.64	0.28
2026-05-09T14:41:05.5081064+08:00	0x07	-0.0157	-0.0294	-0.2953	0.9548	325.69	357.31	357.29
2026-05-09T14:41:05.5081064+08:00	0x06	0.6830	0.0215	-0.7278	-0.0586	173.41	273.80	357.21
2026-05-09T14:41:05.5081064+08:00	0x01	-0.0210	-0.0304	-0.1361	0.9900	344.42	356.87	357.15
2026-05-09T14:41:05.5081064+08:00	0x03	0.0081	-0.0157	0.2173	0.9760	25.08	358.44	1.29
2026-05-09T14:41:05.5081064+08:00	0x02	0.0222	0.0055	-0.9634	0.2673	210.98	357.72	1.29
2026-05-09T14:41:05.5081064+08:00	0x08	-0.0032	-0.0555	0.1024	0.9932	11.76	353.64	0.28
2026-05-09T14:41:05.5081064+08:00	0x06	0.6821	0.0191	-0.7285	-0.0608	173.41	273.95	356.84
2026-05-09T14:41:05.5081064+08:00	0x03	0.0081	-0.0157	0.2173	0.9760	25.08	358.44	1.29
2026-05-09T14:41:05.5081064+08:00	0x09	0.0530	-0.0640	-0.6265	0.7750	282.09	350.47	0.12
2026-05-09T14:41:05.5081064+08:00	0x04	-0.0133	-0.0250	-0.2579	0.9658	330.15	357.62	357.79
2026-05-09T14:41:05.5081064+08:00	0x07	-0.0157	-0.0294	-0.2953	0.9548	325.69	357.31	357.29
2026-05-09T14:41:05.5081064+08:00	0x06	0.6818	0.0172	-0.7287	-0.0617	173.48	274.00	356.61
2026-05-09T14:41:05.5081064+08:00	0x01	-0.0210	-0.0304	-0.1361	0.9900	344.42	356.87	357.15
2026-05-09T14:41:05.5081064+08:00	0x09	0.0530	-0.0640	-0.6265	0.7750	282.09	350.47	0.11
2026-05-09T14:41:05.5081064+08:00	0x02	0.0222	0.0055	-0.9634	0.2673	210.98	357.72	1.29
2026-05-09T14:41:05.5081064+08:00	0x07	-0.0157	-0.0294	-0.2953	0.9548	325.69	357.31	357.29
2026-05-09T14:41:05.5081064+08:00	0x08	-0.0032	-0.0555	0.1024	0.9932	11.76	353.64	0.28
2026-05-09T14:41:05.5081064+08:00	0x06	0.6814	0.0160	-0.7291	-0.0626	173.50	274.08	356.45
2026-05-09T14:41:05.5081064+08:00	0x03	0.0081	-0.0157	0.2173	0.9760	25.08	358.44	1.29
2026-05-09T14:41:05.5091044+08:00	0x09	0.0530	-0.0640	-0.6265	0.7750	282.09	350.47	0.12
2026-05-09T14:41:05.5091044+08:00	0x04	-0.0133	-0.0250	-0.2579	0.9658	330.15	357.63	357.78
2026-05-09T14:41:05.5091044+08:00	0x02	0.0222	0.0055	-0.9634	0.2673	210.98	357.72	1.29
2026-05-09T14:41:05.5091044+08:00	0x08	-0.0032	-0.0554	0.1024	0.9932	11.76	353.64	0.28
2026-05-09T14:41:05.5091044+08:00	0x03	0.0081	-0.0157	0.2173	0.9760	25.08	358.44	1.29
2026-05-09T14:41:05.5091044+08:00	0x09	0.0530	-0.0640	-0.6265	0.7750	282.09	350.47	0.12
2026-05-09T14:41:05.5091044+08:00	0x02	0.0222	0.0055	-0.9634	0.2673	210.98	357.72	1.29
2026-05-09T14:41:05.5091044+08:00	0x08	-0.0033	-0.0554	0.1024	0.9932	11.76	353.64	0.28
2026-05-09T14:41:05.5091044+08:00	0x06	0.6814	0.0160	-0.7290	-0.0638	173.40	274.07	356.35
2026-05-09T14:41:05.5091044+08:00	0x03	0.0081	-0.0157	0.2173	0.9760	25.08	358.44	1.29
2026-05-09T14:41:05.5091044+08:00	0x01	-0.0209	-0.0304	-0.1361	0.9900	344.42	356.87	357.15
2026-05-09T14:41:05.5091044+08:00	0x09	0.0530	-0.0640	-0.6265	0.7750	282.09	350.47	0.12
2026-05-09T14:41:05.5091044+08:00	0x04	-0.0133	-0.0250	-0.2579	0.9658	330.15	357.63	357.78
2026-05-09T14:41:05.5091044+08:00	0x07	-0.0157	-0.0294	-0.2953	0.9548	325.69	357.31	357.29
2026-05-09T14:41:05.5091044+08:00	0x08	-0.0033	-0.0554	0.1024	0.9932	11.76	353.64	0.28
2026-05-09T14:41:05.5091044+08:00	0x05	-0.0007	0.0129	0.4386	0.8986	52.03	1.29	359.28
2026-05-09T14:41:05.5091044+08:00	0x03	0.0081	-0.0157	0.2173	0.9760	25.08	358.44	1.29
2026-05-09T14:41:05.5091044+08:00	0x09	0.0530	-0.0640	-0.6265	0.7750	282.09	350.47	0.12
2026-05-09T14:41:05.5091044+08:00	0x02	0.0222	0.0055	-0.9634	0.2673	210.98	357.72	1.29
2026-05-09T14:41:05.5096189+08:00	0x07	-0.0157	-0.0294	-0.2953	0.9548	325.69	357.31	357.29
2026-05-09T14:41:05.5096189+08:00	0x06	0.6680	0.0215	-0.7412	-0.0631	172.97	276.13	356.99
2026-05-09T14:41:05.5096189+08:00	0x03	0.0080	-0.0157	0.2173	0.9760	25.08	358.44	1.29
2026-05-09T14:41:05.5096189+08:00	0x09	0.0530	-0.0640	-0.6265	0.7750	282.09	350.47	0.11
2026-05-09T14:41:05.5096189+08:00	0x04	-0.0133	-0.0250	-0.2579	0.9658	330.15	357.62	357.78
2026-05-09T14:41:05.5096189+08:00	0x07	-0.0157	-0.0294	-0.2953	0.9548	325.69	357.31	357.29
2026-05-09T14:41:05.5096189+08:00	0x06	0.4481	0.0980	-0.8882	-0.0255	172.26	305.86	8.70
2026-05-09T14:41:05.5096189+08:00	0x03	0.0080	-0.0157	0.2173	0.9760	25.08	358.44	1.29
2026-05-09T14:41:05.5096189+08:00	0x09	0.0530	-0.0640	-0.6265	0.7750	282.09	350.47	0.11
2026-05-09T14:41:05.5096189+08:00	0x04	-0.0133	-0.0251	-0.2579	0.9658	330.15	357.62	357.78
2026-05-09T14:41:05.5096189+08:00	0x02	0.0222	0.0055	-0.9634	0.2673	210.98	357.72	1.29
2026-05-09T14:41:05.5096189+08:00	0x08	-0.0033	-0.0555	0.1024	0.9932	11.76	353.64	0.28
2026-05-09T14:41:05.5096189+08:00	0x03	0.0080	-0.0157	0.2173	0.9760	25.08	358.44	1.29
2026-05-09T14:41:05.5096189+08:00	0x09	0.0530	-0.0640	-0.6265	0.7750	282.09	350.47	0.11
2026-05-09T14:41:05.5096189+08:00	0x04	-0.0133	-0.0251	-0.2579	0.9658	330.15	357.62	357.78
2026-05-09T14:41:05.5096189+08:00	0x07	-0.0157	-0.0295	-0.2953	0.9548	325.69	357.30	357.29
2026-05-09T14:41:05.5096189+08:00	0x08	-0.0033	-0.0555	0.1024	0.9932	11.76	353.64	0.28
2026-05-09T14:41:05.5096189+08:00	0x03	0.0080	-0.0157	0.2173	0.9760	25.08	358.44	1.29
2026-05-09T14:41:05.5096189+08:00	0x01	-0.0209	-0.0304	-0.1361	0.9900	344.42	356.87	357.15
2026-05-09T14:41:05.5096189+08:00	0x04	-0.0133	-0.0251	-0.2579	0.9658	330.15	357.62	357.78
2026-05-09T14:41:05.5096189+08:00	0x02	0.0221	0.0055	-0.9634	0.2673	210.98	357.73	1.29
2026-05-09T14:41:05.5096189+08:00	0x08	-0.0033	-0.0555	0.1024	0.9932	11.76	353.64	0.28
2026-05-09T14:41:05.5096189+08:00	0x05	-0.0007	0.0129	0.4389	0.8985	52.06	1.29	359.28
2026-05-09T14:41:05.5106132+08:00	0x01	-0.0210	-0.0304	-0.1361	0.9900	344.42	356.87	357.15
2026-05-09T14:41:05.5106132+08:00	0x03	0.0080	-0.0157	0.2173	0.9760	25.08	358.44	1.29
2026-05-09T14:41:05.5106132+08:00	0x09	0.0530	-0.0640	-0.6265	0.7750	282.09	350.47	0.12
2026-05-09T14:41:05.5106132+08:00	0x04	-0.0133	-0.0251	-0.2579	0.9658	330.15	357.62	357.79
2026-05-09T14:41:05.5106132+08:00	0x08	-0.0032	-0.0555	0.1024	0.9932	11.76	353.64	0.28
2026-05-09T14:41:05.5106132+08:00	0x07	-0.0157	-0.0295	-0.2953	0.9548	325.69	357.30	357.29
2026-05-09T14:41:05.5106132+08:00	0x01	-0.0210	-0.0304	-0.1361	0.9900	344.42	356.87	357.15
2026-05-09T14:41:05.5106132+08:00	0x03	0.0080	-0.0157	0.2173	0.9760	25.08	358.44	1.29
2026-05-09T14:41:05.5106132+08:00	0x09	0.0530	-0.0640	-0.6265	0.7750	282.09	350.47	0.12
2026-05-09T14:41:05.5106132+08:00	0x04	-0.0133	-0.0251	-0.2579	0.9658	330.15	357.62	357.79
2026-05-09T14:41:05.5106132+08:00	0x08	-0.0032	-0.0555	0.1024	0.9932	11.76	353.64	0.28
2026-05-09T14:41:05.5106132+08:00	0x07	-0.0157	-0.0295	-0.2953	0.9548	325.69	357.30	357.29
2026-05-09T14:41:05.5106132+08:00	0x03	0.0080	-0.0157	0.2173	0.9760	25.08	358.44	1.29
2026-05-09T14:41:05.5106132+08:00	0x09	0.0530	-0.0640	-0.6265	0.7750	282.09	350.47	0.12
2026-05-09T14:41:05.5106132+08:00	0x04	-0.0133	-0.0251	-0.2579	0.9658	330.15	357.62	357.79
2026-05-09T14:41:05.5106132+08:00	0x08	-0.0032	-0.0555	0.1024	0.9932	11.76	353.64	0.28
2026-05-09T14:41:05.5106132+08:00	0x07	-0.0157	-0.0295	-0.2953	0.9548	325.69	357.30	357.29
2026-05-09T14:41:05.5106132+08:00	0x03	0.0080	-0.0157	0.2173	0.9760	25.08	358.44	1.29
2026-05-09T14:41:05.5106132+08:00	0x09	0.0530	-0.0640	-0.6265	0.7750	282.09	350.47	0.12
2026-05-09T14:41:05.5106132+08:00	0x02	0.0222	0.0055	-0.9634	0.2673	210.98	357.72	1.29
2026-05-09T14:41:05.5106132+08:00	0x07	-0.0157	-0.0295	-0.2953	0.9548	325.69	357.30	357.29
2026-05-09T14:41:05.5106132+08:00	0x03	0.0080	-0.0157	0.2173	0.9760	25.08	358.44	1.29
2026-05-09T14:41:05.5106132+08:00	0x09	0.0530	-0.0640	-0.6265	0.7750	282.09	350.47	0.12
2026-05-09T14:41:05.5106132+08:00	0x04	-0.0133	-0.0251	-0.2579	0.9658	330.15	357.62	357.78
2026-05-09T14:41:05.5106132+08:00	0x08	-0.0032	-0.0555	0.1024	0.9932	11.76	353.64	0.28
2026-05-09T14:41:05.5116109+08:00	0x07	-0.0157	-0.0295	-0.2953	0.9548	325.69	357.30	357.29
2026-05-09T14:41:05.5116109+08:00	0x01	-0.0210	-0.0304	-0.1361	0.9900	344.42	356.87	357.15
2026-05-09T14:41:05.5116109+08:00	0x09	0.0530	-0.0640	-0.6265	0.7750	282.09	350.47	0.11
2026-05-09T14:41:05.5116109+08:00	0x03	0.0080	-0.0157	0.2173	0.9760	25.08	358.44	1.29
2026-05-09T14:41:05.5116109+08:00	0x02	0.0222	0.0055	-0.9634	0.2673	210.98	357.72	1.29
2026-05-09T14:41:05.5116109+08:00	0x05	-0.0006	0.0129	0.4392	0.8983	52.10	1.30	359.28
2026-05-09T14:41:05.5116109+08:00	0x07	-0.0157	-0.0295	-0.2953	0.9548	325.69	357.30	357.29
2026-05-09T14:41:05.5116109+08:00	0x03	0.0080	-0.0157	0.2173	0.9760	25.08	358.44	1.29
2026-05-09T14:41:05.5116109+08:00	0x08	-0.0032	-0.0555	0.1024	0.9932	11.76	353.64	0.28
2026-05-09T14:41:05.5116109+08:00	0x09	0.0530	-0.0640	-0.6265	0.7750	282.09	350.47	0.12
2026-05-09T14:41:05.5116109+08:00	0x04	-0.0133	-0.0251	-0.2579	0.9658	330.15	357.62	357.78
2026-05-09T14:41:05.5116109+08:00	0x08	-0.0032	-0.0555	0.1024	0.9932	11.76	353.64	0.28
2026-05-09T14:41:05.5116109+08:00	0x06	0.4553	0.0958	-0.8848	-0.0266	172.20	304.97	8.35
2026-05-09T14:41:05.5116109+08:00	0x07	-0.0157	-0.0295	-0.2953	0.9548	325.69	357.31	357.28
2026-05-09T14:41:05.5116109+08:00	0x03	0.0080	-0.0157	0.2173	0.9760	25.08	358.44	1.29
2026-05-09T14:41:05.5116109+08:00	0x01	-0.0210	-0.0304	-0.1361	0.9900	344.42	356.87	357.15
2026-05-09T14:41:05.5116109+08:00	0x09	0.0530	-0.0640	-0.6265	0.7750	282.09	350.47	0.12
2026-05-09T14:41:05.5116109+08:00	0x02	0.0222	0.0056	-0.9634	0.2673	210.98	357.72	1.29
2026-05-09T14:41:05.5116109+08:00	0x06	0.1502	0.1067	-0.9829	0.0048	178.67	342.48	12.19
2026-05-09T14:41:05.5116109+08:00	0x08	-0.0032	-0.0555	0.1024	0.9932	11.76	353.64	0.28
2026-05-09T14:41:05.5116109+08:00	0x07	-0.0157	-0.0295	-0.2953	0.9548	325.69	357.30	357.29
2026-05-09T14:41:05.5116109+08:00	0x03	0.0081	-0.0157	0.2173	0.9760	25.08	358.44	1.29
2026-05-09T14:41:05.5116109+08:00	0x01	-0.0210	-0.0304	-0.1361	0.9900	344.42	356.87	357.15
2026-05-09T14:41:05.5116109+08:00	0x02	0.0222	0.0056	-0.9634	0.2673	210.98	357.72	1.29
2026-05-09T14:41:05.5116109+08:00	0x06	0.1397	0.1060	-0.9845	0.0039	178.71	343.71	12.11
2026-05-09T14:41:05.5116109+08:00	0x08	-0.0032	-0.0554	0.1024	0.9932	11.76	353.64	0.28
2026-05-09T14:41:05.5116109+08:00	0x03	0.0081	-0.0157	0.2173	0.9760	25.08	358.44	1.29
2026-05-09T14:41:05.5116109+08:00	0x09	0.0530	-0.0640	-0.6265	0.7750	282.09	350.47	0.12
2026-05-09T14:41:05.5116109+08:00	0x02	0.0222	0.0056	-0.9634	0.2673	210.98	357.72	1.29
2026-05-09T14:41:05.5116109+08:00	0x08	-0.0032	-0.0554	0.1024	0.9932	11.76	353.64	0.29
2026-05-09T14:41:05.5116109+08:00	0x07	-0.0157	-0.0295	-0.2953	0.9548	325.69	357.30	357.29
2026-05-09T14:41:05.5116109+08:00	0x05	-0.0007	0.0129	0.4397	0.8981	52.16	1.29	359.28
2026-05-09T14:41:05.5116109+08:00	0x03	0.0081	-0.0157	0.2173	0.9760	25.08	358.44	1.29
2026-05-09T14:41:05.5116109+08:00	0x09	0.0530	-0.0640	-0.6265	0.7750	282.09	350.47	0.12
2026-05-09T14:41:05.5116109+08:00	0x04	-0.0133	-0.0250	-0.2579	0.9658	330.15	357.62	357.78
2026-05-09T14:41:05.5116109+08:00	0x02	0.0221	0.0056	-0.9634	0.2673	210.98	357.73	1.29
2026-05-09T14:41:05.5126103+08:00	0x06	0.1391	0.1049	-0.9847	0.0016	178.48	343.76	11.95
2026-05-09T14:41:05.5126103+08:00	0x07	-0.0157	-0.0295	-0.2953	0.9548	325.69	357.30	357.29
2026-05-09T14:41:05.5126103+08:00	0x01	-0.0210	-0.0304	-0.1361	0.9900	344.42	356.87	357.15
2026-05-09T14:41:05.5126103+08:00	0x09	0.0530	-0.0640	-0.6265	0.7750	282.09	350.46	0.12
2026-05-09T14:41:05.5126103+08:00	0x04	-0.0133	-0.0250	-0.2579	0.9658	330.15	357.62	357.78
2026-05-09T14:41:05.5126103+08:00	0x08	-0.0032	-0.0555	0.1024	0.9932	11.76	353.64	0.29
2026-05-09T14:41:05.5126103+08:00	0x07	-0.0157	-0.0295	-0.2953	0.9548	325.69	357.30	357.29
2026-05-09T14:41:05.5126103+08:00	0x01	-0.0210	-0.0304	-0.1361	0.9900	344.42	356.87	357.15
2026-05-09T14:41:05.5126103+08:00	0x09	0.0530	-0.0640	-0.6265	0.7750	282.09	350.47	0.12
2026-05-09T14:41:05.5126103+08:00	0x04	-0.0133	-0.0250	-0.2579	0.9658	330.15	357.62	357.78
2026-05-09T14:41:05.5126103+08:00	0x06	0.1400	0.1031	-0.9848	-0.0015	178.14	343.63	11.69
2026-05-09T14:41:05.5126103+08:00	0x07	-0.0157	-0.0295	-0.2953	0.9548	325.69	357.30	357.29
2026-05-09T14:41:05.5126103+08:00	0x03	0.0081	-0.0157	0.2173	0.9760	25.08	358.44	1.29
2026-05-09T14:41:05.5126103+08:00	0x09	0.0530	-0.0640	-0.6265	0.7750	282.09	350.47	0.12
2026-05-09T14:41:05.5126103+08:00	0x02	0.0221	0.0056	-0.9634	0.2673	210.98	357.73	1.29
2026-05-09T14:41:05.5126103+08:00	0x06	0.1394	0.1029	-0.9849	-0.0017	178.13	343.70	11.66
2026-05-09T14:41:05.5126103+08:00	0x08	-0.0032	-0.0555	0.1024	0.9932	11.76	353.64	0.29
2026-05-09T14:41:05.5126103+08:00	0x03	0.0081	-0.0157	0.2173	0.9760	25.08	358.44	1.29
2026-05-09T14:41:05.5126103+08:00	0x09	0.0530	-0.0640	-0.6265	0.7750	282.09	350.47	0.12
2026-05-09T14:41:05.5126103+08:00	0x04	-0.0133	-0.0250	-0.2579	0.9658	330.15	357.63	357.78
2026-05-09T14:41:05.5126103+08:00	0x05	-0.0006	0.0130	0.4399	0.8980	52.19	1.30	359.28
2026-05-09T14:41:05.5126103+08:00	0x03	0.0081	-0.0157	0.2173	0.9760	25.08	358.44	1.29
2026-05-09T14:41:05.5126103+08:00	0x09	0.0530	-0.0640	-0.6265	0.7750	282.09	350.47	0.12
2026-05-09T14:41:05.5126103+08:00	0x04	-0.0133	-0.0250	-0.2579	0.9658	330.15	357.62	357.79
2026-05-09T14:41:05.5126103+08:00	0x02	0.0222	0.0055	-0.9634	0.2673	210.98	357.72	1.29
2026-05-09T14:41:05.5126103+08:00	0x07	-0.0157	-0.0295	-0.2953	0.9548	325.69	357.30	357.29
2026-05-09T14:41:05.5126103+08:00	0x09	0.0530	-0.0640	-0.6265	0.7750	282.09	350.47	0.12
2026-05-09T14:41:05.5126103+08:00	0x04	-0.0133	-0.0250	-0.2579	0.9658	330.15	357.62	357.79
2026-05-09T14:41:05.5126103+08:00	0x06	0.1387	0.1025	-0.9850	-0.0005	178.28	343.79	11.64
2026-05-09T14:41:05.5126103+08:00	0x01	-0.0210	-0.0304	-0.1361	0.9900	344.42	356.87	357.15
2026-05-09T14:41:05.5126103+08:00	0x09	0.0530	-0.0640	-0.6265	0.7750	282.09	350.47	0.12
2026-05-09T14:41:05.5126103+08:00	0x04	-0.0133	-0.0250	-0.2579	0.9658	330.15	357.63	357.78
2026-05-09T14:41:05.5126103+08:00	0x06	0.1382	0.1025	-0.9851	-0.0005	178.28	343.86	11.64
2026-05-09T14:41:05.5126103+08:00	0x07	-0.0157	-0.0295	-0.2953	0.9548	325.69	357.30	357.29
2026-05-09T14:41:05.5126103+08:00	0x03	0.0080	-0.0157	0.2173	0.9760	25.08	358.44	1.29
2026-05-09T14:41:05.5126103+08:00	0x08	-0.0032	-0.0554	0.1024	0.9932	11.76	353.64	0.28
2026-05-09T14:41:05.5126103+08:00	0x09	0.0530	-0.0640	-0.6265	0.7750	282.09	350.47	0.12
2026-05-09T14:41:05.5126103+08:00	0x04	-0.0133	-0.0250	-0.2579	0.9658	330.15	357.62	357.79
2026-05-09T14:41:05.5136080+08:00	0x06	0.1385	0.1024	-0.9851	-0.0002	178.32	343.82	11.63
2026-05-09T14:41:05.5136080+08:00	0x08	-0.0032	-0.0554	0.1024	0.9932	11.76	353.64	0.28
2026-05-09T14:41:05.5136080+08:00	0x03	0.0080	-0.0157	0.2173	0.9760	25.08	358.44	1.29
2026-05-09T14:41:05.5136080+08:00	0x07	-0.0157	-0.0295	-0.2953	0.9548	325.69	357.30	357.29
2026-05-09T14:41:05.5136080+08:00	0x04	-0.0133	-0.0250	-0.2579	0.9658	330.15	357.62	357.79
2026-05-09T14:41:05.5136080+08:00	0x09	0.0530	-0.0640	-0.6265	0.7750	282.09	350.47	0.12
2026-05-09T14:41:05.5136080+08:00	0x02	0.0222	0.0055	-0.9634	0.2673	210.98	357.72	1.29
2026-05-09T14:41:05.5136080+08:00	0x08	-0.0032	-0.0554	0.1024	0.9932	11.76	353.64	0.28
2026-05-09T14:41:05.5136080+08:00	0x01	-0.0209	-0.0304	-0.1361	0.9900	344.42	356.87	357.15
2026-05-09T14:41:05.5136080+08:00	0x03	0.0080	-0.0157	0.2173	0.9760	25.08	358.44	1.29
2026-05-09T14:41:05.5136080+08:00	0x07	-0.0157	-0.0294	-0.2953	0.9548	325.69	357.31	357.29
2026-05-09T14:41:05.5136080+08:00	0x09	0.0530	-0.0640	-0.6265	0.7750	282.09	350.47	0.12
2026-05-09T14:41:05.5136080+08:00	0x04	-0.0133	-0.0250	-0.2579	0.9658	330.15	357.62	357.79
2026-05-09T14:41:05.5136080+08:00	0x02	0.0222	0.0055	-0.9634	0.2673	210.98	357.72	1.29
2026-05-09T14:41:05.5136080+08:00	0x08	-0.0033	-0.0554	0.1024	0.9932	11.76	353.64	0.28
2026-05-09T14:41:05.5136080+08:00	0x07	-0.0157	-0.0295	-0.2953	0.9548	325.69	357.30	357.29
2026-05-09T14:41:05.5136080+08:00	0x09	0.0530	-0.0640	-0.6265	0.7750	282.09	350.47	0.12
2026-05-09T14:41:05.5136080+08:00	0x04	-0.0133	-0.0250	-0.2579	0.9658	330.15	357.63	357.78
2026-05-09T14:41:05.5136080+08:00	0x02	0.0222	0.0055	-0.9634	0.2673	210.98	357.72	1.29
2026-05-09T14:41:05.5136080+08:00	0x01	-0.0210	-0.0304	-0.1361	0.9900	344.42	356.87	357.15
2026-05-09T14:41:05.5136080+08:00	0x06	0.1376	0.1020	-0.9852	0.0006	178.42	343.93	11.61
2026-05-09T14:41:05.5136080+08:00	0x07	-0.0157	-0.0294	-0.2953	0.9548	325.69	357.31	357.29
2026-05-09T14:41:05.5136080+08:00	0x09	0.0530	-0.0640	-0.6265	0.7750	282.09	350.47	0.12
2026-05-09T14:41:05.5136080+08:00	0x03	0.0080	-0.0157	0.2173	0.9760	25.08	358.44	1.29
2026-05-09T14:41:05.5136080+08:00	0x04	-0.0133	-0.0250	-0.2579	0.9658	330.15	357.62	357.79
2026-05-09T14:41:05.5136080+08:00	0x02	0.0222	0.0055	-0.9634	0.2673	210.98	357.72	1.29
2026-05-09T14:41:05.5136080+08:00	0x08	-0.0032	-0.0554	0.1024	0.9932	11.76	353.64	0.28
2026-05-09T14:41:05.5136080+08:00	0x03	0.0080	-0.0157	0.2173	0.9760	25.08	358.44	1.29
2026-05-09T14:41:05.5136080+08:00	0x09	0.0530	-0.0640	-0.6265	0.7750	282.09	350.46	0.12
2026-05-09T14:41:05.5136080+08:00	0x04	-0.0133	-0.0250	-0.2579	0.9658	330.15	357.62	357.79
2026-05-09T14:41:05.5136080+08:00	0x08	-0.0032	-0.0554	0.1024	0.9932	11.76	353.64	0.28
2026-05-09T14:41:05.5136080+08:00	0x01	-0.0210	-0.0304	-0.1361	0.9900	344.42	356.87	357.14
2026-05-09T14:41:05.5136080+08:00	0x03	0.0080	-0.0157	0.2173	0.9760	25.08	358.44	1.29
2026-05-09T14:41:05.5136080+08:00	0x06	0.1377	0.1014	-0.9853	0.0005	178.42	343.93	11.53
2026-05-09T14:41:05.5136080+08:00	0x07	-0.0157	-0.0295	-0.2953	0.9548	325.69	357.30	357.29
2026-05-09T14:41:05.5136080+08:00	0x09	0.0530	-0.0640	-0.6265	0.7750	282.09	350.46	0.12
2026-05-09T14:41:05.5136080+08:00	0x04	-0.0133	-0.0250	-0.2579	0.9658	330.15	357.63	357.78
2026-05-09T14:41:05.5136080+08:00	0x05	-0.0007	0.0129	0.4399	0.8979	52.20	1.30	359.28
2026-05-09T14:41:05.5146170+08:00	0x06	0.1384	0.1014	-0.9852	0.0002	178.38	343.84	11.52
2026-05-09T14:41:05.5146170+08:00	0x09	0.0530	-0.0640	-0.6265	0.7750	282.09	350.46	0.12
2026-05-09T14:41:05.5146170+08:00	0x04	-0.0133	-0.0250	-0.2579	0.9658	330.15	357.63	357.78
2026-05-09T14:41:05.5146170+08:00	0x02	0.0222	0.0055	-0.9634	0.2673	210.98	357.72	1.29
2026-05-09T14:41:05.5146170+08:00	0x03	0.0081	-0.0157	0.2173	0.9760	25.08	358.44	1.29
2026-05-09T14:41:05.5146170+08:00	0x07	-0.0157	-0.0295	-0.2953	0.9548	325.69	357.30	357.29
2026-05-09T14:41:05.5146170+08:00	0x04	-0.0133	-0.0250	-0.2579	0.9658	330.15	357.63	357.78
2026-05-09T14:41:05.5146170+08:00	0x01	-0.0210	-0.0304	-0.1361	0.9900	344.42	356.87	357.14
2026-05-09T14:41:05.5146170+08:00	0x06	0.1381	0.1011	-0.9852	-0.0003	178.33	343.87	11.49
2026-05-09T14:41:05.5146170+08:00	0x09	0.0530	-0.0640	-0.6265	0.7750	282.09	350.47	0.12
2026-05-09T14:41:05.5146170+08:00	0x07	-0.0157	-0.0295	-0.2953	0.9548	325.69	357.30	357.29
2026-05-09T14:41:05.5146170+08:00	0x04	-0.0133	-0.0250	-0.2579	0.9658	330.15	357.63	357.78
2026-05-09T14:41:05.5146170+08:00	0x02	0.0222	0.0055	-0.9634	0.2673	210.98	357.72	1.29
2026-05-09T14:41:05.5146170+08:00	0x08	-0.0032	-0.0554	0.1024	0.9932	11.76	353.64	0.28
2026-05-09T14:41:05.5146170+08:00	0x01	-0.0210	-0.0304	-0.1361	0.9900	344.42	356.87	357.15
2026-05-09T14:41:05.5146170+08:00	0x06	0.1382	0.1010	-0.9852	-0.0005	178.31	343.86	11.47
2026-05-09T14:41:05.5146170+08:00	0x07	-0.0157	-0.0295	-0.2953	0.9548	325.69	357.30	357.29
2026-05-09T14:41:05.5146170+08:00	0x04	-0.0133	-0.0250	-0.2579	0.9658	330.15	357.63	357.78
2026-05-09T14:41:05.5146170+08:00	0x02	0.0222	0.0055	-0.9634	0.2673	210.98	357.72	1.29
2026-05-09T14:41:05.5146170+08:00	0x09	0.0530	-0.0640	-0.6265	0.7750	282.09	350.47	0.11
2026-05-09T14:41:05.5146170+08:00	0x07	-0.0157	-0.0294	-0.2953	0.9548	325.69	357.31	357.29
2026-05-09T14:41:05.5146170+08:00	0x04	-0.0133	-0.0250	-0.2579	0.9658	330.15	357.62	357.79
2026-05-09T14:41:05.5146170+08:00	0x05	-0.0007	0.0129	0.4399	0.8979	52.20	1.29	359.28
2026-05-09T14:41:05.5146170+08:00	0x09	0.0530	-0.0640	-0.6265	0.7750	282.09	350.47	0.12
2026-05-09T14:41:05.5146170+08:00	0x08	-0.0032	-0.0554	0.1024	0.9932	11.76	353.64	0.28
2026-05-09T14:41:05.5146170+08:00	0x03	0.0080	-0.0157	0.2173	0.9760	25.08	358.44	1.29
2026-05-09T14:41:05.5146170+08:00	0x07	-0.0157	-0.0295	-0.2953	0.9548	325.69	357.30	357.29
2026-05-09T14:41:05.5146170+08:00	0x06	0.1382	0.1011	-0.9852	0.0004	178.41	343.87	11.50
2026-05-09T14:41:05.5146170+08:00	0x04	-0.0133	-0.0250	-0.2579	0.9658	330.15	357.62	357.79
2026-05-09T14:41:05.5146170+08:00	0x02	0.0221	0.0055	-0.9634	0.2673	210.98	357.73	1.29
2026-05-09T14:41:05.5146170+08:00	0x09	0.0530	-0.0640	-0.6265	0.7750	282.09	350.47	0.12
2026-05-09T14:41:05.5146170+08:00	0x03	0.0080	-0.0157	0.2173	0.9760	25.08	358.44	1.29
2026-05-09T14:41:05.5146170+08:00	0x07	-0.0157	-0.0295	-0.2953	0.9548	325.69	357.30	357.29
2026-05-09T14:41:05.5146170+08:00	0x04	-0.0133	-0.0250	-0.2579	0.9658	330.15	357.62	357.79
2026-05-09T14:41:05.5146170+08:00	0x02	0.0222	0.0055	-0.9634	0.2673	210.98	357.72	1.29
2026-05-09T14:41:05.5146170+08:00	0x01	-0.0210	-0.0304	-0.1361	0.9900	344.42	356.87	357.14
2026-05-09T14:41:05.5146170+08:00	0x09	0.0530	-0.0640	-0.6265	0.7750	282.09	350.47	0.12
2026-05-09T14:41:05.5146170+08:00	0x03	0.0081	-0.0157	0.2173	0.9760	25.08	358.44	1.29
2026-05-09T14:41:05.5156078+08:00	0x07	-0.0157	-0.0295	-0.2953	0.9548	325.69	357.30	357.29
2026-05-09T14:41:05.5156078+08:00	0x04	-0.0133	-0.0250	-0.2579	0.9658	330.15	357.63	357.78
2026-05-09T14:41:05.5156078+08:00	0x01	-0.0210	-0.0304	-0.1361	0.9900	344.42	356.87	357.14
2026-05-09T14:41:05.5156078+08:00	0x08	-0.0032	-0.0554	0.1024	0.9932	11.76	353.64	0.28
2026-05-09T14:41:05.5156078+08:00	0x06	0.1366	0.1016	-0.9854	0.0025	178.66	344.08	11.59
2026-05-09T14:41:05.5156078+08:00	0x07	-0.0157	-0.0295	-0.2953	0.9548	325.69	357.30	357.29
2026-05-09T14:41:05.5156078+08:00	0x04	-0.0133	-0.0250	-0.2579	0.9658	330.15	357.63	357.78
2026-05-09T14:41:05.5156078+08:00	0x01	-0.0210	-0.0304	-0.1361	0.9900	344.42	356.87	357.14
2026-05-09T14:41:05.5156078+08:00	0x02	0.0222	0.0055	-0.9634	0.2673	210.98	357.72	1.29
2026-05-09T14:41:05.5156078+08:00	0x03	0.0081	-0.0157	0.2173	0.9760	25.08	358.44	1.29
2026-05-09T14:41:05.5156078+08:00	0x07	-0.0157	-0.0295	-0.2953	0.9548	325.69	357.30	357.29
2026-05-09T14:41:05.5156078+08:00	0x09	0.0530	-0.0639	-0.6265	0.7750	282.09	350.47	0.12
2026-05-09T14:41:05.5156078+08:00	0x04	-0.0133	-0.0250	-0.2579	0.9658	330.15	357.63	357.78
2026-05-09T14:41:05.5156078+08:00	0x01	-0.0210	-0.0304	-0.1361	0.9900	344.42	356.87	357.14
2026-05-09T14:41:05.5156078+08:00	0x08	-0.0032	-0.0554	0.1024	0.9932	11.76	353.64	0.28
2026-05-09T14:41:05.5156078+08:00	0x09	0.0530	-0.0639	-0.6265	0.7750	282.09	350.47	0.12
2026-05-09T14:41:05.5156078+08:00	0x06	0.1357	0.1017	-0.9855	0.0033	178.77	344.20	11.62
2026-05-09T14:41:05.5156078+08:00	0x05	-0.0006	0.0130	0.4399	0.8979	52.20	1.30	359.28
2026-05-09T14:41:05.5156078+08:00	0x04	-0.0133	-0.0250	-0.2579	0.9658	330.15	357.63	357.78
2026-05-09T14:41:05.5156078+08:00	0x01	-0.0210	-0.0304	-0.1361	0.9900	344.42	356.87	357.14
2026-05-09T14:41:05.5156078+08:00	0x03	0.0080	-0.0157	0.2173	0.9760	25.08	358.44	1.29
2026-05-09T14:41:05.5156078+08:00	0x06	0.1355	0.1018	-0.9855	0.0034	178.78	344.22	11.63
2026-05-09T14:41:05.5156078+08:00	0x04	-0.0133	-0.0250	-0.2579	0.9658	330.15	357.63	357.78
2026-05-09T14:41:05.5156078+08:00	0x07	-0.0157	-0.0295	-0.2953	0.9548	325.69	357.30	357.29
2026-05-09T14:41:05.5156078+08:00	0x01	-0.0210	-0.0304	-0.1361	0.9900	344.42	356.87	357.14
2026-05-09T14:41:05.5156078+08:00	0x02	0.0222	0.0055	-0.9634	0.2673	210.98	357.72	1.29
2026-05-09T14:41:05.5156078+08:00	0x08	-0.0033	-0.0554	0.1024	0.9932	11.76	353.64	0.28
2026-05-09T14:41:05.5156078+08:00	0x09	0.0530	-0.0639	-0.6265	0.7750	282.09	350.47	0.12
2026-05-09T14:41:05.5156078+08:00	0x03	0.0081	-0.0157	0.2173	0.9760	25.08	358.44	1.29
2026-05-09T14:41:05.5156078+08:00	0x07	-0.0157	-0.0295	-0.2953	0.9548	325.69	357.30	357.29
2026-05-09T14:41:05.5156078+08:00	0x06	0.1356	0.1017	-0.9855	0.0026	178.68	344.20	11.60
2026-05-09T14:41:05.5156078+08:00	0x04	-0.0133	-0.0250	-0.2579	0.9658	330.15	357.63	357.78
2026-05-09T14:41:05.5156078+08:00	0x02	0.0222	0.0055	-0.9634	0.2673	210.98	357.72	1.29
2026-05-09T14:41:05.5156078+08:00	0x08	-0.0033	-0.0554	0.1024	0.9932	11.76	353.64	0.28
2026-05-09T14:41:05.5156078+08:00	0x09	0.0530	-0.0639	-0.6265	0.7750	282.09	350.47	0.12
2026-05-09T14:41:05.5166056+08:00	0x03	0.0081	-0.0157	0.2173	0.9760	25.08	358.44	1.29
2026-05-09T14:41:05.5166056+08:00	0x06	0.1356	0.1017	-0.9855	0.0026	178.68	344.20	11.60
2026-05-09T14:41:05.5166056+08:00	0x04	-0.0133	-0.0250	-0.2579	0.9658	330.15	357.62	357.78
2026-05-09T14:41:05.5166056+08:00	0x02	0.0222	0.0055	-0.9634	0.2673	210.98	357.72	1.29
2026-05-09T14:41:05.5166056+08:00	0x09	0.0530	-0.0639	-0.6265	0.7750	282.09	350.47	0.12
2026-05-09T14:41:05.5166056+08:00	0x06	0.1356	0.1017	-0.9855	0.0030	178.74	344.21	11.61
2026-05-09T14:41:05.5166056+08:00	0x04	-0.0133	-0.0250	-0.2579	0.9658	330.15	357.62	357.78
2026-05-09T14:41:05.5166056+08:00	0x02	0.0221	0.0055	-0.9634	0.2673	210.98	357.73	1.29
2026-05-09T14:41:05.5166056+08:00	0x07	-0.0157	-0.0295	-0.2953	0.9548	325.69	357.30	357.29
2026-05-09T14:41:05.5166056+08:00	0x09	0.0530	-0.0639	-0.6265	0.7750	282.09	350.47	0.12
2026-05-09T14:41:05.5166056+08:00	0x06	0.1344	0.1018	-0.9857	0.0038	178.84	344.35	11.64
2026-05-09T14:41:05.5166056+08:00	0x04	-0.0133	-0.0250	-0.2579	0.9658	330.15	357.63	357.78
2026-05-09T14:41:05.5166056+08:00	0x01	-0.0210	-0.0304	-0.1361	0.9900	344.42	356.87	357.15
2026-05-09T14:41:05.5166056+08:00	0x02	0.0221	0.0055	-0.9634	0.2673	210.98	357.73	1.29
2026-05-09T14:41:05.5166056+08:00	0x07	-0.0157	-0.0295	-0.2953	0.9548	325.69	357.30	357.29
2026-05-09T14:41:05.5166056+08:00	0x09	0.0530	-0.0639	-0.6265	0.7750	282.09	350.47	0.12
2026-05-09T14:41:05.5166056+08:00	0x04	-0.0133	-0.0250	-0.2579	0.9658	330.15	357.62	357.78
2026-05-09T14:41:05.5166056+08:00	0x01	-0.0210	-0.0304	-0.1361	0.9900	344.42	356.87	357.15
2026-05-09T14:41:05.5166056+08:00	0x02	0.0221	0.0055	-0.9634	0.2673	210.98	357.73	1.29
2026-05-09T14:41:05.5166056+08:00	0x07	-0.0157	-0.0295	-0.2953	0.9548	325.69	357.30	357.29
2026-05-09T14:41:05.5166056+08:00	0x08	-0.0032	-0.0554	0.1024	0.9932	11.76	353.64	0.28
2026-05-09T14:41:05.5166056+08:00	0x04	-0.0133	-0.0250	-0.2579	0.9658	330.15	357.62	357.79
2026-05-09T14:41:05.5166056+08:00	0x01	-0.0210	-0.0304	-0.1361	0.9900	344.42	356.87	357.14
2026-05-09T14:41:05.5166056+08:00	0x02	0.0221	0.0055	-0.9634	0.2673	210.98	357.73	1.29
2026-05-09T14:41:05.5166056+08:00	0x08	-0.0032	-0.0554	0.1024	0.9932	11.76	353.64	0.28
2026-05-09T14:41:05.5166056+08:00	0x06	0.1342	0.1020	-0.9857	0.0070	179.21	344.41	11.71
2026-05-09T14:41:05.5166056+08:00	0x04	-0.0133	-0.0250	-0.2579	0.9658	330.15	357.62	357.79
2026-05-09T14:41:05.5166056+08:00	0x01	-0.0210	-0.0304	-0.1361	0.9900	344.42	356.87	357.15
2026-05-09T14:41:05.5166056+08:00	0x03	0.0080	-0.0157	0.2173	0.9760	25.08	358.44	1.29
2026-05-09T14:41:05.5166056+08:00	0x02	0.0222	0.0055	-0.9634	0.2673	210.98	357.72	1.29
2026-05-09T14:41:05.5166056+08:00	0x07	-0.0157	-0.0295	-0.2953	0.9548	325.69	357.30	357.29
2026-05-09T14:41:05.5166056+08:00	0x09	0.0530	-0.0639	-0.6265	0.7750	282.09	350.47	0.12
2026-05-09T14:41:05.5166056+08:00	0x04	-0.0133	-0.0250	-0.2579	0.9658	330.15	357.63	357.78
2026-05-09T14:41:05.5166056+08:00	0x01	-0.0210	-0.0304	-0.1361	0.9900	344.42	356.87	357.15
2026-05-09T14:41:05.5166056+08:00	0x03	0.0081	-0.0157	0.2173	0.9760	25.08	358.44	1.29
2026-05-09T14:41:05.5166056+08:00	0x07	-0.0157	-0.0295	-0.2953	0.9548	325.69	357.30	357.29
2026-05-09T14:41:05.5166056+08:00	0x06	0.1341	0.1023	-0.9856	0.0096	179.50	344.45	11.78
2026-05-09T14:41:05.5166056+08:00	0x09	0.0530	-0.0639	-0.6265	0.7750	282.09	350.47	0.12
2026-05-09T14:41:05.5176032+08:00	0x04	-0.0133	-0.0250	-0.2579	0.9658	330.15	357.63	357.78
2026-05-09T14:41:05.5176032+08:00	0x05	-0.0007	0.0130	0.4399	0.8979	52.20	1.30	359.28
2026-05-09T14:41:05.5176032+08:00	0x02	0.0222	0.0055	-0.9634	0.2673	210.98	357.72	1.29
2026-05-09T14:41:05.5176032+08:00	0x07	-0.0157	-0.0295	-0.2953	0.9548	325.69	357.30	357.29
2026-05-09T14:41:05.5176032+08:00	0x06	0.1337	0.1025	-0.9856	0.0108	179.64	344.51	11.83
2026-05-09T14:41:05.5176032+08:00	0x04	-0.0133	-0.0250	-0.2579	0.9658	330.15	357.63	357.78
2026-05-09T14:41:05.5176032+08:00	0x03	0.0081	-0.0157	0.2173	0.9760	25.08	358.44	1.29
2026-05-09T14:41:05.5176032+08:00	0x07	-0.0157	-0.0295	-0.2953	0.9548	325.69	357.30	357.29
2026-05-09T14:41:05.5176032+08:00	0x06	0.1332	0.1028	-0.9857	0.0121	179.79	344.59	11.88
2026-05-09T14:41:05.5176032+08:00	0x09	0.0530	-0.0640	-0.6265	0.7750	282.09	350.47	0.12
2026-05-09T14:41:05.5176032+08:00	0x04	-0.0133	-0.0250	-0.2579	0.9658	330.15	357.63	357.79
2026-05-09T14:41:05.5176032+08:00	0x01	-0.0210	-0.0304	-0.1361	0.9900	344.42	356.87	357.15
2026-05-09T14:41:05.5176032+08:00	0x08	-0.0033	-0.0554	0.1024	0.9932	11.76	353.64	0.28
2026-05-09T14:41:05.5176032+08:00	0x02	0.0222	0.0056	-0.9634	0.2673	210.98	357.72	1.29
2026-05-09T14:41:05.5176032+08:00	0x09	0.0530	-0.0640	-0.6265	0.7750	282.09	350.47	0.12
2026-05-09T14:41:05.5176032+08:00	0x04	-0.0133	-0.0250	-0.2579	0.9658	330.15	357.63	357.79
2026-05-09T14:41:05.5176032+08:00	0x01	-0.0210	-0.0304	-0.1361	0.9900	344.42	356.87	357.15
2026-05-09T14:41:05.5176032+08:00	0x03	0.0081	-0.0157	0.2173	0.9760	25.08	358.44	1.29
2026-05-09T14:41:05.5176032+08:00	0x08	-0.0033	-0.0554	0.1024	0.9932	11.76	353.64	0.28
2026-05-09T14:41:05.5176032+08:00	0x09	0.0530	-0.0640	-0.6265	0.7750	282.09	350.47	0.12
2026-05-09T14:41:05.5176032+08:00	0x07	-0.0157	-0.0295	-0.2953	0.9548	325.69	357.30	357.29
2026-05-09T14:41:05.5176032+08:00	0x05	-0.0006	0.0130	0.4399	0.8979	52.20	1.30	359.28
2026-05-09T14:41:05.5176032+08:00	0x01	-0.0210	-0.0304	-0.1361	0.9900	344.42	356.87	357.14
2026-05-09T14:41:05.5176032+08:00	0x04	-0.0133	-0.0250	-0.2579	0.9658	330.15	357.63	357.79
2026-05-09T14:41:05.5176032+08:00	0x08	-0.0033	-0.0554	0.1024	0.9932	11.76	353.64	0.28
2026-05-09T14:41:05.5176032+08:00	0x02	0.0222	0.0055	-0.9634	0.2673	210.98	357.72	1.29
2026-05-09T14:41:05.5176032+08:00	0x09	0.0530	-0.0640	-0.6265	0.7750	282.09	350.47	0.12
2026-05-09T14:41:05.5176032+08:00	0x07	-0.0157	-0.0294	-0.2953	0.9548	325.69	357.31	357.29
2026-05-09T14:41:05.5176032+08:00	0x06	0.1345	0.1018	-0.9856	0.0067	179.18	344.37	11.69
2026-05-09T14:41:05.5176032+08:00	0x01	-0.0210	-0.0304	-0.1361	0.9900	344.42	356.87	357.14
2026-05-09T14:41:05.5176032+08:00	0x03	0.0081	-0.0157	0.2173	0.9760	25.08	358.44	1.29
2026-05-09T14:41:05.5176032+08:00	0x02	0.0222	0.0055	-0.9634	0.2673	210.98	357.72	1.29
2026-05-09T14:41:05.5176032+08:00	0x09	0.0530	-0.0639	-0.6265	0.7750	282.09	350.47	0.12
2026-05-09T14:41:05.5176032+08:00	0x06	0.1350	0.1017	-0.9856	0.0058	179.06	344.31	11.66
2026-05-09T14:41:05.5176032+08:00	0x04	-0.0133	-0.0250	-0.2579	0.9658	330.15	357.63	357.78
2026-05-09T14:41:05.5186001+08:00	0x03	0.0081	-0.0157	0.2173	0.9760	25.08	358.44	1.29
2026-05-09T14:41:05.5186001+08:00	0x02	0.0222	0.0056	-0.9634	0.2673	210.98	357.72	1.29
2026-05-09T14:41:05.5186001+08:00	0x07	-0.0157	-0.0295	-0.2953	0.9548	325.69	357.30	357.29
2026-05-09T14:41:05.5186001+08:00	0x06	0.1354	0.1014	-0.9856	0.0041	178.86	344.24	11.60
2026-05-09T14:41:05.5186001+08:00	0x04	-0.0133	-0.0250	-0.2579	0.9658	330.15	357.62	357.78
2026-05-09T14:41:05.5186001+08:00	0x01	-0.0210	-0.0304	-0.1361	0.9900	344.42	356.87	357.15
2026-05-09T14:41:05.5186001+08:00	0x03	0.0081	-0.0157	0.2173	0.9760	25.08	358.44	1.29
2026-05-09T14:41:05.5186001+08:00	0x08	-0.0033	-0.0554	0.1024	0.9932	11.76	353.65	0.28
2026-05-09T14:41:05.5186001+08:00	0x09	0.0530	-0.0640	-0.6265	0.7750	282.09	350.47	0.12
2026-05-09T14:41:05.5186001+08:00	0x07	-0.0157	-0.0295	-0.2953	0.9548	325.69	357.30	357.29
2026-05-09T14:41:05.5186001+08:00	0x06	0.1357	0.1015	-0.9855	0.0038	178.83	344.21	11.61
2026-05-09T14:41:05.5186001+08:00	0x04	-0.0133	-0.0250	-0.2579	0.9658	330.15	357.62	357.78
2026-05-09T14:41:05.5186001+08:00	0x01	-0.0210	-0.0304	-0.1361	0.9900	344.42	356.87	357.14
2026-05-09T14:41:05.5186001+08:00	0x03	0.0081	-0.0157	0.2173	0.9760	25.08	358.44	1.29
2026-05-09T14:41:05.5186001+08:00	0x09	0.0530	-0.0640	-0.6265	0.7750	282.09	350.47	0.12
2026-05-09T14:41:05.5186001+08:00	0x07	-0.0157	-0.0295	-0.2953	0.9548	325.69	357.30	357.29
2026-05-09T14:41:05.5186001+08:00	0x06	0.1396	0.1016	-0.9850	0.0021	178.59	343.73	11.58
2026-05-09T14:41:05.5186001+08:00	0x04	-0.0133	-0.0250	-0.2579	0.9658	330.15	357.63	357.78
2026-05-09T14:41:05.5186001+08:00	0x01	-0.0210	-0.0304	-0.1361	0.9900	344.42	356.87	357.15
2026-05-09T14:41:05.5186001+08:00	0x08	-0.0032	-0.0554	0.1024	0.9932	11.76	353.64	0.28
2026-05-09T14:41:05.5186001+08:00	0x03	0.0080	-0.0157	0.2173	0.9760	25.08	358.44	1.29
2026-05-09T14:41:05.5186001+08:00	0x02	0.0222	0.0055	-0.9634	0.2673	210.98	357.72	1.29
2026-05-09T14:41:05.5186001+08:00	0x06	0.1384	0.1013	-0.9852	0.0024	178.64	343.87	11.55
2026-05-09T14:41:05.5186001+08:00	0x04	-0.0133	-0.0250	-0.2579	0.9658	330.15	357.63	357.78
2026-05-09T14:41:05.5186001+08:00	0x01	-0.0210	-0.0304	-0.1361	0.9900	344.42	356.87	357.15
2026-05-09T14:41:05.5186001+08:00	0x03	0.0081	-0.0157	0.2173	0.9760	25.08	358.44	1.29
2026-05-09T14:41:05.5186001+08:00	0x08	-0.0033	-0.0554	0.1024	0.9932	11.76	353.64	0.28
2026-05-09T14:41:05.5186001+08:00	0x09	0.0530	-0.0640	-0.6265	0.7750	282.09	350.47	0.12
2026-05-09T14:41:05.5186001+08:00	0x07	-0.0157	-0.0295	-0.2953	0.9548	325.69	357.30	357.29
2026-05-09T14:41:05.5186001+08:00	0x04	-0.0133	-0.0250	-0.2579	0.9658	330.15	357.63	357.78
2026-05-09T14:41:05.5186001+08:00	0x01	-0.0210	-0.0304	-0.1361	0.9900	344.42	356.87	357.15
2026-05-09T14:41:05.5186001+08:00	0x02	0.0222	0.0055	-0.9634	0.2673	210.98	357.72	1.29
2026-05-09T14:41:05.5186001+08:00	0x03	0.0081	-0.0157	0.2173	0.9760	25.08	358.44	1.29
2026-05-09T14:41:05.5186001+08:00	0x06	0.1394	0.1013	-0.9850	0.0028	178.67	343.75	11.56
2026-05-09T14:41:05.5186001+08:00	0x04	-0.0133	-0.0250	-0.2579	0.9658	330.15	357.62	357.79
2026-05-09T14:41:05.5186001+08:00	0x01	-0.0210	-0.0304	-0.1361	0.9900	344.42	356.87	357.15
2026-05-09T14:41:05.5196101+08:00	0x03	0.0081	-0.0157	0.2173	0.9760	25.08	358.44	1.29
2026-05-09T14:41:05.5196101+08:00	0x02	0.0222	0.0055	-0.9634	0.2673	210.98	357.72	1.29
2026-05-09T14:41:05.5196101+08:00	0x07	-0.0157	-0.0295	-0.2953	0.9548	325.69	357.30	357.29
2026-05-09T14:41:05.5196101+08:00	0x06	0.1447	0.1006	-0.9843	-0.0007	178.21	343.09	11.41
2026-05-09T14:41:05.5196101+08:00	0x01	-0.0210	-0.0304	-0.1361	0.9900	344.42	356.87	357.15
2026-05-09T14:41:05.5196101+08:00	0x08	-0.0032	-0.0554	0.1024	0.9932	11.76	353.64	0.28
2026-05-09T14:41:05.5196101+08:00	0x09	0.0530	-0.0640	-0.6265	0.7750	282.09	350.47	0.11
2026-05-09T14:41:05.5196101+08:00	0x07	-0.0157	-0.0295	-0.2953	0.9548	325.69	357.30	357.29
2026-05-09T14:41:05.5196101+08:00	0x04	-0.0133	-0.0250	-0.2579	0.9658	330.15	357.63	357.79
2026-05-09T14:41:05.5196101+08:00	0x05	-0.0007	0.0130	0.4399	0.8979	52.20	1.30	359.28
2026-05-09T14:41:05.5196101+08:00	0x08	-0.0032	-0.0554	0.1024	0.9932	11.76	353.64	0.28
2026-05-09T14:41:05.5196101+08:00	0x01	-0.0210	-0.0304	-0.1361	0.9900	344.42	356.87	357.15
2026-05-09T14:41:05.5196101+08:00	0x09	0.0530	-0.0640	-0.6265	0.7750	282.09	350.47	0.12
2026-05-09T14:41:05.5196101+08:00	0x03	0.0081	-0.0157	0.2173	0.9760	25.08	358.44	1.29
2026-05-09T14:41:05.5196101+08:00	0x06	0.1966	0.0948	-0.9758	-0.0085	176.85	336.93	10.47
2026-05-09T14:41:05.5196101+08:00	0x04	-0.0133	-0.0250	-0.2579	0.9658	330.15	357.63	357.79
2026-05-09T14:41:05.5196101+08:00	0x05	-0.0007	0.0130	0.4399	0.8979	52.20	1.30	359.28
2026-05-09T14:41:05.5196101+08:00	0x08	-0.0033	-0.0554	0.1024	0.9932	11.76	353.64	0.28
2026-05-09T14:41:05.5196101+08:00	0x01	-0.0210	-0.0304	-0.1361	0.9900	344.42	356.87	357.15
2026-05-09T14:41:05.5196101+08:00	0x09	0.0530	-0.0640	-0.6265	0.7750	282.09	350.47	0.12
2026-05-09T14:41:05.5196101+08:00	0x04	-0.0133	-0.0250	-0.2579	0.9658	330.15	357.63	357.78
2026-05-09T14:41:05.5196101+08:00	0x06	0.1966	0.0948	-0.9758	-0.0108	176.60	336.90	10.41
2026-05-09T14:41:05.5196101+08:00	0x08	-0.0033	-0.0554	0.1024	0.9932	11.76	353.64	0.28
2026-05-09T14:41:05.5196101+08:00	0x01	-0.0210	-0.0304	-0.1361	0.9900	344.42	356.87	357.15
2026-05-09T14:41:05.5196101+08:00	0x02	0.0221	0.0055	-0.9634	0.2673	210.98	357.73	1.29
2026-05-09T14:41:05.5196101+08:00	0x03	0.0081	-0.0157	0.2173	0.9760	25.08	358.44	1.29
2026-05-09T14:41:05.5196101+08:00	0x06	0.2017	0.0950	-0.9748	-0.0122	176.38	336.29	10.38
2026-05-09T14:41:05.5196101+08:00	0x08	-0.0032	-0.0554	0.1024	0.9932	11.76	353.64	0.28
2026-05-09T14:41:05.5196101+08:00	0x01	-0.0210	-0.0304	-0.1361	0.9900	344.42	356.87	357.15
2026-05-09T14:41:05.5196101+08:00	0x09	0.0530	-0.0640	-0.6265	0.7750	282.09	350.47	0.12
2026-05-09T14:41:05.5196101+08:00	0x02	0.0222	0.0055	-0.9634	0.2673	210.98	357.72	1.29
2026-05-09T14:41:05.5196101+08:00	0x07	-0.0157	-0.0295	-0.2953	0.9548	325.69	357.30	357.29
2026-05-09T14:41:05.5196101+08:00	0x06	0.1948	0.0960	-0.9760	-0.0146	176.15	337.07	10.47
2026-05-09T14:41:05.5196101+08:00	0x03	0.0081	-0.0157	0.2173	0.9760	25.08	358.44	1.29
2026-05-09T14:41:05.5196101+08:00	0x08	-0.0032	-0.0554	0.1024	0.9932	11.76	353.64	0.28
2026-05-09T14:41:05.5196101+08:00	0x02	0.0222	0.0055	-0.9634	0.2673	210.98	357.72	1.29
2026-05-09T14:41:05.5196101+08:00	0x07	-0.0157	-0.0295	-0.2953	0.9548	325.69	357.30	357.29
2026-05-09T14:41:05.5196101+08:00	0x06	0.1946	0.0945	-0.9762	-0.0161	176.02	337.10	10.26
2026-05-09T14:41:05.5206019+08:00	0x08	-0.0032	-0.0554	0.1024	0.9932	11.76	353.64	0.28
2026-05-09T14:41:05.5206019+08:00	0x09	0.0530	-0.0639	-0.6265	0.7750	282.09	350.47	0.12
2026-05-09T14:41:05.5206019+08:00	0x04	-0.0133	-0.0250	-0.2579	0.9658	330.15	357.63	357.78
2026-05-09T14:41:05.5206019+08:00	0x07	-0.0157	-0.0295	-0.2953	0.9548	325.69	357.30	357.29
2026-05-09T14:41:05.5206019+08:00	0x06	0.1949	0.0942	-0.9762	-0.0160	176.04	337.06	10.24
2026-05-09T14:41:05.5206019+08:00	0x05	-0.0006	0.0129	0.4399	0.8979	52.20	1.30	359.28
2026-05-09T14:41:05.5206019+08:00	0x01	-0.0210	-0.0304	-0.1361	0.9900	344.42	356.87	357.15
2026-05-09T14:41:05.5206019+08:00	0x09	0.0530	-0.0639	-0.6265	0.7750	282.09	350.47	0.12
2026-05-09T14:41:05.5206019+08:00	0x03	0.0081	-0.0157	0.2173	0.9760	25.08	358.44	1.29
2026-05-09T14:41:05.5206019+08:00	0x02	0.0222	0.0055	-0.9634	0.2673	210.98	357.72	1.29
2026-05-09T14:41:05.5206019+08:00	0x07	-0.0157	-0.0295	-0.2953	0.9548	325.69	357.30	357.29
2026-05-09T14:41:05.5206019+08:00	0x08	-0.0032	-0.0554	0.1024	0.9932	11.76	353.64	0.29
2026-05-09T14:41:05.5206019+08:00	0x01	-0.0210	-0.0304	-0.1361	0.9900	344.42	356.87	357.15
2026-05-09T14:41:05.5206019+08:00	0x09	0.0530	-0.0639	-0.6265	0.7750	282.09	350.47	0.12
2026-05-09T14:41:05.5206019+08:00	0x02	0.0222	0.0055	-0.9634	0.2673	210.98	357.72	1.29
2026-05-09T14:41:05.5206019+08:00	0x07	-0.0157	-0.0295	-0.2953	0.9548	325.69	357.30	357.29
2026-05-09T14:41:05.5206019+08:00	0x04	-0.0133	-0.0250	-0.2579	0.9658	330.15	357.63	357.79
2026-05-09T14:41:05.5206019+08:00	0x01	-0.0210	-0.0304	-0.1361	0.9900	344.42	356.87	357.15
2026-05-09T14:41:05.5206019+08:00	0x03	0.0081	-0.0157	0.2173	0.9760	25.08	358.44	1.29
2026-05-09T14:41:05.5206019+08:00	0x09	0.0530	-0.0639	-0.6265	0.7750	282.09	350.47	0.12
2026-05-09T14:41:05.5206019+08:00	0x07	-0.0157	-0.0295	-0.2953	0.9548	325.69	357.30	357.29
2026-05-09T14:41:05.5206019+08:00	0x01	-0.0210	-0.0304	-0.1361	0.9900	344.42	356.87	357.15
2026-05-09T14:41:05.5206019+08:00	0x08	-0.0032	-0.0554	0.1024	0.9932	11.76	353.65	0.28
2026-05-09T14:41:05.5206019+08:00	0x09	0.0530	-0.0639	-0.6265	0.7750	282.09	350.47	0.12
2026-05-09T14:41:05.5206019+08:00	0x02	0.0222	0.0055	-0.9634	0.2673	210.98	357.72	1.29
2026-05-09T14:41:05.5206019+08:00	0x06	0.1950	0.0939	-0.9762	-0.0169	175.94	337.04	10.18
2026-05-09T14:41:05.5206019+08:00	0x04	-0.0133	-0.0250	-0.2579	0.9658	330.15	357.63	357.79
2026-05-09T14:41:05.5206019+08:00	0x05	-0.0006	0.0130	0.4399	0.8979	52.20	1.30	359.28
2026-05-09T14:41:05.5206019+08:00	0x08	-0.0032	-0.0554	0.1024	0.9932	11.76	353.65	0.28
2026-05-09T14:41:05.5206019+08:00	0x03	0.0081	-0.0157	0.2173	0.9760	25.08	358.44	1.29
2026-05-09T14:41:05.5206019+08:00	0x02	0.0222	0.0055	-0.9634	0.2673	210.98	357.72	1.29
2026-05-09T14:41:05.5206019+08:00	0x04	-0.0133	-0.0250	-0.2579	0.9658	330.15	357.63	357.79
2026-05-09T14:41:05.5206019+08:00	0x01	-0.0210	-0.0304	-0.1361	0.9900	344.42	356.87	357.15
2026-05-09T14:41:05.5215993+08:00	0x09	0.0530	-0.0640	-0.6265	0.7750	282.09	350.47	0.12
2026-05-09T14:41:05.5215993+08:00	0x03	0.0081	-0.0157	0.2173	0.9760	25.08	358.44	1.29
2026-05-09T14:41:05.5215993+08:00	0x02	0.0222	0.0055	-0.9634	0.2673	210.98	357.72	1.29
2026-05-09T14:41:05.5215993+08:00	0x07	-0.0157	-0.0295	-0.2953	0.9548	325.69	357.30	357.29
2026-05-09T14:41:05.5215993+08:00	0x04	-0.0133	-0.0250	-0.2579	0.9658	330.15	357.63	357.79
2026-05-09T14:41:05.5215993+08:00	0x01	-0.0209	-0.0304	-0.1361	0.9900	344.42	356.87	357.15
2026-05-09T14:41:05.5215993+08:00	0x08	-0.0032	-0.0554	0.1024	0.9932	11.76	353.64	0.28
2026-05-09T14:41:05.5215993+08:00	0x09	0.0530	-0.0640	-0.6265	0.7750	282.09	350.47	0.12
2026-05-09T14:41:05.5215993+08:00	0x03	0.0081	-0.0157	0.2173	0.9760	25.08	358.44	1.29
2026-05-09T14:41:05.5215993+08:00	0x06	0.2001	0.0971	-0.9748	-0.0166	175.85	336.42	10.52
2026-05-09T14:41:05.5215993+08:00	0x07	-0.0157	-0.0295	-0.2953	0.9548	325.69	357.30	357.29
2026-05-09T14:41:05.5215993+08:00	0x04	-0.0133	-0.0250	-0.2579	0.9658	330.15	357.62	357.79
2026-05-09T14:41:05.5215993+08:00	0x01	-0.0209	-0.0304	-0.1361	0.9900	344.42	356.87	357.15
2026-05-09T14:41:05.5215993+08:00	0x08	-0.0032	-0.0554	0.1024	0.9932	11.76	353.64	0.28
2026-05-09T14:41:05.5215993+08:00	0x02	0.0222	0.0055	-0.9634	0.2673	210.98	357.72	1.29
2026-05-09T14:41:05.5215993+08:00	0x06	0.1981	0.0943	-0.9755	-0.0167	175.92	336.67	10.22
2026-05-09T14:41:05.5215993+08:00	0x04	-0.0133	-0.0250	-0.2579	0.9658	330.15	357.62	357.79
2026-05-09T14:41:05.5215993+08:00	0x05	-0.0007	0.0129	0.4399	0.8979	52.20	1.30	359.28
2026-05-09T14:41:05.5215993+08:00	0x01	-0.0209	-0.0304	-0.1361	0.9900	344.42	356.87	357.15
2026-05-09T14:41:05.5215993+08:00	0x08	-0.0032	-0.0554	0.1024	0.9932	11.76	353.64	0.28
2026-05-09T14:41:05.5215993+08:00	0x03	0.0081	-0.0157	0.2173	0.9760	25.08	358.44	1.29
2026-05-09T14:41:05.5215993+08:00	0x07	-0.0157	-0.0295	-0.2953	0.9548	325.69	357.30	357.29
2026-05-09T14:41:05.5215993+08:00	0x05	-0.0007	0.0130	0.4399	0.8979	52.20	1.30	359.28
2026-05-09T14:41:05.5215993+08:00	0x09	0.0530	-0.0639	-0.6265	0.7750	282.09	350.47	0.12
2026-05-09T14:41:05.5215993+08:00	0x03	0.0081	-0.0157	0.2173	0.9760	25.08	358.44	1.29
2026-05-09T14:41:05.5215993+08:00	0x07	-0.0157	-0.0295	-0.2953	0.9548	325.69	357.30	357.29
2026-05-09T14:41:05.5215993+08:00	0x06	0.1841	0.0953	-0.9781	-0.0197	175.70	338.29	10.32
2026-05-09T14:41:05.5215993+08:00	0x01	-0.0210	-0.0304	-0.1361	0.9900	344.42	356.87	357.15
2026-05-09T14:41:05.5215993+08:00	0x09	0.0530	-0.0640	-0.6265	0.7750	282.09	350.47	0.12
2026-05-09T14:41:05.5215993+08:00	0x03	0.0080	-0.0157	0.2173	0.9760	25.08	358.44	1.29
2026-05-09T14:41:05.5215993+08:00	0x06	0.1358	0.0743	-0.9870	-0.0434	173.87	343.92	7.75
2026-05-09T14:41:05.5215993+08:00	0x04	-0.0133	-0.0250	-0.2579	0.9658	330.15	357.63	357.78
2026-05-09T14:41:05.5215993+08:00	0x01	-0.0209	-0.0304	-0.1361	0.9900	344.42	356.87	357.15
2026-05-09T14:41:05.5215993+08:00	0x09	0.0530	-0.0640	-0.6265	0.7750	282.09	350.47	0.12
2026-05-09T14:41:05.5215993+08:00	0x08	-0.0032	-0.0554	0.1024	0.9932	11.76	353.65	0.28
2026-05-09T14:41:05.5215993+08:00	0x03	0.0080	-0.0157	0.2173	0.9760	25.08	358.44	1.29
2026-05-09T14:41:05.5215993+08:00	0x07	-0.0157	-0.0295	-0.2953	0.9548	325.69	357.30	357.29
2026-05-09T14:41:05.5215993+08:00	0x04	-0.0133	-0.0250	-0.2579	0.9658	330.15	357.62	357.78
2026-05-09T14:41:05.5225968+08:00	0x01	-0.0209	-0.0303	-0.1361	0.9900	344.42	356.89	357.15
2026-05-09T14:41:05.5225968+08:00	0x03	0.0080	-0.0158	0.2173	0.9760	25.08	358.43	1.29
2026-05-09T14:41:05.5225968+08:00	0x02	0.0222	0.0055	-0.9634	0.2673	210.98	357.72	1.29
2026-05-09T14:41:05.5225968+08:00	0x04	-0.0133	-0.0250	-0.2579	0.9658	330.15	357.62	357.78
2026-05-09T14:41:05.5225968+08:00	0x06	0.1313	0.0981	-0.9851	0.0530	184.61	345.30	11.96
2026-05-09T14:41:05.5225968+08:00	0x03	0.0080	-0.0158	0.2173	0.9760	25.08	358.43	1.29
2026-05-09T14:41:05.5225968+08:00	0x09	0.0530	-0.0640	-0.6265	0.7750	282.09	350.47	0.12
2026-05-09T14:41:05.5225968+08:00	0x05	-0.0006	0.0128	0.4396	0.8981	52.15	1.29	359.29
2026-05-09T14:41:05.5225968+08:00	0x06	0.1278	0.1076	-0.9793	0.1147	191.71	346.57	13.89
2026-05-09T14:41:05.5225968+08:00	0x07	-0.0157	-0.0295	-0.2953	0.9548	325.69	357.30	357.29
2026-05-09T14:41:05.5225968+08:00	0x05	-0.0007	0.0129	0.4395	0.8981	52.14	1.29	359.28
2026-05-09T14:41:05.5225968+08:00	0x03	0.0080	-0.0158	0.2173	0.9760	25.08	358.43	1.29
2026-05-09T14:41:05.5225968+08:00	0x01	-0.0209	-0.0303	-0.1361	0.9900	344.42	356.89	357.15
2026-05-09T14:41:05.5225968+08:00	0x09	0.0530	-0.0639	-0.6265	0.7750	282.09	350.47	0.12
2026-05-09T14:41:05.5225968+08:00	0x06	0.1215	0.1115	-0.9730	0.1616	197.30	348.04	14.85
2026-05-09T14:41:05.5225968+08:00	0x04	-0.0133	-0.0250	-0.2579	0.9658	330.15	357.63	357.78
2026-05-09T14:41:05.5225968+08:00	0x07	-0.0157	-0.0295	-0.2953	0.9548	325.69	357.30	357.29
2026-05-09T14:41:05.5225968+08:00	0x03	0.0080	-0.0158	0.2173	0.9760	25.08	358.43	1.29
2026-05-09T14:41:05.5225968+08:00	0x09	0.0530	-0.0639	-0.6265	0.7750	282.09	350.47	0.12
2026-05-09T14:41:05.5225968+08:00	0x06	0.1182	0.1130	-0.9682	0.1895	200.65	348.88	15.28
2026-05-09T14:41:05.5225968+08:00	0x07	-0.0157	-0.0295	-0.2953	0.9548	325.69	357.30	357.29
2026-05-09T14:41:05.5225968+08:00	0x04	-0.0133	-0.0250	-0.2579	0.9658	330.15	357.63	357.78
2026-05-09T14:41:05.5225968+08:00	0x06	0.1130	0.1172	-0.9647	0.2069	202.79	349.86	15.83
2026-05-09T14:41:05.5225968+08:00	0x03	0.0080	-0.0158	0.2173	0.9760	25.08	358.43	1.29
2026-05-09T14:41:05.5225968+08:00	0x01	-0.0209	-0.0303	-0.1361	0.9900	344.42	356.88	357.15
2026-05-09T14:41:05.5225968+08:00	0x02	0.0222	0.0055	-0.9634	0.2673	210.98	357.72	1.29
2026-05-09T14:41:05.5225968+08:00	0x04	-0.0133	-0.0250	-0.2579	0.9658	330.15	357.63	357.78
2026-05-09T14:41:05.5225968+08:00	0x08	-0.0032	-0.0554	0.1024	0.9932	11.76	353.64	0.29
2026-05-09T14:41:05.5225968+08:00	0x06	0.1072	0.1189	-0.9605	0.2275	205.36	350.90	16.09
2026-05-09T14:41:05.5225968+08:00	0x03	0.0080	-0.0158	0.2173	0.9760	25.08	358.43	1.29
2026-05-09T14:41:05.5225968+08:00	0x09	0.0530	-0.0639	-0.6265	0.7750	282.09	350.47	0.12
2026-05-09T14:41:05.5225968+08:00	0x08	-0.0032	-0.0554	0.1024	0.9932	11.76	353.64	0.29
2026-05-09T14:41:05.5225968+08:00	0x07	-0.0157	-0.0295	-0.2953	0.9548	325.69	357.30	357.29
2026-05-09T14:41:05.5225968+08:00	0x03	0.0080	-0.0158	0.2173	0.9760	25.08	358.43	1.29
2026-05-09T14:41:05.5225968+08:00	0x05	-0.0007	0.0129	0.4392	0.8983	52.10	1.30	359.28
2026-05-09T14:41:05.5225968+08:00	0x06	0.1088	0.1189	-0.9568	0.2422	207.12	350.98	16.28
2026-05-09T14:41:05.5225968+08:00	0x09	0.0530	-0.0639	-0.6265	0.7750	282.09	350.47	0.12
2026-05-09T14:41:05.5225968+08:00	0x08	-0.0032	-0.0554	0.1024	0.9932	11.76	353.64	0.28
2026-05-09T14:41:05.5235947+08:00	0x04	-0.0133	-0.0250	-0.2579	0.9658	330.15	357.63	357.78
2026-05-09T14:41:05.5235947+08:00	0x07	-0.0157	-0.0295	-0.2953	0.9548	325.69	357.30	357.29
2026-05-09T14:41:05.5235947+08:00	0x05	-0.0006	0.0129	0.4391	0.8984	52.09	1.30	359.28
2026-05-09T14:41:05.5235947+08:00	0x03	0.0080	-0.0158	0.2173	0.9760	25.08	358.43	1.29
2026-05-09T14:41:05.5235947+08:00	0x09	0.0530	-0.0639	-0.6265	0.7750	282.09	350.47	0.12
2026-05-09T14:41:05.5235947+08:00	0x02	0.0222	0.0055	-0.9634	0.2673	210.98	357.72	1.29
2026-05-09T14:41:05.5235947+08:00	0x08	-0.0032	-0.0554	0.1024	0.9932	11.76	353.64	0.28
2026-05-09T14:41:05.5235947+08:00	0x04	-0.0133	-0.0250	-0.2579	0.9658	330.15	357.63	357.78
2026-05-09T14:41:05.5235947+08:00	0x03	0.0080	-0.0158	0.2173	0.9760	25.08	358.43	1.29
2026-05-09T14:41:05.5235947+08:00	0x06	0.1062	0.1225	-0.9533	0.2547	208.68	351.59	16.72
2026-05-09T14:41:05.5235947+08:00	0x01	-0.0210	-0.0304	-0.1361	0.9900	344.42	356.87	357.15
2026-05-09T14:41:05.5235947+08:00	0x08	-0.0032	-0.0554	0.1024	0.9932	11.76	353.64	0.28
2026-05-09T14:41:05.5235947+08:00	0x02	0.0222	0.0055	-0.9634	0.2673	210.98	357.72	1.29
2026-05-09T14:41:05.5235947+08:00	0x04	-0.0133	-0.0250	-0.2579	0.9658	330.15	357.63	357.78
2026-05-09T14:41:05.5235947+08:00	0x07	-0.0157	-0.0295	-0.2953	0.9548	325.69	357.30	357.29
2026-05-09T14:41:05.5235947+08:00	0x03	0.0081	-0.0158	0.2173	0.9760	25.08	358.44	1.29
2026-05-09T14:41:05.5235947+08:00	0x06	0.1043	0.1217	-0.9522	0.2601	209.37	351.88	16.62
2026-05-09T14:41:05.5235947+08:00	0x09	0.0530	-0.0640	-0.6265	0.7750	282.09	350.47	0.12
2026-05-09T14:41:05.5235947+08:00	0x01	-0.0210	-0.0304	-0.1361	0.9900	344.42	356.87	357.15
2026-05-09T14:41:05.5235947+08:00	0x02	0.0222	0.0055	-0.9634	0.2673	210.98	357.72	1.29
2026-05-09T14:41:05.5235947+08:00	0x04	-0.0133	-0.0250	-0.2579	0.9658	330.15	357.63	357.78
2026-05-09T14:41:05.5235947+08:00	0x07	-0.0157	-0.0295	-0.2953	0.9548	325.69	357.30	357.29
2026-05-09T14:41:05.5235947+08:00	0x03	0.0081	-0.0158	0.2173	0.9760	25.08	358.44	1.29
2026-05-09T14:41:05.5235947+08:00	0x09	0.0530	-0.0640	-0.6265	0.7750	282.09	350.47	0.12
2026-05-09T14:41:05.5235947+08:00	0x01	-0.0209	-0.0304	-0.1361	0.9900	344.42	356.87	357.15
2026-05-09T14:41:05.5235947+08:00	0x08	-0.0032	-0.0554	0.1024	0.9932	11.76	353.64	0.28
2026-05-09T14:41:05.5235947+08:00	0x04	-0.0133	-0.0250	-0.2579	0.9658	330.15	357.63	357.78
2026-05-09T14:41:05.5235947+08:00	0x05	-0.0006	0.0129	0.4394	0.8982	52.13	1.30	359.28
2026-05-09T14:41:05.5235947+08:00	0x03	0.0080	-0.0158	0.2173	0.9760	25.08	358.43	1.29
2026-05-09T14:41:05.5235947+08:00	0x06	0.1049	0.1208	-0.9497	0.2693	210.48	351.95	16.61
2026-05-09T14:41:05.5235947+08:00	0x01	-0.0209	-0.0304	-0.1361	0.9900	344.42	356.87	357.15
2026-05-09T14:41:05.5235947+08:00	0x02	0.0222	0.0055	-0.9634	0.2673	210.98	357.72	1.29
2026-05-09T14:41:05.5235947+08:00	0x08	-0.0032	-0.0554	0.1024	0.9932	11.76	353.64	0.28
2026-05-09T14:41:05.5245899+08:00	0x04	-0.0133	-0.0250	-0.2579	0.9658	330.15	357.62	357.79
2026-05-09T14:41:05.5245899+08:00	0x07	-0.0157	-0.0295	-0.2953	0.9548	325.69	357.30	357.29
2026-05-09T14:41:05.5245899+08:00	0x03	0.0080	-0.0157	0.2173	0.9760	25.08	358.44	1.29
2026-05-09T14:41:05.5245899+08:00	0x09	0.0530	-0.0639	-0.6265	0.7750	282.09	350.47	0.12
2026-05-09T14:41:05.5245899+08:00	0x02	0.0221	0.0055	-0.9634	0.2673	210.98	357.73	1.29
2026-05-09T14:41:05.5245899+08:00	0x04	-0.0133	-0.0250	-0.2579	0.9658	330.15	357.62	357.79
2026-05-09T14:41:05.5245899+08:00	0x07	-0.0157	-0.0295	-0.2953	0.9548	325.69	357.30	357.29
2026-05-09T14:41:05.5245899+08:00	0x03	0.0081	-0.0158	0.2173	0.9760	25.08	358.44	1.29
2026-05-09T14:41:05.5245899+08:00	0x09	0.0530	-0.0639	-0.6265	0.7750	282.09	350.47	0.12
2026-05-09T14:41:05.5245899+08:00	0x01	-0.0210	-0.0304	-0.1361	0.9900	344.42	356.87	357.15
2026-05-09T14:41:05.5245899+08:00	0x02	0.0222	0.0055	-0.9634	0.2673	210.98	357.72	1.29
2026-05-09T14:41:05.5245899+08:00	0x06	0.1093	0.1212	-0.9490	0.2698	210.48	351.47	16.79
2026-05-09T14:41:05.5245899+08:00	0x04	-0.0133	-0.0250	-0.2579	0.9658	330.15	357.62	357.79
2026-05-09T14:41:05.5245899+08:00	0x07	-0.0157	-0.0295	-0.2953	0.9548	325.69	357.30	357.29
2026-05-09T14:41:05.5245899+08:00	0x09	0.0530	-0.0639	-0.6265	0.7750	282.09	350.47	0.12
2026-05-09T14:41:05.5245899+08:00	0x02	0.0222	0.0055	-0.9634	0.2673	210.98	357.72	1.29
2026-05-09T14:41:05.5245899+08:00	0x01	-0.0209	-0.0304	-0.1361	0.9900	344.42	356.87	357.15
2026-05-09T14:41:05.5245899+08:00	0x04	-0.0133	-0.0250	-0.2579	0.9658	330.15	357.62	357.78
2026-05-09T14:41:05.5245899+08:00	0x07	-0.0157	-0.0295	-0.2953	0.9548	325.69	357.30	357.29
2026-05-09T14:41:05.5245899+08:00	0x02	0.0222	0.0055	-0.9634	0.2673	210.98	357.72	1.29
2026-05-09T14:41:05.5245899+08:00	0x09	0.0530	-0.0640	-0.6265	0.7750	282.09	350.47	0.12
2026-05-09T14:41:05.5245899+08:00	0x08	-0.0032	-0.0554	0.1024	0.9932	11.76	353.64	0.28
2026-05-09T14:41:05.5245899+08:00	0x04	-0.0133	-0.0250	-0.2579	0.9658	330.15	357.62	357.78
2026-05-09T14:41:05.5245899+08:00	0x07	-0.0157	-0.0295	-0.2953	0.9548	325.69	357.30	357.29
2026-05-09T14:41:05.5245899+08:00	0x03	0.0081	-0.0158	0.2173	0.9760	25.08	358.44	1.29
2026-05-09T14:41:05.5245899+08:00	0x09	0.0530	-0.0640	-0.6265	0.7750	282.09	350.47	0.12
2026-05-09T14:41:05.5245899+08:00	0x06	0.1047	0.1228	-0.9486	0.2723	210.85	352.08	16.86
2026-05-09T14:41:05.5245899+08:00	0x08	-0.0032	-0.0554	0.1024	0.9932	11.76	353.64	0.28
2026-05-09T14:41:05.5245899+08:00	0x02	0.0221	0.0055	-0.9634	0.2673	210.98	357.73	1.29
2026-05-09T14:41:05.5245899+08:00	0x04	-0.0133	-0.0250	-0.2579	0.9658	330.15	357.63	357.78
2026-05-09T14:41:05.5245899+08:00	0x03	0.0081	-0.0158	0.2173	0.9760	25.08	358.44	1.29
2026-05-09T14:41:05.5245899+08:00	0x09	0.0530	-0.0640	-0.6265	0.7750	282.09	350.47	0.12
2026-05-09T14:41:05.5245899+08:00	0x06	0.1033	0.1298	-0.9447	0.2828	212.18	352.66	17.68
2026-05-09T14:41:05.5245899+08:00	0x02	0.0221	0.0055	-0.9634	0.2673	210.98	357.73	1.29
2026-05-09T14:41:05.5255886+08:00	0x08	-0.0032	-0.0554	0.1024	0.9932	11.76	353.64	0.28
2026-05-09T14:41:05.5255886+08:00	0x04	-0.0133	-0.0250	-0.2579	0.9658	330.15	357.63	357.78
2026-05-09T14:41:05.5255886+08:00	0x07	-0.0157	-0.0295	-0.2953	0.9548	325.69	357.30	357.29
2026-05-09T14:41:05.5255886+08:00	0x03	0.0081	-0.0158	0.2173	0.9760	25.08	358.44	1.29
2026-05-09T14:41:05.5255886+08:00	0x09	0.0530	-0.0640	-0.6265	0.7750	282.09	350.47	0.12
2026-05-09T14:41:05.5255886+08:00	0x01	-0.0210	-0.0304	-0.1361	0.9900	344.42	356.87	357.15
2026-05-09T14:41:05.5255886+08:00	0x06	0.0333	0.1437	-0.9291	0.3391	220.41	2.14	16.84
2026-05-09T14:41:05.5255886+08:00	0x04	-0.0133	-0.0250	-0.2579	0.9658	330.15	357.62	357.78
2026-05-09T14:41:05.5255886+08:00	0x07	-0.0157	-0.0295	-0.2953	0.9548	325.69	357.30	357.29
2026-05-09T14:41:05.5255886+08:00	0x03	0.0081	-0.0158	0.2173	0.9760	25.08	358.44	1.29
2026-05-09T14:41:05.5255886+08:00	0x09	0.0530	-0.0640	-0.6265	0.7750	282.09	350.47	0.12
2026-05-09T14:41:05.5255886+08:00	0x01	-0.0210	-0.0304	-0.1361	0.9900	344.42	356.87	357.15
2026-05-09T14:41:05.5255886+08:00	0x06	-0.0769	0.0324	-0.9506	0.2990	215.00	9.53	0.90
2026-05-09T14:41:05.5255886+08:00	0x08	-0.0032	-0.0554	0.1024	0.9932	11.76	353.64	0.28
2026-05-09T14:41:05.5255886+08:00	0x04	-0.0133	-0.0250	-0.2579	0.9658	330.15	357.62	357.78
2026-05-09T14:41:05.5255886+08:00	0x07	-0.0157	-0.0295	-0.2953	0.9548	325.69	357.30	357.29
2026-05-09T14:41:05.5255886+08:00	0x03	0.0081	-0.0158	0.2173	0.9760	25.08	358.44	1.29
2026-05-09T14:41:05.5255886+08:00	0x09	0.0530	-0.0640	-0.6265	0.7750	282.09	350.47	0.12
2026-05-09T14:41:05.5255886+08:00	0x01	-0.0210	-0.0304	-0.1361	0.9900	344.42	356.87	357.15
2026-05-09T14:41:05.5255886+08:00	0x08	-0.0032	-0.0554	0.1024	0.9932	11.76	353.64	0.28
2026-05-09T14:41:05.5255886+08:00	0x04	-0.0133	-0.0250	-0.2579	0.9658	330.15	357.62	357.78
2026-05-09T14:41:05.5255886+08:00	0x07	-0.0157	-0.0295	-0.2953	0.9548	325.69	357.30	357.29
2026-05-09T14:41:05.5255886+08:00	0x03	0.0081	-0.0158	0.2173	0.9760	25.08	358.44	1.29
2026-05-09T14:41:05.5255886+08:00	0x09	0.0530	-0.0640	-0.6265	0.7750	282.09	350.47	0.12
2026-05-09T14:41:05.5255886+08:00	0x01	-0.0210	-0.0304	-0.1361	0.9900	344.42	356.87	357.15
2026-05-09T14:41:05.5255886+08:00	0x02	0.0222	0.0055	-0.9634	0.2673	210.98	357.72	1.29
2026-05-09T14:41:05.5255886+08:00	0x08	-0.0032	-0.0554	0.1024	0.9932	11.76	353.64	0.28
2026-05-09T14:41:05.5255886+08:00	0x04	-0.0133	-0.0250	-0.2579	0.9658	330.15	357.63	357.78
2026-05-09T14:41:05.5255886+08:00	0x03	0.0080	-0.0158	0.2173	0.9760	25.08	358.43	1.29
2026-05-09T14:41:05.5255886+08:00	0x01	-0.0210	-0.0304	-0.1361	0.9900	344.42	356.87	357.15
2026-05-09T14:41:05.5255886+08:00	0x06	0.0788	0.1383	-0.9382	0.3072	215.66	356.21	17.94
2026-05-09T14:41:05.5255886+08:00	0x02	0.0222	0.0055	-0.9634	0.2673	210.98	357.72	1.29
2026-05-09T14:41:05.5255886+08:00	0x04	-0.0133	-0.0250	-0.2579	0.9658	330.15	357.63	357.78
2026-05-09T14:41:05.5255886+08:00	0x03	0.0080	-0.0157	0.2173	0.9760	25.08	358.44	1.29
2026-05-09T14:41:05.5255886+08:00	0x07	-0.0157	-0.0295	-0.2953	0.9548	325.69	357.30	357.29
2026-05-09T14:41:05.5255886+08:00	0x09	0.0530	-0.0640	-0.6265	0.7750	282.09	350.47	0.11
2026-05-09T14:41:05.5255886+08:00	0x01	-0.0210	-0.0304	-0.1361	0.9900	344.42	356.87	357.15
2026-05-09T14:41:05.5255886+08:00	0x02	0.0222	0.0055	-0.9634	0.2673	210.98	357.72	1.29
2026-05-09T14:41:05.5265857+08:00	0x07	-0.0157	-0.0295	-0.2953	0.9548	325.69	357.30	357.29
2026-05-09T14:41:05.5265857+08:00	0x04	-0.0133	-0.0250	-0.2579	0.9658	330.15	357.63	357.78
2026-05-09T14:41:05.5265857+08:00	0x03	0.0080	-0.0157	0.2173	0.9760	25.08	358.44	1.29
2026-05-09T14:41:05.5265857+08:00	0x09	0.0530	-0.0640	-0.6265	0.7750	282.09	350.47	0.11
2026-05-09T14:41:05.5265857+08:00	0x08	-0.0032	-0.0554	0.1024	0.9932	11.76	353.64	0.28
2026-05-09T14:41:05.5265857+08:00	0x02	0.0222	0.0055	-0.9634	0.2673	210.98	357.72	1.29
2026-05-09T14:41:05.5265857+08:00	0x07	-0.0157	-0.0295	-0.2953	0.9548	325.69	357.30	357.29
2026-05-09T14:41:05.5265857+08:00	0x03	0.0080	-0.0157	0.2173	0.9760	25.08	358.44	1.29
2026-05-09T14:41:05.5265857+08:00	0x09	0.0530	-0.0640	-0.6265	0.7750	282.09	350.47	0.12
2026-05-09T14:41:05.5265857+08:00	0x01	-0.0210	-0.0304	-0.1361	0.9900	344.42	356.87	357.15
2026-05-09T14:41:05.5265857+08:00	0x02	0.0222	0.0055	-0.9634	0.2673	210.98	357.72	1.29
2026-05-09T14:41:05.5265857+08:00	0x07	-0.0157	-0.0295	-0.2953	0.9548	325.69	357.30	357.29
2026-05-09T14:41:05.5265857+08:00	0x03	0.0081	-0.0157	0.2173	0.9760	25.08	358.44	1.29
2026-05-09T14:41:05.5265857+08:00	0x09	0.0530	-0.0640	-0.6265	0.7750	282.09	350.47	0.11
2026-05-09T14:41:05.5265857+08:00	0x06	0.0742	0.1366	-0.9279	0.3389	219.71	357.28	17.68
2026-05-09T14:41:05.5265857+08:00	0x01	-0.0210	-0.0304	-0.1361	0.9900	344.42	356.87	357.15
2026-05-09T14:41:05.5265857+08:00	0x02	0.0222	0.0055	-0.9634	0.2673	210.98	357.72	1.29
2026-05-09T14:41:05.5265857+08:00	0x07	-0.0157	-0.0295	-0.2953	0.9548	325.69	357.30	357.29
2026-05-09T14:41:05.5265857+08:00	0x04	-0.0133	-0.0250	-0.2579	0.9658	330.15	357.63	357.79
2026-05-09T14:41:05.5265857+08:00	0x03	0.0081	-0.0157	0.2173	0.9760	25.08	358.44	1.29
2026-05-09T14:41:05.5265857+08:00	0x08	-0.0032	-0.0554	0.1024	0.9932	11.76	353.64	0.28
2026-05-09T14:41:05.5265857+08:00	0x09	0.0530	-0.0640	-0.6265	0.7750	282.09	350.47	0.11
2026-05-09T14:41:05.5265857+08:00	0x06	0.0737	0.1368	-0.9266	0.3423	220.15	357.42	17.69
2026-05-09T14:41:05.5265857+08:00	0x02	0.0222	0.0055	-0.9634	0.2673	210.98	357.72	1.29
2026-05-09T14:41:05.5265857+08:00	0x01	-0.0210	-0.0304	-0.1361	0.9900	344.42	356.87	357.15
2026-05-09T14:41:05.5265857+08:00	0x04	-0.0133	-0.0250	-0.2579	0.9658	330.15	357.63	357.79
2026-05-09T14:41:05.5265857+08:00	0x03	0.0081	-0.0157	0.2173	0.9760	25.08	358.44	1.29
2026-05-09T14:41:05.5265857+08:00	0x09	0.0530	-0.0640	-0.6265	0.7750	282.09	350.47	0.11
2026-05-09T14:41:05.5265857+08:00	0x08	-0.0032	-0.0554	0.1024	0.9932	11.76	353.64	0.28
2026-05-09T14:41:05.5265857+08:00	0x01	-0.0210	-0.0304	-0.1361	0.9900	344.42	356.87	357.15
2026-05-09T14:41:05.5265857+08:00	0x06	0.0746	0.1349	-0.9269	0.3423	220.11	357.23	17.53
2026-05-09T14:41:05.5265857+08:00	0x07	-0.0157	-0.0295	-0.2953	0.9548	325.69	357.30	357.29
2026-05-09T14:41:05.5265857+08:00	0x04	-0.0133	-0.0250	-0.2579	0.9658	330.15	357.63	357.79
2026-05-09T14:41:05.5265857+08:00	0x03	0.0081	-0.0157	0.2173	0.9760	25.08	358.44	1.29
2026-05-09T14:41:05.5265857+08:00	0x09	0.0530	-0.0640	-0.6265	0.7750	282.09	350.47	0.11
2026-05-09T14:41:05.5265857+08:00	0x01	-0.0210	-0.0304	-0.1361	0.9900	344.42	356.87	357.15
2026-05-09T14:41:05.5265857+08:00	0x07	-0.0157	-0.0295	-0.2953	0.9548	325.69	357.30	357.29
2026-05-09T14:41:05.5265857+08:00	0x04	-0.0133	-0.0250	-0.2579	0.9658	330.15	357.63	357.79
2026-05-09T14:41:05.5265857+08:00	0x08	-0.0032	-0.0554	0.1024	0.9932	11.76	353.64	0.28
2026-05-09T14:41:05.5275826+08:00	0x09	0.0530	-0.0640	-0.6265	0.7750	282.09	350.47	0.11
2026-05-09T14:41:05.5275826+08:00	0x01	-0.0210	-0.0304	-0.1361	0.9900	344.42	356.87	357.15
2026-05-09T14:41:05.5275826+08:00	0x02	0.0222	0.0055	-0.9634	0.2673	210.98	357.72	1.29
2026-05-09T14:41:05.5275826+08:00	0x07	-0.0157	-0.0295	-0.2953	0.9548	325.69	357.30	357.29
2026-05-09T14:41:05.5275826+08:00	0x04	-0.0133	-0.0250	-0.2579	0.9658	330.15	357.63	357.79
2026-05-09T14:41:05.5275826+08:00	0x03	0.0080	-0.0158	0.2173	0.9760	25.08	358.43	1.29
2026-05-09T14:41:05.5275826+08:00	0x09	0.0530	-0.0640	-0.6265	0.7750	282.09	350.47	0.12
2026-05-09T14:41:05.5275826+08:00	0x06	0.0629	0.1299	-0.9248	0.3521	221.48	358.52	16.53
2026-05-09T14:41:05.5275826+08:00	0x02	0.0221	0.0055	-0.9634	0.2673	210.98	357.73	1.29
2026-05-09T14:41:05.5275826+08:00	0x07	-0.0157	-0.0295	-0.2953	0.9548	325.69	357.30	357.29
2026-05-09T14:41:05.5275826+08:00	0x04	-0.0133	-0.0250	-0.2579	0.9658	330.15	357.63	357.79
2026-05-09T14:41:05.5275826+08:00	0x08	-0.0032	-0.0554	0.1024	0.9932	11.76	353.64	0.28
2026-05-09T14:41:05.5275826+08:00	0x09	0.0530	-0.0640	-0.6265	0.7750	282.09	350.47	0.11
2026-05-09T14:41:05.5275826+08:00	0x06	0.0620	0.1291	-0.9229	0.3573	222.13	358.68	16.41
2026-05-09T14:41:05.5275826+08:00	0x01	-0.0210	-0.0304	-0.1361	0.9900	344.42	356.87	357.15
2026-05-09T14:41:05.5275826+08:00	0x02	0.0221	0.0055	-0.9634	0.2673	210.98	357.73	1.29
2026-05-09T14:41:05.5275826+08:00	0x07	-0.0157	-0.0295	-0.2953	0.9548	325.69	357.30	357.29
2026-05-09T14:41:05.5275826+08:00	0x03	0.0081	-0.0157	0.2173	0.9760	25.08	358.44	1.29
2026-05-09T14:41:05.5275826+08:00	0x09	0.0530	-0.0640	-0.6265	0.7750	282.09	350.47	0.12
2026-05-09T14:41:05.5275826+08:00	0x08	-0.0032	-0.0554	0.1024	0.9932	11.76	353.64	0.29
2026-05-09T14:41:05.5275826+08:00	0x01	-0.0210	-0.0304	-0.1361	0.9900	344.42	356.87	357.15
2026-05-09T14:41:05.5275826+08:00	0x02	0.0222	0.0055	-0.9634	0.2673	210.98	357.72	1.29
2026-05-09T14:41:05.5275826+08:00	0x04	-0.0133	-0.0250	-0.2579	0.9658	330.15	357.63	357.79
2026-05-09T14:41:05.5275826+08:00	0x08	-0.0032	-0.0554	0.1024	0.9932	11.76	353.64	0.29
2026-05-09T14:41:05.5275826+08:00	0x03	0.0081	-0.0158	0.2173	0.9760	25.08	358.44	1.29
2026-05-09T14:41:05.5275826+08:00	0x09	0.0530	-0.0640	-0.6265	0.7750	282.09	350.47	0.11
2026-05-09T14:41:05.5275826+08:00	0x01	-0.0210	-0.0304	-0.1361	0.9900	344.42	356.87	357.15
2026-05-09T14:41:05.5275826+08:00	0x07	-0.0157	-0.0295	-0.2953	0.9548	325.69	357.30	357.29
2026-05-09T14:41:05.5275826+08:00	0x08	-0.0032	-0.0554	0.1024	0.9932	11.76	353.64	0.29
2026-05-09T14:41:05.5275826+08:00	0x09	0.0530	-0.0640	-0.6265	0.7750	282.09	350.47	0.11
2026-05-09T14:41:05.5275826+08:00	0x06	0.0666	0.1303	-0.9215	0.3597	222.39	358.27	16.75
2026-05-09T14:41:05.5275826+08:00	0x01	-0.0210	-0.0304	-0.1361	0.9900	344.42	356.87	357.15
2026-05-09T14:41:05.5275826+08:00	0x02	0.0222	0.0055	-0.9634	0.2673	210.98	357.72	1.29
2026-05-09T14:41:05.5275826+08:00	0x07	-0.0157	-0.0295	-0.2953	0.9548	325.69	357.30	357.29
2026-05-09T14:41:05.5275826+08:00	0x03	0.0081	-0.0158	0.2173	0.9760	25.08	358.44	1.29
2026-05-09T14:41:05.5275826+08:00	0x08	-0.0032	-0.0554	0.1024	0.9932	11.76	353.64	0.29
2026-05-09T14:41:05.5285798+08:00	0x09	0.0530	-0.0640	-0.6265	0.7750	282.09	350.47	0.11
2026-05-09T14:41:05.5285798+08:00	0x01	-0.0210	-0.0304	-0.1361	0.9900	344.42	356.87	357.15
2026-05-09T14:41:05.5285798+08:00	0x02	0.0222	0.0056	-0.9634	0.2673	210.98	357.72	1.29
2026-05-09T14:41:05.5285798+08:00	0x04	-0.0133	-0.0250	-0.2579	0.9658	330.15	357.63	357.79
2026-05-09T14:41:05.5285798+08:00	0x07	-0.0157	-0.0295	-0.2953	0.9548	325.69	357.30	357.29
2026-05-09T14:41:05.5285798+08:00	0x03	0.0081	-0.0158	0.2173	0.9760	25.08	358.44	1.29
2026-05-09T14:41:05.5285798+08:00	0x09	0.0530	-0.0640	-0.6265	0.7750	282.09	350.47	0.11
2026-05-09T14:41:05.5285798+08:00	0x01	-0.0210	-0.0304	-0.1361	0.9900	344.42	356.87	357.15
2026-05-09T14:41:05.5285798+08:00	0x02	0.0222	0.0055	-0.9634	0.2673	210.98	357.72	1.29
2026-05-09T14:41:05.5285798+08:00	0x07	-0.0157	-0.0295	-0.2953	0.9548	325.69	357.30	357.29
2026-05-09T14:41:05.5285798+08:00	0x03	0.0081	-0.0158	0.2173	0.9760	25.08	358.44	1.29
2026-05-09T14:41:05.5285798+08:00	0x08	-0.0032	-0.0554	0.1024	0.9932	11.76	353.65	0.28
2026-05-09T14:41:05.5285798+08:00	0x09	0.0530	-0.0639	-0.6265	0.7750	282.09	350.47	0.12
2026-05-09T14:41:05.5285798+08:00	0x01	-0.0210	-0.0304	-0.1361	0.9900	344.42	356.87	357.14
2026-05-09T14:41:05.5285798+08:00	0x02	0.0222	0.0055	-0.9634	0.2673	210.98	357.72	1.29
2026-05-09T14:41:05.5285798+08:00	0x04	-0.0133	-0.0249	-0.2579	0.9658	330.15	357.63	357.79
2026-05-09T14:41:05.5285798+08:00	0x07	-0.0157	-0.0295	-0.2953	0.9548	325.69	357.30	357.29
2026-05-09T14:41:05.5285798+08:00	0x08	-0.0032	-0.0554	0.1024	0.9932	11.76	353.65	0.28
2026-05-09T14:41:05.5285798+08:00	0x03	0.0080	-0.0157	0.2173	0.9760	25.08	358.44	1.29
2026-05-09T14:41:05.5285798+08:00	0x09	0.0530	-0.0640	-0.6265	0.7750	282.09	350.47	0.11
2026-05-09T14:41:05.5285798+08:00	0x06	0.0670	0.1300	-0.9222	0.3579	222.15	358.17	16.73
2026-05-09T14:41:05.5285798+08:00	0x01	-0.0210	-0.0304	-0.1361	0.9900	344.42	356.87	357.14
2026-05-09T14:41:05.5285798+08:00	0x02	0.0222	0.0056	-0.9634	0.2673	210.98	357.72	1.29
2026-05-09T14:41:05.5285798+08:00	0x07	-0.0157	-0.0295	-0.2953	0.9548	325.69	357.30	357.28
2026-05-09T14:41:05.5285798+08:00	0x04	-0.0133	-0.0250	-0.2579	0.9658	330.15	357.63	357.79
2026-05-09T14:41:05.5285798+08:00	0x03	0.0080	-0.0157	0.2173	0.9760	25.08	358.44	1.29
2026-05-09T14:41:05.5285798+08:00	0x09	0.0530	-0.0640	-0.6265	0.7750	282.09	350.47	0.11
2026-05-09T14:41:05.5285798+08:00	0x01	-0.0210	-0.0304	-0.1361	0.9900	344.42	356.87	357.14
2026-05-09T14:41:05.5285798+08:00	0x02	0.0222	0.0055	-0.9634	0.2673	210.99	357.72	1.29
2026-05-09T14:41:05.5285798+08:00	0x07	-0.0157	-0.0295	-0.2953	0.9548	325.69	357.30	357.28
2026-05-09T14:41:05.5285798+08:00	0x09	0.0530	-0.0639	-0.6265	0.7750	282.09	350.47	0.12
2026-05-09T14:41:05.5285798+08:00	0x05	-0.0007	0.0129	0.4396	0.8981	52.15	1.30	359.28
2026-05-09T14:41:05.5285798+08:00	0x06	0.0672	0.1300	-0.9230	0.3560	221.91	358.11	16.72
2026-05-09T14:41:05.5285798+08:00	0x01	-0.0210	-0.0304	-0.1361	0.9900	344.42	356.87	357.15
2026-05-09T14:41:05.5285798+08:00	0x02	0.0222	0.0056	-0.9634	0.2673	210.99	357.72	1.29
2026-05-09T14:41:05.5285798+08:00	0x07	-0.0157	-0.0295	-0.2953	0.9548	325.69	357.30	357.28
2026-05-09T14:41:05.5295769+08:00	0x03	0.0081	-0.0158	0.2173	0.9760	25.08	358.44	1.29
2026-05-09T14:41:05.5295769+08:00	0x05	-0.0007	0.0129	0.4396	0.8981	52.15	1.30	359.28
2026-05-09T14:41:05.5295769+08:00	0x09	0.0530	-0.0640	-0.6265	0.7750	282.09	350.47	0.12
2026-05-09T14:41:05.5295769+08:00	0x06	0.0670	0.1298	-0.9230	0.3559	221.90	358.12	16.69
2026-05-09T14:41:05.5295769+08:00	0x01	-0.0210	-0.0304	-0.1361	0.9900	344.42	356.87	357.15
2026-05-09T14:41:05.5295769+08:00	0x02	0.0222	0.0055	-0.9634	0.2673	210.98	357.72	1.29
2026-05-09T14:41:05.5295769+08:00	0x07	-0.0157	-0.0295	-0.2953	0.9548	325.69	357.30	357.28
2026-05-09T14:41:05.5295769+08:00	0x03	0.0081	-0.0158	0.2173	0.9760	25.08	358.44	1.29
2026-05-09T14:41:05.5295769+08:00	0x09	0.0530	-0.0640	-0.6265	0.7750	282.09	350.47	0.11
2026-05-09T14:41:05.5295769+08:00	0x01	-0.0210	-0.0304	-0.1361	0.9900	344.42	356.87	357.15
2026-05-09T14:41:05.5295769+08:00	0x02	0.0222	0.0055	-0.9634	0.2673	210.98	357.72	1.29
2026-05-09T14:41:05.5295769+08:00	0x07	-0.0157	-0.0295	-0.2953	0.9548	325.69	357.30	357.29
2026-05-09T14:41:05.5295769+08:00	0x03	0.0081	-0.0158	0.2173	0.9760	25.08	358.44	1.29
2026-05-09T14:41:05.5295769+08:00	0x08	-0.0032	-0.0554	0.1024	0.9932	11.76	353.64	0.28
2026-05-09T14:41:05.5295769+08:00	0x09	0.0530	-0.0640	-0.6265	0.7750	282.09	350.47	0.11
2026-05-09T14:41:05.5295769+08:00	0x01	-0.0210	-0.0304	-0.1361	0.9900	344.42	356.87	357.15
2026-05-09T14:41:05.5295769+08:00	0x04	-0.0133	-0.0250	-0.2579	0.9658	330.15	357.63	357.79
2026-05-09T14:41:05.5295769+08:00	0x08	-0.0032	-0.0554	0.1024	0.9932	11.76	353.64	0.28
2026-05-09T14:41:05.5295769+08:00	0x03	0.0080	-0.0158	0.2173	0.9760	25.08	358.43	1.29
2026-05-09T14:41:05.5295769+08:00	0x09	0.0530	-0.0639	-0.6265	0.7750	282.09	350.47	0.12
2026-05-09T14:41:05.5295769+08:00	0x06	0.0649	0.1280	-0.9228	0.3574	222.10	358.31	16.42
2026-05-09T14:41:05.5295769+08:00	0x01	-0.0210	-0.0304	-0.1361	0.9900	344.42	356.87	357.15
2026-05-09T14:41:05.5295769+08:00	0x07	-0.0157	-0.0295	-0.2953	0.9548	325.69	357.30	357.28
2026-05-09T14:41:05.5295769+08:00	0x08	-0.0032	-0.0554	0.1024	0.9932	11.76	353.64	0.28
2026-05-09T14:41:05.5295769+08:00	0x03	0.0080	-0.0158	0.2173	0.9760	25.08	358.43	1.29
2026-05-09T14:41:05.5295769+08:00	0x05	-0.0006	0.0130	0.4396	0.8981	52.15	1.30	359.28
2026-05-09T14:41:05.5295769+08:00	0x06	0.0508	0.1184	-0.9231	0.3624	222.81	359.52	14.79
2026-05-09T14:41:05.5295769+08:00	0x01	-0.0210	-0.0304	-0.1361	0.9900	344.42	356.87	357.15
2026-05-09T14:41:05.5295769+08:00	0x02	0.0222	0.0055	-0.9634	0.2673	210.98	357.72	1.29
2026-05-09T14:41:05.5295769+08:00	0x07	-0.0157	-0.0295	-0.2953	0.9548	325.69	357.30	357.28
2026-05-09T14:41:05.5295769+08:00	0x04	-0.0133	-0.0250	-0.2579	0.9658	330.15	357.63	357.79
2026-05-09T14:41:05.5295769+08:00	0x08	-0.0032	-0.0554	0.1024	0.9932	11.76	353.64	0.28
2026-05-09T14:41:05.5295769+08:00	0x03	0.0081	-0.0158	0.2173	0.9760	25.08	358.44	1.29
2026-05-09T14:41:05.5295769+08:00	0x09	0.0530	-0.0639	-0.6265	0.7750	282.09	350.47	0.12
2026-05-09T14:41:05.5295769+08:00	0x01	-0.0210	-0.0304	-0.1361	0.9900	344.42	356.87	357.15
2026-05-09T14:41:05.5295769+08:00	0x02	0.0222	0.0055	-0.9634	0.2673	210.98	357.72	1.29
2026-05-09T14:41:05.5295769+08:00	0x07	-0.0157	-0.0295	-0.2953	0.9548	325.69	357.30	357.29
2026-05-09T14:41:05.5295769+08:00	0x08	-0.0032	-0.0554	0.1024	0.9932	11.76	353.64	0.29
2026-05-09T14:41:05.5305752+08:00	0x03	0.0081	-0.0158	0.2173	0.9760	25.08	358.44	1.29
2026-05-09T14:41:05.5305752+08:00	0x09	0.0530	-0.0639	-0.6265	0.7750	282.09	350.47	0.12
2026-05-09T14:41:05.5305752+08:00	0x01	-0.0210	-0.0304	-0.1361	0.9900	344.42	356.87	357.15
2026-05-09T14:41:05.5305752+08:00	0x08	-0.0032	-0.0554	0.1024	0.9932	11.76	353.65	0.28
2026-05-09T14:41:05.5305752+08:00	0x04	-0.0134	-0.0250	-0.2579	0.9658	330.15	357.63	357.78
2026-05-09T14:41:05.5305752+08:00	0x03	0.0081	-0.0158	0.2173	0.9760	25.08	358.44	1.29
2026-05-09T14:41:05.5305752+08:00	0x09	0.0530	-0.0639	-0.6265	0.7750	282.09	350.47	0.12
2026-05-09T14:41:05.5305752+08:00	0x06	0.0740	0.1401	-0.9130	0.3758	224.46	358.20	18.15
2026-05-09T14:41:05.5305752+08:00	0x01	-0.0210	-0.0304	-0.1361	0.9900	344.42	356.87	357.15
2026-05-09T14:41:05.5305752+08:00	0x04	-0.0134	-0.0250	-0.2579	0.9658	330.15	357.63	357.78
2026-05-09T14:41:05.5305752+08:00	0x08	-0.0032	-0.0554	0.1024	0.9932	11.76	353.65	0.28
2026-05-09T14:41:05.5305752+08:00	0x03	0.0081	-0.0158	0.2173	0.9760	25.08	358.44	1.29
2026-05-09T14:41:05.5305752+08:00	0x09	0.0530	-0.0639	-0.6265	0.7750	282.09	350.47	0.12
2026-05-09T14:41:05.5305752+08:00	0x06	0.0808	0.1437	-0.9131	0.3730	224.03	357.55	18.83
2026-05-09T14:41:05.5305752+08:00	0x01	-0.0210	-0.0304	-0.1361	0.9900	344.42	356.87	357.15
2026-05-09T14:41:05.5305752+08:00	0x04	-0.0134	-0.0250	-0.2579	0.9658	330.15	357.63	357.78
2026-05-09T14:41:05.5305752+08:00	0x08	-0.0032	-0.0554	0.1024	0.9932	11.76	353.64	0.29
2026-05-09T14:41:05.5305752+08:00	0x03	0.0081	-0.0158	0.2173	0.9760	25.08	358.44	1.29
2026-05-09T14:41:05.5305752+08:00	0x09	0.0530	-0.0639	-0.6265	0.7750	282.09	350.47	0.12
2026-05-09T14:41:05.5305752+08:00	0x01	-0.0210	-0.0304	-0.1361	0.9900	344.42	356.87	357.15
2026-05-09T14:41:05.5305752+08:00	0x04	-0.0133	-0.0250	-0.2579	0.9658	330.15	357.63	357.79
2026-05-09T14:41:05.5305752+08:00	0x07	-0.0157	-0.0295	-0.2953	0.9548	325.69	357.30	357.28
2026-05-09T14:41:05.5305752+08:00	0x08	-0.0032	-0.0554	0.1024	0.9932	11.76	353.65	0.28
2026-05-09T14:41:05.5305752+08:00	0x09	0.0530	-0.0639	-0.6265	0.7750	282.09	350.47	0.12
2026-05-09T14:41:05.5305752+08:00	0x06	0.0515	0.1254	-0.9123	0.3864	225.93	0.17	15.58
2026-05-09T14:41:05.5305752+08:00	0x07	-0.0157	-0.0295	-0.2953	0.9548	325.69	357.30	357.29
2026-05-09T14:41:05.5305752+08:00	0x02	0.0222	0.0056	-0.9634	0.2673	210.98	357.72	1.29
2026-05-09T14:41:05.5305752+08:00	0x08	-0.0032	-0.0554	0.1024	0.9932	11.76	353.65	0.28
2026-05-09T14:41:05.5305752+08:00	0x09	0.0530	-0.0639	-0.6265	0.7750	282.09	350.47	0.12
2026-05-09T14:41:05.5305752+08:00	0x03	0.0081	-0.0158	0.2173	0.9760	25.08	358.44	1.29
2026-05-09T14:41:05.5305752+08:00	0x06	0.0516	0.1243	-0.9119	0.3878	226.10	0.14	15.47
2026-05-09T14:41:05.5305752+08:00	0x01	-0.0210	-0.0304	-0.1361	0.9900	344.42	356.87	357.15
2026-05-09T14:41:05.5305752+08:00	0x07	-0.0157	-0.0295	-0.2953	0.9548	325.69	357.30	357.29
2026-05-09T14:41:05.5305752+08:00	0x08	-0.0032	-0.0554	0.1024	0.9932	11.76	353.65	0.28
2026-05-09T14:41:05.5305752+08:00	0x09	0.0530	-0.0639	-0.6265	0.7750	282.09	350.47	0.12
2026-05-09T14:41:05.5305752+08:00	0x03	0.0081	-0.0158	0.2173	0.9760	25.08	358.44	1.29
2026-05-09T14:41:05.5305752+08:00	0x01	-0.0210	-0.0304	-0.1361	0.9900	344.42	356.87	357.15
2026-05-09T14:41:05.5305752+08:00	0x07	-0.0157	-0.0295	-0.2953	0.9548	325.69	357.30	357.29
2026-05-09T14:41:05.5305752+08:00	0x08	-0.0032	-0.0554	0.1024	0.9932	11.76	353.65	0.28
2026-05-09T14:41:05.5315716+08:00	0x09	0.0530	-0.0639	-0.6265	0.7750	282.09	350.47	0.12
2026-05-09T14:41:05.5315716+08:00	0x02	0.0222	0.0056	-0.9634	0.2673	210.98	357.72	1.29
2026-05-09T14:41:05.5315716+08:00	0x01	-0.0210	-0.0304	-0.1361	0.9900	344.42	356.87	357.15
2026-05-09T14:41:05.5315716+08:00	0x06	0.0538	0.1338	-0.8962	0.4196	230.31	0.94	16.55
2026-05-09T14:41:05.5315716+08:00	0x07	-0.0157	-0.0295	-0.2953	0.9548	325.69	357.30	357.28
2026-05-09T14:41:05.5315716+08:00	0x08	-0.0032	-0.0554	0.1024	0.9932	11.76	353.64	0.29
2026-05-09T14:41:05.5315716+08:00	0x09	0.0530	-0.0639	-0.6265	0.7750	282.09	350.47	0.12
2026-05-09T14:41:05.5315716+08:00	0x03	0.0081	-0.0158	0.2173	0.9760	25.08	358.44	1.29
2026-05-09T14:41:05.5315716+08:00	0x06	0.0812	0.1398	-0.9008	0.4031	227.89	357.97	18.50
2026-05-09T14:41:05.5315716+08:00	0x07	-0.0157	-0.0295	-0.2953	0.9548	325.69	357.30	357.29
2026-05-09T14:41:05.5315716+08:00	0x04	-0.0134	-0.0250	-0.2579	0.9658	330.15	357.63	357.78
2026-05-09T14:41:05.5315716+08:00	0x08	-0.0032	-0.0554	0.1024	0.9932	11.76	353.64	0.29
2026-05-09T14:41:05.5315716+08:00	0x09	0.0530	-0.0639	-0.6265	0.7750	282.09	350.47	0.12
2026-05-09T14:41:05.5315716+08:00	0x03	0.0081	-0.0158	0.2173	0.9760	25.08	358.43	1.29
2026-05-09T14:41:05.5315716+08:00	0x01	-0.0210	-0.0304	-0.1361	0.9900	344.42	356.87	357.15
2026-05-09T14:41:05.5315716+08:00	0x07	-0.0157	-0.0295	-0.2953	0.9548	325.69	357.30	357.29
2026-05-09T14:41:05.5315716+08:00	0x08	-0.0032	-0.0554	0.1024	0.9932	11.76	353.65	0.28
2026-05-09T14:41:05.5315716+08:00	0x09	0.0530	-0.0640	-0.6265	0.7750	282.09	350.47	0.12
2026-05-09T14:41:05.5315716+08:00	0x03	0.0081	-0.0158	0.2173	0.9760	25.08	358.44	1.29
2026-05-09T14:41:05.5315716+08:00	0x06	0.0751	0.1455	-0.9147	0.3694	223.68	358.19	18.77
2026-05-09T14:41:05.5315716+08:00	0x02	0.0222	0.0056	-0.9634	0.2673	210.98	357.72	1.29
2026-05-09T14:41:05.5315716+08:00	0x04	-0.0134	-0.0250	-0.2579	0.9658	330.15	357.63	357.78
2026-05-09T14:41:05.5315716+08:00	0x08	-0.0032	-0.0554	0.1024	0.9932	11.76	353.64	0.29
2026-05-09T14:41:05.5315716+08:00	0x09	0.0530	-0.0639	-0.6265	0.7750	282.09	350.47	0.12
2026-05-09T14:41:05.5315716+08:00	0x03	0.0081	-0.0158	0.2173	0.9760	25.08	358.44	1.29
2026-05-09T14:41:05.5315716+08:00	0x06	0.0757	0.1426	-0.9172	0.3641	222.96	357.89	18.47
2026-05-09T14:41:05.5315716+08:00	0x01	-0.0210	-0.0304	-0.1361	0.9900	344.42	356.87	357.15
2026-05-09T14:41:05.5315716+08:00	0x04	-0.0134	-0.0250	-0.2579	0.9658	330.15	357.63	357.78
2026-05-09T14:41:05.5315716+08:00	0x07	-0.0157	-0.0295	-0.2953	0.9548	325.69	357.30	357.29
2026-05-09T14:41:05.5315716+08:00	0x09	0.0530	-0.0639	-0.6265	0.7750	282.09	350.47	0.12
2026-05-09T14:41:05.5315716+08:00	0x03	0.0081	-0.0158	0.2173	0.9760	25.08	358.44	1.29
2026-05-09T14:41:05.5315716+08:00	0x01	-0.0210	-0.0304	-0.1361	0.9900	344.42	356.87	357.15
2026-05-09T14:41:05.5315716+08:00	0x02	0.0222	0.0055	-0.9634	0.2673	210.98	357.72	1.29
2026-05-09T14:41:05.5315716+08:00	0x08	-0.0032	-0.0554	0.1024	0.9932	11.76	353.65	0.28
2026-05-09T14:41:05.5315716+08:00	0x03	0.0081	-0.0158	0.2173	0.9760	25.08	358.44	1.29
2026-05-09T14:41:05.5315716+08:00	0x01	-0.0210	-0.0304	-0.1361	0.9900	344.42	356.87	357.15
2026-05-09T14:41:05.5315716+08:00	0x02	0.0222	0.0055	-0.9634	0.2673	210.98	357.72	1.29
2026-05-09T14:41:05.5315716+08:00	0x07	-0.0157	-0.0295	-0.2953	0.9548	325.69	357.30	357.29
2026-05-09T14:41:05.5325690+08:00	0x09	0.0530	-0.0639	-0.6265	0.7750	282.09	350.47	0.12
2026-05-09T14:41:05.5325690+08:00	0x03	0.0081	-0.0158	0.2173	0.9760	25.08	358.44	1.29
2026-05-09T14:41:05.5325690+08:00	0x01	-0.0210	-0.0304	-0.1361	0.9900	344.42	356.87	357.15
2026-05-09T14:41:05.5325690+08:00	0x04	-0.0133	-0.0250	-0.2579	0.9658	330.15	357.63	357.79
2026-05-09T14:41:05.5325690+08:00	0x02	0.0222	0.0055	-0.9634	0.2673	210.98	357.72	1.29
2026-05-09T14:41:05.5325690+08:00	0x05	-0.0007	0.0130	0.4396	0.8981	52.15	1.30	359.28
2026-05-09T14:41:05.5325690+08:00	0x08	-0.0032	-0.0553	0.1024	0.9932	11.76	353.65	0.28
2026-05-09T14:41:05.5325690+08:00	0x09	0.0530	-0.0640	-0.6265	0.7750	282.09	350.47	0.12
2026-05-09T14:41:05.5325690+08:00	0x03	0.0081	-0.0158	0.2173	0.9760	25.08	358.44	1.29
2026-05-09T14:41:05.5325690+08:00	0x01	-0.0210	-0.0304	-0.1361	0.9900	344.42	356.87	357.15
2026-05-09T14:41:05.5325690+08:00	0x07	-0.0157	-0.0295	-0.2953	0.9548	325.69	357.30	357.28
2026-05-09T14:41:05.5325690+08:00	0x08	-0.0032	-0.0554	0.1024	0.9932	11.76	353.65	0.28
2026-05-09T14:41:05.5325690+08:00	0x03	0.0081	-0.0158	0.2173	0.9760	25.08	358.44	1.29
2026-05-09T14:41:05.5325690+08:00	0x01	-0.0210	-0.0304	-0.1361	0.9900	344.42	356.87	357.15
2026-05-09T14:41:05.5325690+08:00	0x09	0.0530	-0.0640	-0.6265	0.7750	282.09	350.47	0.12
2026-05-09T14:41:05.5325690+08:00	0x04	-0.0133	-0.0250	-0.2579	0.9658	330.15	357.63	357.79
2026-05-09T14:41:05.5325690+08:00	0x02	0.0222	0.0055	-0.9634	0.2673	210.98	357.72	1.29
2026-05-09T14:41:05.5325690+08:00	0x08	-0.0032	-0.0554	0.1024	0.9932	11.76	353.65	0.28
2026-05-09T14:41:05.5325690+08:00	0x09	0.0530	-0.0640	-0.6265	0.7750	282.09	350.47	0.12
2026-05-09T14:41:05.5325690+08:00	0x03	0.0080	-0.0158	0.2173	0.9760	25.08	358.43	1.29
2026-05-09T14:41:05.5325690+08:00	0x01	-0.0210	-0.0304	-0.1361	0.9900	344.42	356.87	357.15
2026-05-09T14:41:05.5325690+08:00	0x06	0.0719	0.1409	-0.9148	0.3716	223.96	358.38	18.13
2026-05-09T14:41:05.5325690+08:00	0x02	0.0222	0.0055	-0.9634	0.2673	210.98	357.72	1.29
2026-05-09T14:41:05.5325690+08:00	0x08	-0.0032	-0.0554	0.1024	0.9932	11.76	353.65	0.28
2026-05-09T14:41:05.5325690+08:00	0x09	0.0530	-0.0640	-0.6265	0.7750	282.09	350.47	0.12
2026-05-09T14:41:05.5325690+08:00	0x07	-0.0157	-0.0295	-0.2953	0.9548	325.69	357.30	357.28
2026-05-09T14:41:05.5325690+08:00	0x06	0.0681	0.1395	-0.9112	0.3815	225.27	358.94	17.83
2026-05-09T14:41:05.5325690+08:00	0x03	0.0080	-0.0158	0.2173	0.9760	25.08	358.43	1.29
2026-05-09T14:41:05.5325690+08:00	0x01	-0.0210	-0.0304	-0.1361	0.9900	344.42	356.87	357.15
2026-05-09T14:41:05.5325690+08:00	0x02	0.0222	0.0055	-0.9634	0.2673	210.98	357.72	1.29
2026-05-09T14:41:05.5325690+08:00	0x07	-0.0157	-0.0295	-0.2953	0.9548	325.69	357.30	357.28
2026-05-09T14:41:05.5325690+08:00	0x08	-0.0032	-0.0554	0.1024	0.9932	11.76	353.65	0.28
2026-05-09T14:41:05.5325690+08:00	0x09	0.0530	-0.0640	-0.6265	0.7750	282.09	350.47	0.12
2026-05-09T14:41:05.5325690+08:00	0x03	0.0080	-0.0158	0.2173	0.9760	25.08	358.43	1.29
2026-05-09T14:41:05.5325690+08:00	0x06	0.0655	0.1384	-0.9049	0.3970	227.30	359.48	17.61
2026-05-09T14:41:05.5325690+08:00	0x05	-0.0006	0.0130	0.4396	0.8981	52.15	1.30	359.28
2026-05-09T14:41:05.5325690+08:00	0x07	-0.0157	-0.0295	-0.2953	0.9548	325.69	357.30	357.28
2026-05-09T14:41:05.5325690+08:00	0x02	0.0222	0.0055	-0.9634	0.2673	210.98	357.72	1.29
2026-05-09T14:41:05.5335676+08:00	0x08	-0.0032	-0.0554	0.1024	0.9932	11.76	353.65	0.28
2026-05-09T14:41:05.5335676+08:00	0x09	0.0530	-0.0640	-0.6265	0.7750	282.09	350.47	0.12
2026-05-09T14:41:05.5335676+08:00	0x03	0.0080	-0.0158	0.2173	0.9760	25.08	358.43	1.29
2026-05-09T14:41:05.5335676+08:00	0x01	-0.0210	-0.0304	-0.1361	0.9900	344.42	356.87	357.15
2026-05-09T14:41:05.5335676+08:00	0x02	0.0222	0.0055	-0.9634	0.2673	210.98	357.72	1.29
2026-05-09T14:41:05.5335676+08:00	0x07	-0.0157	-0.0295	-0.2953	0.9548	325.69	357.30	357.29
2026-05-09T14:41:05.5335676+08:00	0x04	-0.0134	-0.0250	-0.2579	0.9658	330.15	357.63	357.78
2026-05-09T14:41:05.5335676+08:00	0x06	0.0653	0.1365	-0.9012	0.4061	228.45	359.59	17.40
2026-05-09T14:41:05.5335676+08:00	0x08	-0.0032	-0.0554	0.1024	0.9932	11.76	353.65	0.28
2026-05-09T14:41:05.5335676+08:00	0x01	-0.0210	-0.0304	-0.1361	0.9900	344.42	356.87	357.15
2026-05-09T14:41:05.5335676+08:00	0x03	0.0080	-0.0158	0.2173	0.9760	25.08	358.43	1.29
2026-05-09T14:41:05.5335676+08:00	0x09	0.0530	-0.0640	-0.6265	0.7750	282.09	350.47	0.11
2026-05-09T14:41:05.5335676+08:00	0x02	0.0222	0.0055	-0.9634	0.2673	210.98	357.72	1.29
2026-05-09T14:41:05.5335676+08:00	0x06	0.0653	0.1365	-0.9012	0.4061	228.45	359.59	17.40
2026-05-09T14:41:05.5335676+08:00	0x07	-0.0157	-0.0295	-0.2953	0.9548	325.69	357.30	357.29
2026-05-09T14:41:05.5335676+08:00	0x08	-0.0032	-0.0554	0.1024	0.9932	11.76	353.65	0.28
2026-05-09T14:41:05.5335676+08:00	0x09	0.0530	-0.0640	-0.6265	0.7750	282.09	350.47	0.12
2026-05-09T14:41:05.5335676+08:00	0x03	0.0080	-0.0157	0.2173	0.9760	25.08	358.44	1.29
2026-05-09T14:41:05.5335676+08:00	0x01	-0.0210	-0.0304	-0.1361	0.9900	344.42	356.87	357.15
2026-05-09T14:41:05.5335676+08:00	0x06	0.0653	0.1365	-0.9012	0.4061	228.45	359.59	17.40
2026-05-09T14:41:05.5335676+08:00	0x07	-0.0157	-0.0295	-0.2953	0.9548	325.69	357.30	357.28
2026-05-09T14:41:05.5335676+08:00	0x02	0.0222	0.0055	-0.9634	0.2673	210.98	357.72	1.29
2026-05-09T14:41:05.5335676+08:00	0x08	-0.0032	-0.0554	0.1024	0.9932	11.76	353.64	0.28
2026-05-09T14:41:05.5335676+08:00	0x09	0.0530	-0.0639	-0.6265	0.7750	282.09	350.47	0.12
2026-05-09T14:41:05.5335676+08:00	0x03	0.0080	-0.0157	0.2173	0.9760	25.08	358.44	1.29
2026-05-09T14:41:05.5335676+08:00	0x06	0.0706	0.1364	-0.9112	0.3823	225.30	358.54	17.61
2026-05-09T14:41:05.5335676+08:00	0x06	0.0653	0.1365	-0.9012	0.4061	228.45	359.59	17.40
2026-05-09T14:41:05.5335676+08:00	0x07	-0.0157	-0.0295	-0.2953	0.9548	325.69	357.30	357.28
2026-05-09T14:41:05.5335676+08:00	0x08	-0.0032	-0.0554	0.1024	0.9932	11.76	353.64	0.28
2026-05-09T14:41:05.5335676+08:00	0x09	0.0530	-0.0639	-0.6265	0.7750	282.09	350.47	0.12
2026-05-09T14:41:05.5335676+08:00	0x03	0.0080	-0.0157	0.2173	0.9760	25.08	358.44	1.29
2026-05-09T14:41:05.5335676+08:00	0x06	0.0694	0.1346	-0.9161	0.3711	223.86	358.36	17.34
2026-05-09T14:41:05.5335676+08:00	0x01	-0.0210	-0.0304	-0.1361	0.9900	344.42	356.87	357.15
2026-05-09T14:41:05.5335676+08:00	0x07	-0.0157	-0.0295	-0.2953	0.9548	325.69	357.30	357.28
2026-05-09T14:41:05.5335676+08:00	0x09	0.0530	-0.0640	-0.6265	0.7750	282.09	350.47	0.12
2026-05-09T14:41:05.5335676+08:00	0x03	0.0081	-0.0158	0.2173	0.9760	25.08	358.44	1.29
2026-05-09T14:41:05.5345933+08:00	0x06	0.0653	0.1365	-0.9012	0.4061	228.45	359.59	17.40
2026-05-09T14:41:05.5345933+08:00	0x06	0.0716	0.1347	-0.9184	0.3650	223.04	358.01	17.44
2026-05-09T14:41:05.5345933+08:00	0x07	-0.0157	-0.0295	-0.2953	0.9548	325.69	357.30	357.29
2026-05-09T14:41:05.5345933+08:00	0x02	0.0222	0.0055	-0.9634	0.2673	210.98	357.72	1.29
2026-05-09T14:41:05.5345933+08:00	0x08	-0.0032	-0.0554	0.1024	0.9932	11.76	353.64	0.28
2026-05-09T14:41:05.5345933+08:00	0x09	0.0530	-0.0639	-0.6265	0.7750	282.09	350.47	0.12
2026-05-09T14:41:05.5345933+08:00	0x06	0.0653	0.1365	-0.9012	0.4061	228.45	359.59	17.40
2026-05-09T14:41:05.5345933+08:00	0x06	0.0744	0.1343	-0.9197	0.3614	222.54	357.61	17.50
2026-05-09T14:41:05.5345933+08:00	0x03	0.0080	-0.0158	0.2173	0.9760	25.08	358.43	1.29
2026-05-09T14:41:05.5345933+08:00	0x07	-0.0157	-0.0295	-0.2953	0.9548	325.69	357.30	357.29
2026-05-09T14:41:05.5345933+08:00	0x08	-0.0032	-0.0554	0.1024	0.9932	11.76	353.64	0.28
2026-05-09T14:41:05.5345933+08:00	0x06	0.0653	0.1365	-0.9012	0.4061	228.45	359.59	17.40
2026-05-09T14:41:05.5345933+08:00	0x01	-0.0210	-0.0304	-0.1361	0.9900	344.42	356.87	357.15
2026-05-09T14:41:05.5345933+08:00	0x06	0.0739	0.1342	-0.9214	0.3571	222.00	357.58	17.47
2026-05-09T14:41:05.5345933+08:00	0x04	-0.0133	-0.0250	-0.2579	0.9658	330.15	357.63	357.79
2026-05-09T14:41:05.5345933+08:00	0x08	-0.0032	-0.0554	0.1024	0.9932	11.76	353.65	0.28
2026-05-09T14:41:05.5345933+08:00	0x09	0.0530	-0.0640	-0.6265	0.7750	282.09	350.47	0.12
2026-05-09T14:41:05.5345933+08:00	0x03	0.0081	-0.0158	0.2173	0.9760	25.08	358.44	1.29
2026-05-09T14:41:05.5345933+08:00	0x06	0.0745	0.1347	-0.9226	0.3537	221.56	357.47	17.53
2026-05-09T14:41:05.5345933+08:00	0x01	-0.0210	-0.0304	-0.1361	0.9900	344.42	356.87	357.15
2026-05-09T14:41:05.5345933+08:00	0x07	-0.0156	-0.0295	-0.2953	0.9548	325.69	357.30	357.29
2026-05-09T14:41:05.5345933+08:00	0x08	-0.0032	-0.0554	0.1024	0.9932	11.76	353.65	0.28
2026-05-09T14:41:05.5345933+08:00	0x04	-0.0133	-0.0250	-0.2579	0.9658	330.15	357.63	357.79
2026-05-09T14:41:05.5345933+08:00	0x09	0.0530	-0.0640	-0.6265	0.7750	282.09	350.47	0.11
2026-05-09T14:41:05.5345933+08:00	0x03	0.0081	-0.0158	0.2173	0.9760	25.08	358.44	1.29
2026-05-09T14:41:05.5345933+08:00	0x01	-0.0210	-0.0304	-0.1361	0.9900	344.42	356.87	357.15
2026-05-09T14:41:05.5345933+08:00	0x07	-0.0156	-0.0295	-0.2953	0.9548	325.69	357.30	357.29
2026-05-09T14:41:05.5345933+08:00	0x09	0.0530	-0.0640	-0.6265	0.7750	282.09	350.47	0.11
2026-05-09T14:41:05.5345933+08:00	0x08	-0.0032	-0.0554	0.1024	0.9932	11.76	353.65	0.28
2026-05-09T14:41:05.5345933+08:00	0x03	0.0081	-0.0158	0.2173	0.9760	25.08	358.44	1.29
2026-05-09T14:41:05.5345933+08:00	0x06	0.0790	0.1347	-0.9256	0.3447	220.35	356.79	17.69
2026-05-09T14:41:05.5345933+08:00	0x01	-0.0210	-0.0304	-0.1361	0.9900	344.42	356.87	357.15
2026-05-09T14:41:05.5345933+08:00	0x07	-0.0157	-0.0295	-0.2953	0.9548	325.69	357.30	357.29
2026-05-09T14:41:05.5345933+08:00	0x09	0.0530	-0.0640	-0.6265	0.7750	282.09	350.47	0.12
2026-05-09T14:41:05.5345933+08:00	0x08	-0.0032	-0.0554	0.1024	0.9932	11.76	353.65	0.28
2026-05-09T14:41:05.5345933+08:00	0x03	0.0081	-0.0158	0.2173	0.9760	25.08	358.43	1.29
2026-05-09T14:41:05.5345933+08:00	0x06	0.0710	0.1312	-0.9271	0.3438	220.32	357.51	16.98
2026-05-09T14:41:05.5345933+08:00	0x07	-0.0157	-0.0295	-0.2953	0.9548	325.69	357.30	357.29
2026-05-09T14:41:05.5355897+08:00	0x04	-0.0133	-0.0250	-0.2579	0.9658	330.15	357.63	357.78
2026-05-09T14:41:05.5355897+08:00	0x08	-0.0032	-0.0554	0.1024	0.9932	11.76	353.65	0.28
2026-05-09T14:41:05.5355897+08:00	0x09	0.0530	-0.0640	-0.6265	0.7750	282.09	350.47	0.12
2026-05-09T14:41:05.5355897+08:00	0x03	0.0081	-0.0158	0.2173	0.9760	25.08	358.44	1.29
2026-05-09T14:41:05.5355897+08:00	0x01	-0.0210	-0.0305	-0.1361	0.9900	344.42	356.87	357.15
2026-05-09T14:41:05.5355897+08:00	0x06	0.0723	0.1300	-0.9271	0.3440	220.32	357.33	16.90
2026-05-09T14:41:05.5355897+08:00	0x04	-0.0133	-0.0250	-0.2579	0.9658	330.15	357.63	357.78
2026-05-09T14:41:05.5355897+08:00	0x08	-0.0032	-0.0554	0.1024	0.9932	11.76	353.65	0.28
2026-05-09T14:41:05.5355897+08:00	0x05	-0.0006	0.0130	0.4396	0.8981	52.15	1.30	359.28
2026-05-09T14:41:05.5355897+08:00	0x09	0.0530	-0.0640	-0.6265	0.7750	282.09	350.47	0.11
2026-05-09T14:41:05.5355897+08:00	0x03	0.0081	-0.0158	0.2173	0.9760	25.08	358.44	1.29
2026-05-09T14:41:05.5355897+08:00	0x01	-0.0210	-0.0304	-0.1361	0.9900	344.42	356.87	357.15
2026-05-09T14:41:05.5355897+08:00	0x02	0.0222	0.0055	-0.9634	0.2673	210.98	357.72	1.29
2026-05-09T14:41:05.5355897+08:00	0x04	-0.0133	-0.0250	-0.2579	0.9658	330.15	357.63	357.78
2026-05-09T14:41:05.5355897+08:00	0x08	-0.0032	-0.0554	0.1024	0.9932	11.76	353.65	0.28
2026-05-09T14:41:05.5355897+08:00	0x01	-0.0210	-0.0304	-0.1361	0.9900	344.42	356.87	357.15
2026-05-09T14:41:05.5355897+08:00	0x09	0.0530	-0.0640	-0.6265	0.7750	282.09	350.47	0.11
2026-05-09T14:41:05.5355897+08:00	0x03	0.0081	-0.0158	0.2173	0.9760	25.08	358.44	1.29
2026-05-09T14:41:05.5355897+08:00	0x06	0.0753	0.1315	-0.9273	0.3423	220.08	357.02	17.18
2026-05-09T14:41:05.5355897+08:00	0x02	0.0222	0.0055	-0.9634	0.2673	210.98	357.72	1.29
2026-05-09T14:41:05.5355897+08:00	0x07	-0.0157	-0.0295	-0.2953	0.9548	325.69	357.30	357.29
2026-05-09T14:41:05.5355897+08:00	0x04	-0.0133	-0.0250	-0.2579	0.9658	330.15	357.63	357.78
2026-05-09T14:41:05.5355897+08:00	0x01	-0.0210	-0.0304	-0.1361	0.9900	344.42	356.87	357.15
2026-05-09T14:41:05.5355897+08:00	0x03	0.0081	-0.0158	0.2173	0.9760	25.08	358.44	1.29
2026-05-09T14:41:05.5355897+08:00	0x02	0.0222	0.0055	-0.9634	0.2673	210.98	357.72	1.29
2026-05-09T14:41:05.5355897+08:00	0x07	-0.0157	-0.0295	-0.2953	0.9548	325.69	357.30	357.29
2026-05-09T14:41:05.5355897+08:00	0x04	-0.0133	-0.0250	-0.2579	0.9658	330.15	357.63	357.78
2026-05-09T14:41:05.5355897+08:00	0x08	-0.0032	-0.0554	0.1024	0.9932	11.76	353.65	0.28
2026-05-09T14:41:05.5355897+08:00	0x01	-0.0210	-0.0304	-0.1361	0.9900	344.42	356.87	357.15
2026-05-09T14:41:05.5355897+08:00	0x09	0.0530	-0.0640	-0.6265	0.7750	282.09	350.47	0.11
2026-05-09T14:41:05.5355897+08:00	0x06	0.0762	0.1320	-0.9282	0.3394	219.69	356.89	17.27
2026-05-09T14:41:05.5355897+08:00	0x07	-0.0157	-0.0295	-0.2953	0.9548	325.69	357.29	357.28
2026-05-09T14:41:05.5355897+08:00	0x04	-0.0133	-0.0250	-0.2579	0.9658	330.15	357.63	357.78
2026-05-09T14:41:05.5355897+08:00	0x02	0.0222	0.0055	-0.9634	0.2673	210.98	357.72	1.29
2026-05-09T14:41:05.5365865+08:00	0x09	0.0530	-0.0640	-0.6265	0.7750	282.09	350.47	0.11
2026-05-09T14:41:05.5365865+08:00	0x07	-0.0157	-0.0295	-0.2953	0.9548	325.69	357.30	357.28
2026-05-09T14:41:05.5365865+08:00	0x03	0.0081	-0.0158	0.2173	0.9760	25.08	358.44	1.29
2026-05-09T14:41:05.5365865+08:00	0x03	0.0081	-0.0158	0.2173	0.9760	25.08	358.44	1.29
2026-05-09T14:41:05.5365865+08:00	0x04	-0.0133	-0.0250	-0.2579	0.9658	330.15	357.63	357.79
2026-05-09T14:41:05.5365865+08:00	0x02	0.0222	0.0055	-0.9634	0.2673	210.98	357.72	1.29
2026-05-09T14:41:05.5365865+08:00	0x09	0.0530	-0.0639	-0.6265	0.7750	282.09	350.47	0.12
2026-05-09T14:41:05.5365865+08:00	0x08	-0.0033	-0.0554	0.1024	0.9932	11.76	353.64	0.28
2026-05-09T14:41:05.5365865+08:00	0x06	0.0750	0.1322	-0.9273	0.3421	220.05	357.08	17.24
2026-05-09T14:41:05.5365865+08:00	0x04	-0.0134	-0.0250	-0.2579	0.9658	330.15	357.63	357.78
2026-05-09T14:41:05.5365865+08:00	0x07	-0.0157	-0.0295	-0.2953	0.9548	325.69	357.30	357.28
2026-05-09T14:41:05.5365865+08:00	0x08	-0.0032	-0.0554	0.1024	0.9932	11.76	353.65	0.28
2026-05-09T14:41:05.5365865+08:00	0x09	0.0530	-0.0639	-0.6265	0.7750	282.09	350.47	0.12
2026-05-09T14:41:05.5365865+08:00	0x03	0.0080	-0.0158	0.2173	0.9760	25.08	358.43	1.29
2026-05-09T14:41:05.5365865+08:00	0x08	-0.0033	-0.0554	0.1024	0.9932	11.76	353.65	0.28
2026-05-09T14:41:05.5365865+08:00	0x01	-0.0210	-0.0304	-0.1361	0.9900	344.42	356.87	357.15
2026-05-09T14:41:05.5365865+08:00	0x06	0.0764	0.1311	-0.9284	0.3391	219.65	356.82	17.18
2026-05-09T14:41:05.5365865+08:00	0x03	0.0080	-0.0158	0.2173	0.9760	25.08	358.43	1.29
2026-05-09T14:41:05.5365865+08:00	0x07	-0.0157	-0.0295	-0.2953	0.9548	325.69	357.30	357.28
2026-05-09T14:41:05.5365865+08:00	0x08	-0.0032	-0.0554	0.1024	0.9932	11.76	353.65	0.28
2026-05-09T14:41:05.5365865+08:00	0x09	0.0530	-0.0639	-0.6265	0.7750	282.09	350.47	0.12
2026-05-09T14:41:05.5365865+08:00	0x01	-0.0210	-0.0304	-0.1361	0.9900	344.42	356.87	357.15
2026-05-09T14:41:05.5365865+08:00	0x06	0.0740	0.1295	-0.9279	0.3417	220.00	357.07	16.91
2026-05-09T14:41:05.5365865+08:00	0x07	-0.0157	-0.0295	-0.2953	0.9548	325.69	357.30	357.28
2026-05-09T14:41:05.5365865+08:00	0x08	-0.0032	-0.0554	0.1024	0.9932	11.76	353.65	0.28
2026-05-09T14:41:05.5365865+08:00	0x06	0.0691	0.1260	-0.9284	0.3426	220.15	357.49	16.34
2026-05-09T14:41:05.5365865+08:00	0x07	-0.0157	-0.0295	-0.2953	0.9548	325.69	357.30	357.28
2026-05-09T14:41:05.5365865+08:00	0x08	-0.0032	-0.0554	0.1024	0.9932	11.76	353.65	0.28
2026-05-09T14:41:05.5365865+08:00	0x01	-0.0209	-0.0304	-0.1361	0.9900	344.42	356.87	357.15
2026-05-09T14:41:05.5365865+08:00	0x09	0.0530	-0.0640	-0.6265	0.7750	282.09	350.47	0.11
2026-05-09T14:41:05.5365865+08:00	0x02	0.0222	0.0055	-0.9634	0.2673	210.98	357.72	1.29
2026-05-09T14:41:05.5365865+08:00	0x06	0.0718	0.1314	-0.9272	0.3433	220.25	357.43	17.04
2026-05-09T14:41:05.5365865+08:00	0x03	0.0080	-0.0158	0.2173	0.9760	25.08	358.43	1.29
2026-05-09T14:41:05.5365865+08:00	0x08	-0.0032	-0.0553	0.1024	0.9932	11.76	353.65	0.28
2026-05-09T14:41:05.5365865+08:00	0x01	-0.0210	-0.0304	-0.1361	0.9900	344.42	356.87	357.15
2026-05-09T14:41:05.5365865+08:00	0x09	0.0530	-0.0640	-0.6265	0.7750	282.09	350.47	0.11
2026-05-09T14:41:05.5365865+08:00	0x08	-0.0032	-0.0554	0.1024	0.9932	11.76	353.65	0.28
2026-05-09T14:41:05.5375555+08:00	0x07	-0.0157	-0.0295	-0.2953	0.9548	325.69	357.30	357.28
2026-05-09T14:41:05.5375555+08:00	0x06	0.0696	0.1288	-0.9271	0.3450	220.47	357.59	16.67
2026-05-09T14:41:05.5375555+08:00	0x03	0.0080	-0.0157	0.2173	0.9760	25.08	358.44	1.29
2026-05-09T14:41:05.5375555+08:00	0x01	-0.0210	-0.0304	-0.1361	0.9900	344.42	356.87	357.15
2026-05-09T14:41:05.5375555+08:00	0x09	0.0530	-0.0640	-0.6265	0.7750	282.09	350.47	0.12
2026-05-09T14:41:05.5375555+08:00	0x09	0.0530	-0.0640	-0.6265	0.7750	282.09	350.47	0.12
2026-05-09T14:41:05.5375555+08:00	0x07	-0.0157	-0.0295	-0.2953	0.9548	325.69	357.30	357.29
2026-05-09T14:41:05.5375555+08:00	0x06	0.0685	0.1309	-0.9256	0.3485	220.95	357.86	16.86
2026-05-09T14:41:05.5375555+08:00	0x03	0.0080	-0.0157	0.2173	0.9760	25.08	358.44	1.29
2026-05-09T14:41:05.5375555+08:00	0x01	-0.0210	-0.0304	-0.1361	0.9900	344.42	356.87	357.15
2026-05-09T14:41:05.5375555+08:00	0x09	0.0530	-0.0640	-0.6265	0.7750	282.09	350.47	0.12
2026-05-09T14:41:05.5375555+08:00	0x07	-0.0157	-0.0295	-0.2953	0.9548	325.69	357.30	357.29
2026-05-09T14:41:05.5375555+08:00	0x03	0.0081	-0.0157	0.2173	0.9760	25.08	358.44	1.29
2026-05-09T14:41:05.5375555+08:00	0x01	-0.0210	-0.0304	-0.1361	0.9900	344.42	356.87	357.15
2026-05-09T14:41:05.5375555+08:00	0x05	-0.0006	0.0130	0.4396	0.8981	52.15	1.31	359.28
2026-05-09T14:41:05.5375555+08:00	0x09	0.0530	-0.0640	-0.6265	0.7750	282.09	350.47	0.12
2026-05-09T14:41:05.5375555+08:00	0x07	-0.0157	-0.0295	-0.2953	0.9548	325.69	357.30	357.29
2026-05-09T14:41:05.5375555+08:00	0x06	0.0686	0.1337	-0.9234	0.3532	221.57	358.07	17.18
2026-05-09T14:41:05.5375555+08:00	0x03	0.0081	-0.0157	0.2173	0.9760	25.08	358.44	1.29
2026-05-09T14:41:05.5375555+08:00	0x08	-0.0032	-0.0554	0.1024	0.9932	11.76	353.65	0.28
2026-05-09T14:41:05.5375555+08:00	0x01	-0.0209	-0.0304	-0.1361	0.9900	344.42	356.87	357.15
2026-05-09T14:41:05.5375555+08:00	0x09	0.0530	-0.0640	-0.6265	0.7750	282.09	350.47	0.12
2026-05-09T14:41:05.5375555+08:00	0x04	-0.0133	-0.0250	-0.2579	0.9658	330.15	357.63	357.79
2026-05-09T14:41:05.5375555+08:00	0x07	-0.0157	-0.0295	-0.2953	0.9548	325.69	357.30	357.28
2026-05-09T14:41:05.5375555+08:00	0x03	0.0081	-0.0158	0.2173	0.9760	25.08	358.44	1.29
2026-05-09T14:41:05.5375555+08:00	0x08	-0.0032	-0.0554	0.1024	0.9932	11.76	353.65	0.28
2026-05-09T14:41:05.5375555+08:00	0x02	0.0222	0.0055	-0.9634	0.2673	210.98	357.72	1.29
2026-05-09T14:41:05.5375555+08:00	0x01	-0.0209	-0.0304	-0.1361	0.9900	344.42	356.87	357.15
2026-05-09T14:41:05.5375555+08:00	0x09	0.0530	-0.0640	-0.6265	0.7750	282.09	350.47	0.12
2026-05-09T14:41:05.5375555+08:00	0x07	-0.0157	-0.0295	-0.2953	0.9548	325.69	357.30	357.28
2026-05-09T14:41:05.5375555+08:00	0x06	0.0681	0.1335	-0.9219	0.3574	222.11	358.19	17.15
2026-05-09T14:41:05.5375555+08:00	0x04	-0.0134	-0.0250	-0.2579	0.9658	330.15	357.63	357.78
2026-05-09T14:41:05.5385819+08:00	0x01	-0.0209	-0.0304	-0.1361	0.9900	344.42	356.87	357.15
2026-05-09T14:41:05.5385819+08:00	0x02	0.0222	0.0055	-0.9634	0.2673	210.99	357.72	1.29
2026-05-09T14:41:05.5385819+08:00	0x09	0.0530	-0.0640	-0.6265	0.7750	282.09	350.47	0.11
2026-05-09T14:41:05.5385819+08:00	0x07	-0.0157	-0.0295	-0.2953	0.9548	325.69	357.30	357.29
2026-05-09T14:41:05.5385819+08:00	0x04	-0.0133	-0.0250	-0.2579	0.9658	330.15	357.63	357.79
2026-05-09T14:41:05.5385819+08:00	0x03	0.0081	-0.0158	0.2173	0.9760	25.08	358.44	1.29
2026-05-09T14:41:05.5385819+08:00	0x09	0.0530	-0.0640	-0.6265	0.7750	282.09	350.47	0.11
2026-05-09T14:41:05.5385819+08:00	0x08	-0.0032	-0.0554	0.1024	0.9932	11.76	353.65	0.28
2026-05-09T14:41:05.5385819+08:00	0x01	-0.0210	-0.0304	-0.1361	0.9900	344.42	356.87	357.15
2026-05-09T14:41:05.5385819+08:00	0x07	-0.0157	-0.0295	-0.2953	0.9548	325.69	357.30	357.28
2026-05-09T14:41:05.5385819+08:00	0x06	0.0714	0.1316	-0.9220	0.3571	222.01	357.74	17.08
2026-05-09T14:41:05.5385819+08:00	0x03	0.0081	-0.0158	0.2173	0.9760	25.08	358.44	1.29
2026-05-09T14:41:05.5385819+08:00	0x04	-0.0133	-0.0250	-0.2579	0.9658	330.15	357.63	357.79
2026-05-09T14:41:05.5385819+08:00	0x01	-0.0210	-0.0304	-0.1361	0.9900	344.42	356.87	357.15
2026-05-09T14:41:05.5385819+08:00	0x07	-0.0157	-0.0295	-0.2953	0.9548	325.69	357.30	357.29
2026-05-09T14:41:05.5385819+08:00	0x06	0.0682	0.1326	-0.9222	0.3568	222.02	358.13	17.05
2026-05-09T14:41:05.5385819+08:00	0x04	-0.0134	-0.0250	-0.2579	0.9658	330.15	357.63	357.78
2026-05-09T14:41:05.5385819+08:00	0x03	0.0081	-0.0157	0.2173	0.9760	25.08	358.44	1.29
2026-05-09T14:41:05.5385819+08:00	0x02	0.0222	0.0055	-0.9634	0.2673	210.98	357.72	1.29
2026-05-09T14:41:05.5385819+08:00	0x08	-0.0032	-0.0554	0.1024	0.9932	11.76	353.64	0.28
2026-05-09T14:41:05.5385819+08:00	0x07	-0.0157	-0.0295	-0.2953	0.9548	325.69	357.30	357.29
2026-05-09T14:41:05.5385819+08:00	0x06	0.0683	0.1326	-0.9220	0.3572	222.07	358.13	17.06
2026-05-09T14:41:05.5385819+08:00	0x04	-0.0133	-0.0250	-0.2579	0.9658	330.15	357.63	357.79
2026-05-09T14:41:05.5385819+08:00	0x03	0.0081	-0.0157	0.2173	0.9760	25.08	358.44	1.29
2026-05-09T14:41:05.5385819+08:00	0x08	-0.0032	-0.0554	0.1024	0.9932	11.76	353.65	0.28
2026-05-09T14:41:05.5385819+08:00	0x07	-0.0157	-0.0295	-0.2953	0.9548	325.69	357.30	357.28
2026-05-09T14:41:05.5385819+08:00	0x01	-0.0210	-0.0304	-0.1361	0.9900	344.42	356.87	357.15
2026-05-09T14:41:05.5385819+08:00	0x03	0.0081	-0.0157	0.2173	0.9760	25.08	358.44	1.29
2026-05-09T14:41:05.5385819+08:00	0x01	-0.0210	-0.0304	-0.1361	0.9900	344.42	356.87	357.15
2026-05-09T14:41:05.5385819+08:00	0x09	0.0530	-0.0640	-0.6265	0.7750	282.09	350.47	0.11
2026-05-09T14:41:05.5385819+08:00	0x02	0.0222	0.0055	-0.9634	0.2673	210.98	357.72	1.29
2026-05-09T14:41:05.5385819+08:00	0x07	-0.0157	-0.0295	-0.2953	0.9548	325.69	357.30	357.28
2026-05-09T14:41:05.5385819+08:00	0x06	0.0677	0.1327	-0.9213	0.3592	222.33	358.24	17.05
2026-05-09T14:41:05.5385819+08:00	0x04	-0.0133	-0.0250	-0.2579	0.9658	330.15	357.63	357.78
2026-05-09T14:41:05.5385819+08:00	0x03	0.0081	-0.0157	0.2173	0.9760	25.08	358.44	1.29
2026-05-09T14:41:05.5395588+08:00	0x08	-0.0032	-0.0554	0.1024	0.9932	11.76	353.65	0.28
2026-05-09T14:41:05.5395588+08:00	0x01	-0.0210	-0.0304	-0.1361	0.9900	344.42	356.87	357.15
2026-05-09T14:41:05.5395588+08:00	0x09	0.0530	-0.0640	-0.6265	0.7750	282.09	350.47	0.11
2026-05-09T14:41:05.5395588+08:00	0x07	-0.0157	-0.0295	-0.2953	0.9548	325.69	357.30	357.28
2026-05-09T14:41:05.5395588+08:00	0x06	0.0686	0.1326	-0.9214	0.3589	222.29	358.13	17.07
2026-05-09T14:41:05.5395588+08:00	0x04	-0.0133	-0.0250	-0.2579	0.9658	330.15	357.63	357.79
2026-05-09T14:41:05.5395588+08:00	0x03	0.0081	-0.0157	0.2173	0.9760	25.08	358.44	1.29
2026-05-09T14:41:05.5395588+08:00	0x08	-0.0032	-0.0554	0.1024	0.9932	11.76	353.65	0.28
2026-05-09T14:41:05.5395588+08:00	0x01	-0.0210	-0.0304	-0.1361	0.9900	344.42	356.87	357.15
2026-05-09T14:41:05.5395588+08:00	0x09	0.0530	-0.0640	-0.6265	0.7750	282.09	350.47	0.11
2026-05-09T14:41:05.5395588+08:00	0x05	-0.0006	0.0130	0.4396	0.8981	52.15	1.30	359.28
2026-05-09T14:41:05.5395588+08:00	0x06	0.0702	0.1332	-0.9224	0.3557	221.86	357.91	17.20
2026-05-09T14:41:05.5395588+08:00	0x04	-0.0133	-0.0250	-0.2579	0.9658	330.15	357.63	357.79
2026-05-09T14:41:05.5395588+08:00	0x08	-0.0032	-0.0554	0.1024	0.9932	11.76	353.65	0.28
2026-05-09T14:41:05.5395588+08:00	0x01	-0.0210	-0.0304	-0.1361	0.9900	344.42	356.87	357.15
2026-05-09T14:41:05.5395588+08:00	0x02	0.0222	0.0055	-0.9634	0.2673	210.98	357.72	1.29
2026-05-09T14:41:05.5395588+08:00	0x07	-0.0157	-0.0295	-0.2953	0.9548	325.69	357.30	357.28
2026-05-09T14:41:05.5395588+08:00	0x03	0.0081	-0.0158	0.2173	0.9760	25.08	358.44	1.29
2026-05-09T14:41:05.5395588+08:00	0x08	-0.0032	-0.0553	0.1024	0.9932	11.76	353.65	0.28
2026-05-09T14:41:05.5395588+08:00	0x09	0.0530	-0.0640	-0.6265	0.7750	282.09	350.47	0.11
2026-05-09T14:41:05.5395588+08:00	0x02	0.0222	0.0055	-0.9634	0.2673	210.98	357.72	1.29
2026-05-09T14:41:05.5395588+08:00	0x07	-0.0157	-0.0295	-0.2953	0.9548	325.69	357.30	357.29
2026-05-09T14:41:05.5395588+08:00	0x04	-0.0133	-0.0250	-0.2579	0.9658	330.15	357.63	357.79
2026-05-09T14:41:05.5395588+08:00	0x03	0.0081	-0.0158	0.2173	0.9760	25.08	358.44	1.29
2026-05-09T14:41:05.5395588+08:00	0x08	-0.0032	-0.0553	0.1024	0.9932	11.76	353.65	0.28
2026-05-09T14:41:05.5395588+08:00	0x01	-0.0210	-0.0304	-0.1361	0.9900	344.42	356.87	357.15
2026-05-09T14:41:05.5395588+08:00	0x06	0.0713	0.1322	-0.9268	0.3441	220.37	357.54	17.11
2026-05-09T14:41:05.5395588+08:00	0x02	0.0222	0.0055	-0.9634	0.2673	210.98	357.72	1.29
2026-05-09T14:41:05.5395588+08:00	0x04	-0.0133	-0.0249	-0.2579	0.9658	330.15	357.63	357.79
2026-05-09T14:41:05.5395588+08:00	0x03	0.0081	-0.0157	0.2173	0.9760	25.08	358.44	1.29
2026-05-09T14:41:05.5395588+08:00	0x08	-0.0032	-0.0554	0.1024	0.9932	11.76	353.65	0.28
2026-05-09T14:41:05.5395588+08:00	0x01	-0.0210	-0.0304	-0.1361	0.9900	344.42	356.88	357.15
2026-05-09T14:41:05.5395588+08:00	0x06	0.0690	0.1307	-0.9281	0.3417	220.08	357.68	16.85
2026-05-09T14:41:05.5395588+08:00	0x07	-0.0157	-0.0295	-0.2953	0.9548	325.69	357.30	357.29
2026-05-09T14:41:05.5395588+08:00	0x04	-0.0133	-0.0250	-0.2579	0.9658	330.15	357.63	357.79
2026-05-09T14:41:05.5395588+08:00	0x03	0.0081	-0.0157	0.2173	0.9760	25.08	358.44	1.29
2026-05-09T14:41:05.5395588+08:00	0x09	0.0530	-0.0640	-0.6265	0.7750	282.09	350.47	0.11
2026-05-09T14:41:05.5395588+08:00	0x01	-0.0210	-0.0304	-0.1361	0.9900	344.42	356.88	357.15
2026-05-09T14:41:05.5405559+08:00	0x06	0.0703	0.1310	-0.9285	0.3403	219.89	357.53	16.92
2026-05-09T14:41:05.5405559+08:00	0x02	0.0222	0.0055	-0.9634	0.2673	210.98	357.72	1.29
2026-05-09T14:41:05.5405559+08:00	0x04	-0.0133	-0.0250	-0.2579	0.9658	330.15	357.63	357.79
2026-05-09T14:41:05.5405559+08:00	0x07	-0.0157	-0.0295	-0.2953	0.9548	325.69	357.30	357.28
2026-05-09T14:41:05.5405559+08:00	0x03	0.0081	-0.0157	0.2173	0.9760	25.08	358.44	1.29
2026-05-09T14:41:05.5405559+08:00	0x09	0.0530	-0.0640	-0.6265	0.7750	282.09	350.47	0.11
2026-05-09T14:41:05.5405559+08:00	0x05	-0.0006	0.0130	0.4396	0.8981	52.15	1.30	359.28
2026-05-09T14:41:05.5405559+08:00	0x02	0.0222	0.0055	-0.9634	0.2673	210.98	357.72	1.29
2026-05-09T14:41:05.5405559+08:00	0x07	-0.0157	-0.0295	-0.2953	0.9548	325.69	357.30	357.29
2026-05-09T14:41:05.5405559+08:00	0x04	-0.0133	-0.0250	-0.2579	0.9658	330.15	357.63	357.78
2026-05-09T14:41:05.5405559+08:00	0x03	0.0081	-0.0157	0.2173	0.9760	25.08	358.44	1.29
2026-05-09T14:41:05.5405559+08:00	0x08	-0.0033	-0.0553	0.1024	0.9932	11.76	353.65	0.28
2026-05-09T14:41:05.5405559+08:00	0x01	-0.0210	-0.0304	-0.1361	0.9900	344.42	356.87	357.14
2026-05-09T14:41:05.5405559+08:00	0x06	0.0598	0.1284	-0.9314	0.3352	219.37	358.49	16.22
2026-05-09T14:41:05.5405559+08:00	0x04	-0.0133	-0.0250	-0.2579	0.9658	330.15	357.62	357.78
2026-05-09T14:41:05.5405559+08:00	0x07	-0.0157	-0.0295	-0.2953	0.9548	325.69	357.30	357.29
2026-05-09T14:41:05.5405559+08:00	0x09	0.0530	-0.0640	-0.6265	0.7750	282.09	350.47	0.11
2026-05-09T14:41:05.5405559+08:00	0x06	0.0696	0.1273	-0.9311	0.3346	219.14	357.34	16.47
2026-05-09T14:41:05.5405559+08:00	0x07	-0.0157	-0.0295	-0.2953	0.9548	325.69	357.30	357.29
2026-05-09T14:41:05.5405559+08:00	0x04	-0.0133	-0.0250	-0.2579	0.9658	330.15	357.63	357.78
2026-05-09T14:41:05.5405559+08:00	0x03	0.0081	-0.0158	0.2173	0.9760	25.08	358.44	1.29
2026-05-09T14:41:05.5405559+08:00	0x09	0.0530	-0.0640	-0.6265	0.7750	282.09	350.47	0.11
2026-05-09T14:41:05.5405559+08:00	0x01	-0.0210	-0.0304	-0.1361	0.9900	344.42	356.87	357.15
2026-05-09T14:41:05.5405559+08:00	0x02	0.0222	0.0055	-0.9634	0.2673	210.98	357.72	1.29
2026-05-09T14:41:05.5405559+08:00	0x04	-0.0133	-0.0250	-0.2579	0.9658	330.15	357.63	357.78
2026-05-09T14:41:05.5405559+08:00	0x03	0.0081	-0.0158	0.2173	0.9760	25.08	358.44	1.29
2026-05-09T14:41:05.5405559+08:00	0x09	0.0530	-0.0640	-0.6265	0.7750	282.09	350.47	0.11
2026-05-09T14:41:05.5405559+08:00	0x01	-0.0210	-0.0304	-0.1361	0.9900	344.42	356.87	357.15
2026-05-09T14:41:05.5405559+08:00	0x06	0.0733	0.1287	-0.9300	0.3363	219.32	357.02	16.78
2026-05-09T14:41:05.5405559+08:00	0x02	0.0222	0.0055	-0.9634	0.2673	210.98	357.72	1.29
2026-05-09T14:41:05.5405559+08:00	0x07	-0.0157	-0.0295	-0.2953	0.9548	325.69	357.30	357.28
2026-05-09T14:41:05.5405559+08:00	0x08	-0.0032	-0.0553	0.1024	0.9932	11.76	353.65	0.28
2026-05-09T14:41:05.5405559+08:00	0x01	-0.0210	-0.0304	-0.1361	0.9900	344.42	356.87	357.15
2026-05-09T14:41:05.5405559+08:00	0x06	0.0733	0.1281	-0.9298	0.3371	219.41	357.01	16.72
2026-05-09T14:41:05.5405559+08:00	0x04	-0.0133	-0.0250	-0.2579	0.9658	330.15	357.63	357.78
2026-05-09T14:41:05.5405559+08:00	0x07	-0.0157	-0.0295	-0.2953	0.9548	325.69	357.30	357.28
2026-05-09T14:41:05.5405559+08:00	0x09	0.0530	-0.0639	-0.6265	0.7750	282.09	350.47	0.12
2026-05-09T14:41:05.5405559+08:00	0x01	-0.0210	-0.0304	-0.1361	0.9900	344.42	356.87	357.15
2026-05-09T14:41:05.5415810+08:00	0x02	0.0222	0.0055	-0.9634	0.2673	210.98	357.72	1.29
2026-05-09T14:41:05.5415810+08:00	0x04	-0.0133	-0.0250	-0.2579	0.9658	330.15	357.63	357.78
2026-05-09T14:41:05.5415810+08:00	0x07	-0.0157	-0.0295	-0.2953	0.9548	325.69	357.30	357.28
2026-05-09T14:41:05.5415810+08:00	0x09	0.0530	-0.0640	-0.6265	0.7750	282.09	350.47	0.11
2026-05-09T14:41:05.5415810+08:00	0x01	-0.0210	-0.0304	-0.1361	0.9900	344.42	356.87	357.15
2026-05-09T14:41:05.5415810+08:00	0x06	0.0739	0.1295	-0.9296	0.3371	219.43	357.00	16.89
2026-05-09T14:41:05.5415810+08:00	0x04	-0.0133	-0.0250	-0.2579	0.9658	330.15	357.63	357.78
2026-05-09T14:41:05.5415810+08:00	0x03	0.0081	-0.0157	0.2173	0.9760	25.08	358.44	1.29
2026-05-09T14:41:05.5415810+08:00	0x07	-0.0157	-0.0295	-0.2953	0.9548	325.69	357.30	357.28
2026-05-09T14:41:05.5415810+08:00	0x09	0.0530	-0.0640	-0.6265	0.7750	282.09	350.47	0.12
2026-05-09T14:41:05.5415810+08:00	0x01	-0.0210	-0.0304	-0.1361	0.9900	344.42	356.87	357.15
2026-05-09T14:41:05.5415810+08:00	0x06	0.0752	0.1299	-0.9297	0.3363	219.31	356.85	16.99
2026-05-09T14:41:05.5415810+08:00	0x04	-0.0133	-0.0250	-0.2579	0.9658	330.15	357.63	357.79
2026-05-09T14:41:05.5415810+08:00	0x08	-0.0032	-0.0554	0.1024	0.9932	11.76	353.65	0.28
2026-05-09T14:41:05.5415810+08:00	0x09	0.0530	-0.0640	-0.6265	0.7750	282.09	350.47	0.11
2026-05-09T14:41:05.5415810+08:00	0x02	0.0222	0.0055	-0.9634	0.2673	210.98	357.72	1.29
2026-05-09T14:41:05.5415810+08:00	0x07	-0.0157	-0.0295	-0.2953	0.9548	325.69	357.30	357.28
2026-05-09T14:41:05.5415810+08:00	0x08	-0.0032	-0.0554	0.1024	0.9932	11.76	353.65	0.28
2026-05-09T14:41:05.5415810+08:00	0x09	0.0530	-0.0640	-0.6265	0.7750	282.09	350.47	0.12
2026-05-09T14:41:05.5415810+08:00	0x02	0.0222	0.0055	-0.9634	0.2673	210.98	357.72	1.29
2026-05-09T14:41:05.5415810+08:00	0x04	-0.0133	-0.0250	-0.2579	0.9658	330.15	357.63	357.79
2026-05-09T14:41:05.5415810+08:00	0x03	0.0080	-0.0157	0.2173	0.9760	25.08	358.44	1.29
2026-05-09T14:41:05.5415810+08:00	0x07	-0.0157	-0.0295	-0.2953	0.9548	325.69	357.30	357.28
2026-05-09T14:41:05.5415810+08:00	0x08	-0.0032	-0.0554	0.1024	0.9932	11.76	353.65	0.28
2026-05-09T14:41:05.5415810+08:00	0x05	-0.0006	0.0130	0.4396	0.8981	52.15	1.31	359.28
2026-05-09T14:41:05.5415810+08:00	0x09	0.0530	-0.0640	-0.6265	0.7750	282.09	350.47	0.12
2026-05-09T14:41:05.5415810+08:00	0x02	0.0222	0.0055	-0.9634	0.2673	210.98	357.72	1.29
2026-05-09T14:41:05.5415810+08:00	0x07	-0.0157	-0.0295	-0.2953	0.9548	325.69	357.30	357.28
2026-05-09T14:41:05.5415810+08:00	0x08	-0.0032	-0.0554	0.1024	0.9932	11.76	353.65	0.28
2026-05-09T14:41:05.5415810+08:00	0x09	0.0530	-0.0640	-0.6265	0.7750	282.09	350.47	0.12
2026-05-09T14:41:05.5415810+08:00	0x06	0.0728	0.1302	-0.9305	0.3346	219.13	357.11	16.92
2026-05-09T14:41:05.5415810+08:00	0x07	-0.0157	-0.0295	-0.2953	0.9548	325.69	357.30	357.28
2026-05-09T14:41:05.5415810+08:00	0x08	-0.0032	-0.0554	0.1024	0.9932	11.76	353.65	0.28
2026-05-09T14:41:05.5415810+08:00	0x01	-0.0210	-0.0304	-0.1361	0.9900	344.42	356.87	357.15
2026-05-09T14:41:05.5415810+08:00	0x09	0.0530	-0.0639	-0.6265	0.7750	282.09	350.47	0.12
2026-05-09T14:41:05.5425492+08:00	0x06	0.0666	0.1296	-0.9323	0.3311	218.77	357.71	16.60
2026-05-09T14:41:05.5425492+08:00	0x02	0.0222	0.0055	-0.9634	0.2673	210.98	357.72	1.29
2026-05-09T14:41:05.5425492+08:00	0x07	-0.0157	-0.0295	-0.2953	0.9548	325.69	357.30	357.28
2026-05-09T14:41:05.5425492+08:00	0x04	-0.0133	-0.0250	-0.2579	0.9658	330.15	357.63	357.79
2026-05-09T14:41:05.5425492+08:00	0x01	-0.0210	-0.0304	-0.1361	0.9900	344.42	356.87	357.15
2026-05-09T14:41:05.5425492+08:00	0x09	0.0530	-0.0639	-0.6265	0.7750	282.09	350.47	0.12
2026-05-09T14:41:05.5425492+08:00	0x06	0.0682	0.1290	-0.9325	0.3303	218.65	357.48	16.60
2026-05-09T14:41:05.5425492+08:00	0x02	0.0222	0.0055	-0.9634	0.2673	210.98	357.72	1.29
2026-05-09T14:41:05.5425492+08:00	0x07	-0.0157	-0.0295	-0.2953	0.9548	325.69	357.30	357.28
2026-05-09T14:41:05.5425492+08:00	0x03	0.0081	-0.0157	0.2173	0.9760	25.08	358.44	1.29
2026-05-09T14:41:05.5425492+08:00	0x01	-0.0210	-0.0304	-0.1361	0.9900	344.42	356.87	357.15
2026-05-09T14:41:05.5425492+08:00	0x06	0.0689	0.1281	-0.9323	0.3311	218.73	357.40	16.53
2026-05-09T14:41:05.5425492+08:00	0x02	0.0222	0.0055	-0.9634	0.2673	210.98	357.72	1.29
2026-05-09T14:41:05.5425492+08:00	0x04	-0.0133	-0.0250	-0.2579	0.9658	330.15	357.63	357.79
2026-05-09T14:41:05.5425492+08:00	0x07	-0.0157	-0.0295	-0.2953	0.9548	325.69	357.30	357.28
2026-05-09T14:41:05.5425492+08:00	0x03	0.0080	-0.0157	0.2173	0.9760	25.08	358.44	1.29
2026-05-09T14:41:05.5425492+08:00	0x08	-0.0032	-0.0553	0.1024	0.9932	11.76	353.65	0.28
2026-05-09T14:41:05.5425492+08:00	0x09	0.0530	-0.0639	-0.6265	0.7750	282.09	350.47	0.12
2026-05-09T14:41:05.5425492+08:00	0x06	0.0722	0.1284	-0.9317	0.3321	218.81	357.06	16.69
2026-05-09T14:41:05.5425492+08:00	0x04	-0.0133	-0.0250	-0.2579	0.9658	330.15	357.63	357.79
2026-05-09T14:41:05.5425492+08:00	0x07	-0.0157	-0.0295	-0.2953	0.9548	325.69	357.30	357.28
2026-05-09T14:41:05.5425492+08:00	0x08	-0.0032	-0.0553	0.1024	0.9932	11.76	353.65	0.28
2026-05-09T14:41:05.5425492+08:00	0x03	0.0080	-0.0157	0.2173	0.9760	25.08	358.44	1.29
2026-05-09T14:41:05.5425492+08:00	0x09	0.0530	-0.0639	-0.6265	0.7750	282.09	350.47	0.12
2026-05-09T14:41:05.5425492+08:00	0x06	0.0725	0.1282	-0.9323	0.3304	218.58	356.98	16.67
2026-05-09T14:41:05.5425492+08:00	0x02	0.0222	0.0055	-0.9634	0.2673	210.98	357.72	1.29
2026-05-09T14:41:05.5425492+08:00	0x04	-0.0133	-0.0250	-0.2579	0.9658	330.15	357.63	357.79
2026-05-09T14:41:05.5425492+08:00	0x07	-0.0157	-0.0295	-0.2953	0.9548	325.69	357.30	357.28
2026-05-09T14:41:05.5425492+08:00	0x01	-0.0210	-0.0304	-0.1361	0.9900	344.42	356.87	357.15
2026-05-09T14:41:05.5425492+08:00	0x03	0.0081	-0.0157	0.2173	0.9760	25.08	358.44	1.29
2026-05-09T14:41:05.5435462+08:00	0x09	0.0530	-0.0640	-0.6265	0.7750	282.09	350.47	0.12
2026-05-09T14:41:05.5435462+08:00	0x02	0.0222	0.0055	-0.9634	0.2673	210.98	357.72	1.29
2026-05-09T14:41:05.5435462+08:00	0x06	0.0736	0.1282	-0.9326	0.3293	218.43	356.84	16.72
2026-05-09T14:41:05.5435462+08:00	0x04	-0.0133	-0.0250	-0.2579	0.9658	330.15	357.63	357.79
2026-05-09T14:41:05.5435462+08:00	0x03	0.0081	-0.0157	0.2173	0.9760	25.08	358.44	1.29
2026-05-09T14:41:05.5435462+08:00	0x08	-0.0032	-0.0553	0.1024	0.9932	11.76	353.65	0.28
2026-05-09T14:41:05.5435462+08:00	0x01	-0.0210	-0.0304	-0.1361	0.9900	344.42	356.87	357.15
2026-05-09T14:41:05.5435462+08:00	0x09	0.0530	-0.0640	-0.6265	0.7750	282.09	350.47	0.12
2026-05-09T14:41:05.5435462+08:00	0x06	0.0688	0.1274	-0.9329	0.3299	218.56	357.35	16.45
2026-05-09T14:41:05.5435462+08:00	0x04	-0.0133	-0.0250	-0.2579	0.9658	330.15	357.63	357.79
2026-05-09T14:41:05.5435462+08:00	0x07	-0.0157	-0.0295	-0.2953	0.9548	325.69	357.30	357.28
2026-05-09T14:41:05.5435462+08:00	0x08	-0.0032	-0.0553	0.1024	0.9932	11.76	353.65	0.28
2026-05-09T14:41:05.5435462+08:00	0x09	0.0530	-0.0640	-0.6265	0.7750	282.09	350.47	0.12
2026-05-09T14:41:05.5435462+08:00	0x02	0.0222	0.0055	-0.9634	0.2673	210.98	357.72	1.29
2026-05-09T14:41:05.5435462+08:00	0x06	0.0732	0.1283	-0.9320	0.3310	218.65	356.92	16.72
2026-05-09T14:41:05.5435462+08:00	0x04	-0.0133	-0.0250	-0.2579	0.9658	330.15	357.63	357.79
2026-05-09T14:41:05.5435462+08:00	0x07	-0.0157	-0.0295	-0.2953	0.9548	325.69	357.30	357.28
2026-05-09T14:41:05.5441728+08:00	0x03	0.0080	-0.0157	0.2173	0.9760	25.08	358.44	1.29
2026-05-09T14:41:05.5441728+08:00	0x08	-0.0032	-0.0553	0.1024	0.9932	11.76	353.65	0.28
2026-05-09T14:41:05.5441728+08:00	0x05	-0.0006	0.0129	0.4396	0.8981	52.15	1.30	359.28
2026-05-09T14:41:05.5441728+08:00	0x02	0.0222	0.0055	-0.9634	0.2673	210.98	357.72	1.29
2026-05-09T14:41:05.5441728+08:00	0x06	0.0760	0.1301	-0.9323	0.3289	218.36	356.63	17.01
2026-05-09T14:41:05.5441728+08:00	0x07	-0.0157	-0.0295	-0.2953	0.9548	325.69	357.30	357.28
2026-05-09T14:41:05.5441728+08:00	0x08	-0.0032	-0.0553	0.1024	0.9932	11.76	353.65	0.28
2026-05-09T14:41:05.5441728+08:00	0x03	0.0080	-0.0157	0.2173	0.9760	25.08	358.44	1.29
2026-05-09T14:41:05.5441728+08:00	0x09	0.0530	-0.0640	-0.6265	0.7750	282.09	350.47	0.12
2026-05-09T14:41:05.5441728+08:00	0x02	0.0222	0.0055	-0.9634	0.2673	210.98	357.72	1.29
2026-05-09T14:41:05.5441728+08:00	0x06	0.0754	0.1300	-0.9322	0.3292	218.41	356.71	16.98
2026-05-09T14:41:05.5441728+08:00	0x04	-0.0133	-0.0249	-0.2579	0.9658	330.15	357.63	357.79
2026-05-09T14:41:05.5441728+08:00	0x08	-0.0032	-0.0553	0.1024	0.9932	11.76	353.65	0.28
2026-05-09T14:41:05.5441728+08:00	0x07	-0.0157	-0.0295	-0.2953	0.9548	325.69	357.30	357.29
2026-05-09T14:41:05.5441728+08:00	0x03	0.0080	-0.0157	0.2173	0.9760	25.08	358.44	1.29
2026-05-09T14:41:05.5441728+08:00	0x09	0.0530	-0.0640	-0.6265	0.7750	282.09	350.47	0.12
2026-05-09T14:41:05.5441728+08:00	0x02	0.0222	0.0055	-0.9634	0.2673	210.98	357.72	1.29
2026-05-09T14:41:05.5441728+08:00	0x07	-0.0157	-0.0295	-0.2953	0.9548	325.69	357.30	357.29
2026-05-09T14:41:05.5441728+08:00	0x01	-0.0209	-0.0304	-0.1361	0.9900	344.42	356.87	357.15
2026-05-09T14:41:05.5441728+08:00	0x03	0.0080	-0.0157	0.2173	0.9760	25.08	358.44	1.29
2026-05-09T14:41:05.5441728+08:00	0x09	0.0530	-0.0640	-0.6265	0.7750	282.09	350.47	0.12
2026-05-09T14:41:05.5441728+08:00	0x02	0.0222	0.0055	-0.9634	0.2673	210.98	357.72	1.29
2026-05-09T14:41:05.5441728+08:00	0x06	0.0732	0.1294	-0.9303	0.3352	219.19	357.04	16.85
2026-05-09T14:41:05.5441728+08:00	0x04	-0.0134	-0.0250	-0.2579	0.9658	330.15	357.63	357.78
2026-05-09T14:41:05.5441728+08:00	0x08	-0.0032	-0.0554	0.1024	0.9932	11.76	353.65	0.28
2026-05-09T14:41:05.5441728+08:00	0x03	0.0080	-0.0157	0.2173	0.9760	25.08	358.44	1.29
2026-05-09T14:41:05.5451625+08:00	0x02	0.0221	0.0055	-0.9634	0.2673	210.98	357.73	1.29
2026-05-09T14:41:05.5451625+08:00	0x09	0.0530	-0.0640	-0.6265	0.7750	282.09	350.47	0.12
2026-05-09T14:41:05.5451625+08:00	0x07	-0.0157	-0.0295	-0.2953	0.9548	325.69	357.29	357.28
2026-05-09T14:41:05.5451625+08:00	0x01	-0.0210	-0.0304	-0.1361	0.9900	344.42	356.87	357.15
2026-05-09T14:41:05.5451625+08:00	0x09	0.0530	-0.0640	-0.6265	0.7750	282.09	350.47	0.12
2026-05-09T14:41:05.5451625+08:00	0x04	-0.0133	-0.0250	-0.2579	0.9658	330.15	357.63	357.79
2026-05-09T14:41:05.5451625+08:00	0x06	0.0706	0.1289	-0.9305	0.3356	219.27	357.32	16.69
2026-05-09T14:41:05.5451625+08:00	0x07	-0.0157	-0.0295	-0.2953	0.9548	325.69	357.29	357.28
2026-05-09T14:41:05.5451625+08:00	0x08	-0.0032	-0.0554	0.1024	0.9932	11.76	353.65	0.28
2026-05-09T14:41:05.5451625+08:00	0x03	0.0081	-0.0157	0.2173	0.9760	25.08	358.44	1.29
2026-05-09T14:41:05.5451625+08:00	0x09	0.0530	-0.0640	-0.6265	0.7750	282.09	350.47	0.12
2026-05-09T14:41:05.5451625+08:00	0x04	-0.0133	-0.0250	-0.2579	0.9658	330.15	357.63	357.79
2026-05-09T14:41:05.5451625+08:00	0x02	0.0222	0.0055	-0.9634	0.2673	210.98	357.72	1.29
2026-05-09T14:41:05.5451625+08:00	0x07	-0.0157	-0.0295	-0.2953	0.9548	325.69	357.29	357.28
2026-05-09T14:41:05.5451625+08:00	0x09	0.0530	-0.0640	-0.6265	0.7750	282.09	350.47	0.12
2026-05-09T14:41:05.5451625+08:00	0x03	0.0081	-0.0157	0.2173	0.9760	25.08	358.44	1.29
2026-05-09T14:41:05.5451625+08:00	0x04	-0.0133	-0.0249	-0.2579	0.9658	330.15	357.63	357.79
2026-05-09T14:41:05.5451625+08:00	0x08	-0.0032	-0.0554	0.1024	0.9932	11.76	353.65	0.28
2026-05-09T14:41:05.5451625+08:00	0x07	-0.0157	-0.0295	-0.2953	0.9548	325.69	357.30	357.28
2026-05-09T14:41:05.5451625+08:00	0x01	-0.0210	-0.0304	-0.1361	0.9900	344.42	356.87	357.15
2026-05-09T14:41:05.5451625+08:00	0x03	0.0081	-0.0158	0.2173	0.9760	25.08	358.44	1.29
2026-05-09T14:41:05.5451625+08:00	0x04	-0.0133	-0.0249	-0.2579	0.9658	330.15	357.63	357.79
2026-05-09T14:41:05.5451625+08:00	0x02	0.0222	0.0056	-0.9634	0.2673	210.98	357.72	1.29
2026-05-09T14:41:05.5451625+08:00	0x07	-0.0157	-0.0295	-0.2953	0.9548	325.69	357.29	357.28
2026-05-09T14:41:05.5451625+08:00	0x01	-0.0210	-0.0304	-0.1361	0.9900	344.42	356.87	357.15
2026-05-09T14:41:05.5451625+08:00	0x09	0.0530	-0.0640	-0.6265	0.7750	282.09	350.47	0.12
2026-05-09T14:41:05.5451625+08:00	0x04	-0.0133	-0.0250	-0.2579	0.9658	330.15	357.63	357.79
2026-05-09T14:41:05.5451625+08:00	0x02	0.0222	0.0055	-0.9634	0.2673	210.98	357.72	1.29
2026-05-09T14:41:05.5451625+08:00	0x07	-0.0157	-0.0295	-0.2953	0.9548	325.69	357.29	357.28
2026-05-09T14:41:05.5451625+08:00	0x08	-0.0032	-0.0554	0.1024	0.9932	11.76	353.65	0.28
2026-05-09T14:41:05.5451625+08:00	0x01	-0.0210	-0.0304	-0.1361	0.9900	344.42	356.87	357.15
2026-05-09T14:41:05.5451625+08:00	0x03	0.0081	-0.0158	0.2173	0.9760	25.08	358.44	1.29
2026-05-09T14:41:05.5451625+08:00	0x04	-0.0133	-0.0250	-0.2579	0.9658	330.15	357.63	357.79
2026-05-09T14:41:05.5451625+08:00	0x06	0.0746	0.1310	-0.9349	0.3213	217.44	356.69	17.04
2026-05-09T14:41:05.5461603+08:00	0x07	-0.0157	-0.0295	-0.2953	0.9548	325.69	357.29	357.28
2026-05-09T14:41:05.5461603+08:00	0x08	-0.0032	-0.0554	0.1024	0.9932	11.76	353.65	0.28
2026-05-09T14:41:05.5461603+08:00	0x09	0.0530	-0.0640	-0.6265	0.7750	282.09	350.47	0.12
2026-05-09T14:41:05.5461603+08:00	0x03	0.0081	-0.0158	0.2173	0.9760	25.08	358.44	1.29
2026-05-09T14:41:05.5461603+08:00	0x04	-0.0133	-0.0250	-0.2579	0.9658	330.15	357.63	357.79
2026-05-09T14:41:05.5461603+08:00	0x02	0.0222	0.0055	-0.9634	0.2673	210.98	357.72	1.29
2026-05-09T14:41:05.5461603+08:00	0x07	-0.0157	-0.0295	-0.2953	0.9548	325.69	357.29	357.28
2026-05-09T14:41:05.5461603+08:00	0x08	-0.0032	-0.0553	0.1024	0.9932	11.76	353.65	0.28
2026-05-09T14:41:05.5461603+08:00	0x03	0.0081	-0.0157	0.2173	0.9760	25.08	358.44	1.29
2026-05-09T14:41:05.5461603+08:00	0x04	-0.0133	-0.0250	-0.2579	0.9658	330.15	357.63	357.79
2026-05-09T14:41:05.5461603+08:00	0x06	0.0752	0.1300	-0.9351	0.3209	217.38	356.58	16.94
2026-05-09T14:41:05.5461603+08:00	0x02	0.0222	0.0055	-0.9634	0.2673	210.98	357.72	1.29
2026-05-09T14:41:05.5461603+08:00	0x07	-0.0157	-0.0295	-0.2953	0.9548	325.69	357.30	357.28
2026-05-09T14:41:05.5461603+08:00	0x08	-0.0032	-0.0553	0.1024	0.9932	11.76	353.65	0.28
2026-05-09T14:41:05.5461603+08:00	0x09	0.0530	-0.0640	-0.6265	0.7750	282.09	350.47	0.12
2026-05-09T14:41:05.5461603+08:00	0x01	-0.0210	-0.0304	-0.1361	0.9900	344.42	356.87	357.15
2026-05-09T14:41:05.5461603+08:00	0x03	0.0081	-0.0157	0.2173	0.9760	25.08	358.44	1.29
2026-05-09T14:41:05.5461603+08:00	0x04	-0.0133	-0.0250	-0.2579	0.9658	330.15	357.63	357.79
2026-05-09T14:41:05.5461603+08:00	0x02	0.0222	0.0055	-0.9634	0.2673	210.98	357.72	1.29
2026-05-09T14:41:05.5461603+08:00	0x07	-0.0157	-0.0295	-0.2953	0.9548	325.69	357.30	357.28
2026-05-09T14:41:05.5461603+08:00	0x08	-0.0033	-0.0553	0.1024	0.9932	11.76	353.65	0.28
2026-05-09T14:41:05.5461603+08:00	0x09	0.0530	-0.0639	-0.6265	0.7750	282.09	350.47	0.12
2026-05-09T14:41:05.5461603+08:00	0x03	0.0081	-0.0157	0.2173	0.9760	25.08	358.44	1.29
2026-05-09T14:41:05.5461603+08:00	0x06	0.0755	0.1291	-0.9352	0.3210	217.37	356.51	16.85
2026-05-09T14:41:05.5461603+08:00	0x04	-0.0133	-0.0250	-0.2579	0.9658	330.15	357.63	357.79
2026-05-09T14:41:05.5461603+08:00	0x07	-0.0157	-0.0295	-0.2953	0.9548	325.69	357.29	357.28
2026-05-09T14:41:05.5461603+08:00	0x01	-0.0209	-0.0304	-0.1361	0.9900	344.42	356.87	357.15
2026-05-09T14:41:05.5461603+08:00	0x03	0.0081	-0.0157	0.2173	0.9760	25.08	358.44	1.29
2026-05-09T14:41:05.5461603+08:00	0x06	0.0757	0.1292	-0.9349	0.3219	217.48	356.51	16.87
2026-05-09T14:41:05.5461603+08:00	0x02	0.0222	0.0055	-0.9634	0.2673	210.98	357.72	1.29
2026-05-09T14:41:05.5461603+08:00	0x07	-0.0157	-0.0295	-0.2953	0.9548	325.69	357.29	357.28
2026-05-09T14:41:05.5461603+08:00	0x09	0.0530	-0.0640	-0.6265	0.7750	282.09	350.47	0.11
2026-05-09T14:41:05.5461603+08:00	0x08	-0.0033	-0.0553	0.1024	0.9932	11.76	353.65	0.28
2026-05-09T14:41:05.5461603+08:00	0x03	0.0081	-0.0157	0.2173	0.9760	25.08	358.44	1.29
2026-05-09T14:41:05.5461603+08:00	0x06	0.0760	0.1296	-0.9342	0.3236	217.69	356.52	16.93
2026-05-09T14:41:05.5461603+08:00	0x02	0.0222	0.0056	-0.9634	0.2673	210.98	357.72	1.29
2026-05-09T14:41:05.5461603+08:00	0x07	-0.0157	-0.0295	-0.2953	0.9548	325.69	357.29	357.28
2026-05-09T14:41:05.5461603+08:00	0x09	0.0530	-0.0639	-0.6265	0.7750	282.09	350.47	0.12
2026-05-09T14:41:05.5471574+08:00	0x01	-0.0210	-0.0304	-0.1361	0.9900	344.42	356.87	357.15
2026-05-09T14:41:05.5471574+08:00	0x03	0.0081	-0.0157	0.2173	0.9760	25.08	358.44	1.29
2026-05-09T14:41:05.5471574+08:00	0x06	0.0766	0.1285	-0.9338	0.3249	217.84	356.43	16.84
2026-05-09T14:41:05.5471574+08:00	0x02	0.0221	0.0055	-0.9634	0.2673	210.98	357.73	1.29
2026-05-09T14:41:05.5471574+08:00	0x07	-0.0157	-0.0295	-0.2953	0.9548	325.69	357.30	357.28
2026-05-09T14:41:05.5471574+08:00	0x09	0.0530	-0.0640	-0.6265	0.7750	282.09	350.47	0.12
2026-05-09T14:41:05.5471574+08:00	0x01	-0.0210	-0.0304	-0.1361	0.9900	344.42	356.87	357.15
2026-05-09T14:41:05.5471574+08:00	0x06	0.0783	0.1288	-0.9336	0.3251	217.84	356.26	16.94
2026-05-09T14:41:05.5471574+08:00	0x07	-0.0157	-0.0295	-0.2953	0.9548	325.69	357.30	357.29
2026-05-09T14:41:05.5471574+08:00	0x09	0.0530	-0.0639	-0.6265	0.7750	282.09	350.47	0.12
2026-05-09T14:41:05.5471574+08:00	0x03	0.0081	-0.0157	0.2173	0.9760	25.08	358.44	1.29
2026-05-09T14:41:05.5471574+08:00	0x05	-0.0007	0.0129	0.4396	0.8981	52.15	1.30	359.28
2026-05-09T14:41:05.5471574+08:00	0x06	0.0790	0.1292	-0.9335	0.3252	217.84	356.20	17.01
2026-05-09T14:41:05.5471574+08:00	0x02	0.0222	0.0055	-0.9634	0.2673	210.98	357.72	1.29
2026-05-09T14:41:05.5471574+08:00	0x07	-0.0157	-0.0295	-0.2953	0.9548	325.69	357.30	357.28
2026-05-09T14:41:05.5471574+08:00	0x09	0.0530	-0.0639	-0.6265	0.7750	282.09	350.47	0.12
2026-05-09T14:41:05.5471574+08:00	0x01	-0.0209	-0.0304	-0.1361	0.9900	344.42	356.87	357.15
2026-05-09T14:41:05.5471574+08:00	0x08	-0.0032	-0.0553	0.1024	0.9932	11.76	353.65	0.28
2026-05-09T14:41:05.5471574+08:00	0x06	0.0784	0.1297	-0.9329	0.3266	218.03	356.31	17.05
2026-05-09T14:41:05.5471574+08:00	0x07	-0.0157	-0.0295	-0.2953	0.9548	325.69	357.30	357.28
2026-05-09T14:41:05.5471574+08:00	0x09	0.0530	-0.0639	-0.6265	0.7750	282.09	350.47	0.12
2026-05-09T14:41:05.5471574+08:00	0x04	-0.0133	-0.0250	-0.2579	0.9658	330.15	357.63	357.79
2026-05-09T14:41:05.5471574+08:00	0x03	0.0081	-0.0157	0.2173	0.9760	25.08	358.44	1.29
2026-05-09T14:41:05.5471574+08:00	0x06	0.0776	0.1296	-0.9330	0.3268	218.07	356.40	17.01
2026-05-09T14:41:05.5471574+08:00	0x07	-0.0157	-0.0295	-0.2953	0.9548	325.69	357.30	357.28
2026-05-09T14:41:05.5471574+08:00	0x08	-0.0032	-0.0553	0.1024	0.9932	11.76	353.65	0.28
2026-05-09T14:41:05.5471574+08:00	0x01	-0.0210	-0.0304	-0.1361	0.9900	344.42	356.87	357.15
2026-05-09T14:41:05.5471574+08:00	0x03	0.0081	-0.0157	0.2173	0.9760	25.08	358.44	1.29
2026-05-09T14:41:05.5471574+08:00	0x06	0.0767	0.1306	-0.9328	0.3272	218.14	356.54	17.08
2026-05-09T14:41:05.5471574+08:00	0x02	0.0222	0.0055	-0.9634	0.2673	210.98	357.72	1.29
2026-05-09T14:41:05.5471574+08:00	0x08	-0.0032	-0.0553	0.1024	0.9932	11.76	353.65	0.28
2026-05-09T14:41:05.5471574+08:00	0x09	0.0530	-0.0639	-0.6265	0.7750	282.09	350.47	0.12
2026-05-09T14:41:05.5471574+08:00	0x03	0.0081	-0.0158	0.2173	0.9760	25.08	358.44	1.29
2026-05-09T14:41:05.5471574+08:00	0x06	0.0770	0.1292	-0.9331	0.3267	218.06	356.45	16.95
2026-05-09T14:41:05.5471574+08:00	0x02	0.0222	0.0055	-0.9634	0.2673	210.98	357.72	1.29
2026-05-09T14:41:05.5471574+08:00	0x09	0.0530	-0.0640	-0.6265	0.7750	282.09	350.47	0.12
2026-05-09T14:41:05.5471574+08:00	0x08	-0.0032	-0.0553	0.1024	0.9932	11.76	353.65	0.28
2026-05-09T14:41:05.5471574+08:00	0x07	-0.0157	-0.0295	-0.2953	0.9548	325.69	357.30	357.28
2026-05-09T14:41:05.5481560+08:00	0x01	-0.0210	-0.0304	-0.1361	0.9900	344.42	356.87	357.15
2026-05-09T14:41:05.5481560+08:00	0x03	0.0081	-0.0158	0.2173	0.9760	25.08	358.44	1.29
2026-05-09T14:41:05.5481560+08:00	0x07	-0.0157	-0.0295	-0.2953	0.9548	325.69	357.29	357.28
2026-05-09T14:41:05.5481560+08:00	0x02	0.0222	0.0055	-0.9634	0.2673	210.98	357.72	1.29
2026-05-09T14:41:05.5481560+08:00	0x09	0.0530	-0.0640	-0.6265	0.7750	282.09	350.47	0.12
2026-05-09T14:41:05.5481560+08:00	0x05	-0.0007	0.0129	0.4396	0.8981	52.15	1.30	359.28
2026-05-09T14:41:05.5481560+08:00	0x03	0.0081	-0.0157	0.2173	0.9760	25.08	358.44	1.29
2026-05-09T14:41:05.5481560+08:00	0x06	0.0751	0.1312	-0.9315	0.3310	218.65	356.82	17.10
2026-05-09T14:41:05.5481560+08:00	0x02	0.0222	0.0055	-0.9634	0.2673	210.98	357.72	1.29
2026-05-09T14:41:05.5481560+08:00	0x09	0.0530	-0.0640	-0.6265	0.7750	282.09	350.47	0.12
2026-05-09T14:41:05.5481560+08:00	0x01	-0.0210	-0.0304	-0.1361	0.9900	344.42	356.87	357.15
2026-05-09T14:41:05.5481560+08:00	0x04	-0.0133	-0.0249	-0.2579	0.9658	330.15	357.63	357.79
2026-05-09T14:41:05.5481560+08:00	0x06	0.0739	0.1316	-0.9307	0.3331	218.94	357.01	17.11
2026-05-09T14:41:05.5481560+08:00	0x07	-0.0157	-0.0295	-0.2953	0.9548	325.69	357.29	357.28
2026-05-09T14:41:05.5481560+08:00	0x02	0.0222	0.0055	-0.9634	0.2673	210.98	357.72	1.29
2026-05-09T14:41:05.5481560+08:00	0x09	0.0530	-0.0639	-0.6265	0.7750	282.09	350.47	0.12
2026-05-09T14:41:05.5481560+08:00	0x08	-0.0033	-0.0553	0.1024	0.9932	11.76	353.65	0.28
2026-05-09T14:41:05.5481560+08:00	0x01	-0.0210	-0.0304	-0.1361	0.9900	344.42	356.88	357.15
2026-05-09T14:41:05.5481560+08:00	0x04	-0.0133	-0.0249	-0.2579	0.9658	330.15	357.63	357.79
2026-05-09T14:41:05.5481560+08:00	0x03	0.0081	-0.0157	0.2173	0.9760	25.08	358.44	1.29
2026-05-09T14:41:05.5481560+08:00	0x06	0.0727	0.1306	-0.9307	0.3340	219.05	357.12	16.96
2026-05-09T14:41:05.5481560+08:00	0x07	-0.0157	-0.0295	-0.2953	0.9548	325.69	357.30	357.28
2026-05-09T14:41:05.5481560+08:00	0x02	0.0222	0.0055	-0.9634	0.2673	210.98	357.72	1.29
2026-05-09T14:41:05.5481560+08:00	0x09	0.0530	-0.0639	-0.6265	0.7750	282.09	350.47	0.12
2026-05-09T14:41:05.5481560+08:00	0x04	-0.0133	-0.0249	-0.2579	0.9658	330.15	357.63	357.79
2026-05-09T14:41:05.5481560+08:00	0x03	0.0081	-0.0157	0.2173	0.9760	25.08	358.44	1.29
2026-05-09T14:41:05.5481560+08:00	0x07	-0.0157	-0.0295	-0.2953	0.9548	325.69	357.30	357.28
2026-05-09T14:41:05.5481560+08:00	0x02	0.0222	0.0055	-0.9634	0.2673	210.98	357.72	1.29
2026-05-09T14:41:05.5481560+08:00	0x09	0.0530	-0.0639	-0.6265	0.7750	282.09	350.47	0.12
2026-05-09T14:41:05.5481560+08:00	0x01	-0.0210	-0.0304	-0.1361	0.9900	344.42	356.87	357.15
2026-05-09T14:41:05.5481560+08:00	0x03	0.0081	-0.0157	0.2173	0.9760	25.08	358.44	1.29
2026-05-09T14:41:05.5481560+08:00	0x04	-0.0133	-0.0250	-0.2579	0.9658	330.15	357.63	357.79
2026-05-09T14:41:05.5481560+08:00	0x06	0.0717	0.1287	-0.9309	0.3344	219.10	357.16	16.71
2026-05-09T14:41:05.5481560+08:00	0x07	-0.0157	-0.0295	-0.2953	0.9548	325.69	357.30	357.28
2026-05-09T14:41:05.5481560+08:00	0x09	0.0530	-0.0640	-0.6265	0.7750	282.09	350.47	0.12
2026-05-09T14:41:05.5481560+08:00	0x04	-0.0133	-0.0250	-0.2579	0.9658	330.15	357.63	357.79
2026-05-09T14:41:05.5491535+08:00	0x05	-0.0006	0.0129	0.4396	0.8981	52.15	1.30	359.29
2026-05-09T14:41:05.5491535+08:00	0x03	0.0081	-0.0158	0.2173	0.9760	25.08	358.44	1.29
2026-05-09T14:41:05.5491535+08:00	0x07	-0.0157	-0.0295	-0.2953	0.9548	325.69	357.30	357.28
2026-05-09T14:41:05.5491535+08:00	0x02	0.0222	0.0055	-0.9634	0.2673	210.98	357.72	1.29
2026-05-09T14:41:05.5491535+08:00	0x09	0.0530	-0.0640	-0.6265	0.7750	282.09	350.47	0.12
2026-05-09T14:41:05.5491535+08:00	0x01	-0.0209	-0.0304	-0.1361	0.9900	344.42	356.87	357.15
2026-05-09T14:41:05.5491535+08:00	0x08	-0.0033	-0.0554	0.1024	0.9932	11.76	353.65	0.28
2026-05-09T14:41:05.5491535+08:00	0x04	-0.0134	-0.0249	-0.2579	0.9658	330.15	357.63	357.78
2026-05-09T14:41:05.5491535+08:00	0x07	-0.0157	-0.0295	-0.2953	0.9548	325.69	357.30	357.29
2026-05-09T14:41:05.5491535+08:00	0x06	0.0732	0.1296	-0.9307	0.3340	219.04	357.02	16.87
2026-05-09T14:41:05.5501484+08:00	0x02	0.0222	0.0055	-0.9634	0.2673	210.98	357.72	1.29
2026-05-09T14:41:05.5501484+08:00	0x09	0.0530	-0.0640	-0.6265	0.7750	282.09	350.47	0.12
2026-05-09T14:41:05.5501484+08:00	0x01	-0.0210	-0.0304	-0.1361	0.9900	344.42	356.87	357.15
2026-05-09T14:41:05.5501484+08:00	0x03	0.0081	-0.0158	0.2173	0.9760	25.08	358.44	1.29
2026-05-09T14:41:05.5501484+08:00	0x07	-0.0157	-0.0295	-0.2953	0.9548	325.69	357.30	357.28
2026-05-09T14:41:05.5501484+08:00	0x02	0.0222	0.0055	-0.9634	0.2673	210.98	357.72	1.29
2026-05-09T14:41:05.5501484+08:00	0x09	0.0530	-0.0640	-0.6265	0.7750	282.09	350.47	0.12
2026-05-09T14:41:05.5501484+08:00	0x04	-0.0134	-0.0250	-0.2579	0.9658	330.15	357.63	357.78
2026-05-09T14:41:05.5501484+08:00	0x03	0.0081	-0.0157	0.2173	0.9760	25.08	358.44	1.29
2026-05-09T14:41:05.5501484+08:00	0x08	-0.0032	-0.0553	0.1024	0.9932	11.76	353.65	0.28
2026-05-09T14:41:05.5501484+08:00	0x07	-0.0157	-0.0295	-0.2953	0.9548	325.69	357.30	357.28
2026-05-09T14:41:05.5501484+08:00	0x06	0.0767	0.1311	-0.9317	0.3299	218.49	356.62	17.15
2026-05-09T14:41:05.5501484+08:00	0x01	-0.0210	-0.0304	-0.1361	0.9900	344.42	356.87	357.15
2026-05-09T14:41:05.5501484+08:00	0x01	-0.0210	-0.0304	-0.1361	0.9900	344.42	356.87	357.15
2026-05-09T14:41:05.5501484+08:00	0x03	0.0081	-0.0157	0.2173	0.9760	25.08	358.44	1.29
2026-05-09T14:41:05.5501484+08:00	0x08	-0.0032	-0.0554	0.1024	0.9932	11.76	353.65	0.28
2026-05-09T14:41:05.5501484+08:00	0x07	-0.0157	-0.0295	-0.2953	0.9548	325.69	357.30	357.28
2026-05-09T14:41:05.5501484+08:00	0x06	0.0761	0.1318	-0.9316	0.3302	218.54	356.71	17.20
2026-05-09T14:41:05.5501484+08:00	0x02	0.0222	0.0055	-0.9634	0.2673	210.98	357.72	1.29
2026-05-09T14:41:05.5501484+08:00	0x09	0.0530	-0.0640	-0.6265	0.7750	282.09	350.47	0.11
2026-05-09T14:41:05.5501484+08:00	0x03	0.0081	-0.0158	0.2173	0.9760	25.08	358.44	1.29
2026-05-09T14:41:05.5501484+08:00	0x07	-0.0157	-0.0295	-0.2953	0.9548	325.69	357.30	357.28
2026-05-09T14:41:05.5501484+08:00	0x02	0.0222	0.0055	-0.9634	0.2673	210.98	357.72	1.29
2026-05-09T14:41:05.5501484+08:00	0x09	0.0530	-0.0640	-0.6265	0.7750	282.09	350.47	0.11
2026-05-09T14:41:05.5501484+08:00	0x03	0.0081	-0.0158	0.2173	0.9760	25.08	358.44	1.29
2026-05-09T14:41:05.5501484+08:00	0x04	-0.0134	-0.0249	-0.2579	0.9658	330.15	357.63	357.78
2026-05-09T14:41:05.5501484+08:00	0x01	-0.0210	-0.0304	-0.1361	0.9900	344.42	356.87	357.15
2026-05-09T14:41:05.5501484+08:00	0x08	-0.0032	-0.0553	0.1024	0.9932	11.76	353.65	0.28
2026-05-09T14:41:05.5511485+08:00	0x07	-0.0157	-0.0295	-0.2953	0.9548	325.69	357.30	357.28
2026-05-09T14:41:05.5511485+08:00	0x06	0.0730	0.1243	-0.9324	0.3315	218.69	356.79	16.28
2026-05-09T14:41:05.5511485+08:00	0x02	0.0222	0.0055	-0.9634	0.2673	210.98	357.72	1.29
2026-05-09T14:41:05.5511485+08:00	0x09	0.0530	-0.0640	-0.6265	0.7750	282.09	350.47	0.11
2026-05-09T14:41:05.5511485+08:00	0x01	-0.0210	-0.0304	-0.1361	0.9900	344.42	356.87	357.15
2026-05-09T14:41:05.5511485+08:00	0x03	0.0080	-0.0158	0.2173	0.9760	25.08	358.43	1.29
2026-05-09T14:41:05.5511485+08:00	0x04	-0.0134	-0.0249	-0.2579	0.9658	330.15	357.63	357.78
2026-05-09T14:41:05.5511485+08:00	0x08	-0.0032	-0.0553	0.1024	0.9932	11.76	353.65	0.28
2026-05-09T14:41:05.5511485+08:00	0x06	0.0720	0.1250	-0.9306	0.3363	219.31	357.02	16.33
2026-05-09T14:41:05.5511485+08:00	0x07	-0.0157	-0.0295	-0.2953	0.9548	325.69	357.30	357.28
2026-05-09T14:41:05.5511485+08:00	0x01	-0.0210	-0.0304	-0.1361	0.9900	344.42	356.87	357.15
2026-05-09T14:41:05.5511485+08:00	0x09	0.0530	-0.0640	-0.6265	0.7750	282.09	350.47	0.11
2026-05-09T14:41:05.5511485+08:00	0x04	-0.0134	-0.0249	-0.2579	0.9658	330.15	357.63	357.78
2026-05-09T14:41:05.5511485+08:00	0x08	-0.0032	-0.0553	0.1024	0.9932	11.76	353.65	0.28
2026-05-09T14:41:05.5511485+08:00	0x07	-0.0157	-0.0295	-0.2953	0.9548	325.69	357.30	357.28
2026-05-09T14:41:05.5511485+08:00	0x06	0.0767	0.1309	-0.9294	0.3364	219.30	356.73	17.15
2026-05-09T14:41:05.5511485+08:00	0x02	0.0222	0.0055	-0.9634	0.2673	210.98	357.72	1.29
2026-05-09T14:41:05.5511485+08:00	0x09	0.0530	-0.0640	-0.6265	0.7750	282.09	350.47	0.11
2026-05-09T14:41:05.5511485+08:00	0x03	0.0081	-0.0157	0.2173	0.9760	25.08	358.44	1.29
2026-05-09T14:41:05.5511485+08:00	0x04	-0.0133	-0.0249	-0.2579	0.9658	330.15	357.63	357.79
2026-05-09T14:41:05.5511485+08:00	0x08	-0.0032	-0.0553	0.1024	0.9932	11.76	353.65	0.28
2026-05-09T14:41:05.5511485+08:00	0x07	-0.0157	-0.0295	-0.2953	0.9548	325.69	357.30	357.29
2026-05-09T14:41:05.5511485+08:00	0x06	0.0711	0.1266	-0.9302	0.3372	219.44	357.20	16.47
2026-05-09T14:41:05.5511485+08:00	0x02	0.0222	0.0055	-0.9634	0.2673	210.98	357.72	1.29
2026-05-09T14:41:05.5511485+08:00	0x05	-0.0007	0.0129	0.4393	0.8982	52.12	1.30	359.28
2026-05-09T14:41:05.5511485+08:00	0x09	0.0530	-0.0640	-0.6265	0.7750	282.09	350.47	0.11
2026-05-09T14:41:05.5511485+08:00	0x04	-0.0133	-0.0249	-0.2579	0.9658	330.15	357.63	357.79
2026-05-09T14:41:05.5511485+08:00	0x03	0.0081	-0.0157	0.2173	0.9760	25.08	358.44	1.29
2026-05-09T14:41:05.5511485+08:00	0x08	-0.0032	-0.0553	0.1024	0.9932	11.76	353.65	0.28
2026-05-09T14:41:05.5511485+08:00	0x06	0.0649	0.1264	-0.9302	0.3383	219.68	357.90	16.21
2026-05-09T14:41:05.5511485+08:00	0x01	-0.0210	-0.0304	-0.1361	0.9900	344.42	356.87	357.15
2026-05-09T14:41:05.5511485+08:00	0x09	0.0530	-0.0640	-0.6265	0.7750	282.09	350.47	0.12
2026-05-09T14:41:05.5511485+08:00	0x03	0.0081	-0.0157	0.2173	0.9760	25.08	358.44	1.29
2026-05-09T14:41:05.5511485+08:00	0x04	-0.0133	-0.0249	-0.2579	0.9658	330.15	357.63	357.79
2026-05-09T14:41:05.5511485+08:00	0x08	-0.0032	-0.0553	0.1024	0.9932	11.76	353.65	0.28
2026-05-09T14:41:05.5521458+08:00	0x07	-0.0157	-0.0295	-0.2953	0.9548	325.69	357.29	357.28
2026-05-09T14:41:05.5521458+08:00	0x02	0.0222	0.0055	-0.9634	0.2673	210.98	357.72	1.29
2026-05-09T14:41:05.5521458+08:00	0x09	0.0530	-0.0640	-0.6265	0.7750	282.09	350.47	0.12
2026-05-09T14:41:05.5521458+08:00	0x03	0.0080	-0.0157	0.2173	0.9760	25.08	358.44	1.29
2026-05-09T14:41:05.5521458+08:00	0x07	-0.0157	-0.0295	-0.2953	0.9548	325.69	357.29	357.28
2026-05-09T14:41:05.5521458+08:00	0x02	0.0221	0.0055	-0.9634	0.2673	210.98	357.73	1.29
2026-05-09T14:41:05.5521458+08:00	0x01	-0.0210	-0.0304	-0.1361	0.9900	344.42	356.87	357.15
2026-05-09T14:41:05.5521458+08:00	0x09	0.0530	-0.0640	-0.6265	0.7750	282.09	350.47	0.11
2026-05-09T14:41:05.5521458+08:00	0x04	-0.0133	-0.0249	-0.2579	0.9658	330.15	357.63	357.79
2026-05-09T14:41:05.5521458+08:00	0x08	-0.0032	-0.0553	0.1024	0.9932	11.76	353.65	0.28
2026-05-09T14:41:05.5521458+08:00	0x07	-0.0157	-0.0295	-0.2953	0.9548	325.69	357.29	357.28
2026-05-09T14:41:05.5521458+08:00	0x02	0.0221	0.0055	-0.9634	0.2673	210.98	357.73	1.29
2026-05-09T14:41:05.5521458+08:00	0x06	0.0793	0.1307	-0.9291	0.3367	219.31	356.44	17.24
2026-05-09T14:41:05.5521458+08:00	0x03	0.0080	-0.0157	0.2173	0.9760	25.08	358.44	1.29
2026-05-09T14:41:05.5521458+08:00	0x01	-0.0210	-0.0304	-0.1361	0.9900	344.42	356.87	357.15
2026-05-09T14:41:05.5521458+08:00	0x09	0.0530	-0.0640	-0.6265	0.7750	282.09	350.47	0.11
2026-05-09T14:41:05.5521458+08:00	0x07	-0.0157	-0.0295	-0.2953	0.9548	325.69	357.29	357.28
2026-05-09T14:41:05.5521458+08:00	0x02	0.0222	0.0055	-0.9634	0.2673	210.98	357.72	1.29
2026-05-09T14:41:05.5521458+08:00	0x06	0.0802	0.1309	-0.9291	0.3364	219.25	356.34	17.28
2026-05-09T14:41:05.5521458+08:00	0x05	-0.0006	0.0130	0.4391	0.8984	52.09	1.30	359.28
2026-05-09T14:41:05.5521458+08:00	0x03	0.0080	-0.0157	0.2173	0.9760	25.08	358.44	1.29
2026-05-09T14:41:05.5521458+08:00	0x04	-0.0133	-0.0249	-0.2579	0.9658	330.15	357.63	357.79
2026-05-09T14:41:05.5521458+08:00	0x07	-0.0157	-0.0295	-0.2953	0.9548	325.69	357.29	357.28
2026-05-09T14:41:05.5521458+08:00	0x06	0.0794	0.1309	-0.9295	0.3356	219.16	356.41	17.26
2026-05-09T14:41:05.5521458+08:00	0x02	0.0222	0.0055	-0.9634	0.2673	210.98	357.72	1.29
2026-05-09T14:41:05.5521458+08:00	0x03	0.0080	-0.0157	0.2173	0.9760	25.08	358.44	1.29
2026-05-09T14:41:05.5521458+08:00	0x05	-0.0006	0.0130	0.4390	0.8984	52.08	1.30	359.28
2026-05-09T14:41:05.5521458+08:00	0x07	-0.0157	-0.0295	-0.2953	0.9548	325.69	357.29	357.28
2026-05-09T14:41:05.5531430+08:00	0x08	-0.0032	-0.0553	0.1024	0.9932	11.76	353.65	0.28
2026-05-09T14:41:05.5531430+08:00	0x06	0.0701	0.1263	-0.9313	0.3344	219.11	357.24	16.39
2026-05-09T14:41:05.5531430+08:00	0x03	0.0080	-0.0157	0.2173	0.9760	25.08	358.44	1.29
2026-05-09T14:41:05.5531430+08:00	0x09	0.0530	-0.0640	-0.6265	0.7750	282.09	350.47	0.11
2026-05-09T14:41:05.5531430+08:00	0x08	-0.0032	-0.0553	0.1024	0.9932	11.76	353.65	0.28
2026-05-09T14:41:05.5531430+08:00	0x07	-0.0157	-0.0295	-0.2953	0.9548	325.69	357.29	357.28
2026-05-09T14:41:05.5531430+08:00	0x02	0.0221	0.0056	-0.9634	0.2673	210.98	357.73	1.29
2026-05-09T14:41:05.5531430+08:00	0x01	-0.0210	-0.0304	-0.1361	0.9900	344.42	356.87	357.15
2026-05-09T14:41:05.5531430+08:00	0x03	0.0080	-0.0157	0.2173	0.9760	25.08	358.44	1.29
2026-05-09T14:41:05.5531430+08:00	0x08	-0.0032	-0.0553	0.1024	0.9932	11.76	353.65	0.28
2026-05-09T14:41:05.5531430+08:00	0x07	-0.0157	-0.0295	-0.2953	0.9548	325.69	357.29	357.28
2026-05-09T14:41:05.5531430+08:00	0x02	0.0222	0.0056	-0.9634	0.2673	210.98	357.72	1.29
2026-05-09T14:41:05.5531430+08:00	0x01	-0.0210	-0.0304	-0.1361	0.9900	344.42	356.87	357.15
2026-05-09T14:41:05.5531430+08:00	0x09	0.0530	-0.0640	-0.6265	0.7750	282.09	350.47	0.11
2026-05-09T14:41:05.5531430+08:00	0x07	-0.0157	-0.0295	-0.2953	0.9548	325.69	357.29	357.28
2026-05-09T14:41:05.5531430+08:00	0x06	0.0628	0.1243	-0.9293	0.3419	220.14	358.11	15.90
2026-05-09T14:41:05.5531430+08:00	0x02	0.0222	0.0055	-0.9634	0.2673	210.98	357.72	1.29
2026-05-09T14:41:05.5531430+08:00	0x05	-0.0006	0.0129	0.4389	0.8984	52.06	1.30	359.28
2026-05-09T14:41:05.5531430+08:00	0x03	0.0080	-0.0157	0.2173	0.9760	25.08	358.44	1.29
2026-05-09T14:41:05.5531430+08:00	0x04	-0.0133	-0.0250	-0.2579	0.9658	330.15	357.63	357.79
2026-05-09T14:41:05.5531430+08:00	0x08	-0.0032	-0.0553	0.1024	0.9932	11.76	353.65	0.28
2026-05-09T14:41:05.5531430+08:00	0x09	0.0530	-0.0640	-0.6265	0.7750	282.09	350.47	0.12
2026-05-09T14:41:05.5531430+08:00	0x07	-0.0157	-0.0295	-0.2953	0.9548	325.69	357.29	357.28
2026-05-09T14:41:05.5531430+08:00	0x06	0.0730	0.1309	-0.9276	0.3423	220.10	357.25	17.02
2026-05-09T14:41:05.5531430+08:00	0x01	-0.0209	-0.0304	-0.1361	0.9900	344.42	356.88	357.15
2026-05-09T14:41:05.5531430+08:00	0x03	0.0080	-0.0157	0.2173	0.9760	25.08	358.44	1.29
2026-05-09T14:41:05.5531430+08:00	0x09	0.0530	-0.0640	-0.6265	0.7750	282.09	350.47	0.12
2026-05-09T14:41:05.5531430+08:00	0x07	-0.0157	-0.0295	-0.2953	0.9548	325.69	357.29	357.28
2026-05-09T14:41:05.5531430+08:00	0x06	0.0741	0.1296	-0.9277	0.3421	220.04	357.07	16.92
2026-05-09T14:41:05.5531430+08:00	0x02	0.0222	0.0055	-0.9634	0.2673	210.98	357.72	1.29
2026-05-09T14:41:05.5531430+08:00	0x01	-0.0209	-0.0304	-0.1361	0.9900	344.42	356.88	357.15
2026-05-09T14:41:05.5531430+08:00	0x03	0.0080	-0.0157	0.2173	0.9760	25.08	358.44	1.29
2026-05-09T14:41:05.5531430+08:00	0x09	0.0530	-0.0640	-0.6265	0.7750	282.09	350.47	0.12
2026-05-09T14:41:05.5531430+08:00	0x08	-0.0032	-0.0553	0.1024	0.9932	11.76	353.65	0.28
2026-05-09T14:41:05.5531430+08:00	0x07	-0.0157	-0.0295	-0.2953	0.9548	325.69	357.29	357.28
2026-05-09T14:41:05.5531430+08:00	0x06	0.0739	0.1296	-0.9279	0.3418	220.01	357.10	16.92
2026-05-09T14:41:05.5541401+08:00	0x01	-0.0209	-0.0304	-0.1361	0.9900	344.42	356.88	357.15
2026-05-09T14:41:05.5541401+08:00	0x03	0.0081	-0.0157	0.2173	0.9760	25.08	358.44	1.29
2026-05-09T14:41:05.5541401+08:00	0x08	-0.0032	-0.0553	0.1024	0.9932	11.76	353.65	0.28
2026-05-09T14:41:05.5541401+08:00	0x09	0.0530	-0.0640	-0.6265	0.7750	282.09	350.47	0.12
2026-05-09T14:41:05.5541401+08:00	0x07	-0.0157	-0.0295	-0.2953	0.9548	325.69	357.29	357.28
2026-05-09T14:41:05.5541401+08:00	0x01	-0.0209	-0.0304	-0.1361	0.9900	344.42	356.87	357.15
2026-05-09T14:41:05.5541401+08:00	0x05	-0.0007	0.0129	0.4389	0.8985	52.06	1.30	359.28
2026-05-09T14:41:05.5541401+08:00	0x09	0.0530	-0.0640	-0.6265	0.7750	282.09	350.47	0.12
2026-05-09T14:41:05.5541401+08:00	0x02	0.0222	0.0055	-0.9634	0.2673	210.98	357.72	1.29
2026-05-09T14:41:05.5541401+08:00	0x07	-0.0157	-0.0295	-0.2953	0.9548	325.69	357.29	357.28
2026-05-09T14:41:05.5541401+08:00	0x06	0.0746	0.1296	-0.9289	0.3387	219.61	356.95	16.94
2026-05-09T14:41:05.5541401+08:00	0x01	-0.0209	-0.0304	-0.1361	0.9900	344.42	356.87	357.15
2026-05-09T14:41:05.5541401+08:00	0x09	0.0530	-0.0640	-0.6265	0.7750	282.09	350.47	0.12
2026-05-09T14:41:05.5541401+08:00	0x04	-0.0133	-0.0250	-0.2579	0.9658	330.15	357.63	357.79
2026-05-09T14:41:05.5541401+08:00	0x03	0.0081	-0.0157	0.2173	0.9760	25.08	358.44	1.29
2026-05-09T14:41:05.5541401+08:00	0x08	-0.0032	-0.0553	0.1024	0.9932	11.76	353.65	0.28
2026-05-09T14:41:05.5541401+08:00	0x07	-0.0157	-0.0295	-0.2953	0.9548	325.69	357.30	357.28
2026-05-09T14:41:05.5541401+08:00	0x06	0.0668	0.1219	-0.9286	0.3441	220.34	357.61	15.80
2026-05-09T14:41:05.5541401+08:00	0x03	0.0081	-0.0157	0.2173	0.9760	25.08	358.44	1.29
2026-05-09T14:41:05.5541401+08:00	0x02	0.0222	0.0055	-0.9634	0.2673	210.98	357.72	1.29
2026-05-09T14:41:05.5541401+08:00	0x01	-0.0209	-0.0304	-0.1361	0.9900	344.42	356.87	357.15
2026-05-09T14:41:05.5541401+08:00	0x08	-0.0032	-0.0553	0.1024	0.9932	11.76	353.65	0.28
2026-05-09T14:41:05.5541401+08:00	0x04	-0.0133	-0.0250	-0.2579	0.9658	330.15	357.63	357.79
2026-05-09T14:41:05.5541401+08:00	0x09	0.0530	-0.0639	-0.6265	0.7750	282.09	350.47	0.12
2026-05-09T14:41:05.5541401+08:00	0x02	0.0222	0.0055	-0.9634	0.2673	210.98	357.72	1.29
2026-05-09T14:41:05.5541401+08:00	0x07	-0.0157	-0.0295	-0.2953	0.9548	325.69	357.30	357.28
2026-05-09T14:41:05.5551382+08:00	0x01	-0.0209	-0.0304	-0.1361	0.9900	344.42	356.87	357.15
2026-05-09T14:41:05.5551382+08:00	0x03	0.0081	-0.0157	0.2173	0.9760	25.08	358.44	1.29
2026-05-09T14:41:05.5551382+08:00	0x09	0.0530	-0.0640	-0.6265	0.7750	282.09	350.47	0.12
2026-05-09T14:41:05.5551382+08:00	0x02	0.0222	0.0055	-0.9634	0.2673	210.98	357.72	1.29
2026-05-09T14:41:05.5551382+08:00	0x07	-0.0157	-0.0295	-0.2953	0.9548	325.69	357.30	357.28
2026-05-09T14:41:05.5551382+08:00	0x01	-0.0209	-0.0304	-0.1361	0.9900	344.42	356.87	357.15
2026-05-09T14:41:05.5551382+08:00	0x08	-0.0032	-0.0554	0.1024	0.9932	11.76	353.65	0.28
2026-05-09T14:41:05.5551382+08:00	0x03	0.0081	-0.0157	0.2173	0.9760	25.08	358.44	1.29
2026-05-09T14:41:05.5551382+08:00	0x09	0.0530	-0.0640	-0.6265	0.7750	282.09	350.47	0.12
2026-05-09T14:41:05.5551382+08:00	0x06	0.0735	0.1295	-0.9280	0.3417	220.00	357.13	16.89
2026-05-09T14:41:05.5551382+08:00	0x02	0.0222	0.0055	-0.9634	0.2673	210.98	357.72	1.29
2026-05-09T14:41:05.5551382+08:00	0x07	-0.0157	-0.0295	-0.2953	0.9548	325.69	357.30	357.28
2026-05-09T14:41:05.5551382+08:00	0x03	0.0081	-0.0157	0.2173	0.9760	25.08	358.44	1.29
2026-05-09T14:41:05.5551382+08:00	0x09	0.0530	-0.0640	-0.6265	0.7750	282.09	350.47	0.11
2026-05-09T14:41:05.5551382+08:00	0x06	0.0738	0.1291	-0.9281	0.3413	219.94	357.08	16.85
2026-05-09T14:41:05.5551382+08:00	0x02	0.0222	0.0055	-0.9634	0.2673	210.98	357.72	1.29
2026-05-09T14:41:05.5551382+08:00	0x01	-0.0210	-0.0304	-0.1361	0.9900	344.42	356.87	357.15
2026-05-09T14:41:05.5551382+08:00	0x08	-0.0032	-0.0553	0.1024	0.9932	11.76	353.65	0.28
2026-05-09T14:41:05.5551382+08:00	0x09	0.0530	-0.0640	-0.6265	0.7750	282.09	350.47	0.12
2026-05-09T14:41:05.5551382+08:00	0x07	-0.0157	-0.0295	-0.2953	0.9548	325.69	357.29	357.28
2026-05-09T14:41:05.5551382+08:00	0x01	-0.0210	-0.0304	-0.1361	0.9900	344.42	356.88	357.15
2026-05-09T14:41:05.5551382+08:00	0x03	0.0081	-0.0157	0.2173	0.9760	25.08	358.44	1.29
2026-05-09T14:41:05.5551382+08:00	0x04	-0.0134	-0.0249	-0.2579	0.9658	330.15	357.63	357.78
2026-05-09T14:41:05.5551382+08:00	0x09	0.0530	-0.0640	-0.6265	0.7750	282.09	350.47	0.12
2026-05-09T14:41:05.5551382+08:00	0x06	0.0729	0.1294	-0.9279	0.3420	220.05	357.20	16.86
2026-05-09T14:41:05.5551382+08:00	0x02	0.0222	0.0056	-0.9634	0.2673	210.98	357.72	1.29
2026-05-09T14:41:05.5551382+08:00	0x01	-0.0210	-0.0304	-0.1361	0.9900	344.42	356.88	357.15
2026-05-09T14:41:05.5551382+08:00	0x08	-0.0032	-0.0553	0.1024	0.9932	11.76	353.65	0.28
2026-05-09T14:41:05.5551382+08:00	0x09	0.0530	-0.0640	-0.6265	0.7750	282.09	350.47	0.12
2026-05-09T14:41:05.5551382+08:00	0x04	-0.0134	-0.0249	-0.2579	0.9658	330.15	357.63	357.78
2026-05-09T14:41:05.5551382+08:00	0x07	-0.0157	-0.0296	-0.2953	0.9548	325.69	357.29	357.28
2026-05-09T14:41:05.5551382+08:00	0x01	-0.0210	-0.0304	-0.1361	0.9900	344.42	356.87	357.15
2026-05-09T14:41:05.5551382+08:00	0x08	-0.0032	-0.0553	0.1024	0.9932	11.76	353.65	0.28
2026-05-09T14:41:05.5561343+08:00	0x03	0.0081	-0.0157	0.2173	0.9760	25.08	358.44	1.29
2026-05-09T14:41:05.5561343+08:00	0x09	0.0530	-0.0640	-0.6265	0.7750	282.09	350.47	0.12
2026-05-09T14:41:05.5561343+08:00	0x04	-0.0134	-0.0249	-0.2579	0.9658	330.15	357.63	357.78
2026-05-09T14:41:05.5561343+08:00	0x06	0.0718	0.1297	-0.9279	0.3421	220.08	357.33	16.85
2026-05-09T14:41:05.5561343+08:00	0x01	-0.0210	-0.0304	-0.1361	0.9900	344.42	356.88	357.15
2026-05-09T14:41:05.5561343+08:00	0x02	0.0222	0.0056	-0.9634	0.2673	210.98	357.72	1.29
2026-05-09T14:41:05.5561343+08:00	0x08	-0.0033	-0.0553	0.1024	0.9932	11.76	353.65	0.28
2026-05-09T14:41:05.5561343+08:00	0x09	0.0530	-0.0639	-0.6265	0.7750	282.09	350.47	0.12
2026-05-09T14:41:05.5561343+08:00	0x03	0.0080	-0.0157	0.2173	0.9760	25.08	358.44	1.29
2026-05-09T14:41:05.5561343+08:00	0x07	-0.0157	-0.0295	-0.2953	0.9548	325.69	357.29	357.28
2026-05-09T14:41:05.5561343+08:00	0x06	0.0705	0.1307	-0.9282	0.3413	220.00	357.50	16.90
2026-05-09T14:41:05.5561343+08:00	0x02	0.0222	0.0056	-0.9634	0.2673	210.98	357.72	1.29
2026-05-09T14:41:05.5561343+08:00	0x01	-0.0210	-0.0304	-0.1361	0.9900	344.42	356.87	357.15
2026-05-09T14:41:05.5561343+08:00	0x08	-0.0033	-0.0553	0.1024	0.9932	11.76	353.65	0.28
2026-05-09T14:41:05.5561343+08:00	0x09	0.0530	-0.0640	-0.6265	0.7750	282.09	350.47	0.12
2026-05-09T14:41:05.5561343+08:00	0x03	0.0080	-0.0157	0.2173	0.9760	25.08	358.44	1.29
2026-05-09T14:41:05.5561343+08:00	0x07	-0.0157	-0.0295	-0.2953	0.9548	325.69	357.29	357.28
2026-05-09T14:41:05.5561343+08:00	0x06	0.0687	0.1274	-0.9291	0.3404	219.88	357.55	16.47
2026-05-09T14:41:05.5561343+08:00	0x01	-0.0210	-0.0304	-0.1361	0.9900	344.42	356.87	357.15
2026-05-09T14:41:05.5561343+08:00	0x08	-0.0033	-0.0553	0.1024	0.9932	11.76	353.65	0.28
2026-05-09T14:41:05.5561343+08:00	0x04	-0.0134	-0.0249	-0.2579	0.9658	330.15	357.63	357.78
2026-05-09T14:41:05.5561343+08:00	0x07	-0.0157	-0.0295	-0.2953	0.9548	325.69	357.29	357.28
2026-05-09T14:41:05.5561343+08:00	0x02	0.0222	0.0055	-0.9634	0.2673	210.98	357.72	1.29
2026-05-09T14:41:05.5561343+08:00	0x01	-0.0210	-0.0304	-0.1361	0.9900	344.42	356.87	357.15
2026-05-09T14:41:05.5561343+08:00	0x03	0.0080	-0.0157	0.2173	0.9760	25.08	358.44	1.29
2026-05-09T14:41:05.5561343+08:00	0x05	-0.0006	0.0129	0.4389	0.8985	52.06	1.30	359.28
2026-05-09T14:41:05.5561343+08:00	0x07	-0.0157	-0.0295	-0.2953	0.9548	325.69	357.29	357.28
2026-05-09T14:41:05.5571321+08:00	0x02	0.0222	0.0055	-0.9634	0.2673	210.98	357.72	1.29
2026-05-09T14:41:05.5571321+08:00	0x01	-0.0210	-0.0304	-0.1361	0.9900	344.42	356.87	357.15
2026-05-09T14:41:05.5571321+08:00	0x09	0.0530	-0.0640	-0.6265	0.7750	282.09	350.47	0.12
2026-05-09T14:41:05.5571321+08:00	0x07	-0.0157	-0.0295	-0.2953	0.9548	325.69	357.29	357.28
2026-05-09T14:41:05.5571321+08:00	0x02	0.0222	0.0055	-0.9634	0.2673	210.98	357.72	1.29
2026-05-09T14:41:05.5571321+08:00	0x01	-0.0210	-0.0304	-0.1361	0.9900	344.42	356.87	357.15
2026-05-09T14:41:05.5571321+08:00	0x09	0.0530	-0.0640	-0.6265	0.7750	282.09	350.47	0.12
2026-05-09T14:41:05.5571321+08:00	0x04	-0.0134	-0.0249	-0.2579	0.9658	330.15	357.63	357.78
2026-05-09T14:41:05.5571321+08:00	0x08	-0.0033	-0.0553	0.1024	0.9932	11.76	353.65	0.27
2026-05-09T14:41:05.5571321+08:00	0x07	-0.0157	-0.0295	-0.2953	0.9548	325.69	357.29	357.28
2026-05-09T14:41:05.5571321+08:00	0x06	0.0742	0.1296	-0.9283	0.3406	219.85	357.04	16.93
2026-05-09T14:41:05.5571321+08:00	0x01	-0.0210	-0.0304	-0.1361	0.9900	344.42	356.87	357.15
2026-05-09T14:41:05.5571321+08:00	0x08	-0.0033	-0.0553	0.1024	0.9932	11.76	353.65	0.28
2026-05-09T14:41:05.5571321+08:00	0x07	-0.0157	-0.0295	-0.2953	0.9548	325.69	357.30	357.28
2026-05-09T14:41:05.5581572+08:00	0x06	0.0748	0.1294	-0.9285	0.3399	219.76	356.95	16.92
2026-05-09T14:41:05.5581572+08:00	0x02	0.0222	0.0055	-0.9634	0.2673	210.98	357.72	1.29
2026-05-09T14:41:05.5581572+08:00	0x01	-0.0210	-0.0304	-0.1361	0.9900	344.42	356.87	357.14
2026-05-09T14:41:05.5581572+08:00	0x03	0.0080	-0.0157	0.2173	0.9760	25.08	358.44	1.29
2026-05-09T14:41:05.5581572+08:00	0x08	-0.0033	-0.0553	0.1024	0.9932	11.76	353.65	0.28
2026-05-09T14:41:05.5581572+08:00	0x07	-0.0157	-0.0295	-0.2953	0.9548	325.69	357.29	357.28
2026-05-09T14:41:05.5581572+08:00	0x06	0.0754	0.1294	-0.9290	0.3383	219.55	356.85	16.94
2026-05-09T14:41:05.5581572+08:00	0x02	0.0222	0.0056	-0.9634	0.2673	210.98	357.72	1.29
2026-05-09T14:41:05.5581572+08:00	0x01	-0.0210	-0.0304	-0.1361	0.9900	344.42	356.87	357.15
2026-05-09T14:41:05.5581572+08:00	0x09	0.0530	-0.0639	-0.6265	0.7750	282.09	350.47	0.12
2026-05-09T14:41:05.5581572+08:00	0x04	-0.0133	-0.0249	-0.2579	0.9658	330.15	357.63	357.79
2026-05-09T14:41:05.5581572+08:00	0x08	-0.0033	-0.0553	0.1024	0.9932	11.76	353.65	0.28
2026-05-09T14:41:05.5581572+08:00	0x06	0.0755	0.1294	-0.9293	0.3377	219.47	356.83	16.94
2026-05-09T14:41:05.5581572+08:00	0x01	-0.0210	-0.0304	-0.1361	0.9900	344.42	356.87	357.15
2026-05-09T14:41:05.5581572+08:00	0x03	0.0081	-0.0157	0.2173	0.9760	25.08	358.44	1.29
2026-05-09T14:41:05.5581572+08:00	0x07	-0.0157	-0.0295	-0.2953	0.9548	325.69	357.29	357.28
2026-05-09T14:41:05.5581572+08:00	0x08	-0.0033	-0.0553	0.1024	0.9932	11.76	353.65	0.28
2026-05-09T14:41:05.5581572+08:00	0x06	0.0758	0.1295	-0.9293	0.3376	219.45	356.79	16.97
2026-05-09T14:41:05.5581572+08:00	0x02	0.0222	0.0055	-0.9634	0.2673	210.98	357.72	1.29
2026-05-09T14:41:05.5581572+08:00	0x01	-0.0210	-0.0304	-0.1361	0.9900	344.42	356.87	357.15
2026-05-09T14:41:05.5581572+08:00	0x09	0.0530	-0.0640	-0.6265	0.7750	282.09	350.47	0.12
2026-05-09T14:41:05.5581572+08:00	0x03	0.0081	-0.0157	0.2173	0.9760	25.08	358.44	1.29
2026-05-09T14:41:05.5581572+08:00	0x07	-0.0157	-0.0295	-0.2953	0.9548	325.69	357.29	357.28
2026-05-09T14:41:05.5581572+08:00	0x02	0.0222	0.0055	-0.9634	0.2673	210.98	357.72	1.29
2026-05-09T14:41:05.5581572+08:00	0x09	0.0530	-0.0640	-0.6265	0.7750	282.09	350.47	0.12
2026-05-09T14:41:05.5581572+08:00	0x03	0.0081	-0.0157	0.2173	0.9760	25.08	358.44	1.29
2026-05-09T14:41:05.5581572+08:00	0x04	-0.0133	-0.0249	-0.2579	0.9658	330.15	357.63	357.79
2026-05-09T14:41:05.5581572+08:00	0x07	-0.0157	-0.0295	-0.2953	0.9548	325.69	357.29	357.28
2026-05-09T14:41:05.5581572+08:00	0x02	0.0222	0.0055	-0.9634	0.2673	210.99	357.72	1.29
2026-05-09T14:41:05.5581572+08:00	0x01	-0.0209	-0.0304	-0.1361	0.9900	344.42	356.87	357.15
2026-05-09T14:41:05.5581572+08:00	0x09	0.0530	-0.0640	-0.6265	0.7750	282.09	350.47	0.11
2026-05-09T14:41:05.5581572+08:00	0x04	-0.0133	-0.0249	-0.2579	0.9658	330.15	357.63	357.79
2026-05-09T14:41:05.5581572+08:00	0x03	0.0081	-0.0157	0.2173	0.9760	25.08	358.44	1.29
2026-05-09T14:41:05.5581572+08:00	0x07	-0.0157	-0.0295	-0.2953	0.9548	325.69	357.29	357.28
2026-05-09T14:41:05.5591555+08:00	0x08	-0.0032	-0.0553	0.1024	0.9932	11.76	353.65	0.28
2026-05-09T14:41:05.5591555+08:00	0x02	0.0222	0.0055	-0.9634	0.2673	210.98	357.72	1.29
2026-05-09T14:41:05.5591555+08:00	0x01	-0.0210	-0.0304	-0.1361	0.9900	344.42	356.88	357.15
2026-05-09T14:41:05.5591555+08:00	0x09	0.0530	-0.0640	-0.6265	0.7750	282.09	350.47	0.11
2026-05-09T14:41:05.5591555+08:00	0x04	-0.0133	-0.0249	-0.2579	0.9658	330.15	357.63	357.79
2026-05-09T14:41:05.5591555+08:00	0x07	-0.0157	-0.0295	-0.2953	0.9548	325.69	357.29	357.28
2026-05-09T14:41:05.5591555+08:00	0x06	0.0760	0.1299	-0.9289	0.3384	219.56	356.81	17.02
2026-05-09T14:41:05.5591555+08:00	0x02	0.0222	0.0056	-0.9634	0.2673	210.98	357.72	1.29
2026-05-09T14:41:05.5591555+08:00	0x01	-0.0210	-0.0304	-0.1361	0.9900	344.42	356.87	357.15
2026-05-09T14:41:05.5591555+08:00	0x03	0.0081	-0.0157	0.2173	0.9760	25.08	358.44	1.29
2026-05-09T14:41:05.5591555+08:00	0x08	-0.0032	-0.0553	0.1024	0.9932	11.76	353.65	0.28
2026-05-09T14:41:05.5591555+08:00	0x02	0.0222	0.0055	-0.9634	0.2673	210.98	357.72	1.29
2026-05-09T14:41:05.5591555+08:00	0x01	-0.0210	-0.0304	-0.1361	0.9900	344.42	356.87	357.15
2026-05-09T14:41:05.5591555+08:00	0x09	0.0530	-0.0640	-0.6265	0.7750	282.09	350.47	0.11
2026-05-09T14:41:05.5591555+08:00	0x03	0.0080	-0.0157	0.2173	0.9760	25.08	358.44	1.29
2026-05-09T14:41:05.5591555+08:00	0x04	-0.0133	-0.0249	-0.2579	0.9658	330.15	357.63	357.79
2026-05-09T14:41:05.5596714+08:00	0x07	-0.0157	-0.0295	-0.2953	0.9548	325.69	357.29	357.28
2026-05-09T14:41:05.5596714+08:00	0x08	-0.0032	-0.0553	0.1024	0.9932	11.76	353.65	0.28
2026-05-09T14:41:05.5596714+08:00	0x02	0.0222	0.0055	-0.9634	0.2673	210.98	357.72	1.29
2026-05-09T14:41:05.5596714+08:00	0x01	-0.0210	-0.0304	-0.1361	0.9900	344.42	356.87	357.15
2026-05-09T14:41:05.5596714+08:00	0x09	0.0530	-0.0640	-0.6265	0.7750	282.09	350.47	0.11
2026-05-09T14:41:05.5596714+08:00	0x03	0.0080	-0.0157	0.2173	0.9760	25.08	358.44	1.29
2026-05-09T14:41:05.5596714+08:00	0x08	-0.0032	-0.0553	0.1024	0.9932	11.76	353.65	0.28
2026-05-09T14:41:05.5596714+08:00	0x07	-0.0157	-0.0295	-0.2953	0.9548	325.69	357.29	357.28
2026-05-09T14:41:05.5596714+08:00	0x06	0.0690	0.1251	-0.9285	0.3427	220.16	357.47	16.24
2026-05-09T14:41:05.5596714+08:00	0x01	-0.0210	-0.0304	-0.1361	0.9900	344.42	356.87	357.15
2026-05-09T14:41:05.5596714+08:00	0x09	0.0530	-0.0640	-0.6265	0.7750	282.09	350.47	0.11
2026-05-09T14:41:05.5596714+08:00	0x08	-0.0032	-0.0553	0.1024	0.9932	11.76	353.65	0.28
2026-05-09T14:41:05.5596714+08:00	0x07	-0.0157	-0.0295	-0.2953	0.9548	325.69	357.29	357.28
2026-05-09T14:41:05.5596714+08:00	0x02	0.0222	0.0055	-0.9634	0.2673	210.98	357.72	1.29
2026-05-09T14:41:05.5596714+08:00	0x01	-0.0210	-0.0304	-0.1361	0.9900	344.42	356.87	357.15
2026-05-09T14:41:05.5596714+08:00	0x09	0.0530	-0.0640	-0.6265	0.7750	282.09	350.47	0.11
2026-05-09T14:41:05.5596714+08:00	0x05	-0.0006	0.0130	0.4389	0.8985	52.06	1.30	359.28
2026-05-09T14:41:05.5596714+08:00	0x04	-0.0133	-0.0249	-0.2579	0.9658	330.15	357.63	357.79
2026-05-09T14:41:05.5596714+08:00	0x07	-0.0157	-0.0295	-0.2953	0.9548	325.69	357.29	357.28
2026-05-09T14:41:05.5596714+08:00	0x06	0.0714	0.1309	-0.9270	0.3441	220.35	357.47	16.97
2026-05-09T14:41:05.5596714+08:00	0x01	-0.0210	-0.0304	-0.1361	0.9900	344.42	356.87	357.15
2026-05-09T14:41:05.5596714+08:00	0x09	0.0530	-0.0639	-0.6265	0.7750	282.09	350.47	0.12
2026-05-09T14:41:05.5596714+08:00	0x03	0.0080	-0.0157	0.2173	0.9760	25.08	358.44	1.29
2026-05-09T14:41:05.5596714+08:00	0x07	-0.0157	-0.0295	-0.2953	0.9548	325.69	357.29	357.28
2026-05-09T14:41:05.5596714+08:00	0x08	-0.0032	-0.0553	0.1024	0.9932	11.76	353.65	0.28
2026-05-09T14:41:05.5596714+08:00	0x06	0.0729	0.1305	-0.9276	0.3423	220.10	357.24	16.98
2026-05-09T14:41:05.5596714+08:00	0x01	-0.0210	-0.0304	-0.1361	0.9900	344.42	356.87	357.15
2026-05-09T14:41:05.5596714+08:00	0x09	0.0530	-0.0640	-0.6265	0.7750	282.09	350.47	0.11
2026-05-09T14:41:05.5606932+08:00	0x03	0.0080	-0.0157	0.2173	0.9760	25.08	358.44	1.29
2026-05-09T14:41:05.5606932+08:00	0x04	-0.0133	-0.0250	-0.2579	0.9658	330.15	357.63	357.79
2026-05-09T14:41:05.5606932+08:00	0x07	-0.0157	-0.0295	-0.2953	0.9548	325.69	357.29	357.28
2026-05-09T14:41:05.5606932+08:00	0x02	0.0222	0.0055	-0.9634	0.2673	210.98	357.72	1.29
2026-05-09T14:41:05.5606932+08:00	0x06	0.0737	0.1303	-0.9284	0.3400	219.80	357.10	16.98
2026-05-09T14:41:05.5606932+08:00	0x01	-0.0210	-0.0304	-0.1361	0.9900	344.42	356.87	357.15
2026-05-09T14:41:05.5606932+08:00	0x09	0.0530	-0.0640	-0.6265	0.7750	282.09	350.47	0.11
2026-05-09T14:41:05.5606932+08:00	0x03	0.0081	-0.0157	0.2173	0.9760	25.08	358.44	1.29
2026-05-09T14:41:05.5606932+08:00	0x04	-0.0133	-0.0250	-0.2579	0.9658	330.15	357.63	357.79
2026-05-09T14:41:05.5606932+08:00	0x06	0.0746	0.1303	-0.9290	0.3382	219.55	356.97	17.01
2026-05-09T14:41:05.5606932+08:00	0x07	-0.0157	-0.0296	-0.2953	0.9548	325.69	357.29	357.28
2026-05-09T14:41:05.5606932+08:00	0x01	-0.0210	-0.0304	-0.1361	0.9900	344.42	356.87	357.15
2026-05-09T14:41:05.5606932+08:00	0x09	0.0530	-0.0640	-0.6265	0.7750	282.09	350.47	0.11
2026-05-09T14:41:05.5606932+08:00	0x03	0.0081	-0.0157	0.2173	0.9760	25.08	358.44	1.29
2026-05-09T14:41:05.5606932+08:00	0x04	-0.0133	-0.0250	-0.2579	0.9658	330.15	357.63	357.79
2026-05-09T14:41:05.5606932+08:00	0x07	-0.0157	-0.0296	-0.2953	0.9548	325.69	357.29	357.28
2026-05-09T14:41:05.5606932+08:00	0x02	0.0222	0.0055	-0.9634	0.2673	210.98	357.72	1.29
2026-05-09T14:41:05.5606932+08:00	0x06	0.0748	0.1299	-0.9301	0.3354	219.20	356.89	16.96
2026-05-09T14:41:05.5606932+08:00	0x01	-0.0210	-0.0304	-0.1361	0.9900	344.42	356.87	357.15
2026-05-09T14:41:05.5606932+08:00	0x08	-0.0032	-0.0553	0.1024	0.9932	11.76	353.65	0.28
2026-05-09T14:41:05.5606932+08:00	0x09	0.0530	-0.0640	-0.6265	0.7750	282.09	350.47	0.11
2026-05-09T14:41:05.5606932+08:00	0x07	-0.0157	-0.0295	-0.2953	0.9548	325.69	357.29	357.28
2026-05-09T14:41:05.5606932+08:00	0x04	-0.0133	-0.0250	-0.2579	0.9658	330.15	357.63	357.79
2026-05-09T14:41:05.5606932+08:00	0x06	0.0752	0.1300	-0.9304	0.3344	219.06	356.82	16.99
2026-05-09T14:41:05.5606932+08:00	0x01	-0.0210	-0.0304	-0.1361	0.9900	344.42	356.87	357.15
2026-05-09T14:41:05.5606932+08:00	0x08	-0.0033	-0.0553	0.1024	0.9932	11.76	353.65	0.28
2026-05-09T14:41:05.5606932+08:00	0x09	0.0530	-0.0639	-0.6265	0.7750	282.09	350.47	0.12
2026-05-09T14:41:05.5606932+08:00	0x07	-0.0157	-0.0296	-0.2953	0.9548	325.69	357.29	357.28
2026-05-09T14:41:05.5606932+08:00	0x03	0.0081	-0.0158	0.2173	0.9760	25.08	358.44	1.29
2026-05-09T14:41:05.5606932+08:00	0x06	0.0748	0.1299	-0.9304	0.3345	219.08	356.87	16.96
2026-05-09T14:41:05.5606932+08:00	0x01	-0.0210	-0.0304	-0.1361	0.9900	344.42	356.87	357.15
2026-05-09T14:41:05.5606932+08:00	0x03	0.0081	-0.0158	0.2173	0.9760	25.08	358.44	1.29
2026-05-09T14:41:05.5616907+08:00	0x04	-0.0133	-0.0249	-0.2579	0.9658	330.15	357.63	357.79
2026-05-09T14:41:05.5616907+08:00	0x07	-0.0157	-0.0295	-0.2953	0.9548	325.69	357.29	357.28
2026-05-09T14:41:05.5616907+08:00	0x06	0.0747	0.1301	-0.9300	0.3355	219.21	356.90	16.98
2026-05-09T14:41:05.5616907+08:00	0x03	0.0081	-0.0158	0.2173	0.9760	25.08	358.44	1.29
2026-05-09T14:41:05.5616907+08:00	0x04	-0.0133	-0.0249	-0.2579	0.9658	330.15	357.63	357.79
2026-05-09T14:41:05.5616907+08:00	0x02	0.0222	0.0055	-0.9634	0.2673	210.98	357.72	1.29
2026-05-09T14:41:05.5616907+08:00	0x06	0.0747	0.1300	-0.9302	0.3351	219.16	356.89	16.97
2026-05-09T14:41:05.5616907+08:00	0x01	-0.0210	-0.0304	-0.1361	0.9900	344.42	356.87	357.15
2026-05-09T14:41:05.5616907+08:00	0x09	0.0530	-0.0640	-0.6265	0.7750	282.09	350.47	0.12
2026-05-09T14:41:05.5616907+08:00	0x02	0.0222	0.0055	-0.9634	0.2673	210.98	357.72	1.29
2026-05-09T14:41:05.5616907+08:00	0x07	-0.0157	-0.0295	-0.2953	0.9548	325.69	357.29	357.28
2026-05-09T14:41:05.5616907+08:00	0x01	-0.0210	-0.0304	-0.1361	0.9900	344.42	356.87	357.15
2026-05-09T14:41:05.5616907+08:00	0x06	0.0750	0.1300	-0.9303	0.3348	219.12	356.85	16.98
2026-05-09T14:41:05.5616907+08:00	0x08	-0.0032	-0.0553	0.1024	0.9932	11.76	353.65	0.28
2026-05-09T14:41:05.5616907+08:00	0x09	0.0530	-0.0640	-0.6265	0.7750	282.09	350.47	0.11
2026-05-09T14:41:05.5616907+08:00	0x03	0.0081	-0.0157	0.2173	0.9760	25.08	358.44	1.30
2026-05-09T14:41:05.5616907+08:00	0x04	-0.0133	-0.0249	-0.2579	0.9658	330.15	357.63	357.79
2026-05-09T14:41:05.5616907+08:00	0x07	-0.0157	-0.0296	-0.2953	0.9548	325.69	357.29	357.28
2026-05-09T14:41:05.5616907+08:00	0x06	0.0754	0.1300	-0.9306	0.3339	219.00	356.80	16.99
2026-05-09T14:41:05.5616907+08:00	0x01	-0.0210	-0.0304	-0.1361	0.9900	344.42	356.87	357.15
2026-05-09T14:41:05.5616907+08:00	0x05	-0.0007	0.0130	0.4389	0.8985	52.06	1.30	359.28
2026-05-09T14:41:05.5616907+08:00	0x09	0.0530	-0.0639	-0.6265	0.7750	282.09	350.47	0.12
2026-05-09T14:41:05.5616907+08:00	0x02	0.0222	0.0055	-0.9634	0.2673	210.98	357.72	1.29
2026-05-09T14:41:05.5616907+08:00	0x07	-0.0157	-0.0295	-0.2953	0.9548	325.69	357.29	357.28
2026-05-09T14:41:05.5616907+08:00	0x06	0.0757	0.1300	-0.9307	0.3333	218.92	356.75	17.00
2026-05-09T14:41:05.5616907+08:00	0x01	-0.0210	-0.0304	-0.1361	0.9900	344.42	356.87	357.15
2026-05-09T14:41:05.5616907+08:00	0x08	-0.0032	-0.0553	0.1024	0.9932	11.76	353.65	0.28
2026-05-09T14:41:05.5616907+08:00	0x09	0.0530	-0.0640	-0.6265	0.7750	282.09	350.47	0.11
2026-05-09T14:41:05.5616907+08:00	0x04	-0.0133	-0.0249	-0.2579	0.9658	330.15	357.63	357.79
2026-05-09T14:41:05.5616907+08:00	0x07	-0.0157	-0.0295	-0.2953	0.9548	325.69	357.29	357.28
2026-05-09T14:41:05.5616907+08:00	0x01	-0.0209	-0.0304	-0.1361	0.9900	344.42	356.87	357.15
2026-05-09T14:41:05.5626612+08:00	0x08	-0.0032	-0.0553	0.1024	0.9932	11.76	353.65	0.28
2026-05-09T14:41:05.5626612+08:00	0x03	0.0081	-0.0157	0.2173	0.9760	25.08	358.44	1.29
2026-05-09T14:41:05.5626612+08:00	0x09	0.0530	-0.0639	-0.6265	0.7750	282.09	350.47	0.12
2026-05-09T14:41:05.5626612+08:00	0x07	-0.0157	-0.0295	-0.2953	0.9548	325.69	357.29	357.28
2026-05-09T14:41:05.5626612+08:00	0x06	0.0754	0.1300	-0.9306	0.3337	218.97	356.78	16.99
2026-05-09T14:41:05.5626612+08:00	0x08	-0.0032	-0.0553	0.1024	0.9932	11.76	353.65	0.28
2026-05-09T14:41:05.5626612+08:00	0x02	0.0222	0.0055	-0.9634	0.2673	210.98	357.72	1.29
2026-05-09T14:41:05.5626612+08:00	0x09	0.0530	-0.0640	-0.6265	0.7750	282.09	350.47	0.11
2026-05-09T14:41:05.5626612+08:00	0x07	-0.0157	-0.0295	-0.2953	0.9548	325.69	357.29	357.28
2026-05-09T14:41:05.5626612+08:00	0x03	0.0081	-0.0157	0.2173	0.9760	25.08	358.44	1.29
2026-05-09T14:41:05.5626612+08:00	0x01	-0.0209	-0.0304	-0.1361	0.9900	344.42	356.87	357.15
2026-05-09T14:41:05.5626612+08:00	0x02	0.0222	0.0056	-0.9634	0.2673	210.98	357.72	1.29
2026-05-09T14:41:05.5626612+08:00	0x09	0.0530	-0.0640	-0.6265	0.7750	282.09	350.47	0.11
2026-05-09T14:41:05.5626612+08:00	0x07	-0.0157	-0.0295	-0.2953	0.9548	325.69	357.29	357.28
2026-05-09T14:41:05.5626612+08:00	0x06	0.0753	0.1302	-0.9301	0.3352	219.16	356.84	17.01
2026-05-09T14:41:05.5636573+08:00	0x01	-0.0209	-0.0304	-0.1361	0.9900	344.42	356.87	357.15
2026-05-09T14:41:05.5636573+08:00	0x08	-0.0032	-0.0553	0.1024	0.9932	11.76	353.65	0.28
2026-05-09T14:41:05.5636573+08:00	0x03	0.0081	-0.0157	0.2173	0.9760	25.08	358.44	1.29
2026-05-09T14:41:05.5636573+08:00	0x04	-0.0133	-0.0250	-0.2579	0.9658	330.15	357.63	357.78
2026-05-09T14:41:05.5636573+08:00	0x02	0.0222	0.0055	-0.9634	0.2673	210.98	357.72	1.29
2026-05-09T14:41:05.5636573+08:00	0x07	-0.0157	-0.0295	-0.2953	0.9548	325.69	357.29	357.28
2026-05-09T14:41:05.5636573+08:00	0x01	-0.0210	-0.0304	-0.1361	0.9900	344.42	356.87	357.15
2026-05-09T14:41:05.5636573+08:00	0x03	0.0081	-0.0157	0.2173	0.9760	25.08	358.44	1.29
2026-05-09T14:41:05.5636573+08:00	0x09	0.0530	-0.0639	-0.6265	0.7750	282.09	350.47	0.12
2026-05-09T14:41:05.5636573+08:00	0x04	-0.0133	-0.0250	-0.2579	0.9658	330.15	357.63	357.79
2026-05-09T14:41:05.5636573+08:00	0x07	-0.0157	-0.0295	-0.2953	0.9548	325.69	357.29	357.28
2026-05-09T14:41:05.5636573+08:00	0x06	0.0752	0.1303	-0.9293	0.3374	219.44	356.90	17.03
2026-05-09T14:41:05.5636573+08:00	0x01	-0.0210	-0.0304	-0.1361	0.9900	344.42	356.87	357.15
2026-05-09T14:41:05.5636573+08:00	0x08	-0.0032	-0.0553	0.1024	0.9932	11.76	353.65	0.28
2026-05-09T14:41:05.5636573+08:00	0x03	0.0080	-0.0157	0.2173	0.9760	25.08	358.44	1.29
2026-05-09T14:41:05.5636573+08:00	0x04	-0.0134	-0.0250	-0.2579	0.9658	330.15	357.63	357.78
2026-05-09T14:41:05.5636573+08:00	0x09	0.0530	-0.0639	-0.6265	0.7750	282.09	350.47	0.12
2026-05-09T14:41:05.5636573+08:00	0x07	-0.0157	-0.0295	-0.2953	0.9548	325.69	357.29	357.28
2026-05-09T14:41:05.5636573+08:00	0x01	-0.0210	-0.0304	-0.1361	0.9900	344.42	356.87	357.15
2026-05-09T14:41:05.5636573+08:00	0x08	-0.0032	-0.0553	0.1024	0.9932	11.76	353.65	0.28
2026-05-09T14:41:05.5636573+08:00	0x09	0.0530	-0.0639	-0.6265	0.7750	282.09	350.47	0.12
2026-05-09T14:41:05.5636573+08:00	0x03	0.0081	-0.0157	0.2173	0.9760	25.08	358.44	1.29
2026-05-09T14:41:05.5636573+08:00	0x07	-0.0157	-0.0295	-0.2953	0.9548	325.69	357.30	357.28
2026-05-09T14:41:05.5636573+08:00	0x06	0.0748	0.1306	-0.9285	0.3394	219.71	356.99	17.05
2026-05-09T14:41:05.5636573+08:00	0x01	-0.0210	-0.0304	-0.1361	0.9900	344.42	356.87	357.15
2026-05-09T14:41:05.5636573+08:00	0x08	-0.0032	-0.0553	0.1024	0.9932	11.76	353.65	0.28
2026-05-09T14:41:05.5636573+08:00	0x09	0.0530	-0.0639	-0.6265	0.7750	282.09	350.47	0.12
2026-05-09T14:41:05.5636573+08:00	0x04	-0.0133	-0.0250	-0.2579	0.9658	330.15	357.63	357.79
2026-05-09T14:41:05.5636573+08:00	0x07	-0.0157	-0.0295	-0.2953	0.9548	325.69	357.29	357.28
2026-05-09T14:41:05.5636573+08:00	0x01	-0.0210	-0.0304	-0.1361	0.9900	344.42	356.87	357.15
2026-05-09T14:41:05.5636573+08:00	0x06	0.0747	0.1307	-0.9280	0.3408	219.89	357.03	17.07
2026-05-09T14:41:05.5636573+08:00	0x02	0.0222	0.0055	-0.9634	0.2673	210.98	357.72	1.29
2026-05-09T14:41:05.5636573+08:00	0x08	-0.0032	-0.0553	0.1024	0.9932	11.76	353.65	0.28
2026-05-09T14:41:05.5636573+08:00	0x03	0.0081	-0.0157	0.2173	0.9760	25.08	358.44	1.29
2026-05-09T14:41:05.5636573+08:00	0x09	0.0530	-0.0639	-0.6265	0.7750	282.09	350.47	0.12
2026-05-09T14:41:05.5636573+08:00	0x06	0.0746	0.1308	-0.9276	0.3419	220.03	357.07	17.08
2026-05-09T14:41:05.5646541+08:00	0x07	-0.0157	-0.0296	-0.2953	0.9548	325.69	357.29	357.28
2026-05-09T14:41:05.5646541+08:00	0x01	-0.0210	-0.0304	-0.1361	0.9900	344.42	356.88	357.15
2026-05-09T14:41:05.5646541+08:00	0x03	0.0081	-0.0157	0.2173	0.9760	25.08	358.44	1.29
2026-05-09T14:41:05.5646541+08:00	0x04	-0.0133	-0.0250	-0.2579	0.9658	330.15	357.63	357.79
2026-05-09T14:41:05.5646541+08:00	0x07	-0.0157	-0.0295	-0.2953	0.9548	325.69	357.29	357.28
2026-05-09T14:41:05.5646541+08:00	0x01	-0.0210	-0.0304	-0.1361	0.9900	344.42	356.87	357.15
2026-05-09T14:41:05.5646541+08:00	0x06	0.0748	0.1311	-0.9271	0.3431	220.18	357.08	17.12
2026-05-09T14:41:05.5646541+08:00	0x08	-0.0032	-0.0553	0.1024	0.9932	11.76	353.65	0.28
2026-05-09T14:41:05.5646541+08:00	0x03	0.0081	-0.0157	0.2173	0.9760	25.08	358.44	1.29
2026-05-09T14:41:05.5646541+08:00	0x02	0.0222	0.0055	-0.9634	0.2673	210.98	357.72	1.29
2026-05-09T14:41:05.5646541+08:00	0x06	0.0745	0.1311	-0.9267	0.3443	220.33	357.13	17.11
2026-05-09T14:41:05.5646541+08:00	0x07	-0.0157	-0.0295	-0.2953	0.9548	325.69	357.30	357.28
2026-05-09T14:41:05.5646541+08:00	0x01	-0.0210	-0.0304	-0.1361	0.9900	344.42	356.87	357.15
2026-05-09T14:41:05.5646541+08:00	0x09	0.0530	-0.0639	-0.6265	0.7750	282.09	350.47	0.12
2026-05-09T14:41:05.5646541+08:00	0x03	0.0081	-0.0157	0.2173	0.9760	25.08	358.44	1.29
2026-05-09T14:41:05.5646541+08:00	0x06	0.0745	0.1312	-0.9262	0.3454	220.48	357.16	17.12
2026-05-09T14:41:05.5646541+08:00	0x07	-0.0157	-0.0295	-0.2953	0.9548	325.69	357.30	357.28
2026-05-09T14:41:05.5646541+08:00	0x09	0.0530	-0.0639	-0.6265	0.7750	282.09	350.47	0.12
2026-05-09T14:41:05.5646541+08:00	0x02	0.0222	0.0055	-0.9634	0.2673	210.99	357.72	1.29
2026-05-09T14:41:05.5646541+08:00	0x06	0.0741	0.1313	-0.9257	0.3468	220.66	357.23	17.13
2026-05-09T14:41:05.5646541+08:00	0x07	-0.0157	-0.0295	-0.2953	0.9548	325.69	357.30	357.28
2026-05-09T14:41:05.5646541+08:00	0x01	-0.0210	-0.0304	-0.1361	0.9900	344.42	356.87	357.15
2026-05-09T14:41:05.5646541+08:00	0x09	0.0530	-0.0639	-0.6265	0.7750	282.09	350.48	0.12
2026-05-09T14:41:05.5646541+08:00	0x03	0.0081	-0.0157	0.2173	0.9760	25.08	358.44	1.29
2026-05-09T14:41:05.5646541+08:00	0x04	-0.0133	-0.0250	-0.2579	0.9658	330.15	357.63	357.79
2026-05-09T14:41:05.5646541+08:00	0x02	0.0222	0.0055	-0.9634	0.2673	210.98	357.72	1.29
2026-05-09T14:41:05.5646541+08:00	0x07	-0.0157	-0.0295	-0.2953	0.9548	325.69	357.30	357.28
2026-05-09T14:41:05.5646541+08:00	0x01	-0.0210	-0.0304	-0.1361	0.9900	344.42	356.87	357.15
2026-05-09T14:41:05.5646541+08:00	0x09	0.0530	-0.0639	-0.6265	0.7750	282.09	350.48	0.12
2026-05-09T14:41:05.5646541+08:00	0x04	-0.0133	-0.0250	-0.2579	0.9658	330.15	357.63	357.79
2026-05-09T14:41:05.5646541+08:00	0x06	0.0737	0.1316	-0.9248	0.3493	220.98	357.34	17.15
2026-05-09T14:41:05.5656508+08:00	0x01	-0.0210	-0.0304	-0.1361	0.9900	344.42	356.87	357.15
2026-05-09T14:41:05.5656508+08:00	0x04	-0.0133	-0.0250	-0.2579	0.9658	330.15	357.63	357.79
2026-05-09T14:41:05.5656508+08:00	0x09	0.0530	-0.0639	-0.6265	0.7750	282.09	350.48	0.12
2026-05-09T14:41:05.5656508+08:00	0x03	0.0080	-0.0157	0.2173	0.9760	25.08	358.44	1.29
2026-05-09T14:41:05.5656508+08:00	0x02	0.0222	0.0055	-0.9634	0.2673	210.98	357.72	1.29
2026-05-09T14:41:05.5656508+08:00	0x07	-0.0157	-0.0295	-0.2953	0.9548	325.69	357.30	357.28
2026-05-09T14:41:05.5656508+08:00	0x06	0.0736	0.1317	-0.9242	0.3507	221.16	357.37	17.16
2026-05-09T14:41:05.5656508+08:00	0x01	-0.0210	-0.0304	-0.1361	0.9900	344.42	356.87	357.15
2026-05-09T14:41:05.5656508+08:00	0x09	0.0530	-0.0639	-0.6265	0.7750	282.09	350.48	0.12
2026-05-09T14:41:05.5656508+08:00	0x04	-0.0133	-0.0250	-0.2579	0.9658	330.15	357.63	357.79
2026-05-09T14:41:05.5656508+08:00	0x03	0.0081	-0.0157	0.2173	0.9760	25.08	358.44	1.29
2026-05-09T14:41:05.5656508+08:00	0x08	-0.0032	-0.0553	0.1024	0.9932	11.76	353.65	0.28
2026-05-09T14:41:05.5656508+08:00	0x06	0.0767	0.1323	-0.9248	0.3484	220.83	357.02	17.35
2026-05-09T14:41:05.5656508+08:00	0x01	-0.0210	-0.0304	-0.1361	0.9900	344.42	356.87	357.15
2026-05-09T14:41:05.5656508+08:00	0x04	-0.0133	-0.0250	-0.2579	0.9658	330.15	357.63	357.79
2026-05-09T14:41:05.5656508+08:00	0x05	-0.0007	0.0129	0.4389	0.8985	52.06	1.30	359.28
2026-05-09T14:41:05.5656508+08:00	0x06	0.0765	0.1314	-0.9266	0.3440	220.27	356.92	17.23
2026-05-09T14:41:05.5656508+08:00	0x01	-0.0210	-0.0304	-0.1361	0.9900	344.42	356.87	357.15
2026-05-09T14:41:05.5656508+08:00	0x04	-0.0133	-0.0250	-0.2579	0.9658	330.15	357.63	357.79
2026-05-09T14:41:05.5656508+08:00	0x09	0.0530	-0.0639	-0.6265	0.7750	282.09	350.48	0.12
2026-05-09T14:41:05.5656508+08:00	0x02	0.0222	0.0055	-0.9634	0.2673	210.98	357.72	1.29
2026-05-09T14:41:05.5656508+08:00	0x06	0.0743	0.1308	-0.9273	0.3427	220.13	357.12	17.07
2026-05-09T14:41:05.5656508+08:00	0x01	-0.0209	-0.0304	-0.1361	0.9900	344.42	356.87	357.15
2026-05-09T14:41:05.5656508+08:00	0x03	0.0080	-0.0158	0.2173	0.9760	25.08	358.43	1.29
2026-05-09T14:41:05.5656508+08:00	0x09	0.0530	-0.0639	-0.6265	0.7750	282.09	350.48	0.12
2026-05-09T14:41:05.5656508+08:00	0x06	0.0744	0.1301	-0.9280	0.3411	219.92	357.04	17.00
2026-05-09T14:41:05.5656508+08:00	0x07	-0.0157	-0.0295	-0.2953	0.9548	325.69	357.29	357.28
2026-05-09T14:41:05.5656508+08:00	0x01	-0.0209	-0.0304	-0.1361	0.9900	344.42	356.87	357.15
2026-05-09T14:41:05.5656508+08:00	0x09	0.0530	-0.0639	-0.6265	0.7750	282.09	350.48	0.12
2026-05-09T14:41:05.5666682+08:00	0x03	0.0080	-0.0157	0.2173	0.9760	25.08	358.44	1.29
2026-05-09T14:41:05.5666682+08:00	0x02	0.0222	0.0055	-0.9634	0.2673	210.98	357.72	1.29
2026-05-09T14:41:05.5666682+08:00	0x07	-0.0157	-0.0295	-0.2953	0.9548	325.69	357.30	357.28
2026-05-09T14:41:05.5666682+08:00	0x06	0.0748	0.1302	-0.9283	0.3402	219.80	356.98	17.02
2026-05-09T14:41:05.5666682+08:00	0x01	-0.0210	-0.0304	-0.1361	0.9900	344.42	356.87	357.15
2026-05-09T14:41:05.5666682+08:00	0x09	0.0530	-0.0639	-0.6265	0.7750	282.09	350.47	0.12
2026-05-09T14:41:05.5666682+08:00	0x03	0.0081	-0.0157	0.2173	0.9760	25.08	358.44	1.29
2026-05-09T14:41:05.5666682+08:00	0x02	0.0222	0.0055	-0.9634	0.2673	210.98	357.72	1.29
2026-05-09T14:41:05.5666682+08:00	0x05	-0.0007	0.0129	0.4389	0.8985	52.06	1.30	359.28
2026-05-09T14:41:05.5666682+08:00	0x07	-0.0157	-0.0295	-0.2953	0.9548	325.69	357.30	357.28
2026-05-09T14:41:05.5666682+08:00	0x01	-0.0210	-0.0304	-0.1361	0.9900	344.42	356.87	357.15
2026-05-09T14:41:05.5666682+08:00	0x04	-0.0133	-0.0249	-0.2579	0.9658	330.15	357.64	357.79
2026-05-09T14:41:05.5666682+08:00	0x09	0.0530	-0.0639	-0.6265	0.7750	282.09	350.47	0.12
2026-05-09T14:41:05.5666682+08:00	0x06	0.0761	0.1301	-0.9289	0.3382	219.53	356.80	17.05
2026-05-09T14:41:05.5666682+08:00	0x03	0.0081	-0.0157	0.2173	0.9760	25.08	358.44	1.29
2026-05-09T14:41:05.5666682+08:00	0x01	-0.0210	-0.0304	-0.1361	0.9900	344.42	356.87	357.15
2026-05-09T14:41:05.5666682+08:00	0x03	0.0081	-0.0157	0.2173	0.9760	25.08	358.44	1.29
2026-05-09T14:41:05.5666682+08:00	0x04	-0.0134	-0.0249	-0.2579	0.9658	330.15	357.63	357.78
2026-05-09T14:41:05.5666682+08:00	0x06	0.0770	0.1304	-0.9293	0.3369	219.36	356.69	17.12
2026-05-09T14:41:05.5666682+08:00	0x07	-0.0157	-0.0295	-0.2953	0.9548	325.69	357.29	357.28
2026-05-09T14:41:05.5666682+08:00	0x01	-0.0209	-0.0304	-0.1361	0.9900	344.42	356.87	357.15
2026-05-09T14:41:05.5666682+08:00	0x09	0.0530	-0.0639	-0.6265	0.7750	282.09	350.47	0.12
2026-05-09T14:41:05.5666682+08:00	0x03	0.0081	-0.0157	0.2173	0.9760	25.08	358.44	1.29
2026-05-09T14:41:05.5666682+08:00	0x07	-0.0157	-0.0296	-0.2953	0.9548	325.69	357.29	357.28
2026-05-09T14:41:05.5666682+08:00	0x08	-0.0032	-0.0553	0.1024	0.9932	11.76	353.66	0.28
2026-05-09T14:41:05.5666682+08:00	0x01	-0.0209	-0.0304	-0.1361	0.9900	344.42	356.87	357.15
2026-05-09T14:41:05.5666682+08:00	0x02	0.0222	0.0055	-0.9634	0.2673	210.99	357.72	1.29
2026-05-09T14:41:05.5666682+08:00	0x03	0.0080	-0.0157	0.2173	0.9760	25.08	358.44	1.29
2026-05-09T14:41:05.5666682+08:00	0x09	0.0530	-0.0639	-0.6265	0.7750	282.09	350.47	0.12
2026-05-09T14:41:05.5666682+08:00	0x06	0.0765	0.1302	-0.9299	0.3354	219.18	356.70	17.07
2026-05-09T14:41:05.5676466+08:00	0x07	-0.0157	-0.0296	-0.2953	0.9548	325.69	357.29	357.28
2026-05-09T14:41:05.5676466+08:00	0x02	0.0222	0.0055	-0.9634	0.2673	210.98	357.72	1.29
2026-05-09T14:41:05.5676466+08:00	0x01	-0.0209	-0.0304	-0.1361	0.9900	344.42	356.87	357.15
2026-05-09T14:41:05.5676466+08:00	0x04	-0.0134	-0.0249	-0.2579	0.9658	330.15	357.63	357.78
2026-05-09T14:41:05.5676466+08:00	0x08	-0.0032	-0.0553	0.1024	0.9932	11.76	353.65	0.28
2026-05-09T14:41:05.5676466+08:00	0x09	0.0530	-0.0639	-0.6265	0.7750	282.09	350.47	0.12
2026-05-09T14:41:05.5676466+08:00	0x07	-0.0157	-0.0296	-0.2953	0.9548	325.69	357.29	357.28
2026-05-09T14:41:05.5676466+08:00	0x05	-0.0007	0.0129	0.4389	0.8985	52.06	1.30	359.28
2026-05-09T14:41:05.5676466+08:00	0x01	-0.0209	-0.0304	-0.1361	0.9900	344.42	356.87	357.15
2026-05-09T14:41:05.5676466+08:00	0x04	-0.0134	-0.0249	-0.2579	0.9658	330.15	357.63	357.78
2026-05-09T14:41:05.5676466+08:00	0x09	0.0530	-0.0639	-0.6265	0.7750	282.09	350.47	0.12
2026-05-09T14:41:05.5676466+08:00	0x08	-0.0032	-0.0553	0.1024	0.9932	11.76	353.65	0.28
2026-05-09T14:41:05.5676466+08:00	0x07	-0.0157	-0.0296	-0.2953	0.9548	325.69	357.29	357.28
2026-05-09T14:41:05.5676466+08:00	0x03	0.0080	-0.0157	0.2173	0.9760	25.08	358.44	1.29
2026-05-09T14:41:05.5676466+08:00	0x01	-0.0210	-0.0304	-0.1361	0.9900	344.42	356.87	357.15
2026-05-09T14:41:05.5676466+08:00	0x04	-0.0133	-0.0249	-0.2579	0.9658	330.15	357.63	357.79
2026-05-09T14:41:05.5676466+08:00	0x03	0.0080	-0.0157	0.2173	0.9760	25.08	358.44	1.29
2026-05-09T14:41:05.5676466+08:00	0x07	-0.0157	-0.0296	-0.2953	0.9548	325.69	357.29	357.28
2026-05-09T14:41:05.5676466+08:00	0x02	0.0222	0.0055	-0.9634	0.2673	210.98	357.72	1.29
2026-05-09T14:41:05.5676466+08:00	0x01	-0.0210	-0.0304	-0.1361	0.9900	344.42	356.87	357.15
2026-05-09T14:41:05.5676466+08:00	0x04	-0.0133	-0.0249	-0.2579	0.9658	330.15	357.63	357.79
2026-05-09T14:41:05.5676466+08:00	0x03	0.0080	-0.0157	0.2173	0.9760	25.08	358.44	1.29
2026-05-09T14:41:05.5676466+08:00	0x07	-0.0157	-0.0296	-0.2953	0.9548	325.69	357.29	357.28
2026-05-09T14:41:05.5676466+08:00	0x02	0.0222	0.0055	-0.9634	0.2673	210.98	357.72	1.29
2026-05-09T14:41:05.5676466+08:00	0x01	-0.0210	-0.0304	-0.1361	0.9900	344.42	356.87	357.15
2026-05-09T14:41:05.5676466+08:00	0x04	-0.0133	-0.0249	-0.2579	0.9658	330.15	357.63	357.79
2026-05-09T14:41:05.5676466+08:00	0x03	0.0081	-0.0157	0.2173	0.9760	25.08	358.44	1.29
2026-05-09T14:41:05.5686447+08:00	0x07	-0.0157	-0.0296	-0.2953	0.9548	325.69	357.29	357.28
2026-05-09T14:41:05.5686447+08:00	0x02	0.0222	0.0055	-0.9634	0.2673	210.98	357.72	1.29
2026-05-09T14:41:05.5686447+08:00	0x01	-0.0210	-0.0304	-0.1361	0.9900	344.42	356.87	357.15
2026-05-09T14:41:05.5686447+08:00	0x04	-0.0133	-0.0249	-0.2579	0.9658	330.15	357.63	357.79
2026-05-09T14:41:05.5686447+08:00	0x07	-0.0157	-0.0296	-0.2953	0.9548	325.69	357.29	357.28
2026-05-09T14:41:05.5686447+08:00	0x09	0.0530	-0.0639	-0.6265	0.7750	282.09	350.47	0.12
2026-05-09T14:41:05.5686447+08:00	0x06	0.0770	0.1306	-0.9304	0.3337	218.95	356.63	17.12
2026-05-09T14:41:05.5686447+08:00	0x01	-0.0210	-0.0304	-0.1361	0.9900	344.42	356.87	357.15
2026-05-09T14:41:05.5686447+08:00	0x04	-0.0134	-0.0250	-0.2579	0.9658	330.15	357.63	357.78
2026-05-09T14:41:05.5686447+08:00	0x09	0.0530	-0.0639	-0.6265	0.7750	282.09	350.47	0.12
2026-05-09T14:41:05.5686447+08:00	0x02	0.0222	0.0055	-0.9634	0.2673	210.98	357.72	1.29
2026-05-09T14:41:05.5686447+08:00	0x01	-0.0210	-0.0304	-0.1361	0.9900	344.42	356.87	357.15
2026-05-09T14:41:05.5686447+08:00	0x03	0.0081	-0.0157	0.2173	0.9760	25.08	358.44	1.29
2026-05-09T14:41:05.5686447+08:00	0x07	-0.0157	-0.0296	-0.2953	0.9548	325.69	357.29	357.28
2026-05-09T14:41:05.5686447+08:00	0x09	0.0530	-0.0639	-0.6265	0.7750	282.09	350.47	0.12
2026-05-09T14:41:05.5686447+08:00	0x01	-0.0210	-0.0304	-0.1361	0.9900	344.42	356.87	357.15
2026-05-09T14:41:05.5686447+08:00	0x04	-0.0133	-0.0249	-0.2579	0.9658	330.15	357.63	357.79
2026-05-09T14:41:05.5686447+08:00	0x07	-0.0157	-0.0296	-0.2953	0.9548	325.69	357.29	357.28
2026-05-09T14:41:05.5686447+08:00	0x09	0.0530	-0.0639	-0.6265	0.7750	282.09	350.47	0.12
2026-05-09T14:41:05.5686447+08:00	0x02	0.0222	0.0055	-0.9634	0.2673	210.98	357.72	1.29
2026-05-09T14:41:05.5686447+08:00	0x01	-0.0210	-0.0304	-0.1361	0.9900	344.42	356.87	357.15
2026-05-09T14:41:05.5686447+08:00	0x03	0.0081	-0.0157	0.2173	0.9760	25.08	358.44	1.29
2026-05-09T14:41:05.5686447+08:00	0x04	-0.0134	-0.0249	-0.2579	0.9658	330.15	357.63	357.78
2026-05-09T14:41:05.5686447+08:00	0x07	-0.0157	-0.0295	-0.2953	0.9548	325.69	357.30	357.28
2026-05-09T14:41:05.5686447+08:00	0x09	0.0530	-0.0639	-0.6265	0.7750	282.09	350.47	0.12
2026-05-09T14:41:05.5686447+08:00	0x02	0.0222	0.0055	-0.9634	0.2673	210.98	357.72	1.29
2026-05-09T14:41:05.5686447+08:00	0x01	-0.0210	-0.0304	-0.1361	0.9900	344.42	356.88	357.15
2026-05-09T14:41:05.5686447+08:00	0x06	0.0812	0.1337	-0.9328	0.3248	217.79	356.11	17.59
2026-05-09T14:41:05.5686447+08:00	0x04	-0.0134	-0.0249	-0.2579	0.9658	330.15	357.63	357.78
2026-05-09T14:41:05.5686447+08:00	0x03	0.0081	-0.0157	0.2173	0.9760	25.08	358.44	1.29
2026-05-09T14:41:05.5686447+08:00	0x07	-0.0157	-0.0296	-0.2953	0.9548	325.69	357.29	357.28
2026-05-09T14:41:05.5686447+08:00	0x05	-0.0006	0.0130	0.4389	0.8985	52.06	1.30	359.28
2026-05-09T14:41:05.5686447+08:00	0x09	0.0530	-0.0639	-0.6265	0.7750	282.09	350.48	0.12
2026-05-09T14:41:05.5686447+08:00	0x01	-0.0210	-0.0304	-0.1361	0.9900	344.42	356.88	357.14
2026-05-09T14:41:05.5686447+08:00	0x06	0.0812	0.1337	-0.9328	0.3248	217.79	356.11	17.59
2026-05-09T14:41:05.5696499+08:00	0x03	0.0081	-0.0157	0.2173	0.9760	25.08	358.44	1.29
2026-05-09T14:41:05.5696499+08:00	0x07	-0.0157	-0.0296	-0.2953	0.9548	325.69	357.29	357.28
2026-05-09T14:41:05.5696499+08:00	0x09	0.0530	-0.0639	-0.6265	0.7750	282.09	350.47	0.12
2026-05-09T14:41:05.5696499+08:00	0x01	-0.0210	-0.0304	-0.1361	0.9900	344.42	356.87	357.14
2026-05-09T14:41:05.5696499+08:00	0x06	0.0812	0.1337	-0.9328	0.3248	217.79	356.11	17.59
2026-05-09T14:41:05.5696499+08:00	0x03	0.0081	-0.0157	0.2173	0.9760	25.08	358.44	1.29
2026-05-09T14:41:05.5696499+08:00	0x07	-0.0157	-0.0295	-0.2953	0.9548	325.69	357.30	357.28
2026-05-09T14:41:05.5696499+08:00	0x09	0.0530	-0.0639	-0.6265	0.7750	282.09	350.48	0.12
2026-05-09T14:41:05.5696499+08:00	0x01	-0.0210	-0.0304	-0.1361	0.9900	344.42	356.87	357.14
2026-05-09T14:41:05.5696499+08:00	0x03	0.0080	-0.0157	0.2173	0.9760	25.08	358.44	1.29
2026-05-09T14:41:05.5696499+08:00	0x07	-0.0157	-0.0295	-0.2953	0.9548	325.69	357.30	357.28
2026-05-09T14:41:05.5696499+08:00	0x09	0.0530	-0.0639	-0.6265	0.7750	282.09	350.47	0.12
2026-05-09T14:41:05.5696499+08:00	0x06	0.0762	0.1297	-0.9326	0.3280	218.24	356.58	16.98
2026-05-09T14:41:05.5696499+08:00	0x01	-0.0210	-0.0304	-0.1361	0.9900	344.42	356.87	357.15
2026-05-09T14:41:05.5696499+08:00	0x03	0.0080	-0.0157	0.2173	0.9760	25.08	358.44	1.29
2026-05-09T14:41:05.5696499+08:00	0x04	-0.0134	-0.0250	-0.2579	0.9658	330.15	357.63	357.78
2026-05-09T14:41:05.5696499+08:00	0x02	0.0222	0.0055	-0.9634	0.2673	210.98	357.72	1.29
2026-05-09T14:41:05.5696499+08:00	0x07	-0.0157	-0.0295	-0.2953	0.9548	325.69	357.30	357.28
2026-05-09T14:41:05.5696499+08:00	0x09	0.0530	-0.0639	-0.6265	0.7750	282.09	350.47	0.12
2026-05-09T14:41:05.5696499+08:00	0x04	-0.0134	-0.0250	-0.2579	0.9658	330.15	357.63	357.78
2026-05-09T14:41:05.5696499+08:00	0x08	-0.0032	-0.0553	0.1024	0.9932	11.76	353.65	0.28
2026-05-09T14:41:05.5696499+08:00	0x06	0.0752	0.1237	-0.9389	0.3123	216.25	356.18	16.21
2026-05-09T14:41:05.5696499+08:00	0x09	0.0530	-0.0639	-0.6265	0.7750	282.09	350.47	0.12
2026-05-09T14:41:05.5696499+08:00	0x01	-0.0210	-0.0304	-0.1361	0.9900	344.42	356.88	357.15
2026-05-09T14:41:05.5696499+08:00	0x04	-0.0134	-0.0250	-0.2579	0.9658	330.15	357.63	357.78
2026-05-09T14:41:05.5696499+08:00	0x08	-0.0033	-0.0553	0.1024	0.9932	11.76	353.65	0.28
2026-05-09T14:41:05.5696499+08:00	0x03	0.0080	-0.0157	0.2173	0.9760	25.08	358.44	1.29
2026-05-09T14:41:05.5696499+08:00	0x07	-0.0157	-0.0295	-0.2953	0.9548	325.69	357.30	357.28
2026-05-09T14:41:05.5696499+08:00	0x06	0.0844	0.1275	-0.9367	0.3149	216.47	355.34	16.98
2026-05-09T14:41:05.5696499+08:00	0x01	-0.0210	-0.0304	-0.1361	0.9900	344.42	356.87	357.15
2026-05-09T14:41:05.5696499+08:00	0x03	0.0081	-0.0158	0.2173	0.9760	25.08	358.44	1.29
2026-05-09T14:41:05.5696499+08:00	0x04	-0.0134	-0.0250	-0.2579	0.9658	330.15	357.63	357.78
2026-05-09T14:41:05.5696499+08:00	0x06	0.0844	0.1292	-0.9370	0.3134	216.28	355.37	17.16
2026-05-09T14:41:05.5706460+08:00	0x09	0.0530	-0.0639	-0.6265	0.7750	282.09	350.47	0.12
2026-05-09T14:41:05.5706460+08:00	0x01	-0.0210	-0.0304	-0.1361	0.9900	344.42	356.87	357.15
2026-05-09T14:41:05.5706460+08:00	0x04	-0.0133	-0.0249	-0.2579	0.9658	330.15	357.63	357.79
2026-05-09T14:41:05.5706460+08:00	0x03	0.0081	-0.0157	0.2173	0.9760	25.08	358.44	1.29
2026-05-09T14:41:05.5706460+08:00	0x08	-0.0033	-0.0553	0.1024	0.9932	11.76	353.65	0.28
2026-05-09T14:41:05.5706460+08:00	0x09	0.0530	-0.0639	-0.6265	0.7750	282.09	350.47	0.12
2026-05-09T14:41:05.5706460+08:00	0x01	-0.0210	-0.0304	-0.1361	0.9900	344.42	356.87	357.15
2026-05-09T14:41:05.5706460+08:00	0x04	-0.0133	-0.0249	-0.2579	0.9658	330.15	357.63	357.79
2026-05-09T14:41:05.5706460+08:00	0x03	0.0080	-0.0157	0.2173	0.9760	25.08	358.44	1.29
2026-05-09T14:41:05.5706460+08:00	0x09	0.0530	-0.0639	-0.6265	0.7750	282.09	350.47	0.12
2026-05-09T14:41:05.5706460+08:00	0x06	0.0828	0.1310	-0.9347	0.3200	217.14	355.74	17.33
2026-05-09T14:41:05.5706460+08:00	0x07	-0.0157	-0.0295	-0.2953	0.9548	325.69	357.29	357.28
2026-05-09T14:41:05.5706460+08:00	0x04	-0.0134	-0.0249	-0.2579	0.9658	330.15	357.63	357.78
2026-05-09T14:41:05.5706460+08:00	0x03	0.0081	-0.0157	0.2173	0.9760	25.08	358.44	1.29
2026-05-09T14:41:05.5706460+08:00	0x08	-0.0033	-0.0553	0.1024	0.9932	11.76	353.65	0.28
2026-05-09T14:41:05.5706460+08:00	0x02	0.0222	0.0055	-0.9634	0.2673	210.98	357.72	1.29
2026-05-09T14:41:05.5706460+08:00	0x01	-0.0210	-0.0304	-0.1361	0.9900	344.42	356.87	357.15
2026-05-09T14:41:05.5706460+08:00	0x07	-0.0157	-0.0295	-0.2953	0.9548	325.69	357.29	357.28
2026-05-09T14:41:05.5706460+08:00	0x04	-0.0133	-0.0249	-0.2579	0.9658	330.15	357.63	357.79
2026-05-09T14:41:05.5706460+08:00	0x08	-0.0033	-0.0553	0.1024	0.9932	11.76	353.65	0.28
2026-05-09T14:41:05.5706460+08:00	0x05	-0.0007	0.0130	0.4389	0.8985	52.06	1.30	359.28
2026-05-09T14:41:05.5706460+08:00	0x06	0.0811	0.1318	-0.9329	0.3251	217.82	356.05	17.38
2026-05-09T14:41:05.5706460+08:00	0x09	0.0530	-0.0640	-0.6265	0.7750	282.09	350.47	0.12
2026-05-09T14:41:05.5706460+08:00	0x01	-0.0210	-0.0304	-0.1361	0.9900	344.42	356.87	357.15
2026-05-09T14:41:05.5706460+08:00	0x07	-0.0157	-0.0295	-0.2953	0.9548	325.69	357.29	357.29
2026-05-09T14:41:05.5706460+08:00	0x04	-0.0133	-0.0249	-0.2579	0.9658	330.15	357.63	357.79
2026-05-09T14:41:05.5706460+08:00	0x03	0.0081	-0.0157	0.2173	0.9760	25.08	358.44	1.29
2026-05-09T14:41:05.5706460+08:00	0x09	0.0530	-0.0640	-0.6265	0.7750	282.09	350.47	0.12
2026-05-09T14:41:05.5706460+08:00	0x02	0.0222	0.0055	-0.9634	0.2673	210.98	357.72	1.29
2026-05-09T14:41:05.5706460+08:00	0x01	-0.0210	-0.0304	-0.1361	0.9900	344.42	356.87	357.15
2026-05-09T14:41:05.5706460+08:00	0x07	-0.0157	-0.0295	-0.2953	0.9548	325.69	357.29	357.28
2026-05-09T14:41:05.5706460+08:00	0x04	-0.0134	-0.0250	-0.2579	0.9658	330.15	357.63	357.78
2026-05-09T14:41:05.5706460+08:00	0x02	0.0222	0.0055	-0.9634	0.2673	210.98	357.72	1.29
2026-05-09T14:41:05.5706460+08:00	0x08	-0.0033	-0.0553	0.1024	0.9932	11.76	353.65	0.28
2026-05-09T14:41:05.5716728+08:00	0x06	0.0800	0.1310	-0.9315	0.3297	218.41	356.24	17.26
2026-05-09T14:41:05.5716728+08:00	0x01	-0.0210	-0.0304	-0.1361	0.9900	344.42	356.87	357.15
2026-05-09T14:41:05.5716728+08:00	0x07	-0.0157	-0.0295	-0.2953	0.9548	325.69	357.29	357.29
2026-05-09T14:41:05.5716728+08:00	0x04	-0.0134	-0.0249	-0.2579	0.9658	330.15	357.63	357.78
2026-05-09T14:41:05.5716728+08:00	0x03	0.0080	-0.0157	0.2173	0.9760	25.08	358.44	1.29
2026-05-09T14:41:05.5716728+08:00	0x08	-0.0032	-0.0553	0.1024	0.9932	11.76	353.66	0.28
2026-05-09T14:41:05.5716728+08:00	0x06	0.0801	0.1314	-0.9315	0.3297	218.41	356.24	17.32
2026-05-09T14:41:05.5716728+08:00	0x01	-0.0210	-0.0304	-0.1361	0.9900	344.42	356.87	357.15
2026-05-09T14:41:05.5716728+08:00	0x07	-0.0157	-0.0295	-0.2953	0.9548	325.69	357.29	357.29
2026-05-09T14:41:05.5716728+08:00	0x02	0.0222	0.0056	-0.9634	0.2673	210.99	357.72	1.29
2026-05-09T14:41:05.5716728+08:00	0x03	0.0081	-0.0158	0.2173	0.9760	25.08	358.44	1.29
2026-05-09T14:41:05.5716728+08:00	0x08	-0.0032	-0.0553	0.1024	0.9932	11.76	353.66	0.28
2026-05-09T14:41:05.5716728+08:00	0x07	-0.0157	-0.0295	-0.2953	0.9548	325.69	357.29	357.29
2026-05-09T14:41:05.5716728+08:00	0x03	0.0081	-0.0157	0.2173	0.9760	25.08	358.44	1.29
2026-05-09T14:41:05.5716728+08:00	0x04	-0.0133	-0.0249	-0.2579	0.9658	330.15	357.63	357.79
2026-05-09T14:41:05.5716728+08:00	0x08	-0.0032	-0.0553	0.1024	0.9932	11.76	353.66	0.28
2026-05-09T14:41:05.5716728+08:00	0x09	0.0530	-0.0640	-0.6265	0.7750	282.09	350.47	0.12
2026-05-09T14:41:05.5716728+08:00	0x01	-0.0210	-0.0304	-0.1361	0.9900	344.42	356.87	357.15
2026-05-09T14:41:05.5716728+08:00	0x07	-0.0157	-0.0295	-0.2953	0.9548	325.69	357.29	357.29
2026-05-09T14:41:05.5716728+08:00	0x05	-0.0007	0.0130	0.4389	0.8985	52.06	1.30	359.28
2026-05-09T14:41:05.5716728+08:00	0x04	-0.0133	-0.0249	-0.2579	0.9658	330.15	357.63	357.79
2026-05-09T14:41:05.5716728+08:00	0x03	0.0081	-0.0157	0.2173	0.9760	25.08	358.44	1.29
2026-05-09T14:41:05.5716728+08:00	0x08	-0.0032	-0.0553	0.1024	0.9932	11.76	353.66	0.28
2026-05-09T14:41:05.5716728+08:00	0x06	0.0797	0.1313	-0.9320	0.3284	218.26	356.26	17.28
2026-05-09T14:41:05.5716728+08:00	0x01	-0.0210	-0.0304	-0.1361	0.9900	344.42	356.87	357.14
2026-05-09T14:41:05.5716728+08:00	0x07	-0.0157	-0.0295	-0.2953	0.9548	325.69	357.30	357.29
2026-05-09T14:41:05.5716728+08:00	0x04	-0.0133	-0.0249	-0.2579	0.9658	330.15	357.63	357.79
2026-05-09T14:41:05.5716728+08:00	0x03	0.0080	-0.0157	0.2173	0.9760	25.08	358.44	1.29
2026-05-09T14:41:05.5716728+08:00	0x08	-0.0032	-0.0553	0.1024	0.9932	11.76	353.66	0.28
2026-05-09T14:41:05.5716728+08:00	0x01	-0.0210	-0.0304	-0.1361	0.9900	344.42	356.87	357.14
2026-05-09T14:41:05.5716728+08:00	0x07	-0.0157	-0.0295	-0.2953	0.9548	325.69	357.29	357.29
2026-05-09T14:41:05.5716728+08:00	0x03	0.0081	-0.0157	0.2173	0.9760	25.08	358.44	1.29
2026-05-09T14:41:05.5716728+08:00	0x08	-0.0032	-0.0553	0.1024	0.9932	11.76	353.66	0.28
2026-05-09T14:41:05.5716728+08:00	0x09	0.0530	-0.0640	-0.6265	0.7750	282.09	350.47	0.12
2026-05-09T14:41:05.5716728+08:00	0x01	-0.0210	-0.0304	-0.1361	0.9900	344.42	356.87	357.14
2026-05-09T14:41:05.5716728+08:00	0x03	0.0080	-0.0157	0.2173	0.9760	25.08	358.44	1.29
2026-05-09T14:41:05.5716728+08:00	0x02	0.0222	0.0055	-0.9634	0.2673	210.99	357.72	1.29
2026-05-09T14:41:05.5716728+08:00	0x09	0.0530	-0.0640	-0.6265	0.7750	282.09	350.47	0.12
2026-05-09T14:41:05.5726592+08:00	0x07	-0.0157	-0.0295	-0.2953	0.9548	325.69	357.29	357.28
2026-05-09T14:41:05.5726592+08:00	0x01	-0.0210	-0.0304	-0.1361	0.9900	344.42	356.87	357.14
2026-05-09T14:41:05.5726592+08:00	0x03	0.0081	-0.0158	0.2173	0.9760	25.08	358.44	1.29
2026-05-09T14:41:05.5726592+08:00	0x02	0.0222	0.0055	-0.9634	0.2673	210.98	357.72	1.29
2026-05-09T14:41:05.5726592+08:00	0x08	-0.0033	-0.0553	0.1024	0.9932	11.76	353.66	0.28
2026-05-09T14:41:05.5726592+08:00	0x06	0.0739	0.1301	-0.9333	0.3264	218.08	356.82	16.93
2026-05-09T14:41:05.5726592+08:00	0x01	-0.0210	-0.0304	-0.1361	0.9900	344.42	356.87	357.15
2026-05-09T14:41:05.5726592+08:00	0x04	-0.0133	-0.0250	-0.2579	0.9658	330.15	357.63	357.79
2026-05-09T14:41:05.5726592+08:00	0x05	-0.0007	0.0129	0.4389	0.8985	52.06	1.30	359.28
2026-05-09T14:41:05.5726592+08:00	0x02	0.0222	0.0055	-0.9634	0.2673	210.98	357.72	1.29
2026-05-09T14:41:05.5726592+08:00	0x03	0.0081	-0.0158	0.2173	0.9760	25.08	358.44	1.29
2026-05-09T14:41:05.5726592+08:00	0x06	0.0770	0.1329	-0.9316	0.3294	218.43	356.64	17.36
2026-05-09T14:41:05.5726592+08:00	0x08	-0.0033	-0.0553	0.1024	0.9932	11.76	353.65	0.28
2026-05-09T14:41:05.5726592+08:00	0x07	-0.0157	-0.0296	-0.2953	0.9548	325.69	357.29	357.28
2026-05-09T14:41:05.5726592+08:00	0x04	-0.0133	-0.0249	-0.2579	0.9658	330.15	357.63	357.79
2026-05-09T14:41:05.5726592+08:00	0x02	0.0222	0.0055	-0.9634	0.2673	210.98	357.72	1.29
2026-05-09T14:41:05.5726592+08:00	0x08	-0.0032	-0.0553	0.1024	0.9932	11.76	353.66	0.28
2026-05-09T14:41:05.5726592+08:00	0x06	0.0776	0.1308	-0.9312	0.3313	218.64	356.53	17.16
2026-05-09T14:41:05.5726592+08:00	0x01	-0.0210	-0.0304	-0.1361	0.9900	344.42	356.87	357.15
2026-05-09T14:41:05.5726592+08:00	0x07	-0.0157	-0.0296	-0.2953	0.9548	325.69	357.29	357.28
2026-05-09T14:41:05.5726592+08:00	0x04	-0.0133	-0.0249	-0.2579	0.9658	330.15	357.63	357.79
2026-05-09T14:41:05.5726592+08:00	0x03	0.0080	-0.0157	0.2173	0.9760	25.08	358.44	1.29
2026-05-09T14:41:05.5726592+08:00	0x09	0.0530	-0.0639	-0.6265	0.7750	282.09	350.47	0.12
2026-05-09T14:41:05.5726592+08:00	0x06	0.0764	0.1299	-0.9312	0.3319	218.73	356.64	17.02
2026-05-09T14:41:05.5726592+08:00	0x01	-0.0210	-0.0304	-0.1361	0.9900	344.42	356.87	357.15
2026-05-09T14:41:05.5726592+08:00	0x07	-0.0157	-0.0296	-0.2953	0.9548	325.69	357.29	357.28
2026-05-09T14:41:05.5726592+08:00	0x04	-0.0133	-0.0249	-0.2579	0.9658	330.15	357.63	357.79
2026-05-09T14:41:05.5726592+08:00	0x02	0.0222	0.0055	-0.9634	0.2673	210.98	357.72	1.29
2026-05-09T14:41:05.5726592+08:00	0x03	0.0080	-0.0157	0.2173	0.9760	25.08	358.44	1.29
2026-05-09T14:41:05.5726592+08:00	0x06	0.0841	0.1163	-0.9318	0.3333	218.70	355.28	15.83
2026-05-09T14:41:05.5726592+08:00	0x01	-0.0210	-0.0304	-0.1361	0.9900	344.42	356.87	357.15
2026-05-09T14:41:05.5726592+08:00	0x07	-0.0157	-0.0296	-0.2953	0.9548	325.69	357.29	357.28
2026-05-09T14:41:05.5726592+08:00	0x02	0.0222	0.0055	-0.9634	0.2673	210.98	357.72	1.29
2026-05-09T14:41:05.5726592+08:00	0x09	0.0530	-0.0639	-0.6265	0.7750	282.09	350.47	0.12
2026-05-09T14:41:05.5726592+08:00	0x08	-0.0032	-0.0553	0.1024	0.9932	11.76	353.66	0.28
2026-05-09T14:41:05.5726592+08:00	0x03	0.0080	-0.0157	0.2173	0.9760	25.08	358.44	1.29
2026-05-09T14:41:05.5726592+08:00	0x01	-0.0210	-0.0304	-0.1361	0.9900	344.42	356.87	357.14
2026-05-09T14:41:05.5736387+08:00	0x04	-0.0133	-0.0250	-0.2579	0.9658	330.15	357.63	357.79
2026-05-09T14:41:05.5736387+08:00	0x07	-0.0157	-0.0296	-0.2953	0.9548	325.69	357.29	357.28
2026-05-09T14:41:05.5736387+08:00	0x05	-0.0006	0.0130	0.4389	0.8985	52.06	1.30	359.28
2026-05-09T14:41:05.5736387+08:00	0x03	0.0080	-0.0158	0.2173	0.9760	25.08	358.43	1.29
2026-05-09T14:41:05.5736387+08:00	0x09	0.0530	-0.0639	-0.6265	0.7750	282.09	350.48	0.12
2026-05-09T14:41:05.5736387+08:00	0x06	0.0763	0.1314	-0.9307	0.3328	218.86	356.73	17.18
2026-05-09T14:41:05.5736387+08:00	0x01	-0.0210	-0.0304	-0.1361	0.9900	344.42	356.87	357.14
2026-05-09T14:41:05.5736387+08:00	0x04	-0.0133	-0.0249	-0.2579	0.9658	330.15	357.63	357.79
2026-05-09T14:41:05.5736387+08:00	0x02	0.0222	0.0055	-0.9634	0.2673	210.98	357.72	1.29
2026-05-09T14:41:05.5736387+08:00	0x03	0.0080	-0.0158	0.2173	0.9760	25.08	358.43	1.29
2026-05-09T14:41:05.5736387+08:00	0x09	0.0530	-0.0639	-0.6265	0.7750	282.09	350.48	0.12
2026-05-09T14:41:05.5736387+08:00	0x01	-0.0210	-0.0304	-0.1361	0.9900	344.42	356.87	357.14
2026-05-09T14:41:05.5736387+08:00	0x04	-0.0133	-0.0250	-0.2579	0.9658	330.15	357.63	357.79
2026-05-09T14:41:05.5736387+08:00	0x02	0.0222	0.0056	-0.9634	0.2673	210.98	357.72	1.29
2026-05-09T14:41:05.5736387+08:00	0x09	0.0530	-0.0639	-0.6265	0.7750	282.09	350.48	0.12
2026-05-09T14:41:05.5736387+08:00	0x06	0.0772	0.1299	-0.9318	0.3300	218.48	356.51	17.04
2026-05-09T14:41:05.5736387+08:00	0x01	-0.0210	-0.0304	-0.1361	0.9900	344.42	356.87	357.15
2026-05-09T14:41:05.5736387+08:00	0x04	-0.0133	-0.0250	-0.2579	0.9658	330.15	357.63	357.79
2026-05-09T14:41:05.5736387+08:00	0x02	0.0222	0.0056	-0.9634	0.2673	210.98	357.72	1.29
2026-05-09T14:41:05.5736387+08:00	0x03	0.0081	-0.0158	0.2173	0.9760	25.08	358.44	1.29
2026-05-09T14:41:05.5736387+08:00	0x06	0.0782	0.1300	-0.9322	0.3287	218.30	356.38	17.09
2026-05-09T14:41:05.5736387+08:00	0x01	-0.0210	-0.0304	-0.1361	0.9900	344.42	356.87	357.15
2026-05-09T14:41:05.5736387+08:00	0x07	-0.0157	-0.0296	-0.2953	0.9548	325.69	357.29	357.28
2026-05-09T14:41:05.5736387+08:00	0x05	-0.0006	0.0130	0.4389	0.8985	52.06	1.31	359.28
2026-05-09T14:41:05.5736387+08:00	0x08	-0.0032	-0.0553	0.1024	0.9932	11.76	353.66	0.28
2026-05-09T14:41:05.5736387+08:00	0x02	0.0222	0.0056	-0.9634	0.2673	210.98	357.72	1.29
2026-05-09T14:41:05.5736387+08:00	0x03	0.0081	-0.0158	0.2173	0.9760	25.08	358.44	1.29
2026-05-09T14:41:05.5736387+08:00	0x01	-0.0210	-0.0304	-0.1361	0.9900	344.42	356.87	357.15
2026-05-09T14:41:05.5736387+08:00	0x07	-0.0157	-0.0296	-0.2953	0.9548	325.69	357.29	357.28
2026-05-09T14:41:05.5736387+08:00	0x04	-0.0134	-0.0250	-0.2579	0.9658	330.15	357.63	357.78
2026-05-09T14:41:05.5736387+08:00	0x02	0.0222	0.0056	-0.9634	0.2673	210.98	357.72	1.29
2026-05-09T14:41:05.5736387+08:00	0x09	0.0530	-0.0639	-0.6265	0.7750	282.09	350.48	0.12
2026-05-09T14:41:05.5736387+08:00	0x06	0.0686	0.1319	-0.9217	0.3584	222.21	358.08	16.99
2026-05-09T14:41:05.5736387+08:00	0x07	-0.0157	-0.0296	-0.2953	0.9548	325.69	357.29	357.28
2026-05-09T14:41:05.5736387+08:00	0x01	-0.0210	-0.0304	-0.1361	0.9900	344.42	356.87	357.15
2026-05-09T14:41:05.5736387+08:00	0x03	0.0081	-0.0158	0.2173	0.9760	25.08	358.44	1.29
2026-05-09T14:41:05.5736387+08:00	0x06	0.0660	0.1332	-0.9132	0.3795	224.96	358.83	17.06
2026-05-09T14:41:05.5736387+08:00	0x01	-0.0210	-0.0304	-0.1361	0.9900	344.42	356.87	357.15
2026-05-09T14:41:05.5746377+08:00	0x07	-0.0157	-0.0296	-0.2953	0.9548	325.69	357.29	357.28
2026-05-09T14:41:05.5746377+08:00	0x02	0.0222	0.0056	-0.9634	0.2673	210.98	357.72	1.29
2026-05-09T14:41:05.5746377+08:00	0x09	0.0530	-0.0639	-0.6265	0.7750	282.09	350.47	0.12
2026-05-09T14:41:05.5746377+08:00	0x06	0.0642	0.1344	-0.9082	0.3911	226.50	359.31	17.12
2026-05-09T14:41:05.5746377+08:00	0x01	-0.0210	-0.0304	-0.1361	0.9900	344.42	356.87	357.15
2026-05-09T14:41:05.5746377+08:00	0x07	-0.0157	-0.0296	-0.2953	0.9548	325.69	357.29	357.28
2026-05-09T14:41:05.5746377+08:00	0x08	-0.0032	-0.0553	0.1024	0.9932	11.76	353.66	0.28
2026-05-09T14:41:05.5746377+08:00	0x03	0.0080	-0.0158	0.2173	0.9760	25.08	358.43	1.29
2026-05-09T14:41:05.5746377+08:00	0x09	0.0530	-0.0639	-0.6265	0.7750	282.09	350.47	0.12
2026-05-09T14:41:05.5746377+08:00	0x06	0.0678	0.1350	-0.9068	0.3935	226.76	358.99	17.35
2026-05-09T14:41:05.5746377+08:00	0x07	-0.0157	-0.0296	-0.2953	0.9548	325.69	357.29	357.28
2026-05-09T14:41:05.5746377+08:00	0x04	-0.0133	-0.0250	-0.2579	0.9658	330.15	357.63	357.79
2026-05-09T14:41:05.5746377+08:00	0x01	-0.0210	-0.0304	-0.1361	0.9900	344.42	356.87	357.15
2026-05-09T14:41:05.5746377+08:00	0x02	0.0222	0.0055	-0.9634	0.2673	210.99	357.72	1.29
2026-05-09T14:41:05.5746377+08:00	0x03	0.0081	-0.0158	0.2173	0.9760	25.08	358.44	1.29
2026-05-09T14:41:05.5746377+08:00	0x06	0.0664	0.1357	-0.9072	0.3927	226.69	359.17	17.36
2026-05-09T14:41:05.5746377+08:00	0x07	-0.0157	-0.0296	-0.2953	0.9548	325.69	357.29	357.28
2026-05-09T14:41:05.5746377+08:00	0x04	-0.0133	-0.0250	-0.2579	0.9658	330.15	357.63	357.79
2026-05-09T14:41:05.5746377+08:00	0x02	0.0222	0.0055	-0.9634	0.2673	210.99	357.72	1.29
2026-05-09T14:41:05.5746377+08:00	0x06	0.0697	0.1340	-0.9127	0.3796	224.93	358.47	17.32
2026-05-09T14:41:05.5751539+08:00	0x01	-0.0210	-0.0304	-0.1361	0.9900	344.42	356.87	357.15
2026-05-09T14:41:05.5751539+08:00	0x04	-0.0133	-0.0250	-0.2579	0.9658	330.15	357.63	357.79
2026-05-09T14:41:05.5751539+08:00	0x09	0.0530	-0.0639	-0.6265	0.7750	282.09	350.47	0.12
2026-05-09T14:41:05.5751539+08:00	0x02	0.0222	0.0055	-0.9634	0.2673	210.99	357.72	1.29
2026-05-09T14:41:05.5751539+08:00	0x06	0.0721	0.1346	-0.9174	0.3676	223.36	358.00	17.46
2026-05-09T14:41:05.5751539+08:00	0x01	-0.0210	-0.0304	-0.1361	0.9900	344.42	356.87	357.15
2026-05-09T14:41:05.5751539+08:00	0x07	-0.0157	-0.0296	-0.2953	0.9548	325.69	357.29	357.28
2026-05-09T14:41:05.5751539+08:00	0x04	-0.0133	-0.0250	-0.2579	0.9658	330.15	357.63	357.79
2026-05-09T14:41:05.5751539+08:00	0x03	0.0080	-0.0158	0.2173	0.9760	25.08	358.43	1.29
2026-05-09T14:41:05.5751539+08:00	0x06	0.0699	0.1359	-0.9199	0.3611	222.59	358.17	17.49
2026-05-09T14:41:05.5751539+08:00	0x01	-0.0210	-0.0304	-0.1361	0.9900	344.42	356.87	357.14
2026-05-09T14:41:05.5751539+08:00	0x04	-0.0133	-0.0250	-0.2579	0.9658	330.15	357.63	357.79
2026-05-09T14:41:05.5751539+08:00	0x02	0.0222	0.0056	-0.9634	0.2673	210.99	357.72	1.29
2026-05-09T14:41:05.5751539+08:00	0x09	0.0530	-0.0639	-0.6265	0.7750	282.09	350.47	0.12
2026-05-09T14:41:05.5751539+08:00	0x07	-0.0157	-0.0296	-0.2953	0.9548	325.69	357.29	357.28
2026-05-09T14:41:05.5751539+08:00	0x05	-0.0006	0.0130	0.4389	0.8985	52.06	1.31	359.28
2026-05-09T14:41:05.5751539+08:00	0x03	0.0080	-0.0158	0.2173	0.9760	25.08	358.43	1.29
2026-05-09T14:41:05.5751539+08:00	0x06	0.0675	0.1267	-0.9263	0.3484	220.91	357.80	16.36
2026-05-09T14:41:05.5751539+08:00	0x04	-0.0133	-0.0250	-0.2579	0.9658	330.15	357.63	357.79
2026-05-09T14:41:05.5751539+08:00	0x02	0.0222	0.0056	-0.9634	0.2673	210.99	357.72	1.29
2026-05-09T14:41:05.5751539+08:00	0x09	0.0530	-0.0639	-0.6265	0.7750	282.09	350.47	0.12
2026-05-09T14:41:05.5751539+08:00	0x03	0.0081	-0.0158	0.2173	0.9760	25.08	358.44	1.29
2026-05-09T14:41:05.5751539+08:00	0x01	-0.0210	-0.0304	-0.1361	0.9900	344.42	356.87	357.15
2026-05-09T14:41:05.5751539+08:00	0x04	-0.0133	-0.0250	-0.2579	0.9658	330.15	357.63	357.79
2026-05-09T14:41:05.5751539+08:00	0x02	0.0222	0.0056	-0.9634	0.2673	210.99	357.72	1.29
2026-05-09T14:41:05.5751539+08:00	0x07	-0.0157	-0.0296	-0.2953	0.9548	325.69	357.29	357.28
2026-05-09T14:41:05.5751539+08:00	0x08	-0.0033	-0.0553	0.1024	0.9932	11.76	353.65	0.28
2026-05-09T14:41:05.5751539+08:00	0x01	-0.0210	-0.0304	-0.1361	0.9900	344.42	356.87	357.15
2026-05-09T14:41:05.5751539+08:00	0x07	-0.0157	-0.0296	-0.2953	0.9548	325.69	357.29	357.28
2026-05-09T14:41:05.5751539+08:00	0x02	0.0222	0.0056	-0.9634	0.2673	210.99	357.72	1.29
2026-05-09T14:41:05.5751539+08:00	0x09	0.0530	-0.0639	-0.6265	0.7750	282.09	350.47	0.12
2026-05-09T14:41:05.5751539+08:00	0x06	0.0750	0.1328	-0.9280	0.3399	219.79	357.06	17.31
2026-05-09T14:41:05.5751539+08:00	0x03	0.0080	-0.0157	0.2173	0.9760	25.08	358.44	1.29
2026-05-09T14:41:05.5751539+08:00	0x01	-0.0210	-0.0304	-0.1361	0.9900	344.42	356.88	357.15
2026-05-09T14:41:05.5751539+08:00	0x07	-0.0157	-0.0296	-0.2953	0.9548	325.69	357.29	357.28
2026-05-09T14:41:05.5751539+08:00	0x04	-0.0134	-0.0250	-0.2579	0.9658	330.15	357.63	357.78
2026-05-09T14:41:05.5751539+08:00	0x02	0.0222	0.0056	-0.9634	0.2673	210.99	357.72	1.29
2026-05-09T14:41:05.5751539+08:00	0x05	-0.0007	0.0130	0.4389	0.8985	52.06	1.30	359.28
2026-05-09T14:41:05.5761474+08:00	0x06	0.0743	0.1311	-0.9285	0.3394	219.72	357.06	17.09
2026-05-09T14:41:05.5761474+08:00	0x04	-0.0134	-0.0250	-0.2579	0.9658	330.15	357.63	357.78
2026-05-09T14:41:05.5761474+08:00	0x02	0.0222	0.0056	-0.9634	0.2673	210.99	357.72	1.29
2026-05-09T14:41:05.5761474+08:00	0x05	-0.0007	0.0130	0.4389	0.8985	52.06	1.30	359.28
2026-05-09T14:41:05.5761474+08:00	0x03	0.0081	-0.0158	0.2173	0.9760	25.08	358.44	1.29
2026-05-09T14:41:05.5761474+08:00	0x06	0.0710	0.1327	-0.9281	0.3406	219.93	357.52	17.13
2026-05-09T14:41:05.5761474+08:00	0x04	-0.0134	-0.0250	-0.2579	0.9658	330.15	357.63	357.78
2026-05-09T14:41:05.5761474+08:00	0x07	-0.0157	-0.0296	-0.2953	0.9548	325.69	357.29	357.28
2026-05-09T14:41:05.5761474+08:00	0x05	-0.0007	0.0130	0.4389	0.8985	52.06	1.30	359.28
2026-05-09T14:41:05.5761474+08:00	0x02	0.0222	0.0056	-0.9634	0.2673	210.98	357.72	1.29
2026-05-09T14:41:05.5761474+08:00	0x03	0.0081	-0.0158	0.2173	0.9760	25.08	358.44	1.29
2026-05-09T14:41:05.5761474+08:00	0x06	0.0672	0.1308	-0.9282	0.3418	220.12	357.89	16.78
2026-05-09T14:41:05.5761474+08:00	0x04	-0.0134	-0.0250	-0.2579	0.9658	330.15	357.63	357.78
2026-05-09T14:41:05.5761474+08:00	0x07	-0.0157	-0.0296	-0.2953	0.9548	325.69	357.29	357.28
2026-05-09T14:41:05.5761474+08:00	0x02	0.0222	0.0056	-0.9634	0.2673	210.98	357.72	1.29
2026-05-09T14:41:05.5761474+08:00	0x03	0.0081	-0.0158	0.2173	0.9760	25.08	358.44	1.29
2026-05-09T14:41:05.5761474+08:00	0x09	0.0530	-0.0639	-0.6265	0.7750	282.09	350.47	0.12
2026-05-09T14:41:05.5761474+08:00	0x01	-0.0210	-0.0304	-0.1361	0.9900	344.42	356.87	357.15
2026-05-09T14:41:05.5761474+08:00	0x04	-0.0134	-0.0250	-0.2579	0.9658	330.15	357.63	357.78
2026-05-09T14:41:05.5761474+08:00	0x07	-0.0157	-0.0295	-0.2953	0.9548	325.69	357.29	357.28
2026-05-09T14:41:05.5761474+08:00	0x02	0.0222	0.0056	-0.9634	0.2673	210.98	357.72	1.29
2026-05-09T14:41:05.5761474+08:00	0x09	0.0530	-0.0639	-0.6265	0.7750	282.09	350.47	0.12
2026-05-09T14:41:05.5761474+08:00	0x03	0.0081	-0.0158	0.2173	0.9760	25.08	358.44	1.29
2026-05-09T14:41:05.5761474+08:00	0x06	0.0695	0.1312	-0.9261	0.3469	220.73	357.74	16.93
2026-05-09T14:41:05.5761474+08:00	0x07	-0.0157	-0.0295	-0.2953	0.9548	325.69	357.29	357.28
2026-05-09T14:41:05.5761474+08:00	0x03	0.0081	-0.0158	0.2173	0.9760	25.08	358.44	1.30
2026-05-09T14:41:05.5761474+08:00	0x06	0.0683	0.1330	-0.9246	0.3503	221.20	358.01	17.09
2026-05-09T14:41:05.5761474+08:00	0x01	-0.0210	-0.0304	-0.1361	0.9900	344.42	356.87	357.15
2026-05-09T14:41:05.5761474+08:00	0x04	-0.0134	-0.0250	-0.2579	0.9658	330.15	357.63	357.78
2026-05-09T14:41:05.5761474+08:00	0x07	-0.0157	-0.0295	-0.2953	0.9548	325.69	357.29	357.28
2026-05-09T14:41:05.5761474+08:00	0x03	0.0081	-0.0158	0.2173	0.9760	25.08	358.44	1.29
2026-05-09T14:41:05.5761474+08:00	0x02	0.0222	0.0055	-0.9634	0.2673	210.98	357.72	1.29
2026-05-09T14:41:05.5761474+08:00	0x09	0.0530	-0.0639	-0.6265	0.7750	282.09	350.47	0.12
2026-05-09T14:41:05.5761474+08:00	0x01	-0.0210	-0.0304	-0.1361	0.9900	344.42	356.87	357.15
2026-05-09T14:41:05.5761474+08:00	0x04	-0.0134	-0.0250	-0.2579	0.9658	330.15	357.63	357.78
2026-05-09T14:41:05.5761474+08:00	0x07	-0.0157	-0.0295	-0.2953	0.9548	325.69	357.29	357.28
2026-05-09T14:41:05.5761474+08:00	0x05	-0.0007	0.0129	0.4389	0.8985	52.06	1.30	359.28
2026-05-09T14:41:05.5761474+08:00	0x03	0.0081	-0.0158	0.2173	0.9760	25.08	358.44	1.29
2026-05-09T14:41:05.5761474+08:00	0x02	0.0222	0.0055	-0.9634	0.2673	210.98	357.72	1.29
2026-05-09T14:41:05.5771441+08:00	0x08	-0.0032	-0.0553	0.1024	0.9932	11.76	353.66	0.28
2026-05-09T14:41:05.5771441+08:00	0x01	-0.0210	-0.0304	-0.1361	0.9900	344.42	356.87	357.15
2026-05-09T14:41:05.5771441+08:00	0x04	-0.0134	-0.0250	-0.2579	0.9658	330.15	357.63	357.78
2026-05-09T14:41:05.5771441+08:00	0x07	-0.0157	-0.0295	-0.2953	0.9548	325.69	357.29	357.28
2026-05-09T14:41:05.5771441+08:00	0x03	0.0081	-0.0158	0.2173	0.9760	25.08	358.44	1.29
2026-05-09T14:41:05.5771441+08:00	0x06	0.0667	0.1281	-0.9199	0.3646	222.99	358.25	16.52
2026-05-09T14:41:05.5771441+08:00	0x08	-0.0032	-0.0553	0.1024	0.9932	11.76	353.66	0.28
2026-05-09T14:41:05.5771441+08:00	0x09	0.0530	-0.0639	-0.6265	0.7750	282.09	350.47	0.12
2026-05-09T14:41:05.5771441+08:00	0x04	-0.0134	-0.0249	-0.2579	0.9658	330.15	357.63	357.78
2026-05-09T14:41:05.5771441+08:00	0x07	-0.0157	-0.0295	-0.2953	0.9548	325.69	357.29	357.28
2026-05-09T14:41:05.5771441+08:00	0x03	0.0081	-0.0158	0.2173	0.9760	25.08	358.44	1.29
2026-05-09T14:41:05.5771441+08:00	0x02	0.0222	0.0056	-0.9634	0.2673	210.98	357.72	1.29
2026-05-09T14:41:05.5771441+08:00	0x09	0.0530	-0.0639	-0.6265	0.7750	282.09	350.47	0.12
2026-05-09T14:41:05.5771441+08:00	0x01	-0.0210	-0.0304	-0.1361	0.9900	344.42	356.87	357.15
2026-05-09T14:41:05.5771441+08:00	0x04	-0.0133	-0.0249	-0.2579	0.9658	330.15	357.63	357.79
2026-05-09T14:41:05.5771441+08:00	0x07	-0.0157	-0.0295	-0.2953	0.9548	325.69	357.29	357.28
2026-05-09T14:41:05.5771441+08:00	0x03	0.0081	-0.0158	0.2173	0.9760	25.08	358.44	1.29
2026-05-09T14:41:05.5771441+08:00	0x09	0.0530	-0.0639	-0.6265	0.7750	282.09	350.47	0.12
2026-05-09T14:41:05.5771441+08:00	0x01	-0.0210	-0.0304	-0.1361	0.9900	344.42	356.87	357.15
2026-05-09T14:41:05.5771441+08:00	0x04	-0.0134	-0.0249	-0.2579	0.9658	330.15	357.63	357.78
2026-05-09T14:41:05.5771441+08:00	0x07	-0.0157	-0.0295	-0.2953	0.9548	325.69	357.29	357.28
2026-05-09T14:41:05.5771441+08:00	0x03	0.0081	-0.0158	0.2173	0.9760	25.08	358.44	1.29
2026-05-09T14:41:05.5771441+08:00	0x08	-0.0032	-0.0553	0.1024	0.9932	11.76	353.66	0.28
2026-05-09T14:41:05.5771441+08:00	0x09	0.0530	-0.0639	-0.6265	0.7750	282.09	350.47	0.12
2026-05-09T14:41:05.5771441+08:00	0x01	-0.0210	-0.0304	-0.1361	0.9900	344.42	356.87	357.15
2026-05-09T14:41:05.5771441+08:00	0x04	-0.0134	-0.0249	-0.2579	0.9658	330.15	357.63	357.78
2026-05-09T14:41:05.5771441+08:00	0x07	-0.0157	-0.0295	-0.2953	0.9548	325.69	357.29	357.28
2026-05-09T14:41:05.5771441+08:00	0x03	0.0081	-0.0158	0.2173	0.9760	25.08	358.44	1.29
2026-05-09T14:41:05.5771441+08:00	0x06	0.0705	0.1297	-0.9257	0.3484	220.89	357.60	16.82
2026-05-09T14:41:05.5771441+08:00	0x09	0.0530	-0.0639	-0.6265	0.7750	282.09	350.48	0.12
2026-05-09T14:41:05.5771441+08:00	0x01	-0.0210	-0.0304	-0.1361	0.9900	344.42	356.87	357.15
2026-05-09T14:41:05.5771441+08:00	0x04	-0.0134	-0.0249	-0.2579	0.9658	330.15	357.63	357.78
2026-05-09T14:41:05.5771441+08:00	0x07	-0.0157	-0.0296	-0.2953	0.9548	325.69	357.29	357.28
2026-05-09T14:41:05.5771441+08:00	0x02	0.0222	0.0056	-0.9634	0.2673	210.98	357.72	1.29
2026-05-09T14:41:05.5771441+08:00	0x03	0.0081	-0.0157	0.2173	0.9760	25.08	358.44	1.29
2026-05-09T14:41:05.5771441+08:00	0x09	0.0530	-0.0639	-0.6265	0.7750	282.09	350.48	0.12
2026-05-09T14:41:05.5781420+08:00	0x01	-0.0210	-0.0304	-0.1361	0.9900	344.42	356.87	357.15
2026-05-09T14:41:05.5781420+08:00	0x04	-0.0134	-0.0249	-0.2579	0.9658	330.15	357.63	357.78
2026-05-09T14:41:05.5781420+08:00	0x07	-0.0157	-0.0296	-0.2953	0.9548	325.69	357.29	357.28
2026-05-09T14:41:05.5781420+08:00	0x03	0.0081	-0.0157	0.2173	0.9760	25.08	358.44	1.29
2026-05-09T14:41:05.5781420+08:00	0x06	0.0656	0.1321	-0.9244	0.3517	221.41	358.30	16.88
2026-05-09T14:41:05.5781420+08:00	0x01	-0.0210	-0.0304	-0.1361	0.9900	344.42	356.87	357.14
2026-05-09T14:41:05.5781420+08:00	0x09	0.0530	-0.0639	-0.6265	0.7750	282.09	350.48	0.12
2026-05-09T14:41:05.5781420+08:00	0x04	-0.0133	-0.0249	-0.2579	0.9658	330.15	357.63	357.79
2026-05-09T14:41:05.5781420+08:00	0x07	-0.0157	-0.0296	-0.2953	0.9548	325.69	357.29	357.28
2026-05-09T14:41:05.5781420+08:00	0x02	0.0222	0.0056	-0.9634	0.2673	210.99	357.72	1.29
2026-05-09T14:41:05.5781420+08:00	0x03	0.0080	-0.0158	0.2173	0.9760	25.08	358.43	1.29
2026-05-09T14:41:05.5781420+08:00	0x09	0.0530	-0.0639	-0.6265	0.7750	282.09	350.47	0.12
2026-05-09T14:41:05.5781420+08:00	0x01	-0.0210	-0.0304	-0.1361	0.9900	344.42	356.87	357.15
2026-05-09T14:41:05.5781420+08:00	0x04	-0.0133	-0.0249	-0.2579	0.9658	330.15	357.63	357.79
2026-05-09T14:41:05.5781420+08:00	0x07	-0.0157	-0.0295	-0.2953	0.9548	325.69	357.29	357.28
2026-05-09T14:41:05.5781420+08:00	0x08	-0.0032	-0.0553	0.1024	0.9932	11.76	353.66	0.28
2026-05-09T14:41:05.5781420+08:00	0x02	0.0222	0.0056	-0.9634	0.2673	210.99	357.72	1.29
2026-05-09T14:41:05.5781420+08:00	0x09	0.0530	-0.0639	-0.6265	0.7750	282.09	350.47	0.12
2026-05-09T14:41:05.5781420+08:00	0x01	-0.0210	-0.0304	-0.1361	0.9900	344.42	356.87	357.15
2026-05-09T14:41:05.5781420+08:00	0x04	-0.0133	-0.0249	-0.2579	0.9658	330.15	357.63	357.79
2026-05-09T14:41:05.5781420+08:00	0x07	-0.0157	-0.0295	-0.2953	0.9548	325.69	357.29	357.28
2026-05-09T14:41:05.5781420+08:00	0x02	0.0222	0.0056	-0.9634	0.2673	210.99	357.72	1.29
2026-05-09T14:41:05.5781420+08:00	0x03	0.0081	-0.0157	0.2173	0.9760	25.08	358.44	1.29
2026-05-09T14:41:05.5781420+08:00	0x06	0.0645	0.1325	-0.9210	0.3607	222.57	358.61	16.89
2026-05-09T14:41:05.5781420+08:00	0x09	0.0530	-0.0639	-0.6265	0.7750	282.09	350.47	0.12
2026-05-09T14:41:05.5781420+08:00	0x04	-0.0133	-0.0249	-0.2579	0.9658	330.15	357.63	357.79
2026-05-09T14:41:05.5781420+08:00	0x07	-0.0157	-0.0295	-0.2953	0.9548	325.69	357.29	357.28
2026-05-09T14:41:05.5781420+08:00	0x02	0.0222	0.0056	-0.9634	0.2673	210.99	357.72	1.29
2026-05-09T14:41:05.5781420+08:00	0x06	0.0655	0.1332	-0.9219	0.3579	222.21	358.48	17.01
2026-05-09T14:41:05.5781420+08:00	0x08	-0.0032	-0.0553	0.1024	0.9932	11.76	353.66	0.28
2026-05-09T14:41:05.5781420+08:00	0x09	0.0530	-0.0639	-0.6265	0.7750	282.09	350.47	0.12
2026-05-09T14:41:05.5781420+08:00	0x01	-0.0210	-0.0304	-0.1361	0.9900	344.42	356.87	357.15
2026-05-09T14:41:05.5781420+08:00	0x04	-0.0134	-0.0249	-0.2579	0.9658	330.15	357.63	357.78
2026-05-09T14:41:05.5781420+08:00	0x07	-0.0157	-0.0295	-0.2953	0.9548	325.69	357.29	357.28
2026-05-09T14:41:05.5781420+08:00	0x08	-0.0032	-0.0553	0.1024	0.9932	11.76	353.66	0.28
2026-05-09T14:41:05.5781420+08:00	0x06	0.0645	0.1330	-0.9216	0.3590	222.36	358.60	16.94
2026-05-09T14:41:05.5781420+08:00	0x02	0.0222	0.0055	-0.9634	0.2673	210.99	357.72	1.29
2026-05-09T14:41:05.5781420+08:00	0x03	0.0080	-0.0157	0.2173	0.9760	25.08	358.44	1.29
2026-05-09T14:41:05.5791394+08:00	0x01	-0.0210	-0.0304	-0.1361	0.9900	344.42	356.87	357.15
2026-05-09T14:41:05.5791394+08:00	0x09	0.0530	-0.0639	-0.6265	0.7750	282.09	350.47	0.12
2026-05-09T14:41:05.5791394+08:00	0x07	-0.0157	-0.0295	-0.2953	0.9548	325.69	357.29	357.28
2026-05-09T14:41:05.5791394+08:00	0x02	0.0222	0.0055	-0.9634	0.2673	210.99	357.72	1.29
2026-05-09T14:41:05.5791394+08:00	0x06	0.0658	0.1322	-0.9219	0.3582	222.23	358.41	16.91
2026-05-09T14:41:05.5791394+08:00	0x08	-0.0032	-0.0553	0.1024	0.9932	11.76	353.66	0.28
2026-05-09T14:41:05.5791394+08:00	0x09	0.0530	-0.0639	-0.6265	0.7750	282.09	350.48	0.12
2026-05-09T14:41:05.5791394+08:00	0x01	-0.0210	-0.0304	-0.1361	0.9900	344.42	356.87	357.15
2026-05-09T14:41:05.5791394+08:00	0x04	-0.0134	-0.0249	-0.2579	0.9658	330.15	357.63	357.78
2026-05-09T14:41:05.5791394+08:00	0x07	-0.0157	-0.0295	-0.2953	0.9548	325.69	357.29	357.28
2026-05-09T14:41:05.5791394+08:00	0x05	-0.0007	0.0130	0.4389	0.8985	52.06	1.30	359.28
2026-05-09T14:41:05.5791394+08:00	0x02	0.0222	0.0055	-0.9634	0.2673	210.98	357.72	1.29
2026-05-09T14:41:05.5791394+08:00	0x06	0.0663	0.1313	-0.9230	0.3556	221.89	358.26	16.83
2026-05-09T14:41:05.5791394+08:00	0x03	0.0081	-0.0158	0.2173	0.9760	25.08	358.44	1.29
2026-05-09T14:41:05.5791394+08:00	0x09	0.0530	-0.0639	-0.6265	0.7750	282.09	350.48	0.12
2026-05-09T14:41:05.5791394+08:00	0x01	-0.0210	-0.0304	-0.1361	0.9900	344.42	356.87	357.15
2026-05-09T14:41:05.5791394+08:00	0x04	-0.0134	-0.0249	-0.2579	0.9658	330.15	357.63	357.78
2026-05-09T14:41:05.5791394+08:00	0x07	-0.0157	-0.0295	-0.2953	0.9548	325.69	357.29	357.28
2026-05-09T14:41:05.5791394+08:00	0x02	0.0222	0.0055	-0.9634	0.2673	210.98	357.72	1.29
2026-05-09T14:41:05.5791394+08:00	0x06	0.0684	0.1317	-0.9239	0.3527	221.49	357.99	16.95
2026-05-09T14:41:05.5791394+08:00	0x08	-0.0033	-0.0553	0.1024	0.9932	11.76	353.66	0.28
2026-05-09T14:41:05.5796989+08:00	0x09	0.0530	-0.0639	-0.6265	0.7750	282.09	350.48	0.12
2026-05-09T14:41:05.5797057+08:00	0x03	0.0081	-0.0158	0.2173	0.9760	25.08	358.44	1.29
2026-05-09T14:41:05.5797503+08:00	0x04	-0.0134	-0.0249	-0.2579	0.9658	330.15	357.63	357.78
2026-05-09T14:41:05.5797503+08:00	0x07	-0.0157	-0.0296	-0.2953	0.9548	325.69	357.29	357.28
2026-05-09T14:41:05.5797503+08:00	0x02	0.0222	0.0056	-0.9634	0.2673	210.99	357.72	1.29
2026-05-09T14:41:05.5797503+08:00	0x09	0.0530	-0.0639	-0.6265	0.7750	282.09	350.48	0.12
2026-05-09T14:41:05.5797503+08:00	0x06	0.0694	0.1329	-0.9243	0.3510	221.28	357.91	17.12
2026-05-09T14:41:05.5797503+08:00	0x04	-0.0134	-0.0249	-0.2579	0.9658	330.15	357.63	357.78
2026-05-09T14:41:05.5797503+08:00	0x02	0.0222	0.0056	-0.9634	0.2673	210.99	357.72	1.29
2026-05-09T14:41:05.5797503+08:00	0x03	0.0081	-0.0157	0.2173	0.9760	25.08	358.44	1.29
2026-05-09T14:41:05.5797503+08:00	0x09	0.0530	-0.0639	-0.6265	0.7750	282.09	350.48	0.12
2026-05-09T14:41:05.5797503+08:00	0x04	-0.0134	-0.0249	-0.2579	0.9658	330.15	357.63	357.78
2026-05-09T14:41:05.5797503+08:00	0x02	0.0222	0.0055	-0.9634	0.2673	210.99	357.72	1.29
2026-05-09T14:41:05.5797503+08:00	0x06	0.0718	0.1316	-0.9260	0.3465	220.66	357.50	17.06
2026-05-09T14:41:05.5797503+08:00	0x09	0.0530	-0.0639	-0.6265	0.7750	282.09	350.48	0.12
2026-05-09T14:41:05.5797503+08:00	0x03	0.0081	-0.0157	0.2173	0.9760	25.08	358.44	1.29
2026-05-09T14:41:05.5797503+08:00	0x04	-0.0134	-0.0249	-0.2579	0.9658	330.15	357.63	357.78
2026-05-09T14:41:05.5797503+08:00	0x07	-0.0157	-0.0296	-0.2953	0.9548	325.69	357.29	357.28
2026-05-09T14:41:05.5797503+08:00	0x08	-0.0033	-0.0553	0.1024	0.9932	11.76	353.66	0.28
2026-05-09T14:41:05.5797503+08:00	0x06	0.0726	0.1309	-0.9276	0.3423	220.11	357.29	17.01
2026-05-09T14:41:05.5797503+08:00	0x03	0.0081	-0.0157	0.2173	0.9760	25.08	358.44	1.29
2026-05-09T14:41:05.5797503+08:00	0x09	0.0530	-0.0639	-0.6265	0.7750	282.09	350.48	0.12
2026-05-09T14:41:05.5797503+08:00	0x01	-0.0210	-0.0304	-0.1361	0.9900	344.42	356.87	357.15
2026-05-09T14:41:05.5797503+08:00	0x07	-0.0157	-0.0296	-0.2953	0.9548	325.69	357.29	357.28
2026-05-09T14:41:05.5797503+08:00	0x04	-0.0134	-0.0249	-0.2579	0.9658	330.15	357.63	357.78
2026-05-09T14:41:05.5797503+08:00	0x02	0.0222	0.0055	-0.9634	0.2673	210.99	357.72	1.29
2026-05-09T14:41:05.5797503+08:00	0x06	0.0666	0.1236	-0.9289	0.3426	220.17	357.68	15.98
2026-05-09T14:41:05.5797503+08:00	0x08	-0.0032	-0.0553	0.1024	0.9932	11.76	353.66	0.28
2026-05-09T14:41:05.5797503+08:00	0x03	0.0081	-0.0157	0.2173	0.9760	25.08	358.44	1.29
2026-05-09T14:41:05.5797503+08:00	0x04	-0.0134	-0.0249	-0.2579	0.9658	330.15	357.63	357.78
2026-05-09T14:41:05.5797503+08:00	0x02	0.0222	0.0055	-0.9634	0.2673	210.99	357.72	1.29
2026-05-09T14:41:05.5797503+08:00	0x07	-0.0157	-0.0296	-0.2953	0.9548	325.69	357.29	357.28
2026-05-09T14:41:05.5797503+08:00	0x09	0.0530	-0.0639	-0.6265	0.7750	282.09	350.47	0.12
2026-05-09T14:41:05.5797503+08:00	0x01	-0.0210	-0.0304	-0.1361	0.9900	344.42	356.87	357.14
2026-05-09T14:41:05.5797503+08:00	0x03	0.0081	-0.0157	0.2173	0.9760	25.08	358.44	1.29
2026-05-09T14:41:05.5797503+08:00	0x07	-0.0157	-0.0296	-0.2953	0.9548	325.69	357.29	357.28
2026-05-09T14:41:05.5797503+08:00	0x06	0.0723	0.1315	-0.9277	0.3418	220.05	357.35	17.06
2026-05-09T14:41:05.5797503+08:00	0x09	0.0530	-0.0639	-0.6265	0.7750	282.09	350.47	0.12
2026-05-09T14:41:05.5807026+08:00	0x01	-0.0210	-0.0304	-0.1361	0.9900	344.42	356.87	357.15
2026-05-09T14:41:05.5807026+08:00	0x03	0.0080	-0.0157	0.2173	0.9760	25.08	358.44	1.29
2026-05-09T14:41:05.5807026+08:00	0x07	-0.0157	-0.0296	-0.2953	0.9548	325.69	357.29	357.28
2026-05-09T14:41:05.5807026+08:00	0x04	-0.0134	-0.0249	-0.2579	0.9658	330.15	357.63	357.78
2026-05-09T14:41:05.5807026+08:00	0x02	0.0222	0.0055	-0.9634	0.2673	210.99	357.72	1.29
2026-05-09T14:41:05.5807026+08:00	0x06	0.0718	0.1305	-0.9283	0.3408	219.92	357.34	16.93
2026-05-09T14:41:05.5807026+08:00	0x09	0.0530	-0.0639	-0.6265	0.7750	282.09	350.47	0.12
2026-05-09T14:41:05.5807026+08:00	0x08	-0.0033	-0.0553	0.1024	0.9932	11.76	353.66	0.28
2026-05-09T14:41:05.5807026+08:00	0x03	0.0080	-0.0157	0.2173	0.9760	25.08	358.44	1.29
2026-05-09T14:41:05.5807026+08:00	0x07	-0.0157	-0.0296	-0.2953	0.9548	325.69	357.29	357.28
2026-05-09T14:41:05.5807026+08:00	0x04	-0.0134	-0.0249	-0.2579	0.9658	330.15	357.63	357.78
2026-05-09T14:41:05.5807026+08:00	0x06	0.0742	0.1311	-0.9288	0.3387	219.63	357.06	17.08
2026-05-09T14:41:05.5807026+08:00	0x02	0.0222	0.0055	-0.9634	0.2673	210.98	357.72	1.29
2026-05-09T14:41:05.5807026+08:00	0x08	-0.0033	-0.0553	0.1024	0.9932	11.76	353.65	0.28
2026-05-09T14:41:05.5807026+08:00	0x01	-0.0210	-0.0304	-0.1361	0.9900	344.42	356.87	357.15
2026-05-09T14:41:05.5807026+08:00	0x07	-0.0157	-0.0296	-0.2953	0.9548	325.69	357.29	357.28
2026-05-09T14:41:05.5807026+08:00	0x04	-0.0134	-0.0249	-0.2579	0.9658	330.15	357.63	357.78
2026-05-09T14:41:05.5807026+08:00	0x02	0.0222	0.0055	-0.9634	0.2673	210.98	357.72	1.29
2026-05-09T14:41:05.5807026+08:00	0x09	0.0530	-0.0639	-0.6265	0.7750	282.09	350.47	0.12
2026-05-09T14:41:05.5807026+08:00	0x08	-0.0033	-0.0553	0.1024	0.9932	11.76	353.65	0.28
2026-05-09T14:41:05.5807026+08:00	0x03	0.0080	-0.0157	0.2173	0.9760	25.08	358.44	1.29
2026-05-09T14:41:05.5807026+08:00	0x07	-0.0157	-0.0296	-0.2953	0.9548	325.69	357.29	357.28
2026-05-09T14:41:05.5807026+08:00	0x04	-0.0134	-0.0249	-0.2579	0.9658	330.15	357.63	357.78
2026-05-09T14:41:05.5807026+08:00	0x02	0.0222	0.0055	-0.9634	0.2673	210.98	357.72	1.29
2026-05-09T14:41:05.5807026+08:00	0x06	0.0765	0.1310	-0.9301	0.3346	219.08	356.73	17.15
2026-05-09T14:41:05.5807026+08:00	0x09	0.0530	-0.0639	-0.6265	0.7750	282.09	350.47	0.12
2026-05-09T14:41:05.5807026+08:00	0x08	-0.0033	-0.0553	0.1024	0.9932	11.76	353.65	0.28
2026-05-09T14:41:05.5807026+08:00	0x07	-0.0157	-0.0296	-0.2953	0.9548	325.69	357.29	357.28
2026-05-09T14:41:05.5807026+08:00	0x03	0.0080	-0.0157	0.2173	0.9760	25.08	358.44	1.29
2026-05-09T14:41:05.5807026+08:00	0x02	0.0222	0.0055	-0.9634	0.2673	210.98	357.72	1.29
2026-05-09T14:41:05.5807026+08:00	0x06	0.0749	0.1307	-0.9307	0.3332	218.92	356.86	17.05
2026-05-09T14:41:05.5807026+08:00	0x09	0.0530	-0.0639	-0.6265	0.7750	282.09	350.47	0.12
2026-05-09T14:41:05.5816984+08:00	0x03	0.0081	-0.0157	0.2173	0.9760	25.08	358.44	1.29
2026-05-09T14:41:05.5816984+08:00	0x07	-0.0157	-0.0296	-0.2953	0.9548	325.69	357.29	357.28
2026-05-09T14:41:05.5816984+08:00	0x08	-0.0033	-0.0553	0.1024	0.9932	11.76	353.66	0.28
2026-05-09T14:41:05.5816984+08:00	0x04	-0.0133	-0.0249	-0.2579	0.9658	330.15	357.63	357.79
2026-05-09T14:41:05.5816984+08:00	0x06	0.0730	0.1303	-0.9312	0.3326	218.87	357.05	16.93
2026-05-09T14:41:05.5816984+08:00	0x01	-0.0210	-0.0304	-0.1361	0.9900	344.42	356.87	357.15
2026-05-09T14:41:05.5816984+08:00	0x03	0.0081	-0.0157	0.2173	0.9760	25.08	358.44	1.29
2026-05-09T14:41:05.5816984+08:00	0x07	-0.0157	-0.0296	-0.2953	0.9548	325.69	357.29	357.28
2026-05-09T14:41:05.5816984+08:00	0x04	-0.0134	-0.0250	-0.2579	0.9658	330.15	357.63	357.78
2026-05-09T14:41:05.5816984+08:00	0x06	0.0723	0.1301	-0.9306	0.3344	219.11	357.15	16.88
2026-05-09T14:41:05.5816984+08:00	0x09	0.0530	-0.0639	-0.6265	0.7750	282.09	350.47	0.12
2026-05-09T14:41:05.5816984+08:00	0x03	0.0081	-0.0157	0.2173	0.9760	25.08	358.44	1.29
2026-05-09T14:41:05.5816984+08:00	0x08	-0.0033	-0.0553	0.1024	0.9932	11.76	353.66	0.28
2026-05-09T14:41:05.5816984+08:00	0x04	-0.0134	-0.0249	-0.2579	0.9658	330.15	357.63	357.78
2026-05-09T14:41:05.5816984+08:00	0x02	0.0222	0.0055	-0.9634	0.2673	210.99	357.72	1.29
2026-05-09T14:41:05.5816984+08:00	0x01	-0.0210	-0.0304	-0.1361	0.9900	344.42	356.87	357.15
2026-05-09T14:41:05.5816984+08:00	0x03	0.0081	-0.0157	0.2173	0.9760	25.08	358.44	1.29
2026-05-09T14:41:05.5816984+08:00	0x04	-0.0134	-0.0249	-0.2579	0.9658	330.15	357.63	357.78
2026-05-09T14:41:05.5816984+08:00	0x06	0.0725	0.1301	-0.9307	0.3341	219.07	357.12	16.89
2026-05-09T14:41:05.5816984+08:00	0x09	0.0530	-0.0639	-0.6265	0.7750	282.09	350.47	0.12
2026-05-09T14:41:05.5816984+08:00	0x01	-0.0210	-0.0304	-0.1361	0.9900	344.42	356.87	357.15
2026-05-09T14:41:05.5816984+08:00	0x08	-0.0033	-0.0553	0.1024	0.9932	11.76	353.66	0.28
2026-05-09T14:41:05.5816984+08:00	0x03	0.0081	-0.0157	0.2173	0.9760	25.08	358.44	1.29
2026-05-09T14:41:05.5816984+08:00	0x07	-0.0157	-0.0296	-0.2953	0.9548	325.69	357.29	357.28
2026-05-09T14:41:05.5816984+08:00	0x02	0.0222	0.0055	-0.9634	0.2673	210.99	357.72	1.29
2026-05-09T14:41:05.5816984+08:00	0x06	0.0724	0.1302	-0.9309	0.3336	219.01	357.13	16.90
2026-05-09T14:41:05.5816984+08:00	0x09	0.0530	-0.0639	-0.6265	0.7750	282.09	350.47	0.12
2026-05-09T14:41:05.5816984+08:00	0x05	-0.0007	0.0130	0.4389	0.8985	52.06	1.30	359.28
2026-05-09T14:41:05.5816984+08:00	0x03	0.0081	-0.0157	0.2173	0.9760	25.08	358.44	1.29
2026-05-09T14:41:05.5816984+08:00	0x02	0.0222	0.0055	-0.9634	0.2673	210.99	357.72	1.29
2026-05-09T14:41:05.5816984+08:00	0x04	-0.0134	-0.0249	-0.2579	0.9658	330.15	357.63	357.78
2026-05-09T14:41:05.5816984+08:00	0x05	-0.0007	0.0130	0.4389	0.8985	52.06	1.30	359.28
2026-05-09T14:41:05.5816984+08:00	0x09	0.0530	-0.0639	-0.6265	0.7750	282.09	350.47	0.12
2026-05-09T14:41:05.5816984+08:00	0x01	-0.0210	-0.0304	-0.1361	0.9900	344.42	356.87	357.15
2026-05-09T14:41:05.5816984+08:00	0x07	-0.0157	-0.0296	-0.2953	0.9548	325.69	357.29	357.28
2026-05-09T14:41:05.5816984+08:00	0x08	-0.0033	-0.0553	0.1024	0.9932	11.76	353.66	0.28
2026-05-09T14:41:05.5816984+08:00	0x02	0.0222	0.0055	-0.9634	0.2673	210.99	357.72	1.29
2026-05-09T14:41:05.5816984+08:00	0x06	0.0729	0.1315	-0.9299	0.3357	219.28	357.16	17.07
2026-05-09T14:41:05.5816984+08:00	0x09	0.0530	-0.0639	-0.6265	0.7750	282.09	350.47	0.12
2026-05-09T14:41:05.5827359+08:00	0x03	0.0081	-0.0157	0.2173	0.9760	25.08	358.44	1.30
2026-05-09T14:41:05.5827359+08:00	0x08	-0.0033	-0.0553	0.1024	0.9932	11.76	353.66	0.28
2026-05-09T14:41:05.5827359+08:00	0x02	0.0222	0.0055	-0.9634	0.2673	210.99	357.72	1.29
2026-05-09T14:41:05.5827359+08:00	0x06	0.0712	0.1305	-0.9296	0.3373	219.49	357.35	16.89
2026-05-09T14:41:05.5827359+08:00	0x09	0.0530	-0.0639	-0.6265	0.7750	282.09	350.47	0.12
2026-05-09T14:41:05.5827359+08:00	0x01	-0.0210	-0.0304	-0.1361	0.9900	344.42	356.87	357.15
2026-05-09T14:41:05.5827359+08:00	0x07	-0.0157	-0.0296	-0.2953	0.9548	325.69	357.29	357.28
2026-05-09T14:41:05.5827359+08:00	0x08	-0.0033	-0.0553	0.1024	0.9932	11.76	353.66	0.28
2026-05-09T14:41:05.5827359+08:00	0x02	0.0222	0.0055	-0.9634	0.2673	210.99	357.72	1.29
2026-05-09T14:41:05.5827359+08:00	0x04	-0.0134	-0.0249	-0.2579	0.9658	330.15	357.63	357.78
2026-05-09T14:41:05.5827359+08:00	0x09	0.0530	-0.0639	-0.6265	0.7750	282.09	350.47	0.12
2026-05-09T14:41:05.5827359+08:00	0x07	-0.0157	-0.0296	-0.2953	0.9548	325.69	357.29	357.28
2026-05-09T14:41:05.5827359+08:00	0x03	0.0081	-0.0157	0.2173	0.9760	25.08	358.44	1.29
2026-05-09T14:41:05.5827359+08:00	0x04	-0.0134	-0.0249	-0.2579	0.9658	330.15	357.63	357.78
2026-05-09T14:41:05.5827359+08:00	0x06	0.0696	0.1322	-0.9292	0.3379	219.61	357.61	17.02
2026-05-09T14:41:05.5827359+08:00	0x09	0.0530	-0.0639	-0.6265	0.7750	282.09	350.47	0.12
2026-05-09T14:41:05.5827359+08:00	0x05	-0.0006	0.0130	0.4389	0.8985	52.06	1.30	359.28
2026-05-09T14:41:05.5827359+08:00	0x07	-0.0157	-0.0296	-0.2953	0.9548	325.69	357.29	357.28
2026-05-09T14:41:05.5827359+08:00	0x08	-0.0032	-0.0553	0.1024	0.9932	11.76	353.66	0.28
2026-05-09T14:41:05.5827359+08:00	0x04	-0.0133	-0.0249	-0.2579	0.9658	330.15	357.63	357.79
2026-05-09T14:41:05.5827359+08:00	0x02	0.0222	0.0055	-0.9634	0.2673	210.99	357.72	1.29
2026-05-09T14:41:05.5827359+08:00	0x09	0.0530	-0.0639	-0.6265	0.7750	282.09	350.47	0.12
2026-05-09T14:41:05.5827359+08:00	0x03	0.0081	-0.0157	0.2173	0.9760	25.08	358.44	1.29
2026-05-09T14:41:05.5827359+08:00	0x08	-0.0032	-0.0553	0.1024	0.9932	11.76	353.66	0.28
2026-05-09T14:41:05.5827359+08:00	0x04	-0.0133	-0.0250	-0.2579	0.9658	330.15	357.63	357.79
2026-05-09T14:41:05.5827359+08:00	0x06	0.0662	0.1330	-0.9285	0.3402	219.96	358.05	16.98
2026-05-09T14:41:05.5827359+08:00	0x09	0.0530	-0.0639	-0.6265	0.7750	282.09	350.47	0.12
2026-05-09T14:41:05.5827359+08:00	0x07	-0.0157	-0.0296	-0.2953	0.9548	325.69	357.29	357.28
2026-05-09T14:41:05.5827359+08:00	0x03	0.0081	-0.0157	0.2173	0.9760	25.08	358.44	1.29
2026-05-09T14:41:05.5827359+08:00	0x04	-0.0133	-0.0250	-0.2579	0.9658	330.15	357.63	357.79
2026-05-09T14:41:05.5827359+08:00	0x06	0.0638	0.1320	-0.9279	0.3428	220.31	358.33	16.77
2026-05-09T14:41:05.5827359+08:00	0x09	0.0530	-0.0639	-0.6265	0.7750	282.09	350.48	0.12
2026-05-09T14:41:05.5827359+08:00	0x01	-0.0210	-0.0304	-0.1361	0.9900	344.42	356.87	357.15
2026-05-09T14:41:05.5827359+08:00	0x03	0.0081	-0.0157	0.2173	0.9760	25.08	358.44	1.29
2026-05-09T14:41:05.5827359+08:00	0x04	-0.0133	-0.0249	-0.2579	0.9658	330.15	357.63	357.79
2026-05-09T14:41:05.5827359+08:00	0x09	0.0530	-0.0639	-0.6265	0.7750	282.09	350.48	0.12
2026-05-09T14:41:05.5827359+08:00	0x07	-0.0157	-0.0296	-0.2953	0.9548	325.69	357.29	357.28
2026-05-09T14:41:05.5836936+08:00	0x03	0.0080	-0.0157	0.2173	0.9760	25.08	358.44	1.29
2026-05-09T14:41:05.5836936+08:00	0x08	-0.0032	-0.0553	0.1024	0.9932	11.76	353.66	0.28
2026-05-09T14:41:05.5836936+08:00	0x04	-0.0133	-0.0249	-0.2579	0.9658	330.15	357.63	357.79
2026-05-09T14:41:05.5836936+08:00	0x02	0.0222	0.0055	-0.9634	0.2673	210.98	357.72	1.29
2026-05-09T14:41:05.5836936+08:00	0x09	0.0530	-0.0639	-0.6265	0.7750	282.09	350.47	0.12
2026-05-09T14:41:05.5836936+08:00	0x05	-0.0006	0.0129	0.4389	0.8985	52.06	1.30	359.28
2026-05-09T14:41:05.5836936+08:00	0x01	-0.0210	-0.0304	-0.1361	0.9900	344.42	356.87	357.15
2026-05-09T14:41:05.5836936+08:00	0x08	-0.0033	-0.0553	0.1024	0.9932	11.76	353.66	0.28
2026-05-09T14:41:05.5836936+08:00	0x06	0.0678	0.1334	-0.9245	0.3505	221.23	358.09	17.11
2026-05-09T14:41:05.5836936+08:00	0x02	0.0222	0.0055	-0.9634	0.2673	210.99	357.72	1.29
2026-05-09T14:41:05.5836936+08:00	0x09	0.0530	-0.0639	-0.6265	0.7750	282.09	350.47	0.12
2026-05-09T14:41:05.5836936+08:00	0x07	-0.0157	-0.0296	-0.2953	0.9548	325.69	357.29	357.28
2026-05-09T14:41:05.5836936+08:00	0x08	-0.0033	-0.0553	0.1024	0.9932	11.76	353.66	0.28
2026-05-09T14:41:05.5836936+08:00	0x06	0.0725	0.1338	-0.9257	0.3463	220.64	357.51	17.33
2026-05-09T14:41:05.5836936+08:00	0x02	0.0222	0.0055	-0.9634	0.2673	210.98	357.72	1.29
2026-05-09T14:41:05.5836936+08:00	0x09	0.0530	-0.0639	-0.6265	0.7750	282.09	350.48	0.12
2026-05-09T14:41:05.5836936+08:00	0x07	-0.0157	-0.0296	-0.2953	0.9548	325.69	357.29	357.28
2026-05-09T14:41:05.5836936+08:00	0x03	0.0080	-0.0157	0.2173	0.9760	25.08	358.44	1.29
2026-05-09T14:41:05.5836936+08:00	0x06	0.0724	0.1336	-0.9272	0.3423	220.14	357.44	17.30
2026-05-09T14:41:05.5836936+08:00	0x02	0.0222	0.0055	-0.9634	0.2673	210.98	357.72	1.29
2026-05-09T14:41:05.5836936+08:00	0x09	0.0530	-0.0639	-0.6265	0.7750	282.09	350.48	0.12
2026-05-09T14:41:05.5836936+08:00	0x01	-0.0210	-0.0304	-0.1361	0.9900	344.42	356.87	357.15
2026-05-09T14:41:05.5836936+08:00	0x03	0.0081	-0.0157	0.2173	0.9760	25.08	358.44	1.29
2026-05-09T14:41:05.5836936+08:00	0x06	0.0717	0.1334	-0.9277	0.3414	220.02	357.48	17.24
2026-05-09T14:41:05.5836936+08:00	0x02	0.0222	0.0055	-0.9634	0.2673	210.98	357.72	1.29
2026-05-09T14:41:05.5836936+08:00	0x09	0.0530	-0.0639	-0.6265	0.7750	282.09	350.48	0.12
2026-05-09T14:41:05.5836936+08:00	0x07	-0.0157	-0.0296	-0.2953	0.9548	325.69	357.29	357.28
2026-05-09T14:41:05.5836936+08:00	0x01	-0.0210	-0.0304	-0.1361	0.9900	344.42	356.87	357.15
2026-05-09T14:41:05.5836936+08:00	0x04	-0.0134	-0.0249	-0.2579	0.9658	330.15	357.63	357.78
2026-05-09T14:41:05.5836936+08:00	0x06	0.0720	0.1333	-0.9279	0.3406	219.92	357.43	17.25
2026-05-09T14:41:05.5836936+08:00	0x09	0.0530	-0.0639	-0.6265	0.7750	282.09	350.48	0.12
2026-05-09T14:41:05.5836936+08:00	0x07	-0.0157	-0.0296	-0.2953	0.9548	325.69	357.29	357.28
2026-05-09T14:41:05.5836936+08:00	0x01	-0.0210	-0.0304	-0.1361	0.9900	344.42	356.87	357.15
2026-05-09T14:41:05.5836936+08:00	0x06	0.0724	0.1331	-0.9281	0.3400	219.84	357.37	17.24
2026-05-09T14:41:05.5836936+08:00	0x02	0.0222	0.0056	-0.9634	0.2673	210.98	357.72	1.29
2026-05-09T14:41:05.5836936+08:00	0x05	-0.0007	0.0130	0.4389	0.8985	52.06	1.30	359.27
2026-05-09T14:41:05.5836936+08:00	0x09	0.0530	-0.0639	-0.6265	0.7750	282.09	350.48	0.12
2026-05-09T14:41:05.5836936+08:00	0x07	-0.0157	-0.0296	-0.2953	0.9548	325.69	357.29	357.28
2026-05-09T14:41:05.5846905+08:00	0x01	-0.0210	-0.0304	-0.1361	0.9900	344.42	356.87	357.14
2026-05-09T14:41:05.5846905+08:00	0x06	0.0718	0.1332	-0.9282	0.3400	219.85	357.44	17.22
2026-05-09T14:41:05.5846905+08:00	0x04	-0.0134	-0.0249	-0.2579	0.9658	330.15	357.63	357.78
2026-05-09T14:41:05.5846905+08:00	0x02	0.0222	0.0056	-0.9634	0.2673	210.98	357.72	1.29
2026-05-09T14:41:05.5846905+08:00	0x09	0.0530	-0.0639	-0.6265	0.7750	282.09	350.48	0.12
2026-05-09T14:41:05.5846905+08:00	0x07	-0.0157	-0.0296	-0.2953	0.9548	325.69	357.29	357.28
2026-05-09T14:41:05.5846905+08:00	0x03	0.0081	-0.0157	0.2173	0.9760	25.08	358.44	1.29
2026-05-09T14:41:05.5846905+08:00	0x06	0.0708	0.1325	-0.9282	0.3403	219.89	357.53	17.11
2026-05-09T14:41:05.5846905+08:00	0x04	-0.0133	-0.0249	-0.2579	0.9658	330.15	357.63	357.79
2026-05-09T14:41:05.5846905+08:00	0x09	0.0530	-0.0639	-0.6265	0.7750	282.09	350.48	0.12
2026-05-09T14:41:05.5846905+08:00	0x07	-0.0157	-0.0296	-0.2953	0.9548	325.69	357.29	357.28
2026-05-09T14:41:05.5846905+08:00	0x03	0.0081	-0.0157	0.2173	0.9760	25.08	358.44	1.29
2026-05-09T14:41:05.5846905+08:00	0x06	0.0730	0.1321	-0.9287	0.3387	219.66	357.23	17.15
2026-05-09T14:41:05.5846905+08:00	0x04	-0.0133	-0.0249	-0.2579	0.9658	330.15	357.63	357.79
2026-05-09T14:41:05.5846905+08:00	0x09	0.0530	-0.0639	-0.6265	0.7750	282.09	350.48	0.12
2026-05-09T14:41:05.5846905+08:00	0x02	0.0222	0.0056	-0.9634	0.2673	210.99	357.72	1.29
2026-05-09T14:41:05.5846905+08:00	0x07	-0.0157	-0.0296	-0.2953	0.9548	325.69	357.29	357.28
2026-05-09T14:41:05.5846905+08:00	0x03	0.0081	-0.0157	0.2173	0.9760	25.08	358.44	1.29
2026-05-09T14:41:05.5846905+08:00	0x06	0.0731	0.1314	-0.9291	0.3380	219.56	357.19	17.07
2026-05-09T14:41:05.5846905+08:00	0x02	0.0222	0.0055	-0.9634	0.2673	210.99	357.72	1.29
2026-05-09T14:41:05.5846905+08:00	0x05	-0.0007	0.0130	0.4389	0.8985	52.06	1.30	359.28
2026-05-09T14:41:05.5846905+08:00	0x09	0.0530	-0.0639	-0.6265	0.7750	282.09	350.48	0.12
2026-05-09T14:41:05.5846905+08:00	0x01	-0.0210	-0.0304	-0.1361	0.9900	344.42	356.87	357.15
2026-05-09T14:41:05.5846905+08:00	0x07	-0.0157	-0.0296	-0.2953	0.9548	325.69	357.29	357.28
2026-05-09T14:41:05.5846905+08:00	0x08	-0.0032	-0.0553	0.1024	0.9932	11.76	353.66	0.28
2026-05-09T14:41:05.5846905+08:00	0x03	0.0080	-0.0157	0.2173	0.9760	25.08	358.44	1.29
2026-05-09T14:41:05.5846905+08:00	0x06	0.0704	0.1293	-0.9290	0.3395	219.77	357.43	16.74
2026-05-09T14:41:05.5846905+08:00	0x04	-0.0133	-0.0249	-0.2579	0.9658	330.15	357.63	357.79
2026-05-09T14:41:05.5846905+08:00	0x02	0.0222	0.0055	-0.9634	0.2673	210.99	357.72	1.29
2026-05-09T14:41:05.5846905+08:00	0x09	0.0530	-0.0639	-0.6265	0.7750	282.09	350.48	0.12
2026-05-09T14:41:05.5846905+08:00	0x08	-0.0032	-0.0553	0.1024	0.9932	11.76	353.66	0.28
2026-05-09T14:41:05.5846905+08:00	0x01	-0.0210	-0.0304	-0.1361	0.9900	344.42	356.87	357.15
2026-05-09T14:41:05.5846905+08:00	0x03	0.0081	-0.0157	0.2173	0.9760	25.08	358.44	1.29
2026-05-09T14:41:05.5846905+08:00	0x06	0.0714	0.1310	-0.9285	0.3400	219.83	357.39	16.97
2026-05-09T14:41:05.5846905+08:00	0x02	0.0222	0.0055	-0.9634	0.2673	210.99	357.72	1.29
2026-05-09T14:41:05.5846905+08:00	0x09	0.0530	-0.0639	-0.6265	0.7750	282.09	350.48	0.12
2026-05-09T14:41:05.5846905+08:00	0x08	-0.0032	-0.0553	0.1024	0.9932	11.76	353.66	0.28
2026-05-09T14:41:05.5846905+08:00	0x03	0.0080	-0.0157	0.2173	0.9760	25.08	358.44	1.29
2026-05-09T14:41:05.5846905+08:00	0x07	-0.0157	-0.0296	-0.2953	0.9548	325.69	357.29	357.28
2026-05-09T14:41:05.5856884+08:00	0x04	-0.0134	-0.0249	-0.2579	0.9658	330.15	357.63	357.78
2026-05-09T14:41:05.5856884+08:00	0x06	0.0751	0.1323	-0.9292	0.3369	219.40	356.97	17.24
2026-05-09T14:41:05.5856884+08:00	0x09	0.0530	-0.0639	-0.6265	0.7750	282.09	350.48	0.12
2026-05-09T14:41:05.5856884+08:00	0x01	-0.0210	-0.0304	-0.1361	0.9900	344.42	356.87	357.15
2026-05-09T14:41:05.5856884+08:00	0x08	-0.0032	-0.0553	0.1024	0.9932	11.76	353.66	0.28
2026-05-09T14:41:05.5856884+08:00	0x07	-0.0157	-0.0296	-0.2953	0.9548	325.69	357.29	357.28
2026-05-09T14:41:05.5856884+08:00	0x06	0.0749	0.1322	-0.9299	0.3350	219.16	356.96	17.22
2026-05-09T14:41:05.5856884+08:00	0x02	0.0222	0.0055	-0.9634	0.2673	210.99	357.72	1.29
2026-05-09T14:41:05.5856884+08:00	0x09	0.0530	-0.0639	-0.6265	0.7750	282.09	350.47	0.12
2026-05-09T14:41:05.5856884+08:00	0x08	-0.0032	-0.0553	0.1024	0.9932	11.76	353.66	0.28
2026-05-09T14:41:05.5856884+08:00	0x07	-0.0157	-0.0296	-0.2953	0.9548	325.69	357.29	357.28
2026-05-09T14:41:05.5856884+08:00	0x03	0.0080	-0.0157	0.2173	0.9760	25.08	358.44	1.29
2026-05-09T14:41:05.5856884+08:00	0x02	0.0222	0.0055	-0.9634	0.2673	210.99	357.72	1.29
2026-05-09T14:41:05.5856884+08:00	0x06	0.0752	0.1320	-0.9306	0.3329	218.90	356.88	17.20
2026-05-09T14:41:05.5856884+08:00	0x09	0.0530	-0.0639	-0.6265	0.7750	282.09	350.47	0.12
2026-05-09T14:41:05.5856884+08:00	0x05	-0.0007	0.0129	0.4389	0.8985	52.06	1.30	359.28
2026-05-09T14:41:05.5856884+08:00	0x01	-0.0210	-0.0304	-0.1361	0.9900	344.42	356.87	357.15
2026-05-09T14:41:05.5856884+08:00	0x07	-0.0157	-0.0296	-0.2953	0.9548	325.69	357.29	357.28
2026-05-09T14:41:05.5856884+08:00	0x03	0.0081	-0.0157	0.2173	0.9760	25.08	358.44	1.29
2026-05-09T14:41:05.5856884+08:00	0x06	0.0756	0.1315	-0.9311	0.3318	218.74	356.79	17.16
2026-05-09T14:41:05.5856884+08:00	0x04	-0.0133	-0.0249	-0.2579	0.9658	330.15	357.63	357.79
2026-05-09T14:41:05.5856884+08:00	0x09	0.0530	-0.0639	-0.6265	0.7750	282.09	350.47	0.12
2026-05-09T14:41:05.5856884+08:00	0x01	-0.0210	-0.0304	-0.1361	0.9900	344.42	356.87	357.15
2026-05-09T14:41:05.5856884+08:00	0x07	-0.0157	-0.0296	-0.2953	0.9548	325.69	357.29	357.28
2026-05-09T14:41:05.5856884+08:00	0x08	-0.0033	-0.0553	0.1024	0.9932	11.76	353.66	0.28
2026-05-09T14:41:05.5856884+08:00	0x02	0.0222	0.0055	-0.9634	0.2673	210.99	357.72	1.29
2026-05-09T14:41:05.5856884+08:00	0x06	0.0751	0.1313	-0.9311	0.3318	218.75	356.83	17.12
2026-05-09T14:41:05.5856884+08:00	0x03	0.0081	-0.0157	0.2173	0.9760	25.08	358.44	1.29
2026-05-09T14:41:05.5856884+08:00	0x01	-0.0209	-0.0304	-0.1361	0.9900	344.42	356.87	357.15
2026-05-09T14:41:05.5856884+08:00	0x07	-0.0157	-0.0296	-0.2953	0.9548	325.69	357.29	357.28
2026-05-09T14:41:05.5856884+08:00	0x03	0.0081	-0.0157	0.2173	0.9760	25.08	358.44	1.29
2026-05-09T14:41:05.5856884+08:00	0x02	0.0222	0.0055	-0.9634	0.2673	210.99	357.72	1.29
2026-05-09T14:41:05.5856884+08:00	0x09	0.0530	-0.0639	-0.6265	0.7750	282.09	350.47	0.12
2026-05-09T14:41:05.5856884+08:00	0x07	-0.0157	-0.0296	-0.2953	0.9548	325.69	357.29	357.28
2026-05-09T14:41:05.5856884+08:00	0x03	0.0081	-0.0157	0.2173	0.9760	25.08	358.44	1.29
2026-05-09T14:41:05.5856884+08:00	0x02	0.0222	0.0055	-0.9634	0.2673	210.99	357.72	1.29
2026-05-09T14:41:05.5856884+08:00	0x06	0.0759	0.1310	-0.9315	0.3306	218.59	356.71	17.11
2026-05-09T14:41:05.5856884+08:00	0x09	0.0530	-0.0639	-0.6265	0.7750	282.09	350.47	0.12
2026-05-09T14:41:05.5866851+08:00	0x01	-0.0210	-0.0304	-0.1361	0.9900	344.42	356.87	357.15
2026-05-09T14:41:05.5866851+08:00	0x07	-0.0157	-0.0296	-0.2953	0.9548	325.69	357.29	357.28
2026-05-09T14:41:05.5866851+08:00	0x08	-0.0033	-0.0553	0.1024	0.9932	11.76	353.66	0.28
2026-05-09T14:41:05.5866851+08:00	0x06	0.0758	0.1314	-0.9318	0.3299	218.50	356.73	17.16
2026-05-09T14:41:05.5866851+08:00	0x09	0.0530	-0.0639	-0.6265	0.7750	282.09	350.47	0.12
2026-05-09T14:41:05.5866851+08:00	0x05	-0.0007	0.0130	0.4389	0.8985	52.06	1.30	359.28
2026-05-09T14:41:05.5866851+08:00	0x07	-0.0157	-0.0296	-0.2953	0.9548	325.69	357.28	357.28
2026-05-09T14:41:05.5866851+08:00	0x08	-0.0033	-0.0553	0.1024	0.9932	11.76	353.66	0.28
2026-05-09T14:41:05.5866851+08:00	0x03	0.0081	-0.0157	0.2173	0.9760	25.08	358.44	1.29
2026-05-09T14:41:05.5866851+08:00	0x04	-0.0133	-0.0249	-0.2579	0.9658	330.15	357.64	357.79
2026-05-09T14:41:05.5866851+08:00	0x01	-0.0210	-0.0304	-0.1361	0.9900	344.42	356.88	357.15
2026-05-09T14:41:05.5866851+08:00	0x09	0.0530	-0.0639	-0.6265	0.7750	282.09	350.47	0.12
2026-05-09T14:41:05.5866851+08:00	0x03	0.0081	-0.0157	0.2173	0.9760	25.08	358.44	1.29
2026-05-09T14:41:05.5866851+08:00	0x04	-0.0133	-0.0249	-0.2579	0.9658	330.15	357.63	357.79
2026-05-09T14:41:05.5866851+08:00	0x02	0.0222	0.0055	-0.9634	0.2673	210.99	357.72	1.29
2026-05-09T14:41:05.5866851+08:00	0x09	0.0530	-0.0639	-0.6265	0.7750	282.09	350.48	0.12
2026-05-09T14:41:05.5866851+08:00	0x01	-0.0210	-0.0304	-0.1361	0.9900	344.42	356.87	357.15
2026-05-09T14:41:05.5866851+08:00	0x07	-0.0157	-0.0296	-0.2953	0.9548	325.69	357.29	357.28
2026-05-09T14:41:05.5866851+08:00	0x03	0.0080	-0.0158	0.2173	0.9760	25.08	358.43	1.29
2026-05-09T14:41:05.5866851+08:00	0x02	0.0222	0.0055	-0.9634	0.2673	210.98	357.72	1.29
2026-05-09T14:41:05.5866851+08:00	0x06	0.0733	0.1307	-0.9309	0.3331	218.94	357.04	16.99
2026-05-09T14:41:05.5866851+08:00	0x01	-0.0210	-0.0304	-0.1361	0.9900	344.42	356.87	357.15
2026-05-09T14:41:05.5866851+08:00	0x09	0.0530	-0.0639	-0.6265	0.7750	282.09	350.48	0.12
2026-05-09T14:41:05.5866851+08:00	0x03	0.0081	-0.0158	0.2173	0.9760	25.08	358.44	1.29
2026-05-09T14:41:05.5866851+08:00	0x04	-0.0133	-0.0249	-0.2579	0.9658	330.15	357.63	357.79
2026-05-09T14:41:05.5866851+08:00	0x02	0.0222	0.0055	-0.9634	0.2673	210.99	357.72	1.29
2026-05-09T14:41:05.5866851+08:00	0x09	0.0530	-0.0639	-0.6265	0.7750	282.09	350.48	0.12
2026-05-09T14:41:05.5866851+08:00	0x01	-0.0210	-0.0304	-0.1361	0.9900	344.42	356.87	357.15
2026-05-09T14:41:05.5866851+08:00	0x07	-0.0157	-0.0296	-0.2953	0.9548	325.69	357.29	357.28
2026-05-09T14:41:05.5866851+08:00	0x08	-0.0032	-0.0553	0.1024	0.9932	11.76	353.66	0.28
2026-05-09T14:41:05.5866851+08:00	0x03	0.0081	-0.0157	0.2173	0.9760	25.08	358.44	1.29
2026-05-09T14:41:05.5866851+08:00	0x02	0.0222	0.0055	-0.9634	0.2673	210.99	357.72	1.29
2026-05-09T14:41:05.5866851+08:00	0x09	0.0530	-0.0639	-0.6265	0.7750	282.09	350.48	0.12
2026-05-09T14:41:05.5866851+08:00	0x08	-0.0032	-0.0553	0.1024	0.9932	11.76	353.66	0.28
2026-05-09T14:41:05.5876834+08:00	0x03	0.0081	-0.0157	0.2173	0.9760	25.08	358.44	1.29
2026-05-09T14:41:05.5876834+08:00	0x04	-0.0133	-0.0249	-0.2579	0.9658	330.15	357.63	357.79
2026-05-09T14:41:05.5876834+08:00	0x02	0.0222	0.0055	-0.9634	0.2673	210.99	357.72	1.29
2026-05-09T14:41:05.5876834+08:00	0x09	0.0530	-0.0639	-0.6265	0.7750	282.09	350.48	0.12
2026-05-09T14:41:05.5876834+08:00	0x01	-0.0209	-0.0304	-0.1361	0.9900	344.42	356.87	357.15
2026-05-09T14:41:05.5876834+08:00	0x07	-0.0157	-0.0296	-0.2953	0.9548	325.69	357.29	357.28
2026-05-09T14:41:05.5876834+08:00	0x08	-0.0032	-0.0553	0.1024	0.9932	11.76	353.66	0.28
2026-05-09T14:41:05.5876834+08:00	0x06	0.0727	0.1296	-0.9305	0.3349	219.16	357.10	16.85
2026-05-09T14:41:05.5876834+08:00	0x04	-0.0133	-0.0249	-0.2579	0.9658	330.15	357.63	357.79
2026-05-09T14:41:05.5876834+08:00	0x09	0.0530	-0.0639	-0.6265	0.7750	282.09	350.48	0.12
2026-05-09T14:41:05.5876834+08:00	0x01	-0.0210	-0.0304	-0.1361	0.9900	344.42	356.87	357.15
2026-05-09T14:41:05.5876834+08:00	0x07	-0.0157	-0.0296	-0.2953	0.9548	325.69	357.29	357.28
2026-05-09T14:41:05.5876834+08:00	0x06	0.0726	0.1316	-0.9296	0.3364	219.37	357.21	17.07
2026-05-09T14:41:05.5876834+08:00	0x04	-0.0133	-0.0249	-0.2579	0.9658	330.15	357.64	357.79
2026-05-09T14:41:05.5876834+08:00	0x09	0.0530	-0.0639	-0.6265	0.7750	282.09	350.48	0.12
2026-05-09T14:41:05.5876834+08:00	0x01	-0.0210	-0.0304	-0.1361	0.9900	344.42	356.87	357.15
2026-05-09T14:41:05.5876834+08:00	0x05	-0.0007	0.0130	0.4389	0.8985	52.06	1.30	359.28
2026-05-09T14:41:05.5876834+08:00	0x07	-0.0157	-0.0296	-0.2953	0.9548	325.69	357.29	357.28
2026-05-09T14:41:05.5876834+08:00	0x02	0.0222	0.0055	-0.9634	0.2673	210.99	357.72	1.29
2026-05-09T14:41:05.5876834+08:00	0x06	0.0730	0.1325	-0.9293	0.3369	219.44	357.22	17.19
2026-05-09T14:41:05.5876834+08:00	0x04	-0.0133	-0.0249	-0.2579	0.9658	330.15	357.64	357.79
2026-05-09T14:41:05.5876834+08:00	0x09	0.0530	-0.0639	-0.6265	0.7750	282.09	350.48	0.12
2026-05-09T14:41:05.5876834+08:00	0x05	-0.0006	0.0130	0.4389	0.8985	52.06	1.30	359.28
2026-05-09T14:41:05.5876834+08:00	0x07	-0.0157	-0.0296	-0.2953	0.9548	325.69	357.29	357.28
2026-05-09T14:41:05.5876834+08:00	0x02	0.0222	0.0056	-0.9634	0.2673	210.99	357.72	1.29
2026-05-09T14:41:05.5876834+08:00	0x04	-0.0133	-0.0249	-0.2579	0.9658	330.15	357.63	357.79
2026-05-09T14:41:05.5876834+08:00	0x09	0.0530	-0.0639	-0.6265	0.7750	282.09	350.48	0.12
2026-05-09T14:41:05.5876834+08:00	0x03	0.0081	-0.0157	0.2173	0.9760	25.08	358.44	1.29
2026-05-09T14:41:05.5876834+08:00	0x01	-0.0210	-0.0304	-0.1361	0.9900	344.42	356.87	357.15
2026-05-09T14:41:05.5876834+08:00	0x07	-0.0157	-0.0296	-0.2953	0.9548	325.69	357.29	357.28
2026-05-09T14:41:05.5876834+08:00	0x08	-0.0032	-0.0553	0.1024	0.9932	11.76	353.66	0.28
2026-05-09T14:41:05.5876834+08:00	0x03	0.0081	-0.0157	0.2173	0.9760	25.08	358.44	1.29
2026-05-09T14:41:05.5876834+08:00	0x06	0.0682	0.1314	-0.9322	0.3304	218.67	357.59	16.86
2026-05-09T14:41:05.5876834+08:00	0x09	0.0530	-0.0639	-0.6265	0.7750	282.09	350.48	0.12
2026-05-09T14:41:05.5886808+08:00	0x01	-0.0210	-0.0304	-0.1361	0.9900	344.42	356.87	357.15
2026-05-09T14:41:05.5886808+08:00	0x07	-0.0157	-0.0296	-0.2953	0.9548	325.69	357.29	357.28
2026-05-09T14:41:05.5886808+08:00	0x08	-0.0032	-0.0553	0.1024	0.9932	11.76	353.66	0.28
2026-05-09T14:41:05.5886808+08:00	0x06	0.0730	0.1316	-0.9320	0.3296	218.51	357.04	17.06
2026-05-09T14:41:05.5886808+08:00	0x02	0.0222	0.0056	-0.9634	0.2673	210.99	357.72	1.29
2026-05-09T14:41:05.5886808+08:00	0x09	0.0530	-0.0639	-0.6265	0.7750	282.09	350.48	0.12
2026-05-09T14:41:05.5886808+08:00	0x01	-0.0210	-0.0304	-0.1361	0.9900	344.42	356.87	357.15
2026-05-09T14:41:05.5886808+08:00	0x07	-0.0157	-0.0296	-0.2953	0.9548	325.69	357.28	357.28
2026-05-09T14:41:05.5886808+08:00	0x08	-0.0032	-0.0553	0.1024	0.9932	11.76	353.66	0.28
2026-05-09T14:41:05.5886808+08:00	0x06	0.0775	0.1316	-0.9320	0.3288	218.34	356.52	17.23
2026-05-09T14:41:05.5886808+08:00	0x09	0.0530	-0.0639	-0.6265	0.7750	282.09	350.47	0.12
2026-05-09T14:41:05.5886808+08:00	0x01	-0.0210	-0.0304	-0.1361	0.9900	344.42	356.87	357.15
2026-05-09T14:41:05.5886808+08:00	0x07	-0.0157	-0.0296	-0.2953	0.9548	325.69	357.28	357.28
2026-05-09T14:41:05.5886808+08:00	0x08	-0.0032	-0.0553	0.1024	0.9932	11.76	353.66	0.28
2026-05-09T14:41:05.5886808+08:00	0x03	0.0080	-0.0157	0.2173	0.9760	25.08	358.44	1.29
2026-05-09T14:41:05.5886808+08:00	0x09	0.0530	-0.0639	-0.6265	0.7750	282.09	350.48	0.12
2026-05-09T14:41:05.5886808+08:00	0x05	-0.0007	0.0130	0.4389	0.8984	52.07	1.30	359.27
2026-05-09T14:41:05.5886808+08:00	0x07	-0.0157	-0.0296	-0.2953	0.9548	325.69	357.28	357.28
2026-05-09T14:41:05.5886808+08:00	0x03	0.0080	-0.0157	0.2173	0.9760	25.08	358.44	1.29
2026-05-09T14:41:05.5886808+08:00	0x02	0.0222	0.0055	-0.9634	0.2673	210.99	357.72	1.29
2026-05-09T14:41:05.5886808+08:00	0x09	0.0530	-0.0639	-0.6265	0.7750	282.09	350.48	0.12
2026-05-09T14:41:05.5886808+08:00	0x07	-0.0157	-0.0296	-0.2953	0.9548	325.69	357.28	357.28
2026-05-09T14:41:05.5886808+08:00	0x03	0.0080	-0.0157	0.2173	0.9760	25.08	358.44	1.29
2026-05-09T14:41:05.5886808+08:00	0x09	0.0530	-0.0639	-0.6265	0.7750	282.09	350.48	0.12
2026-05-09T14:41:05.5886808+08:00	0x01	-0.0209	-0.0303	-0.1361	0.9900	344.42	356.88	357.15
2026-05-09T14:41:05.5886808+08:00	0x07	-0.0157	-0.0296	-0.2953	0.9548	325.69	357.28	357.28
2026-05-09T14:41:05.5886808+08:00	0x08	-0.0032	-0.0553	0.1024	0.9932	11.76	353.66	0.28
2026-05-09T14:41:05.5886808+08:00	0x06	0.0677	0.1312	-0.9278	0.3427	220.23	357.86	16.85
2026-05-09T14:41:05.5886808+08:00	0x03	0.0081	-0.0157	0.2173	0.9760	25.08	358.44	1.29
2026-05-09T14:41:05.5886808+08:00	0x09	0.0530	-0.0639	-0.6265	0.7750	282.09	350.48	0.12
2026-05-09T14:41:05.5886808+08:00	0x04	-0.0134	-0.0249	-0.2579	0.9658	330.15	357.63	357.78
2026-05-09T14:41:05.5886808+08:00	0x07	-0.0157	-0.0296	-0.2953	0.9548	325.69	357.29	357.28
2026-05-09T14:41:05.5886808+08:00	0x08	-0.0032	-0.0553	0.1024	0.9932	11.76	353.66	0.28
2026-05-09T14:41:05.5886808+08:00	0x06	0.0614	0.1288	-0.9270	0.3468	220.81	358.54	16.34
2026-05-09T14:41:05.5886808+08:00	0x04	-0.0134	-0.0249	-0.2579	0.9658	330.15	357.63	357.78
2026-05-09T14:41:05.5886808+08:00	0x02	0.0222	0.0056	-0.9634	0.2673	210.99	357.72	1.29
2026-05-09T14:41:05.5886808+08:00	0x05	-0.0008	0.0130	0.4393	0.8983	52.11	1.30	359.27
2026-05-09T14:41:05.5886808+08:00	0x01	-0.0209	-0.0304	-0.1361	0.9900	344.42	356.88	357.15
2026-05-09T14:41:05.5896781+08:00	0x07	-0.0157	-0.0296	-0.2953	0.9548	325.69	357.29	357.28
2026-05-09T14:41:05.5896781+08:00	0x03	0.0081	-0.0157	0.2173	0.9760	25.08	358.44	1.29
2026-05-09T14:41:05.5896781+08:00	0x04	-0.0134	-0.0249	-0.2579	0.9658	330.15	357.63	357.78
2026-05-09T14:41:05.5896781+08:00	0x02	0.0222	0.0055	-0.9634	0.2673	210.98	357.72	1.29
2026-05-09T14:41:05.5896781+08:00	0x01	-0.0209	-0.0304	-0.1361	0.9900	344.42	356.88	357.15
2026-05-09T14:41:05.5896781+08:00	0x07	-0.0157	-0.0296	-0.2953	0.9548	325.69	357.29	357.28
2026-05-09T14:41:05.5896781+08:00	0x03	0.0081	-0.0157	0.2173	0.9760	25.08	358.44	1.30
2026-05-09T14:41:05.5896781+08:00	0x08	-0.0032	-0.0553	0.1024	0.9932	11.76	353.66	0.28
2026-05-09T14:41:05.5896781+08:00	0x02	0.0222	0.0055	-0.9634	0.2673	210.99	357.72	1.29
2026-05-09T14:41:05.5896781+08:00	0x01	-0.0209	-0.0304	-0.1361	0.9900	344.42	356.88	357.15
2026-05-09T14:41:05.5896781+08:00	0x07	-0.0157	-0.0296	-0.2953	0.9548	325.69	357.29	357.28
2026-05-09T14:41:05.5896781+08:00	0x08	-0.0032	-0.0553	0.1024	0.9932	11.76	353.66	0.28
2026-05-09T14:41:05.5896781+08:00	0x03	0.0081	-0.0157	0.2173	0.9760	25.08	358.44	1.30
2026-05-09T14:41:05.5896781+08:00	0x02	0.0222	0.0055	-0.9634	0.2673	210.99	357.72	1.29
2026-05-09T14:41:05.5896781+08:00	0x09	0.0530	-0.0639	-0.6265	0.7750	282.09	350.48	0.12
2026-05-09T14:41:05.5896781+08:00	0x01	-0.0209	-0.0304	-0.1361	0.9900	344.42	356.88	357.15
2026-05-09T14:41:05.5896781+08:00	0x07	-0.0157	-0.0296	-0.2953	0.9548	325.69	357.28	357.28
2026-05-09T14:41:05.5896781+08:00	0x03	0.0081	-0.0157	0.2173	0.9760	25.08	358.44	1.29
2026-05-09T14:41:05.5896781+08:00	0x04	-0.0134	-0.0249	-0.2579	0.9658	330.15	357.63	357.78
2026-05-09T14:41:05.5896781+08:00	0x09	0.0530	-0.0639	-0.6265	0.7750	282.09	350.48	0.12
2026-05-09T14:41:05.5896781+08:00	0x01	-0.0209	-0.0304	-0.1361	0.9900	344.42	356.87	357.15
2026-05-09T14:41:05.5896781+08:00	0x07	-0.0157	-0.0296	-0.2953	0.9548	325.69	357.28	357.28
2026-05-09T14:41:05.5896781+08:00	0x03	0.0080	-0.0157	0.2173	0.9760	25.08	358.44	1.29
2026-05-09T14:41:05.5896781+08:00	0x06	-0.0116	0.1653	-0.8404	0.5159	244.63	11.37	15.42
2026-05-09T14:41:05.5896781+08:00	0x09	0.0530	-0.0639	-0.6265	0.7750	282.09	350.48	0.12
2026-05-09T14:41:05.5896781+08:00	0x04	-0.0134	-0.0249	-0.2579	0.9658	330.15	357.63	357.78
2026-05-09T14:41:05.5896781+08:00	0x01	-0.0210	-0.0304	-0.1361	0.9900	344.42	356.87	357.15
2026-05-09T14:41:05.5896781+08:00	0x07	-0.0157	-0.0296	-0.2953	0.9548	325.69	357.28	357.28
2026-05-09T14:41:05.5896781+08:00	0x06	-0.0140	0.1657	-0.8275	0.5363	247.49	12.01	15.02
2026-05-09T14:41:05.5896781+08:00	0x09	0.0530	-0.0639	-0.6265	0.7750	282.09	350.48	0.12
2026-05-09T14:41:05.5896781+08:00	0x05	-0.0007	0.0130	0.4392	0.8983	52.10	1.30	359.27
2026-05-09T14:41:05.5896781+08:00	0x01	-0.0210	-0.0304	-0.1361	0.9900	344.42	356.87	357.15
2026-05-09T14:41:05.5896781+08:00	0x07	-0.0157	-0.0296	-0.2953	0.9548	325.69	357.29	357.28
2026-05-09T14:41:05.5896781+08:00	0x08	-0.0032	-0.0553	0.1024	0.9932	11.76	353.66	0.28
2026-05-09T14:41:05.5896781+08:00	0x03	0.0081	-0.0157	0.2173	0.9760	25.08	358.44	1.29
2026-05-09T14:41:05.5896781+08:00	0x02	0.0222	0.0056	-0.9634	0.2673	210.99	357.72	1.29
2026-05-09T14:41:05.5896781+08:00	0x09	0.0530	-0.0639	-0.6265	0.7750	282.09	350.48	0.12
2026-05-09T14:41:05.5896781+08:00	0x01	-0.0209	-0.0304	-0.1361	0.9900	344.42	356.87	357.15
2026-05-09T14:41:05.5896781+08:00	0x07	-0.0157	-0.0296	-0.2953	0.9548	325.69	357.29	357.28
2026-05-09T14:41:05.5906770+08:00	0x02	0.0222	0.0056	-0.9634	0.2673	210.99	357.72	1.29
2026-05-09T14:41:05.5906770+08:00	0x09	0.0530	-0.0639	-0.6265	0.7750	282.09	350.47	0.12
2026-05-09T14:41:05.5906770+08:00	0x01	-0.0210	-0.0304	-0.1361	0.9900	344.42	356.87	357.15
2026-05-09T14:41:05.5906770+08:00	0x03	0.0080	-0.0158	0.2173	0.9760	25.08	358.43	1.29
2026-05-09T14:41:05.5906770+08:00	0x07	-0.0157	-0.0296	-0.2953	0.9548	325.69	357.29	357.28
2026-05-09T14:41:05.5906770+08:00	0x04	-0.0134	-0.0250	-0.2579	0.9658	330.15	357.63	357.78
2026-05-09T14:41:05.5906770+08:00	0x06	0.0353	0.1481	-0.8514	0.5019	241.81	5.30	16.72
2026-05-09T14:41:05.5906770+08:00	0x01	-0.0210	-0.0304	-0.1361	0.9900	344.42	356.87	357.15
2026-05-09T14:41:05.5906770+08:00	0x07	-0.0157	-0.0296	-0.2953	0.9548	325.69	357.29	357.28
2026-05-09T14:41:05.5906770+08:00	0x02	0.0222	0.0056	-0.9634	0.2673	210.99	357.72	1.29
2026-05-09T14:41:05.5906770+08:00	0x09	0.0530	-0.0639	-0.6265	0.7750	282.09	350.47	0.12
2026-05-09T14:41:05.5906770+08:00	0x06	0.0432	0.1465	-0.8636	0.4805	238.78	3.97	17.13
2026-05-09T14:41:05.5906770+08:00	0x01	-0.0210	-0.0304	-0.1361	0.9900	344.42	356.87	357.15
2026-05-09T14:41:05.5906770+08:00	0x08	-0.0032	-0.0553	0.1024	0.9932	11.76	353.66	0.28
2026-05-09T14:41:05.5906770+08:00	0x03	0.0080	-0.0157	0.2173	0.9760	25.08	358.44	1.29
2026-05-09T14:41:05.5906770+08:00	0x07	-0.0157	-0.0296	-0.2953	0.9548	325.69	357.28	357.28
2026-05-09T14:41:05.5906770+08:00	0x06	0.0504	0.1473	-0.8759	0.4566	235.50	2.78	17.70
2026-05-09T14:41:05.5906770+08:00	0x04	-0.0134	-0.0250	-0.2579	0.9658	330.15	357.63	357.78
2026-05-09T14:41:05.5906770+08:00	0x09	0.0530	-0.0639	-0.6265	0.7750	282.09	350.47	0.12
2026-05-09T14:41:05.5911909+08:00	0x05	-0.0007	0.0130	0.4391	0.8984	52.09	1.30	359.27
2026-05-09T14:41:05.5911909+08:00	0x03	0.0080	-0.0157	0.2173	0.9760	25.08	358.44	1.29
2026-05-09T14:41:05.5911909+08:00	0x07	-0.0157	-0.0296	-0.2953	0.9548	325.69	357.28	357.28
2026-05-09T14:41:05.5911909+08:00	0x06	0.0526	0.1484	-0.8850	0.4382	233.03	2.22	17.99
2026-05-09T14:41:05.5911909+08:00	0x01	-0.0210	-0.0304	-0.1361	0.9900	344.42	356.87	357.15
2026-05-09T14:41:05.5911909+08:00	0x03	0.0080	-0.0158	0.2173	0.9760	25.08	358.43	1.29
2026-05-09T14:41:05.5911909+08:00	0x08	-0.0032	-0.0552	0.1024	0.9932	11.76	353.66	0.28
2026-05-09T14:41:05.5911909+08:00	0x02	0.0222	0.0056	-0.9634	0.2673	210.98	357.72	1.29
2026-05-09T14:41:05.5911909+08:00	0x09	0.0530	-0.0639	-0.6265	0.7750	282.09	350.47	0.12
2026-05-09T14:41:05.5911909+08:00	0x04	-0.0134	-0.0250	-0.2579	0.9658	330.15	357.63	357.78
2026-05-09T14:41:05.5911909+08:00	0x01	-0.0210	-0.0304	-0.1361	0.9900	344.42	356.87	357.15
2026-05-09T14:41:05.5911909+08:00	0x03	0.0080	-0.0158	0.2173	0.9760	25.08	358.43	1.29
2026-05-09T14:41:05.5911909+08:00	0x02	0.0222	0.0056	-0.9634	0.2673	210.98	357.72	1.29
2026-05-09T14:41:05.5911909+08:00	0x07	-0.0157	-0.0296	-0.2953	0.9548	325.69	357.28	357.28
2026-05-09T14:41:05.5911909+08:00	0x04	-0.0134	-0.0250	-0.2579	0.9658	330.15	357.63	357.78
2026-05-09T14:41:05.5911909+08:00	0x01	-0.0210	-0.0304	-0.1361	0.9900	344.42	356.87	357.15
2026-05-09T14:41:05.5911909+08:00	0x08	-0.0032	-0.0552	0.1024	0.9932	11.76	353.66	0.28
2026-05-09T14:41:05.5911909+08:00	0x06	0.0561	0.1250	-0.9006	0.4125	229.23	0.13	15.75
2026-05-09T14:41:05.5911909+08:00	0x09	0.0530	-0.0639	-0.6265	0.7750	282.09	350.48	0.12
2026-05-09T14:41:05.5911909+08:00	0x04	-0.0134	-0.0250	-0.2579	0.9658	330.15	357.63	357.78
2026-05-09T14:41:05.5911909+08:00	0x05	-0.0007	0.0130	0.4391	0.8984	52.09	1.30	359.27
2026-05-09T14:41:05.5911909+08:00	0x01	-0.0210	-0.0304	-0.1361	0.9900	344.42	356.87	357.15
2026-05-09T14:41:05.5911909+08:00	0x03	0.0080	-0.0157	0.2173	0.9760	25.08	358.44	1.29
2026-05-09T14:41:05.5911909+08:00	0x02	0.0222	0.0056	-0.9634	0.2673	210.99	357.72	1.29
2026-05-09T14:41:05.5911909+08:00	0x07	-0.0157	-0.0296	-0.2953	0.9548	325.69	357.28	357.28
2026-05-09T14:41:05.5911909+08:00	0x09	0.0530	-0.0639	-0.6265	0.7750	282.09	350.47	0.12
2026-05-09T14:41:05.5911909+08:00	0x05	-0.0007	0.0130	0.4391	0.8984	52.09	1.30	359.27
2026-05-09T14:41:05.5911909+08:00	0x01	-0.0210	-0.0304	-0.1361	0.9900	344.42	356.87	357.15
2026-05-09T14:41:05.5911909+08:00	0x03	0.0081	-0.0157	0.2173	0.9760	25.08	358.44	1.29
2026-05-09T14:41:05.5911909+08:00	0x02	0.0222	0.0055	-0.9634	0.2673	210.99	357.72	1.29
2026-05-09T14:41:05.5911909+08:00	0x07	-0.0157	-0.0296	-0.2953	0.9548	325.69	357.28	357.28
2026-05-09T14:41:05.5911909+08:00	0x06	0.0612	0.1346	-0.9101	0.3871	226.02	359.57	17.00
2026-05-09T14:41:05.5911909+08:00	0x04	-0.0134	-0.0250	-0.2579	0.9658	330.15	357.63	357.78
2026-05-09T14:41:05.5911909+08:00	0x01	-0.0210	-0.0304	-0.1361	0.9900	344.42	356.87	357.15
2026-05-09T14:41:05.5911909+08:00	0x07	-0.0157	-0.0296	-0.2953	0.9548	325.69	357.28	357.28
2026-05-09T14:41:05.5911909+08:00	0x03	0.0081	-0.0157	0.2173	0.9760	25.08	358.44	1.29
2026-05-09T14:41:05.5911909+08:00	0x06	0.0613	0.1337	-0.9117	0.3835	225.54	359.45	16.91
2026-05-09T14:41:05.5911909+08:00	0x04	-0.0134	-0.0250	-0.2579	0.9658	330.15	357.63	357.78
2026-05-09T14:41:05.5921863+08:00	0x08	-0.0033	-0.0552	0.1024	0.9932	11.76	353.66	0.28
2026-05-09T14:41:05.5921863+08:00	0x01	-0.0210	-0.0304	-0.1361	0.9900	344.42	356.87	357.15
2026-05-09T14:41:05.5921863+08:00	0x03	0.0081	-0.0157	0.2173	0.9760	25.08	358.44	1.29
2026-05-09T14:41:05.5921863+08:00	0x07	-0.0157	-0.0296	-0.2953	0.9548	325.69	357.29	357.28
2026-05-09T14:41:05.5921863+08:00	0x09	0.0530	-0.0639	-0.6265	0.7750	282.09	350.48	0.12
2026-05-09T14:41:05.5921863+08:00	0x04	-0.0134	-0.0250	-0.2579	0.9658	330.15	357.63	357.78
2026-05-09T14:41:05.5921863+08:00	0x01	-0.0210	-0.0304	-0.1361	0.9900	344.42	356.87	357.15
2026-05-09T14:41:05.5921863+08:00	0x03	0.0081	-0.0157	0.2173	0.9760	25.08	358.44	1.29
2026-05-09T14:41:05.5921863+08:00	0x07	-0.0157	-0.0296	-0.2953	0.9548	325.69	357.29	357.28
2026-05-09T14:41:05.5921863+08:00	0x09	0.0530	-0.0639	-0.6265	0.7750	282.09	350.48	0.12
2026-05-09T14:41:05.5921863+08:00	0x04	-0.0134	-0.0250	-0.2579	0.9658	330.15	357.63	357.78
2026-05-09T14:41:05.5921863+08:00	0x05	-0.0007	0.0130	0.4391	0.8984	52.08	1.30	359.28
2026-05-09T14:41:05.5921863+08:00	0x03	0.0081	-0.0157	0.2173	0.9760	25.08	358.44	1.29
2026-05-09T14:41:05.5921863+08:00	0x07	-0.0157	-0.0296	-0.2953	0.9548	325.69	357.29	357.28
2026-05-09T14:41:05.5921863+08:00	0x09	0.0530	-0.0639	-0.6265	0.7750	282.09	350.47	0.12
2026-05-09T14:41:05.5921863+08:00	0x04	-0.0134	-0.0250	-0.2579	0.9658	330.15	357.63	357.78
2026-05-09T14:41:05.5921863+08:00	0x05	-0.0007	0.0130	0.4391	0.8984	52.08	1.30	359.28
2026-05-09T14:41:05.5921863+08:00	0x01	-0.0210	-0.0304	-0.1361	0.9900	344.42	356.87	357.15
2026-05-09T14:41:05.5921863+08:00	0x03	0.0081	-0.0157	0.2173	0.9760	25.08	358.44	1.29
2026-05-09T14:41:05.5921863+08:00	0x06	0.0666	0.1354	-0.9182	0.3663	223.28	358.62	17.31
2026-05-09T14:41:05.5921863+08:00	0x09	0.0530	-0.0639	-0.6265	0.7750	282.09	350.48	0.12
2026-05-09T14:41:05.5921863+08:00	0x04	-0.0134	-0.0250	-0.2579	0.9658	330.15	357.63	357.78
2026-05-09T14:41:05.5921863+08:00	0x05	-0.0007	0.0130	0.4391	0.8984	52.08	1.30	359.28
2026-05-09T14:41:05.5921863+08:00	0x01	-0.0210	-0.0304	-0.1361	0.9900	344.42	356.87	357.15
2026-05-09T14:41:05.5921863+08:00	0x08	-0.0032	-0.0552	0.1024	0.9932	11.76	353.66	0.28
2026-05-09T14:41:05.5921863+08:00	0x07	-0.0157	-0.0296	-0.2953	0.9548	325.69	357.28	357.28
2026-05-09T14:41:05.5921863+08:00	0x04	-0.0134	-0.0250	-0.2579	0.9658	330.15	357.63	357.78
2026-05-09T14:41:05.5921863+08:00	0x01	-0.0210	-0.0304	-0.1361	0.9900	344.42	356.87	357.15
2026-05-09T14:41:05.5921863+08:00	0x03	0.0081	-0.0157	0.2173	0.9760	25.08	358.44	1.29
2026-05-09T14:41:05.5921863+08:00	0x02	0.0222	0.0055	-0.9634	0.2673	210.98	357.72	1.29
2026-05-09T14:41:05.5921863+08:00	0x06	0.0714	0.1364	-0.9195	0.3616	222.63	358.04	17.60
2026-05-09T14:41:05.5921863+08:00	0x07	-0.0157	-0.0296	-0.2953	0.9548	325.69	357.28	357.28
2026-05-09T14:41:05.5921863+08:00	0x09	0.0530	-0.0639	-0.6265	0.7750	282.09	350.47	0.12
2026-05-09T14:41:05.5921863+08:00	0x04	-0.0134	-0.0250	-0.2579	0.9658	330.15	357.63	357.78
2026-05-09T14:41:05.5921863+08:00	0x03	0.0081	-0.0157	0.2173	0.9760	25.08	358.44	1.29
2026-05-09T14:41:05.5921863+08:00	0x02	0.0222	0.0055	-0.9634	0.2673	210.98	357.72	1.29
2026-05-09T14:41:05.5921863+08:00	0x08	-0.0032	-0.0552	0.1024	0.9932	11.76	353.66	0.28
2026-05-09T14:41:05.5921863+08:00	0x09	0.0530	-0.0639	-0.6265	0.7750	282.09	350.47	0.12
2026-05-09T14:41:05.5931837+08:00	0x07	-0.0157	-0.0296	-0.2953	0.9548	325.69	357.28	357.28
2026-05-09T14:41:05.5931837+08:00	0x04	-0.0134	-0.0250	-0.2579	0.9658	330.15	357.63	357.78
2026-05-09T14:41:05.5931837+08:00	0x05	-0.0007	0.0129	0.4391	0.8984	52.08	1.30	359.28
2026-05-09T14:41:05.5931837+08:00	0x03	0.0081	-0.0157	0.2173	0.9760	25.08	358.44	1.29
2026-05-09T14:41:05.5931837+08:00	0x06	0.0669	0.1352	-0.9209	0.3595	222.42	358.44	17.28
2026-05-09T14:41:05.5931837+08:00	0x07	-0.0157	-0.0296	-0.2953	0.9548	325.69	357.28	357.28
2026-05-09T14:41:05.5931837+08:00	0x04	-0.0133	-0.0250	-0.2579	0.9658	330.15	357.63	357.79
2026-05-09T14:41:05.5931837+08:00	0x05	-0.0007	0.0130	0.4391	0.8984	52.08	1.30	359.28
2026-05-09T14:41:05.5931837+08:00	0x03	0.0081	-0.0157	0.2173	0.9760	25.08	358.44	1.29
2026-05-09T14:41:05.5931837+08:00	0x01	-0.0210	-0.0304	-0.1361	0.9900	344.42	356.87	357.15
2026-05-09T14:41:05.5931837+08:00	0x02	0.0222	0.0055	-0.9634	0.2673	210.98	357.72	1.29
2026-05-09T14:41:05.5931837+08:00	0x06	0.0676	0.1341	-0.9212	0.3589	222.32	358.30	17.20
2026-05-09T14:41:05.5931837+08:00	0x07	-0.0157	-0.0296	-0.2953	0.9548	325.69	357.28	357.28
2026-05-09T14:41:05.5931837+08:00	0x08	-0.0032	-0.0553	0.1024	0.9932	11.76	353.66	0.28
2026-05-09T14:41:05.5931837+08:00	0x04	-0.0133	-0.0249	-0.2579	0.9658	330.15	357.63	357.79
2026-05-09T14:41:05.5931837+08:00	0x03	0.0081	-0.0158	0.2173	0.9760	25.08	358.44	1.29
2026-05-09T14:41:05.5931837+08:00	0x01	-0.0209	-0.0304	-0.1361	0.9900	344.42	356.87	357.15
2026-05-09T14:41:05.5931837+08:00	0x06	0.0562	0.1249	-0.9183	0.3715	223.96	359.38	15.73
2026-05-09T14:41:05.5931837+08:00	0x07	-0.0157	-0.0296	-0.2953	0.9548	325.69	357.29	357.28
2026-05-09T14:41:05.5931837+08:00	0x04	-0.0134	-0.0249	-0.2579	0.9658	330.15	357.63	357.78
2026-05-09T14:41:05.5931837+08:00	0x09	0.0530	-0.0639	-0.6265	0.7750	282.09	350.48	0.12
2026-05-09T14:41:05.5931837+08:00	0x03	0.0081	-0.0157	0.2173	0.9760	25.08	358.44	1.29
2026-05-09T14:41:05.5931837+08:00	0x01	-0.0209	-0.0304	-0.1361	0.9900	344.42	356.87	357.15
2026-05-09T14:41:05.5931837+08:00	0x02	0.0222	0.0055	-0.9634	0.2673	210.98	357.72	1.29
2026-05-09T14:41:05.5931837+08:00	0x06	0.0429	0.1279	-0.9094	0.3934	226.97	1.35	15.45
2026-05-09T14:41:05.5931837+08:00	0x09	0.0530	-0.0639	-0.6265	0.7750	282.09	350.48	0.12
2026-05-09T14:41:05.5931837+08:00	0x04	-0.0134	-0.0249	-0.2579	0.9658	330.15	357.63	357.78
2026-05-09T14:41:05.5931837+08:00	0x07	-0.0157	-0.0296	-0.2953	0.9548	325.69	357.29	357.28
2026-05-09T14:41:05.5931837+08:00	0x03	0.0081	-0.0157	0.2173	0.9760	25.08	358.44	1.29
2026-05-09T14:41:05.5931837+08:00	0x08	-0.0033	-0.0553	0.1024	0.9932	11.76	353.66	0.28
2026-05-09T14:41:05.5931837+08:00	0x06	0.0421	0.1265	-0.9020	0.4106	229.18	1.65	15.23
2026-05-09T14:41:05.5931837+08:00	0x02	0.0222	0.0055	-0.9634	0.2673	210.98	357.72	1.29
2026-05-09T14:41:05.5931837+08:00	0x09	0.0530	-0.0639	-0.6265	0.7750	282.09	350.48	0.12
2026-05-09T14:41:05.5931837+08:00	0x04	-0.0134	-0.0249	-0.2579	0.9658	330.15	357.63	357.78
2026-05-09T14:41:05.5931837+08:00	0x05	-0.0007	0.0130	0.4391	0.8984	52.08	1.30	359.28
2026-05-09T14:41:05.5931837+08:00	0x03	0.0081	-0.0157	0.2173	0.9760	25.08	358.44	1.29
2026-05-09T14:41:05.5931837+08:00	0x01	-0.0209	-0.0304	-0.1361	0.9900	344.42	356.87	357.15
2026-05-09T14:41:05.5931837+08:00	0x06	0.0389	0.1263	-0.8947	0.4266	231.28	2.27	15.02
2026-05-09T14:41:05.5941805+08:00	0x07	-0.0157	-0.0296	-0.2953	0.9548	325.69	357.28	357.28
2026-05-09T14:41:05.5941805+08:00	0x02	0.0222	0.0055	-0.9634	0.2673	210.99	357.72	1.29
2026-05-09T14:41:05.5941805+08:00	0x05	-0.0007	0.0129	0.4391	0.8984	52.08	1.30	359.28
2026-05-09T14:41:05.5941805+08:00	0x01	-0.0209	-0.0304	-0.1361	0.9900	344.42	356.87	357.15
2026-05-09T14:41:05.5941805+08:00	0x03	0.0081	-0.0157	0.2173	0.9760	25.08	358.44	1.29
2026-05-09T14:41:05.5941805+08:00	0x06	0.0515	0.1377	-0.8938	0.4237	230.94	1.47	16.85
2026-05-09T14:41:05.5941805+08:00	0x02	0.0222	0.0055	-0.9634	0.2673	210.99	357.72	1.29
2026-05-09T14:41:05.5941805+08:00	0x08	-0.0032	-0.0553	0.1024	0.9932	11.76	353.66	0.28
2026-05-09T14:41:05.5941805+08:00	0x09	0.0530	-0.0639	-0.6265	0.7750	282.09	350.48	0.12
2026-05-09T14:41:05.5941805+08:00	0x07	-0.0157	-0.0296	-0.2953	0.9548	325.69	357.28	357.28
2026-05-09T14:41:05.5941805+08:00	0x03	0.0081	-0.0157	0.2173	0.9760	25.08	358.44	1.29
2026-05-09T14:41:05.5941805+08:00	0x07	-0.0157	-0.0296	-0.2953	0.9548	325.69	357.28	357.28
2026-05-09T14:41:05.5941805+08:00	0x02	0.0222	0.0055	-0.9634	0.2673	210.99	357.72	1.29
2026-05-09T14:41:05.5941805+08:00	0x08	-0.0032	-0.0553	0.1024	0.9932	11.76	353.66	0.28
2026-05-09T14:41:05.5941805+08:00	0x04	-0.0134	-0.0249	-0.2579	0.9658	330.15	357.63	357.78
2026-05-09T14:41:05.5941805+08:00	0x06	0.0591	0.1383	-0.9001	0.4090	228.93	0.40	17.29
2026-05-09T14:41:05.5941805+08:00	0x03	0.0081	-0.0157	0.2173	0.9760	25.08	358.44	1.29
2026-05-09T14:41:05.5941805+08:00	0x01	-0.0210	-0.0304	-0.1361	0.9900	344.42	356.87	357.15
2026-05-09T14:41:05.5941805+08:00	0x06	0.0681	0.1377	-0.9064	0.3935	226.80	359.10	17.65
2026-05-09T14:41:05.5941805+08:00	0x07	-0.0157	-0.0296	-0.2953	0.9548	325.69	357.28	357.28
2026-05-09T14:41:05.5941805+08:00	0x09	0.0530	-0.0639	-0.6265	0.7750	282.09	350.48	0.12
2026-05-09T14:41:05.5941805+08:00	0x08	-0.0033	-0.0553	0.1024	0.9932	11.76	353.66	0.28
2026-05-09T14:41:05.5941805+08:00	0x04	-0.0133	-0.0249	-0.2579	0.9658	330.15	357.63	357.79
2026-05-09T14:41:05.5941805+08:00	0x01	-0.0209	-0.0304	-0.1361	0.9900	344.42	356.87	357.15
2026-05-09T14:41:05.5941805+08:00	0x03	0.0081	-0.0157	0.2173	0.9760	25.08	358.44	1.29
2026-05-09T14:41:05.5941805+08:00	0x08	-0.0033	-0.0553	0.1024	0.9932	11.76	353.66	0.28
2026-05-09T14:41:05.5941805+08:00	0x07	-0.0157	-0.0296	-0.2953	0.9548	325.69	357.28	357.28
2026-05-09T14:41:05.5941805+08:00	0x09	0.0530	-0.0639	-0.6265	0.7750	282.09	350.48	0.12
2026-05-09T14:41:05.5941805+08:00	0x04	-0.0133	-0.0249	-0.2579	0.9658	330.15	357.63	357.79
2026-05-09T14:41:05.5941805+08:00	0x05	-0.0007	0.0130	0.4391	0.8984	52.08	1.30	359.28
2026-05-09T14:41:05.5941805+08:00	0x03	0.0080	-0.0157	0.2173	0.9760	25.08	358.44	1.29
2026-05-09T14:41:05.5941805+08:00	0x08	-0.0033	-0.0553	0.1024	0.9932	11.76	353.66	0.28
2026-05-09T14:41:05.5941805+08:00	0x07	-0.0157	-0.0296	-0.2953	0.9548	325.69	357.28	357.28
2026-05-09T14:41:05.5941805+08:00	0x05	-0.0007	0.0130	0.4391	0.8984	52.08	1.30	359.27
2026-05-09T14:41:05.5941805+08:00	0x04	-0.0133	-0.0249	-0.2579	0.9658	330.15	357.63	357.79
2026-05-09T14:41:05.5941805+08:00	0x01	-0.0210	-0.0304	-0.1361	0.9900	344.42	356.87	357.15
2026-05-09T14:41:05.5941805+08:00	0x08	-0.0033	-0.0552	0.1024	0.9932	11.76	353.66	0.28
2026-05-09T14:41:05.5941805+08:00	0x07	-0.0157	-0.0296	-0.2953	0.9548	325.69	357.29	357.28
2026-05-09T14:41:05.5941805+08:00	0x09	0.0530	-0.0639	-0.6265	0.7750	282.09	350.48	0.12
2026-05-09T14:41:05.5952059+08:00	0x01	-0.0209	-0.0304	-0.1361	0.9900	344.42	356.87	357.15
2026-05-09T14:41:05.5952059+08:00	0x04	-0.0133	-0.0249	-0.2579	0.9658	330.15	357.63	357.79
2026-05-09T14:41:05.5952059+08:00	0x03	0.0081	-0.0157	0.2173	0.9760	25.08	358.44	1.29
2026-05-09T14:41:05.5952059+08:00	0x08	-0.0033	-0.0553	0.1024	0.9932	11.76	353.66	0.28
2026-05-09T14:41:05.5952059+08:00	0x07	-0.0157	-0.0296	-0.2953	0.9548	325.69	357.29	357.28
2026-05-09T14:41:05.5952059+08:00	0x09	0.0530	-0.0639	-0.6265	0.7750	282.09	350.48	0.12
2026-05-09T14:41:05.5952059+08:00	0x02	0.0222	0.0055	-0.9634	0.2673	210.99	357.72	1.29
2026-05-09T14:41:05.5952059+08:00	0x04	-0.0133	-0.0249	-0.2579	0.9658	330.15	357.63	357.79
2026-05-09T14:41:05.5952059+08:00	0x03	0.0080	-0.0157	0.2173	0.9760	25.08	358.44	1.29
2026-05-09T14:41:05.5952059+08:00	0x08	-0.0033	-0.0553	0.1024	0.9932	11.76	353.66	0.28
2026-05-09T14:41:05.5952059+08:00	0x09	0.0530	-0.0639	-0.6265	0.7750	282.09	350.48	0.12
2026-05-09T14:41:05.5952059+08:00	0x06	0.0659	0.1382	-0.9149	0.3735	224.26	358.96	17.58
2026-05-09T14:41:05.5952059+08:00	0x04	-0.0133	-0.0249	-0.2579	0.9658	330.15	357.64	357.79
2026-05-09T14:41:05.5952059+08:00	0x01	-0.0210	-0.0304	-0.1361	0.9900	344.42	356.87	357.15
2026-05-09T14:41:05.5952059+08:00	0x07	-0.0157	-0.0296	-0.2953	0.9548	325.69	357.29	357.28
2026-05-09T14:41:05.5952059+08:00	0x06	0.0663	0.1374	-0.9162	0.3705	223.85	358.82	17.51
2026-05-09T14:41:05.5952059+08:00	0x02	0.0222	0.0056	-0.9634	0.2673	210.99	357.72	1.29
2026-05-09T14:41:05.5952059+08:00	0x05	-0.0007	0.0129	0.4391	0.8984	52.08	1.30	359.28
2026-05-09T14:41:05.5952059+08:00	0x03	0.0080	-0.0157	0.2173	0.9760	25.08	358.44	1.29
2026-05-09T14:41:05.5952059+08:00	0x08	-0.0032	-0.0552	0.1024	0.9932	11.76	353.66	0.28
2026-05-09T14:41:05.5952059+08:00	0x06	0.0664	0.1373	-0.9167	0.3692	223.69	358.77	17.50
2026-05-09T14:41:05.5952059+08:00	0x09	0.0530	-0.0639	-0.6265	0.7750	282.09	350.48	0.12
2026-05-09T14:41:05.5952059+08:00	0x04	-0.0133	-0.0249	-0.2579	0.9658	330.15	357.64	357.79
2026-05-09T14:41:05.5952059+08:00	0x05	-0.0007	0.0130	0.4391	0.8984	52.08	1.30	359.28
2026-05-09T14:41:05.5952059+08:00	0x01	-0.0210	-0.0304	-0.1361	0.9900	344.42	356.87	357.15
2026-05-09T14:41:05.5952059+08:00	0x03	0.0080	-0.0157	0.2173	0.9760	25.08	358.44	1.29
2026-05-09T14:41:05.5952059+08:00	0x08	-0.0032	-0.0552	0.1024	0.9932	11.76	353.66	0.28
2026-05-09T14:41:05.5952059+08:00	0x07	-0.0157	-0.0296	-0.2953	0.9548	325.69	357.29	357.28
2026-05-09T14:41:05.5952059+08:00	0x02	0.0222	0.0056	-0.9634	0.2673	210.98	357.72	1.29
2026-05-09T14:41:05.5952059+08:00	0x09	0.0530	-0.0639	-0.6265	0.7750	282.09	350.48	0.12
2026-05-09T14:41:05.5952059+08:00	0x04	-0.0133	-0.0249	-0.2579	0.9658	330.15	357.63	357.79
2026-05-09T14:41:05.5952059+08:00	0x03	0.0081	-0.0157	0.2173	0.9760	25.08	358.44	1.29
2026-05-09T14:41:05.5952059+08:00	0x01	-0.0210	-0.0304	-0.1361	0.9900	344.42	356.87	357.15
2026-05-09T14:41:05.5952059+08:00	0x08	-0.0033	-0.0552	0.1024	0.9932	11.76	353.66	0.28
2026-05-09T14:41:05.5952059+08:00	0x06	0.0656	0.1372	-0.9181	0.3659	223.27	358.80	17.46
2026-05-09T14:41:05.5952059+08:00	0x02	0.0222	0.0055	-0.9634	0.2673	210.98	357.72	1.29
2026-05-09T14:41:05.5952059+08:00	0x07	-0.0157	-0.0296	-0.2953	0.9548	325.69	357.29	357.28
2026-05-09T14:41:05.5952059+08:00	0x01	-0.0210	-0.0304	-0.1361	0.9900	344.42	356.87	357.15
2026-05-09T14:41:05.5962039+08:00	0x03	0.0081	-0.0157	0.2173	0.9760	25.08	358.44	1.29
2026-05-09T14:41:05.5962039+08:00	0x06	0.0660	0.1367	-0.9188	0.3643	223.06	358.70	17.41
2026-05-09T14:41:05.5962039+08:00	0x08	-0.0033	-0.0552	0.1024	0.9932	11.76	353.66	0.28
2026-05-09T14:41:05.5962039+08:00	0x07	-0.0157	-0.0296	-0.2953	0.9548	325.69	357.29	357.28
2026-05-09T14:41:05.5962039+08:00	0x04	-0.0133	-0.0249	-0.2579	0.9658	330.15	357.64	357.79
2026-05-09T14:41:05.5962039+08:00	0x03	0.0081	-0.0157	0.2173	0.9760	25.08	358.44	1.29
2026-05-09T14:41:05.5962039+08:00	0x06	0.0666	0.1372	-0.9186	0.3646	223.09	358.66	17.50
2026-05-09T14:41:05.5962039+08:00	0x07	-0.0157	-0.0296	-0.2953	0.9548	325.69	357.29	357.28
2026-05-09T14:41:05.5962039+08:00	0x09	0.0530	-0.0639	-0.6265	0.7750	282.09	350.48	0.12
2026-05-09T14:41:05.5962039+08:00	0x04	-0.0133	-0.0249	-0.2579	0.9658	330.15	357.64	357.79
2026-05-09T14:41:05.5962039+08:00	0x03	0.0081	-0.0157	0.2173	0.9760	25.08	358.44	1.29
2026-05-09T14:41:05.5962039+08:00	0x06	0.0660	0.1376	-0.9188	0.3640	223.03	358.73	17.51
2026-05-09T14:41:05.5962039+08:00	0x02	0.0222	0.0055	-0.9634	0.2673	210.99	357.72	1.29
2026-05-09T14:41:05.5962039+08:00	0x07	-0.0157	-0.0296	-0.2953	0.9548	325.69	357.29	357.28
2026-05-09T14:41:05.5962039+08:00	0x09	0.0530	-0.0639	-0.6265	0.7750	282.09	350.48	0.11
2026-05-09T14:41:05.5962039+08:00	0x03	0.0081	-0.0157	0.2173	0.9760	25.08	358.44	1.29
2026-05-09T14:41:05.5962039+08:00	0x06	0.0652	0.1360	-0.9195	0.3629	222.88	358.73	17.30
2026-05-09T14:41:05.5962039+08:00	0x02	0.0222	0.0055	-0.9634	0.2673	210.99	357.72	1.29
2026-05-09T14:41:05.5962039+08:00	0x04	-0.0133	-0.0249	-0.2579	0.9658	330.15	357.64	357.79
2026-05-09T14:41:05.5962039+08:00	0x01	-0.0209	-0.0304	-0.1361	0.9900	344.42	356.87	357.15
2026-05-09T14:41:05.5962039+08:00	0x03	0.0081	-0.0157	0.2173	0.9760	25.08	358.44	1.29
2026-05-09T14:41:05.5962039+08:00	0x06	0.0676	0.1361	-0.9195	0.3626	222.80	358.46	17.41
2026-05-09T14:41:05.5962039+08:00	0x07	-0.0157	-0.0296	-0.2953	0.9548	325.69	357.29	357.28
2026-05-09T14:41:05.5962039+08:00	0x02	0.0222	0.0055	-0.9634	0.2673	210.99	357.72	1.29
2026-05-09T14:41:05.5962039+08:00	0x09	0.0530	-0.0639	-0.6265	0.7750	282.09	350.48	0.12
2026-05-09T14:41:05.5962039+08:00	0x04	-0.0133	-0.0249	-0.2579	0.9658	330.15	357.64	357.79
2026-05-09T14:41:05.5962039+08:00	0x01	-0.0209	-0.0304	-0.1361	0.9900	344.42	356.87	357.15
2026-05-09T14:41:05.5962039+08:00	0x08	-0.0032	-0.0552	0.1024	0.9932	11.76	353.66	0.28
2026-05-09T14:41:05.5962039+08:00	0x06	0.0684	0.1364	-0.9202	0.3606	222.54	358.35	17.48
2026-05-09T14:41:05.5962039+08:00	0x07	-0.0157	-0.0296	-0.2953	0.9548	325.69	357.29	357.28
2026-05-09T14:41:05.5962039+08:00	0x09	0.0530	-0.0639	-0.6265	0.7750	282.09	350.48	0.12
2026-05-09T14:41:05.5962039+08:00	0x04	-0.0134	-0.0249	-0.2579	0.9658	330.15	357.64	357.78
2026-05-09T14:41:05.5962039+08:00	0x01	-0.0209	-0.0304	-0.1361	0.9900	344.42	356.87	357.15
2026-05-09T14:41:05.5971739+08:00	0x03	0.0081	-0.0157	0.2173	0.9760	25.08	358.44	1.29
2026-05-09T14:41:05.5971739+08:00	0x06	0.0619	0.1287	-0.9218	0.3603	222.51	358.73	16.37
2026-05-09T14:41:05.5971739+08:00	0x07	-0.0157	-0.0296	-0.2953	0.9548	325.69	357.29	357.28
2026-05-09T14:41:05.5971739+08:00	0x02	0.0222	0.0055	-0.9634	0.2673	210.99	357.72	1.29
2026-05-09T14:41:05.5971739+08:00	0x09	0.0530	-0.0639	-0.6265	0.7750	282.09	350.48	0.12
2026-05-09T14:41:05.5971739+08:00	0x01	-0.0209	-0.0304	-0.1361	0.9900	344.42	356.87	357.15
2026-05-09T14:41:05.5971739+08:00	0x03	0.0081	-0.0157	0.2173	0.9760	25.08	358.44	1.29
2026-05-09T14:41:05.5971739+08:00	0x04	-0.0133	-0.0249	-0.2579	0.9658	330.15	357.64	357.79
2026-05-09T14:41:05.5971739+08:00	0x08	-0.0032	-0.0552	0.1024	0.9932	11.76	353.66	0.28
2026-05-09T14:41:05.5971739+08:00	0x07	-0.0157	-0.0296	-0.2953	0.9548	325.69	357.29	357.28
2026-05-09T14:41:05.5971739+08:00	0x05	-0.0007	0.0129	0.4391	0.8984	52.08	1.30	359.28
2026-05-09T14:41:05.5971739+08:00	0x04	-0.0133	-0.0249	-0.2579	0.9658	330.15	357.64	357.79
2026-05-09T14:41:05.5971739+08:00	0x01	-0.0209	-0.0304	-0.1361	0.9900	344.42	356.88	357.15
2026-05-09T14:41:05.5971739+08:00	0x03	0.0081	-0.0157	0.2173	0.9760	25.08	358.44	1.29
2026-05-09T14:41:05.5971739+08:00	0x06	0.0373	0.1232	-0.9011	0.4141	229.63	2.07	14.65
2026-05-09T14:41:05.5971739+08:00	0x08	-0.0032	-0.0552	0.1024	0.9932	11.76	353.66	0.28
2026-05-09T14:41:05.5971739+08:00	0x07	-0.0157	-0.0296	-0.2953	0.9548	325.69	357.29	357.28
2026-05-09T14:41:05.5971739+08:00	0x09	0.0530	-0.0639	-0.6265	0.7750	282.09	350.48	0.12
2026-05-09T14:41:05.5971739+08:00	0x01	-0.0209	-0.0304	-0.1361	0.9900	344.42	356.87	357.15
2026-05-09T14:41:05.5971739+08:00	0x03	0.0081	-0.0157	0.2173	0.9760	25.08	358.44	1.29
2026-05-09T14:41:05.5971739+08:00	0x08	-0.0032	-0.0552	0.1024	0.9932	11.76	353.66	0.28
2026-05-09T14:41:05.5971739+08:00	0x02	0.0222	0.0056	-0.9634	0.2673	210.99	357.72	1.29
2026-05-09T14:41:05.5971739+08:00	0x04	-0.0133	-0.0249	-0.2579	0.9658	330.15	357.63	357.79
2026-05-09T14:41:05.5971739+08:00	0x01	-0.0209	-0.0304	-0.1361	0.9900	344.42	356.87	357.15
2026-05-09T14:41:05.5971739+08:00	0x03	0.0081	-0.0158	0.2173	0.9760	25.08	358.44	1.29
2026-05-09T14:41:05.5971739+08:00	0x02	0.0222	0.0056	-0.9634	0.2673	210.99	357.72	1.29
2026-05-09T14:41:05.5971739+08:00	0x08	-0.0032	-0.0552	0.1024	0.9932	11.76	353.66	0.28
2026-05-09T14:41:05.5971739+08:00	0x09	0.0530	-0.0639	-0.6265	0.7750	282.09	350.48	0.12
2026-05-09T14:41:05.5971739+08:00	0x07	-0.0157	-0.0296	-0.2953	0.9548	325.69	357.29	357.28
2026-05-09T14:41:05.5971739+08:00	0x01	-0.0210	-0.0304	-0.1361	0.9900	344.42	356.87	357.15
2026-05-09T14:41:05.5971739+08:00	0x03	0.0081	-0.0158	0.2173	0.9760	25.08	358.44	1.29
2026-05-09T14:41:05.5971739+08:00	0x08	-0.0032	-0.0552	0.1024	0.9932	11.76	353.66	0.28
2026-05-09T14:41:05.5971739+08:00	0x07	-0.0157	-0.0296	-0.2953	0.9548	325.69	357.29	357.28
2026-05-09T14:41:05.5971739+08:00	0x09	0.0530	-0.0639	-0.6265	0.7750	282.09	350.48	0.12
2026-05-09T14:41:05.5971739+08:00	0x05	-0.0007	0.0129	0.4391	0.8984	52.08	1.30	359.28
2026-05-09T14:41:05.5981702+08:00	0x03	0.0081	-0.0157	0.2173	0.9760	25.08	358.44	1.29
2026-05-09T14:41:05.5981702+08:00	0x06	0.0543	0.1319	-0.9029	0.4054	228.43	0.54	16.39
2026-05-09T14:41:05.5981702+08:00	0x08	-0.0032	-0.0552	0.1024	0.9932	11.76	353.66	0.28
2026-05-09T14:41:05.5981702+08:00	0x07	-0.0157	-0.0296	-0.2953	0.9548	325.69	357.29	357.28
2026-05-09T14:41:05.5981702+08:00	0x09	0.0530	-0.0639	-0.6265	0.7750	282.09	350.47	0.12
2026-05-09T14:41:05.5981702+08:00	0x03	0.0081	-0.0158	0.2173	0.9760	25.08	358.44	1.29
2026-05-09T14:41:05.5981702+08:00	0x01	-0.0209	-0.0304	-0.1361	0.9900	344.42	356.87	357.15
2026-05-09T14:41:05.5981702+08:00	0x08	-0.0032	-0.0552	0.1024	0.9932	11.76	353.66	0.28
2026-05-09T14:41:05.5981702+08:00	0x02	0.0222	0.0055	-0.9634	0.2673	210.98	357.72	1.29
2026-05-09T14:41:05.5981702+08:00	0x07	-0.0157	-0.0296	-0.2953	0.9548	325.69	357.28	357.28
2026-05-09T14:41:05.5981702+08:00	0x09	0.0530	-0.0639	-0.6265	0.7750	282.09	350.47	0.12
2026-05-09T14:41:05.5981702+08:00	0x01	-0.0209	-0.0304	-0.1361	0.9900	344.42	356.87	357.15
2026-05-09T14:41:05.5981702+08:00	0x03	0.0081	-0.0158	0.2173	0.9760	25.08	358.44	1.29
2026-05-09T14:41:05.5981702+08:00	0x06	0.0611	0.1362	-0.9090	0.3892	226.31	359.70	17.17
2026-05-09T14:41:05.5981702+08:00	0x08	-0.0032	-0.0552	0.1024	0.9932	11.76	353.66	0.28
2026-05-09T14:41:05.5981702+08:00	0x02	0.0222	0.0055	-0.9634	0.2673	210.99	357.72	1.29
2026-05-09T14:41:05.5981702+08:00	0x09	0.0530	-0.0639	-0.6265	0.7750	282.09	350.47	0.12
2026-05-09T14:41:05.5981702+08:00	0x01	-0.0209	-0.0304	-0.1361	0.9900	344.42	356.88	357.15
2026-05-09T14:41:05.5981702+08:00	0x03	0.0081	-0.0158	0.2173	0.9760	25.08	358.44	1.29
2026-05-09T14:41:05.5981702+08:00	0x06	0.0636	0.1354	-0.9122	0.3814	225.26	359.23	17.19
2026-05-09T14:41:05.5981702+08:00	0x08	-0.0033	-0.0552	0.1024	0.9932	11.76	353.66	0.28
2026-05-09T14:41:05.5981702+08:00	0x02	0.0222	0.0055	-0.9634	0.2673	210.99	357.72	1.29
2026-05-09T14:41:05.5981702+08:00	0x09	0.0530	-0.0639	-0.6265	0.7750	282.09	350.47	0.12
2026-05-09T14:41:05.5981702+08:00	0x03	0.0080	-0.0158	0.2173	0.9760	25.08	358.43	1.29
2026-05-09T14:41:05.5981702+08:00	0x01	-0.0209	-0.0304	-0.1361	0.9900	344.42	356.87	357.15
2026-05-09T14:41:05.5981702+08:00	0x05	-0.0007	0.0129	0.4391	0.8984	52.08	1.30	359.27
2026-05-09T14:41:05.5991686+08:00	0x02	0.0222	0.0055	-0.9634	0.2673	210.99	357.72	1.29
2026-05-09T14:41:05.5991686+08:00	0x09	0.0530	-0.0639	-0.6265	0.7750	282.09	350.47	0.12
2026-05-09T14:41:05.5991686+08:00	0x07	-0.0157	-0.0296	-0.2953	0.9548	325.69	357.29	357.28
2026-05-09T14:41:05.5991686+08:00	0x03	0.0080	-0.0157	0.2173	0.9760	25.08	358.44	1.29
2026-05-09T14:41:05.5991686+08:00	0x06	0.0623	0.1343	-0.9145	0.3765	224.63	359.23	17.02
2026-05-09T14:41:05.5991686+08:00	0x08	-0.0032	-0.0552	0.1024	0.9932	11.76	353.66	0.28
2026-05-09T14:41:05.5991686+08:00	0x04	-0.0133	-0.0249	-0.2579	0.9658	330.15	357.63	357.79
2026-05-09T14:41:05.5991686+08:00	0x02	0.0222	0.0055	-0.9634	0.2673	210.98	357.72	1.29
2026-05-09T14:41:05.5991686+08:00	0x07	-0.0157	-0.0296	-0.2953	0.9548	325.69	357.29	357.28
2026-05-09T14:41:05.5991686+08:00	0x01	-0.0209	-0.0304	-0.1361	0.9900	344.42	356.87	357.15
2026-05-09T14:41:05.5991686+08:00	0x03	0.0081	-0.0157	0.2173	0.9760	25.08	358.44	1.29
2026-05-09T14:41:05.5991686+08:00	0x06	0.0651	0.1335	-0.9162	0.3722	224.04	358.81	17.04
2026-05-09T14:41:05.5991686+08:00	0x08	-0.0033	-0.0552	0.1024	0.9932	11.76	353.66	0.28
2026-05-09T14:41:05.5991686+08:00	0x02	0.0222	0.0055	-0.9634	0.2673	210.99	357.72	1.29
2026-05-09T14:41:05.5991686+08:00	0x09	0.0530	-0.0639	-0.6265	0.7750	282.09	350.48	0.13
2026-05-09T14:41:05.5991686+08:00	0x01	-0.0209	-0.0304	-0.1361	0.9900	344.42	356.87	357.15
2026-05-09T14:41:05.5991686+08:00	0x06	0.0678	0.1355	-0.9142	0.3758	224.49	358.67	17.38
2026-05-09T14:41:05.5991686+08:00	0x08	-0.0033	-0.0552	0.1024	0.9932	11.76	353.66	0.28
2026-05-09T14:41:05.5991686+08:00	0x02	0.0222	0.0055	-0.9634	0.2673	210.99	357.72	1.29
2026-05-09T14:41:05.5991686+08:00	0x09	0.0530	-0.0639	-0.6265	0.7750	282.09	350.47	0.12
2026-05-09T14:41:05.5991686+08:00	0x04	-0.0133	-0.0249	-0.2579	0.9658	330.15	357.63	357.79
2026-05-09T14:41:05.5991686+08:00	0x01	-0.0209	-0.0304	-0.1361	0.9900	344.42	356.87	357.15
2026-05-09T14:41:05.5991686+08:00	0x03	0.0080	-0.0157	0.2173	0.9760	25.08	358.44	1.29
2026-05-09T14:41:05.5991686+08:00	0x06	0.0659	0.1364	-0.9141	0.3760	224.55	358.92	17.40
2026-05-09T14:41:05.5991686+08:00	0x08	-0.0033	-0.0552	0.1024	0.9932	11.76	353.66	0.28
2026-05-09T14:41:05.5991686+08:00	0x02	0.0222	0.0055	-0.9634	0.2673	210.99	357.72	1.29
2026-05-09T14:41:05.5991686+08:00	0x09	0.0530	-0.0639	-0.6265	0.7750	282.09	350.48	0.12
2026-05-09T14:41:05.5991686+08:00	0x07	-0.0157	-0.0296	-0.2953	0.9548	325.69	357.29	357.28
2026-05-09T14:41:05.5991686+08:00	0x01	-0.0209	-0.0304	-0.1361	0.9900	344.42	356.87	357.15
2026-05-09T14:41:05.5991686+08:00	0x06	0.0686	0.1366	-0.9145	0.3746	224.34	358.61	17.53
2026-05-09T14:41:05.5991686+08:00	0x08	-0.0033	-0.0552	0.1024	0.9932	11.76	353.66	0.28
2026-05-09T14:41:05.5991686+08:00	0x02	0.0222	0.0055	-0.9634	0.2673	210.99	357.72	1.29
2026-05-09T14:41:05.5991686+08:00	0x05	-0.0006	0.0130	0.4391	0.8984	52.08	1.30	359.28
2026-05-09T14:41:05.5991686+08:00	0x06	0.0642	0.1361	-0.9169	0.3697	223.77	358.98	17.28
2026-05-09T14:41:05.6001654+08:00	0x02	0.0222	0.0055	-0.9634	0.2673	210.99	357.72	1.29
2026-05-09T14:41:05.6001654+08:00	0x04	-0.0134	-0.0249	-0.2579	0.9658	330.15	357.64	357.78
2026-05-09T14:41:05.6001654+08:00	0x07	-0.0157	-0.0296	-0.2953	0.9548	325.69	357.29	357.28
2026-05-09T14:41:05.6001654+08:00	0x03	0.0080	-0.0157	0.2173	0.9760	25.08	358.44	1.29
2026-05-09T14:41:05.6001654+08:00	0x08	-0.0033	-0.0552	0.1024	0.9932	11.76	353.66	0.28
2026-05-09T14:41:05.6001654+08:00	0x06	0.0641	0.1363	-0.9185	0.3657	223.26	358.91	17.29
2026-05-09T14:41:05.6001654+08:00	0x04	-0.0134	-0.0249	-0.2579	0.9658	330.15	357.64	357.78
2026-05-09T14:41:05.6001654+08:00	0x09	0.0530	-0.0639	-0.6265	0.7750	282.09	350.48	0.12
2026-05-09T14:41:05.6001654+08:00	0x01	-0.0209	-0.0304	-0.1361	0.9900	344.42	356.87	357.15
2026-05-09T14:41:05.6001654+08:00	0x06	0.0658	0.1361	-0.9186	0.3653	223.17	358.71	17.34
2026-05-09T14:41:05.6001654+08:00	0x09	0.0530	-0.0639	-0.6265	0.7750	282.09	350.48	0.12
2026-05-09T14:41:05.6001654+08:00	0x01	-0.0209	-0.0304	-0.1361	0.9900	344.42	356.87	357.15
2026-05-09T14:41:05.6001654+08:00	0x03	0.0080	-0.0157	0.2173	0.9760	25.08	358.44	1.29
2026-05-09T14:41:05.6001654+08:00	0x06	0.0660	0.1359	-0.9182	0.3661	223.27	358.70	17.33
2026-05-09T14:41:05.6001654+08:00	0x08	-0.0032	-0.0552	0.1024	0.9932	11.76	353.66	0.28
2026-05-09T14:41:05.6001654+08:00	0x09	0.0530	-0.0639	-0.6265	0.7750	282.09	350.48	0.12
2026-05-09T14:41:05.6001654+08:00	0x04	-0.0133	-0.0249	-0.2579	0.9658	330.15	357.63	357.79
2026-05-09T14:41:05.6001654+08:00	0x03	0.0080	-0.0157	0.2173	0.9760	25.08	358.44	1.29
2026-05-09T14:41:05.6001654+08:00	0x06	0.0671	0.1359	-0.9180	0.3665	223.32	358.58	17.38
2026-05-09T14:41:05.6001654+08:00	0x02	0.0222	0.0055	-0.9634	0.2673	210.99	357.72	1.29
2026-05-09T14:41:05.6001654+08:00	0x08	-0.0033	-0.0552	0.1024	0.9932	11.76	353.66	0.28
2026-05-09T14:41:05.6001654+08:00	0x04	-0.0134	-0.0249	-0.2579	0.9658	330.15	357.63	357.78
2026-05-09T14:41:05.6001654+08:00	0x07	-0.0157	-0.0296	-0.2953	0.9548	325.69	357.28	357.28
2026-05-09T14:41:05.6001654+08:00	0x09	0.0530	-0.0639	-0.6265	0.7750	282.09	350.47	0.12
2026-05-09T14:41:05.6001654+08:00	0x05	-0.0007	0.0129	0.4391	0.8984	52.08	1.29	359.28
2026-05-09T14:41:05.6001654+08:00	0x03	0.0081	-0.0157	0.2173	0.9760	25.08	358.44	1.29
2026-05-09T14:41:05.6001654+08:00	0x06	0.0691	0.1364	-0.9173	0.3676	223.43	358.41	17.52
2026-05-09T14:41:05.6001654+08:00	0x08	-0.0033	-0.0552	0.1024	0.9932	11.76	353.66	0.28
2026-05-09T14:41:05.6001654+08:00	0x02	0.0222	0.0055	-0.9634	0.2673	210.99	357.72	1.29
2026-05-09T14:41:05.6001654+08:00	0x04	-0.0134	-0.0249	-0.2579	0.9658	330.15	357.63	357.78
2026-05-09T14:41:05.6011603+08:00	0x07	-0.0157	-0.0296	-0.2953	0.9548	325.69	357.28	357.28
2026-05-09T14:41:05.6011603+08:00	0x09	0.0530	-0.0639	-0.6265	0.7750	282.09	350.47	0.12
2026-05-09T14:41:05.6011603+08:00	0x01	-0.0209	-0.0304	-0.1361	0.9900	344.42	356.87	357.15
2026-05-09T14:41:05.6011603+08:00	0x06	0.0675	0.1338	-0.9178	0.3676	223.42	358.46	17.18
2026-05-09T14:41:05.6011603+08:00	0x08	-0.0032	-0.0552	0.1024	0.9932	11.76	353.66	0.28
2026-05-09T14:41:05.6011603+08:00	0x07	-0.0157	-0.0296	-0.2953	0.9548	325.69	357.29	357.28
2026-05-09T14:41:05.6011603+08:00	0x09	0.0530	-0.0639	-0.6265	0.7750	282.09	350.47	0.12
2026-05-09T14:41:05.6011603+08:00	0x03	0.0081	-0.0157	0.2173	0.9760	25.08	358.44	1.29
2026-05-09T14:41:05.6011603+08:00	0x06	0.0703	0.1376	-0.9171	0.3676	223.42	358.33	17.71
2026-05-09T14:41:05.6011603+08:00	0x08	-0.0033	-0.0552	0.1024	0.9932	11.76	353.66	0.28
2026-05-09T14:41:05.6011603+08:00	0x02	0.0222	0.0055	-0.9634	0.2673	210.99	357.72	1.29
2026-05-09T14:41:05.6011603+08:00	0x07	-0.0157	-0.0296	-0.2953	0.9548	325.69	357.28	357.28
2026-05-09T14:41:05.6011603+08:00	0x09	0.0530	-0.0639	-0.6265	0.7750	282.09	350.48	0.12
2026-05-09T14:41:05.6011603+08:00	0x03	0.0081	-0.0157	0.2173	0.9760	25.08	358.44	1.29
2026-05-09T14:41:05.6011603+08:00	0x01	-0.0209	-0.0304	-0.1361	0.9900	344.42	356.87	357.15
2026-05-09T14:41:05.6011603+08:00	0x06	0.0734	0.1394	-0.9176	0.3650	223.07	358.01	18.03
2026-05-09T14:41:05.6011603+08:00	0x08	-0.0033	-0.0552	0.1024	0.9932	11.76	353.66	0.28
2026-05-09T14:41:05.6011603+08:00	0x02	0.0222	0.0056	-0.9634	0.2673	210.99	357.72	1.29
2026-05-09T14:41:05.6011603+08:00	0x04	-0.0134	-0.0250	-0.2579	0.9658	330.15	357.63	357.78
2026-05-09T14:41:05.6011603+08:00	0x07	-0.0157	-0.0296	-0.2953	0.9548	325.69	357.29	357.28
2026-05-09T14:41:05.6011603+08:00	0x09	0.0530	-0.0639	-0.6265	0.7750	282.09	350.47	0.12
2026-05-09T14:41:05.6011603+08:00	0x06	0.0741	0.1394	-0.9189	0.3616	222.63	357.87	18.04
2026-05-09T14:41:05.6011603+08:00	0x08	-0.0033	-0.0552	0.1024	0.9932	11.76	353.66	0.28
2026-05-09T14:41:05.6011603+08:00	0x02	0.0222	0.0056	-0.9634	0.2673	210.99	357.72	1.29
2026-05-09T14:41:05.6011603+08:00	0x04	-0.0134	-0.0250	-0.2579	0.9658	330.15	357.63	357.78
2026-05-09T14:41:05.6011603+08:00	0x07	-0.0157	-0.0296	-0.2953	0.9548	325.69	357.29	357.28
2026-05-09T14:41:05.6011603+08:00	0x01	-0.0209	-0.0304	-0.1361	0.9900	344.42	356.87	357.15
2026-05-09T14:41:05.6011603+08:00	0x03	0.0081	-0.0157	0.2173	0.9760	25.08	358.44	1.29
2026-05-09T14:41:05.6011603+08:00	0x08	-0.0033	-0.0552	0.1024	0.9932	11.76	353.66	0.28
2026-05-09T14:41:05.6011603+08:00	0x02	0.0222	0.0056	-0.9634	0.2673	210.98	357.72	1.29
2026-05-09T14:41:05.6021610+08:00	0x04	-0.0134	-0.0250	-0.2579	0.9658	330.15	357.63	357.78
2026-05-09T14:41:05.6021610+08:00	0x07	-0.0157	-0.0296	-0.2953	0.9548	325.69	357.29	357.28
2026-05-09T14:41:05.6021610+08:00	0x09	0.0530	-0.0639	-0.6265	0.7750	282.09	350.48	0.12
2026-05-09T14:41:05.6021610+08:00	0x08	-0.0033	-0.0552	0.1024	0.9932	11.76	353.66	0.28
2026-05-09T14:41:05.6021610+08:00	0x04	-0.0134	-0.0250	-0.2579	0.9658	330.15	357.63	357.78
2026-05-09T14:41:05.6021610+08:00	0x09	0.0530	-0.0639	-0.6265	0.7750	282.09	350.47	0.12
2026-05-09T14:41:05.6021610+08:00	0x01	-0.0209	-0.0304	-0.1361	0.9900	344.42	356.87	357.15
2026-05-09T14:41:05.6021610+08:00	0x08	-0.0033	-0.0552	0.1024	0.9932	11.76	353.66	0.28
2026-05-09T14:41:05.6021610+08:00	0x04	-0.0134	-0.0250	-0.2579	0.9658	330.15	357.63	357.78
2026-05-09T14:41:05.6021610+08:00	0x07	-0.0157	-0.0296	-0.2953	0.9548	325.69	357.29	357.28
2026-05-09T14:41:05.6021610+08:00	0x09	0.0530	-0.0639	-0.6265	0.7750	282.09	350.48	0.12
2026-05-09T14:41:05.6021610+08:00	0x06	0.0675	0.1347	-0.9240	0.3516	221.39	358.20	17.25
2026-05-09T14:41:05.6021610+08:00	0x08	-0.0033	-0.0552	0.1024	0.9932	11.76	353.67	0.28
2026-05-09T14:41:05.6021610+08:00	0x07	-0.0157	-0.0296	-0.2953	0.9548	325.69	357.29	357.28
2026-05-09T14:41:05.6021610+08:00	0x04	-0.0134	-0.0250	-0.2579	0.9658	330.15	357.63	357.78
2026-05-09T14:41:05.6021610+08:00	0x09	0.0530	-0.0639	-0.6265	0.7750	282.09	350.48	0.12
2026-05-09T14:41:05.6021610+08:00	0x01	-0.0210	-0.0304	-0.1361	0.9900	344.42	356.87	357.15
2026-05-09T14:41:05.6021610+08:00	0x02	0.0222	0.0056	-0.9634	0.2673	210.99	357.72	1.29
2026-05-09T14:41:05.6021610+08:00	0x08	-0.0033	-0.0552	0.1024	0.9932	11.76	353.67	0.28
2026-05-09T14:41:05.6021610+08:00	0x07	-0.0157	-0.0296	-0.2953	0.9548	325.69	357.29	357.28
2026-05-09T14:41:05.6021610+08:00	0x09	0.0530	-0.0639	-0.6265	0.7750	282.09	350.47	0.12
2026-05-09T14:41:05.6021610+08:00	0x01	-0.0209	-0.0304	-0.1361	0.9900	344.42	356.87	357.15
2026-05-09T14:41:05.6021610+08:00	0x06	0.0714	0.1355	-0.9214	0.3571	222.05	357.91	17.50
2026-05-09T14:41:05.6021610+08:00	0x08	-0.0033	-0.0552	0.1024	0.9932	11.76	353.66	0.28
2026-05-09T14:41:05.6021610+08:00	0x04	-0.0134	-0.0249	-0.2579	0.9658	330.15	357.64	357.78
2026-05-09T14:41:05.6021610+08:00	0x07	-0.0157	-0.0296	-0.2953	0.9548	325.69	357.29	357.28
2026-05-09T14:41:05.6021610+08:00	0x06	0.0695	0.1359	-0.9211	0.3582	222.22	358.16	17.46
2026-05-09T14:41:05.6021610+08:00	0x06	0.0714	0.1355	-0.9214	0.3571	222.05	357.91	17.50
2026-05-09T14:41:05.6021610+08:00	0x02	0.0222	0.0055	-0.9634	0.2673	210.99	357.72	1.29
2026-05-09T14:41:05.6021610+08:00	0x08	-0.0033	-0.0552	0.1024	0.9932	11.76	353.67	0.28
2026-05-09T14:41:05.6031596+08:00	0x04	-0.0134	-0.0249	-0.2579	0.9658	330.15	357.63	357.78
2026-05-09T14:41:05.6031596+08:00	0x07	-0.0157	-0.0296	-0.2953	0.9548	325.69	357.28	357.28
2026-05-09T14:41:05.6031596+08:00	0x09	0.0530	-0.0639	-0.6265	0.7750	282.09	350.48	0.12
2026-05-09T14:41:05.6031596+08:00	0x03	0.0081	-0.0157	0.2173	0.9760	25.08	358.44	1.29
2026-05-09T14:41:05.6031596+08:00	0x06	0.0714	0.1355	-0.9214	0.3571	222.05	357.91	17.50
2026-05-09T14:41:05.6031596+08:00	0x02	0.0222	0.0056	-0.9634	0.2673	210.99	357.72	1.29
2026-05-09T14:41:05.6031596+08:00	0x08	-0.0033	-0.0552	0.1024	0.9932	11.76	353.67	0.28
2026-05-09T14:41:05.6031596+08:00	0x04	-0.0134	-0.0249	-0.2579	0.9658	330.15	357.64	357.78
2026-05-09T14:41:05.6031596+08:00	0x07	-0.0157	-0.0296	-0.2953	0.9548	325.69	357.28	357.28
2026-05-09T14:41:05.6031596+08:00	0x03	0.0080	-0.0157	0.2173	0.9760	25.08	358.44	1.29
2026-05-09T14:41:05.6031596+08:00	0x06	0.0714	0.1355	-0.9214	0.3571	222.05	357.91	17.50
2026-05-09T14:41:05.6031596+08:00	0x02	0.0222	0.0056	-0.9634	0.2673	210.99	357.72	1.29
2026-05-09T14:41:05.6031596+08:00	0x08	-0.0033	-0.0552	0.1024	0.9932	11.76	353.67	0.28
2026-05-09T14:41:05.6031596+08:00	0x04	-0.0134	-0.0249	-0.2579	0.9658	330.15	357.63	357.78
2026-05-09T14:41:05.6031596+08:00	0x09	0.0530	-0.0639	-0.6265	0.7750	282.09	350.47	0.12
2026-05-09T14:41:05.6031596+08:00	0x07	-0.0157	-0.0296	-0.2953	0.9548	325.69	357.29	357.28
2026-05-09T14:41:05.6031596+08:00	0x03	0.0081	-0.0157	0.2173	0.9760	25.08	358.44	1.29
2026-05-09T14:41:05.6031596+08:00	0x06	0.0677	0.1358	-0.9204	0.3603	222.51	358.39	17.39
2026-05-09T14:41:05.6031596+08:00	0x08	-0.0033	-0.0552	0.1024	0.9932	11.76	353.67	0.28
2026-05-09T14:41:05.6031596+08:00	0x02	0.0222	0.0056	-0.9634	0.2673	210.99	357.72	1.29
2026-05-09T14:41:05.6031596+08:00	0x07	-0.0157	-0.0296	-0.2953	0.9548	325.69	357.28	357.28
2026-05-09T14:41:05.6031596+08:00	0x09	0.0530	-0.0639	-0.6265	0.7750	282.09	350.47	0.12
2026-05-09T14:41:05.6031596+08:00	0x01	-0.0209	-0.0304	-0.1361	0.9900	344.42	356.87	357.15
2026-05-09T14:41:05.6031596+08:00	0x06	0.0714	0.1355	-0.9214	0.3571	222.05	357.91	17.50
2026-05-09T14:41:05.6031596+08:00	0x06	0.0687	0.1362	-0.9203	0.3603	222.50	358.30	17.46
2026-05-09T14:41:05.6031596+08:00	0x02	0.0222	0.0055	-0.9634	0.2673	210.99	357.72	1.29
2026-05-09T14:41:05.6031596+08:00	0x03	0.0081	-0.0157	0.2173	0.9760	25.08	358.44	1.29
2026-05-09T14:41:05.6031596+08:00	0x07	-0.0157	-0.0296	-0.2953	0.9548	325.69	357.29	357.28
2026-05-09T14:41:05.6031596+08:00	0x09	0.0530	-0.0639	-0.6265	0.7750	282.09	350.48	0.12
2026-05-09T14:41:05.6031596+08:00	0x06	0.0714	0.1355	-0.9214	0.3571	222.05	357.91	17.50
2026-05-09T14:41:05.6031596+08:00	0x01	-0.0209	-0.0304	-0.1361	0.9900	344.42	356.87	357.15
2026-05-09T14:41:05.6031596+08:00	0x03	0.0081	-0.0157	0.2173	0.9760	25.08	358.44	1.29
2026-05-09T14:41:05.6031596+08:00	0x06	0.0688	0.1357	-0.9201	0.3610	222.59	358.28	17.42
2026-05-09T14:41:05.6031596+08:00	0x02	0.0222	0.0055	-0.9634	0.2673	210.99	357.72	1.29
2026-05-09T14:41:05.6041520+08:00	0x08	-0.0033	-0.0552	0.1024	0.9932	11.76	353.66	0.28
2026-05-09T14:41:05.6041520+08:00	0x04	-0.0134	-0.0249	-0.2579	0.9658	330.15	357.64	357.78
2026-05-09T14:41:05.6041520+08:00	0x07	-0.0157	-0.0296	-0.2953	0.9548	325.69	357.28	357.28
2026-05-09T14:41:05.6041520+08:00	0x06	0.0714	0.1355	-0.9214	0.3571	222.05	357.91	17.50
2026-05-09T14:41:05.6041520+08:00	0x09	0.0530	-0.0639	-0.6265	0.7750	282.09	350.47	0.12
2026-05-09T14:41:05.6041520+08:00	0x01	-0.0209	-0.0304	-0.1361	0.9900	344.42	356.87	357.15
2026-05-09T14:41:05.6041520+08:00	0x06	0.0584	0.1281	-0.9186	0.3692	223.68	359.25	16.17
2026-05-09T14:41:05.6041520+08:00	0x02	0.0222	0.0055	-0.9634	0.2673	210.99	357.72	1.29
2026-05-09T14:41:05.6041520+08:00	0x04	-0.0134	-0.0249	-0.2579	0.9658	330.15	357.64	357.78
2026-05-09T14:41:05.6041520+08:00	0x07	-0.0157	-0.0296	-0.2953	0.9548	325.69	357.28	357.28
2026-05-09T14:41:05.6041520+08:00	0x06	0.0714	0.1355	-0.9214	0.3571	222.05	357.91	17.50
2026-05-09T14:41:05.6041520+08:00	0x09	0.0530	-0.0639	-0.6265	0.7750	282.09	350.47	0.12
2026-05-09T14:41:05.6041520+08:00	0x03	0.0081	-0.0157	0.2173	0.9760	25.08	358.44	1.29
2026-05-09T14:41:05.6041520+08:00	0x06	0.0696	0.1380	-0.9169	0.3679	223.49	358.44	17.71
2026-05-09T14:41:05.6041520+08:00	0x02	0.0222	0.0055	-0.9634	0.2673	210.98	357.72	1.29
2026-05-09T14:41:05.6041520+08:00	0x04	-0.0134	-0.0249	-0.2579	0.9658	330.15	357.64	357.78
2026-05-09T14:41:05.6041520+08:00	0x07	-0.0157	-0.0296	-0.2953	0.9548	325.69	357.28	357.28
2026-05-09T14:41:05.6041520+08:00	0x06	0.0714	0.1355	-0.9214	0.3571	222.05	357.91	17.50
2026-05-09T14:41:05.6041520+08:00	0x03	0.0081	-0.0157	0.2173	0.9760	25.08	358.44	1.29
2026-05-09T14:41:05.6041520+08:00	0x05	-0.0007	0.0129	0.4391	0.8984	52.08	1.30	359.28
2026-05-09T14:41:05.6041520+08:00	0x08	-0.0032	-0.0552	0.1024	0.9932	11.76	353.66	0.28
2026-05-09T14:41:05.6041520+08:00	0x07	-0.0157	-0.0296	-0.2953	0.9548	325.69	357.29	357.28
2026-05-09T14:41:05.6041520+08:00	0x03	0.0081	-0.0157	0.2173	0.9760	25.08	358.44	1.29
2026-05-09T14:41:05.6041520+08:00	0x08	-0.0032	-0.0552	0.1024	0.9932	11.76	353.66	0.28
2026-05-09T14:41:05.6041520+08:00	0x06	0.0656	0.1374	-0.9194	0.3626	222.85	358.74	17.47
2026-05-09T14:41:05.6041520+08:00	0x04	-0.0134	-0.0249	-0.2579	0.9658	330.15	357.64	357.78
2026-05-09T14:41:05.6041520+08:00	0x01	-0.0209	-0.0304	-0.1361	0.9900	344.42	356.87	357.15
2026-05-09T14:41:05.6041520+08:00	0x03	0.0081	-0.0157	0.2173	0.9760	25.08	358.44	1.29
2026-05-09T14:41:05.6041520+08:00	0x06	0.0660	0.1364	-0.9201	0.3613	222.66	358.63	17.38
2026-05-09T14:41:05.6041520+08:00	0x09	0.0530	-0.0639	-0.6265	0.7750	282.09	350.48	0.12
2026-05-09T14:41:05.6041520+08:00	0x02	0.0222	0.0055	-0.9634	0.2673	210.99	357.72	1.29
2026-05-09T14:41:05.6051492+08:00	0x08	-0.0033	-0.0552	0.1024	0.9932	11.76	353.66	0.28
2026-05-09T14:41:05.6051492+08:00	0x01	-0.0210	-0.0304	-0.1361	0.9900	344.42	356.87	357.15
2026-05-09T14:41:05.6051492+08:00	0x03	0.0080	-0.0157	0.2173	0.9760	25.08	358.44	1.29
2026-05-09T14:41:05.6051492+08:00	0x06	0.0652	0.1367	-0.9204	0.3605	222.58	358.71	17.38
2026-05-09T14:41:05.6051492+08:00	0x07	-0.0157	-0.0296	-0.2953	0.9548	325.69	357.29	357.28
2026-05-09T14:41:05.6051492+08:00	0x02	0.0222	0.0055	-0.9634	0.2673	210.99	357.72	1.29
2026-05-09T14:41:05.6051492+08:00	0x08	-0.0033	-0.0552	0.1024	0.9932	11.76	353.67	0.28
2026-05-09T14:41:05.6051492+08:00	0x07	-0.0157	-0.0296	-0.2953	0.9548	325.69	357.29	357.28
2026-05-09T14:41:05.6051492+08:00	0x01	-0.0210	-0.0304	-0.1361	0.9900	344.42	356.87	357.15
2026-05-09T14:41:05.6051492+08:00	0x09	0.0530	-0.0639	-0.6265	0.7750	282.09	350.48	0.12
2026-05-09T14:41:05.6051492+08:00	0x03	0.0081	-0.0157	0.2173	0.9760	25.08	358.44	1.29
2026-05-09T14:41:05.6051492+08:00	0x05	-0.0006	0.0130	0.4391	0.8984	52.08	1.30	359.28
2026-05-09T14:41:05.6051492+08:00	0x02	0.0222	0.0055	-0.9634	0.2673	210.99	357.72	1.29
2026-05-09T14:41:05.6051492+08:00	0x07	-0.0157	-0.0296	-0.2953	0.9548	325.69	357.29	357.28
2026-05-09T14:41:05.6051492+08:00	0x09	0.0530	-0.0639	-0.6265	0.7750	282.09	350.48	0.12
2026-05-09T14:41:05.6051492+08:00	0x03	0.0081	-0.0157	0.2173	0.9760	25.08	358.44	1.29
2026-05-09T14:41:05.6051492+08:00	0x01	-0.0210	-0.0304	-0.1361	0.9900	344.42	356.87	357.15
2026-05-09T14:41:05.6051492+08:00	0x08	-0.0033	-0.0552	0.1024	0.9932	11.76	353.67	0.28
2026-05-09T14:41:05.6051492+08:00	0x02	0.0222	0.0055	-0.9634	0.2673	210.99	357.72	1.29
2026-05-09T14:41:05.6051492+08:00	0x07	-0.0157	-0.0296	-0.2953	0.9548	325.69	357.29	357.28
2026-05-09T14:41:05.6051492+08:00	0x03	0.0081	-0.0157	0.2173	0.9760	25.08	358.44	1.29
2026-05-09T14:41:05.6051492+08:00	0x06	0.0633	0.1363	-0.9187	0.3652	223.21	359.00	17.25
2026-05-09T14:41:05.6051492+08:00	0x08	-0.0033	-0.0552	0.1024	0.9932	11.76	353.67	0.28
2026-05-09T14:41:05.6051492+08:00	0x02	0.0222	0.0055	-0.9634	0.2673	210.99	357.72	1.29
2026-05-09T14:41:05.6051492+08:00	0x01	-0.0210	-0.0304	-0.1361	0.9900	344.42	356.87	357.15
2026-05-09T14:41:05.6051492+08:00	0x07	-0.0157	-0.0296	-0.2953	0.9548	325.69	357.28	357.28
2026-05-09T14:41:05.6051492+08:00	0x03	0.0081	-0.0157	0.2173	0.9760	25.08	358.44	1.29
2026-05-09T14:41:05.6051492+08:00	0x09	0.0530	-0.0639	-0.6265	0.7750	282.09	350.47	0.12
2026-05-09T14:41:05.6051492+08:00	0x08	-0.0032	-0.0552	0.1024	0.9932	11.76	353.67	0.28
2026-05-09T14:41:05.6051492+08:00	0x02	0.0222	0.0055	-0.9634	0.2673	210.99	357.72	1.29
2026-05-09T14:41:05.6051492+08:00	0x07	-0.0157	-0.0296	-0.2953	0.9548	325.69	357.29	357.28
2026-05-09T14:41:05.6051492+08:00	0x01	-0.0210	-0.0304	-0.1361	0.9900	344.42	356.87	357.15
2026-05-09T14:41:05.6051492+08:00	0x04	-0.0133	-0.0249	-0.2579	0.9658	330.15	357.64	357.79
2026-05-09T14:41:05.6051492+08:00	0x03	0.0080	-0.0157	0.2173	0.9760	25.08	358.44	1.29
2026-05-09T14:41:05.6051492+08:00	0x06	0.0607	0.1371	-0.9177	0.3680	223.61	359.37	17.24
2026-05-09T14:41:05.6051492+08:00	0x08	-0.0032	-0.0552	0.1024	0.9932	11.76	353.67	0.28
2026-05-09T14:41:05.6051492+08:00	0x01	-0.0210	-0.0304	-0.1361	0.9900	344.42	356.87	357.15
2026-05-09T14:41:05.6051492+08:00	0x07	-0.0157	-0.0296	-0.2953	0.9548	325.69	357.29	357.28
2026-05-09T14:41:05.6051492+08:00	0x03	0.0081	-0.0157	0.2173	0.9760	25.08	358.44	1.29
2026-05-09T14:41:05.6051492+08:00	0x06	0.0649	0.1374	-0.9175	0.3677	223.51	358.91	17.45
2026-05-09T14:41:05.6051492+08:00	0x02	0.0222	0.0056	-0.9634	0.2673	210.99	357.72	1.29
2026-05-09T14:41:05.6051492+08:00	0x01	-0.0210	-0.0304	-0.1361	0.9900	344.42	356.87	357.15
2026-05-09T14:41:05.6051492+08:00	0x07	-0.0157	-0.0296	-0.2953	0.9548	325.69	357.29	357.28
2026-05-09T14:41:05.6051492+08:00	0x09	0.0530	-0.0639	-0.6265	0.7750	282.09	350.48	0.12
2026-05-09T14:41:05.6051492+08:00	0x03	0.0081	-0.0157	0.2173	0.9760	25.08	358.44	1.29
2026-05-09T14:41:05.6051492+08:00	0x08	-0.0032	-0.0552	0.1024	0.9932	11.76	353.67	0.28
2026-05-09T14:41:05.6051492+08:00	0x02	0.0222	0.0055	-0.9634	0.2673	210.99	357.72	1.29
2026-05-09T14:41:05.6051492+08:00	0x01	-0.0210	-0.0304	-0.1361	0.9900	344.42	356.87	357.15
2026-05-09T14:41:05.6051492+08:00	0x07	-0.0157	-0.0296	-0.2953	0.9548	325.69	357.29	357.28
2026-05-09T14:41:05.6051492+08:00	0x04	-0.0133	-0.0249	-0.2579	0.9658	330.15	357.64	357.79
2026-05-09T14:41:05.6051492+08:00	0x03	0.0081	-0.0157	0.2173	0.9760	25.08	358.44	1.29
2026-05-09T14:41:05.6051492+08:00	0x06	0.0679	0.1362	-0.9160	0.3712	223.90	358.60	17.45
2026-05-09T14:41:05.6051492+08:00	0x02	0.0222	0.0055	-0.9634	0.2673	210.99	357.72	1.29
2026-05-09T14:41:05.6051492+08:00	0x01	-0.0209	-0.0304	-0.1361	0.9900	344.42	356.87	357.15
2026-05-09T14:41:05.6051492+08:00	0x07	-0.0157	-0.0296	-0.2953	0.9548	325.69	357.29	357.28
2026-05-09T14:41:05.6066208+08:00	0x03	0.0081	-0.0158	0.2173	0.9760	25.08	358.44	1.29
2026-05-09T14:41:05.6066300+08:00	0x09	0.0530	-0.0639	-0.6265	0.7750	282.09	350.48	0.12
2026-05-09T14:41:05.6066300+08:00	0x08	-0.0032	-0.0552	0.1024	0.9932	11.76	353.67	0.28
2026-05-09T14:41:05.6066300+08:00	0x02	0.0222	0.0055	-0.9634	0.2673	210.99	357.72	1.29
2026-05-09T14:41:05.6066300+08:00	0x01	-0.0209	-0.0304	-0.1361	0.9900	344.42	356.87	357.15
2026-05-09T14:41:05.6066300+08:00	0x07	-0.0157	-0.0296	-0.2953	0.9548	325.69	357.28	357.28
2026-05-09T14:41:05.6066300+08:00	0x03	0.0081	-0.0157	0.2173	0.9760	25.08	358.44	1.29
2026-05-09T14:41:05.6066300+08:00	0x08	-0.0032	-0.0552	0.1024	0.9932	11.76	353.67	0.28
2026-05-09T14:41:05.6066300+08:00	0x02	0.0222	0.0055	-0.9634	0.2673	210.99	357.72	1.29
2026-05-09T14:41:05.6066300+08:00	0x05	-0.0008	0.0130	0.4391	0.8984	52.08	1.30	359.27
2026-05-09T14:41:05.6066300+08:00	0x01	-0.0209	-0.0304	-0.1361	0.9900	344.42	356.87	357.15
2026-05-09T14:41:05.6066300+08:00	0x04	-0.0134	-0.0249	-0.2579	0.9658	330.15	357.64	357.78
2026-05-09T14:41:05.6066300+08:00	0x03	0.0081	-0.0157	0.2173	0.9760	25.08	358.44	1.29
2026-05-09T14:41:05.6066300+08:00	0x09	0.0530	-0.0639	-0.6265	0.7750	282.09	350.48	0.12
2026-05-09T14:41:05.6066300+08:00	0x06	0.0568	0.1141	-0.9252	0.3574	222.06	358.60	14.58
2026-05-09T14:41:05.6066300+08:00	0x02	0.0222	0.0055	-0.9634	0.2673	210.99	357.72	1.29
2026-05-09T14:41:05.6066300+08:00	0x08	-0.0032	-0.0552	0.1024	0.9932	11.76	353.67	0.28
2026-05-09T14:41:05.6066300+08:00	0x04	-0.0134	-0.0249	-0.2579	0.9658	330.15	357.64	357.78
2026-05-09T14:41:05.6066300+08:00	0x03	0.0081	-0.0157	0.2173	0.9760	25.08	358.44	1.29
2026-05-09T14:41:05.6066300+08:00	0x01	-0.0209	-0.0304	-0.1361	0.9900	344.42	356.87	357.15
2026-05-09T14:41:05.6066300+08:00	0x07	-0.0157	-0.0296	-0.2953	0.9548	325.69	357.29	357.28
2026-05-09T14:41:05.6066300+08:00	0x02	0.0222	0.0055	-0.9634	0.2673	210.99	357.72	1.29
2026-05-09T14:41:05.6066300+08:00	0x09	0.0530	-0.0639	-0.6265	0.7750	282.09	350.48	0.12
2026-05-09T14:41:05.6066300+08:00	0x01	-0.0209	-0.0304	-0.1361	0.9900	344.42	356.87	357.15
2026-05-09T14:41:05.6066300+08:00	0x04	-0.0133	-0.0249	-0.2579	0.9658	330.15	357.64	357.79
2026-05-09T14:41:05.6066300+08:00	0x09	0.0530	-0.0639	-0.6265	0.7750	282.09	350.48	0.12
2026-05-09T14:41:05.6066300+08:00	0x06	0.0581	0.1097	-0.9310	0.3434	220.25	358.06	14.13
2026-05-09T14:41:05.6066300+08:00	0x02	0.0222	0.0055	-0.9634	0.2673	210.99	357.72	1.29
2026-05-09T14:41:05.6066300+08:00	0x01	-0.0209	-0.0304	-0.1361	0.9900	344.42	356.87	357.15
2026-05-09T14:41:05.6066300+08:00	0x07	-0.0157	-0.0296	-0.2953	0.9548	325.69	357.29	357.28
2026-05-09T14:41:05.6066300+08:00	0x09	0.0530	-0.0639	-0.6265	0.7750	282.09	350.48	0.12
2026-05-09T14:41:05.6066300+08:00	0x06	0.0595	0.1094	-0.9312	0.3425	220.12	357.88	14.15
2026-05-09T14:41:05.6066300+08:00	0x08	-0.0033	-0.0552	0.1024	0.9932	11.76	353.67	0.28
2026-05-09T14:41:05.6066300+08:00	0x02	0.0222	0.0055	-0.9634	0.2673	210.98	357.72	1.29
2026-05-09T14:41:05.6076245+08:00	0x01	-0.0209	-0.0304	-0.1361	0.9900	344.42	356.87	357.15
2026-05-09T14:41:05.6076245+08:00	0x04	-0.0134	-0.0249	-0.2579	0.9658	330.15	357.64	357.78
2026-05-09T14:41:05.6076245+08:00	0x07	-0.0157	-0.0296	-0.2953	0.9548	325.69	357.29	357.28
2026-05-09T14:41:05.6076245+08:00	0x09	0.0530	-0.0639	-0.6265	0.7750	282.09	350.48	0.12
2026-05-09T14:41:05.6076245+08:00	0x08	-0.0033	-0.0552	0.1024	0.9932	11.76	353.67	0.28
2026-05-09T14:41:05.6076245+08:00	0x06	0.0575	0.1107	-0.9323	0.3396	219.79	358.11	14.21
2026-05-09T14:41:05.6076245+08:00	0x02	0.0222	0.0055	-0.9634	0.2673	210.98	357.72	1.29
2026-05-09T14:41:05.6076245+08:00	0x01	-0.0209	-0.0304	-0.1361	0.9900	344.42	356.87	357.15
2026-05-09T14:41:05.6076245+08:00	0x07	-0.0157	-0.0296	-0.2953	0.9548	325.69	357.29	357.28
2026-05-09T14:41:05.6076245+08:00	0x08	-0.0033	-0.0552	0.1024	0.9932	11.76	353.67	0.28
2026-05-09T14:41:05.6076245+08:00	0x03	0.0081	-0.0157	0.2173	0.9760	25.08	358.44	1.29
2026-05-09T14:41:05.6076245+08:00	0x06	0.0616	0.1098	-0.9296	0.3465	220.60	357.73	14.29
2026-05-09T14:41:05.6076245+08:00	0x05	-0.0007	0.0130	0.4391	0.8984	52.08	1.30	359.28
2026-05-09T14:41:05.6076245+08:00	0x01	-0.0209	-0.0304	-0.1361	0.9900	344.42	356.87	357.15
2026-05-09T14:41:05.6076245+08:00	0x07	-0.0157	-0.0296	-0.2953	0.9548	325.69	357.29	357.28
2026-05-09T14:41:05.6076245+08:00	0x09	0.0530	-0.0639	-0.6265	0.7750	282.09	350.48	0.12
2026-05-09T14:41:05.6076245+08:00	0x03	0.0081	-0.0157	0.2173	0.9760	25.08	358.44	1.29
2026-05-09T14:41:05.6076245+08:00	0x06	0.0640	0.1108	-0.9291	0.3471	220.65	357.51	14.50
2026-05-09T14:41:05.6076245+08:00	0x02	0.0222	0.0055	-0.9634	0.2673	210.99	357.72	1.29
2026-05-09T14:41:05.6076245+08:00	0x01	-0.0209	-0.0304	-0.1361	0.9900	344.42	356.87	357.15
2026-05-09T14:41:05.6076245+08:00	0x04	-0.0133	-0.0249	-0.2579	0.9658	330.15	357.64	357.79
2026-05-09T14:41:05.6076245+08:00	0x07	-0.0157	-0.0296	-0.2953	0.9548	325.69	357.28	357.28
2026-05-09T14:41:05.6076245+08:00	0x09	0.0530	-0.0639	-0.6265	0.7750	282.09	350.48	0.12
2026-05-09T14:41:05.6076245+08:00	0x06	0.0632	0.1172	-0.9270	0.3506	221.15	357.92	15.16
2026-05-09T14:41:05.6076245+08:00	0x02	0.0222	0.0055	-0.9634	0.2673	210.99	357.72	1.29
2026-05-09T14:41:05.6076245+08:00	0x03	0.0080	-0.0157	0.2173	0.9760	25.08	358.44	1.29
2026-05-09T14:41:05.6076245+08:00	0x07	-0.0157	-0.0296	-0.2953	0.9548	325.69	357.28	357.28
2026-05-09T14:41:05.6076245+08:00	0x08	-0.0033	-0.0552	0.1024	0.9932	11.76	353.67	0.28
2026-05-09T14:41:05.6076245+08:00	0x03	0.0080	-0.0157	0.2173	0.9760	25.08	358.44	1.29
2026-05-09T14:41:05.6076245+08:00	0x02	0.0222	0.0055	-0.9634	0.2673	210.99	357.72	1.29
2026-05-09T14:41:05.6076245+08:00	0x01	-0.0209	-0.0304	-0.1361	0.9900	344.42	356.87	357.15
2026-05-09T14:41:05.6076245+08:00	0x07	-0.0157	-0.0296	-0.2953	0.9548	325.69	357.28	357.28
2026-05-09T14:41:05.6076245+08:00	0x04	-0.0133	-0.0249	-0.2579	0.9658	330.15	357.63	357.79
2026-05-09T14:41:05.6076245+08:00	0x09	0.0530	-0.0639	-0.6265	0.7750	282.09	350.48	0.12
2026-05-09T14:41:05.6076245+08:00	0x06	0.0617	0.1272	-0.9220	0.3604	222.51	358.68	16.20
2026-05-09T14:41:05.6076245+08:00	0x02	0.0222	0.0055	-0.9634	0.2673	210.99	357.72	1.29
2026-05-09T14:41:05.6086219+08:00	0x04	-0.0133	-0.0249	-0.2579	0.9658	330.15	357.63	357.79
2026-05-09T14:41:05.6086219+08:00	0x01	-0.0210	-0.0304	-0.1361	0.9900	344.42	356.87	357.15
2026-05-09T14:41:05.6086219+08:00	0x09	0.0530	-0.0639	-0.6265	0.7750	282.09	350.48	0.12
2026-05-09T14:41:05.6086219+08:00	0x08	-0.0033	-0.0552	0.1024	0.9932	11.76	353.67	0.28
2026-05-09T14:41:05.6086219+08:00	0x03	0.0080	-0.0157	0.2173	0.9760	25.08	358.44	1.29
2026-05-09T14:41:05.6086219+08:00	0x02	0.0222	0.0055	-0.9634	0.2673	210.99	357.72	1.29
2026-05-09T14:41:05.6086219+08:00	0x04	-0.0133	-0.0249	-0.2579	0.9658	330.15	357.64	357.79
2026-05-09T14:41:05.6086219+08:00	0x07	-0.0157	-0.0296	-0.2953	0.9548	325.69	357.28	357.28
2026-05-09T14:41:05.6086219+08:00	0x09	0.0530	-0.0639	-0.6265	0.7750	282.09	350.47	0.12
2026-05-09T14:41:05.6086219+08:00	0x03	0.0081	-0.0157	0.2173	0.9760	25.08	358.44	1.29
2026-05-09T14:41:05.6086219+08:00	0x02	0.0222	0.0055	-0.9634	0.2673	210.99	357.72	1.29
2026-05-09T14:41:05.6086219+08:00	0x04	-0.0134	-0.0249	-0.2579	0.9658	330.15	357.63	357.78
2026-05-09T14:41:05.6086219+08:00	0x07	-0.0157	-0.0296	-0.2953	0.9548	325.69	357.28	357.28
2026-05-09T14:41:05.6086219+08:00	0x09	0.0530	-0.0639	-0.6265	0.7750	282.09	350.47	0.12
2026-05-09T14:41:05.6086219+08:00	0x03	0.0081	-0.0158	0.2173	0.9760	25.08	358.44	1.29
2026-05-09T14:41:05.6086219+08:00	0x02	0.0222	0.0055	-0.9634	0.2673	210.99	357.72	1.29
2026-05-09T14:41:05.6086219+08:00	0x04	-0.0133	-0.0249	-0.2579	0.9658	330.15	357.63	357.79
2026-05-09T14:41:05.6086219+08:00	0x09	0.0530	-0.0639	-0.6265	0.7750	282.09	350.47	0.12
2026-05-09T14:41:05.6086219+08:00	0x03	0.0081	-0.0158	0.2173	0.9760	25.08	358.44	1.29
2026-05-09T14:41:05.6086219+08:00	0x08	-0.0033	-0.0552	0.1024	0.9932	11.76	353.67	0.28
2026-05-09T14:41:05.6086219+08:00	0x02	0.0222	0.0055	-0.9634	0.2673	210.99	357.72	1.29
2026-05-09T14:41:05.6086219+08:00	0x07	-0.0157	-0.0296	-0.2953	0.9548	325.69	357.28	357.28
2026-05-09T14:41:05.6086219+08:00	0x01	-0.0210	-0.0304	-0.1361	0.9900	344.42	356.87	357.15
2026-05-09T14:41:05.6086219+08:00	0x09	0.0530	-0.0639	-0.6265	0.7750	282.09	350.48	0.12
2026-05-09T14:41:05.6086219+08:00	0x03	0.0081	-0.0158	0.2173	0.9760	25.08	358.44	1.29
2026-05-09T14:41:05.6086219+08:00	0x08	-0.0033	-0.0552	0.1024	0.9932	11.76	353.67	0.28
2026-05-09T14:41:05.6086219+08:00	0x04	-0.0134	-0.0249	-0.2579	0.9658	330.15	357.63	357.78
2026-05-09T14:41:05.6086219+08:00	0x01	-0.0210	-0.0304	-0.1361	0.9900	344.42	356.87	357.15
2026-05-09T14:41:05.6086219+08:00	0x07	-0.0157	-0.0296	-0.2953	0.9548	325.69	357.28	357.28
2026-05-09T14:41:05.6086219+08:00	0x09	0.0530	-0.0639	-0.6265	0.7750	282.09	350.47	0.12
2026-05-09T14:41:05.6086219+08:00	0x03	0.0081	-0.0158	0.2173	0.9760	25.08	358.44	1.29
2026-05-09T14:41:05.6086219+08:00	0x02	0.0222	0.0055	-0.9634	0.2673	210.99	357.72	1.29
2026-05-09T14:41:05.6086219+08:00	0x04	-0.0134	-0.0249	-0.2579	0.9658	330.15	357.64	357.78
2026-05-09T14:41:05.6086219+08:00	0x07	-0.0157	-0.0296	-0.2953	0.9548	325.69	357.28	357.28
2026-05-09T14:41:05.6086219+08:00	0x09	0.0530	-0.0639	-0.6265	0.7750	282.09	350.48	0.12
2026-05-09T14:41:05.6086219+08:00	0x05	-0.0006	0.0130	0.4391	0.8984	52.08	1.30	359.28
2026-05-09T14:41:05.6086219+08:00	0x03	0.0080	-0.0157	0.2173	0.9760	25.08	358.44	1.29
2026-05-09T14:41:05.6086219+08:00	0x04	-0.0133	-0.0249	-0.2579	0.9658	330.15	357.64	357.79
2026-05-09T14:41:05.6096182+08:00	0x02	0.0222	0.0056	-0.9634	0.2673	210.99	357.72	1.29
2026-05-09T14:41:05.6096182+08:00	0x07	-0.0157	-0.0296	-0.2953	0.9548	325.69	357.28	357.28
2026-05-09T14:41:05.6096182+08:00	0x09	0.0530	-0.0639	-0.6265	0.7750	282.09	350.48	0.12
2026-05-09T14:41:05.6096182+08:00	0x08	-0.0033	-0.0552	0.1024	0.9932	11.76	353.67	0.28
2026-05-09T14:41:05.6096182+08:00	0x06	0.0654	0.1316	-0.9166	0.3717	223.95	358.68	16.86
2026-05-09T14:41:05.6096182+08:00	0x01	-0.0209	-0.0304	-0.1361	0.9900	344.42	356.87	357.15
2026-05-09T14:41:05.6096182+08:00	0x02	0.0222	0.0055	-0.9634	0.2673	210.99	357.72	1.29
2026-05-09T14:41:05.6096182+08:00	0x07	-0.0157	-0.0296	-0.2953	0.9548	325.69	357.28	357.28
2026-05-09T14:41:05.6096182+08:00	0x09	0.0530	-0.0639	-0.6265	0.7750	282.09	350.48	0.12
2026-05-09T14:41:05.6096182+08:00	0x03	0.0080	-0.0157	0.2173	0.9760	25.08	358.44	1.29
2026-05-09T14:41:05.6096182+08:00	0x06	0.0673	0.1335	-0.9156	0.3732	224.14	358.58	17.14
2026-05-09T14:41:05.6096182+08:00	0x04	-0.0133	-0.0249	-0.2579	0.9658	330.15	357.64	357.79
2026-05-09T14:41:05.6096182+08:00	0x02	0.0222	0.0056	-0.9634	0.2673	210.99	357.72	1.29
2026-05-09T14:41:05.6096182+08:00	0x01	-0.0209	-0.0304	-0.1361	0.9900	344.42	356.87	357.15
2026-05-09T14:41:05.6096182+08:00	0x07	-0.0157	-0.0296	-0.2953	0.9548	325.69	357.29	357.28
2026-05-09T14:41:05.6096182+08:00	0x09	0.0530	-0.0639	-0.6265	0.7750	282.09	350.48	0.12
2026-05-09T14:41:05.6096182+08:00	0x03	0.0081	-0.0157	0.2173	0.9760	25.08	358.44	1.29
2026-05-09T14:41:05.6096182+08:00	0x04	-0.0133	-0.0249	-0.2579	0.9658	330.15	357.64	357.79
2026-05-09T14:41:05.6096182+08:00	0x02	0.0222	0.0055	-0.9634	0.2673	210.99	357.72	1.29
2026-05-09T14:41:05.6096182+08:00	0x01	-0.0209	-0.0304	-0.1361	0.9900	344.42	356.87	357.15
2026-05-09T14:41:05.6096182+08:00	0x08	-0.0032	-0.0552	0.1024	0.9932	11.76	353.66	0.28
2026-05-09T14:41:05.6096182+08:00	0x09	0.0530	-0.0639	-0.6265	0.7750	282.09	350.47	0.12
2026-05-09T14:41:05.6096182+08:00	0x03	0.0080	-0.0157	0.2173	0.9760	25.08	358.44	1.29
2026-05-09T14:41:05.6096182+08:00	0x06	0.0625	0.1335	-0.9135	0.3793	224.98	359.23	16.94
2026-05-09T14:41:05.6096182+08:00	0x01	-0.0209	-0.0304	-0.1361	0.9900	344.42	356.87	357.15
2026-05-09T14:41:05.6096182+08:00	0x02	0.0222	0.0055	-0.9634	0.2673	210.99	357.72	1.29
2026-05-09T14:41:05.6096182+08:00	0x07	-0.0157	-0.0297	-0.2953	0.9548	325.69	357.28	357.28
2026-05-09T14:41:05.6096182+08:00	0x09	0.0530	-0.0639	-0.6265	0.7750	282.09	350.47	0.12
2026-05-09T14:41:05.6096182+08:00	0x05	-0.0007	0.0129	0.4391	0.8984	52.08	1.30	359.28
2026-05-09T14:41:05.6096182+08:00	0x03	0.0081	-0.0157	0.2173	0.9760	25.08	358.44	1.29
2026-05-09T14:41:05.6096182+08:00	0x04	-0.0133	-0.0249	-0.2579	0.9658	330.15	357.63	357.79
2026-05-09T14:41:05.6096182+08:00	0x02	0.0222	0.0055	-0.9634	0.2673	210.99	357.72	1.29
2026-05-09T14:41:05.6096182+08:00	0x07	-0.0157	-0.0297	-0.2953	0.9548	325.69	357.28	357.28
2026-05-09T14:41:05.6096182+08:00	0x03	0.0080	-0.0157	0.2173	0.9760	25.08	358.44	1.29
2026-05-09T14:41:05.6096182+08:00	0x09	0.0530	-0.0639	-0.6265	0.7750	282.09	350.47	0.12
2026-05-09T14:41:05.6106316+08:00	0x06	0.0638	0.1332	-0.9153	0.3748	224.39	358.98	16.95
2026-05-09T14:41:05.6106316+08:00	0x01	-0.0210	-0.0304	-0.1361	0.9900	344.42	356.87	357.15
2026-05-09T14:41:05.6106316+08:00	0x07	-0.0157	-0.0297	-0.2953	0.9548	325.69	357.28	357.28
2026-05-09T14:41:05.6106316+08:00	0x09	0.0530	-0.0639	-0.6265	0.7750	282.09	350.48	0.12
2026-05-09T14:41:05.6106316+08:00	0x03	0.0081	-0.0157	0.2173	0.9760	25.08	358.44	1.29
2026-05-09T14:41:05.6106316+08:00	0x06	0.0653	0.1330	-0.9162	0.3724	224.06	358.76	17.00
2026-05-09T14:41:05.6106316+08:00	0x04	-0.0133	-0.0249	-0.2579	0.9658	330.15	357.64	357.79
2026-05-09T14:41:05.6106316+08:00	0x01	-0.0209	-0.0304	-0.1361	0.9900	344.42	356.87	357.15
2026-05-09T14:41:05.6106316+08:00	0x07	-0.0157	-0.0297	-0.2953	0.9548	325.69	357.28	357.28
2026-05-09T14:41:05.6106316+08:00	0x09	0.0530	-0.0639	-0.6265	0.7750	282.09	350.48	0.12
2026-05-09T14:41:05.6106316+08:00	0x03	0.0081	-0.0157	0.2173	0.9760	25.08	358.44	1.29
2026-05-09T14:41:05.6106316+08:00	0x06	0.0644	0.1330	-0.9170	0.3705	223.83	358.83	16.96
2026-05-09T14:41:05.6106316+08:00	0x02	0.0222	0.0055	-0.9634	0.2673	210.99	357.72	1.29
2026-05-09T14:41:05.6106316+08:00	0x07	-0.0157	-0.0297	-0.2953	0.9548	325.69	357.28	357.28
2026-05-09T14:41:05.6106316+08:00	0x09	0.0530	-0.0639	-0.6265	0.7750	282.09	350.48	0.12
2026-05-09T14:41:05.6106316+08:00	0x03	0.0081	-0.0157	0.2173	0.9760	25.08	358.44	1.29
2026-05-09T14:41:05.6106316+08:00	0x06	0.0635	0.1325	-0.9169	0.3712	223.92	358.91	16.87
2026-05-09T14:41:05.6106316+08:00	0x02	0.0222	0.0055	-0.9634	0.2673	210.99	357.72	1.29
2026-05-09T14:41:05.6106316+08:00	0x07	-0.0157	-0.0297	-0.2953	0.9548	325.69	357.28	357.28
2026-05-09T14:41:05.6106316+08:00	0x09	0.0530	-0.0639	-0.6265	0.7750	282.09	350.48	0.12
2026-05-09T14:41:05.6106316+08:00	0x08	-0.0033	-0.0552	0.1024	0.9932	11.76	353.67	0.28
2026-05-09T14:41:05.6106316+08:00	0x06	0.0623	0.1318	-0.9160	0.3738	224.27	359.07	16.74
2026-05-09T14:41:05.6106316+08:00	0x02	0.0222	0.0055	-0.9634	0.2673	210.99	357.72	1.29
2026-05-09T14:41:05.6106316+08:00	0x01	-0.0210	-0.0304	-0.1361	0.9900	344.42	356.87	357.15
2026-05-09T14:41:05.6106316+08:00	0x07	-0.0157	-0.0297	-0.2953	0.9548	325.69	357.28	357.28
2026-05-09T14:41:05.6106316+08:00	0x09	0.0530	-0.0639	-0.6265	0.7750	282.09	350.48	0.12
2026-05-09T14:41:05.6106316+08:00	0x08	-0.0033	-0.0552	0.1024	0.9932	11.76	353.67	0.28
2026-05-09T14:41:05.6106316+08:00	0x04	-0.0133	-0.0249	-0.2579	0.9658	330.15	357.63	357.79
2026-05-09T14:41:05.6106316+08:00	0x06	0.0648	0.1329	-0.9172	0.3700	223.76	358.77	16.96
2026-05-09T14:41:05.6106316+08:00	0x03	0.0081	-0.0157	0.2173	0.9760	25.08	358.44	1.29
2026-05-09T14:41:05.6106316+08:00	0x07	-0.0157	-0.0297	-0.2953	0.9548	325.69	357.28	357.28
2026-05-09T14:41:05.6106316+08:00	0x08	-0.0033	-0.0552	0.1024	0.9932	11.76	353.66	0.27
2026-05-09T14:41:05.6106316+08:00	0x06	0.0663	0.1329	-0.9185	0.3665	223.29	358.55	17.02
2026-05-09T14:41:05.6106316+08:00	0x04	-0.0134	-0.0249	-0.2579	0.9658	330.15	357.63	357.78
2026-05-09T14:41:05.6106316+08:00	0x02	0.0222	0.0056	-0.9634	0.2673	210.99	357.72	1.29
2026-05-09T14:41:05.6116186+08:00	0x09	0.0530	-0.0639	-0.6265	0.7750	282.09	350.48	0.12
2026-05-09T14:41:05.6116186+08:00	0x07	-0.0157	-0.0297	-0.2953	0.9548	325.69	357.28	357.28
2026-05-09T14:41:05.6116186+08:00	0x03	0.0081	-0.0158	0.2173	0.9760	25.08	358.44	1.29
2026-05-09T14:41:05.6116186+08:00	0x06	0.0663	0.1329	-0.9189	0.3655	223.16	358.52	17.03
2026-05-09T14:41:05.6116186+08:00	0x01	-0.0209	-0.0304	-0.1361	0.9900	344.42	356.87	357.15
2026-05-09T14:41:05.6116186+08:00	0x07	-0.0157	-0.0297	-0.2953	0.9548	325.69	357.28	357.28
2026-05-09T14:41:05.6116186+08:00	0x09	0.0530	-0.0639	-0.6265	0.7750	282.09	350.48	0.12
2026-05-09T14:41:05.6116186+08:00	0x08	-0.0033	-0.0552	0.1024	0.9932	11.76	353.67	0.28
2026-05-09T14:41:05.6116186+08:00	0x03	0.0081	-0.0158	0.2173	0.9760	25.08	358.44	1.29
2026-05-09T14:41:05.6116186+08:00	0x04	-0.0134	-0.0249	-0.2579	0.9658	330.15	357.63	357.78
2026-05-09T14:41:05.6116186+08:00	0x01	-0.0210	-0.0304	-0.1361	0.9900	344.42	356.87	357.15
2026-05-09T14:41:05.6116186+08:00	0x02	0.0222	0.0055	-0.9634	0.2673	210.99	357.72	1.29
2026-05-09T14:41:05.6116186+08:00	0x07	-0.0157	-0.0297	-0.2953	0.9548	325.69	357.28	357.28
2026-05-09T14:41:05.6116186+08:00	0x09	0.0530	-0.0639	-0.6265	0.7750	282.09	350.47	0.12
2026-05-09T14:41:05.6116186+08:00	0x05	-0.0006	0.0130	0.4391	0.8984	52.08	1.30	359.28
2026-05-09T14:41:05.6116186+08:00	0x03	0.0081	-0.0158	0.2173	0.9760	25.08	358.44	1.29
2026-05-09T14:41:05.6116186+08:00	0x04	-0.0134	-0.0249	-0.2579	0.9658	330.15	357.63	357.78
2026-05-09T14:41:05.6116186+08:00	0x01	-0.0210	-0.0304	-0.1361	0.9900	344.42	356.87	357.15
2026-05-09T14:41:05.6116186+08:00	0x07	-0.0157	-0.0296	-0.2953	0.9548	325.69	357.29	357.28
2026-05-09T14:41:05.6116186+08:00	0x09	0.0530	-0.0639	-0.6265	0.7750	282.09	350.47	0.12
2026-05-09T14:41:05.6116186+08:00	0x08	-0.0033	-0.0552	0.1024	0.9932	11.76	353.67	0.28
2026-05-09T14:41:05.6116186+08:00	0x03	0.0081	-0.0158	0.2173	0.9760	25.08	358.44	1.29
2026-05-09T14:41:05.6116186+08:00	0x04	-0.0134	-0.0249	-0.2579	0.9658	330.15	357.63	357.78
2026-05-09T14:41:05.6116186+08:00	0x06	0.0631	0.1326	-0.9186	0.3669	223.38	358.88	16.85
2026-05-09T14:41:05.6116186+08:00	0x01	-0.0209	-0.0304	-0.1361	0.9900	344.42	356.87	357.15
2026-05-09T14:41:05.6116186+08:00	0x07	-0.0157	-0.0296	-0.2953	0.9548	325.69	357.29	357.28
2026-05-09T14:41:05.6126179+08:00	0x09	0.0530	-0.0639	-0.6265	0.7750	282.09	350.47	0.12
2026-05-09T14:41:05.6126179+08:00	0x08	-0.0033	-0.0552	0.1024	0.9932	11.76	353.67	0.28
2026-05-09T14:41:05.6126179+08:00	0x03	0.0081	-0.0158	0.2173	0.9760	25.08	358.44	1.29
2026-05-09T14:41:05.6126179+08:00	0x04	-0.0134	-0.0249	-0.2579	0.9658	330.15	357.63	357.78
2026-05-09T14:41:05.6126179+08:00	0x02	0.0222	0.0055	-0.9634	0.2673	210.99	357.72	1.29
2026-05-09T14:41:05.6126179+08:00	0x07	-0.0157	-0.0296	-0.2953	0.9548	325.69	357.29	357.28
2026-05-09T14:41:05.6126179+08:00	0x08	-0.0032	-0.0552	0.1024	0.9932	11.76	353.67	0.28
2026-05-09T14:41:05.6126179+08:00	0x03	0.0081	-0.0158	0.2173	0.9760	25.08	358.44	1.29
2026-05-09T14:41:05.6126179+08:00	0x09	0.0530	-0.0639	-0.6265	0.7750	282.09	350.47	0.12
2026-05-09T14:41:05.6126179+08:00	0x04	-0.0134	-0.0249	-0.2579	0.9658	330.15	357.63	357.78
2026-05-09T14:41:05.6126179+08:00	0x06	0.0670	0.1349	-0.9179	0.3672	223.40	358.57	17.27
2026-05-09T14:41:05.6126179+08:00	0x01	-0.0209	-0.0304	-0.1361	0.9900	344.42	356.87	357.15
2026-05-09T14:41:05.6126179+08:00	0x07	-0.0157	-0.0296	-0.2953	0.9548	325.69	357.29	357.28
2026-05-09T14:41:05.6126179+08:00	0x09	0.0530	-0.0639	-0.6265	0.7750	282.09	350.47	0.12
2026-05-09T14:41:05.6126179+08:00	0x08	-0.0032	-0.0552	0.1024	0.9932	11.76	353.67	0.28
2026-05-09T14:41:05.6126179+08:00	0x03	0.0081	-0.0158	0.2173	0.9760	25.08	358.44	1.29
2026-05-09T14:41:05.6126179+08:00	0x04	-0.0134	-0.0249	-0.2579	0.9658	330.15	357.63	357.78
2026-05-09T14:41:05.6126179+08:00	0x01	-0.0209	-0.0304	-0.1361	0.9900	344.42	356.87	357.15
2026-05-09T14:41:05.6126179+08:00	0x07	-0.0157	-0.0296	-0.2953	0.9548	325.69	357.28	357.28
2026-05-09T14:41:05.6126179+08:00	0x09	0.0530	-0.0639	-0.6265	0.7750	282.09	350.48	0.12
2026-05-09T14:41:05.6126179+08:00	0x02	0.0222	0.0055	-0.9634	0.2673	210.99	357.72	1.29
2026-05-09T14:41:05.6126179+08:00	0x08	-0.0032	-0.0552	0.1024	0.9932	11.76	353.67	0.28
2026-05-09T14:41:05.6126179+08:00	0x04	-0.0134	-0.0249	-0.2579	0.9658	330.15	357.63	357.78
2026-05-09T14:41:05.6126179+08:00	0x02	0.0222	0.0056	-0.9634	0.2673	210.99	357.72	1.29
2026-05-09T14:41:05.6126179+08:00	0x07	-0.0157	-0.0296	-0.2953	0.9548	325.69	357.28	357.28
2026-05-09T14:41:05.6126179+08:00	0x03	0.0081	-0.0158	0.2173	0.9760	25.08	358.44	1.29
2026-05-09T14:41:05.6126179+08:00	0x08	-0.0033	-0.0552	0.1024	0.9932	11.76	353.67	0.28
2026-05-09T14:41:05.6126179+08:00	0x04	-0.0133	-0.0249	-0.2579	0.9658	330.15	357.63	357.79
2026-05-09T14:41:05.6126179+08:00	0x02	0.0222	0.0056	-0.9634	0.2673	210.99	357.72	1.29
2026-05-09T14:41:05.6126179+08:00	0x07	-0.0157	-0.0297	-0.2953	0.9548	325.69	357.28	357.28
2026-05-09T14:41:05.6126179+08:00	0x09	0.0530	-0.0639	-0.6265	0.7750	282.09	350.48	0.12
2026-05-09T14:41:05.6126179+08:00	0x03	0.0081	-0.0158	0.2173	0.9760	25.08	358.43	1.29
2026-05-09T14:41:05.6126179+08:00	0x08	-0.0033	-0.0552	0.1024	0.9932	11.76	353.67	0.28
2026-05-09T14:41:05.6136165+08:00	0x04	-0.0133	-0.0249	-0.2579	0.9658	330.15	357.63	357.79
2026-05-09T14:41:05.6136165+08:00	0x06	0.0631	0.1322	-0.9191	0.3659	223.25	358.84	16.81
2026-05-09T14:41:05.6136165+08:00	0x02	0.0222	0.0055	-0.9634	0.2673	210.99	357.72	1.29
2026-05-09T14:41:05.6136165+08:00	0x01	-0.0209	-0.0305	-0.1361	0.9900	344.42	356.87	357.15
2026-05-09T14:41:05.6136165+08:00	0x09	0.0530	-0.0639	-0.6265	0.7750	282.09	350.48	0.12
2026-05-09T14:41:05.6136165+08:00	0x07	-0.0157	-0.0296	-0.2953	0.9548	325.69	357.29	357.28
2026-05-09T14:41:05.6136165+08:00	0x03	0.0081	-0.0158	0.2173	0.9760	25.08	358.43	1.29
2026-05-09T14:41:05.6136165+08:00	0x04	-0.0133	-0.0249	-0.2579	0.9658	330.15	357.63	357.79
2026-05-09T14:41:05.6136165+08:00	0x02	0.0222	0.0055	-0.9634	0.2673	210.99	357.72	1.29
2026-05-09T14:41:05.6136165+08:00	0x07	-0.0157	-0.0296	-0.2953	0.9548	325.69	357.29	357.28
2026-05-09T14:41:05.6136165+08:00	0x09	0.0530	-0.0639	-0.6265	0.7750	282.09	350.48	0.12
2026-05-09T14:41:05.6136165+08:00	0x03	0.0081	-0.0158	0.2173	0.9760	25.08	358.43	1.29
2026-05-09T14:41:05.6136165+08:00	0x06	0.0631	0.1324	-0.9185	0.3671	223.40	358.88	16.83
2026-05-09T14:41:05.6136165+08:00	0x02	0.0222	0.0056	-0.9634	0.2673	210.99	357.72	1.29
2026-05-09T14:41:05.6136165+08:00	0x07	-0.0157	-0.0296	-0.2953	0.9548	325.69	357.29	357.28
2026-05-09T14:41:05.6136165+08:00	0x09	0.0530	-0.0639	-0.6265	0.7750	282.09	350.47	0.12
2026-05-09T14:41:05.6136165+08:00	0x03	0.0080	-0.0158	0.2173	0.9760	25.08	358.43	1.29
2026-05-09T14:41:05.6136165+08:00	0x08	-0.0032	-0.0552	0.1024	0.9932	11.76	353.67	0.28
2026-05-09T14:41:05.6136165+08:00	0x04	-0.0133	-0.0249	-0.2579	0.9658	330.15	357.63	357.79
2026-05-09T14:41:05.6136165+08:00	0x06	0.0636	0.1324	-0.9188	0.3664	223.31	358.82	16.85
2026-05-09T14:41:05.6136165+08:00	0x07	-0.0157	-0.0296	-0.2953	0.9548	325.69	357.29	357.28
2026-05-09T14:41:05.6136165+08:00	0x09	0.0530	-0.0639	-0.6265	0.7750	282.09	350.47	0.12
2026-05-09T14:41:05.6136165+08:00	0x03	0.0081	-0.0158	0.2173	0.9760	25.08	358.44	1.29
2026-05-09T14:41:05.6136165+08:00	0x08	-0.0032	-0.0552	0.1024	0.9932	11.76	353.67	0.28
2026-05-09T14:41:05.6136165+08:00	0x04	-0.0133	-0.0249	-0.2579	0.9658	330.15	357.63	357.79
2026-05-09T14:41:05.6136165+08:00	0x06	0.0632	0.1327	-0.9184	0.3672	223.42	358.88	16.87
2026-05-09T14:41:05.6136165+08:00	0x02	0.0222	0.0056	-0.9634	0.2673	210.99	357.72	1.29
2026-05-09T14:41:05.6136165+08:00	0x07	-0.0157	-0.0297	-0.2953	0.9548	325.69	357.28	357.28
2026-05-09T14:41:05.6136165+08:00	0x09	0.0530	-0.0639	-0.6265	0.7750	282.09	350.47	0.12
2026-05-09T14:41:05.6136165+08:00	0x03	0.0081	-0.0158	0.2173	0.9760	25.08	358.44	1.29
2026-05-09T14:41:05.6136165+08:00	0x08	-0.0032	-0.0552	0.1024	0.9932	11.76	353.67	0.28
2026-05-09T14:41:05.6136165+08:00	0x04	-0.0133	-0.0249	-0.2579	0.9658	330.15	357.63	357.79
2026-05-09T14:41:05.6136165+08:00	0x06	0.0634	0.1324	-0.9186	0.3668	223.36	358.84	16.85
2026-05-09T14:41:05.6136165+08:00	0x07	-0.0157	-0.0297	-0.2953	0.9548	325.69	357.28	357.28
2026-05-09T14:41:05.6136165+08:00	0x01	-0.0209	-0.0305	-0.1361	0.9900	344.42	356.87	357.15
2026-05-09T14:41:05.6136165+08:00	0x09	0.0530	-0.0639	-0.6265	0.7750	282.09	350.48	0.12
2026-05-09T14:41:05.6136165+08:00	0x03	0.0081	-0.0158	0.2173	0.9760	25.08	358.43	1.29
2026-05-09T14:41:05.6146126+08:00	0x01	-0.0209	-0.0305	-0.1361	0.9900	344.42	356.87	357.15
2026-05-09T14:41:05.6146126+08:00	0x04	-0.0134	-0.0249	-0.2579	0.9658	330.15	357.63	357.78
2026-05-09T14:41:05.6146126+08:00	0x07	-0.0157	-0.0297	-0.2953	0.9548	325.69	357.28	357.28
2026-05-09T14:41:05.6146126+08:00	0x09	0.0530	-0.0639	-0.6265	0.7750	282.09	350.48	0.12
2026-05-09T14:41:05.6146126+08:00	0x03	0.0080	-0.0158	0.2173	0.9760	25.08	358.43	1.29
2026-05-09T14:41:05.6146126+08:00	0x08	-0.0032	-0.0552	0.1024	0.9932	11.76	353.67	0.28
2026-05-09T14:41:05.6146126+08:00	0x06	0.0672	0.1306	-0.9183	0.3675	223.38	358.35	16.81
2026-05-09T14:41:05.6146126+08:00	0x07	-0.0157	-0.0297	-0.2953	0.9548	325.69	357.28	357.28
2026-05-09T14:41:05.6146126+08:00	0x03	0.0081	-0.0158	0.2173	0.9760	25.08	358.44	1.29
2026-05-09T14:41:05.6146126+08:00	0x04	-0.0134	-0.0249	-0.2579	0.9658	330.15	357.63	357.78
2026-05-09T14:41:05.6146126+08:00	0x06	0.0653	0.1321	-0.9174	0.3696	223.69	358.68	16.90
2026-05-09T14:41:05.6146126+08:00	0x09	0.0530	-0.0639	-0.6265	0.7750	282.09	350.48	0.12
2026-05-09T14:41:05.6146126+08:00	0x07	-0.0157	-0.0296	-0.2953	0.9548	325.69	357.29	357.28
2026-05-09T14:41:05.6146126+08:00	0x03	0.0081	-0.0158	0.2173	0.9760	25.08	358.44	1.29
2026-05-09T14:41:05.6146126+08:00	0x01	-0.0210	-0.0305	-0.1361	0.9900	344.42	356.86	357.14
2026-05-09T14:41:05.6146126+08:00	0x04	-0.0134	-0.0249	-0.2579	0.9658	330.15	357.63	357.78
2026-05-09T14:41:05.6146126+08:00	0x06	0.0604	0.1310	-0.9180	0.3693	223.71	359.16	16.56
2026-05-09T14:41:05.6146126+08:00	0x07	-0.0157	-0.0296	-0.2953	0.9548	325.69	357.29	357.28
2026-05-09T14:41:05.6146126+08:00	0x03	0.0081	-0.0158	0.2173	0.9760	25.08	358.44	1.29
2026-05-09T14:41:05.6146126+08:00	0x02	0.0222	0.0056	-0.9634	0.2673	210.99	357.72	1.29
2026-05-09T14:41:05.6146126+08:00	0x08	-0.0032	-0.0552	0.1024	0.9932	11.76	353.67	0.28
2026-05-09T14:41:05.6146126+08:00	0x04	-0.0134	-0.0249	-0.2579	0.9658	330.15	357.63	357.78
2026-05-09T14:41:05.6146126+08:00	0x03	0.0081	-0.0158	0.2173	0.9760	25.08	358.44	1.29
2026-05-09T14:41:05.6146126+08:00	0x07	-0.0157	-0.0296	-0.2953	0.9548	325.69	357.29	357.28
2026-05-09T14:41:05.6146126+08:00	0x06	0.0578	0.1266	-0.9174	0.3728	224.14	359.31	15.98
2026-05-09T14:41:05.6146126+08:00	0x02	0.0222	0.0056	-0.9634	0.2673	210.99	357.72	1.29
2026-05-09T14:41:05.6146126+08:00	0x05	-0.0007	0.0130	0.4391	0.8984	52.08	1.30	359.28
2026-05-09T14:41:05.6146126+08:00	0x03	0.0081	-0.0158	0.2173	0.9760	25.08	358.44	1.29
2026-05-09T14:41:05.6146126+08:00	0x04	-0.0134	-0.0249	-0.2579	0.9658	330.15	357.63	357.78
2026-05-09T14:41:05.6146126+08:00	0x06	0.0592	0.1296	-0.9156	0.3759	224.54	359.35	16.38
2026-05-09T14:41:05.6146126+08:00	0x09	0.0530	-0.0639	-0.6265	0.7750	282.09	350.48	0.12
2026-05-09T14:41:05.6146126+08:00	0x01	-0.0210	-0.0305	-0.1361	0.9900	344.42	356.86	357.14
2026-05-09T14:41:05.6146126+08:00	0x08	-0.0032	-0.0552	0.1024	0.9932	11.76	353.67	0.28
2026-05-09T14:41:05.6146126+08:00	0x05	-0.0007	0.0130	0.4391	0.8984	52.08	1.30	359.28
2026-05-09T14:41:05.6146126+08:00	0x06	0.0596	0.1312	-0.9150	0.3768	224.67	359.39	16.56
2026-05-09T14:41:05.6146126+08:00	0x04	-0.0134	-0.0250	-0.2579	0.9658	330.15	357.63	357.78
2026-05-09T14:41:05.6146126+08:00	0x03	0.0081	-0.0158	0.2173	0.9760	25.08	358.44	1.30
2026-05-09T14:41:05.6156195+08:00	0x09	0.0530	-0.0639	-0.6265	0.7750	282.09	350.48	0.12
2026-05-09T14:41:05.6156195+08:00	0x02	0.0222	0.0056	-0.9634	0.2673	210.99	357.72	1.29
2026-05-09T14:41:05.6156195+08:00	0x08	-0.0033	-0.0552	0.1024	0.9932	11.76	353.67	0.28
2026-05-09T14:41:05.6156195+08:00	0x03	0.0081	-0.0158	0.2173	0.9760	25.08	358.44	1.30
2026-05-09T14:41:05.6156195+08:00	0x06	0.0633	0.1319	-0.9153	0.3752	224.43	358.99	16.79
2026-05-09T14:41:05.6156195+08:00	0x04	-0.0134	-0.0250	-0.2579	0.9658	330.15	357.63	357.78
2026-05-09T14:41:05.6156195+08:00	0x09	0.0530	-0.0639	-0.6265	0.7750	282.09	350.47	0.12
2026-05-09T14:41:05.6156195+08:00	0x01	-0.0210	-0.0305	-0.1361	0.9900	344.42	356.86	357.14
2026-05-09T14:41:05.6156195+08:00	0x02	0.0222	0.0056	-0.9634	0.2673	210.99	357.72	1.29
2026-05-09T14:41:05.6156195+08:00	0x07	-0.0157	-0.0296	-0.2953	0.9548	325.69	357.28	357.28
2026-05-09T14:41:05.6156195+08:00	0x03	0.0081	-0.0158	0.2173	0.9760	25.08	358.44	1.29
2026-05-09T14:41:05.6156195+08:00	0x04	-0.0134	-0.0250	-0.2579	0.9658	330.15	357.63	357.78
2026-05-09T14:41:05.6156195+08:00	0x07	-0.0157	-0.0296	-0.2953	0.9548	325.69	357.28	357.28
2026-05-09T14:41:05.6156195+08:00	0x02	0.0222	0.0056	-0.9634	0.2673	210.99	357.72	1.29
2026-05-09T14:41:05.6156195+08:00	0x01	-0.0210	-0.0305	-0.1361	0.9900	344.42	356.86	357.14
2026-05-09T14:41:05.6156195+08:00	0x06	0.0615	0.1306	-0.9172	0.3713	223.94	359.05	16.58
2026-05-09T14:41:05.6156195+08:00	0x03	0.0081	-0.0157	0.2173	0.9760	25.08	358.44	1.29
2026-05-09T14:41:05.6156195+08:00	0x04	-0.0134	-0.0249	-0.2579	0.9658	330.15	357.63	357.78
2026-05-09T14:41:05.6156195+08:00	0x07	-0.0157	-0.0296	-0.2953	0.9548	325.69	357.28	357.28
2026-05-09T14:41:05.6156195+08:00	0x09	0.0530	-0.0639	-0.6265	0.7750	282.09	350.48	0.12
2026-05-09T14:41:05.6156195+08:00	0x02	0.0222	0.0056	-0.9634	0.2673	210.99	357.72	1.29
2026-05-09T14:41:05.6156195+08:00	0x01	-0.0210	-0.0305	-0.1361	0.9900	344.42	356.86	357.14
2026-05-09T14:41:05.6156195+08:00	0x06	0.0651	0.1332	-0.9174	0.3693	223.66	358.74	17.00
2026-05-09T14:41:05.6156195+08:00	0x04	-0.0134	-0.0249	-0.2579	0.9658	330.15	357.63	357.78
2026-05-09T14:41:05.6156195+08:00	0x07	-0.0157	-0.0296	-0.2953	0.9548	325.69	357.28	357.28
2026-05-09T14:41:05.6156195+08:00	0x09	0.0530	-0.0639	-0.6265	0.7750	282.09	350.48	0.12
2026-05-09T14:41:05.6156195+08:00	0x02	0.0222	0.0056	-0.9634	0.2673	210.99	357.72	1.29
2026-05-09T14:41:05.6156195+08:00	0x09	0.0530	-0.0639	-0.6265	0.7750	282.09	350.48	0.12
2026-05-09T14:41:05.6156195+08:00	0x06	0.0629	0.1329	-0.9173	0.3702	223.80	358.98	16.88
2026-05-09T14:41:05.6156195+08:00	0x03	0.0081	-0.0158	0.2173	0.9760	25.08	358.44	1.29
2026-05-09T14:41:05.6156195+08:00	0x04	-0.0134	-0.0249	-0.2579	0.9658	330.15	357.63	357.78
2026-05-09T14:41:05.6156195+08:00	0x07	-0.0157	-0.0296	-0.2953	0.9548	325.69	357.29	357.28
2026-05-09T14:41:05.6156195+08:00	0x08	-0.0032	-0.0552	0.1024	0.9932	11.76	353.67	0.28
2026-05-09T14:41:05.6156195+08:00	0x09	0.0530	-0.0639	-0.6265	0.7750	282.09	350.48	0.12
2026-05-09T14:41:05.6156195+08:00	0x06	0.0615	0.1324	-0.9173	0.3704	223.85	359.12	16.77
2026-05-09T14:41:05.6166155+08:00	0x03	0.0081	-0.0158	0.2173	0.9760	25.08	358.44	1.29
2026-05-09T14:41:05.6166155+08:00	0x04	-0.0134	-0.0249	-0.2579	0.9658	330.15	357.64	357.78
2026-05-09T14:41:05.6166155+08:00	0x07	-0.0157	-0.0296	-0.2953	0.9548	325.69	357.28	357.28
2026-05-09T14:41:05.6166155+08:00	0x08	-0.0033	-0.0552	0.1024	0.9932	11.76	353.67	0.28
2026-05-09T14:41:05.6166155+08:00	0x02	0.0222	0.0055	-0.9634	0.2673	210.99	357.72	1.29
2026-05-09T14:41:05.6166155+08:00	0x01	-0.0210	-0.0305	-0.1361	0.9900	344.42	356.87	357.15
2026-05-09T14:41:05.6166155+08:00	0x04	-0.0133	-0.0249	-0.2579	0.9658	330.15	357.64	357.79
2026-05-09T14:41:05.6166155+08:00	0x07	-0.0157	-0.0296	-0.2953	0.9548	325.69	357.28	357.28
2026-05-09T14:41:05.6166155+08:00	0x02	0.0222	0.0056	-0.9634	0.2673	210.99	357.72	1.29
2026-05-09T14:41:05.6166155+08:00	0x01	-0.0210	-0.0305	-0.1361	0.9900	344.42	356.86	357.14
2026-05-09T14:41:05.6166155+08:00	0x09	0.0530	-0.0639	-0.6265	0.7750	282.09	350.48	0.12
2026-05-09T14:41:05.6166155+08:00	0x03	0.0081	-0.0158	0.2173	0.9760	25.08	358.44	1.29
2026-05-09T14:41:05.6166155+08:00	0x06	0.0618	0.1324	-0.9173	0.3705	223.86	359.08	16.78
2026-05-09T14:41:05.6166155+08:00	0x07	-0.0157	-0.0296	-0.2953	0.9548	325.69	357.28	357.28
2026-05-09T14:41:05.6166155+08:00	0x04	-0.0134	-0.0249	-0.2579	0.9658	330.15	357.64	357.78
2026-05-09T14:41:05.6166155+08:00	0x08	-0.0033	-0.0552	0.1024	0.9932	11.76	353.67	0.28
2026-05-09T14:41:05.6166155+08:00	0x02	0.0222	0.0056	-0.9634	0.2673	210.98	357.72	1.29
2026-05-09T14:41:05.6166155+08:00	0x09	0.0530	-0.0639	-0.6265	0.7750	282.09	350.48	0.12
2026-05-09T14:41:05.6166155+08:00	0x06	0.0622	0.1324	-0.9174	0.3702	223.81	359.03	16.79
2026-05-09T14:41:05.6166155+08:00	0x03	0.0081	-0.0158	0.2173	0.9760	25.08	358.43	1.29
2026-05-09T14:41:05.6166155+08:00	0x04	-0.0134	-0.0249	-0.2579	0.9658	330.15	357.64	357.78
2026-05-09T14:41:05.6166155+08:00	0x08	-0.0032	-0.0552	0.1024	0.9932	11.76	353.67	0.28
2026-05-09T14:41:05.6166155+08:00	0x05	-0.0007	0.0130	0.4391	0.8984	52.08	1.30	359.28
2026-05-09T14:41:05.6166155+08:00	0x09	0.0530	-0.0639	-0.6265	0.7750	282.09	350.48	0.12
2026-05-09T14:41:05.6166155+08:00	0x01	-0.0209	-0.0305	-0.1361	0.9900	344.42	356.87	357.15
2026-05-09T14:41:05.6166155+08:00	0x06	0.0632	0.1325	-0.9176	0.3694	223.69	358.91	16.85
2026-05-09T14:41:05.6166155+08:00	0x07	-0.0157	-0.0296	-0.2953	0.9548	325.69	357.28	357.28
2026-05-09T14:41:05.6166155+08:00	0x08	-0.0033	-0.0552	0.1024	0.9932	11.76	353.67	0.28
2026-05-09T14:41:05.6166155+08:00	0x02	0.0222	0.0055	-0.9634	0.2673	210.99	357.72	1.29
2026-05-09T14:41:05.6166155+08:00	0x09	0.0530	-0.0639	-0.6265	0.7750	282.09	350.48	0.12
2026-05-09T14:41:05.6166155+08:00	0x03	0.0081	-0.0158	0.2173	0.9760	25.08	358.43	1.29
2026-05-09T14:41:05.6166155+08:00	0x01	-0.0209	-0.0305	-0.1361	0.9900	344.42	356.87	357.15
2026-05-09T14:41:05.6166155+08:00	0x07	-0.0157	-0.0296	-0.2953	0.9548	325.69	357.28	357.28
2026-05-09T14:41:05.6166155+08:00	0x08	-0.0033	-0.0552	0.1024	0.9932	11.76	353.67	0.28
2026-05-09T14:41:05.6176124+08:00	0x02	0.0222	0.0055	-0.9634	0.2673	210.99	357.72	1.29
2026-05-09T14:41:05.6176124+08:00	0x03	0.0081	-0.0158	0.2173	0.9760	25.08	358.43	1.29
2026-05-09T14:41:05.6176124+08:00	0x06	0.0635	0.1327	-0.9184	0.3672	223.41	358.85	16.88
2026-05-09T14:41:05.6176124+08:00	0x07	-0.0157	-0.0296	-0.2953	0.9548	325.69	357.29	357.28
2026-05-09T14:41:05.6176124+08:00	0x08	-0.0033	-0.0552	0.1024	0.9932	11.76	353.67	0.28
2026-05-09T14:41:05.6176124+08:00	0x09	0.0530	-0.0639	-0.6265	0.7750	282.09	350.48	0.12
2026-05-09T14:41:05.6176124+08:00	0x01	-0.0209	-0.0305	-0.1361	0.9900	344.42	356.86	357.15
2026-05-09T14:41:05.6176124+08:00	0x07	-0.0157	-0.0297	-0.2953	0.9548	325.69	357.28	357.28
2026-05-09T14:41:05.6176124+08:00	0x08	-0.0032	-0.0552	0.1024	0.9932	11.76	353.67	0.28
2026-05-09T14:41:05.6176124+08:00	0x01	-0.0210	-0.0305	-0.1361	0.9900	344.42	356.86	357.14
2026-05-09T14:41:05.6176124+08:00	0x06	0.0635	0.1328	-0.9190	0.3657	223.23	358.83	16.89
2026-05-09T14:41:05.6176124+08:00	0x03	0.0080	-0.0158	0.2173	0.9760	25.08	358.43	1.29
2026-05-09T14:41:05.6176124+08:00	0x07	-0.0157	-0.0297	-0.2953	0.9548	325.69	357.28	357.28
2026-05-09T14:41:05.6176124+08:00	0x04	-0.0134	-0.0250	-0.2579	0.9658	330.15	357.63	357.78
2026-05-09T14:41:05.6176124+08:00	0x08	-0.0032	-0.0552	0.1024	0.9932	11.76	353.67	0.28
2026-05-09T14:41:05.6176124+08:00	0x05	-0.0007	0.0129	0.4391	0.8984	52.08	1.30	359.28
2026-05-09T14:41:05.6176124+08:00	0x09	0.0530	-0.0639	-0.6265	0.7750	282.09	350.48	0.12
2026-05-09T14:41:05.6176124+08:00	0x03	0.0080	-0.0158	0.2173	0.9760	25.08	358.43	1.29
2026-05-09T14:41:05.6176124+08:00	0x07	-0.0157	-0.0297	-0.2953	0.9548	325.69	357.28	357.28
2026-05-09T14:41:05.6176124+08:00	0x06	0.0641	0.1330	-0.9191	0.3653	223.16	358.77	16.93
2026-05-09T14:41:05.6176124+08:00	0x08	-0.0032	-0.0552	0.1024	0.9932	11.76	353.67	0.28
2026-05-09T14:41:05.6176124+08:00	0x02	0.0222	0.0055	-0.9634	0.2673	210.99	357.72	1.29
2026-05-09T14:41:05.6176124+08:00	0x03	0.0080	-0.0158	0.2173	0.9760	25.08	358.43	1.29
2026-05-09T14:41:05.6176124+08:00	0x09	0.0530	-0.0639	-0.6265	0.7750	282.09	350.48	0.12
2026-05-09T14:41:05.6176124+08:00	0x04	-0.0134	-0.0249	-0.2579	0.9658	330.15	357.63	357.78
2026-05-09T14:41:05.6176124+08:00	0x06	0.0669	0.1341	-0.9178	0.3676	223.44	358.55	17.18
2026-05-09T14:41:05.6176124+08:00	0x02	0.0222	0.0056	-0.9634	0.2673	210.99	357.72	1.29
2026-05-09T14:41:05.6176124+08:00	0x01	-0.0210	-0.0305	-0.1361	0.9900	344.42	356.86	357.14
2026-05-09T14:41:05.6176124+08:00	0x03	0.0080	-0.0158	0.2173	0.9760	25.08	358.43	1.29
2026-05-09T14:41:05.6176124+08:00	0x09	0.0530	-0.0639	-0.6265	0.7750	282.09	350.48	0.12
2026-05-09T14:41:05.6176124+08:00	0x06	0.0389	0.1063	-0.9116	0.3951	226.95	0.77	12.97
2026-05-09T14:41:05.6186097+08:00	0x04	-0.0134	-0.0249	-0.2579	0.9658	330.15	357.63	357.78
2026-05-09T14:41:05.6186097+08:00	0x08	-0.0032	-0.0552	0.1024	0.9932	11.76	353.67	0.28
2026-05-09T14:41:05.6186097+08:00	0x02	0.0222	0.0056	-0.9634	0.2673	210.99	357.72	1.29
2026-05-09T14:41:05.6186097+08:00	0x03	0.0080	-0.0158	0.2173	0.9760	25.08	358.43	1.29
2026-05-09T14:41:05.6186097+08:00	0x07	-0.0157	-0.0297	-0.2953	0.9548	325.69	357.28	357.28
2026-05-09T14:41:05.6186097+08:00	0x09	0.0530	-0.0639	-0.6265	0.7750	282.09	350.48	0.12
2026-05-09T14:41:05.6186097+08:00	0x06	0.0477	0.1184	-0.8950	0.4273	231.16	0.93	14.64
2026-05-09T14:41:05.6186097+08:00	0x02	0.0222	0.0056	-0.9634	0.2673	210.99	357.72	1.29
2026-05-09T14:41:05.6186097+08:00	0x04	-0.0134	-0.0249	-0.2579	0.9658	330.15	357.63	357.78
2026-05-09T14:41:05.6186097+08:00	0x01	-0.0209	-0.0305	-0.1361	0.9900	344.42	356.86	357.15
2026-05-09T14:41:05.6186097+08:00	0x03	0.0080	-0.0158	0.2173	0.9760	25.08	358.43	1.29
2026-05-09T14:41:05.6186097+08:00	0x06	0.0295	0.1153	-0.8704	0.4777	237.92	3.46	13.24
2026-05-09T14:41:05.6186097+08:00	0x07	-0.0157	-0.0297	-0.2953	0.9548	325.69	357.28	357.28
2026-05-09T14:41:05.6186097+08:00	0x04	-0.0134	-0.0249	-0.2579	0.9658	330.15	357.63	357.78
2026-05-09T14:41:05.6186097+08:00	0x08	-0.0032	-0.0552	0.1024	0.9932	11.76	353.67	0.28
2026-05-09T14:41:05.6186097+08:00	0x02	0.0222	0.0056	-0.9634	0.2673	210.99	357.72	1.29
2026-05-09T14:41:05.6186097+08:00	0x01	-0.0209	-0.0305	-0.1361	0.9900	344.42	356.86	357.15
2026-05-09T14:41:05.6186097+08:00	0x06	0.0235	0.1190	-0.8432	0.5238	244.27	5.00	13.02
2026-05-09T14:41:05.6186097+08:00	0x07	-0.0157	-0.0297	-0.2953	0.9548	325.69	357.28	357.28
2026-05-09T14:41:05.6186097+08:00	0x04	-0.0134	-0.0249	-0.2579	0.9658	330.15	357.63	357.78
2026-05-09T14:41:05.6186097+08:00	0x08	-0.0033	-0.0552	0.1024	0.9932	11.76	353.67	0.28
2026-05-09T14:41:05.6186097+08:00	0x02	0.0222	0.0055	-0.9634	0.2673	210.99	357.72	1.29
2026-05-09T14:41:05.6186097+08:00	0x03	0.0081	-0.0158	0.2173	0.9760	25.08	358.43	1.29
2026-05-09T14:41:05.6186097+08:00	0x01	-0.0210	-0.0305	-0.1361	0.9900	344.42	356.86	357.14
2026-05-09T14:41:05.6186097+08:00	0x06	0.0192	0.1201	-0.8231	0.5548	248.63	5.98	12.65
2026-05-09T14:41:05.6186097+08:00	0x07	-0.0157	-0.0297	-0.2953	0.9548	325.69	357.28	357.28
2026-05-09T14:41:05.6186097+08:00	0x08	-0.0033	-0.0552	0.1024	0.9932	11.76	353.67	0.28
2026-05-09T14:41:05.6186097+08:00	0x02	0.0222	0.0056	-0.9634	0.2673	210.99	357.72	1.29
2026-05-09T14:41:05.6186097+08:00	0x09	0.0530	-0.0639	-0.6265	0.7750	282.09	350.48	0.12
2026-05-09T14:41:05.6186097+08:00	0x03	0.0081	-0.0158	0.2173	0.9760	25.08	358.43	1.29
2026-05-09T14:41:05.6186097+08:00	0x06	0.0156	0.1212	-0.8037	0.5823	252.58	6.82	12.30
2026-05-09T14:41:05.6186097+08:00	0x04	-0.0134	-0.0249	-0.2579	0.9658	330.15	357.63	357.78
2026-05-09T14:41:05.6186097+08:00	0x08	-0.0033	-0.0552	0.1024	0.9932	11.76	353.67	0.28
2026-05-09T14:41:05.6186097+08:00	0x02	0.0222	0.0056	-0.9634	0.2673	210.99	357.72	1.29
2026-05-09T14:41:05.6186097+08:00	0x01	-0.0209	-0.0305	-0.1361	0.9900	344.42	356.86	357.15
2026-05-09T14:41:05.6186097+08:00	0x09	0.0530	-0.0639	-0.6265	0.7750	282.09	350.48	0.12
2026-05-09T14:41:05.6186097+08:00	0x07	-0.0157	-0.0297	-0.2953	0.9548	325.69	357.28	357.28
2026-05-09T14:41:05.6196063+08:00	0x08	-0.0033	-0.0552	0.1024	0.9932	11.76	353.67	0.28
2026-05-09T14:41:05.6196063+08:00	0x02	0.0222	0.0056	-0.9634	0.2673	210.99	357.72	1.29
2026-05-09T14:41:05.6196063+08:00	0x01	-0.0209	-0.0305	-0.1361	0.9900	344.42	356.86	357.15
2026-05-09T14:41:05.6196063+08:00	0x03	0.0081	-0.0158	0.2173	0.9760	25.08	358.44	1.30
2026-05-09T14:41:05.6196063+08:00	0x06	0.0119	0.1292	-0.7880	0.6018	255.63	8.06	12.59
2026-05-09T14:41:05.6196063+08:00	0x04	-0.0134	-0.0249	-0.2579	0.9658	330.15	357.63	357.78
2026-05-09T14:41:05.6196063+08:00	0x08	-0.0033	-0.0552	0.1024	0.9932	11.76	353.67	0.28
2026-05-09T14:41:05.6196063+08:00	0x02	0.0222	0.0055	-0.9634	0.2673	210.99	357.72	1.29
2026-05-09T14:41:05.6196063+08:00	0x01	-0.0210	-0.0305	-0.1361	0.9900	344.42	356.86	357.14
2026-05-09T14:41:05.6196063+08:00	0x03	0.0081	-0.0158	0.2173	0.9760	25.08	358.44	1.30
2026-05-09T14:41:05.6196063+08:00	0x09	0.0530	-0.0639	-0.6265	0.7750	282.09	350.48	0.12
2026-05-09T14:41:05.6196063+08:00	0x06	0.0240	0.1395	-0.8073	0.5729	251.65	7.19	14.64
2026-05-09T14:41:05.6196063+08:00	0x04	-0.0134	-0.0249	-0.2579	0.9658	330.15	357.64	357.78
2026-05-09T14:41:05.6196063+08:00	0x07	-0.0157	-0.0297	-0.2953	0.9548	325.69	357.28	357.28
2026-05-09T14:41:05.6196063+08:00	0x08	-0.0033	-0.0552	0.1024	0.9932	11.76	353.67	0.28
2026-05-09T14:41:05.6196063+08:00	0x02	0.0222	0.0055	-0.9634	0.2673	210.99	357.72	1.29
2026-05-09T14:41:05.6196063+08:00	0x03	0.0081	-0.0158	0.2173	0.9760	25.08	358.44	1.30
2026-05-09T14:41:05.6196063+08:00	0x09	0.0530	-0.0639	-0.6265	0.7750	282.09	350.48	0.12
2026-05-09T14:41:05.6196063+08:00	0x07	-0.0157	-0.0297	-0.2953	0.9548	325.69	357.28	357.28
2026-05-09T14:41:05.6196063+08:00	0x04	-0.0134	-0.0249	-0.2579	0.9658	330.15	357.64	357.78
2026-05-09T14:41:05.6196063+08:00	0x01	-0.0209	-0.0305	-0.1361	0.9900	344.42	356.86	357.15
2026-05-09T14:41:05.6196063+08:00	0x03	0.0081	-0.0158	0.2173	0.9760	25.08	358.44	1.29
2026-05-09T14:41:05.6196063+08:00	0x06	0.0477	0.1424	-0.8608	0.4864	239.44	3.38	16.95
2026-05-09T14:41:05.6196063+08:00	0x09	0.0530	-0.0639	-0.6265	0.7750	282.09	350.48	0.12
2026-05-09T14:41:05.6196063+08:00	0x04	-0.0134	-0.0249	-0.2579	0.9658	330.15	357.64	357.78
2026-05-09T14:41:05.6196063+08:00	0x08	-0.0032	-0.0552	0.1024	0.9932	11.76	353.67	0.28
2026-05-09T14:41:05.6196063+08:00	0x01	-0.0209	-0.0305	-0.1361	0.9900	344.42	356.86	357.15
2026-05-09T14:41:05.6196063+08:00	0x02	0.0222	0.0055	-0.9634	0.2673	210.99	357.72	1.29
2026-05-09T14:41:05.6196063+08:00	0x09	0.0530	-0.0639	-0.6265	0.7750	282.09	350.47	0.12
2026-05-09T14:41:05.6196063+08:00	0x07	-0.0157	-0.0297	-0.2953	0.9548	325.69	357.28	357.27
2026-05-09T14:41:05.6204321+08:00	0x04	-0.0134	-0.0249	-0.2579	0.9658	330.15	357.64	357.78
2026-05-09T14:41:05.6204321+08:00	0x08	-0.0032	-0.0552	0.1024	0.9932	11.76	353.67	0.28
2026-05-09T14:41:05.6204321+08:00	0x01	-0.0210	-0.0305	-0.1361	0.9900	344.42	356.86	357.14
2026-05-09T14:41:05.6204321+08:00	0x05	-0.0007	0.0130	0.4391	0.8984	52.08	1.30	359.28
2026-05-09T14:41:05.6204321+08:00	0x03	0.0081	-0.0158	0.2173	0.9760	25.08	358.44	1.29
2026-05-09T14:41:05.6204321+08:00	0x07	-0.0157	-0.0297	-0.2953	0.9548	325.69	357.28	357.27
2026-05-09T14:41:05.6204321+08:00	0x04	-0.0134	-0.0249	-0.2579	0.9658	330.15	357.64	357.78
2026-05-09T14:41:05.6204321+08:00	0x08	-0.0032	-0.0552	0.1024	0.9932	11.76	353.67	0.28
2026-05-09T14:41:05.6204321+08:00	0x01	-0.0210	-0.0305	-0.1361	0.9900	344.42	356.86	357.14
2026-05-09T14:41:05.6204321+08:00	0x03	0.0081	-0.0158	0.2173	0.9760	25.08	358.44	1.29
2026-05-09T14:41:05.6204321+08:00	0x07	-0.0157	-0.0297	-0.2953	0.9548	325.69	357.28	357.28
2026-05-09T14:41:05.6204321+08:00	0x06	0.0544	0.1336	-0.8946	0.4230	230.75	0.94	16.56
2026-05-09T14:41:05.6204321+08:00	0x04	-0.0134	-0.0249	-0.2579	0.9658	330.15	357.64	357.78
2026-05-09T14:41:05.6204321+08:00	0x08	-0.0032	-0.0551	0.1024	0.9932	11.76	353.67	0.28
2026-05-09T14:41:05.6204321+08:00	0x01	-0.0209	-0.0305	-0.1361	0.9900	344.42	356.87	357.15
2026-05-09T14:41:05.6204321+08:00	0x03	0.0081	-0.0158	0.2173	0.9760	25.08	358.44	1.29
2026-05-09T14:41:05.6204321+08:00	0x09	0.0530	-0.0639	-0.6265	0.7750	282.09	350.48	0.12
2026-05-09T14:41:05.6204321+08:00	0x07	-0.0157	-0.0297	-0.2953	0.9548	325.69	357.28	357.28
2026-05-09T14:41:05.6204321+08:00	0x06	0.0559	0.1242	-0.8982	0.4179	229.92	0.20	15.65
2026-05-09T14:41:05.6204321+08:00	0x04	-0.0134	-0.0249	-0.2579	0.9658	330.15	357.64	357.78
2026-05-09T14:41:05.6204321+08:00	0x08	-0.0033	-0.0551	0.1024	0.9932	11.76	353.67	0.28
2026-05-09T14:41:05.6204321+08:00	0x01	-0.0210	-0.0305	-0.1361	0.9900	344.42	356.87	357.15
2026-05-09T14:41:05.6204321+08:00	0x03	0.0081	-0.0158	0.2173	0.9760	25.08	358.44	1.30
2026-05-09T14:41:05.6204321+08:00	0x07	-0.0157	-0.0296	-0.2953	0.9548	325.69	357.29	357.28
2026-05-09T14:41:05.6204321+08:00	0x06	0.0765	0.1331	-0.9066	0.3931	226.57	357.95	17.54
2026-05-09T14:41:05.6204321+08:00	0x04	-0.0134	-0.0249	-0.2579	0.9658	330.15	357.63	357.78
2026-05-09T14:41:05.6204321+08:00	0x01	-0.0210	-0.0305	-0.1361	0.9900	344.42	356.87	357.15
2026-05-09T14:41:05.6204321+08:00	0x03	0.0081	-0.0157	0.2173	0.9760	25.08	358.44	1.30
2026-05-09T14:41:05.6204321+08:00	0x05	-0.0007	0.0130	0.4391	0.8984	52.08	1.30	359.28
2026-05-09T14:41:05.6204321+08:00	0x07	-0.0157	-0.0296	-0.2953	0.9548	325.69	357.29	357.28
2026-05-09T14:41:05.6204321+08:00	0x04	-0.0134	-0.0249	-0.2579	0.9658	330.15	357.64	357.78
2026-05-09T14:41:05.6204321+08:00	0x08	-0.0032	-0.0552	0.1024	0.9932	11.76	353.67	0.28
2026-05-09T14:41:05.6214269+08:00	0x06	0.0788	0.1315	-0.9157	0.3714	223.73	357.20	17.42
2026-05-09T14:41:05.6214269+08:00	0x03	0.0081	-0.0157	0.2173	0.9760	25.08	358.44	1.30
2026-05-09T14:41:05.6214269+08:00	0x02	0.0222	0.0056	-0.9634	0.2673	210.98	357.72	1.29
2026-05-09T14:41:05.6214269+08:00	0x09	0.0530	-0.0639	-0.6265	0.7750	282.09	350.48	0.12
2026-05-09T14:41:05.6214269+08:00	0x07	-0.0157	-0.0296	-0.2953	0.9548	325.69	357.29	357.28
2026-05-09T14:41:05.6214269+08:00	0x06	0.0813	0.1280	-0.9216	0.3572	221.85	356.50	17.10
2026-05-09T14:41:05.6214269+08:00	0x04	-0.0134	-0.0249	-0.2579	0.9658	330.15	357.64	357.78
2026-05-09T14:41:05.6214269+08:00	0x08	-0.0033	-0.0552	0.1024	0.9932	11.76	353.67	0.28
2026-05-09T14:41:05.6214269+08:00	0x02	0.0222	0.0055	-0.9634	0.2673	210.98	357.72	1.29
2026-05-09T14:41:05.6214269+08:00	0x03	0.0081	-0.0158	0.2173	0.9760	25.08	358.44	1.29
2026-05-09T14:41:05.6214269+08:00	0x09	0.0530	-0.0639	-0.6265	0.7750	282.09	350.48	0.12
2026-05-09T14:41:05.6214269+08:00	0x07	-0.0157	-0.0296	-0.2953	0.9548	325.69	357.28	357.28
2026-05-09T14:41:05.6214269+08:00	0x04	-0.0134	-0.0249	-0.2579	0.9658	330.15	357.64	357.78
2026-05-09T14:41:05.6214269+08:00	0x08	-0.0033	-0.0552	0.1024	0.9932	11.76	353.67	0.28
2026-05-09T14:41:05.6214269+08:00	0x03	0.0081	-0.0158	0.2173	0.9760	25.08	358.44	1.29
2026-05-09T14:41:05.6214269+08:00	0x02	0.0222	0.0055	-0.9634	0.2673	210.98	357.72	1.29
2026-05-09T14:41:05.6214269+08:00	0x09	0.0530	-0.0639	-0.6265	0.7750	282.09	350.48	0.12
2026-05-09T14:41:05.6214269+08:00	0x07	-0.0157	-0.0296	-0.2953	0.9548	325.69	357.28	357.28
2026-05-09T14:41:05.6214269+08:00	0x04	-0.0134	-0.0249	-0.2579	0.9658	330.15	357.63	357.78
2026-05-09T14:41:05.6214269+08:00	0x08	-0.0033	-0.0552	0.1024	0.9932	11.76	353.67	0.28
2026-05-09T14:41:05.6214269+08:00	0x03	0.0081	-0.0158	0.2173	0.9760	25.08	358.44	1.29
2026-05-09T14:41:05.6214269+08:00	0x09	0.0530	-0.0639	-0.6265	0.7750	282.09	350.48	0.12
2026-05-09T14:41:05.6214269+08:00	0x07	-0.0157	-0.0296	-0.2953	0.9548	325.69	357.28	357.28
2026-05-09T14:41:05.6214269+08:00	0x04	-0.0134	-0.0249	-0.2579	0.9658	330.15	357.64	357.78
2026-05-09T14:41:05.6214269+08:00	0x08	-0.0033	-0.0552	0.1024	0.9932	11.76	353.67	0.28
2026-05-09T14:41:05.6214269+08:00	0x03	0.0081	-0.0157	0.2173	0.9760	25.08	358.44	1.29
2026-05-09T14:41:05.6214269+08:00	0x05	-0.0007	0.0130	0.4391	0.8984	52.08	1.30	359.28
2026-05-09T14:41:05.6214269+08:00	0x06	0.0779	0.1253	-0.9351	0.3223	217.48	356.12	16.53
2026-05-09T14:41:05.6214269+08:00	0x07	-0.0157	-0.0297	-0.2953	0.9548	325.69	357.28	357.28
2026-05-09T14:41:05.6214269+08:00	0x04	-0.0134	-0.0249	-0.2579	0.9658	330.15	357.64	357.78
2026-05-09T14:41:05.6214269+08:00	0x08	-0.0033	-0.0552	0.1024	0.9932	11.76	353.67	0.28
2026-05-09T14:41:05.6214269+08:00	0x02	0.0222	0.0055	-0.9634	0.2673	210.98	357.72	1.29
2026-05-09T14:41:05.6214269+08:00	0x06	0.0774	0.1249	-0.9351	0.3226	217.51	356.17	16.47
2026-05-09T14:41:05.6214269+08:00	0x07	-0.0157	-0.0297	-0.2953	0.9548	325.69	357.28	357.28
2026-05-09T14:41:05.6214269+08:00	0x04	-0.0134	-0.0249	-0.2579	0.9658	330.15	357.64	357.78
2026-05-09T14:41:05.6214269+08:00	0x02	0.0222	0.0055	-0.9634	0.2673	210.98	357.72	1.29
2026-05-09T14:41:05.6214269+08:00	0x01	-0.0210	-0.0305	-0.1361	0.9900	344.42	356.86	357.14
2026-05-09T14:41:05.6214269+08:00	0x08	-0.0033	-0.0552	0.1024	0.9932	11.76	353.67	0.28
2026-05-09T14:41:05.6224242+08:00	0x03	0.0081	-0.0157	0.2173	0.9760	25.08	358.44	1.29
2026-05-09T14:41:05.6224242+08:00	0x09	0.0530	-0.0639	-0.6265	0.7750	282.09	350.48	0.12
2026-05-09T14:41:05.6224242+08:00	0x07	-0.0157	-0.0297	-0.2953	0.9548	325.69	357.28	357.28
2026-05-09T14:41:05.6224242+08:00	0x04	-0.0134	-0.0249	-0.2579	0.9658	330.15	357.64	357.78
2026-05-09T14:41:05.6224242+08:00	0x08	-0.0032	-0.0552	0.1024	0.9932	11.76	353.67	0.28
2026-05-09T14:41:05.6224242+08:00	0x02	0.0222	0.0055	-0.9634	0.2673	210.98	357.72	1.29
2026-05-09T14:41:05.6224242+08:00	0x03	0.0081	-0.0158	0.2173	0.9760	25.08	358.44	1.29
2026-05-09T14:41:05.6224242+08:00	0x09	0.0530	-0.0639	-0.6265	0.7750	282.09	350.48	0.12
2026-05-09T14:41:05.6224242+08:00	0x06	0.0743	0.1259	-0.9351	0.3227	217.58	356.56	16.47
2026-05-09T14:41:05.6224242+08:00	0x07	-0.0157	-0.0297	-0.2953	0.9548	325.69	357.28	357.28
2026-05-09T14:41:05.6224242+08:00	0x08	-0.0033	-0.0552	0.1024	0.9932	11.76	353.67	0.28
2026-05-09T14:41:05.6224242+08:00	0x03	0.0081	-0.0158	0.2173	0.9760	25.08	358.44	1.29
2026-05-09T14:41:05.6224242+08:00	0x02	0.0222	0.0056	-0.9634	0.2673	210.99	357.72	1.29
2026-05-09T14:41:05.6224242+08:00	0x09	0.0530	-0.0639	-0.6265	0.7750	282.09	350.48	0.12
2026-05-09T14:41:05.6224242+08:00	0x06	0.0742	0.1268	-0.9350	0.3229	217.61	356.60	16.56
2026-05-09T14:41:05.6224242+08:00	0x07	-0.0157	-0.0296	-0.2953	0.9548	325.69	357.28	357.28
2026-05-09T14:41:05.6224242+08:00	0x08	-0.0032	-0.0552	0.1024	0.9932	11.76	353.67	0.28
2026-05-09T14:41:05.6224242+08:00	0x03	0.0081	-0.0158	0.2173	0.9760	25.08	358.44	1.29
2026-05-09T14:41:05.6224242+08:00	0x09	0.0530	-0.0639	-0.6265	0.7750	282.09	350.47	0.12
2026-05-09T14:41:05.6224242+08:00	0x06	0.0721	0.1271	-0.9352	0.3227	217.62	356.85	16.51
2026-05-09T14:41:05.6224242+08:00	0x04	-0.0134	-0.0249	-0.2579	0.9658	330.15	357.64	357.78
2026-05-09T14:41:05.6224242+08:00	0x08	-0.0032	-0.0552	0.1024	0.9932	11.76	353.67	0.28
2026-05-09T14:41:05.6224242+08:00	0x02	0.0222	0.0056	-0.9634	0.2673	210.99	357.72	1.29
2026-05-09T14:41:05.6224242+08:00	0x03	0.0081	-0.0157	0.2173	0.9760	25.08	358.44	1.30
2026-05-09T14:41:05.6224242+08:00	0x09	0.0530	-0.0639	-0.6265	0.7750	282.09	350.48	0.12
2026-05-09T14:41:05.6224242+08:00	0x07	-0.0157	-0.0297	-0.2953	0.9548	325.69	357.28	357.28
2026-05-09T14:41:05.6224242+08:00	0x04	-0.0134	-0.0249	-0.2579	0.9658	330.15	357.64	357.78
2026-05-09T14:41:05.6224242+08:00	0x08	-0.0032	-0.0552	0.1024	0.9932	11.76	353.67	0.28
2026-05-09T14:41:05.6969908+08:00	0x03	0.0081	-0.0157	0.2173	0.9760	25.08	358.44	1.30
2026-05-09T14:41:05.7739195+08:00	0x09	0.0530	-0.0639	-0.6265	0.7750	282.09	350.48	0.12
2026-05-09T14:41:05.9264865+08:00	0x07	-0.0157	-0.0297	-0.2953	0.9548	325.69	357.28	357.28
2026-05-09T14:41:05.9373241+08:00	0x06	0.0714	0.1273	-0.9339	0.3264	218.09	356.99	16.53
2026-05-09T14:41:06.0200785+08:00	0x04	-0.0134	-0.0249	-0.2579	0.9658	330.15	357.64	357.78
2026-05-09T14:41:06.1937168+08:00	0x08	-0.0032	-0.0552	0.1024	0.9932	11.76	353.67	0.28
2026-05-09T14:41:06.2049181+08:00	0x02	0.0222	0.0056	-0.9634	0.2673	210.99	357.72	1.29
2026-05-09T14:41:06.2961675+08:00	0x09	0.0530	-0.0639	-0.6265	0.7750	282.09	350.48	0.12
2026-05-09T14:41:06.3442603+08:00	0x03	0.0081	-0.0157	0.2173	0.9760	25.08	358.44	1.30
2026-05-09T14:41:06.4420085+08:00	0x06	0.0750	0.1259	-0.9343	0.3250	217.86	356.51	16.50
2026-05-09T14:41:06.4928868+08:00	0x07	-0.0157	-0.0297	-0.2953	0.9548	325.69	357.28	357.28
2026-05-09T14:41:06.6174984+08:00	0x04	-0.0134	-0.0249	-0.2579	0.9658	330.15	357.64	357.78
2026-05-09T14:41:06.7270439+08:00	0x01	-0.0210	-0.0305	-0.1361	0.9900	344.42	356.87	357.15
2026-05-09T14:41:06.7699289+08:00	0x03	0.0081	-0.0157	0.2173	0.9760	25.08	358.44	1.30
2026-05-09T14:41:06.8105028+08:00	0x09	0.0530	-0.0639	-0.6265	0.7750	282.09	350.48	0.12
2026-05-09T14:41:07.0259143+08:00	0x06	0.0778	0.1257	-0.9355	0.3210	217.31	356.12	16.57
2026-05-09T14:41:07.0961549+08:00	0x04	-0.0134	-0.0249	-0.2579	0.9658	330.15	357.64	357.78
2026-05-09T14:41:07.1918785+08:00	0x07	-0.0157	-0.0297	-0.2953	0.9548	325.69	357.28	357.28
2026-05-09T14:41:07.2403929+08:00	0x01	-0.0210	-0.0305	-0.1361	0.9900	344.42	356.87	357.15
