timestamp	device	q0	q1	q2	q3	yaw	pitch	roll
2026-05-07T21:27:45.0819039+08:00	0x02	0.0139	0.0014	-0.9566	0.2910	213.83	358.52	0.62
2026-05-07T21:27:45.1549600+08:00	0x08	-0.0028	-0.0266	-0.0030	0.9996	359.67	356.96	359.67
2026-05-07T21:27:45.2164309+08:00	0x03	-0.0033	-0.0173	0.3566	0.9341	41.78	358.02	0.36
2026-05-07T21:27:45.4130164+08:00	0x01	-0.0316	-0.0644	-0.2675	0.9609	329.19	353.84	354.53
2026-05-07T21:27:45.4357699+08:00	0x04	-0.0106	-0.0171	-0.1962	0.9804	337.38	358.32	358.43
2026-05-07T21:27:45.4669024+08:00	0x07	0.7310	0.0575	-0.6799	-0.0111	174.30	265.68	3.55
2026-05-07T21:27:45.6008482+08:00	0x03	-0.0033	-0.0173	0.3566	0.9341	41.78	358.02	0.36
2026-05-07T21:27:45.6776570+08:00	0x02	0.0139	0.0014	-0.9566	0.2910	213.83	358.52	0.62
2026-05-07T21:27:45.8097240+08:00	0x09	0.0012	-0.0862	-0.9736	0.2114	204.69	357.74	350.37
2026-05-07T21:27:45.9024167+08:00	0x04	-0.0106	-0.0171	-0.1962	0.9804	337.38	358.32	358.43
2026-05-07T21:27:45.9330050+08:00	0x01	-0.0316	-0.0644	-0.2675	0.9609	329.19	353.84	354.53
2026-05-07T21:27:46.0741895+08:00	0x07	0.6118	0.1334	-0.7420	0.2395	192.75	284.34	29.41
2026-05-07T21:27:46.1295861+08:00	0x03	-0.0033	-0.0173	0.3566	0.9341	41.78	358.02	0.36
2026-05-07T21:27:46.2531149+08:00	0x08	-0.0029	-0.0266	-0.0030	0.9996	359.67	356.96	359.66
2026-05-07T21:27:46.3854775+08:00	0x09	0.0012	-0.0862	-0.9736	0.2114	204.69	357.74	350.37
2026-05-07T21:27:46.4255511+08:00	0x04	-0.0106	-0.0171	-0.1962	0.9804	337.38	358.32	358.43
2026-05-07T21:27:46.5183266+08:00	0x01	-0.0316	-0.0644	-0.2675	0.9609	329.19	353.84	354.53
2026-05-07T21:27:46.5985561+08:00	0x07	0.7741	0.1925	-0.5854	0.1452	171.76	252.23	26.76
2026-05-07T21:27:46.7156862+08:00	0x03	-0.0033	-0.0173	0.3566	0.9341	41.78	358.02	0.36
2026-05-07T21:27:46.7609471+08:00	0x06	-0.7143	-0.0285	0.6992	0.0066	177.13	268.73	1.75
2026-05-07T21:27:46.9238236+08:00	0x09	0.0012	-0.0862	-0.9736	0.2114	204.69	357.74	350.37
2026-05-07T21:27:47.0908150+08:00	0x01	-0.0316	-0.0644	-0.2675	0.9609	329.19	353.84	354.53
2026-05-07T21:27:47.1344694+08:00	0x07	0.6958	0.0973	-0.7096	0.0530	176.47	270.74	12.23
2026-05-07T21:27:47.2049368+08:00	0x02	0.0139	0.0014	-0.9566	0.2910	213.83	358.52	0.62
2026-05-07T21:27:47.2867413+08:00	0x03	-0.0033	-0.0172	0.3566	0.9341	41.78	358.02	0.36
2026-05-07T21:27:47.4742344+08:00	0x09	0.0012	-0.0862	-0.9736	0.2114	204.69	357.75	350.36
2026-05-07T21:27:47.5992271+08:00	0x01	-0.0316	-0.0644	-0.2675	0.9609	329.19	353.84	354.53
2026-05-07T21:27:47.6927338+08:00	0x07	0.7058	0.0052	-0.7067	-0.0478	175.69	270.20	356.56
2026-05-07T21:27:47.7402221+08:00	0x06	-0.7235	-0.0089	0.6888	0.0449	175.71	267.30	356.98
2026-05-07T21:27:47.8804119+08:00	0x03	-0.0033	-0.0172	0.3566	0.9341	41.78	358.02	0.36
2026-05-07T21:27:47.9879447+08:00	0x04	-0.0106	-0.0171	-0.1962	0.9804	337.38	358.32	358.43
2026-05-07T21:27:48.0044058+08:00	0x09	0.0012	-0.0862	-0.9736	0.2114	204.69	357.75	350.36
2026-05-07T21:27:48.1918791+08:00	0x01	-0.0316	-0.0644	-0.2675	0.9609	329.19	353.84	354.53
2026-05-07T21:27:48.2925400+08:00	0x02	0.0139	0.0014	-0.9566	0.2910	213.83	358.52	0.61
2026-05-07T21:27:48.3164986+08:00	0x06	-0.7220	0.0040	0.6898	0.0539	176.06	267.55	355.22
2026-05-07T21:27:48.4187609+08:00	0x08	-0.0029	-0.0266	-0.0030	0.9996	359.67	356.96	359.66
2026-05-07T21:27:48.5371880+08:00	0x09	0.0012	-0.0862	-0.9736	0.2114	204.69	357.75	350.36
2026-05-07T21:27:48.5764837+08:00	0x04	-0.0106	-0.0171	-0.1962	0.9804	337.38	358.32	358.43
2026-05-07T21:27:48.6411309+08:00	0x01	-0.0316	-0.0644	-0.2675	0.9609	329.19	353.84	354.53
2026-05-07T21:27:48.8249367+08:00	0x07	0.6996	-0.1205	-0.6819	-0.1760	175.51	269.50	335.76
2026-05-07T21:27:48.8639991+08:00	0x06	-0.7219	0.0103	0.6893	0.0610	176.02	267.56	354.13
2026-05-07T21:27:48.9417390+08:00	0x03	-0.0033	-0.0172	0.3566	0.9341	41.78	358.02	0.36
2026-05-07T21:27:48.9772288+08:00	0x02	0.0139	0.0014	-0.9566	0.2910	213.83	358.52	0.61
2026-05-07T21:27:49.0818726+08:00	0x04	-0.0106	-0.0171	-0.1962	0.9804	337.38	358.32	358.43
2026-05-07T21:27:49.2586018+08:00	0x05	0.0042	-0.0060	0.4819	0.8762	57.62	359.63	0.75
2026-05-07T21:27:49.3127650+08:00	0x01	-0.0316	-0.0644	-0.2675	0.9609	329.19	353.84	354.53
2026-05-07T21:27:49.3981136+08:00	0x06	-0.7202	0.0161	0.6903	0.0673	175.98	267.81	353.15
2026-05-07T21:27:49.4786687+08:00	0x03	-0.0033	-0.0172	0.3566	0.9341	41.78	358.02	0.36
2026-05-07T21:27:49.6194244+08:00	0x09	0.0012	-0.0862	-0.9736	0.2114	204.69	357.75	350.36
2026-05-07T21:27:49.6778533+08:00	0x04	-0.0106	-0.0171	-0.1962	0.9804	337.38	358.32	358.43
2026-05-07T21:27:49.7089987+08:00	0x05	0.0042	-0.0060	0.4819	0.8762	57.62	359.63	0.75
2026-05-07T21:27:49.8391578+08:00	0x01	-0.0316	-0.0644	-0.2675	0.9609	329.19	353.84	354.53
2026-05-07T21:27:50.0273477+08:00	0x03	-0.0033	-0.0173	0.3566	0.9341	41.78	358.02	0.36
2026-05-07T21:27:50.1763901+08:00	0x09	0.0012	-0.0862	-0.9736	0.2114	204.69	357.75	350.36
2026-05-07T21:27:50.2055178+08:00	0x04	-0.0106	-0.0171	-0.1962	0.9804	337.38	358.32	358.43
2026-05-07T21:27:50.2799479+08:00	0x01	-0.0316	-0.0644	-0.2675	0.9609	329.19	353.84	354.53
2026-05-07T21:27:50.3787995+08:00	0x02	0.0139	0.0013	-0.9566	0.2910	213.83	358.52	0.61
2026-05-07T21:27:50.4213705+08:00	0x07	0.6813	-0.1835	-0.6659	-0.2423	174.91	270.29	324.93
2026-05-07T21:27:50.4911821+08:00	0x06	-0.7162	0.0164	0.6944	0.0679	175.91	268.48	353.11
2026-05-07T21:27:50.5824822+08:00	0x08	-0.0028	-0.0265	-0.0030	0.9996	359.67	356.96	359.67
2026-05-07T21:27:50.6108123+08:00	0x03	-0.0033	-0.0173	0.3566	0.9341	41.78	358.02	0.36
2026-05-07T21:27:50.6963139+08:00	0x09	0.0012	-0.0862	-0.9736	0.2114	204.69	357.75	350.36
2026-05-07T21:27:50.8416990+08:00	0x01	-0.0316	-0.0644	-0.2675	0.9609	329.18	353.84	354.53
2026-05-07T21:27:50.8965011+08:00	0x02	0.0139	0.0014	-0.9566	0.2909	213.82	358.52	0.61
2026-05-07T21:27:51.0089257+08:00	0x06	-0.6743	0.0016	0.7374	0.0383	176.88	275.20	356.90
2026-05-07T21:27:51.0856219+08:00	0x03	-0.0033	-0.0173	0.3566	0.9341	41.78	358.02	0.36
2026-05-07T21:27:51.1978466+08:00	0x08	-0.0029	-0.0265	-0.0030	0.9996	359.67	356.96	359.66
2026-05-07T21:27:51.3187937+08:00	0x04	-0.0106	-0.0171	-0.1962	0.9803	337.38	358.32	358.42
2026-05-07T21:27:51.4208693+08:00	0x01	-0.0316	-0.0644	-0.2675	0.9609	329.19	353.84	354.53
2026-05-07T21:27:51.4700469+08:00	0x02	0.0139	0.0013	-0.9566	0.2909	213.82	358.52	0.61
2026-05-07T21:27:51.5894971+08:00	0x06	-0.6756	0.0021	0.7362	0.0392	176.85	275.00	356.79
2026-05-07T21:27:51.6672889+08:00	0x08	-0.0029	-0.0265	-0.0030	0.9996	359.67	356.96	359.66
2026-05-07T21:27:51.7209822+08:00	0x09	0.0012	-0.0862	-0.9736	0.2114	204.69	357.75	350.37
2026-05-07T21:27:51.9167684+08:00	0x01	-0.0316	-0.0644	-0.2675	0.9609	329.18	353.84	354.53
2026-05-07T21:27:51.9410244+08:00	0x04	-0.0106	-0.0171	-0.1962	0.9803	337.38	358.32	358.42
2026-05-07T21:27:52.0124038+08:00	0x07	0.6820	-0.1816	-0.6664	-0.2404	174.93	270.27	325.25
2026-05-07T21:27:52.1017502+08:00	0x06	-0.2708	-0.0157	0.9336	0.2343	153.38	328.98	354.40
2026-05-07T21:27:52.2238442+08:00	0x03	-0.0033	-0.0173	0.3566	0.9341	41.78	358.02	0.36
2026-05-07T21:27:52.2565982+08:00	0x09	0.0012	-0.0862	-0.9736	0.2114	204.69	357.74	350.37
2026-05-07T21:27:52.3979457+08:00	0x04	-0.0106	-0.0171	-0.1962	0.9803	337.38	358.32	358.42
2026-05-07T21:27:52.4918281+08:00	0x01	-0.0316	-0.0644	-0.2675	0.9609	329.18	353.84	354.53
2026-05-07T21:27:52.5542888+08:00	0x07	0.2333	0.0394	-0.9600	-0.1499	162.17	332.63	0.32
2026-05-07T21:27:52.5890475+08:00	0x02	0.0139	0.0013	-0.9566	0.2909	213.82	358.52	0.61
2026-05-07T21:27:52.6956472+08:00	0x06	-0.2179	0.0190	0.9386	0.2668	150.11	336.19	351.26
2026-05-07T21:27:52.7572912+08:00	0x03	-0.0033	-0.0173	0.3566	0.9341	41.78	358.02	0.36
2026-05-07T21:27:52.8527209+08:00	0x09	0.0012	-0.0862	-0.9736	0.2114	204.69	357.74	350.37
2026-05-07T21:27:52.9297224+08:00	0x04	-0.0106	-0.0170	-0.1962	0.9804	337.38	358.32	358.42
2026-05-07T21:27:53.0782602+08:00	0x01	-0.0316	-0.0644	-0.2675	0.9609	329.18	353.84	354.53
2026-05-07T21:27:53.1403501+08:00	0x07	0.2365	0.0641	-0.9692	0.0241	180.95	332.64	7.80
2026-05-07T21:27:53.2655203+08:00	0x06	-0.2366	0.0348	0.9236	0.2995	146.73	334.83	348.12
2026-05-07T21:27:53.3045633+08:00	0x03	-0.0033	-0.0173	0.3566	0.9341	41.78	358.02	0.36
2026-05-07T21:27:53.4020181+08:00	0x09	0.0012	-0.0862	-0.9736	0.2114	204.69	357.74	350.37
2026-05-07T21:27:53.4438955+08:00	0x08	-0.0029	-0.0265	-0.0030	0.9996	359.67	356.96	359.66
2026-05-07T21:27:53.6048156+08:00	0x01	-0.0316	-0.0644	-0.2675	0.9609	329.19	353.84	354.53
2026-05-07T21:27:53.6711861+08:00	0x07	0.2021	0.0837	-0.9621	0.1627	196.66	338.21	13.11
2026-05-07T21:27:53.7656904+08:00	0x06	-0.2349	0.0397	0.9177	0.3181	144.58	335.40	347.16
2026-05-07T21:27:53.8756157+08:00	0x03	-0.0033	-0.0173	0.3566	0.9341	41.78	358.01	0.36
2026-05-07T21:27:53.9377123+08:00	0x08	-0.0029	-0.0265	-0.0030	0.9996	359.67	356.96	359.66
2026-05-07T21:27:54.0937405+08:00	0x09	0.0012	-0.0862	-0.9736	0.2114	204.69	357.74	350.37
2026-05-07T21:27:54.1645763+08:00	0x01	-0.0316	-0.0644	-0.2675	0.9609	329.19	353.84	354.53
2026-05-07T21:27:54.3529986+08:00	0x06	-0.1815	0.0376	0.9203	0.3444	140.78	341.68	348.80
2026-05-07T21:27:54.4195614+08:00	0x03	-0.0032	-0.0173	0.3566	0.9341	41.78	358.02	0.36
2026-05-07T21:27:54.5026517+08:00	0x08	-0.0029	-0.0265	-0.0030	0.9996	359.67	356.96	359.66
2026-05-07T21:27:54.5801058+08:00	0x04	-0.0106	-0.0170	-0.1962	0.9804	337.38	358.32	358.42
2026-05-07T21:27:54.6888703+08:00	0x01	-0.0316	-0.0644	-0.2675	0.9609	329.19	353.84	354.53
2026-05-07T21:27:54.7160344+08:00	0x05	0.0042	-0.0059	0.4819	0.8762	57.62	359.64	0.75
2026-05-07T21:27:54.7761793+08:00	0x07	0.1882	0.0934	-0.9496	0.2325	204.93	340.99	15.36
2026-05-07T21:27:54.8740977+08:00	0x06	-0.1604	-0.0160	0.9297	0.3312	141.48	341.95	355.61
2026-05-07T21:27:54.9169836+08:00	0x02	0.0139	0.0013	-0.9566	0.2909	213.82	358.52	0.61
2026-05-07T21:27:55.0187122+08:00	0x03	-0.0032	-0.0173	0.3566	0.9341	41.78	358.02	0.36
2026-05-07T21:27:55.0650162+08:00	0x08	-0.0029	-0.0265	-0.0030	0.9996	359.67	356.96	359.66
2026-05-07T21:27:55.1596488+08:00	0x04	-0.0106	-0.0170	-0.1962	0.9804	337.38	358.32	358.42
2026-05-07T21:27:55.2141338+08:00	0x09	0.0012	-0.0862	-0.9736	0.2114	204.69	357.75	350.37
2026-05-07T21:27:55.2332415+08:00	0x02	0.0139	0.0013	-0.9566	0.2909	213.82	358.52	0.61
2026-05-07T21:27:55.2673420+08:00	0x01	-0.0316	-0.0644	-0.2675	0.9609	329.19	353.84	354.53
2026-05-07T21:27:55.3240392+08:00	0x07	0.1716	0.1098	-0.9076	0.3672	221.68	345.87	18.99
2026-05-07T21:27:55.5745678+08:00	0x03	-0.0032	-0.0173	0.3566	0.9341	41.78	358.02	0.36
2026-05-07T21:27:55.7472093+08:00	0x04	-0.0106	-0.0170	-0.1962	0.9804	337.38	358.32	358.42
2026-05-07T21:27:55.7941391+08:00	0x02	0.0139	0.0013	-0.9566	0.2909	213.82	358.52	0.61
2026-05-07T21:27:55.9509996+08:00	0x06	-0.1828	-0.0165	0.9189	0.3491	139.41	339.57	354.42
2026-05-07T21:27:56.0689814+08:00	0x08	-0.0029	-0.0265	-0.0030	0.9996	359.67	356.96	359.66
2026-05-07T21:27:56.1341447+08:00	0x09	0.0012	-0.0862	-0.9736	0.2114	204.69	357.75	350.37
2026-05-07T21:27:56.2731193+08:00	0x04	-0.0106	-0.0170	-0.1962	0.9804	337.38	358.32	358.42
2026-05-07T21:27:56.3600361+08:00	0x07	0.1252	0.1340	-0.8884	0.4209	229.52	353.30	20.08
2026-05-07T21:27:56.4461935+08:00	0x06	-0.1898	-0.0254	0.9172	0.3494	139.23	338.45	355.07
2026-05-07T21:27:56.6109957+08:00	0x03	-0.0032	-0.0173	0.3566	0.9341	41.78	358.02	0.36
2026-05-07T21:27:56.6740651+08:00	0x09	0.0012	-0.0862	-0.9736	0.2114	204.69	357.75	350.36
2026-05-07T21:27:56.8385233+08:00	0x04	-0.0106	-0.0171	-0.1962	0.9803	337.38	358.32	358.42
2026-05-07T21:27:56.8929409+08:00	0x07	0.1274	0.1609	-0.8684	0.4515	233.96	355.25	23.23
2026-05-07T21:27:57.0690402+08:00	0x06	-0.1806	-0.0392	0.9222	0.3398	140.09	338.89	357.10
2026-05-07T21:27:57.1512110+08:00	0x03	-0.0032	-0.0173	0.3566	0.9341	41.78	358.02	0.36
2026-05-07T21:27:57.1827172+08:00	0x08	-0.0029	-0.0266	-0.0030	0.9996	359.67	356.96	359.66
2026-05-07T21:27:57.3630588+08:00	0x04	-0.0106	-0.0170	-0.1962	0.9804	337.38	358.32	358.42
2026-05-07T21:27:57.4494456+08:00	0x02	0.0139	0.0013	-0.9566	0.2909	213.82	358.51	0.61
2026-05-07T21:27:57.5254133+08:00	0x06	-0.1728	-0.0350	0.9250	0.3365	140.54	339.90	357.05
2026-05-07T21:27:57.7100025+08:00	0x03	-0.0032	-0.0173	0.3566	0.9341	41.78	358.02	0.36
2026-05-07T21:27:57.7805108+08:00	0x08	-0.0029	-0.0266	-0.0030	0.9996	359.67	356.96	359.66
2026-05-07T21:27:57.8745064+08:00	0x05	0.0043	-0.0059	0.4819	0.8762	57.62	359.64	0.76
2026-05-07T21:27:57.9136344+08:00	0x04	-0.0106	-0.0170	-0.1962	0.9804	337.38	358.32	358.42
2026-05-07T21:27:57.9785956+08:00	0x02	0.0139	0.0013	-0.9566	0.2909	213.82	358.51	0.61
2026-05-07T21:27:58.0235895+08:00	0x01	-0.0316	-0.0644	-0.2675	0.9609	329.18	353.84	354.54
2026-05-07T21:27:58.1201736+08:00	0x06	-0.1680	-0.0347	0.9229	0.3447	139.56	340.46	357.03
2026-05-07T21:27:58.2753718+08:00	0x08	-0.0029	-0.0266	-0.0030	0.9996	359.67	356.96	359.66
2026-05-07T21:27:58.3065911+08:00	0x09	0.0012	-0.0862	-0.9736	0.2114	204.69	357.75	350.36
2026-05-07T21:27:58.5104533+08:00	0x04	-0.0106	-0.0171	-0.1962	0.9803	337.38	358.32	358.42
2026-05-07T21:27:58.5538753+08:00	0x02	0.0139	0.0013	-0.9566	0.2909	213.82	358.52	0.61
2026-05-07T21:27:58.5828112+08:00	0x07	0.0983	0.1609	-0.8611	0.4722	237.28	358.94	21.71
2026-05-07T21:27:58.7147354+08:00	0x06	-0.1733	-0.0316	0.9211	0.3472	139.32	340.01	356.44
2026-05-07T21:27:58.8631393+08:00	0x09	0.0012	-0.0862	-0.9736	0.2114	204.69	357.75	350.36
2026-05-07T21:27:59.0374800+08:00	0x04	-0.0106	-0.0171	-0.1962	0.9803	337.38	358.32	358.42
2026-05-07T21:27:59.0979614+08:00	0x07	0.0994	0.1752	-0.8431	0.4987	241.30	0.45	23.23
2026-05-07T21:27:59.1868915+08:00	0x06	-0.2139	-0.0408	0.9179	0.3318	141.10	335.12	356.15
2026-05-07T21:27:59.3505951+08:00	0x08	-0.0028	-0.0265	-0.0030	0.9996	359.67	356.96	359.67
2026-05-07T21:27:59.3841909+08:00	0x03	-0.0033	-0.0173	0.3566	0.9341	41.78	358.02	0.36
2026-05-07T21:27:59.5089840+08:00	0x09	0.0012	-0.0862	-0.9736	0.2114	204.69	357.75	350.36
2026-05-07T21:27:59.6027097+08:00	0x04	-0.0106	-0.0171	-0.1962	0.9803	337.38	358.32	358.42
2026-05-07T21:27:59.6662211+08:00	0x07	0.0991	0.1746	-0.8433	0.4985	241.27	0.44	23.16
2026-05-07T21:27:59.8079337+08:00	0x01	-0.0316	-0.0644	-0.2675	0.9609	329.18	353.84	354.53
2026-05-07T21:27:59.8232046+08:00	0x06	-0.2127	-0.0405	0.9180	0.3322	141.05	335.27	356.16
2026-05-07T21:27:59.9014222+08:00	0x09	0.0012	-0.0862	-0.9736	0.2114	204.69	357.75	350.36
2026-05-07T21:27:59.9415287+08:00	0x08	-0.0028	-0.0266	-0.0030	0.9996	359.67	356.96	359.67
2026-05-07T21:28:00.1143700+08:00	0x04	-0.0106	-0.0171	-0.1962	0.9803	337.38	358.32	358.42
2026-05-07T21:28:00.1675993+08:00	0x07	0.4184	0.3752	-0.6899	0.4563	226.27	327.47	64.10
2026-05-07T21:28:00.2559480+08:00	0x01	-0.0316	-0.0644	-0.2675	0.9609	329.18	353.84	354.53
2026-05-07T21:28:00.3783080+08:00	0x06	-0.5644	0.0622	0.8034	0.1794	166.78	291.88	342.40
2026-05-07T21:28:00.4465534+08:00	0x09	0.0012	-0.0862	-0.9736	0.2114	204.69	357.75	350.36
2026-05-07T21:28:00.4920979+08:00	0x03	-0.0033	-0.0173	0.3566	0.9341	41.78	358.02	0.36
2026-05-07T21:28:00.5077924+08:00	0x08	-0.0028	-0.0266	-0.0030	0.9996	359.67	356.96	359.67
2026-05-07T21:28:00.5947405+08:00	0x05	0.0043	-0.0060	0.4819	0.8762	57.62	359.64	0.76
2026-05-07T21:28:00.7673417+08:00	0x07	0.5235	0.4655	-0.5809	0.4146	178.54	274.78	77.12
2026-05-07T21:28:00.8511413+08:00	0x01	-0.0316	-0.0644	-0.2675	0.9609	329.18	353.84	354.53
2026-05-07T21:28:00.9928742+08:00	0x09	0.0012	-0.0862	-0.9736	0.2114	204.69	357.75	350.36
2026-05-07T21:28:01.0621480+08:00	0x03	-0.0033	-0.0173	0.3566	0.9341	41.78	358.02	0.36
2026-05-07T21:28:01.2029537+08:00	0x04	-0.0106	-0.0171	-0.1962	0.9803	337.38	358.32	358.42
2026-05-07T21:28:01.3016436+08:00	0x07	0.4912	0.5103	-0.5673	0.4202	169.02	268.57	82.62
2026-05-07T21:28:01.4104511+08:00	0x02	0.0139	0.0013	-0.9566	0.2909	213.82	358.52	0.61
2026-05-07T21:28:01.5211597+08:00	0x09	0.0012	-0.0862	-0.9736	0.2114	204.69	357.75	350.36
2026-05-07T21:28:01.5913534+08:00	0x03	-0.0033	-0.0172	0.3566	0.9341	41.78	358.02	0.36
2026-05-07T21:28:01.6908777+08:00	0x08	-0.0028	-0.0266	-0.0030	0.9996	359.67	356.96	359.67
2026-05-07T21:28:01.8313642+08:00	0x07	0.4450	0.5560	-0.5243	0.4669	5.52	105.18	86.87
2026-05-07T21:28:01.9159089+08:00	0x01	-0.0316	-0.0644	-0.2675	0.9609	329.18	353.84	354.53
2026-05-07T21:28:01.9560026+08:00	0x06	-0.7036	0.0456	0.7002	0.1124	174.52	270.34	347.17
2026-05-07T21:28:02.1337919+08:00	0x03	-0.0033	-0.0172	0.3566	0.9341	41.78	358.02	0.36
2026-05-07T21:28:02.2207125+08:00	0x08	-0.0028	-0.0265	-0.0030	0.9996	359.67	356.96	359.67
2026-05-07T21:28:02.3687766+08:00	0x04	-0.0106	-0.0171	-0.1962	0.9803	337.38	358.32	358.42
2026-05-07T21:28:02.4519493+08:00	0x07	0.3851	0.5981	-0.4718	0.5209	353.16	92.65	74.93
2026-05-07T21:28:02.5029621+08:00	0x02	0.0139	0.0013	-0.9566	0.2909	213.82	358.52	0.61
2026-05-07T21:28:02.6548315+08:00	0x09	0.0012	-0.0862	-0.9736	0.2114	204.69	357.75	350.36
2026-05-07T21:28:02.7029841+08:00	0x08	-0.0028	-0.0265	-0.0030	0.9996	359.67	356.96	359.67
2026-05-07T21:28:02.8897993+08:00	0x04	-0.0106	-0.0171	-0.1962	0.9803	337.38	358.32	358.42
2026-05-07T21:28:02.9184619+08:00	0x07	0.3686	0.6089	-0.4571	0.5334	352.88	92.41	71.77
2026-05-07T21:28:03.0054292+08:00	0x01	-0.0316	-0.0644	-0.2675	0.9609	329.18	353.84	354.53
2026-05-07T21:28:03.0874795+08:00	0x02	0.0139	0.0013	-0.9566	0.2909	213.82	358.52	0.61
2026-05-07T21:28:03.1927925+08:00	0x09	0.0012	-0.0862	-0.9736	0.2114	204.69	357.75	350.37
2026-05-07T21:28:03.2645445+08:00	0x08	-0.0029	-0.0265	-0.0030	0.9996	359.67	356.96	359.66
2026-05-07T21:28:03.3250231+08:00	0x04	-0.0106	-0.0171	-0.1962	0.9803	337.38	358.32	358.42
2026-05-07T21:28:03.4623400+08:00	0x07	0.3527	0.6182	-0.4422	0.5458	352.63	92.08	68.71
2026-05-07T21:28:03.5808126+08:00	0x01	-0.0316	-0.0644	-0.2675	0.9609	329.18	353.84	354.53
2026-05-07T21:28:03.6544771+08:00	0x06	-0.7298	0.0004	0.6791	0.0792	173.82	266.24	353.33
2026-05-07T21:28:03.6741847+08:00	0x09	0.0012	-0.0862	-0.9736	0.2114	204.69	357.75	350.37
2026-05-07T21:28:03.7661157+08:00	0x05	0.0042	-0.0059	0.4819	0.8762	57.62	359.64	0.75
2026-05-07T21:28:03.8175448+08:00	0x08	-0.0028	-0.0265	-0.0030	0.9996	359.67	356.96	359.67
2026-05-07T21:28:03.9983359+08:00	0x04	-0.0106	-0.0171	-0.1962	0.9803	337.38	358.32	358.42
2026-05-07T21:28:04.0608845+08:00	0x07	0.3437	0.6135	-0.4140	0.5780	352.31	88.52	64.86
2026-05-07T21:28:04.1162846+08:00	0x01	-0.0316	-0.0644	-0.2675	0.9609	329.18	353.84	354.53
2026-05-07T21:28:04.1855359+08:00	0x02	0.0139	0.0013	-0.9566	0.2909	213.82	358.52	0.61
2026-05-07T21:28:04.3038718+08:00	0x03	-0.0032	-0.0172	0.3566	0.9341	41.78	358.02	0.36
2026-05-07T21:28:04.3823000+08:00	0x08	-0.0028	-0.0265	-0.0030	0.9996	359.67	356.96	359.67
2026-05-07T21:28:04.5422912+08:00	0x04	-0.0106	-0.0171	-0.1962	0.9803	337.38	358.32	358.42
2026-05-07T21:28:04.6803108+08:00	0x01	-0.0316	-0.0644	-0.2675	0.9609	329.18	353.84	354.53
2026-05-07T21:28:04.7217618+08:00	0x02	0.0139	0.0013	-0.9566	0.2909	213.82	358.52	0.61
2026-05-07T21:28:04.8547326+08:00	0x03	-0.0032	-0.0172	0.3566	0.9341	41.78	358.02	0.36
2026-05-07T21:28:04.9966384+08:00	0x08	-0.0028	-0.0265	-0.0030	0.9996	359.67	356.96	359.67
2026-05-07T21:28:05.0929636+08:00	0x04	-0.0106	-0.0171	-0.1962	0.9803	337.38	358.32	358.42
2026-05-07T21:28:05.1875767+08:00	0x01	-0.0316	-0.0644	-0.2675	0.9609	329.18	353.84	354.54
2026-05-07T21:28:05.2729436+08:00	0x02	0.0139	0.0013	-0.9566	0.2909	213.82	358.52	0.61
2026-05-07T21:28:05.3452123+08:00	0x09	0.0012	-0.0862	-0.9736	0.2114	204.69	357.75	350.36
2026-05-07T21:28:05.3931451+08:00	0x03	-0.0032	-0.0172	0.3566	0.9341	41.78	358.02	0.36
2026-05-07T21:28:05.4456018+08:00	0x08	-0.0028	-0.0265	-0.0030	0.9996	359.67	356.96	359.67
2026-05-07T21:28:05.6613639+08:00	0x04	-0.0106	-0.0171	-0.1962	0.9803	337.38	358.32	358.42
2026-05-07T21:28:05.7570335+08:00	0x07	0.3440	0.6137	-0.4148	0.5771	352.31	88.62	64.98
2026-05-07T21:28:05.8035218+08:00	0x02	0.0139	0.0013	-0.9566	0.2909	213.82	358.52	0.61
2026-05-07T21:28:05.8834723+08:00	0x09	0.0012	-0.0862	-0.9736	0.2114	204.69	357.75	350.36
2026-05-07T21:28:05.9697384+08:00	0x06	-0.7325	-0.0365	0.6784	0.0433	173.56	265.66	359.20
2026-05-07T21:28:06.0179600+08:00	0x03	-0.0033	-0.0173	0.3566	0.9341	41.78	358.02	0.36
2026-05-07T21:28:06.0408480+08:00	0x05	0.0042	-0.0060	0.4819	0.8762	57.62	359.64	0.75
2026-05-07T21:28:06.1960018+08:00	0x04	-0.0106	-0.0171	-0.1962	0.9803	337.38	358.32	358.42
2026-05-07T21:28:06.2867428+08:00	0x07	0.6645	-0.0317	-0.6824	0.3028	209.21	277.06	21.05
2026-05-07T21:28:06.4199747+08:00	0x06	-0.5963	0.1190	0.7774	-0.1613	203.12	285.11	0.42
2026-05-07T21:28:06.5079422+08:00	0x03	-0.0033	-0.0173	0.3566	0.9341	41.78	358.02	0.36
2026-05-07T21:28:06.7137715+08:00	0x04	-0.0106	-0.0171	-0.1962	0.9803	337.38	358.32	358.42
2026-05-07T21:28:06.8341912+08:00	0x07	0.6453	-0.1821	-0.7261	0.1524	207.22	275.81	356.11
2026-05-07T21:28:06.8894782+08:00	0x01	-0.0316	-0.0644	-0.2675	0.9609	329.18	353.84	354.53
2026-05-07T21:28:07.0004312+08:00	0x06	-0.5877	0.1188	0.7810	-0.1747	204.37	286.33	1.13
2026-05-07T21:28:07.0553259+08:00	0x09	0.0012	-0.0862	-0.9736	0.2114	204.69	357.75	350.36
2026-05-07T21:28:07.0947260+08:00	0x03	-0.0033	-0.0173	0.3566	0.9341	41.78	358.02	0.36
2026-05-07T21:28:07.1805230+08:00	0x04	-0.0106	-0.0171	-0.1962	0.9803	337.38	358.32	358.42
2026-05-07T21:28:07.3667312+08:00	0x07	0.6138	-0.2578	-0.7435	0.0630	205.52	276.85	342.18
2026-05-07T21:28:07.4483223+08:00	0x02	0.0139	0.0013	-0.9566	0.2909	213.82	358.52	0.61
2026-05-07T21:28:07.5035340+08:00	0x06	-0.5856	0.1156	0.7831	-0.1748	204.16	286.71	1.36
2026-05-07T21:28:07.6125897+08:00	0x03	-0.0033	-0.0172	0.3566	0.9341	41.78	358.02	0.36
2026-05-07T21:28:07.7494850+08:00	0x04	-0.0106	-0.0171	-0.1962	0.9803	337.38	358.32	358.42
2026-05-07T21:28:07.9304424+08:00	0x01	-0.0316	-0.0644	-0.2675	0.9609	329.18	353.84	354.53
2026-05-07T21:28:08.0190344+08:00	0x02	0.0139	0.0013	-0.9566	0.2909	213.82	358.52	0.61
2026-05-07T21:28:08.0995999+08:00	0x09	0.0012	-0.0862	-0.9736	0.2114	204.69	357.75	350.36
2026-05-07T21:28:08.1749914+08:00	0x03	-0.0032	-0.0173	0.3566	0.9341	41.78	358.02	0.36
2026-05-07T21:28:08.2134741+08:00	0x08	-0.0028	-0.0265	-0.0030	0.9996	359.67	356.96	359.67
2026-05-07T21:28:08.3044205+08:00	0x04	-0.0106	-0.0171	-0.1962	0.9803	337.38	358.32	358.42
2026-05-07T21:28:08.4429320+08:00	0x07	0.5812	-0.3073	-0.7535	-0.0053	203.30	278.83	332.01
2026-05-07T21:28:08.5296129+08:00	0x01	-0.0316	-0.0644	-0.2675	0.9609	329.18	353.84	354.53
2026-05-07T21:28:08.5694035+08:00	0x02	0.0139	0.0013	-0.9566	0.2909	213.82	358.52	0.61
2026-05-07T21:28:08.5908029+08:00	0x09	0.0012	-0.0862	-0.9736	0.2114	204.69	357.75	350.36
2026-05-07T21:28:08.6297613+08:00	0x06	-0.5925	0.1174	0.7766	-0.1789	204.66	285.68	1.69
2026-05-07T21:28:08.6958644+08:00	0x08	-0.0028	-0.0265	-0.0030	0.9996	359.67	356.96	359.67
2026-05-07T21:28:08.7229338+08:00	0x03	-0.0032	-0.0173	0.3566	0.9341	41.78	358.02	0.36
2026-05-07T21:28:08.8703685+08:00	0x04	-0.0106	-0.0171	-0.1962	0.9803	337.38	358.32	358.42
2026-05-07T21:28:08.9738370+08:00	0x07	0.5339	-0.3830	-0.7464	-0.1056	200.17	280.80	316.80
2026-05-07T21:28:09.1092612+08:00	0x01	-0.0316	-0.0644	-0.2675	0.9609	329.18	353.84	354.53
2026-05-07T21:28:09.1392798+08:00	0x02	0.0139	0.0013	-0.9566	0.2909	213.82	358.52	0.61
2026-05-07T21:28:09.2676137+08:00	0x03	-0.0032	-0.0172	0.3566	0.9341	41.78	358.02	0.36
2026-05-07T21:28:09.4911524+08:00	0x04	-0.0106	-0.0171	-0.1962	0.9803	337.38	358.32	358.42
2026-05-07T21:28:09.5254850+08:00	0x07	0.5266	-0.4175	-0.7292	-0.1294	202.10	278.35	311.83
2026-05-07T21:28:09.7020556+08:00	0x06	-0.6100	0.1226	0.7576	-0.1972	206.68	283.07	3.14
2026-05-07T21:28:09.7897997+08:00	0x03	-0.0032	-0.0172	0.3566	0.9341	41.78	358.02	0.36
2026-05-07T21:28:09.8378859+08:00	0x09	0.0012	-0.0862	-0.9736	0.2114	204.69	357.75	350.36
2026-05-07T21:28:09.9665177+08:00	0x04	-0.0106	-0.0171	-0.1962	0.9803	337.38	358.32	358.42
2026-05-07T21:28:10.1457967+08:00	0x09	0.0012	-0.0862	-0.9736	0.2114	204.69	357.75	350.36
2026-05-07T21:28:10.2370578+08:00	0x07	0.5182	-0.4120	-0.7397	-0.1206	201.49	280.48	312.73
2026-05-07T21:28:10.4195840+08:00	0x03	-0.0032	-0.0172	0.3566	0.9341	41.78	358.02	0.36
2026-05-07T21:28:10.5145943+08:00	0x04	-0.0106	-0.0171	-0.1962	0.9803	337.38	358.32	358.42
2026-05-07T21:28:10.6341524+08:00	0x07	0.5075	-0.4282	-0.7340	-0.1423	200.84	280.73	309.37
2026-05-07T21:28:10.6811222+08:00	0x09	0.0012	-0.0862	-0.9736	0.2114	204.69	357.75	350.36
2026-05-07T21:28:10.7926466+08:00	0x06	-0.6146	0.0872	0.7658	-0.1680	201.44	283.29	4.18
2026-05-07T21:28:10.9357438+08:00	0x03	-0.0032	-0.0172	0.3566	0.9341	41.78	358.02	0.36
2026-05-07T21:28:11.1471407+08:00	0x04	-0.0106	-0.0171	-0.1962	0.9803	337.38	358.32	358.42
2026-05-07T21:28:11.1794163+08:00	0x07	0.6801	-0.2605	-0.6551	-0.2011	186.61	265.58	322.06
2026-05-07T21:28:11.2154115+08:00	0x01	-0.0316	-0.0644	-0.2675	0.9609	329.19	353.84	354.53
2026-05-07T21:28:11.3646319+08:00	0x06	-0.6682	0.0277	0.7373	0.0956	173.95	276.14	350.30
2026-05-07T21:28:11.3968610+08:00	0x09	0.0012	-0.0862	-0.9736	0.2114	204.69	357.75	350.36
2026-05-07T21:28:11.4728473+08:00	0x03	-0.0032	-0.0172	0.3566	0.9341	41.78	358.02	0.36
2026-05-07T21:28:11.6256450+08:00	0x04	-0.0106	-0.0171	-0.1962	0.9803	337.38	358.32	358.42
2026-05-07T21:28:11.7063539+08:00	0x07	0.6686	-0.2412	-0.6285	-0.3157	173.80	269.13	313.49
2026-05-07T21:28:11.7551482+08:00	0x01	-0.0316	-0.0644	-0.2675	0.9609	329.19	353.84	354.53
2026-05-07T21:28:11.7887072+08:00	0x02	0.0139	0.0013	-0.9566	0.2909	213.82	358.52	0.61
2026-05-07T21:28:11.9529401+08:00	0x06	-0.7258	0.0029	0.6845	0.0679	174.88	266.91	354.11
2026-05-07T21:28:11.9998634+08:00	0x03	-0.0032	-0.0172	0.3566	0.9341	41.78	358.02	0.36
2026-05-07T21:28:12.1247120+08:00	0x04	-0.0106	-0.0171	-0.1962	0.9803	337.38	358.32	358.43
2026-05-07T21:28:12.3094903+08:00	0x07	0.6401	-0.3057	-0.5886	-0.3877	172.77	269.29	301.10
2026-05-07T21:28:12.3532664+08:00	0x09	0.0012	-0.0862	-0.9736	0.2114	204.69	357.75	350.37
2026-05-07T21:28:12.4514773+08:00	0x06	-0.7338	-0.0034	0.6761	0.0670	174.48	265.57	354.62
2026-05-07T21:28:12.5382438+08:00	0x03	-0.0033	-0.0172	0.3566	0.9341	41.78	358.02	0.36
2026-05-07T21:28:12.7097582+08:00	0x04	-0.0106	-0.0171	-0.1962	0.9803	337.38	358.32	358.42
2026-05-07T21:28:12.8336976+08:00	0x07	0.6223	-0.3370	-0.5709	-0.4161	172.56	269.77	295.48
2026-05-07T21:28:12.8759042+08:00	0x01	-0.0316	-0.0644	-0.2675	0.9609	329.18	353.84	354.54
2026-05-07T21:28:12.9051779+08:00	0x09	0.0012	-0.0862	-0.9736	0.2114	204.69	357.75	350.36
2026-05-07T21:28:13.0780432+08:00	0x03	-0.0033	-0.0172	0.3566	0.9341	41.78	358.02	0.36
2026-05-07T21:28:13.0908888+08:00	0x06	-0.7281	0.0033	0.6816	0.0728	174.54	266.53	353.65
2026-05-07T21:28:13.2711408+08:00	0x04	-0.0106	-0.0171	-0.1962	0.9803	337.38	358.32	358.42
2026-05-07T21:28:13.3798728+08:00	0x07	0.6043	-0.3612	-0.5629	-0.4330	172.05	271.35	291.57
2026-05-07T21:28:13.4342747+08:00	0x09	0.0012	-0.0862	-0.9736	0.2114	204.69	357.75	350.37
2026-05-07T21:28:13.4576416+08:00	0x01	-0.0316	-0.0644	-0.2675	0.9609	329.19	353.84	354.53
2026-05-07T21:28:13.5426412+08:00	0x06	-0.7214	0.0150	0.6881	0.0769	175.13	267.61	352.44
2026-05-07T21:28:13.6121222+08:00	0x03	-0.0032	-0.0173	0.3566	0.9341	41.78	358.02	0.36
2026-05-07T21:28:13.7856430+08:00	0x04	-0.0106	-0.0171	-0.1962	0.9803	337.38	358.32	358.42
2026-05-07T21:28:13.9510225+08:00	0x02	0.0139	0.0013	-0.9566	0.2909	213.82	358.52	0.61
2026-05-07T21:28:13.9867174+08:00	0x09	0.0012	-0.0862	-0.9736	0.2114	204.69	357.75	350.36
2026-05-07T21:28:14.0375486+08:00	0x06	-0.7921	0.0878	0.6033	0.0281	186.11	254.13	351.35
2026-05-07T21:28:14.1451262+08:00	0x07	0.6715	-0.4552	-0.4896	-0.3196	218.04	229.22	298.96
2026-05-07T21:28:14.2502118+08:00	0x05	0.0042	-0.0059	0.4819	0.8762	57.62	359.64	0.75
2026-05-07T21:28:14.5062927+08:00	0x09	0.0012	-0.0862	-0.9736	0.2114	204.69	357.75	350.36
2026-05-07T21:28:14.5479822+08:00	0x02	0.0139	0.0013	-0.9566	0.2909	213.82	358.52	0.61
2026-05-07T21:28:14.5853023+08:00	0x04	-0.0106	-0.0171	-0.1962	0.9803	337.38	358.32	358.42
2026-05-07T21:28:14.6936663+08:00	0x01	-0.0316	-0.0644	-0.2675	0.9609	329.18	353.84	354.54
2026-05-07T21:28:14.7373365+08:00	0x08	-0.0029	-0.0266	-0.0030	0.9996	359.67	356.96	359.66
2026-05-07T21:28:14.9903161+08:00	0x09	0.0012	-0.0862	-0.9736	0.2114	204.69	357.75	350.36
2026-05-07T21:28:15.1043705+08:00	0x06	-0.8143	0.0504	0.5701	-0.0966	191.14	250.55	5.73
2026-05-07T21:28:15.1587868+08:00	0x04	-0.0106	-0.0171	-0.1962	0.9803	337.38	358.32	358.42
2026-05-07T21:28:15.1877959+08:00	0x01	-0.0316	-0.0644	-0.2675	0.9609	329.18	353.84	354.54
2026-05-07T21:28:15.2903726+08:00	0x03	-0.0032	-0.0173	0.3566	0.9341	41.78	358.02	0.36
2026-05-07T21:28:15.3078277+08:00	0x08	-0.0029	-0.0265	-0.0030	0.9996	359.67	356.96	359.66
2026-05-07T21:28:15.4708561+08:00	0x04	-0.0106	-0.0171	-0.1962	0.9803	337.38	358.32	358.42
2026-05-07T21:28:15.5201687+08:00	0x02	0.0139	0.0013	-0.9566	0.2909	213.82	358.52	0.61
2026-05-07T21:28:15.6007016+08:00	0x07	0.6274	-0.5464	-0.4845	-0.2702	238.78	219.12	299.71
2026-05-07T21:28:15.7091058+08:00	0x01	-0.0316	-0.0644	-0.2675	0.9609	329.18	353.84	354.54
2026-05-07T21:28:15.8141829+08:00	0x03	-0.0032	-0.0173	0.3566	0.9341	41.78	358.02	0.36
2026-05-07T21:28:15.9304530+08:00	0x04	-0.0106	-0.0171	-0.1962	0.9803	337.38	358.32	358.42
2026-05-07T21:28:16.0999984+08:00	0x02	0.0139	0.0014	-0.9566	0.2909	213.82	358.52	0.61
2026-05-07T21:28:16.1346307+08:00	0x09	0.0012	-0.0862	-0.9736	0.2114	204.69	357.75	350.37
2026-05-07T21:28:16.1876214+08:00	0x01	-0.0316	-0.0644	-0.2675	0.9609	329.18	353.84	354.54
2026-05-07T21:28:16.2266169+08:00	0x06	-0.8147	0.0396	0.5557	-0.1607	194.42	250.20	12.59
2026-05-07T21:28:16.3840433+08:00	0x03	-0.0032	-0.0173	0.3566	0.9341	41.78	358.02	0.36
2026-05-07T21:28:16.4240235+08:00	0x08	-0.0029	-0.0265	-0.0030	0.9996	359.67	356.96	359.66
2026-05-07T21:28:16.4546590+08:00	0x04	-0.0106	-0.0171	-0.1962	0.9803	337.38	358.32	358.42
2026-05-07T21:28:16.4936213+08:00	0x05	0.0042	-0.0059	0.4819	0.8762	57.62	359.64	0.75
2026-05-07T21:28:16.7014108+08:00	0x07	0.6046	-0.5692	-0.5020	-0.2420	242.18	221.18	300.23
2026-05-07T21:28:16.7848692+08:00	0x06	-0.8101	0.0337	0.5593	-0.1726	194.79	251.07	14.00
2026-05-07T21:28:16.8842573+08:00	0x03	-0.0032	-0.0173	0.3566	0.9341	41.78	358.02	0.36
2026-05-07T21:28:16.9516580+08:00	0x08	-0.0029	-0.0265	-0.0030	0.9996	359.67	356.96	359.66
2026-05-07T21:28:17.0485027+08:00	0x04	-0.0106	-0.0171	-0.1962	0.9803	337.38	358.32	358.42
2026-05-07T21:28:17.2211697+08:00	0x02	0.0139	0.0013	-0.9566	0.2909	213.82	358.52	0.61
2026-05-07T21:28:17.4281614+08:00	0x03	-0.0032	-0.0173	0.3566	0.9341	41.78	358.02	0.36
2026-05-07T21:28:17.4654295+08:00	0x08	-0.0029	-0.0266	-0.0030	0.9996	359.67	356.96	359.66
2026-05-07T21:28:17.6387821+08:00	0x04	-0.0106	-0.0171	-0.1962	0.9803	337.38	358.32	358.42
2026-05-07T21:28:17.7437470+08:00	0x01	-0.0316	-0.0644	-0.2675	0.9609	329.19	353.84	354.53
2026-05-07T21:28:17.8609300+08:00	0x06	-0.8093	0.0254	0.5687	-0.1449	192.15	251.46	11.87
2026-05-07T21:28:17.9276776+08:00	0x03	-0.0032	-0.0173	0.3566	0.9341	41.78	358.02	0.36
2026-05-07T21:28:18.0314413+08:00	0x08	-0.0029	-0.0266	-0.0030	0.9996	359.67	356.96	359.66
2026-05-07T21:28:18.1162736+08:00	0x04	-0.0106	-0.0171	-0.1962	0.9803	337.38	358.32	358.42
2026-05-07T21:28:18.3210072+08:00	0x07	0.5937	-0.5845	-0.4692	-0.2927	250.89	208.97	296.34
2026-05-07T21:28:18.3815308+08:00	0x09	0.0012	-0.0862	-0.9736	0.2114	204.69	357.75	350.37
2026-05-07T21:28:18.4556499+08:00	0x03	-0.0033	-0.0173	0.3566	0.9341	41.78	358.02	0.36
2026-05-07T21:28:18.5590609+08:00	0x08	-0.0029	-0.0265	-0.0030	0.9996	359.67	356.96	359.66
2026-05-07T21:28:18.6874111+08:00	0x04	-0.0106	-0.0171	-0.1962	0.9803	337.38	358.32	358.42
2026-05-07T21:28:18.8587564+08:00	0x07	0.5919	-0.5816	-0.4701	-0.3007	250.63	208.74	295.47
2026-05-07T21:28:18.8804645+08:00	0x01	-0.0316	-0.0644	-0.2675	0.9609	329.18	353.84	354.54
2026-05-07T21:28:18.9658792+08:00	0x02	0.0139	0.0013	-0.9566	0.2909	213.82	358.52	0.61
2026-05-07T21:28:19.0554807+08:00	0x03	-0.0033	-0.0173	0.3566	0.9341	41.78	358.02	0.36
2026-05-07T21:28:19.0963035+08:00	0x06	-0.8040	0.0142	0.5782	-0.1377	190.72	252.56	11.83
2026-05-07T21:28:19.1666290+08:00	0x08	-0.0029	-0.0265	-0.0030	0.9996	359.67	356.96	359.66
2026-05-07T21:28:19.2078247+08:00	0x04	-0.0106	-0.0171	-0.1962	0.9803	337.38	358.32	358.42
2026-05-07T21:28:19.3509874+08:00	0x07	0.5906	-0.5822	-0.4704	-0.3016	250.86	208.58	295.32
2026-05-07T21:28:19.4316739+08:00	0x09	0.0012	-0.0862	-0.9736	0.2114	204.69	357.74	350.37
2026-05-07T21:28:19.4703292+08:00	0x02	0.0139	0.0013	-0.9566	0.2909	213.82	358.52	0.61
2026-05-07T21:28:19.5876381+08:00	0x06	-0.8012	0.0077	0.5816	-0.1405	190.37	253.09	12.49
2026-05-07T21:28:19.6412158+08:00	0x03	-0.0032	-0.0173	0.3566	0.9341	41.78	358.02	0.36
2026-05-07T21:28:19.7715792+08:00	0x04	-0.0106	-0.0171	-0.1962	0.9803	337.38	358.32	358.42
2026-05-07T21:28:19.8585572+08:00	0x07	0.5898	-0.5848	-0.4668	-0.3037	252.05	207.24	295.28
2026-05-07T21:28:19.9388267+08:00	0x01	-0.0316	-0.0644	-0.2675	0.9609	329.19	353.84	354.53
2026-05-07T21:28:19.9785720+08:00	0x09	0.0012	-0.0862	-0.9736	0.2114	204.69	357.74	350.37
2026-05-07T21:28:20.0492319+08:00	0x02	0.0139	0.0013	-0.9566	0.2909	213.82	358.52	0.61
2026-05-07T21:28:20.1262537+08:00	0x03	-0.0032	-0.0173	0.3566	0.9341	41.78	358.02	0.36
2026-05-07T21:28:20.2338808+08:00	0x08	-0.0028	-0.0265	-0.0030	0.9996	359.67	356.96	359.67
2026-05-07T21:28:20.3038722+08:00	0x04	-0.0106	-0.0171	-0.1962	0.9803	337.38	358.32	358.42
2026-05-07T21:28:20.4517316+08:00	0x07	0.5990	-0.5767	-0.4692	-0.2975	249.02	209.78	296.16
2026-05-07T21:28:20.5055269+08:00	0x09	0.0012	-0.0862	-0.9736	0.2114	204.69	357.74	350.37
2026-05-07T21:28:20.6024362+08:00	0x03	-0.0032	-0.0173	0.3566	0.9341	41.78	358.02	0.36
2026-05-07T21:28:20.6295811+08:00	0x02	0.0139	0.0013	-0.9566	0.2909	213.82	358.52	0.61
2026-05-07T21:28:20.6986172+08:00	0x08	-0.0029	-0.0265	-0.0030	0.9996	359.67	356.96	359.66
2026-05-07T21:28:20.8888256+08:00	0x04	-0.0106	-0.0171	-0.1962	0.9803	337.38	358.32	358.42
2026-05-07T21:28:20.9355634+08:00	0x07	0.5965	-0.5762	-0.4688	-0.3039	249.41	209.09	295.47
2026-05-07T21:28:21.0250444+08:00	0x09	0.0012	-0.0862	-0.9736	0.2114	204.69	357.75	350.37
2026-05-07T21:28:21.1885852+08:00	0x03	-0.0032	-0.0173	0.3566	0.9341	41.78	358.02	0.36
2026-05-07T21:28:21.3307414+08:00	0x08	-0.0029	-0.0265	-0.0030	0.9996	359.67	356.96	359.66
2026-05-07T21:28:21.3945042+08:00	0x04	-0.0106	-0.0171	-0.1962	0.9803	337.38	358.32	358.42
2026-05-07T21:28:21.5401444+08:00	0x07	0.6093	-0.5724	-0.4586	-0.3013	248.84	208.26	296.85
2026-05-07T21:28:21.6147885+08:00	0x09	0.0012	-0.0862	-0.9736	0.2114	204.69	357.75	350.37
2026-05-07T21:28:21.7263062+08:00	0x02	0.0139	0.0013	-0.9566	0.2909	213.82	358.52	0.61
2026-05-07T21:28:21.7503933+08:00	0x03	-0.0032	-0.0173	0.3566	0.9341	41.78	358.02	0.36
2026-05-07T21:28:21.9725700+08:00	0x04	-0.0106	-0.0170	-0.1962	0.9804	337.38	358.32	358.42
2026-05-07T21:28:22.0127061+08:00	0x07	0.6053	-0.5785	-0.4513	-0.3087	251.61	205.21	296.38
2026-05-07T21:28:22.0673875+08:00	0x01	-0.0316	-0.0644	-0.2675	0.9609	329.19	353.84	354.53
2026-05-07T21:28:22.1628314+08:00	0x09	0.0012	-0.0862	-0.9736	0.2114	204.69	357.75	350.37
2026-05-07T21:28:22.2457918+08:00	0x02	0.0139	0.0013	-0.9566	0.2909	213.82	358.52	0.61
2026-05-07T21:28:22.2743629+08:00	0x03	-0.0032	-0.0173	0.3566	0.9341	41.78	358.02	0.36
2026-05-07T21:28:22.3536598+08:00	0x08	-0.0029	-0.0265	-0.0030	0.9996	359.67	356.96	359.66
2026-05-07T21:28:22.4598378+08:00	0x04	-0.0106	-0.0170	-0.1962	0.9804	337.38	358.32	358.42
2026-05-07T21:28:22.5990263+08:00	0x07	0.6015	-0.5775	-0.4515	-0.3177	252.16	204.29	295.37
2026-05-07T21:28:22.6940109+08:00	0x09	0.0012	-0.0862	-0.9736	0.2114	204.69	357.75	350.37
2026-05-07T21:28:22.8298467+08:00	0x03	-0.0032	-0.0173	0.3566	0.9341	41.78	358.02	0.36
2026-05-07T21:28:22.8939352+08:00	0x08	-0.0029	-0.0265	-0.0030	0.9996	359.67	356.96	359.66
2026-05-07T21:28:23.0531576+08:00	0x04	-0.0106	-0.0170	-0.1962	0.9804	337.38	358.32	358.42
2026-05-07T21:28:23.0946252+08:00	0x07	0.5928	-0.5712	-0.4608	-0.3317	251.06	205.22	293.13
2026-05-07T21:28:23.1614662+08:00	0x01	-0.0316	-0.0644	-0.2675	0.9609	329.19	353.84	354.53
2026-05-07T21:28:23.2395476+08:00	0x09	0.0012	-0.0862	-0.9736	0.2114	204.69	357.75	350.37
2026-05-07T21:28:23.3336128+08:00	0x02	0.0139	0.0013	-0.9566	0.2909	213.82	358.52	0.61
2026-05-07T21:28:23.3816778+08:00	0x03	-0.0032	-0.0173	0.3566	0.9341	41.78	358.02	0.36
2026-05-07T21:28:23.4672777+08:00	0x08	-0.0029	-0.0265	-0.0030	0.9996	359.67	356.96	359.66
2026-05-07T21:28:23.5318315+08:00	0x04	-0.0106	-0.0171	-0.1962	0.9804	337.38	358.32	358.43
2026-05-07T21:28:23.6746551+08:00	0x07	0.5247	-0.5119	-0.4430	-0.5162	305.51	139.56	275.62
2026-05-07T21:28:23.8282698+08:00	0x09	0.0012	-0.0862	-0.9736	0.2114	204.69	357.75	350.36
2026-05-07T21:28:23.8817947+08:00	0x03	-0.0032	-0.0173	0.3566	0.9341	41.78	358.02	0.36
2026-05-07T21:28:23.9780232+08:00	0x08	-0.0029	-0.0265	-0.0030	0.9996	359.67	356.96	359.66
2026-05-07T21:28:24.1424749+08:00	0x04	-0.0106	-0.0170	-0.1962	0.9804	337.38	358.32	358.43
2026-05-07T21:28:24.2468972+08:00	0x01	-0.0316	-0.0644	-0.2675	0.9609	329.18	353.84	354.53
2026-05-07T21:28:24.2701105+08:00	0x07	0.4649	-0.5241	-0.4019	-0.5896	356.89	85.69	284.19
2026-05-07T21:28:24.3251490+08:00	0x09	0.0012	-0.0862	-0.9736	0.2114	204.69	357.75	350.36
2026-05-07T21:28:24.4199025+08:00	0x03	-0.0032	-0.0173	0.3566	0.9341	41.78	358.02	0.36
2026-05-07T21:28:24.5351045+08:00	0x08	-0.0029	-0.0265	-0.0030	0.9996	359.67	356.96	359.66
2026-05-07T21:28:24.6037431+08:00	0x06	-0.7263	0.0165	0.6814	0.0888	174.37	266.78	351.29
2026-05-07T21:28:24.6327159+08:00	0x05	0.0042	-0.0060	0.4819	0.8762	57.62	359.64	0.75
2026-05-07T21:28:24.6753800+08:00	0x04	-0.0106	-0.0170	-0.1962	0.9804	337.38	358.32	358.42
2026-05-07T21:28:24.8085771+08:00	0x07	0.4019	-0.5788	-0.3174	-0.6347	352.53	89.16	298.66
2026-05-07T21:28:24.8483337+08:00	0x01	-0.0316	-0.0644	-0.2675	0.9609	329.18	353.84	354.53
2026-05-07T21:28:24.9052939+08:00	0x09	0.0012	-0.0862	-0.9736	0.2114	204.69	357.75	350.36
2026-05-07T21:28:24.9866805+08:00	0x02	0.0139	0.0014	-0.9566	0.2909	213.82	358.52	0.62
2026-05-07T21:28:25.0377325+08:00	0x03	-0.0032	-0.0173	0.3566	0.9341	41.78	358.02	0.36
2026-05-07T21:28:25.1092110+08:00	0x08	-0.0029	-0.0265	-0.0030	0.9996	359.67	356.96	359.66
2026-05-07T21:28:25.2045073+08:00	0x04	-0.0106	-0.0170	-0.1962	0.9804	337.38	358.32	358.42
2026-05-07T21:28:25.4347142+08:00	0x01	-0.0316	-0.0644	-0.2675	0.9609	329.18	353.84	354.53
2026-05-07T21:28:25.5177738+08:00	0x03	-0.0032	-0.0173	0.3566	0.9341	41.78	358.02	0.36
2026-05-07T21:28:25.6417918+08:00	0x08	-0.0028	-0.0265	-0.0030	0.9996	359.67	356.96	359.67
2026-05-07T21:28:25.7185077+08:00	0x04	-0.0106	-0.0171	-0.1962	0.9803	337.38	358.32	358.42
2026-05-07T21:28:25.9357038+08:00	0x01	-0.0316	-0.0644	-0.2675	0.9609	329.18	353.84	354.53
2026-05-07T21:28:25.9537083+08:00	0x07	0.4039	-0.5773	-0.3200	-0.6335	352.60	89.11	298.22
2026-05-07T21:28:25.9829581+08:00	0x09	0.0012	-0.0862	-0.9736	0.2114	204.69	357.74	350.37
2026-05-07T21:28:26.0215453+08:00	0x03	-0.0032	-0.0173	0.3566	0.9341	41.78	358.02	0.36
2026-05-07T21:28:26.2024166+08:00	0x06	-0.7226	0.0331	0.6811	0.1135	173.72	267.28	347.93
2026-05-07T21:28:26.2321113+08:00	0x08	-0.0028	-0.0265	-0.0030	0.9996	359.67	356.96	359.67
2026-05-07T21:28:26.4864527+08:00	0x01	-0.0316	-0.0644	-0.2675	0.9609	329.19	353.84	354.53
2026-05-07T21:28:26.6160370+08:00	0x03	-0.0033	-0.0173	0.3566	0.9341	41.78	358.02	0.36
2026-05-07T21:28:26.7417731+08:00	0x08	-0.0028	-0.0265	-0.0030	0.9996	359.67	356.96	359.67
2026-05-07T21:28:26.8031724+08:00	0x04	-0.0106	-0.0171	-0.1962	0.9804	337.38	358.32	358.43
2026-05-07T21:28:27.0330738+08:00	0x01	-0.0316	-0.0644	-0.2675	0.9609	329.19	353.84	354.53
2026-05-07T21:28:27.0590418+08:00	0x09	0.0012	-0.0862	-0.9736	0.2114	204.69	357.74	350.37
2026-05-07T21:28:27.1073435+08:00	0x03	-0.0032	-0.0173	0.3566	0.9341	41.78	358.02	0.36
2026-05-07T21:28:27.1339685+08:00	0x02	0.0139	0.0013	-0.9566	0.2909	213.82	358.52	0.61
2026-05-07T21:28:27.2177110+08:00	0x08	-0.0028	-0.0265	-0.0030	0.9996	359.67	356.96	359.67
2026-05-07T21:28:27.3750765+08:00	0x04	-0.0106	-0.0171	-0.1962	0.9804	337.38	358.32	358.43
2026-05-07T21:28:27.4813355+08:00	0x05	0.0042	-0.0059	0.4819	0.8762	57.62	359.64	0.75
2026-05-07T21:28:27.5400470+08:00	0x07	0.4132	-0.7490	-0.2481	-0.4546	323.70	134.23	311.64
2026-05-07T21:28:27.6402921+08:00	0x02	0.0139	0.0013	-0.9566	0.2909	213.82	358.52	0.61
2026-05-07T21:28:27.6545004+08:00	0x03	-0.0032	-0.0173	0.3566	0.9341	41.78	358.02	0.36
2026-05-07T21:28:27.7037394+08:00	0x09	0.0012	-0.0862	-0.9736	0.2114	204.69	357.74	350.37
2026-05-07T21:28:27.7647057+08:00	0x06	-0.8167	0.0764	0.5714	0.0280	185.37	249.60	352.35
2026-05-07T21:28:27.8008933+08:00	0x08	-0.0029	-0.0265	-0.0030	0.9996	359.67	356.96	359.66
2026-05-07T21:28:27.9710061+08:00	0x04	-0.0106	-0.0171	-0.1962	0.9804	337.38	358.32	358.43
2026-05-07T21:28:28.0434111+08:00	0x01	-0.0316	-0.0644	-0.2675	0.9609	329.18	353.84	354.53
2026-05-07T21:28:28.1301004+08:00	0x07	0.4196	-0.7511	-0.2369	-0.4513	322.12	135.09	312.73
2026-05-07T21:28:28.1953663+08:00	0x03	-0.0032	-0.0173	0.3566	0.9341	41.78	358.02	0.36
2026-05-07T21:28:28.3492759+08:00	0x09	0.0012	-0.0862	-0.9736	0.2114	204.69	357.74	350.37
2026-05-07T21:28:28.4747017+08:00	0x04	-0.0106	-0.0171	-0.1962	0.9804	337.38	358.32	358.43
2026-05-07T21:28:28.6194125+08:00	0x07	0.4267	-0.7475	-0.2405	-0.4487	320.94	135.98	312.06
2026-05-07T21:28:28.7158961+08:00	0x03	-0.0032	-0.0173	0.3566	0.9341	41.78	358.02	0.36
2026-05-07T21:28:28.7465591+08:00	0x09	0.0012	-0.0862	-0.9736	0.2114	204.69	357.74	350.37
2026-05-07T21:28:28.8472108+08:00	0x06	-0.8214	0.0639	0.5663	0.0230	184.56	248.91	353.68
2026-05-07T21:28:28.9417166+08:00	0x04	-0.0106	-0.0171	-0.1962	0.9803	337.38	358.32	358.42
2026-05-07T21:28:29.1430837+08:00	0x07	0.4378	-0.7407	-0.2430	-0.4479	319.16	136.85	311.23
2026-05-07T21:28:29.2238467+08:00	0x09	0.0012	-0.0862	-0.9736	0.2114	204.69	357.74	350.37
2026-05-07T21:28:29.3181716+08:00	0x03	-0.0033	-0.0173	0.3566	0.9341	41.78	358.02	0.36
2026-05-07T21:28:29.4216525+08:00	0x02	0.0139	0.0014	-0.9566	0.2909	213.82	358.52	0.61
2026-05-07T21:28:29.4832568+08:00	0x04	-0.0106	-0.0171	-0.1962	0.9803	337.38	358.32	358.42
2026-05-07T21:28:29.5171910+08:00	0x08	-0.0029	-0.0265	-0.0030	0.9996	359.67	356.96	359.66
2026-05-07T21:28:29.6797478+08:00	0x07	0.4461	-0.7366	-0.2455	-0.4452	317.67	137.88	310.64
2026-05-07T21:28:29.7319976+08:00	0x01	-0.0316	-0.0644	-0.2675	0.9609	329.19	353.84	354.53
2026-05-07T21:28:29.8125006+08:00	0x09	0.0012	-0.0862	-0.9736	0.2114	204.69	357.74	350.37
2026-05-07T21:28:29.9338435+08:00	0x02	0.0139	0.0013	-0.9566	0.2909	213.82	358.52	0.61
2026-05-07T21:28:30.0401448+08:00	0x04	-0.0106	-0.0171	-0.1962	0.9803	337.38	358.32	358.42
2026-05-07T21:28:30.0755951+08:00	0x06	-0.8237	0.0611	0.5632	0.0254	184.16	248.49	353.64
2026-05-07T21:28:30.2304668+08:00	0x07	0.4503	-0.7345	-0.2461	-0.4439	316.89	138.39	310.41
2026-05-07T21:28:30.2791709+08:00	0x01	-0.0316	-0.0644	-0.2675	0.9609	329.19	353.84	354.53
2026-05-07T21:28:30.3392598+08:00	0x09	0.0012	-0.0862	-0.9736	0.2114	204.69	357.74	350.37
2026-05-07T21:28:30.3927421+08:00	0x03	-0.0033	-0.0173	0.3566	0.9341	41.78	358.02	0.36
2026-05-07T21:28:30.5103687+08:00	0x02	0.0139	0.0013	-0.9566	0.2909	213.82	358.52	0.61
2026-05-07T21:28:30.5612556+08:00	0x04	-0.0106	-0.0171	-0.1962	0.9803	337.38	358.32	358.42
2026-05-07T21:28:30.7633547+08:00	0x07	0.4624	-0.7285	-0.2525	-0.4378	314.50	140.41	309.39
2026-05-07T21:28:30.8196046+08:00	0x01	-0.0316	-0.0644	-0.2675	0.9609	329.18	353.84	354.53
2026-05-07T21:28:30.8812385+08:00	0x09	0.0012	-0.0862	-0.9736	0.2114	204.69	357.74	350.37
2026-05-07T21:28:30.9482684+08:00	0x03	-0.0032	-0.0173	0.3566	0.9341	41.78	358.02	0.36
2026-05-07T21:28:31.0883415+08:00	0x02	0.0139	0.0013	-0.9566	0.2909	213.82	358.52	0.61
2026-05-07T21:28:31.1223552+08:00	0x04	-0.0106	-0.0170	-0.1962	0.9804	337.38	358.32	358.42
2026-05-07T21:28:31.3593708+08:00	0x07	0.5917	-0.6172	-0.3429	-0.3890	277.94	170.85	297.92
2026-05-07T21:28:31.4231516+08:00	0x09	0.0012	-0.0862	-0.9736	0.2114	204.69	357.74	350.37
2026-05-07T21:28:31.5326799+08:00	0x03	-0.0032	-0.0173	0.3566	0.9341	41.78	358.02	0.36
2026-05-07T21:28:31.6190858+08:00	0x02	0.0139	0.0013	-0.9566	0.2909	213.82	358.52	0.61
2026-05-07T21:28:31.7221890+08:00	0x06	-0.6896	-0.0399	0.7227	0.0236	174.89	272.62	1.43
2026-05-07T21:28:31.7380349+08:00	0x08	-0.0028	-0.0266	-0.0030	0.9996	359.67	356.96	359.67
2026-05-07T21:28:31.9176782+08:00	0x01	-0.0316	-0.0644	-0.2675	0.9609	329.18	353.84	354.53
2026-05-07T21:28:31.9594275+08:00	0x09	0.0012	-0.0862	-0.9736	0.2114	204.69	357.74	350.37
2026-05-07T21:28:32.0648479+08:00	0x03	-0.0032	-0.0173	0.3566	0.9341	41.78	358.02	0.36
2026-05-07T21:28:32.0971212+08:00	0x07	0.4263	-0.4952	-0.4101	-0.6363	18.39	62.47	288.44
2026-05-07T21:28:32.1760312+08:00	0x02	0.0139	0.0013	-0.9566	0.2909	213.82	358.52	0.61
2026-05-07T21:28:32.4279233+08:00	0x07	0.3856	-0.5312	-0.3345	-0.6762	5.10	73.29	298.73
2026-05-07T21:28:32.4999432+08:00	0x09	0.0012	-0.0862	-0.9736	0.2114	204.69	357.74	350.37
2026-05-07T21:28:32.6073066+08:00	0x03	-0.0032	-0.0173	0.3566	0.9341	41.78	358.02	0.36
2026-05-07T21:28:32.6962585+08:00	0x02	0.0139	0.0013	-0.9566	0.2909	213.82	358.52	0.61
2026-05-07T21:28:32.7384556+08:00	0x08	-0.0028	-0.0266	-0.0030	0.9996	359.67	356.96	359.67
2026-05-07T21:28:32.9903440+08:00	0x01	-0.0316	-0.0644	-0.2675	0.9609	329.18	353.84	354.53
2026-05-07T21:28:33.0187194+08:00	0x07	0.3230	-0.5796	-0.2466	-0.7064	357.77	79.73	312.09
2026-05-07T21:28:33.0662153+08:00	0x03	-0.0033	-0.0173	0.3566	0.9341	41.78	358.02	0.36
2026-05-07T21:28:33.2472404+08:00	0x08	-0.0028	-0.0266	-0.0030	0.9996	359.67	356.96	359.67
2026-05-07T21:28:33.2635314+08:00	0x05	0.0042	-0.0060	0.4819	0.8762	57.62	359.64	0.75
2026-05-07T21:28:33.5510701+08:00	0x07	0.2749	-0.6042	-0.1903	-0.7233	355.81	81.22	321.13
2026-05-07T21:28:33.5835143+08:00	0x01	-0.0316	-0.0644	-0.2675	0.9609	329.18	353.84	354.53
2026-05-07T21:28:33.6593231+08:00	0x03	-0.0033	-0.0173	0.3566	0.9341	41.78	358.02	0.36
2026-05-07T21:28:33.7483502+08:00	0x02	0.0139	0.0014	-0.9566	0.2909	213.82	358.52	0.61
2026-05-07T21:28:33.8319331+08:00	0x08	-0.0028	-0.0265	-0.0030	0.9996	359.67	356.96	359.67
2026-05-07T21:28:34.0544585+08:00	0x01	-0.0316	-0.0644	-0.2675	0.9609	329.18	353.84	354.53
2026-05-07T21:28:34.1153063+08:00	0x09	0.0012	-0.0862	-0.9736	0.2114	204.69	357.75	350.37
2026-05-07T21:28:34.2066136+08:00	0x03	-0.0033	-0.0173	0.3566	0.9341	41.78	358.02	0.36
2026-05-07T21:28:34.3853656+08:00	0x04	-0.0106	-0.0171	-0.1962	0.9804	337.38	358.32	358.43
2026-05-07T21:28:34.6268748+08:00	0x07	0.2096	-0.6334	-0.1148	-0.7360	353.77	82.92	333.00
2026-05-07T21:28:34.7364139+08:00	0x09	0.0012	-0.0862	-0.9736	0.2114	204.69	357.75	350.37
2026-05-07T21:31:11.2334334+08:00	0x04	-0.0106	-0.0171	-0.1962	0.9804	337.38	358.32	358.43
2026-05-07T21:31:11.2334334+08:00	0x07	0.1904	-0.6706	-0.0602	-0.7144	349.57	88.29	339.34
2026-05-07T21:31:11.2334334+08:00	0x09	0.0012	-0.0862	-0.9736	0.2114	204.69	357.75	350.37
2026-05-07T21:31:11.2334334+08:00	0x03	-0.0033	-0.0173	0.3566	0.9341	41.78	358.02	0.36
2026-05-07T21:31:11.2334334+08:00	0x02	0.0139	0.0013	-0.9566	0.2909	213.82	358.52	0.61
2026-05-07T21:31:11.2334334+08:00	0x04	-0.0106	-0.0171	-0.1962	0.9804	337.38	358.32	358.43
2026-05-07T21:31:11.2334334+08:00	0x06	-0.6608	-0.1505	0.7341	-0.0425	171.84	274.86	16.09
2026-05-07T21:31:11.2334334+08:00	0x01	-0.0316	-0.0644	-0.2675	0.9609	329.18	353.84	354.53
2026-05-07T21:31:11.2334334+08:00	0x08	-0.0028	-0.0265	-0.0030	0.9996	359.67	356.96	359.67
2026-05-07T21:31:11.2334334+08:00	0x07	0.1802	-0.8329	-0.0268	-0.5226	343.75	117.72	346.53
2026-05-07T21:31:11.2334334+08:00	0x03	-0.0033	-0.0173	0.3566	0.9341	41.78	358.02	0.36
2026-05-07T21:31:11.2334334+08:00	0x04	-0.0106	-0.0171	-0.1962	0.9804	337.38	358.32	358.43
2026-05-07T21:31:11.2334334+08:00	0x08	-0.0028	-0.0265	-0.0030	0.9996	359.67	356.96	359.67
2026-05-07T21:31:11.2334334+08:00	0x09	0.0012	-0.0862	-0.9736	0.2114	204.69	357.75	350.36
2026-05-07T21:31:11.2334334+08:00	0x03	-0.0033	-0.0173	0.3566	0.9341	41.78	358.02	0.36
2026-05-07T21:31:11.2334334+08:00	0x02	0.0139	0.0013	-0.9566	0.2909	213.82	358.52	0.61
2026-05-07T21:31:11.2334334+08:00	0x08	-0.0029	-0.0265	-0.0030	0.9996	359.67	356.96	359.66
2026-05-07T21:31:11.2334334+08:00	0x07	0.1806	-0.8288	-0.0278	-0.5289	343.86	116.87	346.28
2026-05-07T21:31:11.2334334+08:00	0x08	-0.0028	-0.0265	-0.0030	0.9996	359.67	356.96	359.67
2026-05-07T21:31:11.2334334+08:00	0x03	-0.0033	-0.0173	0.3566	0.9341	41.78	358.02	0.36
2026-05-07T21:31:11.2334334+08:00	0x01	-0.0316	-0.0644	-0.2675	0.9609	329.18	353.84	354.53
2026-05-07T21:31:11.2334334+08:00	0x04	-0.0106	-0.0171	-0.1962	0.9804	337.38	358.32	358.43
2026-05-07T21:31:11.2334334+08:00	0x06	-0.6618	-0.1472	0.7340	-0.0406	171.92	274.81	15.65
2026-05-07T21:31:11.2334334+08:00	0x08	-0.0028	-0.0265	-0.0030	0.9996	359.67	356.96	359.67
2026-05-07T21:31:11.2334334+08:00	0x09	0.0012	-0.0862	-0.9736	0.2114	204.69	357.75	350.36
2026-05-07T21:31:11.2334334+08:00	0x01	-0.0316	-0.0644	-0.2675	0.9609	329.18	353.84	354.53
2026-05-07T21:31:11.2334334+08:00	0x03	-0.0033	-0.0173	0.3566	0.9341	41.78	358.02	0.36
2026-05-07T21:31:11.2334334+08:00	0x02	0.0139	0.0013	-0.9566	0.2909	213.82	358.51	0.60
2026-05-07T21:31:11.2344709+08:00	0x08	-0.0028	-0.0265	-0.0030	0.9996	359.67	356.96	359.67
2026-05-07T21:31:11.2344709+08:00	0x08	-0.0028	-0.0265	-0.0030	0.9996	359.67	356.96	359.67
2026-05-07T21:31:11.2344709+08:00	0x07	0.0838	-0.7371	0.0492	-0.6687	349.07	95.79	357.73
2026-05-07T21:31:11.2344709+08:00	0x03	-0.0033	-0.0173	0.3566	0.9341	41.78	358.02	0.36
2026-05-07T21:31:11.2344709+08:00	0x02	0.0139	0.0013	-0.9566	0.2909	213.82	358.51	0.61
2026-05-07T21:31:11.2344709+08:00	0x08	-0.0028	-0.0265	-0.0030	0.9996	359.67	356.96	359.67
2026-05-07T21:31:11.2344709+08:00	0x08	-0.0028	-0.0265	-0.0030	0.9996	359.67	356.96	359.67
2026-05-07T21:31:11.2344709+08:00	0x07	-0.2705	-0.7992	0.3103	-0.4379	13.66	128.54	47.13
2026-05-07T21:31:11.2344709+08:00	0x01	-0.0316	-0.0644	-0.2675	0.9609	329.18	353.84	354.53
2026-05-07T21:31:11.2344709+08:00	0x09	0.0012	-0.0862	-0.9736	0.2114	204.69	357.75	350.36
2026-05-07T21:31:11.2344709+08:00	0x03	-0.0033	-0.0173	0.3566	0.9341	41.78	358.02	0.36
2026-05-07T21:31:11.2344709+08:00	0x02	0.0139	0.0013	-0.9566	0.2909	213.82	358.51	0.61
2026-05-07T21:31:11.2344709+08:00	0x05	0.0043	-0.0058	0.4819	0.8762	57.62	359.65	0.75
2026-05-07T21:31:11.2344709+08:00	0x08	-0.0028	-0.0265	-0.0030	0.9996	359.67	356.96	359.67
2026-05-07T21:31:11.2344709+08:00	0x09	0.0012	-0.0862	-0.9736	0.2114	204.69	357.75	350.36
2026-05-07T21:31:11.2344709+08:00	0x07	-0.4367	-0.7291	0.3944	-0.3495	49.58	159.61	61.68
2026-05-07T21:31:11.2344709+08:00	0x02	0.0139	0.0013	-0.9566	0.2909	213.82	358.52	0.61
2026-05-07T21:31:11.2344709+08:00	0x04	-0.0106	-0.0171	-0.1962	0.9804	337.38	358.32	358.43
2026-05-07T21:31:11.2344709+08:00	0x06	-0.2269	-0.2159	0.9435	-0.1085	186.90	334.62	27.17
2026-05-07T21:31:11.2344709+08:00	0x01	-0.0316	-0.0644	-0.2675	0.9609	329.18	353.84	354.53
2026-05-07T21:31:11.2344709+08:00	0x07	-0.5738	-0.6304	0.4525	-0.2619	97.94	202.63	60.59
2026-05-07T21:31:11.2344709+08:00	0x03	-0.0033	-0.0173	0.3566	0.9341	41.78	358.02	0.36
2026-05-07T21:31:11.2344709+08:00	0x02	0.0139	0.0013	-0.9566	0.2909	213.82	358.52	0.61
2026-05-07T21:31:11.2344709+08:00	0x08	-0.0028	-0.0265	-0.0030	0.9996	359.67	356.96	359.67
2026-05-07T21:31:11.2344709+08:00	0x09	0.0012	-0.0862	-0.9736	0.2114	204.69	357.75	350.37
2026-05-07T21:31:11.2344709+08:00	0x07	-0.6589	-0.5440	0.4835	-0.1900	122.21	223.08	50.94
2026-05-07T21:31:11.2344709+08:00	0x03	-0.0033	-0.0173	0.3566	0.9341	41.78	358.02	0.36
2026-05-07T21:31:11.2344709+08:00	0x02	0.0139	0.0013	-0.9566	0.2909	213.82	358.52	0.61
2026-05-07T21:31:11.2344709+08:00	0x04	-0.0106	-0.0170	-0.1962	0.9804	337.38	358.32	358.42
2026-05-07T21:31:11.2344709+08:00	0x01	-0.0316	-0.0644	-0.2675	0.9609	329.18	353.84	354.53
2026-05-07T21:31:11.2344709+08:00	0x09	0.0012	-0.0862	-0.9736	0.2114	204.69	357.75	350.36
2026-05-07T21:31:11.2344709+08:00	0x03	-0.0033	-0.0173	0.3566	0.9341	41.78	358.02	0.36
2026-05-07T21:31:11.2344709+08:00	0x04	-0.0106	-0.0170	-0.1962	0.9804	337.38	358.32	358.42
2026-05-07T21:31:11.2344709+08:00	0x02	0.0139	0.0013	-0.9566	0.2909	213.82	358.52	0.61
2026-05-07T21:31:11.2344709+08:00	0x06	-0.1591	-0.2204	0.9449	-0.1823	198.16	345.50	28.33
2026-05-07T21:31:11.2344709+08:00	0x07	-0.7040	-0.4916	0.4943	-0.1359	130.70	229.84	42.63
2026-05-07T21:31:11.2344709+08:00	0x01	-0.0316	-0.0644	-0.2675	0.9609	329.18	353.84	354.53
2026-05-07T21:31:11.2344709+08:00	0x03	-0.0033	-0.0173	0.3566	0.9341	41.78	358.02	0.36
2026-05-07T21:31:11.2344709+08:00	0x02	0.0139	0.0013	-0.9566	0.2909	213.82	358.52	0.61
2026-05-07T21:31:11.2344709+08:00	0x04	-0.0106	-0.0171	-0.1962	0.9803	337.38	358.32	358.42
2026-05-07T21:31:11.2344709+08:00	0x06	-0.1508	-0.2255	0.9327	-0.2377	205.55	348.47	29.49
2026-05-07T21:31:11.2344709+08:00	0x08	-0.0029	-0.0265	-0.0030	0.9996	359.67	356.96	359.66
2026-05-07T21:31:11.2344709+08:00	0x07	-0.7553	-0.4081	0.5085	-0.0661	140.16	236.43	30.99
2026-05-07T21:31:11.2344709+08:00	0x01	-0.0316	-0.0644	-0.2675	0.9609	329.18	353.84	354.53
2026-05-07T21:31:11.2344709+08:00	0x09	0.0012	-0.0862	-0.9736	0.2114	204.69	357.75	350.36
2026-05-07T21:31:11.2344709+08:00	0x05	0.0042	-0.0059	0.4819	0.8762	57.62	359.64	0.75
2026-05-07T21:31:11.2344709+08:00	0x03	-0.0033	-0.0173	0.3566	0.9341	41.78	358.02	0.36
2026-05-07T21:31:11.2344709+08:00	0x06	-0.1420	-0.2376	0.9262	-0.2559	208.26	350.51	30.85
2026-05-07T21:31:11.2344709+08:00	0x08	-0.0028	-0.0265	-0.0030	0.9996	359.67	356.96	359.67
2026-05-07T21:31:11.2344709+08:00	0x07	-0.7709	-0.3781	0.5099	-0.0527	143.25	237.55	27.83
2026-05-07T21:31:11.2344709+08:00	0x03	-0.0033	-0.0173	0.3566	0.9341	41.78	358.02	0.36
2026-05-07T21:31:11.2344709+08:00	0x01	-0.0316	-0.0644	-0.2675	0.9609	329.18	353.84	354.53
2026-05-07T21:31:11.2344709+08:00	0x02	0.0139	0.0013	-0.9566	0.2909	213.82	358.52	0.61
2026-05-07T21:31:11.2344709+08:00	0x06	-0.1381	-0.2427	0.9211	-0.2713	210.49	351.72	31.47
2026-05-07T21:31:11.2344709+08:00	0x08	-0.0029	-0.0265	-0.0030	0.9996	359.67	356.96	359.66
2026-05-07T21:31:11.2344709+08:00	0x09	0.0011	-0.0863	-0.9736	0.2114	204.69	357.76	350.36
2026-05-07T21:31:11.2344709+08:00	0x07	-0.7830	-0.3615	0.5048	-0.0365	144.27	237.46	24.97
2026-05-07T21:31:11.2344709+08:00	0x03	-0.0033	-0.0172	0.3566	0.9341	41.78	358.02	0.36
2026-05-07T21:31:11.2344709+08:00	0x02	0.0139	0.0013	-0.9566	0.2909	213.82	358.52	0.61
2026-05-07T21:31:11.2344709+08:00	0x06	-0.1184	-0.2385	0.9195	-0.2893	213.49	354.70	30.46
2026-05-07T21:31:11.2344709+08:00	0x08	-0.0028	-0.0265	-0.0030	0.9996	359.67	356.96	359.67
2026-05-07T21:31:11.2354277+08:00	0x07	-0.7972	-0.3227	0.5051	-0.0718	150.51	237.72	26.14
2026-05-07T21:31:11.2354277+08:00	0x09	0.0011	-0.0863	-0.9736	0.2114	204.69	357.75	350.36
2026-05-07T21:31:11.2354277+08:00	0x03	-0.0033	-0.0172	0.3566	0.9341	41.78	358.02	0.36
2026-05-07T21:31:11.2354277+08:00	0x04	-0.0106	-0.0170	-0.1962	0.9804	337.38	358.32	358.42
2026-05-07T21:31:11.2354277+08:00	0x02	0.0139	0.0013	-0.9566	0.2909	213.82	358.52	0.61
2026-05-07T21:31:11.2354277+08:00	0x08	-0.0028	-0.0265	-0.0030	0.9996	359.67	356.96	359.67
2026-05-07T21:31:11.2354277+08:00	0x09	0.0012	-0.0863	-0.9736	0.2114	204.69	357.75	350.36
2026-05-07T21:31:11.2354277+08:00	0x03	-0.0033	-0.0173	0.3566	0.9341	41.78	358.02	0.36
2026-05-07T21:31:11.2354277+08:00	0x02	0.0139	0.0013	-0.9566	0.2909	213.82	358.52	0.61
2026-05-07T21:31:11.2354277+08:00	0x06	-0.0601	-0.1405	0.9244	-0.3495	221.30	359.23	17.57
2026-05-07T21:31:11.2354277+08:00	0x08	-0.0028	-0.0265	-0.0030	0.9996	359.67	356.96	359.67
2026-05-07T21:31:11.2354277+08:00	0x07	-0.7500	-0.2817	0.5984	-0.0088	153.91	252.38	20.51
2026-05-07T21:31:11.2354277+08:00	0x03	-0.0033	-0.0173	0.3566	0.9341	41.78	358.02	0.36
2026-05-07T21:31:11.2354277+08:00	0x02	0.0139	0.0013	-0.9566	0.2909	213.82	358.52	0.61
2026-05-07T21:31:11.2354277+08:00	0x06	-0.0752	-0.1617	0.9000	-0.3977	227.60	359.58	20.54
2026-05-07T21:31:11.2354277+08:00	0x09	0.0012	-0.0862	-0.9736	0.2114	204.69	357.75	350.36
2026-05-07T21:31:11.2354277+08:00	0x01	-0.0317	-0.0644	-0.2675	0.9609	329.18	353.84	354.53
2026-05-07T21:31:11.2354277+08:00	0x07	-0.7524	-0.2872	0.5926	0.0151	151.66	251.73	18.52
2026-05-07T21:31:11.2354277+08:00	0x02	0.0139	0.0013	-0.9566	0.2909	213.82	358.52	0.61
2026-05-07T21:31:11.2354277+08:00	0x08	-0.0028	-0.0266	-0.0030	0.9996	359.67	356.96	359.67
2026-05-07T21:31:11.2354277+08:00	0x07	-0.7548	-0.2781	0.5936	0.0225	152.13	252.06	17.23
2026-05-07T21:31:11.2354277+08:00	0x03	-0.0033	-0.0173	0.3566	0.9341	41.78	358.02	0.36
2026-05-07T21:31:11.2354277+08:00	0x04	-0.0106	-0.0171	-0.1962	0.9804	337.38	358.32	358.43
2026-05-07T21:31:11.2354277+08:00	0x01	-0.0316	-0.0644	-0.2675	0.9609	329.18	353.84	354.53
2026-05-07T21:31:11.2354277+08:00	0x08	-0.0028	-0.0266	-0.0030	0.9996	359.67	356.96	359.67
2026-05-07T21:31:11.2354277+08:00	0x07	-0.7563	-0.2718	0.5945	0.0272	152.47	252.30	16.38
2026-05-07T21:31:11.2354277+08:00	0x09	0.0012	-0.0862	-0.9736	0.2114	204.69	357.75	350.36
2026-05-07T21:31:11.2354277+08:00	0x01	-0.0316	-0.0644	-0.2675	0.9609	329.18	353.84	354.53
2026-05-07T21:31:11.2354277+08:00	0x03	-0.0033	-0.0173	0.3566	0.9341	41.78	358.02	0.36
2026-05-07T21:31:11.2354277+08:00	0x04	-0.0106	-0.0171	-0.1962	0.9804	337.38	358.32	358.43
2026-05-07T21:31:11.2354277+08:00	0x08	-0.0028	-0.0266	-0.0030	0.9996	359.67	356.96	359.67
2026-05-07T21:31:11.2354277+08:00	0x09	0.0012	-0.0862	-0.9736	0.2114	204.69	357.75	350.36
2026-05-07T21:31:11.2354277+08:00	0x03	-0.0033	-0.0173	0.3566	0.9341	41.78	358.02	0.36
2026-05-07T21:31:11.2354277+08:00	0x04	-0.0106	-0.0171	-0.1962	0.9804	337.38	358.32	358.43
2026-05-07T21:31:11.2354277+08:00	0x06	-0.0651	-0.1681	0.8685	-0.4617	236.46	2.58	20.61
2026-05-07T21:31:11.2354277+08:00	0x07	-0.7583	-0.2632	0.5955	0.0338	152.91	252.60	15.20
2026-05-07T21:31:11.2354277+08:00	0x03	-0.0033	-0.0173	0.3566	0.9341	41.78	358.02	0.36
2026-05-07T21:31:11.2354277+08:00	0x02	0.0139	0.0013	-0.9566	0.2909	213.82	358.51	0.61
2026-05-07T21:31:11.2354277+08:00	0x08	-0.0028	-0.0266	-0.0030	0.9996	359.67	356.96	359.67
2026-05-07T21:31:11.2354277+08:00	0x09	0.0012	-0.0862	-0.9736	0.2114	204.69	357.74	350.37
2026-05-07T21:31:11.2354277+08:00	0x07	-0.7590	-0.2603	0.5957	0.0360	153.05	252.69	14.80
2026-05-07T21:31:11.2354277+08:00	0x03	-0.0033	-0.0172	0.3566	0.9341	41.78	358.02	0.36
2026-05-07T21:31:11.2354277+08:00	0x04	-0.0106	-0.0171	-0.1962	0.9804	337.38	358.32	358.43
2026-05-07T21:31:11.2354277+08:00	0x06	-0.0632	-0.1684	0.8626	-0.4728	238.02	3.07	20.51
2026-05-07T21:31:11.2354277+08:00	0x08	-0.0028	-0.0266	-0.0030	0.9996	359.67	356.96	359.67
2026-05-07T21:31:11.2354277+08:00	0x09	0.0012	-0.0862	-0.9736	0.2114	204.69	357.75	350.36
2026-05-07T21:31:11.2354277+08:00	0x01	-0.0316	-0.0644	-0.2675	0.9609	329.19	353.84	354.53
2026-05-07T21:31:11.2354277+08:00	0x07	-0.7594	-0.2583	0.5960	0.0375	153.16	252.77	14.53
2026-05-07T21:31:11.2354277+08:00	0x03	-0.0033	-0.0173	0.3566	0.9341	41.78	358.02	0.36
2026-05-07T21:31:11.2354277+08:00	0x02	0.0139	0.0013	-0.9566	0.2909	213.82	358.52	0.61
2026-05-07T21:31:11.2354277+08:00	0x06	-0.0627	-0.1687	0.8605	-0.4766	238.54	3.24	20.50
2026-05-07T21:31:11.2354277+08:00	0x08	-0.0028	-0.0266	-0.0030	0.9996	359.67	356.96	359.67
2026-05-07T21:31:11.2364249+08:00	0x09	0.0012	-0.0862	-0.9736	0.2114	204.69	357.74	350.37
2026-05-07T21:31:11.2364249+08:00	0x07	-0.7598	-0.2569	0.5960	0.0386	153.23	252.80	14.34
2026-05-07T21:31:11.2364249+08:00	0x03	-0.0033	-0.0173	0.3566	0.9341	41.78	358.02	0.36
2026-05-07T21:31:11.2364249+08:00	0x04	-0.0106	-0.0171	-0.1962	0.9804	337.38	358.32	358.43
2026-05-07T21:31:11.2364249+08:00	0x08	-0.0028	-0.0266	-0.0030	0.9996	359.67	356.96	359.67
2026-05-07T21:31:11.2364249+08:00	0x09	0.0012	-0.0862	-0.9736	0.2114	204.69	357.75	350.37
2026-05-07T21:31:11.2364249+08:00	0x01	-0.0316	-0.0644	-0.2675	0.9609	329.18	353.84	354.53
2026-05-07T21:31:11.2364249+08:00	0x07	-0.7600	-0.2563	0.5960	0.0391	153.25	252.81	14.25
2026-05-07T21:31:11.2364249+08:00	0x03	-0.0033	-0.0173	0.3566	0.9341	41.78	358.02	0.36
2026-05-07T21:31:11.2364249+08:00	0x02	0.0139	0.0013	-0.9566	0.2909	213.82	358.52	0.61
2026-05-07T21:31:11.2364249+08:00	0x04	-0.0106	-0.0171	-0.1962	0.9804	337.38	358.32	358.43
2026-05-07T21:31:11.2364249+08:00	0x08	-0.0028	-0.0266	-0.0030	0.9996	359.67	356.96	359.67
2026-05-07T21:31:11.2364249+08:00	0x09	0.0012	-0.0862	-0.9736	0.2114	204.69	357.75	350.37
2026-05-07T21:31:11.2364249+08:00	0x01	-0.0316	-0.0644	-0.2675	0.9609	329.18	353.84	354.54
2026-05-07T21:31:11.2364249+08:00	0x03	-0.0033	-0.0173	0.3566	0.9341	41.78	358.02	0.36
2026-05-07T21:31:11.2364249+08:00	0x02	0.0139	0.0013	-0.9566	0.2909	213.82	358.52	0.61
2026-05-07T21:31:11.2364249+08:00	0x04	-0.0106	-0.0171	-0.1962	0.9804	337.38	358.32	358.43
2026-05-07T21:31:11.2364249+08:00	0x06	-0.0617	-0.1695	0.8568	-0.4830	239.47	3.56	20.49
2026-05-07T21:31:11.2364249+08:00	0x07	-0.7604	-0.2551	0.5959	0.0403	153.29	252.82	14.05
2026-05-07T21:31:11.2364249+08:00	0x01	-0.0316	-0.0644	-0.2675	0.9609	329.18	353.84	354.53
2026-05-07T21:31:11.2364249+08:00	0x02	0.0139	0.0013	-0.9566	0.2909	213.82	358.52	0.61
2026-05-07T21:31:11.2364249+08:00	0x06	-0.0616	-0.1695	0.8564	-0.4838	239.58	3.58	20.49
2026-05-07T21:31:11.2364249+08:00	0x08	-0.0028	-0.0266	-0.0030	0.9996	359.67	356.96	359.67
2026-05-07T21:31:11.2364249+08:00	0x09	0.0012	-0.0862	-0.9736	0.2114	204.69	357.75	350.37
2026-05-07T21:31:11.2364249+08:00	0x01	-0.0316	-0.0644	-0.2675	0.9609	329.19	353.84	354.53
2026-05-07T21:31:11.2364249+08:00	0x03	-0.0032	-0.0172	0.3566	0.9341	41.78	358.02	0.36
2026-05-07T21:31:11.2364249+08:00	0x04	-0.0106	-0.0171	-0.1962	0.9803	337.38	358.32	358.42
2026-05-07T21:31:11.2364249+08:00	0x08	-0.0028	-0.0266	-0.0030	0.9996	359.67	356.96	359.67
2026-05-07T21:31:11.2364249+08:00	0x09	0.0012	-0.0862	-0.9736	0.2114	204.69	357.75	350.37
2026-05-07T21:31:11.2364249+08:00	0x01	-0.0316	-0.0644	-0.2675	0.9609	329.19	353.84	354.53
2026-05-07T21:31:11.2364249+08:00	0x03	-0.0032	-0.0172	0.3566	0.9341	41.78	358.02	0.36
2026-05-07T21:31:11.2364249+08:00	0x04	-0.0106	-0.0171	-0.1962	0.9803	337.38	358.32	358.42
2026-05-07T21:31:11.2364249+08:00	0x08	-0.0029	-0.0266	-0.0030	0.9996	359.67	356.96	359.66
2026-05-07T21:31:11.2364249+08:00	0x09	0.0012	-0.0862	-0.9736	0.2114	204.69	357.75	350.37
2026-05-07T21:31:11.2364249+08:00	0x07	-0.7609	-0.2537	0.5957	0.0418	153.33	252.83	13.81
2026-05-07T21:31:11.2364249+08:00	0x01	-0.0316	-0.0644	-0.2675	0.9609	329.18	353.84	354.54
2026-05-07T21:31:11.2364249+08:00	0x02	0.0139	0.0013	-0.9566	0.2909	213.82	358.52	0.61
2026-05-07T21:31:11.2364249+08:00	0x06	-0.0612	-0.1701	0.8548	-0.4864	239.96	3.72	20.51
2026-05-07T21:31:11.2364249+08:00	0x09	0.0012	-0.0862	-0.9736	0.2114	204.69	357.75	350.37
2026-05-07T21:31:11.2364249+08:00	0x07	-0.7610	-0.2536	0.5957	0.0419	153.33	252.82	13.79
2026-05-07T21:31:11.2364249+08:00	0x01	-0.0316	-0.0644	-0.2675	0.9609	329.18	353.84	354.54
2026-05-07T21:31:11.2364249+08:00	0x04	-0.0106	-0.0171	-0.1962	0.9803	337.38	358.32	358.42
2026-05-07T21:31:11.2364249+08:00	0x02	0.0139	0.0013	-0.9566	0.2909	213.82	358.52	0.61
2026-05-07T21:31:11.2364249+08:00	0x09	0.0012	-0.0862	-0.9736	0.2114	204.69	357.75	350.37
2026-05-07T21:31:11.2364249+08:00	0x07	-0.7611	-0.2537	0.5955	0.0420	153.32	252.80	13.78
2026-05-07T21:31:11.2364249+08:00	0x03	-0.0032	-0.0172	0.3566	0.9341	41.78	358.02	0.36
2026-05-07T21:31:11.2364249+08:00	0x02	0.0139	0.0013	-0.9566	0.2909	213.82	358.52	0.61
2026-05-07T21:31:11.2364249+08:00	0x06	-0.0611	-0.1704	0.8542	-0.4874	240.10	3.78	20.52
2026-05-07T21:31:11.2364249+08:00	0x08	-0.0028	-0.0265	-0.0030	0.9996	359.67	356.96	359.67
2026-05-07T21:31:11.2364249+08:00	0x09	0.0012	-0.0862	-0.9736	0.2114	204.69	357.75	350.37
2026-05-07T21:31:11.2364249+08:00	0x07	-0.7611	-0.2536	0.5955	0.0421	153.31	252.80	13.76
2026-05-07T21:31:11.2364249+08:00	0x01	-0.0316	-0.0644	-0.2675	0.9609	329.18	353.84	354.54
2026-05-07T21:31:11.2364249+08:00	0x04	-0.0106	-0.0171	-0.1962	0.9803	337.38	358.32	358.42
2026-05-07T21:31:11.2364249+08:00	0x03	-0.0032	-0.0172	0.3566	0.9341	41.78	358.02	0.36
2026-05-07T21:31:11.2364249+08:00	0x08	-0.0028	-0.0265	-0.0030	0.9996	359.67	356.96	359.67
2026-05-07T21:31:11.2364249+08:00	0x09	0.0012	-0.0862	-0.9736	0.2114	204.69	357.75	350.37
2026-05-07T21:31:11.2364249+08:00	0x07	-0.7611	-0.2535	0.5955	0.0422	153.31	252.81	13.75
2026-05-07T21:31:11.2364249+08:00	0x01	-0.0316	-0.0644	-0.2675	0.9609	329.18	353.84	354.54
2026-05-07T21:31:11.2364249+08:00	0x03	-0.0032	-0.0172	0.3566	0.9341	41.78	358.02	0.36
2026-05-07T21:31:11.2364249+08:00	0x06	-0.0610	-0.1703	0.8539	-0.4879	240.17	3.79	20.51
2026-05-07T21:31:11.2364249+08:00	0x08	-0.0028	-0.0265	-0.0030	0.9996	359.67	356.96	359.67
2026-05-07T21:31:11.2364249+08:00	0x09	0.0012	-0.0862	-0.9736	0.2114	204.69	357.74	350.37
2026-05-07T21:31:11.2374579+08:00	0x07	-0.7612	-0.2536	0.5954	0.0421	153.31	252.79	13.76
2026-05-07T21:31:11.2374579+08:00	0x01	-0.0316	-0.0644	-0.2675	0.9609	329.18	353.84	354.54
2026-05-07T21:31:11.2374579+08:00	0x03	-0.0032	-0.0172	0.3566	0.9341	41.78	358.02	0.36
2026-05-07T21:31:11.2374579+08:00	0x04	-0.0106	-0.0171	-0.1962	0.9803	337.38	358.32	358.42
2026-05-07T21:31:11.2374579+08:00	0x02	0.0139	0.0013	-0.9566	0.2909	213.82	358.52	0.61
2026-05-07T21:31:11.2374579+08:00	0x08	-0.0028	-0.0265	-0.0030	0.9996	359.67	356.96	359.67
2026-05-07T21:31:11.2374579+08:00	0x09	0.0012	-0.0862	-0.9736	0.2114	204.69	357.74	350.37
2026-05-07T21:31:11.2374579+08:00	0x06	-0.0611	-0.1704	0.8538	-0.4881	240.20	3.80	20.53
2026-05-07T21:31:11.2374579+08:00	0x07	-0.7612	-0.2537	0.5954	0.0421	153.30	252.78	13.76
2026-05-07T21:31:11.2374579+08:00	0x01	-0.0316	-0.0644	-0.2675	0.9609	329.18	353.84	354.54
2026-05-07T21:31:11.2374579+08:00	0x03	-0.0032	-0.0172	0.3566	0.9341	41.78	358.02	0.36
2026-05-07T21:31:11.2374579+08:00	0x02	0.0139	0.0013	-0.9566	0.2909	213.82	358.52	0.61
2026-05-07T21:31:11.2374579+08:00	0x08	-0.0028	-0.0265	-0.0030	0.9996	359.67	356.96	359.67
2026-05-07T21:31:11.2374579+08:00	0x09	0.0012	-0.0862	-0.9736	0.2114	204.69	357.74	350.37
2026-05-07T21:31:11.2374579+08:00	0x07	-0.7612	-0.2538	0.5953	0.0422	153.29	252.77	13.76
2026-05-07T21:31:11.2374579+08:00	0x03	-0.0032	-0.0172	0.3566	0.9341	41.78	358.02	0.36
2026-05-07T21:31:11.2374579+08:00	0x02	0.0139	0.0013	-0.9566	0.2909	213.82	358.52	0.61
2026-05-07T21:31:11.2374579+08:00	0x06	-0.0610	-0.1706	0.8535	-0.4885	240.26	3.83	20.54
2026-05-07T21:31:11.2374579+08:00	0x09	0.0012	-0.0862	-0.9736	0.2114	204.69	357.74	350.37
2026-05-07T21:31:11.2374579+08:00	0x07	-0.7612	-0.2540	0.5952	0.0422	153.27	252.76	13.78
2026-05-07T21:31:11.2374579+08:00	0x01	-0.0316	-0.0644	-0.2675	0.9609	329.18	353.84	354.53
2026-05-07T21:31:11.2374579+08:00	0x08	-0.0028	-0.0265	-0.0030	0.9996	359.67	356.96	359.67
2026-05-07T21:31:11.2374579+08:00	0x09	0.0012	-0.0862	-0.9736	0.2114	204.69	357.74	350.37
2026-05-07T21:31:11.2374579+08:00	0x07	-0.7611	-0.2544	0.5952	0.0421	153.23	252.75	13.82
2026-05-07T21:31:11.2374579+08:00	0x04	-0.0106	-0.0171	-0.1962	0.9804	337.38	358.32	358.43
2026-05-07T21:31:11.2374579+08:00	0x03	-0.0033	-0.0172	0.3566	0.9341	41.78	358.02	0.36
2026-05-07T21:31:11.2374579+08:00	0x08	-0.0028	-0.0266	-0.0030	0.9996	359.67	356.96	359.67
2026-05-07T21:31:11.2374579+08:00	0x09	0.0012	-0.0862	-0.9736	0.2114	204.69	357.74	350.37
2026-05-07T21:31:11.2374579+08:00	0x01	-0.0317	-0.0644	-0.2675	0.9609	329.18	353.84	354.53
2026-05-07T21:31:11.2374579+08:00	0x04	-0.0106	-0.0170	-0.1962	0.9804	337.38	358.32	358.43
2026-05-07T21:31:11.2374579+08:00	0x03	-0.0033	-0.0173	0.3566	0.9341	41.78	358.02	0.36
2026-05-07T21:31:11.2374579+08:00	0x08	-0.0028	-0.0266	-0.0030	0.9996	359.67	356.96	359.67
2026-05-07T21:31:11.2374579+08:00	0x09	0.0012	-0.0862	-0.9736	0.2114	204.69	357.74	350.37
2026-05-07T21:31:11.2374579+08:00	0x07	-0.7611	-0.2546	0.5951	0.0421	153.21	252.73	13.82
2026-05-07T21:31:11.2374579+08:00	0x01	-0.0316	-0.0644	-0.2675	0.9609	329.19	353.84	354.53
2026-05-07T21:31:11.2374579+08:00	0x03	-0.0033	-0.0172	0.3566	0.9341	41.78	358.02	0.36
2026-05-07T21:31:11.2374579+08:00	0x06	-0.0611	-0.1709	0.8532	-0.4890	240.34	3.85	20.57
2026-05-07T21:31:11.2374579+08:00	0x08	-0.0029	-0.0265	-0.0030	0.9996	359.67	356.96	359.66
2026-05-07T21:31:11.2374579+08:00	0x09	0.0012	-0.0862	-0.9736	0.2114	204.69	357.74	350.37
2026-05-07T21:31:11.2374579+08:00	0x07	-0.7612	-0.2546	0.5950	0.0422	153.20	252.72	13.81
2026-05-07T21:31:11.2374579+08:00	0x01	-0.0316	-0.0644	-0.2675	0.9609	329.19	353.84	354.53
2026-05-07T21:31:11.2374579+08:00	0x04	-0.0106	-0.0170	-0.1962	0.9804	337.38	358.32	358.43
2026-05-07T21:31:11.2374579+08:00	0x03	-0.0033	-0.0172	0.3566	0.9341	41.78	358.02	0.36
2026-05-07T21:31:11.2374579+08:00	0x09	0.0012	-0.0862	-0.9736	0.2114	204.69	357.75	350.36
2026-05-07T21:31:11.2374579+08:00	0x06	-0.0612	-0.1711	0.8531	-0.4891	240.36	3.86	20.60
2026-05-07T21:31:11.2374579+08:00	0x03	-0.0033	-0.0172	0.3566	0.9341	41.78	358.02	0.36
2026-05-07T21:31:11.2374579+08:00	0x04	-0.0106	-0.0170	-0.1962	0.9804	337.38	358.32	358.43
2026-05-07T21:31:11.2374579+08:00	0x06	-0.0613	-0.1712	0.8530	-0.4892	240.37	3.86	20.61
2026-05-07T21:31:11.2374579+08:00	0x09	0.0012	-0.0862	-0.9736	0.2114	204.69	357.74	350.37
2026-05-07T21:31:11.2374579+08:00	0x01	-0.0316	-0.0644	-0.2675	0.9609	329.19	353.84	354.53
2026-05-07T21:31:11.2374579+08:00	0x03	-0.0033	-0.0172	0.3566	0.9341	41.78	358.02	0.36
2026-05-07T21:31:11.2374579+08:00	0x02	0.0139	0.0013	-0.9566	0.2909	213.82	358.52	0.61
2026-05-07T21:31:11.2374579+08:00	0x08	-0.0029	-0.0265	-0.0030	0.9996	359.67	356.96	359.66
2026-05-07T21:31:11.2374579+08:00	0x09	0.0012	-0.0862	-0.9736	0.2114	204.69	357.74	350.36
2026-05-07T21:31:11.2374579+08:00	0x01	-0.0316	-0.0644	-0.2675	0.9609	329.19	353.84	354.53
2026-05-07T21:31:11.2384186+08:00	0x04	-0.0106	-0.0170	-0.1962	0.9804	337.38	358.32	358.43
2026-05-07T21:31:11.2384186+08:00	0x03	-0.0033	-0.0172	0.3566	0.9341	41.78	358.02	0.36
2026-05-07T21:31:11.2384186+08:00	0x05	0.0043	-0.0059	0.4819	0.8762	57.62	359.64	0.75
2026-05-07T21:31:11.2384186+08:00	0x02	0.0139	0.0013	-0.9566	0.2909	213.82	358.52	0.61
2026-05-07T21:31:11.2384186+08:00	0x06	-0.0612	-0.1712	0.8528	-0.4895	240.41	3.87	20.60
2026-05-07T21:31:11.2384186+08:00	0x09	0.0012	-0.0862	-0.9736	0.2114	204.69	357.74	350.37
2026-05-07T21:31:11.2384186+08:00	0x07	-0.7614	-0.2547	0.5947	0.0426	153.16	252.68	13.78
2026-05-07T21:31:11.2384186+08:00	0x03	-0.0033	-0.0173	0.3566	0.9341	41.78	358.02	0.36
2026-05-07T21:31:11.2384186+08:00	0x02	0.0139	0.0013	-0.9566	0.2909	213.82	358.52	0.61
2026-05-07T21:31:11.2384186+08:00	0x06	-0.0612	-0.1711	0.8528	-0.4896	240.43	3.87	20.60
2026-05-07T21:31:11.2384186+08:00	0x08	-0.0029	-0.0265	-0.0030	0.9996	359.67	356.96	359.66
2026-05-07T21:31:11.2384186+08:00	0x09	0.0013	-0.0862	-0.9736	0.2114	204.69	357.74	350.37
2026-05-07T21:31:11.2384186+08:00	0x01	-0.0316	-0.0644	-0.2675	0.9609	329.18	353.84	354.53
2026-05-07T21:31:11.2384186+08:00	0x07	-0.7613	-0.2548	0.5948	0.0425	153.16	252.70	13.79
2026-05-07T21:31:11.2384186+08:00	0x03	-0.0032	-0.0173	0.3566	0.9341	41.78	358.02	0.36
2026-05-07T21:31:11.2384186+08:00	0x08	-0.0028	-0.0265	-0.0030	0.9996	359.67	356.96	359.67
2026-05-07T21:31:11.2384186+08:00	0x06	-0.0612	-0.1711	0.8527	-0.4898	240.45	3.87	20.60
2026-05-07T21:31:11.2384186+08:00	0x04	-0.0106	-0.0170	-0.1962	0.9804	337.38	358.32	358.42
2026-05-07T21:31:11.2384186+08:00	0x09	0.0013	-0.0862	-0.9736	0.2114	204.69	357.74	350.37
2026-05-07T21:31:11.2384186+08:00	0x03	-0.0032	-0.0173	0.3566	0.9341	41.78	358.02	0.36
2026-05-07T21:31:11.2384186+08:00	0x07	-0.7613	-0.2547	0.5947	0.0426	153.16	252.69	13.78
2026-05-07T21:31:11.2384186+08:00	0x02	0.0139	0.0013	-0.9566	0.2909	213.82	358.52	0.61
2026-05-07T21:31:11.2384186+08:00	0x06	-0.0613	-0.1713	0.8526	-0.4899	240.47	3.88	20.62
2026-05-07T21:31:11.2384186+08:00	0x08	-0.0029	-0.0265	-0.0030	0.9996	359.67	356.96	359.66
2026-05-07T21:31:11.2384186+08:00	0x09	0.0012	-0.0862	-0.9736	0.2114	204.69	357.74	350.37
2026-05-07T21:31:11.2384186+08:00	0x07	-0.7613	-0.2548	0.5947	0.0426	153.15	252.68	13.78
2026-05-07T21:31:11.2384186+08:00	0x03	-0.0032	-0.0173	0.3566	0.9341	41.78	358.02	0.36
2026-05-07T21:31:11.2384186+08:00	0x04	-0.0106	-0.0170	-0.1962	0.9804	337.38	358.32	358.42
2026-05-07T21:31:11.2384186+08:00	0x08	-0.0029	-0.0265	-0.0030	0.9996	359.67	356.96	359.66
2026-05-07T21:31:11.2384186+08:00	0x09	0.0012	-0.0862	-0.9736	0.2114	204.69	357.74	350.37
2026-05-07T21:31:11.2384186+08:00	0x01	-0.0316	-0.0644	-0.2675	0.9609	329.18	353.84	354.53
2026-05-07T21:31:11.2384186+08:00	0x07	-0.7614	-0.2548	0.5946	0.0426	153.15	252.67	13.78
2026-05-07T21:31:11.2384186+08:00	0x02	0.0139	0.0013	-0.9566	0.2909	213.82	358.52	0.61
2026-05-07T21:31:11.2384186+08:00	0x08	-0.0029	-0.0265	-0.0030	0.9996	359.67	356.96	359.66
2026-05-07T21:31:11.2384186+08:00	0x06	-0.0614	-0.1713	0.8525	-0.4900	240.49	3.87	20.62
2026-05-07T21:31:11.2384186+08:00	0x09	0.0012	-0.0862	-0.9736	0.2114	204.69	357.74	350.37
2026-05-07T21:31:11.2384186+08:00	0x01	-0.0316	-0.0644	-0.2675	0.9609	329.18	353.84	354.53
2026-05-07T21:31:11.2384186+08:00	0x07	-0.7614	-0.2549	0.5946	0.0426	153.14	252.67	13.79
2026-05-07T21:31:11.2384186+08:00	0x04	-0.0106	-0.0170	-0.1962	0.9804	337.38	358.32	358.43
2026-05-07T21:31:11.2384186+08:00	0x08	-0.0028	-0.0265	-0.0030	0.9996	359.67	356.96	359.67
2026-05-07T21:31:11.2384186+08:00	0x09	0.0012	-0.0862	-0.9736	0.2114	204.69	357.74	350.37
2026-05-07T21:31:11.2384186+08:00	0x03	-0.0032	-0.0173	0.3566	0.9341	41.78	358.02	0.36
2026-05-07T21:31:11.2384186+08:00	0x07	-0.7614	-0.2549	0.5945	0.0426	153.14	252.66	13.78
2026-05-07T21:31:11.2384186+08:00	0x02	0.0139	0.0013	-0.9566	0.2909	213.82	358.52	0.61
2026-05-07T21:31:11.2384186+08:00	0x08	-0.0028	-0.0265	-0.0030	0.9996	359.67	356.96	359.67
2026-05-07T21:31:11.2384186+08:00	0x06	-0.0613	-0.1715	0.8523	-0.4903	240.53	3.90	20.64
2026-05-07T21:31:11.2384186+08:00	0x09	0.0012	-0.0862	-0.9736	0.2114	204.69	357.74	350.37
2026-05-07T21:31:11.2384186+08:00	0x07	-0.7613	-0.2550	0.5946	0.0425	153.13	252.67	13.79
2026-05-07T21:31:11.2384186+08:00	0x04	-0.0106	-0.0171	-0.1962	0.9804	337.38	358.32	358.43
2026-05-07T21:31:11.2384186+08:00	0x06	-0.0613	-0.1715	0.8523	-0.4904	240.55	3.91	20.63
2026-05-07T21:31:11.2384186+08:00	0x02	0.0139	0.0013	-0.9566	0.2909	213.82	358.52	0.61
2026-05-07T21:31:11.2384186+08:00	0x09	0.0012	-0.0862	-0.9736	0.2114	204.69	357.74	350.37
2026-05-07T21:31:11.2384186+08:00	0x03	-0.0032	-0.0172	0.3566	0.9341	41.78	358.02	0.36
2026-05-07T21:31:11.2384186+08:00	0x07	-0.7614	-0.2550	0.5946	0.0426	153.13	252.67	13.79
2026-05-07T21:31:11.2384186+08:00	0x04	-0.0106	-0.0171	-0.1962	0.9804	337.38	358.32	358.43
2026-05-07T21:31:11.2384186+08:00	0x02	0.0139	0.0013	-0.9566	0.2909	213.82	358.52	0.61
2026-05-07T21:31:11.2384186+08:00	0x08	-0.0028	-0.0265	-0.0030	0.9996	359.67	356.96	359.67
2026-05-07T21:31:11.2384186+08:00	0x05	0.0042	-0.0059	0.4819	0.8762	57.62	359.64	0.75
2026-05-07T21:31:11.2384186+08:00	0x09	0.0012	-0.0862	-0.9736	0.2114	204.69	357.75	350.37
2026-05-07T21:31:11.2394164+08:00	0x07	-0.7614	-0.2551	0.5945	0.0426	153.12	252.65	13.79
2026-05-07T21:31:11.2394164+08:00	0x04	-0.0106	-0.0170	-0.1962	0.9804	337.38	358.32	358.42
2026-05-07T21:31:11.2394164+08:00	0x09	0.0012	-0.0862	-0.9736	0.2114	204.69	357.75	350.37
2026-05-07T21:31:11.2394164+08:00	0x03	-0.0033	-0.0173	0.3566	0.9341	41.78	358.02	0.36
2026-05-07T21:31:11.2394164+08:00	0x01	-0.0316	-0.0644	-0.2675	0.9609	329.18	353.84	354.54
2026-05-07T21:31:11.2394164+08:00	0x02	0.0139	0.0013	-0.9566	0.2909	213.82	358.52	0.61
2026-05-07T21:31:11.2394164+08:00	0x08	-0.0028	-0.0266	-0.0030	0.9996	359.67	356.96	359.67
2026-05-07T21:31:11.2394164+08:00	0x09	0.0012	-0.0862	-0.9736	0.2114	204.69	357.75	350.37
2026-05-07T21:31:11.2394164+08:00	0x03	-0.0032	-0.0173	0.3566	0.9341	41.78	358.02	0.36
2026-05-07T21:31:11.2394164+08:00	0x07	-0.7615	-0.2551	0.5944	0.0426	153.11	252.64	13.79
2026-05-07T21:31:11.2394164+08:00	0x08	-0.0028	-0.0266	-0.0030	0.9996	359.67	356.96	359.67
2026-05-07T21:31:11.2394164+08:00	0x02	0.0139	0.0013	-0.9566	0.2909	213.82	358.52	0.61
2026-05-07T21:31:11.2394164+08:00	0x06	-0.0614	-0.1717	0.8519	-0.4909	240.62	3.92	20.66
2026-05-07T21:31:11.2394164+08:00	0x09	0.0012	-0.0862	-0.9736	0.2114	204.69	357.74	350.37
2026-05-07T21:31:11.2394164+08:00	0x03	-0.0033	-0.0173	0.3566	0.9341	41.78	358.02	0.36
2026-05-07T21:31:11.2394164+08:00	0x07	-0.7615	-0.2551	0.5944	0.0427	153.10	252.64	13.78
2026-05-07T21:31:11.2394164+08:00	0x08	-0.0028	-0.0266	-0.0030	0.9996	359.67	356.96	359.67
2026-05-07T21:31:11.2394164+08:00	0x02	0.0139	0.0013	-0.9566	0.2909	213.82	358.52	0.61
2026-05-07T21:31:11.2394164+08:00	0x09	0.0012	-0.0862	-0.9736	0.2114	204.69	357.74	350.37
2026-05-07T21:31:11.2394164+08:00	0x03	-0.0033	-0.0173	0.3566	0.9341	41.78	358.02	0.36
2026-05-07T21:31:11.2394164+08:00	0x07	-0.7614	-0.2551	0.5944	0.0427	153.11	252.64	13.79
2026-05-07T21:31:11.2394164+08:00	0x08	-0.0028	-0.0266	-0.0030	0.9996	359.67	356.96	359.67
2026-05-07T21:31:11.2394164+08:00	0x04	-0.0106	-0.0171	-0.1962	0.9803	337.38	358.32	358.42
2026-05-07T21:31:11.2394164+08:00	0x05	0.0042	-0.0059	0.4819	0.8762	57.62	359.64	0.75
2026-05-07T21:31:11.2394164+08:00	0x06	-0.0612	-0.1717	0.8518	-0.4911	240.65	3.94	20.65
2026-05-07T21:31:11.2394164+08:00	0x09	0.0012	-0.0862	-0.9736	0.2114	204.69	357.74	350.37
2026-05-07T21:31:11.2394164+08:00	0x01	-0.0316	-0.0644	-0.2675	0.9609	329.18	353.84	354.53
2026-05-07T21:31:11.2394164+08:00	0x07	-0.7615	-0.2552	0.5943	0.0427	153.10	252.63	13.79
2026-05-07T21:31:11.2394164+08:00	0x08	-0.0028	-0.0266	-0.0030	0.9996	359.67	356.96	359.67
2026-05-07T21:31:11.2394164+08:00	0x04	-0.0106	-0.0171	-0.1962	0.9803	337.38	358.32	358.42
2026-05-07T21:31:11.2394164+08:00	0x06	-0.0612	-0.1718	0.8517	-0.4912	240.67	3.95	20.65
2026-05-07T21:31:11.2394164+08:00	0x09	0.0012	-0.0862	-0.9736	0.2114	204.69	357.74	350.37
2026-05-07T21:31:11.2394164+08:00	0x03	-0.0032	-0.0173	0.3566	0.9341	41.78	358.02	0.36
2026-05-07T21:31:11.2394164+08:00	0x07	-0.7615	-0.2552	0.5943	0.0428	153.09	252.62	13.78
2026-05-07T21:31:11.2394164+08:00	0x02	0.0139	0.0013	-0.9566	0.2909	213.82	358.52	0.61
2026-05-07T21:31:11.2394164+08:00	0x06	-0.0613	-0.1717	0.8517	-0.4914	240.68	3.94	20.66
2026-05-07T21:31:11.2394164+08:00	0x09	0.0012	-0.0862	-0.9736	0.2114	204.69	357.74	350.37
2026-05-07T21:31:11.2394164+08:00	0x03	-0.0032	-0.0173	0.3566	0.9341	41.78	358.02	0.36
2026-05-07T21:31:11.2394164+08:00	0x04	-0.0106	-0.0171	-0.1962	0.9803	337.38	358.32	358.42
2026-05-07T21:31:11.2394164+08:00	0x01	-0.0316	-0.0644	-0.2675	0.9609	329.18	353.84	354.54
2026-05-07T21:31:11.2394164+08:00	0x07	-0.7615	-0.2552	0.5942	0.0428	153.09	252.62	13.77
2026-05-07T21:31:11.2394164+08:00	0x02	0.0139	0.0013	-0.9566	0.2909	213.82	358.52	0.61
2026-05-07T21:31:11.2394164+08:00	0x06	-0.0613	-0.1717	0.8516	-0.4915	240.70	3.94	20.65
2026-05-07T21:31:11.2394164+08:00	0x03	-0.0032	-0.0172	0.3566	0.9341	41.78	358.02	0.36
2026-05-07T21:31:11.2394164+08:00	0x09	0.0012	-0.0862	-0.9736	0.2114	204.69	357.74	350.37
2026-05-07T21:31:11.2394164+08:00	0x04	-0.0106	-0.0171	-0.1962	0.9803	337.38	358.32	358.42
2026-05-07T21:31:11.2394164+08:00	0x07	-0.7615	-0.2552	0.5943	0.0428	153.09	252.63	13.77
2026-05-07T21:31:11.2394164+08:00	0x02	0.0139	0.0013	-0.9566	0.2909	213.82	358.52	0.61
2026-05-07T21:31:11.2394164+08:00	0x08	-0.0029	-0.0265	-0.0030	0.9996	359.67	356.96	359.66
2026-05-07T21:31:11.2394164+08:00	0x06	-0.0612	-0.1718	0.8515	-0.4916	240.72	3.97	20.65
2026-05-07T21:31:11.2394164+08:00	0x09	0.0012	-0.0862	-0.9736	0.2114	204.69	357.74	350.37
2026-05-07T21:31:11.2394164+08:00	0x03	-0.0032	-0.0172	0.3566	0.9341	41.78	358.02	0.36
2026-05-07T21:31:11.2394164+08:00	0x01	-0.0316	-0.0644	-0.2675	0.9609	329.18	353.84	354.54
2026-05-07T21:31:11.2394164+08:00	0x07	-0.7615	-0.2552	0.5943	0.0428	153.09	252.63	13.78
2026-05-07T21:31:11.2394164+08:00	0x04	-0.0106	-0.0171	-0.1962	0.9803	337.38	358.32	358.42
2026-05-07T21:31:11.2394164+08:00	0x02	0.0139	0.0013	-0.9566	0.2909	213.82	358.52	0.61
2026-05-07T21:31:11.2394164+08:00	0x08	-0.0029	-0.0265	-0.0030	0.9996	359.67	356.96	359.66
2026-05-07T21:31:11.2394164+08:00	0x09	0.0012	-0.0862	-0.9736	0.2114	204.69	357.74	350.37
2026-05-07T21:31:11.2394164+08:00	0x03	-0.0032	-0.0172	0.3566	0.9341	41.78	358.02	0.36
2026-05-07T21:31:11.2394164+08:00	0x07	-0.7615	-0.2552	0.5942	0.0429	153.08	252.62	13.77
2026-05-07T21:31:11.2394164+08:00	0x02	0.0139	0.0013	-0.9566	0.2909	213.82	358.52	0.61
2026-05-07T21:31:11.2394164+08:00	0x06	-0.0612	-0.1719	0.8514	-0.4918	240.75	3.97	20.66
2026-05-07T21:31:11.2404135+08:00	0x09	0.0012	-0.0862	-0.9736	0.2114	204.69	357.74	350.37
2026-05-07T21:31:11.2404135+08:00	0x03	-0.0032	-0.0172	0.3566	0.9341	41.78	358.02	0.36
2026-05-07T21:31:11.2404135+08:00	0x01	-0.0316	-0.0644	-0.2675	0.9609	329.18	353.84	354.54
2026-05-07T21:31:11.2404135+08:00	0x07	-0.7615	-0.2552	0.5942	0.0429	153.08	252.62	13.77
2026-05-07T21:31:11.2404135+08:00	0x02	0.0139	0.0013	-0.9566	0.2909	213.82	358.52	0.61
2026-05-07T21:31:11.2404135+08:00	0x08	-0.0028	-0.0265	-0.0030	0.9996	359.67	356.96	359.67
2026-05-07T21:31:11.2404135+08:00	0x06	-0.0613	-0.1719	0.8513	-0.4919	240.77	3.97	20.67
2026-05-07T21:31:11.2404135+08:00	0x03	-0.0032	-0.0172	0.3566	0.9341	41.78	358.02	0.36
2026-05-07T21:31:11.2404135+08:00	0x01	-0.0316	-0.0644	-0.2675	0.9609	329.18	353.84	354.54
2026-05-07T21:31:11.2404135+08:00	0x07	-0.7615	-0.2553	0.5942	0.0429	153.08	252.61	13.77
2026-05-07T21:31:11.2404135+08:00	0x08	-0.0029	-0.0265	-0.0030	0.9996	359.67	356.96	359.66
2026-05-07T21:31:11.2404135+08:00	0x09	0.0012	-0.0862	-0.9736	0.2114	204.69	357.74	350.37
2026-05-07T21:31:11.2404135+08:00	0x06	-0.0612	-0.1719	0.8512	-0.4921	240.79	3.98	20.66
2026-05-07T21:31:11.2404135+08:00	0x01	-0.0316	-0.0644	-0.2675	0.9609	329.18	353.84	354.54
2026-05-07T21:31:11.2404135+08:00	0x04	-0.0106	-0.0171	-0.1962	0.9803	337.38	358.32	358.42
2026-05-07T21:31:11.2404135+08:00	0x07	-0.7615	-0.2553	0.5943	0.0428	153.08	252.63	13.78
2026-05-07T21:31:11.2404135+08:00	0x08	-0.0029	-0.0265	-0.0030	0.9996	359.67	356.96	359.66
2026-05-07T21:31:11.2404135+08:00	0x09	0.0012	-0.0862	-0.9736	0.2114	204.69	357.74	350.37
2026-05-07T21:31:11.2404135+08:00	0x05	0.0042	-0.0060	0.4819	0.8762	57.62	359.64	0.75
2026-05-07T21:31:11.2404135+08:00	0x03	-0.0032	-0.0173	0.3566	0.9341	41.78	358.02	0.36
2026-05-07T21:31:11.2404135+08:00	0x07	-0.7614	-0.2554	0.5942	0.0428	153.07	252.62	13.79
2026-05-07T21:31:11.2404135+08:00	0x04	-0.0106	-0.0171	-0.1962	0.9803	337.38	358.32	358.42
2026-05-07T21:31:11.2404135+08:00	0x08	-0.0029	-0.0265	-0.0030	0.9996	359.67	356.96	359.66
2026-05-07T21:31:11.2404135+08:00	0x09	0.0012	-0.0862	-0.9736	0.2114	204.69	357.74	350.37
2026-05-07T21:31:11.2404135+08:00	0x06	-0.0611	-0.1721	0.8511	-0.4922	240.81	4.01	20.67
2026-05-07T21:31:11.2404135+08:00	0x01	-0.0316	-0.0644	-0.2675	0.9609	329.18	353.84	354.54
2026-05-07T21:31:11.2404135+08:00	0x03	-0.0032	-0.0173	0.3566	0.9341	41.78	358.02	0.36
2026-05-07T21:31:11.2404135+08:00	0x04	-0.0106	-0.0171	-0.1962	0.9803	337.38	358.32	358.42
2026-05-07T21:31:11.2404135+08:00	0x02	0.0139	0.0013	-0.9566	0.2909	213.82	358.52	0.61
2026-05-07T21:31:11.2404135+08:00	0x08	-0.0029	-0.0265	-0.0030	0.9996	359.67	356.96	359.66
2026-05-07T21:31:11.2404135+08:00	0x09	0.0012	-0.0862	-0.9736	0.2114	204.69	357.74	350.37
2026-05-07T21:31:11.2404135+08:00	0x01	-0.0316	-0.0644	-0.2675	0.9609	329.18	353.84	354.54
2026-05-07T21:31:11.2404135+08:00	0x04	-0.0106	-0.0171	-0.1962	0.9803	337.38	358.32	358.42
2026-05-07T21:31:11.2404135+08:00	0x07	-0.7615	-0.2555	0.5941	0.0428	153.05	252.60	13.79
2026-05-07T21:31:11.2404135+08:00	0x02	0.0139	0.0013	-0.9566	0.2909	213.82	358.52	0.61
2026-05-07T21:31:11.2404135+08:00	0x08	-0.0029	-0.0265	-0.0030	0.9996	359.67	356.96	359.66
2026-05-07T21:31:11.2404135+08:00	0x09	0.0012	-0.0862	-0.9736	0.2114	204.69	357.74	350.37
2026-05-07T21:31:11.2404135+08:00	0x06	-0.0610	-0.1721	0.8510	-0.4924	240.84	4.02	20.67
2026-05-07T21:31:11.2404135+08:00	0x03	-0.0032	-0.0172	0.3566	0.9341	41.78	358.02	0.36
2026-05-07T21:31:11.2404135+08:00	0x04	-0.0106	-0.0171	-0.1962	0.9803	337.38	358.32	358.42
2026-05-07T21:31:11.2404135+08:00	0x07	-0.7616	-0.2556	0.5940	0.0428	153.05	252.59	13.79
2026-05-07T21:31:11.2404135+08:00	0x09	0.0012	-0.0862	-0.9736	0.2114	204.69	357.74	350.37
2026-05-07T21:31:11.2404135+08:00	0x06	-0.0610	-0.1720	0.8510	-0.4925	240.85	4.02	20.66
2026-05-07T21:31:11.2404135+08:00	0x03	-0.0032	-0.0172	0.3566	0.9341	41.78	358.02	0.36
2026-05-07T21:31:11.2404135+08:00	0x02	0.0139	0.0013	-0.9566	0.2909	213.82	358.52	0.61
2026-05-07T21:31:11.2404135+08:00	0x08	-0.0029	-0.0265	-0.0030	0.9996	359.67	356.96	359.66
2026-05-07T21:31:11.2404135+08:00	0x09	0.0012	-0.0862	-0.9736	0.2114	204.69	357.74	350.37
2026-05-07T21:31:11.2404135+08:00	0x06	-0.0609	-0.1722	0.8509	-0.4926	240.87	4.04	20.67
2026-05-07T21:31:11.2404135+08:00	0x03	-0.0032	-0.0172	0.3566	0.9341	41.78	358.02	0.36
2026-05-07T21:31:11.2404135+08:00	0x01	-0.0316	-0.0644	-0.2675	0.9609	329.18	353.84	354.54
2026-05-07T21:31:11.2404135+08:00	0x04	-0.0106	-0.0171	-0.1962	0.9803	337.38	358.32	358.42
2026-05-07T21:31:11.2404135+08:00	0x07	-0.7615	-0.2555	0.5941	0.0429	153.05	252.60	13.79
2026-05-07T21:31:11.2404135+08:00	0x09	0.0012	-0.0862	-0.9736	0.2114	204.69	357.74	350.37
2026-05-07T21:31:11.2404135+08:00	0x03	-0.0032	-0.0172	0.3566	0.9341	41.78	358.02	0.36
2026-05-07T21:31:11.2404135+08:00	0x02	0.0139	0.0013	-0.9566	0.2909	213.82	358.52	0.61
2026-05-07T21:31:11.2404135+08:00	0x07	-0.7616	-0.2556	0.5940	0.0429	153.05	252.59	13.79
2026-05-07T21:31:11.2404135+08:00	0x04	-0.0106	-0.0171	-0.1962	0.9803	337.38	358.32	358.42
2026-05-07T21:31:11.2404135+08:00	0x09	0.0012	-0.0862	-0.9736	0.2114	204.69	357.74	350.37
2026-05-07T21:31:11.2404135+08:00	0x06	-0.0611	-0.1721	0.8508	-0.4928	240.90	4.03	20.68
2026-05-07T21:31:11.2404135+08:00	0x03	-0.0032	-0.0172	0.3566	0.9341	41.78	358.02	0.36
2026-05-07T21:31:11.2404135+08:00	0x07	-0.7616	-0.2555	0.5940	0.0430	153.04	252.59	13.78
2026-05-07T21:31:11.2404135+08:00	0x02	0.0139	0.0013	-0.9566	0.2909	213.82	358.52	0.61
2026-05-07T21:31:11.2404135+08:00	0x09	0.0012	-0.0862	-0.9736	0.2114	204.69	357.74	350.37
2026-05-07T21:31:11.2414105+08:00	0x08	-0.0029	-0.0265	-0.0030	0.9996	359.67	356.96	359.66
2026-05-07T21:31:11.2414105+08:00	0x03	-0.0032	-0.0172	0.3566	0.9341	41.78	358.02	0.36
2026-05-07T21:31:11.2414105+08:00	0x07	-0.7616	-0.2554	0.5940	0.0431	153.04	252.59	13.76
2026-05-07T21:31:11.2414105+08:00	0x08	-0.0029	-0.0265	-0.0030	0.9996	359.67	356.96	359.66
2026-05-07T21:31:11.2414105+08:00	0x02	0.0139	0.0013	-0.9566	0.2909	213.82	358.52	0.61
2026-05-07T21:31:11.2414105+08:00	0x09	0.0012	-0.0862	-0.9736	0.2114	204.69	357.74	350.37
2026-05-07T21:31:11.2414105+08:00	0x06	-0.0612	-0.1721	0.8506	-0.4930	240.93	4.02	20.68
2026-05-07T21:31:11.2414105+08:00	0x03	-0.0032	-0.0172	0.3566	0.9341	41.78	358.02	0.36
2026-05-07T21:31:11.2414105+08:00	0x04	-0.0106	-0.0171	-0.1962	0.9803	337.38	358.32	358.42
2026-05-07T21:31:11.2414105+08:00	0x07	-0.7616	-0.2554	0.5940	0.0432	153.04	252.60	13.74
2026-05-07T21:31:11.2414105+08:00	0x02	0.0139	0.0013	-0.9566	0.2909	213.82	358.52	0.61
2026-05-07T21:31:11.2414105+08:00	0x08	-0.0028	-0.0265	-0.0030	0.9996	359.67	356.96	359.67
2026-05-07T21:31:11.2414105+08:00	0x09	0.0012	-0.0862	-0.9736	0.2114	204.69	357.74	350.37
2026-05-07T21:31:11.2414105+08:00	0x05	0.0043	-0.0059	0.4819	0.8762	57.62	359.65	0.75
2026-05-07T21:31:11.2414105+08:00	0x03	-0.0032	-0.0172	0.3566	0.9341	41.78	358.02	0.36
2026-05-07T21:31:11.2414105+08:00	0x01	-0.0316	-0.0644	-0.2675	0.9609	329.18	353.84	354.54
2026-05-07T21:31:11.2414105+08:00	0x04	-0.0106	-0.0171	-0.1962	0.9803	337.38	358.32	358.42
2026-05-07T21:31:11.2414105+08:00	0x02	0.0139	0.0013	-0.9566	0.2909	213.82	358.52	0.61
2026-05-07T21:31:11.2414105+08:00	0x09	0.0012	-0.0862	-0.9736	0.2114	204.69	357.74	350.37
2026-05-07T21:31:11.2414105+08:00	0x07	-0.7616	-0.2554	0.5940	0.0433	153.04	252.60	13.73
2026-05-07T21:31:11.2414105+08:00	0x03	-0.0032	-0.0173	0.3566	0.9341	41.78	358.02	0.36
2026-05-07T21:31:11.2414105+08:00	0x02	0.0139	0.0013	-0.9566	0.2909	213.82	358.52	0.61
2026-05-07T21:31:11.2414105+08:00	0x09	0.0013	-0.0862	-0.9736	0.2114	204.69	357.74	350.37
2026-05-07T21:31:11.2414105+08:00	0x06	-0.0612	-0.1724	0.8504	-0.4933	240.98	4.04	20.71
2026-05-07T21:31:11.2414105+08:00	0x03	-0.0032	-0.0173	0.3566	0.9341	41.78	358.02	0.36
2026-05-07T21:31:11.2414105+08:00	0x01	-0.0316	-0.0644	-0.2675	0.9609	329.18	353.84	354.54
2026-05-07T21:31:11.2414105+08:00	0x04	-0.0106	-0.0171	-0.1962	0.9803	337.38	358.32	358.42
2026-05-07T21:31:11.2414105+08:00	0x07	-0.7617	-0.2556	0.5938	0.0434	153.01	252.57	13.74
2026-05-07T21:31:11.2414105+08:00	0x09	0.0012	-0.0862	-0.9736	0.2114	204.69	357.74	350.37
2026-05-07T21:31:11.2414105+08:00	0x06	-0.0613	-0.1726	0.8503	-0.4934	241.00	4.05	20.73
2026-05-07T21:31:11.2414105+08:00	0x03	-0.0032	-0.0173	0.3566	0.9341	41.78	358.02	0.36
2026-05-07T21:31:11.2414105+08:00	0x07	-0.7617	-0.2556	0.5938	0.0434	153.00	252.56	13.73
2026-05-07T21:31:11.2414105+08:00	0x01	-0.0316	-0.0644	-0.2675	0.9609	329.18	353.84	354.54
2026-05-07T21:31:11.2414105+08:00	0x04	-0.0106	-0.0170	-0.1962	0.9804	337.38	358.32	358.42
2026-05-07T21:31:11.2414105+08:00	0x09	0.0012	-0.0862	-0.9736	0.2114	204.69	357.74	350.37
2026-05-07T21:31:11.2414105+08:00	0x06	-0.0612	-0.1725	0.8502	-0.4936	241.01	4.06	20.72
2026-05-07T21:31:11.2414105+08:00	0x03	-0.0032	-0.0172	0.3566	0.9341	41.78	358.02	0.36
2026-05-07T21:31:11.2414105+08:00	0x07	-0.7617	-0.2557	0.5938	0.0434	152.99	252.56	13.74
2026-05-07T21:31:11.2414105+08:00	0x04	-0.0106	-0.0170	-0.1962	0.9804	337.38	358.32	358.43
2026-05-07T21:31:11.2414105+08:00	0x09	0.0012	-0.0862	-0.9736	0.2114	204.69	357.74	350.37
2026-05-07T21:31:11.2414105+08:00	0x05	0.0042	-0.0059	0.4819	0.8762	57.62	359.64	0.75
2026-05-07T21:31:11.2414105+08:00	0x06	-0.0612	-0.1726	0.8501	-0.4937	241.03	4.07	20.73
2026-05-07T21:31:11.2414105+08:00	0x03	-0.0032	-0.0172	0.3566	0.9341	41.78	358.02	0.36
2026-05-07T21:31:11.2414105+08:00	0x07	-0.7617	-0.2557	0.5938	0.0435	152.99	252.57	13.73
2026-05-07T21:31:11.2414105+08:00	0x04	-0.0106	-0.0171	-0.1962	0.9804	337.38	358.32	358.43
2026-05-07T21:31:11.2414105+08:00	0x08	-0.0028	-0.0266	-0.0030	0.9996	359.67	356.96	359.67
2026-05-07T21:31:11.2414105+08:00	0x06	-0.0612	-0.1726	0.8501	-0.4938	241.05	4.07	20.73
2026-05-07T21:31:11.2414105+08:00	0x03	-0.0032	-0.0172	0.3566	0.9341	41.78	358.02	0.36
2026-05-07T21:31:11.2414105+08:00	0x07	-0.7617	-0.2557	0.5937	0.0435	152.98	252.55	13.73
2026-05-07T21:31:11.2414105+08:00	0x04	-0.0106	-0.0171	-0.1962	0.9803	337.38	358.32	358.42
2026-05-07T21:31:11.2414105+08:00	0x09	0.0012	-0.0862	-0.9736	0.2114	204.69	357.74	350.37
2026-05-07T21:31:11.2414105+08:00	0x08	-0.0029	-0.0266	-0.0030	0.9996	359.67	356.96	359.66
2026-05-07T21:31:11.2414105+08:00	0x06	-0.0614	-0.1728	0.8500	-0.4939	241.06	4.07	20.76
2026-05-07T21:31:11.2414105+08:00	0x03	-0.0032	-0.0172	0.3566	0.9341	41.78	358.02	0.36
2026-05-07T21:31:11.2414105+08:00	0x01	-0.0316	-0.0644	-0.2675	0.9609	329.19	353.84	354.53
2026-05-07T21:31:11.2414105+08:00	0x07	-0.7618	-0.2558	0.5936	0.0435	152.98	252.54	13.73
2026-05-07T21:31:11.2414105+08:00	0x04	-0.0106	-0.0171	-0.1962	0.9803	337.38	358.32	358.42
2026-05-07T21:31:11.2414105+08:00	0x02	0.0139	0.0013	-0.9566	0.2909	213.82	358.52	0.61
2026-05-07T21:31:11.2414105+08:00	0x09	0.0012	-0.0862	-0.9736	0.2114	204.69	357.74	350.37
2026-05-07T21:31:11.2414105+08:00	0x06	-0.0614	-0.1728	0.8499	-0.4940	241.08	4.07	20.75
2026-05-07T21:31:11.2414105+08:00	0x03	-0.0032	-0.0172	0.3566	0.9341	41.78	358.02	0.36
2026-05-07T21:31:11.2414105+08:00	0x07	-0.7618	-0.2557	0.5936	0.0437	152.97	252.54	13.71
2026-05-07T21:31:11.2414105+08:00	0x04	-0.0106	-0.0171	-0.1962	0.9803	337.38	358.32	358.43
2026-05-07T21:31:11.2424078+08:00	0x02	0.0139	0.0013	-0.9566	0.2909	213.82	358.52	0.61
2026-05-07T21:31:11.2424078+08:00	0x08	-0.0029	-0.0266	-0.0030	0.9996	359.67	356.96	359.66
2026-05-07T21:31:11.2424078+08:00	0x06	-0.0613	-0.1729	0.8498	-0.4941	241.10	4.09	20.76
2026-05-07T21:31:11.2424078+08:00	0x03	-0.0032	-0.0172	0.3566	0.9341	41.78	358.02	0.36
2026-05-07T21:31:11.2424078+08:00	0x01	-0.0316	-0.0644	-0.2675	0.9609	329.18	353.84	354.54
2026-05-07T21:31:11.2424078+08:00	0x07	-0.7618	-0.2558	0.5936	0.0436	152.97	252.54	13.72
2026-05-07T21:31:11.2424078+08:00	0x04	-0.0106	-0.0171	-0.1962	0.9803	337.38	358.32	358.43
2026-05-07T21:31:11.2424078+08:00	0x08	-0.0029	-0.0266	-0.0030	0.9996	359.67	356.96	359.66
2026-05-07T21:31:11.2424078+08:00	0x09	0.0012	-0.0862	-0.9736	0.2114	204.69	357.74	350.37
2026-05-07T21:31:11.2424078+08:00	0x06	-0.0613	-0.1729	0.8498	-0.4942	241.12	4.09	20.75
2026-05-07T21:31:11.2424078+08:00	0x01	-0.0316	-0.0644	-0.2675	0.9609	329.18	353.84	354.54
2026-05-07T21:31:11.2424078+08:00	0x02	0.0139	0.0013	-0.9566	0.2909	213.82	358.52	0.61
2026-05-07T21:31:11.2424078+08:00	0x04	-0.0106	-0.0171	-0.1962	0.9803	337.38	358.32	358.42
2026-05-07T21:31:11.2424078+08:00	0x09	0.0012	-0.0862	-0.9736	0.2114	204.69	357.74	350.37
2026-05-07T21:31:11.2424078+08:00	0x06	-0.0614	-0.1730	0.8496	-0.4944	241.14	4.09	20.77
2026-05-07T21:31:11.2424078+08:00	0x03	-0.0032	-0.0172	0.3566	0.9341	41.78	358.02	0.36
2026-05-07T21:31:11.2424078+08:00	0x04	-0.0106	-0.0171	-0.1962	0.9803	337.38	358.32	358.42
2026-05-07T21:31:11.2424078+08:00	0x02	0.0139	0.0013	-0.9566	0.2909	213.82	358.52	0.61
2026-05-07T21:31:11.2424078+08:00	0x09	0.0012	-0.0862	-0.9736	0.2114	204.69	357.74	350.37
2026-05-07T21:31:11.2424078+08:00	0x06	-0.0616	-0.1729	0.8496	-0.4945	241.15	4.07	20.77
2026-05-07T21:31:11.2424078+08:00	0x01	-0.0316	-0.0644	-0.2675	0.9609	329.18	353.84	354.54
2026-05-07T21:31:11.2424078+08:00	0x07	-0.7620	-0.2559	0.5933	0.0437	152.95	252.50	13.72
2026-05-07T21:31:11.2424078+08:00	0x04	-0.0106	-0.0171	-0.1962	0.9803	337.38	358.32	358.42
2026-05-07T21:31:11.2424078+08:00	0x02	0.0139	0.0013	-0.9566	0.2909	213.82	358.52	0.61
2026-05-07T21:31:11.2424078+08:00	0x08	-0.0028	-0.0266	-0.0030	0.9996	359.67	356.96	359.67
2026-05-07T21:31:11.2424078+08:00	0x09	0.0012	-0.0862	-0.9736	0.2114	204.69	357.74	350.37
2026-05-07T21:31:11.2424078+08:00	0x06	-0.0616	-0.1730	0.8495	-0.4946	241.17	4.08	20.78
2026-05-07T21:31:11.2424078+08:00	0x03	-0.0032	-0.0173	0.3566	0.9341	41.78	358.02	0.36
2026-05-07T21:31:11.2424078+08:00	0x04	-0.0106	-0.0171	-0.1962	0.9803	337.38	358.32	358.42
2026-05-07T21:31:11.2424078+08:00	0x02	0.0139	0.0014	-0.9566	0.2909	213.82	358.52	0.61
2026-05-07T21:31:11.2424078+08:00	0x08	-0.0028	-0.0266	-0.0030	0.9996	359.67	356.96	359.67
2026-05-07T21:31:11.2424078+08:00	0x09	0.0012	-0.0862	-0.9736	0.2114	204.69	357.74	350.37
2026-05-07T21:31:11.2424078+08:00	0x06	-0.0617	-0.1731	0.8494	-0.4947	241.18	4.08	20.80
2026-05-07T21:31:11.2424078+08:00	0x03	-0.0032	-0.0173	0.3566	0.9341	41.78	358.02	0.36
2026-05-07T21:31:11.2424078+08:00	0x04	-0.0106	-0.0171	-0.1962	0.9803	337.38	358.32	358.42
2026-05-07T21:31:11.2424078+08:00	0x08	-0.0029	-0.0266	-0.0030	0.9996	359.67	356.96	359.66
2026-05-07T21:31:11.2424078+08:00	0x06	-0.0617	-0.1732	0.8493	-0.4948	241.20	4.09	20.81
2026-05-07T21:31:11.2424078+08:00	0x07	-0.7620	-0.2559	0.5932	0.0439	152.93	252.48	13.69
2026-05-07T21:31:11.2424078+08:00	0x03	-0.0033	-0.0173	0.3566	0.9341	41.78	358.02	0.36
2026-05-07T21:31:11.2424078+08:00	0x04	-0.0106	-0.0171	-0.1962	0.9803	337.38	358.32	358.42
2026-05-07T21:31:11.2424078+08:00	0x02	0.0139	0.0014	-0.9566	0.2909	213.82	358.52	0.62
2026-05-07T21:31:11.2424078+08:00	0x05	0.0042	-0.0059	0.4819	0.8762	57.62	359.64	0.75
2026-05-07T21:31:11.2424078+08:00	0x06	-0.0617	-0.1731	0.8493	-0.4949	241.21	4.08	20.80
2026-05-07T21:31:11.2424078+08:00	0x01	-0.0316	-0.0644	-0.2675	0.9609	329.18	353.84	354.54
2026-05-07T21:31:11.2424078+08:00	0x07	-0.7621	-0.2559	0.5931	0.0440	152.92	252.48	13.68
2026-05-07T21:31:11.2424078+08:00	0x04	-0.0106	-0.0171	-0.1962	0.9803	337.38	358.32	358.42
2026-05-07T21:31:11.2424078+08:00	0x03	-0.0033	-0.0173	0.3566	0.9341	41.78	358.02	0.36
2026-05-07T21:31:11.2424078+08:00	0x08	-0.0028	-0.0265	-0.0030	0.9996	359.67	356.96	359.67
2026-05-07T21:31:11.2424078+08:00	0x02	0.0139	0.0013	-0.9566	0.2909	213.82	358.52	0.61
2026-05-07T21:31:11.2424078+08:00	0x09	0.0012	-0.0862	-0.9736	0.2114	204.69	357.75	350.37
2026-05-07T21:31:11.2424078+08:00	0x06	-0.0617	-0.1731	0.8492	-0.4950	241.23	4.08	20.80
2026-05-07T21:31:11.2424078+08:00	0x03	-0.0033	-0.0173	0.3566	0.9341	41.78	358.02	0.36
2026-05-07T21:31:11.2424078+08:00	0x04	-0.0106	-0.0171	-0.1962	0.9803	337.38	358.32	358.42
2026-05-07T21:31:11.2424078+08:00	0x08	-0.0028	-0.0266	-0.0030	0.9996	359.67	356.96	359.67
2026-05-07T21:31:11.2424078+08:00	0x02	0.0139	0.0014	-0.9566	0.2909	213.82	358.52	0.61
2026-05-07T21:31:11.2424078+08:00	0x06	-0.0617	-0.1732	0.8491	-0.4951	241.25	4.09	20.81
2026-05-07T21:31:11.2424078+08:00	0x03	-0.0033	-0.0173	0.3566	0.9341	41.78	358.02	0.36
2026-05-07T21:31:11.2424078+08:00	0x04	-0.0106	-0.0171	-0.1962	0.9804	337.38	358.32	358.43
2026-05-07T21:31:11.2424078+08:00	0x08	-0.0029	-0.0265	-0.0030	0.9996	359.67	356.96	359.66
2026-05-07T21:31:11.2424078+08:00	0x09	0.0012	-0.0862	-0.9736	0.2114	204.69	357.74	350.37
2026-05-07T21:31:11.2424078+08:00	0x06	-0.0617	-0.1733	0.8490	-0.4953	241.27	4.10	20.81
2026-05-07T21:31:11.2424078+08:00	0x01	-0.0316	-0.0644	-0.2675	0.9609	329.18	353.84	354.54
2026-05-07T21:31:11.2424078+08:00	0x04	-0.0106	-0.0171	-0.1962	0.9804	337.38	358.32	358.43
2026-05-07T21:31:11.2434045+08:00	0x08	-0.0029	-0.0265	-0.0030	0.9996	359.67	356.96	359.66
2026-05-07T21:31:11.2434045+08:00	0x02	0.0139	0.0013	-0.9566	0.2909	213.82	358.52	0.61
2026-05-07T21:31:11.2434045+08:00	0x07	-0.7622	-0.2561	0.5929	0.0439	152.90	252.45	13.70
2026-05-07T21:31:11.2434045+08:00	0x06	-0.0617	-0.1733	0.8490	-0.4953	241.27	4.10	20.82
2026-05-07T21:31:11.2434045+08:00	0x04	-0.0106	-0.0170	-0.1962	0.9804	337.38	358.32	358.43
2026-05-07T21:31:11.2434045+08:00	0x02	0.0139	0.0013	-0.9566	0.2909	213.82	358.52	0.61
2026-05-07T21:31:11.2434045+08:00	0x09	0.0013	-0.0862	-0.9736	0.2114	204.69	357.74	350.37
2026-05-07T21:31:11.2434045+08:00	0x06	-0.0616	-0.1732	0.8489	-0.4955	241.29	4.11	20.80
2026-05-07T21:31:11.2434045+08:00	0x07	-0.7621	-0.2562	0.5930	0.0439	152.90	252.46	13.70
2026-05-07T21:31:11.2434045+08:00	0x01	-0.0316	-0.0644	-0.2675	0.9609	329.18	353.84	354.54
2026-05-07T21:31:11.2434045+08:00	0x03	-0.0033	-0.0173	0.3566	0.9341	41.78	358.02	0.36
2026-05-07T21:31:11.2434045+08:00	0x04	-0.0106	-0.0170	-0.1962	0.9804	337.38	358.32	358.43
2026-05-07T21:31:11.2434045+08:00	0x02	0.0139	0.0013	-0.9566	0.2909	213.82	358.52	0.61
2026-05-07T21:31:11.2434045+08:00	0x09	0.0012	-0.0862	-0.9736	0.2114	204.69	357.74	350.37
2026-05-07T21:31:11.2434045+08:00	0x01	-0.0316	-0.0644	-0.2675	0.9609	329.18	353.84	354.54
2026-05-07T21:31:11.2434045+08:00	0x08	-0.0028	-0.0265	-0.0030	0.9996	359.67	356.96	359.67
2026-05-07T21:31:11.2434045+08:00	0x04	-0.0106	-0.0170	-0.1962	0.9804	337.38	358.32	358.43
2026-05-07T21:31:11.2434045+08:00	0x02	0.0139	0.0013	-0.9566	0.2909	213.82	358.52	0.61
2026-05-07T21:31:11.2434045+08:00	0x09	0.0012	-0.0862	-0.9736	0.2114	204.69	357.74	350.37
2026-05-07T21:31:11.2434045+08:00	0x06	-0.0615	-0.1733	0.8488	-0.4957	241.33	4.13	20.80
2026-05-07T21:31:11.2434045+08:00	0x07	-0.7621	-0.2562	0.5930	0.0440	152.90	252.46	13.70
2026-05-07T21:31:11.2434045+08:00	0x01	-0.0316	-0.0644	-0.2675	0.9609	329.18	353.84	354.54
2026-05-07T21:31:11.2434045+08:00	0x04	-0.0106	-0.0170	-0.1962	0.9804	337.38	358.32	358.42
2026-05-07T21:31:11.2434045+08:00	0x08	-0.0028	-0.0265	-0.0030	0.9996	359.67	356.96	359.67
2026-05-07T21:31:11.2434045+08:00	0x06	-0.0615	-0.1733	0.8487	-0.4958	241.34	4.14	20.81
2026-05-07T21:31:11.2434045+08:00	0x09	0.0012	-0.0862	-0.9736	0.2114	204.69	357.75	350.37
2026-05-07T21:31:11.2434045+08:00	0x03	-0.0032	-0.0173	0.3566	0.9341	41.78	358.02	0.36
2026-05-07T21:31:11.2434045+08:00	0x07	-0.7621	-0.2562	0.5929	0.0440	152.89	252.45	13.70
2026-05-07T21:31:11.2434045+08:00	0x08	-0.0028	-0.0265	-0.0030	0.9996	359.67	356.96	359.67
2026-05-07T21:31:11.2434045+08:00	0x04	-0.0106	-0.0170	-0.1962	0.9804	337.38	358.32	358.42
2026-05-07T21:31:11.2434045+08:00	0x09	0.0012	-0.0862	-0.9736	0.2114	204.69	357.75	350.37
2026-05-07T21:31:11.2434045+08:00	0x02	0.0139	0.0013	-0.9566	0.2909	213.82	358.52	0.61
2026-05-07T21:31:11.2434045+08:00	0x01	-0.0316	-0.0644	-0.2675	0.9609	329.18	353.84	354.54
2026-05-07T21:31:11.2434045+08:00	0x07	-0.7622	-0.2563	0.5929	0.0439	152.89	252.44	13.70
2026-05-07T21:31:11.2434045+08:00	0x08	-0.0028	-0.0265	-0.0030	0.9996	359.67	356.96	359.67
2026-05-07T21:31:11.2434045+08:00	0x04	-0.0106	-0.0171	-0.1962	0.9803	337.38	358.32	358.42
2026-05-07T21:31:11.2434045+08:00	0x05	0.0043	-0.0059	0.4819	0.8762	57.62	359.65	0.76
2026-05-07T21:31:11.2434045+08:00	0x09	0.0012	-0.0862	-0.9736	0.2114	204.69	357.74	350.37
2026-05-07T21:31:11.2434045+08:00	0x01	-0.0316	-0.0644	-0.2675	0.9609	329.18	353.84	354.54
2026-05-07T21:31:11.2434045+08:00	0x03	-0.0032	-0.0173	0.3566	0.9341	41.78	358.02	0.36
2026-05-07T21:31:11.2434045+08:00	0x08	-0.0028	-0.0265	-0.0030	0.9996	359.67	356.96	359.67
2026-05-07T21:31:11.2434045+08:00	0x04	-0.0106	-0.0170	-0.1962	0.9804	337.38	358.32	358.42
2026-05-07T21:31:11.2434045+08:00	0x06	-0.0614	-0.1735	0.8485	-0.4962	241.40	4.16	20.81
2026-05-07T21:31:11.2434045+08:00	0x09	0.0012	-0.0862	-0.9736	0.2114	204.69	357.74	350.37
2026-05-07T21:31:11.2434045+08:00	0x07	-0.7621	-0.2562	0.5929	0.0440	152.89	252.45	13.69
2026-05-07T21:31:11.2434045+08:00	0x01	-0.0316	-0.0644	-0.2675	0.9609	329.18	353.84	354.53
2026-05-07T21:31:11.2434045+08:00	0x03	-0.0033	-0.0173	0.3566	0.9341	41.78	358.02	0.36
2026-05-07T21:31:11.2434045+08:00	0x04	-0.0106	-0.0171	-0.1962	0.9803	337.38	358.32	358.42
2026-05-07T21:31:11.2434045+08:00	0x08	-0.0029	-0.0265	-0.0030	0.9996	359.67	356.96	359.66
2026-05-07T21:31:11.2434045+08:00	0x09	0.0012	-0.0862	-0.9736	0.2114	204.69	357.74	350.37
2026-05-07T21:31:11.2434045+08:00	0x06	-0.0614	-0.1736	0.8484	-0.4963	241.42	4.18	20.82
2026-05-07T21:31:11.2434045+08:00	0x07	-0.7622	-0.2562	0.5929	0.0440	152.89	252.44	13.69
2026-05-07T21:31:11.2434045+08:00	0x03	-0.0033	-0.0173	0.3566	0.9341	41.78	358.02	0.36
2026-05-07T21:31:11.2434045+08:00	0x04	-0.0106	-0.0171	-0.1962	0.9803	337.38	358.32	358.42
2026-05-07T21:31:11.2434045+08:00	0x08	-0.0028	-0.0265	-0.0030	0.9996	359.67	356.96	359.67
2026-05-07T21:31:11.2434045+08:00	0x06	-0.0614	-0.1734	0.8484	-0.4964	241.43	4.17	20.81
2026-05-07T21:31:11.2434045+08:00	0x01	-0.0316	-0.0644	-0.2675	0.9609	329.18	353.84	354.53
2026-05-07T21:31:11.2434045+08:00	0x03	-0.0033	-0.0173	0.3566	0.9341	41.78	358.02	0.36
2026-05-07T21:31:11.2434045+08:00	0x07	-0.7623	-0.2564	0.5927	0.0439	152.88	252.41	13.71
2026-05-07T21:31:11.2434045+08:00	0x04	-0.0106	-0.0171	-0.1962	0.9803	337.38	358.32	358.42
2026-05-07T21:31:11.2434045+08:00	0x08	-0.0028	-0.0265	-0.0030	0.9996	359.67	356.97	359.67
2026-05-07T21:31:11.2434045+08:00	0x02	0.0139	0.0013	-0.9566	0.2909	213.82	358.52	0.61
2026-05-07T21:31:11.2434045+08:00	0x09	0.0012	-0.0862	-0.9736	0.2114	204.69	357.74	350.37
2026-05-07T21:31:11.2444024+08:00	0x01	-0.0316	-0.0644	-0.2675	0.9609	329.19	353.84	354.53
2026-05-07T21:31:11.2444024+08:00	0x07	-0.7614	-0.2557	0.5940	0.0459	152.84	252.64	13.53
2026-05-07T21:31:11.2444024+08:00	0x03	-0.0033	-0.0173	0.3566	0.9341	41.78	358.02	0.36
2026-05-07T21:31:11.2444024+08:00	0x02	0.0139	0.0013	-0.9566	0.2909	213.82	358.52	0.61
2026-05-07T21:31:11.2444024+08:00	0x04	-0.0106	-0.0171	-0.1962	0.9803	337.38	358.32	358.42
2026-05-07T21:31:11.2444024+08:00	0x05	0.0043	-0.0059	0.4819	0.8762	57.62	359.65	0.76
2026-05-07T21:31:11.2444024+08:00	0x01	-0.0316	-0.0644	-0.2675	0.9609	329.19	353.84	354.53
2026-05-07T21:31:11.2444024+08:00	0x07	-0.7183	-0.1987	0.6654	0.0427	159.54	263.49	11.72
2026-05-07T21:31:11.2444024+08:00	0x03	-0.0033	-0.0173	0.3566	0.9341	41.78	358.02	0.36
2026-05-07T21:31:11.2444024+08:00	0x02	0.0139	0.0013	-0.9566	0.2909	213.82	358.52	0.61
2026-05-07T21:31:11.2444024+08:00	0x04	-0.0106	-0.0171	-0.1962	0.9803	337.38	358.32	358.42
2026-05-07T21:31:11.2444024+08:00	0x09	0.0012	-0.0862	-0.9736	0.2114	204.69	357.74	350.37
2026-05-07T21:31:11.2444024+08:00	0x01	-0.0316	-0.0644	-0.2675	0.9609	329.18	353.84	354.54
2026-05-07T21:31:11.2444024+08:00	0x07	-0.7225	-0.2604	0.6401	0.0216	154.93	259.14	17.58
2026-05-07T21:31:11.2444024+08:00	0x03	-0.0032	-0.0173	0.3566	0.9341	41.78	358.02	0.36
2026-05-07T21:31:11.2444024+08:00	0x04	-0.0106	-0.0171	-0.1962	0.9803	337.38	358.32	358.42
2026-05-07T21:31:11.2444024+08:00	0x09	0.0012	-0.0862	-0.9736	0.2114	204.69	357.74	350.37
2026-05-07T21:31:11.2444024+08:00	0x08	-0.0028	-0.0265	-0.0030	0.9996	359.67	356.96	359.67
2026-05-07T21:31:11.2444024+08:00	0x02	0.0139	0.0013	-0.9566	0.2909	213.82	358.52	0.61
2026-05-07T21:31:11.2444024+08:00	0x01	-0.0316	-0.0644	-0.2675	0.9609	329.19	353.84	354.53
2026-05-07T21:31:11.2444024+08:00	0x04	-0.0106	-0.0171	-0.1962	0.9803	337.38	358.32	358.42
2026-05-07T21:31:11.2444024+08:00	0x08	-0.0028	-0.0265	-0.0030	0.9996	359.67	356.96	359.67
2026-05-07T21:31:11.2444024+08:00	0x09	0.0012	-0.0862	-0.9736	0.2114	204.69	357.74	350.37
2026-05-07T21:31:11.2444024+08:00	0x01	-0.0316	-0.0644	-0.2675	0.9609	329.19	353.84	354.53
2026-05-07T21:31:11.2444024+08:00	0x03	-0.0032	-0.0173	0.3566	0.9341	41.78	358.02	0.36
2026-05-07T21:31:11.2444024+08:00	0x07	-0.7205	-0.2850	0.6306	0.0438	150.80	257.86	17.24
2026-05-07T21:31:11.2444024+08:00	0x02	0.0139	0.0013	-0.9566	0.2909	213.82	358.52	0.61
2026-05-07T21:31:11.2444024+08:00	0x09	0.0012	-0.0862	-0.9736	0.2114	204.69	357.75	350.36
2026-05-07T21:31:11.2444024+08:00	0x06	-0.0485	-0.1958	0.8412	-0.5018	243.04	7.13	22.21
2026-05-07T21:31:11.2444024+08:00	0x03	-0.0032	-0.0173	0.3566	0.9341	41.78	358.02	0.36
2026-05-07T21:31:11.2444024+08:00	0x07	-0.7194	-0.2870	0.6314	0.0386	150.98	257.89	17.87
2026-05-07T21:31:11.2444024+08:00	0x04	-0.0106	-0.0171	-0.1962	0.9803	337.38	358.32	358.42
2026-05-07T21:31:11.2444024+08:00	0x08	-0.0028	-0.0265	-0.0030	0.9996	359.67	356.96	359.67
2026-05-07T21:31:11.2444024+08:00	0x02	0.0139	0.0013	-0.9566	0.2909	213.82	358.52	0.61
2026-05-07T21:31:11.2444024+08:00	0x05	0.0042	-0.0059	0.4819	0.8762	57.62	359.65	0.75
2026-05-07T21:31:11.2444024+08:00	0x01	-0.0316	-0.0644	-0.2675	0.9609	329.18	353.84	354.53
2026-05-07T21:31:11.2444024+08:00	0x07	-0.7182	-0.2815	0.6349	0.0426	151.31	258.51	17.24
2026-05-07T21:31:11.2444024+08:00	0x08	-0.0028	-0.0265	-0.0030	0.9996	359.67	356.96	359.67
2026-05-07T21:31:11.2444024+08:00	0x02	0.0139	0.0013	-0.9566	0.2909	213.82	358.52	0.61
2026-05-07T21:31:11.2444024+08:00	0x09	0.0012	-0.0862	-0.9736	0.2114	204.69	357.75	350.36
2026-05-07T21:31:11.2444024+08:00	0x06	-0.0479	-0.1984	0.8351	-0.5107	244.41	7.62	22.36
2026-05-07T21:31:11.2444024+08:00	0x01	-0.0316	-0.0644	-0.2675	0.9609	329.18	353.84	354.53
2026-05-07T21:31:11.2444024+08:00	0x03	-0.0032	-0.0172	0.3566	0.9341	41.78	358.02	0.36
2026-05-07T21:31:11.2444024+08:00	0x07	-0.7152	-0.2916	0.6342	0.0363	150.76	258.26	18.54
2026-05-07T21:31:11.2444024+08:00	0x06	-0.0447	-0.2018	0.8349	-0.5101	244.47	8.16	22.49
2026-05-07T21:31:11.2444024+08:00	0x08	-0.0028	-0.0265	-0.0030	0.9996	359.67	356.96	359.67
2026-05-07T21:31:11.2444024+08:00	0x02	0.0139	0.0013	-0.9566	0.2909	213.82	358.52	0.61
2026-05-07T21:31:11.2444024+08:00	0x09	0.0012	-0.0862	-0.9736	0.2114	204.69	357.75	350.36
2026-05-07T21:31:11.2444024+08:00	0x03	-0.0032	-0.0173	0.3566	0.9341	41.78	358.02	0.36
2026-05-07T21:31:11.2444024+08:00	0x07	-0.7149	-0.2805	0.6392	0.0410	151.62	259.15	17.45
2026-05-07T21:31:11.2444024+08:00	0x06	-0.0426	-0.1944	0.8387	-0.5069	243.79	7.77	21.67
2026-05-07T21:31:11.2444024+08:00	0x04	-0.0106	-0.0171	-0.1962	0.9803	337.38	358.32	358.42
2026-05-07T21:31:11.2444024+08:00	0x09	0.0012	-0.0862	-0.9736	0.2114	204.69	357.75	350.36
2026-05-07T21:31:11.2444024+08:00	0x01	-0.0316	-0.0644	-0.2675	0.9609	329.18	353.84	354.54
2026-05-07T21:31:11.2444024+08:00	0x03	-0.0032	-0.0173	0.3566	0.9341	41.78	358.02	0.36
2026-05-07T21:31:11.2444024+08:00	0x07	-0.7159	-0.2657	0.6442	0.0435	152.96	260.03	16.26
2026-05-07T21:31:11.2444024+08:00	0x06	-0.0430	-0.1889	0.8445	-0.4993	242.52	7.15	21.23
2026-05-07T21:31:11.2444024+08:00	0x08	-0.0028	-0.0265	-0.0030	0.9996	359.67	356.96	359.67
2026-05-07T21:31:11.2444024+08:00	0x02	0.0139	0.0014	-0.9566	0.2909	213.82	358.52	0.61
2026-05-07T21:31:11.2444024+08:00	0x09	0.0012	-0.0862	-0.9736	0.2114	204.69	357.75	350.36
2026-05-07T21:31:11.2444024+08:00	0x01	-0.0316	-0.0644	-0.2675	0.9609	329.18	353.84	354.54
2026-05-07T21:31:11.2444024+08:00	0x03	-0.0032	-0.0173	0.3566	0.9341	41.78	358.02	0.36
2026-05-07T21:31:11.2444024+08:00	0x07	-0.7160	-0.2634	0.6450	0.0434	153.19	260.16	16.12
2026-05-07T21:31:11.2444024+08:00	0x06	-0.0437	-0.1882	0.8469	-0.4954	241.94	6.93	21.22
2026-05-07T21:31:11.2444024+08:00	0x04	-0.0106	-0.0171	-0.1962	0.9803	337.38	358.32	358.42
2026-05-07T21:31:11.2444024+08:00	0x02	0.0139	0.0014	-0.9566	0.2909	213.82	358.52	0.61
2026-05-07T21:31:11.2444024+08:00	0x05	0.0043	-0.0059	0.4819	0.8762	57.62	359.64	0.75
2026-05-07T21:31:11.2454411+08:00	0x01	-0.0316	-0.0644	-0.2675	0.9609	329.18	353.84	354.54
2026-05-07T21:31:11.2454411+08:00	0x04	-0.0106	-0.0171	-0.1962	0.9803	337.38	358.32	358.42
2026-05-07T21:31:11.2454411+08:00	0x06	-0.0442	-0.1881	0.8482	-0.4933	241.64	6.82	21.26
2026-05-07T21:31:11.2454411+08:00	0x08	-0.0029	-0.0266	-0.0030	0.9996	359.67	356.96	359.66
2026-05-07T21:31:11.2454411+08:00	0x02	0.0139	0.0014	-0.9566	0.2909	213.82	358.52	0.61
2026-05-07T21:31:11.2454411+08:00	0x09	0.0012	-0.0862	-0.9736	0.2114	204.69	357.74	350.37
2026-05-07T21:31:11.2454411+08:00	0x07	-0.7159	-0.2621	0.6457	0.0441	153.28	260.28	15.98
2026-05-07T21:31:11.2454411+08:00	0x01	-0.0316	-0.0644	-0.2675	0.9609	329.18	353.84	354.54
2026-05-07T21:31:11.2454411+08:00	0x03	-0.0032	-0.0173	0.3566	0.9341	41.78	358.02	0.36
2026-05-07T21:31:11.2454411+08:00	0x04	-0.0106	-0.0171	-0.1962	0.9803	337.38	358.32	358.42
2026-05-07T21:31:11.2454411+08:00	0x06	-0.0446	-0.1878	0.8490	-0.4918	241.43	6.71	21.27
2026-05-07T21:31:11.2454411+08:00	0x08	-0.0029	-0.0265	-0.0030	0.9996	359.67	356.96	359.66
2026-05-07T21:31:11.2454411+08:00	0x09	0.0012	-0.0862	-0.9736	0.2114	204.69	357.75	350.36
2026-05-07T21:31:11.2454411+08:00	0x02	0.0139	0.0014	-0.9566	0.2909	213.82	358.52	0.61
2026-05-07T21:31:11.2454411+08:00	0x07	-0.7158	-0.2618	0.6458	0.0443	153.30	260.31	15.95
2026-05-07T21:31:11.2454411+08:00	0x01	-0.0316	-0.0644	-0.2675	0.9609	329.18	353.84	354.54
2026-05-07T21:31:11.2454411+08:00	0x03	-0.0032	-0.0173	0.3566	0.9341	41.78	358.02	0.36
2026-05-07T21:31:11.2454411+08:00	0x06	-0.0451	-0.1871	0.8502	-0.4900	241.15	6.58	21.24
2026-05-07T21:31:11.2454411+08:00	0x02	0.0139	0.0014	-0.9566	0.2909	213.82	358.52	0.61
2026-05-07T21:31:11.2454411+08:00	0x08	-0.0028	-0.0265	-0.0030	0.9996	359.67	356.96	359.67
2026-05-07T21:31:11.2454411+08:00	0x01	-0.0316	-0.0644	-0.2675	0.9609	329.18	353.84	354.54
2026-05-07T21:31:11.2454411+08:00	0x07	-0.7159	-0.2614	0.6459	0.0445	153.32	260.32	15.90
2026-05-07T21:31:11.2454411+08:00	0x03	-0.0032	-0.0173	0.3566	0.9341	41.78	358.02	0.36
2026-05-07T21:31:11.2454411+08:00	0x06	-0.0452	-0.1866	0.8509	-0.4890	241.00	6.51	21.21
2026-05-07T21:31:11.2454411+08:00	0x04	-0.0106	-0.0171	-0.1962	0.9803	337.38	358.32	358.42
2026-05-07T21:31:11.2454411+08:00	0x02	0.0139	0.0014	-0.9566	0.2909	213.82	358.52	0.61
2026-05-07T21:31:11.2454411+08:00	0x08	-0.0028	-0.0265	-0.0030	0.9996	359.67	356.96	359.67
2026-05-07T21:31:11.2454411+08:00	0x07	-0.7158	-0.2611	0.6461	0.0446	153.35	260.36	15.88
2026-05-07T21:31:11.2454411+08:00	0x05	0.0042	-0.0059	0.4819	0.8762	57.62	359.64	0.75
2026-05-07T21:31:11.2454411+08:00	0x01	-0.0316	-0.0644	-0.2675	0.9609	329.18	353.84	354.54
2026-05-07T21:31:11.2454411+08:00	0x03	-0.0032	-0.0173	0.3566	0.9341	41.78	358.02	0.36
2026-05-07T21:31:11.2454411+08:00	0x04	-0.0106	-0.0171	-0.1962	0.9803	337.38	358.32	358.42
2026-05-07T21:31:11.2454411+08:00	0x02	0.0139	0.0013	-0.9566	0.2909	213.82	358.52	0.61
2026-05-07T21:31:11.2454411+08:00	0x09	0.0012	-0.0862	-0.9736	0.2114	204.69	357.74	350.37
2026-05-07T21:31:11.2454411+08:00	0x07	-0.7158	-0.2607	0.6463	0.0445	153.40	260.38	15.86
2026-05-07T21:31:11.2454411+08:00	0x05	0.0043	-0.0059	0.4819	0.8762	57.62	359.64	0.75
2026-05-07T21:31:11.2454411+08:00	0x01	-0.0316	-0.0644	-0.2675	0.9609	329.18	353.84	354.54
2026-05-07T21:31:11.2454411+08:00	0x04	-0.0106	-0.0171	-0.1962	0.9803	337.38	358.32	358.42
2026-05-07T21:31:11.2454411+08:00	0x02	0.0139	0.0013	-0.9566	0.2909	213.82	358.52	0.61
2026-05-07T21:31:11.2454411+08:00	0x09	0.0012	-0.0862	-0.9736	0.2114	204.69	357.74	350.37
2026-05-07T21:31:11.2454411+08:00	0x07	-0.7158	-0.2607	0.6463	0.0443	153.42	260.38	15.87
2026-05-07T21:31:11.2454411+08:00	0x01	-0.0316	-0.0644	-0.2675	0.9609	329.18	353.84	354.54
2026-05-07T21:31:11.2454411+08:00	0x04	-0.0106	-0.0171	-0.1962	0.9803	337.38	358.32	358.42
2026-05-07T21:31:11.2454411+08:00	0x02	0.0139	0.0013	-0.9566	0.2909	213.82	358.52	0.61
2026-05-07T21:31:11.2454411+08:00	0x09	0.0012	-0.0862	-0.9736	0.2114	204.69	357.74	350.37
2026-05-07T21:31:11.2454411+08:00	0x07	-0.7158	-0.2606	0.6463	0.0442	153.43	260.38	15.88
2026-05-07T21:31:11.2454411+08:00	0x01	-0.0316	-0.0644	-0.2675	0.9609	329.18	353.84	354.54
2026-05-07T21:31:11.2454411+08:00	0x04	-0.0106	-0.0170	-0.1962	0.9804	337.38	358.32	358.43
2026-05-07T21:31:11.2454411+08:00	0x08	-0.0028	-0.0265	-0.0030	0.9996	359.67	356.96	359.67
2026-05-07T21:31:11.2454411+08:00	0x09	0.0012	-0.0862	-0.9736	0.2114	204.69	357.74	350.36
2026-05-07T21:31:11.2454411+08:00	0x07	-0.7158	-0.2605	0.6463	0.0442	153.44	260.39	15.87
2026-05-07T21:31:11.2454411+08:00	0x03	-0.0033	-0.0173	0.3566	0.9341	41.78	358.01	0.36
2026-05-07T21:31:11.2454411+08:00	0x01	-0.0316	-0.0644	-0.2675	0.9609	329.18	353.84	354.54
2026-05-07T21:31:11.2454411+08:00	0x06	-0.0465	-0.1853	0.8538	-0.4843	240.29	6.16	21.19
2026-05-07T21:31:11.2454411+08:00	0x02	0.0139	0.0013	-0.9566	0.2909	213.82	358.52	0.61
2026-05-07T21:31:11.2454411+08:00	0x08	-0.0028	-0.0265	-0.0030	0.9996	359.67	356.96	359.67
2026-05-07T21:31:11.2454411+08:00	0x09	0.0013	-0.0862	-0.9736	0.2114	204.69	357.74	350.37
2026-05-07T21:31:11.2454411+08:00	0x07	-0.7158	-0.2604	0.6464	0.0443	153.45	260.40	15.86
2026-05-07T21:31:11.2454411+08:00	0x01	-0.0316	-0.0644	-0.2675	0.9609	329.18	353.84	354.54
2026-05-07T21:31:11.2464409+08:00	0x03	-0.0033	-0.0173	0.3566	0.9341	41.78	358.01	0.36
2026-05-07T21:31:11.2464409+08:00	0x04	-0.0106	-0.0171	-0.1962	0.9804	337.38	358.32	358.43
2026-05-07T21:31:11.2464409+08:00	0x08	-0.0028	-0.0265	-0.0030	0.9996	359.67	356.96	359.67
2026-05-07T21:31:11.2464409+08:00	0x05	0.0042	-0.0059	0.4819	0.8762	57.62	359.64	0.75
2026-05-07T21:31:11.2464409+08:00	0x04	-0.0106	-0.0171	-0.1962	0.9804	337.38	358.32	358.43
2026-05-07T21:31:11.2464409+08:00	0x07	-0.7158	-0.2602	0.6464	0.0442	153.46	260.41	15.85
2026-05-07T21:31:11.2464409+08:00	0x09	0.0013	-0.0862	-0.9736	0.2114	204.69	357.74	350.37
2026-05-07T21:31:11.2464409+08:00	0x01	-0.0316	-0.0644	-0.2675	0.9609	329.18	353.84	354.54
2026-05-07T21:31:11.2464409+08:00	0x03	-0.0033	-0.0173	0.3566	0.9341	41.78	358.01	0.36
2026-05-07T21:31:11.2464409+08:00	0x02	0.0139	0.0013	-0.9566	0.2909	213.82	358.52	0.61
2026-05-07T21:31:11.2464409+08:00	0x08	-0.0029	-0.0265	-0.0030	0.9996	359.67	356.96	359.66
2026-05-07T21:31:11.2464409+08:00	0x09	0.0013	-0.0862	-0.9736	0.2114	204.69	357.74	350.37
2026-05-07T21:31:11.2464409+08:00	0x07	-0.7158	-0.2602	0.6465	0.0442	153.47	260.41	15.85
2026-05-07T21:31:11.2464409+08:00	0x03	-0.0033	-0.0173	0.3566	0.9341	41.78	358.01	0.36
2026-05-07T21:31:11.2464409+08:00	0x06	-0.0463	-0.1851	0.8538	-0.4844	240.29	6.17	21.16
2026-05-07T21:31:11.2464409+08:00	0x09	0.0013	-0.0862	-0.9736	0.2114	204.69	357.74	350.37
2026-05-07T21:31:11.2464409+08:00	0x04	-0.0106	-0.0171	-0.1962	0.9804	337.38	358.32	358.43
2026-05-07T21:31:11.2464409+08:00	0x03	-0.0032	-0.0173	0.3566	0.9341	41.78	358.02	0.36
2026-05-07T21:31:11.2464409+08:00	0x06	-0.0463	-0.1853	0.8537	-0.4844	240.30	6.18	21.18
2026-05-07T21:31:11.2464409+08:00	0x08	-0.0028	-0.0265	-0.0030	0.9996	359.67	356.96	359.67
2026-05-07T21:31:11.2464409+08:00	0x09	0.0013	-0.0862	-0.9736	0.2114	204.69	357.74	350.37
2026-05-07T21:31:11.2464409+08:00	0x03	-0.0032	-0.0173	0.3566	0.9341	41.78	358.02	0.36
2026-05-07T21:31:11.2464409+08:00	0x07	-0.7159	-0.2601	0.6465	0.0441	153.49	260.41	15.85
2026-05-07T21:31:11.2464409+08:00	0x06	-0.0464	-0.1852	0.8537	-0.4845	240.30	6.17	21.17
2026-05-07T21:31:11.2464409+08:00	0x08	-0.0028	-0.0265	-0.0030	0.9996	359.67	356.96	359.67
2026-05-07T21:31:11.2464409+08:00	0x09	0.0013	-0.0862	-0.9736	0.2114	204.69	357.74	350.37
2026-05-07T21:31:11.2464409+08:00	0x03	-0.0032	-0.0173	0.3566	0.9341	41.78	358.02	0.36
2026-05-07T21:31:11.2464409+08:00	0x04	-0.0106	-0.0171	-0.1962	0.9804	337.38	358.32	358.43
2026-05-07T21:31:11.2464409+08:00	0x06	-0.0464	-0.1848	0.8537	-0.4846	240.31	6.15	21.13
2026-05-07T21:31:11.2464409+08:00	0x08	-0.0028	-0.0265	-0.0030	0.9996	359.67	356.96	359.67
2026-05-07T21:31:11.2464409+08:00	0x02	0.0139	0.0013	-0.9566	0.2909	213.82	358.52	0.61
2026-05-07T21:31:11.2464409+08:00	0x03	-0.0032	-0.0173	0.3566	0.9341	41.78	358.02	0.36
2026-05-07T21:31:11.2464409+08:00	0x05	0.0042	-0.0059	0.4819	0.8762	57.62	359.64	0.75
2026-05-07T21:31:11.2464409+08:00	0x07	-0.7159	-0.2597	0.6467	0.0440	153.54	260.44	15.83
2026-05-07T21:31:11.2464409+08:00	0x06	-0.0476	-0.1849	0.8544	-0.4833	240.12	6.00	21.22
2026-05-07T21:31:11.2464409+08:00	0x09	0.0012	-0.0862	-0.9736	0.2114	204.69	357.74	350.36
2026-05-07T21:31:11.2464409+08:00	0x08	-0.0028	-0.0265	-0.0030	0.9996	359.67	356.96	359.67
2026-05-07T21:31:11.2464409+08:00	0x02	0.0139	0.0013	-0.9566	0.2909	213.82	358.52	0.61
2026-05-07T21:31:11.2464409+08:00	0x04	-0.0106	-0.0171	-0.1962	0.9804	337.38	358.32	358.43
2026-05-07T21:31:11.2464409+08:00	0x07	-0.7160	-0.2698	0.6425	0.0431	152.56	259.74	16.56
2026-05-07T21:31:11.2464409+08:00	0x06	-0.0458	-0.1914	0.8503	-0.4882	241.01	6.73	21.73
2026-05-07T21:31:11.2464409+08:00	0x09	0.0012	-0.0862	-0.9736	0.2114	204.69	357.74	350.36
2026-05-07T21:31:11.2464409+08:00	0x08	-0.0028	-0.0265	-0.0030	0.9996	359.67	356.96	359.67
2026-05-07T21:31:11.2464409+08:00	0x03	-0.0032	-0.0173	0.3566	0.9341	41.78	358.02	0.36
2026-05-07T21:31:11.2464409+08:00	0x04	-0.0106	-0.0170	-0.1962	0.9804	337.38	358.32	358.42
2026-05-07T21:31:11.2464409+08:00	0x06	-0.0451	-0.1890	0.8494	-0.4906	241.29	6.71	21.43
2026-05-07T21:31:11.2464409+08:00	0x02	0.0139	0.0013	-0.9566	0.2909	213.82	358.52	0.61
2026-05-07T21:31:11.2464409+08:00	0x09	0.0012	-0.0862	-0.9736	0.2114	204.69	357.74	350.37
2026-05-07T21:31:11.2464409+08:00	0x03	-0.0032	-0.0173	0.3566	0.9341	41.78	358.02	0.36
2026-05-07T21:31:11.2464409+08:00	0x07	-0.7155	-0.2648	0.6450	0.0439	153.02	260.17	16.18
2026-05-07T21:31:11.2464409+08:00	0x06	-0.0450	-0.1880	0.8499	-0.4901	241.20	6.65	21.33
2026-05-07T21:31:11.2464409+08:00	0x02	0.0139	0.0013	-0.9566	0.2909	213.82	358.52	0.61
2026-05-07T21:31:11.2464409+08:00	0x08	-0.0028	-0.0265	-0.0030	0.9996	359.67	356.96	359.67
2026-05-07T21:31:11.2464409+08:00	0x01	-0.0316	-0.0644	-0.2675	0.9609	329.19	353.84	354.53
2026-05-07T21:31:11.2464409+08:00	0x03	-0.0032	-0.0172	0.3566	0.9341	41.78	358.02	0.36
2026-05-07T21:31:11.2464409+08:00	0x07	-0.7155	-0.2632	0.6456	0.0440	153.19	260.27	16.07
2026-05-07T21:31:11.2464409+08:00	0x06	-0.0454	-0.1878	0.8506	-0.4890	241.02	6.57	21.34
2026-05-07T21:31:11.2464409+08:00	0x02	0.0139	0.0013	-0.9566	0.2909	213.82	358.52	0.61
2026-05-07T21:31:11.2464409+08:00	0x09	0.0012	-0.0862	-0.9736	0.2114	204.69	357.74	350.37
2026-05-07T21:31:11.2464409+08:00	0x01	-0.0316	-0.0644	-0.2675	0.9609	329.19	353.84	354.53
2026-05-07T21:31:11.2464409+08:00	0x07	-0.7155	-0.2635	0.6455	0.0440	153.16	260.25	16.10
2026-05-07T21:31:11.2464409+08:00	0x06	-0.0454	-0.1879	0.8505	-0.4891	241.04	6.58	21.35
2026-05-07T21:31:11.2464409+08:00	0x02	0.0139	0.0013	-0.9566	0.2909	213.82	358.52	0.61
2026-05-07T21:31:11.2464409+08:00	0x08	-0.0028	-0.0265	-0.0030	0.9996	359.67	356.96	359.67
2026-05-07T21:31:11.2474368+08:00	0x09	0.0012	-0.0862	-0.9736	0.2114	204.69	357.74	350.37
2026-05-07T21:31:11.2474368+08:00	0x03	-0.0032	-0.0173	0.3566	0.9341	41.78	358.02	0.36
2026-05-07T21:31:11.2474368+08:00	0x01	-0.0316	-0.0644	-0.2675	0.9609	329.19	353.84	354.53
2026-05-07T21:31:11.2474368+08:00	0x07	-0.7155	-0.2631	0.6457	0.0440	153.20	260.27	16.07
2026-05-07T21:31:11.2474368+08:00	0x06	-0.0453	-0.1877	0.8508	-0.4888	241.00	6.57	21.33
2026-05-07T21:31:11.2474368+08:00	0x02	0.0139	0.0013	-0.9566	0.2909	213.82	358.52	0.61
2026-05-07T21:31:11.2474368+08:00	0x09	0.0012	-0.0862	-0.9736	0.2114	204.69	357.74	350.37
2026-05-07T21:31:11.2474368+08:00	0x04	-0.0106	-0.0171	-0.1962	0.9803	337.38	358.32	358.42
2026-05-07T21:31:11.2474368+08:00	0x06	-0.0450	-0.1878	0.8508	-0.4887	240.99	6.59	21.32
2026-05-07T21:31:11.2474368+08:00	0x07	-0.7155	-0.2633	0.6456	0.0441	153.17	260.27	16.07
2026-05-07T21:31:11.2474368+08:00	0x02	0.0139	0.0013	-0.9566	0.2909	213.82	358.52	0.61
2026-05-07T21:31:11.2474368+08:00	0x04	-0.0106	-0.0171	-0.1962	0.9804	337.38	358.32	358.43
2026-05-07T21:31:11.2474368+08:00	0x09	0.0012	-0.0862	-0.9736	0.2114	204.69	357.74	350.37
2026-05-07T21:31:11.2474368+08:00	0x03	-0.0032	-0.0173	0.3566	0.9341	41.78	358.02	0.36
2026-05-07T21:31:11.2474368+08:00	0x07	-0.7153	-0.2633	0.6458	0.0442	153.17	260.29	16.07
2026-05-07T21:31:11.2474368+08:00	0x01	-0.0316	-0.0644	-0.2675	0.9609	329.19	353.84	354.53
2026-05-07T21:31:11.2474368+08:00	0x06	-0.0450	-0.1876	0.8506	-0.4892	241.04	6.59	21.29
2026-05-07T21:31:11.2474368+08:00	0x02	0.0139	0.0013	-0.9566	0.2909	213.82	358.52	0.61
2026-05-07T21:31:11.2474368+08:00	0x09	0.0012	-0.0862	-0.9736	0.2114	204.69	357.74	350.37
2026-05-07T21:31:11.2474368+08:00	0x05	0.0043	-0.0059	0.4819	0.8762	57.62	359.65	0.75
2026-05-07T21:31:11.2474368+08:00	0x03	-0.0032	-0.0173	0.3566	0.9341	41.78	358.02	0.36
2026-05-07T21:31:11.2474368+08:00	0x07	-0.7153	-0.2631	0.6459	0.0443	153.18	260.31	16.04
2026-05-07T21:31:11.2474368+08:00	0x06	-0.0450	-0.1871	0.8508	-0.4891	241.02	6.56	21.24
2026-05-07T21:31:11.2474368+08:00	0x02	0.0139	0.0013	-0.9566	0.2909	213.82	358.52	0.61
2026-05-07T21:31:11.2474368+08:00	0x01	-0.0316	-0.0644	-0.2675	0.9609	329.18	353.84	354.54
2026-05-07T21:31:11.2474368+08:00	0x04	-0.0106	-0.0171	-0.1962	0.9804	337.38	358.32	358.43
2026-05-07T21:31:11.2474368+08:00	0x07	-0.7153	-0.2631	0.6459	0.0442	153.18	260.31	16.06
2026-05-07T21:31:11.2474368+08:00	0x06	-0.0448	-0.1874	0.8502	-0.4899	241.14	6.62	21.26
2026-05-07T21:31:11.2474368+08:00	0x02	0.0139	0.0013	-0.9566	0.2909	213.82	358.52	0.61
2026-05-07T21:31:11.2474368+08:00	0x09	0.0012	-0.0862	-0.9736	0.2114	204.69	357.74	350.37
2026-05-07T21:31:11.2474368+08:00	0x03	-0.0032	-0.0173	0.3566	0.9341	41.78	358.02	0.36
2026-05-07T21:31:11.2474368+08:00	0x07	-0.7153	-0.2632	0.6458	0.0441	153.18	260.29	16.07
2026-05-07T21:31:11.2474368+08:00	0x06	-0.0448	-0.1877	0.8497	-0.4907	241.27	6.66	21.28
2026-05-07T21:31:11.2474368+08:00	0x02	0.0139	0.0013	-0.9566	0.2909	213.82	358.52	0.61
2026-05-07T21:31:11.2474368+08:00	0x01	-0.0316	-0.0644	-0.2675	0.9609	329.19	353.84	354.53
2026-05-07T21:31:11.2474368+08:00	0x04	-0.0106	-0.0170	-0.1962	0.9804	337.38	358.32	358.43
2026-05-07T21:31:11.2474368+08:00	0x03	-0.0032	-0.0173	0.3566	0.9341	41.78	358.02	0.36
2026-05-07T21:31:11.2474368+08:00	0x07	-0.7153	-0.2630	0.6459	0.0444	153.19	260.32	16.03
2026-05-07T21:31:11.2474368+08:00	0x08	-0.0029	-0.0265	-0.0030	0.9996	359.67	356.96	359.66
2026-05-07T21:31:11.2474368+08:00	0x02	0.0139	0.0013	-0.9566	0.2909	213.82	358.52	0.61
2026-05-07T21:31:11.2474368+08:00	0x06	-0.0447	-0.1871	0.8499	-0.4906	241.24	6.63	21.22
2026-05-07T21:31:11.2474368+08:00	0x01	-0.0316	-0.0644	-0.2675	0.9609	329.19	353.84	354.53
2026-05-07T21:31:11.2474368+08:00	0x04	-0.0106	-0.0170	-0.1962	0.9804	337.38	358.32	358.43
2026-05-07T21:31:11.2474368+08:00	0x03	-0.0032	-0.0173	0.3566	0.9341	41.78	358.02	0.36
2026-05-07T21:31:11.2474368+08:00	0x07	-0.7153	-0.2629	0.6460	0.0443	153.20	260.33	16.04
2026-05-07T21:31:11.2474368+08:00	0x06	-0.0447	-0.1872	0.8504	-0.4896	241.10	6.60	21.23
2026-05-07T21:31:11.2474368+08:00	0x02	0.0139	0.0013	-0.9566	0.2909	213.82	358.52	0.61
2026-05-07T21:31:11.2474368+08:00	0x09	0.0012	-0.0862	-0.9736	0.2114	204.69	357.74	350.37
2026-05-07T21:31:11.2474368+08:00	0x05	0.0042	-0.0059	0.4819	0.8762	57.62	359.65	0.75
2026-05-07T21:31:11.2474368+08:00	0x04	-0.0106	-0.0170	-0.1962	0.9804	337.38	358.32	358.43
2026-05-07T21:31:11.2474368+08:00	0x07	-0.7153	-0.2624	0.6462	0.0444	153.24	260.36	15.99
2026-05-07T21:31:11.2474368+08:00	0x06	-0.0449	-0.1868	0.8510	-0.4887	240.95	6.54	21.22
2026-05-07T21:31:11.2474368+08:00	0x02	0.0139	0.0013	-0.9566	0.2909	213.82	358.52	0.61
2026-05-07T21:31:11.2474368+08:00	0x08	-0.0029	-0.0265	-0.0030	0.9996	359.67	356.96	359.66
2026-05-07T21:31:11.2474368+08:00	0x07	-0.7153	-0.2621	0.6462	0.0443	153.28	260.37	15.99
2026-05-07T21:31:11.2474368+08:00	0x03	-0.0032	-0.0173	0.3566	0.9341	41.78	358.02	0.36
2026-05-07T21:31:11.2474368+08:00	0x06	-0.0454	-0.1865	0.8515	-0.4880	240.85	6.45	21.22
2026-05-07T21:31:11.2474368+08:00	0x02	0.0139	0.0013	-0.9566	0.2909	213.82	358.52	0.61
2026-05-07T21:31:11.2474368+08:00	0x09	0.0012	-0.0862	-0.9736	0.2114	204.69	357.74	350.37
2026-05-07T21:31:11.2474368+08:00	0x04	-0.0106	-0.0170	-0.1962	0.9804	337.38	358.32	358.43
2026-05-07T21:31:11.2474368+08:00	0x03	-0.0032	-0.0173	0.3566	0.9341	41.78	358.02	0.36
2026-05-07T21:31:11.2474368+08:00	0x07	-0.7156	-0.2621	0.6460	0.0438	153.31	260.33	16.02
2026-05-07T21:31:11.2474368+08:00	0x06	-0.0463	-0.1894	0.8490	-0.4911	241.35	6.63	21.54
2026-05-07T21:31:11.2474368+08:00	0x02	0.0139	0.0013	-0.9566	0.2909	213.82	358.52	0.61
2026-05-07T21:31:11.2484355+08:00	0x01	-0.0316	-0.0644	-0.2675	0.9609	329.18	353.84	354.54
2026-05-07T21:31:11.2484355+08:00	0x09	0.0012	-0.0862	-0.9736	0.2114	204.69	357.74	350.37
2026-05-07T21:31:11.2484355+08:00	0x08	-0.0029	-0.0265	-0.0030	0.9996	359.67	356.96	359.66
2026-05-07T21:31:11.2484355+08:00	0x07	-0.7130	-0.3015	0.6322	0.0326	150.00	257.84	19.56
2026-05-07T21:31:11.2484355+08:00	0x03	-0.0032	-0.0173	0.3566	0.9341	41.78	358.02	0.36
2026-05-07T21:31:11.2484355+08:00	0x04	-0.0106	-0.0170	-0.1962	0.9804	337.38	358.32	358.43
2026-05-07T21:31:11.2484355+08:00	0x02	0.0139	0.0014	-0.9566	0.2909	213.82	358.52	0.61
2026-05-07T21:31:11.2484355+08:00	0x09	0.0012	-0.0862	-0.9736	0.2114	204.69	357.74	350.37
2026-05-07T21:31:11.2484355+08:00	0x04	-0.0106	-0.0170	-0.1962	0.9804	337.38	358.32	358.43
2026-05-07T21:31:11.2484355+08:00	0x07	-0.7148	-0.2978	0.6319	0.0327	150.34	257.81	19.25
2026-05-07T21:31:11.2484355+08:00	0x03	-0.0032	-0.0173	0.3566	0.9341	41.78	358.02	0.36
2026-05-07T21:31:11.2484355+08:00	0x06	-0.0475	-0.1949	0.8300	-0.5205	245.67	7.68	21.91
2026-05-07T21:31:11.2484355+08:00	0x02	0.0139	0.0013	-0.9566	0.2909	213.82	358.52	0.61
2026-05-07T21:31:11.2484355+08:00	0x09	0.0012	-0.0862	-0.9736	0.2114	204.69	357.75	350.36
2026-05-07T21:31:11.2484355+08:00	0x05	0.0043	-0.0059	0.4819	0.8762	57.62	359.64	0.75
2026-05-07T21:31:11.2484355+08:00	0x08	-0.0029	-0.0265	-0.0030	0.9996	359.67	356.96	359.66
2026-05-07T21:31:11.2484355+08:00	0x06	-0.0475	-0.1953	0.8284	-0.5228	246.02	7.77	21.91
2026-05-07T21:31:11.2484355+08:00	0x02	0.0139	0.0013	-0.9566	0.2909	213.82	358.52	0.61
2026-05-07T21:31:11.2484355+08:00	0x09	0.0012	-0.0862	-0.9736	0.2114	204.69	357.75	350.36
2026-05-07T21:31:11.2484355+08:00	0x01	-0.0316	-0.0644	-0.2675	0.9609	329.19	353.84	354.53
2026-05-07T21:31:11.2484355+08:00	0x07	-0.7155	-0.2926	0.6334	0.0356	150.69	258.13	18.64
2026-05-07T21:31:11.2484355+08:00	0x03	-0.0032	-0.0173	0.3566	0.9341	41.78	358.02	0.36
2026-05-07T21:31:11.2484355+08:00	0x06	-0.0471	-0.1954	0.8275	-0.5243	246.24	7.86	21.89
2026-05-07T21:31:11.2484355+08:00	0x02	0.0139	0.0013	-0.9566	0.2909	213.82	358.52	0.61
2026-05-07T21:31:11.2484355+08:00	0x09	0.0012	-0.0862	-0.9736	0.2114	204.69	357.75	350.36
2026-05-07T21:31:11.2484355+08:00	0x01	-0.0316	-0.0644	-0.2675	0.9609	329.18	353.84	354.53
2026-05-07T21:31:11.2484355+08:00	0x04	-0.0106	-0.0170	-0.1962	0.9804	337.38	358.32	358.43
2026-05-07T21:31:11.2484355+08:00	0x03	-0.0032	-0.0173	0.3566	0.9341	41.78	358.02	0.36
2026-05-07T21:31:11.2484355+08:00	0x07	-0.7153	-0.2923	0.6338	0.0359	150.71	258.18	18.61
2026-05-07T21:31:11.2484355+08:00	0x02	0.0139	0.0013	-0.9566	0.2909	213.82	358.52	0.61
2026-05-07T21:31:11.2484355+08:00	0x09	0.0012	-0.0862	-0.9736	0.2114	204.69	357.75	350.36
2026-05-07T21:31:11.2484355+08:00	0x08	-0.0029	-0.0266	-0.0030	0.9996	359.67	356.96	359.66
2026-05-07T21:31:11.2484355+08:00	0x07	-0.7152	-0.2926	0.6337	0.0357	150.70	258.17	18.65
2026-05-07T21:31:11.2484355+08:00	0x06	-0.0469	-0.1959	0.8269	-0.5250	246.36	7.94	21.91
2026-05-07T21:31:11.2484355+08:00	0x02	0.0139	0.0013	-0.9566	0.2909	213.82	358.52	0.61
2026-05-07T21:31:11.2484355+08:00	0x09	0.0012	-0.0862	-0.9736	0.2114	204.69	357.75	350.36
2026-05-07T21:31:11.2484355+08:00	0x04	-0.0106	-0.0170	-0.1962	0.9804	337.38	358.32	358.43
2026-05-07T21:31:11.2484355+08:00	0x08	-0.0029	-0.0265	-0.0030	0.9996	359.67	356.96	359.66
2026-05-07T21:31:11.2484355+08:00	0x03	-0.0032	-0.0173	0.3566	0.9341	41.78	358.02	0.36
2026-05-07T21:31:11.2484355+08:00	0x07	-0.7153	-0.2924	0.6337	0.0356	150.72	258.17	18.64
2026-05-07T21:31:11.2484355+08:00	0x06	-0.0469	-0.1956	0.8267	-0.5254	246.41	7.93	21.88
2026-05-07T21:31:11.2484355+08:00	0x02	0.0139	0.0013	-0.9566	0.2909	213.82	358.52	0.61
2026-05-07T21:31:11.2484355+08:00	0x01	-0.0316	-0.0644	-0.2675	0.9609	329.19	353.84	354.53
2026-05-07T21:31:11.2484355+08:00	0x08	-0.0029	-0.0266	-0.0030	0.9996	359.67	356.96	359.66
2026-05-07T21:31:11.2484355+08:00	0x03	-0.0032	-0.0173	0.3566	0.9341	41.78	358.02	0.36
2026-05-07T21:31:11.2484355+08:00	0x07	-0.7148	-0.2911	0.6349	0.0367	150.80	258.37	18.48
2026-05-07T21:31:11.2484355+08:00	0x06	-0.0462	-0.1964	0.8263	-0.5258	246.50	8.07	21.91
2026-05-07T21:31:11.2484355+08:00	0x02	0.0139	0.0013	-0.9566	0.2909	213.82	358.52	0.61
2026-05-07T21:31:11.2484355+08:00	0x05	0.0043	-0.0059	0.4819	0.8762	57.62	359.64	0.75
2026-05-07T21:31:11.2484355+08:00	0x04	-0.0106	-0.0170	-0.1962	0.9804	337.38	358.32	358.43
2026-05-07T21:31:11.2484355+08:00	0x08	-0.0028	-0.0266	-0.0030	0.9996	359.67	356.96	359.67
2026-05-07T21:31:11.2484355+08:00	0x06	-0.0458	-0.1960	0.8267	-0.5254	246.43	8.07	21.85
2026-05-07T21:31:11.2484355+08:00	0x03	-0.0033	-0.0173	0.3566	0.9341	41.78	358.02	0.36
2026-05-07T21:31:11.2484355+08:00	0x02	0.0139	0.0013	-0.9566	0.2909	213.82	358.52	0.61
2026-05-07T21:31:11.2484355+08:00	0x01	-0.0316	-0.0644	-0.2675	0.9609	329.18	353.84	354.53
2026-05-07T21:31:11.2484355+08:00	0x09	0.0012	-0.0862	-0.9736	0.2114	204.69	357.75	350.36
2026-05-07T21:31:11.2484355+08:00	0x03	-0.0032	-0.0173	0.3566	0.9341	41.78	358.02	0.36
2026-05-07T21:31:11.2484355+08:00	0x06	-0.0465	-0.1922	0.8327	-0.5172	245.12	7.50	21.61
2026-05-07T21:31:11.2484355+08:00	0x07	-0.7170	-0.2796	0.6375	0.0366	151.98	258.82	17.70
2026-05-07T21:31:11.2484355+08:00	0x03	-0.0033	-0.0173	0.3566	0.9341	41.78	358.02	0.36
2026-05-07T21:31:11.2484355+08:00	0x02	0.0139	0.0013	-0.9566	0.2909	213.82	358.52	0.61
2026-05-07T21:31:11.2494345+08:00	0x09	0.0012	-0.0862	-0.9736	0.2114	204.69	357.75	350.36
2026-05-07T21:31:11.2494345+08:00	0x03	-0.0032	-0.0173	0.3566	0.9341	41.78	358.02	0.36
2026-05-07T21:31:11.2494345+08:00	0x04	-0.0106	-0.0170	-0.1962	0.9804	337.38	358.32	358.42
2026-05-07T21:31:11.2494345+08:00	0x07	-0.7168	-0.2777	0.6386	0.0370	152.16	259.01	17.56
2026-05-07T21:31:11.2494345+08:00	0x06	-0.0463	-0.1922	0.8353	-0.5131	244.54	7.41	21.63
2026-05-07T21:31:11.2494345+08:00	0x03	-0.0033	-0.0173	0.3566	0.9341	41.78	358.02	0.36
2026-05-07T21:31:11.2494345+08:00	0x04	-0.0106	-0.0171	-0.1962	0.9803	337.38	358.32	358.42
2026-05-07T21:31:11.2494345+08:00	0x01	-0.0316	-0.0644	-0.2675	0.9609	329.18	353.84	354.54
2026-05-07T21:31:11.2494345+08:00	0x08	-0.0028	-0.0266	-0.0030	0.9996	359.67	356.96	359.67
2026-05-07T21:31:11.2494345+08:00	0x06	-0.0473	-0.1925	0.8363	-0.5113	244.28	7.28	21.73
2026-05-07T21:31:11.2494345+08:00	0x03	-0.0033	-0.0173	0.3566	0.9341	41.78	358.02	0.36
2026-05-07T21:31:11.2494345+08:00	0x07	-0.7165	-0.2782	0.6387	0.0369	152.11	259.03	17.61
2026-05-07T21:31:11.2494345+08:00	0x02	0.0139	0.0013	-0.9566	0.2909	213.82	358.52	0.61
2026-05-07T21:31:11.2494345+08:00	0x05	0.0042	-0.0059	0.4819	0.8762	57.62	359.64	0.75
2026-05-07T21:31:11.2494345+08:00	0x09	0.0012	-0.0862	-0.9736	0.2114	204.69	357.75	350.36
2026-05-07T21:31:11.2494345+08:00	0x06	-0.0473	-0.1925	0.8370	-0.5101	244.12	7.25	21.75
2026-05-07T21:31:11.2494345+08:00	0x03	-0.0032	-0.0172	0.3566	0.9341	41.78	358.02	0.36
2026-05-07T21:31:11.2494345+08:00	0x05	0.0042	-0.0059	0.4819	0.8762	57.62	359.65	0.75
2026-05-07T21:31:11.2494345+08:00	0x02	0.0139	0.0013	-0.9566	0.2909	213.82	358.52	0.61
2026-05-07T21:31:11.2494345+08:00	0x09	0.0012	-0.0862	-0.9736	0.2114	204.69	357.75	350.36
2026-05-07T21:31:11.2494345+08:00	0x03	-0.0032	-0.0173	0.3566	0.9341	41.78	358.02	0.36
2026-05-07T21:31:11.2494345+08:00	0x06	-0.0478	-0.1927	0.8378	-0.5087	243.91	7.18	21.81
2026-05-07T21:31:11.2494345+08:00	0x07	-0.7165	-0.2779	0.6388	0.0370	152.14	259.04	17.58
2026-05-07T21:31:11.2494345+08:00	0x02	0.0139	0.0013	-0.9566	0.2909	213.82	358.52	0.61
2026-05-07T21:31:11.2494345+08:00	0x01	-0.0316	-0.0644	-0.2675	0.9609	329.19	353.84	354.53
2026-05-07T21:31:11.2494345+08:00	0x09	0.0012	-0.0862	-0.9736	0.2114	204.69	357.75	350.36
2026-05-07T21:31:11.2494345+08:00	0x07	-0.7169	-0.2781	0.6383	0.0370	152.11	258.96	17.58
2026-05-07T21:31:11.2494345+08:00	0x06	-0.0486	-0.1932	0.8380	-0.5080	243.83	7.11	21.91
2026-05-07T21:31:11.2494345+08:00	0x08	-0.0028	-0.0266	-0.0030	0.9996	359.67	356.96	359.67
2026-05-07T21:31:11.2494345+08:00	0x03	-0.0032	-0.0173	0.3566	0.9341	41.78	358.02	0.36
2026-05-07T21:31:11.2494345+08:00	0x01	-0.0316	-0.0644	-0.2675	0.9609	329.19	353.84	354.53
2026-05-07T21:31:11.2494345+08:00	0x08	-0.0028	-0.0266	-0.0030	0.9996	359.67	356.96	359.67
2026-05-07T21:31:11.2494345+08:00	0x03	-0.0032	-0.0173	0.3566	0.9341	41.78	358.02	0.36
2026-05-07T21:31:11.2494345+08:00	0x07	-0.7167	-0.2790	0.6381	0.0365	152.05	258.92	17.68
2026-05-07T21:31:11.2494345+08:00	0x04	-0.0106	-0.0170	-0.1962	0.9804	337.38	358.32	358.42
2026-05-07T21:31:11.2494345+08:00	0x01	-0.0316	-0.0644	-0.2675	0.9609	329.19	353.84	354.53
2026-05-07T21:31:11.2494345+08:00	0x03	-0.0032	-0.0172	0.3566	0.9341	41.78	358.02	0.36
2026-05-07T21:31:11.2494345+08:00	0x06	-0.0494	-0.1941	0.8389	-0.5061	243.58	7.04	22.07
2026-05-07T21:31:11.2494345+08:00	0x02	0.0139	0.0013	-0.9566	0.2909	213.82	358.52	0.61
2026-05-07T21:31:11.2494345+08:00	0x01	-0.0316	-0.0644	-0.2675	0.9609	329.19	353.84	354.53
2026-05-07T21:31:11.2494345+08:00	0x04	-0.0106	-0.0170	-0.1962	0.9804	337.38	358.32	358.43
2026-05-07T21:31:11.2494345+08:00	0x09	0.0011	-0.0863	-0.9736	0.2114	204.69	357.75	350.36
2026-05-07T21:31:11.2494345+08:00	0x03	-0.0032	-0.0172	0.3566	0.9341	41.78	358.02	0.36
2026-05-07T21:31:11.2494345+08:00	0x07	-0.7171	-0.2801	0.6371	0.0367	151.91	258.77	17.72
2026-05-07T21:31:11.2494345+08:00	0x02	0.0139	0.0013	-0.9566	0.2909	213.82	358.52	0.61
2026-05-07T21:31:11.2494345+08:00	0x05	0.0042	-0.0059	0.4819	0.8762	57.62	359.64	0.75
2026-05-07T21:31:11.2494345+08:00	0x04	-0.0106	-0.0170	-0.1962	0.9804	337.38	358.32	358.43
2026-05-07T21:31:11.2494345+08:00	0x09	0.0012	-0.0863	-0.9736	0.2114	204.69	357.75	350.36
2026-05-07T21:31:11.2494345+08:00	0x07	-0.7175	-0.2836	0.6351	0.0373	151.49	258.46	17.86
2026-05-07T21:31:11.2494345+08:00	0x08	-0.0028	-0.0266	-0.0030	0.9996	359.67	356.96	359.67
2026-05-07T21:31:11.2494345+08:00	0x02	0.0139	0.0013	-0.9566	0.2909	213.82	358.52	0.61
2026-05-07T21:31:11.2494345+08:00	0x04	-0.0106	-0.0170	-0.1962	0.9804	337.38	358.32	358.43
2026-05-07T21:31:11.2494345+08:00	0x09	0.0012	-0.0863	-0.9736	0.2114	204.69	357.75	350.36
2026-05-07T21:31:11.2494345+08:00	0x07	-0.7181	-0.2845	0.6340	0.0377	151.35	258.29	17.86
2026-05-07T21:31:11.2494345+08:00	0x03	-0.0032	-0.0172	0.3566	0.9341	41.78	358.02	0.36
2026-05-07T21:31:11.2494345+08:00	0x06	-0.0531	-0.1995	0.8363	-0.5079	243.97	7.09	22.81
2026-05-07T21:31:11.2494345+08:00	0x08	-0.0028	-0.0266	-0.0030	0.9996	359.67	356.96	359.67
2026-05-07T21:31:11.2494345+08:00	0x02	0.0139	0.0014	-0.9566	0.2909	213.82	358.52	0.62
2026-05-07T21:31:11.2494345+08:00	0x01	-0.0316	-0.0644	-0.2675	0.9609	329.18	353.84	354.54
2026-05-07T21:31:11.2494345+08:00	0x09	0.0011	-0.0863	-0.9736	0.2114	204.69	357.75	350.36
2026-05-07T21:31:11.2494345+08:00	0x07	-0.7184	-0.2850	0.6335	0.0378	151.28	258.20	17.86
2026-05-07T21:31:11.2504288+08:00	0x03	-0.0032	-0.0172	0.3566	0.9341	41.78	358.02	0.36
2026-05-07T21:31:11.2504288+08:00	0x08	-0.0028	-0.0266	-0.0030	0.9996	359.67	356.96	359.67
2026-05-07T21:31:11.2504288+08:00	0x02	0.0139	0.0014	-0.9566	0.2909	213.82	358.52	0.61
2026-05-07T21:31:11.2504288+08:00	0x04	-0.0106	-0.0170	-0.1962	0.9804	337.38	358.32	358.43
2026-05-07T21:31:11.2504288+08:00	0x01	-0.0316	-0.0644	-0.2675	0.9609	329.18	353.84	354.54
2026-05-07T21:31:11.2504288+08:00	0x09	0.0011	-0.0863	-0.9736	0.2114	204.69	357.75	350.36
2026-05-07T21:31:11.2504288+08:00	0x07	-0.7179	-0.2850	0.6340	0.0378	151.29	258.28	17.88
2026-05-07T21:31:11.2504288+08:00	0x03	-0.0032	-0.0172	0.3566	0.9341	41.78	358.02	0.36
2026-05-07T21:31:11.2504288+08:00	0x02	0.0139	0.0014	-0.9566	0.2909	213.82	358.52	0.61
2026-05-07T21:31:11.2504288+08:00	0x01	-0.0316	-0.0644	-0.2675	0.9609	329.18	353.84	354.54
2026-05-07T21:31:11.2504288+08:00	0x06	-0.0506	-0.1980	0.8390	-0.5043	243.44	7.14	22.54
2026-05-07T21:31:11.2504288+08:00	0x07	-0.7174	-0.2819	0.6359	0.0385	151.59	258.60	17.66
2026-05-07T21:31:11.2504288+08:00	0x09	0.0012	-0.0863	-0.9736	0.2114	204.69	357.75	350.36
2026-05-07T21:31:11.2504288+08:00	0x02	0.0139	0.0013	-0.9566	0.2909	213.82	358.52	0.61
2026-05-07T21:31:11.2504288+08:00	0x05	0.0042	-0.0059	0.4819	0.8762	57.62	359.64	0.75
2026-05-07T21:31:11.2504288+08:00	0x04	-0.0106	-0.0171	-0.1962	0.9804	337.38	358.32	358.43
2026-05-07T21:31:11.2504288+08:00	0x09	0.0011	-0.0863	-0.9736	0.2114	204.69	357.75	350.36
2026-05-07T21:31:11.2504288+08:00	0x03	-0.0032	-0.0173	0.3566	0.9341	41.78	358.02	0.36
2026-05-07T21:31:11.2504288+08:00	0x08	-0.0028	-0.0266	-0.0030	0.9996	359.67	356.96	359.67
2026-05-07T21:31:11.2504288+08:00	0x02	0.0139	0.0013	-0.9566	0.2909	213.82	358.52	0.61
2026-05-07T21:31:11.2504288+08:00	0x09	0.0012	-0.0863	-0.9736	0.2114	204.69	357.75	350.36
2026-05-07T21:31:11.2504288+08:00	0x07	-0.7173	-0.2810	0.6364	0.0386	151.67	258.69	17.60
2026-05-07T21:31:11.2504288+08:00	0x08	-0.0028	-0.0265	-0.0030	0.9996	359.67	356.96	359.67
2026-05-07T21:31:11.2504288+08:00	0x02	0.0139	0.0013	-0.9566	0.2909	213.82	358.52	0.61
2026-05-07T21:31:11.2504288+08:00	0x01	-0.0316	-0.0644	-0.2675	0.9609	329.19	353.84	354.53
2026-05-07T21:31:11.2504288+08:00	0x04	-0.0106	-0.0170	-0.1962	0.9804	337.38	358.32	358.43
2026-05-07T21:31:11.2504288+08:00	0x03	-0.0032	-0.0173	0.3566	0.9341	41.78	358.02	0.36
2026-05-07T21:31:11.2504288+08:00	0x09	0.0012	-0.0863	-0.9736	0.2114	204.69	357.75	350.36
2026-05-07T21:31:11.2504288+08:00	0x06	-0.0477	-0.2038	0.8343	-0.5100	244.50	8.00	22.87
2026-05-07T21:31:11.2504288+08:00	0x08	-0.0028	-0.0265	-0.0030	0.9996	359.67	356.96	359.67
2026-05-07T21:31:11.2504288+08:00	0x02	0.0139	0.0013	-0.9566	0.2909	213.82	358.52	0.61
2026-05-07T21:31:11.2504288+08:00	0x01	-0.0316	-0.0644	-0.2675	0.9609	329.18	353.84	354.54
2026-05-07T21:31:11.2504288+08:00	0x09	0.0012	-0.0863	-0.9736	0.2114	204.69	357.75	350.36
2026-05-07T21:31:11.2504288+08:00	0x07	-0.7143	-0.2794	0.6405	0.0375	152.00	259.32	17.72
2026-05-07T21:31:11.2504288+08:00	0x06	-0.0420	-0.1972	0.8394	-0.5048	243.59	7.97	21.92
2026-05-07T21:31:11.2504288+08:00	0x03	-0.0032	-0.0173	0.3566	0.9341	41.78	358.02	0.36
2026-05-07T21:31:11.2504288+08:00	0x08	-0.0028	-0.0265	-0.0030	0.9996	359.67	356.96	359.67
2026-05-07T21:31:11.2504288+08:00	0x04	-0.0106	-0.0170	-0.1962	0.9804	337.38	358.32	358.43
2026-05-07T21:31:11.2504288+08:00	0x02	0.0139	0.0013	-0.9566	0.2909	213.82	358.52	0.61
2026-05-07T21:31:11.2504288+08:00	0x09	0.0012	-0.0862	-0.9736	0.2114	204.69	357.75	350.36
2026-05-07T21:31:11.2504288+08:00	0x06	-0.0429	-0.1886	0.8438	-0.5006	242.71	7.17	21.17
2026-05-07T21:31:11.2504288+08:00	0x08	-0.0028	-0.0265	-0.0030	0.9996	359.67	356.96	359.67
2026-05-07T21:31:11.2504288+08:00	0x05	0.0043	-0.0059	0.4819	0.8762	57.62	359.64	0.76
2026-05-07T21:31:11.2504288+08:00	0x01	-0.0316	-0.0644	-0.2675	0.9609	329.18	353.84	354.54
2026-05-07T21:31:11.2504288+08:00	0x04	-0.0106	-0.0170	-0.1962	0.9804	337.38	358.32	358.42
2026-05-07T21:31:11.2504288+08:00	0x09	0.0012	-0.0862	-0.9736	0.2114	204.69	357.75	350.36
2026-05-07T21:31:11.2504288+08:00	0x02	0.0139	0.0013	-0.9566	0.2909	213.82	358.52	0.61
2026-05-07T21:31:11.2504288+08:00	0x07	-0.7157	-0.2670	0.6444	0.0364	153.34	259.95	16.97
2026-05-07T21:31:11.2504288+08:00	0x03	-0.0032	-0.0173	0.3566	0.9341	41.78	358.02	0.36
2026-05-07T21:31:11.2504288+08:00	0x06	-0.0436	-0.1870	0.8451	-0.4989	242.40	6.94	21.07
2026-05-07T21:31:11.2504288+08:00	0x04	-0.0106	-0.0170	-0.1962	0.9804	337.38	358.32	358.42
2026-05-07T21:31:11.2504288+08:00	0x01	-0.0316	-0.0644	-0.2675	0.9609	329.18	353.84	354.54
2026-05-07T21:31:11.2504288+08:00	0x09	0.0012	-0.0862	-0.9736	0.2114	204.69	357.75	350.36
2026-05-07T21:31:11.2504288+08:00	0x07	-0.7156	-0.2656	0.6450	0.0366	153.47	260.05	16.87
2026-05-07T21:31:11.2504288+08:00	0x08	-0.0028	-0.0265	-0.0030	0.9996	359.67	356.96	359.67
2026-05-07T21:31:11.2504288+08:00	0x04	-0.0106	-0.0170	-0.1962	0.9804	337.38	358.32	358.42
2026-05-07T21:31:11.2504288+08:00	0x09	0.0012	-0.0862	-0.9736	0.2114	204.69	357.75	350.36
2026-05-07T21:31:11.2504288+08:00	0x07	-0.7155	-0.2645	0.6455	0.0371	153.56	260.15	16.76
2026-05-07T21:31:11.2504288+08:00	0x08	-0.0028	-0.0266	-0.0030	0.9996	359.67	356.96	359.67
2026-05-07T21:31:11.2504288+08:00	0x03	-0.0032	-0.0173	0.3566	0.9341	41.78	358.02	0.36
2026-05-07T21:31:11.2504288+08:00	0x04	-0.0106	-0.0170	-0.1962	0.9804	337.38	358.32	358.43
2026-05-07T21:31:11.2504288+08:00	0x02	0.0139	0.0013	-0.9566	0.2909	213.82	358.52	0.61
2026-05-07T21:31:11.2504288+08:00	0x09	0.0012	-0.0862	-0.9736	0.2114	204.69	357.75	350.36
2026-05-07T21:31:11.2514252+08:00	0x03	-0.0032	-0.0173	0.3566	0.9341	41.78	358.02	0.36
2026-05-07T21:31:11.2514252+08:00	0x06	-0.0446	-0.1854	0.8489	-0.4929	241.50	6.58	21.02
2026-05-07T21:31:11.2514252+08:00	0x02	0.0139	0.0013	-0.9566	0.2909	213.82	358.52	0.61
2026-05-07T21:31:11.2514252+08:00	0x09	0.0012	-0.0862	-0.9736	0.2114	204.69	357.75	350.36
2026-05-07T21:31:11.2514252+08:00	0x05	0.0043	-0.0059	0.4819	0.8762	57.62	359.64	0.75
2026-05-07T21:31:11.2514252+08:00	0x01	-0.0316	-0.0644	-0.2675	0.9609	329.18	353.84	354.54
2026-05-07T21:31:11.2514252+08:00	0x03	-0.0032	-0.0173	0.3566	0.9341	41.78	358.02	0.36
2026-05-07T21:31:11.2514252+08:00	0x07	-0.7154	-0.2633	0.6461	0.0375	153.65	260.24	16.65
2026-05-07T21:31:11.2514252+08:00	0x08	-0.0028	-0.0266	-0.0030	0.9996	359.67	356.96	359.67
2026-05-07T21:31:11.2514252+08:00	0x05	0.0043	-0.0059	0.4819	0.8762	57.62	359.64	0.75
2026-05-07T21:31:11.2514252+08:00	0x02	0.0139	0.0013	-0.9566	0.2909	213.82	358.52	0.61
2026-05-07T21:31:11.2514252+08:00	0x09	0.0012	-0.0862	-0.9736	0.2114	204.69	357.75	350.36
2026-05-07T21:31:11.2514252+08:00	0x07	-0.7155	-0.2618	0.6466	0.0378	153.79	260.34	16.52
2026-05-07T21:31:11.2514252+08:00	0x03	-0.0032	-0.0173	0.3566	0.9341	41.78	358.02	0.36
2026-05-07T21:31:11.2514252+08:00	0x08	-0.0028	-0.0266	-0.0030	0.9996	359.67	356.96	359.67
2026-05-07T21:31:11.2514252+08:00	0x06	-0.0450	-0.1838	0.8511	-0.4897	241.01	6.36	20.91
2026-05-07T21:31:11.2514252+08:00	0x04	-0.0106	-0.0170	-0.1962	0.9804	337.38	358.32	358.43
2026-05-07T21:31:11.2514252+08:00	0x02	0.0139	0.0013	-0.9566	0.2909	213.82	358.52	0.61
2026-05-07T21:31:11.2514252+08:00	0x07	-0.7155	-0.2617	0.6467	0.0379	153.79	260.35	16.51
2026-05-07T21:31:11.2514252+08:00	0x03	-0.0032	-0.0173	0.3566	0.9341	41.78	358.02	0.36
2026-05-07T21:31:11.2514252+08:00	0x08	-0.0028	-0.0266	-0.0030	0.9996	359.67	356.96	359.67
2026-05-07T21:31:11.2514252+08:00	0x04	-0.0106	-0.0170	-0.1962	0.9804	337.38	358.32	358.43
2026-05-07T21:31:11.2514252+08:00	0x01	-0.0316	-0.0644	-0.2675	0.9609	329.18	353.84	354.54
2026-05-07T21:31:11.2514252+08:00	0x07	-0.7154	-0.2614	0.6469	0.0380	153.81	260.38	16.49
2026-05-07T21:31:11.2514252+08:00	0x09	0.0012	-0.0862	-0.9736	0.2114	204.69	357.75	350.36
2026-05-07T21:31:11.2514252+08:00	0x03	-0.0032	-0.0173	0.3566	0.9341	41.78	358.02	0.36
2026-05-07T21:31:11.2514252+08:00	0x08	-0.0028	-0.0266	-0.0030	0.9996	359.67	356.96	359.67
2026-05-07T21:31:11.2514252+08:00	0x04	-0.0106	-0.0170	-0.1962	0.9804	337.38	358.32	358.43
2026-05-07T21:31:11.2514252+08:00	0x01	-0.0316	-0.0644	-0.2675	0.9609	329.18	353.84	354.54
2026-05-07T21:31:11.2514252+08:00	0x09	0.0012	-0.0862	-0.9736	0.2114	204.69	357.75	350.36
2026-05-07T21:31:11.2514252+08:00	0x07	-0.7154	-0.2612	0.6469	0.0381	153.83	260.40	16.46
2026-05-07T21:31:11.2514252+08:00	0x03	-0.0032	-0.0172	0.3566	0.9341	41.78	358.02	0.36
2026-05-07T21:31:11.2514252+08:00	0x08	-0.0028	-0.0265	-0.0030	0.9996	359.67	356.96	359.67
2026-05-07T21:31:11.2514252+08:00	0x06	-0.0457	-0.1836	0.8529	-0.4866	240.56	6.19	20.95
2026-05-07T21:31:11.2514252+08:00	0x05	0.0043	-0.0059	0.4819	0.8762	57.62	359.64	0.75
2026-05-07T21:31:11.2514252+08:00	0x02	0.0139	0.0013	-0.9566	0.2909	213.82	358.52	0.61
2026-05-07T21:31:11.2514252+08:00	0x07	-0.7152	-0.2609	0.6472	0.0382	153.85	260.44	16.44
2026-05-07T21:31:11.2514252+08:00	0x06	-0.0459	-0.1833	0.8537	-0.4852	240.36	6.12	20.95
2026-05-07T21:31:11.2514252+08:00	0x01	-0.0316	-0.0644	-0.2675	0.9609	329.18	353.84	354.54
2026-05-07T21:31:11.2514252+08:00	0x03	-0.0032	-0.0172	0.3566	0.9341	41.78	358.02	0.36
2026-05-07T21:31:11.2514252+08:00	0x08	-0.0028	-0.0266	-0.0030	0.9996	359.67	356.96	359.67
2026-05-07T21:31:11.2514252+08:00	0x04	-0.0106	-0.0170	-0.1962	0.9804	337.38	358.32	358.43
2026-05-07T21:31:11.2514252+08:00	0x02	0.0139	0.0013	-0.9566	0.2909	213.82	358.52	0.61
2026-05-07T21:31:11.2514252+08:00	0x07	-0.7153	-0.2608	0.6473	0.0381	153.87	260.44	16.44
2026-05-07T21:31:11.2514252+08:00	0x03	-0.0032	-0.0172	0.3566	0.9341	41.78	358.02	0.36
2026-05-07T21:31:11.2514252+08:00	0x04	-0.0106	-0.0170	-0.1962	0.9804	337.38	358.32	358.43
2026-05-07T21:31:11.2514252+08:00	0x02	0.0139	0.0013	-0.9566	0.2909	213.82	358.52	0.61
2026-05-07T21:31:11.2514252+08:00	0x01	-0.0316	-0.0644	-0.2675	0.9609	329.19	353.84	354.53
2026-05-07T21:31:11.2514252+08:00	0x07	-0.7151	-0.2603	0.6476	0.0385	153.89	260.50	16.38
2026-05-07T21:31:11.2514252+08:00	0x08	-0.0028	-0.0266	-0.0030	0.9996	359.67	356.96	359.67
2026-05-07T21:31:11.2514252+08:00	0x06	-0.0461	-0.1826	0.8551	-0.4831	240.03	5.99	20.90
2026-05-07T21:31:11.2514252+08:00	0x04	-0.0106	-0.0170	-0.1962	0.9804	337.38	358.32	358.43
2026-05-07T21:31:11.2514252+08:00	0x02	0.0139	0.0013	-0.9566	0.2909	213.82	358.52	0.61
2026-05-07T21:31:11.2514252+08:00	0x09	0.0012	-0.0862	-0.9736	0.2114	204.69	357.74	350.37
2026-05-07T21:31:11.2514252+08:00	0x07	-0.7152	-0.2601	0.6476	0.0384	153.92	260.50	16.37
2026-05-07T21:31:11.2514252+08:00	0x03	-0.0032	-0.0172	0.3566	0.9341	41.78	358.02	0.36
2026-05-07T21:31:11.2514252+08:00	0x08	-0.0028	-0.0266	-0.0030	0.9996	359.67	356.96	359.67
2026-05-07T21:31:11.2514252+08:00	0x04	-0.0106	-0.0170	-0.1962	0.9804	337.38	358.32	358.42
2026-05-07T21:31:11.2514252+08:00	0x02	0.0139	0.0013	-0.9566	0.2909	213.82	358.52	0.61
2026-05-07T21:31:11.2514252+08:00	0x09	0.0012	-0.0862	-0.9736	0.2114	204.69	357.74	350.37
2026-05-07T21:31:11.2514252+08:00	0x07	-0.7151	-0.2598	0.6478	0.0383	153.95	260.53	16.37
2026-05-07T21:31:11.2514252+08:00	0x03	-0.0032	-0.0172	0.3566	0.9341	41.78	358.02	0.36
2026-05-07T21:31:11.2514252+08:00	0x06	-0.0464	-0.1825	0.8556	-0.4822	239.91	5.93	20.92
2026-05-07T21:31:11.2524224+08:00	0x08	-0.0028	-0.0266	-0.0030	0.9996	359.67	356.96	359.67
2026-05-07T21:31:11.2524224+08:00	0x02	0.0139	0.0013	-0.9566	0.2909	213.82	358.52	0.61
2026-05-07T21:31:11.2524224+08:00	0x09	0.0012	-0.0862	-0.9736	0.2114	204.69	357.74	350.37
2026-05-07T21:31:11.2524224+08:00	0x07	-0.7151	-0.2598	0.6478	0.0382	153.97	260.53	16.37
2026-05-07T21:31:11.2524224+08:00	0x03	-0.0032	-0.0172	0.3566	0.9341	41.78	358.02	0.36
2026-05-07T21:31:11.2524224+08:00	0x08	-0.0028	-0.0266	-0.0030	0.9996	359.67	356.96	359.67
2026-05-07T21:31:11.2524224+08:00	0x04	-0.0106	-0.0170	-0.1962	0.9804	337.38	358.32	358.43
2026-05-07T21:31:11.2524224+08:00	0x09	0.0013	-0.0862	-0.9736	0.2114	204.69	357.74	350.37
2026-05-07T21:31:11.2524224+08:00	0x07	-0.7152	-0.2599	0.6477	0.0381	153.97	260.52	16.39
2026-05-07T21:31:11.2524224+08:00	0x03	-0.0032	-0.0172	0.3566	0.9341	41.78	358.02	0.36
2026-05-07T21:31:11.2524224+08:00	0x08	-0.0028	-0.0266	-0.0030	0.9996	359.67	356.96	359.67
2026-05-07T21:31:11.2524224+08:00	0x04	-0.0106	-0.0170	-0.1962	0.9804	337.38	358.32	358.42
2026-05-07T21:31:11.2524224+08:00	0x09	0.0013	-0.0862	-0.9736	0.2114	204.69	357.74	350.37
2026-05-07T21:31:11.2524224+08:00	0x07	-0.7151	-0.2600	0.6477	0.0379	153.97	260.52	16.41
2026-05-07T21:31:11.2524224+08:00	0x03	-0.0032	-0.0172	0.3566	0.9341	41.78	358.02	0.36
2026-05-07T21:31:11.2524224+08:00	0x08	-0.0028	-0.0266	-0.0030	0.9996	359.67	356.96	359.67
2026-05-07T21:31:11.2524224+08:00	0x02	0.0139	0.0013	-0.9566	0.2909	213.82	358.52	0.61
2026-05-07T21:31:11.2524224+08:00	0x09	0.0013	-0.0862	-0.9736	0.2114	204.69	357.74	350.37
2026-05-07T21:31:11.2524224+08:00	0x03	-0.0032	-0.0172	0.3566	0.9341	41.78	358.02	0.36
2026-05-07T21:31:11.2524224+08:00	0x04	-0.0106	-0.0170	-0.1962	0.9804	337.38	358.32	358.42
2026-05-07T21:31:11.2524224+08:00	0x09	0.0013	-0.0862	-0.9736	0.2114	204.69	357.74	350.37
2026-05-07T21:31:11.2524224+08:00	0x07	-0.7150	-0.2597	0.6479	0.0381	153.99	260.56	16.39
2026-05-07T21:31:11.2524224+08:00	0x01	-0.0316	-0.0644	-0.2675	0.9609	329.18	353.84	354.54
2026-05-07T21:31:11.2524224+08:00	0x03	-0.0032	-0.0173	0.3566	0.9341	41.78	358.02	0.36
2026-05-07T21:31:11.2524224+08:00	0x04	-0.0106	-0.0170	-0.1962	0.9804	337.38	358.32	358.42
2026-05-07T21:31:11.2524224+08:00	0x05	0.0042	-0.0059	0.4819	0.8762	57.62	359.64	0.75
2026-05-07T21:31:11.2524224+08:00	0x06	-0.0462	-0.1821	0.8557	-0.4821	239.89	5.93	20.87
2026-05-07T21:31:11.2524224+08:00	0x01	-0.0316	-0.0644	-0.2675	0.9609	329.18	353.84	354.54
2026-05-07T21:31:11.2524224+08:00	0x03	-0.0032	-0.0172	0.3566	0.9341	41.78	358.02	0.36
2026-05-07T21:31:11.2524224+08:00	0x08	-0.0028	-0.0266	-0.0030	0.9996	359.67	356.96	359.67
2026-05-07T21:31:11.2524224+08:00	0x06	-0.0461	-0.1821	0.8557	-0.4822	239.90	5.94	20.86
2026-05-07T21:31:11.2524224+08:00	0x09	0.0013	-0.0862	-0.9736	0.2114	204.69	357.74	350.37
2026-05-07T21:31:11.2524224+08:00	0x01	-0.0316	-0.0644	-0.2675	0.9609	329.18	353.84	354.54
2026-05-07T21:31:11.2524224+08:00	0x07	-0.7150	-0.2596	0.6480	0.0379	154.01	260.57	16.39
2026-05-07T21:31:11.2524224+08:00	0x06	-0.0462	-0.1824	0.8556	-0.4823	239.92	5.95	20.89
2026-05-07T21:31:11.2524224+08:00	0x08	-0.0028	-0.0266	-0.0030	0.9996	359.67	356.96	359.67
2026-05-07T21:31:11.2524224+08:00	0x04	-0.0106	-0.0170	-0.1962	0.9804	337.38	358.32	358.43
2026-05-07T21:31:11.2524224+08:00	0x09	0.0012	-0.0862	-0.9736	0.2114	204.69	357.74	350.37
2026-05-07T21:31:11.2524224+08:00	0x01	-0.0316	-0.0644	-0.2675	0.9609	329.19	353.84	354.53
2026-05-07T21:31:11.2524224+08:00	0x03	-0.0032	-0.0173	0.3566	0.9341	41.78	358.02	0.36
2026-05-07T21:31:11.2524224+08:00	0x08	-0.0028	-0.0266	-0.0030	0.9996	359.67	356.96	359.67
2026-05-07T21:31:11.2524224+08:00	0x06	-0.0463	-0.1826	0.8555	-0.4824	239.93	5.96	20.92
2026-05-07T21:31:11.2524224+08:00	0x09	0.0012	-0.0862	-0.9736	0.2114	204.69	357.74	350.37
2026-05-07T21:31:11.2524224+08:00	0x01	-0.0316	-0.0644	-0.2675	0.9609	329.19	353.84	354.53
2026-05-07T21:31:11.2524224+08:00	0x03	-0.0033	-0.0173	0.3566	0.9341	41.78	358.02	0.36
2026-05-07T21:31:11.2524224+08:00	0x08	-0.0029	-0.0266	-0.0030	0.9996	359.67	356.96	359.66
2026-05-07T21:31:11.2524224+08:00	0x09	0.0013	-0.0862	-0.9736	0.2114	204.69	357.74	350.37
2026-05-07T21:31:11.2524224+08:00	0x02	0.0139	0.0013	-0.9566	0.2909	213.82	358.52	0.61
2026-05-07T21:31:11.2524224+08:00	0x06	-0.0460	-0.1822	0.8555	-0.4826	239.96	5.97	20.87
2026-05-07T21:31:11.2524224+08:00	0x07	-0.7150	-0.2597	0.6481	0.0378	154.01	260.57	16.41
2026-05-07T21:31:11.2524224+08:00	0x03	-0.0033	-0.0173	0.3566	0.9341	41.78	358.02	0.36
2026-05-07T21:31:11.2524224+08:00	0x08	-0.0028	-0.0266	-0.0030	0.9996	359.67	356.96	359.67
2026-05-07T21:31:11.2524224+08:00	0x06	-0.0459	-0.1822	0.8554	-0.4827	239.98	5.98	20.85
2026-05-07T21:31:11.2524224+08:00	0x02	0.0139	0.0013	-0.9566	0.2909	213.82	358.52	0.61
2026-05-07T21:31:11.2524224+08:00	0x05	0.0043	-0.0060	0.4819	0.8762	57.62	359.64	0.76
2026-05-07T21:31:11.2524224+08:00	0x07	-0.7149	-0.2596	0.6481	0.0379	154.02	260.58	16.39
2026-05-07T21:31:11.2524224+08:00	0x01	-0.0316	-0.0644	-0.2675	0.9609	329.18	353.84	354.53
2026-05-07T21:31:11.2524224+08:00	0x03	-0.0033	-0.0173	0.3566	0.9341	41.78	358.02	0.36
2026-05-07T21:31:11.2524224+08:00	0x04	-0.0106	-0.0171	-0.1962	0.9804	337.38	358.32	358.43
2026-05-07T21:31:11.2524224+08:00	0x09	0.0012	-0.0862	-0.9736	0.2114	204.69	357.74	350.37
2026-05-07T21:31:11.2524224+08:00	0x07	-0.7150	-0.2594	0.6481	0.0380	154.02	260.59	16.38
2026-05-07T21:31:11.2533788+08:00	0x01	-0.0316	-0.0644	-0.2675	0.9609	329.19	353.84	354.53
2026-05-07T21:31:11.2533788+08:00	0x03	-0.0033	-0.0172	0.3566	0.9341	41.78	358.02	0.36
2026-05-07T21:31:11.2533788+08:00	0x04	-0.0106	-0.0171	-0.1962	0.9803	337.38	358.32	358.42
2026-05-07T21:31:11.2533788+08:00	0x02	0.0139	0.0013	-0.9566	0.2909	213.82	358.52	0.61
2026-05-07T21:31:11.2533788+08:00	0x09	0.0012	-0.0862	-0.9736	0.2114	204.69	357.74	350.37
2026-05-07T21:31:11.2533788+08:00	0x08	-0.0028	-0.0265	-0.0030	0.9996	359.67	356.96	359.67
2026-05-07T21:31:11.2533788+08:00	0x07	-0.7149	-0.2594	0.6482	0.0380	154.03	260.59	16.37
2026-05-07T21:31:11.2533788+08:00	0x03	-0.0033	-0.0172	0.3566	0.9341	41.78	358.02	0.36
2026-05-07T21:31:11.2533788+08:00	0x04	-0.0106	-0.0171	-0.1962	0.9803	337.38	358.32	358.42
2026-05-07T21:31:11.2533788+08:00	0x08	-0.0028	-0.0266	-0.0030	0.9996	359.67	356.96	359.67
2026-05-07T21:31:11.2533788+08:00	0x09	0.0012	-0.0862	-0.9736	0.2114	204.69	357.74	350.37
2026-05-07T21:31:11.2533788+08:00	0x07	-0.7149	-0.2594	0.6482	0.0380	154.03	260.59	16.37
2026-05-07T21:31:11.2533788+08:00	0x03	-0.0033	-0.0172	0.3566	0.9341	41.78	358.02	0.36
2026-05-07T21:31:11.2533788+08:00	0x04	-0.0106	-0.0171	-0.1962	0.9803	337.38	358.32	358.42
2026-05-07T21:31:11.2533788+08:00	0x02	0.0139	0.0013	-0.9566	0.2909	213.82	358.52	0.61
2026-05-07T21:31:11.2533788+08:00	0x09	0.0012	-0.0862	-0.9736	0.2114	204.69	357.74	350.37
2026-05-07T21:31:11.2533788+08:00	0x05	0.0043	-0.0059	0.4819	0.8762	57.62	359.65	0.75
2026-05-07T21:31:11.2533788+08:00	0x01	-0.0316	-0.0644	-0.2675	0.9609	329.18	353.84	354.54
2026-05-07T21:31:11.2533788+08:00	0x03	-0.0033	-0.0172	0.3566	0.9341	41.78	358.02	0.36
2026-05-07T21:31:11.2533788+08:00	0x04	-0.0106	-0.0171	-0.1962	0.9803	337.38	358.32	358.42
2026-05-07T21:31:11.2533788+08:00	0x02	0.0139	0.0013	-0.9566	0.2909	213.82	358.52	0.61
2026-05-07T21:31:11.2533788+08:00	0x01	-0.0316	-0.0644	-0.2675	0.9609	329.18	353.84	354.54
2026-05-07T21:31:11.2533788+08:00	0x03	-0.0033	-0.0172	0.3566	0.9341	41.78	358.02	0.36
2026-05-07T21:31:11.2533788+08:00	0x04	-0.0106	-0.0171	-0.1962	0.9803	337.38	358.32	358.42
2026-05-07T21:31:11.2533788+08:00	0x02	0.0139	0.0013	-0.9566	0.2909	213.82	358.52	0.61
2026-05-07T21:31:11.2533788+08:00	0x07	-0.7148	-0.2589	0.6485	0.0382	154.07	260.65	16.32
2026-05-07T21:31:11.2533788+08:00	0x03	-0.0033	-0.0172	0.3566	0.9341	41.78	358.02	0.36
2026-05-07T21:31:11.2533788+08:00	0x04	-0.0106	-0.0171	-0.1962	0.9804	337.38	358.32	358.43
2026-05-07T21:31:11.2533788+08:00	0x05	0.0043	-0.0059	0.4819	0.8762	57.62	359.64	0.75
2026-05-07T21:31:11.2533788+08:00	0x09	0.0012	-0.0862	-0.9736	0.2114	204.69	357.74	350.37
2026-05-07T21:31:11.2533788+08:00	0x06	-0.0457	-0.1817	0.8551	-0.4834	240.06	5.98	20.79
2026-05-07T21:31:11.2533788+08:00	0x07	-0.7148	-0.2589	0.6485	0.0382	154.07	260.65	16.33
2026-05-07T21:31:11.2533788+08:00	0x01	-0.0316	-0.0644	-0.2675	0.9609	329.18	353.84	354.53
2026-05-07T21:31:11.2533788+08:00	0x04	-0.0106	-0.0171	-0.1962	0.9803	337.38	358.32	358.42
2026-05-07T21:31:11.2533788+08:00	0x03	-0.0032	-0.0172	0.3566	0.9341	41.78	358.02	0.36
2026-05-07T21:31:11.2533788+08:00	0x02	0.0139	0.0013	-0.9566	0.2909	213.82	358.52	0.61
2026-05-07T21:31:11.2533788+08:00	0x01	-0.0316	-0.0644	-0.2675	0.9609	329.19	353.84	354.53
2026-05-07T21:31:11.2533788+08:00	0x07	-0.7148	-0.2580	0.6489	0.0382	154.16	260.71	16.27
2026-05-07T21:31:11.2533788+08:00	0x03	-0.0033	-0.0172	0.3566	0.9341	41.78	358.02	0.36
2026-05-07T21:31:11.2533788+08:00	0x06	-0.0468	-0.1822	0.8548	-0.4836	240.09	5.92	20.90
2026-05-07T21:31:11.2533788+08:00	0x09	0.0012	-0.0862	-0.9736	0.2114	204.69	357.74	350.37
2026-05-07T21:31:11.2533788+08:00	0x08	-0.0028	-0.0265	-0.0030	0.9996	359.67	356.96	359.67
2026-05-07T21:31:11.2533788+08:00	0x02	0.0139	0.0013	-0.9566	0.2909	213.82	358.52	0.61
2026-05-07T21:31:11.2533788+08:00	0x07	-0.7143	-0.2698	0.6448	0.0357	153.14	259.99	17.27
2026-05-07T21:31:11.2533788+08:00	0x03	-0.0033	-0.0172	0.3566	0.9341	41.78	358.02	0.36
2026-05-07T21:31:11.2533788+08:00	0x04	-0.0106	-0.0171	-0.1962	0.9803	337.38	358.32	358.42
2026-05-07T21:31:11.2533788+08:00	0x09	0.0012	-0.0862	-0.9736	0.2114	204.69	357.74	350.37
2026-05-07T21:31:11.2533788+08:00	0x01	-0.0316	-0.0644	-0.2675	0.9609	329.18	353.84	354.53
2026-05-07T21:31:11.2533788+08:00	0x03	-0.0033	-0.0172	0.3566	0.9341	41.78	358.02	0.36
2026-05-07T21:31:11.2533788+08:00	0x06	-0.0437	-0.1909	0.8455	-0.4967	242.22	7.14	21.48
2026-05-07T21:31:11.2533788+08:00	0x09	0.0012	-0.0862	-0.9736	0.2114	204.69	357.74	350.37
2026-05-07T21:31:11.2533788+08:00	0x02	0.0139	0.0013	-0.9566	0.2909	213.82	358.52	0.61
2026-05-07T21:31:11.2533788+08:00	0x01	-0.0316	-0.0644	-0.2675	0.9609	329.19	353.84	354.53
2026-05-07T21:31:11.2533788+08:00	0x03	-0.0033	-0.0172	0.3566	0.9341	41.78	358.02	0.36
2026-05-07T21:31:11.2533788+08:00	0x07	-0.7134	-0.2733	0.6442	0.0373	152.68	259.90	17.39
2026-05-07T21:31:11.2533788+08:00	0x05	0.0043	-0.0059	0.4819	0.8762	57.62	359.65	0.76
2026-05-07T21:31:11.2533788+08:00	0x09	0.0012	-0.0862	-0.9736	0.2114	204.69	357.74	350.37
2026-05-07T21:31:11.2533788+08:00	0x02	0.0139	0.0013	-0.9566	0.2909	213.82	358.52	0.61
2026-05-07T21:31:11.2533788+08:00	0x07	-0.7134	-0.2733	0.6442	0.0374	152.67	259.91	17.39
2026-05-07T21:31:11.2533788+08:00	0x03	-0.0033	-0.0172	0.3566	0.9341	41.78	358.02	0.36
2026-05-07T21:31:11.2533788+08:00	0x09	0.0012	-0.0862	-0.9736	0.2114	204.69	357.74	350.37
2026-05-07T21:31:11.2533788+08:00	0x08	-0.0028	-0.0266	-0.0030	0.9996	359.67	356.96	359.67
2026-05-07T21:31:11.2543763+08:00	0x04	-0.0106	-0.0171	-0.1962	0.9803	337.38	358.32	358.42
2026-05-07T21:31:11.2543763+08:00	0x02	0.0139	0.0013	-0.9566	0.2909	213.82	358.52	0.61
2026-05-07T21:31:11.2543763+08:00	0x01	-0.0316	-0.0644	-0.2675	0.9609	329.18	353.84	354.53
2026-05-07T21:31:11.2543763+08:00	0x07	-0.7133	-0.2732	0.6443	0.0376	152.67	259.92	17.37
2026-05-07T21:31:11.2543763+08:00	0x04	-0.0106	-0.0171	-0.1962	0.9803	337.38	358.32	358.42
2026-05-07T21:31:11.2543763+08:00	0x09	0.0012	-0.0862	-0.9736	0.2114	204.69	357.74	350.37
2026-05-07T21:31:11.2543763+08:00	0x02	0.0139	0.0013	-0.9566	0.2909	213.82	358.52	0.61
2026-05-07T21:31:11.2543763+08:00	0x01	-0.0316	-0.0644	-0.2675	0.9609	329.18	353.84	354.54
2026-05-07T21:31:11.2543763+08:00	0x03	-0.0033	-0.0172	0.3566	0.9341	41.78	358.02	0.36
2026-05-07T21:31:11.2543763+08:00	0x04	-0.0106	-0.0171	-0.1962	0.9803	337.38	358.32	358.42
2026-05-07T21:31:11.2543763+08:00	0x09	0.0012	-0.0862	-0.9736	0.2114	204.69	357.74	350.37
2026-05-07T21:31:11.2543763+08:00	0x02	0.0139	0.0013	-0.9566	0.2909	213.82	358.52	0.61
2026-05-07T21:31:11.2543763+08:00	0x05	0.0043	-0.0058	0.4819	0.8762	57.62	359.65	0.75
2026-05-07T21:31:11.2543763+08:00	0x01	-0.0316	-0.0644	-0.2675	0.9609	329.18	353.84	354.54
2026-05-07T21:31:11.2543763+08:00	0x07	-0.7133	-0.2732	0.6443	0.0377	152.67	259.93	17.35
2026-05-07T21:31:11.2543763+08:00	0x03	-0.0033	-0.0172	0.3566	0.9341	41.78	358.02	0.36
2026-05-07T21:31:11.2543763+08:00	0x04	-0.0106	-0.0171	-0.1962	0.9803	337.38	358.32	358.42
2026-05-07T21:31:11.2543763+08:00	0x08	-0.0028	-0.0266	-0.0030	0.9996	359.67	356.96	359.67
2026-05-07T21:31:11.2543763+08:00	0x06	-0.0417	-0.1915	0.8407	-0.5047	243.39	7.60	21.36
2026-05-07T21:31:11.2543763+08:00	0x02	0.0139	0.0013	-0.9566	0.2909	213.82	358.52	0.61
2026-05-07T21:31:11.2543763+08:00	0x01	-0.0316	-0.0644	-0.2675	0.9609	329.18	353.84	354.54
2026-05-07T21:31:11.2543763+08:00	0x07	-0.7134	-0.2733	0.6442	0.0376	152.65	259.91	17.37
2026-05-07T21:31:11.2543763+08:00	0x03	-0.0033	-0.0172	0.3566	0.9341	41.78	358.02	0.36
2026-05-07T21:31:11.2543763+08:00	0x04	-0.0106	-0.0171	-0.1962	0.9803	337.38	358.32	358.42
2026-05-07T21:31:11.2543763+08:00	0x08	-0.0028	-0.0266	-0.0030	0.9996	359.67	356.96	359.67
2026-05-07T21:31:11.2543763+08:00	0x09	0.0012	-0.0862	-0.9736	0.2114	204.69	357.74	350.37
2026-05-07T21:31:11.2543763+08:00	0x02	0.0139	0.0013	-0.9566	0.2909	213.82	358.52	0.61
2026-05-07T21:31:11.2543763+08:00	0x07	-0.7133	-0.2734	0.6442	0.0378	152.64	259.92	17.35
2026-05-07T21:31:11.2543763+08:00	0x03	-0.0033	-0.0172	0.3566	0.9341	41.78	358.02	0.36
2026-05-07T21:31:11.2543763+08:00	0x04	-0.0106	-0.0170	-0.1962	0.9804	337.38	358.32	358.42
2026-05-07T21:31:11.2543763+08:00	0x08	-0.0028	-0.0266	-0.0030	0.9996	359.67	356.96	359.67
2026-05-07T21:31:11.2543763+08:00	0x09	0.0012	-0.0862	-0.9736	0.2114	204.69	357.74	350.37
2026-05-07T21:31:11.2543763+08:00	0x02	0.0139	0.0013	-0.9566	0.2909	213.82	358.52	0.61
2026-05-07T21:31:11.2543763+08:00	0x07	-0.7132	-0.2731	0.6444	0.0382	152.63	259.95	17.31
2026-05-07T21:31:11.2543763+08:00	0x08	-0.0028	-0.0266	-0.0030	0.9996	359.67	356.96	359.67
2026-05-07T21:31:11.2543763+08:00	0x09	0.0012	-0.0862	-0.9736	0.2114	204.69	357.74	350.37
2026-05-07T21:31:11.2543763+08:00	0x04	-0.0106	-0.0170	-0.1962	0.9804	337.38	358.32	358.42
2026-05-07T21:31:11.2543763+08:00	0x02	0.0139	0.0013	-0.9566	0.2909	213.82	358.52	0.61
2026-05-07T21:31:11.2543763+08:00	0x07	-0.7132	-0.2735	0.6443	0.0381	152.60	259.93	17.34
2026-05-07T21:31:11.2543763+08:00	0x03	-0.0033	-0.0172	0.3566	0.9341	41.78	358.02	0.36
2026-05-07T21:31:11.2543763+08:00	0x04	-0.0106	-0.0170	-0.1962	0.9804	337.38	358.32	358.42
2026-05-07T21:31:11.2543763+08:00	0x08	-0.0028	-0.0266	-0.0030	0.9996	359.67	356.96	359.67
2026-05-07T21:31:11.2543763+08:00	0x06	-0.0407	-0.1918	0.8387	-0.5081	243.89	7.81	21.29
2026-05-07T21:31:11.2543763+08:00	0x07	-0.7131	-0.2736	0.6443	0.0381	152.59	259.93	17.35
2026-05-07T21:31:11.2543763+08:00	0x01	-0.0316	-0.0644	-0.2675	0.9609	329.19	353.84	354.53
2026-05-07T21:31:11.2543763+08:00	0x03	-0.0032	-0.0172	0.3566	0.9341	41.78	358.02	0.36
2026-05-07T21:31:11.2543763+08:00	0x04	-0.0106	-0.0170	-0.1962	0.9804	337.38	358.32	358.42
2026-05-07T21:31:11.2543763+08:00	0x06	-0.0406	-0.1917	0.8384	-0.5085	243.95	7.83	21.27
2026-05-07T21:31:11.2543763+08:00	0x01	-0.0316	-0.0644	-0.2675	0.9609	329.19	353.84	354.53
2026-05-07T21:31:11.2543763+08:00	0x07	-0.7132	-0.2731	0.6445	0.0383	152.63	259.97	17.29
2026-05-07T21:31:11.2543763+08:00	0x03	-0.0032	-0.0172	0.3566	0.9341	41.78	358.02	0.36
2026-05-07T21:31:11.2543763+08:00	0x04	-0.0106	-0.0170	-0.1962	0.9804	337.38	358.32	358.42
2026-05-07T21:31:11.2543763+08:00	0x08	-0.0028	-0.0265	-0.0030	0.9996	359.67	356.96	359.67
2026-05-07T21:31:11.2543763+08:00	0x06	-0.0403	-0.1917	0.8380	-0.5092	244.05	7.88	21.25
2026-05-07T21:31:11.2543763+08:00	0x07	-0.7131	-0.2731	0.6445	0.0385	152.62	259.98	17.29
2026-05-07T21:31:11.2543763+08:00	0x03	-0.0032	-0.0172	0.3566	0.9341	41.78	358.02	0.36
2026-05-07T21:31:11.2543763+08:00	0x04	-0.0106	-0.0170	-0.1962	0.9804	337.38	358.32	358.43
2026-05-07T21:31:11.2553737+08:00	0x09	0.0012	-0.0862	-0.9736	0.2114	204.69	357.74	350.37
2026-05-07T21:31:11.2553737+08:00	0x06	-0.0402	-0.1921	0.8377	-0.5096	244.12	7.92	21.27
2026-05-07T21:31:11.2553737+08:00	0x02	0.0139	0.0013	-0.9566	0.2909	213.82	358.52	0.61
2026-05-07T21:31:11.2553737+08:00	0x07	-0.7132	-0.2731	0.6444	0.0385	152.61	259.96	17.28
2026-05-07T21:31:11.2553737+08:00	0x03	-0.0032	-0.0172	0.3566	0.9341	41.78	358.02	0.36
2026-05-07T21:31:11.2553737+08:00	0x09	0.0012	-0.0862	-0.9736	0.2114	204.69	357.74	350.37
2026-05-07T21:31:11.2553737+08:00	0x04	-0.0106	-0.0170	-0.1962	0.9804	337.38	358.32	358.43
2026-05-07T21:31:11.2553737+08:00	0x06	-0.0401	-0.1922	0.8374	-0.5101	244.19	7.95	21.27
2026-05-07T21:31:11.2553737+08:00	0x02	0.0139	0.0013	-0.9566	0.2909	213.82	358.52	0.61
2026-05-07T21:31:11.2553737+08:00	0x01	-0.0316	-0.0644	-0.2675	0.9609	329.19	353.84	354.53
2026-05-07T21:31:11.2553737+08:00	0x03	-0.0032	-0.0172	0.3566	0.9341	41.78	358.02	0.36
2026-05-07T21:31:11.2553737+08:00	0x09	0.0012	-0.0862	-0.9736	0.2114	204.69	357.74	350.37
2026-05-07T21:31:11.2553737+08:00	0x04	-0.0106	-0.0170	-0.1962	0.9804	337.38	358.32	358.43
2026-05-07T21:31:11.2553737+08:00	0x06	-0.0401	-0.1922	0.8372	-0.5104	244.24	7.96	21.28
2026-05-07T21:31:11.2553737+08:00	0x01	-0.0316	-0.0644	-0.2675	0.9609	329.18	353.84	354.53
2026-05-07T21:31:11.2553737+08:00	0x07	-0.7131	-0.2730	0.6446	0.0388	152.61	259.99	17.25
2026-05-07T21:31:11.2553737+08:00	0x03	-0.0032	-0.0172	0.3566	0.9341	41.78	358.02	0.36
2026-05-07T21:31:11.2553737+08:00	0x09	0.0012	-0.0862	-0.9736	0.2114	204.69	357.74	350.37
2026-05-07T21:31:11.2553737+08:00	0x05	0.0042	-0.0058	0.4819	0.8762	57.62	359.65	0.75
2026-05-07T21:31:11.2553737+08:00	0x02	0.0139	0.0013	-0.9566	0.2909	213.82	358.52	0.61
2026-05-07T21:31:11.2553737+08:00	0x07	-0.7131	-0.2728	0.6446	0.0389	152.62	260.00	17.23
2026-05-07T21:31:11.2553737+08:00	0x03	-0.0032	-0.0173	0.3566	0.9341	41.78	358.02	0.36
2026-05-07T21:31:11.2553737+08:00	0x09	0.0012	-0.0862	-0.9736	0.2114	204.69	357.74	350.37
2026-05-07T21:31:11.2553737+08:00	0x08	-0.0028	-0.0265	-0.0030	0.9996	359.67	356.96	359.67
2026-05-07T21:31:11.2553737+08:00	0x04	-0.0106	-0.0170	-0.1962	0.9804	337.38	358.32	358.42
2026-05-07T21:31:11.2553737+08:00	0x06	-0.0415	-0.1929	0.8368	-0.5107	244.29	7.87	21.42
2026-05-07T21:31:11.2553737+08:00	0x07	-0.7134	-0.2741	0.6437	0.0382	152.53	259.85	17.36
2026-05-07T21:31:11.2553737+08:00	0x03	-0.0032	-0.0172	0.3566	0.9341	41.78	358.02	0.36
2026-05-07T21:31:11.2553737+08:00	0x08	-0.0028	-0.0265	-0.0030	0.9996	359.67	356.96	359.67
2026-05-07T21:31:11.2553737+08:00	0x06	-0.0414	-0.1999	0.8309	-0.5175	245.50	8.57	22.03
2026-05-07T21:31:11.2553737+08:00	0x07	-0.7130	-0.2856	0.6392	0.0392	151.25	259.10	18.01
2026-05-07T21:31:11.2553737+08:00	0x01	-0.0316	-0.0644	-0.2675	0.9609	329.18	353.84	354.53
2026-05-07T21:31:11.2553737+08:00	0x03	-0.0032	-0.0172	0.3566	0.9341	41.78	358.02	0.36
2026-05-07T21:31:11.2553737+08:00	0x09	0.0011	-0.0862	-0.9736	0.2114	204.69	357.75	350.36
2026-05-07T21:31:11.2553737+08:00	0x08	-0.0028	-0.0265	-0.0030	0.9996	359.67	356.96	359.67
2026-05-07T21:31:11.2553737+08:00	0x02	0.0139	0.0013	-0.9566	0.2909	213.82	358.52	0.61
2026-05-07T21:31:11.2553737+08:00	0x07	-0.7141	-0.2814	0.6397	0.0403	151.59	259.22	17.60
2026-05-07T21:31:11.2553737+08:00	0x03	-0.0032	-0.0172	0.3566	0.9341	41.78	358.02	0.36
2026-05-07T21:31:11.2553737+08:00	0x04	-0.0106	-0.0170	-0.1962	0.9804	337.38	358.32	358.42
2026-05-07T21:31:11.2553737+08:00	0x09	0.0011	-0.0862	-0.9736	0.2114	204.69	357.76	350.36
2026-05-07T21:31:11.2553737+08:00	0x06	-0.0436	-0.1936	0.8382	-0.5079	243.89	7.64	21.64
2026-05-07T21:31:11.2553737+08:00	0x05	0.0042	-0.0059	0.4819	0.8762	57.62	359.65	0.75
2026-05-07T21:31:11.2553737+08:00	0x07	-0.7157	-0.2718	0.6421	0.0393	152.63	259.62	17.03
2026-05-07T21:31:11.2553737+08:00	0x03	-0.0032	-0.0172	0.3566	0.9341	41.78	358.02	0.36
2026-05-07T21:31:11.2553737+08:00	0x09	0.0011	-0.0862	-0.9736	0.2114	204.69	357.76	350.36
2026-05-07T21:31:11.2553737+08:00	0x04	-0.0106	-0.0170	-0.1962	0.9804	337.38	358.32	358.42
2026-05-07T21:31:11.2553737+08:00	0x06	-0.0442	-0.1935	0.8403	-0.5045	243.40	7.48	21.70
2026-05-07T21:31:11.2553737+08:00	0x05	0.0042	-0.0059	0.4819	0.8762	57.62	359.65	0.75
2026-05-07T21:31:11.2553737+08:00	0x08	-0.0028	-0.0265	-0.0030	0.9996	359.67	356.96	359.67
2026-05-07T21:31:11.2553737+08:00	0x02	0.0139	0.0013	-0.9566	0.2909	213.82	358.52	0.61
2026-05-07T21:31:11.2553737+08:00	0x07	-0.7156	-0.2717	0.6422	0.0395	152.64	259.64	17.01
2026-05-07T21:31:11.2553737+08:00	0x03	-0.0032	-0.0172	0.3566	0.9341	41.78	358.02	0.36
2026-05-07T21:31:11.2553737+08:00	0x04	-0.0106	-0.0171	-0.1962	0.9803	337.38	358.32	358.42
2026-05-07T21:31:11.2553737+08:00	0x09	0.0011	-0.0863	-0.9736	0.2114	204.69	357.76	350.36
2026-05-07T21:31:11.2553737+08:00	0x06	-0.0448	-0.1936	0.8418	-0.5020	243.03	7.36	21.77
2026-05-07T21:31:11.2553737+08:00	0x02	0.0139	0.0013	-0.9566	0.2909	213.82	358.52	0.61
2026-05-07T21:31:11.2553737+08:00	0x07	-0.7156	-0.2716	0.6424	0.0395	152.65	259.66	17.00
2026-05-07T21:31:11.2553737+08:00	0x01	-0.0316	-0.0644	-0.2675	0.9609	329.18	353.84	354.53
2026-05-07T21:31:11.2553737+08:00	0x03	-0.0032	-0.0172	0.3566	0.9341	41.78	358.02	0.36
2026-05-07T21:31:11.2553737+08:00	0x09	0.0011	-0.0863	-0.9736	0.2114	204.69	357.76	350.36
2026-05-07T21:31:11.2553737+08:00	0x04	-0.0106	-0.0171	-0.1962	0.9803	337.38	358.32	358.42
2026-05-07T21:31:11.2563720+08:00	0x06	-0.0452	-0.1937	0.8429	-0.4999	242.74	7.27	21.83
2026-05-07T21:31:11.2563720+08:00	0x01	-0.0316	-0.0644	-0.2675	0.9609	329.18	353.84	354.53
2026-05-07T21:31:11.2563720+08:00	0x07	-0.7154	-0.2726	0.6422	0.0394	152.55	259.62	17.08
2026-05-07T21:31:11.2563720+08:00	0x02	0.0139	0.0013	-0.9566	0.2909	213.82	358.52	0.61
2026-05-07T21:31:11.2563720+08:00	0x03	-0.0032	-0.0172	0.3566	0.9341	41.78	358.02	0.36
2026-05-07T21:31:11.2563720+08:00	0x09	0.0011	-0.0863	-0.9736	0.2114	204.69	357.75	350.36
2026-05-07T21:31:11.2563720+08:00	0x08	-0.0028	-0.0266	-0.0030	0.9996	359.67	356.96	359.67
2026-05-07T21:31:11.2563720+08:00	0x06	-0.0446	-0.1962	0.8415	-0.5014	243.04	7.55	22.02
2026-05-07T21:31:11.2563720+08:00	0x02	0.0139	0.0013	-0.9566	0.2909	213.82	358.52	0.61
2026-05-07T21:31:11.2563720+08:00	0x07	-0.7153	-0.2737	0.6418	0.0403	152.38	259.58	17.08
2026-05-07T21:31:11.2563720+08:00	0x03	-0.0033	-0.0172	0.3566	0.9341	41.78	358.02	0.36
2026-05-07T21:31:11.2563720+08:00	0x04	-0.0106	-0.0171	-0.1962	0.9804	337.38	358.32	358.43
2026-05-07T21:31:11.2563720+08:00	0x06	-0.0453	-0.1945	0.8432	-0.4992	242.67	7.30	21.91
2026-05-07T21:31:11.2563720+08:00	0x08	-0.0028	-0.0266	-0.0030	0.9996	359.67	356.96	359.67
2026-05-07T21:31:11.2563720+08:00	0x07	-0.7157	-0.2716	0.6422	0.0400	152.61	259.65	16.95
2026-05-07T21:31:11.2563720+08:00	0x03	-0.0033	-0.0172	0.3566	0.9341	41.78	358.02	0.36
2026-05-07T21:31:11.2563720+08:00	0x09	0.0011	-0.0862	-0.9736	0.2114	204.69	357.76	350.36
2026-05-07T21:31:11.2563720+08:00	0x04	-0.0106	-0.0170	-0.1962	0.9804	337.38	358.32	358.42
2026-05-07T21:31:11.2563720+08:00	0x05	0.0043	-0.0059	0.4819	0.8762	57.62	359.65	0.75
2026-05-07T21:31:11.2563720+08:00	0x01	-0.0316	-0.0644	-0.2675	0.9609	329.18	353.84	354.53
2026-05-07T21:31:11.2563720+08:00	0x02	0.0139	0.0013	-0.9566	0.2909	213.82	358.52	0.61
2026-05-07T21:31:11.2563720+08:00	0x03	-0.0033	-0.0172	0.3566	0.9341	41.78	358.02	0.36
2026-05-07T21:31:11.2563720+08:00	0x09	0.0011	-0.0862	-0.9736	0.2114	204.69	357.75	350.36
2026-05-07T21:31:11.2563720+08:00	0x08	-0.0028	-0.0266	-0.0030	0.9996	359.67	356.96	359.67
2026-05-07T21:31:11.2563720+08:00	0x06	-0.0458	-0.1946	0.8443	-0.4971	242.37	7.19	21.97
2026-05-07T21:31:11.2563720+08:00	0x02	0.0139	0.0013	-0.9566	0.2909	213.82	358.52	0.61
2026-05-07T21:31:11.2563720+08:00	0x07	-0.7157	-0.2717	0.6422	0.0400	152.60	259.64	16.96
2026-05-07T21:31:11.2563720+08:00	0x09	0.0011	-0.0862	-0.9736	0.2114	204.69	357.75	350.36
2026-05-07T21:31:11.2563720+08:00	0x08	-0.0028	-0.0266	-0.0030	0.9996	359.67	356.96	359.67
2026-05-07T21:31:11.2563720+08:00	0x06	-0.0459	-0.1944	0.8447	-0.4966	242.29	7.15	21.96
2026-05-07T21:31:11.2563720+08:00	0x01	-0.0316	-0.0644	-0.2675	0.9609	329.18	353.84	354.53
2026-05-07T21:31:11.2563720+08:00	0x02	0.0139	0.0013	-0.9566	0.2909	213.82	358.52	0.61
2026-05-07T21:31:11.2563720+08:00	0x07	-0.7157	-0.2717	0.6422	0.0400	152.59	259.64	16.96
2026-05-07T21:31:11.2563720+08:00	0x03	-0.0033	-0.0172	0.3566	0.9341	41.78	358.02	0.36
2026-05-07T21:31:11.2563720+08:00	0x06	-0.0458	-0.1944	0.8451	-0.4959	242.20	7.14	21.97
2026-05-07T21:31:11.2563720+08:00	0x01	-0.0316	-0.0644	-0.2675	0.9609	329.18	353.84	354.53
2026-05-07T21:31:11.2563720+08:00	0x08	-0.0028	-0.0266	-0.0030	0.9996	359.67	356.96	359.67
2026-05-07T21:31:11.2563720+08:00	0x02	0.0139	0.0013	-0.9566	0.2909	213.82	358.52	0.61
2026-05-07T21:31:11.2563720+08:00	0x09	0.0011	-0.0862	-0.9736	0.2114	204.69	357.75	350.36
2026-05-07T21:31:11.2563720+08:00	0x06	-0.0458	-0.1943	0.8451	-0.4959	242.20	7.14	21.96
2026-05-07T21:31:11.2563720+08:00	0x01	-0.0316	-0.0644	-0.2675	0.9609	329.18	353.84	354.53
2026-05-07T21:31:11.2563720+08:00	0x02	0.0139	0.0013	-0.9566	0.2909	213.82	358.52	0.61
2026-05-07T21:31:11.2563720+08:00	0x03	-0.0033	-0.0172	0.3566	0.9341	41.78	358.02	0.35
2026-05-07T21:31:11.2563720+08:00	0x04	-0.0106	-0.0170	-0.1962	0.9804	337.38	358.32	358.43
2026-05-07T21:31:11.2563720+08:00	0x09	0.0011	-0.0862	-0.9736	0.2114	204.69	357.75	350.36
2026-05-07T21:31:11.2563720+08:00	0x05	0.0043	-0.0059	0.4819	0.8762	57.62	359.65	0.76
2026-05-07T21:31:11.2563720+08:00	0x06	-0.0460	-0.1945	0.8450	-0.4960	242.21	7.14	21.98
2026-05-07T21:31:11.2563720+08:00	0x08	-0.0028	-0.0265	-0.0030	0.9996	359.67	356.96	359.67
2026-05-07T21:31:11.2563720+08:00	0x07	-0.7157	-0.2715	0.6422	0.0401	152.60	259.65	16.94
2026-05-07T21:31:11.2563720+08:00	0x02	0.0139	0.0013	-0.9566	0.2909	213.82	358.52	0.61
2026-05-07T21:31:11.2563720+08:00	0x01	-0.0316	-0.0644	-0.2675	0.9609	329.18	353.84	354.53
2026-05-07T21:31:11.2563720+08:00	0x03	-0.0033	-0.0172	0.3566	0.9341	41.78	358.02	0.35
2026-05-07T21:31:11.2563720+08:00	0x08	-0.0028	-0.0265	-0.0030	0.9996	359.67	356.96	359.67
2026-05-07T21:31:11.2563720+08:00	0x06	-0.0460	-0.1947	0.8452	-0.4956	242.17	7.14	22.00
2026-05-07T21:31:11.2563720+08:00	0x01	-0.0316	-0.0644	-0.2675	0.9609	329.19	353.84	354.53
2026-05-07T21:31:11.2563720+08:00	0x07	-0.7157	-0.2717	0.6422	0.0400	152.60	259.64	16.95
2026-05-07T21:31:11.2563720+08:00	0x02	0.0139	0.0013	-0.9566	0.2909	213.82	358.52	0.61
2026-05-07T21:31:11.2563720+08:00	0x03	-0.0033	-0.0172	0.3566	0.9341	41.78	358.02	0.36
2026-05-07T21:31:11.2563720+08:00	0x09	0.0011	-0.0862	-0.9736	0.2114	204.69	357.75	350.36
2026-05-07T21:31:11.2563720+08:00	0x08	-0.0028	-0.0265	-0.0030	0.9996	359.67	356.96	359.67
2026-05-07T21:31:11.2563720+08:00	0x06	-0.0461	-0.1947	0.8454	-0.4952	242.11	7.13	22.01
2026-05-07T21:31:11.2563720+08:00	0x07	-0.7157	-0.2716	0.6422	0.0401	152.60	259.64	16.95
2026-05-07T21:31:11.2563720+08:00	0x02	0.0139	0.0013	-0.9566	0.2909	213.82	358.52	0.61
2026-05-07T21:31:11.2563720+08:00	0x03	-0.0032	-0.0172	0.3566	0.9341	41.78	358.02	0.36
2026-05-07T21:31:11.2563720+08:00	0x04	-0.0106	-0.0171	-0.1962	0.9803	337.38	358.32	358.42
2026-05-07T21:31:11.2563720+08:00	0x06	-0.0460	-0.1946	0.8453	-0.4954	242.13	7.13	21.99
2026-05-07T21:31:11.2574090+08:00	0x07	-0.7157	-0.2715	0.6422	0.0401	152.60	259.64	16.94
2026-05-07T21:31:11.2574090+08:00	0x02	0.0139	0.0013	-0.9566	0.2909	213.82	358.52	0.61
2026-05-07T21:31:11.2574090+08:00	0x03	-0.0032	-0.0172	0.3566	0.9341	41.78	358.02	0.36
2026-05-07T21:31:11.2574090+08:00	0x09	0.0012	-0.0862	-0.9736	0.2114	204.69	357.75	350.36
2026-05-07T21:31:11.2574090+08:00	0x06	-0.0459	-0.1944	0.8450	-0.4960	242.21	7.14	21.97
2026-05-07T21:31:11.2574090+08:00	0x07	-0.7157	-0.2715	0.6422	0.0401	152.61	259.64	16.94
2026-05-07T21:31:11.2574090+08:00	0x02	0.0139	0.0013	-0.9566	0.2909	213.82	358.52	0.61
2026-05-07T21:31:11.2574090+08:00	0x03	-0.0033	-0.0172	0.3566	0.9341	41.78	358.02	0.36
2026-05-07T21:31:11.2574090+08:00	0x04	-0.0106	-0.0170	-0.1962	0.9804	337.38	358.32	358.43
2026-05-07T21:31:11.2574090+08:00	0x06	-0.0458	-0.1945	0.8449	-0.4962	242.25	7.17	21.97
2026-05-07T21:31:11.2574090+08:00	0x08	-0.0028	-0.0266	-0.0030	0.9996	359.67	356.96	359.67
2026-05-07T21:31:11.2574090+08:00	0x01	-0.0316	-0.0644	-0.2675	0.9609	329.18	353.84	354.53
2026-05-07T21:31:11.2574090+08:00	0x02	0.0139	0.0013	-0.9566	0.2909	213.82	358.52	0.61
2026-05-07T21:31:11.2574090+08:00	0x07	-0.7157	-0.2715	0.6422	0.0400	152.61	259.65	16.94
2026-05-07T21:31:11.2574090+08:00	0x03	-0.0033	-0.0172	0.3566	0.9341	41.78	358.02	0.36
2026-05-07T21:31:11.2574090+08:00	0x09	0.0012	-0.0862	-0.9736	0.2114	204.69	357.75	350.36
2026-05-07T21:31:11.2574090+08:00	0x08	-0.0028	-0.0266	-0.0030	0.9996	359.67	356.96	359.67
2026-05-07T21:31:11.2574090+08:00	0x06	-0.0458	-0.1947	0.8446	-0.4965	242.30	7.19	21.99
2026-05-07T21:31:11.2574090+08:00	0x07	-0.7157	-0.2715	0.6422	0.0401	152.61	259.65	16.94
2026-05-07T21:31:11.2574090+08:00	0x01	-0.0316	-0.0644	-0.2675	0.9609	329.18	353.84	354.53
2026-05-07T21:31:11.2574090+08:00	0x02	0.0139	0.0013	-0.9566	0.2909	213.82	358.52	0.61
2026-05-07T21:31:11.2574090+08:00	0x03	-0.0033	-0.0172	0.3566	0.9341	41.78	358.02	0.36
2026-05-07T21:31:11.2574090+08:00	0x09	0.0011	-0.0862	-0.9736	0.2114	204.69	357.75	350.36
2026-05-07T21:31:11.2574090+08:00	0x04	-0.0106	-0.0170	-0.1962	0.9804	337.38	358.32	358.42
2026-05-07T21:31:11.2574090+08:00	0x07	-0.7157	-0.2714	0.6422	0.0401	152.62	259.65	16.94
2026-05-07T21:31:11.2574090+08:00	0x08	-0.0028	-0.0266	-0.0030	0.9996	359.67	356.96	359.67
2026-05-07T21:31:11.2574090+08:00	0x02	0.0139	0.0013	-0.9566	0.2909	213.82	358.52	0.61
2026-05-07T21:31:11.2574090+08:00	0x03	-0.0033	-0.0172	0.3566	0.9341	41.78	358.02	0.36
2026-05-07T21:31:11.2574090+08:00	0x06	-0.0455	-0.1947	0.8444	-0.4971	242.37	7.23	21.96
2026-05-07T21:31:11.2574090+08:00	0x09	0.0011	-0.0862	-0.9736	0.2114	204.69	357.75	350.36
2026-05-07T21:31:11.2574090+08:00	0x08	-0.0028	-0.0266	-0.0030	0.9996	359.67	356.96	359.67
2026-05-07T21:31:11.2574090+08:00	0x07	-0.7157	-0.2714	0.6422	0.0401	152.61	259.65	16.93
2026-05-07T21:31:11.2574090+08:00	0x03	-0.0033	-0.0172	0.3566	0.9341	41.78	358.02	0.36
2026-05-07T21:31:11.2574090+08:00	0x02	0.0139	0.0013	-0.9566	0.2909	213.82	358.52	0.61
2026-05-07T21:31:11.2574090+08:00	0x04	-0.0106	-0.0170	-0.1962	0.9804	337.38	358.32	358.42
2026-05-07T21:31:11.2574090+08:00	0x09	0.0011	-0.0862	-0.9736	0.2114	204.69	357.75	350.36
2026-05-07T21:31:11.2574090+08:00	0x07	-0.7157	-0.2715	0.6422	0.0401	152.61	259.64	16.94
2026-05-07T21:31:11.2574090+08:00	0x08	-0.0028	-0.0266	-0.0030	0.9996	359.67	356.96	359.67
2026-05-07T21:31:11.2574090+08:00	0x02	0.0139	0.0013	-0.9566	0.2909	213.82	358.52	0.61
2026-05-07T21:31:11.2574090+08:00	0x09	0.0012	-0.0862	-0.9736	0.2114	204.69	357.75	350.36
2026-05-07T21:31:11.2574090+08:00	0x04	-0.0106	-0.0170	-0.1962	0.9804	337.38	358.32	358.43
2026-05-07T21:31:11.2574090+08:00	0x07	-0.7158	-0.2714	0.6422	0.0402	152.61	259.64	16.92
2026-05-07T21:31:11.2574090+08:00	0x06	-0.0455	-0.1947	0.8441	-0.4975	242.43	7.24	21.96
2026-05-07T21:31:11.2574090+08:00	0x03	-0.0033	-0.0172	0.3566	0.9341	41.78	358.02	0.36
2026-05-07T21:31:11.2574090+08:00	0x04	-0.0106	-0.0170	-0.1962	0.9804	337.38	358.32	358.42
2026-05-07T21:31:11.2574090+08:00	0x05	0.0042	-0.0059	0.4819	0.8762	57.62	359.65	0.75
2026-05-07T21:31:11.2574090+08:00	0x09	0.0011	-0.0862	-0.9736	0.2114	204.69	357.75	350.36
2026-05-07T21:31:11.2574090+08:00	0x07	-0.7157	-0.2712	0.6423	0.0402	152.63	259.66	16.91
2026-05-07T21:31:11.2574090+08:00	0x01	-0.0316	-0.0644	-0.2675	0.9609	329.19	353.84	354.53
2026-05-07T21:31:11.2574090+08:00	0x03	-0.0032	-0.0172	0.3566	0.9341	41.78	358.02	0.36
2026-05-07T21:31:11.2574090+08:00	0x02	0.0139	0.0013	-0.9566	0.2909	213.82	358.52	0.61
2026-05-07T21:31:11.2574090+08:00	0x04	-0.0106	-0.0170	-0.1962	0.9804	337.38	358.32	358.42
2026-05-07T21:31:11.2574090+08:00	0x09	0.0011	-0.0862	-0.9736	0.2114	204.69	357.75	350.36
2026-05-07T21:31:11.2574090+08:00	0x07	-0.7158	-0.2712	0.6423	0.0402	152.63	259.66	16.90
2026-05-07T21:31:11.2574090+08:00	0x08	-0.0028	-0.0266	-0.0030	0.9996	359.67	356.96	359.67
2026-05-07T21:31:11.2574090+08:00	0x03	-0.0032	-0.0172	0.3566	0.9341	41.78	358.02	0.36
2026-05-07T21:31:11.2574090+08:00	0x02	0.0139	0.0013	-0.9566	0.2909	213.82	358.52	0.61
2026-05-07T21:31:11.2574090+08:00	0x04	-0.0106	-0.0170	-0.1962	0.9804	337.38	358.32	358.42
2026-05-07T21:31:11.2574090+08:00	0x09	0.0011	-0.0862	-0.9736	0.2114	204.69	357.75	350.36
2026-05-07T21:31:11.2574090+08:00	0x08	-0.0028	-0.0266	-0.0030	0.9996	359.67	356.96	359.67
2026-05-07T21:31:11.2574090+08:00	0x01	-0.0316	-0.0644	-0.2675	0.9609	329.18	353.84	354.53
2026-05-07T21:31:11.2574090+08:00	0x07	-0.7157	-0.2712	0.6424	0.0402	152.63	259.68	16.91
2026-05-07T21:31:11.2574090+08:00	0x03	-0.0032	-0.0173	0.3566	0.9341	41.78	358.02	0.36
2026-05-07T21:31:11.2574090+08:00	0x02	0.0139	0.0013	-0.9566	0.2909	213.82	358.52	0.61
2026-05-07T21:31:11.2584064+08:00	0x04	-0.0106	-0.0170	-0.1962	0.9804	337.38	358.33	358.42
2026-05-07T21:31:11.2584064+08:00	0x09	0.0012	-0.0862	-0.9736	0.2114	204.69	357.75	350.36
2026-05-07T21:31:11.2584064+08:00	0x07	-0.7158	-0.2712	0.6423	0.0402	152.63	259.66	16.90
2026-05-07T21:31:11.2584064+08:00	0x03	-0.0032	-0.0172	0.3566	0.9341	41.78	358.02	0.36
2026-05-07T21:31:11.2584064+08:00	0x02	0.0139	0.0013	-0.9566	0.2909	213.82	358.52	0.61
2026-05-07T21:31:11.2584064+08:00	0x09	0.0012	-0.0862	-0.9736	0.2114	204.69	357.75	350.36
2026-05-07T21:31:11.2584064+08:00	0x08	-0.0028	-0.0266	-0.0030	0.9996	359.67	356.96	359.67
2026-05-07T21:31:11.2584064+08:00	0x04	-0.0106	-0.0170	-0.1962	0.9804	337.38	358.33	358.42
2026-05-07T21:31:11.2584064+08:00	0x03	-0.0032	-0.0173	0.3566	0.9341	41.78	358.02	0.36
2026-05-07T21:31:11.2584064+08:00	0x02	0.0139	0.0013	-0.9566	0.2909	213.82	358.52	0.61
2026-05-07T21:31:11.2584064+08:00	0x04	-0.0106	-0.0170	-0.1962	0.9804	337.38	358.33	358.43
2026-05-07T21:31:11.2584064+08:00	0x09	0.0012	-0.0862	-0.9736	0.2114	204.69	357.75	350.36
2026-05-07T21:31:11.2584064+08:00	0x01	-0.0316	-0.0644	-0.2675	0.9609	329.18	353.84	354.53
2026-05-07T21:31:11.2584064+08:00	0x08	-0.0028	-0.0266	-0.0030	0.9996	359.67	356.96	359.67
2026-05-07T21:31:11.2584064+08:00	0x07	-0.7159	-0.2711	0.6421	0.0403	152.63	259.64	16.89
2026-05-07T21:31:11.2584064+08:00	0x03	-0.0033	-0.0172	0.3566	0.9341	41.78	358.02	0.36
2026-05-07T21:31:11.2584064+08:00	0x02	0.0139	0.0013	-0.9566	0.2909	213.82	358.52	0.61
2026-05-07T21:31:11.2584064+08:00	0x05	0.0042	-0.0059	0.4819	0.8762	57.62	359.65	0.75
2026-05-07T21:31:11.2584064+08:00	0x04	-0.0106	-0.0170	-0.1962	0.9804	337.38	358.32	358.43
2026-05-07T21:31:11.2584064+08:00	0x09	0.0011	-0.0862	-0.9736	0.2114	204.69	357.75	350.36
2026-05-07T21:31:11.2584064+08:00	0x07	-0.7160	-0.2711	0.6420	0.0402	152.63	259.62	16.89
2026-05-07T21:31:11.2584064+08:00	0x08	-0.0028	-0.0266	-0.0030	0.9996	359.67	356.96	359.67
2026-05-07T21:31:11.2584064+08:00	0x02	0.0139	0.0013	-0.9566	0.2909	213.82	358.52	0.61
2026-05-07T21:31:11.2584064+08:00	0x04	-0.0106	-0.0170	-0.1962	0.9804	337.38	358.32	358.43
2026-05-07T21:31:11.2584064+08:00	0x06	-0.0453	-0.1944	0.8433	-0.4990	242.64	7.28	21.90
2026-05-07T21:31:11.2584064+08:00	0x01	-0.0316	-0.0644	-0.2675	0.9609	329.18	353.84	354.53
2026-05-07T21:31:11.2584064+08:00	0x07	-0.7159	-0.2712	0.6421	0.0402	152.63	259.63	16.90
2026-05-07T21:31:11.2584064+08:00	0x08	-0.0028	-0.0266	-0.0030	0.9996	359.67	356.96	359.67
2026-05-07T21:31:11.2584064+08:00	0x03	-0.0033	-0.0172	0.3566	0.9341	41.78	358.02	0.36
2026-05-07T21:31:11.2584064+08:00	0x02	0.0139	0.0013	-0.9566	0.2909	213.82	358.52	0.61
2026-05-07T21:31:11.2584064+08:00	0x04	-0.0106	-0.0170	-0.1962	0.9804	337.38	358.32	358.42
2026-05-07T21:31:11.2584064+08:00	0x01	-0.0316	-0.0644	-0.2675	0.9609	329.18	353.84	354.53
2026-05-07T21:31:11.2584064+08:00	0x07	-0.7160	-0.2712	0.6421	0.0402	152.63	259.63	16.90
2026-05-07T21:31:11.2584064+08:00	0x03	-0.0033	-0.0173	0.3566	0.9341	41.78	358.02	0.36
2026-05-07T21:31:11.2584064+08:00	0x09	0.0012	-0.0862	-0.9736	0.2114	204.69	357.75	350.36
2026-05-07T21:31:11.2584064+08:00	0x06	-0.0452	-0.1943	0.8432	-0.4992	242.66	7.29	21.89
2026-05-07T21:31:11.2584064+08:00	0x08	-0.0028	-0.0266	-0.0030	0.9996	359.67	356.96	359.67
2026-05-07T21:31:11.2584064+08:00	0x07	-0.7160	-0.2711	0.6420	0.0403	152.63	259.63	16.88
2026-05-07T21:31:11.2584064+08:00	0x03	-0.0033	-0.0173	0.3566	0.9341	41.78	358.02	0.36
2026-05-07T21:31:11.2584064+08:00	0x02	0.0139	0.0013	-0.9566	0.2909	213.82	358.52	0.61
2026-05-07T21:31:11.2584064+08:00	0x09	0.0012	-0.0862	-0.9736	0.2114	204.69	357.75	350.36
2026-05-07T21:31:11.2584064+08:00	0x04	-0.0106	-0.0171	-0.1962	0.9804	337.38	358.32	358.43
2026-05-07T21:31:11.2584064+08:00	0x06	-0.0452	-0.1942	0.8432	-0.4994	242.68	7.28	21.88
2026-05-07T21:31:11.2584064+08:00	0x01	-0.0316	-0.0644	-0.2675	0.9609	329.18	353.84	354.53
2026-05-07T21:31:11.2584064+08:00	0x08	-0.0028	-0.0266	-0.0030	0.9996	359.67	356.96	359.67
2026-05-07T21:31:11.2584064+08:00	0x07	-0.7160	-0.2711	0.6420	0.0403	152.63	259.62	16.89
2026-05-07T21:31:11.2584064+08:00	0x03	-0.0033	-0.0172	0.3566	0.9341	41.78	358.02	0.36
2026-05-07T21:31:11.2584064+08:00	0x02	0.0139	0.0013	-0.9566	0.2909	213.82	358.52	0.61
2026-05-07T21:31:11.2584064+08:00	0x05	0.0042	-0.0059	0.4819	0.8762	57.62	359.64	0.75
2026-05-07T21:31:11.2584064+08:00	0x04	-0.0106	-0.0170	-0.1962	0.9804	337.38	358.32	358.43
2026-05-07T21:31:11.2584064+08:00	0x09	0.0012	-0.0862	-0.9736	0.2114	204.69	357.75	350.36
2026-05-07T21:31:11.2584064+08:00	0x01	-0.0316	-0.0644	-0.2675	0.9609	329.18	353.84	354.53
2026-05-07T21:31:11.2584064+08:00	0x03	-0.0033	-0.0172	0.3566	0.9341	41.78	358.02	0.36
2026-05-07T21:31:11.2584064+08:00	0x07	-0.7160	-0.2711	0.6421	0.0402	152.63	259.63	16.89
2026-05-07T21:31:11.2584064+08:00	0x08	-0.0028	-0.0266	-0.0030	0.9996	359.67	356.96	359.67
2026-05-07T21:31:11.2584064+08:00	0x02	0.0139	0.0013	-0.9566	0.2909	213.82	358.52	0.61
2026-05-07T21:31:11.2584064+08:00	0x09	0.0012	-0.0862	-0.9736	0.2114	204.69	357.75	350.36
2026-05-07T21:31:11.2584064+08:00	0x01	-0.0316	-0.0644	-0.2675	0.9609	329.18	353.84	354.53
2026-05-07T21:31:11.2584064+08:00	0x08	-0.0028	-0.0266	-0.0030	0.9996	359.67	356.96	359.67
2026-05-07T21:31:11.2584064+08:00	0x02	0.0139	0.0013	-0.9566	0.2909	213.82	358.52	0.61
2026-05-07T21:31:11.2584064+08:00	0x09	0.0011	-0.0862	-0.9736	0.2114	204.69	357.75	350.36
2026-05-07T21:31:11.2584064+08:00	0x04	-0.0106	-0.0171	-0.1962	0.9804	337.38	358.32	358.43
2026-05-07T21:31:11.2594050+08:00	0x01	-0.0316	-0.0644	-0.2675	0.9609	329.18	353.84	354.53
2026-05-07T21:31:11.2594050+08:00	0x08	-0.0028	-0.0266	-0.0030	0.9996	359.67	356.96	359.67
2026-05-07T21:31:11.2594050+08:00	0x07	-0.7160	-0.2710	0.6421	0.0403	152.64	259.63	16.88
2026-05-07T21:31:11.2594050+08:00	0x03	-0.0033	-0.0172	0.3566	0.9341	41.78	358.02	0.36
2026-05-07T21:31:11.2594050+08:00	0x02	0.0139	0.0013	-0.9566	0.2909	213.82	358.52	0.61
2026-05-07T21:31:11.2594050+08:00	0x04	-0.0106	-0.0171	-0.1962	0.9804	337.38	358.32	358.43
2026-05-07T21:31:11.2594050+08:00	0x09	0.0011	-0.0862	-0.9736	0.2114	204.69	357.75	350.36
2026-05-07T21:31:11.2594050+08:00	0x01	-0.0316	-0.0644	-0.2675	0.9609	329.18	353.84	354.53
2026-05-07T21:31:11.2594050+08:00	0x08	-0.0028	-0.0266	-0.0030	0.9996	359.67	356.96	359.67
2026-05-07T21:31:11.2594050+08:00	0x07	-0.7160	-0.2710	0.6421	0.0403	152.65	259.63	16.88
2026-05-07T21:31:11.2594050+08:00	0x03	-0.0033	-0.0172	0.3566	0.9341	41.78	358.02	0.36
2026-05-07T21:31:11.2594050+08:00	0x02	0.0139	0.0013	-0.9566	0.2909	213.82	358.52	0.61
2026-05-07T21:31:11.2594050+08:00	0x04	-0.0106	-0.0171	-0.1962	0.9804	337.38	358.32	358.43
2026-05-07T21:31:11.2594050+08:00	0x09	0.0011	-0.0862	-0.9736	0.2114	204.69	357.75	350.36
2026-05-07T21:31:11.2594050+08:00	0x06	-0.0453	-0.1937	0.8428	-0.5001	242.77	7.27	21.83
2026-05-07T21:31:11.2594050+08:00	0x08	-0.0028	-0.0266	-0.0030	0.9996	359.67	356.96	359.67
2026-05-07T21:31:11.2594050+08:00	0x07	-0.7161	-0.2709	0.6421	0.0402	152.65	259.63	16.88
2026-05-07T21:31:11.2594050+08:00	0x03	-0.0033	-0.0172	0.3566	0.9341	41.78	358.02	0.36
2026-05-07T21:31:11.2594050+08:00	0x02	0.0139	0.0013	-0.9566	0.2909	213.82	358.52	0.61
2026-05-07T21:31:11.2594050+08:00	0x09	0.0011	-0.0862	-0.9736	0.2114	204.69	357.75	350.36
2026-05-07T21:31:11.2594050+08:00	0x01	-0.0316	-0.0644	-0.2675	0.9609	329.18	353.84	354.54
2026-05-07T21:31:11.2594050+08:00	0x08	-0.0028	-0.0266	-0.0030	0.9996	359.67	356.96	359.67
2026-05-07T21:31:11.2594050+08:00	0x07	-0.7161	-0.2710	0.6420	0.0401	152.66	259.62	16.89
2026-05-07T21:31:11.2594050+08:00	0x03	-0.0033	-0.0173	0.3566	0.9341	41.78	358.02	0.36
2026-05-07T21:31:11.2594050+08:00	0x04	-0.0106	-0.0170	-0.1962	0.9804	337.38	358.32	358.43
2026-05-07T21:31:11.2594050+08:00	0x09	0.0011	-0.0862	-0.9736	0.2114	204.69	357.75	350.36
2026-05-07T21:31:11.2594050+08:00	0x01	-0.0316	-0.0644	-0.2675	0.9609	329.18	353.84	354.54
2026-05-07T21:31:11.2594050+08:00	0x07	-0.7161	-0.2709	0.6421	0.0401	152.66	259.63	16.89
2026-05-07T21:31:11.2594050+08:00	0x08	-0.0028	-0.0265	-0.0030	0.9996	359.67	356.96	359.67
2026-05-07T21:31:11.2594050+08:00	0x03	-0.0033	-0.0172	0.3566	0.9341	41.78	358.02	0.36
2026-05-07T21:31:11.2594050+08:00	0x02	0.0139	0.0013	-0.9566	0.2909	213.82	358.52	0.61
2026-05-07T21:31:11.2594050+08:00	0x09	0.0011	-0.0862	-0.9736	0.2114	204.69	357.75	350.36
2026-05-07T21:31:11.2594050+08:00	0x01	-0.0316	-0.0644	-0.2675	0.9609	329.18	353.84	354.54
2026-05-07T21:31:11.2594050+08:00	0x07	-0.7161	-0.2709	0.6420	0.0401	152.66	259.62	16.88
2026-05-07T21:31:11.2594050+08:00	0x03	-0.0033	-0.0172	0.3566	0.9341	41.78	358.02	0.36
2026-05-07T21:31:11.2594050+08:00	0x02	0.0139	0.0013	-0.9566	0.2909	213.82	358.52	0.61
2026-05-07T21:31:11.2594050+08:00	0x09	0.0011	-0.0862	-0.9736	0.2114	204.69	357.75	350.36
2026-05-07T21:31:11.2594050+08:00	0x01	-0.0316	-0.0644	-0.2675	0.9609	329.18	353.84	354.54
2026-05-07T21:31:11.2594050+08:00	0x07	-0.7161	-0.2709	0.6421	0.0401	152.67	259.63	16.88
2026-05-07T21:31:11.2594050+08:00	0x03	-0.0033	-0.0172	0.3566	0.9341	41.78	358.02	0.36
2026-05-07T21:31:11.2594050+08:00	0x02	0.0139	0.0013	-0.9566	0.2909	213.82	358.52	0.61
2026-05-07T21:31:11.2594050+08:00	0x06	-0.0450	-0.1942	0.8423	-0.5007	242.88	7.34	21.85
2026-05-07T21:31:11.2594050+08:00	0x04	-0.0106	-0.0170	-0.1962	0.9804	337.38	358.32	358.43
2026-05-07T21:31:11.2594050+08:00	0x01	-0.0316	-0.0644	-0.2675	0.9609	329.18	353.84	354.54
2026-05-07T21:31:11.2594050+08:00	0x07	-0.7161	-0.2709	0.6421	0.0401	152.66	259.63	16.88
2026-05-07T21:31:11.2594050+08:00	0x03	-0.0033	-0.0172	0.3566	0.9341	41.78	358.02	0.36
2026-05-07T21:31:11.2594050+08:00	0x02	0.0139	0.0013	-0.9566	0.2909	213.82	358.52	0.61
2026-05-07T21:31:11.2594050+08:00	0x04	-0.0106	-0.0170	-0.1962	0.9804	337.38	358.32	358.43
2026-05-07T21:31:11.2594050+08:00	0x01	-0.0316	-0.0644	-0.2675	0.9609	329.18	353.84	354.54
2026-05-07T21:31:11.2594050+08:00	0x07	-0.7160	-0.2709	0.6421	0.0401	152.66	259.64	16.88
2026-05-07T21:31:11.2594050+08:00	0x03	-0.0033	-0.0172	0.3566	0.9341	41.78	358.02	0.36
2026-05-07T21:31:11.2594050+08:00	0x02	0.0139	0.0013	-0.9566	0.2909	213.82	358.52	0.61
2026-05-07T21:31:11.2594050+08:00	0x04	-0.0106	-0.0170	-0.1962	0.9804	337.38	358.32	358.43
2026-05-07T21:31:11.2594050+08:00	0x01	-0.0316	-0.0644	-0.2675	0.9609	329.18	353.84	354.54
2026-05-07T21:31:11.2594050+08:00	0x03	-0.0032	-0.0173	0.3566	0.9341	41.78	358.02	0.36
2026-05-07T21:31:11.2594050+08:00	0x07	-0.7159	-0.2712	0.6421	0.0399	152.65	259.63	16.93
2026-05-07T21:31:11.2594050+08:00	0x02	0.0139	0.0013	-0.9566	0.2909	213.82	358.52	0.61
2026-05-07T21:31:11.2594050+08:00	0x09	0.0012	-0.0862	-0.9736	0.2114	204.69	357.75	350.36
2026-05-07T21:31:11.2594050+08:00	0x06	-0.0450	-0.1949	0.8419	-0.5012	242.97	7.41	21.92
2026-05-07T21:31:11.2594050+08:00	0x04	-0.0106	-0.0170	-0.1962	0.9804	337.38	358.32	358.43
2026-05-07T21:31:11.2594050+08:00	0x01	-0.0316	-0.0644	-0.2675	0.9609	329.18	353.84	354.53
2026-05-07T21:31:11.2594050+08:00	0x08	-0.0028	-0.0265	-0.0030	0.9996	359.67	356.96	359.67
2026-05-07T21:31:11.2594050+08:00	0x07	-0.7160	-0.2712	0.6420	0.0399	152.65	259.61	16.92
2026-05-07T21:31:11.2604010+08:00	0x02	0.0139	0.0013	-0.9566	0.2909	213.82	358.52	0.61
2026-05-07T21:31:11.2604010+08:00	0x06	-0.0450	-0.1950	0.8417	-0.5014	243.00	7.41	21.93
2026-05-07T21:31:11.2604010+08:00	0x09	0.0012	-0.0862	-0.9736	0.2114	204.69	357.75	350.36
2026-05-07T21:31:11.2604010+08:00	0x04	-0.0106	-0.0170	-0.1962	0.9804	337.38	358.32	358.42
2026-05-07T21:31:11.2604010+08:00	0x01	-0.0316	-0.0644	-0.2675	0.9609	329.18	353.84	354.53
2026-05-07T21:31:11.2604010+08:00	0x08	-0.0028	-0.0265	-0.0030	0.9996	359.67	356.96	359.67
2026-05-07T21:31:11.2604010+08:00	0x03	-0.0032	-0.0173	0.3566	0.9341	41.78	358.02	0.36
2026-05-07T21:31:11.2604010+08:00	0x02	0.0139	0.0013	-0.9566	0.2909	213.82	358.52	0.61
2026-05-07T21:31:11.2604010+08:00	0x06	-0.0451	-0.1950	0.8416	-0.5016	243.03	7.41	21.94
2026-05-07T21:31:11.2604010+08:00	0x04	-0.0106	-0.0170	-0.1962	0.9804	337.38	358.32	358.42
2026-05-07T21:31:11.2604010+08:00	0x09	0.0012	-0.0862	-0.9736	0.2114	204.69	357.75	350.36
2026-05-07T21:31:11.2604010+08:00	0x08	-0.0028	-0.0266	-0.0030	0.9996	359.67	356.96	359.67
2026-05-07T21:31:11.2604010+08:00	0x03	-0.0032	-0.0173	0.3566	0.9341	41.78	358.02	0.36
2026-05-07T21:31:11.2604010+08:00	0x01	-0.0316	-0.0644	-0.2675	0.9609	329.18	353.84	354.53
2026-05-07T21:31:11.2604010+08:00	0x07	-0.7161	-0.2713	0.6418	0.0401	152.62	259.59	16.91
2026-05-07T21:31:11.2604010+08:00	0x02	0.0139	0.0013	-0.9566	0.2909	213.82	358.52	0.61
2026-05-07T21:31:11.2604010+08:00	0x04	-0.0106	-0.0170	-0.1962	0.9804	337.38	358.32	358.43
2026-05-07T21:31:11.2604010+08:00	0x09	0.0011	-0.0862	-0.9736	0.2114	204.69	357.75	350.36
2026-05-07T21:31:11.2604010+08:00	0x01	-0.0316	-0.0644	-0.2675	0.9609	329.18	353.84	354.53
2026-05-07T21:31:11.2604010+08:00	0x07	-0.7162	-0.2713	0.6418	0.0401	152.62	259.58	16.91
2026-05-07T21:31:11.2604010+08:00	0x03	-0.0032	-0.0173	0.3566	0.9341	41.78	358.02	0.36
2026-05-07T21:31:11.2604010+08:00	0x07	-0.7161	-0.2713	0.6418	0.0401	152.62	259.59	16.91
2026-05-07T21:31:11.2604010+08:00	0x09	0.0011	-0.0862	-0.9736	0.2114	204.69	357.75	350.36
2026-05-07T21:31:11.2604010+08:00	0x01	-0.0316	-0.0644	-0.2675	0.9609	329.18	353.84	354.54
2026-05-07T21:31:11.2604010+08:00	0x08	-0.0028	-0.0265	-0.0030	0.9996	359.67	356.96	359.67
2026-05-07T21:31:11.2604010+08:00	0x04	-0.0106	-0.0171	-0.1962	0.9804	337.38	358.32	358.43
2026-05-07T21:31:11.2604010+08:00	0x03	-0.0032	-0.0172	0.3566	0.9341	41.78	358.02	0.36
2026-05-07T21:31:11.2604010+08:00	0x07	-0.7162	-0.2713	0.6418	0.0400	152.63	259.58	16.91
2026-05-07T21:31:11.2604010+08:00	0x02	0.0139	0.0013	-0.9566	0.2909	213.82	358.52	0.61
2026-05-07T21:31:11.2604010+08:00	0x09	0.0011	-0.0862	-0.9736	0.2114	204.69	357.75	350.36
2026-05-07T21:31:11.2604010+08:00	0x01	-0.0316	-0.0644	-0.2675	0.9609	329.18	353.84	354.53
2026-05-07T21:31:11.2604010+08:00	0x07	-0.7162	-0.2712	0.6418	0.0400	152.63	259.59	16.91
2026-05-07T21:31:11.2604010+08:00	0x03	-0.0032	-0.0172	0.3566	0.9341	41.78	358.02	0.36
2026-05-07T21:31:11.2604010+08:00	0x02	0.0139	0.0013	-0.9566	0.2909	213.82	358.52	0.61
2026-05-07T21:31:11.2604010+08:00	0x09	0.0011	-0.0862	-0.9736	0.2114	204.69	357.75	350.36
2026-05-07T21:31:11.2604010+08:00	0x01	-0.0316	-0.0644	-0.2675	0.9609	329.18	353.84	354.53
2026-05-07T21:31:11.2604010+08:00	0x07	-0.7162	-0.2712	0.6418	0.0399	152.64	259.58	16.91
2026-05-07T21:31:11.2604010+08:00	0x03	-0.0032	-0.0173	0.3566	0.9341	41.78	358.02	0.36
2026-05-07T21:31:11.2604010+08:00	0x02	0.0139	0.0013	-0.9566	0.2909	213.82	358.52	0.61
2026-05-07T21:31:11.2604010+08:00	0x06	-0.0452	-0.1939	0.8415	-0.5023	243.09	7.35	21.82
2026-05-07T21:31:11.2604010+08:00	0x05	0.0042	-0.0059	0.4819	0.8762	57.62	359.65	0.75
2026-05-07T21:31:11.2604010+08:00	0x09	0.0012	-0.0862	-0.9736	0.2114	204.69	357.75	350.36
2026-05-07T21:31:11.2604010+08:00	0x01	-0.0316	-0.0644	-0.2675	0.9609	329.18	353.84	354.53
2026-05-07T21:31:11.2604010+08:00	0x08	-0.0028	-0.0265	-0.0030	0.9996	359.67	356.96	359.67
2026-05-07T21:31:11.3149230+08:00	0x07	-0.7162	-0.2712	0.6418	0.0399	152.65	259.58	16.91
2026-05-07T21:31:11.4034718+08:00	0x03	-0.0032	-0.0173	0.3566	0.9341	41.78	358.02	0.36
2026-05-07T21:31:11.5485669+08:00	0x02	0.0139	0.0013	-0.9566	0.2909	213.82	358.52	0.61
2026-05-07T21:31:11.6057541+08:00	0x09	0.0011	-0.0862	-0.9736	0.2114	204.69	357.75	350.36
2026-05-07T21:31:11.7721876+08:00	0x01	-0.0316	-0.0644	-0.2675	0.9609	329.18	353.84	354.53
2026-05-07T21:31:11.8882768+08:00	0x07	-0.7163	-0.2711	0.6417	0.0399	152.65	259.57	16.91
2026-05-07T21:31:12.0675435+08:00	0x02	0.0139	0.0013	-0.9566	0.2909	213.82	358.52	0.61
2026-05-07T21:31:12.1222122+08:00	0x06	-0.0452	-0.1939	0.8412	-0.5027	243.14	7.36	21.82
2026-05-07T21:31:12.1383433+08:00	0x04	-0.0106	-0.0170	-0.1962	0.9804	337.38	358.32	358.42
2026-05-07T21:31:12.1585580+08:00	0x09	0.0012	-0.0862	-0.9736	0.2114	204.69	357.75	350.36
2026-05-07T21:31:12.2909090+08:00	0x01	-0.0316	-0.0644	-0.2675	0.9609	329.18	353.84	354.53
2026-05-07T21:31:12.4260537+08:00	0x08	-0.0028	-0.0265	-0.0030	0.9996	359.67	356.96	359.67
2026-05-07T21:31:12.4579677+08:00	0x07	-0.7163	-0.2711	0.6417	0.0398	152.65	259.57	16.91
