timestamp	device	q0	q1	q2	q3	yaw	pitch	roll
2026-04-23T22:04:15.4193670+08:00	0x04	0.4780	-0.3334	-0.8002	0.1415	216.47	290.47	336.53
2026-04-23T22:04:15.4498890+08:00	0x06	-0.6774	-0.0774	0.7311	-0.0263	176.15	274.08	8.56
2026-04-23T22:04:15.6237724+08:00	0x09	-0.7202	0.0241	0.6923	0.0387	178.91	267.79	354.89
2026-04-23T22:04:15.6627229+08:00	0x03	-0.6247	0.2271	0.7311	0.1538	183.96	277.85	328.38
2026-04-23T22:04:15.7739711+08:00	0x02	-0.4145	-0.4973	0.7307	-0.2167	166.92	292.51	65.01
2026-04-23T22:04:15.9368811+08:00	0x01	0.4972	0.3578	-0.7202	0.3257	192.03	297.32	57.05
2026-04-23T22:04:15.9785686+08:00	0x07	-0.3855	-0.5278	0.5135	-0.5560	316.90	52.66	76.11
2026-04-23T22:04:16.1205406+08:00	0x09	-0.7263	0.0528	0.6799	0.0863	177.63	266.45	348.63
2026-04-23T22:04:16.2548314+08:00	0x03	-0.6042	0.2524	0.6027	0.4560	151.82	285.95	301.20
2026-04-23T22:04:16.3818622+08:00	0x02	-0.5471	-0.3246	0.7591	-0.1383	169.05	284.43	40.10
2026-04-23T22:04:16.4836247+08:00	0x07	-0.2489	-0.6304	0.3117	-0.6660	351.54	83.22	46.42
2026-04-23T22:04:16.5536339+08:00	0x01	0.5572	0.2451	-0.6819	0.4056	206.95	294.78	51.84
2026-04-23T22:04:16.6422667+08:00	0x09	-0.7251	0.0888	0.6683	0.1402	176.45	265.92	341.21
2026-04-23T22:04:16.7858786+08:00	0x03	-0.6058	0.2521	0.6075	0.4476	153.22	285.21	301.94
2026-04-23T22:04:16.9510852+08:00	0x02	-0.5692	-0.3538	0.6861	-0.2829	178.58	279.92	53.85
2026-04-23T22:04:16.9989270+08:00	0x07	-0.2868	-0.6482	0.3310	-0.6229	356.24	90.45	51.85
2026-04-23T22:04:17.0615102+08:00	0x08	-0.7188	-0.1971	0.6391	-0.1899	177.27	262.51	31.66
2026-04-23T22:04:17.1003173+08:00	0x01	0.5681	0.2875	-0.6238	0.4532	209.40	292.88	60.89
2026-04-23T22:04:17.1647326+08:00	0x09	-0.7274	0.0767	0.6720	0.1156	177.39	265.82	344.26
2026-04-23T22:04:17.3844904+08:00	0x03	-0.4817	0.4412	0.5473	0.5232	113.18	335.88	279.24
2026-04-23T22:04:17.5271351+08:00	0x02	-0.5375	-0.3993	0.6912	-0.2717	174.26	281.11	57.58
2026-04-23T22:04:17.6168494+08:00	0x08	-0.7237	-0.1757	0.6440	-0.1748	178.10	262.85	28.65
2026-04-23T22:04:17.6468754+08:00	0x05	-0.4923	0.4949	0.5352	0.4757	159.17	294.39	273.53
2026-04-23T22:04:17.7178168+08:00	0x01	0.5627	0.2919	-0.6345	0.4422	207.94	293.29	60.23
2026-04-23T22:04:17.8600258+08:00	0x03	-0.4762	0.4572	0.5199	0.5422	87.36	0.27	277.38
2026-04-23T22:04:18.0405493+08:00	0x02	-0.5457	-0.3915	0.6876	-0.2759	174.95	280.38	57.10
2026-04-23T22:04:18.1357734+08:00	0x08	-0.7272	-0.1607	0.6476	-0.1613	178.41	263.00	26.27
2026-04-23T22:04:18.2397386+08:00	0x09	-0.7282	0.0725	0.6734	0.1049	177.89	265.79	345.49
2026-04-23T22:04:18.4318960+08:00	0x03	-0.4768	0.4601	0.5325	0.5267	100.15	349.22	277.13
2026-04-23T22:04:18.5156923+08:00	0x02	-0.5524	-0.3822	0.6989	-0.2456	172.33	279.47	53.67
2026-04-23T22:04:18.6385259+08:00	0x04	0.4769	-0.3345	-0.8006	0.1407	216.46	290.54	336.34
2026-04-23T22:04:18.6657610+08:00	0x07	-0.2635	-0.6605	0.3037	-0.6341	356.87	90.96	47.34
2026-04-23T22:04:18.7459320+08:00	0x01	0.5778	0.2807	-0.6705	0.3712	197.02	287.15	53.65
2026-04-23T22:04:18.7694809+08:00	0x06	-0.7340	-0.0468	0.6774	-0.0115	176.94	265.29	4.60
2026-04-23T22:04:19.0623650+08:00	0x03	-0.4728	0.4683	0.5292	0.5264	93.59	356.31	276.58
2026-04-23T22:04:19.1727482+08:00	0x07	-0.2060	-0.6777	0.2393	-0.6641	357.24	90.25	36.72
2026-04-23T22:04:19.2402029+08:00	0x06	-0.7347	-0.0472	0.6766	-0.0129	177.01	265.16	4.76
2026-04-23T22:04:19.3302542+08:00	0x09	-0.7291	0.0712	0.6728	0.1030	177.95	265.65	345.76
2026-04-23T22:04:19.5287162+08:00	0x03	-0.4732	0.4682	0.5303	0.5251	95.10	354.91	276.56
2026-04-23T22:04:19.6167286+08:00	0x02	-0.5981	-0.3313	0.7049	-0.1886	169.58	275.17	43.85
2026-04-23T22:04:19.7578027+08:00	0x07	-0.2005	-0.6794	0.2334	-0.6662	357.28	90.25	35.75
2026-04-23T22:04:19.8496841+08:00	0x09	-0.7284	0.0723	0.6733	0.1041	177.93	265.76	345.58
2026-04-23T22:04:20.0591872+08:00	0x03	-0.4692	0.4729	0.5276	0.5271	88.51	1.74	276.45
2026-04-23T22:04:20.1777379+08:00	0x02	-0.5958	-0.3348	0.7043	-0.1920	169.62	275.29	44.46
2026-04-23T22:04:20.3038030+08:00	0x07	-0.1982	-0.6800	0.2310	-0.6671	357.28	90.23	35.35
2026-04-23T22:04:20.3827696+08:00	0x09	-0.7274	0.0721	0.6745	0.1039	177.92	265.94	345.61
2026-04-23T22:04:20.6046462+08:00	0x03	-0.4719	0.4708	0.5310	0.5232	94.77	355.61	276.42
2026-04-23T22:04:20.7047874+08:00	0x02	-0.5934	-0.3397	0.7016	-0.2004	169.95	275.31	45.61
2026-04-23T22:04:20.8289793+08:00	0x01	0.5834	0.2728	-0.6759	0.3582	195.59	286.02	51.89
2026-04-23T22:04:20.8632431+08:00	0x07	-0.1949	-0.6806	0.2290	-0.6681	357.15	90.16	34.90
2026-04-23T22:04:20.9051700+08:00	0x06	-0.7341	-0.0472	0.6773	-0.0126	176.99	265.26	4.73
2026-04-23T22:04:20.9449383+08:00	0x09	-0.7277	0.0698	0.6746	0.1021	177.87	265.92	345.95
2026-04-23T22:04:21.1673185+08:00	0x02	-0.5909	-0.3414	0.7027	-0.2013	170.02	275.64	45.86
2026-04-23T22:04:21.3503413+08:00	0x01	0.5798	0.2784	-0.6760	0.3596	195.57	286.48	52.51
2026-04-23T22:04:21.4126483+08:00	0x04	0.4347	-0.4673	-0.6979	-0.3249	172.36	301.44	290.82
2026-04-23T22:04:21.4598543+08:00	0x09	-0.7286	0.0689	0.6740	0.1007	177.91	265.79	346.13
2026-04-23T22:04:21.7291055+08:00	0x03	-0.4684	0.4745	0.5306	0.5234	90.87	359.89	276.37
2026-04-23T22:04:21.9132751+08:00	0x07	-0.1922	-0.6817	0.2251	-0.6691	357.28	90.22	34.34
2026-04-23T22:04:21.9358745+08:00	0x01	0.5784	0.2767	-0.6760	0.3632	196.34	287.01	52.58
2026-04-23T22:04:22.0612199+08:00	0x09	-0.7285	0.0691	0.6741	0.1004	177.95	265.80	346.15
2026-04-23T22:04:22.2590627+08:00	0x02	-0.5873	-0.3439	0.7030	-0.2065	170.48	276.15	46.56
2026-04-23T22:04:22.3200698+08:00	0x03	-0.4664	0.4753	0.5289	0.5262	87.18	3.49	276.51
2026-04-23T22:04:22.4583304+08:00	0x08	-0.7319	-0.1545	0.6432	-0.1639	179.02	262.39	26.01
2026-04-23T22:04:22.5929916+08:00	0x09	-0.7326	0.0660	0.6718	0.0870	178.81	265.17	347.52
2026-04-23T22:04:22.8318895+08:00	0x02	-0.5668	-0.4232	0.6851	-0.1741	157.46	269.93	51.01
2026-04-23T22:04:23.0160005+08:00	0x01	0.5896	0.0908	-0.5599	0.5750	239.02	297.41	51.23
2026-04-23T22:04:23.0702765+08:00	0x08	-0.7243	-0.1984	0.6190	-0.2298	179.80	260.97	35.35
2026-04-23T22:04:23.1269133+08:00	0x09	-0.7404	0.0450	0.6699	0.0326	181.32	264.20	353.77
2026-04-23T22:04:23.3502356+08:00	0x02	-0.5793	-0.5568	0.5884	-0.0904	124.02	243.38	49.46
2026-04-23T22:04:23.5453575+08:00	0x08	-0.7142	-0.2065	0.6080	-0.2786	183.30	262.03	40.47
2026-04-23T22:04:23.6510411+08:00	0x06	-0.5192	-0.0574	0.8501	0.0665	170.05	297.03	1.64
2026-04-23T22:04:23.7382706+08:00	0x09	-0.7218	0.1023	0.6843	0.0178	187.18	266.34	350.47
2026-04-23T22:04:23.9242801+08:00	0x02	-0.6304	-0.5031	0.5887	-0.0548	130.57	246.34	41.40
2026-04-23T22:04:23.9597812+08:00	0x03	-0.5892	0.1284	0.4343	0.6691	99.46	308.72	295.84
2026-04-23T22:04:24.1313664+08:00	0x08	-0.6984	-0.1546	0.6518	-0.2521	187.78	268.40	33.62
2026-04-23T22:04:24.1732429+08:00	0x04	0.6372	-0.6317	-0.4344	-0.0790	255.57	216.64	319.50
2026-04-23T22:04:24.2029000+08:00	0x06	-0.5263	-0.0572	0.8459	0.0642	170.28	296.08	1.67
2026-04-23T22:04:24.2505509+08:00	0x09	-0.7255	0.1287	0.6753	0.0316	188.50	264.94	347.31
2026-04-23T22:04:24.5564874+08:00	0x02	-0.7229	-0.4328	0.5361	0.0523	132.28	242.91	22.86
2026-04-23T22:04:24.6401974+08:00	0x03	-0.6115	0.0980	0.4606	0.6359	110.26	297.98	299.78
2026-04-23T22:04:24.6709084+08:00	0x04	0.7059	-0.5623	-0.4304	-0.0194	244.72	222.97	329.24
2026-04-23T22:04:24.7911305+08:00	0x09	-0.7496	0.1326	0.6473	0.0391	188.76	260.61	346.68
2026-04-23T22:04:25.0137499+08:00	0x03	-0.6184	0.0370	0.5338	0.5756	120.48	290.63	311.29
2026-04-23T22:04:25.2363613+08:00	0x02	-0.7597	-0.3869	0.5133	0.0979	134.71	242.06	14.39
2026-04-23T22:04:25.2611444+08:00	0x07	-0.1923	-0.6816	0.2252	-0.6691	357.27	90.22	34.35
2026-04-23T22:04:25.2920294+08:00	0x01	0.6370	-0.1229	-0.6086	0.4569	232.23	280.11	25.62
2026-04-23T22:04:25.3566418+08:00	0x09	-0.7611	0.1415	0.6313	0.0466	189.30	258.17	345.54
2026-04-23T22:04:25.5475118+08:00	0x03	-0.6209	0.0474	0.5270	0.5783	120.67	290.51	309.81
2026-04-23T22:04:25.7392844+08:00	0x01	0.6224	-0.1335	-0.6298	0.4451	231.99	281.86	22.70
2026-04-23T22:04:25.8005351+08:00	0x07	-0.1664	-0.2116	0.8259	-0.4953	240.70	355.64	30.96
2026-04-23T22:04:25.8798297+08:00	0x09	-0.7595	0.1262	0.6374	0.0316	188.90	259.07	347.94
2026-04-23T22:04:26.0842974+08:00	0x03	-0.6069	0.0562	0.5283	0.5911	117.93	294.08	309.03
2026-04-23T22:04:26.3147320+08:00	0x08	-0.6782	0.0312	0.7307	-0.0716	188.46	274.49	2.95
2026-04-23T22:04:26.3468885+08:00	0x07	-0.2098	-0.1872	0.8926	-0.3525	218.94	343.92	28.82
2026-04-23T22:04:26.4118318+08:00	0x06	-0.3256	-0.0446	0.9359	0.1268	164.55	321.63	0.05
2026-04-23T22:04:26.6257700+08:00	0x03	-0.6107	0.0594	0.5320	0.5835	119.65	293.04	309.11
2026-04-23T22:04:26.6966267+08:00	0x02	-0.7587	-0.3883	0.5141	0.0965	134.64	242.09	14.64
2026-04-23T22:04:26.8147563+08:00	0x07	-0.1962	-0.1728	0.9212	-0.2883	210.90	343.12	25.56
2026-04-23T22:04:26.8857828+08:00	0x08	-0.6697	0.0222	0.7378	-0.0817	188.66	275.87	4.40
2026-04-23T22:04:26.9955048+08:00	0x06	-0.2527	-0.0289	0.9624	0.0956	168.54	330.53	0.42
2026-04-23T22:04:27.1620902+08:00	0x03	-0.6115	0.0522	0.5436	0.5726	121.24	292.19	310.80
2026-04-23T22:04:27.2015841+08:00	0x02	-0.8124	-0.2428	0.4984	0.1806	144.88	243.99	357.06
2026-04-23T22:04:27.3449462+08:00	0x07	-0.1900	-0.1602	0.9373	-0.2442	205.57	342.41	23.15
2026-04-23T22:04:27.4479116+08:00	0x01	0.6133	-0.1351	-0.6321	0.4540	233.31	283.25	22.71
2026-04-23T22:04:27.4739003+08:00	0x08	-0.6706	0.0138	0.7362	-0.0895	188.68	275.78	5.72
2026-04-23T22:04:27.6972233+08:00	0x03	-0.6032	0.0525	0.5417	0.5830	118.97	294.25	310.51
2026-04-23T22:04:27.9315252+08:00	0x07	-0.2044	-0.1172	0.9549	-0.1805	198.11	338.61	17.31
2026-04-23T22:04:28.0119400+08:00	0x01	0.6160	-0.1419	-0.6282	0.4535	233.63	282.54	22.37
2026-04-23T22:04:28.0192677+08:00	0x09	-0.7645	0.1194	0.6326	0.0344	188.17	258.37	348.25
2026-04-23T22:04:28.0807586+08:00	0x06	-0.2488	-0.0182	0.9649	0.0822	170.35	331.11	359.66
2026-04-23T22:04:28.2909804+08:00	0x03	-0.6084	0.0549	0.5396	0.5793	120.02	293.15	310.16
2026-04-23T22:04:28.4708749+08:00	0x07	-0.2064	-0.1085	0.9615	-0.1454	194.11	337.71	15.59
2026-04-23T22:04:28.5497415+08:00	0x09	-0.7652	0.1113	0.6337	0.0238	188.19	258.53	349.77
2026-04-23T22:04:28.6050213+08:00	0x06	-0.1891	-0.0584	0.9787	0.0538	172.65	337.78	5.39
2026-04-23T22:04:28.8282631+08:00	0x03	-0.6027	0.0703	0.5382	0.5849	119.31	294.95	308.67
2026-04-23T22:04:28.9828038+08:00	0x07	-0.1820	-0.1451	0.9624	-0.1402	193.30	340.86	19.29
2026-04-23T22:04:29.0249973+08:00	0x08	-0.6593	0.0622	0.7484	-0.0379	187.99	277.07	357.53
2026-04-23T22:04:29.0890712+08:00	0x09	-0.7690	0.1203	0.6271	0.0313	188.56	257.53	348.52
2026-04-23T22:04:29.1839318+08:00	0x06	-0.1927	-0.0521	0.9786	0.0497	173.24	337.44	4.75
2026-04-23T22:04:29.2077698+08:00	0x04	0.6505	-0.6152	-0.4444	-0.0320	252.65	221.78	323.96
2026-04-23T22:04:29.3430080+08:00	0x03	-0.6018	0.0739	0.5356	0.5878	118.88	295.39	308.13
2026-04-23T22:04:29.4399760+08:00	0x02	-0.8151	-0.2160	0.4956	0.2080	145.75	244.81	352.83
2026-04-23T22:04:29.4948055+08:00	0x07	-0.1861	-0.1442	0.9633	-0.1285	191.84	340.12	19.01
2026-04-23T22:04:29.5648499+08:00	0x08	-0.6525	0.0868	0.7528	-0.0052	187.01	277.72	352.88
2026-04-23T22:04:29.5894784+08:00	0x01	0.6016	-0.1352	-0.6388	0.4601	234.27	285.02	22.39
2026-04-23T22:04:29.7099107+08:00	0x09	-0.7746	0.1166	0.6209	0.0293	188.45	256.62	349.04
2026-04-23T22:04:29.7554500+08:00	0x06	-0.2028	-0.0475	0.9764	0.0565	172.54	336.27	4.01
2026-04-23T22:04:29.8584504+08:00	0x03	-0.5979	0.0847	0.5321	0.5935	117.93	296.81	306.89
2026-04-23T22:04:29.9694071+08:00	0x02	-0.8150	-0.2147	0.4972	0.2062	146.00	244.92	352.95
2026-04-23T22:04:30.0405526+08:00	0x07	-0.2102	-0.1458	0.9595	-0.1181	190.09	336.99	19.23
2026-04-23T22:04:30.1523133+08:00	0x01	0.5985	-0.1443	-0.6397	0.4602	234.92	285.06	21.49
2026-04-23T22:04:30.2309068+08:00	0x09	-0.7738	0.1272	0.6193	0.0377	188.85	256.37	347.53
2026-04-23T22:04:30.2896218+08:00	0x04	0.6359	-0.6308	-0.4439	-0.0267	255.40	221.28	323.56
2026-04-23T22:04:30.4448784+08:00	0x03	-0.6037	0.0908	0.5295	0.5890	119.40	295.56	306.17
2026-04-23T22:04:30.5487982+08:00	0x02	-0.8152	-0.2068	0.5041	0.1966	147.40	245.34	353.57
2026-04-23T22:04:30.5786512+08:00	0x07	-0.2155	-0.1449	0.9587	-0.1158	189.73	336.31	19.13
2026-04-23T22:04:30.6514603+08:00	0x08	-0.6499	0.1130	0.7511	0.0278	186.17	277.62	348.11
2026-04-23T22:04:30.6899014+08:00	0x01	0.5966	-0.1434	-0.6358	0.4682	235.83	285.46	22.11
2026-04-23T22:04:30.8477341+08:00	0x06	-0.2356	-0.0483	0.9693	0.0504	173.06	332.43	4.00
2026-04-23T22:04:30.8796948+08:00	0x04	0.6428	-0.6292	-0.4365	-0.0206	255.30	220.90	324.85
2026-04-23T22:04:30.9055176+08:00	0x09	-0.7768	0.1173	0.6177	0.0343	188.21	256.16	348.56
2026-04-23T22:04:30.9413590+08:00	0x03	-0.6062	0.0935	0.5288	0.5866	120.12	294.98	305.89
2026-04-23T22:04:31.1257048+08:00	0x02	-0.8177	-0.1972	0.5045	0.1950	148.47	245.30	353.11
2026-04-23T22:04:31.2111317+08:00	0x08	-0.6503	0.1204	0.7492	0.0362	186.03	277.39	346.85
2026-04-23T22:04:31.2446311+08:00	0x01	0.5945	-0.1540	-0.6389	0.4633	235.97	285.23	20.74
2026-04-23T22:04:31.2591089+08:00	0x05	-0.4992	0.4885	0.5409	0.4686	167.03	286.51	274.92
2026-04-23T22:04:31.3480824+08:00	0x09	-0.7724	0.1153	0.6238	0.0325	188.06	257.06	348.81
2026-04-23T22:04:31.5002132+08:00	0x06	-0.2652	-0.0512	0.9609	0.0606	171.72	328.87	3.80
2026-04-23T22:04:31.6495192+08:00	0x04	0.6384	-0.6356	-0.4333	-0.0261	256.41	219.85	324.25
2026-04-23T22:04:31.6813436+08:00	0x02	-0.8228	-0.1862	0.4964	0.2046	148.97	244.64	351.27
2026-04-23T22:04:31.7756233+08:00	0x01	0.5972	-0.1549	-0.6427	0.4541	234.94	284.72	20.08
2026-04-23T22:04:31.8073132+08:00	0x08	-0.6540	0.1268	0.7447	0.0406	186.23	276.66	346.00
2026-04-23T22:04:31.8480054+08:00	0x07	-0.2627	-0.1565	0.9469	-0.0992	186.47	330.15	20.40
2026-04-23T22:04:31.9509290+08:00	0x06	-0.2822	-0.0545	0.9562	0.0553	172.13	326.83	4.19
2026-04-23T22:04:32.0612485+08:00	0x03	-0.6122	0.0914	0.5234	0.5856	120.68	293.66	305.64
2026-04-23T22:04:32.2067999+08:00	0x02	-0.8254	-0.1894	0.4970	0.1894	149.68	244.05	352.85
2026-04-23T22:04:32.2984922+08:00	0x08	-0.6529	0.1304	0.7449	0.0443	186.18	276.74	345.40
2026-04-23T22:04:32.3488798+08:00	0x01	0.6009	-0.1546	-0.6309	0.4658	236.18	284.30	21.39
2026-04-23T22:04:32.4113595+08:00	0x09	-0.7677	0.1210	0.6283	0.0353	188.31	257.73	348.09
2026-04-23T22:04:32.5216047+08:00	0x06	-0.2751	-0.0692	0.9575	0.0524	172.01	327.53	5.95
2026-04-23T22:04:32.5455159+08:00	0x04	0.6517	-0.6273	-0.4260	-0.0186	255.16	219.89	326.04
2026-04-23T22:04:32.6551679+08:00	0x03	-0.6150	0.0898	0.5259	0.5806	121.76	292.73	306.03
2026-04-23T22:04:32.7266636+08:00	0x02	-0.8256	-0.1811	0.4977	0.1947	150.14	244.34	351.88
2026-04-23T22:04:32.7752394+08:00	0x07	-0.2713	-0.1689	0.9424	-0.0985	185.82	329.00	21.83
2026-04-23T22:04:32.8762155+08:00	0x08	-0.6547	0.1363	0.7416	0.0532	185.94	276.30	344.23
2026-04-23T22:04:33.0033269+08:00	0x09	-0.7688	0.1207	0.6269	0.0379	188.12	257.53	347.90
2026-04-23T22:04:33.1443615+08:00	0x06	-0.2914	-0.0765	0.9518	0.0576	171.07	325.45	6.43
2026-04-23T22:04:33.1992274+08:00	0x04	0.6395	-0.6375	-0.4290	-0.0241	256.82	219.40	324.70
2026-04-23T22:04:33.3026266+08:00	0x02	-0.8272	-0.1758	0.4959	0.1973	150.51	244.19	351.25
2026-04-23T22:04:33.3502215+08:00	0x07	-0.2793	-0.1844	0.9367	-0.1028	185.61	327.98	23.75
2026-04-23T22:04:33.4247727+08:00	0x01	0.5973	-0.1578	-0.6342	0.4649	236.35	284.67	20.81
2026-04-23T22:04:33.5492800+08:00	0x09	-0.7738	0.0999	0.6250	0.0232	187.31	257.26	350.75
2026-04-23T22:04:33.6058006+08:00	0x06	-0.2975	-0.0899	0.9496	0.0400	172.47	324.66	8.45
2026-04-23T22:04:33.6461538+08:00	0x04	0.6557	-0.6219	-0.4281	-0.0112	254.32	220.84	326.83
2026-04-23T22:04:33.8371167+08:00	0x07	-0.2924	-0.1974	0.9311	-0.0930	183.65	325.94	24.96
2026-04-23T22:04:33.9552042+08:00	0x05	0.4531	0.4575	-0.4326	0.6311	328.56	47.33	75.40
2026-04-23T22:04:34.0079961+08:00	0x08	-0.6697	0.0892	0.7373	-0.0020	187.09	275.04	352.60
2026-04-23T22:04:34.0779336+08:00	0x09	-0.7758	0.0855	0.6251	0.0087	187.05	257.30	353.08
2026-04-23T22:04:34.1804964+08:00	0x06	-0.3012	-0.0965	0.9479	0.0389	172.33	324.13	9.18
2026-04-23T22:04:34.2124338+08:00	0x04	0.6737	-0.6089	-0.4188	-0.0037	252.46	220.77	329.00
2026-04-23T22:04:34.3844868+08:00	0x07	-0.3032	-0.1734	0.9369	-0.0159	175.42	323.34	19.54
2026-04-23T22:04:34.4170429+08:00	0x02	-0.8210	-0.1962	0.5049	0.1804	149.55	244.71	354.37
2026-04-23T22:04:34.4664337+08:00	0x01	0.5963	-0.1528	-0.6277	0.4764	237.39	285.15	22.11
2026-04-23T22:04:34.6620087+08:00	0x09	-0.7719	0.1116	0.6250	0.0331	187.67	257.25	349.01
2026-04-23T22:04:34.7228092+08:00	0x06	-0.3069	-0.0905	0.9457	0.0574	170.46	323.39	7.81
2026-04-23T22:04:34.7567282+08:00	0x03	-0.6222	0.0772	0.5395	0.5620	124.93	290.09	308.50
2026-04-23T22:04:34.9625828+08:00	0x02	-0.8233	-0.1820	0.5038	0.1878	150.48	244.83	352.77
2026-04-23T22:04:35.0016515+08:00	0x07	-0.3260	-0.1431	0.9321	0.0662	167.16	319.99	12.92
2026-04-23T22:04:35.2461125+08:00	0x09	-0.7729	0.1105	0.6241	0.0316	187.68	257.12	349.24
2026-04-23T22:04:35.2759456+08:00	0x06	-0.3046	-0.0848	0.9461	0.0702	169.29	323.68	6.76
2026-04-23T22:04:35.4821735+08:00	0x02	-0.8198	-0.1816	0.5058	0.1976	149.83	245.53	351.94
2026-04-23T22:04:35.6318215+08:00	0x08	-0.6555	0.1032	0.7478	0.0213	186.04	276.98	349.49
2026-04-23T22:04:35.7416872+08:00	0x09	-0.7709	0.1145	0.6256	0.0349	187.79	257.35	348.63
2026-04-23T22:04:35.8046154+08:00	0x04	0.6485	-0.6291	-0.4282	-0.0166	255.47	220.19	325.93
2026-04-23T22:04:35.8399786+08:00	0x03	-0.6126	0.0877	0.5354	0.5748	122.51	292.86	307.05
2026-04-23T22:04:36.0112933+08:00	0x07	-0.3345	-0.0948	0.9270	0.1409	160.99	319.53	4.68
2026-04-23T22:04:36.1013084+08:00	0x08	-0.6545	0.1068	0.7480	0.0256	185.94	277.05	348.85
2026-04-23T22:04:36.2009969+08:00	0x01	0.5924	-0.1515	-0.6412	0.4636	235.89	285.65	20.79
2026-04-23T22:04:36.2248780+08:00	0x05	0.4571	0.4764	-0.4175	0.6243	339.80	58.96	75.60
2026-04-23T22:04:36.3277632+08:00	0x09	-0.7711	0.1105	0.6263	0.0311	187.70	257.44	349.26
2026-04-23T22:04:36.4642645+08:00	0x06	-0.3131	-0.0581	0.9449	0.0763	169.58	323.01	3.56
2026-04-23T22:04:36.5427959+08:00	0x07	-0.3462	-0.0570	0.9202	0.1736	158.96	318.93	359.12
2026-04-23T22:04:36.6218917+08:00	0x08	-0.6543	0.1163	0.7464	0.0361	185.78	276.88	347.24
2026-04-23T22:04:36.7561656+08:00	0x01	0.5944	-0.1555	-0.6410	0.4600	235.69	285.15	20.34
2026-04-23T22:04:36.8617001+08:00	0x04	0.6469	-0.6319	-0.4262	-0.0244	255.89	219.32	325.23
2026-04-23T22:04:36.9307972+08:00	0x06	-0.3189	-0.0667	0.9428	0.0702	169.89	322.22	4.64
2026-04-23T22:04:37.0163751+08:00	0x09	-0.7714	0.1161	0.6248	0.0347	187.96	257.21	348.55
2026-04-23T22:04:37.1153740+08:00	0x07	-0.3657	-0.0454	0.9113	0.1837	158.38	316.84	357.04
2026-04-23T22:04:37.3317558+08:00	0x01	0.5972	-0.1598	-0.6430	0.4522	235.04	284.49	19.54
2026-04-23T22:04:37.3946654+08:00	0x09	-0.7745	0.1116	0.6220	0.0282	188.05	256.79	349.49
2026-04-23T22:04:37.4418096+08:00	0x03	-0.6154	0.0835	0.5278	0.5794	121.72	292.46	306.75
2026-04-23T22:04:37.5179706+08:00	0x02	-0.8248	-0.1806	0.4953	0.2043	149.56	244.45	350.90
2026-04-23T22:04:37.6642850+08:00	0x07	-0.3705	-0.0518	0.9078	0.1896	157.48	316.12	357.33
2026-04-23T22:04:37.7300436+08:00	0x08	-0.6647	0.1041	0.7396	0.0174	186.57	275.52	349.79
2026-04-23T22:04:37.8535792+08:00	0x01	0.6001	-0.1579	-0.6419	0.4504	234.66	284.14	19.75
2026-04-23T22:04:37.9015970+08:00	0x09	-0.7767	0.0872	0.6238	0.0064	187.37	257.10	353.18
2026-04-23T22:04:37.9436856+08:00	0x04	0.6520	-0.6233	-0.4309	-0.0273	254.33	220.08	325.06
2026-04-23T22:04:38.0276142+08:00	0x06	-0.3276	-0.0845	0.9390	0.0620	170.03	320.94	6.78
2026-04-23T22:04:38.1460688+08:00	0x02	-0.8305	-0.1801	0.4857	0.2047	149.68	243.23	350.50
2026-04-23T22:04:38.2049473+08:00	0x07	-0.3969	-0.0584	0.8971	0.1853	157.71	312.74	357.57
2026-04-23T22:04:38.2962091+08:00	0x08	-0.6929	0.0552	0.7177	-0.0410	187.78	271.93	358.71
2026-04-23T22:04:38.4736431+08:00	0x09	-0.7335	0.0844	0.6744	-0.0045	187.51	264.78	353.84
2026-04-23T22:04:38.5399833+08:00	0x06	-0.4737	-0.1172	0.8727	0.0142	172.05	302.24	11.02
2026-04-23T22:04:38.6050564+08:00	0x02	-0.8445	-0.1832	0.4661	0.1897	150.54	240.05	351.39
2026-04-23T22:04:38.7938721+08:00	0x07	-0.3961	-0.0582	0.8974	0.1855	157.71	312.85	357.57
2026-04-23T22:04:38.8894934+08:00	0x01	0.6022	-0.1510	-0.6365	0.4576	234.99	284.21	21.03
2026-04-23T22:04:38.9849006+08:00	0x09	-0.7156	0.0811	0.6937	-0.0074	187.29	267.85	354.15
2026-04-23T22:04:39.0386027+08:00	0x04	0.6634	-0.6170	-0.4226	-0.0227	253.46	219.70	326.52
2026-04-23T22:04:39.1354299+08:00	0x06	-0.6467	-0.0664	0.7598	-0.0045	175.44	278.95	6.13
2026-04-23T22:04:39.1510592+08:00	0x02	-0.8343	-0.1841	0.4777	0.2046	149.36	242.20	350.48
2026-04-23T22:04:39.2061371+08:00	0x03	-0.6100	0.0589	0.5473	0.5700	121.88	292.50	310.55
2026-04-23T22:04:39.3471526+08:00	0x07	-0.6361	0.0319	0.7625	0.1136	172.23	281.09	348.87
2026-04-23T22:04:39.3855758+08:00	0x05	0.4376	0.4913	-0.3978	0.6394	345.31	64.39	71.90
2026-04-23T22:04:39.4967190+08:00	0x09	-0.7273	0.0760	0.6812	0.0355	183.61	265.97	351.08
2026-04-23T22:04:39.5449160+08:00	0x01	0.6021	-0.1526	-0.6458	0.4441	233.56	284.04	19.73
2026-04-23T22:04:39.6077079+08:00	0x04	0.6695	-0.6099	-0.4232	-0.0276	252.21	219.77	326.42
2026-04-23T22:04:39.6861953+08:00	0x03	-0.6100	0.0589	0.5473	0.5700	121.88	292.50	310.55
2026-04-23T22:04:39.7251273+08:00	0x06	-0.6419	-0.0680	0.7637	-0.0039	175.31	279.65	6.25
2026-04-23T22:04:39.8847543+08:00	0x07	-0.7162	0.0277	0.6949	0.0589	177.56	268.42	352.94
2026-04-23T22:04:40.0996075+08:00	0x09	-0.7322	0.0712	0.6745	0.0625	181.16	265.19	349.19
2026-04-23T22:04:40.1773521+08:00	0x03	-0.6100	0.0589	0.5473	0.5700	121.88	292.50	310.55
2026-04-23T22:04:40.2820549+08:00	0x02	-0.8508	-0.1596	0.4427	0.2338	150.32	238.94	345.13
2026-04-23T22:04:40.4176081+08:00	0x07	-0.6612	-0.1962	0.7131	-0.1255	174.85	273.12	26.47
2026-04-23T22:04:40.4329339+08:00	0x08	-0.7127	-0.1131	0.6771	-0.1446	182.12	267.46	21.05
2026-04-23T22:04:40.5836446+08:00	0x01	0.6129	-0.1576	-0.6503	0.4204	231.10	282.09	18.08
2026-04-23T22:04:40.6464014+08:00	0x09	-0.7303	0.0844	0.6733	0.0781	181.07	265.23	346.84
2026-04-23T22:04:40.7587144+08:00	0x03	-0.6100	0.0589	0.5473	0.5700	121.88	292.50	310.55
2026-04-23T22:04:40.7956418+08:00	0x02	-0.8528	-0.1510	0.4409	0.2358	151.11	238.72	344.39
2026-04-23T22:04:40.9380496+08:00	0x07	-0.6103	-0.3300	0.6714	-0.2604	175.31	273.29	49.55
2026-04-23T22:04:40.9637196+08:00	0x08	-0.7269	-0.0991	0.6667	-0.1318	181.92	265.38	18.89
2026-04-23T22:04:41.0870806+08:00	0x01	0.6145	-0.1587	-0.6501	0.4178	230.88	281.79	17.89
2026-04-23T22:04:41.1988959+08:00	0x03	-0.6046	0.0280	0.5427	0.5824	118.14	293.21	312.72
2026-04-23T22:04:41.2304414+08:00	0x09	-0.7293	0.0890	0.6732	0.0833	181.04	265.29	346.03
2026-04-23T22:04:41.3499590+08:00	0x06	-0.7243	-0.0567	0.6867	0.0248	173.32	266.81	2.40
2026-04-23T22:04:41.3901052+08:00	0x02	-0.8552	-0.1461	0.4372	0.2370	151.59	238.26	343.88
2026-04-23T22:04:41.5410316+08:00	0x07	-0.5415	-0.4425	0.6039	-0.3824	176.87	273.98	71.55
2026-04-23T22:04:41.5637365+08:00	0x08	-0.7333	-0.1150	0.6534	-0.1488	181.59	263.70	21.63
2026-04-23T22:04:41.6492736+08:00	0x01	0.6144	-0.1579	-0.6482	0.4212	231.18	281.85	18.23
2026-04-23T22:04:41.7077476+08:00	0x09	-0.7294	0.0879	0.6734	0.0816	181.08	265.30	346.27
2026-04-23T22:04:41.7553976+08:00	0x03	-0.6052	0.0273	0.5428	0.5817	118.27	293.04	312.81
2026-04-23T22:04:41.8813545+08:00	0x06	-0.7260	-0.0534	0.6851	0.0271	173.41	266.57	1.94
2026-04-23T22:04:41.9139591+08:00	0x02	-0.8540	-0.1470	0.4389	0.2374	151.44	238.51	343.95
2026-04-23T22:04:42.0378019+08:00	0x07	-0.4743	-0.5160	0.5400	-0.4660	202.62	299.26	87.95
2026-04-23T22:04:42.2706960+08:00	0x01	0.6230	-0.1569	-0.6390	0.4230	231.14	280.64	19.06
2026-04-23T22:04:42.3008114+08:00	0x09	-0.7302	0.0904	0.6721	0.0834	181.18	265.11	345.92
2026-04-23T22:04:42.4540916+08:00	0x06	-0.7167	-0.0556	0.6947	0.0235	173.54	268.08	2.50
2026-04-23T22:04:42.4680606+08:00	0x02	-0.8743	-0.1654	0.4076	0.2050	152.09	233.21	347.07
2026-04-23T22:04:42.6249043+08:00	0x08	-0.7144	-0.1415	0.6608	-0.1814	182.41	266.10	26.50
2026-04-23T22:04:42.7428094+08:00	0x01	0.7692	-0.1752	-0.4422	0.4267	228.39	253.56	30.10
2026-04-23T22:04:42.7905000+08:00	0x07	-0.4374	-0.5492	0.5039	-0.5031	346.38	82.84	83.52
2026-04-23T22:04:42.8170208+08:00	0x03	-0.6052	0.0273	0.5428	0.5817	118.27	293.05	312.80
2026-04-23T22:04:42.8465698+08:00	0x09	-0.7033	0.0799	0.7050	0.0445	182.89	269.88	349.90
2026-04-23T22:04:42.9736884+08:00	0x06	-0.6640	-0.0937	0.7417	-0.0133	173.91	275.84	9.01
2026-04-23T22:04:43.1489767+08:00	0x07	-0.3811	-0.5822	0.4533	-0.5570	348.42	84.07	72.26
2026-04-23T22:04:43.3144845+08:00	0x01	0.7655	-0.1748	-0.4485	0.4269	228.57	254.42	29.79
2026-04-23T22:04:43.4006537+08:00	0x03	-0.5814	0.3381	0.7079	0.2158	187.35	278.03	313.15
2026-04-23T22:04:43.5424277+08:00	0x06	-0.6578	-0.1080	0.7452	-0.0157	173.07	276.49	10.46
2026-04-23T22:04:43.7064687+08:00	0x08	-0.7150	-0.1407	0.6606	-0.1805	182.38	266.03	26.35
2026-04-23T22:04:43.7539153+08:00	0x02	-0.9314	-0.2267	0.2818	-0.0419	155.96	211.14	11.87
2026-04-23T22:04:43.8528536+08:00	0x01	0.8334	-0.1683	-0.2914	0.4384	223.79	234.86	39.24
2026-04-23T22:04:43.9497394+08:00	0x03	-0.6080	0.3470	0.7040	0.1196	199.14	271.47	320.66
2026-04-23T22:04:44.0354579+08:00	0x02	-0.9410	-0.1893	0.2788	-0.0308	159.89	211.33	9.41
2026-04-23T22:04:44.1937367+08:00	0x08	-0.6492	-0.2965	0.6158	-0.3338	182.48	268.22	52.99
2026-04-23T22:04:44.2697022+08:00	0x07	-0.2437	-0.5961	0.3610	-0.6745	342.43	74.81	49.39
2026-04-23T22:04:44.3173255+08:00	0x01	0.8340	-0.1779	-0.2890	0.4351	224.49	234.49	38.53
2026-04-23T22:04:44.4539945+08:00	0x04	0.6693	-0.6101	-0.4231	-0.0274	252.25	219.77	326.42
2026-04-23T22:04:44.5486881+08:00	0x02	-0.9439	-0.1776	0.2765	-0.0316	161.23	211.15	9.09
2026-04-23T22:04:44.6432549+08:00	0x06	-0.6579	-0.1042	0.7457	-0.0122	173.06	276.56	9.87
2026-04-23T22:04:44.8038829+08:00	0x08	-0.6321	-0.3314	0.5942	-0.3707	182.44	267.86	59.61
2026-04-23T22:04:44.8879338+08:00	0x07	-0.1747	-0.6320	0.2849	-0.6992	347.11	79.87	37.19
2026-04-23T22:04:45.0863993+08:00	0x03	-0.6182	0.3440	0.6979	0.1113	200.08	269.93	321.84
2026-04-23T22:04:45.2280909+08:00	0x06	-0.6249	-0.2432	0.7254	-0.1553	174.61	276.90	33.16
2026-04-23T22:04:45.2928018+08:00	0x04	0.4941	-0.4169	-0.7620	0.0368	215.78	281.82	323.20
2026-04-23T22:04:45.3996333+08:00	0x08	-0.6323	-0.3313	0.5943	-0.3704	182.40	267.83	59.57
2026-04-23T22:04:45.4494523+08:00	0x01	0.8340	-0.1776	-0.2890	0.4352	224.47	234.50	38.55
2026-04-23T22:04:45.5406972+08:00	0x04	0.5407	-0.3523	-0.7638	0.0099	207.80	281.34	328.17
2026-04-23T22:04:45.6280000+08:00	0x09	-0.7125	-0.1443	0.6717	-0.1426	179.12	266.45	23.40
2026-04-23T22:04:45.6873556+08:00	0x06	-0.5249	-0.1867	0.8208	-0.1258	180.67	294.96	26.01
2026-04-23T22:04:45.8415912+08:00	0x08	-0.4980	-0.4322	0.5735	-0.4862	219.59	310.82	78.49
2026-04-23T22:04:45.9417476+08:00	0x07	-0.1142	-0.6555	0.2104	-0.7163	350.28	82.67	26.07
2026-04-23T22:04:46.1005267+08:00	0x09	-0.7901	-0.1469	0.5833	-0.1177	174.17	251.80	20.94
2026-04-23T22:04:46.1987648+08:00	0x02	-0.9438	-0.1779	0.2766	-0.0316	161.19	211.15	9.10
2026-04-23T22:04:46.3579537+08:00	0x08	-0.4804	-0.4781	0.4811	-0.5560	314.92	40.49	83.86
2026-04-23T22:04:46.4762013+08:00	0x07	0.1718	-0.7939	-0.0925	-0.5759	349.79	109.91	339.83
2026-04-23T22:04:46.5039708+08:00	0x01	0.7643	0.1288	-0.5411	0.3263	191.71	254.84	39.66
2026-04-23T22:04:46.6585664+08:00	0x09	-0.7879	-0.1469	0.5861	-0.1185	174.31	252.23	21.03
2026-04-23T22:04:46.7924480+08:00	0x02	-0.8276	-0.1122	0.5470	-0.0579	172.79	246.13	12.63
2026-04-23T22:04:46.9235470+08:00	0x06	-0.4662	-0.1322	0.8745	-0.0204	174.81	303.21	14.49
2026-04-23T22:04:47.0362203+08:00	0x07	-0.0077	-0.7618	-0.0374	-0.6466	3.45	99.27	357.30
2026-04-23T22:04:47.1155224+08:00	0x05	0.1960	0.6708	-0.1159	0.7058	6.32	88.52	25.61
2026-04-23T22:04:47.1765843+08:00	0x09	-0.9030	0.0713	0.4206	0.0508	184.99	229.57	351.28
2026-04-23T22:04:47.2325400+08:00	0x04	0.5394	-0.3543	-0.7638	0.0108	208.03	281.36	328.02
2026-04-23T22:04:47.3112536+08:00	0x02	-0.9037	-0.0516	0.4208	0.0604	171.69	230.22	356.24
2026-04-23T22:04:47.5139376+08:00	0x08	-0.3830	-0.5318	0.4714	-0.5901	330.39	62.14	72.45
2026-04-23T22:04:47.5599532+08:00	0x07	0.1297	-0.8598	-0.0934	-0.4850	352.05	122.31	343.36
2026-04-23T22:04:47.7289211+08:00	0x03	-0.3072	0.2903	0.7691	0.4794	123.62	343.19	312.18
2026-04-23T22:04:47.7519604+08:00	0x04	0.3370	-0.3402	-0.8674	-0.1352	179.59	317.70	317.05
2026-04-23T22:04:47.8314911+08:00	0x09	-0.8805	0.1049	0.4356	0.1548	183.07	232.06	338.65
2026-04-23T22:04:48.0201104+08:00	0x08	-0.1263	-0.2898	0.7693	-0.5552	254.57	9.05	35.88
2026-04-23T22:04:48.0978408+08:00	0x07	0.3244	-0.8369	-0.1009	-0.4292	329.31	133.12	333.43
2026-04-23T22:04:48.2131648+08:00	0x09	-0.8478	0.2343	0.4630	0.1094	198.87	233.28	336.27
2026-04-23T22:04:48.3929257+08:00	0x04	0.1582	-0.2931	-0.9421	0.0376	191.21	337.64	327.29
2026-04-23T22:07:24.8123052+08:00	0x02	-0.9019	-0.0535	0.4249	0.0568	171.66	230.69	356.73
2026-04-23T22:07:24.8123052+08:00	0x06	-0.4681	-0.1339	0.8731	-0.0236	175.01	302.95	14.83
2026-04-23T22:07:24.8123052+08:00	0x01	0.7611	0.1328	-0.5398	0.3343	192.08	255.19	40.71
2026-04-23T22:07:24.8123052+08:00	0x04	0.1434	-0.3179	-0.9365	0.0359	191.27	338.94	324.19
2026-04-23T22:07:24.8123052+08:00	0x03	-0.3181	0.2914	0.7705	0.4693	125.92	340.96	311.61
2026-04-23T22:07:24.8123052+08:00	0x06	-0.0776	-0.1835	0.9765	-0.0822	188.18	352.49	21.79
2026-04-23T22:07:24.8123052+08:00	0x02	-0.1701	-0.3514	0.8913	0.2307	140.62	326.20	33.22
2026-04-23T22:07:24.8123052+08:00	0x07	0.4699	-0.7136	-0.2052	-0.4774	314.98	133.28	312.14
2026-04-23T22:07:24.8123052+08:00	0x08	-0.1340	-0.1657	0.9320	-0.2932	213.00	350.47	22.79
2026-04-23T22:07:24.8123052+08:00	0x09	-0.8089	0.2731	0.5118	0.0953	202.46	239.45	334.29
2026-04-23T22:07:24.8123052+08:00	0x03	-0.2428	0.3674	0.7235	0.5317	105.58	3.68	307.83
2026-04-23T22:07:24.8123052+08:00	0x02	-0.0766	-0.4518	0.8827	0.1042	156.04	338.41	51.41
2026-04-23T22:07:24.8123052+08:00	0x08	-0.1027	-0.0762	0.9730	0.1922	156.93	346.68	6.24
2026-04-23T22:07:24.8123052+08:00	0x05	-0.6392	0.4430	0.4633	0.4249	215.00	225.83	287.51
2026-04-23T22:07:24.8123052+08:00	0x01	0.4008	0.3189	-0.8279	0.2283	190.02	312.53	45.33
2026-04-23T22:07:24.8123052+08:00	0x09	-0.8147	0.2583	0.5111	0.0907	201.11	239.60	335.68
2026-04-23T22:07:24.8123052+08:00	0x03	-0.2323	0.3846	0.6724	0.5882	91.15	13.21	307.76
2026-04-23T22:07:24.8123052+08:00	0x02	-0.0391	-0.4428	0.8947	0.0437	169.42	349.81	52.08
2026-04-23T22:07:24.8123052+08:00	0x08	-0.1096	-0.0557	0.9279	0.3519	138.28	345.95	1.51
2026-04-23T22:07:24.8123052+08:00	0x07	0.6612	-0.5598	-0.2976	-0.4010	264.13	173.68	300.28
2026-04-23T22:07:24.8123052+08:00	0x09	-0.8170	0.2486	0.5127	0.0882	200.14	239.98	336.48
2026-04-23T22:07:24.8123052+08:00	0x04	0.1386	-0.3242	-0.9329	0.0733	196.22	337.84	324.23
2026-04-23T22:07:24.8123052+08:00	0x03	-0.2186	0.3970	0.6664	0.5920	88.49	16.87	308.00
2026-04-23T22:07:24.8133010+08:00	0x02	-0.0089	-0.4431	0.8964	-0.0045	180.03	358.88	52.61
2026-04-23T22:07:24.8133010+08:00	0x08	-0.1119	-0.0441	0.8878	0.4442	126.98	346.24	358.79
2026-04-23T22:07:24.8133010+08:00	0x01	0.4036	0.3212	-0.8228	0.2386	191.10	312.48	46.16
2026-04-23T22:07:24.8133010+08:00	0x09	-0.8181	0.2449	0.5132	0.0860	199.85	240.11	336.92
2026-04-23T22:07:24.8133010+08:00	0x04	0.1151	-0.3123	-0.9352	0.1209	201.02	339.52	326.20
2026-04-23T22:07:24.8133010+08:00	0x07	0.6621	-0.5460	-0.3237	-0.3984	259.49	179.22	298.23
2026-04-23T22:07:24.8133010+08:00	0x06	-0.0532	-0.1755	0.9714	-0.1507	197.06	356.90	20.92
2026-04-23T22:07:24.8133010+08:00	0x02	0.0118	-0.4384	0.8977	-0.0425	188.05	5.42	51.83
2026-04-23T22:07:24.8133010+08:00	0x08	-0.1127	-0.0357	0.8518	0.5104	118.50	346.77	356.90
2026-04-23T22:07:24.8133010+08:00	0x07	0.6757	-0.5281	-0.3340	-0.3911	253.24	184.65	298.20
2026-04-23T22:07:24.8133010+08:00	0x01	0.3857	0.3345	-0.8187	0.2628	195.12	316.41	48.62
2026-04-23T22:07:24.8133010+08:00	0x03	-0.2098	0.4058	0.6570	0.5998	85.49	19.91	308.30
2026-04-23T22:07:24.8133010+08:00	0x02	0.0296	-0.4336	0.8975	-0.0752	194.69	10.77	50.70
2026-04-23T22:07:24.8133010+08:00	0x08	-0.1139	-0.0267	0.8167	0.5650	111.19	347.47	355.12
2026-04-23T22:07:24.8133010+08:00	0x07	0.6845	-0.5163	-0.3422	-0.3845	248.89	188.64	298.39
2026-04-23T22:07:24.8133010+08:00	0x04	0.1105	-0.3160	-0.9328	0.1337	202.67	339.46	325.95
2026-04-23T22:07:24.8133010+08:00	0x03	-0.2048	0.4087	0.6529	0.6039	84.17	21.23	308.64
2026-04-23T22:07:24.8133010+08:00	0x06	-0.0446	-0.1665	0.9705	-0.1686	199.38	358.14	19.77
2026-04-23T22:07:24.8133010+08:00	0x08	-0.1140	-0.0216	0.7937	0.5971	106.71	348.00	354.15
2026-04-23T22:07:24.8133010+08:00	0x07	0.6965	-0.5005	-0.3516	-0.3753	243.35	193.62	299.00
2026-04-23T22:07:24.8133010+08:00	0x01	0.3790	0.3383	-0.8168	0.2734	197.01	318.10	49.46
2026-04-23T22:07:24.8133010+08:00	0x09	-0.8202	0.2387	0.5134	0.0816	199.42	240.23	337.73
2026-04-23T22:07:24.8133010+08:00	0x03	-0.2028	0.4121	0.6511	0.6043	83.56	22.04	308.59
2026-04-23T22:07:24.8133010+08:00	0x06	-0.0432	-0.1645	0.9698	-0.1750	200.18	358.41	19.53
2026-04-23T22:07:24.8133010+08:00	0x08	-0.1138	-0.0172	0.7730	0.6239	102.86	348.54	353.37
2026-04-23T22:07:24.8133010+08:00	0x05	-0.5525	0.4915	0.4784	0.4737	232.83	213.94	276.47
2026-04-23T22:07:24.8133010+08:00	0x07	0.6993	-0.4957	-0.3548	-0.3733	241.79	195.03	299.09
2026-04-23T22:07:24.8133010+08:00	0x04	0.1063	-0.3100	-0.9345	0.1390	202.94	340.06	326.64
2026-04-23T22:07:24.8133010+08:00	0x01	0.3687	0.3473	-0.8136	0.2855	199.28	320.47	50.86
2026-04-23T22:07:24.8133010+08:00	0x02	0.0617	-0.4252	0.8931	-0.1338	205.80	19.54	47.98
2026-04-23T22:07:24.8133010+08:00	0x08	-0.1131	-0.0126	0.7484	0.6534	98.46	349.21	352.59
2026-04-23T22:07:24.8133010+08:00	0x07	0.7017	-0.4921	-0.3569	-0.3716	240.62	196.07	299.21
2026-04-23T22:07:24.8133010+08:00	0x09	-0.8205	0.2366	0.5141	0.0801	199.27	240.36	337.99
2026-04-23T22:07:24.8133010+08:00	0x03	-0.2003	0.4141	0.6477	0.6074	82.58	22.90	308.77
2026-04-23T22:07:24.8133010+08:00	0x06	-0.0421	-0.1640	0.9696	-0.1768	200.43	358.56	19.45
2026-04-23T22:07:24.8133010+08:00	0x07	0.7033	-0.4895	-0.3584	-0.3704	239.79	196.81	299.31
2026-04-23T22:07:24.8133010+08:00	0x04	0.1058	-0.3042	-0.9358	0.1436	203.29	340.20	327.39
2026-04-23T22:07:24.8133010+08:00	0x01	0.3651	0.3498	-0.8128	0.2894	200.08	321.33	51.25
2026-04-23T22:07:24.8133010+08:00	0x03	-0.1995	0.4152	0.6470	0.6076	82.37	23.18	308.76
2026-04-23T22:07:24.8133010+08:00	0x09	-0.8206	0.2360	0.5144	0.0796	199.22	240.41	338.08
2026-04-23T22:07:24.8133010+08:00	0x02	0.0693	-0.4240	0.8915	-0.1440	207.78	21.28	47.39
2026-04-23T22:07:24.8133010+08:00	0x06	-0.0421	-0.1637	0.9695	-0.1774	200.49	358.57	19.41
2026-04-23T22:07:24.8133010+08:00	0x08	-0.1127	-0.0103	0.7358	0.6677	96.27	349.55	352.23
2026-04-23T22:07:24.8140435+08:00	0x07	0.7044	-0.4879	-0.3593	-0.3696	239.28	197.25	299.38
2026-04-23T22:07:24.8140513+08:00	0x04	0.1051	-0.3061	-0.9349	0.1454	203.58	340.14	327.19
2026-04-23T22:07:24.8140513+08:00	0x02	0.0705	-0.4232	0.8912	-0.1472	208.29	21.60	47.18
2026-04-23T22:07:24.8140513+08:00	0x03	-0.1998	0.4166	0.6459	0.6077	82.11	23.42	308.64
2026-04-23T22:07:24.8140513+08:00	0x08	-0.1126	-0.0099	0.7322	0.6717	95.65	349.64	352.14
2026-04-23T22:07:24.8140513+08:00	0x07	0.7051	-0.4866	-0.3599	-0.3693	238.91	197.56	299.40
2026-04-23T22:07:24.8140513+08:00	0x05	-0.5450	0.4659	0.5125	0.4725	191.11	256.64	276.99
2026-04-23T22:07:24.8140513+08:00	0x04	0.1096	-0.3181	-0.9305	0.1451	204.21	339.05	325.93
2026-04-23T22:07:24.8140513+08:00	0x02	0.0715	-0.4231	0.8909	-0.1493	208.66	21.88	47.09
2026-04-23T22:07:24.8140513+08:00	0x09	-0.8205	0.2356	0.5147	0.0791	199.20	240.46	338.13
2026-04-23T22:07:24.8140513+08:00	0x03	-0.1999	0.4150	0.6453	0.6094	82.01	23.29	308.80
2026-04-23T22:07:24.8140513+08:00	0x06	-0.0415	-0.1638	0.9694	-0.1782	200.60	358.65	19.41
2026-04-23T22:07:24.8140513+08:00	0x05	-0.5497	0.4659	0.5107	0.4690	194.71	252.87	277.48
2026-04-23T22:07:24.8140513+08:00	0x07	0.7055	-0.4859	-0.3604	-0.3692	238.68	197.76	299.41
2026-04-23T22:07:24.8140513+08:00	0x04	0.1070	-0.3105	-0.9331	0.1463	203.95	339.67	326.76
2026-04-23T22:07:24.8140513+08:00	0x02	0.0729	-0.4225	0.8907	-0.1511	208.98	22.16	46.94
2026-04-23T22:07:24.8140513+08:00	0x03	-0.1997	0.4157	0.6449	0.6095	81.87	23.45	308.77
2026-04-23T22:07:24.8140513+08:00	0x06	-0.0412	-0.1636	0.9694	-0.1784	200.64	358.69	19.38
2026-04-23T22:07:24.8140513+08:00	0x08	-0.1120	-0.0092	0.7271	0.6773	94.77	349.80	352.05
2026-04-23T22:07:24.8140513+08:00	0x07	0.7059	-0.4852	-0.3608	-0.3690	238.46	197.95	299.42
2026-04-23T22:07:24.8140513+08:00	0x04	0.1049	-0.3112	-0.9331	0.1466	203.93	339.91	326.63
2026-04-23T22:07:24.8140513+08:00	0x01	0.3653	0.3494	-0.8125	0.2903	200.24	321.38	51.26
2026-04-23T22:07:24.8140513+08:00	0x02	0.0737	-0.4219	0.8907	-0.1522	209.15	22.30	46.82
2026-04-23T22:07:24.8140513+08:00	0x03	-0.1977	0.4171	0.6443	0.6098	81.60	23.87	308.88
2026-04-23T22:07:24.8140513+08:00	0x06	-0.0410	-0.1634	0.9694	-0.1787	200.67	358.71	19.35
2026-04-23T22:07:24.8140513+08:00	0x07	0.7062	-0.4846	-0.3611	-0.3687	238.30	198.09	299.44
2026-04-23T22:07:24.8140513+08:00	0x02	0.0745	-0.4214	0.8907	-0.1534	209.34	22.47	46.71
2026-04-23T22:07:24.8140513+08:00	0x09	-0.8206	0.2345	0.5153	0.0781	199.12	240.56	338.29
2026-04-23T22:07:24.8140513+08:00	0x06	-0.0408	-0.1633	0.9694	-0.1788	200.68	358.74	19.35
2026-04-23T22:07:24.8140513+08:00	0x08	-0.1118	-0.0089	0.7242	0.6804	94.28	349.88	351.99
2026-04-23T22:07:24.8140513+08:00	0x07	0.7064	-0.4843	-0.3614	-0.3686	238.18	198.20	299.44
2026-04-23T22:07:24.8140513+08:00	0x02	0.0749	-0.4209	0.8907	-0.1543	209.47	22.54	46.62
2026-04-23T22:07:24.8140513+08:00	0x03	-0.1950	0.4173	0.6448	0.6100	81.57	24.11	309.11
2026-04-23T22:07:24.8140513+08:00	0x08	-0.1118	-0.0088	0.7235	0.6811	94.17	349.89	351.98
2026-04-23T22:07:24.8140513+08:00	0x05	-0.5487	0.4643	0.5117	0.4707	192.40	255.11	277.40
2026-04-23T22:07:24.8140513+08:00	0x02	0.0755	-0.4210	0.8905	-0.1550	209.61	22.68	46.58
2026-04-23T22:07:24.8140513+08:00	0x04	0.1046	-0.3150	-0.9316	0.1482	204.29	339.71	326.23
2026-04-23T22:07:24.8140513+08:00	0x06	-0.0407	-0.1633	0.9693	-0.1793	200.75	358.77	19.34
2026-04-23T22:07:24.8140513+08:00	0x08	-0.1117	-0.0087	0.7229	0.6818	94.07	349.92	351.97
2026-04-23T22:07:24.8140513+08:00	0x04	0.1047	-0.3156	-0.9313	0.1486	204.38	339.65	326.17
2026-04-23T22:07:24.8140513+08:00	0x07	0.7066	-0.4838	-0.3617	-0.3685	238.04	198.33	299.46
2026-04-23T22:07:24.8140513+08:00	0x01	0.3640	0.3506	-0.8120	0.2920	200.56	321.70	51.43
2026-04-23T22:07:24.8140513+08:00	0x09	-0.8206	0.2337	0.5157	0.0777	199.05	240.62	338.37
2026-04-23T22:07:24.8140513+08:00	0x07	0.7065	-0.4840	-0.3616	-0.3685	238.10	198.28	299.45
2026-04-23T22:07:24.8140513+08:00	0x03	-0.1958	0.4173	0.6426	0.6121	81.11	24.25	309.11
2026-04-23T22:07:24.8140513+08:00	0x04	0.1105	-0.3110	-0.9327	0.1451	203.95	339.24	326.77
2026-04-23T22:07:24.8140513+08:00	0x01	0.3535	0.3586	-0.8126	0.2934	201.37	323.55	52.21
2026-04-23T22:07:24.8140513+08:00	0x08	-0.1118	-0.0088	0.7225	0.6822	94.00	349.90	351.96
2026-04-23T22:07:24.8140513+08:00	0x07	0.7065	-0.4840	-0.3616	-0.3685	238.10	198.28	299.45
2026-04-23T22:07:24.8140513+08:00	0x03	-0.2019	0.4049	0.6666	0.5924	87.28	19.62	308.82
2026-04-23T22:07:24.8140513+08:00	0x09	-0.8216	0.2349	0.5129	0.0815	199.04	240.21	337.98
2026-04-23T22:07:24.8140513+08:00	0x06	-0.0380	-0.1650	0.9694	-0.1780	200.66	359.09	19.47
2026-04-23T22:07:24.8140513+08:00	0x08	-0.1162	-0.0113	0.7192	0.6850	93.55	349.37	351.78
2026-04-23T22:07:24.8140513+08:00	0x04	0.1179	-0.3588	-0.9101	0.1705	210.00	334.75	322.20
2026-04-23T22:07:24.8140513+08:00	0x01	0.3538	0.3584	-0.8126	0.2933	201.35	323.49	52.18
2026-04-23T22:07:24.8140513+08:00	0x03	-0.1888	0.4355	0.6801	0.5586	89.66	22.70	306.54
2026-04-23T22:07:24.8140513+08:00	0x07	0.7065	-0.4840	-0.3616	-0.3685	238.10	198.28	299.45
2026-04-23T22:07:24.8140513+08:00	0x09	-0.8331	0.1819	0.5182	0.0653	194.27	241.59	342.71
2026-04-23T22:07:24.8140513+08:00	0x08	-0.1286	-0.0174	0.7195	0.6823	93.97	347.81	351.35
2026-04-23T22:07:24.8140513+08:00	0x06	-0.0421	-0.1708	0.9678	-0.1799	200.84	358.78	20.23
2026-04-23T22:07:24.8140513+08:00	0x04	0.1124	-0.3579	-0.9117	0.1675	209.29	335.68	322.05
2026-04-23T22:07:24.8140513+08:00	0x07	0.7048	-0.4866	-0.3572	-0.3726	239.35	196.79	299.20
2026-04-23T22:07:24.8150439+08:00	0x09	-0.8331	0.1847	0.5170	0.0668	194.50	241.39	342.40
2026-04-23T22:07:24.8150439+08:00	0x06	-0.0482	-0.1698	0.9688	-0.1742	200.02	357.91	20.23
2026-04-23T22:07:24.8150439+08:00	0x04	0.1128	-0.3440	-0.9180	0.1620	207.81	336.66	323.49
2026-04-23T22:07:24.8150439+08:00	0x05	-0.5465	0.4606	0.5168	0.4713	187.00	260.68	277.61
2026-04-23T22:07:24.8150439+08:00	0x07	0.7059	-0.4856	-0.3578	-0.3713	238.96	197.16	299.34
2026-04-23T22:07:24.8150439+08:00	0x03	-0.1797	0.4449	0.6776	0.5572	88.37	25.07	306.55
2026-04-23T22:07:24.8150439+08:00	0x09	-0.8331	0.1862	0.5165	0.0676	194.62	241.30	342.24
2026-04-23T22:07:24.8150439+08:00	0x08	-0.1301	-0.0171	0.7212	0.6802	94.30	347.67	351.24
2026-04-23T22:07:24.8150439+08:00	0x06	-0.0475	-0.1701	0.9693	-0.1709	199.63	357.93	20.25
2026-04-23T22:07:24.8150439+08:00	0x01	0.4128	0.1956	-0.6290	0.6290	258.15	334.88	49.94
2026-04-23T22:07:24.8150439+08:00	0x07	0.7054	-0.4874	-0.3567	-0.3710	239.46	196.74	299.41
2026-04-23T22:07:24.8150439+08:00	0x03	-0.1825	0.4377	0.6762	0.5638	88.21	24.14	307.08
2026-04-23T22:07:24.8150439+08:00	0x06	-0.0475	-0.1700	0.9699	-0.1679	199.25	357.85	20.23
2026-04-23T22:07:24.8150439+08:00	0x04	0.1119	-0.3348	-0.9220	0.1588	206.89	337.39	324.42
2026-04-23T22:07:24.8150439+08:00	0x01	0.6364	0.1757	-0.5442	0.5176	220.17	284.08	58.22
2026-04-23T22:07:24.8150439+08:00	0x03	-0.1842	0.4380	0.6760	0.5633	88.26	24.02	306.90
2026-04-23T22:07:24.8150439+08:00	0x09	-0.8323	0.1890	0.5164	0.0703	194.76	241.25	341.81
2026-04-23T22:07:24.8150439+08:00	0x08	-0.1296	-0.0184	0.7216	0.6798	94.35	347.62	351.40
2026-04-23T22:07:24.8150439+08:00	0x02	0.0755	-0.4210	0.8905	-0.1550	209.61	22.68	46.59
2026-04-23T22:07:24.8150439+08:00	0x04	0.1106	-0.3346	-0.9222	0.1590	206.86	337.56	324.41
2026-04-23T22:07:24.8150439+08:00	0x07	0.7056	-0.4876	-0.3565	-0.3706	239.49	196.72	299.47
2026-04-23T22:07:24.8150439+08:00	0x02	-0.2968	-0.5888	0.6885	-0.3021	208.15	337.90	81.91
2026-04-23T22:07:24.8150439+08:00	0x03	-0.1854	0.4364	0.6756	0.5645	88.25	23.76	306.96
2026-04-23T22:07:24.8150439+08:00	0x08	-0.1300	-0.0183	0.7216	0.6798	94.36	347.59	351.35
2026-04-23T22:07:24.8150439+08:00	0x04	0.1104	-0.3337	-0.9226	0.1588	206.77	337.64	324.50
2026-04-23T22:07:24.8150439+08:00	0x01	0.6613	0.1405	-0.5505	0.4897	216.31	278.27	53.37
2026-04-23T22:07:24.8150439+08:00	0x02	-0.3058	-0.5949	0.6763	-0.3086	207.75	336.16	83.40
2026-04-23T22:07:24.8150439+08:00	0x09	-0.8321	0.1903	0.5161	0.0714	194.84	241.21	341.62
2026-04-23T22:07:24.8150439+08:00	0x03	-0.1857	0.4353	0.6746	0.5665	88.01	23.73	307.09
2026-04-23T22:07:24.8150439+08:00	0x08	-0.1305	-0.0177	0.7217	0.6796	94.39	347.59	351.27
2026-04-23T22:07:24.8150439+08:00	0x04	0.1093	-0.3322	-0.9232	0.1593	206.72	337.85	324.65
2026-04-23T22:07:24.8150439+08:00	0x05	-0.5283	0.4755	0.5524	0.4355	187.21	266.48	279.78
2026-04-23T22:07:24.8150439+08:00	0x02	-0.2967	-0.6003	0.6727	-0.3147	219.60	348.28	83.95
2026-04-23T22:07:24.8150439+08:00	0x06	-0.0502	-0.1665	0.9717	-0.1600	198.23	357.30	19.85
2026-04-23T22:07:24.8150439+08:00	0x03	-0.1832	0.4373	0.6738	0.5667	87.65	24.32	307.16
2026-04-23T22:07:24.8150439+08:00	0x08	-0.1307	-0.0177	0.7217	0.6796	94.40	347.57	351.25
2026-04-23T22:07:24.8150439+08:00	0x04	0.1080	-0.3306	-0.9238	0.1599	206.67	338.07	324.81
2026-04-23T22:07:24.8150439+08:00	0x01	0.6626	0.1414	-0.5530	0.4849	215.48	277.84	53.03
2026-04-23T22:07:24.8150439+08:00	0x07	0.7059	-0.4876	-0.3563	-0.3702	239.48	196.73	299.53
2026-04-23T22:07:24.8150439+08:00	0x02	-0.2912	-0.6026	0.6713	-0.3186	227.38	356.22	84.00
2026-04-23T22:07:24.8150439+08:00	0x06	-0.0505	-0.1661	0.9719	-0.1589	198.09	357.23	19.81
2026-04-23T22:07:24.8150439+08:00	0x03	-0.1831	0.4370	0.6741	0.5667	87.71	24.26	307.19
2026-04-23T22:07:24.8150439+08:00	0x09	-0.8320	0.1913	0.5157	0.0721	194.91	241.14	341.50
2026-04-23T22:07:24.8150439+08:00	0x04	0.1085	-0.3292	-0.9246	0.1581	206.39	338.14	324.94
2026-04-23T22:07:24.8150439+08:00	0x01	0.6640	0.1404	-0.5534	0.4829	215.14	277.48	52.81
2026-04-23T22:07:24.8150439+08:00	0x09	-0.8320	0.1915	0.5156	0.0723	194.93	241.12	341.47
2026-04-23T22:07:24.8160412+08:00	0x03	-0.1830	0.4382	0.6741	0.5658	87.70	24.41	307.08
2026-04-23T22:07:24.8160412+08:00	0x04	0.1072	-0.3281	-0.9252	0.1578	206.24	338.38	325.02
2026-04-23T22:07:24.8160412+08:00	0x07	0.7059	-0.4876	-0.3562	-0.3701	239.47	196.74	299.55
2026-04-23T22:07:24.8160412+08:00	0x02	-0.2909	-0.6043	0.6690	-0.3206	230.31	359.00	84.23
2026-04-23T22:07:24.8160412+08:00	0x03	-0.1845	0.4393	0.6735	0.5651	87.64	24.43	306.85
2026-04-23T22:07:24.8160412+08:00	0x08	-0.1309	-0.0176	0.7218	0.6794	94.43	347.56	351.23
2026-04-23T22:07:24.8160412+08:00	0x04	0.1073	-0.3266	-0.9257	0.1580	206.20	338.43	325.20
2026-04-23T22:07:24.8160412+08:00	0x01	0.6642	0.1335	-0.5580	0.4793	215.31	277.63	51.78
2026-04-23T22:07:24.8160412+08:00	0x07	0.7060	-0.4876	-0.3561	-0.3700	239.48	196.72	299.56
2026-04-23T22:07:24.8160412+08:00	0x09	-0.8321	0.1913	0.5155	0.0721	194.91	241.12	341.50
2026-04-23T22:07:24.8160412+08:00	0x03	-0.1847	0.4398	0.6739	0.5642	87.76	24.41	306.76
2026-04-23T22:07:24.8160412+08:00	0x06	-0.0510	-0.1659	0.9722	-0.1574	197.90	357.15	19.80
2026-04-23T22:07:24.8160412+08:00	0x08	-0.1310	-0.0176	0.7218	0.6793	94.43	347.55	351.23
2026-04-23T22:07:24.8160412+08:00	0x04	0.1060	-0.3245	-0.9265	0.1584	206.11	338.69	325.41
2026-04-23T22:07:24.8160412+08:00	0x05	-0.5288	0.4740	0.5438	0.4472	185.69	266.72	278.71
2026-04-23T22:07:24.8160412+08:00	0x02	-0.2911	-0.6042	0.6687	-0.3210	230.56	359.20	84.24
2026-04-23T22:07:24.8160412+08:00	0x07	0.7061	-0.4876	-0.3561	-0.3699	239.46	196.74	299.58
2026-04-23T22:07:24.8160412+08:00	0x09	-0.8321	0.1914	0.5155	0.0723	194.91	241.11	341.48
2026-04-23T22:07:24.8160412+08:00	0x08	-0.1311	-0.0177	0.7218	0.6793	94.44	347.54	351.23
2026-04-23T22:07:24.8160412+08:00	0x06	-0.0508	-0.1657	0.9722	-0.1574	197.89	357.15	19.76
2026-04-23T22:07:24.8160412+08:00	0x04	0.1050	-0.3214	-0.9276	0.1588	205.98	338.95	325.74
2026-04-23T22:07:24.8160412+08:00	0x07	0.7062	-0.4876	-0.3562	-0.3698	239.44	196.76	299.59
2026-04-23T22:07:24.8160412+08:00	0x02	-0.2871	-0.6054	0.6684	-0.3231	235.35	4.16	84.12
2026-04-23T22:07:24.8160412+08:00	0x03	-0.1849	0.4391	0.6747	0.5638	87.97	24.21	306.78
2026-04-23T22:07:24.8160412+08:00	0x08	-0.1311	-0.0177	0.7218	0.6793	94.44	347.54	351.23
2026-04-23T22:07:24.8160412+08:00	0x04	0.1039	-0.3183	-0.9286	0.1599	205.94	339.19	326.09
2026-04-23T22:07:24.8160412+08:00	0x07	0.7062	-0.4875	-0.3562	-0.3699	239.44	196.76	299.58
2026-04-23T22:07:24.8160412+08:00	0x02	-0.2849	-0.6061	0.6681	-0.3242	237.94	6.84	84.06
2026-04-23T22:07:24.8160412+08:00	0x03	-0.1850	0.4389	0.6751	0.5633	88.09	24.14	306.77
2026-04-23T22:07:24.8160412+08:00	0x06	-0.0510	-0.1654	0.9723	-0.1572	197.87	357.12	19.74
2026-04-23T22:07:24.8160412+08:00	0x04	0.1039	-0.3163	-0.9294	0.1590	205.74	339.32	326.29
2026-04-23T22:07:24.8160412+08:00	0x01	0.6659	0.1367	-0.5567	0.4775	214.61	277.08	52.01
2026-04-23T22:07:24.8160412+08:00	0x02	-0.2817	-0.6074	0.6673	-0.3261	242.01	11.03	83.96
2026-04-23T22:07:24.8160412+08:00	0x03	-0.1845	0.4397	0.6756	0.5623	88.18	24.21	306.71
2026-04-23T22:07:24.8160412+08:00	0x06	-0.0511	-0.1652	0.9723	-0.1572	197.87	357.11	19.71
2026-04-23T22:07:24.8160412+08:00	0x08	-0.1311	-0.0178	0.7219	0.6793	94.44	347.53	351.23
2026-04-23T22:07:24.8160412+08:00	0x04	0.1066	-0.3213	-0.9273	0.1596	206.15	338.71	325.81
2026-04-23T22:07:24.8160412+08:00	0x07	0.7063	-0.4876	-0.3559	-0.3698	239.47	196.71	299.61
2026-04-23T22:07:24.8160412+08:00	0x02	-0.2819	-0.6076	0.6668	-0.3265	242.50	11.46	83.99
2026-04-23T22:07:24.8160412+08:00	0x09	-0.8321	0.1915	0.5154	0.0725	194.91	241.10	341.46
2026-04-23T22:07:24.8160412+08:00	0x06	-0.0511	-0.1654	0.9723	-0.1572	197.86	357.11	19.74
2026-04-23T22:07:24.8160412+08:00	0x04	0.1103	-0.3257	-0.9254	0.1591	206.42	338.05	325.41
2026-04-23T22:07:24.8160412+08:00	0x07	0.7062	-0.4876	-0.3559	-0.3699	239.49	196.69	299.59
2026-04-23T22:07:24.8160412+08:00	0x08	-0.1311	-0.0180	0.7219	0.6792	94.45	347.51	351.25
2026-04-23T22:07:24.8160412+08:00	0x02	-0.2834	-0.6032	0.6731	-0.3206	233.36	2.71	83.57
2026-04-23T22:07:24.8160412+08:00	0x09	-0.8322	0.1911	0.5154	0.0723	194.88	241.10	341.50
2026-04-23T22:07:24.8160412+08:00	0x06	-0.0519	-0.1623	0.9728	-0.1569	197.80	356.96	19.40
2026-04-23T22:07:24.8160412+08:00	0x04	0.1094	-0.3277	-0.9240	0.1639	207.11	337.87	325.27
2026-04-23T22:07:24.8160412+08:00	0x05	-0.5354	0.4742	0.5457	0.4368	190.42	262.32	279.88
2026-04-23T22:07:24.8160412+08:00	0x08	-0.1311	-0.0172	0.7228	0.6783	94.60	347.56	351.20
2026-04-23T22:07:24.8170394+08:00	0x07	0.7078	-0.4848	-0.3568	-0.3697	238.73	197.26	299.62
2026-04-23T22:07:24.8170394+08:00	0x02	-0.2833	-0.6033	0.6729	-0.3208	233.62	2.95	83.59
2026-04-23T22:07:24.8170394+08:00	0x03	-0.1823	0.4470	0.6778	0.5546	88.57	24.97	306.09
2026-04-23T22:07:24.8170394+08:00	0x09	-0.8298	0.2125	0.5100	0.0791	196.87	240.10	339.63
2026-04-23T22:07:24.8170394+08:00	0x08	-0.1256	-0.0064	0.7284	0.6736	95.38	348.81	350.81
2026-04-23T22:07:24.8170394+08:00	0x04	0.1064	-0.3442	-0.9177	0.1675	208.31	337.24	323.41
2026-04-23T22:07:24.8170394+08:00	0x01	0.6658	0.1366	-0.5567	0.4776	214.63	277.09	52.01
2026-04-23T22:07:24.8170394+08:00	0x02	-0.0919	-0.3741	0.8832	-0.2675	214.98	3.08	45.24
2026-04-23T22:07:24.8170394+08:00	0x07	0.7088	-0.4855	-0.3576	-0.3661	238.58	197.64	299.98
2026-04-23T22:07:24.8170394+08:00	0x08	-0.1243	-0.0062	0.7285	0.6737	95.36	348.94	350.88
2026-04-23T22:07:24.8170394+08:00	0x09	-0.8319	0.2048	0.5098	0.0778	196.12	240.17	340.23
2026-04-23T22:07:24.8170394+08:00	0x04	0.1090	-0.3351	-0.9220	0.1603	206.99	337.69	324.34
2026-04-23T22:07:24.8170394+08:00	0x07	0.7074	-0.4864	-0.3577	-0.3675	238.88	197.40	299.79
2026-04-23T22:07:24.8170394+08:00	0x03	-0.1804	0.4456	0.6648	0.5718	85.14	26.63	306.98
2026-04-23T22:07:24.8170394+08:00	0x02	-0.0889	-0.3634	0.8926	-0.2516	212.25	1.91	43.90
2026-04-23T22:07:24.8170394+08:00	0x06	-0.0504	-0.1593	0.9708	-0.1723	199.69	357.40	19.06
2026-04-23T22:07:24.8170394+08:00	0x04	0.1106	-0.3383	-0.9208	0.1595	207.10	337.35	324.01
2026-04-23T22:07:24.8170394+08:00	0x07	0.7074	-0.4864	-0.3577	-0.3675	238.88	197.41	299.79
2026-04-23T22:07:24.8170394+08:00	0x03	-0.1790	0.4463	0.6632	0.5735	84.66	27.04	307.13
2026-04-23T22:07:24.8170394+08:00	0x02	-0.0757	-0.3639	0.8977	-0.2367	210.70	2.88	43.57
2026-04-23T22:07:24.8170394+08:00	0x06	-0.0501	-0.1588	0.9705	-0.1742	199.93	357.45	19.00
2026-04-23T22:07:24.8170394+08:00	0x04	0.1098	-0.3377	-0.9210	0.1602	207.13	337.46	324.07
2026-04-23T22:07:24.8170394+08:00	0x09	-0.8329	0.2016	0.5096	0.0771	195.83	240.19	340.50
2026-04-23T22:07:24.8170394+08:00	0x07	0.7076	-0.4861	-0.3580	-0.3673	238.77	197.51	299.79
2026-04-23T22:07:24.8170394+08:00	0x03	-0.1822	0.4418	0.6582	0.5816	83.67	26.77	307.47
2026-04-23T22:07:24.8170394+08:00	0x02	0.0294	-0.4206	0.8947	-0.1473	205.56	15.31	48.07
2026-04-23T22:07:24.8170394+08:00	0x09	-0.8330	0.2013	0.5097	0.0764	195.84	240.20	340.58
2026-04-23T22:07:24.8170394+08:00	0x08	-0.1236	-0.0041	0.7249	0.6776	94.74	349.21	350.71
2026-04-23T22:07:24.8170394+08:00	0x05	-0.5486	0.4820	0.5153	0.4486	206.57	243.44	278.55
2026-04-23T22:07:24.8170394+08:00	0x07	0.7067	-0.4873	-0.3578	-0.3675	239.08	197.30	299.75
2026-04-23T22:07:24.8170394+08:00	0x04	0.1101	-0.3266	-0.9260	0.1540	205.79	338.22	325.19
2026-04-23T22:07:24.8170394+08:00	0x03	-0.1876	0.4324	0.6524	0.5934	82.72	25.78	308.10
2026-04-23T22:07:24.8170394+08:00	0x02	0.0527	-0.4238	0.8937	-0.1374	205.71	18.35	47.98
2026-04-23T22:07:24.8170394+08:00	0x06	-0.0496	-0.1590	0.9700	-0.1770	200.27	357.57	19.03
2026-04-23T22:07:24.8170394+08:00	0x09	-0.8305	0.2147	0.5079	0.0787	197.17	239.79	339.58
2026-04-23T22:07:24.8170394+08:00	0x04	0.1096	-0.3236	-0.9273	0.1530	205.49	338.48	325.49
2026-04-23T22:07:24.8170394+08:00	0x07	0.7070	-0.4868	-0.3576	-0.3678	239.02	197.29	299.74
2026-04-23T22:07:24.8180369+08:00	0x01	0.2891	0.2563	-0.9098	0.1516	188.82	327.41	33.64
2026-04-23T22:07:24.8180369+08:00	0x02	0.0552	-0.4362	0.8889	-0.1285	205.25	18.92	49.58
2026-04-23T22:07:24.8180369+08:00	0x06	-0.0492	-0.1595	0.9698	-0.1781	200.42	357.66	19.07
2026-04-23T22:07:24.8180369+08:00	0x09	-0.8290	0.2220	0.5071	0.0800	197.90	239.57	339.03
2026-04-23T22:07:24.8180369+08:00	0x01	0.3537	0.3313	-0.8425	0.2351	193.58	320.30	46.44
2026-04-23T22:07:24.8180369+08:00	0x03	-0.1896	0.4276	0.6482	0.6009	81.90	25.49	308.54
2026-04-23T22:07:24.8180369+08:00	0x02	0.0564	-0.4324	0.8906	-0.1288	205.14	18.88	49.09
2026-04-23T22:07:24.8180369+08:00	0x09	-0.8287	0.2229	0.5071	0.0799	197.99	239.56	338.99
2026-04-23T22:07:24.8180369+08:00	0x08	-0.1187	-0.0042	0.7224	0.6812	94.17	349.67	351.05
2026-04-23T22:07:24.8180369+08:00	0x07	0.7069	-0.4867	-0.3575	-0.3682	239.01	197.27	299.70
2026-04-23T22:07:24.8180369+08:00	0x04	0.1066	-0.3258	-0.9272	0.1506	205.17	338.85	325.10
2026-04-23T22:07:24.8180369+08:00	0x03	-0.1913	0.4270	0.6463	0.6028	81.57	25.44	308.50
2026-04-23T22:07:24.8180369+08:00	0x02	0.0578	-0.4326	0.8905	-0.1284	205.19	19.08	49.08
2026-04-23T22:07:24.8180369+08:00	0x06	-0.0487	-0.1596	0.9696	-0.1791	200.55	357.74	19.09
2026-04-23T22:07:24.8180369+08:00	0x07	0.7068	-0.4866	-0.3577	-0.3684	238.99	197.28	299.68
2026-04-23T22:07:24.8180369+08:00	0x09	-0.8288	0.2221	0.5074	0.0794	197.92	239.61	339.08
2026-04-23T22:07:24.8180369+08:00	0x03	-0.1920	0.4269	0.6458	0.6032	81.48	25.43	308.46
2026-04-23T22:07:24.8180369+08:00	0x04	0.1056	-0.3265	-0.9270	0.1516	205.28	338.92	325.02
2026-04-23T22:07:24.8180369+08:00	0x02	0.0581	-0.4327	0.8906	-0.1274	205.05	19.05	49.11
2026-04-23T22:07:24.8180369+08:00	0x04	0.1080	-0.3260	-0.9266	0.1532	205.57	338.56	325.17
2026-04-23T22:07:24.8180369+08:00	0x07	0.7068	-0.4867	-0.3576	-0.3684	239.03	197.25	299.68
2026-04-23T22:07:24.8180369+08:00	0x01	0.3577	0.3349	-0.8340	0.2536	195.83	320.62	47.73
2026-04-23T22:07:24.8180369+08:00	0x03	-0.1936	0.4258	0.6451	0.6042	81.43	25.20	308.44
2026-04-23T22:07:24.8180369+08:00	0x08	-0.1186	-0.0050	0.7221	0.6815	94.12	349.61	351.11
2026-04-23T22:07:24.8180369+08:00	0x04	0.1075	-0.3325	-0.9242	0.1539	205.95	338.28	324.44
2026-04-23T22:07:24.8180369+08:00	0x09	-0.8293	0.2210	0.5069	0.0806	197.76	239.55	339.05
2026-04-23T22:07:24.8180369+08:00	0x07	0.7067	-0.4869	-0.3576	-0.3684	239.07	197.23	299.68
2026-04-23T22:07:24.8180369+08:00	0x03	-0.1924	0.4256	0.6449	0.6050	81.31	25.33	308.58
2026-04-23T22:07:24.8180369+08:00	0x01	0.3566	0.3356	-0.8339	0.2546	196.02	320.84	47.83
2026-04-23T22:07:24.8180369+08:00	0x02	0.0586	-0.4314	0.8913	-0.1264	204.85	18.98	48.96
2026-04-23T22:07:24.8180369+08:00	0x06	-0.0489	-0.1596	0.9695	-0.1792	200.56	357.72	19.09
2026-04-23T22:07:24.8180369+08:00	0x08	-0.1195	-0.0043	0.7219	0.6816	94.12	349.59	350.99
2026-04-23T22:07:24.8180369+08:00	0x04	0.1061	-0.3258	-0.9267	0.1546	205.67	338.77	325.18
2026-04-23T22:07:24.8180369+08:00	0x07	0.7068	-0.4868	-0.3576	-0.3682	239.03	197.27	299.69
2026-04-23T22:07:24.8180369+08:00	0x01	0.3544	0.3371	-0.8340	0.2555	196.25	321.23	48.01
2026-04-23T22:07:24.8180369+08:00	0x03	-0.1917	0.4268	0.6463	0.6028	81.59	25.38	308.48
2026-04-23T22:07:24.8180369+08:00	0x02	0.0584	-0.4287	0.8926	-0.1272	204.78	18.82	48.62
2026-04-23T22:07:24.8180369+08:00	0x09	-0.8300	0.2198	0.5063	0.0804	197.66	239.49	339.15
2026-04-23T22:07:24.8180369+08:00	0x07	0.7067	-0.4868	-0.3578	-0.3684	239.03	197.27	299.67
2026-04-23T22:07:24.8190337+08:00	0x03	-0.1925	0.4276	0.6463	0.6020	81.61	25.40	308.32
2026-04-23T22:07:24.8190337+08:00	0x06	-0.0490	-0.1597	0.9695	-0.1794	200.59	357.72	19.10
2026-04-23T22:07:24.8190337+08:00	0x08	-0.1195	-0.0043	0.7222	0.6813	94.16	349.59	350.98
2026-04-23T22:07:24.8190337+08:00	0x09	-0.8302	0.2191	0.5062	0.0805	197.58	239.49	339.18
2026-04-23T22:07:24.8190337+08:00	0x04	0.1044	-0.3237	-0.9276	0.1542	205.47	339.10	325.36
2026-04-23T22:07:24.8190337+08:00	0x07	0.7069	-0.4867	-0.3577	-0.3679	238.99	197.33	299.73
2026-04-23T22:07:24.8190337+08:00	0x03	-0.1926	0.4277	0.6462	0.6020	81.58	25.41	308.31
2026-04-23T22:07:24.8190337+08:00	0x02	0.0545	-0.4227	0.8958	-0.1264	204.05	17.81	48.02
2026-04-23T22:07:24.8190337+08:00	0x09	-0.8343	0.1962	0.5087	0.0817	195.03	240.13	340.37
2026-04-23T22:07:24.8190337+08:00	0x05	-0.5752	0.4587	0.5207	0.4332	200.59	247.74	282.58
2026-04-23T22:07:24.8190337+08:00	0x01	0.3547	0.3673	-0.8298	0.2252	190.20	318.51	50.29
2026-04-23T22:07:24.8190337+08:00	0x07	0.6763	-0.5194	-0.3481	-0.3895	249.98	188.31	297.33
2026-04-23T22:07:24.8190337+08:00	0x03	-0.2224	0.3889	0.6452	0.6189	83.75	17.99	309.01
2026-04-23T22:07:24.8190337+08:00	0x06	-0.0513	-0.1588	0.9806	-0.1027	191.27	355.88	18.78
2026-04-23T22:07:24.8190337+08:00	0x09	-0.8759	0.0071	0.4746	0.0862	175.97	237.22	350.92
2026-04-23T22:07:24.8190337+08:00	0x04	0.1254	-0.3688	-0.8971	0.2087	216.07	331.45	322.46
2026-04-23T22:07:24.8190337+08:00	0x07	0.6114	-0.6128	-0.2899	-0.4082	279.34	163.70	301.31
2026-04-23T22:07:24.8190337+08:00	0x03	-0.1748	0.5473	0.6982	0.4272	95.07	33.33	294.00
2026-04-23T22:07:24.8190337+08:00	0x06	0.0584	-0.0668	0.9942	0.0609	173.43	6.26	8.04
2026-04-23T22:07:24.8190337+08:00	0x04	0.1283	-0.3495	-0.9006	0.2243	217.01	331.78	325.12
2026-04-23T22:07:24.8190337+08:00	0x09	-0.8705	0.0728	0.4808	0.0759	183.15	237.50	348.34
2026-04-23T22:07:24.8190337+08:00	0x01	0.2721	0.2394	-0.9076	0.2118	197.72	331.97	33.35
2026-04-23T22:07:24.8190337+08:00	0x06	0.0536	-0.1189	0.9911	0.0251	177.82	5.93	13.79
2026-04-23T22:07:24.8190337+08:00	0x09	-0.8738	0.0741	0.4741	0.0788	183.21	236.63	348.00
2026-04-23T22:07:24.8190337+08:00	0x07	0.6135	-0.6102	-0.2917	-0.4077	278.58	164.31	301.10
2026-04-23T22:07:24.8190337+08:00	0x01	0.2646	0.4187	-0.8342	0.2422	198.94	334.89	55.78
2026-04-23T22:07:24.8190337+08:00	0x03	-0.1132	0.4006	0.7099	0.5681	92.68	24.26	315.78
2026-04-23T22:07:24.8190337+08:00	0x06	0.0812	-0.1172	0.9898	0.0034	180.72	9.46	13.45
2026-04-23T22:07:24.8190337+08:00	0x09	-0.8836	0.0573	0.4594	0.0700	182.15	234.76	349.84
2026-04-23T22:07:24.8190337+08:00	0x04	0.1564	-0.2690	-0.8718	0.3784	232.59	329.43	339.48
2026-04-23T22:07:24.8190337+08:00	0x07	0.3809	-0.5235	-0.3095	-0.6965	3.57	71.85	301.28
2026-04-23T22:07:24.8190337+08:00	0x01	0.3021	0.4047	-0.8155	0.2827	202.90	331.68	56.19
2026-04-23T22:07:24.8190337+08:00	0x03	-0.1830	0.3762	0.8046	0.4214	123.80	1.99	310.57
2026-04-23T22:07:24.8190337+08:00	0x06	0.0797	-0.1045	0.9912	0.0177	178.92	9.08	12.12
2026-04-23T22:07:24.8190337+08:00	0x09	-0.8929	0.0664	0.4391	0.0735	183.16	232.07	349.07
2026-04-23T22:07:24.8190337+08:00	0x08	-0.2091	-0.0289	0.7371	0.6419	100.30	339.23	346.94
2026-04-23T22:07:24.8190337+08:00	0x05	-0.6022	0.3774	0.5972	0.3718	181.35	268.68	296.02
2026-04-23T22:07:24.8190337+08:00	0x01	0.3280	0.3717	-0.8086	0.3169	207.19	329.90	53.99
2026-04-23T22:07:24.8190337+08:00	0x07	0.2263	-0.6164	-0.1355	-0.7419	354.83	80.84	329.81
2026-04-23T22:07:24.8190337+08:00	0x03	-0.2127	0.3728	0.7038	0.5661	97.24	10.99	310.04
2026-04-23T22:07:24.8190337+08:00	0x08	-0.1983	-0.0308	0.7304	0.6528	98.58	340.26	347.64
2026-04-23T22:07:24.8190337+08:00	0x02	0.0258	-0.4239	0.8984	-0.1117	199.87	12.44	49.10
2026-04-23T22:07:24.8200308+08:00	0x04	0.1290	-0.2959	-0.9301	0.1754	207.81	336.52	329.66
2026-04-23T22:07:24.8200308+08:00	0x09	-0.8953	0.0760	0.4327	0.0744	184.20	231.17	348.52
2026-04-23T22:07:24.8200308+08:00	0x01	0.3496	0.3408	-0.8227	0.2911	201.92	324.24	49.84
2026-04-23T22:07:24.8200308+08:00	0x03	-0.1899	0.3810	0.6068	0.6712	74.06	23.78	314.17
2026-04-23T22:07:24.8200308+08:00	0x08	-0.1995	-0.0140	0.7240	0.6601	97.59	341.52	345.93
2026-04-23T22:07:24.8200308+08:00	0x06	0.0736	-0.0933	0.9928	0.0171	178.82	8.37	10.82
2026-04-23T22:07:24.8200308+08:00	0x09	-0.9007	0.0819	0.4195	0.0783	184.80	229.44	347.90
2026-04-23T22:07:24.8200308+08:00	0x04	0.1070	-0.2640	-0.9414	0.1804	206.48	340.49	332.71
2026-04-23T22:07:24.8200308+08:00	0x07	0.0994	-0.6809	-0.0059	-0.7256	352.63	86.93	351.24
2026-04-23T22:07:24.8200308+08:00	0x03	-0.1993	0.3974	0.5946	0.6700	71.50	26.04	312.30
2026-04-23T22:07:24.8200308+08:00	0x02	0.0312	-0.3824	0.9153	-0.1224	200.10	12.06	43.82
2026-04-23T22:07:24.8200308+08:00	0x08	-0.2013	-0.0149	0.7245	0.6591	97.75	341.27	345.89
2026-04-23T22:07:24.8200308+08:00	0x04	0.0987	-0.2635	-0.9423	0.1814	206.35	341.50	332.56
2026-04-23T22:07:24.8200308+08:00	0x01	0.3613	0.3313	-0.8163	0.3055	203.59	323.27	49.61
2026-04-23T22:07:24.8200308+08:00	0x03	-0.1970	0.4076	0.5876	0.6707	69.71	28.12	311.99
2026-04-23T22:07:24.8200308+08:00	0x02	0.0324	-0.3801	0.9155	-0.1278	200.86	12.44	43.44
2026-04-23T22:07:24.8200308+08:00	0x08	-0.2027	-0.0171	0.7247	0.6583	97.86	340.97	345.99
2026-04-23T22:07:24.8200308+08:00	0x06	0.0740	-0.0969	0.9925	0.0066	180.07	8.53	11.15
2026-04-23T22:07:24.8200308+08:00	0x01	0.3596	0.3318	-0.8170	0.3051	203.64	323.53	49.61
2026-04-23T22:07:24.8200308+08:00	0x03	-0.1938	0.4101	0.5838	0.6733	68.80	28.99	312.28
2026-04-23T22:07:24.8200308+08:00	0x02	0.0333	-0.3793	0.9154	-0.1304	201.27	12.69	43.29
2026-04-23T22:07:24.8200308+08:00	0x09	-0.9002	0.0747	0.4209	0.0834	183.78	229.71	347.70
2026-04-23T22:07:24.8200308+08:00	0x04	0.1007	-0.2801	-0.9376	0.1795	206.78	340.62	330.72
2026-04-23T22:07:24.8200308+08:00	0x01	0.3617	0.3308	-0.8167	0.3047	203.46	323.17	49.53
2026-04-23T22:07:24.8200308+08:00	0x03	-0.1936	0.4116	0.5816	0.6744	68.33	29.37	312.28
2026-04-23T22:07:24.8200308+08:00	0x08	-0.2012	-0.0214	0.7254	0.6580	97.88	340.79	346.49
2026-04-23T22:07:24.8200308+08:00	0x02	0.0339	-0.3798	0.9149	-0.1323	201.60	12.91	43.32
2026-04-23T22:07:24.8200308+08:00	0x04	0.1013	-0.2765	-0.9385	0.1805	206.79	340.67	331.16
2026-04-23T22:07:24.8200308+08:00	0x07	-0.0957	-0.7371	0.1409	-0.6540	357.38	96.39	19.44
2026-04-23T22:07:24.8200308+08:00	0x03	-0.1918	0.4129	0.5807	0.6749	68.05	29.75	312.41
2026-04-23T22:07:24.8200308+08:00	0x09	-0.8990	0.0752	0.4230	0.0844	183.74	229.99	347.56
2026-04-23T22:07:24.8200308+08:00	0x08	-0.2011	-0.0214	0.7256	0.6578	97.91	340.79	346.50
2026-04-23T22:07:24.8200308+08:00	0x06	0.0762	-0.0966	0.9924	0.0011	180.73	8.85	11.06
2026-04-23T22:07:24.8200308+08:00	0x02	0.0349	-0.3778	0.9153	-0.1350	201.97	13.12	43.02
2026-04-23T22:07:24.8200308+08:00	0x07	-0.2185	-0.7063	0.2570	-0.6224	359.16	96.92	39.42
2026-04-23T22:07:24.8200308+08:00	0x03	-0.1888	0.4142	0.5798	0.6757	67.77	30.19	312.65
2026-04-23T22:07:24.8200308+08:00	0x09	-0.8995	0.0759	0.4218	0.0847	183.82	229.82	347.51
2026-04-23T22:07:24.8200308+08:00	0x06	0.0763	-0.0965	0.9924	0.0005	180.81	8.87	11.05
2026-04-23T22:07:24.8200308+08:00	0x04	0.0993	-0.2786	-0.9379	0.1812	206.89	340.80	330.88
2026-04-23T22:07:24.8200308+08:00	0x07	-0.2369	-0.7000	0.2731	-0.6158	359.63	97.18	42.39
2026-04-23T22:07:24.8200308+08:00	0x03	-0.1885	0.4139	0.5793	0.6765	67.67	30.23	312.73
2026-04-23T22:07:24.8200308+08:00	0x02	0.0366	-0.3793	0.9144	-0.1367	202.37	13.52	43.12
2026-04-23T22:07:24.8200308+08:00	0x08	-0.2016	-0.0203	0.7257	0.6575	97.96	340.82	346.37
2026-04-23T22:07:24.8210278+08:00	0x06	0.0764	-0.0964	0.9924	-0.0002	180.88	8.89	11.03
2026-04-23T22:07:24.8210278+08:00	0x07	-0.2457	-0.6976	0.2803	-0.6119	359.98	97.48	43.77
2026-04-23T22:07:24.8210278+08:00	0x01	0.3611	0.3297	-0.8184	0.3019	203.10	323.08	49.26
2026-04-23T22:07:24.8210278+08:00	0x03	-0.1895	0.4138	0.5792	0.6763	67.69	30.15	312.64
2026-04-23T22:07:24.8210278+08:00	0x08	-0.2012	-0.0204	0.7259	0.6574	97.97	340.84	346.41
2026-04-23T22:07:24.8210278+08:00	0x06	0.0765	-0.0963	0.9924	-0.0005	180.91	8.91	11.01
2026-04-23T22:07:24.8210278+08:00	0x04	0.0959	-0.2764	-0.9392	0.1797	206.52	341.37	331.00
2026-04-23T22:07:24.8210278+08:00	0x07	-0.2526	-0.6948	0.2865	-0.6094	0.15	97.56	44.91
2026-04-23T22:07:24.8210278+08:00	0x03	-0.1880	0.4168	0.5761	0.6775	66.94	30.90	312.69
2026-04-23T22:07:24.8210278+08:00	0x02	0.0368	-0.3801	0.9140	-0.1374	202.51	13.62	43.21
2026-04-23T22:07:24.8210278+08:00	0x08	-0.2012	-0.0207	0.7258	0.6575	97.96	340.83	346.43
2026-04-23T22:07:24.8210278+08:00	0x06	0.0765	-0.0961	0.9924	-0.0008	180.95	8.91	10.99
2026-04-23T22:07:24.8210278+08:00	0x07	-0.2604	-0.6917	0.2933	-0.6064	0.37	97.67	46.18
2026-04-23T22:07:24.8210278+08:00	0x01	0.3634	0.3283	-0.8180	0.3017	202.94	322.69	49.14
2026-04-23T22:07:24.8210278+08:00	0x03	-0.1909	0.4177	0.5736	0.6783	66.50	31.02	312.43
2026-04-23T22:07:24.8210278+08:00	0x02	0.0368	-0.3825	0.9131	-0.1367	202.51	13.69	43.51
2026-04-23T22:07:24.8210278+08:00	0x08	-0.2012	-0.0211	0.7258	0.6575	97.95	340.80	346.47
2026-04-23T22:07:24.8210278+08:00	0x04	0.0940	-0.2773	-0.9386	0.1824	206.85	341.47	330.90
2026-04-23T22:07:24.8210278+08:00	0x07	-0.2626	-0.6907	0.2952	-0.6058	0.42	97.68	46.54
2026-04-23T22:07:24.8210278+08:00	0x01	0.3589	0.3345	-0.8181	0.2998	202.78	323.28	49.70
2026-04-23T22:07:24.8210278+08:00	0x03	-0.1887	0.4217	0.5737	0.6763	66.33	31.69	312.35
2026-04-23T22:07:24.8210278+08:00	0x02	0.0557	-0.3581	0.9216	-0.1393	202.84	15.36	40.12
2026-04-23T22:07:24.8210278+08:00	0x08	-0.2026	-0.0215	0.7269	0.6558	98.22	340.61	346.44
2026-04-23T22:07:24.8210278+08:00	0x06	0.0780	-0.0959	0.9923	-0.0012	181.01	9.09	10.96
2026-04-23T22:07:24.8210278+08:00	0x09	-0.8996	0.0736	0.4219	0.0852	183.55	229.86	347.56
2026-04-23T22:07:24.8210278+08:00	0x07	-0.2638	-0.6900	0.2966	-0.6052	0.43	97.67	46.77
2026-04-23T22:07:24.8210278+08:00	0x01	0.3560	0.3341	-0.8219	0.2935	202.02	323.37	49.30
2026-04-23T22:07:24.8210278+08:00	0x03	-0.1847	0.4223	0.5734	0.6773	66.17	32.06	312.74
2026-04-23T22:07:24.8210278+08:00	0x02	0.0394	-0.3929	0.9086	-0.1363	203.07	14.56	44.69
2026-04-23T22:07:24.8210278+08:00	0x08	-0.2025	-0.0207	0.7261	0.6568	98.07	340.70	346.35
2026-04-23T22:07:24.8210278+08:00	0x06	0.0775	-0.0958	0.9924	-0.0011	180.99	9.03	10.95
2026-04-23T22:07:24.8210278+08:00	0x04	0.0954	-0.2784	-0.9385	0.1807	206.71	341.31	330.79
2026-04-23T22:07:24.8210278+08:00	0x01	0.3589	0.3315	-0.8210	0.2954	202.18	323.01	49.15
2026-04-23T22:07:24.8210278+08:00	0x03	-0.1873	0.4208	0.5730	0.6779	66.19	31.73	312.59
2026-04-23T22:07:24.8210278+08:00	0x02	0.0378	-0.3862	0.9113	-0.1377	202.87	14.07	43.90
2026-04-23T22:07:24.8210278+08:00	0x08	-0.2082	-0.0381	0.7237	0.6569	97.90	338.90	347.39
2026-04-23T22:07:24.8210278+08:00	0x07	-0.2745	-0.6907	0.2985	-0.5988	1.85	98.98	47.82
2026-04-23T22:07:24.8210278+08:00	0x09	-0.8968	0.0643	0.4296	0.0841	182.52	230.93	348.10
2026-04-23T22:07:24.8210278+08:00	0x05	-0.5173	0.4583	0.5558	0.4619	165.61	286.40	279.10
2026-04-23T22:07:24.8210278+08:00	0x03	-0.1943	0.4101	0.5960	0.6625	71.23	27.94	311.73
2026-04-23T22:07:24.8210278+08:00	0x01	0.3323	0.3508	-0.8214	0.3031	204.90	327.98	51.05
2026-04-23T22:07:24.8210278+08:00	0x08	-0.1351	-0.1955	0.7069	0.6662	92.06	333.02	5.53
2026-04-23T22:07:24.8210278+08:00	0x07	-0.2920	-0.7025	0.2919	-0.5797	6.22	103.74	48.47
2026-04-23T22:07:24.8210278+08:00	0x09	-0.8498	0.0453	0.5217	0.0598	180.85	243.03	351.44
2026-04-23T22:07:24.8220250+08:00	0x03	-0.2044	0.4128	0.6021	0.6521	72.76	26.91	310.20
2026-04-23T22:07:24.8220250+08:00	0x01	0.3406	0.3250	-0.8181	0.3302	209.19	328.38	49.17
2026-04-23T22:07:24.8220250+08:00	0x08	-0.1170	-0.1649	0.7156	0.6686	92.96	337.10	4.57
2026-04-23T22:07:24.8220250+08:00	0x09	-0.7894	0.0261	0.6131	0.0159	181.25	255.64	356.72
2026-04-23T22:07:24.8220250+08:00	0x07	-0.2913	-0.7022	0.2744	-0.5888	7.22	103.17	46.75
2026-04-23T22:07:24.8220250+08:00	0x06	0.0614	-0.0979	0.9933	0.0049	180.14	7.09	11.25
2026-04-23T22:07:24.8220250+08:00	0x01	0.3643	0.2975	-0.8247	0.3140	205.70	323.40	46.01
2026-04-23T22:07:24.8220250+08:00	0x02	0.0360	-0.3897	0.9104	-0.1343	202.44	13.79	44.42
2026-04-23T22:07:24.8220250+08:00	0x03	-0.1982	0.4128	0.5981	0.6578	71.70	27.79	311.02
2026-04-23T22:07:24.8220250+08:00	0x09	-0.7606	-0.0003	0.6490	0.0139	178.94	260.96	358.80
2026-04-23T22:07:24.8220250+08:00	0x08	-0.1209	-0.1871	0.7071	0.6711	91.69	334.89	5.88
2026-04-23T22:07:24.8220250+08:00	0x07	-0.2975	-0.7092	0.2766	-0.5762	8.76	105.66	47.33
2026-04-23T22:07:24.8220250+08:00	0x01	0.3565	0.3060	-0.8282	0.3056	204.70	324.16	46.45
2026-04-23T22:07:24.8220250+08:00	0x03	-0.2003	0.4064	0.5954	0.6635	71.42	27.04	311.43
2026-04-23T22:07:24.8220250+08:00	0x08	-0.1260	-0.1990	0.6974	0.6768	90.26	333.40	6.15
2026-04-23T22:07:24.8220250+08:00	0x09	-0.7702	-0.0041	0.6372	0.0266	177.69	259.25	357.94
2026-04-23T22:07:24.8220250+08:00	0x07	-0.3132	-0.7049	0.2638	-0.5791	11.56	106.26	47.28
2026-04-23T22:07:24.8220250+08:00	0x01	0.3734	0.2922	-0.8173	0.3275	207.28	322.72	46.23
2026-04-23T22:07:24.8220250+08:00	0x02	0.0323	-0.3852	0.9120	-0.1372	202.46	13.22	43.93
2026-04-23T22:07:24.8220250+08:00	0x06	0.0714	-0.0784	0.9944	0.0000	180.65	8.26	8.97
2026-04-23T22:07:24.8220250+08:00	0x04	0.1061	-0.3154	-0.9229	0.1939	210.34	337.78	327.25
2026-04-23T22:07:24.8220250+08:00	0x05	-0.4719	0.4366	0.6035	0.4716	137.92	317.66	283.55
2026-04-23T22:07:24.8220250+08:00	0x07	-0.2939	-0.6934	0.2568	-0.6057	7.90	101.04	45.41
2026-04-23T22:07:24.8220250+08:00	0x01	0.3385	0.3088	-0.8161	0.3523	213.12	330.01	47.95
2026-04-23T22:07:24.8220250+08:00	0x02	0.0354	-0.4053	0.9034	-0.1356	203.33	14.57	46.28
2026-04-23T22:07:24.8220250+08:00	0x09	-0.7461	-0.0020	0.6653	0.0245	177.96	263.48	358.06
2026-04-23T22:07:24.8220250+08:00	0x07	-0.2904	-0.6885	0.2532	-0.6144	7.20	99.49	44.87
2026-04-23T22:07:24.8220250+08:00	0x01	0.3007	0.3162	-0.8317	0.3432	214.01	335.43	47.09
2026-04-23T22:07:24.8220250+08:00	0x03	-0.1512	0.4050	0.7377	0.5186	101.79	17.46	311.03
2026-04-23T22:07:24.8220250+08:00	0x04	0.1545	-0.2891	-0.8652	0.3794	233.85	328.21	337.47
2026-04-23T22:07:24.8220250+08:00	0x09	-0.7372	-0.0142	0.6748	0.0313	176.38	264.99	358.46
2026-04-23T22:07:24.8220250+08:00	0x07	-0.2818	-0.6849	0.2564	-0.6211	5.43	97.82	44.53
2026-04-23T22:07:24.8220250+08:00	0x01	0.2833	0.3392	-0.8446	0.3024	208.48	335.83	48.09
2026-04-23T22:07:24.8220250+08:00	0x02	0.0231	-0.3678	0.9148	-0.1655	205.36	12.69	41.71
2026-04-23T22:07:24.8220250+08:00	0x09	-0.7338	-0.0292	0.6778	0.0342	174.88	265.48	359.40
2026-04-23T22:07:24.8220250+08:00	0x07	-0.2742	-0.6857	0.2523	-0.6252	4.80	97.20	43.55
2026-04-23T22:07:24.8220250+08:00	0x01	0.2909	0.3403	-0.8419	0.3013	207.80	334.58	48.44
2026-04-23T22:07:24.8220250+08:00	0x03	-0.2043	0.3840	0.7988	0.4155	125.36	359.33	308.44
2026-04-23T22:07:24.8220250+08:00	0x09	-0.7364	-0.0246	0.6753	0.0337	175.31	265.08	359.06
2026-04-23T22:07:24.8220250+08:00	0x04	0.1747	-0.2886	-0.8546	0.3948	236.07	325.73	339.18
2026-04-23T22:07:24.8220250+08:00	0x06	0.0817	-0.0779	0.9936	-0.0092	181.80	9.54	8.82
2026-04-23T22:07:24.8220250+08:00	0x05	-0.4999	0.4205	0.5793	0.4875	139.80	310.92	282.94
2026-04-23T22:07:24.8220250+08:00	0x07	-0.2745	-0.6912	0.2496	-0.6202	5.50	98.38	43.27
2026-04-23T22:07:24.8220250+08:00	0x03	-0.2045	0.3821	0.7961	0.4224	124.22	359.74	308.63
2026-04-23T22:07:24.8220250+08:00	0x01	0.2863	0.3359	-0.8380	0.3209	211.30	336.59	48.31
2026-04-23T22:07:24.8230643+08:00	0x04	0.1704	-0.2912	-0.8531	0.3980	236.58	325.92	338.83
2026-04-23T22:07:24.8230643+08:00	0x06	0.0822	-0.0799	0.9933	-0.0109	182.02	9.62	9.03
2026-04-23T22:07:24.8230643+08:00	0x03	-0.2096	0.3802	0.8132	0.3876	131.06	355.77	308.67
2026-04-23T22:07:24.8230643+08:00	0x02	0.0201	-0.3713	0.9112	-0.1773	207.08	13.09	42.03
2026-04-23T22:07:24.8230643+08:00	0x04	0.1631	-0.2821	-0.8528	0.4082	237.21	327.15	339.64
2026-04-23T22:07:24.8230643+08:00	0x09	-0.7399	-0.0308	0.6711	0.0347	174.71	264.44	359.43
2026-04-23T22:07:24.8230643+08:00	0x07	-0.2744	-0.6939	0.2473	-0.6181	5.89	98.93	43.03
2026-04-23T22:07:24.8230643+08:00	0x01	0.2916	0.3389	-0.8367	0.3165	210.21	335.51	48.73
2026-04-23T22:07:24.8230643+08:00	0x03	-0.1993	0.3685	0.7868	0.4533	119.26	1.81	310.49
2026-04-23T22:07:24.8230643+08:00	0x04	0.1634	-0.2865	-0.8547	0.4009	236.56	326.95	338.98
2026-04-23T22:07:24.8230643+08:00	0x07	-0.2740	-0.6956	0.2454	-0.6171	6.12	99.24	42.82
2026-04-23T22:07:24.8230643+08:00	0x03	-0.2061	0.3612	0.7620	0.4964	112.07	3.89	310.97
2026-04-23T22:07:24.8230643+08:00	0x04	0.1013	-0.3084	-0.9167	0.2332	214.95	337.34	328.80
2026-04-23T22:07:24.8230643+08:00	0x08	-0.1391	-0.2034	0.6591	0.7105	84.69	331.73	4.04
2026-04-23T22:07:24.8230643+08:00	0x07	-0.2810	-0.6944	0.2460	-0.6151	6.92	99.69	43.42
2026-04-23T22:07:24.8230643+08:00	0x02	0.0066	-0.3612	0.9234	-0.1294	199.05	8.14	41.71
2026-04-23T22:07:24.8230643+08:00	0x03	-0.2196	0.3628	0.5863	0.6902	71.61	20.81	313.23
2026-04-23T22:07:24.8230643+08:00	0x06	0.0802	-0.0794	0.9936	-0.0102	181.91	9.38	8.98
2026-04-23T22:07:24.8230643+08:00	0x04	0.1061	-0.2824	-0.9349	0.1868	207.97	339.62	330.77
2026-04-23T22:07:24.8230643+08:00	0x09	-0.7408	-0.0201	0.6706	0.0320	175.83	264.35	358.83
2026-04-23T22:07:24.8230643+08:00	0x02	0.0066	-0.3524	0.9258	-0.1368	199.85	8.22	40.59
2026-04-23T22:07:24.8230643+08:00	0x01	0.3217	0.2720	-0.8383	0.3460	213.48	331.43	42.74
2026-04-23T22:07:24.8230643+08:00	0x07	-0.2777	-0.6959	0.2435	-0.6159	6.79	99.64	42.91
2026-04-23T22:07:24.8230643+08:00	0x03	-0.2372	0.3636	0.5745	0.6939	70.00	20.43	311.67
2026-04-23T22:07:24.8230643+08:00	0x09	-0.7417	-0.0182	0.6698	0.0313	176.05	264.21	358.74
2026-04-23T22:07:24.8230643+08:00	0x04	0.1086	-0.2938	-0.9300	0.1925	209.24	338.60	329.69
2026-04-23T22:07:24.8230643+08:00	0x06	0.0801	-0.0792	0.9936	-0.0094	181.82	9.36	8.97
2026-04-23T22:07:24.8230643+08:00	0x08	-0.1340	-0.2010	0.6614	0.7101	84.87	332.35	4.33
2026-04-23T22:07:24.8230643+08:00	0x07	-0.2811	-0.6948	0.2440	-0.6154	7.12	99.76	43.24
2026-04-23T22:07:24.8230643+08:00	0x01	0.3226	0.2680	-0.8391	0.3464	213.53	331.24	42.32
2026-04-23T22:07:24.8230643+08:00	0x03	-0.2386	0.3670	0.5656	0.6989	68.19	21.51	311.53
2026-04-23T22:07:24.8230643+08:00	0x09	-0.7405	-0.0138	0.6712	0.0316	176.40	264.42	358.38
2026-04-23T22:07:24.8230643+08:00	0x04	0.1050	-0.2896	-0.9315	0.1935	209.09	339.20	330.08
2026-04-23T22:07:24.8230643+08:00	0x07	-0.2805	-0.6943	0.2433	-0.6165	7.05	99.59	43.13
2026-04-23T22:07:24.8230643+08:00	0x02	0.0072	-0.3499	0.9255	-0.1445	200.91	8.62	40.22
2026-04-23T22:07:24.8230643+08:00	0x01	0.3239	0.2634	-0.8408	0.3446	213.24	330.86	41.77
2026-04-23T22:07:24.8230643+08:00	0x04	0.1030	-0.2888	-0.9319	0.1939	209.04	339.48	330.11
2026-04-23T22:07:24.8230643+08:00	0x09	-0.7413	-0.0137	0.6703	0.0320	176.38	264.29	358.34
2026-04-23T22:07:24.8230643+08:00	0x08	-0.1308	-0.2012	0.6659	0.7064	85.46	332.61	4.77
2026-04-23T22:07:24.8230643+08:00	0x07	-0.2816	-0.6951	0.2427	-0.6153	7.31	99.87	43.15
2026-04-23T22:07:24.8230643+08:00	0x03	-0.2450	0.3705	0.5556	0.7028	66.35	22.33	310.88
2026-04-23T22:07:24.8230643+08:00	0x08	-0.1306	-0.1981	0.6683	0.7050	85.82	332.91	4.63
2026-04-23T22:07:24.8230643+08:00	0x04	0.0981	-0.2821	-0.9346	0.1933	208.55	340.41	330.70
2026-04-23T22:07:24.8230643+08:00	0x09	-0.7357	-0.0111	0.6767	0.0269	176.97	265.25	358.59
2026-04-23T22:07:24.8240710+08:00	0x07	-0.2833	-0.6889	0.2436	-0.6212	6.93	98.68	43.44
2026-04-23T22:07:24.8240710+08:00	0x01	0.3240	0.2695	-0.8387	0.3449	213.22	330.99	42.50
2026-04-23T22:07:24.8240710+08:00	0x02	0.0082	-0.3486	0.9256	-0.1470	201.27	8.84	40.02
2026-04-23T22:07:24.8240710+08:00	0x04	0.0993	-0.2866	-0.9328	0.1947	208.94	340.01	330.27
2026-04-23T22:07:24.8240710+08:00	0x09	-0.7370	-0.0109	0.6752	0.0275	176.95	265.03	358.52
2026-04-23T22:07:24.8240710+08:00	0x02	0.0081	-0.3500	0.9249	-0.1483	201.49	8.95	40.16
2026-04-23T22:07:24.8240710+08:00	0x07	-0.2833	-0.6901	0.2423	-0.6203	7.14	98.94	43.31
2026-04-23T22:07:24.8240710+08:00	0x01	0.3248	0.2730	-0.8376	0.3442	213.03	330.91	42.91
2026-04-23T22:07:24.8240710+08:00	0x09	-0.7381	-0.0110	0.6741	0.0262	177.05	264.85	358.63
2026-04-23T22:07:24.8240710+08:00	0x03	-0.2433	0.3747	0.5471	0.7078	64.46	23.75	311.02
2026-04-23T22:07:24.8240710+08:00	0x08	-0.1245	-0.2021	0.6734	0.7002	86.42	333.07	5.61
2026-04-23T22:07:24.8240710+08:00	0x06	0.0822	-0.0753	0.9937	-0.0078	181.62	9.57	8.53
2026-04-23T22:07:24.8240710+08:00	0x07	-0.2826	-0.6906	0.2413	-0.6204	7.16	98.97	43.16
2026-04-23T22:07:24.8240710+08:00	0x01	0.3267	0.2732	-0.8374	0.3426	212.69	330.54	42.96
2026-04-23T22:07:24.8240710+08:00	0x03	-0.2372	0.3807	0.5428	0.7100	63.20	25.34	311.40
2026-04-23T22:07:24.8240710+08:00	0x02	0.0089	-0.3528	0.9233	-0.1517	202.10	9.34	40.45
2026-04-23T22:07:24.8240710+08:00	0x04	0.1033	-0.2841	-0.9333	0.1938	208.85	339.66	330.64
2026-04-23T22:07:24.8240710+08:00	0x08	-0.1238	-0.2019	0.6757	0.6981	86.76	333.17	5.74
2026-04-23T22:07:24.8240710+08:00	0x02	0.0087	-0.3489	0.9244	-0.1537	202.25	9.26	39.97
2026-04-23T22:07:24.8240710+08:00	0x03	-0.2394	0.3799	0.5453	0.7078	63.77	24.88	311.13
2026-04-23T22:07:24.8240710+08:00	0x01	0.3282	0.2681	-0.8386	0.3422	212.60	330.20	42.40
2026-04-23T22:07:24.8240710+08:00	0x09	-0.7360	-0.0105	0.6764	0.0259	177.10	265.20	358.63
2026-04-23T22:07:24.8240710+08:00	0x04	0.0927	-0.2788	-0.9365	0.1914	208.01	341.28	330.87
2026-04-23T22:07:24.8240710+08:00	0x06	0.0818	-0.0744	0.9938	-0.0078	181.61	9.53	8.43
2026-04-23T22:07:24.8246194+08:00	0x07	-0.2852	-0.6877	0.2438	-0.6215	7.08	98.63	43.62
2026-04-23T22:07:24.8246194+08:00	0x03	-0.1887	0.4014	0.5380	0.7169	60.55	31.55	315.38
2026-04-23T22:07:24.8246194+08:00	0x02	0.0115	-0.3520	0.9219	-0.1615	203.60	10.17	40.19
2026-04-23T22:07:24.8247035+08:00	0x09	-0.7355	-0.0092	0.6769	0.0260	177.21	265.29	358.52
2026-04-23T22:07:24.8247035+08:00	0x04	0.1123	-0.3354	-0.8453	0.4005	238.88	328.55	331.51
2026-04-23T22:07:24.8247035+08:00	0x06	0.0835	-0.0753	0.9936	-0.0116	182.06	9.76	8.50
2026-04-23T22:07:24.8247035+08:00	0x02	0.0173	-0.3526	0.9214	-0.1622	204.00	11.02	40.11
2026-04-23T22:07:24.8247035+08:00	0x07	-0.2774	-0.6891	0.2432	-0.6238	6.19	98.13	42.94
2026-04-23T22:07:24.8247035+08:00	0x03	-0.1817	0.4172	0.7544	0.4732	109.95	11.64	306.74
2026-04-23T22:07:24.8247035+08:00	0x09	-0.7324	-0.0150	0.6803	0.0251	176.78	265.80	359.07
2026-04-23T22:07:24.8247035+08:00	0x08	-0.1304	-0.2060	0.6723	0.6990	86.43	332.26	5.43
2026-04-23T22:07:24.8247035+08:00	0x05	-0.5135	0.4149	0.5646	0.4954	141.04	307.26	282.25
2026-04-23T22:07:24.8247035+08:00	0x02	0.0357	-0.3951	0.8990	-0.1854	210.29	17.09	44.20
2026-04-23T22:07:24.8247035+08:00	0x03	-0.1973	0.3800	0.7800	0.4565	117.65	3.54	309.39
2026-04-23T22:07:24.8249630+08:00	0x07	-0.2776	-0.6861	0.2481	-0.6251	5.60	97.56	43.43
2026-04-23T22:07:24.8249671+08:00	0x01	0.2844	0.3515	-0.8368	0.3088	209.40	336.34	49.81
2026-04-23T22:07:24.8249671+08:00	0x04	0.1589	-0.2794	-0.8612	0.3938	235.17	328.10	339.14
2026-04-23T22:07:24.8249671+08:00	0x08	-0.1299	-0.2055	0.6708	0.7007	86.18	332.34	5.37
2026-04-23T22:07:24.8249671+08:00	0x06	0.0859	-0.0764	0.9933	-0.0134	182.30	10.05	8.60
2026-04-23T22:07:24.8249671+08:00	0x03	-0.2003	0.3829	0.7871	0.4402	120.61	2.00	308.83
2026-04-23T22:07:24.8249671+08:00	0x01	0.2944	0.3361	-0.8369	0.3161	209.98	334.99	48.48
2026-04-23T22:07:24.8249671+08:00	0x02	0.0201	-0.3849	0.9042	-0.1839	208.69	14.21	43.52
2026-04-23T22:07:24.8249671+08:00	0x08	-0.1274	-0.2035	0.6731	0.6995	86.46	332.72	5.49
2026-04-23T22:07:24.8249671+08:00	0x04	0.1616	-0.2912	-0.8603	0.3859	234.92	327.13	337.89
2026-04-23T22:07:24.8249671+08:00	0x06	0.0853	-0.0766	0.9933	-0.0128	182.23	9.98	8.63
2026-04-23T22:07:24.8249671+08:00	0x02	0.0201	-0.3695	0.9105	-0.1845	208.03	13.39	41.72
2026-04-23T22:07:24.8249671+08:00	0x07	-0.2841	-0.6880	0.2469	-0.6205	6.72	98.61	43.81
2026-04-23T22:07:24.8249671+08:00	0x01	0.3004	0.3274	-0.8381	0.3165	209.70	333.91	47.64
2026-04-23T22:07:24.8249671+08:00	0x09	-0.7363	-0.0116	0.6760	0.0271	176.92	265.14	358.61
2026-04-23T22:07:24.8249671+08:00	0x08	-0.1265	-0.2032	0.6760	0.6970	86.88	332.84	5.65
2026-04-23T22:07:24.8249671+08:00	0x06	0.0851	-0.0769	0.9933	-0.0127	182.22	9.97	8.66
2026-04-23T22:07:24.8249671+08:00	0x02	0.0270	-0.3884	0.9021	-0.1859	209.53	15.49	43.69
2026-04-23T22:07:24.8249671+08:00	0x07	-0.2851	-0.6879	0.2479	-0.6197	6.79	98.71	43.98
2026-04-23T22:07:24.8249671+08:00	0x03	-0.2049	0.3693	0.7562	0.4997	110.65	5.25	310.24
2026-04-23T22:07:24.8249671+08:00	0x01	0.3032	0.3224	-0.8412	0.3106	208.62	333.00	46.95
2026-04-23T22:07:24.8249671+08:00	0x09	-0.7363	-0.0123	0.6759	0.0278	176.81	265.14	358.61
2026-04-23T22:07:24.8249671+08:00	0x04	0.1206	-0.3334	-0.8990	0.2573	220.08	332.59	327.49
2026-04-23T22:07:24.8249671+08:00	0x06	0.0842	-0.0759	0.9935	-0.0113	182.04	9.85	8.56
2026-04-23T22:07:24.8249671+08:00	0x02	0.0243	-0.3823	0.9060	-0.1802	208.23	14.43	43.15
2026-04-23T22:07:24.8249671+08:00	0x07	-0.2901	-0.6862	0.2492	-0.6188	7.23	98.87	44.51
2026-04-23T22:07:24.8249671+08:00	0x01	0.3067	0.3083	-0.8386	0.3281	211.28	333.35	45.92
2026-04-23T22:07:24.8249671+08:00	0x03	-0.2171	0.3638	0.5898	0.6875	72.16	20.85	313.31
2026-04-23T22:07:24.8249671+08:00	0x09	-0.7363	-0.0104	0.6760	0.0269	177.04	265.15	358.54
2026-04-23T22:07:24.8249671+08:00	0x05	-0.4993	0.4319	0.5630	0.4972	135.86	314.05	280.64
2026-04-23T22:07:24.8249671+08:00	0x04	0.1022	-0.3201	-0.9271	0.1658	206.74	339.10	325.97
2026-04-23T22:07:24.8249671+08:00	0x02	0.0149	-0.3686	0.9212	-0.1237	198.90	9.26	42.48
2026-04-23T22:07:24.8249671+08:00	0x08	-0.1231	-0.2035	0.6781	0.6955	87.11	333.10	6.01
2026-04-23T22:07:24.8249671+08:00	0x07	-0.2891	-0.6860	0.2498	-0.6192	7.03	98.73	44.49
2026-04-23T22:07:24.8249671+08:00	0x03	-0.2312	0.3741	0.5749	0.6900	69.49	22.22	311.48
2026-04-23T22:07:24.8249671+08:00	0x04	0.0871	-0.3082	-0.9302	0.1794	207.46	341.07	327.17
2026-04-23T22:07:24.8249671+08:00	0x08	-0.1217	-0.2028	0.6782	0.6957	87.10	333.27	6.08
2026-04-23T22:07:24.8249671+08:00	0x09	-0.7349	-0.0088	0.6776	0.0263	177.22	265.39	358.47
2026-04-23T22:07:24.8249671+08:00	0x08	-0.1231	-0.2035	0.6781	0.6955	87.11	333.10	6.01
2026-04-23T22:07:24.8249671+08:00	0x07	-0.2893	-0.6848	0.2511	-0.6199	6.85	98.50	44.63
2026-04-23T22:07:24.8249671+08:00	0x09	-0.7343	-0.0092	0.6783	0.0258	177.22	265.50	358.54
2026-04-23T22:07:24.8249671+08:00	0x08	-0.1217	-0.2029	0.6778	0.6961	87.03	333.26	6.06
2026-04-23T22:07:24.8249671+08:00	0x06	0.0838	-0.0754	0.9935	-0.0122	182.13	9.80	8.50
2026-04-23T22:07:24.8249671+08:00	0x03	-0.2424	0.3776	0.5622	0.6947	67.29	22.88	310.42
2026-04-23T22:07:24.8249671+08:00	0x01	0.3335	0.2575	-0.8444	0.3307	210.81	328.65	40.96
2026-04-23T22:07:24.8249671+08:00	0x07	-0.2909	-0.6847	0.2517	-0.6190	7.02	98.67	44.81
2026-04-23T22:07:24.8249671+08:00	0x09	-0.7349	-0.0085	0.6776	0.0257	177.28	265.39	358.49
2026-04-23T22:07:24.8249671+08:00	0x06	0.0837	-0.0752	0.9936	-0.0120	182.11	9.78	8.48
2026-04-23T22:07:24.8249671+08:00	0x02	0.0138	-0.3525	0.9260	-0.1347	199.92	9.11	40.47
2026-04-23T22:07:24.8249671+08:00	0x03	-0.2395	0.3810	0.5567	0.6983	65.95	24.05	310.66
2026-04-23T22:07:24.8249671+08:00	0x01	0.3346	0.2531	-0.8447	0.3324	211.07	328.51	40.55
2026-04-23T22:07:24.8249671+08:00	0x09	-0.7353	-0.0082	0.6772	0.0257	177.31	265.32	358.48
2026-04-23T22:07:24.8249671+08:00	0x05	-0.5012	0.4373	0.5655	0.4876	141.45	309.35	280.46
2026-04-23T22:07:24.8249671+08:00	0x06	0.0836	-0.0750	0.9936	-0.0119	182.10	9.78	8.46
2026-04-23T22:07:24.8259630+08:00	0x03	-0.2360	0.3835	0.5522	0.7016	64.86	25.03	310.99
2026-04-23T22:07:24.8259630+08:00	0x07	-0.2928	-0.6847	0.2520	-0.6180	7.26	98.87	44.99
2026-04-23T22:07:24.8259630+08:00	0x09	-0.7352	-0.0081	0.6773	0.0254	177.34	265.34	358.49
2026-04-23T22:07:24.8259630+08:00	0x05	-0.5039	0.4377	0.5648	0.4852	143.76	307.01	280.42
2026-04-23T22:07:24.8259630+08:00	0x06	0.0836	-0.0750	0.9936	-0.0120	182.11	9.78	8.46
2026-04-23T22:07:24.8259630+08:00	0x02	0.0139	-0.3491	0.9270	-0.1361	200.02	9.08	40.06
2026-04-23T22:07:24.8259630+08:00	0x01	0.3344	0.2523	-0.8466	0.3284	210.51	328.32	40.30
2026-04-23T22:07:24.8259630+08:00	0x09	-0.7347	-0.0085	0.6779	0.0251	177.33	265.43	358.54
2026-04-23T22:07:24.8259630+08:00	0x06	0.0838	-0.0749	0.9936	-0.0120	182.10	9.79	8.45
2026-04-23T22:07:24.8259630+08:00	0x07	-0.2940	-0.6832	0.2539	-0.6184	7.15	98.69	45.28
2026-04-23T22:07:24.8259630+08:00	0x03	-0.2345	0.3849	0.5492	0.7038	64.16	25.58	311.17
2026-04-23T22:07:24.8259630+08:00	0x04	0.0954	-0.3208	-0.9239	0.1856	209.13	339.16	326.13
2026-04-23T22:07:24.8259630+08:00	0x06	0.0837	-0.0748	0.9936	-0.0121	182.12	9.79	8.43
2026-04-23T22:07:24.8259630+08:00	0x03	-0.2360	0.3867	0.5468	0.7041	63.68	25.92	310.95
2026-04-23T22:07:24.8259630+08:00	0x01	0.3382	0.2495	-0.8470	0.3255	209.97	327.59	40.01
2026-04-23T22:07:24.8259630+08:00	0x09	-0.7342	-0.0089	0.6784	0.0244	177.35	265.51	358.64
2026-04-23T22:07:24.8259630+08:00	0x04	0.0943	-0.3184	-0.9250	0.1849	208.88	339.46	326.35
2026-04-23T22:07:24.8259630+08:00	0x06	0.0838	-0.0746	0.9936	-0.0123	182.14	9.80	8.40
2026-04-23T22:07:24.8259630+08:00	0x02	0.0142	-0.3479	0.9274	-0.1368	200.09	9.11	39.89
2026-04-23T22:07:24.8259630+08:00	0x07	-0.2939	-0.6827	0.2542	-0.6188	7.07	98.57	45.30
2026-04-23T22:07:24.8259630+08:00	0x09	-0.7338	-0.0089	0.6789	0.0244	177.36	265.58	358.64
2026-04-23T22:07:24.8259630+08:00	0x04	0.0918	-0.3137	-0.9268	0.1847	208.56	340.01	326.80
2026-04-23T22:07:24.8259630+08:00	0x06	0.0839	-0.0745	0.9936	-0.0126	182.18	9.81	8.39
2026-04-23T22:07:24.8259630+08:00	0x05	-0.5054	0.4361	0.5642	0.4859	143.92	306.59	280.52
2026-04-23T22:07:24.8259630+08:00	0x03	-0.2324	0.3909	0.5456	0.7039	63.18	26.84	311.08
2026-04-23T22:07:24.8259630+08:00	0x01	0.3331	0.2524	-0.8485	0.3245	210.03	328.32	40.13
2026-04-23T22:07:24.8259630+08:00	0x09	-0.7337	-0.0086	0.6789	0.0245	177.37	265.59	358.61
2026-04-23T22:07:24.8259630+08:00	0x08	-0.1211	-0.2021	0.6785	0.6958	87.12	333.38	6.07
2026-04-23T22:07:24.8259630+08:00	0x04	0.0914	-0.3121	-0.9273	0.1853	208.55	340.11	326.98
2026-04-23T22:07:24.8259630+08:00	0x02	0.0141	-0.3475	0.9275	-0.1370	200.10	9.09	39.84
2026-04-23T22:07:24.8259630+08:00	0x03	-0.2320	0.3910	0.5457	0.7040	63.17	26.87	311.13
2026-04-23T22:07:24.8259630+08:00	0x01	0.3321	0.2531	-0.8487	0.3245	210.06	328.47	40.18
2026-04-23T22:07:24.8259630+08:00	0x09	-0.7338	-0.0085	0.6789	0.0244	177.38	265.58	358.61
2026-04-23T22:07:24.8259630+08:00	0x06	0.0838	-0.0742	0.9936	-0.0130	182.21	9.80	8.35
2026-04-23T22:07:24.8259630+08:00	0x02	0.0140	-0.3473	0.9276	-0.1370	200.09	9.07	39.83
2026-04-23T22:07:24.8259630+08:00	0x03	-0.2319	0.3912	0.5455	0.7040	63.12	26.92	311.12
2026-04-23T22:07:24.8259630+08:00	0x01	0.3243	0.2610	-0.8477	0.3287	210.93	329.94	40.97
2026-04-23T22:07:24.8259630+08:00	0x07	-0.2938	-0.6824	0.2544	-0.6191	7.03	98.51	45.32
2026-04-23T22:07:24.8259630+08:00	0x08	-0.1207	-0.2020	0.6784	0.6960	87.09	333.42	6.09
2026-04-23T22:07:24.8259630+08:00	0x09	-0.7333	-0.0100	0.6794	0.0233	177.34	265.66	358.82
2026-04-23T22:07:24.8259630+08:00	0x06	0.0837	-0.0736	0.9937	-0.0125	182.15	9.78	8.30
2026-04-23T22:07:24.8259630+08:00	0x02	0.0365	-0.3751	0.9010	-0.2150	213.53	17.59	41.31
2026-04-23T22:07:24.8259630+08:00	0x03	-0.2289	0.3914	0.5492	0.7020	63.73	26.86	311.30
2026-04-23T22:07:24.8259630+08:00	0x07	-0.2902	-0.6827	0.2540	-0.6206	6.58	98.18	44.99
2026-04-23T22:07:24.8259630+08:00	0x08	-0.1253	-0.2038	0.6762	0.6968	86.88	332.88	5.80
2026-04-23T22:07:24.8259630+08:00	0x04	0.1017	-0.3050	-0.9305	0.1756	207.34	339.52	327.86
2026-04-23T22:07:24.8259630+08:00	0x09	-0.7333	-0.0082	0.6793	0.0275	177.17	265.66	358.32
2026-04-23T22:07:24.8259630+08:00	0x03	-0.2234	0.3943	0.5560	0.6968	64.78	27.06	311.43
2026-04-23T22:07:24.8259630+08:00	0x01	0.3082	0.2979	-0.8369	0.3404	213.18	333.67	45.11
2026-04-23T22:07:24.8259630+08:00	0x09	-0.7338	-0.0074	0.6788	0.0276	177.23	265.58	358.25
2026-04-23T22:07:24.8259630+08:00	0x08	-0.1247	-0.2033	0.6756	0.6976	86.77	332.97	5.78
2026-04-23T22:07:24.8259630+08:00	0x06	0.0840	-0.0748	0.9935	-0.0151	182.47	9.84	8.40
2026-04-23T22:07:24.8259630+08:00	0x05	-0.5042	0.4368	0.5637	0.4871	142.94	307.59	280.39
2026-04-23T22:07:24.8259630+08:00	0x03	-0.2269	0.3952	0.5525	0.6979	64.17	27.24	311.11
2026-04-23T22:07:24.8259630+08:00	0x01	0.3241	0.2733	-0.8446	0.3269	210.49	330.06	42.34
2026-04-23T22:07:24.8259630+08:00	0x09	-0.7344	-0.0065	0.6782	0.0270	177.35	265.48	358.23
2026-04-23T22:07:24.8259630+08:00	0x08	-0.1208	-0.2026	0.6756	0.6986	86.66	333.34	6.03
2026-04-23T22:07:24.8259630+08:00	0x04	0.1130	-0.2981	-0.8785	0.3559	230.60	332.74	333.68
2026-04-23T22:07:24.8259630+08:00	0x03	-0.1719	0.3950	0.7206	0.5432	98.59	16.10	310.88
2026-04-23T22:07:24.8259630+08:00	0x02	0.0156	-0.3508	0.9276	-0.1271	198.88	8.91	40.31
2026-04-23T22:07:24.8259630+08:00	0x07	-0.2920	-0.6832	0.2556	-0.6186	6.76	98.50	45.28
2026-04-23T22:07:24.8259630+08:00	0x01	0.3244	0.2775	-0.8498	0.3093	207.83	329.14	42.24
2026-04-23T22:07:24.8269617+08:00	0x09	-0.7341	-0.0098	0.6785	0.0251	177.23	265.52	358.65
2026-04-23T22:07:24.8269617+08:00	0x04	0.1305	-0.3060	-0.8775	0.3455	230.09	330.50	333.46
2026-04-23T22:07:24.8269617+08:00	0x02	0.0145	-0.3528	0.9268	-0.1279	199.00	8.87	40.56
2026-04-23T22:07:24.8269617+08:00	0x01	0.3137	0.2846	-0.8519	0.3081	208.11	330.74	42.70
2026-04-23T22:07:24.8269617+08:00	0x07	-0.2955	-0.6815	0.2568	-0.6184	7.00	98.51	45.67
2026-04-23T22:07:24.8269617+08:00	0x09	-0.7337	-0.0091	0.6789	0.0255	177.25	265.60	358.57
2026-04-23T22:07:24.8269617+08:00	0x04	0.1347	-0.3062	-0.8712	0.3592	231.95	329.64	334.10
2026-04-23T22:07:24.8269617+08:00	0x03	-0.1823	0.3877	0.7387	0.5204	104.10	11.98	310.32
2026-04-23T22:07:24.8269617+08:00	0x08	-0.1230	-0.2031	0.6759	0.6976	86.78	333.12	5.91
2026-04-23T22:07:24.8269617+08:00	0x01	0.3085	0.2699	-0.8622	0.2977	207.13	330.79	40.47
2026-04-23T22:07:24.8269617+08:00	0x07	-0.2982	-0.6796	0.2585	-0.6184	7.09	98.42	46.06
2026-04-23T22:07:24.8269617+08:00	0x09	-0.7335	-0.0135	0.6791	0.0250	176.92	265.62	358.95
2026-04-23T22:07:24.8269617+08:00	0x03	-0.1820	0.3879	0.7381	0.5211	103.94	12.10	310.33
2026-04-23T22:07:24.8269617+08:00	0x02	0.0145	-0.3527	0.9268	-0.1279	199.00	8.87	40.55
2026-04-23T22:07:24.8269617+08:00	0x04	0.1557	-0.1963	-0.8221	0.5112	246.07	332.42	350.58
2026-04-23T22:07:24.8269617+08:00	0x07	-0.2990	-0.6809	0.2563	-0.6174	7.49	98.77	45.91
2026-04-23T22:07:24.8269617+08:00	0x08	-0.1234	-0.1998	0.6791	0.6954	87.29	333.40	5.73
2026-04-23T22:07:24.8269617+08:00	0x03	-0.1253	0.3352	0.8573	0.3700	132.33	2.56	318.12
2026-04-23T22:07:24.8269617+08:00	0x02	-0.0803	-0.1264	0.9635	0.2219	152.75	347.55	12.00
2026-04-23T22:07:24.8269617+08:00	0x01	0.2030	0.1498	-0.9647	0.0752	185.10	337.07	18.63
2026-04-23T22:07:24.8269617+08:00	0x08	-0.1155	-0.1989	0.6849	0.6914	87.98	334.16	6.48
2026-04-23T22:07:24.8269617+08:00	0x06	0.0794	-0.0738	0.9936	-0.0318	184.34	9.44	8.14
2026-04-23T22:07:24.8269617+08:00	0x02	-0.0888	-0.1159	0.9683	0.2029	155.10	347.12	10.86
2026-04-23T22:07:24.8269617+08:00	0x07	-0.2736	-0.6962	0.2529	-0.6135	5.59	99.46	43.47
2026-04-23T22:07:24.8269617+08:00	0x09	-0.7324	0.0086	0.6803	0.0273	178.59	265.81	357.04
2026-04-23T22:07:24.8269617+08:00	0x03	-0.0783	0.3390	0.8953	0.2782	144.13	3.65	319.41
2026-04-23T22:07:24.8269617+08:00	0x04	0.0346	-0.4216	-0.8819	0.2080	215.38	339.78	313.18
2026-04-23T22:07:24.8269617+08:00	0x07	-0.2739	-0.6974	0.2582	-0.6098	5.36	99.83	43.97
2026-04-23T22:07:24.8269617+08:00	0x01	0.1918	0.1195	-0.9706	0.0824	186.80	338.56	15.28
2026-04-23T22:07:24.8269617+08:00	0x09	-0.7263	-0.0006	0.6867	0.0303	177.57	266.84	357.53
2026-04-23T22:07:24.8269617+08:00	0x08	-0.1253	-0.2085	0.6757	0.6959	86.80	332.47	6.16
2026-04-23T22:07:24.8269617+08:00	0x02	-0.0484	-0.1294	0.9762	0.1670	159.60	351.85	13.68
2026-04-23T22:07:24.8269617+08:00	0x03	-0.0377	0.3692	0.9040	0.2123	150.81	6.98	316.88
2026-04-23T22:07:24.8269617+08:00	0x06	0.0824	-0.0886	0.9915	-0.0472	186.30	10.03	9.67
2026-04-23T22:07:24.8269617+08:00	0x07	-0.2313	-0.6962	0.2598	-0.6279	359.68	95.78	40.71
2026-04-23T22:07:24.8269617+08:00	0x09	-0.7037	0.0051	0.7098	0.0313	177.86	270.55	357.06
2026-04-23T22:07:24.8269617+08:00	0x03	-0.1463	0.3345	0.6416	0.6746	80.11	19.76	321.20
2026-04-23T22:07:24.8269617+08:00	0x04	0.1975	-0.3842	-0.8363	0.3376	236.35	316.74	329.38
2026-04-23T22:07:24.8269617+08:00	0x07	-0.2231	-0.6816	0.2920	-0.6328	354.88	92.24	42.87
2026-04-23T22:07:24.8269617+08:00	0x09	-0.6934	0.0176	0.7196	0.0335	178.63	272.18	355.88
2026-04-23T22:07:24.8269617+08:00	0x03	-0.1444	0.3364	0.6527	0.6633	82.13	19.40	320.90
2026-04-23T22:07:24.8269617+08:00	0x04	0.1927	-0.3856	-0.8383	0.3339	235.90	317.26	328.82
2026-04-23T22:07:24.8269617+08:00	0x06	0.0859	-0.0899	0.9920	-0.0197	183.18	10.18	10.08
2026-04-23T22:07:24.8269617+08:00	0x07	-0.2572	-0.6662	0.2996	-0.6327	356.97	91.65	46.44
2026-04-23T22:07:24.8269617+08:00	0x01	0.1922	0.1204	-0.9705	0.0822	186.75	338.51	15.38
2026-04-23T22:07:24.8269617+08:00	0x09	-0.6918	0.0161	0.7211	0.0346	178.41	272.43	355.92
2026-04-23T22:07:24.8269617+08:00	0x08	-0.1125	-0.1824	0.6604	0.7197	84.10	335.65	4.53
2026-04-23T22:07:24.8269617+08:00	0x02	-0.0496	-0.1290	0.9760	0.1681	159.46	351.71	13.60
2026-04-23T22:07:24.8269617+08:00	0x03	-0.4365	0.0609	0.2296	0.8678	33.93	351.19	308.23
2026-04-23T22:07:24.8269617+08:00	0x04	0.6385	-0.3742	-0.6703	-0.0547	209.54	263.32	325.14
2026-04-23T22:07:24.8269617+08:00	0x06	0.0852	-0.0930	0.9919	-0.0148	182.64	10.07	10.48
2026-04-23T22:07:24.8269617+08:00	0x07	-0.2602	-0.6639	0.3069	-0.6304	356.49	91.43	47.35
2026-04-23T22:07:24.8269617+08:00	0x01	0.6200	-0.0385	-0.3806	0.6850	264.13	293.50	55.10
2026-04-23T22:07:24.8269617+08:00	0x08	-0.1132	-0.1830	0.6610	0.7189	84.21	335.54	4.54
2026-04-23T22:07:24.8269617+08:00	0x02	-0.1771	-0.3672	0.9107	-0.0667	179.31	337.71	43.83
2026-04-23T22:07:24.8269617+08:00	0x04	0.0723	-0.2874	-0.9503	0.0958	195.32	346.85	327.84
2026-04-23T22:07:24.8269617+08:00	0x09	-0.6910	0.0159	0.7218	0.0352	178.34	272.56	355.89
2026-04-23T22:07:24.8269617+08:00	0x07	-0.2630	-0.6621	0.3137	-0.6277	356.08	91.30	48.21
2026-04-23T22:07:24.8269617+08:00	0x09	-0.6966	-0.0246	0.7141	0.0642	172.75	271.62	356.88
2026-04-23T22:07:24.8269617+08:00	0x02	0.0345	-0.4306	0.8997	0.0631	172.32	0.70	51.19
2026-04-23T22:07:24.8269617+08:00	0x03	-0.2431	0.2941	0.6743	0.6322	92.23	3.56	315.25
2026-04-23T22:07:24.8269617+08:00	0x04	0.1358	-0.2622	-0.9554	-0.0026	184.39	342.64	329.88
2026-04-23T22:07:24.8269617+08:00	0x06	0.0940	-0.1155	0.9873	-0.0545	187.61	11.72	12.58
2026-04-23T22:07:24.8269617+08:00	0x07	-0.2121	-0.6837	0.3275	-0.6167	350.70	92.02	45.19
2026-04-23T22:07:24.8269617+08:00	0x09	-0.7228	-0.1009	0.6798	0.0730	165.80	266.26	1.81
2026-04-23T22:07:24.8279992+08:00	0x03	-0.2536	0.3035	0.6460	0.6529	86.96	5.69	313.68
2026-04-23T22:07:24.8279992+08:00	0x04	0.1243	-0.2894	-0.9455	0.0828	195.59	340.55	328.22
2026-04-23T22:07:24.8279992+08:00	0x05	-0.5278	0.4150	0.6061	0.4265	164.85	289.02	287.59
2026-04-23T22:07:24.8279992+08:00	0x07	-0.2491	-0.6714	0.3197	-0.6205	354.71	92.17	47.59
2026-04-23T22:07:24.8279992+08:00	0x06	0.0846	-0.1008	0.9911	-0.0221	183.56	10.11	11.31
2026-04-23T22:07:24.8279992+08:00	0x08	-0.1538	-0.2103	0.6617	0.7030	85.58	329.98	3.56
2026-04-23T22:07:24.8279992+08:00	0x03	-0.2268	0.3485	0.6594	0.6263	87.65	11.87	311.95
2026-04-23T22:07:24.8279992+08:00	0x09	-0.7139	-0.0546	0.6957	0.0578	170.89	268.55	359.62
2026-04-23T22:07:24.8279992+08:00	0x04	0.1251	-0.2815	-0.9465	0.0963	197.07	340.24	329.41
2026-04-23T22:07:24.8279992+08:00	0x06	0.0876	-0.1042	0.9905	-0.0179	183.15	10.43	11.73
2026-04-23T22:07:24.8279992+08:00	0x09	-0.7085	-0.0458	0.7016	0.0605	171.38	269.53	358.77
2026-04-23T22:07:24.8279992+08:00	0x03	-0.2167	0.3609	0.6761	0.6047	90.70	12.54	311.40
2026-04-23T22:07:24.8279992+08:00	0x04	0.1286	-0.2857	-0.9431	0.1113	199.25	339.14	329.32
2026-04-23T22:07:24.8279992+08:00	0x01	0.5669	-0.1165	-0.4285	0.6939	269.22	297.02	43.38
2026-04-23T22:07:24.8279992+08:00	0x08	-0.1464	-0.2029	0.6542	0.7138	84.18	331.18	3.24
2026-04-23T22:07:24.8279992+08:00	0x03	-0.2137	0.3630	0.6709	0.6103	89.27	13.62	311.58
2026-04-23T22:07:24.8279992+08:00	0x06	0.0888	-0.1079	0.9900	-0.0206	183.51	10.63	12.12
2026-04-23T22:07:24.8279992+08:00	0x04	0.1280	-0.2804	-0.9439	0.1185	199.93	339.18	330.06
2026-04-23T22:07:24.8279992+08:00	0x07	-0.2281	-0.6625	0.3263	-0.6345	350.70	88.50	46.21
2026-04-23T22:07:24.8279992+08:00	0x01	0.0624	0.3687	-0.8909	0.2578	214.78	6.26	43.56
2026-04-23T22:07:24.8279992+08:00	0x08	-0.1468	-0.2031	0.6540	0.7138	84.16	331.13	3.21
2026-04-23T22:07:24.8279992+08:00	0x03	-0.2142	0.3548	0.6600	0.6266	86.86	13.85	312.54
2026-04-23T22:07:24.8279992+08:00	0x09	-0.7074	-0.0411	0.7031	0.0592	171.87	269.75	358.51
2026-04-23T22:07:24.8279992+08:00	0x04	0.1233	-0.2749	-0.9453	0.1255	200.46	339.75	330.75
2026-04-23T22:07:24.8279992+08:00	0x07	-0.2267	-0.6629	0.3274	-0.6341	350.47	88.47	46.18
2026-04-23T22:07:24.8279992+08:00	0x08	-0.1466	-0.2023	0.6530	0.7149	84.01	331.22	3.13
2026-04-23T22:07:24.8279992+08:00	0x03	-0.2065	0.3708	0.6585	0.6215	85.91	16.46	311.84
2026-04-23T22:07:24.8279992+08:00	0x07	-0.2259	-0.6632	0.3279	-0.6338	350.35	88.48	46.15
2026-04-23T22:07:24.8279992+08:00	0x08	-0.1455	-0.2015	0.6521	0.7163	83.83	331.37	3.11
2026-04-23T22:07:24.8279992+08:00	0x09	-0.7072	-0.0389	0.7035	0.0587	172.09	269.81	358.38
2026-04-23T22:07:24.8279992+08:00	0x02	0.0281	-0.4291	0.9009	0.0592	172.47	359.98	50.94
2026-04-23T22:07:24.8279992+08:00	0x03	-0.2055	0.3807	0.6586	0.6156	85.82	17.56	311.01
2026-04-23T22:07:24.8279992+08:00	0x06	0.0892	-0.1107	0.9896	-0.0205	183.54	10.69	12.44
2026-04-23T22:07:24.8279992+08:00	0x07	-0.2264	-0.6628	0.3288	-0.6335	350.29	88.43	46.28
2026-04-23T22:07:24.8279992+08:00	0x01	0.0787	0.3852	-0.8640	0.3146	223.70	8.76	45.66
2026-04-23T22:07:24.8279992+08:00	0x04	0.1177	-0.2995	-0.9347	0.1506	204.42	338.63	328.36
2026-04-23T22:07:24.8279992+08:00	0x08	-0.1452	-0.2012	0.6518	0.7166	83.79	331.42	3.10
2026-04-23T22:07:24.8279992+08:00	0x02	0.3020	-0.3520	0.7604	0.4547	125.27	13.72	54.09
2026-04-23T22:07:24.8279992+08:00	0x03	-0.2067	0.3798	0.6541	0.6207	84.86	17.80	311.11
2026-04-23T22:07:24.8279992+08:00	0x09	-0.7072	-0.0378	0.7036	0.0585	172.19	269.82	358.31
2026-04-23T22:07:24.8279992+08:00	0x07	-0.2264	-0.6629	0.3290	-0.6333	350.29	88.46	46.30
2026-04-23T22:07:24.8279992+08:00	0x08	-0.1453	-0.2014	0.6520	0.7164	83.81	331.39	3.12
2026-04-23T22:07:24.8279992+08:00	0x09	-0.7072	-0.0378	0.7036	0.0589	172.16	269.82	358.28
2026-04-23T22:07:24.8279992+08:00	0x03	-0.2043	0.3693	0.6504	0.6316	83.99	17.32	312.41
2026-04-23T22:07:24.8279992+08:00	0x04	0.1220	-0.2847	-0.9393	0.1478	203.61	338.81	330.08
2026-04-23T22:07:24.8279992+08:00	0x01	0.1645	0.2572	-0.9034	0.3012	213.80	350.08	34.31
2026-04-23T22:07:24.8279992+08:00	0x07	-0.2264	-0.6630	0.3290	-0.6333	350.29	88.47	46.29
2026-04-23T22:07:24.8279992+08:00	0x08	-0.1452	-0.2010	0.6513	0.7171	83.71	331.43	3.07
2026-04-23T22:07:24.8279992+08:00	0x09	-0.7072	-0.0374	0.7036	0.0589	172.19	269.83	358.24
2026-04-23T22:07:24.8279992+08:00	0x03	-0.2042	0.3794	0.6509	0.6250	84.00	18.34	311.48
2026-04-23T22:07:24.8279992+08:00	0x06	0.0894	-0.1109	0.9896	-0.0209	183.60	10.71	12.46
2026-04-23T22:07:24.8279992+08:00	0x01	0.2297	0.3016	-0.8546	0.3549	219.58	345.94	42.72
2026-04-23T22:07:24.8279992+08:00	0x08	-0.1445	-0.2000	0.6507	0.7181	83.60	331.58	3.02
2026-04-23T22:07:24.8279992+08:00	0x02	-0.0160	-0.3465	0.9379	0.0083	178.00	357.31	40.52
2026-04-23T22:07:24.8279992+08:00	0x03	-0.1878	0.4111	0.6494	0.6116	82.34	23.65	310.21
2026-04-23T22:07:24.8279992+08:00	0x07	-0.2767	-0.6517	0.2854	-0.6460	359.33	90.22	46.83
2026-04-23T22:07:24.8279992+08:00	0x09	-0.7009	0.0168	0.7128	0.0184	179.85	270.97	357.15
2026-04-23T22:07:24.8279992+08:00	0x08	-0.1088	-0.1711	0.6252	0.7537	78.77	336.77	2.87
2026-04-23T22:07:24.8279992+08:00	0x02	-0.0273	-0.3416	0.9390	-0.0284	182.59	357.61	40.03
2026-04-23T22:07:24.8279992+08:00	0x03	-0.1617	0.3842	0.6471	0.6383	81.08	23.32	315.27
2026-04-23T22:07:24.8279992+08:00	0x06	0.0573	-0.0448	0.9939	0.0827	170.79	6.14	5.65
2026-04-23T22:07:24.8279992+08:00	0x07	-0.4962	-0.5340	0.4016	-0.5544	24.60	107.97	78.26
2026-04-23T22:07:24.8279992+08:00	0x04	0.1239	-0.2854	-0.9190	0.2423	215.64	335.59	332.32
2026-04-23T22:07:24.8279992+08:00	0x09	-0.7021	0.0245	0.7116	0.0099	181.16	270.74	357.21
2026-04-23T22:07:24.8289984+08:00	0x08	-0.1054	-0.1711	0.6328	0.7477	79.80	337.05	3.38
2026-04-23T22:07:24.8289984+08:00	0x02	-0.0129	-0.3452	0.9373	-0.0464	185.89	0.59	40.41
2026-04-23T22:07:24.8289984+08:00	0x03	-0.2012	0.3996	0.6293	0.6355	78.75	23.01	310.66
2026-04-23T22:07:24.8289984+08:00	0x04	0.0944	-0.2488	-0.9377	0.2234	210.98	341.44	334.88
2026-04-23T22:07:24.8289984+08:00	0x09	-0.7013	0.0255	0.7122	0.0156	180.78	270.86	356.67
2026-04-23T22:07:24.8289984+08:00	0x02	-0.0079	-0.3460	0.9359	-0.0656	188.87	2.30	40.44
2026-04-23T22:07:24.8289984+08:00	0x01	0.4358	0.1802	-0.8070	0.3555	211.42	313.98	36.92
2026-04-23T22:07:24.8289984+08:00	0x07	-0.4902	-0.5382	0.3986	-0.5578	22.36	105.94	77.40
2026-04-23T22:07:24.8289984+08:00	0x06	0.0640	-0.0517	0.9958	0.0408	175.70	7.12	6.21
2026-04-23T22:07:24.8289984+08:00	0x04	0.0916	-0.2408	-0.9412	0.2187	210.03	342.25	335.59
2026-04-23T22:07:24.8289984+08:00	0x08	-0.1024	-0.1721	0.6450	0.7375	81.53	337.24	4.07
2026-04-23T22:07:24.8289984+08:00	0x09	-0.7011	0.0255	0.7124	0.0155	180.79	270.90	356.67
2026-04-23T22:07:24.8289984+08:00	0x03	-0.2046	0.3977	0.6370	0.6278	80.67	21.70	310.22
2026-04-23T22:07:24.8289984+08:00	0x06	0.0644	-0.0514	0.9960	0.0346	176.41	7.21	6.13
2026-04-23T22:07:24.8289984+08:00	0x07	-0.6985	-0.2150	0.6341	-0.2526	181.47	264.98	38.72
2026-04-23T22:07:24.8289984+08:00	0x09	-0.7015	0.0212	0.7121	0.0174	180.28	270.85	356.87
2026-04-23T22:07:24.8289984+08:00	0x08	-0.1030	-0.1750	0.6509	0.7315	82.42	336.96	4.42
2026-04-23T22:07:24.8289984+08:00	0x03	-0.2037	0.3986	0.6380	0.6266	80.82	21.79	310.19
2026-04-23T22:07:24.8289984+08:00	0x04	0.0868	-0.2497	-0.9385	0.2220	210.63	342.35	334.52
2026-04-23T22:07:24.8289984+08:00	0x09	-0.7017	0.0203	0.7119	0.0181	180.16	270.82	356.88
2026-04-23T22:07:24.8289984+08:00	0x05	-0.5911	0.3681	0.6409	0.3231	182.32	273.33	301.38
2026-04-23T22:07:24.8289984+08:00	0x01	0.4418	0.1693	-0.8050	0.3580	211.88	313.11	36.08
2026-04-23T22:07:24.8289984+08:00	0x07	-0.7288	-0.0514	0.6749	-0.1034	183.80	266.02	12.71
2026-04-23T22:07:24.8289984+08:00	0x04	0.0837	-0.2469	-0.9405	0.2178	209.94	342.94	334.66
2026-04-23T22:07:24.8289984+08:00	0x09	-0.7023	0.0157	0.7115	0.0191	179.71	270.76	357.18
2026-04-23T22:07:24.8289984+08:00	0x05	-0.6026	0.3965	0.6057	0.3358	188.80	264.97	297.74
2026-04-23T22:07:24.8289984+08:00	0x03	-0.1849	0.4136	0.6301	0.6307	77.90	26.09	311.03
2026-04-23T22:07:24.8289984+08:00	0x06	0.0643	-0.0522	0.9962	0.0288	177.08	7.23	6.18
2026-04-23T22:07:24.8289984+08:00	0x07	-0.7171	0.1398	0.6786	0.0760	185.85	265.94	342.62
2026-04-23T22:07:24.8289984+08:00	0x09	-0.7027	0.0125	0.7111	0.0204	179.35	270.69	357.34
2026-04-23T22:07:24.8289984+08:00	0x02	0.0035	-0.3690	0.9245	-0.0953	194.15	6.03	42.97
2026-04-23T22:07:24.8289984+08:00	0x03	-0.1909	0.4170	0.6277	0.6290	77.57	26.18	310.21
2026-04-23T22:07:24.8289984+08:00	0x01	0.4587	0.1573	-0.7854	0.3846	215.09	311.46	36.87
2026-04-23T22:07:24.8289984+08:00	0x07	-0.6989	0.2144	0.6666	0.1457	186.95	265.46	330.70
2026-04-23T22:07:24.8289984+08:00	0x09	-0.7041	0.0030	0.7096	0.0254	178.18	270.49	357.71
2026-04-23T22:07:24.8289984+08:00	0x02	0.0028	-0.3625	0.9265	-0.1008	194.76	6.07	42.16
2026-04-23T22:07:24.8289984+08:00	0x03	-0.2108	0.4194	0.6274	0.6214	78.38	24.65	307.99
2026-04-23T22:07:24.8289984+08:00	0x07	-0.6890	0.2449	0.6592	0.1752	187.41	265.17	325.64
2026-04-23T22:07:24.8289984+08:00	0x06	0.0590	-0.0484	0.9966	0.0297	176.92	6.62	5.73
2026-04-23T22:07:24.8289984+08:00	0x04	0.1148	-0.2896	-0.9258	0.2142	212.01	337.33	330.86
2026-04-23T22:07:24.8289984+08:00	0x09	-0.7048	-0.0022	0.7089	0.0269	177.63	270.37	358.00
2026-04-23T22:07:24.8289984+08:00	0x02	0.0026	-0.3626	0.9263	-0.1028	195.04	6.14	42.16
2026-04-23T22:07:24.8289984+08:00	0x03	-0.2325	0.4307	0.6262	0.6068	79.13	23.97	304.75
2026-04-23T22:07:24.8289984+08:00	0x04	0.1137	-0.2991	-0.9225	0.2159	212.65	336.91	329.82
2026-04-23T22:07:24.8289984+08:00	0x08	-0.1044	-0.1848	0.6561	0.7242	83.24	336.02	5.24
2026-04-23T22:07:24.8289984+08:00	0x09	-0.7048	-0.0034	0.7089	0.0271	177.52	270.37	358.08
2026-04-23T22:07:24.8289984+08:00	0x06	0.0561	-0.0451	0.9971	0.0266	177.24	6.32	5.33
2026-04-23T22:07:24.8289984+08:00	0x04	0.1167	-0.2966	-0.9243	0.2102	211.89	336.86	330.05
2026-04-23T22:07:24.8289984+08:00	0x07	-0.6740	0.2834	0.6477	0.2141	187.98	264.73	319.02
2026-04-23T22:07:24.8289984+08:00	0x09	-0.7048	-0.0038	0.7089	0.0275	177.46	270.37	358.09
2026-04-23T22:07:24.8289984+08:00	0x02	0.0012	-0.3552	0.9289	-0.1054	195.16	5.89	41.26
2026-04-23T22:07:24.8289984+08:00	0x03	-0.2302	0.4343	0.6343	0.5968	80.88	23.65	304.35
2026-04-23T22:07:24.8289984+08:00	0x06	0.0560	-0.0451	0.9971	0.0262	177.28	6.30	5.33
2026-04-23T22:07:24.8289984+08:00	0x01	0.4288	0.1407	-0.7754	0.4417	224.70	317.63	36.66
2026-04-23T22:07:24.8289984+08:00	0x09	-0.7048	-0.0040	0.7089	0.0277	177.43	270.38	358.09
2026-04-23T22:07:24.8289984+08:00	0x02	0.0007	-0.3468	0.9315	-0.1097	195.57	5.82	40.23
2026-04-23T22:07:24.8289984+08:00	0x03	-0.2293	0.4340	0.6348	0.5968	80.95	23.64	304.45
2026-04-23T22:07:24.8289984+08:00	0x06	0.0558	-0.0448	0.9971	0.0261	177.29	6.28	5.29
2026-04-23T22:07:24.8289984+08:00	0x07	-0.6580	0.3207	0.6347	0.2476	189.11	263.96	312.87
2026-04-23T22:07:24.8289984+08:00	0x09	-0.7054	-0.0042	0.7082	0.0295	177.26	270.27	357.96
2026-04-23T22:07:24.8289984+08:00	0x03	-0.2283	0.4313	0.6318	0.6022	80.21	23.80	304.91
2026-04-23T22:07:24.8289984+08:00	0x06	0.0589	-0.0465	0.9970	0.0204	177.97	6.67	5.46
2026-04-23T22:07:24.8289984+08:00	0x04	0.1213	-0.3201	-0.9144	0.2160	213.96	334.81	327.79
2026-04-23T22:07:24.8299937+08:00	0x09	-0.7052	-0.0098	0.7083	0.0299	176.78	270.30	358.38
2026-04-23T22:07:24.8299937+08:00	0x08	-0.1110	-0.1872	0.6528	0.7256	82.91	335.29	4.78
2026-04-23T22:07:24.8299937+08:00	0x03	-0.2093	0.4438	0.6456	0.5852	82.13	25.66	305.12
2026-04-23T22:07:24.8299937+08:00	0x04	0.1201	-0.2932	-0.9305	0.1839	208.48	337.49	329.90
2026-04-23T22:07:24.8299937+08:00	0x07	-0.6483	0.3402	0.6269	0.2664	189.70	263.50	309.47
2026-04-23T22:07:24.8299937+08:00	0x09	-0.7050	-0.0081	0.7085	0.0305	176.87	270.33	358.20
2026-04-23T22:07:24.8299937+08:00	0x02	0.1296	-0.3269	0.8753	-0.3319	229.63	30.52	29.10
2026-04-23T22:07:24.8299937+08:00	0x03	-0.2104	0.4430	0.6480	0.5828	82.82	25.14	304.99
2026-04-23T22:07:24.8299937+08:00	0x01	0.3041	0.2887	-0.6945	0.5847	256.78	352.55	49.17
2026-04-23T22:07:24.8299937+08:00	0x07	-0.6427	0.3483	0.6193	0.2865	188.90	263.42	306.90
2026-04-23T22:07:24.8299937+08:00	0x09	-0.7053	-0.0086	0.7083	0.0300	176.86	270.29	358.27
2026-04-23T22:07:24.8299937+08:00	0x08	-0.1121	-0.1878	0.6526	0.7254	82.91	335.15	4.73
2026-04-23T22:07:24.8299937+08:00	0x04	0.1242	-0.2990	-0.9292	0.1783	208.17	336.87	329.25
2026-04-23T22:07:24.8299937+08:00	0x03	-0.2170	0.4481	0.6385	0.5869	80.74	26.27	304.22
2026-04-23T22:07:24.8299937+08:00	0x01	0.2435	0.2965	-0.6789	0.6260	266.72	3.29	45.03
2026-04-23T22:07:24.8299937+08:00	0x02	0.1403	-0.3198	0.8766	-0.3311	229.32	31.20	27.89
2026-04-23T22:07:24.8299937+08:00	0x07	-0.6411	0.3513	0.6175	0.2902	188.95	263.31	306.30
2026-04-23T22:07:24.8299937+08:00	0x08	-0.1151	-0.1890	0.6537	0.7237	83.15	334.82	4.61
2026-04-23T22:07:24.8299937+08:00	0x02	0.2409	-0.3830	0.8678	-0.2057	221.04	44.27	34.44
2026-04-23T22:07:24.8299937+08:00	0x04	0.1277	-0.2937	-0.9329	0.1648	206.32	337.14	329.62
2026-04-23T22:07:24.8299937+08:00	0x03	-0.2177	0.4431	0.6413	0.5874	81.60	25.21	304.50
2026-04-23T22:07:24.8299937+08:00	0x01	0.2706	0.3502	-0.7493	0.4926	243.84	354.31	52.31
2026-04-23T22:07:24.8299937+08:00	0x08	-0.1149	-0.1889	0.6540	0.7235	83.19	334.85	4.64
2026-04-23T22:07:24.8299937+08:00	0x09	-0.7052	-0.0096	0.7082	0.0320	176.62	270.30	358.20
2026-04-23T22:07:24.8299937+08:00	0x04	0.1165	-0.2979	-0.9341	0.1587	205.35	338.57	328.70
2026-04-23T22:07:24.8299937+08:00	0x01	0.3331	0.3577	-0.8328	0.2598	197.71	324.76	50.25
2026-04-23T22:07:24.8299937+08:00	0x07	-0.6394	0.3575	0.6120	0.2980	189.26	262.66	305.05
2026-04-23T22:07:24.8299937+08:00	0x09	-0.7054	-0.0086	0.7080	0.0322	176.69	270.27	358.09
2026-04-23T22:07:24.8299937+08:00	0x04	0.1169	-0.2977	-0.9341	0.1589	205.38	338.53	328.73
2026-04-23T22:07:24.8299937+08:00	0x03	-0.1581	0.4934	0.6435	0.5634	77.93	37.27	305.59
2026-04-23T22:07:24.8299937+08:00	0x01	0.3645	0.3856	-0.8182	0.2212	187.61	315.73	52.40
2026-04-23T22:07:24.8299937+08:00	0x08	-0.1142	-0.1940	0.6632	0.7138	84.56	334.52	5.41
2026-04-23T22:07:24.8299937+08:00	0x09	-0.7071	-0.0184	0.7062	0.0308	176.01	269.97	358.99
2026-04-23T22:07:24.8299937+08:00	0x06	0.0650	-0.0575	0.9962	0.0013	180.28	7.48	6.59
2026-04-23T22:07:24.8299937+08:00	0x04	0.0662	-0.5575	-0.6845	0.4650	274.35	301.25	315.43
2026-04-23T22:07:24.8299937+08:00	0x01	0.3627	0.4175	-0.7985	0.2377	188.11	315.56	57.05
2026-04-23T22:07:24.8299937+08:00	0x07	-0.6395	0.3586	0.6082	0.3041	189.05	262.34	304.39
2026-04-23T22:07:24.8299937+08:00	0x09	-0.7069	-0.0125	0.7065	0.0328	176.33	270.02	358.35
2026-04-23T22:07:24.8299937+08:00	0x05	-0.5678	0.4850	0.5296	0.4024	211.18	241.39	283.92
2026-04-23T22:07:24.8299937+08:00	0x04	0.0440	-0.6730	-0.5400	0.5035	304.39	277.11	316.96
2026-04-23T22:07:24.8299937+08:00	0x06	0.0661	-0.0584	0.9961	0.0003	180.41	7.61	6.68
2026-04-23T22:07:24.8299937+08:00	0x01	0.3637	0.4060	-0.8024	0.2430	189.72	316.41	55.92
2026-04-23T22:07:24.8299937+08:00	0x07	-0.6380	0.3603	0.6069	0.3079	188.88	262.40	303.88
2026-04-23T22:07:24.8299937+08:00	0x09	-0.7067	-0.0072	0.7068	0.0322	176.81	270.06	357.97
2026-04-23T22:07:24.8299937+08:00	0x02	0.3354	-0.4611	0.8193	0.0605	200.33	54.69	52.76
2026-04-23T22:07:24.8299937+08:00	0x06	0.0670	-0.0595	0.9960	-0.0004	180.50	7.73	6.81
2026-04-23T22:07:24.8299937+08:00	0x04	0.0043	-0.6838	-0.5192	0.5127	310.57	275.26	315.12
2026-04-23T22:07:24.8299937+08:00	0x01	0.3620	0.4032	-0.8044	0.2436	190.19	316.92	55.60
2026-04-23T22:07:24.8299937+08:00	0x07	-0.6369	0.3619	0.6059	0.3102	188.87	262.37	303.52
2026-04-23T22:07:24.8299937+08:00	0x09	-0.7066	-0.0078	0.7068	0.0323	176.75	270.07	358.02
2026-04-23T22:07:24.8299937+08:00	0x08	-0.1137	-0.1912	0.6610	0.7166	84.23	334.78	5.15
2026-04-23T22:07:24.8299937+08:00	0x06	0.0676	-0.0598	0.9959	0.0004	180.42	7.79	6.85
2026-04-23T22:07:24.8299937+08:00	0x01	0.3639	0.4022	-0.8044	0.2425	189.88	316.51	55.44
2026-04-23T22:07:24.8299937+08:00	0x07	-0.6359	0.3630	0.6052	0.3125	188.76	262.42	303.20
2026-04-23T22:07:24.8299937+08:00	0x09	-0.7065	-0.0098	0.7069	0.0331	176.53	270.09	358.11
2026-04-23T22:07:24.8299937+08:00	0x02	0.3443	-0.4355	0.8313	0.0276	202.31	55.03	48.00
2026-04-23T22:07:24.8299937+08:00	0x04	-0.0131	-0.6961	-0.5095	0.5055	314.03	272.52	313.73
2026-04-23T22:07:24.8299937+08:00	0x06	0.0677	-0.0601	0.9959	0.0013	180.32	7.80	6.88
2026-04-23T22:07:24.8299937+08:00	0x07	-0.6344	0.3655	0.6042	0.3144	188.91	262.33	302.79
2026-04-23T22:07:24.8299937+08:00	0x09	-0.7064	-0.0091	0.7070	0.0329	176.59	270.10	358.07
2026-04-23T22:07:24.8299937+08:00	0x02	0.3422	-0.4345	0.8327	0.0287	201.90	54.53	48.00
2026-04-23T22:07:24.8299937+08:00	0x04	-0.0255	-0.6929	-0.5135	0.5055	314.25	273.27	312.48
2026-04-23T22:07:24.8299937+08:00	0x01	0.3638	0.3901	-0.8108	0.2410	190.47	317.01	53.89
2026-04-23T22:07:24.8299937+08:00	0x07	-0.6339	0.3662	0.6034	0.3162	188.83	262.33	302.57
2026-04-23T22:07:24.8309915+08:00	0x09	-0.7064	-0.0092	0.7070	0.0327	176.60	270.10	358.09
2026-04-23T22:07:24.8309915+08:00	0x02	0.3491	-0.4290	0.8328	0.0225	202.56	55.38	46.91
2026-04-23T22:07:24.8309915+08:00	0x04	-0.0277	-0.6926	-0.5128	0.5065	314.49	273.31	312.40
2026-04-23T22:07:24.8309915+08:00	0x03	-0.2240	0.5547	0.7059	0.3792	108.70	20.16	287.63
2026-04-23T22:07:24.8309915+08:00	0x06	0.0682	-0.0607	0.9958	0.0022	180.23	7.85	6.96
2026-04-23T22:07:24.8309915+08:00	0x07	-0.6327	0.3681	0.6025	0.3181	188.90	262.28	302.21
2026-04-23T22:07:24.8309915+08:00	0x08	-0.1143	-0.1919	0.6628	0.7147	84.51	334.69	5.22
2026-04-23T22:07:24.8309915+08:00	0x04	-0.0260	-0.6856	-0.5195	0.5092	312.92	274.97	312.36
2026-04-23T22:07:24.8309915+08:00	0x03	-0.2251	0.5505	0.7082	0.3805	109.72	18.89	288.01
2026-04-23T22:07:24.8309915+08:00	0x01	0.3577	0.3972	-0.8098	0.2417	190.72	317.90	54.72
2026-04-23T22:07:24.8309915+08:00	0x07	-0.6317	0.3696	0.6017	0.3197	188.94	262.25	301.92
2026-04-23T22:07:24.8309915+08:00	0x08	-0.1145	-0.1920	0.6628	0.7146	84.52	334.66	5.21
2026-04-23T22:07:24.8309915+08:00	0x09	-0.7063	-0.0099	0.7071	0.0321	176.59	270.12	358.21
2026-04-23T22:07:24.8309915+08:00	0x04	-0.0267	-0.6848	-0.5193	0.5106	312.92	275.17	312.39
2026-04-23T22:07:24.8309915+08:00	0x03	-0.2250	0.5482	0.7091	0.3820	109.94	18.52	288.29
2026-04-23T22:07:24.8309915+08:00	0x01	0.3569	0.3993	-0.8098	0.2397	190.33	317.80	54.86
2026-04-23T22:07:24.8309915+08:00	0x09	-0.7063	-0.0106	0.7071	0.0320	176.55	270.11	358.27
2026-04-23T22:07:24.8309915+08:00	0x07	-0.6309	0.3707	0.6011	0.3212	188.94	262.23	301.68
2026-04-23T22:07:24.8309915+08:00	0x02	0.3538	-0.4251	0.8324	0.0362	200.72	55.18	47.16
2026-04-23T22:07:24.8309915+08:00	0x04	-0.0453	-0.6774	-0.5177	0.5206	313.91	276.76	311.53
2026-04-23T22:07:24.8309915+08:00	0x06	0.0689	-0.0616	0.9957	0.0036	180.07	7.93	7.07
2026-04-23T22:07:24.8309915+08:00	0x08	-0.1153	-0.1921	0.6625	0.7147	84.50	334.59	5.15
2026-04-23T22:07:24.8309915+08:00	0x07	-0.6304	0.3713	0.6006	0.3225	188.89	262.24	301.50
2026-04-23T22:07:24.8309915+08:00	0x04	-0.0865	-0.6687	-0.4939	0.5490	319.36	277.96	310.93
2026-04-23T22:07:24.8309915+08:00	0x03	-0.2179	0.5514	0.7049	0.3894	106.03	22.37	288.73
2026-04-23T22:07:24.8309915+08:00	0x06	0.0689	-0.0617	0.9957	0.0040	180.03	7.91	7.09
2026-04-23T22:07:24.8309915+08:00	0x08	-0.1152	-0.1919	0.6624	0.7149	84.48	334.61	5.13
2026-04-23T22:07:24.8309915+08:00	0x09	-0.7063	-0.0103	0.7071	0.0325	176.53	270.13	358.21
2026-04-23T22:07:24.8309915+08:00	0x04	-0.1052	-0.6617	-0.4786	0.5676	322.14	278.94	311.18
2026-04-23T22:07:24.8309915+08:00	0x03	-0.2155	0.5504	0.7048	0.3924	105.28	23.04	289.12
2026-04-23T22:07:24.8309915+08:00	0x07	-0.6295	0.3729	0.5998	0.3241	188.97	262.17	301.21
2026-04-23T22:07:24.8309915+08:00	0x01	0.3606	0.3880	-0.8140	0.2383	190.46	317.49	53.47
2026-04-23T22:07:24.8309915+08:00	0x08	-0.1153	-0.1918	0.6624	0.7150	84.47	334.62	5.12
2026-04-23T22:07:24.8309915+08:00	0x09	-0.7062	-0.0099	0.7071	0.0328	176.54	270.13	358.15
2026-04-23T22:07:24.8309915+08:00	0x02	0.3527	-0.4118	0.8352	0.0927	191.89	51.21	48.87
2026-04-23T22:07:24.8309915+08:00	0x01	0.3584	0.3885	-0.8146	0.2390	190.76	317.94	53.53
2026-04-23T22:07:24.8309915+08:00	0x06	0.0690	-0.0621	0.9957	0.0046	179.97	7.93	7.14
2026-04-23T22:07:24.8309915+08:00	0x08	-0.1151	-0.1916	0.6625	0.7149	84.49	334.64	5.13
2026-04-23T22:07:24.8309915+08:00	0x04	-0.1122	-0.6569	-0.4900	0.5619	320.81	280.09	309.65
2026-04-23T22:07:24.8309915+08:00	0x09	-0.7062	-0.0101	0.7072	0.0327	176.53	270.13	358.17
2026-04-23T22:07:24.8309915+08:00	0x02	0.3498	-0.4110	0.8362	0.0975	190.95	50.42	49.08
2026-04-23T22:07:24.8309915+08:00	0x01	0.3573	0.3875	-0.8158	0.2382	190.79	318.13	53.36
2026-04-23T22:07:24.8309915+08:00	0x03	-0.2132	0.5490	0.7065	0.3925	105.55	22.94	289.42
2026-04-23T22:07:24.8309915+08:00	0x08	-0.1150	-0.1916	0.6624	0.7150	84.48	334.65	5.13
2026-04-23T22:07:24.8309915+08:00	0x09	-0.7063	-0.0090	0.7071	0.0329	176.60	270.13	358.06
2026-04-23T22:07:24.8309915+08:00	0x02	0.3480	-0.4109	0.8363	0.1031	190.04	49.81	49.38
2026-04-23T22:07:24.8309915+08:00	0x03	-0.2150	0.5445	0.7104	0.3907	107.58	20.89	289.68
2026-04-23T22:07:24.8309915+08:00	0x06	0.0694	-0.0624	0.9956	0.0049	179.94	7.97	7.18
2026-04-23T22:07:24.8309915+08:00	0x01	0.3558	0.3886	-0.8162	0.2372	190.70	318.30	53.42
2026-04-23T22:07:24.8309915+08:00	0x04	-0.1039	-0.6545	-0.4973	0.5599	318.97	280.95	309.88
2026-04-23T22:07:24.8309915+08:00	0x09	-0.7062	-0.0094	0.7072	0.0329	176.57	270.13	358.10
2026-04-23T22:07:24.8309915+08:00	0x07	-0.6262	0.3781	0.5964	0.3304	189.10	261.96	300.14
2026-04-23T22:07:24.8309915+08:00	0x03	-0.2153	0.5429	0.7119	0.3901	108.27	20.22	289.80
2026-04-23T22:07:24.8309915+08:00	0x02	0.3461	-0.4078	0.8378	0.1094	188.74	48.91	49.38
2026-04-23T22:07:24.8309915+08:00	0x01	0.3589	0.3786	-0.8218	0.2291	189.78	317.58	51.88
2026-04-23T22:07:24.8309915+08:00	0x06	0.0694	-0.0625	0.9956	0.0050	179.93	7.97	7.19
2026-04-23T22:07:24.8309915+08:00	0x08	-0.1151	-0.1917	0.6627	0.7147	84.52	334.64	5.14
2026-04-23T22:07:24.8309915+08:00	0x09	-0.7062	-0.0096	0.7072	0.0328	176.55	270.13	358.12
2026-04-23T22:07:24.8309915+08:00	0x04	-0.0941	-0.6495	-0.5034	0.5621	316.98	282.32	310.57
2026-04-23T22:07:24.8309915+08:00	0x03	-0.2151	0.5425	0.7122	0.3901	108.37	20.12	289.85
2026-04-23T22:07:24.8309915+08:00	0x01	0.3566	0.3868	-0.8171	0.2358	190.51	318.11	53.16
2026-04-23T22:07:24.8309915+08:00	0x08	-0.1154	-0.1918	0.6627	0.7146	84.53	334.61	5.12
2026-04-23T22:07:24.8309915+08:00	0x04	-0.0688	-0.6482	-0.5009	0.5694	315.44	282.65	313.31
2026-04-23T22:07:24.8309915+08:00	0x09	-0.7063	-0.0108	0.7071	0.0325	176.49	270.12	358.24
2026-04-23T22:07:24.8319900+08:00	0x02	0.3433	-0.4338	0.8255	0.1120	190.68	50.43	52.47
2026-04-23T22:07:24.8319900+08:00	0x06	0.0699	-0.0630	0.9956	0.0052	179.92	8.02	7.25
2026-04-23T22:07:24.8319900+08:00	0x08	-0.1155	-0.1909	0.6617	0.7158	84.38	334.67	5.00
2026-04-23T22:07:24.8319900+08:00	0x09	-0.7063	-0.0092	0.7072	0.0316	176.69	270.12	358.20
2026-04-23T22:07:24.8319900+08:00	0x07	-0.6257	0.3781	0.5958	0.3326	188.86	262.06	299.92
2026-04-23T22:07:24.8319900+08:00	0x03	-0.2159	0.5260	0.7166	0.4041	108.85	18.12	291.83
2026-04-23T22:07:24.8319900+08:00	0x02	0.3876	-0.4997	0.7671	0.1078	204.93	67.65	58.23
2026-04-23T22:07:24.8319900+08:00	0x01	0.3505	0.4234	-0.8003	0.2396	189.35	317.86	57.74
2026-04-23T22:07:24.8319900+08:00	0x08	-0.1186	-0.1955	0.6612	0.7145	84.39	334.02	5.11
2026-04-23T22:07:24.8319900+08:00	0x04	-0.0645	-0.6617	-0.5286	0.5279	312.48	280.44	309.86
2026-04-23T22:07:24.8319900+08:00	0x03	-0.2099	0.5241	0.7152	0.4121	106.73	19.97	292.69
2026-04-23T22:07:24.8319900+08:00	0x02	0.4176	-0.4733	0.7700	0.0935	205.17	69.86	53.80
2026-04-23T22:07:24.8319900+08:00	0x01	0.3520	0.4340	-0.7982	0.2250	185.87	315.69	58.35
2026-04-23T22:07:24.8319900+08:00	0x09	-0.6517	-0.0191	0.7571	0.0407	175.03	278.62	358.61
2026-04-23T22:07:24.8319900+08:00	0x08	-0.1248	-0.1988	0.6607	0.7130	84.48	333.25	4.87
2026-04-23T22:07:24.8319900+08:00	0x04	-0.0586	-0.6712	-0.5196	0.5255	314.11	278.14	310.62
2026-04-23T22:07:24.8319900+08:00	0x05	-0.5581	0.4832	0.5190	0.4309	209.65	241.11	280.72
2026-04-23T22:07:24.8319900+08:00	0x02	0.4091	-0.4717	0.7745	0.1016	203.16	67.72	54.46
2026-04-23T22:07:24.8319900+08:00	0x01	0.3542	0.4283	-0.8029	0.2156	184.53	314.86	57.19
2026-04-23T22:07:24.8319900+08:00	0x08	-0.1264	-0.2001	0.6611	0.7120	84.59	333.01	4.85
2026-04-23T22:07:24.8319900+08:00	0x09	-0.6532	-0.0242	0.7554	0.0447	174.31	278.36	358.75
2026-04-23T22:07:24.8319900+08:00	0x07	-0.4398	0.4884	0.5032	0.5612	51.70	37.77	279.92
2026-04-23T22:07:24.8319900+08:00	0x03	-0.1987	0.5265	0.7126	0.4189	103.70	23.31	293.53
2026-04-23T22:07:24.8319900+08:00	0x06	0.0925	-0.0624	0.9937	0.0045	180.15	10.64	7.18
2026-04-23T22:07:24.8319900+08:00	0x01	0.3542	0.4248	-0.8042	0.2174	185.12	315.23	56.85
2026-04-23T22:07:24.8319900+08:00	0x08	-0.1278	-0.2027	0.6608	0.7113	84.59	332.67	4.94
2026-04-23T22:07:24.8319900+08:00	0x09	-0.6434	-0.0320	0.7636	0.0443	173.75	279.78	359.54
2026-04-23T22:07:24.8319900+08:00	0x07	-0.4461	0.4858	0.5068	0.5551	55.69	33.82	279.00
2026-04-23T22:07:24.8319900+08:00	0x03	-0.1961	0.5289	0.7103	0.4210	102.42	24.63	293.58
2026-04-23T22:07:24.8319900+08:00	0x01	0.3548	0.4247	-0.8044	0.2163	184.88	315.04	56.79
2026-04-23T22:07:24.8319900+08:00	0x07	-0.3863	0.5189	0.4445	0.6196	26.08	61.45	289.95
2026-04-23T22:07:24.8319900+08:00	0x03	-0.1938	0.5345	0.7042	0.4253	99.68	27.20	293.42
2026-04-23T22:07:24.8319900+08:00	0x04	-0.0612	-0.6645	-0.5111	0.5418	314.86	279.45	311.80
2026-04-23T22:07:24.8319900+08:00	0x05	-0.5549	0.4818	0.5246	0.4300	206.69	244.54	280.71
2026-04-23T22:07:24.8319900+08:00	0x01	0.3550	0.4231	-0.8054	0.2152	184.81	315.01	56.55
2026-04-23T22:07:24.8319900+08:00	0x08	-0.1270	-0.2008	0.6595	0.7132	84.36	332.90	4.81
2026-04-23T22:07:24.8319900+08:00	0x09	-0.6462	-0.0261	0.7615	0.0433	174.28	279.41	359.07
2026-04-23T22:07:24.8319900+08:00	0x07	-0.3522	0.5469	0.4040	0.6432	17.53	69.85	296.50
2026-04-23T22:07:24.8319900+08:00	0x03	-0.1940	0.5339	0.7051	0.4244	100.09	26.86	293.42
2026-04-23T22:07:24.8319900+08:00	0x02	0.4135	-0.4636	0.7766	0.1051	201.87	67.26	53.80
2026-04-23T22:07:24.8319900+08:00	0x01	0.3560	0.4214	-0.8059	0.2149	184.79	314.90	56.33
2026-04-23T22:07:24.8319900+08:00	0x09	-0.6476	-0.0237	0.7604	0.0431	174.48	279.21	358.86
2026-04-23T22:07:24.8319900+08:00	0x03	-0.1942	0.5337	0.7059	0.4232	100.46	26.59	293.38
2026-04-23T22:07:24.8319900+08:00	0x01	0.3570	0.4215	-0.8054	0.2151	184.71	314.71	56.36
2026-04-23T22:07:24.8319900+08:00	0x08	-0.1264	-0.2000	0.6592	0.7138	84.31	333.02	4.77
2026-04-23T22:07:24.8319900+08:00	0x04	-0.0622	-0.6617	-0.5135	0.5428	314.38	280.10	311.66
2026-04-23T22:07:24.8319900+08:00	0x03	-0.1944	0.5333	0.7061	0.4233	100.57	26.45	293.40
2026-04-23T22:07:24.8319900+08:00	0x02	0.4119	-0.4646	0.7767	0.1059	201.78	67.07	54.00
2026-04-23T22:07:24.8319900+08:00	0x01	0.3560	0.4225	-0.8055	0.2144	184.62	314.80	56.44
2026-04-23T22:07:24.8319900+08:00	0x08	-0.1265	-0.1999	0.6592	0.7138	84.30	333.02	4.76
2026-04-23T22:07:24.8319900+08:00	0x09	-0.6491	-0.0246	0.7591	0.0428	174.44	278.99	358.96
2026-04-23T22:07:24.8319900+08:00	0x07	-0.3212	0.5664	0.3675	0.6640	13.34	73.60	302.55
2026-04-23T22:07:24.8319900+08:00	0x02	0.4126	-0.4649	0.7763	0.1046	202.06	67.30	53.91
2026-04-23T22:07:24.8319900+08:00	0x04	-0.0619	-0.6612	-0.5149	0.5421	314.13	280.25	311.59
2026-04-23T22:07:24.8319900+08:00	0x03	-0.1941	0.5323	0.7071	0.4229	100.91	26.15	293.50
2026-04-23T22:07:24.8319900+08:00	0x08	-0.1255	-0.1994	0.6595	0.7139	84.31	333.14	4.80
2026-04-23T22:07:24.8319900+08:00	0x07	-0.2768	0.5932	0.3125	0.6884	8.88	77.48	311.26
2026-04-23T22:07:24.8319900+08:00	0x04	-0.0622	-0.6611	-0.5150	0.5421	314.13	280.27	311.55
2026-04-23T22:07:24.8319900+08:00	0x03	-0.1942	0.5319	0.7080	0.4220	101.27	25.87	293.49
2026-04-23T22:07:24.8319900+08:00	0x06	0.0904	-0.0655	0.9937	0.0102	179.51	10.37	7.59
2026-04-23T22:07:24.8319900+08:00	0x08	-0.1253	-0.1990	0.6594	0.7141	84.30	333.19	4.80
2026-04-23T22:07:24.8319900+08:00	0x07	-0.2626	0.6029	0.2941	0.6936	7.54	78.80	314.04
2026-04-23T22:07:24.8319900+08:00	0x09	-0.6517	-0.0266	0.7571	0.0379	174.72	278.59	359.47
2026-04-23T22:07:24.8329855+08:00	0x04	-0.0623	-0.6611	-0.5149	0.5421	314.15	280.25	311.55
2026-04-23T22:07:24.8329855+08:00	0x03	-0.1939	0.5318	0.7081	0.4220	101.29	25.88	293.52
2026-04-23T22:07:24.8329855+08:00	0x06	0.0904	-0.0656	0.9937	0.0104	179.49	10.37	7.59
2026-04-23T22:07:24.8329855+08:00	0x08	-0.1257	-0.1989	0.6587	0.7147	84.21	333.16	4.72
2026-04-23T22:07:24.8329855+08:00	0x07	-0.2591	0.6066	0.2884	0.6941	7.01	79.39	314.80
2026-04-23T22:07:24.8329855+08:00	0x03	-0.1940	0.5316	0.7083	0.4220	101.34	25.82	293.54
2026-04-23T22:07:24.8329855+08:00	0x01	0.3538	0.4263	-0.8042	0.2154	184.71	315.05	56.93
2026-04-23T22:07:24.8329855+08:00	0x02	0.4158	-0.4675	0.7735	0.1010	203.20	68.42	53.83
2026-04-23T22:07:24.8329855+08:00	0x08	-0.1259	-0.1987	0.6584	0.7150	84.16	333.17	4.68
2026-04-23T22:07:24.8329855+08:00	0x07	-0.2583	0.6111	0.2844	0.6920	6.30	80.29	315.16
2026-04-23T22:07:24.8329855+08:00	0x04	-0.0615	-0.6620	-0.5151	0.5410	314.13	280.08	311.53
2026-04-23T22:07:24.8329855+08:00	0x03	-0.1940	0.5316	0.7082	0.4221	101.31	25.84	293.54
2026-04-23T22:07:24.8329855+08:00	0x02	0.4160	-0.4677	0.7733	0.1012	203.23	68.47	53.85
2026-04-23T22:07:24.8329855+08:00	0x08	-0.1262	-0.1989	0.6580	0.7152	84.12	333.13	4.66
2026-04-23T22:07:24.8329855+08:00	0x07	-0.2567	0.6134	0.2813	0.6919	5.98	80.67	315.55
2026-04-23T22:07:24.8329855+08:00	0x09	-0.6576	-0.0228	0.7518	0.0431	174.56	277.70	358.72
2026-04-23T22:07:24.8329855+08:00	0x03	-0.1963	0.5289	0.7095	0.4224	102.06	24.85	293.61
2026-04-23T22:07:24.8329855+08:00	0x01	0.3545	0.4292	-0.8020	0.2167	184.60	314.82	57.35
2026-04-23T22:07:24.8329855+08:00	0x08	-0.1263	-0.1988	0.6577	0.7155	84.07	333.12	4.63
2026-04-23T22:07:24.8329855+08:00	0x07	-0.2562	0.6145	0.2799	0.6917	5.79	80.88	315.70
2026-04-23T22:07:24.8329855+08:00	0x09	-0.6583	-0.0224	0.7512	0.0437	174.54	277.61	358.63
2026-04-23T22:07:24.8329855+08:00	0x03	-0.1969	0.5278	0.7104	0.4218	102.52	24.39	293.64
2026-04-23T22:07:24.8329855+08:00	0x01	0.3544	0.4270	-0.8038	0.2145	184.43	314.82	56.98
2026-04-23T22:07:24.8329855+08:00	0x06	0.0899	-0.0666	0.9937	0.0107	179.46	10.30	7.71
2026-04-23T22:07:24.8329855+08:00	0x08	-0.1263	-0.1988	0.6578	0.7154	84.08	333.12	4.63
2026-04-23T22:07:24.8329855+08:00	0x04	-0.0586	-0.6610	-0.5161	0.5416	313.71	280.32	311.77
2026-04-23T22:07:24.8329855+08:00	0x09	-0.6585	-0.0222	0.7510	0.0438	174.55	277.58	358.61
2026-04-23T22:07:24.8329855+08:00	0x03	-0.1964	0.5277	0.7112	0.4209	102.77	24.25	293.67
2026-04-23T22:07:24.8329855+08:00	0x01	0.3540	0.4251	-0.8055	0.2127	184.35	314.89	56.65
2026-04-23T22:07:24.8329855+08:00	0x06	0.0898	-0.0668	0.9937	0.0107	179.47	10.30	7.74
2026-04-23T22:07:24.8329855+08:00	0x08	-0.1264	-0.1987	0.6577	0.7155	84.08	333.12	4.62
2026-04-23T22:07:24.8329855+08:00	0x04	-0.0576	-0.6603	-0.5170	0.5416	313.46	280.49	311.82
2026-04-23T22:07:24.8329855+08:00	0x09	-0.6597	-0.0220	0.7499	0.0440	174.55	277.40	358.56
2026-04-23T22:07:24.8329855+08:00	0x05	-0.5497	0.4807	0.5258	0.4362	203.90	247.28	279.90
2026-04-23T22:07:24.8329855+08:00	0x03	-0.1968	0.5269	0.7123	0.4199	103.29	23.80	293.67
2026-04-23T22:07:24.8329855+08:00	0x02	0.4118	-0.4638	0.7772	0.1058	201.68	66.96	53.92
2026-04-23T22:07:24.8329855+08:00	0x06	0.0884	-0.0688	0.9937	0.0093	179.64	10.14	7.95
2026-04-23T22:07:24.8329855+08:00	0x08	-0.1270	-0.1969	0.6566	0.7170	83.92	333.23	4.39
2026-04-23T22:07:24.8329855+08:00	0x09	-0.6742	-0.0172	0.7370	0.0453	174.84	275.19	357.96
2026-04-23T22:07:24.8329855+08:00	0x03	-0.1960	0.5275	0.7123	0.4196	103.17	24.02	293.67
2026-04-23T22:07:24.8329855+08:00	0x02	0.4102	-0.4640	0.7778	0.1067	201.45	66.64	54.03
2026-04-23T22:07:24.8329855+08:00	0x08	-0.1261	-0.1987	0.6562	0.7170	83.84	333.14	4.58
2026-04-23T22:07:24.8329855+08:00	0x04	-0.0581	-0.6600	-0.5176	0.5414	313.40	280.56	311.74
2026-04-23T22:07:24.8329855+08:00	0x09	-0.6629	-0.0186	0.7472	0.0436	174.84	276.93	358.29
2026-04-23T22:07:24.8329855+08:00	0x03	-0.1953	0.5283	0.7117	0.4198	102.87	24.37	293.65
2026-04-23T22:07:24.8329855+08:00	0x02	0.4091	-0.4663	0.7772	0.1057	201.81	66.78	54.22
2026-04-23T22:07:24.8329855+08:00	0x06	0.0900	-0.0682	0.9936	0.0099	179.58	10.32	7.89
2026-04-23T22:07:24.8329855+08:00	0x04	-0.0566	-0.6603	-0.5193	0.5397	313.09	280.55	311.69
2026-04-23T22:07:24.8329855+08:00	0x09	-0.6633	-0.0187	0.7468	0.0435	174.84	276.85	358.29
2026-04-23T22:07:24.8329855+08:00	0x03	-0.1969	0.5271	0.7128	0.4187	103.53	23.67	293.61
2026-04-23T22:07:24.8329855+08:00	0x01	0.3551	0.4239	-0.8055	0.2129	184.35	314.76	56.53
2026-04-23T22:07:24.8329855+08:00	0x06	0.0898	-0.0684	0.9936	0.0099	179.57	10.31	7.91
2026-04-23T22:07:24.8329855+08:00	0x08	-0.1257	-0.1983	0.6566	0.7168	83.88	333.21	4.60
2026-04-23T22:07:24.8329855+08:00	0x09	-0.6643	-0.0180	0.7459	0.0441	174.85	276.70	358.18
2026-04-23T22:07:24.8329855+08:00	0x05	-0.5428	0.4828	0.5248	0.4437	202.60	248.61	278.73
2026-04-23T22:07:24.8329855+08:00	0x02	0.4087	-0.4691	0.7763	0.1014	202.73	67.28	54.22
2026-04-23T22:07:24.8329855+08:00	0x04	-0.0599	-0.6603	-0.5190	0.5395	313.37	280.52	311.41
2026-04-23T22:07:24.8329855+08:00	0x09	-0.6647	-0.0179	0.7456	0.0445	174.83	276.65	358.14
2026-04-23T22:07:24.8329855+08:00	0x06	0.0896	-0.0683	0.9936	0.0100	179.56	10.28	7.90
2026-04-23T22:07:24.8329855+08:00	0x03	-0.1958	0.5281	0.7137	0.4163	103.85	23.67	293.51
2026-04-23T22:07:24.8329855+08:00	0x02	0.4100	-0.4678	0.7767	0.0994	202.90	67.41	53.91
2026-04-23T22:07:24.8329855+08:00	0x08	-0.1258	-0.1983	0.6566	0.7167	83.90	333.20	4.60
2026-04-23T22:07:24.8329855+08:00	0x09	-0.6650	-0.0174	0.7453	0.0455	174.78	276.61	358.02
2026-04-23T22:07:24.8329855+08:00	0x03	-0.1957	0.5278	0.7138	0.4167	103.83	23.66	293.57
2026-04-23T22:07:24.8329855+08:00	0x02	0.4111	-0.4665	0.7770	0.0985	202.92	67.49	53.69
2026-04-23T22:07:24.8329855+08:00	0x08	-0.1260	-0.1986	0.6568	0.7165	83.92	333.15	4.60
2026-04-23T22:07:24.8329855+08:00	0x04	-0.0585	-0.6591	-0.5203	0.5399	312.99	280.81	311.49
2026-04-23T22:07:24.8329855+08:00	0x07	-0.2636	0.6197	0.2797	0.6843	4.55	82.44	314.97
2026-04-23T22:07:24.8329855+08:00	0x03	-0.1960	0.5275	0.7143	0.4162	104.07	23.45	293.56
2026-04-23T22:07:24.8329855+08:00	0x06	0.0896	-0.0683	0.9936	0.0103	179.53	10.27	7.91
2026-04-23T22:07:24.8329855+08:00	0x01	0.3539	0.4233	-0.8069	0.2110	184.22	314.90	56.35
2026-04-23T22:07:24.8329855+08:00	0x08	-0.1261	-0.1987	0.6569	0.7163	83.95	333.14	4.61
2026-04-23T22:07:24.8329855+08:00	0x07	-0.2640	0.6198	0.2799	0.6840	4.52	82.48	314.92
2026-04-23T22:07:24.8329855+08:00	0x06	0.0896	-0.0684	0.9936	0.0105	179.51	10.27	7.92
2026-04-23T22:07:24.8329855+08:00	0x03	-0.1964	0.5271	0.7143	0.4164	104.12	23.34	293.58
2026-04-23T22:07:24.8329855+08:00	0x08	-0.1263	-0.1988	0.6567	0.7164	83.93	333.11	4.60
2026-04-23T22:07:24.8329855+08:00	0x07	-0.2647	0.6195	0.2805	0.6837	4.53	82.48	314.80
2026-04-23T22:07:24.8329855+08:00	0x05	-0.5433	0.4834	0.5242	0.4431	203.47	247.74	278.77
2026-04-23T22:07:24.8329855+08:00	0x06	0.0896	-0.0685	0.9936	0.0107	179.48	10.27	7.93
2026-04-23T22:07:24.8329855+08:00	0x01	0.3557	0.4236	-0.8058	0.2115	184.10	314.56	56.43
2026-04-23T22:07:24.8329855+08:00	0x08	-0.1263	-0.1987	0.6568	0.7164	83.94	333.13	4.59
2026-04-23T22:07:24.8329855+08:00	0x09	-0.6652	-0.0175	0.7450	0.0468	174.66	276.57	357.92
2026-04-23T22:07:24.8329855+08:00	0x03	-0.1947	0.5322	0.7117	0.4152	103.03	24.73	293.19
2026-04-23T22:07:24.8329855+08:00	0x06	0.0895	-0.0685	0.9936	0.0106	179.50	10.26	7.93
2026-04-23T22:07:24.8329855+08:00	0x01	0.3552	0.4224	-0.8060	0.2141	184.67	314.94	56.40
2026-04-23T22:07:24.8329855+08:00	0x04	-0.0871	-0.6494	-0.5437	0.5245	310.73	283.55	307.11
2026-04-23T22:07:24.8329855+08:00	0x09	-0.6659	-0.0170	0.7443	0.0472	174.67	276.47	357.85
2026-04-23T22:07:24.8329855+08:00	0x07	-0.2659	0.6201	0.2809	0.6825	4.38	82.69	314.65
2026-04-23T22:07:24.8329855+08:00	0x03	-0.1917	0.5347	0.7099	0.4163	101.93	26.01	293.24
2026-04-23T22:07:24.8344235+08:00	0x01	0.3545	0.4236	-0.8055	0.2144	184.69	315.02	56.57
2026-04-23T22:07:24.8344458+08:00	0x08	-0.1262	-0.1985	0.6572	0.7161	83.99	333.15	4.59
2026-04-23T22:07:24.8344458+08:00	0x04	-0.0860	-0.6476	-0.5465	0.5240	310.06	284.06	307.07
2026-04-23T22:07:24.8344458+08:00	0x09	-0.6665	-0.0172	0.7438	0.0469	174.67	276.38	357.89
2026-04-23T22:07:24.8344458+08:00	0x07	-0.2661	0.6206	0.2808	0.6821	4.31	82.80	314.64
2026-04-23T22:07:24.8344458+08:00	0x06	0.0893	-0.0685	0.9936	0.0104	179.52	10.23	7.94
2026-04-23T22:07:24.8344458+08:00	0x08	-0.1262	-0.1984	0.6573	0.7160	84.00	333.16	4.60
2026-04-23T22:07:24.8344458+08:00	0x04	-0.0873	-0.6488	-0.5445	0.5244	310.56	283.72	307.06
2026-04-23T22:07:24.8344458+08:00	0x09	-0.6665	-0.0172	0.7438	0.0469	174.67	276.37	357.88
2026-04-23T22:07:24.8344458+08:00	0x07	-0.2662	0.6206	0.2809	0.6820	4.30	82.81	314.63
2026-04-23T22:07:24.8344458+08:00	0x05	-0.5415	0.4783	0.5320	0.4415	197.56	254.02	279.21
2026-04-23T22:07:24.8344458+08:00	0x02	0.3951	-0.4643	0.7870	0.0949	201.55	64.32	53.69
2026-04-23T22:07:24.8344458+08:00	0x03	-0.1945	0.5284	0.7153	0.4138	104.38	23.50	293.51
2026-04-23T22:07:24.8344458+08:00	0x08	-0.1262	-0.1985	0.6573	0.7159	84.02	333.15	4.60
2026-04-23T22:07:24.8344458+08:00	0x04	-0.0754	-0.6434	-0.5475	0.5297	308.86	285.01	308.34
2026-04-23T22:07:24.8344458+08:00	0x09	-0.6667	-0.0176	0.7437	0.0466	174.67	276.35	357.94
2026-04-23T22:07:24.8344458+08:00	0x07	-0.2663	0.6207	0.2809	0.6818	4.29	82.83	314.61
2026-04-23T22:07:24.8344458+08:00	0x03	-0.1922	0.5327	0.7123	0.4147	102.93	25.09	293.33
2026-04-23T22:07:24.8344458+08:00	0x01	0.3551	0.4226	-0.8051	0.2169	185.12	315.16	56.57
2026-04-23T22:07:24.8344458+08:00	0x04	-0.0860	-0.6323	-0.5536	0.5351	307.59	287.70	307.62
2026-04-23T22:07:24.8344458+08:00	0x09	-0.6667	-0.0176	0.7437	0.0466	174.67	276.34	357.94
2026-04-23T22:07:24.8344458+08:00	0x05	-0.5401	0.4786	0.5326	0.4422	196.95	254.71	279.07
2026-04-23T22:07:24.8344458+08:00	0x07	-0.2659	0.6209	0.2806	0.6819	4.28	82.85	314.68
2026-04-23T22:07:24.8349711+08:00	0x06	0.0891	-0.0685	0.9936	0.0103	179.53	10.22	7.93
2026-04-23T22:07:24.8349711+08:00	0x03	-0.1918	0.5338	0.7119	0.4140	102.77	25.37	293.24
2026-04-23T22:07:24.8349711+08:00	0x01	0.3559	0.4199	-0.8069	0.2145	184.86	314.99	56.12
2026-04-23T22:07:24.8349711+08:00	0x04	-0.0819	-0.6282	-0.5532	0.5409	307.08	288.51	308.40
2026-04-23T22:07:24.8349711+08:00	0x09	-0.6669	-0.0169	0.7435	0.0467	174.72	276.32	357.88
2026-04-23T22:07:24.8349711+08:00	0x07	-0.2660	0.6210	0.2806	0.6818	4.27	82.87	314.66
2026-04-23T22:07:24.8349711+08:00	0x03	-0.1938	0.5327	0.7129	0.4129	103.47	24.59	293.15
2026-04-23T22:07:24.8349711+08:00	0x06	0.0892	-0.0687	0.9936	0.0104	179.52	10.23	7.96
2026-04-23T22:07:24.8349711+08:00	0x02	0.3963	-0.4650	0.7875	0.0816	203.41	65.18	52.84
2026-04-23T22:07:24.8349711+08:00	0x01	0.3580	0.4138	-0.8109	0.2074	184.01	314.46	55.05
2026-04-23T22:07:24.8349711+08:00	0x08	-0.1257	-0.1979	0.6564	0.7171	83.86	333.24	4.56
2026-04-23T22:07:24.8349711+08:00	0x07	-0.2664	0.6212	0.2808	0.6814	4.22	82.94	314.61
2026-04-23T22:07:24.8349711+08:00	0x03	-0.1939	0.5319	0.7145	0.4111	104.15	24.06	293.15
2026-04-23T22:07:24.8349711+08:00	0x01	0.3552	0.4185	-0.8094	0.2088	184.13	314.79	55.66
2026-04-23T22:07:24.8349711+08:00	0x08	-0.1256	-0.1979	0.6565	0.7170	83.87	333.25	4.57
2026-04-23T22:07:24.8349711+08:00	0x09	-0.6673	-0.0144	0.7431	0.0476	174.83	276.26	357.59
2026-04-23T22:07:24.8349711+08:00	0x07	-0.2671	0.6209	0.2815	0.6811	4.23	82.93	314.49
2026-04-23T22:07:24.8349711+08:00	0x03	-0.1906	0.5351	0.7113	0.4141	102.37	25.87	293.22
2026-04-23T22:07:24.8349711+08:00	0x02	0.4091	-0.4663	0.7811	0.0712	205.98	68.10	51.88
2026-04-23T22:07:24.8349711+08:00	0x01	0.3543	0.4196	-0.8093	0.2087	184.12	314.89	55.78
2026-04-23T22:07:24.8349711+08:00	0x08	-0.1257	-0.1979	0.6565	0.7170	83.87	333.24	4.57
2026-04-23T22:07:24.8349711+08:00	0x09	-0.6674	-0.0146	0.7430	0.0481	174.78	276.25	357.57
2026-04-23T22:07:24.8349711+08:00	0x07	-0.2673	0.6208	0.2817	0.6810	4.23	82.93	314.45
2026-04-23T22:07:24.8349711+08:00	0x05	-0.5439	0.4788	0.5321	0.4379	199.13	252.55	279.63
2026-04-23T22:07:24.8349711+08:00	0x03	-0.1899	0.5358	0.7110	0.4139	102.19	26.13	293.21
2026-04-23T22:07:24.8349711+08:00	0x06	0.0891	-0.0687	0.9936	0.0104	179.51	10.22	7.96
2026-04-23T22:07:24.8349711+08:00	0x01	0.3540	0.4198	-0.8089	0.2099	184.34	315.03	55.87
2026-04-23T22:07:24.8349711+08:00	0x08	-0.1256	-0.1977	0.6566	0.7170	83.88	333.26	4.56
2026-04-23T22:07:24.8349711+08:00	0x05	-0.5412	0.4791	0.5327	0.4402	197.87	253.88	279.27
2026-04-23T22:07:24.8349711+08:00	0x07	-0.2670	0.6210	0.2813	0.6811	4.22	82.95	314.51
2026-04-23T22:07:24.8349711+08:00	0x03	-0.1897	0.5361	0.7108	0.4139	102.08	26.26	293.19
2026-04-23T22:07:24.8349711+08:00	0x04	-0.0879	-0.6396	-0.5548	0.5248	308.14	286.17	306.68
2026-04-23T22:07:24.8349711+08:00	0x09	-0.6675	-0.0141	0.7429	0.0485	174.78	276.24	357.49
2026-04-23T22:07:24.8349711+08:00	0x07	-0.2669	0.6211	0.2812	0.6811	4.21	82.96	314.52
2026-04-23T22:07:24.8349711+08:00	0x03	-0.1947	0.5281	0.7161	0.4128	104.75	23.20	293.49
2026-04-23T22:07:24.8349711+08:00	0x02	0.4009	-0.4643	0.7864	0.0731	204.75	66.26	52.08
2026-04-23T22:07:24.8349711+08:00	0x06	0.0891	-0.0687	0.9936	0.0104	179.51	10.21	7.96
2026-04-23T22:07:24.8349711+08:00	0x09	-0.6675	-0.0146	0.7429	0.0481	174.77	276.24	357.56
2026-04-23T22:07:24.8349711+08:00	0x08	-0.1259	-0.1980	0.6566	0.7168	83.89	333.22	4.56
2026-04-23T22:07:24.8349711+08:00	0x07	-0.2672	0.6210	0.2815	0.6810	4.22	82.96	314.48
2026-04-23T22:07:24.8349711+08:00	0x03	-0.1936	0.5289	0.7150	0.4142	104.10	23.82	293.55
2026-04-23T22:07:24.8349711+08:00	0x06	0.0891	-0.0688	0.9936	0.0104	179.51	10.22	7.96
2026-04-23T22:07:24.8349711+08:00	0x04	-0.0718	-0.6333	-0.5497	0.5400	307.48	287.21	309.30
2026-04-23T22:07:24.8349711+08:00	0x08	-0.1256	-0.1977	0.6567	0.7169	83.90	333.27	4.56
2026-04-23T22:07:24.8349711+08:00	0x07	-0.2675	0.6209	0.2818	0.6808	4.21	82.96	314.43
2026-04-23T22:07:24.8349711+08:00	0x09	-0.6676	-0.0156	0.7428	0.0473	174.77	276.21	357.71
2026-04-23T22:07:24.8349711+08:00	0x03	-0.1950	0.5253	0.7173	0.4141	105.10	22.66	293.77
2026-04-23T22:07:24.8349711+08:00	0x02	0.3961	-0.4687	0.7856	0.0788	204.30	65.78	53.03
2026-04-23T22:07:24.8349711+08:00	0x01	0.3543	0.4195	-0.8096	0.2074	183.92	314.80	55.71
2026-04-23T22:07:24.8349711+08:00	0x09	-0.6693	-0.0165	0.7413	0.0477	174.67	275.95	357.74
2026-04-23T22:07:24.8349711+08:00	0x09	-0.6676	-0.0156	0.7428	0.0473	174.77	276.21	357.71
2026-04-23T22:07:24.8349711+08:00	0x07	-0.2687	0.6226	0.2815	0.6789	3.91	83.40	314.32
2026-04-23T22:07:24.8349711+08:00	0x03	-0.1943	0.5285	0.7162	0.4123	104.74	23.29	293.47
2026-04-23T22:07:24.8349711+08:00	0x06	0.0887	-0.0691	0.9936	0.0105	179.50	10.17	8.00
2026-04-23T22:07:24.8359509+08:00	0x08	-0.1256	-0.1979	0.6576	0.7160	84.04	333.26	4.61
2026-04-23T22:07:24.8359509+08:00	0x09	-0.6690	-0.0171	0.7416	0.0469	174.69	275.98	357.86
2026-04-23T22:07:24.8359509+08:00	0x09	-0.6676	-0.0156	0.7428	0.0473	174.77	276.21	357.71
2026-04-23T22:07:24.8359509+08:00	0x07	-0.2687	0.6220	0.2820	0.6793	4.01	83.26	314.28
2026-04-23T22:07:24.8359509+08:00	0x03	-0.1921	0.5322	0.7126	0.4149	103.00	25.01	293.39
2026-04-23T22:07:24.8359509+08:00	0x04	-0.0882	-0.6409	-0.5502	0.5279	309.01	285.69	307.01
2026-04-23T22:07:24.8359509+08:00	0x09	-0.6676	-0.0156	0.7428	0.0473	174.77	276.21	357.71
2026-04-23T22:07:24.8359509+08:00	0x07	-0.2690	0.6217	0.2827	0.6791	4.07	83.22	314.21
2026-04-23T22:07:24.8359509+08:00	0x03	-0.1885	0.5391	0.7079	0.4157	100.77	27.53	293.09
2026-04-23T22:07:24.8359509+08:00	0x04	-0.0882	-0.6536	-0.5421	0.5207	311.44	282.53	306.82
2026-04-23T22:07:24.8359509+08:00	0x08	-0.1254	-0.1979	0.6573	0.7163	83.99	333.27	4.62
2026-04-23T22:07:24.8359509+08:00	0x09	-0.6686	-0.0152	0.7420	0.0472	174.82	276.06	357.67
2026-04-23T22:07:24.8359509+08:00	0x07	-0.2686	0.6219	0.2822	0.6793	4.04	83.25	314.28
2026-04-23T22:07:24.8359509+08:00	0x03	-0.1913	0.5332	0.7121	0.4148	102.71	25.38	293.36
2026-04-23T22:07:24.8359509+08:00	0x02	0.3932	-0.4595	0.7926	0.0782	202.77	64.03	52.17
2026-04-23T22:07:24.8359509+08:00	0x01	0.3559	0.4129	-0.8120	0.2087	184.50	315.01	54.99
2026-04-23T22:07:24.8359509+08:00	0x08	-0.1255	-0.1978	0.6572	0.7164	83.97	333.27	4.60
2026-04-23T22:07:24.8359509+08:00	0x09	-0.6686	-0.0152	0.7420	0.0474	174.79	276.06	357.66
2026-04-23T22:07:24.8359509+08:00	0x07	-0.2692	0.6216	0.2829	0.6790	4.08	83.22	314.16
2026-04-23T22:07:24.8359509+08:00	0x03	-0.1952	0.5270	0.7180	0.4108	105.59	22.50	293.50
2026-04-23T22:07:24.8359509+08:00	0x04	-0.0709	-0.6359	-0.5450	0.5418	308.35	286.50	309.65
2026-04-23T22:07:24.8359509+08:00	0x01	0.3558	0.4134	-0.8106	0.2130	185.15	315.30	55.27
2026-04-23T22:07:24.8359509+08:00	0x08	-0.1255	-0.1980	0.6574	0.7161	84.01	333.25	4.63
2026-04-23T22:07:24.8359509+08:00	0x09	-0.6685	-0.0163	0.7421	0.0469	174.75	276.07	357.79
2026-04-23T22:07:24.8359509+08:00	0x07	-0.2694	0.6215	0.2832	0.6789	4.09	83.21	314.13
2026-04-23T22:07:24.8359509+08:00	0x03	-0.1944	0.5282	0.7169	0.4113	105.08	23.03	293.46
2026-04-23T22:07:24.8359509+08:00	0x02	0.3975	-0.4619	0.7893	0.0754	203.83	65.24	52.09
2026-04-23T22:07:24.8359509+08:00	0x08	-0.1256	-0.1980	0.6574	0.7161	84.00	333.24	4.61
2026-04-23T22:07:24.8359509+08:00	0x06	0.0887	-0.0690	0.9936	0.0110	179.45	10.16	7.99
2026-04-23T22:07:24.8359509+08:00	0x04	-0.0709	-0.6351	-0.5442	0.5436	308.42	286.63	309.79
2026-04-23T22:07:24.8359509+08:00	0x05	-0.5403	0.4769	0.5349	0.4410	195.62	256.13	279.33
2026-04-23T22:07:24.8359509+08:00	0x09	-0.6686	-0.0162	0.7420	0.0472	174.74	276.06	357.76
2026-04-23T22:07:24.8359509+08:00	0x03	-0.1947	0.5281	0.7170	0.4113	105.16	22.94	293.45
2026-04-23T22:07:24.8359509+08:00	0x04	-0.0705	-0.6348	-0.5446	0.5435	308.30	286.70	309.82
2026-04-23T22:07:24.8359509+08:00	0x01	0.3547	0.4135	-0.8118	0.2101	184.80	315.31	55.13
2026-04-23T22:07:24.8359509+08:00	0x09	-0.6685	-0.0164	0.7420	0.0471	174.73	276.07	357.78
2026-04-23T22:07:24.8359509+08:00	0x07	-0.2701	0.6212	0.2838	0.6786	4.09	83.21	314.01
2026-04-23T22:07:24.8359509+08:00	0x03	-0.1947	0.5282	0.7165	0.4119	104.94	23.10	293.46
2026-04-23T22:07:24.8359509+08:00	0x04	-0.0706	-0.6350	-0.5444	0.5436	308.35	286.66	309.82
2026-04-23T22:07:24.8359509+08:00	0x08	-0.1256	-0.1979	0.6576	0.7160	84.03	333.25	4.62
2026-04-23T22:07:24.8359509+08:00	0x06	0.0887	-0.0689	0.9936	0.0110	179.45	10.16	7.99
2026-04-23T22:07:24.8359509+08:00	0x09	-0.6689	-0.0163	0.7417	0.0471	174.73	276.01	357.78
2026-04-23T22:07:24.8359509+08:00	0x07	-0.2704	0.6217	0.2837	0.6782	4.01	83.32	313.99
2026-04-23T22:07:24.8359509+08:00	0x03	-0.1954	0.5279	0.7162	0.4126	104.87	23.04	293.45
2026-04-23T22:07:24.8359509+08:00	0x02	0.3998	-0.4623	0.7882	0.0728	204.39	65.80	51.90
2026-04-23T22:07:24.8359509+08:00	0x04	-0.0685	-0.6353	-0.5447	0.5431	308.20	286.60	309.95
2026-04-23T22:07:24.8359509+08:00	0x01	0.3557	0.4138	-0.8111	0.2106	184.75	315.12	55.19
2026-04-23T22:07:24.8359509+08:00	0x09	-0.6689	-0.0161	0.7417	0.0471	174.75	276.01	357.75
2026-04-23T22:07:24.8359509+08:00	0x07	-0.2707	0.6215	0.2841	0.6780	4.02	83.31	313.93
2026-04-23T22:07:24.8359509+08:00	0x03	-0.1954	0.5275	0.7165	0.4125	105.01	22.90	293.49
2026-04-23T22:07:24.8359509+08:00	0x02	0.3996	-0.4617	0.7886	0.0725	204.32	65.69	51.82
2026-04-23T22:07:24.8359509+08:00	0x04	-0.0697	-0.6345	-0.5449	0.5437	308.18	286.78	309.89
2026-04-23T22:07:24.8359509+08:00	0x01	0.3552	0.4131	-0.8118	0.2099	184.75	315.21	55.07
2026-04-23T22:07:24.8359509+08:00	0x09	-0.6689	-0.0166	0.7417	0.0465	174.77	276.01	357.85
2026-04-23T22:07:24.8359509+08:00	0x07	-0.2711	0.6213	0.2845	0.6779	4.04	83.29	313.85
2026-04-23T22:07:24.8359509+08:00	0x03	-0.1947	0.5273	0.7171	0.4122	105.10	22.90	293.56
2026-04-23T22:07:24.8359509+08:00	0x02	0.3983	-0.4611	0.7896	0.0719	204.22	65.42	51.77
2026-04-23T22:07:24.8359509+08:00	0x09	-0.6688	-0.0167	0.7418	0.0465	174.76	276.02	357.86
2026-04-23T22:07:24.8359509+08:00	0x01	0.3550	0.4124	-0.8125	0.2093	184.73	315.26	54.95
2026-04-23T22:07:24.8359509+08:00	0x03	-0.1945	0.5269	0.7171	0.4126	105.07	22.91	293.62
2026-04-23T22:07:24.8369471+08:00	0x08	-0.1253	-0.1982	0.6587	0.7149	84.19	333.26	4.70
2026-04-23T22:07:24.8369471+08:00	0x01	0.3545	0.4130	-0.8124	0.2092	184.72	315.30	55.02
2026-04-23T22:07:24.8369471+08:00	0x05	-0.5387	0.4774	0.5338	0.4438	195.09	256.55	278.96
2026-04-23T22:07:24.8369471+08:00	0x09	-0.6689	-0.0169	0.7417	0.0462	174.76	276.01	357.90
2026-04-23T22:07:24.8369471+08:00	0x07	-0.2714	0.6213	0.2848	0.6777	4.04	83.30	313.81
2026-04-23T22:07:24.8369471+08:00	0x02	0.3990	-0.4610	0.7894	0.0716	204.28	65.52	51.71
2026-04-23T22:07:24.8369471+08:00	0x08	-0.1254	-0.1983	0.6588	0.7148	84.22	333.24	4.70
2026-04-23T22:07:24.8369471+08:00	0x05	-0.5395	0.4788	0.5312	0.4445	196.87	254.62	278.80
2026-04-23T22:07:24.8369471+08:00	0x09	-0.6689	-0.0170	0.7417	0.0463	174.75	276.01	357.89
2026-04-23T22:07:24.8369471+08:00	0x07	-0.2717	0.6212	0.2850	0.6776	4.04	83.31	313.76
2026-04-23T22:07:24.8369471+08:00	0x08	-0.1253	-0.1982	0.6590	0.7147	84.23	333.27	4.71
2026-04-23T22:07:24.8369471+08:00	0x06	0.0887	-0.0691	0.9936	0.0112	179.42	10.16	8.00
2026-04-23T22:07:24.8369471+08:00	0x09	-0.6689	-0.0174	0.7417	0.0459	174.75	276.00	357.96
2026-04-23T22:07:24.8369471+08:00	0x07	-0.2718	0.6212	0.2851	0.6775	4.03	83.31	313.73
2026-04-23T22:07:24.8369471+08:00	0x08	-0.1252	-0.1981	0.6591	0.7146	84.25	333.28	4.71
2026-04-23T22:07:24.8369471+08:00	0x02	0.3986	-0.4605	0.7899	0.0709	204.27	65.43	51.64
2026-04-23T22:07:24.8369471+08:00	0x01	0.3540	0.4141	-0.8122	0.2086	184.58	315.29	55.12
2026-04-23T22:07:24.8369471+08:00	0x04	-0.0686	-0.6303	-0.5487	0.5448	307.21	287.76	309.96
2026-04-23T22:07:24.8369471+08:00	0x03	-0.1929	0.5285	0.7148	0.4153	103.89	23.97	293.67
2026-04-23T22:07:24.8369471+08:00	0x08	-0.1252	-0.1979	0.6592	0.7146	84.26	333.30	4.71
2026-04-23T22:07:24.8369471+08:00	0x04	-0.0812	-0.6510	-0.5477	0.5193	309.88	283.34	307.11
2026-04-23T22:07:24.8369471+08:00	0x01	0.3530	0.4164	-0.8111	0.2101	184.75	315.47	55.47
2026-04-23T22:07:24.8369471+08:00	0x09	-0.6691	-0.0179	0.7416	0.0454	174.76	275.97	358.04
2026-04-23T22:07:24.8369471+08:00	0x06	0.0886	-0.0692	0.9936	0.0113	179.41	10.15	8.01
2026-04-23T22:07:24.8369471+08:00	0x03	-0.1890	0.5339	0.7112	0.4165	101.99	26.14	293.53
2026-04-23T22:07:24.8369471+08:00	0x07	-0.2723	0.6211	0.2855	0.6771	4.02	83.34	313.66
2026-04-23T22:07:24.8369471+08:00	0x02	0.4078	-0.4643	0.7834	0.0665	206.12	67.74	51.42
2026-04-23T22:07:24.8369471+08:00	0x04	-0.0782	-0.6474	-0.5487	0.5232	309.19	284.19	307.61
2026-04-23T22:07:24.8369471+08:00	0x06	0.0886	-0.0691	0.9936	0.0113	179.41	10.15	8.01
2026-04-23T22:07:24.8369471+08:00	0x09	-0.6690	-0.0182	0.7416	0.0454	174.74	275.98	358.06
2026-04-23T22:07:24.8369471+08:00	0x07	-0.2724	0.6210	0.2857	0.6771	4.03	83.33	313.63
2026-04-23T22:07:24.8369471+08:00	0x02	0.4042	-0.4643	0.7849	0.0707	205.32	66.95	51.81
2026-04-23T22:07:24.8369471+08:00	0x04	-0.0789	-0.6459	-0.5468	0.5269	309.39	284.46	307.86
2026-04-23T22:07:24.8369471+08:00	0x06	0.0887	-0.0691	0.9936	0.0113	179.41	10.16	8.01
2026-04-23T22:07:24.8369471+08:00	0x09	-0.6693	-0.0184	0.7414	0.0452	174.74	275.94	358.09
2026-04-23T22:07:24.8369471+08:00	0x07	-0.2732	0.6220	0.2855	0.6760	3.84	83.58	313.57
2026-04-23T22:07:24.8369471+08:00	0x08	-0.1253	-0.1979	0.6592	0.7145	84.28	333.29	4.69
2026-04-23T22:07:24.8369471+08:00	0x02	0.4039	-0.4645	0.7848	0.0718	205.19	66.88	51.91
2026-04-23T22:07:24.8369471+08:00	0x06	0.0885	-0.0692	0.9936	0.0113	179.41	10.14	8.02
2026-04-23T22:07:24.8369471+08:00	0x09	-0.6699	-0.0179	0.7408	0.0459	174.72	275.84	357.99
2026-04-23T22:07:24.8369471+08:00	0x07	-0.2732	0.6217	0.2857	0.6762	3.88	83.53	313.55
2026-04-23T22:07:24.8369471+08:00	0x02	0.4035	-0.4600	0.7874	0.0753	204.07	66.07	51.74
2026-04-23T22:07:24.8369471+08:00	0x04	-0.0837	-0.6429	-0.5432	0.5335	309.99	285.00	308.03
2026-04-23T22:07:24.8369471+08:00	0x09	-0.6682	-0.0207	0.7427	0.0398	175.02	276.10	358.71
2026-04-23T22:07:24.8369471+08:00	0x07	-0.2707	0.6187	0.2863	0.6797	4.50	82.70	313.76
2026-04-23T22:07:24.8369471+08:00	0x08	-0.1239	-0.1978	0.6587	0.7153	84.15	333.40	4.78
2026-04-23T22:07:24.8369471+08:00	0x03	-0.1871	0.5335	0.7110	0.4181	101.59	26.54	293.78
2026-04-23T22:07:24.8369471+08:00	0x01	0.3537	0.4148	-0.8120	0.2086	184.55	315.30	55.20
2026-04-23T22:07:24.8369471+08:00	0x06	0.0895	-0.0683	0.9936	0.0114	179.40	10.25	7.92
2026-04-23T22:07:24.8369471+08:00	0x05	-0.5402	0.4807	0.5303	0.4426	198.87	252.75	278.87
2026-04-23T22:07:24.8369471+08:00	0x07	-0.2695	0.6177	0.2865	0.6810	4.74	82.39	313.87
2026-04-23T22:07:24.8369471+08:00	0x08	-0.1241	-0.1979	0.6582	0.7157	84.09	333.38	4.76
2026-04-23T22:07:24.8369471+08:00	0x01	0.3535	0.4142	-0.8127	0.2074	184.43	315.30	55.07
2026-04-23T22:07:24.8369471+08:00	0x06	0.0895	-0.0682	0.9936	0.0114	179.39	10.25	7.90
2026-04-23T22:07:24.8369471+08:00	0x09	-0.6659	-0.0183	0.7447	0.0410	175.09	276.46	358.43
2026-04-23T22:07:24.8369471+08:00	0x07	-0.2692	0.6182	0.2858	0.6809	4.66	82.49	313.95
2026-04-23T22:07:24.8369471+08:00	0x03	-0.1918	0.5244	0.7174	0.4166	104.56	23.24	294.19
2026-04-23T22:07:24.8369471+08:00	0x01	0.3535	0.4136	-0.8131	0.2070	184.43	315.31	54.98
2026-04-23T22:07:24.8369471+08:00	0x06	0.0894	-0.0682	0.9936	0.0114	179.39	10.24	7.91
2026-04-23T22:07:24.8369471+08:00	0x09	-0.6663	-0.0176	0.7443	0.0418	175.08	276.40	358.31
2026-04-23T22:07:24.8369471+08:00	0x07	-0.2689	0.6187	0.2853	0.6809	4.60	82.57	314.02
2026-04-23T22:07:24.8369471+08:00	0x08	-0.1241	-0.1978	0.6581	0.7158	84.07	333.39	4.74
2026-04-23T22:07:24.8379441+08:00	0x03	-0.1928	0.5238	0.7177	0.4164	104.77	22.95	294.16
2026-04-23T22:07:24.8379441+08:00	0x04	-0.0678	-0.6303	-0.5388	0.5548	308.68	287.40	311.02
2026-04-23T22:07:24.8379441+08:00	0x09	-0.6664	-0.0169	0.7442	0.0424	175.09	276.39	358.20
2026-04-23T22:07:24.8379441+08:00	0x06	0.0895	-0.0684	0.9936	0.0114	179.39	10.25	7.93
2026-04-23T22:07:24.8379441+08:00	0x01	0.3577	0.4064	-0.8167	0.1999	183.48	314.46	53.78
2026-04-23T22:07:24.8379441+08:00	0x02	0.3767	-0.4486	0.8065	0.0808	199.56	59.61	51.66
2026-04-23T22:07:24.8379441+08:00	0x08	-0.1239	-0.1976	0.6583	0.7157	84.09	333.41	4.74
2026-04-23T22:07:24.8379441+08:00	0x06	0.0894	-0.0683	0.9936	0.0114	179.39	10.24	7.92
2026-04-23T22:07:24.8379441+08:00	0x09	-0.6664	-0.0169	0.7442	0.0423	175.09	276.39	358.22
2026-04-23T22:07:24.8379441+08:00	0x07	-0.2691	0.6187	0.2854	0.6806	4.59	82.59	313.98
2026-04-23T22:07:24.8379441+08:00	0x08	-0.1238	-0.1977	0.6586	0.7154	84.14	333.41	4.78
2026-04-23T22:07:24.8379441+08:00	0x03	-0.1891	0.5301	0.7146	0.4155	103.27	24.91	293.84
2026-04-23T22:07:24.8379441+08:00	0x04	-0.0922	-0.6109	-0.5661	0.5457	304.10	292.82	307.59
2026-04-23T22:07:24.8379441+08:00	0x06	0.0894	-0.0682	0.9936	0.0114	179.39	10.24	7.91
2026-04-23T22:07:24.8379441+08:00	0x07	-0.2688	0.6188	0.2851	0.6808	4.59	82.60	314.04
2026-04-23T22:07:24.8379441+08:00	0x01	0.3549	0.4065	-0.8165	0.2050	184.51	315.31	54.04
2026-04-23T22:07:24.8379441+08:00	0x08	-0.1237	-0.1978	0.6592	0.7149	84.22	333.41	4.81
2026-04-23T22:07:24.8379441+08:00	0x06	0.0894	-0.0682	0.9936	0.0114	179.39	10.24	7.90
2026-04-23T22:07:24.8379441+08:00	0x09	-0.6664	-0.0170	0.7442	0.0425	175.07	276.39	358.21
2026-04-23T22:07:24.8379441+08:00	0x07	-0.2683	0.6191	0.2846	0.6810	4.57	82.62	314.13
2026-04-23T22:07:24.8379441+08:00	0x01	0.3542	0.4060	-0.8163	0.2083	185.14	315.71	54.13
2026-04-23T22:07:24.8379441+08:00	0x02	0.3587	-0.4473	0.8147	0.0873	197.00	55.92	52.31
2026-04-23T22:07:24.8379441+08:00	0x04	-0.0927	-0.6112	-0.5661	0.5453	304.14	292.76	307.53
2026-04-23T22:07:24.8379441+08:00	0x09	-0.6664	-0.0168	0.7442	0.0427	175.07	276.39	358.17
2026-04-23T22:07:24.8379441+08:00	0x07	-0.2677	0.6194	0.2841	0.6812	4.56	82.64	314.22
2026-04-23T22:07:24.8379441+08:00	0x08	-0.1235	-0.1978	0.6595	0.7147	84.26	333.44	4.84
2026-04-23T22:07:24.8379441+08:00	0x03	-0.1877	0.5317	0.7146	0.4140	103.17	25.29	293.74
2026-04-23T22:07:24.8379441+08:00	0x06	0.0867	-0.0661	0.9939	0.0132	179.14	9.92	7.68
2026-04-23T22:07:24.8379441+08:00	0x09	-0.6664	-0.0158	0.7441	0.0433	175.09	276.39	358.04
2026-04-23T22:07:24.8379441+08:00	0x07	-0.2670	0.6210	0.2873	0.6786	4.81	82.88	314.01
2026-04-23T22:07:24.8379441+08:00	0x05	-0.5373	0.4736	0.5253	0.4595	191.46	258.67	277.57
2026-04-23T22:07:24.8379441+08:00	0x01	0.3514	0.4435	-0.7958	0.2155	183.48	314.32	59.03
2026-04-23T22:07:24.8379441+08:00	0x08	-0.1214	-0.1990	0.6598	0.7143	84.25	333.50	5.11
2026-04-23T22:07:24.8379441+08:00	0x03	-0.1585	0.4801	0.6823	0.5281	88.10	30.76	304.67
2026-04-23T22:07:24.8379441+08:00	0x04	-0.0926	-0.6112	-0.5661	0.5453	304.14	292.76	307.53
2026-04-23T22:07:24.8379441+08:00	0x09	-0.6667	-0.0147	0.7440	0.0431	175.20	276.36	357.96
2026-04-23T22:07:24.8379441+08:00	0x06	0.0868	-0.0655	0.9940	0.0136	179.10	9.92	7.62
2026-04-23T22:07:24.8379441+08:00	0x07	-0.2615	0.6241	0.2841	0.6793	4.85	83.13	314.78
2026-04-23T22:07:24.8379441+08:00	0x01	0.3432	0.4788	-0.7862	0.1868	175.77	310.31	61.77
2026-04-23T22:07:24.8379441+08:00	0x03	-0.1882	0.3823	0.6090	0.6690	74.39	23.91	314.16
2026-04-23T22:07:24.8379441+08:00	0x04	-0.0346	-0.4141	-0.8835	0.2164	212.11	349.78	311.70
2026-04-23T22:07:24.8379441+08:00	0x06	0.0891	-0.0673	0.9937	0.0104	179.50	10.21	7.79
2026-04-23T22:07:24.8379441+08:00	0x07	-0.2637	0.6226	0.2822	0.6805	4.55	83.01	314.74
2026-04-23T22:07:24.8379441+08:00	0x08	-0.1233	-0.1971	0.6565	0.7176	83.81	333.50	4.70
2026-04-23T22:07:24.8379441+08:00	0x03	-0.1993	0.3785	0.6024	0.6740	73.57	23.07	313.57
2026-04-23T22:07:24.8379441+08:00	0x02	0.4632	-0.4920	0.7278	0.1171	210.29	81.17	55.55
2026-04-23T22:07:24.8379441+08:00	0x06	0.0894	-0.0678	0.9936	0.0099	179.56	10.25	7.84
2026-04-23T22:07:24.8379441+08:00	0x07	-0.2636	0.6227	0.2818	0.6807	4.51	83.02	314.78
2026-04-23T22:07:24.8379441+08:00	0x01	0.3426	0.4781	-0.7910	0.1687	172.88	308.99	60.67
2026-04-23T22:07:24.8379441+08:00	0x02	0.4544	-0.4994	0.7261	0.1298	209.59	80.57	57.48
2026-04-23T22:07:24.8379441+08:00	0x04	0.0663	-0.3031	-0.9421	0.1271	199.64	345.96	326.34
2026-04-23T22:07:24.8379441+08:00	0x06	0.0893	-0.0678	0.9936	0.0101	179.54	10.24	7.84
2026-04-23T22:07:24.8379441+08:00	0x09	-0.6670	-0.0137	0.7437	0.0427	175.31	276.31	357.90
2026-04-23T22:07:24.8379441+08:00	0x07	-0.2639	0.6226	0.2821	0.6806	4.51	83.02	314.73
2026-04-23T22:07:24.8379441+08:00	0x01	0.3440	0.4804	-0.7896	0.1656	171.87	308.15	60.75
2026-04-23T22:07:24.8379441+08:00	0x05	-0.5407	0.4608	0.5126	0.4822	182.04	265.11	276.34
2026-04-23T22:07:24.8379441+08:00	0x03	-0.1996	0.3760	0.6011	0.6764	73.39	22.86	313.78
2026-04-23T22:07:24.8379441+08:00	0x06	0.0886	-0.0653	0.9939	0.0119	179.31	10.14	7.58
2026-04-23T22:07:24.8379441+08:00	0x09	-0.6667	-0.0118	0.7440	0.0423	175.48	276.36	357.77
2026-04-23T22:07:24.8379441+08:00	0x08	-0.1254	-0.1984	0.6570	0.7164	83.94	333.22	4.65
2026-04-23T22:07:24.8379441+08:00	0x07	-0.2607	0.6250	0.2819	0.6796	4.65	83.28	315.03
2026-04-23T22:07:24.8379441+08:00	0x03	-0.1937	0.3703	0.8063	0.4186	125.22	359.80	310.59
2026-04-23T22:07:24.8389430+08:00	0x02	0.5115	-0.5103	0.6781	0.1347	217.47	94.54	56.09
2026-04-23T22:07:24.8389430+08:00	0x06	0.0929	-0.0699	0.9932	0.0089	179.73	10.67	8.08
2026-04-23T22:07:24.8389430+08:00	0x09	-0.6699	-0.0273	0.7406	0.0456	174.02	275.80	358.82
2026-04-23T22:07:24.8389430+08:00	0x07	-0.2662	0.6235	0.2818	0.6790	4.15	83.38	314.53
2026-04-23T22:07:24.8389430+08:00	0x03	-0.2278	0.3420	0.8187	0.4012	131.56	351.53	312.04
2026-04-23T22:07:24.8389430+08:00	0x02	0.4934	-0.5340	0.6655	0.1689	219.04	96.85	61.33
2026-04-23T22:07:24.8389430+08:00	0x06	0.0929	-0.0701	0.9932	0.0092	179.69	10.67	8.11
2026-04-23T22:07:24.8389430+08:00	0x09	-0.6695	-0.0248	0.7410	0.0451	174.26	275.88	358.64
2026-04-23T22:07:24.8389430+08:00	0x07	-0.2639	0.6237	0.2768	0.6817	3.90	83.30	315.16
2026-04-23T22:07:24.8389430+08:00	0x03	-0.2318	0.3488	0.7851	0.4564	121.51	355.99	310.61
2026-04-23T22:07:24.8389430+08:00	0x02	0.4762	-0.5453	0.6630	0.1907	218.69	96.48	64.78
2026-04-23T22:07:24.8389430+08:00	0x04	0.1562	-0.2736	-0.8387	0.4442	241.26	327.78	341.32
2026-04-23T22:07:24.8389430+08:00	0x06	0.0923	-0.0700	0.9932	0.0101	179.59	10.58	8.10
2026-04-23T22:07:24.8389430+08:00	0x09	-0.6694	-0.0220	0.7413	0.0446	174.51	275.91	358.44
2026-04-23T22:07:24.8389430+08:00	0x07	-0.2617	0.6255	0.2773	0.6807	4.03	83.51	315.32
2026-04-23T22:07:24.8389430+08:00	0x02	0.4768	-0.5440	0.6605	0.2008	217.75	96.48	65.54
2026-04-23T22:07:24.8389430+08:00	0x03	-0.2437	0.3477	0.8448	0.3256	145.12	343.83	311.73
2026-04-23T22:07:24.8389430+08:00	0x04	0.1914	-0.2467	-0.7898	0.5279	250.93	325.04	349.19
2026-04-23T22:07:24.8389430+08:00	0x06	0.0932	-0.0709	0.9931	0.0085	179.79	10.71	8.19
2026-04-23T22:07:24.8389430+08:00	0x09	-0.6701	-0.0230	0.7406	0.0446	174.44	275.80	358.53
2026-04-23T22:07:24.8389430+08:00	0x07	-0.2619	0.6253	0.2764	0.6812	3.95	83.48	315.38
2026-04-23T22:07:24.8389430+08:00	0x01	0.3415	0.5275	-0.7656	0.1379	159.80	299.11	64.40
2026-04-23T22:07:24.8389430+08:00	0x05	-0.5670	0.4513	0.4942	0.4802	195.76	248.40	277.85
2026-04-23T22:07:24.8389430+08:00	0x04	0.2035	-0.2374	-0.7901	0.5272	250.38	324.59	350.76
2026-04-23T22:07:24.8389430+08:00	0x06	0.0934	-0.0707	0.9931	0.0092	179.70	10.72	8.17
2026-04-23T22:07:24.8389430+08:00	0x09	-0.6698	-0.0218	0.7409	0.0445	174.54	275.84	358.44
2026-04-23T22:07:24.8389430+08:00	0x07	-0.2611	0.6256	0.2757	0.6815	3.95	83.48	315.50
2026-04-23T22:07:24.8389430+08:00	0x08	-0.1294	-0.1974	0.6566	0.7164	84.00	333.00	4.23
2026-04-23T22:07:24.8389430+08:00	0x02	0.4926	-0.5564	0.6360	0.2082	223.92	104.81	65.90
2026-04-23T22:07:24.8389430+08:00	0x04	0.1987	-0.2390	-0.7974	0.5173	249.13	325.04	349.89
2026-04-23T22:07:24.8389430+08:00	0x09	-0.6701	-0.0245	0.7405	0.0454	174.26	275.78	358.59
2026-04-23T22:07:24.8389430+08:00	0x07	-0.2607	0.6255	0.2728	0.6829	3.72	83.47	315.78
2026-04-23T22:07:24.8389430+08:00	0x01	0.3434	0.5374	-0.7564	0.1451	158.53	297.16	65.89
2026-04-23T22:07:24.8389430+08:00	0x08	-0.1294	-0.1973	0.6558	0.7171	83.88	333.00	4.20
2026-04-23T22:07:24.8389430+08:00	0x02	0.4738	-0.5657	0.6361	0.2256	223.98	104.37	68.98
2026-04-23T22:07:24.8389430+08:00	0x03	-0.2552	0.3307	0.8194	0.3925	134.92	346.31	312.07
2026-04-23T22:07:24.8389430+08:00	0x04	0.1640	-0.2906	-0.8356	0.4364	241.36	325.83	339.97
2026-04-23T22:07:24.8389430+08:00	0x06	0.0926	-0.0698	0.9932	0.0104	179.56	10.62	8.08
2026-04-23T22:07:24.8389430+08:00	0x09	-0.6697	-0.0203	0.7409	0.0452	174.59	275.86	358.25
2026-04-23T22:07:24.8389430+08:00	0x07	-0.2590	0.6266	0.2735	0.6823	3.88	83.56	315.88
2026-04-23T22:07:24.8389430+08:00	0x03	-0.2440	0.3578	0.8001	0.4151	129.21	351.50	309.19
2026-04-23T22:07:24.8389430+08:00	0x04	0.1666	-0.2927	-0.8243	0.4551	243.95	325.02	340.68
2026-04-23T22:07:24.8389430+08:00	0x09	-0.6699	-0.0213	0.7408	0.0454	174.50	275.84	358.33
2026-04-23T22:07:24.8389430+08:00	0x07	-0.2589	0.6267	0.2737	0.6822	3.91	83.56	315.88
2026-04-23T22:07:24.8389430+08:00	0x01	0.3456	0.5266	-0.7626	0.1471	160.84	299.01	64.81
2026-04-23T22:07:24.8389430+08:00	0x08	-0.1285	-0.1972	0.6554	0.7177	83.79	333.09	4.25
2026-04-23T22:07:24.8389430+08:00	0x02	0.4626	-0.5689	0.6387	0.2334	223.12	103.02	70.49
2026-04-23T22:07:24.8389430+08:00	0x03	-0.2623	0.3419	0.8186	0.3798	137.20	344.88	310.63
2026-04-23T22:07:24.8389430+08:00	0x09	-0.6697	-0.0201	0.7409	0.0459	174.55	275.86	358.18
2026-04-23T22:07:24.8389430+08:00	0x07	-0.2589	0.6265	0.2734	0.6824	3.88	83.54	315.90
2026-04-23T22:07:24.8389430+08:00	0x08	-0.1287	-0.1971	0.6556	0.7175	83.82	333.08	4.23
2026-04-23T22:07:24.8389430+08:00	0x05	-0.5621	0.4547	0.4934	0.4836	195.97	248.42	277.10
2026-04-23T22:07:24.8389430+08:00	0x06	0.0930	-0.0706	0.9931	0.0103	179.58	10.67	8.17
2026-04-23T22:07:24.8389430+08:00	0x09	-0.6697	-0.0192	0.7409	0.0466	174.56	275.88	358.05
2026-04-23T22:07:24.8389430+08:00	0x07	-0.2593	0.6265	0.2734	0.6823	3.85	83.55	315.86
2026-04-23T22:07:24.8389430+08:00	0x03	-0.2709	0.3354	0.8183	0.3802	137.81	343.32	310.98
2026-04-23T22:07:24.8389430+08:00	0x01	0.3433	0.5378	-0.7561	0.1457	158.54	297.13	65.97
2026-04-23T22:07:24.8389430+08:00	0x06	0.0933	-0.0714	0.9930	0.0094	179.69	10.71	8.25
2026-04-23T22:07:24.8389430+08:00	0x04	0.1933	-0.2754	-0.7879	0.5157	251.01	322.73	346.43
2026-04-23T22:07:24.8399401+08:00	0x09	-0.6709	-0.0215	0.7398	0.0463	174.41	275.67	358.26
2026-04-23T22:07:24.8399401+08:00	0x07	-0.2594	0.6271	0.2696	0.6832	3.41	83.73	316.17
2026-04-23T22:07:24.8399401+08:00	0x01	0.3455	0.5422	-0.7535	0.1377	155.93	295.02	65.81
2026-04-23T22:07:24.8399401+08:00	0x08	-0.1308	-0.1980	0.6570	0.7156	84.10	332.84	4.18
2026-04-23T22:07:24.8399401+08:00	0x02	0.4784	-0.5801	0.6145	0.2387	230.84	112.79	70.28
2026-04-23T22:07:24.8399401+08:00	0x06	0.0944	-0.0730	0.9928	0.0093	179.73	10.85	8.43
2026-04-23T22:07:24.8399401+08:00	0x09	-0.6711	-0.0245	0.7395	0.0460	174.20	275.63	358.54
2026-04-23T22:07:24.8399401+08:00	0x01	0.3416	0.5480	-0.7513	0.1359	154.85	294.49	66.40
2026-04-23T22:07:24.8399401+08:00	0x07	-0.2608	0.6268	0.2718	0.6821	3.50	83.74	315.85
2026-04-23T22:07:24.8399401+08:00	0x08	-0.1305	-0.1974	0.6558	0.7169	83.91	332.91	4.11
2026-04-23T22:07:24.8399401+08:00	0x03	-0.2823	0.3298	0.8696	0.2353	161.64	331.68	315.06
2026-04-23T22:07:24.8399401+08:00	0x06	0.0946	-0.0730	0.9928	0.0097	179.69	10.86	8.44
2026-04-23T22:07:24.8399401+08:00	0x09	-0.6717	-0.0257	0.7389	0.0460	174.12	275.53	358.63
2026-04-23T22:07:24.8399401+08:00	0x07	-0.2608	0.6274	0.2713	0.6817	3.41	83.87	315.89
2026-04-23T22:07:24.8399401+08:00	0x08	-0.1315	-0.1973	0.6565	0.7161	84.05	332.85	4.06
2026-04-23T22:07:24.8399401+08:00	0x03	-0.2887	0.3237	0.8789	0.1985	167.17	328.71	316.87
2026-04-23T22:07:24.8399401+08:00	0x06	0.0942	-0.0732	0.9928	0.0101	179.63	10.81	8.47
2026-04-23T22:07:24.8399401+08:00	0x04	0.1808	-0.2796	-0.8304	0.4468	242.21	324.75	342.38
2026-04-23T22:07:24.8399401+08:00	0x09	-0.6715	-0.0280	0.7390	0.0466	173.89	275.54	358.78
2026-04-23T22:07:24.8399401+08:00	0x01	0.3410	0.5405	-0.7560	0.1416	157.63	296.79	66.04
2026-04-23T22:07:24.8399401+08:00	0x07	-0.2608	0.6279	0.2734	0.6805	3.57	83.94	315.72
2026-04-23T22:07:24.8399401+08:00	0x03	-0.2513	0.3340	0.8226	0.3855	135.81	346.52	311.99
2026-04-23T22:07:24.8399401+08:00	0x02	0.4586	-0.5749	0.6265	0.2583	224.75	106.39	73.18
2026-04-23T22:07:24.8399401+08:00	0x09	-0.6715	-0.0251	0.7391	0.0467	174.10	275.57	358.53
2026-04-23T22:07:24.8399401+08:00	0x06	0.0933	-0.0725	0.9929	0.0104	179.58	10.70	8.39
2026-04-23T22:07:24.8399401+08:00	0x07	-0.2604	0.6282	0.2715	0.6811	3.41	83.99	315.91
2026-04-23T22:07:24.8399401+08:00	0x08	-0.1275	-0.1965	0.6547	0.7187	83.65	333.21	4.25
2026-04-23T22:07:24.8399401+08:00	0x03	-0.2467	0.3712	0.8028	0.3961	132.20	350.40	307.69
2026-04-23T22:07:24.8399401+08:00	0x06	0.0920	-0.0716	0.9931	0.0111	179.49	10.55	8.30
2026-04-23T22:07:24.8399401+08:00	0x04	0.0910	-0.5041	-0.6730	0.5336	275.48	305.73	324.45
2026-04-23T22:07:24.8399401+08:00	0x07	-0.2598	0.6284	0.2711	0.6813	3.42	84.00	316.00
2026-04-23T22:07:24.8399401+08:00	0x03	-0.2503	0.4689	0.7649	0.3639	132.54	354.53	295.91
2026-04-23T22:07:24.8399401+08:00	0x02	0.3930	-0.5601	0.6866	0.2457	202.22	76.47	74.22
2026-04-23T22:07:24.8399401+08:00	0x01	0.3450	0.4941	-0.7778	0.1784	171.93	307.20	63.10
2026-04-23T22:07:24.8399401+08:00	0x09	-0.6702	-0.0326	0.7397	0.0515	173.12	275.72	358.81
2026-04-23T22:07:24.8399401+08:00	0x06	0.0896	-0.0703	0.9934	0.0123	179.31	10.26	8.16
2026-04-23T22:07:24.8399401+08:00	0x04	0.0939	-0.4980	-0.6786	0.5317	274.30	306.52	324.83
2026-04-23T22:07:24.8399401+08:00	0x01	0.3525	0.4405	-0.7947	0.2240	185.08	315.04	59.10
2026-04-23T22:07:24.8399401+08:00	0x08	-0.1263	-0.1972	0.6546	0.7188	83.61	333.25	4.39
2026-04-23T22:07:24.8399401+08:00	0x02	0.3316	-0.5360	0.7499	0.2008	188.94	53.92	69.58
2026-04-23T22:07:24.8399401+08:00	0x06	0.0883	-0.0704	0.9935	0.0114	179.41	10.11	8.16
2026-04-23T22:07:24.8399401+08:00	0x04	0.0070	-0.6644	-0.5117	0.5447	310.05	279.09	317.75
2026-04-23T22:07:24.8399401+08:00	0x07	-0.2591	0.6317	0.2698	0.6790	3.10	84.63	316.16
2026-04-23T22:07:24.8399401+08:00	0x03	-0.2289	0.5307	0.7307	0.3634	120.94	8.76	289.62
2026-04-23T22:07:24.8399401+08:00	0x02	0.3506	-0.5186	0.7620	0.1658	195.25	59.17	65.04
2026-04-23T22:07:24.8399401+08:00	0x06	0.0884	-0.0711	0.9935	0.0108	179.49	10.14	8.24
2026-04-23T22:07:24.8399401+08:00	0x04	-0.0048	-0.6661	-0.5066	0.5474	311.60	278.83	317.15
2026-04-23T22:07:24.8399401+08:00	0x07	-0.2602	0.6312	0.2708	0.6786	3.12	84.59	315.97
2026-04-23T22:07:24.8399401+08:00	0x01	0.3565	0.4311	-0.7953	0.2334	187.01	315.64	58.45
2026-04-23T22:07:24.8399401+08:00	0x03	-0.2218	0.5364	0.7276	0.3656	118.14	12.01	289.48
2026-04-23T22:07:24.8399401+08:00	0x02	0.3643	-0.5052	0.7703	0.1366	199.22	62.10	61.39
2026-04-23T22:07:24.8399401+08:00	0x06	0.0880	-0.0707	0.9935	0.0115	179.40	10.08	8.19
2026-04-23T22:07:24.8399401+08:00	0x09	-0.6725	-0.0167	0.7380	0.0536	174.17	275.46	357.29
2026-04-23T22:07:24.8399401+08:00	0x04	-0.0945	-0.6446	-0.5745	0.4955	305.74	285.92	303.46
2026-04-23T22:07:24.8399401+08:00	0x07	-0.2606	0.6313	0.2723	0.6778	3.21	84.62	315.80
2026-04-23T22:07:24.8399401+08:00	0x08	-0.1268	-0.1972	0.6552	0.7181	83.71	333.21	4.37
2026-04-23T22:07:24.8399401+08:00	0x06	0.0880	-0.0708	0.9935	0.0113	179.42	10.08	8.20
2026-04-23T22:07:24.8399401+08:00	0x09	-0.6725	-0.0170	0.7379	0.0543	174.08	275.44	357.25
2026-04-23T22:07:24.8399401+08:00	0x04	-0.0923	-0.6407	-0.5677	0.5086	306.39	286.49	304.78
2026-04-23T22:07:24.8399401+08:00	0x07	-0.2616	0.6309	0.2730	0.6775	3.19	84.62	315.66
2026-04-23T22:07:24.8399401+08:00	0x03	-0.2130	0.5447	0.7213	0.3710	113.43	17.05	289.29
2026-04-23T22:07:24.8409377+08:00	0x06	0.0880	-0.0707	0.9935	0.0111	179.44	10.08	8.19
2026-04-23T22:07:24.8409377+08:00	0x09	-0.6728	-0.0174	0.7377	0.0540	174.08	275.40	357.31
2026-04-23T22:07:24.8409377+08:00	0x07	-0.2626	0.6311	0.2736	0.6767	3.12	84.73	315.51
2026-04-23T22:07:24.8409377+08:00	0x02	0.3978	-0.4882	0.7719	0.0868	206.59	68.66	55.36
2026-04-23T22:07:24.8409377+08:00	0x08	-0.1264	-0.1975	0.6562	0.7172	83.84	333.22	4.47
2026-04-23T22:07:24.8409377+08:00	0x06	0.0880	-0.0699	0.9936	0.0116	179.38	10.08	8.11
2026-04-23T22:07:24.8409377+08:00	0x09	-0.6718	-0.0203	0.7388	0.0493	174.25	275.55	357.93
2026-04-23T22:07:24.8409377+08:00	0x07	-0.2615	0.6296	0.2748	0.6781	3.49	84.32	315.52
2026-04-23T22:07:24.8409377+08:00	0x01	0.3563	0.4304	-0.7970	0.2295	186.43	315.40	58.16
2026-04-23T22:07:24.8409377+08:00	0x08	-0.1264	-0.1977	0.6561	0.7173	83.83	333.20	4.48
2026-04-23T22:07:24.8409377+08:00	0x06	0.0881	-0.0699	0.9936	0.0114	179.41	10.09	8.10
2026-04-23T22:07:24.8409377+08:00	0x03	-0.2032	0.5491	0.7154	0.3814	108.22	22.15	289.85
2026-04-23T22:07:24.8409377+08:00	0x09	-0.6716	-0.0204	0.7390	0.0491	174.26	275.57	357.95
2026-04-23T22:07:24.8409377+08:00	0x07	-0.2618	0.6294	0.2750	0.6780	3.49	84.32	315.48
2026-04-23T22:07:24.8409377+08:00	0x01	0.3560	0.4311	-0.7971	0.2282	186.19	315.32	58.19
2026-04-23T22:07:24.8409377+08:00	0x04	-0.1037	-0.6440	-0.5689	0.5009	307.19	285.80	303.21
2026-04-23T22:07:24.8409377+08:00	0x03	-0.2015	0.5496	0.7140	0.3841	107.13	23.14	290.01
2026-04-23T22:07:24.8409377+08:00	0x06	0.0881	-0.0700	0.9936	0.0116	179.38	10.09	8.11
2026-04-23T22:07:24.8409377+08:00	0x04	-0.0963	-0.6479	-0.5635	0.5034	308.05	284.62	304.19
2026-04-23T22:07:24.8409377+08:00	0x07	-0.2625	0.6291	0.2757	0.6777	3.50	84.30	315.36
2026-04-23T22:07:24.8409377+08:00	0x02	0.4069	-0.4807	0.7733	0.0738	207.73	69.68	53.46
2026-04-23T22:07:24.8409377+08:00	0x08	-0.1263	-0.1977	0.6562	0.7172	83.85	333.21	4.49
2026-04-23T22:07:24.8409377+08:00	0x03	-0.2021	0.5468	0.7149	0.3861	107.43	22.58	290.30
2026-04-23T22:07:24.8409377+08:00	0x04	-0.0598	-0.6589	-0.5388	0.5216	310.47	281.32	309.44
2026-04-23T22:07:24.8409377+08:00	0x09	-0.6716	-0.0195	0.7390	0.0497	174.27	275.58	357.83
2026-04-23T22:07:24.8409377+08:00	0x07	-0.2628	0.6291	0.2760	0.6775	3.49	84.31	315.31
2026-04-23T22:07:24.8409377+08:00	0x01	0.3619	0.4232	-0.7996	0.2251	185.67	314.39	57.10
2026-04-23T22:07:24.8409377+08:00	0x02	0.4070	-0.4756	0.7770	0.0657	207.87	69.23	52.43
2026-04-23T22:07:24.8409377+08:00	0x08	-0.1263	-0.1975	0.6563	0.7171	83.86	333.23	4.48
2026-04-23T22:07:24.8409377+08:00	0x03	-0.2094	0.5356	0.7213	0.3860	111.09	18.21	290.89
2026-04-23T22:07:24.8409377+08:00	0x09	-0.6716	-0.0196	0.7389	0.0500	174.25	275.57	357.81
2026-04-23T22:07:24.8409377+08:00	0x07	-0.2639	0.6287	0.2770	0.6771	3.50	84.31	315.12
2026-04-23T22:07:24.8409377+08:00	0x01	0.3617	0.4234	-0.8002	0.2226	185.27	314.22	57.00
2026-04-23T22:07:24.8409377+08:00	0x02	0.4072	-0.4749	0.7775	0.0647	207.89	69.19	52.29
2026-04-23T22:07:24.8409377+08:00	0x08	-0.1255	-0.1977	0.6563	0.7173	83.83	333.28	4.56
2026-04-23T22:07:24.8409377+08:00	0x06	0.0869	-0.0694	0.9937	0.0125	179.26	9.95	8.05
2026-04-23T22:07:24.8409377+08:00	0x04	-0.0610	-0.5004	-0.7703	0.3906	250.26	328.87	305.06
2026-04-23T22:07:24.8409377+08:00	0x09	-0.6719	-0.0169	0.7388	0.0494	174.50	275.54	357.63
2026-04-23T22:07:24.8409377+08:00	0x07	-0.2630	0.6297	0.2783	0.6759	3.65	84.44	315.09
2026-04-23T22:07:24.8409377+08:00	0x02	0.4418	-0.4807	0.7528	0.0841	209.65	75.84	52.94
2026-04-23T22:07:24.8409377+08:00	0x03	-0.1520	0.3641	0.6111	0.6863	74.12	24.52	319.19
2026-04-23T22:07:24.8409377+08:00	0x06	0.0875	-0.0691	0.9937	0.0118	179.34	10.02	8.01
2026-04-23T22:07:24.8409377+08:00	0x04	-0.0611	-0.5059	-0.7643	0.3951	252.03	327.48	304.75
2026-04-23T22:07:24.8409377+08:00	0x09	-0.6716	-0.0202	0.7389	0.0504	174.16	275.57	357.83
2026-04-23T22:07:24.8409377+08:00	0x01	0.3555	0.4755	-0.7834	0.1842	174.11	307.71	61.15
2026-04-23T22:07:24.8409377+08:00	0x08	-0.1267	-0.1985	0.6557	0.7174	83.78	333.11	4.50
2026-04-23T22:07:24.8409377+08:00	0x04	0.0990	-0.3059	-0.9356	0.1458	203.40	340.92	327.07
2026-04-23T22:07:24.8409377+08:00	0x06	0.0889	-0.0707	0.9935	0.0101	179.56	10.20	8.18
2026-04-23T22:07:24.8409377+08:00	0x09	-0.6716	-0.0180	0.7390	0.0498	174.38	275.59	357.70
2026-04-23T22:07:24.8409377+08:00	0x01	0.3508	0.4797	-0.7833	0.1822	173.83	308.08	61.57
2026-04-23T22:07:24.8409377+08:00	0x07	-0.2657	0.6281	0.2780	0.6765	3.44	84.33	314.87
2026-04-23T22:07:24.8409377+08:00	0x02	0.4565	-0.4889	0.7346	0.1140	209.35	79.35	55.32
2026-04-23T22:07:24.8409377+08:00	0x08	-0.1260	-0.1971	0.6539	0.7195	83.49	333.28	4.39
2026-04-23T22:07:24.8409377+08:00	0x03	-0.1932	0.3635	0.6123	0.6750	75.65	21.02	315.09
2026-04-23T22:07:24.8409377+08:00	0x09	-0.6716	-0.0170	0.7391	0.0494	174.49	275.59	357.64
2026-04-23T22:07:24.8409377+08:00	0x07	-0.2674	0.6275	0.2789	0.6760	3.38	84.32	314.64
2026-04-23T22:07:24.8409377+08:00	0x01	0.3502	0.4795	-0.7858	0.1733	172.48	307.53	61.03
2026-04-23T22:07:24.8409377+08:00	0x08	-0.1259	-0.1968	0.6539	0.7196	83.48	333.31	4.37
2026-04-23T22:07:24.8409377+08:00	0x06	0.0891	-0.0714	0.9934	0.0091	179.69	10.23	8.25
2026-04-23T22:07:24.8409377+08:00	0x09	-0.6717	-0.0178	0.7390	0.0493	174.44	275.57	357.71
2026-04-23T22:07:24.8419338+08:00	0x01	0.3429	0.5025	-0.7732	0.1789	171.04	306.55	64.14
2026-04-23T22:07:24.8419338+08:00	0x03	-0.2026	0.3621	0.5983	0.6854	73.31	21.18	314.68
2026-04-23T22:07:24.8419338+08:00	0x08	-0.1265	-0.1971	0.6544	0.7189	83.58	333.24	4.36
2026-04-23T22:07:24.9195563+08:00	0x06	0.0898	-0.0720	0.9933	0.0094	179.67	10.31	8.32
2026-04-23T22:07:25.0298507+08:00	0x04	0.1121	-0.2851	-0.9425	0.1334	201.46	340.52	329.51
2026-04-23T22:07:25.0735706+08:00	0x09	-0.6717	-0.0179	0.7390	0.0492	174.44	275.57	357.73
2026-04-23T22:07:25.1345280+08:00	0x07	-0.2706	0.6258	0.2811	0.6754	3.37	84.21	314.16
2026-04-23T22:07:25.2007792+08:00	0x01	0.3424	0.5003	-0.7767	0.1708	170.06	306.27	63.40
2026-04-23T22:07:25.2597547+08:00	0x03	-0.2033	0.3623	0.5970	0.6863	73.08	21.24	314.63
2026-04-23T22:07:25.2745351+08:00	0x02	0.4878	-0.4901	0.7042	0.1610	208.26	85.28	57.93
2026-04-23T22:07:25.4891403+08:00	0x06	0.0902	-0.0723	0.9932	0.0100	179.61	10.35	8.36
2026-04-23T22:07:25.5438220+08:00	0x09	-0.6716	-0.0179	0.7390	0.0491	174.45	275.58	357.74
2026-04-23T22:07:25.5739675+08:00	0x04	0.1210	-0.2668	-0.9442	0.1507	203.27	339.55	332.14
2026-04-23T22:07:25.6818406+08:00	0x01	0.3429	0.4934	-0.7819	0.1661	170.27	306.75	62.31
2026-04-23T22:07:25.7221130+08:00	0x02	0.4605	-0.5007	0.7080	0.1900	204.24	80.82	62.11
2026-04-23T22:07:25.8035944+08:00	0x03	-0.2020	0.3649	0.5968	0.6855	72.93	21.67	314.56
2026-04-23T22:07:25.8426936+08:00	0x08	-0.1266	-0.1970	0.6547	0.7187	83.63	333.24	4.36
2026-04-23T22:07:25.9238666+08:00	0x07	-0.2727	0.6249	0.2830	0.6745	3.38	84.19	313.81
2026-04-23T22:07:26.0887276+08:00	0x09	-0.6716	-0.0170	0.7390	0.0493	174.50	275.59	357.65
2026-04-23T22:07:26.1336322+08:00	0x04	0.1276	-0.2796	-0.9391	0.1538	204.34	338.12	330.92
2026-04-23T22:07:26.3205073+08:00	0x07	-0.2735	0.6248	0.2848	0.6736	3.49	84.19	313.58
2026-04-23T22:07:26.3741478+08:00	0x08	-0.1263	-0.1967	0.6543	0.7192	83.56	333.29	4.35
2026-04-23T22:07:26.5353070+08:00	0x03	-0.1969	0.3707	0.5966	0.6840	72.56	22.79	314.63
2026-04-23T22:07:26.5910649+08:00	0x09	-0.6716	-0.0170	0.7391	0.0487	174.55	275.59	357.70
2026-04-23T22:07:26.6871195+08:00	0x04	0.1282	-0.2802	-0.9384	0.1563	204.70	337.94	330.93
2026-04-23T22:07:26.7987279+08:00	0x02	0.4282	-0.5091	0.7139	0.2186	197.78	73.52	66.08
2026-04-23T22:07:26.8523977+08:00	0x03	-0.2003	0.3713	0.5946	0.6844	72.27	22.76	314.29
