timestamp	device	q0	q1	q2	q3	yaw	pitch	roll
2026-06-18T21:44:30.3896186+08:00	0x02	0.0974	-0.4811	0.3866	-0.7808	314.37	57.92	12.70
2026-06-18T21:44:30.5481016+08:00	0x01	0.1929	0.3867	-0.4773	0.7651	308.95	33.05	41.63
2026-06-18T21:44:30.7514143+08:00	0x03	-0.0753	0.4698	0.3888	0.7889	38.34	51.28	331.05
2026-06-18T21:44:30.8773368+08:00	0x04	-0.1462	-0.3369	0.1418	-0.9192	349.98	38.36	21.37
2026-06-18T21:44:31.0628418+08:00	0x01	0.1923	0.3863	-0.4764	0.7660	309.09	33.08	41.51
2026-06-18T21:44:31.3444649+08:00	0x03	-0.0750	0.4699	0.3853	0.7906	37.91	51.40	331.26
2026-06-18T21:44:31.4615106+08:00	0x02	0.0942	-0.4809	0.3923	-0.7784	313.88	57.71	13.34
2026-06-18T21:44:31.5380148+08:00	0x01	0.1918	0.3877	-0.4718	0.7683	309.86	33.53	41.34
2026-06-18T21:44:31.8781187+08:00	0x03	-0.0778	0.4719	0.3848	0.7895	37.67	51.62	330.93
2026-06-18T21:44:31.9665790+08:00	0x04	-0.1288	-0.3461	0.1039	-0.9235	353.79	40.10	18.05
2026-06-18T21:44:32.1114984+08:00	0x01	0.1906	0.3861	-0.4701	0.7705	310.07	33.46	41.05
2026-06-18T21:44:32.4279580+08:00	0x03	-0.0770	0.4716	0.3825	0.7908	37.42	51.67	331.15
2026-06-18T21:44:32.5569141+08:00	0x04	-0.1257	-0.3471	0.0927	-0.9247	354.94	40.38	17.27
2026-06-18T21:44:32.6320817+08:00	0x01	0.1906	0.3861	-0.4700	0.7705	310.08	33.47	41.05
2026-06-18T21:44:32.6956890+08:00	0x02	0.0905	-0.4812	0.3971	-0.7763	313.53	57.56	13.99
2026-06-18T21:44:33.0113612+08:00	0x03	-0.0757	0.4713	0.3834	0.7906	37.61	51.63	331.24
2026-06-18T21:44:33.0669021+08:00	0x04	-0.1247	-0.3468	0.0847	-0.9257	355.79	40.45	16.84
2026-06-18T21:44:33.2290903+08:00	0x01	0.1908	0.3867	-0.4683	0.7712	310.37	33.63	41.03
2026-06-18T21:44:33.5631768+08:00	0x03	-0.0755	0.4706	0.3850	0.7903	37.84	51.49	331.20
2026-06-18T21:44:33.5949592+08:00	0x02	0.0862	-0.4793	0.3971	-0.7779	313.72	57.15	14.27
2026-06-18T21:44:33.7305781+08:00	0x01	0.1896	0.3844	-0.4613	0.7769	311.35	33.73	40.48
2026-06-18T21:44:34.0961805+08:00	0x03	-0.0179	0.4565	0.4337	0.7766	46.53	49.97	334.92
2026-06-18T21:44:34.1515979+08:00	0x04	-0.2086	-0.2695	-0.1560	-0.9271	24.92	36.33	17.62
2026-06-18T21:44:34.3213108+08:00	0x01	0.0293	0.3696	-0.5211	0.7687	300.29	36.57	25.49
2026-06-18T21:44:34.6368482+08:00	0x03	0.0510	0.4693	0.6751	0.5668	84.16	47.31	324.84
2026-06-18T21:44:34.7465983+08:00	0x04	-0.2331	-0.1281	-0.4379	-0.8587	57.98	26.29	16.75
2026-06-18T21:44:34.8839514+08:00	0x01	0.0216	0.3793	-0.8866	0.2640	218.26	12.83	43.15
2026-06-18T21:44:35.2208545+08:00	0x03	-0.0309	0.4415	0.8581	0.2605	138.50	16.23	309.30
2026-06-18T21:44:35.3125430+08:00	0x02	0.0311	-0.4115	0.9102	-0.0360	187.88	7.46	48.31
2026-06-18T21:44:35.7619864+08:00	0x03	-0.0608	0.4380	0.8785	0.1806	154.40	4.82	307.66
2026-06-18T21:44:35.8276464+08:00	0x04	-0.1805	-0.0139	-0.0674	-0.9812	8.44	3.16	20.63
2026-06-18T21:44:35.8652150+08:00	0x01	0.1106	0.3530	-0.9275	-0.0540	166.55	341.48	40.00
2026-06-18T21:44:36.2995811+08:00	0x03	-0.0828	0.4369	0.8869	0.1252	165.69	356.45	307.28
2026-06-18T21:44:36.3960640+08:00	0x04	-0.1868	0.0147	0.0832	-0.9788	349.59	356.32	21.30
2026-06-18T21:44:36.4515402+08:00	0x01	0.1278	0.3394	-0.9254	-0.1101	158.71	337.11	36.87
2026-06-18T21:44:36.7897762+08:00	0x03	-0.0924	0.4337	0.8918	0.0902	172.42	351.89	307.80
2026-06-18T21:44:36.9335962+08:00	0x04	-0.1824	0.0371	0.1784	-0.9662	337.61	351.64	19.83
2026-06-18T21:44:37.0625128+08:00	0x01	0.1266	0.3230	-0.9254	-0.1526	153.94	336.33	34.00
2026-06-18T21:44:37.3507081+08:00	0x03	-0.0981	0.4305	0.8949	0.0648	177.09	348.89	308.45
2026-06-18T21:44:37.4517617+08:00	0x02	-0.0032	-0.3894	0.9210	0.0034	179.29	359.30	45.84
2026-06-18T21:44:37.4956561+08:00	0x04	-0.1788	0.0495	0.2655	-0.9461	326.81	348.55	18.18
2026-06-18T21:44:37.6286952+08:00	0x01	0.1322	0.3249	-0.9215	-0.1666	151.81	334.98	33.69
2026-06-18T21:44:37.9320527+08:00	0x03	-0.1093	0.4349	0.8923	0.0511	180.36	345.85	308.06
2026-06-18T21:44:38.0665242+08:00	0x02	-0.0023	-0.3923	0.9198	0.0008	179.73	359.60	46.19
2026-06-18T21:44:43.7079031+08:00	0x03	-0.1141	0.4349	0.8921	0.0439	181.94	344.49	308.18
2026-06-18T21:44:43.7079031+08:00	0x04	-0.1696	0.0709	0.3527	-0.9175	315.93	345.00	15.14
2026-06-18T21:44:43.7079031+08:00	0x03	-0.1151	0.4343	0.8925	0.0396	182.70	343.99	308.34
2026-06-18T21:44:43.7079031+08:00	0x04	-0.1631	0.0759	0.3793	-0.9076	312.74	344.38	13.79
2026-06-18T21:44:43.7079031+08:00	0x03	-0.1169	0.4332	0.8930	0.0344	183.66	343.32	308.58
2026-06-18T21:44:43.7079031+08:00	0x04	-0.1591	0.0790	0.3989	-0.8996	310.36	343.98	12.90
2026-06-18T21:44:43.7079031+08:00	0x01	0.1373	0.3263	-0.9159	-0.1895	148.60	333.41	33.06
2026-06-18T21:44:43.7079031+08:00	0x03	-0.1181	0.4344	0.8923	0.0328	184.07	342.95	308.46
2026-06-18T21:44:43.7079031+08:00	0x02	0.0011	-0.3868	0.9221	0.0102	178.53	359.52	45.51
2026-06-18T21:44:43.7079031+08:00	0x01	0.1389	0.3274	-0.9143	-0.1938	147.92	332.98	33.01
2026-06-18T21:44:43.7079031+08:00	0x03	-0.1172	0.4326	0.8933	0.0335	183.81	343.22	308.67
2026-06-18T21:44:43.7079031+08:00	0x02	-0.0015	-0.3867	0.9220	0.0165	177.41	358.72	45.49
2026-06-18T21:44:43.7079031+08:00	0x01	0.1398	0.3276	-0.9134	-0.1968	147.48	332.75	32.92
2026-06-18T21:44:43.7079031+08:00	0x03	-0.1169	0.4314	0.8939	0.0338	183.70	343.33	308.82
2026-06-18T21:44:43.7079031+08:00	0x04	-0.1508	0.0831	0.4360	-0.8833	305.84	343.52	11.19
2026-06-18T21:44:43.7079031+08:00	0x02	-0.0011	-0.3870	0.9219	0.0164	177.46	358.79	45.53
2026-06-18T21:44:43.7079031+08:00	0x01	0.1393	0.3295	-0.9129	-0.1965	147.43	332.71	33.16
2026-06-18T21:44:43.7079031+08:00	0x03	-0.1168	0.4304	0.8944	0.0335	183.71	343.35	308.94
2026-06-18T21:44:43.7079031+08:00	0x04	-0.1482	0.0846	0.4425	-0.8804	305.07	343.43	10.73
2026-06-18T21:44:43.7079031+08:00	0x02	-0.0009	-0.3870	0.9219	0.0159	177.54	358.86	45.53
2026-06-18T21:44:43.7079031+08:00	0x01	0.1383	0.3283	-0.9130	-0.1986	147.27	332.83	33.00
2026-06-18T21:44:43.7079031+08:00	0x03	-0.1155	0.4288	0.8954	0.0318	183.82	343.48	309.16
2026-06-18T21:44:43.7079031+08:00	0x04	-0.1479	0.0855	0.4502	-0.8764	304.07	343.27	10.50
2026-06-18T21:44:43.7079031+08:00	0x01	0.1372	0.3255	-0.9132	-0.2030	146.89	332.98	32.60
2026-06-18T21:44:43.7079031+08:00	0x03	-0.1186	0.4286	0.8951	0.0313	184.14	342.94	309.22
2026-06-18T21:44:43.7079031+08:00	0x04	-0.1477	0.0841	0.4509	-0.8762	304.00	343.42	10.55
2026-06-18T21:44:43.7079031+08:00	0x02	0.0016	-0.3822	0.9240	0.0115	178.38	359.53	44.94
2026-06-18T21:44:43.7079031+08:00	0x01	0.1378	0.3257	-0.9131	-0.2028	146.89	332.90	32.61
2026-06-18T21:44:43.7079031+08:00	0x03	-0.1216	0.4285	0.8947	0.0323	184.21	342.52	309.22
2026-06-18T21:44:43.7079031+08:00	0x04	-0.1493	0.0805	0.4519	-0.8758	303.85	343.68	10.88
2026-06-18T21:44:43.7079031+08:00	0x01	0.1383	0.3257	-0.9133	-0.2018	147.01	332.88	32.62
2026-06-18T21:44:43.8526009+08:00	0x03	-0.1209	0.4293	0.8944	0.0332	184.04	342.68	309.11
2026-06-18T21:44:43.8904997+08:00	0x04	-0.1483	0.0816	0.4551	-0.8742	303.46	343.59	10.66
2026-06-18T21:44:43.9586044+08:00	0x02	0.0021	-0.3820	0.9241	0.0084	178.87	359.79	44.92
2026-06-18T21:44:50.0076387+08:00	0x01	0.1370	0.3260	-0.9135	-0.2010	147.13	333.04	32.72
2026-06-18T21:44:50.0076387+08:00	0x03	-0.1209	0.4280	0.8951	0.0312	184.32	342.57	309.31
2026-06-18T21:44:50.0076387+08:00	0x02	0.0035	-0.3826	0.9239	0.0071	179.16	0.09	44.99
2026-06-18T21:44:50.0076387+08:00	0x01	0.1386	0.3265	-0.9133	-0.2002	147.15	332.84	32.74
2026-06-18T21:44:50.0076387+08:00	0x03	-0.1218	0.4270	0.8955	0.0320	184.22	342.51	309.43
2026-06-18T21:44:50.0076387+08:00	0x04	-0.1463	0.0805	0.4532	-0.8756	303.77	343.84	10.56
2026-06-18T21:44:50.0076387+08:00	0x01	0.1411	0.3275	-0.9129	-0.1983	147.25	332.54	32.82
2026-06-18T21:44:50.0076387+08:00	0x03	-0.1269	0.4267	0.8948	0.0340	184.28	341.83	309.44
2026-06-18T21:44:50.0076387+08:00	0x04	-0.1443	0.0722	0.4543	-0.8761	303.74	344.80	10.79
2026-06-18T21:44:50.0076387+08:00	0x02	0.0001	-0.3864	0.9223	-0.0007	180.11	0.06	45.47
2026-06-18T21:44:50.0076387+08:00	0x01	0.1438	0.3306	-0.9102	-0.2040	146.26	331.81	32.90
2026-06-18T21:44:50.0076387+08:00	0x04	-0.1413	0.0713	0.4581	-0.8747	303.34	345.02	10.48
2026-06-18T21:44:50.0076387+08:00	0x02	0.0006	-0.3860	0.9225	-0.0040	180.64	0.35	45.41
2026-06-18T21:44:50.0076387+08:00	0x01	0.1433	0.3273	-0.9121	-0.2012	146.82	332.17	32.64
2026-06-18T21:44:50.0076387+08:00	0x03	-0.1247	0.4275	0.8946	0.0365	183.74	342.36	309.28
2026-06-18T21:44:50.0076387+08:00	0x04	-0.1425	0.0758	0.4583	-0.8740	303.25	344.49	10.35
2026-06-18T21:44:50.0076387+08:00	0x02	0.0028	-0.3838	0.9234	-0.0022	180.51	0.56	45.14
2026-06-18T21:44:50.0076387+08:00	0x01	0.1413	0.3280	-0.9121	-0.2012	146.84	332.38	32.78
2026-06-18T21:44:50.0076387+08:00	0x03	-0.1250	0.4285	0.8942	0.0343	184.16	342.11	309.20
2026-06-18T21:44:50.0086348+08:00	0x04	-0.1421	0.0751	0.4563	-0.8752	303.52	344.61	10.39
2026-06-18T21:44:50.0086348+08:00	0x02	0.0029	-0.3817	0.9243	-0.0015	180.41	0.52	44.88
2026-06-18T21:44:50.0086348+08:00	0x01	0.1412	0.3286	-0.9123	-0.1994	147.05	332.42	32.91
2026-06-18T21:44:50.0086348+08:00	0x03	-0.1268	0.4277	0.8943	0.0348	184.19	341.87	309.30
2026-06-18T21:44:50.0086348+08:00	0x02	0.0006	-0.3787	0.9255	0.0001	180.02	0.08	44.51
2026-06-18T21:44:50.0086348+08:00	0x01	0.1431	0.3252	-0.9131	-0.2000	147.10	332.36	32.45
2026-06-18T21:44:50.0086348+08:00	0x03	-0.1283	0.4295	0.8932	0.0347	184.39	341.56	309.09
2026-06-18T21:44:50.0086348+08:00	0x04	-0.1425	0.0700	0.4593	-0.8740	303.16	345.07	10.64
2026-06-18T21:44:50.0086348+08:00	0x02	-0.0019	-0.3802	0.9249	-0.0043	180.53	359.99	44.70
2026-06-18T21:44:50.0086348+08:00	0x01	0.1456	0.3274	-0.9123	-0.1983	147.12	331.99	32.65
2026-06-18T21:44:50.0086348+08:00	0x03	-0.1287	0.4267	0.8946	0.0329	184.61	341.45	309.47
2026-06-18T21:44:50.0086348+08:00	0x02	0.0001	-0.3817	0.9243	-0.0073	181.10	0.46	44.88
2026-06-18T21:44:50.0086348+08:00	0x01	0.1459	0.3288	-0.9117	-0.1986	146.98	331.85	32.79
2026-06-18T21:44:50.0086348+08:00	0x03	-0.1301	0.4271	0.8942	0.0334	184.65	341.25	309.42
2026-06-18T21:44:50.0086348+08:00	0x04	-0.1416	0.0742	0.4640	-0.8713	302.54	344.64	10.25
2026-06-18T21:44:50.0086348+08:00	0x02	0.0025	-0.3860	0.9224	-0.0128	182.08	1.18	45.41
2026-06-18T21:44:50.0086348+08:00	0x01	0.1452	0.3303	-0.9109	-0.2004	146.69	331.78	32.92
2026-06-18T21:44:50.0086348+08:00	0x03	-0.1303	0.4266	0.8944	0.0333	184.65	341.23	309.48
2026-06-18T21:44:50.0086348+08:00	0x02	0.0164	-0.3744	0.9265	-0.0334	185.90	4.40	43.84
2026-06-18T21:44:50.1315062+08:00	0x01	0.0431	0.2975	-0.9518	-0.0611	170.13	351.78	34.13
2026-06-18T21:44:50.3147007+08:00	0x03	0.0402	0.3785	0.8761	0.2960	134.43	22.52	320.26
2026-06-18T21:44:50.4652167+08:00	0x02	0.2981	-0.2535	0.6624	-0.6388	266.82	46.01	357.42
2026-06-18T21:44:50.6096102+08:00	0x04	-0.0465	0.1542	0.8964	-0.4130	231.00	347.46	346.23
2026-06-18T21:44:50.8504187+08:00	0x03	0.1732	0.3099	0.5823	0.7313	74.73	41.22	353.82
2026-06-18T21:44:51.0356603+08:00	0x02	0.3379	-0.2365	0.4600	-0.7863	291.53	45.98	341.71
2026-06-18T21:44:51.1314573+08:00	0x04	-0.1046	0.1013	0.8435	-0.5169	243.52	343.63	356.41
2026-06-18T21:44:51.2174707+08:00	0x01	-0.1285	0.2863	-0.6925	0.6496	270.46	34.40	13.27
2026-06-18T21:44:51.4404231+08:00	0x03	0.1906	0.2960	0.5314	0.7705	68.74	41.22	358.80
2026-06-18T21:44:51.5496524+08:00	0x02	0.3360	-0.2377	0.4741	-0.7783	289.87	46.16	342.68
2026-06-18T21:44:51.7176526+08:00	0x04	-0.1355	0.0797	0.6590	-0.7355	275.46	342.71	5.41
2026-06-18T21:44:51.8160653+08:00	0x01	-0.1441	0.2740	-0.6671	0.6776	273.99	34.88	9.80
2026-06-18T21:44:51.9860876+08:00	0x03	0.1983	0.2888	0.5231	0.7769	68.03	41.01	0.34
2026-06-18T21:44:52.1361447+08:00	0x02	0.3287	-0.2216	0.4716	-0.7877	290.89	43.86	342.01
2026-06-18T21:44:52.2215765+08:00	0x04	-0.1493	0.0640	0.5243	-0.8359	294.36	344.45	10.51
2026-06-18T21:44:52.3148732+08:00	0x01	-0.1537	0.2596	-0.6510	0.6965	276.08	34.48	7.12
2026-06-18T21:44:52.4665251+08:00	0x03	0.2082	0.2811	0.5135	0.7836	67.28	40.90	2.16
2026-06-18T21:44:52.6521729+08:00	0x02	0.3371	-0.2129	0.4649	-0.7905	291.19	43.62	340.43
2026-06-18T21:44:52.7984749+08:00	0x04	-0.1611	0.0537	0.3947	-0.9030	311.08	346.62	14.39
2026-06-18T21:44:52.8826290+08:00	0x01	-0.1676	0.2518	-0.6286	0.7165	278.86	34.97	4.39
2026-06-18T21:44:53.0666297+08:00	0x03	0.2128	0.2776	0.5050	0.7890	66.43	40.85	3.18
2026-06-18T21:44:53.2252735+08:00	0x02	0.3385	-0.2058	0.4680	-0.7899	290.74	43.10	339.99
2026-06-18T21:44:53.3040876+08:00	0x04	-0.1665	0.0439	0.3069	-0.9360	322.07	348.91	16.55
2026-06-18T21:44:53.3499685+08:00	0x01	-0.1690	0.2437	-0.6227	0.7240	279.64	34.36	3.37
2026-06-18T21:44:53.6168123+08:00	0x03	0.2148	0.2726	0.4973	0.7951	65.54	40.45	4.04
2026-06-18T21:44:53.7985488+08:00	0x02	0.3415	-0.2011	0.4674	-0.7903	290.63	42.88	339.40
2026-06-18T21:44:53.8666908+08:00	0x01	-0.1718	0.2406	-0.6162	0.7300	280.48	34.31	2.62
2026-06-18T21:44:53.9035924+08:00	0x04	-0.1708	0.0334	0.2313	-0.9572	331.44	351.34	18.15
2026-06-18T21:44:54.1488776+08:00	0x03	0.2148	0.2738	0.4919	0.7981	64.85	40.55	4.22
2026-06-18T21:44:54.3085638+08:00	0x02	0.3459	-0.1995	0.4639	-0.7908	290.75	43.07	338.78
2026-06-18T21:44:54.4384956+08:00	0x01	-0.1753	0.2374	-0.6073	0.7376	281.59	34.29	1.70
2026-06-18T21:44:54.4853018+08:00	0x04	-0.1721	0.0259	0.1732	-0.9694	338.63	353.33	18.95
2026-06-18T21:44:54.6825884+08:00	0x03	0.2138	0.2722	0.4911	0.7994	64.69	40.31	4.27
2026-06-18T21:44:54.8954879+08:00	0x02	0.3470	-0.1963	0.4597	-0.7936	291.24	42.76	338.27
2026-06-18T21:44:54.9704574+08:00	0x01	-0.1757	0.2344	-0.6007	0.7439	282.51	34.06	1.16
2026-06-18T21:44:54.9824241+08:00	0x04	-0.1717	0.0219	0.1415	-0.9747	342.54	354.45	19.17
2026-06-18T21:44:55.2094349+08:00	0x03	0.2141	0.2703	0.4886	0.8015	64.40	40.13	4.54
2026-06-18T21:44:55.3675019+08:00	0x02	0.3550	-0.1927	0.4581	-0.7918	290.84	43.10	337.31
2026-06-18T21:44:55.4492630+08:00	0x04	-0.1727	0.0195	0.1187	-0.9776	345.33	355.19	19.45
2026-06-18T21:44:55.7485790+08:00	0x03	0.2147	0.2697	0.4868	0.8026	64.20	40.10	4.71
2026-06-18T21:44:55.9699296+08:00	0x04	-0.1744	0.0162	0.1011	-0.9793	347.50	355.91	19.78
2026-06-18T21:44:55.9928665+08:00	0x02	0.3524	-0.1935	0.4538	-0.7953	291.60	42.84	337.36
2026-06-18T21:44:56.3003796+08:00	0x03	0.2141	0.2712	0.4871	0.8021	64.21	40.22	4.55
2026-06-18T21:44:56.4494398+08:00	0x02	0.3540	-0.1915	0.4524	-0.7959	291.68	42.76	337.03
2026-06-18T21:44:56.5393036+08:00	0x04	-0.1748	0.0139	0.0871	-0.9807	349.24	356.49	19.90
2026-06-18T21:44:56.8332449+08:00	0x03	0.2133	0.2709	0.4854	0.8034	63.95	40.12	4.57
2026-06-18T21:44:56.9620267+08:00	0x02	0.3509	-0.1903	0.4530	-0.7971	291.85	42.37	337.23
2026-06-18T21:44:57.0536324+08:00	0x04	-0.1723	0.0131	0.0782	-0.9818	350.34	356.80	19.66
2026-06-18T21:44:57.1042030+08:00	0x01	-0.1802	0.2262	-0.5847	0.7580	284.56	33.61	359.50
2026-06-18T21:44:57.3615928+08:00	0x03	0.2116	0.2698	0.4846	0.8047	63.75	39.89	4.54
2026-06-18T21:44:57.5506267+08:00	0x02	0.3490	-0.1912	0.4515	-0.7986	292.19	42.25	337.37
2026-06-18T21:44:57.6328999+08:00	0x04	-0.1709	0.0118	0.0700	-0.9827	351.36	357.13	19.53
2026-06-18T21:44:57.7294856+08:00	0x01	-0.1784	0.2261	-0.5823	0.7603	284.97	33.47	359.55
2026-06-18T21:44:57.9068186+08:00	0x03	0.2118	0.2701	0.4847	0.8045	63.78	39.94	4.53
2026-06-18T21:44:58.0707008+08:00	0x02	0.3502	-0.1897	0.4493	-0.7997	292.40	42.16	337.07
2026-06-18T21:44:58.1994559+08:00	0x01	-0.1793	0.2245	-0.5796	0.7626	285.30	33.39	359.24
2026-06-18T21:44:58.2326743+08:00	0x04	-0.1714	0.0108	0.0626	-0.9832	352.27	357.41	19.61
2026-06-18T21:44:58.4568932+08:00	0x03	0.2100	0.2711	0.4859	0.8039	63.84	39.92	4.25
2026-06-18T21:44:58.6333241+08:00	0x02	0.3497	-0.1888	0.4510	-0.7992	292.23	42.05	337.14
2026-06-18T21:44:58.7173290+08:00	0x01	-0.1788	0.2237	-0.5801	0.7626	285.25	33.27	359.25
2026-06-18T21:44:58.9783725+08:00	0x03	0.2075	0.2708	0.4825	0.8067	63.29	39.71	4.21
2026-06-18T21:44:59.2006052+08:00	0x04	-0.1685	0.0075	0.0624	-0.9837	352.38	357.83	19.30
2026-06-18T21:44:59.2170237+08:00	0x02	0.3473	-0.1880	0.4523	-0.7997	292.27	41.78	337.33
2026-06-18T21:44:59.2839594+08:00	0x01	-0.1765	0.2223	-0.5812	0.7626	285.19	32.97	359.38
2026-06-18T21:44:59.5337961+08:00	0x03	0.2068	0.2723	0.4805	0.8076	63.01	39.81	4.15
2026-06-18T21:44:59.7337027+08:00	0x02	0.3465	-0.1880	0.4523	-0.8000	292.32	41.71	337.39
2026-06-18T21:44:59.8543465+08:00	0x01	-0.1747	0.2209	-0.5808	0.7638	285.32	32.71	359.41
2026-06-18T21:45:00.1188835+08:00	0x03	0.2045	0.2713	0.4800	0.8088	62.83	39.56	4.03
2026-06-18T21:45:00.2845438+08:00	0x04	-0.1674	0.0048	0.0609	-0.9840	352.61	358.19	19.20
2026-06-18T21:45:00.3184543+08:00	0x02	0.3450	-0.1872	0.4503	-0.8020	292.72	41.45	337.37
2026-06-18T21:45:00.6509754+08:00	0x03	0.2042	0.2723	0.4779	0.8098	62.55	39.63	4.04
2026-06-18T21:45:00.8005516+08:00	0x04	-0.1685	0.0038	0.0596	-0.9839	352.78	358.33	19.34
2026-06-18T21:45:00.8582025+08:00	0x01	-0.1733	0.2213	-0.5782	0.7660	285.75	32.65	359.45
2026-06-18T21:45:01.1846785+08:00	0x03	0.2025	0.2710	0.4789	0.8101	62.59	39.38	3.93
2026-06-18T21:45:01.3808866+08:00	0x04	-0.1660	0.0018	0.0585	-0.9844	352.96	358.61	19.07
2026-06-18T21:45:01.4174989+08:00	0x02	0.3422	-0.1866	0.4492	-0.8039	293.09	41.10	337.51
2026-06-18T21:45:01.7215458+08:00	0x03	0.2008	0.2726	0.4779	0.8105	62.39	39.44	3.72
2026-06-18T21:45:06.4738532+08:00	0x01	-0.1719	0.2196	-0.5774	0.7673	285.91	32.38	359.42
2026-06-18T21:45:06.4738532+08:00	0x04	-0.1677	-0.0010	0.0583	-0.9841	353.04	358.94	19.28
2026-06-18T21:45:06.4738532+08:00	0x03	0.2007	0.2760	0.4777	0.8095	62.36	39.78	3.51
2026-06-18T21:45:06.4738532+08:00	0x04	-0.1675	-0.0034	0.0548	-0.9843	353.50	359.29	19.27
2026-06-18T21:45:06.4738532+08:00	0x02	0.3438	-0.1853	0.4482	-0.8041	293.10	41.10	337.25
2026-06-18T21:45:06.4738532+08:00	0x03	0.1974	0.2782	0.4789	0.8089	62.35	39.79	3.03
2026-06-18T21:45:06.4738532+08:00	0x02	0.3415	-0.1841	0.4501	-0.8043	293.05	40.82	337.44
2026-06-18T21:45:06.4738532+08:00	0x01	-0.1695	0.2170	-0.5791	0.7674	285.78	31.97	359.49
2026-06-18T21:45:06.4738532+08:00	0x03	0.1935	0.2781	0.4766	0.8112	61.87	39.53	2.80
2026-06-18T21:45:06.4738532+08:00	0x02	0.3405	-0.1812	0.4507	-0.8050	293.08	40.45	337.36
2026-06-18T21:45:06.4738532+08:00	0x03	0.1936	0.2775	0.4762	0.8116	61.83	39.47	2.86
2026-06-18T21:45:06.4738532+08:00	0x02	0.3397	-0.1818	0.4502	-0.8056	293.21	40.41	337.45
2026-06-18T21:45:06.4738532+08:00	0x01	-0.1668	0.2155	-0.5825	0.7658	285.42	31.63	359.75
2026-06-18T21:45:06.4738532+08:00	0x03	0.1935	0.2768	0.4756	0.8123	61.74	39.39	2.93
2026-06-18T21:45:06.4738532+08:00	0x01	-0.1652	0.2163	-0.5832	0.7654	285.38	31.59	359.96
2026-06-18T21:45:06.4738532+08:00	0x04	-0.1628	-0.0072	0.0542	-0.9851	353.66	359.79	18.75
2026-06-18T21:45:06.4738532+08:00	0x03	0.1923	0.2773	0.4798	0.8099	62.22	39.37	2.60
2026-06-18T21:45:06.4738532+08:00	0x02	0.3336	-0.1819	0.4511	-0.8076	293.55	39.90	338.00
2026-06-18T21:45:06.4738532+08:00	0x04	-0.1610	-0.0054	0.0549	-0.9854	353.56	359.58	18.53
2026-06-18T21:45:06.4738532+08:00	0x03	0.1892	0.2759	0.4809	0.8104	62.21	39.03	2.37
2026-06-18T21:45:06.4738532+08:00	0x01	-0.1514	0.2194	-0.5857	0.7655	285.56	30.90	1.44
2026-06-18T21:45:06.4738532+08:00	0x04	-0.1558	-0.0091	0.0491	-0.9865	354.33	0.16	17.96
2026-06-18T21:45:06.4738532+08:00	0x03	0.1866	0.2785	0.4833	0.8087	62.39	39.13	1.87
2026-06-18T21:45:06.4738532+08:00	0x02	0.2779	-0.1925	0.5410	-0.7701	285.47	37.74	347.31
2026-06-18T21:45:06.4738532+08:00	0x04	-0.1479	0.0022	-0.0471	-0.9879	5.54	0.57	17.00
2026-06-18T21:45:06.6650457+08:00	0x03	0.1840	0.2797	0.4901	0.8048	63.13	39.10	1.26
2026-06-18T21:45:06.7358358+08:00	0x01	-0.0743	0.2035	-0.5968	0.7726	286.20	23.98	7.36
2026-06-18T21:45:06.9097038+08:00	0x04	0.0004	0.0933	-0.4346	-0.8958	51.38	350.33	4.61
2026-06-18T21:45:07.1182621+08:00	0x03	0.1594	0.2510	0.4761	0.8276	60.26	34.57	1.42
2026-06-18T21:45:07.2561768+08:00	0x01	-0.0622	0.1865	-0.6085	0.7688	284.70	21.45	7.55
2026-06-18T21:45:07.4727516+08:00	0x04	0.0316	0.0473	-0.3516	-0.9344	41.32	353.65	358.52
2026-06-18T21:45:07.6529564+08:00	0x03	0.1540	0.2425	0.4667	0.8365	58.86	33.34	1.79
2026-06-18T21:45:07.8209657+08:00	0x01	-0.0533	0.1876	-0.6123	0.7662	284.32	20.90	8.51
2026-06-18T21:45:08.1060207+08:00	0x04	0.0496	0.0432	-0.1290	-0.9895	15.11	354.34	355.01
2026-06-18T21:45:08.2017849+08:00	0x03	0.1546	0.2403	0.4674	0.8366	58.96	33.15	1.95
2026-06-18T21:45:08.3519508+08:00	0x01	-0.0527	0.1860	-0.6149	0.7645	283.94	20.68	8.52
2026-06-18T21:45:08.4721794+08:00	0x02	0.0046	-0.1600	0.9706	-0.1796	201.60	4.00	18.00
2026-06-18T21:45:08.5568135+08:00	0x04	0.0595	0.0385	0.0269	-0.9971	357.17	355.75	353.06
2026-06-18T21:45:08.6921913+08:00	0x03	0.1545	0.2406	0.4676	0.8364	58.98	33.17	1.92
2026-06-18T21:45:08.9356272+08:00	0x01	-0.0514	0.1880	-0.6154	0.7637	283.89	20.77	8.80
2026-06-18T21:45:08.9864778+08:00	0x02	0.0070	-0.1549	0.9733	-0.1694	200.35	3.97	17.41
2026-06-18T21:45:09.1853916+08:00	0x04	0.0634	0.0316	0.1684	-0.9832	340.72	357.65	352.22
2026-06-18T21:45:09.2691842+08:00	0x03	0.1524	0.2426	0.4662	0.8370	58.74	33.26	1.65
2026-06-18T21:45:09.3856446+08:00	0x01	-0.0505	0.1872	-0.6169	0.7628	283.69	20.62	8.85
2026-06-18T21:45:17.7870541+08:00	0x02	0.0059	-0.1508	0.9758	-0.1581	198.93	3.55	17.00
2026-06-18T21:45:17.7870541+08:00	0x04	0.0670	0.0295	0.2484	-0.9659	331.25	358.62	351.72
2026-06-18T21:45:17.7870541+08:00	0x03	0.1523	0.2446	0.4684	0.8352	59.00	33.46	1.45
2026-06-18T21:45:17.7870541+08:00	0x01	-0.0517	0.1896	-0.6178	0.7614	283.54	20.91	8.94
2026-06-18T21:45:17.7870541+08:00	0x02	0.0076	-0.1496	0.9778	-0.1463	197.54	3.51	16.88
2026-06-18T21:45:17.7870541+08:00	0x04	0.0718	0.0276	0.3186	-0.9448	322.76	359.63	351.18
2026-06-18T21:45:17.7870541+08:00	0x03	0.1530	0.2450	0.4694	0.8344	59.17	33.55	1.45
2026-06-18T21:45:17.7870541+08:00	0x01	-0.0491	0.1896	-0.6186	0.7609	283.46	20.72	9.19
2026-06-18T21:45:17.7870541+08:00	0x04	0.0739	0.0232	0.3712	-0.9253	316.23	0.69	351.14
2026-06-18T21:45:17.7870541+08:00	0x03	0.1521	0.2445	0.4661	0.8366	58.70	33.44	1.52
2026-06-18T21:45:17.7870541+08:00	0x01	-0.0467	0.1889	-0.6188	0.7611	283.47	20.49	9.37
2026-06-18T21:45:17.7870541+08:00	0x02	0.0023	-0.1511	0.9796	-0.1323	195.79	2.67	17.19
2026-06-18T21:45:17.7870541+08:00	0x04	0.0736	0.0199	0.4003	-0.9132	312.57	1.31	351.35
2026-06-18T21:45:17.7870541+08:00	0x03	0.1504	0.2452	0.4648	0.8374	58.48	33.41	1.37
2026-06-18T21:45:17.7870541+08:00	0x01	-0.0444	0.1916	-0.6170	0.7620	283.77	20.60	9.72
2026-06-18T21:45:17.7880508+08:00	0x04	0.0757	0.0200	0.4188	-0.9047	310.19	1.57	351.16
2026-06-18T21:45:17.7880508+08:00	0x03	0.1523	0.2472	0.4681	0.8346	58.97	33.73	1.31
2026-06-18T21:45:17.7880508+08:00	0x01	-0.0458	0.1962	-0.6157	0.7618	283.96	21.15	9.89
2026-06-18T21:45:17.7880508+08:00	0x02	0.0175	-0.1529	0.9682	-0.1972	203.85	5.65	16.81
2026-06-18T21:45:17.7880508+08:00	0x04	0.0786	0.0212	0.4322	-0.8981	308.47	1.73	350.83
2026-06-18T21:45:17.7880508+08:00	0x03	0.1515	0.2483	0.4730	0.8317	59.55	33.81	0.98
2026-06-18T21:45:17.7880508+08:00	0x01	-0.0433	0.1956	-0.6159	0.7619	283.96	20.91	10.08
2026-06-18T21:45:17.7880508+08:00	0x02	0.0175	-0.1556	0.9625	-0.2214	206.83	6.16	16.97
2026-06-18T21:45:17.7880508+08:00	0x04	0.0768	0.0188	0.4449	-0.8921	306.84	2.01	351.16
2026-06-18T21:45:17.7880508+08:00	0x03	0.1492	0.2502	0.4729	0.8316	59.45	33.86	0.66
2026-06-18T21:45:17.7880508+08:00	0x01	-0.0429	0.1991	-0.6144	0.7623	284.20	21.23	10.33
2026-06-18T21:45:17.7880508+08:00	0x02	0.0258	-0.1550	0.9587	-0.2371	208.86	7.37	16.56
2026-06-18T21:45:17.7880508+08:00	0x04	0.0742	0.0206	0.4568	-0.8862	305.32	1.82	351.36
2026-06-18T21:45:17.7880508+08:00	0x03	0.1442	0.2535	0.4713	0.8324	59.06	33.91	0.06
2026-06-18T21:45:17.7880508+08:00	0x01	-0.0324	0.2038	-0.6176	0.7590	283.89	20.90	11.69
2026-06-18T21:45:17.7880508+08:00	0x02	0.0305	-0.1668	0.9520	-0.2547	211.29	8.64	17.58
2026-06-18T21:45:17.7880508+08:00	0x04	0.0668	0.0201	0.4684	-0.8808	303.89	1.58	352.16
2026-06-18T21:45:17.7880508+08:00	0x03	0.1403	0.2591	0.4714	0.8312	58.92	34.26	359.37
2026-06-18T21:45:17.7880508+08:00	0x01	-0.0277	0.2078	-0.6202	0.7559	283.58	20.91	12.47
2026-06-18T21:45:17.7880508+08:00	0x02	0.0422	-0.1706	0.9487	-0.2629	212.56	10.26	17.55
2026-06-18T21:45:17.7880508+08:00	0x04	0.0669	0.0139	0.4694	-0.8803	303.72	2.22	352.48
2026-06-18T21:45:17.7880508+08:00	0x03	0.1378	0.2594	0.4709	0.8319	58.76	34.15	359.14
2026-06-18T21:45:17.7880508+08:00	0x01	-0.0269	0.2078	-0.6195	0.7565	283.69	20.87	12.52
2026-06-18T21:45:17.7880508+08:00	0x02	0.0512	-0.1830	0.9455	-0.2645	213.20	11.79	18.59
2026-06-18T21:45:17.7880508+08:00	0x04	0.0541	0.0218	0.4625	-0.8847	304.76	0.66	353.34
2026-06-18T21:45:17.7880508+08:00	0x03	0.1369	0.2592	0.4746	0.8300	59.19	34.08	358.93
2026-06-18T21:45:17.7880508+08:00	0x01	-0.0345	0.2076	-0.6222	0.7541	283.20	21.33	11.91
2026-06-18T21:45:17.7880508+08:00	0x02	0.0379	-0.1681	0.9458	-0.2752	213.95	9.90	17.28
2026-06-18T21:45:17.7880508+08:00	0x04	0.0682	0.0136	0.4721	-0.8788	303.36	2.33	352.38
2026-06-18T21:45:17.7880508+08:00	0x03	0.1364	0.2603	0.4747	0.8296	59.19	34.16	358.81
2026-06-18T21:45:17.7880508+08:00	0x01	-0.0308	0.2043	-0.6268	0.7513	282.55	20.70	12.11
2026-06-18T21:45:17.7880508+08:00	0x04	0.0666	0.0083	0.4908	-0.8687	300.88	2.94	352.89
2026-06-18T21:45:17.7880508+08:00	0x02	0.0363	-0.1611	0.9445	-0.2841	214.88	9.61	16.48
2026-06-18T21:45:17.7880508+08:00	0x03	0.1341	0.2619	0.4730	0.8305	58.88	34.19	358.57
2026-06-18T21:45:17.7880508+08:00	0x01	-0.0306	0.2046	-0.6284	0.7499	282.31	20.69	12.20
2026-06-18T21:45:17.7880508+08:00	0x04	0.0652	0.0104	0.4873	-0.8707	301.37	2.62	352.90
2026-06-18T21:45:17.7880508+08:00	0x03	0.1344	0.2637	0.4677	0.8329	58.23	34.41	358.70
2026-06-18T21:45:17.7880508+08:00	0x02	0.0386	-0.1573	0.9430	-0.2907	215.65	9.84	15.91
2026-06-18T21:45:17.7880508+08:00	0x01	-0.0302	0.2041	-0.6295	0.7491	282.14	20.60	12.22
2026-06-18T21:45:17.7880508+08:00	0x02	0.0395	-0.1569	0.9400	-0.3003	216.83	10.09	15.74
2026-06-18T21:45:17.7880508+08:00	0x04	0.0649	0.0122	0.4737	-0.8782	303.17	2.31	352.79
2026-06-18T21:45:17.7880508+08:00	0x01	-0.0298	0.2054	-0.6297	0.7486	282.12	20.69	12.36
2026-06-18T21:45:17.8589219+08:00	0x02	0.0407	-0.1578	0.9376	-0.3071	217.70	10.36	15.73
2026-06-18T21:45:17.9542365+08:00	0x03	0.1343	0.2650	0.4683	0.8321	58.30	34.54	358.59
2026-06-18T21:45:18.1952759+08:00	0x01	-0.0306	0.2055	-0.6299	0.7484	282.09	20.75	12.30
2026-06-18T21:45:18.4212901+08:00	0x02	0.0392	-0.1578	0.9360	-0.3123	218.32	10.29	15.71
2026-06-18T21:45:18.5417888+08:00	0x03	0.1327	0.2654	0.4664	0.8333	58.00	34.49	358.49
2026-06-18T21:45:18.7762101+08:00	0x01	-0.0285	0.2041	-0.6299	0.7489	282.11	20.47	12.38
2026-06-18T21:45:18.9379533+08:00	0x02	0.0390	-0.1572	0.9343	-0.3175	218.96	10.33	15.61
2026-06-18T21:45:19.0304708+08:00	0x03	0.1333	0.2663	0.4647	0.8339	57.81	34.62	358.55
2026-06-18T21:45:19.3271629+08:00	0x01	-0.0275	0.2036	-0.6308	0.7482	281.98	20.33	12.46
2026-06-18T21:45:19.5255654+08:00	0x02	0.0401	-0.1610	0.9294	-0.3296	220.56	10.82	15.83
2026-06-18T21:45:19.6215040+08:00	0x03	0.1347	0.2670	0.4631	0.8343	57.66	34.78	358.70
2026-06-18T21:45:19.8580563+08:00	0x01	-0.0292	0.2055	-0.6307	0.7478	281.98	20.64	12.44
2026-06-18T21:45:19.9706699+08:00	0x02	0.0441	-0.1603	0.9246	-0.3428	222.24	11.45	15.44
2026-06-18T21:45:20.1076021+08:00	0x03	0.1350	0.2681	0.4655	0.8326	57.98	34.91	358.58
2026-06-18T21:45:20.1335266+08:00	0x04	0.0634	0.0161	0.4546	-0.8883	305.69	1.68	352.69
2026-06-18T21:45:20.4247316+08:00	0x01	-0.0309	0.2061	-0.6290	0.7489	282.21	20.84	12.30
2026-06-18T21:45:20.5966185+08:00	0x02	0.0465	-0.1589	0.9220	-0.3500	223.14	11.77	15.10
2026-06-18T21:45:20.6546760+08:00	0x03	0.1350	0.2693	0.4642	0.8329	57.81	35.04	358.56
2026-06-18T21:45:20.9383589+08:00	0x01	-0.0305	0.2052	-0.6271	0.7508	282.50	20.76	12.21
2026-06-18T21:45:21.0863499+08:00	0x02	0.0480	-0.1581	0.9185	-0.3594	224.31	12.05	14.83
2026-06-18T21:45:23.9702463+08:00	0x03	0.1343	0.2703	0.4642	0.8327	57.78	35.11	358.44
2026-06-18T21:45:23.9702463+08:00	0x01	-0.0316	0.2062	-0.6273	0.7503	282.47	20.92	12.19
2026-06-18T21:45:23.9702463+08:00	0x02	0.0478	-0.1596	0.9175	-0.3612	224.58	12.13	14.98
2026-06-18T21:45:23.9702463+08:00	0x03	0.1337	0.2713	0.4633	0.8330	57.65	35.18	358.36
2026-06-18T21:45:23.9702463+08:00	0x01	-0.0300	0.2066	-0.6281	0.7496	282.37	20.84	12.39
2026-06-18T21:45:23.9702463+08:00	0x03	0.1294	0.2720	0.4666	0.8316	57.89	35.00	357.79
2026-06-18T21:45:23.9702463+08:00	0x02	0.0452	-0.1658	0.9206	-0.3507	223.38	11.98	15.88
2026-06-18T21:45:23.9712439+08:00	0x01	-0.0205	0.2044	-0.6342	0.7454	281.55	19.86	13.23
2026-06-18T21:45:23.9712439+08:00	0x02	0.0400	-0.1672	0.9191	-0.3546	223.85	11.54	16.20
2026-06-18T21:45:23.9712439+08:00	0x03	0.1125	0.2760	0.4744	0.8283	58.25	34.44	355.68
2026-06-18T21:45:23.9712439+08:00	0x04	0.0448	0.0178	0.4298	-0.9016	309.01	0.37	354.48
2026-06-18T21:45:23.9712439+08:00	0x01	-0.0138	0.2027	-0.6325	0.7475	281.85	19.25	13.64
2026-06-18T21:45:23.9712439+08:00	0x02	0.0407	-0.1864	0.9132	-0.3600	225.06	12.68	18.13
2026-06-18T21:45:23.9712439+08:00	0x03	0.1020	0.2800	0.4768	0.8269	58.20	34.27	354.35
2026-06-18T21:45:23.9712439+08:00	0x04	0.0048	0.0178	0.4216	-0.9066	310.14	358.38	358.64
2026-06-18T21:45:23.9712439+08:00	0x01	-0.0164	0.3761	-0.6709	0.6389	276.50	35.04	28.93
2026-06-18T21:45:23.9712439+08:00	0x02	0.2860	-0.2022	0.7891	0.5046	121.00	18.15	37.42
2026-06-18T21:45:23.9712439+08:00	0x04	-0.0668	0.0009	0.4254	-0.9025	309.33	356.62	6.88
2026-06-18T21:45:24.1729058+08:00	0x01	0.0234	0.4321	-0.8384	0.3316	232.79	21.57	47.73
2026-06-18T21:45:24.4059606+08:00	0x02	0.2281	-0.2699	0.5654	0.7453	70.37	349.11	40.18
2026-06-18T21:45:24.4388731+08:00	0x03	-0.0026	0.3406	0.5261	0.7792	61.38	34.51	338.76
2026-06-18T21:45:24.5425739+08:00	0x04	-0.1892	0.0006	0.4199	-0.8876	307.68	350.22	19.60
2026-06-18T21:45:24.6385944+08:00	0x01	0.0703	0.4430	-0.8563	0.2562	218.31	10.10	52.62
2026-06-18T21:45:24.9386260+08:00	0x02	0.2161	-0.3293	0.4748	0.7871	53.00	335.57	40.76
2026-06-18T21:45:24.9555811+08:00	0x03	-0.1047	0.4220	0.6295	0.6440	75.59	33.51	318.23
2026-06-18T21:45:25.0573287+08:00	0x04	-0.2505	-0.0560	0.4333	-0.8639	304.70	352.11	28.78
2026-06-18T21:45:25.2587330+08:00	0x01	0.0904	0.4393	-0.8617	0.2373	213.32	5.04	53.13
2026-06-18T21:45:25.4896067+08:00	0x02	0.0673	-0.4940	0.4978	0.7097	52.26	308.41	35.97
2026-06-18T21:45:25.5398862+08:00	0x03	-0.1726	0.4376	0.6139	0.6339	73.43	31.59	310.88
2026-06-18T21:45:25.6385758+08:00	0x04	-0.3013	0.0085	0.4343	-0.8488	300.71	341.35	30.28
2026-06-18T21:45:25.7325510+08:00	0x01	0.3140	0.4174	-0.8064	0.2773	200.40	328.83	57.92
2026-06-18T21:45:26.0900184+08:00	0x03	-0.1857	0.4604	0.6239	0.6036	75.31	32.58	307.00
2026-06-18T21:45:26.1584609+08:00	0x04	-0.2919	0.0101	0.4424	-0.8479	300.09	341.63	29.08
2026-06-18T21:45:26.2477770+08:00	0x01	0.3749	0.3827	-0.8241	0.1837	181.42	311.74	50.23
2026-06-18T21:45:26.6284774+08:00	0x03	-0.1966	0.4489	0.6259	0.6067	76.57	29.88	306.82
2026-06-18T21:45:26.7348774+08:00	0x04	-0.2734	0.0063	0.4399	-0.8554	301.51	343.54	27.52
2026-06-18T21:45:26.8341271+08:00	0x01	0.3870	0.3710	-0.8269	0.1701	179.51	309.62	48.17
2026-06-18T21:48:40.8985923+08:00	0x03	-0.2042	0.4423	0.6142	0.6208	74.44	29.59	307.16
2026-06-18T21:48:40.8985923+08:00	0x04	-0.2629	0.0042	0.4276	-0.8649	303.77	344.92	26.82
2026-06-18T21:48:40.8985923+08:00	0x01	0.3971	0.3664	-0.8255	0.1631	178.16	307.82	47.26
2026-06-18T21:48:40.8985923+08:00	0x02	-0.1101	-0.6380	0.7559	0.0975	120.11	299.07	70.57
2026-06-18T21:48:40.8985923+08:00	0x03	-0.2040	0.4388	0.6240	0.6136	76.76	28.10	307.06
2026-06-18T21:48:40.8985923+08:00	0x04	-0.2569	-0.0131	0.4195	-0.8706	305.50	347.48	27.28
2026-06-18T21:48:40.8985923+08:00	0x01	0.4042	0.3578	-0.8273	0.1553	177.35	306.80	45.85
2026-06-18T21:48:40.8985923+08:00	0x02	-0.0866	-0.6422	0.7586	0.0685	127.64	306.15	74.24
2026-06-18T21:48:40.8985923+08:00	0x04	-0.2671	-0.0285	0.4144	-0.8696	306.07	348.65	29.21
2026-06-18T21:48:40.8985923+08:00	0x01	0.4079	0.3534	-0.8289	0.1474	176.44	306.13	44.91
2026-06-18T21:48:40.8985923+08:00	0x02	-0.0727	-0.6434	0.7603	0.0520	134.01	312.32	76.11
2026-06-18T21:48:40.8985923+08:00	0x04	-0.2551	-0.0457	0.4124	-0.8734	307.23	351.42	28.89
2026-06-18T21:48:40.8985923+08:00	0x01	0.4096	0.3515	-0.8294	0.1441	176.07	305.82	44.52
2026-06-18T21:48:40.8985923+08:00	0x02	-0.0608	-0.6448	0.7610	0.0367	140.97	319.01	77.68
2026-06-18T21:48:40.8985923+08:00	0x04	-0.2450	-0.0604	0.4081	-0.8774	308.54	353.85	28.64
2026-06-18T21:48:40.8985923+08:00	0x02	-0.0532	-0.6445	0.7623	0.0273	146.68	324.57	78.42
2026-06-18T21:48:40.8985923+08:00	0x03	-0.1899	0.4030	0.6718	0.5918	87.74	20.20	309.98
2026-06-18T21:48:40.8985923+08:00	0x04	-0.2440	-0.0557	0.4119	-0.8762	307.94	353.25	28.26
2026-06-18T21:48:40.8985923+08:00	0x02	-0.0466	-0.6431	0.7641	0.0191	152.62	330.38	78.82
2026-06-18T21:48:40.8995907+08:00	0x03	-0.1895	0.4093	0.6743	0.5847	88.31	20.61	309.33
2026-06-18T21:48:40.8995907+08:00	0x04	-0.2492	-0.0485	0.4178	-0.8724	306.78	351.93	28.38
2026-06-18T21:48:40.8995907+08:00	0x03	-0.1891	0.4114	0.6766	0.5807	88.83	20.61	309.08
2026-06-18T21:48:40.8995907+08:00	0x04	-0.2515	-0.0455	0.4206	-0.8705	306.23	351.35	28.44
2026-06-18T21:48:40.8995907+08:00	0x01	0.4096	0.3370	-0.8350	0.1462	177.50	306.75	43.05
2026-06-18T21:48:40.8995907+08:00	0x03	-0.1887	0.4113	0.6781	0.5792	89.16	20.48	309.07
2026-06-18T21:48:40.8995907+08:00	0x02	-0.0399	-0.6408	0.7666	0.0101	159.57	337.15	79.01
2026-06-18T21:48:40.8995907+08:00	0x01	0.4094	0.3346	-0.8360	0.1465	177.73	306.92	42.80
2026-06-18T21:48:40.8995907+08:00	0x04	-0.2494	-0.0447	0.4234	-0.8698	305.89	351.29	28.15
2026-06-18T21:48:40.8995907+08:00	0x03	-0.1867	0.4189	0.6783	0.5740	89.08	21.45	308.49
2026-06-18T21:48:40.8995907+08:00	0x02	-0.0389	-0.6338	0.7725	0.0078	162.67	340.13	78.13
2026-06-18T21:48:40.8995907+08:00	0x04	-0.2660	-0.0445	0.4288	-0.8622	304.43	349.95	29.79
2026-06-18T21:48:40.8995907+08:00	0x01	0.4083	0.3361	-0.8371	0.1398	176.86	306.78	42.60
2026-06-18T21:48:40.8995907+08:00	0x03	-0.1828	0.4220	0.6824	0.5682	89.83	21.73	308.40
2026-06-18T21:48:40.8995907+08:00	0x02	-0.0375	-0.6360	0.7708	0.0079	162.57	340.16	78.46
2026-06-18T21:48:40.8995907+08:00	0x01	0.4069	0.3425	-0.8368	0.1302	175.24	306.27	42.78
2026-06-18T21:48:40.8995907+08:00	0x03	-0.1837	0.4184	0.6849	0.5675	90.52	20.97	308.59
2026-06-18T21:48:40.8995907+08:00	0x02	-0.0378	-0.6353	0.7713	0.0064	163.27	340.71	78.38
2026-06-18T21:48:40.8995907+08:00	0x04	-0.2612	-0.0505	0.4222	-0.8666	305.71	351.19	29.69
2026-06-18T21:48:40.8995907+08:00	0x03	-0.1869	0.4169	0.6818	0.5713	89.97	20.82	308.55
2026-06-18T21:48:40.8995907+08:00	0x02	-0.0390	-0.6358	0.7708	0.0062	162.83	340.16	78.44
2026-06-18T21:48:40.8995907+08:00	0x04	-0.2638	-0.0476	0.4202	-0.8670	305.82	350.77	29.83
2026-06-18T21:48:40.8995907+08:00	0x03	-0.1854	0.4195	0.6795	0.5727	89.28	21.52	308.52
2026-06-18T21:48:40.8995907+08:00	0x02	-0.0392	-0.6324	0.7736	0.0078	162.88	340.32	77.92
2026-06-18T21:48:40.8995907+08:00	0x04	-0.2579	-0.0501	0.4152	-0.8710	306.83	351.62	29.39
2026-06-18T21:48:40.8995907+08:00	0x01	0.4064	0.3501	-0.8319	0.1424	176.18	306.37	44.28
2026-06-18T21:48:40.8995907+08:00	0x03	-0.1804	0.4329	0.6754	0.5691	87.89	23.97	307.81
2026-06-18T21:48:40.8995907+08:00	0x02	-0.0745	-0.5440	0.8342	0.0508	157.64	335.66	64.16
2026-06-18T21:48:40.8995907+08:00	0x01	0.3893	0.3553	-0.8433	0.1050	172.19	307.37	42.93
2026-06-18T21:48:40.8995907+08:00	0x03	-0.1818	0.4584	0.7483	0.4437	110.50	14.69	302.07
2026-06-18T21:48:40.8995907+08:00	0x02	-0.0343	-0.5584	0.8277	-0.0424	184.90	358.57	68.03
2026-06-18T21:48:40.8995907+08:00	0x04	-0.2643	-0.0632	0.3246	-0.9060	319.50	356.17	31.32
2026-06-18T21:48:40.8995907+08:00	0x01	0.3859	0.3744	-0.8358	0.1108	171.51	306.88	45.35
2026-06-18T21:48:40.8995907+08:00	0x03	-0.2191	0.4490	0.7658	0.4049	122.41	3.22	300.10
2026-06-18T21:48:40.8995907+08:00	0x02	-0.0038	-0.5942	0.8001	-0.0824	204.41	17.34	72.07
2026-06-18T21:48:40.8995907+08:00	0x01	0.4174	0.3643	-0.8241	0.1184	171.24	302.70	44.36
2026-06-18T21:48:40.8995907+08:00	0x03	-0.2069	0.4346	0.6646	0.5715	86.94	22.45	305.49
2026-06-18T21:48:40.8995907+08:00	0x04	-0.2663	0.0161	0.4928	-0.8283	294.31	341.38	25.17
2026-06-18T21:48:40.8995907+08:00	0x02	0.0384	-0.6337	0.7697	-0.0672	219.00	36.65	76.01
2026-06-18T21:48:40.8995907+08:00	0x01	0.4242	0.3524	-0.8241	0.1294	173.19	302.79	43.67
2026-06-18T21:48:40.8995907+08:00	0x03	-0.2151	0.4531	0.6420	0.5799	81.39	26.65	303.78
2026-06-18T21:48:40.8995907+08:00	0x02	0.0456	-0.6456	0.7593	-0.0679	225.86	44.04	76.96
2026-06-18T21:48:40.8995907+08:00	0x01	0.4246	0.3428	-0.8274	0.1329	174.42	303.48	42.85
2026-06-18T21:48:40.8995907+08:00	0x03	-0.2132	0.4551	0.6371	0.5845	79.97	27.75	304.00
2026-06-18T21:48:40.8995907+08:00	0x02	0.0508	-0.6469	0.7575	-0.0718	228.81	47.09	76.58
2026-06-18T21:48:40.8995907+08:00	0x04	-0.2491	0.0225	0.4578	-0.8531	299.96	343.06	23.86
2026-06-18T21:48:40.8995907+08:00	0x01	0.4245	0.3412	-0.8280	0.1334	174.63	303.61	42.71
2026-06-18T21:48:40.8995907+08:00	0x03	-0.2109	0.4555	0.6322	0.5902	78.60	28.65	304.42
2026-06-18T21:48:40.8995907+08:00	0x02	0.0554	-0.6474	0.7564	-0.0752	230.96	49.33	76.18
2026-06-18T21:48:40.8995907+08:00	0x01	0.4238	0.3405	-0.8285	0.1345	174.87	303.82	42.70
2026-06-18T21:48:40.8995907+08:00	0x04	-0.2606	0.0217	0.4445	-0.8568	301.26	342.71	25.29
2026-06-18T21:48:40.8995907+08:00	0x03	-0.2082	0.4571	0.6289	0.5935	77.59	29.54	304.71
2026-06-18T21:48:40.8995907+08:00	0x02	0.0580	-0.6468	0.7565	-0.0777	231.87	50.26	75.83
2026-06-18T21:48:40.8995907+08:00	0x01	0.4229	0.3411	-0.8286	0.1349	174.92	303.93	42.80
2026-06-18T21:48:40.8995907+08:00	0x04	-0.2592	0.0190	0.4355	-0.8619	302.60	343.36	25.48
2026-06-18T21:48:40.8995907+08:00	0x03	-0.2073	0.4582	0.6254	0.5966	76.67	30.19	304.87
2026-06-18T21:48:40.8995907+08:00	0x02	0.0604	-0.6481	0.7550	-0.0795	233.40	51.84	75.70
2026-06-18T21:48:40.8995907+08:00	0x04	-0.2622	0.0204	0.4290	-0.8642	303.32	343.19	25.82
2026-06-18T21:48:40.8995907+08:00	0x03	-0.2061	0.4584	0.6241	0.5983	76.28	30.48	305.04
2026-06-18T21:48:40.8995907+08:00	0x02	0.0619	-0.6485	0.7544	-0.0804	234.11	52.60	75.59
2026-06-18T21:48:40.8995907+08:00	0x04	-0.2641	0.0158	0.4250	-0.8657	303.86	343.68	26.34
2026-06-18T21:48:40.9005890+08:00	0x03	-0.2048	0.4599	0.6218	0.5999	75.64	31.07	305.15
2026-06-18T21:48:40.9005890+08:00	0x02	0.0630	-0.6477	0.7549	-0.0816	234.19	52.67	75.38
2026-06-18T21:48:40.9006242+08:00	0x04	-0.2673	0.0182	0.4214	-0.8664	304.15	343.31	26.60
2026-06-18T21:48:40.9006242+08:00	0x03	-0.2046	0.4597	0.6226	0.5993	75.82	30.97	305.14
2026-06-18T21:48:40.9006242+08:00	0x02	0.0636	-0.6478	0.7547	-0.0819	234.44	52.94	75.32
2026-06-18T21:48:40.9006242+08:00	0x04	-0.2671	0.0197	0.4196	-0.8673	304.38	343.22	26.54
2026-06-18T21:48:40.9006242+08:00	0x03	-0.2049	0.4594	0.6211	0.6010	75.49	31.08	305.22
2026-06-18T21:48:40.9006242+08:00	0x02	0.0642	-0.6476	0.7548	-0.0823	234.51	53.03	75.25
2026-06-18T21:48:40.9006242+08:00	0x01	0.4246	0.3398	-0.8280	0.1363	175.09	303.79	42.73
2026-06-18T21:48:40.9006242+08:00	0x03	-0.2035	0.4605	0.6229	0.5988	75.82	31.14	305.18
2026-06-18T21:48:40.9006242+08:00	0x02	0.0645	-0.6473	0.7550	-0.0825	234.51	53.04	75.20
2026-06-18T21:48:40.9006242+08:00	0x01	0.4246	0.3382	-0.8285	0.1377	175.40	303.93	42.63
2026-06-18T21:48:40.9006242+08:00	0x03	-0.2029	0.4603	0.6217	0.6004	75.51	31.31	305.32
2026-06-18T21:48:40.9006242+08:00	0x02	0.0645	-0.6472	0.7551	-0.0826	234.47	52.99	75.18
2026-06-18T21:48:40.9006242+08:00	0x01	0.4259	0.3384	-0.8276	0.1385	175.40	303.74	42.70
2026-06-18T21:48:40.9006242+08:00	0x03	-0.2034	0.4603	0.6200	0.6019	75.13	31.45	305.34
2026-06-18T21:48:40.9006242+08:00	0x04	-0.2768	0.0216	0.4141	-0.8668	304.61	342.50	27.52
2026-06-18T21:48:40.9006242+08:00	0x02	0.0644	-0.6476	0.7548	-0.0823	234.58	53.11	75.24
2026-06-18T21:48:40.9006242+08:00	0x03	-0.2048	0.4583	0.6197	0.6033	75.18	31.10	305.40
2026-06-18T21:48:40.9006242+08:00	0x02	0.0644	-0.6469	0.7553	-0.0825	234.32	52.84	75.17
2026-06-18T21:48:40.9006242+08:00	0x04	-0.2734	0.0237	0.4142	-0.8678	304.73	342.52	27.06
2026-06-18T21:48:40.9006242+08:00	0x03	-0.2041	0.4587	0.6200	0.6029	75.22	31.18	305.42
2026-06-18T21:48:40.9006242+08:00	0x02	0.0645	-0.6465	0.7557	-0.0825	234.11	52.64	75.12
2026-06-18T21:48:40.9006242+08:00	0x04	-0.2809	0.0261	0.4149	-0.8650	304.20	341.69	27.67
2026-06-18T21:48:40.9006242+08:00	0x03	-0.2039	0.4593	0.6209	0.6017	75.39	31.18	305.34
2026-06-18T21:48:40.9006242+08:00	0x04	-0.2664	0.0243	0.4142	-0.8700	305.07	342.94	26.32
2026-06-18T21:48:40.9006242+08:00	0x03	-0.2059	0.4588	0.6212	0.6010	75.57	30.89	305.16
2026-06-18T21:48:40.9006242+08:00	0x01	0.4244	0.3351	-0.8292	0.1416	176.13	304.28	42.53
2026-06-18T21:48:40.9006242+08:00	0x04	-0.2619	0.0228	0.4162	-0.8705	305.04	343.35	25.91
2026-06-18T21:48:40.9006242+08:00	0x03	-0.2065	0.4588	0.6210	0.6010	75.55	30.87	305.11
2026-06-18T21:48:40.9006242+08:00	0x01	0.4257	0.3359	-0.8281	0.1422	176.07	304.05	42.64
2026-06-18T21:48:40.9006242+08:00	0x02	0.0636	-0.6466	0.7557	-0.0819	233.90	52.40	75.22
2026-06-18T21:48:40.9006242+08:00	0x03	-0.2064	0.4594	0.6193	0.6024	75.13	31.14	305.15
2026-06-18T21:48:40.9006242+08:00	0x04	-0.2883	0.0271	0.4167	-0.8617	303.54	340.97	28.31
2026-06-18T21:48:40.9006242+08:00	0x02	0.0635	-0.6462	0.7561	-0.0819	233.67	52.17	75.18
2026-06-18T21:48:40.9006242+08:00	0x01	0.4253	0.3348	-0.8286	0.1429	176.27	304.21	42.56
2026-06-18T21:48:40.9006242+08:00	0x04	-0.2843	0.0281	0.4166	-0.8630	303.76	341.17	27.86
2026-06-18T21:48:40.9006242+08:00	0x02	0.0635	-0.6463	0.7561	-0.0815	233.60	52.13	75.22
2026-06-18T21:48:40.9006242+08:00	0x01	0.4252	0.3347	-0.8290	0.1412	176.07	304.17	42.46
2026-06-18T21:48:40.9006242+08:00	0x04	-0.2777	0.0262	0.4165	-0.8653	304.15	341.86	27.30
2026-06-18T21:48:40.9006242+08:00	0x02	0.0635	-0.6459	0.7564	-0.0815	233.44	51.98	75.19
2026-06-18T21:48:40.9006242+08:00	0x03	-0.2059	0.4583	0.6210	0.6016	75.55	30.84	305.22
2026-06-18T21:48:40.9006242+08:00	0x01	0.4256	0.3351	-0.8284	0.1426	176.19	304.14	42.57
2026-06-18T21:48:40.9006242+08:00	0x04	-0.2691	0.0230	0.4169	-0.8679	304.60	342.81	26.61
2026-06-18T21:48:40.9006242+08:00	0x02	0.0631	-0.6466	0.7558	-0.0813	233.65	52.17	75.28
2026-06-18T21:48:40.9006242+08:00	0x01	0.4278	0.3352	-0.8272	0.1427	176.05	303.76	42.59
2026-06-18T21:48:40.9006242+08:00	0x02	0.0629	-0.6470	0.7556	-0.0809	233.68	52.20	75.36
2026-06-18T21:48:40.9006242+08:00	0x03	-0.2090	0.4558	0.6197	0.6037	75.47	30.38	305.18
2026-06-18T21:48:40.9006242+08:00	0x01	0.4305	0.3356	-0.8257	0.1422	175.78	303.28	42.58
2026-06-18T21:48:40.9006242+08:00	0x04	-0.2756	0.0193	0.4230	-0.8630	303.50	342.55	27.34
2026-06-18T21:48:40.9006242+08:00	0x03	-0.2118	0.4576	0.6155	0.6057	74.55	30.85	304.93
2026-06-18T21:48:40.9006242+08:00	0x01	0.4336	0.3361	-0.8237	0.1436	175.72	302.80	42.70
2026-06-18T21:48:40.9006242+08:00	0x02	0.0627	-0.6493	0.7537	-0.0797	234.45	53.06	75.66
2026-06-18T21:48:40.9006242+08:00	0x03	-0.2151	0.4528	0.6140	0.6097	74.50	30.08	305.09
2026-06-18T21:48:40.9006242+08:00	0x04	-0.2999	0.0276	0.4198	-0.8562	302.46	339.93	29.36
2026-06-18T21:48:40.9006242+08:00	0x02	0.0630	-0.6487	0.7543	-0.0790	233.99	52.68	75.62
2026-06-18T21:48:40.9006242+08:00	0x03	-0.2130	0.4520	0.6175	0.6075	75.27	29.75	305.22
2026-06-18T21:48:40.9015886+08:00	0x01	0.4289	0.3327	-0.8275	0.1438	176.32	303.78	42.37
2026-06-18T21:48:40.9015886+08:00	0x03	-0.2129	0.4528	0.6184	0.6060	75.44	29.77	305.11
2026-06-18T21:48:40.9015886+08:00	0x01	0.4275	0.3339	-0.8278	0.1434	176.26	303.93	42.48
2026-06-18T21:48:40.9015886+08:00	0x03	-0.2105	0.4543	0.6185	0.6056	75.30	30.18	305.22
2026-06-18T21:48:40.9015886+08:00	0x04	-0.2794	0.0290	0.4217	-0.8621	303.29	341.27	27.22
2026-06-18T21:48:40.9015886+08:00	0x02	0.0629	-0.6474	0.7555	-0.0784	233.21	51.95	75.54
2026-06-18T21:48:40.9015886+08:00	0x03	-0.2097	0.4569	0.6176	0.6049	74.96	30.71	305.12
2026-06-18T21:48:40.9015886+08:00	0x01	0.4248	0.3433	-0.8249	0.1458	175.95	303.88	43.64
2026-06-18T21:48:40.9015886+08:00	0x02	0.0625	-0.6457	0.7569	-0.0794	232.61	51.24	75.35
2026-06-18T21:48:40.9015886+08:00	0x03	-0.2027	0.4688	0.6089	0.6070	72.20	33.96	305.22
2026-06-18T21:48:40.9015886+08:00	0x01	0.4261	0.3459	-0.8221	0.1517	176.37	303.72	44.26
2026-06-18T21:48:40.9015886+08:00	0x04	-0.2845	0.0271	0.4202	-0.8612	303.26	341.14	27.86
2026-06-18T21:48:40.9015886+08:00	0x02	0.0620	-0.6447	0.7578	-0.0798	232.16	50.71	75.26
2026-06-18T21:48:40.9015886+08:00	0x03	-0.2026	0.4701	0.6075	0.6073	71.83	34.31	305.19
2026-06-18T21:48:40.9015886+08:00	0x01	0.4259	0.3443	-0.8226	0.1534	176.74	303.93	44.19
2026-06-18T21:48:40.9015886+08:00	0x02	0.0619	-0.6453	0.7573	-0.0793	232.27	50.86	75.36
2026-06-18T21:48:40.9015886+08:00	0x03	-0.2023	0.4695	0.6079	0.6076	71.91	34.22	305.26
2026-06-18T21:48:40.9015886+08:00	0x01	0.4258	0.3437	-0.8228	0.1535	176.79	303.97	44.14
2026-06-18T21:48:40.9015886+08:00	0x04	-0.2865	0.0274	0.4184	-0.8615	303.40	341.02	28.07
2026-06-18T21:48:40.9015886+08:00	0x02	0.0666	-0.6509	0.7517	-0.0828	236.63	55.31	75.36
2026-06-18T21:48:40.9015886+08:00	0x03	-0.1829	0.4777	0.6090	0.6062	71.25	36.79	306.53
2026-06-18T21:48:40.9015886+08:00	0x01	0.3975	0.3921	-0.8178	0.1397	172.74	304.86	48.79
2026-06-18T21:48:40.9015886+08:00	0x02	0.0547	-0.6174	0.7721	-0.1406	235.14	48.07	69.71
2026-06-18T21:48:40.9015886+08:00	0x01	0.4033	0.3997	-0.8111	0.1402	171.57	303.22	49.60
2026-06-18T21:48:40.9015886+08:00	0x04	-0.3146	0.0240	0.3263	-0.8911	314.64	342.79	33.03
2026-06-18T21:48:40.9015886+08:00	0x03	-0.2484	0.4695	0.7488	0.3964	124.17	0.04	295.83
2026-06-18T21:48:40.9015886+08:00	0x01	0.4052	0.4050	-0.8065	0.1462	171.65	302.70	50.51
2026-06-18T21:48:40.9015886+08:00	0x03	-0.2621	0.4539	0.7604	0.3835	130.39	353.61	296.95
2026-06-18T21:48:40.9015886+08:00	0x02	0.0636	-0.6149	0.7758	-0.1269	232.42	47.21	69.69
2026-06-18T21:48:40.9015886+08:00	0x01	0.4142	0.4018	-0.8040	0.1435	170.88	301.23	49.91
2026-06-18T21:48:40.9015886+08:00	0x04	-0.3088	0.0469	0.4658	-0.8280	295.13	335.59	27.88
2026-06-18T21:48:40.9015886+08:00	0x03	-0.2662	0.4460	0.7617	0.3873	130.59	352.57	297.66
2026-06-18T21:48:40.9015886+08:00	0x02	0.0649	-0.6145	0.7767	-0.1219	231.38	46.69	69.85
2026-06-18T21:48:40.9015886+08:00	0x01	0.4151	0.4018	-0.8039	0.1414	170.53	300.98	49.77
2026-06-18T21:48:40.9015886+08:00	0x04	-0.2986	0.0650	0.5078	-0.8055	289.65	333.36	24.52
2026-06-18T21:48:40.9015886+08:00	0x03	-0.2739	0.4413	0.7718	0.3668	136.46	347.86	298.10
2026-06-18T21:48:40.9015886+08:00	0x01	0.4138	0.3981	-0.8068	0.1392	170.76	301.45	49.25
2026-06-18T21:48:40.9015886+08:00	0x04	-0.2957	0.0713	0.5302	-0.7914	286.61	332.38	23.11
2026-06-18T21:48:40.9015886+08:00	0x03	-0.2713	0.4386	0.7669	0.3819	132.94	350.16	298.37
2026-06-18T21:48:40.9015886+08:00	0x02	0.0194	-0.6044	0.7931	-0.0734	208.40	23.97	72.90
2026-06-18T21:48:40.9015886+08:00	0x01	0.4142	0.4007	-0.8052	0.1397	170.50	301.17	49.55
2026-06-18T21:48:40.9015886+08:00	0x04	-0.3039	0.0595	0.5610	-0.7677	281.69	331.85	23.56
2026-06-18T21:48:40.9015886+08:00	0x03	-0.2759	0.4286	0.7565	0.4098	127.73	352.15	299.01
2026-06-18T21:48:40.9015886+08:00	0x01	0.4207	0.3882	-0.8090	0.1334	170.51	300.84	47.76
2026-06-18T21:48:40.9015886+08:00	0x04	-0.2681	0.1221	0.7030	-0.6473	262.29	327.08	10.10
2026-06-18T21:48:40.9015886+08:00	0x02	-0.0539	-0.5788	0.8131	0.0297	161.36	339.37	69.74
2026-06-18T21:48:40.9015886+08:00	0x01	0.4243	0.3492	-0.8162	0.1781	179.54	304.87	46.16
2026-06-18T21:48:40.9015886+08:00	0x04	-0.2808	0.1038	0.6206	-0.7247	274.30	328.70	16.15
2026-06-18T21:48:40.9015886+08:00	0x02	-0.0815	-0.5551	0.8243	0.0761	149.87	329.42	64.51
2026-06-18T21:48:40.9015886+08:00	0x03	-0.2303	0.4478	0.6079	0.6140	74.00	28.70	304.19
2026-06-18T21:48:40.9015886+08:00	0x01	0.4302	0.3398	-0.8178	0.1754	179.55	304.32	44.97
2026-06-18T21:48:40.9015886+08:00	0x04	-0.2818	0.0803	0.5623	-0.7733	282.85	331.96	20.21
2026-06-18T21:48:40.9015886+08:00	0x02	-0.0883	-0.5726	0.8096	0.0944	142.13	322.64	65.57
2026-06-18T21:48:40.9015886+08:00	0x03	-0.2250	0.4492	0.5976	0.6249	71.29	30.57	305.11
2026-06-18T21:48:40.9015886+08:00	0x01	0.4308	0.3398	-0.8175	0.1749	179.45	304.20	44.94
2026-06-18T21:48:40.9015886+08:00	0x04	-0.2814	0.0624	0.5184	-0.8051	289.27	334.82	22.86
2026-06-18T21:48:40.9015886+08:00	0x03	-0.2213	0.4528	0.5905	0.6303	69.39	32.16	305.54
2026-06-18T21:48:40.9015886+08:00	0x02	-0.0954	-0.5698	0.8094	0.1055	139.59	320.43	64.45
2026-06-18T21:48:40.9015886+08:00	0x01	0.4305	0.3418	-0.8169	0.1744	179.25	304.11	45.13
2026-06-18T21:48:40.9015886+08:00	0x04	-0.2868	0.0553	0.4905	-0.8210	292.94	335.83	24.63
2026-06-18T21:48:40.9015886+08:00	0x02	-0.0999	-0.5724	0.8060	0.1126	137.18	318.24	64.19
2026-06-18T21:48:40.9015886+08:00	0x03	-0.2196	0.4525	0.5830	0.6381	67.68	33.04	306.11
2026-06-18T21:48:40.9025865+08:00	0x01	0.4314	0.3405	-0.8168	0.1751	179.38	304.06	45.03
2026-06-18T21:48:40.9025865+08:00	0x04	-0.2910	0.0493	0.4679	-0.8330	295.92	336.77	26.03
2026-06-18T21:48:40.9025865+08:00	0x02	-0.1035	-0.5747	0.8030	0.1189	135.10	316.39	63.95
2026-06-18T21:48:40.9025865+08:00	0x03	-0.2180	0.4526	0.5796	0.6416	66.90	33.52	306.45
2026-06-18T21:48:40.9025865+08:00	0x01	0.4308	0.3395	-0.8174	0.1762	179.64	304.27	44.97
2026-06-18T21:48:40.9025865+08:00	0x04	-0.2917	0.0436	0.4489	-0.8435	298.60	337.90	26.94
2026-06-18T21:48:40.9025865+08:00	0x02	-0.1058	-0.5753	0.8017	0.1227	134.03	315.44	63.70
2026-06-18T21:48:40.9025865+08:00	0x03	-0.2163	0.4533	0.5786	0.6426	66.61	33.85	306.63
2026-06-18T21:48:40.9025865+08:00	0x01	0.4303	0.3385	-0.8180	0.1764	179.79	304.42	44.88
2026-06-18T21:48:40.9025865+08:00	0x04	-0.2900	0.0384	0.4371	-0.8505	300.43	338.96	27.37
2026-06-18T21:48:40.9025865+08:00	0x02	-0.1075	-0.5764	0.8002	0.1257	133.05	314.57	63.58
2026-06-18T21:48:40.9025865+08:00	0x03	-0.2156	0.4534	0.5773	0.6440	66.30	34.05	306.76
2026-06-18T21:48:40.9025865+08:00	0x01	0.4305	0.3374	-0.8183	0.1766	179.88	304.46	44.77
2026-06-18T21:48:40.9025865+08:00	0x04	-0.2900	0.0366	0.4299	-0.8542	301.44	339.39	27.65
2026-06-18T21:48:40.9025865+08:00	0x02	-0.1090	-0.5767	0.7994	0.1282	132.40	314.00	63.40
2026-06-18T21:48:40.9025865+08:00	0x03	-0.2149	0.4537	0.5763	0.6449	66.06	34.23	306.86
2026-06-18T21:48:40.9025865+08:00	0x01	0.4306	0.3368	-0.8185	0.1765	179.90	304.47	44.70
2026-06-18T21:48:40.9025865+08:00	0x04	-0.2876	0.0346	0.4234	-0.8584	302.52	339.99	27.68
2026-06-18T21:48:40.9025865+08:00	0x02	-0.1102	-0.5770	0.7988	0.1298	131.92	313.55	63.28
2026-06-18T21:48:40.9025865+08:00	0x03	-0.2150	0.4541	0.5754	0.6453	65.86	34.37	306.86
2026-06-18T21:48:40.9025865+08:00	0x01	0.4305	0.3364	-0.8186	0.1770	180.01	304.52	44.68
2026-06-18T21:48:40.9025865+08:00	0x04	-0.2913	0.0341	0.4192	-0.8592	302.90	339.91	28.16
2026-06-18T21:48:40.9025865+08:00	0x03	-0.2121	0.4569	0.5729	0.6466	65.11	35.24	307.09
2026-06-18T21:48:40.9025865+08:00	0x01	0.4145	0.3860	-0.8079	0.1629	175.00	303.38	49.35
2026-06-18T21:48:40.9025865+08:00	0x04	-0.2802	0.0199	0.4252	-0.8604	302.94	342.07	27.72
2026-06-18T21:48:40.9025865+08:00	0x02	-0.0707	-0.6114	0.7870	0.0422	148.45	326.12	73.02
2026-06-18T21:48:40.9025865+08:00	0x01	0.4063	0.4105	-0.8040	0.1412	170.30	301.76	50.80
2026-06-18T21:48:40.9025865+08:00	0x03	-0.1807	0.4415	0.5939	0.6478	69.40	33.27	310.66
2026-06-18T21:48:40.9025865+08:00	0x04	-0.2785	-0.0119	0.2418	-0.9294	328.68	352.41	31.57
2026-06-18T21:48:40.9025865+08:00	0x02	-0.0714	-0.6360	0.7674	0.0376	141.70	318.95	76.13
2026-06-18T21:48:40.9025865+08:00	0x03	-0.2296	0.4378	0.7395	0.4570	112.74	6.76	300.99
2026-06-18T21:48:40.9025865+08:00	0x01	0.4124	0.4040	-0.8047	0.1388	170.19	301.17	49.87
2026-06-18T21:48:40.9025865+08:00	0x02	-0.0672	-0.6223	0.7792	0.0323	149.05	326.19	74.90
2026-06-18T21:48:40.9025865+08:00	0x03	-0.2491	0.4336	0.7466	0.4388	118.54	0.99	299.99
2026-06-18T21:48:40.9025865+08:00	0x01	0.4131	0.4016	-0.8058	0.1369	170.14	301.17	49.49
2026-06-18T21:48:40.9025865+08:00	0x04	-0.2996	0.0578	0.4271	-0.8512	300.89	336.47	27.43
2026-06-18T21:48:40.9025865+08:00	0x02	-0.0639	-0.6117	0.7878	0.0340	152.17	329.72	73.62
2026-06-18T21:48:40.9025865+08:00	0x03	-0.2574	0.4318	0.7539	0.4230	122.95	357.35	299.68
2026-06-18T21:48:40.9025865+08:00	0x01	0.4126	0.4002	-0.8071	0.1347	170.05	301.29	49.22
2026-06-18T21:48:40.9025865+08:00	0x04	-0.3018	0.0708	0.4613	-0.8313	295.84	333.87	25.88
2026-06-18T21:48:40.9025865+08:00	0x02	-0.0624	-0.6130	0.7871	0.0282	153.91	331.10	74.04
2026-06-18T21:48:40.9025865+08:00	0x01	0.4143	0.4005	-0.8062	0.1342	169.83	300.94	49.20
2026-06-18T21:48:40.9025865+08:00	0x02	-0.0625	-0.6185	0.7828	0.0276	152.69	329.84	74.77
2026-06-18T21:48:40.9025865+08:00	0x04	-0.3078	0.0772	0.4993	-0.8063	290.10	331.60	24.78
2026-06-18T21:48:40.9025865+08:00	0x03	-0.2840	0.4224	0.7679	0.3889	133.64	347.39	299.59
2026-06-18T21:48:40.9025865+08:00	0x01	0.4138	0.4040	-0.8047	0.1341	169.47	300.69	49.58
2026-06-18T21:48:40.9025865+08:00	0x02	-0.0616	-0.6274	0.7758	0.0265	150.76	327.90	75.98
2026-06-18T21:48:40.9025865+08:00	0x04	-0.2913	0.1007	0.5466	-0.7786	284.35	329.59	20.09
2026-06-18T21:48:40.9025865+08:00	0x03	-0.2776	0.4259	0.7675	0.3905	132.47	349.05	299.48
2026-06-18T21:48:40.9025865+08:00	0x01	0.4131	0.4036	-0.8055	0.1325	169.37	300.79	49.44
2026-06-18T21:48:40.9025865+08:00	0x01	0.4137	0.4033	-0.8055	0.1320	169.29	300.70	49.37
2026-06-18T21:48:40.9025865+08:00	0x02	-0.0610	-0.6236	0.7788	0.0292	151.14	328.54	75.42
2026-06-18T21:48:40.9025865+08:00	0x04	-0.2918	0.0996	0.5568	-0.7713	282.88	329.42	19.82
2026-06-18T21:48:40.9025865+08:00	0x03	-0.2741	0.4241	0.7696	0.3908	132.22	349.54	299.89
2026-06-18T21:48:40.9025865+08:00	0x01	0.4126	0.4030	-0.8066	0.1293	169.06	300.80	49.19
2026-06-18T21:48:40.9025865+08:00	0x02	-0.0583	-0.6234	0.7793	0.0268	152.69	330.11	75.57
2026-06-18T21:48:40.9025865+08:00	0x04	-0.2807	0.0913	0.5531	-0.7791	284.17	331.26	19.65
2026-06-18T21:48:40.9025865+08:00	0x03	-0.2811	0.4220	0.7790	0.3690	137.74	345.41	300.14
2026-06-18T21:48:40.9025865+08:00	0x01	0.4134	0.4022	-0.8068	0.1278	168.91	300.67	49.00
2026-06-18T21:48:40.9025865+08:00	0x02	-0.0616	-0.6187	0.7827	0.0271	153.00	330.18	74.85
2026-06-18T21:48:40.9025865+08:00	0x04	-0.2753	0.0981	0.5510	-0.7816	284.76	331.15	18.80
2026-06-18T21:48:40.9025865+08:00	0x03	-0.2864	0.4235	0.7794	0.3622	139.65	343.68	299.82
2026-06-18T21:48:40.9025865+08:00	0x01	0.4126	0.4031	-0.8070	0.1264	168.69	300.68	49.02
2026-06-18T21:48:40.9025865+08:00	0x02	-0.0584	-0.6282	0.7754	0.0257	151.61	328.94	76.24
2026-06-18T21:48:40.9036326+08:00	0x04	-0.2956	0.1130	0.5842	-0.7474	278.63	327.25	18.05
2026-06-18T21:48:40.9036326+08:00	0x03	-0.2905	0.4261	0.7730	0.3696	138.33	344.00	299.14
2026-06-18T21:48:40.9036326+08:00	0x01	0.4129	0.4019	-0.8074	0.1267	168.82	300.73	48.91
2026-06-18T21:48:40.9036326+08:00	0x02	-0.0576	-0.6280	0.7757	0.0254	151.99	329.36	76.24
2026-06-18T21:48:40.9036326+08:00	0x03	-0.2844	0.4239	0.7766	0.3693	137.91	344.95	299.72
2026-06-18T21:48:40.9036326+08:00	0x01	0.4110	0.4084	-0.8045	0.1304	168.73	300.63	49.85
2026-06-18T21:48:40.9036326+08:00	0x02	-0.0611	-0.6092	0.7902	0.0263	155.66	332.81	73.65
2026-06-18T21:48:40.9036326+08:00	0x04	-0.2893	0.1011	0.5864	-0.7498	278.78	328.84	18.38
2026-06-18T21:48:40.9036326+08:00	0x03	-0.2860	0.4212	0.7757	0.3729	137.40	344.94	299.92
2026-06-18T21:48:40.9036326+08:00	0x01	0.4102	0.4090	-0.8051	0.1271	168.32	300.58	49.73
2026-06-18T21:48:40.9036326+08:00	0x02	-0.0650	-0.5968	0.7992	0.0295	156.44	333.52	71.83
2026-06-18T21:48:40.9036326+08:00	0x04	-0.2999	0.0985	0.5904	-0.7428	277.48	327.99	19.22
2026-06-18T21:48:40.9036326+08:00	0x03	-0.2824	0.4204	0.7720	0.3842	134.65	346.94	300.00
2026-06-18T21:48:40.9036326+08:00	0x03	-0.2818	0.4223	0.7686	0.3893	133.35	347.85	299.71
2026-06-18T21:48:40.9036326+08:00	0x02	-0.0621	-0.6123	0.7878	0.0259	154.85	331.89	74.04
2026-06-18T21:48:40.9036326+08:00	0x04	-0.2963	0.1024	0.5972	-0.7383	276.72	327.85	18.37
2026-06-18T21:48:40.9036326+08:00	0x03	-0.2810	0.4254	0.7652	0.3932	132.20	348.76	299.32
2026-06-18T21:48:40.9036326+08:00	0x02	-0.0637	-0.6094	0.7898	0.0267	154.91	331.88	73.60
2026-06-18T21:48:40.9036326+08:00	0x04	-0.2968	0.0877	0.5902	-0.7456	277.77	329.24	19.82
2026-06-18T21:48:40.9036326+08:00	0x01	0.4134	0.4027	-0.8067	0.1267	168.70	300.58	48.99
2026-06-18T21:48:40.9036326+08:00	0x03	-0.2788	0.4219	0.7639	0.4009	130.52	349.83	299.75
2026-06-18T21:48:40.9036326+08:00	0x02	-0.0607	-0.6213	0.7808	0.0249	153.25	330.32	75.29
2026-06-18T21:48:40.9036326+08:00	0x04	-0.2923	0.0918	0.5716	-0.7612	280.77	329.73	19.88
2026-06-18T21:48:40.9036326+08:00	0x03	-0.2837	0.4228	0.7699	0.3847	134.51	346.96	299.62
2026-06-18T21:48:40.9036326+08:00	0x01	0.4136	0.4030	-0.8074	0.1214	168.00	300.31	48.69
2026-06-18T21:48:40.9036326+08:00	0x02	-0.0605	-0.6253	0.7775	0.0268	151.54	328.79	75.75
2026-06-18T21:48:40.9036326+08:00	0x04	-0.2974	0.0893	0.5782	-0.7545	279.47	329.34	20.21
2026-06-18T21:48:40.9036326+08:00	0x03	-0.2847	0.4187	0.7708	0.3867	134.40	346.71	300.04
2026-06-18T21:48:40.9036326+08:00	0x02	-0.0612	-0.6288	0.7746	0.0286	149.72	327.06	76.09
2026-06-18T21:48:40.9036326+08:00	0x04	-0.2923	0.1145	0.6012	-0.7348	276.37	327.07	16.97
2026-06-18T21:48:40.9036326+08:00	0x03	-0.2770	0.4273	0.7707	0.3830	134.00	348.30	299.44
2026-06-18T21:48:40.9036326+08:00	0x02	-0.0625	-0.6332	0.7709	0.0295	147.61	324.91	76.55
2026-06-18T21:48:40.9041584+08:00	0x04	-0.3020	0.1112	0.5732	-0.7536	279.79	327.06	19.13
2026-06-18T21:48:40.9041639+08:00	0x03	-0.2784	0.4219	0.7735	0.3824	134.58	347.55	300.05
2026-06-18T21:48:40.9041639+08:00	0x01	0.4138	0.4007	-0.8086	0.1201	168.06	300.42	48.36
2026-06-18T21:48:40.9041639+08:00	0x02	-0.0615	-0.6331	0.7710	0.0304	147.60	325.05	76.54
2026-06-18T21:48:40.9041639+08:00	0x04	-0.3107	0.1146	0.5460	-0.7695	283.01	326.55	20.68
2026-06-18T21:48:40.9041639+08:00	0x03	-0.2840	0.4232	0.7710	0.3820	135.11	346.59	299.61
2026-06-18T21:48:40.9041639+08:00	0x02	-0.0579	-0.6448	0.7618	0.0236	146.55	323.75	78.43
2026-06-18T21:48:40.9041639+08:00	0x04	-0.2901	0.0876	0.5927	-0.7462	277.86	329.82	19.21
2026-06-18T21:48:40.9041639+08:00	0x01	0.3803	0.4351	-0.8024	0.1491	170.96	304.65	54.26
2026-06-18T21:48:40.9041639+08:00	0x03	-0.2686	0.4220	0.7597	0.4156	126.41	353.46	300.19
2026-06-18T21:48:40.9041639+08:00	0x02	0.1011	-0.5957	0.7729	0.1937	140.27	344.59	73.74
2026-06-18T21:48:40.9041639+08:00	0x04	-0.2741	0.0953	0.6900	-0.6631	263.95	328.75	13.41
2026-06-18T21:48:40.9041639+08:00	0x03	-0.2085	0.4414	0.6712	0.5578	88.78	22.10	304.39
2026-06-18T21:48:40.9041639+08:00	0x02	0.2219	-0.3402	0.6347	0.6574	82.01	346.11	46.35
2026-06-18T21:48:40.9041639+08:00	0x04	-0.2874	0.0841	0.6237	-0.7220	273.43	329.68	18.06
2026-06-18T21:48:40.9041639+08:00	0x01	0.1950	0.4168	-0.8840	0.0822	178.45	334.39	50.26
2026-06-18T21:48:40.9041639+08:00	0x03	-0.2072	0.4651	0.6537	0.5598	83.72	27.42	302.86
2026-06-18T21:48:40.9041639+08:00	0x04	-0.2989	0.0843	0.5576	-0.7698	282.38	330.15	21.48
2026-06-18T21:48:40.9041639+08:00	0x01	0.2458	0.3808	-0.8840	0.1149	181.34	329.51	46.86
2026-06-18T21:48:40.9041639+08:00	0x03	-0.2082	0.4767	0.6421	0.5632	80.40	30.43	302.16
2026-06-18T21:48:40.9041639+08:00	0x04	-0.2831	0.0592	0.5376	-0.7920	286.47	334.45	22.63
2026-06-18T21:48:40.9041639+08:00	0x01	0.3625	0.4036	-0.8374	0.0675	164.89	306.67	46.45
2026-06-18T21:48:40.9041639+08:00	0x02	-0.2540	-0.5124	0.7857	0.2358	119.97	298.36	43.26
2026-06-18T21:48:40.9041639+08:00	0x04	-0.2567	0.0414	0.5083	-0.8210	292.33	339.17	22.30
2026-06-18T21:48:40.9041639+08:00	0x01	0.3793	0.3628	-0.8508	0.0260	162.57	305.63	39.57
2026-06-18T21:48:40.9041639+08:00	0x03	-0.2074	0.4776	0.6395	0.5657	79.63	31.00	302.28
2026-06-18T21:48:40.9041639+08:00	0x04	-0.2598	0.0142	0.4932	-0.8301	294.61	342.07	24.66
2026-06-18T21:48:40.9041639+08:00	0x01	0.3732	0.3616	-0.8544	-0.0078	159.03	305.57	37.74
2026-06-18T21:48:40.9041639+08:00	0x03	-0.1974	0.4724	0.6621	0.5472	85.18	28.26	302.69
2026-06-18T21:48:40.9041639+08:00	0x02	0.0042	-0.5676	0.7827	-0.2551	240.85	39.80	62.44
2026-06-18T21:48:40.9041639+08:00	0x04	-0.2888	0.0067	0.4752	-0.8311	295.67	341.08	28.27
2026-06-18T21:48:40.9041639+08:00	0x03	-0.2008	0.4618	0.6975	0.5099	95.82	21.16	301.91
2026-06-18T21:48:40.9041639+08:00	0x01	0.3630	0.3417	-0.8651	-0.0554	155.66	307.07	33.43
2026-06-18T21:48:40.9041639+08:00	0x04	-0.3136	0.0018	0.4607	-0.8303	296.30	340.02	31.28
2026-06-18T21:48:40.9041639+08:00	0x01	0.3628	0.3428	-0.8646	-0.0579	155.30	306.95	33.42
2026-06-18T21:48:40.9047136+08:00	0x02	0.1704	-0.5378	0.6511	-0.5078	276.36	64.68	31.82
2026-06-18T21:48:40.9047136+08:00	0x04	-0.3149	-0.0037	0.4447	-0.8385	298.65	341.14	32.10
2026-06-18T21:48:40.9047136+08:00	0x01	0.3633	0.3447	-0.8635	-0.0605	154.82	306.69	33.45
2026-06-18T21:48:40.9047136+08:00	0x04	-0.2999	-0.0104	0.4319	-0.8505	301.54	343.60	31.28
2026-06-18T21:48:40.9047136+08:00	0x03	-0.2028	0.4598	0.7063	0.4987	98.77	19.17	301.61
2026-06-18T21:48:40.9047136+08:00	0x01	0.3648	0.3460	-0.8623	-0.0611	154.59	306.37	33.51
2026-06-18T21:48:40.9047136+08:00	0x04	-0.3176	-0.0121	0.4248	-0.8477	301.55	342.65	33.27
2026-06-18T21:48:40.9047136+08:00	0x03	-0.2019	0.4614	0.7056	0.4985	98.50	19.57	301.52
2026-06-18T21:48:40.9047136+08:00	0x02	0.2823	-0.4879	0.5240	-0.6385	287.14	68.36	8.68
2026-06-18T21:48:40.9047136+08:00	0x04	-0.3101	-0.0157	0.4141	-0.8556	303.62	344.11	32.93
2026-06-18T21:48:40.9047136+08:00	0x03	-0.2043	0.4622	0.7016	0.5024	97.51	19.95	301.37
2026-06-18T21:48:40.9047136+08:00	0x02	0.3010	-0.4742	0.4952	-0.6628	289.21	68.29	4.06
2026-06-18T21:48:40.9047136+08:00	0x04	-0.3173	-0.0128	0.4131	-0.8535	303.27	343.25	33.53
2026-06-18T21:48:40.9047136+08:00	0x03	-0.2047	0.4596	0.7012	0.5051	97.37	19.74	301.64
2026-06-18T21:48:40.9047136+08:00	0x01	0.3666	0.3449	-0.8620	-0.0608	154.64	306.21	33.37
2026-06-18T21:48:40.9047136+08:00	0x04	-0.3169	-0.0129	0.4118	-0.8543	303.48	343.34	33.51
2026-06-18T21:48:40.9047136+08:00	0x03	-0.2060	0.4542	0.7028	0.5072	97.88	18.82	302.06
2026-06-18T21:48:40.9047136+08:00	0x02	0.3323	-0.4602	0.4633	-0.6806	290.49	69.16	358.52
2026-06-18T21:48:40.9047136+08:00	0x04	-0.3138	-0.0201	0.4112	-0.8556	303.94	344.42	33.61
2026-06-18T21:48:40.9047136+08:00	0x03	-0.2067	0.4519	0.7022	0.5099	97.70	18.63	302.28
2026-06-18T21:48:40.9047136+08:00	0x01	0.3666	0.3564	-0.8575	-0.0565	154.15	305.49	34.74
2026-06-18T21:48:40.9047136+08:00	0x03	-0.2064	0.4535	0.7020	0.5088	97.65	18.84	302.14
2026-06-18T21:48:40.9047136+08:00	0x01	0.3669	0.3544	-0.8582	-0.0574	154.21	305.57	34.48
2026-06-18T21:48:40.9047136+08:00	0x04	-0.3160	-0.0184	0.4069	-0.8569	304.38	344.24	33.82
2026-06-18T21:48:40.9047136+08:00	0x03	-0.2063	0.4525	0.7013	0.5107	97.41	18.88	302.28
2026-06-18T21:48:40.9047136+08:00	0x01	0.3675	0.3516	-0.8589	-0.0592	154.22	305.64	34.09
2026-06-18T21:48:40.9047136+08:00	0x02	0.3442	-0.4500	0.4444	-0.6939	291.67	68.95	355.54
2026-06-18T21:48:40.9047136+08:00	0x04	-0.3170	-0.0135	0.4037	-0.8581	304.65	343.74	33.71
2026-06-18T21:48:40.9047136+08:00	0x03	-0.2101	0.4525	0.6973	0.5147	96.55	18.99	302.08
2026-06-18T21:48:40.9047136+08:00	0x02	0.3452	-0.4505	0.4353	-0.6989	292.60	69.07	354.82
2026-06-18T21:48:40.9047136+08:00	0x01	0.3689	0.3505	-0.8590	-0.0561	154.62	305.61	34.10
2026-06-18T21:48:40.9047136+08:00	0x04	-0.3242	-0.0114	0.4019	-0.8563	304.43	343.02	34.36
2026-06-18T21:48:40.9047136+08:00	0x03	-0.2081	0.4573	0.6946	0.5150	95.59	20.17	301.84
2026-06-18T21:48:40.9047136+08:00	0x02	0.3505	-0.4488	0.4294	-0.7009	292.81	69.31	353.93
2026-06-18T21:48:40.9047136+08:00	0x04	-0.3215	-0.0116	0.4052	-0.8557	304.12	343.12	34.03
2026-06-18T21:48:40.9047136+08:00	0x03	-0.2075	0.4545	0.6948	0.5173	95.55	19.97	302.19
2026-06-18T21:48:40.9047136+08:00	0x02	0.3529	-0.4481	0.4291	-0.7004	292.65	69.43	353.70
2026-06-18T21:48:40.9047136+08:00	0x01	0.3696	0.3544	-0.8568	-0.0603	153.77	305.12	34.24
2026-06-18T21:48:40.9047136+08:00	0x04	-0.3207	-0.0105	0.4061	-0.8557	304.02	343.01	33.87
2026-06-18T21:48:40.9047136+08:00	0x03	-0.2071	0.4542	0.6946	0.5181	95.44	20.03	302.28
2026-06-18T21:48:40.9047136+08:00	0x02	0.3525	-0.4474	0.4273	-0.7021	292.88	69.30	353.53
2026-06-18T21:48:40.9047136+08:00	0x01	0.3692	0.3556	-0.8565	-0.0594	153.78	305.11	34.43
2026-06-18T21:48:40.9047136+08:00	0x04	-0.3092	-0.0098	0.4050	-0.8604	304.84	343.89	32.69
2026-06-18T21:48:40.9047136+08:00	0x03	-0.2073	0.4542	0.6948	0.5177	95.53	19.96	302.25
2026-06-18T21:48:40.9047136+08:00	0x02	0.3565	-0.4474	0.4255	-0.7012	292.73	69.64	353.16
2026-06-18T21:48:40.9047136+08:00	0x01	0.3690	0.3584	-0.8554	-0.0613	153.34	304.89	34.60
2026-06-18T21:48:40.9047136+08:00	0x04	-0.3145	-0.0104	0.4076	-0.8572	304.16	343.43	33.21
2026-06-18T21:48:40.9047136+08:00	0x03	-0.2066	0.4531	0.6955	0.5180	95.64	19.86	302.41
2026-06-18T21:48:40.9047136+08:00	0x02	0.3580	-0.4480	0.4261	-0.6997	292.53	69.84	353.16
2026-06-18T21:48:40.9047136+08:00	0x01	0.3691	0.3597	-0.8547	-0.0623	153.10	304.75	34.68
2026-06-18T21:48:40.9047136+08:00	0x03	-0.2058	0.4515	0.6959	0.5192	95.66	19.77	302.64
2026-06-18T21:48:40.9047136+08:00	0x02	0.3574	-0.4481	0.4279	-0.6989	292.40	69.80	353.34
2026-06-18T21:48:40.9047136+08:00	0x01	0.3690	0.3600	-0.8547	-0.0607	153.26	304.79	34.79
2026-06-18T21:48:40.9047136+08:00	0x04	-0.3150	-0.0105	0.4053	-0.8581	304.47	343.50	33.31
2026-06-18T21:48:40.9047136+08:00	0x03	-0.2068	0.4526	0.6955	0.5183	95.68	19.78	302.44
2026-06-18T21:48:40.9047136+08:00	0x02	0.3579	-0.4478	0.4274	-0.6991	292.40	69.81	353.25
2026-06-18T21:48:40.9047136+08:00	0x01	0.3682	0.3601	-0.8550	-0.0610	153.26	304.88	34.81
2026-06-18T21:48:40.9047136+08:00	0x04	-0.3182	-0.0105	0.4059	-0.8567	304.19	343.22	33.62
2026-06-18T21:48:40.9047136+08:00	0x03	-0.2074	0.4530	0.6955	0.5178	95.73	19.73	302.34
2026-06-18T21:48:40.9047136+08:00	0x02	0.3587	-0.4475	0.4268	-0.6992	292.40	69.84	353.13
2026-06-18T21:48:40.9047136+08:00	0x01	0.3686	0.3597	-0.8549	-0.0621	153.15	304.83	34.70
2026-06-18T21:48:40.9047136+08:00	0x04	-0.3125	-0.0125	0.4057	-0.8588	304.61	343.90	33.15
2026-06-18T21:48:40.9057503+08:00	0x03	-0.2068	0.4537	0.6950	0.5180	95.53	19.97	302.34
2026-06-18T21:48:40.9057503+08:00	0x02	0.3551	-0.4465	0.4265	-0.7019	292.75	69.42	353.25
2026-06-18T21:48:40.9057503+08:00	0x01	0.3689	0.3591	-0.8552	-0.0597	153.46	304.89	34.76
2026-06-18T21:48:40.9057503+08:00	0x04	-0.3169	-0.0107	0.4043	-0.8579	304.51	343.41	33.53
2026-06-18T21:48:40.9057503+08:00	0x03	-0.2073	0.4548	0.6943	0.5179	95.37	20.12	302.20
2026-06-18T21:48:40.9057503+08:00	0x02	0.3557	-0.4460	0.4258	-0.7023	292.77	69.41	353.11
2026-06-18T21:48:40.9057503+08:00	0x01	0.3684	0.3585	-0.8556	-0.0607	153.41	304.97	34.66
2026-06-18T21:48:40.9057503+08:00	0x04	-0.3162	-0.0079	0.4045	-0.8581	304.45	343.16	33.30
2026-06-18T21:48:40.9057503+08:00	0x03	-0.2067	0.4547	0.6946	0.5177	95.43	20.13	302.24
2026-06-18T21:48:40.9057503+08:00	0x02	0.3581	-0.4451	0.4242	-0.7026	292.75	69.51	352.78
2026-06-18T21:48:40.9057503+08:00	0x01	0.3675	0.3584	-0.8560	-0.0609	153.45	305.10	34.66
2026-06-18T21:48:40.9057503+08:00	0x04	-0.3224	-0.0047	0.4046	-0.8558	303.98	342.30	33.75
2026-06-18T21:48:40.9057503+08:00	0x02	0.3583	-0.4445	0.4235	-0.7034	292.81	69.45	352.68
2026-06-18T21:48:40.9057503+08:00	0x01	0.3672	0.3584	-0.8561	-0.0609	153.46	305.14	34.67
2026-06-18T21:48:40.9057503+08:00	0x04	-0.3209	-0.0047	0.4045	-0.8564	304.09	342.42	33.60
2026-06-18T21:48:40.9057503+08:00	0x03	-0.2051	0.4572	0.6926	0.5188	94.69	20.92	302.20
2026-06-18T21:48:40.9057503+08:00	0x02	0.3577	-0.4440	0.4228	-0.7044	292.94	69.34	352.62
2026-06-18T21:48:40.9057503+08:00	0x01	0.3677	0.3593	-0.8556	-0.0603	153.43	305.03	34.78
2026-06-18T21:48:40.9057503+08:00	0x04	-0.3231	-0.0071	0.4040	-0.8557	304.08	342.53	33.97
2026-06-18T21:48:40.9057503+08:00	0x03	-0.2061	0.4566	0.6926	0.5190	94.79	20.71	302.18
2026-06-18T21:48:40.9057503+08:00	0x02	0.3560	-0.4441	0.4231	-0.7050	293.05	69.21	352.75
2026-06-18T21:48:40.9057503+08:00	0x01	0.3684	0.3585	-0.8556	-0.0602	153.47	304.98	34.69
2026-06-18T21:48:40.9057503+08:00	0x04	-0.3243	-0.0059	0.4050	-0.8549	303.84	342.26	34.00
2026-06-18T21:48:40.9057503+08:00	0x03	-0.2056	0.4570	0.6918	0.5199	94.48	20.97	302.21
2026-06-18T21:48:40.9057503+08:00	0x02	0.3582	-0.4436	0.4223	-0.7047	292.95	69.34	352.52
2026-06-18T21:48:40.9057503+08:00	0x01	0.3676	0.3583	-0.8560	-0.0610	153.43	305.09	34.65
2026-06-18T21:48:40.9057503+08:00	0x04	-0.3244	-0.0057	0.4047	-0.8550	303.87	342.25	34.01
2026-06-18T21:48:40.9057503+08:00	0x03	-0.2058	0.4571	0.6925	0.5187	94.73	20.83	302.15
2026-06-18T21:48:40.9057503+08:00	0x02	0.3590	-0.4435	0.4219	-0.7046	292.93	69.39	352.43
2026-06-18T21:48:40.9057503+08:00	0x01	0.3675	0.3586	-0.8559	-0.0610	153.42	305.09	34.68
2026-06-18T21:48:40.9057503+08:00	0x04	-0.3240	-0.0064	0.4049	-0.8550	303.89	342.35	34.00
2026-06-18T21:48:40.9057503+08:00	0x03	-0.2062	0.4564	0.6928	0.5189	94.85	20.66	302.19
2026-06-18T21:48:40.9057503+08:00	0x02	0.3571	-0.4439	0.4230	-0.7046	292.97	69.28	352.66
2026-06-18T21:48:40.9057503+08:00	0x01	0.3686	0.3588	-0.8555	-0.0605	153.42	304.94	34.70
2026-06-18T21:48:40.9057503+08:00	0x04	-0.3185	-0.0105	0.4039	-0.8575	304.46	343.29	33.69
2026-06-18T21:48:40.9057503+08:00	0x02	0.3636	-0.4406	0.4873	-0.6604	285.13	69.65	357.08
2026-06-18T21:48:40.9057503+08:00	0x03	-0.2063	0.4582	0.6893	0.5219	93.81	21.39	302.12
2026-06-18T21:48:40.9057503+08:00	0x02	0.2732	-0.4602	0.6111	-0.5833	276.15	63.86	14.11
2026-06-18T21:48:40.9057503+08:00	0x01	0.3774	0.3674	-0.8484	0.0530	165.51	306.51	41.56
2026-06-18T21:48:40.9057503+08:00	0x03	-0.2081	0.4572	0.6923	0.5180	94.90	20.54	301.93
2026-06-18T21:48:40.9057503+08:00	0x04	-0.3198	-0.0078	0.4036	-0.8572	304.36	342.89	33.68
2026-06-18T21:48:40.9057503+08:00	0x02	0.2382	-0.4800	0.6579	-0.5291	271.28	62.61	22.31
2026-06-18T21:48:40.9057503+08:00	0x03	-0.2082	0.4583	0.6935	0.5155	95.28	20.44	301.76
2026-06-18T21:48:40.9057503+08:00	0x04	-0.3209	-0.0041	0.4019	-0.8576	304.44	342.46	33.62
2026-06-18T21:48:40.9057503+08:00	0x02	0.2104	-0.4893	0.6854	-0.4965	268.19	60.81	27.51
2026-06-18T21:48:40.9057503+08:00	0x01	0.3823	0.3663	-0.8466	0.0544	165.48	305.87	41.43
2026-06-18T21:48:40.9057503+08:00	0x03	-0.2084	0.4603	0.6941	0.5127	95.54	20.48	301.49
2026-06-18T21:48:40.9057503+08:00	0x04	-0.3196	-0.0024	0.4040	-0.8571	304.18	342.29	33.36
2026-06-18T21:48:40.9057503+08:00	0x02	0.1897	-0.4986	0.7077	-0.4631	265.01	59.47	32.01
2026-06-18T21:48:40.9057503+08:00	0x01	0.3681	0.3739	-0.8491	0.0607	166.43	307.79	42.81
2026-06-18T21:48:40.9057503+08:00	0x03	-0.2098	0.4612	0.6957	0.5092	96.21	20.07	301.20
2026-06-18T21:48:40.9057503+08:00	0x04	-0.3236	-0.0013	0.4045	-0.8554	303.84	341.82	33.69
2026-06-18T21:48:40.9057503+08:00	0x02	0.1764	-0.4783	0.7343	-0.4483	260.36	55.08	32.97
2026-06-18T21:48:40.9057503+08:00	0x03	-0.2121	0.4607	0.6922	0.5135	95.35	20.28	301.18
2026-06-18T21:48:40.9057503+08:00	0x04	-0.3232	0.0001	0.4072	-0.8543	303.45	341.59	33.51
2026-06-18T21:48:40.9057503+08:00	0x01	0.3579	0.3628	-0.8601	0.0223	163.25	308.72	39.80
2026-06-18T21:48:40.9057503+08:00	0x02	0.2244	-0.4765	0.6364	-0.5636	275.48	61.58	20.70
2026-06-18T21:48:40.9057503+08:00	0x03	-0.2120	0.4635	0.6908	0.5128	94.96	20.79	300.92
2026-06-18T21:48:40.9057503+08:00	0x02	0.2581	-0.4826	0.6070	-0.5763	277.80	65.24	16.76
2026-06-18T21:48:40.9057503+08:00	0x03	-0.2095	0.4648	0.6891	0.5150	94.17	21.59	301.09
2026-06-18T21:48:40.9057503+08:00	0x04	-0.3338	0.0099	0.4080	-0.8497	302.39	339.58	34.00
2026-06-18T21:48:40.9057503+08:00	0x02	0.2754	-0.4863	0.5809	-0.5918	280.29	67.26	13.83
2026-06-18T21:48:40.9067556+08:00	0x03	-0.2089	0.4664	0.6887	0.5143	94.00	21.90	300.99
2026-06-18T21:48:40.9067556+08:00	0x04	-0.3347	0.0128	0.4087	-0.8490	302.16	339.15	33.91
2026-06-18T21:48:40.9067556+08:00	0x02	0.2813	-0.4823	0.5707	-0.6021	281.23	67.34	12.22
2026-06-18T21:48:40.9067556+08:00	0x03	-0.2077	0.4679	0.6880	0.5144	93.67	22.34	300.97
2026-06-18T21:48:40.9067556+08:00	0x04	-0.3365	0.0142	0.4098	-0.8477	301.86	338.81	33.98
2026-06-18T21:48:40.9067556+08:00	0x02	0.2853	-0.4803	0.5649	-0.6073	281.71	67.47	11.32
2026-06-18T21:48:40.9067556+08:00	0x03	-0.2079	0.4687	0.6871	0.5148	93.42	22.54	300.90
2026-06-18T21:48:40.9067556+08:00	0x01	0.3780	0.3525	-0.8561	-0.0024	160.19	305.66	36.99
2026-06-18T21:48:40.9067556+08:00	0x04	-0.3359	0.0129	0.4094	-0.8482	301.99	339.01	34.00
2026-06-18T21:48:40.9067556+08:00	0x01	0.3791	0.3518	-0.8559	-0.0018	160.27	305.58	36.93
2026-06-18T21:48:40.9067556+08:00	0x02	0.2888	-0.4780	0.5613	-0.6109	281.93	67.49	10.59
2026-06-18T21:48:40.9067556+08:00	0x03	-0.2072	0.4688	0.6875	0.5144	93.47	22.59	300.93
2026-06-18T21:48:40.9067556+08:00	0x04	-0.3360	0.0147	0.4117	-0.8470	301.60	338.71	33.86
2026-06-18T21:48:40.9067556+08:00	0x02	0.2929	-0.4764	0.5595	-0.6117	281.86	67.65	10.07
2026-06-18T21:48:40.9067556+08:00	0x01	0.3795	0.3512	-0.8560	-0.0006	160.45	305.60	36.92
2026-06-18T21:48:40.9067556+08:00	0x04	-0.3370	0.0166	0.4124	-0.8462	301.39	338.38	33.83
2026-06-18T21:48:40.9067556+08:00	0x03	-0.2074	0.4684	0.6879	0.5141	93.63	22.45	300.93
2026-06-18T21:48:40.9067556+08:00	0x02	0.2960	-0.4755	0.5570	-0.6132	281.96	67.81	9.59
2026-06-18T21:48:40.9067556+08:00	0x03	-0.2069	0.4686	0.6879	0.5142	93.57	22.54	300.97
2026-06-18T21:48:40.9067556+08:00	0x02	0.2963	-0.4742	0.5562	-0.6148	282.03	67.68	9.39
2026-06-18T21:48:40.9067556+08:00	0x03	-0.2071	0.4690	0.6870	0.5149	93.32	22.70	300.94
2026-06-18T21:48:40.9067556+08:00	0x04	-0.3361	0.0186	0.4142	-0.8457	301.15	338.17	33.58
2026-06-18T21:48:40.9067556+08:00	0x02	0.2975	-0.4741	0.5554	-0.6150	282.05	67.76	9.25
2026-06-18T21:48:40.9067556+08:00	0x01	0.3803	0.3520	-0.8553	-0.0008	160.32	305.42	36.98
2026-06-18T21:48:40.9067556+08:00	0x03	-0.2075	0.4688	0.6877	0.5140	93.56	22.52	300.89
2026-06-18T21:48:40.9067556+08:00	0x04	-0.3380	0.0186	0.4141	-0.8449	301.03	338.01	33.76
2026-06-18T21:48:40.9067556+08:00	0x02	0.2954	-0.4737	0.5549	-0.6168	282.27	67.56	9.29
2026-06-18T21:48:40.9067556+08:00	0x03	-0.2083	0.4694	0.6865	0.5149	93.27	22.66	300.81
2026-06-18T21:48:40.9067556+08:00	0x04	-0.3370	0.0172	0.4138	-0.8455	301.17	338.25	33.75
2026-06-18T21:48:40.9067556+08:00	0x02	0.2975	-0.4738	0.5542	-0.6163	282.20	67.74	9.12
2026-06-18T21:48:40.9067556+08:00	0x03	-0.2082	0.4692	0.6859	0.5158	93.09	22.76	300.85
2026-06-18T21:48:40.9067556+08:00	0x04	-0.3395	0.0206	0.4149	-0.8439	300.77	337.62	33.77
2026-06-18T21:48:40.9067556+08:00	0x02	0.2978	-0.4732	0.5537	-0.6171	282.24	67.70	9.00
2026-06-18T21:48:40.9067556+08:00	0x03	-0.2077	0.4696	0.6853	0.5164	92.86	22.97	300.89
2026-06-18T21:48:40.9067556+08:00	0x04	-0.3394	0.0218	0.4144	-0.8442	300.82	337.52	33.71
2026-06-18T21:48:40.9067556+08:00	0x02	0.2990	-0.4734	0.5538	-0.6163	282.15	67.82	8.97
2026-06-18T21:48:40.9067556+08:00	0x01	0.3796	0.3517	-0.8557	0.0005	160.53	305.58	37.04
2026-06-18T21:48:40.9067556+08:00	0x03	-0.2071	0.4691	0.6854	0.5169	92.83	22.99	301.00
2026-06-18T21:48:40.9067556+08:00	0x04	-0.3305	0.0192	0.4154	-0.8473	301.34	338.53	32.96
2026-06-18T21:48:40.9067556+08:00	0x02	0.2953	-0.4738	0.5551	-0.6166	282.25	67.57	9.31
2026-06-18T21:48:40.9067556+08:00	0x04	-0.3285	0.0161	0.4144	-0.8486	301.70	339.08	32.96
2026-06-18T21:48:40.9067556+08:00	0x03	-0.2096	0.4683	0.6862	0.5156	93.32	22.41	300.81
2026-06-18T21:48:40.9067556+08:00	0x02	0.2786	-0.4734	0.5579	-0.6221	283.07	66.22	10.46
2026-06-18T21:48:40.9067556+08:00	0x04	-0.3416	0.0240	0.4116	-0.8446	301.02	337.21	33.87
2026-06-18T21:48:40.9067556+08:00	0x02	0.2266	-0.4471	0.5998	-0.6237	280.59	59.04	14.69
2026-06-18T21:48:40.9067556+08:00	0x04	-0.3453	0.0318	0.4096	-0.8438	300.85	336.10	33.83
2026-06-18T21:48:40.9067556+08:00	0x02	0.2481	-0.4434	0.5916	-0.6260	280.44	60.32	12.36
2026-06-18T21:48:40.9067556+08:00	0x01	0.3834	0.3237	-0.8642	0.0365	166.78	307.85	35.98
2026-06-18T21:48:40.9067556+08:00	0x03	-0.2091	0.4738	0.6727	0.5285	89.16	25.33	300.86
2026-06-18T21:48:40.9067556+08:00	0x01	0.3810	0.3371	-0.8602	0.0360	165.79	307.39	37.40
2026-06-18T21:48:40.9067556+08:00	0x02	0.2667	-0.4433	0.5775	-0.6316	281.17	61.83	10.08
2026-06-18T21:48:40.9067556+08:00	0x03	-0.2120	0.4739	0.6688	0.5321	88.27	25.60	300.74
2026-06-18T21:48:40.9067556+08:00	0x04	-0.3400	0.0274	0.4277	-0.8371	298.74	336.31	33.08
2026-06-18T21:48:40.9067556+08:00	0x02	0.2561	-0.4395	0.5978	-0.6197	279.07	60.44	12.00
2026-06-18T21:48:40.9067556+08:00	0x03	-0.1938	0.4800	0.6678	0.5349	86.41	28.76	301.96
2026-06-18T21:48:40.9067556+08:00	0x02	0.3266	-0.4605	0.5487	-0.6166	280.69	68.63	5.89
2026-06-18T21:48:40.9067556+08:00	0x03	-0.1839	0.4830	0.6643	0.5401	84.72	30.78	302.83
2026-06-18T21:48:40.9067556+08:00	0x02	0.2519	-0.5074	0.5976	-0.5674	279.65	67.78	18.71
2026-06-18T21:48:40.9067556+08:00	0x04	-0.2987	-0.0058	0.3645	-0.8820	311.00	345.82	32.08
2026-06-18T21:48:40.9067556+08:00	0x03	-0.1692	0.4707	0.7056	0.5019	95.51	25.08	303.47
2026-06-18T21:48:40.9067556+08:00	0x02	0.1837	-0.5382	0.6632	-0.4866	273.59	65.29	32.35
2026-06-18T21:48:40.9067556+08:00	0x04	-0.3062	-0.0160	0.4024	-0.8626	305.53	344.92	32.76
2026-06-18T21:48:40.9067556+08:00	0x03	-0.1827	0.4692	0.7418	0.4430	108.99	16.36	300.92
2026-06-18T21:48:40.9067556+08:00	0x02	0.1435	-0.5424	0.7034	-0.4364	267.71	61.25	39.63
2026-06-18T21:48:40.9067556+08:00	0x01	0.3765	0.3761	-0.8450	0.0524	164.69	305.99	42.46
2026-06-18T21:48:40.9077923+08:00	0x03	-0.2231	0.4525	0.7751	0.3803	127.84	359.81	299.40
2026-06-18T21:48:40.9077923+08:00	0x04	-0.2746	-0.0108	0.3427	-0.8983	315.21	348.76	30.05
2026-06-18T21:48:40.9077923+08:00	0x01	0.3740	0.3707	-0.8494	0.0355	163.28	306.18	41.02
2026-06-18T21:48:40.9077923+08:00	0x03	-0.2516	0.4457	0.7821	0.3555	136.53	350.85	298.83
2026-06-18T21:48:40.9077923+08:00	0x04	-0.2703	-0.0115	0.4187	-0.8669	304.96	346.40	28.57
2026-06-18T21:48:40.9077923+08:00	0x02	0.0999	-0.5722	0.7265	-0.3670	263.33	60.09	49.31
2026-06-18T21:48:40.9077923+08:00	0x01	0.3718	0.3772	-0.8476	0.0331	162.53	305.95	41.61
2026-06-18T21:48:40.9077923+08:00	0x03	-0.2641	0.4391	0.7814	0.3561	138.02	348.11	299.03
2026-06-18T21:48:40.9077923+08:00	0x04	-0.2992	0.0319	0.4946	-0.8154	291.89	336.98	27.15
2026-06-18T21:48:40.9077923+08:00	0x02	0.0834	-0.5761	0.7389	-0.3393	259.95	57.93	52.64
2026-06-18T21:48:40.9077923+08:00	0x03	-0.2571	0.4410	0.7849	0.3512	138.32	348.90	299.20
2026-06-18T21:48:40.9077923+08:00	0x04	-0.2900	0.0268	0.5102	-0.8093	290.30	337.78	26.24
2026-06-18T21:48:40.9077923+08:00	0x02	0.0723	-0.5765	0.7493	-0.3177	256.59	55.62	54.89
2026-06-18T21:48:40.9077923+08:00	0x03	-0.2626	0.4327	0.7848	0.3576	137.90	348.12	299.89
2026-06-18T21:48:40.9077923+08:00	0x04	-0.2870	0.0247	0.5260	-0.8002	288.23	337.74	25.68
2026-06-18T21:48:40.9077923+08:00	0x02	0.0509	-0.5709	0.7632	-0.2983	251.67	50.65	57.26
2026-06-18T21:48:40.9077923+08:00	0x01	0.3722	0.3769	-0.8474	0.0367	162.97	306.03	41.76
2026-06-18T21:48:40.9077923+08:00	0x04	-0.2864	0.0267	0.5281	-0.7990	287.94	337.53	25.43
2026-06-18T21:48:40.9077923+08:00	0x03	-0.2770	0.4265	0.7797	0.3652	137.96	345.99	299.83
2026-06-18T21:48:40.9077923+08:00	0x04	-0.2927	0.0245	0.5433	-0.7865	285.34	336.69	25.71
2026-06-18T21:48:40.9077923+08:00	0x02	0.0325	-0.5676	0.7771	-0.2701	245.32	45.28	59.83
2026-06-18T21:48:40.9077923+08:00	0x01	0.3628	0.3954	-0.8422	0.0521	163.71	306.65	44.74
2026-06-18T21:48:40.9077923+08:00	0x04	-0.2870	0.0235	0.5456	-0.7870	285.38	337.23	25.22
2026-06-18T21:48:40.9077923+08:00	0x02	0.0197	-0.5326	0.8203	-0.2075	226.19	30.39	59.95
2026-06-18T21:48:40.9077923+08:00	0x01	0.3432	0.3906	-0.8521	0.0598	166.42	310.48	44.98
2026-06-18T21:48:40.9077923+08:00	0x03	-0.2899	0.4259	0.7769	0.3619	139.96	343.13	299.35
2026-06-18T21:48:40.9077923+08:00	0x04	-0.2953	0.0393	0.5453	-0.7835	284.73	334.99	24.82
2026-06-18T21:48:40.9077923+08:00	0x02	-0.0144	-0.5304	0.8349	-0.1462	210.11	16.69	62.86
2026-06-18T21:48:40.9077923+08:00	0x03	-0.2950	0.4315	0.7749	0.3556	141.66	341.66	298.55
2026-06-18T21:48:40.9077923+08:00	0x04	-0.2937	0.0416	0.5535	-0.7782	283.62	334.68	24.27
2026-06-18T21:48:40.9077923+08:00	0x02	-0.0311	-0.5273	0.8478	-0.0475	186.22	359.67	63.77
2026-06-18T21:48:40.9077923+08:00	0x01	0.3774	0.3632	-0.8423	0.1269	175.10	309.70	45.05
2026-06-18T21:48:40.9077923+08:00	0x04	-0.2921	0.0412	0.5554	-0.7775	283.46	334.80	24.11
2026-06-18T21:48:40.9077923+08:00	0x03	-0.2961	0.4412	0.7810	0.3280	147.58	338.31	297.93
2026-06-18T21:48:40.9077923+08:00	0x04	-0.3158	0.0638	0.5644	-0.7600	280.31	330.22	24.07
2026-06-18T21:48:40.9077923+08:00	0x02	0.0183	-0.5653	0.8025	-0.1899	228.43	34.13	64.21
2026-06-18T21:48:40.9077923+08:00	0x03	-0.2860	0.4544	0.7684	0.3482	141.39	343.79	296.16
2026-06-18T21:48:40.9077923+08:00	0x04	-0.3424	0.0892	0.5893	-0.7263	274.42	324.58	23.09
2026-06-18T21:48:40.9077923+08:00	0x02	-0.0124	-0.5391	0.8337	-0.1188	205.32	14.40	64.40
2026-06-18T21:48:40.9077923+08:00	0x01	0.3863	0.3617	-0.8401	0.1190	173.61	308.00	44.40
2026-06-18T21:48:40.9077923+08:00	0x04	-0.2962	0.0425	0.5654	-0.7686	281.70	334.00	24.03
2026-06-18T21:48:40.9077923+08:00	0x02	0.0325	-0.5164	0.8303	-0.2071	224.75	29.97	57.57
2026-06-18T21:48:40.9077923+08:00	0x01	0.3859	0.3532	-0.8459	0.1041	172.45	308.00	42.67
2026-06-18T21:48:40.9077923+08:00	0x04	-0.2793	0.0289	0.5539	-0.7838	284.59	337.16	23.94
2026-06-18T21:48:40.9077923+08:00	0x03	-0.2458	0.4617	0.7773	0.3496	136.12	352.55	297.18
2026-06-18T21:48:40.9077923+08:00	0x04	-0.2630	0.0157	0.5652	-0.7818	284.02	339.51	23.17
2026-06-18T21:48:40.9077923+08:00	0x03	-0.2510	0.4505	0.7869	0.3390	139.84	349.18	298.46
2026-06-18T21:48:40.9077923+08:00	0x02	0.0896	-0.5310	0.7482	-0.3875	258.63	52.42	46.48
2026-06-18T21:48:40.9077923+08:00	0x04	-0.2984	0.0970	0.6144	-0.7239	274.04	327.73	18.23
2026-06-18T21:48:40.9077923+08:00	0x03	-0.2047	0.4660	0.6791	0.5289	90.68	24.04	301.84
2026-06-18T21:48:40.9077923+08:00	0x04	-0.2954	0.0710	0.6168	-0.7261	273.94	330.17	19.96
2026-06-18T21:48:40.9077923+08:00	0x03	-0.2027	0.4671	0.6867	0.5189	92.76	23.20	301.59
2026-06-18T21:48:40.9077923+08:00	0x01	0.3621	0.3163	-0.8742	-0.0684	156.20	308.48	30.23
2026-06-18T21:48:40.9077923+08:00	0x04	-0.3021	0.0584	0.5658	-0.7650	281.13	331.99	23.34
2026-06-18T21:48:40.9077923+08:00	0x03	-0.1922	0.4751	0.6820	0.5218	90.45	26.19	301.94
2026-06-18T21:48:40.9077923+08:00	0x01	0.3592	0.3048	-0.8779	-0.0854	155.23	309.16	28.28
2026-06-18T21:48:40.9077923+08:00	0x04	-0.2983	0.0419	0.5158	-0.8020	288.78	335.38	25.80
2026-06-18T21:48:40.9077923+08:00	0x02	0.3146	-0.4260	0.4109	-0.7421	297.87	63.76	353.29
2026-06-18T21:48:40.9077923+08:00	0x01	0.3593	0.3053	-0.8774	-0.0885	154.84	309.05	28.18
2026-06-18T21:48:40.9077923+08:00	0x04	-0.3033	0.0268	0.4823	-0.8214	293.46	337.56	28.19
2026-06-18T21:48:40.9077923+08:00	0x02	0.3356	-0.4062	0.3647	-0.7677	301.42	62.89	347.35
2026-06-18T21:48:40.9077923+08:00	0x03	-0.1920	0.4775	0.6710	0.5338	87.22	28.20	302.25
2026-06-18T21:48:40.9077923+08:00	0x01	0.3601	0.3050	-0.8775	-0.0854	155.19	309.03	28.27
2026-06-18T21:48:40.9077923+08:00	0x04	-0.3032	0.0225	0.4592	-0.8347	296.82	338.81	29.05
2026-06-18T21:48:40.9077923+08:00	0x02	0.3599	-0.3879	0.3226	-0.7848	304.15	62.38	341.67
2026-06-18T21:48:40.9077923+08:00	0x01	0.3608	0.3079	-0.8764	-0.0838	155.14	308.81	28.63
2026-06-18T21:48:40.9077923+08:00	0x03	-0.1863	0.4805	0.6615	0.5448	84.16	30.59	303.00
2026-06-18T21:48:40.9077923+08:00	0x04	-0.3165	0.0204	0.4278	-0.8464	300.47	339.09	31.22
2026-06-18T21:48:40.9077923+08:00	0x02	0.3797	-0.3639	0.2678	-0.8073	308.72	60.53	335.28
2026-06-18T21:48:40.9077923+08:00	0x03	-0.1845	0.4772	0.6584	0.5521	83.28	30.79	303.69
2026-06-18T21:48:40.9077923+08:00	0x04	-0.3115	0.0174	0.4227	-0.8508	301.56	340.01	31.03
2026-06-18T21:48:40.9077923+08:00	0x02	0.3877	-0.3572	0.2553	-0.8105	309.48	60.25	333.51
2026-06-18T21:48:40.9077923+08:00	0x03	-0.1816	0.4761	0.6581	0.5543	83.06	30.99	304.11
2026-06-18T21:48:40.9077923+08:00	0x01	0.3636	0.3150	-0.8721	-0.0896	153.87	307.87	28.96
2026-06-18T21:48:40.9077923+08:00	0x04	-0.3123	0.0158	0.4182	-0.8528	302.18	340.29	31.30
2026-06-18T21:48:40.9077923+08:00	0x02	0.3921	-0.3516	0.2467	-0.8135	310.14	59.82	332.33
2026-06-18T21:48:40.9077923+08:00	0x01	0.3638	0.3125	-0.8731	-0.0879	154.24	308.04	28.80
2026-06-18T21:48:40.9090389+08:00	0x03	-0.1823	0.4729	0.6569	0.5582	82.84	30.68	304.43
2026-06-18T21:48:40.9090432+08:00	0x04	-0.3100	0.0225	0.4105	-0.8573	303.26	340.03	30.87
2026-06-18T21:48:40.9090432+08:00	0x03	-0.1794	0.4772	0.6540	0.5590	81.84	31.89	304.45
2026-06-18T21:48:40.9090432+08:00	0x02	0.3949	-0.3475	0.2351	-0.8173	311.24	59.35	331.17
2026-06-18T21:48:40.9090432+08:00	0x04	-0.3123	0.0192	0.4091	-0.8572	303.40	340.27	31.31
2026-06-18T21:48:40.9090432+08:00	0x02	0.3967	-0.3451	0.2297	-0.8190	311.73	59.12	330.58
2026-06-18T21:48:40.9090432+08:00	0x04	-0.3104	0.0194	0.4073	-0.8587	303.75	340.46	31.15
2026-06-18T21:48:40.9090432+08:00	0x02	0.3967	-0.3435	0.2249	-0.8210	312.31	58.82	330.21
2026-06-18T21:48:40.9090432+08:00	0x03	-0.1782	0.4836	0.6511	0.5572	80.89	33.21	304.08
2026-06-18T21:48:40.9090432+08:00	0x04	-0.3104	0.0207	0.4042	-0.8601	304.16	340.44	31.14
2026-06-18T21:48:40.9090432+08:00	0x02	0.3935	-0.3418	0.2203	-0.8245	313.18	58.21	330.11
2026-06-18T21:48:40.9090432+08:00	0x03	-0.1712	0.4903	0.6549	0.5490	81.37	34.30	303.88
2026-06-18T21:48:40.9090432+08:00	0x04	-0.2996	0.0149	0.4125	-0.8601	303.75	341.59	30.21
2026-06-18T21:48:40.9090432+08:00	0x03	-0.1679	0.4913	0.6673	0.5340	84.47	33.11	303.38
2026-06-18T21:48:40.9090432+08:00	0x01	0.3611	0.3044	-0.8764	-0.0938	154.25	308.75	27.76
2026-06-18T21:48:40.9090432+08:00	0x04	-0.2930	-0.0093	0.4201	-0.8588	303.57	344.47	30.74
2026-06-18T21:48:40.9090432+08:00	0x03	-0.1730	0.4836	0.6810	0.5219	88.68	29.67	302.94
2026-06-18T21:48:40.9090432+08:00	0x01	0.3602	0.3002	-0.8783	-0.0938	154.59	309.12	27.37
2026-06-18T21:48:40.9090432+08:00	0x01	0.3597	0.2969	-0.8794	-0.0954	154.66	309.33	26.97
2026-06-18T21:48:40.9090432+08:00	0x03	-0.1718	0.4900	0.6766	0.5221	87.30	31.21	302.60
2026-06-18T21:48:40.9090432+08:00	0x04	-0.3097	-0.0076	0.4067	-0.8594	304.50	343.53	32.59
2026-06-18T21:48:40.9090432+08:00	0x03	-0.1716	0.4907	0.6778	0.5200	87.61	31.14	302.48
2026-06-18T21:48:40.9090432+08:00	0x04	-0.3098	-0.0085	0.4037	-0.8608	304.96	343.76	32.70
2026-06-18T21:48:40.9090432+08:00	0x01	0.3593	0.2951	-0.8803	-0.0947	154.89	309.51	26.83
2026-06-18T21:48:40.9090432+08:00	0x04	-0.3064	-0.0104	0.4029	-0.8624	305.31	344.26	32.46
2026-06-18T21:48:40.9090432+08:00	0x01	0.3596	0.2972	-0.8793	-0.0957	154.61	309.32	26.99
2026-06-18T21:48:40.9090432+08:00	0x02	0.3728	-0.3563	0.2501	-0.8195	311.47	58.71	334.36
2026-06-18T21:48:40.9090432+08:00	0x04	-0.3041	-0.0123	0.4026	-0.8633	305.52	344.65	32.34
2026-06-18T21:48:40.9090432+08:00	0x01	0.3596	0.2984	-0.8788	-0.0967	154.42	309.24	27.06
2026-06-18T21:48:40.9090432+08:00	0x04	-0.3033	-0.0150	0.4030	-0.8634	305.57	344.99	32.40
2026-06-18T21:48:40.9090432+08:00	0x03	-0.1737	0.4820	0.6882	0.5137	90.81	28.33	302.66
2026-06-18T21:48:40.9090432+08:00	0x02	0.3764	-0.3577	0.2537	-0.8161	310.70	59.26	334.35
2026-06-18T21:48:40.9090432+08:00	0x04	-0.3015	-0.0167	0.4027	-0.8641	305.76	345.34	32.31
2026-06-18T21:48:40.9090432+08:00	0x01	0.3588	0.3020	-0.8779	-0.0965	154.20	309.13	27.46
2026-06-18T21:48:40.9090432+08:00	0x03	-0.1746	0.4812	0.6894	0.5126	91.22	27.95	302.61
2026-06-18T21:48:40.9090432+08:00	0x01	0.3593	0.3015	-0.8781	-0.0948	154.42	309.14	27.48
2026-06-18T21:48:40.9090432+08:00	0x03	-0.1780	0.4767	0.6912	0.5132	92.00	26.76	302.69
2026-06-18T21:48:40.9090432+08:00	0x04	-0.2990	-0.0215	0.3988	-0.8667	306.56	346.22	32.37
2026-06-18T21:48:40.9090432+08:00	0x01	0.3592	0.3073	-0.8763	-0.0929	154.21	308.85	28.16
2026-06-18T21:48:40.9090432+08:00	0x03	-0.1790	0.4740	0.6902	0.5166	91.77	26.51	302.94
2026-06-18T21:48:40.9090432+08:00	0x02	0.3826	-0.3567	0.2628	-0.8108	309.16	59.85	334.35
2026-06-18T21:48:40.9090432+08:00	0x01	0.3601	0.3117	-0.8745	-0.0917	153.99	308.49	28.63
2026-06-18T21:48:40.9090432+08:00	0x03	-0.1787	0.4720	0.6908	0.5177	91.92	26.24	303.15
2026-06-18T21:48:40.9090432+08:00	0x02	0.3840	-0.3578	0.2623	-0.8098	309.05	60.10	334.27
2026-06-18T21:48:40.9090432+08:00	0x04	-0.2958	-0.0250	0.4018	-0.8663	306.39	346.72	32.18
2026-06-18T21:48:40.9090432+08:00	0x03	-0.1804	0.4702	0.6918	0.5175	92.33	25.69	303.14
2026-06-18T21:48:40.9090432+08:00	0x02	0.3834	-0.3577	0.2626	-0.8100	309.08	60.04	334.32
2026-06-18T21:48:40.9090432+08:00	0x04	-0.2985	-0.0235	0.4008	-0.8658	306.35	346.39	32.40
2026-06-18T21:48:40.9090432+08:00	0x03	-0.1811	0.4694	0.6921	0.5175	92.49	25.46	303.15
2026-06-18T21:48:40.9090432+08:00	0x02	0.3826	-0.3582	0.2632	-0.8099	309.07	60.04	334.45
2026-06-18T21:48:40.9090432+08:00	0x04	-0.2968	-0.0264	0.3994	-0.8670	306.71	346.91	32.40
2026-06-18T21:48:40.9090432+08:00	0x03	-0.1816	0.4678	0.6925	0.5183	92.63	25.18	303.27
2026-06-18T21:48:40.9090432+08:00	0x02	0.3845	-0.3581	0.2637	-0.8090	308.84	60.20	334.33
2026-06-18T21:48:40.9090432+08:00	0x01	0.3596	0.3116	-0.8746	-0.0932	153.85	308.54	28.56
2026-06-18T21:48:40.9090432+08:00	0x02	0.3850	-0.3578	0.2634	-0.8089	308.83	60.21	334.25
2026-06-18T21:48:40.9090432+08:00	0x01	0.3598	0.3132	-0.8739	-0.0935	153.69	308.41	28.70
2026-06-18T21:48:40.9090432+08:00	0x03	-0.1825	0.4676	0.6936	0.5166	93.02	24.88	303.15
2026-06-18T21:48:40.9090432+08:00	0x04	-0.2997	-0.0247	0.4004	-0.8656	306.38	346.46	32.59
2026-06-18T21:48:40.9090432+08:00	0x01	0.3596	0.3141	-0.8735	-0.0946	153.50	308.34	28.73
2026-06-18T21:48:40.9090432+08:00	0x02	0.3867	-0.3579	0.2612	-0.8088	308.92	60.33	333.98
2026-06-18T21:48:40.9090432+08:00	0x01	0.3538	0.2893	-0.8804	-0.1263	151.92	309.91	24.84
2026-06-18T21:48:40.9090432+08:00	0x02	0.3654	-0.3529	0.2534	-0.8233	311.84	57.72	334.99
2026-06-18T21:48:40.9090432+08:00	0x01	0.3488	0.4018	-0.8464	0.0207	160.07	307.09	44.00
2026-06-18T21:48:40.9090432+08:00	0x04	-0.3131	-0.0323	0.1947	-0.9290	334.87	355.58	36.46
2026-06-18T21:48:40.9090432+08:00	0x01	0.3828	0.4066	-0.8261	0.0758	164.20	303.39	46.87
2026-06-18T21:48:40.9100837+08:00	0x03	-0.2475	0.4395	0.7667	0.3971	127.31	356.46	299.48
2026-06-18T21:48:40.9100837+08:00	0x02	0.3362	-0.4759	0.5646	-0.5845	277.91	71.08	8.30
2026-06-18T21:48:40.9100837+08:00	0x01	0.4014	0.3958	-0.8233	0.0670	162.98	300.95	44.86
2026-06-18T21:48:40.9100837+08:00	0x04	-0.3083	0.0278	0.4140	-0.8560	302.76	339.46	30.32
2026-06-18T21:48:40.9100837+08:00	0x01	0.4026	0.3968	-0.8213	0.0762	163.90	300.99	45.50
2026-06-18T21:48:40.9100837+08:00	0x03	-0.2577	0.4267	0.7720	0.3945	129.85	353.05	300.45
2026-06-18T21:48:40.9100837+08:00	0x02	0.1876	-0.5614	0.7235	-0.3551	260.79	65.94	42.78
2026-06-18T21:48:40.9100837+08:00	0x01	0.3992	0.4016	-0.8198	0.0855	164.77	301.48	46.61
2026-06-18T21:48:40.9100837+08:00	0x03	-0.2554	0.4127	0.7829	0.3892	131.79	351.55	302.33
2026-06-18T21:48:40.9100837+08:00	0x02	0.1268	-0.5682	0.7644	-0.2768	250.50	57.65	52.99
2026-06-18T21:48:40.9100837+08:00	0x04	-0.2977	0.0555	0.4709	-0.8286	294.99	335.49	26.17
2026-06-18T21:48:40.9100837+08:00	0x03	-0.2767	0.4170	0.7880	0.3587	139.73	344.67	301.17
2026-06-18T21:48:40.9100837+08:00	0x02	0.0801	-0.5709	0.7868	-0.2207	240.25	48.42	59.64
2026-06-18T21:48:40.9100837+08:00	0x04	-0.3077	0.0680	0.5078	-0.8018	289.01	332.26	25.11
2026-06-18T21:48:40.9100837+08:00	0x01	0.3999	0.3966	-0.8213	0.0909	165.90	302.00	46.40
2026-06-18T21:48:40.9100837+08:00	0x03	-0.2746	0.4346	0.7724	0.3729	135.55	348.02	298.81
2026-06-18T21:48:40.9100837+08:00	0x02	0.0456	-0.5859	0.7924	-0.1638	230.29	40.49	66.00
2026-06-18T21:48:40.9100837+08:00	0x04	-0.3028	0.0937	0.5643	-0.7623	281.09	328.77	20.84
2026-06-18T21:48:40.9100837+08:00	0x01	0.4012	0.3963	-0.8205	0.0931	166.12	301.90	46.47
2026-06-18T21:48:40.9100837+08:00	0x03	-0.2739	0.4239	0.7747	0.3809	134.40	348.30	300.06
2026-06-18T21:48:40.9100837+08:00	0x02	0.0150	-0.5760	0.8076	-0.1256	215.82	26.69	67.91
2026-06-18T21:48:40.9100837+08:00	0x04	-0.3019	0.0818	0.5369	-0.7835	285.16	330.65	22.66
2026-06-18T21:48:40.9100837+08:00	0x03	-0.2830	0.4202	0.7816	0.3640	139.07	344.34	300.37
2026-06-18T21:48:40.9100837+08:00	0x01	0.3999	0.3986	-0.8198	0.0952	166.23	302.01	46.86
2026-06-18T21:48:40.9100837+08:00	0x02	0.0053	-0.5851	0.8041	-0.1049	210.81	22.60	70.03
2026-06-18T21:48:40.9100837+08:00	0x04	-0.3024	0.0927	0.5274	-0.7886	286.37	329.82	22.27
2026-06-18T21:48:40.9100837+08:00	0x01	0.4001	0.3985	-0.8200	0.0935	166.02	301.92	46.75
2026-06-18T21:48:40.9100837+08:00	0x03	-0.2821	0.4133	0.7856	0.3639	139.28	344.09	301.28
2026-06-18T21:48:40.9100837+08:00	0x02	-0.0119	-0.5780	0.8114	-0.0859	201.61	13.56	70.05
2026-06-18T21:48:40.9100837+08:00	0x04	-0.2938	0.0781	0.5644	-0.7675	281.78	331.02	21.27
2026-06-18T21:48:40.9100837+08:00	0x03	-0.2858	0.4214	0.7799	0.3639	139.31	343.88	300.08
2026-06-18T21:48:40.9100837+08:00	0x01	0.3998	0.3989	-0.8201	0.0920	165.81	301.87	46.71
2026-06-18T21:48:40.9100837+08:00	0x02	-0.0190	-0.5809	0.8104	-0.0733	197.10	9.52	70.80
2026-06-18T21:48:40.9100837+08:00	0x04	-0.3059	0.1007	0.5686	-0.7569	280.21	327.73	20.40
2026-06-18T21:48:40.9100837+08:00	0x03	-0.2913	0.4181	0.7919	0.3365	145.68	339.47	300.88
2026-06-18T21:48:40.9100837+08:00	0x02	-0.0263	-0.5803	0.8117	-0.0603	191.91	4.79	70.96
2026-06-18T21:48:40.9100837+08:00	0x04	-0.2916	0.0871	0.5812	-0.7547	279.44	330.00	19.80
2026-06-18T21:48:40.9100837+08:00	0x01	0.3990	0.4030	-0.8181	0.0952	165.83	301.77	47.34
2026-06-18T21:48:40.9100837+08:00	0x03	-0.2919	0.4138	0.7948	0.3343	146.26	338.96	301.46
2026-06-18T21:48:40.9100837+08:00	0x04	-0.2899	0.0639	0.6029	-0.7405	276.44	331.67	20.63
2026-06-18T21:48:40.9100837+08:00	0x03	-0.2775	0.4029	0.7771	0.3959	132.74	347.85	302.23
2026-06-18T21:48:40.9100837+08:00	0x04	-0.2868	0.0843	0.5724	-0.7635	281.05	330.91	19.96
2026-06-18T21:48:40.9100837+08:00	0x02	-0.0315	-0.5990	0.7989	-0.0449	186.96	0.71	73.71
2026-06-18T21:48:40.9100837+08:00	0x01	0.4012	0.4013	-0.8177	0.0967	166.05	301.62	47.21
2026-06-18T21:48:40.9100837+08:00	0x04	-0.2829	0.0810	0.5881	-0.7534	279.04	331.19	19.33
2026-06-18T21:48:40.9100837+08:00	0x02	-0.0197	-0.6103	0.7913	-0.0305	185.48	1.37	75.26
2026-06-18T21:48:40.9100837+08:00	0x04	-0.2804	0.0730	0.5908	-0.7530	278.84	332.06	19.64
2026-06-18T21:48:40.9100837+08:00	0x03	-0.2820	0.4059	0.7883	0.3666	139.02	343.97	302.16
2026-06-18T21:48:40.9100837+08:00	0x02	-0.0352	-0.5895	0.8070	-0.0082	174.69	351.13	72.17
2026-06-18T21:48:40.9100837+08:00	0x04	-0.2764	0.0757	0.5592	-0.7779	283.67	332.94	20.21
2026-06-18T21:48:40.9100837+08:00	0x03	-0.2934	0.4098	0.8037	0.3163	149.99	336.65	302.40
2026-06-18T21:48:40.9100837+08:00	0x02	-0.0336	-0.6269	0.7784	-0.0038	170.40	347.35	77.46
2026-06-18T21:48:40.9100837+08:00	0x01	0.3991	0.4105	-0.8122	0.1124	167.19	301.78	49.15
2026-06-18T21:48:40.9100837+08:00	0x04	-0.2847	0.0722	0.5901	-0.7520	278.66	331.75	20.06
2026-06-18T21:48:40.9100837+08:00	0x03	-0.2906	0.4061	0.7984	0.3363	145.86	339.15	302.43
2026-06-18T21:48:40.9100837+08:00	0x02	-0.0349	-0.6218	0.7824	-0.0018	169.85	346.84	76.69
2026-06-18T21:48:40.9100837+08:00	0x04	-0.2906	0.0759	0.6026	-0.7394	276.40	330.57	19.77
2026-06-18T21:48:40.9100837+08:00	0x03	-0.2844	0.4059	0.7922	0.3560	141.37	342.38	302.26
2026-06-18T21:48:40.9100837+08:00	0x01	0.3980	0.4109	-0.8125	0.1120	167.18	301.92	49.19
2026-06-18T21:48:40.9100837+08:00	0x04	-0.2755	0.0804	0.6253	-0.7257	273.98	331.09	17.41
2026-06-18T21:48:40.9100837+08:00	0x03	-0.2629	0.3993	0.7651	0.4313	124.49	353.91	303.09
2026-06-18T21:48:40.9100837+08:00	0x01	0.3968	0.4132	-0.8123	0.1095	166.70	301.80	49.30
2026-06-18T21:48:40.9100837+08:00	0x02	-0.0506	-0.6001	0.7982	0.0097	164.73	341.38	73.16
2026-06-18T21:48:40.9110832+08:00	0x04	-0.2769	0.1073	0.6230	-0.7236	274.19	328.72	15.49
2026-06-18T21:48:40.9110832+08:00	0x03	-0.2352	0.4006	0.7111	0.5277	102.25	8.83	305.11
2026-06-18T21:48:40.9111248+08:00	0x01	0.3926	0.4086	-0.8153	0.1193	168.80	303.40	49.45
2026-06-18T21:48:40.9111248+08:00	0x04	-0.2640	0.0803	0.6613	-0.6975	269.17	331.45	15.19
2026-06-18T21:48:40.9111248+08:00	0x03	-0.2300	0.4159	0.6493	0.5937	84.98	19.59	305.59
2026-06-18T21:48:40.9111248+08:00	0x01	0.3534	0.3877	-0.8456	0.0993	171.13	310.82	46.53
2026-06-18T21:48:40.9111248+08:00	0x04	-0.2739	0.0789	0.6032	-0.7450	277.41	331.87	18.23
2026-06-18T21:48:40.9111248+08:00	0x03	-0.2292	0.4478	0.6557	0.5630	86.25	22.39	302.29
2026-06-18T21:48:40.9111248+08:00	0x02	0.0135	-0.5214	0.3993	0.7540	40.82	300.45	25.89
2026-06-18T21:48:40.9111248+08:00	0x01	0.3197	0.3740	-0.8706	0.0073	162.55	313.10	40.98
2026-06-18T21:48:40.9111248+08:00	0x04	-0.2944	0.0745	0.5405	-0.7846	285.21	331.92	22.43
2026-06-18T21:48:40.9111248+08:00	0x03	-0.2161	0.4678	0.6566	0.5507	85.13	26.28	301.53
2026-06-18T21:48:40.9111248+08:00	0x01	0.3203	0.3739	-0.8704	-0.0045	161.05	312.57	40.39
2026-06-18T21:48:40.9111248+08:00	0x02	0.0029	-0.5122	0.3582	0.7806	36.81	300.79	21.81
2026-06-18T21:48:40.9111248+08:00	0x04	-0.2937	0.0619	0.5137	-0.8037	289.17	333.92	24.12
2026-06-18T21:48:40.9111248+08:00	0x03	-0.2061	0.4781	0.6537	0.5492	83.39	29.18	301.63
2026-06-18T21:48:40.9111248+08:00	0x01	0.3038	0.3842	-0.8713	-0.0320	157.64	313.20	40.55
2026-06-18T21:48:40.9111248+08:00	0x02	0.0212	-0.5041	0.3042	0.8080	30.02	301.48	19.94
2026-06-18T21:48:40.9111248+08:00	0x04	-0.2874	0.0471	0.4922	-0.8203	292.77	336.55	25.16
2026-06-18T21:48:40.9111248+08:00	0x03	-0.2007	0.4822	0.6525	0.5490	82.60	30.50	301.83
2026-06-18T21:48:40.9111248+08:00	0x02	0.0282	-0.5006	0.2824	0.8178	27.34	301.77	19.20
2026-06-18T21:48:40.9111248+08:00	0x01	0.3016	0.3936	-0.8678	-0.0316	157.00	312.83	41.62
2026-06-18T21:48:40.9111248+08:00	0x04	-0.2854	0.0376	0.4775	-0.8302	295.09	338.13	25.97
2026-06-18T21:48:40.9111248+08:00	0x03	-0.1965	0.4841	0.6504	0.5513	81.72	31.50	302.17
2026-06-18T21:48:40.9111248+08:00	0x01	0.3090	0.3896	-0.8674	-0.0157	158.93	312.66	41.78
2026-06-18T21:48:40.9111248+08:00	0x04	-0.2892	0.0353	0.4590	-0.8393	297.48	338.64	26.94
2026-06-18T21:48:40.9111248+08:00	0x03	-0.1921	0.4891	0.6468	0.5528	80.36	33.13	302.32
2026-06-18T21:48:40.9111248+08:00	0x01	0.3271	0.3831	-0.8637	-0.0167	158.40	310.44	40.61
2026-06-18T21:48:40.9111248+08:00	0x02	-0.0198	-0.5080	0.2754	0.8159	28.98	299.91	14.33
2026-06-18T21:48:40.9111248+08:00	0x04	-0.2854	0.0300	0.4492	-0.8461	299.15	339.81	27.14
2026-06-18T21:48:40.9116279+08:00	0x03	-0.1896	0.4926	0.6448	0.5528	79.59	34.14	302.33
2026-06-18T21:48:40.9116326+08:00	0x01	0.3261	0.3811	-0.8648	-0.0245	157.68	310.45	40.02
2026-06-18T21:48:40.9116326+08:00	0x02	-0.0226	-0.5054	0.2590	0.8228	27.44	300.06	12.98
2026-06-18T21:48:40.9116326+08:00	0x04	-0.2855	0.0279	0.4412	-0.8503	300.30	340.28	27.44
2026-06-18T21:48:40.9116326+08:00	0x03	-0.1886	0.4942	0.6443	0.5523	79.37	34.52	302.30
2026-06-18T21:48:40.9116326+08:00	0x01	0.3586	0.3512	-0.8581	0.1085	174.87	312.63	42.88
2026-06-18T21:48:40.9116326+08:00	0x02	-0.1394	-0.5633	0.5960	0.5550	72.98	292.42	31.11
2026-06-18T21:48:40.9116326+08:00	0x04	-0.2798	0.0257	0.4379	-0.8540	301.10	341.06	27.09
2026-06-18T21:48:40.9116326+08:00	0x03	-0.1863	0.4947	0.6419	0.5555	78.61	35.13	302.65
2026-06-18T21:48:40.9116326+08:00	0x01	0.3707	0.3768	-0.8429	0.1007	171.04	308.79	45.22
2026-06-18T21:48:40.9116326+08:00	0x02	-0.1962	-0.5337	0.7886	0.2341	118.99	302.28	48.58
2026-06-18T21:48:40.9116326+08:00	0x04	-0.2832	0.0237	0.4317	-0.8561	301.81	341.22	27.67
2026-06-18T21:48:40.9116326+08:00	0x03	-0.1884	0.4912	0.6401	0.5599	78.35	34.68	302.88
2026-06-18T21:48:40.9116326+08:00	0x01	0.4031	0.3595	-0.8377	0.0809	168.04	304.02	41.88
2026-06-18T21:48:40.9116326+08:00	0x02	-0.1204	-0.5491	0.8240	0.0704	147.33	323.16	62.62
2026-06-18T21:48:40.9116326+08:00	0x04	-0.2790	0.0254	0.4296	-0.8585	302.30	341.43	27.21
2026-06-18T21:48:40.9121356+08:00	0x01	0.4066	0.3553	-0.8382	0.0768	167.72	303.62	41.15
2026-06-18T21:48:40.9121632+08:00	0x02	-0.0495	-0.5575	0.8275	-0.0449	182.91	355.12	67.99
2026-06-18T21:48:40.9121632+08:00	0x03	-0.1864	0.4915	0.6391	0.5615	77.99	35.04	303.12
2026-06-18T21:48:40.9121632+08:00	0x04	-0.2714	0.0238	0.4268	-0.8623	303.10	342.24	26.59
2026-06-18T21:48:40.9121632+08:00	0x03	-0.1855	0.4909	0.6387	0.5628	77.87	35.09	303.30
2026-06-18T21:48:40.9121632+08:00	0x01	0.4091	0.3553	-0.8367	0.0797	167.92	303.32	41.28
2026-06-18T21:48:40.9121632+08:00	0x02	0.0190	-0.5659	0.8117	-0.1433	218.58	28.27	65.97
2026-06-18T21:48:40.9121632+08:00	0x04	-0.2793	0.0241	0.4241	-0.8611	303.06	341.72	27.42
2026-06-18T21:48:40.9121632+08:00	0x03	-0.1854	0.4898	0.6365	0.5662	77.36	35.21	303.54
2026-06-18T21:48:40.9121632+08:00	0x01	0.4093	0.3550	-0.8366	0.0808	168.06	303.35	41.30
2026-06-18T21:48:40.9121632+08:00	0x02	0.0618	-0.5584	0.7998	-0.2114	234.81	42.24	60.12
2026-06-18T21:48:40.9121632+08:00	0x03	-0.1526	0.4982	0.6362	0.5690	75.88	39.20	306.14
2026-06-18T21:48:40.9121632+08:00	0x01	0.3974	0.3463	-0.8464	0.0757	168.88	305.61	40.27
2026-06-18T21:48:40.9121632+08:00	0x02	0.0737	-0.5427	0.7948	-0.2615	241.04	45.06	55.50
2026-06-18T21:48:40.9121632+08:00	0x04	-0.2984	-0.0248	0.3397	-0.8916	315.01	349.07	33.30
2026-06-18T21:48:40.9121632+08:00	0x03	-0.2139	0.4948	0.7368	0.4082	114.44	11.96	295.35
2026-06-18T21:48:40.9121632+08:00	0x01	0.4018	0.3476	-0.8442	0.0715	168.03	304.71	40.11
2026-06-18T21:48:40.9121632+08:00	0x02	0.0944	-0.5496	0.7763	-0.2939	248.27	51.16	52.92
2026-06-18T21:48:40.9121632+08:00	0x03	-0.2302	0.4732	0.7537	0.3938	122.80	3.29	296.55
2026-06-18T21:48:40.9121632+08:00	0x01	0.4011	0.3471	-0.8455	0.0612	166.89	304.52	39.50
2026-06-18T21:48:40.9121632+08:00	0x02	0.1149	-0.5507	0.7630	-0.3183	252.68	55.09	50.11
2026-06-18T21:48:40.9121632+08:00	0x03	-0.1723	0.4806	0.6647	0.5454	84.20	31.65	304.22
2026-06-18T21:48:40.9121632+08:00	0x01	0.3959	0.3462	-0.8489	0.0527	166.26	305.11	39.02
2026-06-18T21:48:40.9121632+08:00	0x02	0.1210	-0.5403	0.7559	-0.3493	255.37	55.39	47.08
2026-06-18T21:48:40.9121632+08:00	0x03	-0.1896	0.4856	0.6586	0.5426	83.50	31.27	302.28
2026-06-18T21:48:40.9121632+08:00	0x04	-0.2603	0.0286	0.5117	-0.8183	291.79	340.04	23.37
2026-06-18T21:48:40.9121632+08:00	0x02	0.1230	-0.5373	0.7481	-0.3694	257.68	55.97	45.49
2026-06-18T21:48:40.9121632+08:00	0x03	-0.1897	0.4838	0.6544	0.5493	82.40	31.61	302.69
2026-06-18T21:48:40.9121632+08:00	0x01	0.3844	0.3354	-0.8601	0.0072	162.42	306.15	35.62
2026-06-18T21:48:40.9121632+08:00	0x02	0.1215	-0.5459	0.7289	-0.3949	262.59	58.38	44.41
2026-06-18T21:48:40.9121632+08:00	0x03	-0.1833	0.4836	0.6599	0.5450	83.50	31.52	303.06
2026-06-18T21:48:40.9121632+08:00	0x01	0.3810	0.3332	-0.8624	-0.0048	161.38	306.44	34.82
2026-06-18T21:48:40.9121632+08:00	0x02	0.1254	-0.5473	0.7182	-0.4111	265.06	59.61	43.08
2026-06-18T21:48:40.9121632+08:00	0x03	-0.1813	0.4867	0.6624	0.5399	84.00	31.77	302.80
2026-06-18T21:48:40.9121632+08:00	0x04	-0.2465	0.0123	0.4532	-0.8565	300.86	344.45	24.27
2026-06-18T21:48:40.9121632+08:00	0x01	0.3815	0.3317	-0.8628	-0.0052	161.43	306.45	34.65
2026-06-18T21:48:40.9131369+08:00	0x02	0.1282	-0.5469	0.7159	-0.4147	265.49	59.92	42.59
2026-06-18T21:48:40.9131369+08:00	0x03	-0.1809	0.4875	0.6617	0.5402	83.77	32.02	302.80
2026-06-18T21:48:40.9131369+08:00	0x04	-0.2555	0.0111	0.4407	-0.8605	302.20	344.30	25.46
2026-06-18T21:48:40.9131369+08:00	0x02	0.1295	-0.5466	0.7143	-0.4174	265.81	60.09	42.28
2026-06-18T21:48:40.9131369+08:00	0x01	0.3828	0.3345	-0.8611	-0.0063	161.02	306.06	34.85
2026-06-18T21:48:40.9131369+08:00	0x03	-0.1801	0.4888	0.6606	0.5405	83.40	32.43	302.80
2026-06-18T21:48:40.9131369+08:00	0x04	-0.2569	0.0083	0.4327	-0.8641	303.27	344.75	25.90
2026-06-18T21:48:40.9131369+08:00	0x02	0.1303	-0.5464	0.7133	-0.4191	266.01	60.19	42.09
2026-06-18T21:48:40.9131369+08:00	0x03	-0.1804	0.4882	0.6598	0.5420	83.21	32.43	302.88
2026-06-18T21:48:40.9131369+08:00	0x04	-0.2472	0.0019	0.4257	-0.8704	304.78	346.31	25.38
2026-06-18T21:48:40.9131369+08:00	0x02	0.1329	-0.5466	0.7122	-0.4200	266.17	60.48	41.83
2026-06-18T21:48:40.9131369+08:00	0x01	0.3830	0.3351	-0.8608	-0.0063	160.95	305.98	34.90
2026-06-18T21:48:40.9131369+08:00	0x03	-0.1805	0.4882	0.6609	0.5407	83.50	32.27	302.82
2026-06-18T21:48:40.9131369+08:00	0x04	-0.2481	0.0024	0.4217	-0.8722	305.29	346.33	25.51
2026-06-18T21:48:40.9131369+08:00	0x01	0.3831	0.3332	-0.8615	-0.0078	160.93	306.05	34.62
2026-06-18T21:48:40.9131369+08:00	0x02	0.1340	-0.5462	0.7116	-0.4211	266.27	60.55	41.64
2026-06-18T21:48:40.9131369+08:00	0x03	-0.1805	0.4877	0.6603	0.5419	83.34	32.30	302.90
2026-06-18T21:48:40.9131369+08:00	0x04	-0.2521	0.0031	0.4194	-0.8721	305.41	346.05	25.92
2026-06-18T21:48:40.9131369+08:00	0x01	0.3834	0.3334	-0.8613	-0.0085	160.83	305.99	34.60
2026-06-18T21:48:40.9131369+08:00	0x02	0.1354	-0.5469	0.7111	-0.4207	266.33	60.77	41.59
2026-06-18T21:48:40.9131369+08:00	0x03	-0.1794	0.4873	0.6594	0.5437	83.05	32.48	303.11
2026-06-18T21:48:40.9131369+08:00	0x04	-0.2509	0.0030	0.4188	-0.8728	305.55	346.16	25.81
2026-06-18T21:48:40.9131369+08:00	0x01	0.3837	0.3334	-0.8611	-0.0092	160.74	305.93	34.55
2026-06-18T21:48:40.9131369+08:00	0x02	0.1365	-0.5474	0.7107	-0.4202	266.36	60.95	41.56
2026-06-18T21:48:40.9131369+08:00	0x03	-0.1793	0.4868	0.6591	0.5445	82.97	32.47	303.18
2026-06-18T21:48:40.9131369+08:00	0x04	-0.2493	0.0021	0.4177	-0.8737	305.78	346.40	25.71
2026-06-18T21:48:40.9131369+08:00	0x01	0.3840	0.3346	-0.8605	-0.0085	160.70	305.82	34.71
2026-06-18T21:48:40.9131369+08:00	0x02	0.1367	-0.5473	0.7108	-0.4201	266.34	60.94	41.55
2026-06-18T21:48:40.9131369+08:00	0x03	-0.1795	0.4864	0.6597	0.5440	83.18	32.29	303.16
2026-06-18T21:48:40.9131369+08:00	0x04	-0.2512	-0.0001	0.4153	-0.8743	306.07	346.58	26.06
2026-06-18T21:48:40.9131369+08:00	0x01	0.3843	0.3371	-0.8594	-0.0057	160.81	305.69	35.10
2026-06-18T21:48:40.9131369+08:00	0x02	0.1354	-0.5472	0.7110	-0.4203	266.33	60.82	41.64
2026-06-18T21:48:40.9139905+08:00	0x03	-0.1801	0.4866	0.6599	0.5434	83.24	32.25	303.07
2026-06-18T21:48:40.9140028+08:00	0x04	-0.2515	0.0016	0.4146	-0.8746	306.12	346.40	26.01
2026-06-18T21:48:40.9140028+08:00	0x01	0.3843	0.3362	-0.8598	-0.0046	161.01	305.79	35.07
2026-06-18T21:48:40.9140028+08:00	0x02	0.1345	-0.5463	0.7117	-0.4206	266.22	60.59	41.64
2026-06-18T21:48:40.9140028+08:00	0x03	-0.1799	0.4874	0.6588	0.5441	82.91	32.53	303.07
2026-06-18T21:48:40.9140028+08:00	0x04	-0.2466	0.0043	0.4148	-0.8759	306.25	346.43	25.36
2026-06-18T21:48:40.9140028+08:00	0x01	0.3841	0.3339	-0.8608	-0.0056	161.09	305.93	34.79
2026-06-18T21:48:40.9140028+08:00	0x02	0.1355	-0.5460	0.7117	-0.4207	266.18	60.62	41.54
2026-06-18T21:48:40.9140028+08:00	0x03	-0.1805	0.4875	0.6590	0.5435	83.01	32.44	302.99
2026-06-18T21:48:40.9140028+08:00	0x04	-0.2479	0.0060	0.4139	-0.8759	306.28	346.18	25.42
2026-06-18T21:48:40.9140028+08:00	0x02	0.1373	-0.5469	0.7122	-0.4180	265.99	60.85	41.63
2026-06-18T21:48:40.9140028+08:00	0x03	-0.1811	0.4881	0.6584	0.5436	82.86	32.54	302.90
2026-06-18T21:48:40.9140028+08:00	0x04	-0.2460	0.0076	0.4158	-0.8755	306.08	346.08	25.11
2026-06-18T21:48:40.9140028+08:00	0x01	0.3854	0.3323	-0.8608	-0.0030	161.46	305.92	34.74
2026-06-18T21:48:40.9140028+08:00	0x02	0.1378	-0.5471	0.7122	-0.4178	265.99	60.91	41.62
2026-06-18T21:48:40.9140028+08:00	0x03	-0.1805	0.4876	0.6577	0.5450	82.67	32.62	303.05
2026-06-18T21:48:40.9140028+08:00	0x04	-0.2505	0.0049	0.4141	-0.8751	306.17	346.12	25.75
2026-06-18T21:48:40.9140028+08:00	0x02	0.1207	-0.5310	0.7280	-0.4165	263.07	56.64	42.27
2026-06-18T21:48:40.9140028+08:00	0x03	-0.1808	0.4868	0.6576	0.5459	82.66	32.51	303.12
2026-06-18T21:48:40.9140028+08:00	0x04	-0.2573	0.0043	0.4145	-0.8729	305.83	345.73	26.46
2026-06-18T21:48:40.9140028+08:00	0x01	0.3798	0.3361	-0.8618	0.0002	161.77	306.57	35.42
2026-06-18T21:48:40.9145157+08:00	0x02	0.1206	-0.5255	0.7310	-0.4182	262.45	55.80	41.87
2026-06-18T21:48:40.9145157+08:00	0x03	-0.1808	0.4867	0.6569	0.5468	82.47	32.60	303.16
2026-06-18T21:48:40.9145157+08:00	0x04	-0.2574	0.0053	0.4131	-0.8735	305.99	345.65	26.44
2026-06-18T21:48:40.9145157+08:00	0x02	0.1240	-0.5330	0.7264	-0.4158	263.33	57.25	42.16
2026-06-18T21:48:40.9145157+08:00	0x03	-0.1802	0.4866	0.6571	0.5468	82.49	32.63	303.23
2026-06-18T21:48:40.9145157+08:00	0x01	0.3836	0.3337	-0.8611	-0.0005	161.71	306.16	35.05
2026-06-18T21:48:40.9145157+08:00	0x02	0.1239	-0.5328	0.7262	-0.4163	263.38	57.23	42.13
2026-06-18T21:48:40.9145157+08:00	0x03	-0.1792	0.4865	0.6577	0.5465	82.60	32.63	303.30
2026-06-18T21:48:40.9145157+08:00	0x04	-0.2684	0.0101	0.4123	-0.8705	305.50	344.40	27.32
2026-06-18T21:48:40.9145157+08:00	0x01	0.3840	0.3321	-0.8616	-0.0005	161.83	306.21	34.88
2026-06-18T21:48:40.9145157+08:00	0x03	-0.1788	0.4864	0.6579	0.5464	82.65	32.62	303.35
2026-06-18T21:48:40.9145157+08:00	0x04	-0.2659	0.0091	0.4127	-0.8711	305.58	344.67	27.11
2026-06-18T21:48:40.9145157+08:00	0x02	0.1248	-0.5339	0.7257	-0.4156	263.46	57.46	42.16
2026-06-18T21:48:40.9145157+08:00	0x03	-0.1786	0.4862	0.6578	0.5468	82.61	32.64	303.39
2026-06-18T21:48:40.9145157+08:00	0x04	-0.2558	0.0096	0.4131	-0.8740	305.99	345.30	26.06
2026-06-18T21:48:40.9145157+08:00	0x01	0.3839	0.3334	-0.8611	0.0001	161.79	306.15	35.05
2026-06-18T21:48:40.9145157+08:00	0x02	0.1233	-0.5335	0.7256	-0.4168	263.54	57.30	42.17
2026-06-18T21:48:40.9145157+08:00	0x03	-0.1790	0.4879	0.6575	0.5455	82.52	32.86	303.18
2026-06-18T21:48:40.9145157+08:00	0x04	-0.2654	0.0084	0.4128	-0.8713	305.61	344.78	27.10
2026-06-18T21:48:40.9145157+08:00	0x01	0.3844	0.3353	-0.8601	0.0008	161.70	305.97	35.26
2026-06-18T21:48:40.9145157+08:00	0x03	-0.1800	0.4866	0.6578	0.5460	82.67	32.54	303.20
2026-06-18T21:48:40.9145157+08:00	0x04	-0.2618	0.0065	0.4126	-0.8725	305.84	345.23	26.84
2026-06-18T21:48:40.9145157+08:00	0x02	0.1239	-0.5351	0.7255	-0.4147	263.52	57.54	42.35
2026-06-18T21:48:40.9145157+08:00	0x01	0.3845	0.3344	-0.8604	0.0007	161.76	306.02	35.17
2026-06-18T21:48:40.9145157+08:00	0x03	-0.1805	0.4861	0.6578	0.5463	82.73	32.41	303.20
2026-06-18T21:48:40.9145157+08:00	0x04	-0.2644	0.0085	0.4128	-0.8716	305.66	344.84	27.00
2026-06-18T21:48:40.9145157+08:00	0x01	0.3841	0.3339	-0.8608	0.0000	161.73	306.09	35.09
2026-06-18T21:48:40.9145157+08:00	0x03	-0.1795	0.4864	0.6578	0.5464	82.64	32.57	303.27
2026-06-18T21:48:40.9145157+08:00	0x02	0.1247	-0.5346	0.7255	-0.4151	263.51	57.55	42.24
2026-06-18T21:48:40.9145157+08:00	0x01	0.3840	0.3329	-0.8612	-0.0005	161.76	306.14	34.96
2026-06-18T21:48:40.9145157+08:00	0x03	-0.1800	0.4866	0.6576	0.5462	82.63	32.57	303.22
2026-06-18T21:48:40.9145157+08:00	0x04	-0.2578	0.0081	0.4110	-0.8744	306.21	345.39	26.37
2026-06-18T21:48:40.9145157+08:00	0x01	0.3764	0.3656	-0.8498	0.0499	165.33	306.68	41.22
2026-06-18T21:48:40.9145157+08:00	0x03	-0.1829	0.4853	0.6490	0.5567	80.54	33.25	303.54
2026-06-18T21:48:40.9145157+08:00	0x02	0.1714	-0.5745	0.7070	-0.3751	265.41	67.34	43.14
2026-06-18T21:48:40.9145157+08:00	0x01	0.3626	0.4012	-0.8372	0.0815	166.92	307.46	46.96
2026-06-18T21:48:40.9145157+08:00	0x03	-0.2018	0.4615	0.7350	0.4539	108.60	13.96	300.50
2026-06-18T21:48:40.9145157+08:00	0x04	-0.2795	-0.0237	0.2896	-0.9151	322.60	351.99	31.68
2026-06-18T21:48:40.9145157+08:00	0x01	0.3890	0.4213	-0.8142	0.0908	164.02	301.57	49.17
2026-06-18T21:48:40.9145157+08:00	0x03	-0.2442	0.4469	0.7573	0.4088	123.59	359.47	298.77
2026-06-18T21:48:40.9145157+08:00	0x02	0.0742	-0.5896	0.7741	-0.2185	243.81	51.74	61.68
2026-06-18T21:48:40.9155099+08:00	0x01	0.3994	0.4078	-0.8153	0.0973	165.55	301.35	47.96
2026-06-18T21:48:40.9155099+08:00	0x03	-0.2740	0.4334	0.7720	0.3756	134.97	348.39	298.95
2026-06-18T21:48:40.9155099+08:00	0x01	0.4079	0.3968	-0.8164	0.0985	166.25	300.93	46.74
2026-06-18T21:48:40.9155099+08:00	0x02	0.0448	-0.5780	0.7993	-0.1579	227.19	37.80	65.49
2026-06-18T21:48:40.9155099+08:00	0x03	-0.2976	0.4184	0.7786	0.3607	141.26	341.12	299.97
2026-06-18T21:48:40.9155099+08:00	0x02	0.0239	-0.5892	0.8000	-0.1112	216.24	29.06	69.61
2026-06-18T21:48:40.9155099+08:00	0x04	-0.2372	0.0120	0.5239	-0.8180	291.43	343.19	22.05
2026-06-18T21:48:40.9155099+08:00	0x01	0.4088	0.3963	-0.8153	0.1055	167.10	301.09	47.10
2026-06-18T21:48:40.9155099+08:00	0x03	-0.3071	0.4120	0.7833	0.3498	144.64	337.78	300.66
2026-06-18T21:48:40.9155099+08:00	0x02	0.0005	-0.5981	0.7982	-0.0718	202.79	16.94	72.70
2026-06-18T21:48:40.9155099+08:00	0x03	-0.2932	0.4091	0.7916	0.3463	144.06	339.87	301.69
2026-06-18T21:48:40.9155099+08:00	0x04	-0.2620	0.0463	0.5714	-0.7764	282.96	336.61	20.73
2026-06-18T21:48:40.9155099+08:00	0x01	0.4043	0.4109	-0.8106	0.1032	165.58	300.46	48.56
2026-06-18T21:48:40.9155099+08:00	0x03	-0.2788	0.3965	0.7931	0.3689	138.64	344.23	303.43
2026-06-18T21:48:40.9155099+08:00	0x04	-0.2474	0.0112	0.5997	-0.7609	279.78	340.32	21.29
2026-06-18T21:48:40.9155099+08:00	0x01	0.4032	0.4138	-0.8094	0.1056	165.63	300.47	49.02
2026-06-18T21:48:40.9155099+08:00	0x03	-0.2522	0.3565	0.8148	0.3814	135.85	347.33	309.35
2026-06-18T21:48:40.9155099+08:00	0x01	0.4024	0.4126	-0.8103	0.1063	165.91	300.74	48.95
2026-06-18T21:48:40.9155099+08:00	0x02	-0.0355	-0.6300	0.7757	-0.0080	171.06	347.51	77.97
2026-06-18T21:48:40.9155099+08:00	0x03	-0.2508	0.3709	0.8057	0.3876	134.05	348.98	307.61
2026-06-18T21:48:40.9155099+08:00	0x04	-0.2227	-0.0024	0.6048	-0.7646	280.38	343.57	20.09
2026-06-18T21:48:40.9155099+08:00	0x01	0.4018	0.4124	-0.8108	0.1053	165.86	300.83	48.88
2026-06-18T21:48:40.9155099+08:00	0x03	-0.2516	0.3754	0.8019	0.3908	133.31	349.46	307.00
2026-06-18T21:48:40.9155099+08:00	0x02	-0.0456	-0.6311	0.7743	0.0067	161.52	338.36	77.63
2026-06-18T21:48:40.9155099+08:00	0x03	-0.2518	0.3868	0.7944	0.3949	131.96	350.64	305.57
2026-06-18T21:48:40.9155099+08:00	0x04	-0.2484	0.0301	0.5915	-0.7665	280.87	338.77	20.20
2026-06-18T21:48:40.9155099+08:00	0x01	0.3995	0.4147	-0.8099	0.1123	166.68	301.32	49.59
2026-06-18T21:48:40.9155099+08:00	0x03	-0.2509	0.3883	0.7922	0.3984	131.12	351.25	305.40
2026-06-18T21:48:40.9155099+08:00	0x04	-0.2470	0.0138	0.5710	-0.7828	284.08	340.92	21.77
2026-06-18T21:48:40.9155099+08:00	0x01	0.4008	0.4137	-0.8106	0.1060	165.89	300.91	49.08
2026-06-18T21:48:40.9155099+08:00	0x02	-0.0574	-0.6333	0.7714	0.0248	150.56	327.90	76.95
2026-06-18T21:48:40.9155099+08:00	0x03	-0.2896	0.3762	0.8023	0.3618	141.46	340.69	305.59
2026-06-18T21:48:40.9155099+08:00	0x04	-0.2675	-0.0121	0.6159	-0.7409	276.19	340.02	24.29
2026-06-18T21:48:40.9155099+08:00	0x01	0.3701	0.3623	-0.8537	0.0551	166.61	308.06	41.25
2026-06-18T21:48:40.9155099+08:00	0x03	-0.2988	0.3797	0.8367	0.2579	160.53	330.29	307.86
2026-06-18T21:48:40.9155099+08:00	0x02	-0.0919	-0.5839	0.8033	-0.0728	181.78	348.24	72.08
2026-06-18T21:48:40.9155099+08:00	0x01	0.3550	0.3252	-0.8765	0.0061	164.40	310.95	35.06
2026-06-18T21:48:40.9155099+08:00	0x04	-0.2900	-0.0119	0.6499	-0.7024	269.18	336.58	25.02
2026-06-18T21:48:40.9155099+08:00	0x03	-0.3122	0.4051	0.8485	0.1360	182.00	318.65	309.43
2026-06-18T21:48:40.9155099+08:00	0x01	0.3533	0.3203	-0.8789	-0.0096	162.98	310.99	33.80
2026-06-18T21:48:40.9155099+08:00	0x02	0.0570	-0.5512	0.7242	-0.4105	265.18	54.20	48.72
2026-06-18T21:48:40.9155099+08:00	0x03	-0.3179	0.4007	0.8509	0.1203	184.40	317.01	310.68
2026-06-18T21:48:40.9155099+08:00	0x02	0.0878	-0.5095	0.6821	-0.5172	273.89	54.25	37.17
2026-06-18T21:48:40.9155099+08:00	0x03	-0.3210	0.3962	0.8533	0.1092	185.86	316.14	311.74
2026-06-18T21:48:40.9155099+08:00	0x04	-0.2822	-0.0313	0.6279	-0.7246	273.35	339.77	26.63
2026-06-18T21:48:40.9155099+08:00	0x03	-0.3242	0.3927	0.8558	0.0907	188.37	314.86	313.03
2026-06-18T21:48:40.9155099+08:00	0x04	-0.2839	-0.0324	0.6200	-0.7307	274.50	339.99	27.07
2026-06-18T21:48:40.9155099+08:00	0x01	0.3491	0.2651	-0.8970	-0.0572	161.37	313.16	25.82
2026-06-18T21:48:40.9155099+08:00	0x03	-0.3267	0.3939	0.8553	0.0803	190.06	313.85	313.42
2026-06-18T21:48:40.9155099+08:00	0x01	0.3487	0.2695	-0.8959	-0.0567	161.16	313.02	26.32
2026-06-18T21:48:40.9155099+08:00	0x03	-0.3290	0.3920	0.8556	0.0780	190.37	313.50	313.77
2026-06-18T21:48:40.9155099+08:00	0x01	0.3490	0.2727	-0.8950	-0.0533	161.33	312.91	26.81
2026-06-18T21:48:40.9155099+08:00	0x02	0.2472	-0.4138	0.4354	-0.7603	299.92	57.63	359.11
2026-06-18T21:48:40.9155099+08:00	0x03	-0.3301	0.3911	0.8559	0.0744	190.84	313.21	314.06
2026-06-18T21:48:40.9155099+08:00	0x04	-0.2854	-0.0363	0.6072	-0.7407	276.48	340.67	27.83
2026-06-18T21:48:40.9155099+08:00	0x01	0.3491	0.2742	-0.8946	-0.0519	161.40	312.86	27.02
2026-06-18T21:48:40.9155099+08:00	0x03	-0.3306	0.3917	0.8556	0.0727	191.16	313.00	314.08
2026-06-18T21:48:40.9155099+08:00	0x04	-0.2871	-0.0345	0.6050	-0.7419	276.70	340.42	27.88
2026-06-18T21:48:40.9155099+08:00	0x02	0.2798	-0.4036	0.3841	-0.7818	303.56	58.54	352.68
2026-06-18T21:48:40.9155099+08:00	0x03	-0.3314	0.3935	0.8544	0.0730	191.31	312.78	313.88
2026-06-18T21:48:40.9155099+08:00	0x04	-0.2922	-0.0308	0.6025	-0.7420	276.71	339.67	28.09
2026-06-18T21:48:40.9165087+08:00	0x01	0.3480	0.2831	-0.8924	-0.0487	161.22	312.65	28.12
2026-06-18T21:48:40.9165520+08:00	0x03	-0.3317	0.3966	0.8528	0.0737	191.51	312.53	313.50
2026-06-18T21:48:40.9165520+08:00	0x04	-0.2976	-0.0260	0.5992	-0.7428	276.83	338.84	28.25
2026-06-18T21:48:40.9165520+08:00	0x02	0.2844	-0.3968	0.3667	-0.7920	305.22	57.98	350.83
2026-06-18T21:48:40.9165520+08:00	0x03	-0.3323	0.4054	0.8484	0.0738	192.31	311.80	312.53
2026-06-18T21:48:40.9165520+08:00	0x04	-0.2938	-0.0303	0.5954	-0.7472	277.73	339.75	28.37
2026-06-18T21:48:40.9165520+08:00	0x01	0.3494	0.2879	-0.8907	-0.0397	161.88	312.43	29.02
2026-06-18T21:48:40.9165520+08:00	0x03	-0.3326	0.4027	0.8492	0.0777	191.57	312.14	312.64
2026-06-18T21:48:40.9165520+08:00	0x04	-0.2863	-0.0348	0.6011	-0.7453	277.38	340.67	27.95
2026-06-18T21:48:40.9165520+08:00	0x03	-0.3308	0.3960	0.8525	0.0837	190.06	313.21	313.07
2026-06-18T21:48:40.9165520+08:00	0x04	-0.2882	-0.0352	0.5957	-0.7489	278.10	340.74	28.27
2026-06-18T21:48:40.9165520+08:00	0x02	0.3004	-0.4148	0.3923	-0.7641	301.09	61.33	352.32
2026-06-18T21:48:40.9165520+08:00	0x03	-0.3325	0.3973	0.8515	0.0815	190.58	312.74	313.05
2026-06-18T21:48:40.9165520+08:00	0x04	-0.2908	-0.0294	0.5938	-0.7496	278.18	340.02	28.10
2026-06-18T21:48:40.9165520+08:00	0x02	0.2998	-0.4124	0.3955	-0.7640	300.79	61.03	352.43
2026-06-18T21:48:40.9165520+08:00	0x03	-0.3320	0.3919	0.8540	0.0832	189.87	313.27	313.57
2026-06-18T21:48:40.9165520+08:00	0x04	-0.2972	-0.0219	0.5913	-0.7493	278.08	338.82	28.12
2026-06-18T21:48:40.9165520+08:00	0x02	0.2835	-0.4091	0.3970	-0.7712	301.83	59.48	353.54
2026-06-18T21:48:40.9165520+08:00	0x03	-0.3282	0.4127	0.8457	0.0828	191.46	312.37	311.21
2026-06-18T21:48:40.9165520+08:00	0x04	-0.3030	-0.0133	0.5925	-0.7463	277.42	337.42	27.90
2026-06-18T21:48:40.9165520+08:00	0x02	0.2826	-0.4050	0.3898	-0.7773	302.72	58.92	352.90
2026-06-18T21:48:40.9165520+08:00	0x03	-0.3269	0.4179	0.8435	0.0833	191.78	312.20	310.59
2026-06-18T21:48:40.9165520+08:00	0x04	-0.2905	-0.0220	0.5953	-0.7488	277.93	339.34	27.47
2026-06-18T21:48:40.9165520+08:00	0x02	0.2898	-0.4066	0.3870	-0.7752	302.50	59.61	352.27
2026-06-18T21:48:40.9165520+08:00	0x03	-0.3252	0.4108	0.8472	0.0878	190.37	313.29	311.13
2026-06-18T21:48:40.9165520+08:00	0x04	-0.2965	-0.0150	0.5926	-0.7488	277.90	338.23	27.51
2026-06-18T21:48:40.9165520+08:00	0x01	0.3462	0.2615	-0.9001	-0.0392	163.70	314.08	26.33
2026-06-18T21:48:40.9165520+08:00	0x03	-0.3253	0.4177	0.8437	0.0892	190.80	312.81	310.29
2026-06-18T21:48:40.9165520+08:00	0x04	-0.3265	0.0339	0.5409	-0.7744	283.19	332.65	27.97
2026-06-18T21:48:40.9165520+08:00	0x02	0.3724	-0.4401	0.4680	-0.6698	286.60	70.33	355.01
2026-06-18T21:48:40.9165520+08:00	0x03	-0.3379	0.4112	0.8066	0.2572	165.49	322.43	303.17
2026-06-18T21:48:40.9165520+08:00	0x04	-0.3722	0.1057	0.5215	-0.7605	281.61	321.92	27.13
2026-06-18T21:48:40.9165520+08:00	0x01	0.4194	0.3879	-0.8189	0.0553	161.28	298.34	42.97
2026-06-18T21:48:40.9165520+08:00	0x03	-0.3326	0.4056	0.7793	0.3429	148.73	331.89	300.65
2026-06-18T21:48:40.9165520+08:00	0x04	-0.3082	0.0808	0.5853	-0.7456	277.71	328.87	21.40
2026-06-18T21:48:40.9165520+08:00	0x02	0.3758	-0.5550	0.5920	-0.4476	271.01	83.85	18.70
2026-06-18T21:48:40.9175090+08:00	0x01	0.4170	0.3965	-0.8145	0.0746	162.77	298.58	45.07
2026-06-18T21:48:40.9175090+08:00	0x03	-0.2845	0.4189	0.7966	0.3302	146.28	340.06	301.21
2026-06-18T21:48:40.9175090+08:00	0x04	-0.2786	0.0590	0.5789	-0.7641	280.77	333.77	20.94
2026-06-18T21:48:40.9175090+08:00	0x03	-0.2699	0.4127	0.7983	0.3457	141.93	344.18	302.27
2026-06-18T21:48:40.9175090+08:00	0x04	-0.2849	0.0508	0.5300	-0.7971	287.52	335.29	23.60
2026-06-18T21:48:40.9175090+08:00	0x03	-0.2796	0.4078	0.7990	0.3423	143.63	341.84	302.53
2026-06-18T21:48:40.9175090+08:00	0x01	0.4110	0.4005	-0.8146	0.0847	163.96	299.57	46.23
2026-06-18T21:48:40.9175090+08:00	0x04	-0.2575	0.0250	0.5643	-0.7840	284.40	339.15	22.05
2026-06-18T21:48:40.9175090+08:00	0x01	0.4106	0.4040	-0.8129	0.0855	163.69	299.34	46.65
2026-06-18T21:48:40.9175090+08:00	0x04	-0.1109	-0.1416	0.5093	-0.8416	298.94	7.63	19.32
2026-06-18T21:48:40.9175090+08:00	0x01	0.3962	0.3921	-0.8272	0.0710	164.19	302.26	44.83
2026-06-18T21:48:40.9175090+08:00	0x03	-0.1106	0.2467	0.7927	0.5464	109.10	6.30	329.20
2026-06-18T21:48:40.9175090+08:00	0x02	0.2087	-0.5823	0.6749	-0.4024	270.15	72.63	38.17
2026-06-18T21:48:40.9175090+08:00	0x04	-0.0240	-0.1919	0.5385	-0.8201	295.60	17.34	14.25
2026-06-18T21:48:40.9175090+08:00	0x01	0.3912	0.3805	-0.8355	0.0649	164.92	303.80	43.36
2026-06-18T21:48:40.9175090+08:00	0x04	-0.0075	-0.1706	0.5612	-0.8099	292.21	15.88	11.75
2026-06-18T21:48:40.9175090+08:00	0x03	0.1216	0.1450	0.6304	0.7528	79.89	21.82	0.01
2026-06-18T21:48:40.9175090+08:00	0x04	-0.0025	-0.1722	0.5658	-0.8064	291.54	16.30	11.47
2026-06-18T21:48:40.9175090+08:00	0x01	0.3886	0.3720	-0.8413	0.0531	164.44	304.43	41.85
2026-06-18T21:48:40.9175090+08:00	0x03	0.1291	0.1391	0.6166	0.7640	78.10	21.84	1.47
2026-06-18T21:48:40.9175090+08:00	0x04	-0.0044	-0.1704	0.5698	-0.8039	290.97	15.94	11.61
2026-06-18T21:48:40.9175090+08:00	0x02	0.0896	-0.6041	0.7370	-0.2896	259.17	62.21	56.99
2026-06-18T21:48:40.9175090+08:00	0x03	0.1278	0.1374	0.5996	0.7780	75.61	21.55	1.95
2026-06-18T21:48:40.9175090+08:00	0x04	-0.0111	-0.1683	0.5716	-0.8030	290.75	15.28	12.14
2026-06-18T21:48:40.9175090+08:00	0x01	0.3910	0.3660	-0.8430	0.0502	164.51	304.41	41.02
2026-06-18T21:48:40.9175090+08:00	0x02	0.0621	-0.6100	0.7504	-0.2467	253.27	57.82	62.24
2026-06-18T21:48:40.9175090+08:00	0x03	0.0578	0.1932	0.6139	0.7632	75.98	21.72	351.43
2026-06-18T21:48:40.9175090+08:00	0x02	0.0590	-0.6149	0.7522	-0.2292	251.62	57.42	63.90
2026-06-18T21:48:40.9175090+08:00	0x03	-0.2105	0.4437	0.7460	0.4499	112.60	9.34	301.65
2026-06-18T21:48:40.9175090+08:00	0x01	0.4000	0.3773	-0.8335	0.0546	163.44	302.29	42.27
2026-06-18T21:48:40.9175090+08:00	0x02	0.0593	-0.6143	0.7604	-0.2023	246.75	54.87	65.53
2026-06-18T21:48:40.9175090+08:00	0x03	-0.2332	0.4265	0.7605	0.4305	120.22	1.36	301.84
2026-06-18T21:48:40.9175090+08:00	0x04	-0.2674	0.0335	0.5671	-0.7783	283.36	337.42	22.23
2026-06-18T21:48:40.9175090+08:00	0x01	0.4029	0.3805	-0.8299	0.0650	164.20	301.93	43.15
2026-06-18T21:48:40.9175090+08:00	0x04	-0.2585	0.0292	0.5733	-0.7770	282.99	338.43	21.61
2026-06-18T21:48:40.9175090+08:00	0x01	0.4041	0.3801	-0.8293	0.0673	164.43	301.84	43.23
2026-06-18T21:48:40.9175090+08:00	0x03	-0.2480	0.4170	0.7869	0.3813	132.59	352.22	302.29
2026-06-18T21:48:40.9175090+08:00	0x04	-0.2664	0.0476	0.5770	-0.7706	281.87	335.96	20.84
2026-06-18T21:48:40.9175090+08:00	0x02	0.0580	-0.6257	0.7581	-0.1743	245.12	55.50	68.20
2026-06-18T21:48:40.9175090+08:00	0x04	-0.2768	0.0469	0.5707	-0.7717	282.17	335.26	21.94
2026-06-18T21:48:40.9175090+08:00	0x02	0.0592	-0.6201	0.7624	-0.1752	243.55	53.96	67.64
2026-06-18T21:48:40.9175090+08:00	0x03	-0.2699	0.3957	0.8090	0.3407	143.41	342.84	304.50
2026-06-18T21:48:40.9175090+08:00	0x01	0.4076	0.3970	-0.8195	0.0681	162.57	299.86	44.93
2026-06-18T21:48:40.9175090+08:00	0x04	-0.2816	0.0538	0.5830	-0.7602	280.00	333.86	21.43
2026-06-18T21:48:40.9175090+08:00	0x03	-0.2736	0.4022	0.8039	0.3422	143.25	342.64	303.49
2026-06-18T21:48:40.9175090+08:00	0x02	0.0576	-0.6175	0.7646	-0.1755	242.63	52.87	67.52
2026-06-18T21:48:40.9175090+08:00	0x04	-0.2736	0.0282	0.5936	-0.7563	279.05	336.59	22.35
2026-06-18T21:48:40.9175090+08:00	0x03	-0.2666	0.3892	0.7887	0.3942	133.00	348.42	304.50
2026-06-18T21:48:40.9175090+08:00	0x01	0.4075	0.4016	-0.8170	0.0721	162.57	299.60	45.64
2026-06-18T21:48:40.9175090+08:00	0x02	0.0610	-0.6195	0.7651	-0.1646	241.45	52.90	68.11
2026-06-18T21:48:40.9175090+08:00	0x04	-0.2697	0.0537	0.5847	-0.7632	280.50	334.91	20.41
2026-06-18T21:48:40.9188840+08:00	0x02	0.0778	-0.6514	0.7403	-0.1469	251.27	65.58	70.32
2026-06-18T21:48:40.9188906+08:00	0x04	-0.2878	0.0876	0.5947	-0.7456	277.73	330.00	18.96
2026-06-18T21:48:40.9188906+08:00	0x03	-0.2791	0.4079	0.7898	0.3632	139.38	344.22	302.10
2026-06-18T21:48:40.9188906+08:00	0x01	0.4077	0.3983	-0.8173	0.0845	164.39	300.30	46.05
2026-06-18T21:48:40.9188906+08:00	0x04	-0.2771	0.0656	0.5794	-0.7637	280.76	333.30	20.32
2026-06-18T21:48:40.9188906+08:00	0x03	-0.2799	0.4071	0.7911	0.3608	139.98	343.75	302.22
2026-06-18T21:48:40.9188906+08:00	0x02	0.0763	-0.6493	0.7428	-0.1443	249.82	64.22	70.49
2026-06-18T21:48:40.9188906+08:00	0x01	0.4082	0.4022	-0.8151	0.0848	163.98	299.89	46.46
2026-06-18T21:48:40.9188906+08:00	0x04	-0.2728	0.0537	0.5958	-0.7535	278.66	334.35	20.31
2026-06-18T21:48:40.9188906+08:00	0x03	-0.2828	0.3995	0.7975	0.3527	142.07	342.00	303.20
2026-06-18T21:48:40.9188906+08:00	0x01	0.4096	0.4073	-0.8120	0.0831	163.11	299.10	46.86
2026-06-18T21:48:40.9188906+08:00	0x02	0.0720	-0.6486	0.7440	-0.1436	249.08	63.19	70.81
2026-06-18T21:48:40.9188906+08:00	0x04	-0.2775	0.0637	0.5997	-0.7479	277.75	332.94	19.80
2026-06-18T21:48:40.9188906+08:00	0x03	-0.2835	0.4020	0.7964	0.3517	142.26	341.88	302.89
2026-06-18T21:48:40.9188906+08:00	0x02	0.0686	-0.6363	0.7541	-0.1473	244.64	58.16	69.96
2026-06-18T21:48:40.9188906+08:00	0x01	0.4073	0.4202	-0.8056	0.0930	163.01	298.60	48.82
2026-06-18T21:48:40.9188906+08:00	0x03	-0.2820	0.3996	0.7949	0.3592	140.73	342.82	303.09
2026-06-18T21:48:40.9188906+08:00	0x02	0.0725	-0.6205	0.7672	-0.1449	238.98	53.01	68.62
2026-06-18T21:48:40.9188906+08:00	0x01	0.4082	0.4148	-0.8082	0.0898	163.18	298.86	48.06
2026-06-18T21:48:40.9188906+08:00	0x03	-0.2856	0.3895	0.7910	0.3755	138.12	343.38	303.84
2026-06-18T21:48:40.9188906+08:00	0x04	-0.2798	0.0422	0.5967	-0.7509	278.13	334.68	21.70
2026-06-18T21:48:40.9188906+08:00	0x02	0.0818	-0.6538	0.7416	-0.1258	248.88	65.28	71.66
2026-06-18T21:48:40.9188906+08:00	0x03	-0.2224	0.4316	0.6980	0.5263	97.70	15.22	303.21
2026-06-18T21:48:40.9188906+08:00	0x04	-0.2543	0.1267	0.7363	-0.6142	257.57	327.71	7.23
2026-06-18T21:48:40.9188906+08:00	0x02	0.0451	-0.5981	0.7953	-0.0885	215.90	32.33	70.61
2026-06-18T21:48:40.9188906+08:00	0x01	0.4192	0.3743	-0.8135	0.1498	174.08	302.89	47.27
2026-06-18T21:48:40.9188906+08:00	0x03	-0.2465	0.4345	0.6532	0.5691	87.28	18.99	301.99
2026-06-18T21:48:40.9188906+08:00	0x04	-0.2998	0.1314	0.6389	-0.6961	270.22	324.23	14.45
2026-06-18T21:48:40.9188906+08:00	0x02	-0.0059	-0.5575	0.8269	-0.0738	197.44	10.85	67.34
2026-06-18T21:48:40.9188906+08:00	0x01	0.4200	0.3399	-0.8272	0.1541	177.57	305.19	43.77
2026-06-18T21:48:40.9188906+08:00	0x04	-0.3149	0.1102	0.5845	-0.7396	277.23	325.66	19.69
2026-06-18T21:48:40.9188906+08:00	0x02	0.0028	-0.5617	0.8168	-0.1311	213.02	22.39	66.49
2026-06-18T21:48:40.9188906+08:00	0x01	0.4046	0.3356	-0.8421	0.1204	174.73	306.68	41.50
2026-06-18T21:48:40.9188906+08:00	0x03	-0.2170	0.4710	0.6697	0.5315	89.01	24.44	300.51
2026-06-18T21:48:40.9188906+08:00	0x02	0.0134	-0.5638	0.8084	-0.1686	223.11	30.20	65.10
2026-06-18T21:48:40.9188906+08:00	0x01	0.3967	0.3381	-0.8472	0.1029	172.87	307.16	40.88
2026-06-18T21:48:40.9188906+08:00	0x03	-0.2097	0.4795	0.6652	0.5325	86.95	27.14	300.54
2026-06-18T21:48:40.9188906+08:00	0x02	0.0219	-0.5600	0.8056	-0.1923	228.21	33.99	63.36
2026-06-18T21:48:40.9198857+08:00	0x01	0.3953	0.3392	-0.8482	0.0966	172.09	307.09	40.68
2026-06-18T21:48:40.9198857+08:00	0x04	-0.3220	0.0924	0.4373	-0.8346	297.46	330.66	27.17
2026-06-18T21:48:40.9198857+08:00	0x02	0.0224	-0.5392	0.8061	-0.2427	234.10	35.50	59.15
2026-06-18T21:48:40.9198857+08:00	0x04	-0.3083	0.0094	0.3873	-0.8688	306.91	342.51	31.90
2026-06-18T21:48:40.9198857+08:00	0x03	-0.2095	0.4899	0.7734	0.3435	131.06	1.66	295.63
2026-06-18T21:48:40.9198857+08:00	0x02	0.0468	-0.5106	0.8077	-0.2912	239.18	38.17	52.89
2026-06-18T21:48:40.9198857+08:00	0x03	-0.2286	0.4840	0.7677	0.3523	131.56	358.65	295.29
2026-06-18T21:48:40.9198857+08:00	0x01	0.3860	0.3235	-0.8635	0.0254	165.38	307.15	35.33
2026-06-18T21:48:40.9198857+08:00	0x02	0.1271	-0.5347	0.7276	-0.4105	262.91	57.61	42.36
2026-06-18T21:48:40.9198857+08:00	0x04	-0.3054	0.0381	0.5578	-0.7708	282.21	333.76	25.36
2026-06-18T21:48:40.9198857+08:00	0x03	-0.1809	0.4799	0.6874	0.5143	91.13	27.32	302.25
2026-06-18T21:48:40.9198857+08:00	0x01	0.3790	0.3183	-0.8687	-0.0210	160.77	307.20	32.48
2026-06-18T21:48:40.9198857+08:00	0x04	-0.3038	0.0234	0.4146	-0.8575	303.04	340.27	30.10
2026-06-18T21:48:40.9198857+08:00	0x03	-0.1860	0.4765	0.7568	0.4069	116.09	12.56	299.23
2026-06-18T21:48:40.9198857+08:00	0x01	0.3672	0.3078	-0.8763	-0.0502	158.70	308.72	30.17
2026-06-18T21:48:40.9198857+08:00	0x04	-0.2946	0.0337	0.5461	-0.7835	284.71	335.56	25.14
2026-06-18T21:48:40.9198857+08:00	0x01	0.3689	0.3090	-0.8740	-0.0671	156.66	308.04	29.39
2026-06-18T21:48:40.9198857+08:00	0x02	0.2160	-0.4921	0.5904	-0.6022	282.78	63.51	18.72
2026-06-18T21:48:40.9198857+08:00	0x04	-0.3040	0.0060	0.5398	-0.7850	285.28	337.51	28.09
2026-06-18T21:48:40.9198857+08:00	0x03	-0.1589	0.4717	0.7100	0.4982	96.00	25.84	304.09
2026-06-18T21:48:40.9198857+08:00	0x01	0.3723	0.3161	-0.8699	-0.0680	155.90	307.12	29.96
2026-06-18T21:48:40.9198857+08:00	0x03	-0.1623	0.4622	0.7192	0.4927	98.88	23.11	304.44
2026-06-18T21:48:40.9198857+08:00	0x02	0.2583	-0.4735	0.5439	-0.6428	286.23	64.83	10.55
2026-06-18T21:48:40.9198857+08:00	0x03	-0.1625	0.4699	0.7104	0.4980	96.40	25.14	303.95
2026-06-18T21:48:40.9198857+08:00	0x01	0.3702	0.3194	-0.8695	-0.0701	155.50	307.16	30.23
2026-06-18T21:48:40.9198857+08:00	0x02	0.2717	-0.4674	0.5257	-0.6568	287.60	65.21	7.73
2026-06-18T21:48:40.9198857+08:00	0x03	-0.1642	0.4619	0.7117	0.5032	96.76	23.99	304.65
2026-06-18T21:48:40.9198857+08:00	0x01	0.3710	0.3217	-0.8683	-0.0703	155.27	306.90	30.43
2026-06-18T21:48:40.9198857+08:00	0x02	0.2820	-0.4640	0.5145	-0.6637	288.25	65.63	5.93
2026-06-18T21:48:40.9198857+08:00	0x03	-0.1643	0.4612	0.7140	0.5005	97.44	23.56	304.60
2026-06-18T21:48:40.9198857+08:00	0x04	-0.3047	-0.0291	0.4264	-0.8512	302.47	345.49	32.93
2026-06-18T21:48:40.9198857+08:00	0x01	0.3716	0.3233	-0.8675	-0.0697	155.18	306.73	30.61
2026-06-18T21:48:40.9198857+08:00	0x02	0.2868	-0.4616	0.5076	-0.6686	288.75	65.75	4.88
2026-06-18T21:48:40.9198857+08:00	0x03	-0.1607	0.4651	0.7128	0.4997	96.88	24.56	304.54
2026-06-18T21:48:40.9198857+08:00	0x02	0.2864	-0.4595	0.5036	-0.6732	289.25	65.48	4.43
2026-06-18T21:48:40.9198857+08:00	0x04	-0.2999	-0.0325	0.4070	-0.8622	305.62	347.05	32.93
2026-06-18T21:48:40.9198857+08:00	0x03	-0.1618	0.4658	0.7122	0.4996	96.81	24.57	304.39
2026-06-18T21:48:40.9208813+08:00	0x02	0.2935	-0.4577	0.4975	-0.6759	289.47	65.83	3.37
2026-06-18T21:48:40.9208813+08:00	0x03	-0.1628	0.4647	0.7123	0.5001	96.89	24.34	304.42
2026-06-18T21:48:40.9208813+08:00	0x04	-0.3043	-0.0336	0.4023	-0.8628	306.09	347.05	33.51
2026-06-18T21:48:40.9208813+08:00	0x01	0.3723	0.3261	-0.8662	-0.0688	155.04	306.48	30.91
2026-06-18T21:48:40.9208813+08:00	0x02	0.2931	-0.4559	0.4951	-0.6791	289.78	65.60	3.06
2026-06-18T21:48:40.9208813+08:00	0x03	-0.1623	0.4664	0.7120	0.4992	96.78	24.60	304.29
2026-06-18T21:48:40.9208813+08:00	0x01	0.3734	0.3264	-0.8656	-0.0686	155.00	306.31	30.92
2026-06-18T21:48:40.9208813+08:00	0x03	-0.1633	0.4659	0.7120	0.4993	96.86	24.43	304.25
2026-06-18T21:48:40.9208813+08:00	0x04	-0.3014	-0.0385	0.3960	-0.8665	307.28	348.08	33.56
2026-06-18T21:48:40.9208813+08:00	0x01	0.3741	0.3253	-0.8657	-0.0687	155.05	306.28	30.79
2026-06-18T21:48:40.9208813+08:00	0x02	0.2897	-0.4553	0.4932	-0.6823	290.26	65.28	3.09
2026-06-18T21:50:40.8572240+08:00	0x03	-0.1630	0.4670	0.7113	0.4995	96.63	24.67	304.20
2026-06-18T21:50:40.8572240+08:00	0x04	-0.2994	-0.0381	0.3947	-0.8678	307.55	348.24	33.35
2026-06-18T21:50:40.8572240+08:00	0x01	0.3727	0.3276	-0.8656	-0.0677	155.04	306.35	31.11
2026-06-18T21:50:40.8572240+08:00	0x03	-0.1639	0.4677	0.7105	0.4996	96.50	24.73	304.07
2026-06-18T21:50:40.8572240+08:00	0x04	-0.3038	-0.0359	0.3956	-0.8660	307.14	347.63	33.68
2026-06-18T21:50:40.8572240+08:00	0x01	0.3731	0.3273	-0.8652	-0.0705	154.72	306.25	30.92
2026-06-18T21:50:40.8572240+08:00	0x02	0.2988	-0.4544	0.4902	-0.6812	289.95	65.87	2.20
2026-06-18T21:50:40.8572240+08:00	0x03	-0.1636	0.4649	0.7113	0.5012	96.64	24.41	304.38
2026-06-18T21:50:40.8572240+08:00	0x04	-0.3024	-0.0376	0.3946	-0.8669	307.41	347.97	33.64
2026-06-18T21:50:40.8582213+08:00	0x01	0.3729	0.3274	-0.8653	-0.0708	154.70	306.28	30.91
2026-06-18T21:50:40.8582213+08:00	0x02	0.2988	-0.4539	0.4898	-0.6817	289.99	65.82	2.14
2026-06-18T21:50:40.8582213+08:00	0x03	-0.1644	0.4659	0.7120	0.4990	96.94	24.28	304.15
2026-06-18T21:50:40.8582213+08:00	0x04	-0.3065	-0.0367	0.3935	-0.8659	307.32	347.62	34.03
2026-06-18T21:50:40.8582213+08:00	0x01	0.3728	0.3264	-0.8657	-0.0712	154.73	306.33	30.80
2026-06-18T21:50:40.8582213+08:00	0x02	0.2995	-0.4537	0.4895	-0.6818	289.97	65.84	2.05
2026-06-18T21:50:40.8582213+08:00	0x03	-0.1655	0.4658	0.7123	0.4982	97.14	24.07	304.05
2026-06-18T21:50:40.8582213+08:00	0x04	-0.3112	-0.0364	0.3935	-0.8643	307.07	347.24	34.51
2026-06-18T21:50:40.8582213+08:00	0x01	0.3730	0.3279	-0.8650	-0.0709	154.64	306.22	30.96
2026-06-18T21:50:40.8582213+08:00	0x02	0.3013	-0.4542	0.4901	-0.6802	289.77	66.05	2.02
2026-06-18T21:50:40.8582213+08:00	0x03	-0.1653	0.4649	0.7133	0.4978	97.39	23.87	304.13
2026-06-18T21:50:40.8582213+08:00	0x04	-0.3058	-0.0383	0.3936	-0.8661	307.38	347.85	34.05
2026-06-18T21:50:40.8582213+08:00	0x01	0.3733	0.3285	-0.8647	-0.0708	154.59	306.14	31.02
2026-06-18T21:50:40.8582213+08:00	0x02	0.2992	-0.4544	0.4911	-0.6803	289.80	65.91	2.25
2026-06-18T21:50:40.8582213+08:00	0x03	-0.1665	0.4645	0.7131	0.4979	97.45	23.69	304.07
2026-06-18T21:50:40.8582213+08:00	0x01	0.3738	0.3277	-0.8649	-0.0699	154.74	306.14	30.97
2026-06-18T21:50:40.8582213+08:00	0x03	-0.1663	0.4654	0.7112	0.5000	96.85	24.11	304.08
2026-06-18T21:50:40.8582213+08:00	0x04	-0.3053	-0.0386	0.3927	-0.8666	307.55	347.96	34.02
2026-06-18T21:50:40.8582213+08:00	0x01	0.3732	0.3308	-0.8639	-0.0700	154.50	306.02	31.29
2026-06-18T21:50:40.8582213+08:00	0x02	0.2985	-0.4550	0.4920	-0.6796	289.75	65.91	2.41
2026-06-18T21:50:40.8582213+08:00	0x03	-0.1655	0.4647	0.7102	0.5022	96.49	24.29	304.28
2026-06-18T21:50:40.8582213+08:00	0x01	0.3731	0.3316	-0.8636	-0.0707	154.36	305.96	31.33
2026-06-18T21:50:40.8582213+08:00	0x03	-0.1658	0.4636	0.7104	0.5030	96.54	24.13	304.37
2026-06-18T21:50:40.8582213+08:00	0x04	-0.3053	-0.0396	0.3911	-0.8673	307.81	348.14	34.10
2026-06-18T21:50:40.8582213+08:00	0x01	0.3731	0.3326	-0.8632	-0.0711	154.25	305.90	31.41
2026-06-18T21:50:40.8582213+08:00	0x02	0.3004	-0.4554	0.4919	-0.6786	289.63	66.10	2.31
2026-06-18T21:50:40.8582213+08:00	0x03	-0.1666	0.4633	0.7114	0.5015	96.91	23.83	304.28
2026-06-18T21:50:40.8582213+08:00	0x04	-0.3069	-0.0403	0.3915	-0.8666	307.69	348.10	34.29
2026-06-18T21:50:40.8582213+08:00	0x01	0.3731	0.3326	-0.8632	-0.0714	154.20	305.89	31.39
2026-06-18T21:50:40.8582213+08:00	0x02	0.2996	-0.4550	0.4922	-0.6789	289.65	66.00	2.35
2026-06-18T21:50:40.8582213+08:00	0x03	-0.1652	0.4641	0.7125	0.4996	97.14	23.92	304.26
2026-06-18T21:50:40.8582213+08:00	0x04	-0.3100	-0.0392	0.3903	-0.8661	307.67	347.79	34.58
2026-06-18T21:50:40.8582213+08:00	0x01	0.3728	0.3299	-0.8643	-0.0720	154.36	306.08	31.11
2026-06-18T21:50:40.8582213+08:00	0x02	0.2985	-0.4546	0.4922	-0.6797	289.73	65.87	2.39
2026-06-18T21:50:40.8582213+08:00	0x03	-0.1655	0.4643	0.7116	0.5007	96.88	24.05	304.26
2026-06-18T21:50:40.8582213+08:00	0x04	-0.3065	-0.0388	0.3898	-0.8675	307.92	348.03	34.20
2026-06-18T21:50:40.8582213+08:00	0x01	0.3728	0.3298	-0.8643	-0.0724	154.34	306.09	31.07
2026-06-18T21:50:40.8582213+08:00	0x02	0.2988	-0.4543	0.4919	-0.6799	289.74	65.87	2.33
2026-06-18T21:50:40.8582213+08:00	0x03	-0.1676	0.4643	0.7131	0.4979	97.52	23.53	304.01
2026-06-18T21:50:40.8582213+08:00	0x04	-0.3104	-0.0398	0.3908	-0.8657	307.60	347.81	34.64
2026-06-18T21:50:40.8582213+08:00	0x01	0.3736	0.3300	-0.8640	-0.0717	154.37	305.99	31.11
2026-06-18T21:50:40.8582213+08:00	0x02	0.2965	-0.4543	0.4925	-0.6805	289.84	65.69	2.52
2026-06-18T21:50:40.8582213+08:00	0x03	-0.1680	0.4631	0.7127	0.4994	97.39	23.44	304.12
2026-06-18T21:50:40.8582213+08:00	0x04	-0.3146	-0.0410	0.3909	-0.8640	307.38	347.63	35.15
2026-06-18T21:50:40.8582213+08:00	0x01	0.3733	0.3311	-0.8636	-0.0718	154.27	305.95	31.21
2026-06-18T21:50:40.8582213+08:00	0x02	0.2999	-0.4540	0.4908	-0.6805	289.79	65.92	2.15
2026-06-18T21:50:40.8582213+08:00	0x03	-0.1685	0.4627	0.7139	0.4978	97.81	23.14	304.06
2026-06-18T21:50:40.8582213+08:00	0x01	0.3733	0.3281	-0.8646	-0.0734	154.34	306.11	30.84
2026-06-18T21:50:40.8582213+08:00	0x02	0.2997	-0.4542	0.4915	-0.6800	289.73	65.92	2.23
2026-06-18T21:50:40.8582213+08:00	0x03	-0.1685	0.4605	0.7195	0.4918	99.46	22.08	304.07
2026-06-18T21:50:40.8582213+08:00	0x04	-0.3060	-0.0412	0.3953	-0.8651	307.22	348.10	34.19
2026-06-18T21:50:40.8582213+08:00	0x01	0.3776	0.3437	-0.8579	-0.0575	154.67	304.85	33.12
2026-06-18T21:50:40.8582213+08:00	0x02	0.3245	-0.4629	0.5093	-0.6489	285.73	68.81	2.89
2026-06-18T21:50:40.8582213+08:00	0x03	-0.1700	0.4632	0.6971	0.5201	93.00	25.51	304.65
2026-06-18T21:50:40.8582213+08:00	0x04	-0.2879	-0.0348	0.3833	-0.8769	309.64	349.13	32.12
2026-06-18T21:50:40.8592193+08:00	0x01	0.3542	0.4010	-0.8443	0.0289	160.83	306.63	44.24
2026-06-18T21:50:40.8592193+08:00	0x02	0.3391	-0.4953	0.5485	-0.5820	279.79	73.60	8.55
2026-06-18T21:50:40.8592193+08:00	0x03	-0.1636	0.4480	0.6691	0.5700	85.25	28.16	308.19
2026-06-18T21:50:40.8592193+08:00	0x04	-0.3083	-0.0202	0.1865	-0.9326	335.62	354.54	35.63
2026-06-18T21:50:40.8592193+08:00	0x02	0.2740	-0.5394	0.6440	-0.4683	271.30	72.66	25.99
2026-06-18T21:50:40.8592193+08:00	0x03	-0.2338	0.4307	0.7624	0.4226	121.55	0.82	301.32
2026-06-18T21:50:40.8592193+08:00	0x04	-0.3054	-0.0229	0.2450	-0.9199	327.80	352.46	34.96
2026-06-18T21:50:40.8592193+08:00	0x02	0.2014	-0.5438	0.7205	-0.3803	261.16	65.05	39.09
2026-06-18T21:50:40.8592193+08:00	0x03	-0.2516	0.4226	0.7609	0.4232	123.41	357.21	301.11
2026-06-18T21:50:40.8592193+08:00	0x04	-0.2803	0.0014	0.3537	-0.8924	313.16	346.60	29.95
2026-06-18T21:50:40.8592193+08:00	0x01	0.4054	0.3964	-0.8190	0.0880	165.19	301.00	46.11
2026-06-18T21:50:40.8592193+08:00	0x02	0.1364	-0.5760	0.7549	-0.2823	253.12	60.60	52.44
2026-06-18T21:50:40.8592193+08:00	0x03	-0.2625	0.4171	0.7622	0.4199	125.43	354.46	301.11
2026-06-18T21:50:40.8592193+08:00	0x04	-0.2967	0.0408	0.4214	-0.8560	302.16	338.70	28.26
2026-06-18T21:50:40.8592193+08:00	0x02	0.1012	-0.5969	0.7662	-0.2153	246.64	57.07	60.59
2026-06-18T21:50:40.8592193+08:00	0x03	-0.2737	0.4166	0.7655	0.4069	129.17	350.96	300.62
2026-06-18T21:50:40.8592193+08:00	0x04	-0.2932	0.0206	0.4912	-0.8199	292.90	338.74	27.43
2026-06-18T21:50:40.8592193+08:00	0x01	0.4039	0.4018	-0.8155	0.1020	166.45	301.32	47.54
2026-06-18T21:50:40.8592193+08:00	0x02	0.0699	-0.6192	0.7679	-0.1483	238.96	52.50	68.48
2026-06-18T21:50:40.8592193+08:00	0x03	-0.2827	0.4027	0.7640	0.4174	128.58	349.49	301.64
2026-06-18T21:50:40.8592193+08:00	0x02	0.0484	-0.6420	0.7573	-0.1095	236.34	51.34	74.11
2026-06-18T21:50:40.8592193+08:00	0x01	0.4022	0.4013	-0.8160	0.1067	167.22	301.84	47.79
2026-06-18T21:50:40.8592193+08:00	0x03	-0.2378	0.4247	0.6201	0.6152	78.14	23.40	304.97
2026-06-18T21:50:40.8592193+08:00	0x04	-0.2661	0.1038	0.6515	-0.7028	270.55	329.51	13.82
2026-06-18T21:50:40.8592193+08:00	0x01	0.4018	0.3960	-0.8174	0.1168	169.06	302.78	47.84
2026-06-18T21:50:40.8592193+08:00	0x02	0.0240	-0.6415	0.7628	-0.0772	222.01	37.67	77.17
2026-06-18T21:50:40.8592193+08:00	0x03	-0.2517	0.4199	0.6152	0.6179	78.05	21.88	304.13
2026-06-18T21:50:40.8592193+08:00	0x01	0.4014	0.3954	-0.8176	0.1186	169.39	302.99	47.88
2026-06-18T21:50:40.8592193+08:00	0x02	0.0069	-0.6440	0.7630	-0.0549	209.40	25.49	79.12
2026-06-18T21:50:40.8592193+08:00	0x03	-0.2439	0.4304	0.6033	0.6256	74.29	25.56	304.48
2026-06-18T21:50:40.8592193+08:00	0x01	0.3993	0.3924	-0.8195	0.1225	170.35	303.76	47.82
2026-06-18T21:50:40.8592193+08:00	0x02	-0.0027	-0.6500	0.7588	-0.0415	201.44	17.85	80.63
2026-06-18T21:50:40.8592193+08:00	0x03	-0.2349	0.4435	0.5931	0.6296	70.92	29.42	304.73
2026-06-18T21:50:40.8592193+08:00	0x04	-0.2585	0.0464	0.5005	-0.8250	293.27	338.74	22.33
2026-06-18T21:50:40.8592193+08:00	0x01	0.4000	0.3895	-0.8193	0.1306	171.62	304.22	47.96
2026-06-18T21:50:40.8592193+08:00	0x02	-0.0109	-0.6631	0.7478	-0.0317	195.50	12.04	82.93
2026-06-18T21:50:40.8592193+08:00	0x03	-0.2157	0.4603	0.5763	0.6398	65.76	35.17	306.23
2026-06-18T21:50:40.8592193+08:00	0x01	0.3995	0.3864	-0.8203	0.1349	172.51	304.74	47.88
2026-06-18T21:50:40.8592193+08:00	0x02	-0.0180	-0.6628	0.7482	-0.0232	185.15	1.81	83.07
2026-06-18T21:50:40.8592193+08:00	0x03	-0.2101	0.4647	0.5729	0.6416	64.69	36.55	306.67
2026-06-18T21:50:40.8592193+08:00	0x01	0.4011	0.3851	-0.8199	0.1361	172.67	304.61	47.79
2026-06-18T21:50:40.8592193+08:00	0x02	-0.0229	-0.6707	0.7411	-0.0188	178.32	354.93	84.28
2026-06-18T21:50:40.8592193+08:00	0x03	-0.2053	0.4684	0.5659	0.6466	62.98	38.07	307.28
2026-06-18T21:50:40.8592193+08:00	0x04	-0.2720	0.0247	0.4350	-0.8580	301.94	341.85	26.44
2026-06-18T21:50:40.8592193+08:00	0x01	0.4008	0.3845	-0.8200	0.1383	173.03	304.80	47.86
2026-06-18T21:50:40.8592193+08:00	0x02	-0.0260	-0.6694	0.7423	-0.0146	172.78	349.48	84.02
2026-06-18T21:50:40.8592193+08:00	0x03	-0.2043	0.4702	0.5630	0.6482	62.28	38.67	307.41
2026-06-18T21:50:40.8592193+08:00	0x01	0.3998	0.3852	-0.8199	0.1398	173.25	305.01	48.02
2026-06-18T21:50:40.8592193+08:00	0x02	-0.0290	-0.6740	0.7381	-0.0122	167.04	343.69	84.63
2026-06-18T21:50:40.8592193+08:00	0x03	-0.2004	0.4737	0.5566	0.6524	60.78	39.98	307.92
2026-06-18T21:50:40.8592193+08:00	0x01	0.4010	0.3832	-0.8191	0.1465	174.21	305.24	48.18
2026-06-18T21:50:40.8592193+08:00	0x02	-0.0306	-0.6756	0.7366	-0.0110	163.89	340.51	84.80
2026-06-18T21:50:40.8592193+08:00	0x04	-0.2749	0.0210	0.4075	-0.8706	305.63	342.92	27.48
2026-06-18T21:50:40.8592193+08:00	0x01	0.3989	0.3823	-0.8197	0.1508	175.01	305.86	48.34
2026-06-18T21:50:40.8592193+08:00	0x02	-0.0317	-0.6748	0.7373	-0.0111	163.48	340.02	84.67
2026-06-18T21:50:40.8592193+08:00	0x03	-0.1993	0.4807	0.5435	0.6587	57.83	42.26	308.28
2026-06-18T21:50:40.8592193+08:00	0x04	-0.2799	0.0204	0.4030	-0.8711	306.01	342.79	28.11
2026-06-18T21:50:40.8592193+08:00	0x02	-0.0321	-0.6722	0.7396	-0.0112	164.50	341.00	84.29
2026-06-18T21:50:40.8602159+08:00	0x03	-0.2041	0.4834	0.5449	0.6540	57.94	42.37	307.45
2026-06-18T21:50:40.8602159+08:00	0x01	0.3938	0.3844	-0.8202	0.1561	175.94	306.86	48.90
2026-06-18T21:50:40.8602159+08:00	0x04	-0.2889	0.0194	0.3998	-0.8697	306.00	342.35	29.14
2026-06-18T21:50:40.8602159+08:00	0x01	0.3857	0.3862	-0.8223	0.1610	177.09	308.40	49.40
2026-06-18T21:50:40.8602159+08:00	0x03	-0.2092	0.4823	0.5463	0.6520	58.29	41.83	306.89
2026-06-18T21:50:40.8602159+08:00	0x04	-0.2928	0.0165	0.4016	-0.8676	305.61	342.33	29.66
2026-06-18T21:50:40.8602159+08:00	0x02	-0.0321	-0.6718	0.7399	-0.0118	165.20	341.64	84.24
2026-06-18T21:50:40.8602159+08:00	0x01	0.3826	0.3894	-0.8217	0.1633	177.37	308.84	49.91
2026-06-18T21:50:40.8602159+08:00	0x02	-0.0327	-0.6695	0.7421	-0.0108	165.04	341.51	83.85
2026-06-18T21:50:40.8602159+08:00	0x03	-0.2184	0.4798	0.5493	0.6484	59.07	40.72	305.88
2026-06-18T21:50:40.8602159+08:00	0x04	-0.2888	0.0136	0.4044	-0.8677	305.50	342.84	29.35
2026-06-18T21:50:40.8602159+08:00	0x01	0.3940	0.3865	-0.8188	0.1582	176.00	306.77	49.25
2026-06-18T21:50:40.8602159+08:00	0x02	-0.0341	-0.6724	0.7394	-0.0086	160.90	337.43	84.19
2026-06-18T21:50:40.8602159+08:00	0x03	-0.2208	0.4777	0.5483	0.6499	59.03	40.32	305.82
2026-06-18T21:50:40.8602159+08:00	0x01	0.3914	0.3860	-0.8203	0.1580	176.24	307.27	49.19
2026-06-18T21:50:40.8602159+08:00	0x02	-0.0344	-0.6714	0.7402	-0.0081	160.83	337.37	84.03
2026-06-18T21:50:40.8602159+08:00	0x03	-0.2156	0.4773	0.5517	0.6491	59.69	40.22	306.24
2026-06-18T21:50:40.8602159+08:00	0x04	-0.2894	0.0106	0.3973	-0.8708	306.51	343.38	29.71
2026-06-18T21:50:40.8602159+08:00	0x01	0.3881	0.3868	-0.8216	0.1570	176.29	307.72	49.25
2026-06-18T21:50:40.8602159+08:00	0x02	-0.0348	-0.6697	0.7418	-0.0075	160.97	337.55	83.75
2026-06-18T21:50:40.8602159+08:00	0x03	-0.2132	0.4786	0.5541	0.6469	60.10	40.33	306.27
2026-06-18T21:50:40.8602159+08:00	0x04	-0.2902	0.0123	0.3980	-0.8702	306.33	343.11	29.69
2026-06-18T21:50:40.8602159+08:00	0x01	0.3885	0.3870	-0.8216	0.1557	176.07	307.59	49.19
2026-06-18T21:50:40.8602159+08:00	0x02	-0.0352	-0.6698	0.7417	-0.0068	160.17	336.75	83.73
2026-06-18T21:50:40.8602159+08:00	0x03	-0.2121	0.4795	0.5548	0.6460	60.17	40.46	306.28
2026-06-18T21:50:40.8602159+08:00	0x04	-0.2904	0.0163	0.3969	-0.8706	306.39	342.69	29.52
2026-06-18T21:50:40.8602159+08:00	0x01	0.3893	0.3856	-0.8218	0.1565	176.23	307.58	49.08
2026-06-18T21:50:40.8602159+08:00	0x02	-0.0355	-0.6688	0.7426	-0.0064	160.18	336.78	83.57
2026-06-18T21:50:40.8602159+08:00	0x03	-0.2121	0.4795	0.5541	0.6466	60.02	40.53	306.33
2026-06-18T21:50:40.8602159+08:00	0x04	-0.2900	0.0166	0.3964	-0.8709	306.47	342.70	29.47
2026-06-18T21:50:40.8602159+08:00	0x01	0.3915	0.3831	-0.8231	0.1497	175.37	307.04	48.40
2026-06-18T21:50:40.8602159+08:00	0x02	-0.0355	-0.6668	0.7444	-0.0060	160.83	337.46	83.26
2026-06-18T21:50:40.8602159+08:00	0x03	-0.1917	0.4678	0.5526	0.6625	60.28	39.86	309.55
2026-06-18T21:50:40.8602159+08:00	0x04	-0.3264	0.0353	0.2798	-0.9022	320.05	342.56	34.69
2026-06-18T21:50:40.8602159+08:00	0x02	-0.0378	-0.6478	0.7609	-0.0051	165.62	342.13	80.45
2026-06-18T21:50:40.8602159+08:00	0x03	-0.2219	0.4422	0.7139	0.4956	102.97	13.38	301.65
2026-06-18T21:50:40.8602159+08:00	0x04	-0.2923	-0.0186	0.2210	-0.9303	331.31	353.49	33.51
2026-06-18T21:50:40.8602159+08:00	0x01	0.3979	0.3989	-0.8137	0.1433	172.51	304.41	49.74
2026-06-18T21:50:40.8602159+08:00	0x02	-0.0400	-0.6575	0.7524	-0.0008	159.20	335.89	81.67
2026-06-18T21:50:40.8602159+08:00	0x03	-0.2550	0.4486	0.7288	0.4501	114.24	3.93	297.94
2026-06-18T21:50:40.8602159+08:00	0x04	-0.2927	0.0113	0.3173	-0.9020	317.30	346.03	31.39
2026-06-18T21:50:40.8602159+08:00	0x01	0.3986	0.3998	-0.8136	0.1387	171.75	303.98	49.57
2026-06-18T21:50:40.8602159+08:00	0x03	-0.2728	0.4293	0.7503	0.4223	124.53	354.45	299.00
2026-06-18T21:50:40.8602159+08:00	0x02	-0.0424	-0.6556	0.7539	0.0025	157.12	333.88	81.23
2026-06-18T21:50:40.8602159+08:00	0x04	-0.3115	0.0310	0.4246	-0.8495	301.02	338.47	30.20
2026-06-18T21:50:40.8602159+08:00	0x03	-0.2742	0.4191	0.7579	0.4180	126.54	352.53	300.18
2026-06-18T21:50:40.8602159+08:00	0x04	-0.3179	0.0516	0.4736	-0.8197	293.35	334.05	28.19
2026-06-18T21:50:40.8602159+08:00	0x02	-0.0442	-0.6200	0.7834	0.0009	166.34	342.80	76.23
2026-06-18T21:50:40.8602159+08:00	0x01	0.3987	0.3999	-0.8137	0.1375	171.57	303.90	49.51
2026-06-18T21:50:40.8602159+08:00	0x03	-0.2764	0.4148	0.7641	0.4094	128.98	350.65	300.65
2026-06-18T21:50:40.8602159+08:00	0x04	-0.2985	0.0599	0.5059	-0.8071	289.98	333.92	24.91
2026-06-18T21:50:40.8602159+08:00	0x02	-0.0407	-0.6456	0.7626	0.0022	161.42	338.30	79.90
2026-06-18T21:50:40.8602159+08:00	0x01	0.3993	0.4040	-0.8119	0.1349	170.77	303.33	49.79
2026-06-18T21:50:40.8602159+08:00	0x03	-0.2776	0.4221	0.7705	0.3887	133.11	348.50	299.97
2026-06-18T21:50:40.8602159+08:00	0x04	-0.3038	0.0814	0.5378	-0.7822	284.89	330.49	22.81
2026-06-18T21:50:40.8602159+08:00	0x01	0.3960	0.4094	-0.8105	0.1364	170.67	303.52	50.51
2026-06-18T21:50:40.8602159+08:00	0x02	-0.0338	-0.6712	0.7405	0.0018	154.11	331.52	83.69
2026-06-18T21:50:40.8612139+08:00	0x03	-0.2825	0.4188	0.7655	0.3985	131.60	348.60	299.96
2026-06-18T21:50:40.8612139+08:00	0x04	-0.3145	0.1028	0.5559	-0.7626	281.41	327.04	21.43
2026-06-18T21:50:40.8612139+08:00	0x02	-0.0400	-0.6577	0.7522	0.0028	157.15	334.13	81.59
2026-06-18T21:50:40.8612139+08:00	0x01	0.3953	0.4127	-0.8099	0.1324	169.85	303.16	50.64
2026-06-18T21:50:40.8612139+08:00	0x03	-0.2911	0.4024	0.7758	0.3892	135.29	344.72	301.68
2026-06-18T21:50:40.8612139+08:00	0x04	-0.2950	0.0754	0.5668	-0.7655	281.37	331.09	21.48
2026-06-18T21:50:40.8612139+08:00	0x02	-0.0375	-0.6506	0.7585	0.0076	158.54	336.10	80.52
2026-06-18T21:50:40.8612139+08:00	0x01	0.3946	0.4156	-0.8100	0.1242	168.51	302.62	50.48
2026-06-18T21:50:40.8612139+08:00	0x04	-0.2958	0.0864	0.5683	-0.7629	281.03	329.99	20.68
2026-06-18T21:50:40.8612139+08:00	0x02	-0.0447	-0.6242	0.7799	0.0126	161.11	338.49	76.53
2026-06-18T21:50:40.8612139+08:00	0x01	0.3993	0.4145	-0.8089	0.1201	167.70	301.69	50.04
2026-06-18T21:50:40.8612139+08:00	0x04	-0.2882	0.0716	0.5665	-0.7687	281.89	332.07	21.22
2026-06-18T21:50:40.8612139+08:00	0x02	-0.0490	-0.6174	0.7850	0.0141	160.78	337.93	75.45
2026-06-18T21:50:40.8612139+08:00	0x01	0.3980	0.4151	-0.8097	0.1172	167.37	301.74	49.95
2026-06-18T21:50:40.8612139+08:00	0x03	-0.3130	0.3991	0.8018	0.3159	151.96	332.76	303.09
2026-06-18T21:50:40.8612139+08:00	0x04	-0.3042	0.0834	0.5808	-0.7504	278.64	329.15	21.07
2026-06-18T21:50:40.8612139+08:00	0x02	-0.0512	-0.6083	0.7918	0.0177	160.78	338.04	74.07
2026-06-18T21:50:40.8612139+08:00	0x01	0.3944	0.4164	-0.8104	0.1195	167.82	302.37	50.28
2026-06-18T21:50:40.8612139+08:00	0x03	-0.2957	0.4017	0.7788	0.3805	137.53	342.86	301.72
2026-06-18T21:50:40.8612139+08:00	0x04	-0.2986	0.0666	0.6079	-0.7327	275.08	330.46	20.89
2026-06-18T21:50:40.8612139+08:00	0x02	-0.0527	-0.6219	0.7811	0.0175	157.61	334.74	75.86
2026-06-18T21:50:40.8612139+08:00	0x01	0.3959	0.4139	-0.8111	0.1189	167.90	302.31	49.96
2026-06-18T21:50:40.8612139+08:00	0x03	-0.2854	0.4185	0.7790	0.3694	138.22	344.44	300.35
2026-06-18T21:50:40.8612139+08:00	0x04	-0.2911	0.0930	0.6185	-0.7240	273.95	328.69	17.85
2026-06-18T21:50:40.8612139+08:00	0x02	-0.0557	-0.6164	0.7852	0.0195	157.47	334.51	74.99
2026-06-18T21:50:40.8612139+08:00	0x03	-0.2829	0.4126	0.7829	0.3699	138.14	344.59	301.20
2026-06-18T21:50:40.8612139+08:00	0x04	-0.2778	0.0692	0.5739	-0.7672	281.49	333.05	20.30
2026-06-18T21:50:40.8612139+08:00	0x02	-0.0568	-0.6167	0.7849	0.0214	156.51	333.62	74.93
2026-06-18T21:50:40.8612139+08:00	0x01	0.3960	0.4141	-0.8111	0.1179	167.74	302.23	49.91
2026-06-18T21:50:40.8612139+08:00	0x04	-0.2830	0.0705	0.5591	-0.7761	283.30	332.83	21.13
2026-06-18T21:50:40.8612139+08:00	0x02	-0.0526	-0.6348	0.7707	0.0183	153.87	331.07	77.55
2026-06-18T21:50:40.8612139+08:00	0x01	0.3964	0.4116	-0.8126	0.1146	167.55	302.24	49.44
2026-06-18T21:50:40.8612139+08:00	0x04	-0.2984	0.0487	0.6032	-0.7381	275.86	332.14	22.43
2026-06-18T21:50:40.8612139+08:00	0x02	-0.0558	-0.6137	0.7873	0.0232	156.85	334.19	74.50
2026-06-18T21:50:40.8612139+08:00	0x03	-0.2878	0.3956	0.7800	0.3903	135.09	344.96	302.67
2026-06-18T21:50:40.8612139+08:00	0x01	0.3953	0.4131	-0.8116	0.1199	168.17	302.54	49.94
2026-06-18T21:50:40.8612139+08:00	0x04	-0.2963	0.0512	0.6046	-0.7377	275.79	332.11	22.04
2026-06-18T21:50:40.8612139+08:00	0x02	-0.0583	-0.6323	0.7722	0.0241	150.89	328.10	76.81
2026-06-18T21:50:40.8612139+08:00	0x03	-0.2833	0.3935	0.7711	0.4127	130.22	348.05	302.79
2026-06-18T21:50:40.8612139+08:00	0x01	0.3953	0.4120	-0.8119	0.1220	168.56	302.74	49.94
2026-06-18T21:50:40.8612139+08:00	0x04	-0.2763	0.0376	0.5924	-0.7558	279.01	335.53	21.91
2026-06-18T21:50:40.8612139+08:00	0x02	-0.0585	-0.6282	0.7755	0.0247	151.94	329.18	76.26
2026-06-18T21:50:40.8612139+08:00	0x01	0.3957	0.4102	-0.8122	0.1239	168.97	302.91	49.86
2026-06-18T21:50:40.8612139+08:00	0x04	-0.2978	0.0876	0.5543	-0.7723	282.91	330.04	21.28
2026-06-18T21:50:40.8612139+08:00	0x02	-0.0576	-0.6051	0.7935	0.0296	156.30	334.00	73.12
2026-06-18T21:50:40.8612139+08:00	0x03	-0.2989	0.4126	0.7868	0.3484	144.11	339.18	300.97
2026-06-18T21:50:40.8612139+08:00	0x04	-0.3026	0.1025	0.5573	-0.7664	282.05	328.15	20.46
2026-06-18T21:50:40.8612139+08:00	0x02	-0.0561	-0.6263	0.7768	0.0355	149.50	327.82	75.69
2026-06-18T21:50:40.8612139+08:00	0x01	0.3938	0.4154	-0.8101	0.1270	168.98	302.92	50.63
2026-06-18T21:50:40.8612139+08:00	0x04	-0.3055	0.1000	0.5889	-0.7415	277.30	327.36	19.59
2026-06-18T21:50:40.8612139+08:00	0x02	-0.0660	-0.5945	0.8006	0.0341	155.39	332.77	71.35
2026-06-18T21:50:40.8612139+08:00	0x01	0.3926	0.4171	-0.8092	0.1303	169.31	303.12	51.03
2026-06-18T21:50:40.8612139+08:00	0x03	-0.3112	0.4107	0.7885	0.3358	147.93	335.37	301.05
2026-06-18T21:50:40.8612139+08:00	0x04	-0.3095	0.0978	0.6069	-0.7255	274.36	326.75	19.29
2026-06-18T21:50:40.8612139+08:00	0x02	-0.0709	-0.5662	0.8202	0.0397	157.75	335.18	67.40
2026-06-18T21:50:40.8612139+08:00	0x03	-0.3088	0.4092	0.7880	0.3410	146.65	336.37	301.19
2026-06-18T21:50:40.8612139+08:00	0x01	0.3933	0.4136	-0.8116	0.1252	168.97	303.10	50.33
2026-06-18T21:50:40.8612139+08:00	0x04	-0.3064	0.1017	0.6043	-0.7284	274.97	326.78	18.88
2026-06-18T21:50:40.8612139+08:00	0x02	-0.0761	-0.5753	0.8135	0.0389	155.78	332.71	68.44
2026-06-18T21:50:40.8612139+08:00	0x03	-0.3073	0.4104	0.7931	0.3288	148.93	335.35	301.45
2026-06-18T21:50:40.8612139+08:00	0x04	-0.2948	0.0969	0.6091	-0.7299	275.09	328.21	18.20
2026-06-18T21:50:40.8612139+08:00	0x02	-0.0668	-0.6064	0.7918	0.0283	154.43	331.28	73.05
2026-06-18T21:50:40.8612139+08:00	0x01	0.3975	0.4133	-0.8099	0.1234	168.42	302.28	50.14
2026-06-18T21:50:40.8612139+08:00	0x03	-0.2980	0.4054	0.7775	0.3774	138.22	342.32	301.21
2026-06-18T21:50:40.8622475+08:00	0x04	-0.2979	0.0902	0.6103	-0.7285	274.71	328.46	18.90
2026-06-18T21:50:40.8622475+08:00	0x02	-0.0630	-0.6115	0.7883	0.0257	154.88	331.83	73.93
2026-06-18T21:50:40.8622475+08:00	0x03	-0.2864	0.4243	0.7757	0.3690	138.13	344.59	299.58
2026-06-18T21:50:40.8622475+08:00	0x04	-0.2696	0.0718	0.5921	-0.7560	279.33	333.12	18.82
2026-06-18T21:50:40.8622475+08:00	0x02	-0.0615	-0.6116	0.7884	0.0246	155.55	332.53	74.01
2026-06-18T21:50:40.8622475+08:00	0x03	-0.2861	0.4137	0.7717	0.3892	134.26	346.40	300.55
2026-06-18T21:50:40.8622475+08:00	0x04	-0.3036	0.0855	0.5954	-0.7390	276.54	328.66	20.30
2026-06-18T21:50:40.8622475+08:00	0x02	-0.0561	-0.6224	0.7804	0.0241	154.39	331.77	75.60
2026-06-18T21:50:40.8622475+08:00	0x01	0.3908	0.4284	-0.8038	0.1328	168.52	302.47	52.41
2026-06-18T21:50:40.8622475+08:00	0x04	-0.2918	0.0849	0.5549	-0.7744	283.25	330.82	20.96
2026-06-18T21:50:40.8622475+08:00	0x02	-0.0640	-0.5959	0.7992	0.0453	152.50	330.97	71.22
2026-06-18T21:50:40.8622475+08:00	0x03	-0.2967	0.4145	0.7830	0.3566	142.15	340.61	300.61
2026-06-18T21:50:40.8622475+08:00	0x04	-0.2964	0.1093	0.6020	-0.7334	276.00	327.13	17.65
2026-06-18T21:50:40.8622475+08:00	0x02	-0.0660	-0.6062	0.7914	0.0420	150.75	328.79	72.57
2026-06-18T21:50:40.8622475+08:00	0x03	-0.2917	0.4266	0.7743	0.3653	139.35	343.28	299.11
2026-06-18T21:50:40.8622475+08:00	0x04	-0.3015	0.0907	0.5872	-0.7457	277.87	328.60	20.07
2026-06-18T21:50:40.8622475+08:00	0x02	-0.0706	-0.6020	0.7940	0.0458	149.78	327.75	71.73
2026-06-18T21:50:40.8622475+08:00	0x03	-0.2985	0.4122	0.7897	0.3427	145.24	338.61	301.18
2026-06-18T21:50:40.8622475+08:00	0x04	-0.3061	0.1002	0.5890	-0.7412	277.25	327.28	19.62
2026-06-18T21:50:40.8622475+08:00	0x02	-0.0670	-0.6134	0.7858	0.0411	148.97	326.85	73.45
2026-06-18T21:50:40.8622475+08:00	0x03	-0.2930	0.4244	0.7812	0.3518	142.50	341.22	299.63
2026-06-18T21:50:40.8622475+08:00	0x04	-0.3127	0.1032	0.5970	-0.7315	275.57	326.19	19.53
2026-06-18T21:50:40.8622475+08:00	0x01	0.3963	0.4111	-0.8112	0.1263	169.14	302.84	50.09
2026-06-18T21:50:40.8622475+08:00	0x02	-0.0665	-0.6067	0.7911	0.0419	150.56	328.54	72.60
2026-06-18T21:50:40.8622475+08:00	0x03	-0.2953	0.4229	0.7836	0.3464	143.92	340.06	299.85
2026-06-18T21:50:40.8622475+08:00	0x04	-0.3089	0.1017	0.5958	-0.7344	276.04	326.73	19.42
2026-06-18T21:50:40.8622475+08:00	0x02	-0.0661	-0.6131	0.7862	0.0408	149.36	327.28	73.46
2026-06-18T21:50:40.8622475+08:00	0x03	-0.2988	0.4225	0.7809	0.3497	143.60	339.76	299.66
2026-06-18T21:50:40.8622475+08:00	0x04	-0.3112	0.1150	0.5981	-0.7295	275.49	325.30	18.45
2026-06-18T21:50:40.8622475+08:00	0x01	0.3968	0.4094	-0.8120	0.1251	169.12	302.85	49.82
2026-06-18T21:50:40.8622475+08:00	0x02	-0.0676	-0.6031	0.7936	0.0443	150.53	328.62	72.03
2026-06-18T21:50:40.8622475+08:00	0x03	-0.2992	0.4197	0.7810	0.3526	143.09	339.92	299.93
2026-06-18T21:50:40.8622475+08:00	0x04	-0.3098	0.1106	0.5923	-0.7355	276.47	325.94	18.95
2026-06-18T21:50:40.8622475+08:00	0x02	-0.0669	-0.6013	0.7951	0.0421	151.68	329.64	71.91
2026-06-18T21:50:40.8622475+08:00	0x03	-0.2983	0.4242	0.7762	0.3587	141.57	341.05	299.25
2026-06-18T21:50:40.8622475+08:00	0x04	-0.3100	0.1032	0.6075	-0.7240	274.23	326.22	18.88
2026-06-18T21:50:40.8622475+08:00	0x01	0.3969	0.4142	-0.8095	0.1247	168.53	302.36	50.32
2026-06-18T21:50:40.8622475+08:00	0x02	-0.0613	-0.6276	0.7752	0.0374	147.23	325.28	75.57
2026-06-18T21:50:40.8622475+08:00	0x03	-0.2946	0.4258	0.7741	0.3643	139.91	342.54	299.09
2026-06-18T21:50:40.8622475+08:00	0x04	-0.3075	0.0924	0.6111	-0.7235	273.89	327.30	19.39
2026-06-18T21:50:40.8622475+08:00	0x01	0.3990	0.4110	-0.8103	0.1238	168.60	302.25	49.90
2026-06-18T21:50:40.8622475+08:00	0x02	-0.0630	-0.6254	0.7767	0.0401	146.66	324.79	75.12
2026-06-18T21:50:40.8622475+08:00	0x03	-0.2906	0.4237	0.7728	0.3725	137.80	344.21	299.38
2026-06-18T21:50:40.8622475+08:00	0x04	-0.3095	0.0897	0.6029	-0.7298	274.98	327.54	20.09
2026-06-18T21:50:40.8622475+08:00	0x01	0.3981	0.4127	-0.8103	0.1209	168.11	302.13	49.91
2026-06-18T21:50:40.8622475+08:00	0x03	-0.2919	0.4211	0.7799	0.3594	140.87	342.19	299.92
2026-06-18T21:50:40.8622475+08:00	0x04	-0.3043	0.0959	0.5953	-0.7374	276.46	327.68	19.55
2026-06-18T21:50:40.8622475+08:00	0x01	0.3992	0.4121	-0.8096	0.1235	168.42	302.10	50.00
2026-06-18T21:50:40.8622475+08:00	0x02	-0.0617	-0.6231	0.7788	0.0376	148.44	326.47	75.00
2026-06-18T21:50:40.8622475+08:00	0x03	-0.2956	0.4249	0.7854	0.3395	145.36	339.25	299.76
2026-06-18T21:50:40.8622475+08:00	0x04	-0.3001	0.0942	0.5804	-0.7511	278.95	328.59	19.97
2026-06-18T21:50:40.8622475+08:00	0x01	0.3986	0.4135	-0.8097	0.1204	167.92	301.94	49.96
2026-06-18T21:50:40.8622475+08:00	0x03	-0.2939	0.4182	0.7794	0.3623	140.57	342.00	300.14
2026-06-18T21:50:40.8622475+08:00	0x04	-0.2947	0.0745	0.5909	-0.7472	277.85	330.58	20.63
2026-06-18T21:50:40.8622475+08:00	0x01	0.3986	0.4128	-0.8101	0.1200	167.94	301.98	49.87
2026-06-18T21:50:40.8622475+08:00	0x02	-0.0648	-0.6204	0.7806	0.0403	147.73	325.73	74.43
2026-06-18T21:50:40.8622475+08:00	0x03	-0.2941	0.4137	0.7817	0.3623	140.74	341.72	300.70
2026-06-18T21:50:40.8622475+08:00	0x04	-0.3005	0.1018	0.5994	-0.7349	276.11	327.44	18.64
2026-06-18T21:50:40.8632098+08:00	0x01	0.3981	0.4134	-0.8102	0.1192	167.82	301.98	49.88
2026-06-18T21:50:40.8632098+08:00	0x02	-0.0650	-0.6181	0.7823	0.0411	148.09	326.14	74.10
2026-06-18T21:50:40.8632098+08:00	0x03	-0.2875	0.4208	0.7776	0.3682	138.57	344.05	299.98
2026-06-18T21:50:40.8632098+08:00	0x01	0.3974	0.4149	-0.8098	0.1187	167.63	301.93	50.03
2026-06-18T21:50:40.8632098+08:00	0x02	-0.0635	-0.6210	0.7802	0.0410	147.62	325.78	74.52
2026-06-18T21:50:40.8632098+08:00	0x03	-0.2825	0.4204	0.7813	0.3647	138.88	344.51	300.35
2026-06-18T21:50:40.8632098+08:00	0x01	0.3982	0.4170	-0.8083	0.1191	167.40	301.62	50.26
2026-06-18T21:50:40.8632098+08:00	0x02	-0.0635	-0.6208	0.7804	0.0402	147.94	326.03	74.53
2026-06-18T21:50:40.8632098+08:00	0x03	-0.2960	0.4100	0.7950	0.3351	146.56	338.15	301.76
2026-06-18T21:50:40.8632098+08:00	0x01	0.3994	0.4123	-0.8102	0.1189	167.79	301.84	49.73
2026-06-18T21:50:40.8632098+08:00	0x02	-0.0637	-0.6215	0.7798	0.0407	147.54	325.65	74.59
2026-06-18T21:50:40.8632098+08:00	0x03	-0.2907	0.4143	0.7807	0.3666	139.49	342.89	300.69
2026-06-18T21:50:40.8632098+08:00	0x01	0.4008	0.4085	-0.8113	0.1196	168.18	301.97	49.35
2026-06-18T21:50:40.8632098+08:00	0x03	-0.2993	0.4103	0.7810	0.3636	141.07	340.75	300.85
2026-06-18T21:50:40.8632098+08:00	0x04	-0.2881	0.0481	0.5999	-0.7449	277.07	333.29	21.81
2026-06-18T21:50:40.8632098+08:00	0x01	0.3985	0.4080	-0.8128	0.1183	168.25	302.36	49.26
2026-06-18T21:50:40.8632098+08:00	0x02	-0.0674	-0.6094	0.7888	0.0435	149.25	327.28	72.85
2026-06-18T21:50:40.8632098+08:00	0x03	-0.2967	0.4101	0.7816	0.3645	140.65	341.31	300.97
2026-06-18T21:50:40.8632098+08:00	0x04	-0.2971	0.0819	0.5834	-0.7514	278.76	329.88	20.54
2026-06-18T21:50:40.8632098+08:00	0x01	0.3994	0.4080	-0.8125	0.1178	168.12	302.19	49.20
2026-06-18T21:50:40.8632098+08:00	0x02	-0.0679	-0.6167	0.7831	0.0438	147.12	325.15	73.71
2026-06-18T21:50:40.8632098+08:00	0x03	-0.3088	0.4111	0.7899	0.3343	147.97	335.69	301.15
2026-06-18T21:50:40.8632098+08:00	0x04	-0.2951	0.0832	0.5801	-0.7547	279.39	330.05	20.42
2026-06-18T21:50:40.8632098+08:00	0x01	0.3988	0.4097	-0.8121	0.1171	167.90	302.12	49.35
2026-06-18T21:50:40.8632098+08:00	0x03	-0.3092	0.4046	0.7932	0.3339	148.13	335.41	301.96
2026-06-18T21:50:40.8632098+08:00	0x04	-0.2968	0.0661	0.6068	-0.7344	275.37	330.71	20.84
2026-06-18T21:50:40.8632098+08:00	0x01	0.3941	0.4355	-0.7991	0.1283	166.77	300.90	52.86
2026-06-18T21:50:40.8632098+08:00	0x03	-0.2933	0.4058	0.7811	0.3729	138.72	342.67	301.48
2026-06-18T21:50:40.8632098+08:00	0x04	-0.2842	0.0815	0.5826	-0.7571	279.75	331.15	19.59
2026-06-18T21:50:40.8632098+08:00	0x01	0.3964	0.4287	-0.8022	0.1249	166.95	301.03	51.89
2026-06-18T21:50:40.8632098+08:00	0x03	-0.3038	0.4077	0.7890	0.3448	145.41	337.68	301.47
2026-06-18T21:50:40.8632098+08:00	0x04	-0.3049	0.0928	0.5925	-0.7398	276.84	327.96	19.95
2026-06-18T21:50:40.8632098+08:00	0x01	0.3913	0.4348	-0.8007	0.1296	167.28	301.56	52.90
2026-06-18T21:50:40.8632098+08:00	0x02	-0.0841	-0.6028	0.7905	0.0682	141.61	320.30	70.32
2026-06-18T21:50:40.8632098+08:00	0x03	-0.2987	0.4097	0.7888	0.3476	144.31	339.02	301.36
2026-06-18T21:50:40.8632098+08:00	0x04	-0.3002	0.0916	0.5954	-0.7396	276.76	328.45	19.58
2026-06-18T21:50:40.8632098+08:00	0x01	0.3966	0.4214	-0.8052	0.1295	168.38	301.95	51.38
2026-06-18T21:50:40.8632098+08:00	0x02	-0.0774	-0.6058	0.7895	0.0606	143.77	322.39	71.30
2026-06-18T21:50:40.8632098+08:00	0x03	-0.3005	0.4101	0.7910	0.3404	145.94	337.89	301.43
2026-06-18T21:50:40.8632098+08:00	0x04	-0.3060	0.0936	0.6002	-0.7330	275.62	327.61	19.65
2026-06-18T21:50:40.8632098+08:00	0x01	0.3986	0.4162	-0.8072	0.1276	168.55	302.01	50.68
2026-06-18T21:50:40.8632098+08:00	0x02	-0.0721	-0.6245	0.7760	0.0514	141.64	319.95	74.11
2026-06-18T21:50:40.8632098+08:00	0x03	-0.2995	0.4139	0.7847	0.3509	143.61	339.42	300.70
2026-06-18T21:50:40.8632098+08:00	0x04	-0.3019	0.0891	0.6023	-0.7336	275.62	328.34	19.61
2026-06-18T21:50:40.8632098+08:00	0x01	0.3987	0.4163	-0.8076	0.1247	168.15	301.84	50.51
2026-06-18T21:50:40.8632098+08:00	0x02	-0.0703	-0.6128	0.7855	0.0500	145.98	324.31	72.88
2026-06-18T21:50:40.8632098+08:00	0x03	-0.3000	0.4142	0.7841	0.3515	143.55	339.38	300.62
2026-06-18T21:50:40.8632098+08:00	0x04	-0.3068	0.1089	0.6105	-0.7220	274.00	325.98	18.06
2026-06-18T21:50:40.8632098+08:00	0x01	0.3991	0.4150	-0.8082	0.1241	168.19	301.87	50.34
2026-06-18T21:50:40.8632098+08:00	0x02	-0.0717	-0.6087	0.7886	0.0499	146.85	325.06	72.34
2026-06-18T21:50:40.8632098+08:00	0x03	-0.2909	0.4196	0.7825	0.3564	141.48	341.92	300.23
2026-06-18T21:50:40.8632098+08:00	0x04	-0.3166	0.1077	0.6049	-0.7227	274.11	325.24	19.10
2026-06-18T21:50:40.8632098+08:00	0x01	0.3993	0.4134	-0.8089	0.1240	168.32	301.97	50.16
2026-06-18T21:50:40.8632098+08:00	0x02	-0.0700	-0.6062	0.7907	0.0490	148.04	326.32	72.14
2026-06-18T21:50:40.8632098+08:00	0x03	-0.2843	0.4184	0.7848	0.3581	140.53	343.28	300.64
2026-06-18T21:50:40.8632098+08:00	0x04	-0.2972	0.1057	0.5895	-0.7436	277.78	327.64	18.50
2026-06-18T21:50:40.8641234+08:00	0x01	0.3994	0.4112	-0.8101	0.1234	168.49	302.15	49.88
2026-06-18T21:50:40.8641234+08:00	0x02	-0.0720	-0.6041	0.7920	0.0507	147.74	325.99	71.74
2026-06-18T21:50:40.8641234+08:00	0x03	-0.2982	0.4198	0.7901	0.3324	147.18	337.76	300.49
2026-06-18T21:50:40.8641234+08:00	0x04	-0.3180	0.0994	0.5685	-0.7522	279.35	326.70	21.44
2026-06-18T21:50:40.8641234+08:00	0x01	0.3998	0.4101	-0.8095	0.1292	169.33	302.44	50.11
2026-06-18T21:50:40.8641234+08:00	0x02	-0.0710	-0.5979	0.7970	0.0480	150.09	328.20	71.12
2026-06-18T21:50:40.8641234+08:00	0x04	-0.2942	0.0908	0.5757	-0.7575	280.05	329.55	19.95
2026-06-18T21:50:40.8641234+08:00	0x03	-0.3009	0.4212	0.7871	0.3353	146.86	337.60	300.13
2026-06-18T21:50:40.8641234+08:00	0x02	-0.0674	-0.6041	0.7928	0.0447	150.20	328.34	72.14
2026-06-18T21:50:40.8641234+08:00	0x03	-0.3042	0.4187	0.7848	0.3408	146.10	337.52	300.16
2026-06-18T21:50:40.8641234+08:00	0x04	-0.2874	0.0983	0.5827	-0.7538	279.45	329.35	18.58
2026-06-18T21:50:40.8641234+08:00	0x01	0.3991	0.4092	-0.8096	0.1330	169.98	302.81	50.25
2026-06-18T21:50:40.8641234+08:00	0x03	-0.3050	0.4185	0.7841	0.3420	145.94	337.50	300.12
2026-06-18T21:50:40.8641234+08:00	0x04	-0.3082	0.0989	0.5936	-0.7368	276.42	327.08	19.68
2026-06-18T21:50:40.8641234+08:00	0x01	0.3990	0.4028	-0.8129	0.1330	170.66	303.39	49.55
2026-06-18T21:50:40.8641234+08:00	0x02	-0.0653	-0.6008	0.7956	0.0411	152.36	330.37	71.94
2026-06-18T21:50:40.8641234+08:00	0x03	-0.3028	0.4194	0.7830	0.3455	144.97	338.37	300.01
2026-06-18T21:50:40.8641234+08:00	0x04	-0.3097	0.1048	0.5924	-0.7363	276.47	326.45	19.39
2026-06-18T21:50:40.8641234+08:00	0x01	0.3965	0.4093	-0.8104	0.1364	170.64	303.44	50.49
2026-06-18T21:50:40.8641234+08:00	0x02	-0.0693	-0.5859	0.8061	0.0457	153.38	331.44	69.76
2026-06-18T21:50:40.8641234+08:00	0x03	-0.3024	0.4188	0.7836	0.3452	144.99	338.40	300.10
2026-06-18T21:50:40.8641234+08:00	0x04	-0.3111	0.1062	0.5981	-0.7309	275.52	326.06	19.13
2026-06-18T21:50:40.8641234+08:00	0x01	0.3896	0.4214	-0.8072	0.1376	170.07	303.62	51.97
2026-06-18T21:50:40.8641234+08:00	0x02	-0.0667	-0.5930	0.8012	0.0429	153.21	331.25	70.85
2026-06-18T21:50:40.8641234+08:00	0x03	-0.2992	0.4215	0.7791	0.3547	142.61	340.25	299.65
2026-06-18T21:50:40.8641234+08:00	0x04	-0.3020	0.1052	0.5986	-0.7345	276.12	327.03	18.52
2026-06-18T21:50:40.8641234+08:00	0x01	0.3960	0.4130	-0.8094	0.1321	169.71	302.97	50.64
2026-06-18T21:50:40.8641234+08:00	0x02	-0.0672	-0.5888	0.8044	0.0418	154.24	332.15	70.33
2026-06-18T21:50:40.8641234+08:00	0x03	-0.2993	0.4221	0.7800	0.3519	143.19	339.92	299.64
2026-06-18T21:50:40.8646279+08:00	0x04	-0.3020	0.1130	0.5852	-0.7440	278.04	326.63	18.49
2026-06-18T21:50:40.8646328+08:00	0x01	0.3979	0.4137	-0.8086	0.1296	169.14	302.46	50.54
2026-06-18T21:50:40.8646328+08:00	0x03	-0.3035	0.4184	0.7885	0.3333	147.58	336.78	300.44
2026-06-18T21:50:40.8646328+08:00	0x04	-0.2888	0.0995	0.5947	-0.7437	277.61	328.86	18.14
2026-06-18T21:50:40.8646328+08:00	0x01	0.3979	0.4186	-0.8069	0.1237	167.82	301.71	50.72
2026-06-18T21:50:40.8646328+08:00	0x02	-0.0618	-0.6019	0.7952	0.0383	153.59	331.66	72.29
2026-06-18T21:50:40.8646328+08:00	0x03	-0.3053	0.4121	0.7904	0.3350	147.47	336.46	301.13
2026-06-18T21:50:40.8646328+08:00	0x04	-0.3020	0.0985	0.5981	-0.7357	276.19	327.61	19.06
2026-06-18T21:50:40.8646328+08:00	0x01	0.3952	0.4218	-0.8061	0.1267	168.09	302.03	51.28
2026-06-18T21:50:40.8646328+08:00	0x03	-0.3046	0.4076	0.7987	0.3213	150.13	335.03	302.13
2026-06-18T21:50:40.8646328+08:00	0x01	0.3971	0.4176	-0.8084	0.1204	167.58	301.81	50.42
2026-06-18T21:50:40.8646328+08:00	0x02	-0.0589	-0.6232	0.7791	0.0346	150.01	328.03	75.23
2026-06-18T21:50:40.8646328+08:00	0x03	-0.2985	0.4049	0.7902	0.3500	143.91	339.12	301.91
2026-06-18T21:50:40.8646328+08:00	0x04	-0.2965	0.0811	0.6024	-0.7367	276.01	329.55	19.82
2026-06-18T21:50:40.8646328+08:00	0x02	-0.0614	-0.6232	0.7786	0.0393	147.97	326.17	74.95
2026-06-18T21:50:40.8646328+08:00	0x04	-0.2651	0.0981	0.7513	-0.5963	254.13	328.47	9.71
2026-06-18T21:50:40.8646328+08:00	0x03	-0.2296	0.4102	0.6672	0.5778	89.59	16.72	305.64
2026-06-18T21:50:40.8646328+08:00	0x01	0.3986	0.4070	-0.8122	0.1255	169.28	302.76	49.57
2026-06-18T21:50:40.8646328+08:00	0x03	-0.2366	0.4250	0.6386	0.5963	82.63	21.24	304.41
2026-06-18T21:50:40.8646328+08:00	0x01	0.3993	0.4069	-0.8118	0.1266	169.38	302.70	49.62
2026-06-18T21:50:40.8646328+08:00	0x03	-0.2169	0.4308	0.6135	0.6253	75.21	27.02	306.88
2026-06-18T21:50:40.8646328+08:00	0x01	0.3989	0.4154	-0.8070	0.1305	168.99	302.15	50.77
2026-06-18T21:50:40.8646328+08:00	0x03	-0.2553	0.4373	0.7581	0.4110	124.96	356.76	299.21
2026-06-18T21:50:40.8646328+08:00	0x01	0.3988	0.4187	-0.8068	0.1213	167.43	301.44	50.57
2026-06-18T21:50:40.8646328+08:00	0x03	-0.2761	0.4221	0.7655	0.3994	130.62	350.11	299.90
2026-06-18T21:50:40.8646328+08:00	0x01	0.3991	0.4203	-0.8055	0.1234	167.50	301.33	50.85
2026-06-18T21:50:40.8646328+08:00	0x03	-0.2693	0.4210	0.7649	0.4064	128.58	352.07	300.35
2026-06-18T21:50:40.8646328+08:00	0x01	0.3957	0.4222	-0.8062	0.1232	167.53	301.73	51.10
2026-06-18T21:50:40.8646328+08:00	0x03	-0.2797	0.4165	0.7769	0.3804	135.44	346.67	300.69
2026-06-18T21:50:40.8646328+08:00	0x01	0.3973	0.4209	-0.8055	0.1273	168.09	301.77	51.19
2026-06-18T21:50:40.8646328+08:00	0x04	-0.2970	0.0503	0.5467	-0.7812	284.32	333.76	24.15
2026-06-18T21:50:40.8646328+08:00	0x01	0.3960	0.4191	-0.8071	0.1266	168.30	302.14	50.97
2026-06-18T21:50:40.8646328+08:00	0x03	-0.2707	0.4169	0.7546	0.4283	124.16	354.19	300.55
2026-06-18T21:50:40.8646328+08:00	0x01	0.3958	0.4143	-0.8106	0.1211	168.15	302.39	50.13
2026-06-18T21:50:40.8646328+08:00	0x02	-0.0743	-0.6171	0.7817	0.0508	143.71	321.79	73.18
2026-06-18T21:50:40.8646328+08:00	0x04	-0.2870	0.1127	0.6583	-0.6867	268.14	326.67	14.22
2026-06-18T21:50:40.8646328+08:00	0x03	-0.2202	0.4267	0.6851	0.5477	93.65	17.09	304.31
2026-06-18T21:50:40.8646328+08:00	0x01	0.3985	0.4143	-0.8096	0.1184	167.58	301.79	49.93
2026-06-18T21:50:40.8646328+08:00	0x02	-0.0763	-0.6140	0.7839	0.0515	144.08	322.05	72.70
2026-06-18T21:50:40.8646328+08:00	0x04	-0.2984	0.0775	0.6330	-0.7101	271.24	328.94	19.01
2026-06-18T21:50:40.8646328+08:00	0x01	0.3992	0.4102	-0.8110	0.1213	168.35	302.18	49.66
2026-06-18T21:50:40.8646328+08:00	0x02	-0.0746	-0.6138	0.7843	0.0496	144.96	322.92	72.85
2026-06-18T21:50:40.8646328+08:00	0x04	-0.2945	0.0509	0.5768	-0.7603	280.08	333.08	22.89
2026-06-18T21:50:40.8646328+08:00	0x03	-0.2229	0.4370	0.6192	0.6131	76.68	26.60	305.46
2026-06-18T21:50:40.8646328+08:00	0x01	0.3981	0.4119	-0.8106	0.1218	168.32	302.25	49.88
2026-06-18T21:50:40.8646328+08:00	0x04	-0.2695	0.0048	0.3430	-0.8998	314.98	347.24	28.79
2026-06-18T21:50:40.8646328+08:00	0x01	0.4013	0.4106	-0.8096	0.1220	168.22	301.79	49.71
2026-06-18T21:50:40.8646328+08:00	0x02	-0.0674	-0.6126	0.7861	0.0472	147.42	325.76	73.09
2026-06-18T21:50:40.8646328+08:00	0x03	-0.2568	0.4089	0.7606	0.4339	122.71	356.15	302.33
2026-06-18T21:50:40.8646328+08:00	0x04	-0.2929	0.0059	0.4045	-0.8664	305.44	343.39	30.18
2026-06-18T21:50:40.8646328+08:00	0x01	0.3979	0.4191	-0.8060	0.1281	168.34	301.87	51.03
2026-06-18T21:50:40.8646328+08:00	0x04	-0.2916	0.0327	0.4307	-0.8535	301.32	339.65	28.01
2026-06-18T21:50:40.8646328+08:00	0x03	-0.2733	0.4191	0.7749	0.3862	133.49	348.69	300.61
2026-06-18T21:50:40.8646328+08:00	0x01	0.3963	0.4222	-0.8054	0.1267	167.95	301.80	51.30
2026-06-18T21:50:40.8646328+08:00	0x03	-0.2833	0.4080	0.7873	0.3652	139.34	343.70	301.86
2026-06-18T21:50:40.8646328+08:00	0x04	-0.3073	0.0577	0.4788	-0.8204	293.25	334.20	26.67
2026-06-18T21:50:40.8646328+08:00	0x01	0.3972	0.4169	-0.8083	0.1226	167.94	301.96	50.48
2026-06-18T21:50:40.8646328+08:00	0x03	-0.2986	0.4104	0.7862	0.3526	143.26	339.62	301.15
2026-06-18T21:50:40.8646328+08:00	0x04	-0.3099	0.0650	0.5167	-0.7954	287.62	332.08	25.20
2026-06-18T21:50:40.8646328+08:00	0x01	0.3971	0.4202	-0.8063	0.1246	167.83	301.74	50.96
2026-06-18T21:50:40.8646328+08:00	0x03	-0.2996	0.4165	0.7808	0.3564	142.42	340.14	300.23
2026-06-18T21:50:40.8646328+08:00	0x01	0.3978	0.4190	-0.8071	0.1213	167.48	301.59	50.61
2026-06-18T21:50:40.8656287+08:00	0x03	-0.3028	0.4075	0.7838	0.3577	142.69	339.29	301.20
2026-06-18T21:50:40.8656287+08:00	0x04	-0.3087	0.0820	0.5656	-0.7603	280.55	329.23	22.13
2026-06-18T21:50:40.8656287+08:00	0x01	0.3972	0.4226	-0.8058	0.1194	166.86	301.24	50.89
2026-06-18T21:50:40.8656287+08:00	0x03	-0.3045	0.4094	0.7921	0.3350	147.43	336.52	301.50
2026-06-18T21:50:40.8656287+08:00	0x04	-0.2989	0.0942	0.5495	-0.7745	283.47	329.44	21.06
2026-06-18T21:50:40.8656287+08:00	0x02	-0.0773	-0.5956	0.7973	0.0597	146.53	325.08	70.15
2026-06-18T21:50:40.8656287+08:00	0x03	-0.3064	0.4128	0.7850	0.3457	145.42	337.45	300.69
2026-06-18T21:50:40.8656287+08:00	0x01	0.3987	0.4161	-0.8083	0.1206	167.64	301.68	50.25
2026-06-18T21:50:40.8656287+08:00	0x03	-0.3011	0.4097	0.7753	0.3748	138.91	341.69	300.58
2026-06-18T21:50:40.8656287+08:00	0x04	-0.3121	0.0949	0.5868	-0.7411	277.15	327.21	20.57
2026-06-18T21:50:40.8656287+08:00	0x01	0.3980	0.4153	-0.8088	0.1227	168.07	301.98	50.30
2026-06-18T21:50:40.8656287+08:00	0x02	-0.0752	-0.6076	0.7890	0.0515	146.02	324.07	72.00
2026-06-18T21:50:40.8656287+08:00	0x03	-0.3008	0.4124	0.7752	0.3722	139.33	341.59	300.31
2026-06-18T21:50:40.8656287+08:00	0x01	0.3981	0.4147	-0.8092	0.1212	167.93	301.95	50.14
2026-06-18T21:50:40.8656287+08:00	0x03	-0.2899	0.4125	0.7699	0.3913	134.22	345.89	300.46
2026-06-18T21:50:40.8656287+08:00	0x02	-0.0720	-0.6063	0.7904	0.0495	147.51	325.67	72.05
2026-06-18T21:50:40.8656287+08:00	0x01	0.3981	0.4142	-0.8096	0.1204	167.88	301.96	50.05
2026-06-18T21:50:40.8656287+08:00	0x03	-0.2931	0.4118	0.7787	0.3717	138.72	342.91	300.77
2026-06-18T21:50:40.8656287+08:00	0x01	0.3993	0.4137	-0.8097	0.1177	167.50	301.68	49.81
2026-06-18T21:50:40.8656287+08:00	0x03	-0.2949	0.4114	0.7852	0.3568	142.02	340.83	301.08
2026-06-18T21:50:40.8656287+08:00	0x01	0.3995	0.4163	-0.8082	0.1177	167.17	301.38	50.08
2026-06-18T21:50:40.8656287+08:00	0x03	-0.2968	0.4119	0.7827	0.3599	141.54	340.86	300.85
2026-06-18T21:50:40.8656287+08:00	0x04	-0.3057	0.0937	0.5829	-0.7470	278.20	328.04	20.33
2026-06-18T21:50:40.8656287+08:00	0x01	0.3976	0.4181	-0.8081	0.1190	167.31	301.62	50.38
2026-06-18T21:50:40.8656287+08:00	0x02	-0.0738	-0.5698	0.8163	0.0593	152.23	331.03	67.15
2026-06-18T21:50:40.8656287+08:00	0x03	-0.2957	0.4125	0.7818	0.3621	140.96	341.35	300.77
2026-06-18T21:50:40.8656287+08:00	0x01	0.3989	0.4195	-0.8067	0.1192	167.06	301.25	50.52
2026-06-18T21:50:40.8656287+08:00	0x02	-0.0791	-0.5970	0.7962	0.0576	146.41	324.64	70.33
2026-06-18T21:50:40.8656287+08:00	0x03	-0.2978	0.4159	0.7818	0.3565	142.25	340.46	300.38
2026-06-18T21:50:40.8656287+08:00	0x04	-0.2991	0.0957	0.5781	-0.7531	279.34	328.60	19.86
2026-06-18T21:50:40.8656287+08:00	0x02	-0.0755	-0.6012	0.7934	0.0580	145.93	324.49	70.95
2026-06-18T21:50:40.8656287+08:00	0x03	-0.2997	0.4136	0.7822	0.3567	142.45	340.02	300.59
2026-06-18T21:50:40.8656287+08:00	0x04	-0.3103	0.1077	0.5822	-0.7437	277.90	326.38	19.64
2026-06-18T21:50:40.8656287+08:00	0x02	-0.0743	-0.6003	0.7943	0.0568	146.67	325.24	70.94
2026-06-18T21:50:40.8656287+08:00	0x03	-0.3054	0.4134	0.7843	0.3475	144.92	337.89	300.61
2026-06-18T21:50:40.8656287+08:00	0x04	-0.3116	0.1100	0.5980	-0.7302	275.50	325.69	18.88
2026-06-18T21:50:40.8656287+08:00	0x02	-0.0737	-0.5960	0.7974	0.0586	147.32	326.07	70.38
2026-06-18T21:50:40.8656287+08:00	0x03	-0.2963	0.4171	0.7811	0.3579	141.77	340.97	300.27
2026-06-18T21:50:40.8656287+08:00	0x04	-0.3119	0.1039	0.5920	-0.7358	276.37	326.33	19.63
2026-06-18T21:50:40.8656287+08:00	0x01	0.3978	0.4169	-0.8082	0.1214	167.74	301.81	50.39
2026-06-18T21:50:40.8656287+08:00	0x03	-0.2939	0.4321	0.7783	0.3481	143.15	340.96	298.69
2026-06-18T21:50:40.8656287+08:00	0x04	-0.2844	0.1037	0.5628	-0.7692	282.49	329.57	18.71
2026-06-18T21:50:40.8656287+08:00	0x01	0.3968	0.4191	-0.8072	0.1238	167.88	301.87	50.78
2026-06-18T21:50:40.8656287+08:00	0x02	-0.0760	-0.5886	0.8029	0.0557	149.27	327.59	69.51
2026-06-18T21:50:40.8656287+08:00	0x03	-0.3044	0.4164	0.7907	0.3297	148.42	336.15	300.77
2026-06-18T21:50:40.8656287+08:00	0x04	-0.2959	0.1015	0.5788	-0.7531	279.44	328.37	19.15
2026-06-18T21:50:40.8656287+08:00	0x01	0.3958	0.4152	-0.8104	0.1192	167.80	302.21	50.11
2026-06-18T21:50:40.8656287+08:00	0x03	-0.2969	0.4174	0.7824	0.3542	142.59	340.44	300.29
2026-06-18T21:50:40.8656287+08:00	0x04	-0.3006	0.0923	0.5916	-0.7424	277.28	328.44	19.70
2026-06-18T21:50:40.8656287+08:00	0x01	0.3961	0.4173	-0.8092	0.1188	167.48	301.94	50.31
2026-06-18T21:50:40.8656287+08:00	0x02	-0.0802	-0.5735	0.8129	0.0613	150.18	328.62	67.31
2026-06-18T21:50:40.8656287+08:00	0x03	-0.3032	0.4156	0.7954	0.3204	150.17	335.34	301.19
2026-06-18T21:50:40.8656287+08:00	0x04	-0.3133	0.0941	0.5814	-0.7450	277.86	327.31	20.94
2026-06-18T21:50:40.8656287+08:00	0x01	0.3939	0.4284	-0.8034	0.1259	167.32	301.56	51.96
2026-06-18T21:50:40.8656287+08:00	0x02	-0.0671	-0.6230	0.7779	0.0465	144.58	322.90	74.38
2026-06-18T21:50:40.8656287+08:00	0x03	-0.3025	0.4178	0.7845	0.3442	145.25	338.20	300.25
2026-06-18T21:50:40.8656287+08:00	0x04	-0.3089	0.1014	0.5918	-0.7376	276.62	326.85	19.61
2026-06-18T21:50:40.8656287+08:00	0x01	0.3989	0.4212	-0.8040	0.1309	168.39	301.63	51.41
2026-06-18T21:50:40.8656287+08:00	0x03	-0.3083	0.4111	0.7968	0.3180	151.14	334.04	301.66
2026-06-18T21:50:40.8656287+08:00	0x04	-0.3224	0.1128	0.5718	-0.7459	278.48	324.99	20.61
2026-06-18T21:50:40.8656287+08:00	0x01	0.4031	0.4151	-0.8057	0.1266	168.17	301.25	50.44
2026-06-18T21:50:40.8656287+08:00	0x03	-0.3069	0.4160	0.7766	0.3601	142.39	339.18	299.88
2026-06-18T21:50:40.8666259+08:00	0x04	-0.3102	0.1153	0.5996	-0.7286	275.34	325.34	18.28
2026-06-18T21:50:40.8666259+08:00	0x02	-0.0657	-0.6089	0.7893	0.0438	149.64	327.84	72.84
2026-06-18T21:50:40.8666259+08:00	0x03	-0.3068	0.4187	0.7787	0.3524	143.95	338.39	299.73
2026-06-18T21:50:40.8666259+08:00	0x04	-0.3100	0.1162	0.6086	-0.7211	274.03	325.09	17.80
2026-06-18T21:50:40.8666259+08:00	0x01	0.4047	0.4071	-0.8085	0.1293	169.26	301.83	49.73
2026-06-18T21:50:40.8666259+08:00	0x03	-0.3024	0.4221	0.7763	0.3575	142.32	340.01	299.37
2026-06-18T21:50:40.8666259+08:00	0x04	-0.3256	0.1259	0.5982	-0.7213	274.37	322.94	18.61
2026-06-18T21:50:40.8666259+08:00	0x02	-0.0652	-0.6342	0.7684	0.0547	138.67	317.81	75.38
2026-06-18T21:50:40.8666259+08:00	0x01	0.3751	0.4397	-0.8003	0.1596	172.48	305.83	55.44
2026-06-18T21:50:40.8666259+08:00	0x03	-0.2551	0.4198	0.7128	0.5006	106.34	6.24	301.37
2026-06-18T21:50:40.8666259+08:00	0x04	-0.3161	0.1242	0.6960	-0.6326	260.02	322.17	13.12
2026-06-18T21:50:40.8666259+08:00	0x02	0.2283	-0.3842	0.6126	0.6519	76.89	339.78	50.21
2026-06-18T21:50:40.8666259+08:00	0x03	-0.2261	0.4782	0.6731	0.5168	91.01	23.33	298.66
2026-06-18T21:50:40.8666259+08:00	0x04	-0.4430	0.2389	0.6355	-0.5855	258.17	300.35	12.42
2026-06-18T21:50:40.8666259+08:00	0x02	0.1756	-0.3787	0.5450	0.7271	62.44	331.12	41.93
2026-06-18T21:50:40.8666259+08:00	0x03	-0.1968	0.5242	0.7151	0.4185	104.33	22.86	293.88
2026-06-18T21:50:40.8666259+08:00	0x04	-0.4747	0.1822	0.5724	-0.6433	263.36	301.84	23.71
2026-06-18T21:50:40.8666259+08:00	0x02	0.1716	-0.3711	0.4544	0.7914	48.26	327.05	37.51
2026-06-18T21:50:40.8666259+08:00	0x03	-0.1759	0.5285	0.7256	0.4040	106.02	24.35	294.61
2026-06-18T21:50:40.8666259+08:00	0x04	-0.3674	0.0450	0.5153	-0.7730	283.49	328.32	31.44
2026-06-18T21:50:40.8666259+08:00	0x01	0.4086	0.2179	-0.8193	0.3380	209.05	317.56	39.30
2026-06-18T21:50:40.8666259+08:00	0x03	-0.1582	0.5005	0.7391	0.4221	107.04	22.78	299.15
2026-06-18T21:50:40.8666259+08:00	0x04	-0.3268	0.0327	0.4565	-0.8269	295.46	335.80	30.71
2026-06-18T21:50:40.8666259+08:00	0x01	0.5300	0.2409	-0.7214	0.3751	205.38	298.89	48.17
2026-06-18T21:50:40.8666259+08:00	0x03	-0.1877	0.4830	0.6911	0.5038	92.85	26.15	301.04
2026-06-18T21:50:40.8666259+08:00	0x04	-0.2668	0.0185	0.4614	-0.8459	298.65	342.06	25.74
2026-06-18T21:50:40.8666259+08:00	0x01	0.5469	0.2421	-0.7651	0.2385	187.42	291.52	39.15
2026-06-18T21:50:40.8666259+08:00	0x03	-0.1853	0.4760	0.7130	0.4803	99.53	21.99	301.04
2026-06-18T21:50:40.8666259+08:00	0x04	-0.3346	0.0061	0.4690	-0.8174	293.57	337.35	32.77
2026-06-18T21:50:40.8666259+08:00	0x01	0.5548	0.2831	-0.7285	0.2852	188.52	289.11	46.79
2026-06-18T21:50:40.8666259+08:00	0x03	-0.1780	0.4864	0.7301	0.4459	105.14	20.56	299.67
2026-06-18T21:50:40.8666259+08:00	0x04	-0.3324	-0.0019	0.4495	-0.8291	296.75	339.21	33.57
2026-06-18T21:50:40.8666259+08:00	0x03	-0.1800	0.4879	0.7287	0.4456	104.99	20.59	299.37
2026-06-18T21:50:40.8666259+08:00	0x04	-0.3397	-0.0070	0.4351	-0.8338	298.45	339.74	34.94
2026-06-18T21:50:40.8666259+08:00	0x01	0.5554	0.2869	-0.6936	0.3579	197.07	291.13	52.71
2026-06-18T21:50:40.8666259+08:00	0x03	-0.1788	0.4888	0.7306	0.4420	105.59	20.44	299.28
2026-06-18T21:50:40.8666259+08:00	0x04	-0.3353	-0.0165	0.4257	-0.8402	300.36	341.59	35.28
2026-06-18T21:50:40.8666259+08:00	0x02	-0.1101	-0.7030	0.6935	-0.1132	350.82	152.65	89.19
2026-06-18T21:50:40.8666259+08:00	0x01	0.5564	0.2934	-0.6875	0.3628	196.98	290.69	53.82
2026-06-18T21:50:40.8666259+08:00	0x03	-0.1774	0.4858	0.7327	0.4423	106.03	20.06	299.67
2026-06-18T21:50:40.8666259+08:00	0x04	-0.3382	-0.0216	0.4197	-0.8420	301.19	342.19	35.99
2026-06-18T21:50:40.8666259+08:00	0x02	-0.0892	-0.7064	0.6890	-0.1354	299.89	101.60	86.00
2026-06-18T21:50:40.8666259+08:00	0x01	0.5537	0.2987	-0.6854	0.3665	197.25	291.09	54.62
2026-06-18T21:50:40.8666259+08:00	0x03	-0.1783	0.4849	0.7332	0.4421	106.26	19.76	299.69
2026-06-18T21:50:40.8666259+08:00	0x04	-0.3309	-0.0291	0.4144	-0.8473	302.65	343.91	35.79
2026-06-18T21:50:40.8666259+08:00	0x01	0.5535	0.3013	-0.6837	0.3681	197.23	291.04	55.02
2026-06-18T21:50:40.8666259+08:00	0x03	-0.1786	0.4826	0.7335	0.4440	106.29	19.49	299.93
2026-06-18T21:50:40.8666259+08:00	0x04	-0.3345	-0.0309	0.4081	-0.8489	303.39	344.11	36.38
2026-06-18T21:50:40.8666259+08:00	0x01	0.5527	0.3030	-0.6831	0.3690	197.26	291.13	55.26
2026-06-18T21:50:40.8666259+08:00	0x02	-0.0590	-0.7101	0.6809	-0.1692	294.18	95.54	80.75
2026-06-18T21:50:40.8666259+08:00	0x04	-0.3373	-0.0305	0.4029	-0.8503	303.98	344.08	36.74
2026-06-18T21:50:40.8666259+08:00	0x03	-0.1788	0.4842	0.7333	0.4425	106.34	19.59	299.72
2026-06-18T21:50:40.8666259+08:00	0x01	0.5530	0.3029	-0.6822	0.3702	197.41	291.13	55.35
2026-06-18T21:50:40.8666259+08:00	0x02	-0.0477	-0.7118	0.6773	-0.1800	293.95	95.33	78.91
2026-06-18T21:50:40.8666259+08:00	0x03	-0.1786	0.4843	0.7334	0.4423	106.35	19.62	299.73
2026-06-18T21:50:40.8666259+08:00	0x04	-0.3530	-0.0287	0.3992	-0.8457	303.41	342.70	38.31
2026-06-18T21:50:40.8666259+08:00	0x01	0.5531	0.3069	-0.6791	0.3724	197.30	290.93	55.97
2026-06-18T21:50:40.8666259+08:00	0x02	-0.0380	-0.7129	0.6747	-0.1875	293.56	95.10	77.47
2026-06-18T21:50:40.8666259+08:00	0x04	-0.3373	-0.0323	0.3949	-0.8539	305.21	344.67	36.99
2026-06-18T21:50:40.8666259+08:00	0x03	-0.1762	0.4855	0.7321	0.4442	105.62	20.38	299.85
2026-06-18T21:50:40.8666259+08:00	0x01	0.5532	0.3064	-0.6792	0.3726	197.36	290.94	55.94
2026-06-18T21:50:40.8666259+08:00	0x02	-0.0345	-0.7129	0.6737	-0.1918	293.26	94.72	76.84
2026-06-18T21:50:40.8666259+08:00	0x03	-0.1757	0.4846	0.7337	0.4427	106.10	20.08	299.92
2026-06-18T21:50:40.8666259+08:00	0x04	-0.3397	-0.0324	0.3929	-0.8539	305.36	344.59	37.27
2026-06-18T21:50:40.8676694+08:00	0x01	0.5535	0.3066	-0.6785	0.3732	197.39	290.88	56.02
2026-06-18T21:50:40.8676694+08:00	0x02	-0.0308	-0.7133	0.6725	-0.1948	293.21	94.72	76.28
2026-06-18T21:50:40.8676694+08:00	0x03	-0.1765	0.4850	0.7332	0.4428	106.03	20.08	299.84
2026-06-18T21:50:40.8676694+08:00	0x01	0.5529	0.3061	-0.6790	0.3735	197.55	291.07	55.97
2026-06-18T21:50:40.8676694+08:00	0x02	-0.0331	-0.7125	0.6723	-0.1982	293.15	94.19	76.20
2026-06-18T21:50:40.8676694+08:00	0x03	-0.1770	0.4843	0.7327	0.4441	105.89	20.03	299.89
2026-06-18T21:50:40.8676694+08:00	0x04	-0.3363	-0.0348	0.3901	-0.8564	306.05	345.26	37.10
2026-06-18T21:50:40.8676694+08:00	0x01	0.5516	0.3076	-0.6788	0.3746	197.71	291.32	56.19
2026-06-18T21:50:40.8676694+08:00	0x02	-0.0328	-0.7128	0.6717	-0.1991	293.41	94.40	76.08
2026-06-18T21:50:40.8676694+08:00	0x03	-0.1772	0.4827	0.7339	0.4439	106.24	19.67	300.03
2026-06-18T21:50:40.8676694+08:00	0x01	0.5519	0.3073	-0.6787	0.3746	197.70	291.26	56.16
2026-06-18T21:50:40.8676694+08:00	0x02	-0.0315	-0.7127	0.6713	-0.2009	293.28	94.22	75.83
2026-06-18T21:50:40.8676694+08:00	0x03	-0.1773	0.4843	0.7336	0.4426	106.25	19.80	299.83
2026-06-18T21:50:40.8676694+08:00	0x04	-0.3323	-0.0348	0.3865	-0.8596	306.83	345.77	36.74
2026-06-18T21:50:40.8676694+08:00	0x01	0.5523	0.3042	-0.6794	0.3753	198.08	291.44	55.88
2026-06-18T21:50:40.8676694+08:00	0x02	-0.0297	-0.7124	0.6712	-0.2026	292.92	93.86	75.56
2026-06-18T21:50:40.8676694+08:00	0x03	-0.1762	0.4870	0.7324	0.4421	105.82	20.41	299.65
2026-06-18T21:50:40.8676694+08:00	0x04	-0.3353	-0.0320	0.3870	-0.8584	306.49	345.18	36.89
2026-06-18T21:50:40.8676694+08:00	0x02	-0.0304	-0.7113	0.6719	-0.2043	292.39	93.13	75.51
2026-06-18T21:50:40.8676694+08:00	0x03	-0.1767	0.4888	0.7330	0.4388	106.25	20.27	299.35
2026-06-18T21:50:40.8676694+08:00	0x04	-0.3343	-0.0301	0.3842	-0.8601	306.91	345.17	36.74
2026-06-18T21:50:40.8676694+08:00	0x01	0.5511	0.2982	-0.6827	0.3759	198.89	292.13	55.24
2026-06-18T21:50:40.8676694+08:00	0x02	-0.0309	-0.7089	0.6730	-0.2087	291.23	91.56	75.27
2026-06-18T21:50:40.8676694+08:00	0x03	-0.1775	0.4915	0.7326	0.4360	106.39	20.37	298.95
2026-06-18T21:50:40.8676694+08:00	0x01	0.5523	0.2983	-0.6816	0.3760	198.76	291.86	55.29
2026-06-18T21:50:40.8676694+08:00	0x02	-0.0298	-0.7099	0.6719	-0.2089	291.77	92.17	75.13
2026-06-18T21:50:40.8676694+08:00	0x03	-0.1787	0.4915	0.7318	0.4371	106.21	20.35	298.90
2026-06-18T21:50:40.8676694+08:00	0x01	0.5529	0.2996	-0.6806	0.3759	198.54	291.62	55.43
2026-06-18T21:50:40.8676694+08:00	0x04	-0.3371	-0.0263	0.3896	-0.8566	305.82	344.24	36.73
2026-06-18T21:50:40.8676694+08:00	0x03	-0.1809	0.4887	0.7313	0.4400	106.13	19.92	299.07
2026-06-18T21:50:40.8676694+08:00	0x04	-0.3352	-0.0305	0.3921	-0.8562	305.71	344.76	36.72
2026-06-18T21:50:40.8676694+08:00	0x01	0.5514	0.2973	-0.6831	0.3755	198.88	292.10	55.11
2026-06-18T21:50:40.8676694+08:00	0x02	-0.0440	-0.7089	0.6708	-0.2135	293.27	92.12	75.89
2026-06-18T21:50:40.8676694+08:00	0x03	-0.1825	0.4874	0.7284	0.4457	105.16	20.19	299.23
2026-06-18T21:50:40.8682172+08:00	0x04	-0.3371	-0.0280	0.3925	-0.8553	305.45	344.30	36.77
2026-06-18T21:50:40.8682344+08:00	0x01	0.5533	0.2958	-0.6796	0.3802	199.46	291.98	55.36
2026-06-18T21:50:40.8682344+08:00	0x03	-0.1836	0.4873	0.7282	0.4456	105.24	20.02	299.15
2026-06-18T21:50:40.8682344+08:00	0x04	-0.3378	-0.0267	0.3942	-0.8543	305.12	344.02	36.74
2026-06-18T21:50:40.8682344+08:00	0x01	0.5537	0.2985	-0.6774	0.3814	199.32	291.77	55.77
2026-06-18T21:50:40.8682344+08:00	0x02	-0.0326	-0.7134	0.6662	-0.2148	294.71	94.38	74.70
2026-06-18T21:50:40.8682344+08:00	0x03	-0.1831	0.4880	0.7270	0.4470	104.77	20.41	299.16
2026-06-18T21:50:40.8682344+08:00	0x04	-0.3389	-0.0251	0.3961	-0.8530	304.72	343.65	36.73
2026-06-18T21:50:40.8682344+08:00	0x01	0.5531	0.3003	-0.6767	0.3820	199.29	291.80	55.99
2026-06-18T21:50:40.8682344+08:00	0x03	-0.1831	0.4884	0.7273	0.4461	104.89	20.38	299.10
2026-06-18T21:50:40.8682344+08:00	0x04	-0.3395	-0.0241	0.3964	-0.8526	304.61	343.46	36.73
2026-06-18T21:50:40.8682344+08:00	0x01	0.5558	0.3032	-0.6730	0.3823	198.74	291.02	56.42
2026-06-18T21:50:40.8682344+08:00	0x03	-0.1830	0.4892	0.7275	0.4449	105.01	20.40	299.01
2026-06-18T21:50:40.8682344+08:00	0x04	-0.3413	-0.0228	0.3967	-0.8519	304.42	343.16	36.84
2026-06-18T21:50:40.8682344+08:00	0x01	0.5539	0.3050	-0.6725	0.3847	199.13	291.45	56.75
2026-06-18T21:50:40.8682344+08:00	0x03	-0.1822	0.4908	0.7264	0.4453	104.59	20.87	298.92
2026-06-18T21:50:40.8682344+08:00	0x04	-0.3427	-0.0208	0.3973	-0.8510	304.18	342.78	36.86
2026-06-18T21:50:40.8682344+08:00	0x01	0.5546	0.3029	-0.6712	0.3874	199.63	291.55	56.76
2026-06-18T21:50:40.8682344+08:00	0x02	-0.0289	-0.7163	0.6633	-0.2146	295.95	95.93	74.30
2026-06-18T21:50:40.8682344+08:00	0x04	-0.3311	-0.0296	0.4047	-0.8519	304.08	344.39	36.02
2026-06-18T21:50:40.8682344+08:00	0x01	0.5627	0.2843	-0.6725	0.3878	200.56	290.93	54.96
2026-06-18T21:50:40.8682344+08:00	0x03	-0.1779	0.4998	0.7319	0.4277	106.71	20.94	297.90
2026-06-18T21:50:40.8682344+08:00	0x02	-0.0381	-0.7156	0.6638	-0.2140	296.80	96.08	75.10
2026-06-18T21:50:40.8682344+08:00	0x04	-0.3231	-0.0448	0.4058	-0.8538	304.83	346.73	36.02
2026-06-18T21:50:40.8682344+08:00	0x03	-0.1770	0.5011	0.7334	0.4239	107.31	20.79	297.75
2026-06-18T21:50:40.8682344+08:00	0x01	0.5664	0.2700	-0.6760	0.3864	201.29	290.88	53.39
2026-06-18T21:50:40.8682344+08:00	0x02	-0.0411	-0.7141	0.6641	-0.2174	296.45	95.20	75.11
2026-06-18T21:50:40.8682344+08:00	0x04	-0.3240	-0.0454	0.4012	-0.8556	305.47	346.94	36.22
2026-06-18T21:50:40.8682344+08:00	0x03	-0.1756	0.5022	0.7350	0.4204	107.85	20.71	297.64
2026-06-18T21:50:40.8682344+08:00	0x01	0.5659	0.2712	-0.6778	0.3831	200.80	290.80	53.25
2026-06-18T21:50:40.8682344+08:00	0x02	-0.0403	-0.7141	0.6640	-0.2182	296.35	95.10	74.98
2026-06-18T21:50:40.8682344+08:00	0x04	-0.3235	-0.0461	0.3973	-0.8576	306.10	347.25	36.26
2026-06-18T21:50:40.8682344+08:00	0x03	-0.1751	0.5012	0.7371	0.4182	108.55	20.25	297.72
2026-06-18T21:50:40.8682344+08:00	0x01	0.5630	0.2753	-0.6806	0.3796	200.25	291.06	53.33
2026-06-18T21:50:40.8682344+08:00	0x02	-0.0370	-0.7136	0.6642	-0.2197	295.69	94.58	74.61
2026-06-18T21:50:40.8682344+08:00	0x04	-0.3231	-0.0477	0.3920	-0.8600	306.94	347.72	36.39
2026-06-18T21:50:40.8682344+08:00	0x03	-0.1789	0.4990	0.7358	0.4214	108.40	19.75	297.73
2026-06-18T21:50:40.8682344+08:00	0x01	0.5655	0.2737	-0.6733	0.3899	201.53	291.02	54.04
2026-06-18T21:50:40.8682344+08:00	0x02	-0.0371	-0.7135	0.6642	-0.2199	295.64	94.51	74.61
2026-06-18T21:50:40.8682344+08:00	0x04	-0.3225	-0.0527	0.3985	-0.8570	306.16	348.03	36.50
2026-06-18T21:50:40.8682344+08:00	0x03	-0.1771	0.5004	0.7398	0.4134	109.92	19.16	297.52
2026-06-18T21:50:40.8682344+08:00	0x01	0.5606	0.2752	-0.6794	0.3853	201.30	291.82	53.70
2026-06-18T21:50:40.8682344+08:00	0x02	-0.0360	-0.7132	0.6647	-0.2194	295.32	94.32	74.58
2026-06-18T21:50:40.8682344+08:00	0x04	-0.3070	-0.0661	0.4109	-0.8559	305.57	350.17	35.44
2026-06-18T21:50:40.8682344+08:00	0x03	-0.1760	0.4813	0.7533	0.4123	113.54	15.50	299.52
2026-06-18T21:50:40.8682344+08:00	0x01	0.5650	0.2954	-0.6740	0.3731	197.18	289.06	55.07
2026-06-18T21:50:40.8682344+08:00	0x02	-0.0204	-0.7259	0.6558	-0.2062	299.98	101.34	73.85
2026-06-18T21:50:40.8682344+08:00	0x04	-0.2901	-0.0797	0.4185	-0.8570	305.66	352.62	34.32
2026-06-18T21:50:40.8682344+08:00	0x03	-0.1784	0.4614	0.7704	0.4022	118.86	10.67	301.30
2026-06-18T21:50:40.8682344+08:00	0x02	0.0154	-0.7050	0.6761	-0.2135	285.37	89.04	71.23
2026-06-18T21:50:40.8682344+08:00	0x04	-0.2802	-0.0865	0.4075	-0.8648	307.89	354.57	33.72
2026-06-18T21:50:40.8682344+08:00	0x01	0.5627	0.3105	-0.6726	0.3669	195.00	288.20	56.15
2026-06-18T21:50:40.8682344+08:00	0x02	0.0011	-0.7221	0.6597	-0.2081	295.14	98.11	72.24
2026-06-18T21:50:40.8682344+08:00	0x03	-0.1825	0.4553	0.7733	0.4018	119.97	9.16	301.70
2026-06-18T21:50:40.8682344+08:00	0x04	-0.2808	-0.0836	0.3982	-0.8692	309.14	354.60	33.69
2026-06-18T21:50:40.8682344+08:00	0x03	-0.1782	0.4623	0.7725	0.3971	119.81	10.22	301.15
2026-06-18T21:50:40.8682344+08:00	0x02	-0.0107	-0.7183	0.6613	-0.2159	294.87	96.22	72.67
2026-06-18T21:50:40.8682344+08:00	0x04	-0.2917	-0.0749	0.3865	-0.8717	310.12	353.38	34.51
2026-06-18T21:50:40.8682344+08:00	0x01	0.5621	0.2920	-0.6825	0.3647	196.74	289.61	53.96
2026-06-18T21:50:40.8682344+08:00	0x03	-0.1813	0.4674	0.7685	0.3976	119.21	10.59	300.40
2026-06-18T21:50:40.8682344+08:00	0x04	-0.2957	-0.0726	0.3860	-0.8708	309.94	352.87	34.82
2026-06-18T21:50:40.8682344+08:00	0x03	-0.1821	0.4686	0.7686	0.3956	119.52	10.42	300.18
2026-06-18T21:50:40.8682344+08:00	0x04	-0.2953	-0.0737	0.3861	-0.8708	309.98	353.02	34.84
2026-06-18T21:50:40.8682344+08:00	0x03	-0.1843	0.4671	0.7697	0.3941	120.21	9.66	300.19
2026-06-18T21:50:40.8682344+08:00	0x01	0.5572	0.3007	-0.6794	0.3709	197.25	290.37	55.28
2026-06-18T21:50:40.8692591+08:00	0x04	-0.2966	-0.0741	0.3876	-0.8696	309.72	352.91	34.99
2026-06-18T21:50:40.8692591+08:00	0x03	-0.1860	0.4674	0.7700	0.3926	120.61	9.27	300.03
2026-06-18T21:50:40.8692591+08:00	0x01	0.5545	0.3043	-0.6782	0.3741	197.63	290.85	55.86
2026-06-18T21:50:40.8692591+08:00	0x04	-0.2950	-0.0743	0.3894	-0.8694	309.53	352.96	34.81
2026-06-18T21:50:40.8692591+08:00	0x03	-0.1875	0.4643	0.7707	0.3941	120.79	8.77	300.29
2026-06-18T21:50:40.8692591+08:00	0x02	0.0663	-0.6717	0.7362	-0.0486	239.99	61.43	79.31
2026-06-18T21:50:40.8692591+08:00	0x04	-0.2917	-0.0786	0.3964	-0.8670	308.79	353.37	34.62
2026-06-18T21:50:40.8692591+08:00	0x03	-0.1926	0.4568	0.7827	0.3762	125.95	4.75	300.67
2026-06-18T21:50:40.8692591+08:00	0x04	-0.2818	-0.0939	0.4092	-0.8627	307.78	355.24	34.27
2026-06-18T21:50:40.8692591+08:00	0x03	-0.1949	0.4516	0.7922	0.3611	129.90	1.92	301.09
2026-06-18T21:50:40.8692591+08:00	0x04	-0.2906	-0.0877	0.3937	-0.8677	309.50	354.63	34.98
2026-06-18T21:50:40.8692591+08:00	0x02	0.3223	-0.3169	0.5248	0.7213	66.41	348.63	52.90
2026-06-18T21:50:40.8692591+08:00	0x03	-0.1857	0.4729	0.7905	0.3419	131.15	3.52	298.99
2026-06-18T21:50:40.8692591+08:00	0x01	-0.0137	0.4370	-0.8993	-0.0079	179.80	1.65	51.84
2026-06-18T21:50:40.8692591+08:00	0x04	-0.2998	-0.0821	0.3965	-0.8638	308.51	353.22	35.66
2026-06-18T21:50:40.8692591+08:00	0x04	-0.2982	-0.0836	0.3943	-0.8652	308.95	353.61	35.59
2026-06-18T21:50:40.8692591+08:00	0x02	0.2856	-0.1726	0.3041	0.8923	34.26	350.20	37.92
2026-06-18T21:50:40.8692591+08:00	0x03	-0.1832	0.4746	0.7875	0.3478	129.44	4.93	298.95
2026-06-18T21:50:40.8692591+08:00	0x01	-0.0160	0.4375	-0.8990	-0.0130	179.13	1.62	51.90
2026-06-18T21:50:40.8692591+08:00	0x04	-0.3050	-0.0798	0.3906	-0.8649	309.06	352.88	36.15
2026-06-18T21:50:40.8692591+08:00	0x01	0.1590	0.4178	-0.8925	0.0598	177.67	338.71	49.89
2026-06-18T21:50:40.8692591+08:00	0x04	-0.3061	-0.0791	0.3874	-0.8660	309.46	352.87	36.27
2026-06-18T21:50:40.8692591+08:00	0x01	0.1735	0.4146	-0.8913	0.0591	176.59	336.40	49.43
2026-06-18T21:50:40.8692591+08:00	0x02	0.0835	-0.3441	0.3652	0.8610	38.46	324.65	23.27
2026-06-18T21:50:40.8692591+08:00	0x03	-0.1824	0.4760	0.7857	0.3506	128.58	5.62	298.87
2026-06-18T21:50:40.8692591+08:00	0x04	-0.3006	-0.0812	0.3868	-0.8680	309.87	353.51	35.78
2026-06-18T21:50:40.8692591+08:00	0x01	0.1799	0.4193	-0.8881	0.0559	175.42	334.97	49.89
2026-06-18T21:50:40.8692591+08:00	0x02	0.0859	-0.3519	0.3360	0.8694	34.59	323.08	22.69
2026-06-18T21:50:40.8692591+08:00	0x04	-0.2963	-0.0848	0.3870	-0.8690	310.14	354.23	35.50
2026-06-18T21:50:40.8692591+08:00	0x01	0.1812	0.4241	-0.8859	0.0490	173.98	334.05	50.29
2026-06-18T21:50:40.8692591+08:00	0x02	0.0863	-0.3565	0.3235	0.8722	32.94	322.24	22.41
2026-06-18T21:50:40.8692591+08:00	0x04	-0.2942	-0.0866	0.3872	-0.8695	310.26	354.56	35.36
2026-06-18T21:50:40.8692591+08:00	0x01	0.2017	0.4091	-0.8889	0.0423	172.27	330.98	48.10
2026-06-18T21:50:40.8692591+08:00	0x03	-0.1852	0.4630	0.7891	0.3587	128.50	4.54	300.28
2026-06-18T21:50:40.8692591+08:00	0x04	-0.2979	-0.0849	0.3865	-0.8687	310.15	354.15	35.68
2026-06-18T21:50:40.8692591+08:00	0x01	0.2865	0.3766	-0.8737	0.1127	178.43	323.02	46.28
2026-06-18T21:50:40.8692591+08:00	0x02	-0.1809	-0.4464	0.4189	0.7697	54.11	302.58	5.48
2026-06-18T21:50:40.8692591+08:00	0x03	-0.1855	0.4640	0.7881	0.3594	128.27	4.69	300.15
2026-06-18T21:50:40.8692591+08:00	0x04	-0.2907	-0.0867	0.3829	-0.8726	311.04	355.01	35.01
2026-06-18T21:50:40.8692591+08:00	0x01	0.4810	0.2779	-0.7563	0.3456	202.83	305.56	48.83
2026-06-18T21:50:40.8692591+08:00	0x03	-0.1856	0.4585	0.7857	0.3715	126.26	5.49	300.86
2026-06-18T21:50:40.8692591+08:00	0x02	-0.4327	-0.4885	0.5872	0.4789	93.72	278.64	9.16
2026-06-18T21:50:40.8692591+08:00	0x04	-0.2779	-0.0875	0.3825	-0.8768	311.63	355.92	33.66
2026-06-18T21:50:40.8692591+08:00	0x01	0.5283	0.3026	-0.6786	0.4109	206.40	298.92	57.65
2026-06-18T21:50:40.8692591+08:00	0x03	-0.1858	0.4523	0.7791	0.3922	122.58	7.14	301.73
2026-06-18T21:50:40.8692591+08:00	0x04	-0.2800	-0.0794	0.3699	-0.8823	313.11	355.38	33.56
2026-06-18T21:50:40.8692591+08:00	0x01	0.5485	0.2854	-0.7391	0.2673	186.75	289.69	45.65
2026-06-18T21:50:40.8692591+08:00	0x03	-0.1876	0.4483	0.7680	0.4172	117.87	9.25	302.31
2026-06-18T21:50:40.8692591+08:00	0x04	-0.2828	-0.0786	0.3787	-0.8778	311.73	354.74	33.77
2026-06-18T21:50:40.8692591+08:00	0x01	0.5579	0.2936	-0.7286	0.2677	185.22	287.36	46.60
2026-06-18T21:50:40.8692591+08:00	0x03	-0.1874	0.4473	0.7707	0.4134	118.80	8.69	302.39
2026-06-18T21:50:40.8692591+08:00	0x04	-0.2852	-0.0757	0.3818	-0.8759	311.09	354.11	33.88
2026-06-18T21:50:40.8692591+08:00	0x01	0.5542	0.2961	-0.7267	0.2775	186.39	288.16	47.56
2026-06-18T21:50:40.8692591+08:00	0x03	-0.1856	0.4536	0.7702	0.4082	119.01	9.22	301.76
2026-06-18T21:50:40.8692591+08:00	0x04	-0.3045	-0.0619	0.3777	-0.8722	310.43	351.40	35.31
2026-06-18T21:50:40.8692591+08:00	0x01	0.5446	0.3007	-0.7252	0.2949	188.83	290.24	49.24
2026-06-18T21:50:40.8692591+08:00	0x03	-0.1811	0.4653	0.7659	0.4051	117.85	11.23	300.75
2026-06-18T21:50:40.8692591+08:00	0x04	-0.3098	-0.0570	0.3802	-0.8696	309.66	350.34	35.60
2026-06-18T21:50:40.8702147+08:00	0x01	0.3102	0.3523	-0.8361	0.2840	203.46	330.33	49.92
2026-06-18T21:50:40.8702147+08:00	0x03	-0.1770	0.4698	0.7601	0.4126	115.34	13.44	300.66
2026-06-18T21:50:40.8702147+08:00	0x04	-0.3012	-0.0594	0.3888	-0.8687	308.91	350.83	34.71
2026-06-18T21:50:40.8702147+08:00	0x01	0.2037	0.3967	-0.8928	0.0638	175.97	332.53	47.25
2026-06-18T21:50:40.9389176+08:00	0x02	-0.0398	-0.4702	0.2469	0.8464	27.49	304.22	9.48
2026-06-18T21:50:40.9548758+08:00	0x03	-0.1741	0.4727	0.7622	0.4065	116.07	13.56	300.44
2026-06-18T21:50:41.2551396+08:00	0x04	-0.3039	-0.0584	0.3910	-0.8668	308.42	350.42	34.93
2026-06-18T21:50:41.3922739+08:00	0x01	0.2141	0.3976	-0.8912	0.0437	172.27	329.65	46.67
2026-06-18T21:50:41.4966472+08:00	0x03	-0.1747	0.4754	0.7633	0.4011	116.87	13.26	300.02
2026-06-18T21:50:41.7004727+08:00	0x02	-0.0427	-0.4700	0.2448	0.8469	27.43	304.16	9.08
2026-06-18T21:50:41.7738941+08:00	0x04	-0.3052	-0.0579	0.3922	-0.8659	308.17	350.22	35.03
2026-06-18T21:50:41.9772168+08:00	0x01	0.2806	0.3766	-0.8737	0.1269	180.87	324.76	46.82
2026-06-18T21:50:42.0396341+08:00	0x03	-0.1739	0.4777	0.7622	0.4009	116.54	13.72	299.83
2026-06-18T21:50:42.3427151+08:00	0x04	-0.3154	-0.0488	0.3909	-0.8633	307.57	348.48	35.64
2026-06-18T21:50:42.5548547+08:00	0x01	0.4691	0.2443	-0.7665	0.3642	208.15	309.15	45.75
2026-06-18T21:50:42.6069365+08:00	0x03	-0.1698	0.4752	0.7561	0.4166	113.24	15.83	300.66
2026-06-18T21:50:42.8691944+08:00	0x04	-0.3127	-0.0482	0.3943	-0.8628	307.20	348.46	35.28
2026-06-18T21:50:43.0729092+08:00	0x01	0.5502	0.2787	-0.7063	0.3474	196.97	292.28	50.90
2026-06-18T21:50:43.1583189+08:00	0x03	-0.1718	0.4676	0.7550	0.4263	112.41	15.45	301.50
