timestamp	device	q0	q1	q2	q3	yaw	pitch	roll
2026-06-23T17:43:31.7027158+08:00	0x08	0.0105	-0.0016	0.8017	0.5976	106.61	0.86	0.86
2026-06-23T17:43:31.8355048+08:00	0x03	-0.1951	0.3532	0.5154	0.7560	58.54	26.27	318.77
2026-06-23T17:43:31.9623265+08:00	0x04	-0.2752	-0.2639	0.1585	-0.9108	349.81	29.02	35.79
2026-06-23T17:43:32.0193826+08:00	0x01	0.0601	-0.4187	0.3096	-0.8516	324.21	49.44	9.03
2026-06-23T17:43:32.0962083+08:00	0x09	0.0763	-0.0340	-0.3850	0.9191	314.15	352.99	6.55
2026-06-23T17:43:32.2008622+08:00	0x08	0.0105	-0.0016	0.8017	0.5976	106.61	0.86	0.86
2026-06-23T17:43:32.3184583+08:00	0x03	-0.1948	0.3533	0.5161	0.7556	58.64	26.27	318.77
2026-06-23T17:43:32.5023654+08:00	0x06	-0.0130	-0.0335	0.4297	-0.9022	309.14	2.83	3.00
2026-06-23T17:43:32.5243176+08:00	0x01	0.0589	-0.4186	0.3093	-0.8519	324.29	49.39	9.12
2026-06-23T17:43:32.5803816+08:00	0x09	0.0763	-0.0340	-0.3850	0.9191	314.15	352.99	6.55
2026-06-23T17:43:32.6525162+08:00	0x07	0.0709	-0.0222	0.9502	0.3027	144.96	6.99	4.88
2026-06-23T17:43:32.7695955+08:00	0x08	0.0105	-0.0016	0.8017	0.5976	106.61	0.86	0.86
2026-06-23T17:43:32.8696984+08:00	0x03	-0.1941	0.3530	0.5160	0.7559	58.62	26.28	318.87
2026-06-23T17:43:33.0025772+08:00	0x04	-0.2753	-0.2637	0.1579	-0.9109	349.88	29.02	35.79
2026-06-23T17:43:33.0687593+08:00	0x06	-0.0130	-0.0335	0.4297	-0.9022	309.14	2.83	3.00
2026-06-23T17:43:33.1193399+08:00	0x01	0.0576	-0.4191	0.3095	-0.8516	324.34	49.41	9.28
2026-06-23T17:43:33.1692692+08:00	0x09	0.0763	-0.0341	-0.3850	0.9191	314.15	352.98	6.55
2026-06-23T17:43:33.3558004+08:00	0x08	0.0105	-0.0016	0.8017	0.5976	106.61	0.86	0.86
2026-06-23T17:43:33.3750514+08:00	0x07	0.0708	-0.0222	0.9502	0.3027	144.96	6.98	4.88
2026-06-23T17:43:33.4525141+08:00	0x03	-0.1943	0.3520	0.5171	0.7556	58.84	26.07	318.87
2026-06-23T17:43:33.6186188+08:00	0x01	0.0575	-0.4195	0.3074	-0.8522	324.57	49.48	9.21
2026-06-23T17:43:33.6564761+08:00	0x06	-0.0130	-0.0336	0.4297	-0.9022	309.14	2.83	3.00
2026-06-23T17:43:33.6769414+08:00	0x04	-0.2742	-0.2662	0.1564	-0.9108	350.16	29.41	35.64
2026-06-23T17:43:33.7360759+08:00	0x09	0.0763	-0.0341	-0.3850	0.9191	314.15	352.98	6.55
2026-06-23T17:43:33.8699063+08:00	0x08	0.0105	-0.0016	0.8017	0.5976	106.61	0.86	0.86
2026-06-23T17:43:34.0024544+08:00	0x03	-0.1948	0.3535	0.5162	0.7554	58.65	26.29	318.75
2026-06-23T17:43:34.1691404+08:00	0x06	-0.0130	-0.0336	0.4297	-0.9022	309.14	2.83	3.00
2026-06-23T17:43:34.3030928+08:00	0x09	0.0763	-0.0341	-0.3850	0.9191	314.15	352.98	6.55
2026-06-23T17:43:34.3698013+08:00	0x07	0.0708	-0.0222	0.9502	0.3027	144.96	6.98	4.88
2026-06-23T17:43:34.6230945+08:00	0x06	-0.0130	-0.0336	0.4297	-0.9022	309.14	2.83	3.00
2026-06-23T17:43:34.7188563+08:00	0x03	-0.1940	0.3542	0.5180	0.7540	58.92	26.31	318.73
2026-06-23T17:43:34.8009268+08:00	0x09	0.0763	-0.0341	-0.3850	0.9191	314.15	352.98	6.55
2026-06-23T17:43:34.8529695+08:00	0x07	0.0709	-0.0222	0.9502	0.3027	144.96	6.99	4.88
2026-06-23T17:43:34.8695184+08:00	0x08	0.0105	-0.0016	0.8017	0.5976	106.61	0.86	0.86
2026-06-23T17:43:35.0696527+08:00	0x03	-0.1944	0.3537	0.5179	0.7543	58.92	26.23	318.74
2026-06-23T17:43:35.1520496+08:00	0x06	-0.0130	-0.0336	0.4297	-0.9022	309.14	2.83	3.00
2026-06-23T17:43:35.1864221+08:00	0x04	-0.2777	-0.2655	0.1577	-0.9097	350.06	29.29	36.08
2026-06-23T17:43:35.2865968+08:00	0x01	0.0582	-0.4205	0.3049	-0.8525	324.83	49.63	9.05
2026-06-23T17:43:35.3359945+08:00	0x09	0.0763	-0.0341	-0.3850	0.9191	314.15	352.98	6.55
2026-06-23T17:43:35.4351661+08:00	0x08	0.0105	-0.0016	0.8017	0.5976	106.61	0.86	0.86
2026-06-23T17:43:35.5185122+08:00	0x07	0.0709	-0.0222	0.9502	0.3027	144.96	6.99	4.88
2026-06-23T17:43:35.6062623+08:00	0x03	-0.1951	0.3540	0.5170	0.7546	58.77	26.28	318.66
2026-06-23T17:43:35.7029132+08:00	0x04	-0.2761	-0.2656	0.1575	-0.9102	350.04	29.30	35.89
2026-06-23T17:43:35.7524042+08:00	0x01	0.0584	-0.4194	0.3055	-0.8529	324.74	49.50	9.02
2026-06-23T17:43:35.8699814+08:00	0x09	0.0763	-0.0341	-0.3850	0.9191	314.15	352.98	6.55
2026-06-23T17:43:36.0189420+08:00	0x08	0.0105	-0.0016	0.8017	0.5976	106.61	0.86	0.86
2026-06-23T17:43:36.2035889+08:00	0x03	-0.1964	0.3547	0.5159	0.7546	58.58	26.36	318.52
2026-06-23T17:43:36.2696196+08:00	0x04	-0.2759	-0.2668	0.1577	-0.9098	350.07	29.47	35.89
2026-06-23T17:43:36.3189131+08:00	0x06	-0.0130	-0.0335	0.4297	-0.9022	309.14	2.83	3.00
2026-06-23T17:43:36.4034558+08:00	0x09	0.0763	-0.0341	-0.3850	0.9191	314.15	352.98	6.55
2026-06-23T17:43:36.5036348+08:00	0x01	0.0587	-0.4189	0.3052	-0.8532	324.76	49.46	8.94
2026-06-23T17:43:36.5365482+08:00	0x08	0.0105	-0.0016	0.8017	0.5976	106.61	0.86	0.86
2026-06-23T17:43:36.7368748+08:00	0x03	-0.1959	0.3556	0.5158	0.7544	58.52	26.51	318.52
2026-06-23T17:43:36.8193831+08:00	0x06	-0.0130	-0.0335	0.4297	-0.9022	309.14	2.83	3.00
2026-06-23T17:43:36.8531055+08:00	0x01	0.0590	-0.4192	0.3047	-0.8532	324.80	49.51	8.91
2026-06-23T17:43:36.9590983+08:00	0x09	0.0763	-0.0341	-0.3850	0.9191	314.15	352.98	6.55
2026-06-23T17:43:37.1056457+08:00	0x08	0.0105	-0.0016	0.8017	0.5976	106.61	0.86	0.86
2026-06-23T17:43:37.2749661+08:00	0x03	-0.1958	0.3551	0.5165	0.7542	58.66	26.41	318.53
2026-06-23T17:43:37.3703223+08:00	0x04	-0.2758	-0.2680	0.1558	-0.9098	350.37	29.71	35.83
2026-06-23T17:43:37.4701454+08:00	0x07	0.0709	-0.0222	0.9502	0.3027	144.96	6.99	4.88
2026-06-23T17:43:37.5189019+08:00	0x09	0.0763	-0.0341	-0.3850	0.9191	314.15	352.98	6.55
2026-06-23T17:43:37.5703326+08:00	0x08	0.0105	-0.0016	0.8017	0.5976	106.61	0.86	0.86
2026-06-23T17:43:37.8162272+08:00	0x02	-0.3877	-0.2295	0.7067	-0.5455	243.21	333.39	48.37
2026-06-23T17:43:37.9527406+08:00	0x01	0.0575	-0.4189	0.3060	-0.8530	324.73	49.40	9.11
2026-06-23T17:43:38.0001120+08:00	0x04	-0.2749	-0.2694	0.1546	-0.9099	350.56	29.94	35.71
2026-06-23T17:43:38.0737542+08:00	0x07	0.0709	-0.0222	0.9502	0.3027	144.96	6.99	4.88
2026-06-23T17:43:38.2073826+08:00	0x08	0.0105	-0.0016	0.8017	0.5976	106.61	0.86	0.86
2026-06-23T17:43:38.2702387+08:00	0x09	0.0763	-0.0341	-0.3850	0.9191	314.15	352.98	6.55
2026-06-23T17:43:38.4538694+08:00	0x04	-0.2753	-0.2691	0.1559	-0.9096	350.39	29.85	35.79
2026-06-23T17:43:38.5034011+08:00	0x06	-0.0130	-0.0335	0.4297	-0.9022	309.14	2.83	3.00
2026-06-23T17:43:38.5373100+08:00	0x03	-0.1966	0.3565	0.5147	0.7545	58.32	26.65	318.42
2026-06-23T17:43:38.6196728+08:00	0x07	0.0709	-0.0222	0.9502	0.3027	144.96	6.99	4.88
2026-06-23T17:43:38.7577015+08:00	0x08	0.0105	-0.0015	0.8017	0.5976	106.61	0.86	0.86
2026-06-23T17:43:38.9365281+08:00	0x03	-0.1972	0.3566	0.5154	0.7538	58.44	26.60	318.32
2026-06-23T17:43:38.9538467+08:00	0x06	-0.0130	-0.0335	0.4297	-0.9022	309.14	2.83	3.00
2026-06-23T17:43:38.9864297+08:00	0x01	0.0587	-0.4185	0.3073	-0.8526	324.52	49.39	9.04
2026-06-23T17:43:39.1701341+08:00	0x07	0.0709	-0.0222	0.9502	0.3027	144.96	6.99	4.88
2026-06-23T17:43:39.2918143+08:00	0x08	0.0105	-0.0015	0.8017	0.5976	106.61	0.86	0.86
2026-06-23T17:43:39.3703485+08:00	0x03	-0.1972	0.3566	0.5152	0.7540	58.40	26.61	318.33
2026-06-23T17:43:39.4698696+08:00	0x06	-0.0130	-0.0335	0.4297	-0.9022	309.14	2.83	3.00
2026-06-23T17:43:39.6129029+08:00	0x04	-0.2750	-0.2697	0.1544	-0.9098	350.60	29.98	35.71
2026-06-23T17:43:39.7384121+08:00	0x07	0.0709	-0.0222	0.9502	0.3027	144.96	6.99	4.88
2026-06-23T17:43:39.8693554+08:00	0x08	0.0105	-0.0015	0.8017	0.5976	106.61	0.86	0.86
2026-06-23T17:43:39.9175605+08:00	0x03	-0.1960	0.3562	0.5155	0.7543	58.45	26.60	318.48
2026-06-23T17:43:40.0539123+08:00	0x06	-0.0130	-0.0336	0.4297	-0.9022	309.14	2.84	3.00
2026-06-23T17:43:40.1917845+08:00	0x07	0.0709	-0.0222	0.9502	0.3027	144.96	6.99	4.88
2026-06-23T17:43:40.2707548+08:00	0x09	0.0763	-0.0341	-0.3850	0.9191	314.15	352.98	6.55
2026-06-23T17:43:40.4380138+08:00	0x08	0.0105	-0.0016	0.8017	0.5976	106.61	0.86	0.86
2026-06-23T17:43:40.4711948+08:00	0x03	-0.1954	0.3552	0.5144	0.7557	58.29	26.58	318.64
2026-06-23T17:43:40.5838335+08:00	0x01	0.0559	-0.4197	0.3069	-0.8524	324.70	49.45	9.34
2026-06-23T17:43:40.6202765+08:00	0x06	-0.0130	-0.0336	0.4297	-0.9022	309.14	2.83	3.00
2026-06-23T17:43:40.7922910+08:00	0x07	0.0709	-0.0222	0.9502	0.3027	144.96	6.99	4.88
2026-06-23T17:43:40.9430604+08:00	0x08	0.0105	-0.0016	0.8017	0.5976	106.61	0.86	0.86
2026-06-23T17:43:41.0038662+08:00	0x09	0.0763	-0.0341	-0.3850	0.9191	314.15	352.98	6.55
2026-06-23T17:43:41.1312827+08:00	0x06	-0.0130	-0.0335	0.4297	-0.9022	309.14	2.83	3.00
2026-06-23T17:43:41.2206908+08:00	0x04	-0.2924	-0.1738	0.1154	-0.9333	351.94	18.49	35.86
2026-06-23T17:43:41.3200046+08:00	0x07	0.0709	-0.0222	0.9502	0.3027	144.96	6.99	4.88
2026-06-23T17:43:41.3625592+08:00	0x09	0.0763	-0.0341	-0.3850	0.9191	314.15	352.98	6.55
2026-06-23T17:43:41.5194321+08:00	0x08	0.0105	-0.0016	0.8017	0.5976	106.61	0.86	0.86
2026-06-23T17:43:41.6433296+08:00	0x01	0.1744	-0.3570	0.3067	-0.8649	318.91	46.63	355.26
2026-06-23T17:43:41.6662660+08:00	0x03	-0.0942	0.2720	0.5551	0.7804	65.83	20.98	333.32
2026-06-23T17:43:41.8044280+08:00	0x04	-0.2919	-0.1767	0.1166	-0.9327	351.90	18.83	35.85
2026-06-23T17:43:41.8708933+08:00	0x09	0.0763	-0.0341	-0.3850	0.9191	314.15	352.98	6.55
2026-06-23T17:43:42.0624555+08:00	0x03	-0.0599	0.2193	0.5653	0.7929	67.88	17.35	339.95
2026-06-23T17:43:42.1660774+08:00	0x01	0.1865	-0.3419	0.3783	-0.8398	310.18	45.76	356.87
2026-06-23T17:43:42.2881769+08:00	0x06	-0.0130	-0.0336	0.4297	-0.9022	309.14	2.83	3.00
2026-06-23T17:43:42.4041442+08:00	0x07	0.0709	-0.0222	0.9502	0.3027	144.96	6.99	4.89
2026-06-23T17:43:42.4705948+08:00	0x09	0.0763	-0.0341	-0.3850	0.9191	314.15	352.98	6.55
2026-06-23T17:43:42.6042406+08:00	0x03	-0.0572	0.2025	0.5876	0.7813	71.30	15.29	340.89
2026-06-23T17:43:42.6369499+08:00	0x08	0.0105	-0.0016	0.8017	0.5976	106.61	0.86	0.86
2026-06-23T17:43:42.7211211+08:00	0x01	0.1835	-0.3446	0.4019	-0.8283	307.57	45.94	358.46
2026-06-23T17:43:42.8033442+08:00	0x06	-0.0130	-0.0336	0.4297	-0.9022	309.14	2.83	3.00
2026-06-23T17:43:42.9996168+08:00	0x07	0.0709	-0.0222	0.9502	0.3027	144.96	6.99	4.88
2026-06-23T17:43:43.0152313+08:00	0x09	0.0763	-0.0341	-0.3850	0.9191	314.15	352.98	6.55
2026-06-23T17:43:43.1385178+08:00	0x03	-0.0542	0.2049	0.5946	0.7756	72.32	15.55	340.86
2026-06-23T17:43:43.3041264+08:00	0x01	0.1809	-0.3500	0.4104	-0.8224	306.71	46.40	359.41
2026-06-23T17:43:43.3500330+08:00	0x04	-0.2005	-0.0534	-0.2113	-0.9551	27.11	11.54	21.13
2026-06-23T17:43:43.5229948+08:00	0x07	0.0709	-0.0222	0.9502	0.3027	144.96	6.99	4.88
2026-06-23T17:43:43.5539100+08:00	0x09	0.0764	-0.0341	-0.3850	0.9191	314.15	352.98	6.55
2026-06-23T17:43:43.7043835+08:00	0x08	0.0105	-0.0015	0.8017	0.5976	106.61	0.86	0.86
2026-06-23T17:43:43.8133163+08:00	0x01	0.1775	-0.3521	0.4085	-0.8232	307.10	46.44	359.74
2026-06-23T17:43:43.9920912+08:00	0x04	-0.1402	0.0194	-0.1859	-0.9723	21.77	0.86	16.26
2026-06-23T17:43:44.0546149+08:00	0x07	0.0709	-0.0222	0.9502	0.3027	144.96	6.99	4.88
2026-06-23T17:43:44.2539439+08:00	0x03	-0.0624	0.2176	0.5964	0.7701	72.51	16.20	339.16
2026-06-23T17:43:44.2878921+08:00	0x08	0.0105	-0.0015	0.8017	0.5976	106.61	0.86	0.86
2026-06-23T17:43:44.3727573+08:00	0x06	-0.0130	-0.0335	0.4297	-0.9022	309.14	2.83	3.00
2026-06-23T17:43:44.4693139+08:00	0x04	-0.1533	0.0358	-0.1559	-0.9752	17.95	358.67	18.06
2026-06-23T17:43:44.5592590+08:00	0x09	0.0764	-0.0341	-0.3850	0.9191	314.15	352.98	6.55
2026-06-23T17:43:44.6036567+08:00	0x07	0.0709	-0.0222	0.9502	0.3027	144.96	6.99	4.88
2026-06-23T17:43:44.7094900+08:00	0x02	-0.3780	-0.2426	0.6913	-0.5661	248.06	337.44	49.76
2026-06-23T17:43:44.7413990+08:00	0x08	0.0105	-0.0015	0.8017	0.5976	106.61	0.86	0.86
2026-06-23T17:43:44.8711962+08:00	0x03	-0.0580	0.2237	0.5949	0.7699	72.22	17.14	339.18
2026-06-23T17:43:44.9212824+08:00	0x01	0.1788	-0.3610	0.4186	-0.8139	305.84	47.51	0.64
2026-06-23T17:43:45.0215604+08:00	0x04	-0.1564	0.0463	-0.1290	-0.9781	14.54	356.97	18.54
2026-06-23T17:43:45.1218217+08:00	0x07	0.0709	-0.0222	0.9502	0.3027	144.96	6.99	4.88
2026-06-23T17:43:45.1714365+08:00	0x09	0.0764	-0.0341	-0.3850	0.9191	314.15	352.98	6.55
2026-06-23T17:43:45.3719619+08:00	0x08	0.0105	-0.0015	0.8017	0.5976	106.61	0.86	0.86
2026-06-23T17:43:45.4878979+08:00	0x01	0.1742	-0.3613	0.4217	-0.8132	305.72	47.28	1.23
2026-06-23T17:43:45.6440458+08:00	0x09	0.0764	-0.0341	-0.3850	0.9191	314.15	352.98	6.55
2026-06-23T17:43:45.6725463+08:00	0x04	-0.1550	0.0490	-0.1113	-0.9804	12.36	356.28	18.35
2026-06-23T17:43:45.7422546+08:00	0x07	0.0709	-0.0222	0.9502	0.3027	144.96	6.99	4.88
2026-06-23T17:43:45.8886023+08:00	0x08	0.0105	-0.0015	0.8017	0.5976	106.61	0.86	0.86
2026-06-23T17:43:45.9213852+08:00	0x06	-0.0130	-0.0336	0.4297	-0.9022	309.14	2.84	3.00
2026-06-23T17:43:46.0612016+08:00	0x01	0.1779	-0.3729	0.4234	-0.8063	305.34	48.78	1.65
2026-06-23T17:43:46.1718456+08:00	0x09	0.0764	-0.0341	-0.3850	0.9191	314.15	352.98	6.55
2026-06-23T17:43:46.2716119+08:00	0x07	0.0709	-0.0222	0.9502	0.3027	144.96	6.99	4.88
2026-06-23T17:43:46.4555503+08:00	0x08	0.0105	-0.0015	0.8017	0.5976	106.61	0.86	0.86
2026-06-23T17:43:46.5222774+08:00	0x03	-0.0523	0.2321	0.5984	0.7651	72.66	18.26	339.04
2026-06-23T17:43:46.5861109+08:00	0x01	0.1808	-0.3783	0.4203	-0.8047	305.56	49.56	1.55
2026-06-23T17:43:46.7423882+08:00	0x04	-0.1613	0.0663	-0.0839	-0.9811	8.72	353.73	19.13
2026-06-23T17:43:46.7663180+08:00	0x09	0.0763	-0.0340	-0.3850	0.9191	314.15	352.99	6.55
2026-06-23T17:43:46.8052134+08:00	0x07	0.0709	-0.0222	0.9502	0.3027	144.96	6.99	4.88
2026-06-23T17:43:46.9458753+08:00	0x08	0.0105	-0.0016	0.8017	0.5976	106.61	0.86	0.86
2026-06-23T17:43:47.0225441+08:00	0x06	-0.0130	-0.0336	0.4297	-0.9022	309.14	2.83	3.00
2026-06-23T17:43:47.1050766+08:00	0x03	-0.0523	0.2340	0.5975	0.7652	72.51	18.47	338.92
2026-06-23T17:43:47.1914646+08:00	0x01	0.1753	-0.3761	0.4151	-0.8096	306.45	49.01	1.63
2026-06-23T17:43:47.3049241+08:00	0x09	0.0763	-0.0340	-0.3850	0.9191	314.15	352.99	6.55
2026-06-23T17:43:47.3562520+08:00	0x07	0.0709	-0.0222	0.9502	0.3027	144.96	6.99	4.88
2026-06-23T17:43:47.5316557+08:00	0x08	0.0105	-0.0016	0.8017	0.5976	106.61	0.86	0.86
2026-06-23T17:43:47.6552537+08:00	0x03	-0.0614	0.2243	0.5970	0.7678	72.55	16.91	338.77
2026-06-23T17:43:47.7305955+08:00	0x01	0.1676	-0.3684	0.4093	-0.8177	307.52	47.72	1.58
2026-06-23T17:43:58.3437272+08:00	0x09	0.0763	-0.0340	-0.3850	0.9191	314.15	352.99	6.55
2026-06-23T17:43:58.3437272+08:00	0x08	0.0105	-0.0016	0.8017	0.5976	106.61	0.86	0.86
2026-06-23T17:43:58.3437272+08:00	0x06	-0.0130	-0.0336	0.4297	-0.9022	309.14	2.83	3.00
2026-06-23T17:43:58.3437272+08:00	0x03	-0.0633	0.2261	0.6012	0.7638	73.17	16.84	338.38
2026-06-23T17:43:58.3437272+08:00	0x01	0.1673	-0.3684	0.4139	-0.8155	307.00	47.71	1.84
2026-06-23T17:43:58.3437272+08:00	0x09	0.0763	-0.0340	-0.3850	0.9191	314.15	352.99	6.55
2026-06-23T17:43:58.3437272+08:00	0x07	0.0709	-0.0222	0.9502	0.3027	144.96	6.99	4.88
2026-06-23T17:43:58.3437272+08:00	0x08	0.0105	-0.0016	0.8017	0.5976	106.61	0.86	0.86
2026-06-23T17:43:58.3447256+08:00	0x02	-0.0385	0.0917	0.9946	-0.0280	183.65	355.23	349.61
2026-06-23T17:43:58.3447256+08:00	0x06	-0.0130	-0.0336	0.4297	-0.9022	309.14	2.83	3.00
2026-06-23T17:43:58.3447256+08:00	0x03	-0.0664	0.2289	0.6004	0.7633	73.04	16.93	337.90
2026-06-23T17:43:58.3447256+08:00	0x01	0.1667	-0.3719	0.4155	-0.8131	306.84	48.07	2.18
2026-06-23T17:43:58.3447256+08:00	0x09	0.0763	-0.0340	-0.3850	0.9191	314.15	352.99	6.55
2026-06-23T17:43:58.3447256+08:00	0x07	0.0709	-0.0222	0.9502	0.3027	144.96	6.99	4.89
2026-06-23T17:43:58.3447256+08:00	0x04	-0.1319	0.1165	0.2676	-0.9473	326.80	342.74	10.81
2026-06-23T17:43:58.3447256+08:00	0x08	0.0105	-0.0016	0.8017	0.5976	106.61	0.86	0.86
2026-06-23T17:43:58.3447256+08:00	0x06	-0.0130	-0.0335	0.4297	-0.9022	309.14	2.83	3.00
2026-06-23T17:43:58.3447256+08:00	0x01	0.1726	-0.3749	0.4159	-0.8104	306.50	48.73	1.84
2026-06-23T17:43:58.3447256+08:00	0x09	0.0763	-0.0340	-0.3850	0.9191	314.15	352.99	6.55
2026-06-23T17:43:58.3447256+08:00	0x07	0.0709	-0.0222	0.9502	0.3027	144.96	6.99	4.89
2026-06-23T17:43:58.3447256+08:00	0x08	0.0105	-0.0016	0.8017	0.5976	106.61	0.86	0.86
2026-06-23T17:43:58.3447256+08:00	0x03	-0.0692	0.2370	0.6016	0.7597	73.17	17.50	337.02
2026-06-23T17:43:58.3447256+08:00	0x09	0.0763	-0.0340	-0.3850	0.9191	314.15	352.99	6.55
2026-06-23T17:43:58.3447256+08:00	0x06	-0.0130	-0.0336	0.4297	-0.9022	309.14	2.83	3.00
2026-06-23T17:43:58.3447256+08:00	0x08	0.0105	-0.0016	0.8017	0.5976	106.61	0.86	0.86
2026-06-23T17:43:58.3447256+08:00	0x03	-0.0726	0.2376	0.6042	0.7571	73.59	17.24	336.61
2026-06-23T17:43:58.3447256+08:00	0x01	0.1672	-0.3704	0.4058	-0.8186	307.94	47.94	1.54
2026-06-23T17:43:58.3447256+08:00	0x04	-0.1331	0.1152	0.2574	-0.9501	328.01	342.96	11.16
2026-06-23T17:43:58.3447256+08:00	0x09	0.0763	-0.0340	-0.3850	0.9191	314.15	352.99	6.55
2026-06-23T17:43:58.3447256+08:00	0x07	0.0709	-0.0222	0.9502	0.3027	144.96	6.99	4.88
2026-06-23T17:43:58.3447256+08:00	0x08	0.0105	-0.0016	0.8017	0.5976	106.61	0.86	0.86
2026-06-23T17:43:58.3447256+08:00	0x03	-0.0694	0.2385	0.6061	0.7556	73.85	17.49	336.80
2026-06-23T17:43:58.3447256+08:00	0x06	-0.0130	-0.0335	0.4297	-0.9022	309.14	2.83	3.00
2026-06-23T17:43:58.3447256+08:00	0x04	-0.1310	0.1321	0.3504	-0.9179	316.73	340.24	8.51
2026-06-23T17:43:58.3447256+08:00	0x01	0.1640	-0.3745	0.4095	-0.8156	307.68	48.23	2.24
2026-06-23T17:43:58.3447256+08:00	0x09	0.0764	-0.0341	-0.3850	0.9191	314.15	352.98	6.55
2026-06-23T17:43:58.3447256+08:00	0x06	-0.0130	-0.0335	0.4297	-0.9022	309.14	2.83	3.00
2026-06-23T17:43:58.3447256+08:00	0x08	0.0105	-0.0016	0.8017	0.5976	106.61	0.86	0.86
2026-06-23T17:43:58.3447256+08:00	0x03	-0.0728	0.2398	0.6053	0.7555	73.73	17.41	336.40
2026-06-23T17:43:58.3447256+08:00	0x01	0.1595	-0.3733	0.4108	-0.8164	307.75	47.84	2.66
2026-06-23T17:43:58.3447256+08:00	0x09	0.0763	-0.0341	-0.3850	0.9191	314.15	352.98	6.55
2026-06-23T17:43:58.3447256+08:00	0x06	-0.0130	-0.0335	0.4297	-0.9022	309.14	2.83	3.00
2026-06-23T17:43:58.3447256+08:00	0x08	0.0105	-0.0016	0.8017	0.5976	106.61	0.86	0.86
2026-06-23T17:43:58.3447256+08:00	0x03	-0.0790	0.2411	0.6052	0.7545	73.76	17.12	335.73
2026-06-23T17:43:58.3447256+08:00	0x04	-0.1284	0.1356	0.3668	-0.9114	314.78	339.85	7.73
2026-06-23T17:43:58.3457223+08:00	0x09	0.0764	-0.0341	-0.3850	0.9191	314.15	352.98	6.55
2026-06-23T17:43:58.3457223+08:00	0x07	0.0709	-0.0222	0.9502	0.3027	144.96	6.99	4.88
2026-06-23T17:43:58.3457223+08:00	0x06	-0.0130	-0.0335	0.4297	-0.9022	309.14	2.83	3.00
2026-06-23T17:43:58.3457223+08:00	0x08	0.0105	-0.0016	0.8017	0.5976	106.61	0.86	0.86
2026-06-23T17:43:58.3457223+08:00	0x03	-0.0808	0.2414	0.6055	0.7540	73.82	17.01	335.52
2026-06-23T17:43:58.3457223+08:00	0x04	-0.1340	0.1367	0.3976	-0.8974	310.81	339.21	7.58
2026-06-23T17:43:58.3457223+08:00	0x07	0.0709	-0.0222	0.9502	0.3027	144.96	6.99	4.88
2026-06-23T17:43:58.3457223+08:00	0x06	-0.0130	-0.0336	0.4297	-0.9022	309.14	2.83	3.00
2026-06-23T17:43:58.3457223+08:00	0x08	0.0105	-0.0016	0.8017	0.5976	106.61	0.86	0.86
2026-06-23T17:43:58.3457223+08:00	0x03	-0.0811	0.2446	0.6061	0.7525	73.88	17.29	335.25
2026-06-23T17:43:58.3457223+08:00	0x01	0.1499	-0.3776	0.4139	-0.8146	307.87	47.82	3.92
2026-06-23T17:43:58.3457223+08:00	0x09	0.0763	-0.0341	-0.3850	0.9191	314.15	352.98	6.55
2026-06-23T17:43:58.3457223+08:00	0x07	0.0709	-0.0222	0.9502	0.3027	144.96	6.99	4.88
2026-06-23T17:43:58.3457223+08:00	0x06	-0.0130	-0.0336	0.4297	-0.9022	309.14	2.83	3.00
2026-06-23T17:43:58.3457223+08:00	0x03	-0.0811	0.2462	0.6066	0.7516	73.94	17.43	335.13
2026-06-23T17:43:58.3457223+08:00	0x04	-0.1378	0.1410	0.4030	-0.8937	310.00	338.51	7.62
2026-06-23T17:43:58.3457223+08:00	0x09	0.0763	-0.0341	-0.3850	0.9191	314.15	352.98	6.55
2026-06-23T17:43:58.3457223+08:00	0x06	-0.0130	-0.0336	0.4297	-0.9022	309.14	2.83	3.00
2026-06-23T17:43:58.3457223+08:00	0x08	0.0105	-0.0016	0.8017	0.5976	106.61	0.86	0.86
2026-06-23T17:43:58.3457223+08:00	0x03	-0.0819	0.2479	0.6091	0.7489	74.32	17.46	334.87
2026-06-23T17:43:58.3457223+08:00	0x01	0.1473	-0.3824	0.4114	-0.8141	308.30	48.24	4.30
2026-06-23T17:43:58.3457223+08:00	0x09	0.0763	-0.0341	-0.3850	0.9191	314.15	352.98	6.55
2026-06-23T17:43:58.3457223+08:00	0x04	-0.1948	0.1288	0.3444	-0.9093	315.43	337.53	15.40
2026-06-23T17:43:58.3457223+08:00	0x07	0.0709	-0.0222	0.9502	0.3027	144.96	6.99	4.88
2026-06-23T17:43:58.3457223+08:00	0x06	-0.0130	-0.0335	0.4297	-0.9022	309.14	2.83	3.00
2026-06-23T17:43:58.3457223+08:00	0x08	0.0105	-0.0016	0.8017	0.5976	106.61	0.86	0.86
2026-06-23T17:43:58.3457223+08:00	0x03	-0.2393	0.3054	0.6725	0.6303	91.55	5.16	314.57
2026-06-23T17:43:58.3457223+08:00	0x09	0.0763	-0.0341	-0.3850	0.9191	314.15	352.98	6.55
2026-06-23T17:43:58.3457223+08:00	0x07	0.0709	-0.0222	0.9502	0.3027	144.96	6.99	4.88
2026-06-23T17:43:58.3457223+08:00	0x04	-0.4115	0.0168	0.1648	-0.8962	333.01	345.92	47.05
2026-06-23T17:43:58.3457223+08:00	0x08	0.0105	-0.0015	0.8017	0.5976	106.61	0.86	0.86
2026-06-23T17:43:58.3457223+08:00	0x03	-0.3125	0.2865	0.7067	0.5664	107.36	349.63	310.62
2026-06-23T17:43:58.3457223+08:00	0x09	0.0763	-0.0341	-0.3850	0.9191	314.15	352.98	6.55
2026-06-23T17:43:58.3457223+08:00	0x04	-0.4195	0.0327	0.3003	-0.8560	310.81	334.50	44.31
2026-06-23T17:43:58.3457223+08:00	0x06	-0.0130	-0.0336	0.4297	-0.9022	309.14	2.83	3.00
2026-06-23T17:43:58.3457223+08:00	0x08	0.0105	-0.0015	0.8017	0.5976	106.61	0.86	0.86
2026-06-23T17:43:58.3467188+08:00	0x03	-0.3127	0.2781	0.7033	0.5747	106.23	349.52	311.36
2026-06-23T17:43:58.3467188+08:00	0x09	0.0764	-0.0341	-0.3850	0.9191	314.15	352.98	6.55
2026-06-23T17:43:58.3467188+08:00	0x04	-0.5071	0.1083	0.2935	-0.8031	298.33	314.42	48.67
2026-06-23T17:43:58.3467188+08:00	0x08	0.0105	-0.0015	0.8017	0.5976	106.61	0.86	0.86
2026-06-23T17:43:58.3467188+08:00	0x03	-0.3123	0.2736	0.7093	0.5696	107.54	348.67	311.93
2026-06-23T17:43:58.3467188+08:00	0x01	0.1473	-0.3823	0.4115	-0.8141	308.29	48.23	4.28
2026-06-23T17:43:58.3467188+08:00	0x04	-0.5554	0.1737	0.2880	-0.7605	288.99	298.92	48.14
2026-06-23T17:43:58.3467188+08:00	0x07	0.0708	-0.0222	0.9502	0.3027	144.96	6.98	4.88
2026-06-23T17:43:58.3467188+08:00	0x06	-0.0131	-0.0335	0.4300	-0.9021	309.10	2.83	3.01
2026-06-23T17:43:58.3467188+08:00	0x08	0.0106	-0.0016	0.8017	0.5976	106.61	0.86	0.87
2026-06-23T17:43:58.3467188+08:00	0x03	-0.2865	0.3171	0.7793	0.4583	125.42	346.20	310.82
2026-06-23T17:43:58.3467188+08:00	0x01	-0.1729	-0.4731	0.6387	-0.5816	282.10	33.77	53.66
2026-06-23T17:43:58.3467188+08:00	0x09	0.0764	-0.0341	-0.3850	0.9191	314.14	352.98	6.56
2026-06-23T17:43:58.3467188+08:00	0x07	0.0710	-0.0221	0.9502	0.3027	144.96	7.01	4.88
2026-06-23T17:43:58.3467188+08:00	0x03	-0.3180	0.2750	0.8121	0.4047	137.22	335.56	315.25
2026-06-23T17:43:58.3467188+08:00	0x09	0.0764	-0.0340	-0.3844	0.9194	314.22	352.99	6.56
2026-06-23T17:43:58.3467188+08:00	0x07	0.0710	-0.0221	0.9502	0.3027	144.96	7.01	4.88
2026-06-23T17:43:58.3467188+08:00	0x06	-0.0124	-0.0329	0.4216	-0.9061	310.16	2.83	2.88
2026-06-23T17:43:58.3467188+08:00	0x04	-0.4967	0.1555	0.3582	-0.7751	289.40	307.51	41.19
2026-06-23T17:43:58.3467188+08:00	0x03	-0.3117	0.2875	0.8277	0.3676	142.74	334.56	315.16
2026-06-23T17:43:58.3467188+08:00	0x01	-0.2417	-0.4692	0.6638	-0.5298	270.21	21.70	61.54
2026-06-23T17:43:58.3467188+08:00	0x04	-0.5601	0.2857	0.3186	-0.7094	282.39	285.36	37.77
2026-06-23T17:43:58.3467188+08:00	0x07	0.0711	-0.0217	0.9514	0.2989	145.41	7.05	4.81
2026-06-23T17:43:58.3467188+08:00	0x06	-0.0128	-0.0340	0.4255	-0.9042	309.67	2.91	2.98
2026-06-23T17:43:58.3467188+08:00	0x08	0.0109	-0.0015	0.8024	0.5967	106.73	0.90	0.88
2026-06-23T17:43:58.4361574+08:00	0x02	-0.0263	0.0960	0.9948	-0.0195	182.56	356.73	349.05
2026-06-23T17:43:58.5622765+08:00	0x01	-0.2813	-0.4597	0.6814	-0.4952	258.21	9.74	64.84
2026-06-23T17:43:58.5862031+08:00	0x03	-0.3189	0.3361	0.8159	0.3458	146.81	333.22	309.73
2026-06-23T17:43:58.7413965+08:00	0x09	0.0765	-0.0338	-0.3803	0.9211	314.72	353.04	6.61
2026-06-23T17:43:58.7907709+08:00	0x07	0.0711	-0.0219	0.9511	0.2999	145.30	7.04	4.83
2026-06-23T17:43:58.8328343+08:00	0x04	-0.5584	0.2819	0.3199	-0.7116	282.57	286.00	37.90
2026-06-23T17:43:58.9621615+08:00	0x08	0.0112	-0.0018	0.8026	0.5964	106.77	0.91	0.93
2026-06-23T17:43:59.0415571+08:00	0x03	-0.3552	0.3820	0.8288	0.2023	174.17	316.38	309.02
2026-06-23T17:43:59.1241334+08:00	0x01	-0.2990	-0.4184	0.7053	-0.4879	248.38	358.38	61.88
2026-06-23T17:43:59.2587744+08:00	0x09	0.0765	-0.0339	-0.3797	0.9213	314.81	353.03	6.61
2026-06-23T17:43:59.3411970+08:00	0x07	0.0710	-0.0219	0.9508	0.3007	145.20	7.03	4.84
2026-06-23T17:43:59.4576787+08:00	0x06	-0.0132	-0.0336	0.4351	-0.8997	308.45	2.81	3.04
2026-06-23T17:43:59.6409667+08:00	0x03	-0.3532	0.4120	0.8178	0.1918	177.79	314.41	305.97
2026-06-23T17:43:59.6903485+08:00	0x01	-0.3656	-0.3615	0.6817	-0.5205	246.14	345.46	60.86
2026-06-23T17:43:59.8071855+08:00	0x09	0.0766	-0.0338	-0.3797	0.9213	314.81	353.04	6.63
2026-06-23T17:43:59.9413394+08:00	0x04	-0.4360	0.5072	0.0776	-0.7393	317.49	277.33	34.47
2026-06-23T17:43:59.9793995+08:00	0x06	-0.0132	-0.0336	0.4338	-0.9003	308.63	2.81	3.03
2026-06-23T17:44:00.1076731+08:00	0x08	0.0106	-0.0015	0.8010	0.5986	106.46	0.87	0.86
2026-06-23T17:44:00.1412942+08:00	0x03	-0.3608	0.4105	0.8210	0.1651	182.36	311.38	307.51
2026-06-23T17:44:00.2240698+08:00	0x01	-0.4423	-0.3485	0.6533	-0.5061	235.27	328.41	64.56
2026-06-23T17:44:00.3412881+08:00	0x09	0.0766	-0.0337	-0.3797	0.9213	314.81	353.05	6.63
2026-06-23T17:44:00.4590003+08:00	0x07	0.0710	-0.0219	0.9505	0.3016	145.09	7.02	4.85
2026-06-23T17:44:00.6241817+08:00	0x08	0.0105	-0.0014	0.8006	0.5991	106.39	0.87	0.85
2026-06-23T17:44:00.7135073+08:00	0x03	-0.3710	0.3987	0.8262	0.1443	185.13	309.24	310.01
2026-06-23T17:44:00.8915752+08:00	0x09	0.0766	-0.0336	-0.3797	0.9213	314.81	353.05	6.64
2026-06-23T17:44:00.9416941+08:00	0x07	0.0710	-0.0219	0.9504	0.3019	145.05	7.01	4.85
2026-06-23T17:44:01.0082345+08:00	0x04	-0.1801	0.5984	0.0324	-0.7800	344.09	283.04	14.02
2026-06-23T17:44:01.1252038+08:00	0x08	0.0105	-0.0015	0.8001	0.5998	106.30	0.86	0.86
2026-06-23T17:44:01.1573345+08:00	0x06	-0.0132	-0.0335	0.4328	-0.9008	308.75	2.81	3.02
2026-06-23T17:44:01.3289964+08:00	0x03	-0.3781	0.3950	0.8272	0.1293	187.38	307.53	311.30
2026-06-23T17:44:01.4085578+08:00	0x09	0.0766	-0.0336	-0.3797	0.9213	314.81	353.06	6.64
2026-06-23T17:44:01.5415986+08:00	0x07	0.0710	-0.0220	0.9504	0.3021	145.02	7.01	4.86
2026-06-23T17:44:01.6413303+08:00	0x06	-0.0132	-0.0334	0.4321	-0.9011	308.84	2.80	3.02
2026-06-23T17:44:01.8086281+08:00	0x03	-0.3812	0.3921	0.8287	0.1195	188.65	306.75	312.19
2026-06-23T17:44:01.9582977+08:00	0x09	0.0766	-0.0335	-0.3797	0.9213	314.81	353.06	6.64
2026-06-23T17:44:02.0089352+08:00	0x07	0.0710	-0.0220	0.9503	0.3023	145.01	7.01	4.86
2026-06-23T17:44:02.0963243+08:00	0x04	-0.1448	0.6034	0.0590	-0.7820	344.32	283.46	8.93
2026-06-23T17:44:02.1913788+08:00	0x08	0.0105	-0.0015	0.7996	0.6005	106.19	0.86	0.85
2026-06-23T17:44:02.3257577+08:00	0x03	-0.3835	0.3896	0.8299	0.1112	189.65	306.19	312.95
2026-06-23T17:44:02.4592997+08:00	0x01	-0.4592	-0.3393	0.6605	-0.4876	228.50	321.62	63.64
2026-06-23T17:44:02.4909439+08:00	0x09	0.0766	-0.0335	-0.3797	0.9213	314.81	353.06	6.64
2026-06-23T17:44:02.5424122+08:00	0x07	0.0710	-0.0220	0.9503	0.3024	144.99	7.01	4.87
2026-06-23T17:44:02.6596695+08:00	0x04	-0.1248	0.6086	0.0768	-0.7799	344.16	283.26	5.81
2026-06-23T17:44:02.7582204+08:00	0x08	0.0105	-0.0015	0.7994	0.6008	106.15	0.86	0.86
2026-06-23T17:44:02.8588296+08:00	0x03	-0.3853	0.3937	0.8283	0.1025	191.29	305.19	313.01
2026-06-23T17:44:02.9758481+08:00	0x01	-0.3925	-0.3594	0.6505	-0.5418	249.92	344.37	63.25
2026-06-23T17:44:03.0796121+08:00	0x09	0.0766	-0.0335	-0.3797	0.9213	314.81	353.07	6.64
2026-06-23T17:44:03.1250251+08:00	0x07	0.0710	-0.0220	0.9502	0.3025	144.98	7.02	4.86
2026-06-23T17:44:03.1791366+08:00	0x04	-0.1456	0.6079	0.0690	-0.7775	343.31	282.76	8.19
2026-06-23T17:44:03.2914799+08:00	0x08	0.0109	-0.0017	0.7994	0.6007	106.16	0.89	0.91
2026-06-23T17:44:03.3300574+08:00	0x06	-0.0129	-0.0337	0.4292	-0.9025	309.20	2.85	3.00
2026-06-23T17:44:03.4419342+08:00	0x01	-0.3691	-0.3679	0.6287	-0.5772	262.10	355.07	62.72
2026-06-23T17:44:03.4910296+08:00	0x03	-0.3882	0.3940	0.8305	0.0666	196.00	303.24	315.08
2026-06-23T17:44:03.6419280+08:00	0x09	0.0767	-0.0331	-0.3796	0.9214	314.81	353.10	6.67
2026-06-23T17:44:03.6760272+08:00	0x07	0.0711	-0.0220	0.9502	0.3025	144.98	7.02	4.86
2026-06-23T17:44:03.7589872+08:00	0x04	-0.1646	0.5921	0.0549	-0.7869	343.33	284.44	11.19
2026-06-23T17:44:03.8427649+08:00	0x08	0.0105	-0.0019	0.7976	0.6031	105.81	0.83	0.89
2026-06-23T17:44:03.9584969+08:00	0x01	-0.3511	-0.3675	0.6434	-0.5725	261.17	356.34	61.04
2026-06-23T17:44:04.0427559+08:00	0x03	-0.3856	0.3948	0.8317	0.0606	196.65	303.36	315.29
2026-06-23T17:44:04.1425998+08:00	0x09	0.0759	-0.0313	-0.3755	0.9232	315.34	353.37	6.70
2026-06-23T17:44:04.2175427+08:00	0x07	0.0708	-0.0230	0.9503	0.3024	144.99	6.96	4.97
2026-06-23T17:44:04.3420480+08:00	0x04	-0.1606	0.5955	0.0595	-0.7849	343.17	284.08	10.44
2026-06-23T17:44:04.4088732+08:00	0x06	-0.0136	-0.0333	0.4269	-0.9036	309.50	2.79	3.03
2026-06-23T17:44:04.5550196+08:00	0x01	-0.3002	-0.3997	0.7112	-0.4943	247.49	356.35	59.91
2026-06-23T17:44:04.5919291+08:00	0x03	-0.3859	0.3957	0.8314	0.0562	197.31	303.07	315.46
2026-06-23T17:44:04.6883176+08:00	0x09	0.0772	-0.0327	-0.3759	0.9229	315.27	353.15	6.77
2026-06-23T17:44:04.7634218+08:00	0x07	0.0826	-0.0212	0.9401	0.3302	141.68	8.16	5.42
2026-06-23T17:44:04.8587960+08:00	0x04	-0.1664	0.5983	0.0631	-0.7812	342.37	283.45	10.63
2026-06-23T17:44:04.9426795+08:00	0x08	0.0103	-0.0017	0.7918	0.6106	104.73	0.81	0.87
2026-06-23T17:44:05.1085353+08:00	0x01	-0.2927	-0.4067	0.7163	-0.4857	246.66	357.21	60.10
2026-06-23T17:44:05.1802675+08:00	0x03	-0.3851	0.3996	0.8303	0.0522	198.13	302.73	315.27
2026-06-23T17:44:05.2261389+08:00	0x09	0.0772	-0.0329	-0.3776	0.9222	315.06	353.12	6.75
2026-06-23T17:44:05.2929122+08:00	0x07	0.0712	-0.0229	0.9435	0.3228	142.53	6.89	5.12
2026-06-23T17:44:05.4258414+08:00	0x04	-0.1697	0.5951	0.0597	-0.7832	342.47	283.81	11.24
2026-06-23T17:44:05.4597497+08:00	0x06	-0.0136	-0.0307	0.4331	-0.9007	308.70	2.50	2.93
2026-06-23T17:44:05.6427154+08:00	0x01	-0.3191	-0.4094	0.7116	-0.4735	242.34	351.81	62.23
2026-06-23T17:44:05.7090922+08:00	0x03	-0.3841	0.3974	0.8316	0.0555	197.43	303.20	315.29
2026-06-23T17:44:05.8262175+08:00	0x09	0.0766	-0.0328	-0.3770	0.9225	315.14	353.16	6.70
2026-06-23T17:44:05.8262175+08:00	0x07	0.0730	-0.0228	0.9439	0.3212	142.73	7.10	5.16
2026-06-23T17:44:05.9460931+08:00	0x04	-0.1672	0.5947	0.0626	-0.7839	342.40	283.95	10.82
2026-06-23T17:44:06.0597789+08:00	0x06	-0.0136	-0.0326	0.4317	-0.9013	308.88	2.70	3.02
2026-06-23T17:44:06.1093037+08:00	0x08	0.0099	-0.0015	0.7788	0.6271	102.32	0.78	0.84
2026-06-23T17:44:06.2458824+08:00	0x03	-0.3846	0.4008	0.8296	0.0563	197.72	302.85	314.90
2026-06-23T17:44:06.3425372+08:00	0x09	0.0765	-0.0329	-0.3768	0.9225	315.16	353.15	6.68
2026-06-23T17:44:06.4086475+08:00	0x07	0.0722	-0.0226	0.9458	0.3159	143.37	7.05	5.07
2026-06-23T17:44:06.5132081+08:00	0x04	-0.1590	0.6056	0.0676	-0.7768	342.44	282.65	9.50
2026-06-23T17:44:06.5424536+08:00	0x06	-0.0136	-0.0326	0.4314	-0.9015	308.93	2.70	3.01
2026-06-23T17:44:06.6652342+08:00	0x01	-0.3072	-0.4017	0.7915	-0.3432	213.87	336.67	57.86
2026-06-23T17:44:06.8431833+08:00	0x03	-0.3840	0.3976	0.8316	0.0532	197.74	303.11	315.40
2026-06-23T17:44:06.9426008+08:00	0x07	0.0736	-0.0223	0.9466	0.3131	143.72	7.23	5.07
2026-06-23T17:44:07.1059941+08:00	0x04	-0.1590	0.6024	0.0654	-0.7795	342.67	283.12	9.73
2026-06-23T17:44:07.1257033+08:00	0x06	-0.0135	-0.0326	0.4310	-0.9017	308.97	2.70	3.00
2026-06-23T17:44:07.1931608+08:00	0x01	-0.3071	-0.4059	0.8007	-0.3159	208.59	333.97	57.58
2026-06-23T17:44:07.3835644+08:00	0x03	-0.3835	0.3994	0.8311	0.0511	198.14	302.95	315.32
2026-06-23T17:44:07.4429717+08:00	0x09	0.0766	-0.0332	-0.3760	0.9229	315.27	353.12	6.69
2026-06-23T17:44:07.4927625+08:00	0x07	0.0723	-0.0222	0.9485	0.3078	144.36	7.12	4.96
2026-06-23T17:44:07.6256784+08:00	0x04	-0.1571	0.6027	0.0635	-0.7798	342.99	283.15	9.70
2026-06-23T17:44:07.6595885+08:00	0x06	-0.0134	-0.0325	0.4308	-0.9017	309.00	2.70	2.99
2026-06-23T17:44:07.7836647+08:00	0x01	-0.3210	-0.4128	0.7935	-0.3112	206.18	330.87	58.76
2026-06-23T17:44:07.9264008+08:00	0x03	-0.3825	0.3998	0.8311	0.0562	197.50	303.27	314.96
2026-06-23T17:44:07.9642157+08:00	0x09	0.0766	-0.0334	-0.3777	0.9222	315.05	353.09	6.66
2026-06-23T17:44:08.0816895+08:00	0x07	0.0727	-0.0219	0.9489	0.3063	144.53	7.18	4.94
2026-06-23T17:44:08.1779810+08:00	0x04	-0.1481	0.6077	0.0689	-0.7772	343.13	282.70	8.42
2026-06-23T17:44:08.2767993+08:00	0x08	0.0102	-0.0015	0.7762	0.6304	101.85	0.80	0.87
2026-06-23T17:44:08.3097127+08:00	0x01	-0.3247	-0.4131	0.7929	-0.3086	205.28	329.87	58.82
2026-06-23T17:44:08.4514868+08:00	0x03	-0.3822	0.4028	0.8298	0.0564	197.76	303.07	314.64
2026-06-23T17:44:08.5263430+08:00	0x09	0.0766	-0.0335	-0.3777	0.9222	315.05	353.09	6.66
2026-06-23T17:44:08.6268675+08:00	0x07	0.0725	-0.0220	0.9492	0.3053	144.65	7.16	4.94
2026-06-23T17:44:08.7311610+08:00	0x06	-0.0133	-0.0324	0.4306	-0.9019	309.03	2.70	2.97
2026-06-23T17:44:08.8551782+08:00	0x08	0.0102	-0.0015	0.7761	0.6305	101.82	0.80	0.87
2026-06-23T17:44:09.0093580+08:00	0x03	-0.3822	0.4129	0.8246	0.0588	198.53	302.24	313.45
2026-06-23T17:44:09.0595534+08:00	0x01	-0.3261	-0.4130	0.7932	-0.3065	204.72	329.37	58.76
2026-06-23T17:44:09.1433299+08:00	0x07	0.0725	-0.0220	0.9495	0.3046	144.74	7.17	4.93
2026-06-23T17:44:09.2937450+08:00	0x04	-0.1167	0.6310	0.0771	-0.7631	344.58	280.20	4.64
2026-06-23T17:44:09.3261680+08:00	0x06	-0.0132	-0.0324	0.4305	-0.9019	309.04	2.70	2.97
2026-06-23T17:44:09.3803288+08:00	0x01	-0.3262	-0.4139	0.7928	-0.3062	204.63	329.32	58.87
2026-06-23T17:44:09.5944003+08:00	0x03	-0.3831	0.4131	0.8242	0.0582	198.69	302.06	313.49
2026-06-23T17:44:09.6865967+08:00	0x07	0.0725	-0.0220	0.9496	0.3042	144.79	7.16	4.93
2026-06-23T17:44:09.8598852+08:00	0x01	-0.3285	-0.4135	0.7923	-0.3055	204.27	328.80	58.86
2026-06-23T17:44:09.8937940+08:00	0x06	-0.0132	-0.0325	0.4304	-0.9019	309.05	2.71	2.97
2026-06-23T17:44:10.1130071+08:00	0x09	0.0765	-0.0337	-0.3778	0.9221	315.04	353.06	6.64
2026-06-23T17:44:10.1768425+08:00	0x03	-0.3831	0.4094	0.8261	0.0567	198.47	302.34	313.96
2026-06-23T17:44:10.2642985+08:00	0x07	0.0724	-0.0221	0.9497	0.3038	144.83	7.16	4.93
2026-06-23T17:44:10.3606578+08:00	0x04	-0.1190	0.6270	0.0785	-0.7659	344.31	280.73	4.81
2026-06-23T17:44:10.4094577+08:00	0x06	-0.0132	-0.0326	0.4304	-0.9020	309.05	2.72	2.97
2026-06-23T17:44:10.6612636+08:00	0x03	-0.3834	0.4087	0.8262	0.0573	198.35	302.37	314.01
2026-06-23T17:44:10.8096380+08:00	0x07	0.0728	-0.0221	0.9498	0.3035	144.86	7.20	4.94
2026-06-23T17:44:10.9512842+08:00	0x01	-0.3312	-0.4156	0.7903	-0.3049	203.80	328.18	59.19
2026-06-23T17:44:10.9769861+08:00	0x06	-0.0132	-0.0325	0.4303	-0.9020	309.06	2.72	2.97
2026-06-23T17:44:11.1774788+08:00	0x09	0.0765	-0.0338	-0.3778	0.9221	315.04	353.06	6.64
2026-06-23T17:44:11.2601668+08:00	0x03	-0.3846	0.4098	0.8251	0.0581	198.45	302.11	313.87
2026-06-23T17:44:11.3466952+08:00	0x07	0.0728	-0.0222	0.9498	0.3034	144.88	7.20	4.96
2026-06-23T17:44:11.4313620+08:00	0x06	-0.0132	-0.0325	0.4303	-0.9020	309.06	2.72	2.96
2026-06-23T17:44:11.4983746+08:00	0x08	0.0103	-0.0016	0.7762	0.6304	101.84	0.80	0.88
2026-06-23T17:44:11.5642541+08:00	0x01	-0.3324	-0.4162	0.7895	-0.3049	203.65	327.93	59.30
2026-06-23T17:44:11.7331156+08:00	0x09	0.0765	-0.0338	-0.3778	0.9221	315.04	353.06	6.64
2026-06-23T17:44:11.7817622+08:00	0x03	-0.3842	0.4086	0.8258	0.0592	198.16	302.32	313.92
2026-06-23T17:44:11.8809008+08:00	0x07	0.0728	-0.0222	0.9498	0.3033	144.89	7.20	4.96
2026-06-23T17:44:11.9277701+08:00	0x04	-0.1220	0.6257	0.0791	-0.7664	344.04	280.84	5.05
2026-06-23T17:44:11.9606831+08:00	0x06	-0.0132	-0.0325	0.4303	-0.9020	309.07	2.72	2.96
2026-06-23T17:44:12.0278648+08:00	0x08	0.0103	-0.0016	0.7763	0.6303	101.85	0.81	0.88
2026-06-23T17:44:12.2445034+08:00	0x09	0.0765	-0.0338	-0.3778	0.9221	315.04	353.06	6.64
2026-06-23T17:44:12.3265109+08:00	0x03	-0.3843	0.4074	0.8264	0.0583	198.15	302.38	314.10
2026-06-23T17:44:12.4443425+08:00	0x04	-0.1220	0.6247	0.0799	-0.7671	343.97	280.97	5.01
2026-06-23T17:44:12.5030717+08:00	0x07	0.0729	-0.0226	0.9492	0.3052	144.67	7.18	5.02
2026-06-23T17:44:12.6120096+08:00	0x08	0.0102	-0.0015	0.7754	0.6314	101.70	0.80	0.87
2026-06-23T17:44:12.6374534+08:00	0x01	-0.3487	-0.4011	0.7710	-0.3509	211.17	329.50	59.67
2026-06-23T17:44:12.8142561+08:00	0x09	0.0765	-0.0338	-0.3798	0.9213	314.78	353.03	6.62
2026-06-23T17:44:12.8609576+08:00	0x03	-0.3873	0.3885	0.8324	0.0785	193.94	304.29	314.97
2026-06-23T17:44:12.9489489+08:00	0x07	0.0725	-0.0227	0.9487	0.3068	144.47	7.13	5.02
2026-06-23T17:44:13.0272019+08:00	0x04	-0.1422	0.6046	0.0860	-0.7790	342.06	283.30	6.75
2026-06-23T17:44:13.1098780+08:00	0x08	0.0102	-0.0016	0.7753	0.6315	101.68	0.79	0.88
2026-06-23T17:44:13.1768780+08:00	0x01	-0.3518	-0.4102	0.7651	-0.3502	210.59	328.89	60.93
2026-06-23T17:44:13.3429762+08:00	0x09	0.0765	-0.0338	-0.3801	0.9212	314.76	353.03	6.61
2026-06-23T17:44:13.4651788+08:00	0x03	-0.3870	0.3912	0.8314	0.0773	194.34	304.07	314.75
2026-06-23T17:44:13.4932141+08:00	0x07	0.0725	-0.0226	0.9490	0.3060	144.56	7.14	5.01
2026-06-23T17:44:13.5988944+08:00	0x04	-0.1316	0.6124	0.0839	-0.7750	342.98	282.50	5.81
2026-06-23T17:44:13.7652451+08:00	0x01	-0.3484	-0.4113	0.7669	-0.3484	210.60	329.40	60.87
2026-06-23T17:44:13.8607475+08:00	0x09	0.0765	-0.0338	-0.3801	0.9212	314.76	353.04	6.62
2026-06-23T17:44:13.9936345+08:00	0x03	-0.3868	0.3927	0.8309	0.0765	194.56	303.96	314.63
2026-06-23T17:44:14.0273679+08:00	0x07	0.0723	-0.0226	0.9493	0.3052	144.67	7.12	4.99
2026-06-23T17:44:14.1103184+08:00	0x04	-0.1321	0.6121	0.0844	-0.7751	342.91	282.53	5.82
2026-06-23T17:44:14.1655772+08:00	0x08	0.0102	-0.0016	0.7750	0.6319	101.62	0.80	0.88
2026-06-23T17:44:14.2778917+08:00	0x01	-0.3478	-0.4138	0.7647	-0.3507	211.13	329.82	61.27
2026-06-23T17:44:14.4153176+08:00	0x09	0.0765	-0.0338	-0.3801	0.9212	314.76	353.04	6.62
2026-06-23T17:44:14.4779111+08:00	0x03	-0.3878	0.3931	0.8302	0.0768	194.65	303.76	314.58
2026-06-23T17:44:14.6275431+08:00	0x07	0.0722	-0.0225	0.9495	0.3045	144.75	7.12	4.98
2026-06-23T17:44:14.7164643+08:00	0x06	-0.0129	-0.0336	0.4307	-0.9018	309.02	2.84	2.99
2026-06-23T17:44:14.7774438+08:00	0x08	0.0102	-0.0016	0.7747	0.6322	101.57	0.79	0.88
2026-06-23T17:44:14.9368168+08:00	0x09	0.0765	-0.0338	-0.3801	0.9212	314.76	353.04	6.62
2026-06-23T17:44:15.0625231+08:00	0x03	-0.3887	0.3935	0.8295	0.0773	194.68	303.61	314.52
2026-06-23T17:44:15.1441329+08:00	0x07	0.0722	-0.0224	0.9497	0.3040	144.80	7.12	4.96
2026-06-23T17:44:15.2151992+08:00	0x04	-0.1381	0.6109	0.0822	-0.7753	342.66	282.53	6.53
2026-06-23T17:44:15.2784130+08:00	0x06	-0.0129	-0.0336	0.4304	-0.9019	309.05	2.84	2.99
2026-06-23T17:44:15.4781447+08:00	0x09	0.0765	-0.0338	-0.3801	0.9212	314.76	353.04	6.62
2026-06-23T17:44:15.4989530+08:00	0x01	-0.3465	-0.4151	0.7631	-0.3541	211.98	330.50	61.50
2026-06-23T17:44:15.6105680+08:00	0x03	-0.3882	0.3919	0.8306	0.0761	194.63	303.77	314.75
2026-06-23T17:44:15.6777656+08:00	0x07	0.0722	-0.0223	0.9497	0.3038	144.84	7.13	4.95
2026-06-23T17:44:15.7778053+08:00	0x04	-0.1351	0.6111	0.0847	-0.7753	342.65	282.58	6.08
2026-06-23T17:44:15.8780567+08:00	0x08	0.0103	-0.0016	0.7747	0.6323	101.56	0.80	0.88
2026-06-23T17:44:16.0160630+08:00	0x09	0.0765	-0.0338	-0.3801	0.9212	314.76	353.04	6.62
2026-06-23T17:44:16.1475104+08:00	0x03	-0.3886	0.3890	0.8316	0.0779	194.15	304.02	314.97
2026-06-23T17:44:16.2510569+08:00	0x04	-0.1441	0.6165	0.1275	-0.7634	338.09	281.45	3.60
2026-06-23T17:44:16.3805711+08:00	0x06	-0.0129	-0.0336	0.4301	-0.9021	309.09	2.84	2.99
2026-06-23T17:44:16.4108860+08:00	0x01	-0.3447	-0.4263	0.7611	-0.3466	210.53	330.12	62.61
2026-06-23T17:44:16.5666995+08:00	0x09	0.0765	-0.0338	-0.3801	0.9212	314.76	353.03	6.62
2026-06-23T17:44:16.7618606+08:00	0x04	-0.3591	0.6556	0.2338	-0.6217	309.72	263.18	8.04
2026-06-23T17:44:16.8164903+08:00	0x07	0.0721	-0.0221	0.9499	0.3033	144.89	7.12	4.92
2026-06-23T17:44:16.9294956+08:00	0x08	0.0103	-0.0016	0.7746	0.6323	101.56	0.80	0.88
2026-06-23T17:44:17.0956465+08:00	0x09	0.0765	-0.0338	-0.3801	0.9212	314.76	353.03	6.61
2026-06-23T17:44:17.2282874+08:00	0x03	-0.3981	0.3652	0.8374	0.0829	191.93	304.47	317.34
2026-06-23T17:44:17.3619553+08:00	0x07	0.0721	-0.0221	0.9499	0.3032	144.90	7.12	4.92
2026-06-23T17:44:17.4117038+08:00	0x06	-0.0129	-0.0335	0.4299	-0.9021	309.11	2.84	2.99
2026-06-23T17:44:17.5183726+08:00	0x01	-0.3405	-0.4391	0.7600	-0.3370	208.84	329.91	63.77
2026-06-23T17:44:17.6131628+08:00	0x09	0.0765	-0.0338	-0.3801	0.9212	314.76	353.03	6.61
2026-06-23T17:44:17.7615605+08:00	0x03	-0.3964	0.3655	0.8371	0.0922	190.72	305.06	316.77
2026-06-23T17:44:17.8644604+08:00	0x04	-0.3400	0.6679	0.2680	-0.6054	308.77	262.91	3.08
2026-06-23T17:44:17.8957343+08:00	0x07	0.0718	-0.0221	0.9502	0.3026	144.97	7.10	4.91
2026-06-23T17:44:18.0457996+08:00	0x06	-0.0129	-0.0335	0.4299	-0.9022	309.12	2.83	2.98
2026-06-23T17:44:18.1621790+08:00	0x09	0.0765	-0.0338	-0.3803	0.9211	314.72	353.03	6.61
2026-06-23T17:44:18.3543445+08:00	0x03	-0.3568	0.3609	0.8407	0.1889	174.86	316.29	312.14
2026-06-23T17:44:18.4625428+08:00	0x07	0.0717	-0.0221	0.9502	0.3024	144.99	7.09	4.90
2026-06-23T17:44:18.5832218+08:00	0x08	0.0104	-0.0017	0.7733	0.6340	101.31	0.80	0.91
2026-06-23T17:44:18.7449342+08:00	0x09	0.0764	-0.0339	-0.3810	0.9208	314.64	353.02	6.60
2026-06-23T17:44:18.8282989+08:00	0x03	-0.3555	0.3578	0.8342	0.2230	169.65	318.57	310.93
2026-06-23T17:44:18.9117417+08:00	0x04	-0.3431	0.6163	0.3766	-0.6006	298.79	270.28	357.02
2026-06-23T17:44:18.9952675+08:00	0x07	0.0718	-0.0221	0.9502	0.3025	144.98	7.09	4.90
2026-06-23T17:44:19.0291769+08:00	0x06	-0.0131	-0.0328	0.4315	-0.9014	308.91	2.75	2.98
2026-06-23T17:44:19.1114561+08:00	0x08	0.0104	-0.0017	0.7732	0.6340	101.31	0.80	0.91
2026-06-23T17:44:19.2785026+08:00	0x09	0.0764	-0.0339	-0.3811	0.9208	314.63	353.02	6.60
2026-06-23T17:44:19.3619772+08:00	0x03	-0.3688	0.3680	0.8236	0.2241	171.16	315.93	309.51
2026-06-23T17:44:19.5951733+08:00	0x07	0.0719	-0.0222	0.9501	0.3026	144.98	7.11	4.92
2026-06-23T17:44:19.6117645+08:00	0x06	-0.0131	-0.0329	0.4311	-0.9016	308.96	2.76	2.98
2026-06-23T17:44:19.6791001+08:00	0x08	0.0103	-0.0018	0.7732	0.6340	101.30	0.78	0.91
2026-06-23T17:44:19.8284465+08:00	0x09	0.0766	-0.0336	-0.3811	0.9208	314.63	353.05	6.63
2026-06-23T17:44:19.8957846+08:00	0x04	-0.2242	0.7355	0.2347	-0.5947	322.35	259.46	355.50
2026-06-23T17:44:19.9121918+08:00	0x03	-0.3736	0.3997	0.8232	0.1517	184.40	309.11	309.52
2026-06-23T17:44:20.1319642+08:00	0x07	0.0717	-0.0222	0.9501	0.3029	144.93	7.08	4.91
2026-06-23T17:44:20.2001701+08:00	0x08	0.0104	-0.0018	0.7730	0.6343	101.27	0.79	0.91
2026-06-23T17:44:20.4127617+08:00	0x09	0.0765	-0.0338	-0.3811	0.9207	314.62	353.03	6.62
2026-06-23T17:44:20.4621439+08:00	0x01	-0.3347	-0.4629	0.7614	-0.3065	202.24	326.95	65.52
2026-06-23T17:44:20.6290481+08:00	0x07	0.0718	-0.0221	0.9501	0.3029	144.94	7.09	4.91
2026-06-23T17:44:20.6960173+08:00	0x06	-0.0131	-0.0331	0.4310	-0.9017	308.98	2.77	2.99
2026-06-23T17:44:20.8961292+08:00	0x09	0.0765	-0.0338	-0.3811	0.9207	314.62	353.03	6.61
2026-06-23T17:44:20.9113113+08:00	0x08	0.0104	-0.0018	0.7727	0.6347	101.20	0.79	0.92
2026-06-23T17:44:20.9802642+08:00	0x03	-0.3732	0.3947	0.8227	0.1676	181.70	310.39	309.23
2026-06-23T17:44:21.0811678+08:00	0x04	-0.2288	0.7465	0.2397	-0.5770	321.61	257.28	354.61
2026-06-23T17:44:21.1639484+08:00	0x07	0.0718	-0.0221	0.9501	0.3029	144.94	7.09	4.91
2026-06-23T17:44:21.2623157+08:00	0x06	-0.0131	-0.0330	0.4307	-0.9018	309.01	2.77	2.99
2026-06-23T17:44:21.3503965+08:00	0x08	0.0105	-0.0018	0.7725	0.6349	101.18	0.80	0.92
2026-06-23T17:44:21.4789201+08:00	0x09	0.0765	-0.0339	-0.3811	0.9207	314.62	353.02	6.60
2026-06-23T17:44:21.5466347+08:00	0x01	-0.3347	-0.4669	0.7584	-0.3079	202.41	327.06	66.11
2026-06-23T17:44:21.6127047+08:00	0x04	-0.2247	0.7483	0.2359	-0.5779	322.29	257.18	354.65
2026-06-23T17:44:21.6862003+08:00	0x07	0.0717	-0.0222	0.9501	0.3029	144.94	7.08	4.91
2026-06-23T17:44:21.7652483+08:00	0x06	-0.0132	-0.0330	0.4306	-0.9019	309.03	2.76	2.99
2026-06-23T17:44:21.8623678+08:00	0x08	0.0105	-0.0018	0.7725	0.6349	101.17	0.80	0.92
2026-06-23T17:44:21.9454599+08:00	0x06	-0.0132	-0.0330	0.4305	-0.9019	309.04	2.76	2.99
2026-06-23T17:44:22.0194492+08:00	0x03	-0.3725	0.4042	0.8196	0.1615	183.36	309.50	308.47
2026-06-23T17:44:22.1504856+08:00	0x01	-0.3337	-0.4624	0.7612	-0.3088	202.94	327.54	65.52
2026-06-23T17:44:22.2153128+08:00	0x07	0.0717	-0.0222	0.9501	0.3028	144.94	7.08	4.91
2026-06-23T17:44:22.4291631+08:00	0x08	0.0105	-0.0018	0.7724	0.6350	101.16	0.80	0.92
2026-06-23T17:44:22.5172014+08:00	0x06	-0.0131	-0.0329	0.4304	-0.9019	309.05	2.76	2.98
2026-06-23T17:44:22.5451757+08:00	0x03	-0.3714	0.4061	0.8191	0.1618	183.38	309.58	308.23
2026-06-23T17:44:22.6123846+08:00	0x01	-0.3355	-0.4608	0.7616	-0.3081	202.56	327.03	65.34
2026-06-23T17:44:22.7685142+08:00	0x08	0.0105	-0.0018	0.7724	0.6350	101.16	0.80	0.92
2026-06-23T17:44:22.8014753+08:00	0x07	0.0717	-0.0222	0.9501	0.3028	144.94	7.09	4.91
2026-06-23T17:44:23.0292678+08:00	0x02	-0.1631	-0.1874	0.7882	0.5630	107.32	331.89	6.41
2026-06-23T17:44:23.1142621+08:00	0x09	0.0764	-0.0340	-0.3811	0.9207	314.63	353.02	6.59
2026-06-23T17:44:23.1790875+08:00	0x01	-0.3378	-0.4561	0.7626	-0.3104	202.90	326.89	64.86
2026-06-23T17:44:23.1790875+08:00	0x04	-0.1908	0.7518	0.2137	-0.5940	327.11	258.23	354.57
2026-06-23T17:44:23.2922989+08:00	0x07	0.0718	-0.0222	0.9501	0.3028	144.94	7.09	4.91
2026-06-23T17:44:23.5133216+08:00	0x07	0.0718	-0.0222	0.9501	0.3028	144.94	7.09	4.91
2026-06-23T17:44:23.6285494+08:00	0x06	-0.0127	-0.0340	0.4263	-0.9039	309.58	2.91	2.98
2026-06-23T17:44:23.6795328+08:00	0x03	-0.3533	0.3626	0.8291	0.2371	167.63	319.66	309.75
2026-06-23T17:44:23.7144389+08:00	0x09	0.0764	-0.0340	-0.3804	0.9210	314.72	353.02	6.59
2026-06-23T17:44:23.7960617+08:00	0x01	-0.3523	-0.4763	0.7440	-0.3090	199.27	322.36	67.89
2026-06-23T17:44:24.0960866+08:00	0x07	0.0719	-0.0222	0.9500	0.3030	144.92	7.10	4.92
2026-06-23T17:44:24.1619518+08:00	0x09	0.0764	-0.0339	-0.3805	0.9210	314.70	353.03	6.60
2026-06-23T17:44:24.2172752+08:00	0x03	-0.3741	0.2378	0.8398	0.3135	153.20	321.71	320.66
2026-06-23T17:44:24.2820251+08:00	0x04	-0.1918	0.7517	0.2143	-0.5935	326.96	258.20	354.57
2026-06-23T17:44:24.4043720+08:00	0x08	0.0104	-0.0018	0.7724	0.6351	101.15	0.79	0.92
2026-06-23T17:44:24.4464146+08:00	0x01	-0.3295	-0.5045	0.7595	-0.2451	186.12	317.23	68.10
2026-06-23T17:44:24.6288079+08:00	0x07	0.0719	-0.0222	0.9500	0.3030	144.93	7.10	4.92
2026-06-23T17:44:24.7222468+08:00	0x06	-0.0128	-0.0338	0.4281	-0.9030	309.35	2.87	2.99
2026-06-23T17:44:24.7470766+08:00	0x03	-0.3736	0.2416	0.8397	0.3113	153.59	321.71	320.33
2026-06-23T17:44:24.8146852+08:00	0x01	-0.3329	-0.5107	0.7575	-0.2336	182.14	314.00	68.32
2026-06-23T17:44:24.9974666+08:00	0x08	0.0104	-0.0018	0.7724	0.6351	101.15	0.79	0.92
2026-06-23T17:44:25.1637435+08:00	0x07	0.0719	-0.0222	0.9500	0.3029	144.93	7.10	4.92
2026-06-23T17:44:25.2468577+08:00	0x09	0.0764	-0.0339	-0.3806	0.9210	314.69	353.03	6.60
2026-06-23T17:44:25.2799791+08:00	0x03	-0.3978	0.3207	0.5328	0.6746	75.97	1.06	298.55
2026-06-23T17:44:25.3806372+08:00	0x04	-0.3736	0.3017	0.5851	-0.6535	272.09	302.93	7.77
2026-06-23T17:44:25.3965971+08:00	0x01	-0.3272	-0.5052	0.7657	-0.2268	182.47	315.37	67.23
2026-06-23T17:44:25.5134561+08:00	0x08	0.0104	-0.0018	0.7724	0.6350	101.16	0.79	0.92
2026-06-23T17:44:25.7469610+08:00	0x07	0.0719	-0.0222	0.9500	0.3029	144.94	7.10	4.92
2026-06-23T17:44:25.7886562+08:00	0x06	-0.0129	-0.0336	0.4290	-0.9026	309.24	2.84	2.99
2026-06-23T17:44:25.8294844+08:00	0x01	-0.3258	-0.5023	0.7690	-0.2241	182.52	315.74	66.71
2026-06-23T17:44:25.9471018+08:00	0x04	-0.4582	0.3807	0.6649	-0.4506	252.22	286.94	354.65
2026-06-23T17:44:25.9841047+08:00	0x08	0.0104	-0.0018	0.7724	0.6350	101.16	0.79	0.92
2026-06-23T17:44:26.2974092+08:00	0x07	0.0757	-0.0220	0.9484	0.3072	144.44	7.51	5.06
2026-06-23T17:44:26.3798689+08:00	0x03	-0.3707	0.3618	0.4582	0.7223	52.21	21.55	299.88
2026-06-23T17:44:26.4800918+08:00	0x06	-0.0129	-0.0335	0.4292	-0.9025	309.20	2.83	2.99
2026-06-23T17:44:26.6021548+08:00	0x08	0.0104	-0.0018	0.7724	0.6350	101.16	0.79	0.92
2026-06-23T17:44:26.6477398+08:00	0x04	-0.5028	0.2700	0.6134	-0.5459	254.66	290.92	12.57
2026-06-23T17:44:26.8807732+08:00	0x07	0.0735	-0.0222	0.9494	0.3045	144.76	7.27	4.98
2026-06-23T17:44:26.9142952+08:00	0x09	0.0764	-0.0338	-0.3802	0.9211	314.74	353.04	6.61
2026-06-23T17:44:26.9627285+08:00	0x03	-0.3441	0.3679	0.3954	0.7680	38.18	30.76	304.97
2026-06-23T17:44:27.0307757+08:00	0x04	-0.5210	0.1490	0.5634	-0.6237	258.31	298.11	28.82
2026-06-23T17:44:27.0806426+08:00	0x08	0.0104	-0.0018	0.7724	0.6350	101.16	0.79	0.92
2026-06-23T17:44:27.4392142+08:00	0x09	0.0764	-0.0338	-0.3802	0.9211	314.74	353.04	6.60
2026-06-23T17:44:27.4971481+08:00	0x03	-0.3438	0.3703	0.4010	0.7641	39.03	30.66	304.68
2026-06-23T17:44:27.5293769+08:00	0x01	-0.2322	-0.4702	0.7911	-0.3149	217.92	351.02	62.90
2026-06-23T17:44:27.6477748+08:00	0x08	0.0104	-0.0019	0.7724	0.6350	101.16	0.78	0.92
2026-06-23T17:44:27.9135095+08:00	0x09	0.0764	-0.0338	-0.3802	0.9211	314.74	353.04	6.60
2026-06-23T17:44:27.9475265+08:00	0x07	0.0733	-0.0221	0.9497	0.3038	144.84	7.25	4.96
2026-06-23T17:44:28.0138250+08:00	0x01	-0.2350	-0.4713	0.7906	-0.3123	217.05	350.15	63.14
2026-06-23T17:44:28.0476074+08:00	0x03	-0.3159	0.3804	0.3845	0.7795	35.42	34.43	308.27
2026-06-23T17:44:28.0972222+08:00	0x04	-0.5141	0.0707	0.5382	-0.6641	262.19	305.48	37.36
2026-06-23T17:44:28.2812276+08:00	0x08	0.0103	-0.0019	0.7724	0.6350	101.16	0.78	0.92
2026-06-23T17:44:28.5135880+08:00	0x09	0.0764	-0.0338	-0.3802	0.9211	314.74	353.04	6.60
2026-06-23T17:44:28.6020694+08:00	0x01	0.0766	-0.4004	0.5611	-0.7204	292.40	44.80	19.82
2026-06-23T17:44:28.7310548+08:00	0x08	0.0103	-0.0019	0.7724	0.6350	101.16	0.78	0.92
2026-06-23T17:44:28.9133766+08:00	0x02	-0.2726	-0.1535	0.9123	0.2643	145.17	324.27	7.81
2026-06-23T17:44:29.0474009+08:00	0x09	0.0764	-0.0338	-0.3802	0.9211	314.74	353.04	6.60
2026-06-23T17:44:29.1156007+08:00	0x03	-0.1355	0.2870	0.4444	0.8377	49.55	24.29	331.17
2026-06-23T17:44:29.1685036+08:00	0x04	-0.3397	0.1565	0.4321	-0.8206	295.89	322.61	24.98
2026-06-23T17:44:29.2466129+08:00	0x08	0.0103	-0.0019	0.7724	0.6350	101.16	0.78	0.92
2026-06-23T17:44:29.5882368+08:00	0x09	0.0764	-0.0338	-0.3802	0.9211	314.74	353.04	6.60
2026-06-23T17:44:29.6141638+08:00	0x06	-0.0129	-0.0334	0.4298	-0.9022	309.13	2.82	2.98
2026-06-23T17:44:29.6971940+08:00	0x03	0.0598	0.2156	0.6009	0.7674	74.06	24.11	350.37
2026-06-23T17:44:29.8306708+08:00	0x08	0.0103	-0.0019	0.7724	0.6350	101.16	0.78	0.92
2026-06-23T17:44:30.1142460+08:00	0x06	-0.0129	-0.0334	0.4298	-0.9022	309.13	2.82	2.98
2026-06-23T17:44:30.1643250+08:00	0x07	0.0731	-0.0221	0.9498	0.3032	144.90	7.24	4.96
2026-06-23T17:44:30.1981814+08:00	0x03	0.0715	0.2128	0.6208	0.7512	77.19	24.43	350.98
2026-06-23T17:44:30.3641561+08:00	0x04	-0.3392	0.1551	0.4381	-0.8179	295.16	322.65	24.77
2026-06-23T17:44:30.3978752+08:00	0x08	0.0103	-0.0019	0.7724	0.6350	101.16	0.78	0.92
2026-06-23T17:44:30.6813469+08:00	0x06	-0.0129	-0.0334	0.4298	-0.9022	309.13	2.82	2.98
2026-06-23T17:44:30.7148180+08:00	0x09	0.0764	-0.0338	-0.3802	0.9211	314.74	353.04	6.60
2026-06-23T17:44:30.7514853+08:00	0x07	0.0731	-0.0221	0.9499	0.3032	144.91	7.23	4.95
2026-06-23T17:44:30.8304181+08:00	0x04	-0.3646	0.1093	0.2882	-0.8787	314.11	330.48	35.29
2026-06-23T17:44:31.0146660+08:00	0x08	0.0103	-0.0019	0.7724	0.6350	101.16	0.78	0.92
2026-06-23T17:44:31.2391893+08:00	0x09	0.0764	-0.0338	-0.3802	0.9211	314.74	353.04	6.60
2026-06-23T17:44:31.2657633+08:00	0x01	0.2350	-0.3478	0.5694	-0.7069	283.99	49.54	3.66
2026-06-23T17:44:31.2815445+08:00	0x06	-0.0130	-0.0334	0.4298	-0.9022	309.13	2.82	2.99
2026-06-23T17:44:31.4484191+08:00	0x04	-0.3618	0.0920	0.2431	-0.8953	321.02	334.72	37.09
2026-06-23T17:44:31.4809384+08:00	0x03	0.0630	0.2040	0.6282	0.7482	78.14	22.93	350.67
2026-06-23T17:44:31.6042078+08:00	0x08	0.0103	-0.0019	0.7724	0.6350	101.16	0.78	0.92
2026-06-23T17:44:31.7700622+08:00	0x01	0.3080	-0.3271	0.4823	-0.7520	290.42	52.93	351.50
2026-06-23T17:44:31.8150030+08:00	0x06	-0.0130	-0.0334	0.4298	-0.9022	309.13	2.81	2.99
2026-06-23T17:44:31.8309594+08:00	0x09	0.0764	-0.0339	-0.3802	0.9211	314.74	353.03	6.60
2026-06-23T17:44:32.0145556+08:00	0x07	0.0731	-0.0221	0.9499	0.3031	144.92	7.23	4.95
2026-06-23T17:44:32.0315104+08:00	0x04	-0.3614	0.0660	0.1867	-0.9111	329.89	340.72	39.34
2026-06-23T17:44:32.1653284+08:00	0x08	0.0103	-0.0019	0.7724	0.6350	101.16	0.78	0.92
2026-06-23T17:44:32.2813952+08:00	0x09	0.0764	-0.0339	-0.3802	0.9211	314.74	353.03	6.60
2026-06-23T17:44:32.3303597+08:00	0x03	0.0525	0.2064	0.6313	0.7457	78.42	22.37	349.49
2026-06-23T17:44:32.3814988+08:00	0x01	0.3114	-0.3235	0.4689	-0.7606	291.83	52.72	350.19
2026-06-23T17:44:32.5475324+08:00	0x04	-0.3556	0.0531	0.1631	-0.9188	334.07	343.94	39.50
2026-06-23T17:44:32.6979840+08:00	0x08	0.0103	-0.0019	0.7724	0.6350	101.16	0.78	0.92
2026-06-23T17:44:32.7983122+08:00	0x09	0.0764	-0.0339	-0.3802	0.9211	314.74	353.03	6.60
2026-06-23T17:44:32.8423402+08:00	0x06	-0.0130	-0.0334	0.4299	-0.9022	309.12	2.82	2.99
2026-06-23T17:44:32.9142715+08:00	0x01	0.3128	-0.3179	0.4607	-0.7674	292.75	52.19	349.21
2026-06-23T17:44:32.9312288+08:00	0x03	0.0479	0.2027	0.6377	0.7416	79.32	21.61	349.20
2026-06-23T17:44:32.9651365+08:00	0x07	0.0731	-0.0221	0.9499	0.3031	144.92	7.23	4.95
2026-06-23T17:44:33.0314556+08:00	0x04	-0.3531	0.0515	0.1496	-0.9221	336.13	344.94	39.48
2026-06-23T17:44:33.1619136+08:00	0x08	0.0103	-0.0019	0.7724	0.6350	101.16	0.78	0.92
2026-06-23T17:44:33.3652175+08:00	0x09	0.0764	-0.0338	-0.3802	0.9211	314.74	353.04	6.60
2026-06-23T17:44:33.3987675+08:00	0x03	0.0425	0.2032	0.6385	0.7411	79.36	21.25	348.67
2026-06-23T17:44:33.4819306+08:00	0x07	0.0731	-0.0221	0.9499	0.3031	144.92	7.23	4.95
2026-06-23T17:44:33.6859197+08:00	0x08	0.0103	-0.0019	0.7724	0.6350	101.16	0.78	0.92
2026-06-23T17:44:33.7095147+08:00	0x04	-0.3414	0.0280	0.1472	-0.9279	338.01	348.74	38.70
2026-06-23T17:44:33.9360323+08:00	0x06	-0.0130	-0.0334	0.4299	-0.9022	309.12	2.82	2.99
2026-06-23T17:44:33.9998724+08:00	0x03	0.0218	0.2134	0.6370	0.7405	78.86	20.73	346.14
2026-06-23T17:44:34.0308338+08:00	0x07	0.0730	-0.0221	0.9499	0.3031	144.92	7.23	4.95
2026-06-23T17:44:34.1154419+08:00	0x04	-0.3398	0.0230	0.1402	-0.9297	339.27	349.81	38.71
2026-06-23T17:44:34.2478285+08:00	0x08	0.0103	-0.0019	0.7724	0.6350	101.16	0.78	0.92
2026-06-23T17:44:34.4322115+08:00	0x06	-0.0130	-0.0334	0.4299	-0.9022	309.12	2.82	2.99
2026-06-23T17:44:34.5324540+08:00	0x03	0.0281	0.2095	0.6220	0.7539	76.69	21.07	347.39
2026-06-23T17:44:34.5653660+08:00	0x07	0.0730	-0.0221	0.9499	0.3030	144.93	7.23	4.95
2026-06-23T17:44:34.6821275+08:00	0x04	-0.3464	0.0305	0.1571	-0.9243	336.33	347.70	39.11
2026-06-23T17:44:34.8311808+08:00	0x08	0.0103	-0.0018	0.7724	0.6350	101.16	0.78	0.91
2026-06-23T17:44:34.8674889+08:00	0x01	0.3128	-0.3172	0.4486	-0.7748	294.21	52.01	348.45
2026-06-23T17:44:35.0153925+08:00	0x06	-0.0130	-0.0334	0.4299	-0.9022	309.12	2.82	2.99
2026-06-23T17:44:35.1315431+08:00	0x07	0.0730	-0.0221	0.9499	0.3030	144.93	7.23	4.95
2026-06-23T17:44:35.2308656+08:00	0x04	-0.3452	0.0279	0.1514	-0.9258	337.29	348.39	39.11
2026-06-23T17:44:35.3484704+08:00	0x08	0.0103	-0.0018	0.7724	0.6350	101.16	0.78	0.91
2026-06-23T17:44:35.5825960+08:00	0x06	-0.0129	-0.0334	0.4299	-0.9022	309.12	2.82	2.98
2026-06-23T17:44:35.6152364+08:00	0x09	0.0763	-0.0338	-0.3802	0.9211	314.74	353.04	6.59
2026-06-23T17:44:35.6670530+08:00	0x07	0.0730	-0.0221	0.9499	0.3030	144.93	7.23	4.95
2026-06-23T17:44:35.7641868+08:00	0x04	-0.3418	0.0246	0.1516	-0.9271	337.53	348.97	38.78
2026-06-23T17:44:35.7816579+08:00	0x01	0.2924	-0.3275	0.4366	-0.7852	297.04	51.40	350.02
2026-06-23T17:44:35.9157343+08:00	0x08	0.0103	-0.0019	0.7724	0.6350	101.16	0.78	0.92
2026-06-23T17:44:36.1153753+08:00	0x06	-0.0129	-0.0334	0.4299	-0.9022	309.12	2.82	2.98
2026-06-23T17:44:36.1478761+08:00	0x09	0.0763	-0.0338	-0.3802	0.9211	314.74	353.04	6.60
2026-06-23T17:44:36.2036545+08:00	0x07	0.0730	-0.0221	0.9499	0.3030	144.93	7.23	4.95
2026-06-23T17:44:36.2986994+08:00	0x04	-0.3439	0.0326	0.1484	-0.9266	337.53	347.95	38.88
2026-06-23T17:44:36.4821272+08:00	0x08	0.0103	-0.0019	0.7724	0.6350	101.16	0.78	0.92
2026-06-23T17:44:36.6666108+08:00	0x09	0.0763	-0.0338	-0.3802	0.9211	314.74	353.04	6.60
2026-06-23T17:44:36.7046497+08:00	0x06	-0.0129	-0.0334	0.4299	-0.9022	309.12	2.82	2.98
2026-06-23T17:44:36.7658434+08:00	0x01	0.3063	-0.3124	0.4487	-0.7793	294.71	50.99	348.64
2026-06-23T17:44:36.8693647+08:00	0x04	-0.3526	0.0330	0.1488	-0.9233	337.14	347.51	39.88
2026-06-23T17:44:37.0155142+08:00	0x08	0.0103	-0.0019	0.7724	0.6350	101.16	0.78	0.92
2026-06-23T17:44:37.1988855+08:00	0x09	0.0763	-0.0338	-0.3802	0.9211	314.74	353.04	6.60
2026-06-23T17:44:37.2839620+08:00	0x07	0.0730	-0.0221	0.9499	0.3030	144.93	7.23	4.95
2026-06-23T17:44:37.3351474+08:00	0x01	0.3118	-0.3083	0.4486	-0.7788	294.35	51.00	347.94
2026-06-23T17:44:37.4461889+08:00	0x04	-0.3528	0.0416	0.1450	-0.9235	337.27	346.53	39.76
2026-06-23T17:44:37.6158188+08:00	0x08	0.0103	-0.0019	0.7724	0.6350	101.16	0.78	0.92
2026-06-23T17:44:37.7408745+08:00	0x09	0.0764	-0.0338	-0.3802	0.9211	314.74	353.04	6.60
2026-06-23T17:44:37.8164235+08:00	0x07	0.0730	-0.0221	0.9499	0.3030	144.93	7.23	4.95
2026-06-23T17:44:37.8484952+08:00	0x03	0.0885	0.1846	0.6619	0.7211	83.75	22.71	353.30
2026-06-23T17:44:37.8701496+08:00	0x01	0.3702	-0.2799	0.5234	-0.7146	280.56	54.14	346.35
2026-06-23T17:44:38.0660710+08:00	0x04	-0.3588	0.1074	0.0325	-0.9266	349.50	342.83	41.15
2026-06-23T17:44:38.2819958+08:00	0x09	0.0764	-0.0338	-0.3802	0.9211	314.74	353.04	6.60
2026-06-23T17:44:38.3542460+08:00	0x03	0.0946	0.1788	0.6804	0.7043	86.76	22.52	353.68
2026-06-23T17:44:38.4212256+08:00	0x01	0.3267	-0.3322	0.5038	-0.7274	286.36	55.14	351.92
2026-06-23T17:44:38.5161434+08:00	0x04	-0.3873	-0.0004	0.1281	-0.9130	340.71	351.99	45.02
2026-06-23T17:44:38.5689925+08:00	0x08	0.0103	-0.0019	0.7724	0.6350	101.16	0.78	0.92
2026-06-23T17:44:38.7329046+08:00	0x02	-0.0721	-0.1644	0.7786	-0.6013	256.28	5.21	20.04
2026-06-23T17:44:38.8657084+08:00	0x09	0.0764	-0.0338	-0.3802	0.9211	314.74	353.04	6.60
2026-06-23T17:44:38.8996829+08:00	0x07	0.0730	-0.0221	0.9499	0.3030	144.93	7.23	4.95
2026-06-23T17:44:38.9327628+08:00	0x03	0.0187	0.2556	0.6476	0.7176	80.30	24.24	342.28
2026-06-23T17:44:39.0033472+08:00	0x01	0.2702	-0.3742	0.4525	-0.7630	296.47	54.86	355.78
2026-06-23T17:44:39.0667106+08:00	0x04	-0.3771	-0.0303	0.1145	-0.9186	344.78	357.54	44.40
2026-06-23T17:44:39.1558872+08:00	0x08	0.0103	-0.0019	0.7724	0.6350	101.16	0.78	0.92
2026-06-23T17:44:39.3666238+08:00	0x03	0.0149	0.2554	0.6505	0.7152	80.72	23.87	341.89
2026-06-23T17:44:39.5221051+08:00	0x01	0.2746	-0.3662	0.4516	-0.7658	296.30	54.32	354.84
2026-06-23T17:44:39.6164695+08:00	0x04	-0.3722	-0.0213	0.1198	-0.9201	343.57	356.04	43.63
2026-06-23T17:44:39.6668707+08:00	0x08	0.0103	-0.0019	0.7724	0.6350	101.16	0.78	0.92
2026-06-23T17:44:39.8992285+08:00	0x06	-0.0129	-0.0334	0.4299	-0.9022	309.12	2.82	2.98
2026-06-23T17:44:39.9727825+08:00	0x07	0.0731	-0.0221	0.9499	0.3030	144.93	7.23	4.95
2026-06-23T17:44:40.1163618+08:00	0x01	0.2839	-0.3531	0.4528	-0.7679	295.57	53.60	353.32
2026-06-23T17:44:40.1827636+08:00	0x04	-0.3759	-0.0190	0.1148	-0.9193	344.10	355.90	44.07
2026-06-23T17:44:40.2329898+08:00	0x08	0.0103	-0.0019	0.7724	0.6350	101.16	0.78	0.92
2026-06-23T17:44:40.4161642+08:00	0x09	0.0764	-0.0338	-0.3802	0.9211	314.74	353.04	6.60
2026-06-23T17:44:40.5491965+08:00	0x07	0.0731	-0.0221	0.9499	0.3030	144.93	7.23	4.95
2026-06-23T17:44:40.5661513+08:00	0x03	0.0237	0.2484	0.6531	0.7150	81.23	23.80	343.12
2026-06-23T17:44:40.6326298+08:00	0x06	-0.0129	-0.0334	0.4299	-0.9022	309.12	2.82	2.98
2026-06-23T17:44:40.7065221+08:00	0x01	0.2911	-0.3506	0.4426	-0.7723	296.31	53.81	351.99
2026-06-23T17:44:40.7335152+08:00	0x04	-0.3748	-0.0172	0.1039	-0.9211	345.63	356.31	43.95
2026-06-23T17:44:40.8161408+08:00	0x08	0.0103	-0.0019	0.7724	0.6350	101.16	0.78	0.92
2026-06-23T17:44:40.9665813+08:00	0x09	0.0764	-0.0338	-0.3802	0.9211	314.74	353.04	6.60
2026-06-23T17:44:41.0831947+08:00	0x07	0.0730	-0.0221	0.9499	0.3030	144.93	7.23	4.95
2026-06-23T17:44:41.1164676+08:00	0x06	-0.0129	-0.0334	0.4299	-0.9022	309.12	2.82	2.98
2026-06-23T17:44:41.2828655+08:00	0x04	-0.4332	0.1041	-0.1846	-0.8760	22.74	357.86	52.88
2026-06-23T17:44:41.3373843+08:00	0x08	0.0103	-0.0019	0.7724	0.6350	101.16	0.78	0.92
2026-06-23T17:44:41.5004272+08:00	0x09	0.0764	-0.0338	-0.3802	0.9211	314.74	353.04	6.60
2026-06-23T17:44:41.6390974+08:00	0x03	0.0757	0.2879	0.6357	0.7122	79.24	31.61	345.03
2026-06-23T17:44:41.6583199+08:00	0x01	0.3418	-0.4566	0.4548	-0.6840	290.68	69.52	357.01
2026-06-23T17:44:41.7211206+08:00	0x07	0.0731	-0.0221	0.9499	0.3030	144.93	7.23	4.95
2026-06-23T17:44:41.8003380+08:00	0x04	-0.4321	0.1006	-0.1761	-0.8787	21.51	357.68	52.64
2026-06-23T17:44:41.8998447+08:00	0x08	0.0103	-0.0019	0.7724	0.6350	101.16	0.78	0.92
2026-06-23T17:44:42.0835205+08:00	0x09	0.0764	-0.0338	-0.3802	0.9211	314.74	353.04	6.60
2026-06-23T17:44:42.2005719+08:00	0x07	0.0730	-0.0221	0.9499	0.3030	144.93	7.23	4.95
2026-06-23T17:44:42.2326495+08:00	0x03	0.1020	0.3297	0.6223	0.7026	77.73	37.77	344.52
2026-06-23T17:44:42.3698643+08:00	0x04	-0.4148	0.3732	-0.3724	-0.7416	32.68	327.06	63.28
2026-06-23T17:44:42.5341247+08:00	0x08	0.0103	-0.0019	0.7724	0.6350	101.16	0.78	0.92
2026-06-23T17:44:42.6542702+08:00	0x02	-0.1135	-0.2321	0.6533	-0.7117	277.84	11.87	27.70
2026-06-23T17:44:42.7004021+08:00	0x09	0.0764	-0.0338	-0.3802	0.9211	314.74	353.04	6.60
2026-06-23T17:44:42.7332485+08:00	0x07	0.0730	-0.0221	0.9499	0.3030	144.93	7.23	4.95
2026-06-23T17:44:42.8729228+08:00	0x01	0.3443	-0.4393	0.3907	-0.7321	297.63	67.54	350.75
2026-06-23T17:44:42.9922415+08:00	0x08	0.0103	-0.0019	0.7724	0.6350	101.16	0.78	0.92
2026-06-23T17:44:43.1493704+08:00	0x09	0.0764	-0.0338	-0.3802	0.9211	314.74	353.04	6.60
2026-06-23T17:44:43.2503199+08:00	0x06	-0.0129	-0.0334	0.4299	-0.9022	309.12	2.82	2.98
2026-06-23T17:44:43.2832311+08:00	0x07	0.0730	-0.0221	0.9499	0.3030	144.93	7.23	4.95
2026-06-23T17:44:43.4674618+08:00	0x04	-0.3801	0.4091	-0.3537	-0.7503	25.50	317.47	59.31
2026-06-23T17:44:43.5610363+08:00	0x08	0.0103	-0.0019	0.7724	0.6350	101.16	0.78	0.92
2026-06-23T17:44:43.6501046+08:00	0x02	0.3702	0.1329	0.8970	-0.2017	196.60	41.49	337.19
2026-06-23T17:44:43.7572614+08:00	0x09	0.0764	-0.0338	-0.3802	0.9211	314.74	353.04	6.60
2026-06-23T17:44:43.8343246+08:00	0x07	0.0730	-0.0221	0.9499	0.3030	144.93	7.23	4.95
2026-06-23T17:44:43.8505722+08:00	0x03	0.0805	0.3270	0.5951	0.7297	73.16	36.55	344.23
2026-06-23T17:44:44.0471184+08:00	0x04	-0.3408	0.4189	-0.2523	-0.8029	10.58	309.76	49.34
2026-06-23T17:44:44.0861226+08:00	0x08	0.0103	-0.0019	0.7724	0.6350	101.16	0.78	0.92
2026-06-23T17:44:44.3182363+08:00	0x06	-0.0130	-0.0334	0.4299	-0.9022	309.12	2.82	2.99
2026-06-23T17:44:44.3666535+08:00	0x09	0.0764	-0.0338	-0.3802	0.9211	314.74	353.04	6.60
2026-06-23T17:44:44.3842137+08:00	0x07	0.0730	-0.0221	0.9499	0.3030	144.93	7.23	4.95
2026-06-23T17:44:44.4048726+08:00	0x03	0.0800	0.3279	0.5957	0.7289	73.23	36.59	344.09
2026-06-23T17:44:44.4498261+08:00	0x01	0.3409	-0.4446	0.3786	-0.7367	299.18	67.83	350.46
2026-06-23T17:44:44.5674759+08:00	0x04	-0.3335	0.4237	-0.2404	-0.8071	9.06	308.64	47.90
2026-06-23T17:44:44.6661986+08:00	0x08	0.0103	-0.0018	0.7724	0.6350	101.16	0.78	0.91
2026-06-23T17:44:44.8314140+08:00	0x09	0.0763	-0.0338	-0.3802	0.9211	314.74	353.04	6.60
2026-06-23T17:44:44.9008669+08:00	0x03	0.0800	0.3291	0.5908	0.7323	72.52	36.80	344.23
2026-06-23T17:44:44.9848214+08:00	0x01	0.3436	-0.4512	0.3843	-0.7285	298.31	68.83	351.15
2026-06-23T17:44:45.1502876+08:00	0x04	-0.3377	0.4268	-0.2300	-0.8068	7.09	307.39	47.84
2026-06-23T17:44:45.1881488+08:00	0x08	0.0103	-0.0019	0.7724	0.6350	101.16	0.78	0.92
2026-06-23T17:44:45.4006738+08:00	0x09	0.0763	-0.0338	-0.3802	0.9211	314.74	353.04	6.60
2026-06-23T17:44:45.4539443+08:00	0x06	-0.0130	-0.0334	0.4299	-0.9022	309.12	2.82	2.99
2026-06-23T17:44:45.5172770+08:00	0x01	0.3423	-0.4528	0.3875	-0.7264	298.06	68.93	351.58
2026-06-23T17:44:45.5351294+08:00	0x07	0.0731	-0.0221	0.9499	0.3030	144.93	7.23	4.95
2026-06-23T17:44:45.7051978+08:00	0x04	-0.3378	0.4326	-0.2170	-0.8072	4.90	305.76	47.15
2026-06-23T17:44:45.9757667+08:00	0x03	0.0827	0.3392	0.5893	0.7286	72.31	38.04	343.78
2026-06-23T17:44:46.0063445+08:00	0x06	-0.0130	-0.0334	0.4299	-0.9022	309.12	2.82	2.99
2026-06-23T17:44:46.0686644+08:00	0x07	0.0731	-0.0221	0.9499	0.3030	144.93	7.24	4.95
2026-06-23T17:44:46.1012880+08:00	0x01	0.3403	-0.4572	0.3831	-0.7269	298.68	69.26	351.70
2026-06-23T17:44:46.2024503+08:00	0x09	0.0764	-0.0338	-0.3802	0.9211	314.74	353.04	6.60
2026-06-23T17:44:46.3367951+08:00	0x08	0.0103	-0.0019	0.7724	0.6350	101.16	0.78	0.92
2026-06-23T17:44:46.5678719+08:00	0x06	-0.0130	-0.0334	0.4299	-0.9022	309.12	2.81	2.99
2026-06-23T17:44:46.5843282+08:00	0x03	0.0800	0.3444	0.5883	0.7272	72.05	38.43	343.21
2026-06-23T17:44:46.6215672+08:00	0x01	0.3388	-0.4564	0.3818	-0.7288	298.95	69.05	351.65
2026-06-23T17:44:46.8034518+08:00	0x04	-0.3401	0.4349	-0.2027	-0.8088	2.68	304.62	46.59
2026-06-23T17:44:46.8518336+08:00	0x08	0.0103	-0.0019	0.7724	0.6350	101.16	0.78	0.92
2026-06-23T17:44:47.0731581+08:00	0x09	0.0764	-0.0338	-0.3802	0.9211	314.74	353.04	6.60
2026-06-23T17:44:50.9409900+08:00	0x07	0.0731	-0.0221	0.9499	0.3030	144.93	7.23	4.95
2026-06-23T17:44:50.9409900+08:00	0x04	-0.3357	0.4348	-0.1953	-0.8125	2.08	304.57	45.66
2026-06-23T17:44:50.9409900+08:00	0x08	0.0103	-0.0019	0.7724	0.6350	101.16	0.78	0.92
2026-06-23T17:44:50.9409900+08:00	0x02	0.3816	0.1398	0.8872	-0.2185	197.98	42.61	335.49
2026-06-23T17:44:50.9409900+08:00	0x06	-0.0129	-0.0334	0.4299	-0.9022	309.12	2.82	2.98
2026-06-23T17:44:50.9409900+08:00	0x07	0.0731	-0.0221	0.9499	0.3030	144.93	7.23	4.95
2026-06-23T17:44:50.9409900+08:00	0x01	0.3371	-0.4554	0.3829	-0.7296	298.98	68.81	351.77
2026-06-23T17:44:50.9409900+08:00	0x04	-0.3325	0.4345	-0.1893	-0.8154	1.60	304.56	44.96
2026-06-23T17:44:50.9409900+08:00	0x09	0.0764	-0.0338	-0.3802	0.9211	314.74	353.04	6.60
2026-06-23T17:44:50.9409900+08:00	0x06	-0.0130	-0.0334	0.4299	-0.9022	309.12	2.82	2.99
2026-06-23T17:44:50.9409900+08:00	0x07	0.0731	-0.0221	0.9499	0.3030	144.93	7.23	4.95
2026-06-23T17:44:50.9409900+08:00	0x01	0.3360	-0.4560	0.3808	-0.7309	299.30	68.76	351.73
2026-06-23T17:44:50.9409900+08:00	0x04	-0.3292	0.4361	-0.1853	-0.8168	1.24	304.30	44.38
2026-06-23T17:44:50.9409900+08:00	0x02	0.3956	0.1401	0.8726	-0.2497	201.24	43.77	333.76
2026-06-23T17:44:50.9409900+08:00	0x09	0.0763	-0.0338	-0.3802	0.9211	314.74	353.04	6.60
2026-06-23T17:44:50.9409900+08:00	0x06	-0.0130	-0.0334	0.4299	-0.9022	309.12	2.82	2.99
2026-06-23T17:44:50.9409900+08:00	0x01	0.3377	-0.4554	0.3792	-0.7313	299.32	68.83	351.46
2026-06-23T17:44:50.9409900+08:00	0x08	0.0103	-0.0019	0.7724	0.6350	101.16	0.78	0.92
2026-06-23T17:44:50.9409900+08:00	0x07	0.0731	-0.0221	0.9499	0.3030	144.93	7.23	4.95
2026-06-23T17:44:50.9409900+08:00	0x09	0.0764	-0.0338	-0.3802	0.9211	314.74	353.04	6.60
2026-06-23T17:44:50.9409900+08:00	0x03	0.0753	0.3456	0.5875	0.7278	71.80	38.27	342.75
2026-06-23T17:44:50.9419873+08:00	0x07	0.0731	-0.0221	0.9499	0.3030	144.93	7.23	4.95
2026-06-23T17:44:50.9419873+08:00	0x08	0.0103	-0.0019	0.7724	0.6350	101.16	0.78	0.92
2026-06-23T17:44:50.9419873+08:00	0x06	-0.0130	-0.0334	0.4299	-0.9022	309.12	2.82	2.99
2026-06-23T17:44:50.9419873+08:00	0x09	0.0764	-0.0338	-0.3802	0.9211	314.74	353.04	6.60
2026-06-23T17:44:50.9419873+08:00	0x07	0.0731	-0.0221	0.9499	0.3030	144.93	7.23	4.95
2026-06-23T17:44:50.9419873+08:00	0x01	0.3382	-0.4562	0.3782	-0.7311	299.38	68.96	351.41
2026-06-23T17:44:50.9419873+08:00	0x08	0.0103	-0.0019	0.7724	0.6350	101.16	0.78	0.92
2026-06-23T17:44:50.9419873+08:00	0x07	0.0731	-0.0221	0.9499	0.3030	144.93	7.23	4.95
2026-06-23T17:44:50.9419873+08:00	0x06	-0.0130	-0.0334	0.4299	-0.9022	309.12	2.82	2.99
2026-06-23T17:44:50.9419873+08:00	0x01	0.3381	-0.4555	0.3766	-0.7324	299.57	68.86	351.25
2026-06-23T17:44:50.9419873+08:00	0x08	0.0103	-0.0019	0.7724	0.6350	101.16	0.78	0.92
2026-06-23T17:44:50.9419873+08:00	0x06	-0.0130	-0.0334	0.4299	-0.9022	309.12	2.82	2.99
2026-06-23T17:44:50.9419873+08:00	0x09	0.0764	-0.0338	-0.3802	0.9211	314.74	353.04	6.60
2026-06-23T17:44:51.0034935+08:00	0x07	0.0731	-0.0221	0.9499	0.3030	144.93	7.23	4.95
2026-06-23T17:44:51.0892277+08:00	0x01	0.3423	-0.4566	0.3769	-0.7296	299.17	69.33	351.06
2026-06-23T17:44:51.2349188+08:00	0x04	-0.3211	0.4513	-0.1738	-0.8142	359.47	301.80	42.83
2026-06-23T17:45:01.6967442+08:00	0x06	-0.0130	-0.0334	0.4299	-0.9022	309.12	2.82	2.99
2026-06-23T17:45:01.6967442+08:00	0x03	0.0865	0.3436	0.5921	0.7238	72.79	38.69	343.64
2026-06-23T17:45:01.6967442+08:00	0x09	0.0764	-0.0338	-0.3802	0.9211	314.74	353.04	6.60
2026-06-23T17:45:01.6967442+08:00	0x07	0.0730	-0.0221	0.9499	0.3030	144.93	7.23	4.95
2026-06-23T17:45:01.6967442+08:00	0x04	-0.3247	0.4513	-0.1801	-0.8114	359.94	301.81	43.60
2026-06-23T17:45:01.6967442+08:00	0x06	-0.0130	-0.0334	0.4299	-0.9022	309.12	2.82	2.99
2026-06-23T17:45:01.6967442+08:00	0x03	0.0858	0.3467	0.5915	0.7229	72.66	38.98	343.38
2026-06-23T17:45:01.6967442+08:00	0x07	0.0730	-0.0221	0.9499	0.3030	144.93	7.23	4.95
2026-06-23T17:45:01.6967442+08:00	0x01	0.3508	-0.4567	0.3762	-0.7258	298.52	70.03	350.47
2026-06-23T17:45:01.6967442+08:00	0x09	0.0764	-0.0338	-0.3802	0.9211	314.74	353.04	6.60
2026-06-23T17:45:01.6967442+08:00	0x06	-0.0130	-0.0334	0.4299	-0.9022	309.12	2.82	2.99
2026-06-23T17:45:01.6967442+08:00	0x03	0.0852	0.3462	0.5908	0.7238	72.54	38.91	343.40
2026-06-23T17:45:01.6967442+08:00	0x04	-0.3251	0.4476	-0.1804	-0.8133	0.20	302.43	43.65
2026-06-23T17:45:01.6967442+08:00	0x01	0.3508	-0.4550	0.3744	-0.7278	298.72	69.82	350.22
2026-06-23T17:45:01.6967442+08:00	0x09	0.0764	-0.0338	-0.3802	0.9211	314.74	353.04	6.60
2026-06-23T17:45:01.6967442+08:00	0x06	-0.0130	-0.0334	0.4299	-0.9022	309.12	2.82	2.99
2026-06-23T17:45:01.6967442+08:00	0x03	0.0845	0.3464	0.5896	0.7247	72.36	38.90	343.38
2026-06-23T17:45:01.6967442+08:00	0x07	0.0730	-0.0221	0.9499	0.3030	144.93	7.23	4.95
2026-06-23T17:45:01.6967442+08:00	0x01	0.3505	-0.4545	0.3797	-0.7256	298.19	69.77	350.59
2026-06-23T17:45:01.6967442+08:00	0x08	0.0103	-0.0019	0.7724	0.6350	101.16	0.78	0.92
2026-06-23T17:45:01.6967442+08:00	0x06	-0.0130	-0.0334	0.4299	-0.9022	309.12	2.82	2.99
2026-06-23T17:45:01.6967442+08:00	0x03	0.0818	0.3466	0.5868	0.7272	71.87	38.81	343.27
2026-06-23T17:45:01.6967442+08:00	0x01	0.3485	-0.4542	0.3787	-0.7272	298.47	69.57	350.63
2026-06-23T17:45:01.6967442+08:00	0x04	-0.3246	0.4457	-0.1758	-0.8156	359.79	302.61	43.32
2026-06-23T17:45:01.6967442+08:00	0x08	0.0103	-0.0019	0.7724	0.6350	101.16	0.78	0.92
2026-06-23T17:45:01.6967442+08:00	0x06	-0.0129	-0.0334	0.4299	-0.9022	309.12	2.82	2.99
2026-06-23T17:45:01.6967442+08:00	0x03	0.0827	0.3462	0.5869	0.7272	71.92	38.82	343.38
2026-06-23T17:45:01.6967442+08:00	0x01	0.3462	-0.4512	0.3757	-0.7317	299.00	69.01	350.34
2026-06-23T17:45:01.6967442+08:00	0x04	-0.3236	0.4402	-0.1770	-0.8187	0.39	303.63	43.29
2026-06-23T17:45:01.6967442+08:00	0x06	-0.0129	-0.0334	0.4299	-0.9022	309.12	2.82	2.99
2026-06-23T17:45:01.6967442+08:00	0x09	0.0764	-0.0338	-0.3802	0.9211	314.74	353.04	6.60
2026-06-23T17:45:01.6967442+08:00	0x07	0.0731	-0.0221	0.9499	0.3030	144.93	7.23	4.95
2026-06-23T17:45:01.6967442+08:00	0x04	-0.3241	0.4352	-0.1733	-0.8219	0.22	304.29	43.13
2026-06-23T17:45:01.6967442+08:00	0x06	-0.0130	-0.0334	0.4299	-0.9022	309.12	2.82	2.99
2026-06-23T17:45:01.6967442+08:00	0x09	0.0764	-0.0338	-0.3802	0.9211	314.74	353.04	6.60
2026-06-23T17:45:01.6967442+08:00	0x01	0.3398	-0.4359	0.3662	-0.7486	300.67	66.66	349.07
2026-06-23T17:45:01.6967442+08:00	0x04	-0.3195	0.4315	-0.1728	-0.8258	0.76	305.12	42.59
2026-06-23T17:45:01.6967442+08:00	0x08	0.0103	-0.0019	0.7724	0.6350	101.16	0.78	0.92
2026-06-23T17:45:01.6967442+08:00	0x09	0.0764	-0.0338	-0.3802	0.9211	314.74	353.04	6.60
2026-06-23T17:45:01.6967442+08:00	0x07	0.0731	-0.0221	0.9499	0.3030	144.93	7.23	4.95
2026-06-23T17:45:01.6967442+08:00	0x08	0.0103	-0.0019	0.7724	0.6350	101.16	0.78	0.92
2026-06-23T17:45:01.6967442+08:00	0x06	-0.0130	-0.0334	0.4299	-0.9022	309.12	2.82	2.99
2026-06-23T17:45:01.6967442+08:00	0x09	0.0764	-0.0338	-0.3802	0.9211	314.74	353.04	6.60
2026-06-23T17:45:01.6967442+08:00	0x03	0.0640	0.3427	0.5868	0.7309	71.41	37.27	342.03
2026-06-23T17:45:01.6967442+08:00	0x01	0.3333	-0.4291	0.3712	-0.7530	300.72	65.37	349.43
2026-06-23T17:45:01.6967442+08:00	0x04	-0.3151	0.4252	-0.1527	-0.8346	359.01	305.63	40.98
2026-06-23T17:45:01.6967442+08:00	0x06	-0.0130	-0.0334	0.4299	-0.9022	309.12	2.82	2.99
2026-06-23T17:45:01.6967442+08:00	0x07	0.0731	-0.0221	0.9499	0.3030	144.93	7.23	4.95
2026-06-23T17:45:01.6967442+08:00	0x09	0.0764	-0.0338	-0.3802	0.9211	314.74	353.04	6.60
2026-06-23T17:45:01.6967442+08:00	0x01	0.3353	-0.4272	0.3704	-0.7535	300.65	65.32	349.12
2026-06-23T17:45:01.6977413+08:00	0x08	0.0103	-0.0019	0.7724	0.6350	101.16	0.78	0.92
2026-06-23T17:45:01.6977413+08:00	0x06	-0.0130	-0.0334	0.4299	-0.9022	309.12	2.82	2.99
2026-06-23T17:45:01.6977413+08:00	0x02	0.3492	0.1503	0.8935	-0.2389	200.96	37.84	334.18
2026-06-23T17:45:01.6977413+08:00	0x07	0.0731	-0.0221	0.9499	0.3030	144.93	7.23	4.95
2026-06-23T17:45:01.6977413+08:00	0x01	0.3321	-0.4289	0.3729	-0.7528	300.64	65.27	349.61
2026-06-23T17:45:01.6977413+08:00	0x04	-0.3120	0.4277	-0.1459	-0.8357	358.28	305.16	40.27
2026-06-23T17:45:01.6977413+08:00	0x08	0.0103	-0.0019	0.7724	0.6350	101.16	0.78	0.92
2026-06-23T17:45:01.6977413+08:00	0x09	0.0764	-0.0338	-0.3802	0.9211	314.74	353.04	6.60
2026-06-23T17:45:01.6977413+08:00	0x03	0.0568	0.3439	0.5869	0.7308	71.24	36.94	341.30
2026-06-23T17:45:01.6977413+08:00	0x01	0.3211	-0.4309	0.3758	-0.7550	301.20	64.66	350.73
2026-06-23T17:45:01.6977413+08:00	0x08	0.0103	-0.0019	0.7724	0.6350	101.16	0.78	0.92
2026-06-23T17:45:01.6977413+08:00	0x06	-0.0130	-0.0334	0.4299	-0.9022	309.12	2.82	2.99
2026-06-23T17:45:01.6977413+08:00	0x09	0.0764	-0.0338	-0.3802	0.9211	314.74	353.04	6.60
2026-06-23T17:45:01.6977413+08:00	0x07	0.0731	-0.0221	0.9499	0.3030	144.93	7.23	4.95
2026-06-23T17:45:01.6977413+08:00	0x03	0.0536	0.3370	0.5886	0.7329	71.46	35.99	341.45
2026-06-23T17:45:01.6977413+08:00	0x01	0.2908	-0.4216	0.3497	-0.7845	306.45	61.20	350.71
2026-06-23T17:45:01.6977413+08:00	0x08	0.0103	-0.0019	0.7724	0.6350	101.16	0.78	0.92
2026-06-23T17:45:01.6977413+08:00	0x06	-0.0130	-0.0334	0.4299	-0.9022	309.12	2.82	2.99
2026-06-23T17:45:01.6977413+08:00	0x09	0.0764	-0.0338	-0.3802	0.9211	314.74	353.04	6.60
2026-06-23T17:45:01.6977413+08:00	0x07	0.0731	-0.0221	0.9499	0.3030	144.93	7.23	4.95
2026-06-23T17:45:01.6977413+08:00	0x03	-0.1213	0.1850	0.5026	0.8357	59.66	11.73	337.12
2026-06-23T17:45:01.6977413+08:00	0x08	0.0103	-0.0019	0.7724	0.6350	101.16	0.78	0.92
2026-06-23T17:45:01.6977413+08:00	0x01	0.2917	-0.4219	0.3505	-0.7836	306.29	61.30	350.71
2026-06-23T17:45:01.6977413+08:00	0x06	-0.0129	-0.0334	0.4299	-0.9022	309.12	2.82	2.98
2026-06-23T17:45:01.6977413+08:00	0x07	0.0731	-0.0221	0.9499	0.3030	144.93	7.23	4.95
2026-06-23T17:45:01.6977413+08:00	0x09	0.0764	-0.0338	-0.3802	0.9211	314.74	353.04	6.60
2026-06-23T17:45:01.6977413+08:00	0x01	0.0605	-0.1806	0.3427	-0.9199	319.28	21.95	0.71
2026-06-23T17:45:01.6977413+08:00	0x08	0.0103	-0.0019	0.7724	0.6350	101.16	0.78	0.92
2026-06-23T17:45:01.6977413+08:00	0x06	-0.0130	-0.0334	0.4299	-0.9022	309.12	2.82	2.99
2026-06-23T17:45:01.6977413+08:00	0x07	0.0730	-0.0221	0.9499	0.3030	144.93	7.23	4.95
2026-06-23T17:45:01.6977413+08:00	0x09	0.0764	-0.0338	-0.3802	0.9211	314.74	353.04	6.60
2026-06-23T17:45:01.6977413+08:00	0x01	0.0049	-0.0705	0.4344	-0.8980	308.57	7.53	3.01
2026-06-23T17:45:01.6977413+08:00	0x04	-0.3121	0.4276	-0.1461	-0.8357	358.30	305.18	40.29
2026-06-23T17:45:01.6977413+08:00	0x06	-0.0130	-0.0334	0.4299	-0.9022	309.12	2.82	2.99
2026-06-23T17:45:01.6977413+08:00	0x07	0.0730	-0.0221	0.9499	0.3030	144.93	7.23	4.95
2026-06-23T17:45:01.6977413+08:00	0x03	-0.1162	0.1898	0.5057	0.8335	59.99	12.45	337.31
2026-06-23T17:45:01.6977413+08:00	0x01	-0.0417	-0.0691	0.4417	-0.8935	307.74	5.02	7.80
2026-06-23T17:45:01.6977413+08:00	0x08	0.0103	-0.0019	0.7724	0.6350	101.16	0.78	0.92
2026-06-23T17:45:01.6977413+08:00	0x06	-0.0130	-0.0334	0.4299	-0.9022	309.12	2.82	2.99
2026-06-23T17:45:01.6977413+08:00	0x07	0.0731	-0.0221	0.9499	0.3030	144.93	7.23	4.95
2026-06-23T17:45:01.6977413+08:00	0x09	0.0764	-0.0338	-0.3802	0.9211	314.74	353.04	6.60
2026-06-23T17:45:01.6977413+08:00	0x03	-0.3066	0.0281	0.4854	0.8183	66.32	342.75	328.06
2026-06-23T17:45:01.6977413+08:00	0x04	-0.1195	-0.5187	0.2745	-0.8008	338.96	60.48	28.44
2026-06-23T17:45:01.6977413+08:00	0x01	-0.0617	-0.0678	0.4792	-0.8729	302.76	3.45	9.95
2026-06-23T17:45:01.6977413+08:00	0x08	0.0103	-0.0019	0.7724	0.6350	101.16	0.78	0.92
2026-06-23T17:45:01.7075656+08:00	0x06	-0.0130	-0.0334	0.4299	-0.9022	309.12	2.82	2.99
2026-06-23T17:45:01.9114088+08:00	0x07	0.0730	-0.0221	0.9499	0.3030	144.93	7.23	4.95
2026-06-23T17:45:01.9114088+08:00	0x09	0.0764	-0.0338	-0.3802	0.9211	314.74	353.04	6.60
2026-06-23T17:45:02.0074548+08:00	0x03	-0.3238	0.0358	0.5014	0.8015	69.79	341.25	326.29
2026-06-23T17:45:02.0372698+08:00	0x01	-0.0597	-0.0707	0.4870	-0.8685	301.76	3.76	9.94
2026-06-23T17:45:02.1050894+08:00	0x08	0.0103	-0.0019	0.7724	0.6350	101.16	0.78	0.92
2026-06-23T17:45:02.1872407+08:00	0x06	-0.0130	-0.0334	0.4299	-0.9022	309.12	2.82	2.99
2026-06-23T17:45:02.4540260+08:00	0x07	0.0731	-0.0221	0.9499	0.3030	144.93	7.23	4.95
2026-06-23T17:45:02.4887011+08:00	0x03	-0.3242	0.0340	0.5073	0.7977	70.75	340.77	326.51
2026-06-23T17:45:02.5812408+08:00	0x04	-0.1994	-0.5261	0.3847	-0.7317	330.52	59.25	44.16
2026-06-23T17:45:02.5936665+08:00	0x01	-0.0629	-0.0675	0.4975	-0.8625	300.32	3.14	10.11
2026-06-23T17:45:02.6713952+08:00	0x08	0.0103	-0.0019	0.7724	0.6350	101.16	0.78	0.92
2026-06-23T17:45:02.7582901+08:00	0x06	-0.0129	-0.0334	0.4299	-0.9022	309.12	2.82	2.98
2026-06-23T17:45:02.9371697+08:00	0x07	0.0731	-0.0221	0.9499	0.3030	144.93	7.23	4.95
2026-06-23T17:45:03.0225385+08:00	0x03	-0.3269	0.0320	0.5144	0.7922	72.06	339.99	326.58
2026-06-23T17:45:03.0959800+08:00	0x01	-0.0651	-0.0692	0.5061	-0.8572	299.17	3.07	10.47
2026-06-23T17:45:03.2547660+08:00	0x08	0.0103	-0.0019	0.7724	0.6350	101.16	0.78	0.92
2026-06-23T17:45:03.3208297+08:00	0x02	0.3505	0.1500	0.8929	-0.2395	201.00	38.00	334.17
2026-06-23T17:45:03.4735149+08:00	0x07	0.0731	-0.0221	0.9499	0.3030	144.93	7.23	4.95
2026-06-23T17:45:03.6214603+08:00	0x03	-0.3321	0.0339	0.5174	0.7880	72.89	339.53	326.05
2026-06-23T17:45:03.6753293+08:00	0x01	-0.0713	-0.0713	0.5120	-0.8531	298.34	2.84	11.22
2026-06-23T17:45:03.7714093+08:00	0x08	0.0103	-0.0019	0.7724	0.6350	101.16	0.78	0.92
2026-06-23T17:45:03.9552144+08:00	0x06	-0.0130	-0.0334	0.4299	-0.9022	309.12	2.82	2.99
2026-06-23T17:45:04.0709040+08:00	0x07	0.0730	-0.0221	0.9499	0.3030	144.93	7.23	4.95
2026-06-23T17:45:04.1705671+08:00	0x03	-0.3399	0.0353	0.5164	0.7852	73.33	338.91	325.23
2026-06-23T17:45:04.2548284+08:00	0x01	-0.0913	-0.0724	0.5149	-0.8493	297.75	1.71	13.27
2026-06-23T17:45:04.3373263+08:00	0x08	0.0103	-0.0019	0.7724	0.6350	101.16	0.78	0.92
2026-06-23T17:45:04.4302328+08:00	0x06	-0.0129	-0.0334	0.4299	-0.9022	309.12	2.82	2.99
2026-06-23T17:45:04.5641943+08:00	0x07	0.0730	-0.0221	0.9499	0.3030	144.93	7.23	4.95
2026-06-23T17:45:04.6263907+08:00	0x09	0.0764	-0.0338	-0.3802	0.9211	314.74	353.04	6.60
2026-06-23T17:45:04.7553085+08:00	0x04	-0.2388	-0.5153	0.4308	-0.7013	325.18	55.54	51.17
2026-06-23T17:45:04.8047606+08:00	0x01	-0.0529	-0.1774	0.4542	-0.8715	306.98	15.67	14.67
2026-06-23T17:45:04.8633738+08:00	0x08	0.0103	-0.0019	0.7724	0.6350	101.16	0.78	0.92
2026-06-23T17:45:04.9545272+08:00	0x03	-0.3289	0.0475	0.5252	0.7834	73.67	340.82	325.58
2026-06-23T17:45:05.0555228+08:00	0x06	-0.0129	-0.0334	0.4299	-0.9022	309.12	2.82	2.99
2026-06-23T17:45:05.0887381+08:00	0x07	0.0730	-0.0221	0.9499	0.3030	144.93	7.23	4.95
2026-06-23T17:45:05.1712867+08:00	0x09	0.0764	-0.0338	-0.3802	0.9211	314.74	353.04	6.60
2026-06-23T17:45:05.3604016+08:00	0x04	-0.2735	-0.4139	0.5252	-0.6914	300.86	29.31	54.39
2026-06-23T17:45:05.4222795+08:00	0x08	0.0103	-0.0019	0.7724	0.6350	101.16	0.78	0.92
2026-06-23T17:45:05.5054944+08:00	0x01	0.1552	-0.3337	0.4268	-0.8261	305.99	43.16	1.63
2026-06-23T17:45:05.6221670+08:00	0x06	-0.0129	-0.0334	0.4299	-0.9022	309.12	2.82	2.98
2026-06-23T17:45:05.6720729+08:00	0x07	0.0730	-0.0221	0.9499	0.3030	144.93	7.23	4.95
2026-06-23T17:45:05.7045812+08:00	0x09	0.0764	-0.0338	-0.3802	0.9211	314.74	353.04	6.60
2026-06-23T17:45:05.7935294+08:00	0x04	-0.1744	0.2037	0.5247	-0.8079	292.92	329.11	3.90
2026-06-23T17:45:05.8895957+08:00	0x03	-0.0382	0.2729	0.5552	0.7848	65.89	24.47	338.72
2026-06-23T17:45:06.0049684+08:00	0x08	0.0103	-0.0019	0.7724	0.6350	101.16	0.78	0.92
2026-06-23T17:45:06.1425772+08:00	0x06	-0.0129	-0.0334	0.4299	-0.9022	309.12	2.82	2.98
2026-06-23T17:45:06.2045945+08:00	0x07	0.0730	-0.0221	0.9499	0.3030	144.93	7.23	4.95
2026-06-23T17:45:06.2886873+08:00	0x09	0.0764	-0.0338	-0.3802	0.9211	314.74	353.04	6.60
2026-06-23T17:45:06.4225562+08:00	0x03	-0.0347	0.2772	0.5565	0.7825	66.05	25.10	338.72
2026-06-23T17:45:06.4554681+08:00	0x04	-0.1738	0.3664	0.2549	-0.8778	324.62	312.52	6.80
2026-06-23T17:45:06.5234466+08:00	0x08	0.0103	-0.0019	0.7724	0.6350	101.16	0.78	0.92
2026-06-23T17:45:06.6132598+08:00	0x06	-0.0130	-0.0334	0.4299	-0.9022	309.12	2.82	2.99
2026-06-23T17:45:06.7554155+08:00	0x07	0.0730	-0.0221	0.9499	0.3030	144.93	7.23	4.95
2026-06-23T17:45:06.8226030+08:00	0x09	0.0764	-0.0338	-0.3802	0.9211	314.74	353.04	6.60
2026-06-23T17:45:06.8884416+08:00	0x04	-0.2330	-0.1744	0.3816	-0.8773	315.58	8.78	32.82
2026-06-23T17:45:07.0053159+08:00	0x01	0.0907	-0.2065	0.3423	-0.9121	318.54	26.04	358.62
2026-06-23T17:45:07.0931331+08:00	0x08	0.0103	-0.0019	0.7724	0.6350	101.16	0.78	0.92
2026-06-23T17:45:07.1980589+08:00	0x06	-0.0129	-0.0334	0.4299	-0.9022	309.12	2.82	2.99
2026-06-23T17:45:07.2549407+08:00	0x02	-0.6882	0.3159	0.6491	0.0727	203.32	260.18	329.32
2026-06-23T17:45:07.3721007+08:00	0x07	0.0731	-0.0222	0.9499	0.3030	144.93	7.23	4.96
2026-06-23T17:45:07.4717258+08:00	0x01	-0.0275	-0.1180	0.4421	-0.8887	307.94	10.81	8.81
2026-06-23T17:45:07.6623846+08:00	0x03	-0.2778	0.0690	0.4995	0.8177	65.99	348.86	328.46
2026-06-23T17:45:07.6821633+08:00	0x08	0.0103	-0.0019	0.7724	0.6350	101.16	0.78	0.92
2026-06-23T17:45:07.8067031+08:00	0x06	-0.0129	-0.0334	0.4299	-0.9022	309.12	2.82	2.99
2026-06-23T17:45:07.8721495+08:00	0x07	0.0731	-0.0221	0.9499	0.3030	144.93	7.23	4.95
2026-06-23T17:45:07.9615064+08:00	0x09	0.0764	-0.0338	-0.3802	0.9211	314.74	353.04	6.60
2026-06-23T17:45:08.0710874+08:00	0x03	-0.2920	0.0754	0.5099	0.8056	68.30	347.84	326.81
2026-06-23T17:45:08.1220964+08:00	0x04	-0.2322	-0.1582	0.3794	-0.8815	315.42	6.95	31.97
2026-06-23T17:45:08.1879095+08:00	0x08	0.0103	-0.0019	0.7724	0.6350	101.16	0.78	0.92
2026-06-23T17:45:08.2724911+08:00	0x06	-0.0129	-0.0334	0.4299	-0.9022	309.12	2.82	2.99
2026-06-23T17:45:08.3150381+08:00	0x01	-0.0549	-0.1209	0.4634	-0.8761	305.25	9.47	12.02
2026-06-23T17:45:08.4673445+08:00	0x07	0.0730	-0.0221	0.9499	0.3030	144.93	7.23	4.95
2026-06-23T17:45:08.5548511+08:00	0x04	-0.2467	-0.4505	0.4225	-0.7468	321.90	44.52	48.51
2026-06-23T17:45:08.5896139+08:00	0x01	-0.0708	-0.1234	0.4724	-0.8698	304.06	8.76	13.87
2026-06-23T17:45:08.6413649+08:00	0x03	-0.2865	0.0828	0.5203	0.8002	69.45	348.61	326.99
2026-06-23T17:45:08.7610483+08:00	0x08	0.0103	-0.0019	0.7724	0.6350	101.16	0.78	0.92
2026-06-23T17:45:08.8472932+08:00	0x06	-0.0130	-0.0334	0.4299	-0.9022	309.12	2.82	2.99
2026-06-23T17:45:09.0269885+08:00	0x09	0.0764	-0.0338	-0.3802	0.9211	314.74	353.04	6.60
2026-06-23T17:45:09.0722789+08:00	0x04	-0.2537	-0.4492	0.4391	-0.7356	319.28	43.13	50.15
2026-06-23T17:45:09.1062269+08:00	0x03	-0.2832	0.0803	0.5282	0.7965	70.52	348.29	327.59
2026-06-23T17:45:09.1561730+08:00	0x01	-0.0496	-0.1222	0.4905	-0.8614	301.67	9.52	11.84
2026-06-23T17:45:09.2893042+08:00	0x08	0.0103	-0.0019	0.7724	0.6350	101.16	0.78	0.92
2026-06-23T17:45:09.3732522+08:00	0x06	-0.0130	-0.0334	0.4299	-0.9022	309.12	2.82	2.99
2026-06-23T17:45:09.5451913+08:00	0x07	0.0731	-0.0221	0.9499	0.3030	144.93	7.23	4.95
2026-06-23T17:45:09.5631415+08:00	0x09	0.0763	-0.0338	-0.3802	0.9211	314.74	353.04	6.60
2026-06-23T17:45:09.6622672+08:00	0x04	-0.2668	-0.4483	0.4620	-0.7172	315.48	41.02	52.84
2026-06-23T17:45:09.7723230+08:00	0x01	-0.0524	-0.1167	0.5083	-0.8516	299.23	8.55	12.00
2026-06-23T17:45:09.8376078+08:00	0x03	-0.2853	0.0760	0.5263	0.7974	70.42	347.76	327.66
2026-06-23T17:45:10.0744702+08:00	0x06	-0.0130	-0.0334	0.4299	-0.9022	309.12	2.82	2.99
2026-06-23T17:45:10.1531597+08:00	0x09	0.0763	-0.0338	-0.3802	0.9211	314.74	353.04	6.60
2026-06-23T17:45:10.2730884+08:00	0x04	-0.2782	-0.4430	0.4752	-0.7075	312.75	38.68	54.55
2026-06-23T17:45:10.4231120+08:00	0x08	0.0103	-0.0019	0.7724	0.6350	101.16	0.78	0.92
2026-06-23T17:45:10.4763963+08:00	0x06	-0.0129	-0.0334	0.4299	-0.9022	309.12	2.82	2.98
2026-06-23T17:45:10.5063143+08:00	0x03	-0.2869	0.0762	0.5314	0.7934	71.30	347.41	327.57
2026-06-23T17:45:10.6892641+08:00	0x07	0.0731	-0.0221	0.9499	0.3030	144.93	7.23	4.95
2026-06-23T17:45:10.7055979+08:00	0x09	0.0763	-0.0338	-0.3802	0.9211	314.74	353.04	6.60
2026-06-23T17:45:10.7399231+08:00	0x04	-0.2846	-0.4365	0.4828	-0.7038	310.76	36.61	55.30
2026-06-23T17:45:10.7901231+08:00	0x03	-0.2908	0.0752	0.5348	0.7898	72.10	346.79	327.33
2026-06-23T17:45:10.8938372+08:00	0x01	-0.0464	-0.1215	0.5356	-0.8344	295.55	9.00	11.98
2026-06-23T17:45:11.0398213+08:00	0x06	-0.0129	-0.0334	0.4299	-0.9022	309.12	2.82	2.98
2026-06-23T17:45:11.1900301+08:00	0x07	0.0731	-0.0221	0.9499	0.3030	144.93	7.23	4.95
2026-06-23T17:45:11.3064039+08:00	0x04	-0.2948	-0.4336	0.4903	-0.6962	308.97	34.95	56.69
2026-06-23T17:45:11.3614642+08:00	0x01	-0.0546	-0.1195	0.5355	-0.8343	295.53	8.30	12.65
2026-06-23T17:45:11.4242238+08:00	0x08	0.0103	-0.0019	0.7724	0.6350	101.16	0.78	0.92
2026-06-23T17:45:11.6066725+08:00	0x06	-0.0129	-0.0334	0.4299	-0.9022	309.12	2.82	2.98
2026-06-23T17:45:11.7222784+08:00	0x07	0.0731	-0.0221	0.9499	0.3030	144.93	7.23	4.95
2026-06-23T17:45:11.8123007+08:00	0x09	0.0764	-0.0338	-0.3802	0.9211	314.74	353.04	6.60
2026-06-23T17:45:11.8422075+08:00	0x04	-0.2992	-0.4316	0.4952	-0.6921	307.74	33.89	57.31
2026-06-23T17:45:11.9141396+08:00	0x01	-0.0581	-0.1212	0.5362	-0.8333	295.43	8.25	13.11
2026-06-23T17:45:11.9141396+08:00	0x03	-0.2986	0.0771	0.5359	0.7859	72.75	346.20	326.49
2026-06-23T17:45:12.0911888+08:00	0x08	0.0103	-0.0019	0.7724	0.6350	101.16	0.78	0.92
2026-06-23T17:45:12.1559207+08:00	0x02	-0.6499	0.2313	0.7211	0.0651	193.16	273.05	335.28
2026-06-23T17:45:15.1894260+08:00	0x04	-0.3039	-0.4306	0.4979	-0.6887	306.99	33.17	57.93
2026-06-23T17:45:15.1894260+08:00	0x07	0.0731	-0.0221	0.9499	0.3030	144.93	7.23	4.95
2026-06-23T17:45:15.1894260+08:00	0x09	0.0764	-0.0338	-0.3802	0.9211	314.74	353.04	6.60
2026-06-23T17:45:15.1894260+08:00	0x01	-0.0545	-0.1206	0.5375	-0.8328	295.26	8.38	12.74
2026-06-23T17:45:15.1894260+08:00	0x08	0.0103	-0.0018	0.7724	0.6350	101.16	0.78	0.91
2026-06-23T17:45:15.1904124+08:00	0x03	-0.3014	0.0776	0.5363	0.7846	72.99	345.96	326.21
2026-06-23T17:45:15.1904124+08:00	0x07	0.0731	-0.0221	0.9499	0.3030	144.93	7.23	4.95
2026-06-23T17:45:15.1904124+08:00	0x04	-0.3110	-0.4319	0.4976	-0.6849	307.01	33.05	58.85
2026-06-23T17:45:15.1904124+08:00	0x01	-0.0586	-0.1184	0.5421	-0.8299	294.59	7.85	13.04
2026-06-23T17:45:15.1904124+08:00	0x03	-0.3014	0.0776	0.5363	0.7846	72.99	345.96	326.21
2026-06-23T17:45:15.1904124+08:00	0x08	0.0103	-0.0018	0.7724	0.6350	101.16	0.78	0.91
2026-06-23T17:45:15.1904124+08:00	0x06	-0.0129	-0.0334	0.4299	-0.9022	309.12	2.82	2.98
2026-06-23T17:45:15.1904124+08:00	0x07	0.0731	-0.0221	0.9499	0.3030	144.93	7.23	4.95
2026-06-23T17:45:15.1904124+08:00	0x04	-0.3164	-0.4329	0.4980	-0.6816	306.87	32.89	59.59
2026-06-23T17:45:15.1904124+08:00	0x01	-0.0649	-0.1179	0.5418	-0.8297	294.59	7.41	13.62
2026-06-23T17:45:15.1904124+08:00	0x03	-0.3014	0.0776	0.5363	0.7846	72.99	345.96	326.21
2026-06-23T17:45:15.1904124+08:00	0x06	-0.0129	-0.0334	0.4299	-0.9022	309.12	2.82	2.98
2026-06-23T17:45:15.1904124+08:00	0x08	0.0103	-0.0018	0.7724	0.6350	101.16	0.78	0.91
2026-06-23T17:45:15.1904124+08:00	0x04	-0.3209	-0.4278	0.4997	-0.6815	305.95	31.50	59.86
2026-06-23T17:45:15.1904124+08:00	0x09	0.0764	-0.0338	-0.3802	0.9211	314.74	353.04	6.60
2026-06-23T17:45:15.1904124+08:00	0x01	-0.0665	-0.1220	0.5393	-0.8306	294.96	7.75	14.01
2026-06-23T17:45:15.1904124+08:00	0x06	-0.0130	-0.0334	0.4299	-0.9022	309.12	2.82	2.99
2026-06-23T17:45:15.1904124+08:00	0x07	0.0731	-0.0221	0.9499	0.3030	144.93	7.23	4.95
2026-06-23T17:45:15.1904124+08:00	0x09	0.0764	-0.0338	-0.3802	0.9211	314.74	353.04	6.60
2026-06-23T17:45:15.1904124+08:00	0x01	-0.0746	-0.1249	0.5463	-0.8248	293.94	7.40	15.05
2026-06-23T17:45:15.1904124+08:00	0x03	-0.3239	0.0834	0.5389	0.7731	74.97	344.17	323.80
2026-06-23T17:45:15.1904124+08:00	0x06	-0.0130	-0.0334	0.4299	-0.9022	309.12	2.82	2.99
2026-06-23T17:45:15.1904124+08:00	0x07	0.0731	-0.0221	0.9499	0.3030	144.93	7.23	4.95
2026-06-23T17:45:15.1904124+08:00	0x04	-0.3321	-0.4250	0.4955	-0.6809	306.31	30.83	60.86
2026-06-23T17:45:15.1904124+08:00	0x09	0.0764	-0.0338	-0.3802	0.9211	314.74	353.04	6.60
2026-06-23T17:45:15.1904124+08:00	0x08	0.0103	-0.0019	0.7724	0.6350	101.16	0.78	0.92
2026-06-23T17:45:15.2456394+08:00	0x03	-0.3277	0.0874	0.5429	0.7683	75.86	343.96	323.25
2026-06-23T17:45:15.3749865+08:00	0x06	-0.0130	-0.0334	0.4299	-0.9022	309.12	2.82	2.99
2026-06-23T17:45:15.5243446+08:00	0x07	0.0731	-0.0221	0.9499	0.3030	144.93	7.23	4.95
2026-06-23T17:45:15.6246912+08:00	0x09	0.0764	-0.0338	-0.3802	0.9211	314.74	353.04	6.60
2026-06-23T17:45:15.7405422+08:00	0x08	0.0103	-0.0018	0.7724	0.6350	101.16	0.78	0.91
2026-06-23T17:45:15.7739295+08:00	0x01	-0.0678	-0.1599	0.5342	-0.8273	295.97	11.56	16.44
2026-06-23T17:45:15.8252952+08:00	0x03	-0.3301	0.0755	0.5396	0.7708	75.67	342.72	323.82
2026-06-23T17:45:15.9242230+08:00	0x06	-0.0130	-0.0334	0.4299	-0.9022	309.12	2.82	2.99
2026-06-23T17:45:16.1251036+08:00	0x07	0.0731	-0.0222	0.9499	0.3030	144.93	7.23	4.96
2026-06-23T17:45:16.1771622+08:00	0x04	-0.4489	-0.2548	0.4248	-0.7437	300.35	359.70	62.15
2026-06-23T17:45:16.2584002+08:00	0x08	0.0103	-0.0018	0.7724	0.6350	101.16	0.78	0.91
2026-06-23T17:45:16.3742165+08:00	0x03	-0.3118	0.0612	0.5283	0.7874	72.69	343.73	326.25
2026-06-23T17:45:16.4416963+08:00	0x06	-0.0129	-0.0334	0.4299	-0.9022	309.12	2.82	2.98
2026-06-23T17:45:19.0218369+08:00	0x07	0.0731	-0.0222	0.9499	0.3030	144.93	7.23	4.96
2026-06-23T17:45:19.0218369+08:00	0x09	0.0763	-0.0338	-0.3802	0.9211	314.74	353.04	6.60
2026-06-23T17:45:19.0218369+08:00	0x08	0.0103	-0.0018	0.7724	0.6350	101.16	0.78	0.91
2026-06-23T17:45:19.0218369+08:00	0x01	-0.0585	-0.1008	0.5567	-0.8225	292.44	5.91	12.03
2026-06-23T17:45:19.0218369+08:00	0x03	-0.3144	0.0384	0.5289	0.7874	73.29	341.20	327.61
2026-06-23T17:45:19.0218369+08:00	0x06	-0.0129	-0.0334	0.4299	-0.9022	309.12	2.82	2.98
2026-06-23T17:45:19.0218369+08:00	0x07	0.0731	-0.0221	0.9499	0.3030	144.93	7.23	4.95
2026-06-23T17:45:19.0224473+08:00	0x09	0.0764	-0.0338	-0.3802	0.9211	314.74	353.04	6.60
2026-06-23T17:45:19.0224575+08:00	0x04	-0.4689	-0.3644	0.4146	-0.6895	313.27	21.10	71.59
2026-06-23T17:45:19.0224575+08:00	0x01	-0.0687	-0.0876	0.5996	-0.7925	286.14	3.31	12.36
2026-06-23T17:45:19.0224575+08:00	0x03	-0.3324	0.0089	0.5915	0.7345	84.76	333.98	330.07
2026-06-23T17:45:19.0224575+08:00	0x06	-0.0130	-0.0334	0.4299	-0.9022	309.12	2.82	2.99
2026-06-23T17:45:19.0224575+08:00	0x07	0.0731	-0.0222	0.9499	0.3030	144.93	7.23	4.96
2026-06-23T17:45:19.0224575+08:00	0x09	0.0763	-0.0338	-0.3802	0.9211	314.74	353.04	6.60
2026-06-23T17:45:19.0224575+08:00	0x01	-0.0783	-0.0748	0.6154	-0.7808	283.64	1.21	12.37
2026-06-23T17:45:19.0224575+08:00	0x03	-0.3415	-0.0057	0.6032	0.7207	87.45	331.27	330.96
2026-06-23T17:45:19.0224575+08:00	0x06	-0.0129	-0.0334	0.4299	-0.9022	309.12	2.82	2.98
2026-06-23T17:45:19.0224575+08:00	0x07	0.0731	-0.0222	0.9499	0.3030	144.93	7.23	4.96
2026-06-23T17:45:19.0224575+08:00	0x04	-0.5123	-0.3804	0.4435	-0.6295	295.87	7.50	79.20
2026-06-23T17:45:19.0224575+08:00	0x08	0.0103	-0.0019	0.7724	0.6350	101.16	0.78	0.92
2026-06-23T17:45:19.0224575+08:00	0x01	-0.0829	-0.0733	0.6171	-0.7791	283.32	0.70	12.68
2026-06-23T17:45:19.0224575+08:00	0x03	-0.3494	-0.0202	0.6083	0.7124	88.97	328.99	331.76
2026-06-23T17:45:19.0224575+08:00	0x06	-0.0130	-0.0334	0.4299	-0.9022	309.12	2.82	2.99
2026-06-23T17:45:19.0224575+08:00	0x07	0.0731	-0.0222	0.9499	0.3030	144.93	7.23	4.96
2026-06-23T17:45:19.0224575+08:00	0x04	-0.5229	-0.3691	0.4577	-0.6172	280.84	352.74	79.50
2026-06-23T17:45:19.0224575+08:00	0x01	-0.0849	-0.0728	0.6242	-0.7732	282.22	0.38	12.83
2026-06-23T17:45:19.0710514+08:00	0x03	-0.3494	-0.0237	0.6149	0.7066	90.03	328.46	332.31
2026-06-23T17:45:19.1426889+08:00	0x06	-0.0130	-0.0334	0.4299	-0.9022	309.12	2.82	2.99
2026-06-23T17:45:19.3475683+08:00	0x07	0.0731	-0.0222	0.9499	0.3030	144.93	7.23	4.96
2026-06-23T17:45:19.4412063+08:00	0x09	0.0763	-0.0338	-0.3802	0.9211	314.74	353.04	6.60
2026-06-23T17:45:19.4979383+08:00	0x01	-0.0853	-0.0733	0.6296	-0.7687	281.40	0.31	12.91
2026-06-23T17:45:19.5960337+08:00	0x08	0.0103	-0.0019	0.7724	0.6350	101.16	0.78	0.92
2026-06-23T17:45:19.6455331+08:00	0x03	-0.3488	-0.0258	0.6188	0.7034	90.58	328.23	332.69
2026-06-23T17:45:19.6735526+08:00	0x06	-0.0130	-0.0334	0.4299	-0.9022	309.12	2.82	2.99
2026-06-23T17:45:19.8914564+08:00	0x07	0.0731	-0.0222	0.9499	0.3030	144.93	7.23	4.96
2026-06-23T17:45:20.0123839+08:00	0x04	-0.5315	-0.3388	0.4807	-0.6096	263.13	334.50	76.85
2026-06-23T17:45:20.0615468+08:00	0x09	0.0764	-0.0338	-0.3802	0.9211	314.74	353.04	6.60
2026-06-23T17:45:20.1255369+08:00	0x03	-0.3465	-0.0201	0.6210	0.7028	90.74	328.86	332.48
2026-06-23T17:45:20.2410140+08:00	0x06	-0.0130	-0.0334	0.4299	-0.9022	309.12	2.82	2.99
2026-06-23T17:45:20.4070785+08:00	0x07	0.0731	-0.0222	0.9499	0.3030	144.93	7.23	4.96
2026-06-23T17:45:20.5747116+08:00	0x04	-0.5331	-0.3353	0.4895	-0.6032	258.46	330.41	76.24
2026-06-23T17:45:20.6508545+08:00	0x03	-0.3479	-0.0230	0.6215	0.7015	90.95	328.44	332.64
2026-06-23T17:45:20.8119224+08:00	0x06	-0.0129	-0.0334	0.4299	-0.9022	309.12	2.82	2.99
2026-06-23T17:45:20.9365761+08:00	0x07	0.0731	-0.0222	0.9499	0.3030	144.93	7.23	4.96
2026-06-23T17:45:21.1253778+08:00	0x04	-0.5331	-0.3354	0.4892	-0.6034	258.60	330.53	76.26
2026-06-23T17:45:21.1582913+08:00	0x08	0.0103	-0.0019	0.7724	0.6350	101.16	0.78	0.92
2026-06-23T17:45:21.1912193+08:00	0x01	-0.2857	-0.3474	0.5184	-0.7273	298.31	19.35	50.88
2026-06-23T17:45:21.2131776+08:00	0x03	-0.4590	0.2537	0.5588	0.6424	95.39	337.44	299.16
2026-06-23T17:45:21.3314468+08:00	0x06	-0.0130	-0.0334	0.4299	-0.9022	309.12	2.82	2.99
2026-06-23T17:45:21.5344387+08:00	0x07	0.0730	-0.0221	0.9499	0.3030	144.93	7.23	4.95
2026-06-23T17:45:21.6293831+08:00	0x09	0.0763	-0.0338	-0.3802	0.9211	314.74	353.04	6.60
2026-06-23T17:45:21.6747733+08:00	0x08	0.0103	-0.0019	0.7724	0.6350	101.16	0.78	0.92
2026-06-23T17:45:21.7415684+08:00	0x03	-0.5126	0.3138	0.6014	0.5264	128.62	314.13	293.49
2026-06-23T17:45:21.9035391+08:00	0x06	-0.0130	-0.0334	0.4299	-0.9022	309.12	2.82	2.99
2026-06-23T17:45:22.0002894+08:00	0x02	-0.6659	0.3343	0.6582	0.1075	201.96	262.19	324.32
2026-06-23T17:45:22.0745131+08:00	0x07	0.0730	-0.0221	0.9499	0.3030	144.93	7.23	4.95
2026-06-23T17:45:22.1155176+08:00	0x09	0.0763	-0.0338	-0.3802	0.9211	314.74	353.04	6.60
2026-06-23T17:45:22.1955119+08:00	0x04	-0.4640	-0.3005	0.5845	-0.5940	254.68	334.51	64.48
2026-06-23T17:45:22.2965843+08:00	0x03	-0.5088	0.3216	0.6040	0.5225	129.13	314.69	293.06
2026-06-23T17:45:22.3241577+08:00	0x01	-0.3275	-0.3923	0.5314	-0.6756	295.57	20.85	59.25
2026-06-23T17:45:22.5991684+08:00	0x07	0.0730	-0.0222	0.9499	0.3030	144.93	7.23	4.95
2026-06-23T17:45:22.6664883+08:00	0x09	0.0763	-0.0338	-0.3802	0.9211	314.74	353.04	6.60
2026-06-23T17:45:22.7810168+08:00	0x04	-0.4115	-0.3653	0.4947	-0.6727	295.22	12.07	66.22
2026-06-23T17:45:22.8585909+08:00	0x03	-0.5149	0.3258	0.6004	0.5180	131.23	312.54	292.40
2026-06-23T17:45:22.9913346+08:00	0x06	-0.0130	-0.0334	0.4299	-0.9022	309.12	2.82	2.99
2026-06-23T17:45:23.1918728+08:00	0x07	0.0730	-0.0222	0.9499	0.3030	144.93	7.23	4.95
2026-06-23T17:45:23.2424036+08:00	0x09	0.0763	-0.0338	-0.3802	0.9211	314.74	353.04	6.60
2026-06-23T17:45:23.3089344+08:00	0x01	-0.3377	-0.3907	0.5327	-0.6704	294.40	19.37	60.35
2026-06-23T17:45:23.4253585+08:00	0x03	-0.5137	0.3317	0.5973	0.5190	130.83	313.12	291.66
2026-06-23T17:45:23.7251575+08:00	0x07	0.0730	-0.0221	0.9499	0.3030	144.93	7.23	4.95
2026-06-23T17:45:23.7754801+08:00	0x09	0.0763	-0.0338	-0.3802	0.9211	314.74	353.04	6.60
2026-06-23T17:45:23.8589913+08:00	0x04	-0.3530	-0.4170	0.3814	-0.7457	329.18	41.19	57.62
2026-06-23T17:45:23.9425618+08:00	0x03	-0.5063	0.3397	0.5994	0.5187	129.76	315.23	291.19
2026-06-23T17:45:23.9917534+08:00	0x06	-0.0130	-0.0334	0.4299	-0.9022	309.12	2.82	2.99
2026-06-23T17:45:24.2681817+08:00	0x07	0.0730	-0.0221	0.9499	0.3030	144.93	7.23	4.95
2026-06-23T17:45:24.3113623+08:00	0x09	0.0763	-0.0338	-0.3802	0.9211	314.74	353.04	6.60
2026-06-23T17:45:24.4449872+08:00	0x08	0.0103	-0.0019	0.7724	0.6350	101.16	0.78	0.92
2026-06-23T17:45:24.4964877+08:00	0x03	-0.5058	0.3421	0.6004	0.5164	130.32	315.03	291.07
2026-06-23T17:45:24.8092597+08:00	0x07	0.0730	-0.0221	0.9499	0.3030	144.93	7.23	4.95
2026-06-23T17:45:24.9491528+08:00	0x04	-0.3266	-0.4505	0.3046	-0.7730	343.61	52.58	51.20
2026-06-23T17:45:25.0925462+08:00	0x01	-0.3288	-0.3979	0.5330	-0.6705	295.47	21.41	59.88
2026-06-23T17:45:25.3925802+08:00	0x07	0.0730	-0.0221	0.9499	0.3030	144.93	7.23	4.95
2026-06-23T17:45:25.5252650+08:00	0x04	-0.3094	-0.4671	0.2782	-0.7802	347.49	56.24	47.96
2026-06-23T17:45:25.5633459+08:00	0x09	0.0764	-0.0338	-0.3802	0.9211	314.74	353.04	6.60
2026-06-23T17:45:25.6433018+08:00	0x06	-0.0130	-0.0334	0.4299	-0.9022	309.12	2.82	2.99
2026-06-23T17:45:25.8755151+08:00	0x07	0.0730	-0.0221	0.9499	0.3030	144.93	7.23	4.95
2026-06-23T17:45:25.9301616+08:00	0x09	0.0764	-0.0338	-0.3802	0.9211	314.74	353.04	6.60
2026-06-23T17:45:26.0644253+08:00	0x01	-0.3266	-0.4000	0.5334	-0.6700	295.66	21.91	59.80
2026-06-23T17:45:26.1432132+08:00	0x03	-0.5097	0.3361	0.6022	0.5144	131.50	313.49	291.70
2026-06-23T17:45:26.2257204+08:00	0x06	-0.0130	-0.0334	0.4299	-0.9022	309.12	2.82	2.99
2026-06-23T17:45:26.4202399+08:00	0x07	0.0730	-0.0221	0.9499	0.3030	144.93	7.23	4.95
2026-06-23T17:45:26.4764007+08:00	0x09	0.0764	-0.0338	-0.3802	0.9211	314.74	353.04	6.60
2026-06-23T17:45:26.5711507+08:00	0x08	0.0103	-0.0019	0.7724	0.6350	101.16	0.78	0.92
2026-06-23T17:45:26.7423484+08:00	0x03	-0.5075	0.3393	0.6020	0.5147	131.07	314.21	291.42
2026-06-23T17:45:26.9091975+08:00	0x02	-0.6394	-0.0832	0.7537	-0.1270	185.10	280.13	16.73
2026-06-23T17:45:27.0093422+08:00	0x09	0.0764	-0.0338	-0.3802	0.9211	314.74	353.04	6.60
2026-06-23T17:45:27.0801534+08:00	0x07	0.0731	-0.0221	0.9499	0.3030	144.93	7.23	4.95
2026-06-23T17:45:27.1593883+08:00	0x01	-0.3237	-0.4016	0.5309	-0.6724	296.55	22.77	59.51
2026-06-23T17:45:27.2783245+08:00	0x03	-0.5062	0.3417	0.6015	0.5149	130.82	314.64	291.18
2026-06-23T17:45:27.3258368+08:00	0x06	-0.0130	-0.0334	0.4299	-0.9022	309.12	2.82	2.99
2026-06-23T17:45:27.5421790+08:00	0x07	0.0731	-0.0222	0.9499	0.3030	144.93	7.23	4.96
2026-06-23T17:45:27.5930516+08:00	0x09	0.0764	-0.0338	-0.3802	0.9211	314.74	353.04	6.60
2026-06-23T17:45:27.7051780+08:00	0x04	-0.2907	-0.4709	0.2368	-0.7985	351.73	57.76	43.41
2026-06-23T17:45:27.7662338+08:00	0x01	-0.3209	-0.4054	0.5294	-0.6726	297.31	23.83	59.42
2026-06-23T17:45:27.8101145+08:00	0x03	-0.5041	0.3453	0.6021	0.5139	130.74	315.15	290.94
2026-06-23T17:45:27.8927465+08:00	0x06	-0.0130	-0.0334	0.4299	-0.9022	309.12	2.82	2.99
2026-06-23T17:45:28.0878175+08:00	0x07	0.0731	-0.0222	0.9499	0.3030	144.93	7.23	4.96
2026-06-23T17:45:28.1262973+08:00	0x09	0.0764	-0.0338	-0.3802	0.9211	314.74	353.04	6.60
2026-06-23T17:45:28.2261647+08:00	0x08	0.0103	-0.0019	0.7724	0.6350	101.16	0.78	0.92
2026-06-23T17:45:28.2600323+08:00	0x01	-0.3254	-0.4035	0.5257	-0.6745	297.81	23.61	59.68
2026-06-23T17:45:28.3434152+08:00	0x03	-0.4812	0.3813	0.5874	0.5272	121.27	326.42	287.18
2026-06-23T17:45:28.6213635+08:00	0x07	0.0731	-0.0222	0.9499	0.3030	144.93	7.23	4.96
2026-06-23T17:45:28.6766277+08:00	0x09	0.0764	-0.0338	-0.3802	0.9211	314.74	353.04	6.60
2026-06-23T17:45:28.7475233+08:00	0x08	0.0103	-0.0019	0.7724	0.6350	101.16	0.78	0.92
2026-06-23T17:45:28.8595487+08:00	0x04	-0.3531	-0.4098	0.2724	-0.7958	346.54	47.94	51.74
2026-06-23T17:45:28.9985271+08:00	0x06	-0.0130	-0.0334	0.4299	-0.9022	309.12	2.82	2.99
2026-06-23T17:45:32.0157291+08:00	0x07	0.0731	-0.0222	0.9499	0.3030	144.93	7.23	4.96
2026-06-23T17:45:32.0157291+08:00	0x09	0.0764	-0.0338	-0.3802	0.9211	314.74	353.04	6.60
2026-06-23T17:45:32.0157291+08:00	0x08	0.0103	-0.0019	0.7724	0.6350	101.16	0.78	0.92
2026-06-23T17:45:32.0157291+08:00	0x03	-0.4692	0.3919	0.5804	0.5380	113.94	334.04	286.31
2026-06-23T17:45:32.0157291+08:00	0x07	0.0731	-0.0221	0.9499	0.3030	144.93	7.23	4.95
2026-06-23T17:45:32.0157291+08:00	0x09	0.0764	-0.0338	-0.3802	0.9211	314.74	353.04	6.60
2026-06-23T17:45:32.0157291+08:00	0x01	-0.3181	-0.4118	0.5439	-0.6583	294.39	23.16	60.09
2026-06-23T17:45:32.0157291+08:00	0x03	-0.4685	0.3902	0.5825	0.5375	114.30	333.77	286.61
2026-06-23T17:45:32.0157291+08:00	0x07	0.0731	-0.0221	0.9499	0.3030	144.93	7.23	4.95
2026-06-23T17:45:32.0157291+08:00	0x09	0.0764	-0.0338	-0.3802	0.9211	314.74	353.04	6.60
2026-06-23T17:45:32.0157291+08:00	0x01	-0.3137	-0.4148	0.5408	-0.6611	295.63	24.49	59.71
2026-06-23T17:45:32.0157291+08:00	0x03	-0.4684	0.3904	0.5827	0.5372	114.37	333.75	286.61
2026-06-23T17:45:32.0157291+08:00	0x02	-0.6340	-0.0411	0.7691	-0.0698	183.20	281.25	8.73
2026-06-23T17:45:32.0157291+08:00	0x08	0.0103	-0.0019	0.7724	0.6350	101.16	0.78	0.92
2026-06-23T17:45:32.0157291+08:00	0x09	0.0763	-0.0338	-0.3802	0.9211	314.74	353.04	6.60
2026-06-23T17:45:32.0157291+08:00	0x04	-0.2855	-0.4572	0.1716	-0.8246	358.38	57.44	38.89
2026-06-23T17:45:32.0157291+08:00	0x03	-0.4676	0.3908	0.5830	0.5373	114.17	334.03	286.62
2026-06-23T17:45:32.0157291+08:00	0x06	-0.0130	-0.0334	0.4299	-0.9022	309.12	2.82	2.99
2026-06-23T17:45:32.0157291+08:00	0x07	0.0731	-0.0221	0.9499	0.3030	144.93	7.23	4.95
2026-06-23T17:45:32.0157291+08:00	0x04	-0.2777	-0.4604	0.1645	-0.8270	358.82	57.80	37.64
2026-06-23T17:45:32.0167265+08:00	0x03	-0.4665	0.3922	0.5807	0.5397	112.80	335.28	286.44
2026-06-23T17:45:32.0167265+08:00	0x06	-0.0129	-0.0334	0.4299	-0.9022	309.12	2.82	2.99
2026-06-23T17:45:32.0167265+08:00	0x08	0.0103	-0.0019	0.7724	0.6350	101.16	0.78	0.92
2026-06-23T17:45:32.0690471+08:00	0x01	-0.3089	-0.4185	0.5365	-0.6645	297.19	26.10	59.27
2026-06-23T17:45:32.1621034+08:00	0x03	-0.4657	0.3939	0.5812	0.5386	112.88	335.43	286.35
2026-06-23T17:45:32.3113254+08:00	0x06	-0.0129	-0.0334	0.4299	-0.9022	309.12	2.82	2.98
2026-06-23T17:45:32.4667535+08:00	0x07	0.0731	-0.0221	0.9499	0.3030	144.93	7.23	4.95
2026-06-23T17:45:32.5447744+08:00	0x08	0.0103	-0.0019	0.7724	0.6350	101.16	0.78	0.92
2026-06-23T17:45:32.5941387+08:00	0x09	0.0763	-0.0338	-0.3802	0.9211	314.74	353.04	6.60
2026-06-23T17:45:32.7122016+08:00	0x03	-0.4643	0.3941	0.5824	0.5385	112.72	335.76	286.46
2026-06-23T17:45:32.9009688+08:00	0x06	-0.0129	-0.0334	0.4299	-0.9022	309.12	2.82	2.98
2026-06-23T17:45:33.0003941+08:00	0x07	0.0731	-0.0221	0.9499	0.3030	144.93	7.23	4.95
2026-06-23T17:45:33.1322474+08:00	0x04	-0.2849	-0.4625	0.1579	-0.8246	0.23	58.65	38.02
2026-06-23T17:45:33.1502616+08:00	0x01	-0.3068	-0.4201	0.5364	-0.6646	297.43	26.55	59.15
2026-06-23T17:45:33.2432920+08:00	0x03	-0.4623	0.3960	0.5822	0.5390	111.95	336.71	286.37
2026-06-23T17:45:33.4103616+08:00	0x06	-0.0129	-0.0334	0.4299	-0.9022	309.12	2.82	2.98
2026-06-23T17:45:33.5270813+08:00	0x07	0.0730	-0.0222	0.9499	0.3030	144.93	7.23	4.95
2026-06-23T17:45:33.6605252+08:00	0x09	0.0763	-0.0338	-0.3802	0.9211	314.74	353.04	6.60
2026-06-23T17:45:33.7692907+08:00	0x03	-0.4630	0.3945	0.5819	0.5398	111.96	336.51	286.47
2026-06-23T17:45:33.9935788+08:00	0x06	-0.0129	-0.0334	0.4299	-0.9022	309.12	2.82	2.98
2026-06-23T17:45:34.0785882+08:00	0x07	0.0730	-0.0222	0.9499	0.3030	144.93	7.23	4.95
2026-06-23T17:45:34.2293754+08:00	0x04	-0.2843	-0.4641	0.1536	-0.8247	0.76	58.99	37.70
2026-06-23T17:45:34.2622470+08:00	0x01	-0.3043	-0.4221	0.5364	-0.6644	297.68	27.07	59.01
2026-06-23T17:45:34.3109794+08:00	0x03	-0.4617	0.3959	0.5821	0.5397	111.59	337.05	286.42
2026-06-23T17:45:34.4501595+08:00	0x06	-0.0129	-0.0334	0.4299	-0.9022	309.12	2.82	2.98
2026-06-23T17:45:37.0618032+08:00	0x07	0.0730	-0.0222	0.9499	0.3030	144.93	7.23	4.95
2026-06-23T17:45:37.0618032+08:00	0x09	0.0763	-0.0338	-0.3802	0.9211	314.74	353.04	6.60
2026-06-23T17:45:37.0618032+08:00	0x01	-0.3027	-0.4242	0.5373	-0.6632	297.71	27.45	59.01
2026-06-23T17:45:37.0618032+08:00	0x03	-0.4592	0.3970	0.5835	0.5395	111.18	337.77	286.52
2026-06-23T17:45:37.0618032+08:00	0x06	-0.0129	-0.0334	0.4299	-0.9022	309.12	2.82	2.98
2026-06-23T17:45:37.0618032+08:00	0x04	-0.2880	-0.4621	0.1513	-0.8250	1.21	58.93	37.95
2026-06-23T17:45:37.0618032+08:00	0x07	0.0730	-0.0221	0.9499	0.3030	144.93	7.23	4.95
2026-06-23T17:45:37.0618032+08:00	0x01	-0.3036	-0.4234	0.5373	-0.6633	297.61	27.24	59.06
2026-06-23T17:45:37.0618032+08:00	0x08	0.0103	-0.0019	0.7724	0.6350	101.16	0.78	0.92
2026-06-23T17:45:37.0618032+08:00	0x06	-0.0130	-0.0334	0.4299	-0.9022	309.12	2.82	2.99
2026-06-23T17:45:37.0618032+08:00	0x04	-0.2880	-0.4621	0.1513	-0.8250	1.21	58.93	37.95
2026-06-23T17:45:37.0628011+08:00	0x02	-0.6097	-0.1177	0.7787	-0.0898	179.78	283.84	17.03
2026-06-23T17:45:37.0628011+08:00	0x09	0.0763	-0.0338	-0.3802	0.9211	314.74	353.04	6.60
2026-06-23T17:45:37.0628011+08:00	0x07	0.0731	-0.0221	0.9499	0.3030	144.93	7.23	4.95
2026-06-23T17:45:37.0628011+08:00	0x03	-0.4619	0.3952	0.5836	0.5384	112.26	336.50	286.53
2026-06-23T17:45:37.0628011+08:00	0x06	-0.0130	-0.0334	0.4299	-0.9022	309.12	2.82	2.99
2026-06-23T17:45:37.0628011+08:00	0x04	-0.2880	-0.4621	0.1513	-0.8250	1.21	58.93	37.95
2026-06-23T17:45:37.0628011+08:00	0x07	0.0730	-0.0221	0.9499	0.3030	144.93	7.23	4.95
2026-06-23T17:45:37.0628011+08:00	0x01	-0.3056	-0.4224	0.5366	-0.6635	297.60	26.99	59.19
2026-06-23T17:45:37.0628011+08:00	0x08	0.0103	-0.0019	0.7724	0.6350	101.16	0.78	0.92
2026-06-23T17:45:37.0628011+08:00	0x04	-0.2880	-0.4621	0.1513	-0.8250	1.21	58.93	37.95
2026-06-23T17:45:37.0628011+08:00	0x03	-0.4613	0.3966	0.5806	0.5411	110.83	337.71	286.31
2026-06-23T17:45:37.0628011+08:00	0x07	0.0731	-0.0221	0.9499	0.3030	144.93	7.23	4.95
2026-06-23T17:45:37.0628011+08:00	0x04	-0.2816	-0.4676	0.1455	-0.8251	1.67	59.64	36.93
2026-06-23T17:45:37.0628011+08:00	0x08	0.0103	-0.0019	0.7724	0.6350	101.16	0.78	0.92
2026-06-23T17:45:37.0628011+08:00	0x03	-0.4621	0.3942	0.5812	0.5416	111.14	337.23	286.52
2026-06-23T17:45:37.1130605+08:00	0x06	-0.0130	-0.0334	0.4299	-0.9022	309.12	2.82	2.99
2026-06-23T17:45:37.1456409+08:00	0x04	-0.2880	-0.4621	0.1513	-0.8250	1.21	58.93	37.95
2026-06-23T17:45:37.4691260+08:00	0x04	-0.2828	-0.4682	0.1462	-0.8243	1.71	59.76	37.09
2026-06-23T17:45:37.5125035+08:00	0x01	-0.3060	-0.4237	0.5357	-0.6633	297.89	27.30	59.29
2026-06-23T17:45:37.5442829+08:00	0x09	0.0763	-0.0338	-0.3802	0.9211	314.74	353.04	6.60
2026-06-23T17:45:37.6290716+08:00	0x04	-0.2880	-0.4621	0.1513	-0.8250	1.21	58.93	37.95
2026-06-23T17:45:37.7284614+08:00	0x06	-0.0130	-0.0334	0.4299	-0.9022	309.12	2.82	2.99
2026-06-23T17:45:37.9789883+08:00	0x07	0.0731	-0.0221	0.9499	0.3030	144.93	7.23	4.95
2026-06-23T17:45:38.0622718+08:00	0x08	0.0103	-0.0019	0.7724	0.6350	101.16	0.78	0.92
2026-06-23T17:45:38.0951685+08:00	0x04	-0.2880	-0.4621	0.1513	-0.8250	1.21	58.93	37.95
2026-06-23T17:45:38.1408347+08:00	0x03	-0.4636	0.3937	0.5806	0.5413	111.53	336.70	286.46
2026-06-23T17:45:38.2123566+08:00	0x09	0.0763	-0.0338	-0.3802	0.9211	314.74	353.04	6.60
2026-06-23T17:45:38.3116600+08:00	0x06	-0.0130	-0.0334	0.4299	-0.9022	309.12	2.82	2.99
2026-06-23T17:45:38.5120056+08:00	0x07	0.0731	-0.0221	0.9499	0.3030	144.93	7.23	4.95
2026-06-23T17:45:38.5957708+08:00	0x08	0.0103	-0.0019	0.7724	0.6350	101.16	0.78	0.92
2026-06-23T17:45:38.6455598+08:00	0x04	-0.2880	-0.4621	0.1513	-0.8250	1.21	58.93	37.95
2026-06-23T17:45:38.7621980+08:00	0x06	-0.0130	-0.0334	0.4299	-0.9022	309.12	2.82	2.99
2026-06-23T17:45:39.0970226+08:00	0x04	-0.2880	-0.4621	0.1513	-0.8250	1.21	58.93	37.95
2026-06-23T17:45:39.1286086+08:00	0x04	-0.2880	-0.4621	0.1513	-0.8250	1.21	58.93	37.95
2026-06-23T17:45:39.1861040+08:00	0x09	0.0763	-0.0338	-0.3802	0.9211	314.74	353.04	6.60
2026-06-23T17:45:39.2151233+08:00	0x03	-0.2598	0.3347	0.7330	0.5321	109.08	357.79	309.90
2026-06-23T17:45:39.2615806+08:00	0x01	-0.2083	-0.5366	0.6487	-0.4979	279.64	38.06	64.63
2026-06-23T17:45:39.3114059+08:00	0x06	-0.0130	-0.0334	0.4299	-0.9022	309.12	2.82	2.99
2026-06-23T17:45:39.5465277+08:00	0x01	-0.2527	-0.5254	0.6888	-0.4308	256.84	18.09	70.32
2026-06-23T17:45:39.6288330+08:00	0x04	-0.3769	-0.1333	-0.0362	-0.9159	13.16	21.75	42.91
2026-06-23T17:45:39.7131325+08:00	0x03	-0.2797	0.3180	0.7402	0.5222	112.97	352.71	310.28
2026-06-23T17:45:39.8631556+08:00	0x06	-0.0130	-0.0334	0.4299	-0.9022	309.12	2.82	2.99
2026-06-23T17:45:40.1284634+08:00	0x01	-0.3202	-0.5130	0.7100	-0.3607	220.71	342.50	73.65
2026-06-23T17:45:40.1840168+08:00	0x07	0.0731	-0.0222	0.9499	0.3030	144.93	7.23	4.96
2026-06-23T17:45:40.1989461+08:00	0x04	-0.3642	-0.0495	0.1131	-0.9231	346.31	0.70	43.13
2026-06-23T17:45:40.2463420+08:00	0x08	0.0104	-0.0018	0.7724	0.6350	101.16	0.79	0.92
2026-06-23T17:45:40.3022174+08:00	0x09	0.0764	-0.0338	-0.3802	0.9211	314.74	353.04	6.60
2026-06-23T17:45:40.4618701+08:00	0x06	-0.0128	-0.0333	0.4298	-0.9022	309.12	2.81	2.97
2026-06-23T17:45:40.5797326+08:00	0x01	-0.3376	-0.4847	0.7292	-0.3454	211.19	332.47	70.08
2026-06-23T17:45:40.7786962+08:00	0x07	0.0731	-0.0221	0.9499	0.3030	144.93	7.23	4.95
2026-06-23T17:45:40.8345013+08:00	0x09	0.0764	-0.0338	-0.3802	0.9211	314.74	353.04	6.60
2026-06-23T17:45:40.8603592+08:00	0x08	0.0104	-0.0018	0.7724	0.6350	101.16	0.79	0.92
2026-06-23T17:45:40.9621195+08:00	0x06	-0.0128	-0.0334	0.4298	-0.9022	309.12	2.82	2.97
2026-06-23T17:45:41.0124600+08:00	0x03	-0.3255	0.3084	0.7331	0.5114	117.58	344.86	308.27
2026-06-23T17:45:41.2133199+08:00	0x01	-0.3538	-0.4726	0.7371	-0.3287	204.02	325.16	68.35
2026-06-23T17:45:41.2972815+08:00	0x04	-0.3648	-0.0520	0.1087	-0.9233	347.10	1.32	43.22
2026-06-23T17:45:41.3132760+08:00	0x07	0.0731	-0.0221	0.9499	0.3030	144.93	7.24	4.95
2026-06-23T17:45:41.3971820+08:00	0x09	0.0764	-0.0338	-0.3802	0.9211	314.74	353.03	6.61
2026-06-23T17:45:41.5460593+08:00	0x06	-0.0129	-0.0334	0.4298	-0.9022	309.13	2.82	2.98
2026-06-23T17:45:41.7796988+08:00	0x01	-0.3620	-0.4659	0.7452	-0.3107	198.65	320.55	66.83
2026-06-23T17:45:41.8451480+08:00	0x07	0.0731	-0.0221	0.9499	0.3030	144.93	7.24	4.95
2026-06-23T17:45:41.8954287+08:00	0x03	-0.3325	0.2969	0.7381	0.5064	119.46	342.49	309.19
2026-06-23T17:45:42.0472113+08:00	0x06	-0.0129	-0.0334	0.4298	-0.9022	309.13	2.82	2.98
2026-06-23T17:45:42.2452213+08:00	0x01	-0.3679	-0.4631	0.7473	-0.3028	196.09	318.11	66.21
2026-06-23T17:45:42.3794584+08:00	0x04	-0.3281	0.0275	0.2867	-0.8997	319.28	343.12	35.07
2026-06-23T17:45:42.4462793+08:00	0x03	-0.3365	0.2948	0.7406	0.5013	120.74	341.30	309.28
2026-06-23T17:45:42.4794939+08:00	0x09	0.0764	-0.0339	-0.3802	0.9211	314.74	353.03	6.61
