timestamp	device	q0	q1	q2	q3	yaw	pitch	roll
2026-05-12T15:10:23.7552572+08:00	0x07	-0.6942	-0.0785	0.7108	-0.0822	180.47	271.41	13.04
2026-05-12T15:10:23.8060174+08:00	0x09	0.0473	-0.1424	-0.4086	0.9003	311.45	342.83	358.21
2026-05-12T15:10:24.1302520+08:00	0x06	-0.6874	-0.0778	0.7216	0.0268	171.60	272.46	4.33
2026-05-12T15:10:24.1837955+08:00	0x08	-0.0053	-0.0051	0.2256	0.9742	26.08	359.30	359.54
2026-05-12T15:10:24.2941050+08:00	0x07	-0.7091	-0.0601	0.6995	-0.0658	180.40	269.25	10.21
2026-05-12T15:10:24.3553441+08:00	0x09	0.0473	-0.1424	-0.4086	0.9003	311.45	342.83	358.21
2026-05-12T15:10:24.5510620+08:00	0x06	-0.7308	-0.0599	0.6790	0.0367	172.10	265.68	1.59
2026-05-12T15:10:24.6978433+08:00	0x03	-0.0095	0.0019	0.1723	0.9850	19.85	0.02	358.89
2026-05-12T15:10:24.8770738+08:00	0x07	-0.7259	0.0597	0.6832	0.0522	180.89	266.46	350.94
2026-05-12T15:10:24.8930115+08:00	0x09	0.0473	-0.1424	-0.4086	0.9003	311.45	342.83	358.21
2026-05-12T15:10:24.9394758+08:00	0x01	-0.0145	0.0195	-0.1151	0.9931	346.74	2.41	358.61
2026-05-12T15:10:25.1194285+08:00	0x06	-0.7352	-0.0671	0.6739	0.0295	172.04	264.83	2.70
2026-05-12T15:10:25.2356938+08:00	0x02	-0.0482	-0.0004	-0.9948	0.0902	190.33	5.50	359.46
2026-05-12T15:10:25.2747337+08:00	0x08	-0.0053	-0.0051	0.2256	0.9742	26.08	359.30	359.54
2026-05-12T15:10:25.3833676+08:00	0x01	-0.0145	0.0195	-0.1151	0.9931	346.74	2.41	358.61
2026-05-12T15:10:25.4454469+08:00	0x09	0.0473	-0.1424	-0.4086	0.9003	311.45	342.83	358.21
2026-05-12T15:10:25.4693879+08:00	0x07	-0.7124	0.1435	0.6741	0.1319	181.65	266.51	337.58
2026-05-12T15:10:25.6417003+08:00	0x06	-0.7326	-0.0690	0.6765	0.0290	171.92	265.23	2.91
2026-05-12T15:10:25.7274359+08:00	0x08	-0.0053	-0.0051	0.2256	0.9742	26.08	359.30	359.54
2026-05-12T15:10:25.7743677+08:00	0x02	-0.0482	-0.0004	-0.9948	0.0902	190.33	5.50	359.46
2026-05-12T15:10:25.8992457+08:00	0x01	-0.0145	0.0195	-0.1151	0.9931	346.74	2.41	358.61
2026-05-12T15:10:25.9700134+08:00	0x09	0.0473	-0.1424	-0.4086	0.9003	311.45	342.83	358.21
2026-05-12T15:10:26.2122529+08:00	0x06	-0.7314	-0.0688	0.6779	0.0288	171.96	265.45	2.93
2026-05-12T15:10:26.2905275+08:00	0x08	-0.0053	-0.0051	0.2256	0.9742	26.08	359.30	359.54
2026-05-12T15:10:26.3532042+08:00	0x02	-0.0482	-0.0004	-0.9948	0.0902	190.33	5.50	359.46
2026-05-12T15:10:26.4700876+08:00	0x01	-0.0145	0.0195	-0.1151	0.9931	346.74	2.41	358.61
2026-05-12T15:10:26.5034224+08:00	0x09	0.0473	-0.1424	-0.4086	0.9003	311.45	342.83	358.21
2026-05-12T15:10:26.7125554+08:00	0x05	0.0054	0.0124	0.4328	0.9014	51.29	1.55	359.94
2026-05-12T15:10:26.7587209+08:00	0x06	-0.7304	-0.0678	0.6791	0.0295	171.99	265.63	2.81
2026-05-12T15:10:26.9026258+08:00	0x02	-0.0482	-0.0004	-0.9948	0.0902	190.33	5.50	359.46
2026-05-12T15:10:26.9411015+08:00	0x08	-0.0053	-0.0051	0.2256	0.9742	26.08	359.30	359.54
2026-05-12T15:10:27.0371485+08:00	0x01	-0.0145	0.0195	-0.1151	0.9931	346.74	2.41	358.61
2026-05-12T15:10:27.0925625+08:00	0x09	0.0472	-0.1424	-0.4086	0.9003	311.45	342.83	358.21
2026-05-12T15:10:27.3040491+08:00	0x06	-0.7299	-0.0688	0.6795	0.0284	172.00	265.69	2.98
2026-05-12T15:10:27.4218187+08:00	0x07	-0.6738	0.2706	0.6400	0.2515	183.36	265.72	316.74
2026-05-12T15:10:27.4368399+08:00	0x03	-0.0095	0.0019	0.1723	0.9850	19.85	0.02	358.89
2026-05-12T15:10:27.5679073+08:00	0x01	-0.0145	0.0195	-0.1151	0.9931	346.74	2.41	358.61
2026-05-12T15:10:27.6271478+08:00	0x09	0.0472	-0.1424	-0.4086	0.9003	311.45	342.83	358.21
2026-05-12T15:10:27.8339838+08:00	0x06	-0.7292	-0.0688	0.6803	0.0279	172.04	265.81	3.03
2026-05-12T15:10:27.9062991+08:00	0x02	-0.0482	-0.0004	-0.9948	0.0902	190.33	5.50	359.46
2026-05-12T15:10:28.0509981+08:00	0x03	-0.0095	0.0019	0.1723	0.9850	19.85	0.02	358.89
2026-05-12T15:10:28.1187694+08:00	0x01	-0.0145	0.0195	-0.1151	0.9931	346.74	2.41	358.61
2026-05-12T15:10:28.4080202+08:00	0x06	-0.7282	-0.0694	0.6812	0.0272	172.05	265.96	3.15
2026-05-12T15:10:28.4773614+08:00	0x08	-0.0053	-0.0051	0.2256	0.9742	26.08	359.30	359.54
2026-05-12T15:10:28.5749587+08:00	0x03	-0.0095	0.0019	0.1723	0.9850	19.85	0.03	358.89
2026-05-12T15:10:28.7005110+08:00	0x09	0.0473	-0.1424	-0.4086	0.9003	311.45	342.83	358.21
2026-05-12T15:10:28.8731229+08:00	0x01	-0.0145	0.0195	-0.1151	0.9931	346.74	2.41	358.61
2026-05-12T15:10:28.9206552+08:00	0x06	-0.7278	-0.0700	0.6817	0.0267	172.04	266.02	3.24
2026-05-12T15:10:29.0546143+08:00	0x03	-0.0095	0.0019	0.1723	0.9850	19.85	0.03	358.89
2026-05-12T15:10:29.0782370+08:00	0x08	-0.0053	-0.0050	0.2256	0.9742	26.08	359.30	359.54
2026-05-12T15:10:29.1032366+08:00	0x02	-0.0482	-0.0004	-0.9948	0.0902	190.33	5.50	359.46
2026-05-12T15:10:29.2115752+08:00	0x01	-0.0145	0.0195	-0.1151	0.9931	346.74	2.41	358.61
2026-05-12T15:10:29.2821420+08:00	0x09	0.0473	-0.1424	-0.4086	0.9003	311.45	342.83	358.21
2026-05-12T15:10:29.4390604+08:00	0x05	0.0054	0.0124	0.4328	0.9014	51.29	1.55	359.94
2026-05-12T15:10:29.5739049+08:00	0x08	-0.0053	-0.0051	0.2256	0.9742	26.08	359.30	359.54
2026-05-12T15:10:29.5973322+08:00	0x03	-0.0095	0.0019	0.1723	0.9850	19.85	0.03	358.89
2026-05-12T15:10:29.7960685+08:00	0x01	-0.0145	0.0195	-0.1151	0.9931	346.74	2.42	358.61
2026-05-12T15:10:29.8776164+08:00	0x09	0.0473	-0.1424	-0.4086	0.9003	311.45	342.83	358.21
2026-05-12T15:10:29.9712221+08:00	0x06	-0.7271	-0.0698	0.6825	0.0273	172.01	266.15	3.18
2026-05-12T15:10:30.0481470+08:00	0x07	-0.6511	0.3196	0.6204	0.2983	184.26	265.17	308.28
2026-05-12T15:10:30.1679174+08:00	0x08	-0.0053	-0.0050	0.2256	0.9742	26.08	359.30	359.54
2026-05-12T15:10:30.3173043+08:00	0x01	-0.0145	0.0195	-0.1151	0.9931	346.74	2.41	358.61
2026-05-12T15:10:30.3447126+08:00	0x09	0.0473	-0.1424	-0.4086	0.9003	311.45	342.83	358.21
2026-05-12T15:10:30.5722822+08:00	0x07	-0.6502	0.3216	0.6195	0.3001	184.33	265.12	307.94
2026-05-12T15:10:30.6014198+08:00	0x06	-0.7274	-0.0697	0.6822	0.0272	172.02	266.10	3.19
2026-05-12T15:10:30.6476297+08:00	0x02	-0.0482	-0.0004	-0.9948	0.0902	190.33	5.50	359.46
2026-05-12T15:10:30.7320587+08:00	0x03	-0.0095	0.0019	0.1723	0.9850	19.85	0.03	358.89
2026-05-12T15:10:30.8778590+08:00	0x01	-0.0145	0.0195	-0.1151	0.9931	346.74	2.41	358.61
2026-05-12T15:10:30.9582525+08:00	0x09	0.0473	-0.1424	-0.4086	0.9003	311.45	342.83	358.21
2026-05-12T15:10:31.0802026+08:00	0x06	-0.7273	-0.0698	0.6822	0.0272	172.02	266.11	3.19
2026-05-12T15:10:31.1433251+08:00	0x02	-0.0482	-0.0004	-0.9948	0.0902	190.33	5.50	359.46
2026-05-12T15:10:31.2098120+08:00	0x03	-0.0095	0.0019	0.1723	0.9850	19.85	0.02	358.89
2026-05-12T15:10:31.2724085+08:00	0x08	-0.0053	-0.0050	0.2256	0.9742	26.08	359.30	359.54
2026-05-12T15:10:31.3675072+08:00	0x01	-0.0145	0.0195	-0.1151	0.9931	346.74	2.41	358.61
2026-05-12T15:10:31.4743728+08:00	0x09	0.0473	-0.1424	-0.4086	0.9003	311.45	342.83	358.21
2026-05-12T15:10:31.6785531+08:00	0x06	-0.7273	-0.0699	0.6822	0.0271	172.01	266.11	3.21
2026-05-12T15:10:31.7264839+08:00	0x05	0.0053	0.0124	0.4328	0.9014	51.29	1.55	359.94
2026-05-12T15:10:31.8149367+08:00	0x03	-0.0095	0.0019	0.1723	0.9850	19.85	0.03	358.89
2026-05-12T15:10:31.8896472+08:00	0x08	-0.0053	-0.0050	0.2256	0.9742	26.08	359.30	359.54
2026-05-12T15:10:31.9788501+08:00	0x01	-0.0145	0.0195	-0.1151	0.9931	346.74	2.41	358.61
2026-05-12T15:10:32.0115967+08:00	0x09	0.0473	-0.1424	-0.4086	0.9003	311.45	342.83	358.21
2026-05-12T15:10:32.1582954+08:00	0x06	-0.7272	-0.0703	0.6823	0.0270	171.99	266.12	3.25
2026-05-12T15:10:32.2230918+08:00	0x07	-0.6467	0.3310	0.6138	0.3088	184.76	264.60	306.31
2026-05-12T15:10:32.3423830+08:00	0x03	-0.0095	0.0019	0.1723	0.9850	19.85	0.02	358.89
2026-05-12T15:10:32.3889608+08:00	0x05	0.0053	0.0124	0.4328	0.9014	51.29	1.55	359.94
2026-05-12T15:10:32.4479024+08:00	0x01	-0.0145	0.0195	-0.1151	0.9931	346.74	2.41	358.61
2026-05-12T15:10:32.5941008+08:00	0x09	0.0473	-0.1424	-0.4086	0.9003	311.45	342.83	358.21
2026-05-12T15:10:32.7222759+08:00	0x07	-0.6455	0.3334	0.6127	0.3111	184.81	264.56	305.89
2026-05-12T15:10:32.7975858+08:00	0x08	-0.0053	-0.0051	0.2256	0.9742	26.08	359.30	359.54
2026-05-12T15:10:32.8472251+08:00	0x02	-0.0482	-0.0004	-0.9948	0.0902	190.33	5.50	359.46
2026-05-12T15:10:32.9658228+08:00	0x01	-0.0145	0.0195	-0.1151	0.9931	346.74	2.41	358.61
2026-05-12T15:10:33.0822683+08:00	0x09	0.0473	-0.1424	-0.4086	0.9003	311.45	342.83	358.21
2026-05-12T15:10:33.2805130+08:00	0x07	-0.6453	0.3335	0.6128	0.3112	184.79	264.59	305.87
2026-05-12T15:10:33.3819195+08:00	0x02	-0.0482	-0.0004	-0.9948	0.0902	190.33	5.50	359.46
2026-05-12T15:10:33.4284997+08:00	0x03	-0.0095	0.0019	0.1723	0.9850	19.85	0.03	358.89
2026-05-12T15:10:33.5408451+08:00	0x01	-0.0145	0.0195	-0.1151	0.9931	346.74	2.41	358.61
2026-05-12T15:10:33.6672038+08:00	0x09	0.0473	-0.1424	-0.4086	0.9003	311.45	342.83	358.21
2026-05-12T15:10:33.7929357+08:00	0x07	-0.6456	0.3324	0.6135	0.3102	184.74	264.67	306.05
2026-05-12T15:10:33.8404251+08:00	0x06	-0.7266	-0.0705	0.6829	0.0271	171.97	266.23	3.27
2026-05-12T15:10:33.9163665+08:00	0x08	-0.0053	-0.0051	0.2256	0.9742	26.08	359.30	359.54
2026-05-12T15:10:34.0014411+08:00	0x03	-0.0095	0.0019	0.1723	0.9850	19.85	0.03	358.89
2026-05-12T15:10:34.1011920+08:00	0x01	-0.0145	0.0195	-0.1151	0.9931	346.74	2.41	358.61
2026-05-12T15:10:34.2229155+08:00	0x09	0.0473	-0.1424	-0.4086	0.9003	311.45	342.83	358.21
2026-05-12T15:10:34.3319614+08:00	0x07	-0.6459	0.3321	0.6137	0.3097	184.74	264.67	306.13
2026-05-12T15:10:34.4455991+08:00	0x06	-0.7263	-0.0703	0.6832	0.0273	171.97	266.27	3.24
2026-05-12T15:10:34.4827973+08:00	0x08	-0.0053	-0.0050	0.2256	0.9742	26.08	359.30	359.54
2026-05-12T15:10:34.5082462+08:00	0x03	-0.0095	0.0019	0.1723	0.9850	19.85	0.02	358.89
2026-05-12T15:10:34.6305333+08:00	0x01	-0.0145	0.0195	-0.1151	0.9931	346.74	2.41	358.61
2026-05-12T15:10:34.8046694+08:00	0x09	0.0473	-0.1424	-0.4086	0.9003	311.45	342.83	358.21
2026-05-12T15:10:34.8737788+08:00	0x07	-0.6460	0.3325	0.6133	0.3099	184.81	264.58	306.08
2026-05-12T15:10:34.8931775+08:00	0x05	0.0053	0.0124	0.4328	0.9014	51.29	1.55	359.94
2026-05-12T15:10:34.9791491+08:00	0x08	-0.0053	-0.0050	0.2256	0.9742	26.08	359.30	359.54
2026-05-12T15:10:35.1041715+08:00	0x03	-0.0095	0.0019	0.1723	0.9850	19.85	0.02	358.89
2026-05-12T15:10:35.2167257+08:00	0x01	-0.0145	0.0195	-0.1151	0.9931	346.74	2.42	358.61
2026-05-12T15:10:35.3921618+08:00	0x09	0.0473	-0.1424	-0.4086	0.9003	311.45	342.83	358.21
2026-05-12T15:10:35.4296877+08:00	0x06	-0.7255	-0.0701	0.6842	0.0265	172.06	266.41	3.30
2026-05-12T15:10:35.5545186+08:00	0x08	-0.0053	-0.0050	0.2256	0.9742	26.08	359.30	359.54
2026-05-12T15:10:35.6557137+08:00	0x03	-0.0095	0.0019	0.1723	0.9850	19.85	0.02	358.89
2026-05-12T15:10:35.7870753+08:00	0x01	-0.0145	0.0195	-0.1151	0.9931	346.74	2.42	358.61
2026-05-12T15:10:35.8701030+08:00	0x09	0.0473	-0.1424	-0.4086	0.9003	311.45	342.83	358.21
2026-05-12T15:10:36.0270066+08:00	0x06	-0.7252	-0.0692	0.6845	0.0273	172.07	266.47	3.16
2026-05-12T15:10:36.1719750+08:00	0x03	-0.0095	0.0019	0.1723	0.9850	19.85	0.02	358.89
2026-05-12T15:10:36.2490556+08:00	0x02	-0.0482	-0.0004	-0.9948	0.0902	190.33	5.50	359.46
2026-05-12T15:10:36.4101215+08:00	0x09	0.0473	-0.1424	-0.4086	0.9003	311.45	342.83	358.21
2026-05-12T15:10:36.5161928+08:00	0x06	-0.7251	-0.0692	0.6846	0.0273	172.07	266.49	3.16
2026-05-12T15:10:36.6006383+08:00	0x07	-0.6472	0.3279	0.6166	0.3055	184.56	264.95	306.88
2026-05-12T15:10:36.7186497+08:00	0x03	-0.0095	0.0019	0.1723	0.9850	19.85	0.02	358.89
2026-05-12T15:10:36.8701618+08:00	0x01	-0.0145	0.0195	-0.1151	0.9931	346.74	2.41	358.61
2026-05-12T15:10:36.9431155+08:00	0x09	0.0473	-0.1424	-0.4086	0.9003	311.45	342.83	358.21
2026-05-12T15:10:37.0294543+08:00	0x02	-0.0482	-0.0003	-0.9948	0.0902	190.33	5.50	359.46
2026-05-12T15:10:37.1149291+08:00	0x06	-0.7251	-0.0692	0.6846	0.0278	172.03	266.50	3.12
2026-05-12T15:10:37.1879153+08:00	0x07	-0.6455	0.3308	0.6153	0.3087	184.57	264.94	306.33
2026-05-12T15:10:37.3831465+08:00	0x03	-0.0095	0.0019	0.1723	0.9850	19.85	0.02	358.89
2026-05-12T15:10:37.4030398+08:00	0x01	-0.0145	0.0195	-0.1151	0.9931	346.74	2.41	358.61
2026-05-12T15:10:37.4739457+08:00	0x09	0.0473	-0.1424	-0.4086	0.9003	311.45	342.83	358.21
2026-05-12T15:10:37.6264327+08:00	0x06	-0.7249	-0.0704	0.6847	0.0272	171.98	266.50	3.26
2026-05-12T15:10:37.7458940+08:00	0x08	-0.0053	-0.0050	0.2256	0.9742	26.08	359.30	359.54
2026-05-12T15:10:37.9775095+08:00	0x01	-0.0145	0.0195	-0.1151	0.9931	346.74	2.41	358.61
2026-05-12T15:10:38.0101922+08:00	0x09	0.0473	-0.1424	-0.4086	0.9003	311.45	342.83	358.21
2026-05-12T15:10:38.1448256+08:00	0x02	-0.0482	-0.0004	-0.9948	0.0902	190.33	5.50	359.46
2026-05-12T15:10:38.1920632+08:00	0x07	-0.6415	0.3383	0.6113	0.3168	184.70	264.78	304.91
2026-05-12T15:10:38.3383369+08:00	0x03	-0.0095	0.0019	0.1723	0.9850	19.85	0.03	358.89
2026-05-12T15:10:38.4230894+08:00	0x01	-0.0145	0.0195	-0.1151	0.9931	346.74	2.41	358.61
2026-05-12T15:10:38.5493730+08:00	0x09	0.0473	-0.1424	-0.4086	0.9003	311.45	342.83	358.21
2026-05-12T15:10:38.7211821+08:00	0x02	-0.0482	-0.0004	-0.9948	0.0902	190.33	5.50	359.46
2026-05-12T15:10:38.8376415+08:00	0x08	-0.0053	-0.0050	0.2256	0.9742	26.08	359.30	359.54
2026-05-12T15:10:38.9218876+08:00	0x03	-0.0095	0.0019	0.1723	0.9850	19.85	0.03	358.89
2026-05-12T15:10:38.9636394+08:00	0x01	-0.0145	0.0195	-0.1151	0.9931	346.74	2.41	358.61
2026-05-12T15:10:39.0810488+08:00	0x09	0.0473	-0.1424	-0.4086	0.9003	311.45	342.83	358.21
2026-05-12T15:10:39.2276343+08:00	0x02	-0.0482	-0.0004	-0.9948	0.0902	190.33	5.50	359.46
2026-05-12T15:10:39.3025875+08:00	0x06	-0.7235	-0.0728	0.6859	0.0258	171.89	266.69	3.58
2026-05-12T15:10:39.4204596+08:00	0x08	-0.0053	-0.0051	0.2256	0.9742	26.08	359.30	359.54
2026-05-12T15:10:39.5279371+08:00	0x01	-0.0145	0.0195	-0.1151	0.9931	346.74	2.41	358.61
2026-05-12T15:10:39.6218662+08:00	0x09	0.0473	-0.1424	-0.4086	0.9003	311.45	342.83	358.21
2026-05-12T15:10:39.8012399+08:00	0x02	-0.0482	-0.0004	-0.9948	0.0902	190.33	5.50	359.46
2026-05-12T15:10:39.8514675+08:00	0x06	-0.7232	-0.0727	0.6863	0.0261	171.88	266.74	3.55
2026-05-12T15:10:39.8902312+08:00	0x07	-0.6387	0.3412	0.6104	0.3210	184.49	265.03	304.25
2026-05-12T15:10:39.9386031+08:00	0x08	-0.0053	-0.0050	0.2256	0.9742	26.08	359.30	359.54
2026-05-12T15:10:40.0412510+08:00	0x03	-0.0095	0.0019	0.1723	0.9850	19.85	0.02	358.89
2026-05-12T15:10:40.0795878+08:00	0x01	-0.0145	0.0195	-0.1151	0.9931	346.74	2.41	358.61
2026-05-12T15:10:40.1523087+08:00	0x09	0.0473	-0.1424	-0.4086	0.9003	311.45	342.83	358.21
2026-05-12T15:10:40.3566969+08:00	0x05	0.0054	0.0124	0.4328	0.9014	51.29	1.55	359.94
2026-05-12T15:10:40.4025742+08:00	0x07	-0.6391	0.3405	0.6108	0.3202	184.47	265.04	304.38
2026-05-12T15:10:40.5096054+08:00	0x08	-0.0053	-0.0051	0.2256	0.9742	26.08	359.30	359.54
2026-05-12T15:10:40.5820500+08:00	0x03	-0.0095	0.0019	0.1723	0.9850	19.85	0.02	358.89
2026-05-12T15:10:40.7649938+08:00	0x09	0.0473	-0.1424	-0.4086	0.9003	311.45	342.83	358.21
2026-05-12T15:10:40.8125856+08:00	0x05	0.0054	0.0124	0.4328	0.9014	51.29	1.55	359.94
2026-05-12T15:10:40.8849201+08:00	0x02	-0.0482	-0.0004	-0.9948	0.0902	190.33	5.50	359.46
2026-05-12T15:10:40.9830931+08:00	0x07	-0.6400	0.3387	0.6118	0.3184	184.43	265.09	304.72
2026-05-12T15:10:41.1305651+08:00	0x01	-0.0145	0.0195	-0.1151	0.9931	346.74	2.42	358.61
2026-05-12T15:10:41.2242631+08:00	0x08	-0.0053	-0.0051	0.2256	0.9742	26.08	359.30	359.54
2026-05-12T15:10:41.3286217+08:00	0x09	0.0473	-0.1424	-0.4086	0.9003	311.45	342.83	358.21
2026-05-12T15:10:41.4743412+08:00	0x06	-0.7227	-0.0741	0.6867	0.0247	171.88	266.80	3.79
2026-05-12T15:10:41.4942871+08:00	0x07	-0.6406	0.3374	0.6125	0.3171	184.39	265.14	304.95
2026-05-12T15:10:41.5578765+08:00	0x02	-0.0482	-0.0004	-0.9948	0.0902	190.33	5.49	359.46
2026-05-12T15:10:41.6546454+08:00	0x03	-0.0095	0.0019	0.1723	0.9850	19.85	0.02	358.89
2026-05-12T15:10:41.8615312+08:00	0x09	0.0473	-0.1424	-0.4086	0.9003	311.45	342.83	358.21
2026-05-12T15:10:41.9740491+08:00	0x02	-0.0482	-0.0004	-0.9948	0.0902	190.33	5.49	359.46
2026-05-12T15:10:42.0247811+08:00	0x07	-0.6412	0.3361	0.6133	0.3158	184.33	265.21	305.18
2026-05-12T15:10:42.1670685+08:00	0x08	-0.0053	-0.0050	0.2256	0.9742	26.08	359.30	359.54
2026-05-12T15:10:42.2147120+08:00	0x01	-0.0145	0.0195	-0.1151	0.9931	346.74	2.42	358.61
2026-05-12T15:10:42.4517598+08:00	0x09	0.0473	-0.1424	-0.4086	0.9003	311.45	342.83	358.21
2026-05-12T15:10:42.5472353+08:00	0x02	-0.0482	-0.0004	-0.9948	0.0902	190.33	5.50	359.46
2026-05-12T15:10:42.5859063+08:00	0x06	-0.7223	-0.0741	0.6871	0.0246	171.88	266.87	3.80
2026-05-12T15:10:42.7202426+08:00	0x08	-0.0053	-0.0051	0.2256	0.9742	26.08	359.30	359.54
2026-05-12T15:10:43.0627069+08:00	0x09	0.0473	-0.1424	-0.4086	0.9003	311.45	342.83	358.21
2026-05-12T15:10:43.0917434+08:00	0x05	0.0054	0.0124	0.4328	0.9014	51.29	1.55	359.94
2026-05-12T15:10:43.1191259+08:00	0x01	-0.0145	0.0195	-0.1151	0.9931	346.74	2.42	358.61
2026-05-12T15:10:43.2787729+08:00	0x03	-0.0095	0.0019	0.1723	0.9850	19.85	0.02	358.89
2026-05-12T15:10:43.3966122+08:00	0x08	-0.0053	-0.0050	0.2256	0.9742	26.08	359.30	359.54
2026-05-12T15:10:43.4814418+08:00	0x09	0.0473	-0.1424	-0.4086	0.9003	311.45	342.83	358.21
2026-05-12T15:10:43.5882519+08:00	0x01	-0.0145	0.0195	-0.1151	0.9931	346.74	2.42	358.61
2026-05-12T15:10:43.6995941+08:00	0x06	-0.6815	-0.0581	0.7290	0.0262	173.25	273.69	2.81
2026-05-12T15:10:43.8003021+08:00	0x03	-0.0095	0.0019	0.1723	0.9850	19.85	0.02	358.89
2026-05-12T15:10:43.9605411+08:00	0x05	0.0054	0.0125	0.4328	0.9014	51.29	1.55	359.94
2026-05-12T15:10:44.0110320+08:00	0x09	0.0473	-0.1424	-0.4086	0.9003	311.45	342.83	358.21
2026-05-12T15:10:44.0620598+08:00	0x01	-0.0145	0.0195	-0.1151	0.9931	346.74	2.42	358.61
2026-05-12T15:10:44.2238202+08:00	0x06	-0.5772	-0.0624	0.8134	0.0368	172.41	289.06	3.38
2026-05-12T15:10:44.3441439+08:00	0x07	-0.8310	0.1305	0.5285	0.1139	185.86	243.92	340.89
2026-05-12T15:10:44.3996141+08:00	0x03	-0.0095	0.0019	0.1723	0.9850	19.85	0.02	358.89
2026-05-12T15:10:44.5181005+08:00	0x08	-0.0053	-0.0050	0.2256	0.9742	26.08	359.30	359.54
2026-05-12T15:10:44.6287535+08:00	0x01	-0.0145	0.0195	-0.1151	0.9931	346.74	2.42	358.61
2026-05-12T15:10:44.6610149+08:00	0x02	-0.0482	-0.0004	-0.9948	0.0902	190.33	5.50	359.46
2026-05-12T15:10:44.6996255+08:00	0x09	0.0473	-0.1424	-0.4086	0.9003	311.45	342.83	358.21
2026-05-12T15:10:44.9322730+08:00	0x07	-0.8268	0.1370	0.5321	0.1203	186.03	244.46	339.83
2026-05-12T15:10:44.9701179+08:00	0x03	-0.0095	0.0019	0.1723	0.9850	19.85	0.02	358.89
2026-05-12T15:10:45.1425163+08:00	0x09	0.0473	-0.1424	-0.4086	0.9003	311.45	342.83	358.21
2026-05-12T15:10:45.1554821+08:00	0x02	-0.0482	-0.0004	-0.9948	0.0902	190.33	5.50	359.46
2026-05-12T15:10:45.1811076+08:00	0x01	-0.0145	0.0195	-0.1151	0.9931	346.74	2.42	358.61
2026-05-12T15:10:45.2660578+08:00	0x03	-0.0095	0.0019	0.1723	0.9850	19.85	0.02	358.89
2026-05-12T15:10:45.4551829+08:00	0x08	-0.0053	-0.0050	0.2256	0.9742	26.08	359.30	359.54
2026-05-12T15:10:45.6680874+08:00	0x09	0.0473	-0.1424	-0.4086	0.9003	311.45	342.83	358.21
2026-05-12T15:10:45.7333935+08:00	0x01	-0.0145	0.0195	-0.1151	0.9931	346.74	2.42	358.61
2026-05-12T15:10:45.8044645+08:00	0x03	-0.0095	0.0019	0.1723	0.9850	19.85	0.02	358.89
2026-05-12T15:10:45.9109017+08:00	0x07	-0.9261	-0.0115	0.3731	0.0550	176.41	224.06	354.65
2026-05-12T15:10:45.9109017+08:00	0x08	-0.0053	-0.0050	0.2256	0.9742	26.08	359.30	359.54
2026-05-12T15:10:46.1856854+08:00	0x02	-0.0482	-0.0004	-0.9948	0.0902	190.33	5.50	359.46
2026-05-12T15:10:46.2116122+08:00	0x09	0.0473	-0.1424	-0.4086	0.9003	311.45	342.83	358.21
2026-05-12T15:10:46.2484292+08:00	0x01	-0.0145	0.0195	-0.1151	0.9931	346.74	2.42	358.61
2026-05-12T15:10:46.3344558+08:00	0x03	-0.0095	0.0019	0.1723	0.9850	19.85	0.02	358.89
2026-05-12T15:10:46.4130350+08:00	0x06	-0.5805	-0.0622	0.8111	0.0365	172.44	288.60	3.36
2026-05-12T15:10:46.4956617+08:00	0x08	-0.0053	-0.0050	0.2256	0.9742	26.08	359.30	359.54
2026-05-12T15:10:46.5518901+08:00	0x07	-0.9026	-0.1498	0.4035	0.0038	164.02	227.25	6.55
2026-05-12T15:10:46.6882171+08:00	0x05	0.0054	0.0124	0.4328	0.9014	51.29	1.55	359.94
2026-05-12T15:10:46.7437549+08:00	0x09	0.0473	-0.1424	-0.4086	0.9003	311.45	342.83	358.21
2026-05-12T15:10:46.8717293+08:00	0x03	-0.0095	0.0018	0.1723	0.9850	19.85	0.02	358.89
2026-05-12T15:10:46.9963488+08:00	0x07	-0.9159	-0.1939	0.3515	0.0059	158.76	220.64	7.21
2026-05-12T15:10:47.0722955+08:00	0x07	-0.9197	-0.2319	0.3167	0.0053	154.28	216.20	7.88
2026-05-12T15:10:47.1318192+08:00	0x08	-0.0053	-0.0050	0.2256	0.9742	26.08	359.30	359.54
2026-05-12T15:10:47.2722026+08:00	0x09	0.0473	-0.1424	-0.4086	0.9003	311.45	342.83	358.21
2026-05-12T15:10:47.3944773+08:00	0x01	-0.0145	0.0195	-0.1151	0.9931	346.74	2.42	358.61
2026-05-12T15:10:47.4540713+08:00	0x06	-0.3881	0.0051	0.9113	0.1377	165.60	314.70	353.33
2026-05-12T15:10:47.5113607+08:00	0x03	-0.0095	0.0019	0.1723	0.9850	19.85	0.02	358.89
2026-05-12T15:10:47.5585788+08:00	0x07	-0.9162	-0.1951	0.3499	0.0060	158.61	220.44	7.21
2026-05-12T15:10:47.8174726+08:00	0x02	-0.0482	-0.0004	-0.9948	0.0902	190.33	5.50	359.46
2026-05-12T15:10:47.8934744+08:00	0x01	-0.0145	0.0195	-0.1151	0.9931	346.74	2.41	358.61
2026-05-12T15:10:48.0075393+08:00	0x03	-0.0095	0.0019	0.1723	0.9850	19.85	0.02	358.89
2026-05-12T15:10:48.1074238+08:00	0x07	-0.9162	-0.1951	0.3499	0.0060	158.61	220.44	7.21
2026-05-12T15:10:48.1401390+08:00	0x07	-0.8913	-0.2891	0.3447	-0.0572	150.06	217.57	17.53
2026-05-12T15:10:48.3145686+08:00	0x08	-0.0053	-0.0051	0.2256	0.9742	26.08	359.30	359.54
2026-05-12T15:10:48.3552943+08:00	0x09	0.0473	-0.1424	-0.4086	0.9003	311.45	342.83	358.21
2026-05-12T15:10:48.4968506+08:00	0x01	-0.0145	0.0195	-0.1151	0.9931	346.74	2.42	358.61
2026-05-12T15:10:48.5444462+08:00	0x06	-0.6854	-0.0190	0.7269	0.0386	175.28	273.43	358.55
2026-05-12T15:10:48.5618760+08:00	0x03	-0.0095	0.0019	0.1723	0.9850	19.85	0.02	358.89
2026-05-12T15:10:48.6075275+08:00	0x07	-0.9162	-0.1951	0.3499	0.0060	158.61	220.44	7.21
2026-05-12T15:10:48.6788658+08:00	0x09	0.0473	-0.1424	-0.4086	0.9003	311.45	342.83	358.21
2026-05-12T15:10:48.7251374+08:00	0x07	-0.8760	-0.2545	0.4007	-0.0855	156.20	224.75	20.72
2026-05-12T15:10:48.9157994+08:00	0x02	-0.0482	-0.0004	-0.9948	0.0902	190.33	5.50	359.46
2026-05-12T15:10:48.9483860+08:00	0x01	-0.0145	0.0195	-0.1151	0.9931	346.74	2.41	358.61
2026-05-12T15:10:49.1513721+08:00	0x03	-0.0095	0.0019	0.1723	0.9850	19.85	0.02	358.89
2026-05-12T15:10:49.1919979+08:00	0x06	-0.4096	-0.0215	0.9070	0.0957	168.97	311.61	357.74
2026-05-12T15:10:49.1919979+08:00	0x07	-0.9162	-0.1951	0.3499	0.0060	158.61	220.44	7.21
2026-05-12T15:10:49.2038723+08:00	0x09	0.0473	-0.1424	-0.4086	0.9003	311.45	342.83	358.21
2026-05-12T15:10:49.4971549+08:00	0x08	-0.0053	-0.0051	0.2256	0.9742	26.08	359.30	359.54
2026-05-12T15:10:49.6774092+08:00	0x06	-0.3448	-0.0049	0.9281	0.1403	164.64	319.92	354.97
2026-05-12T15:10:49.7033387+08:00	0x03	-0.0095	0.0019	0.1723	0.9850	19.85	0.02	358.89
2026-05-12T15:10:49.7526948+08:00	0x07	-0.9162	-0.1951	0.3499	0.0060	158.61	220.44	7.21
2026-05-12T15:10:49.8791815+08:00	0x08	-0.0053	-0.0050	0.2256	0.9742	26.08	359.30	359.54
2026-05-12T15:10:49.9519355+08:00	0x02	-0.0482	-0.0004	-0.9948	0.0902	190.33	5.50	359.46
2026-05-12T15:10:50.0443664+08:00	0x01	-0.0145	0.0195	-0.1151	0.9931	346.74	2.41	358.61
2026-05-12T15:10:50.2522614+08:00	0x07	-0.9162	-0.1951	0.3499	0.0060	158.61	220.44	7.21
2026-05-12T15:10:50.2996962+08:00	0x06	-0.3691	0.0020	0.9149	0.1634	162.55	317.16	352.86
2026-05-12T15:10:50.3176487+08:00	0x07	-0.8165	-0.2139	0.5306	-0.0776	163.41	242.98	20.72
2026-05-12T15:10:50.4783672+08:00	0x02	-0.0482	-0.0004	-0.9948	0.0902	190.33	5.50	359.46
2026-05-12T15:10:50.5735378+08:00	0x01	-0.0145	0.0195	-0.1151	0.9931	346.74	2.41	358.61
2026-05-12T15:10:50.7403537+08:00	0x07	-0.9162	-0.1951	0.3499	0.0060	158.61	220.44	7.21
2026-05-12T15:10:50.8040523+08:00	0x09	0.0472	-0.1424	-0.4086	0.9003	311.45	342.84	358.21
2026-05-12T15:10:50.8436082+08:00	0x03	-0.0095	0.0019	0.1723	0.9850	19.85	0.02	358.89
2026-05-12T15:10:50.8912947+08:00	0x07	-0.8072	-0.2122	0.5451	-0.0789	164.04	245.08	21.02
2026-05-12T15:10:51.0353090+08:00	0x02	-0.0482	-0.0004	-0.9948	0.0902	190.33	5.50	359.46
2026-05-12T15:10:51.1300505+08:00	0x01	-0.0145	0.0195	-0.1151	0.9931	346.74	2.41	358.61
2026-05-12T15:10:51.3422582+08:00	0x09	0.0473	-0.1424	-0.4086	0.9003	311.45	342.83	358.21
2026-05-12T15:10:51.3573167+08:00	0x03	-0.0095	0.0019	0.1723	0.9850	19.85	0.02	358.89
2026-05-12T15:10:51.4207162+08:00	0x07	-0.8019	-0.2119	0.5525	-0.0822	164.48	246.18	21.47
2026-05-12T15:10:51.4940918+08:00	0x06	-0.3643	0.0088	0.9134	0.1813	160.83	317.96	351.48
2026-05-12T15:10:51.6670177+08:00	0x02	-0.0482	-0.0004	-0.9948	0.0902	190.33	5.50	359.46
2026-05-12T15:10:51.6944754+08:00	0x05	0.0054	0.0125	0.4328	0.9014	51.29	1.55	359.94
2026-05-12T15:10:51.8795825+08:00	0x09	0.0473	-0.1424	-0.4086	0.9003	311.45	342.83	358.21
2026-05-12T15:10:51.9102034+08:00	0x03	-0.0095	0.0018	0.1723	0.9850	19.85	0.02	358.89
2026-05-12T15:10:51.9890468+08:00	0x06	-0.3335	0.0207	0.9235	0.1884	160.20	321.93	350.57
2026-05-12T15:10:52.0777160+08:00	0x07	-0.8286	-0.2198	0.5111	-0.0618	161.42	240.18	19.09
2026-05-12T15:10:52.1723452+08:00	0x05	0.0054	0.0125	0.4328	0.9014	51.29	1.55	359.94
2026-05-12T15:10:52.2226514+08:00	0x01	-0.0145	0.0195	-0.1151	0.9931	346.74	2.41	358.61
2026-05-12T15:10:52.2586102+08:00	0x02	-0.0482	-0.0004	-0.9948	0.0902	190.33	5.50	359.46
2026-05-12T15:10:52.3908965+08:00	0x06	-0.3549	0.0010	0.9210	0.1603	162.74	318.86	353.36
2026-05-12T15:10:52.4870992+08:00	0x09	0.0472	-0.1424	-0.4086	0.9003	311.45	342.84	358.21
2026-05-12T15:10:52.5120324+08:00	0x07	-0.8013	-0.2512	0.5352	-0.0918	160.45	243.18	24.58
2026-05-12T15:10:52.7033532+08:00	0x02	-0.0482	-0.0004	-0.9948	0.0902	190.33	5.50	359.46
2026-05-12T15:10:52.8163548+08:00	0x08	-0.0053	-0.0050	0.2256	0.9742	26.08	359.30	359.54
2026-05-12T15:10:53.0306430+08:00	0x03	-0.0095	0.0018	0.1723	0.9850	19.85	0.02	358.89
2026-05-12T15:10:53.0911830+08:00	0x09	0.0472	-0.1424	-0.4086	0.9003	311.45	342.84	358.21
2026-05-12T15:10:53.1156311+08:00	0x08	-0.0053	-0.0051	0.2256	0.9742	26.08	359.30	359.54
2026-05-12T15:10:53.2261936+08:00	0x02	-0.0482	-0.0004	-0.9948	0.0902	190.33	5.50	359.46
2026-05-12T15:10:53.3183319+08:00	0x01	-0.0145	0.0195	-0.1151	0.9931	346.74	2.41	358.61
2026-05-12T15:10:53.5540451+08:00	0x09	0.0472	-0.1424	-0.4086	0.9003	311.45	342.84	358.21
2026-05-12T15:10:53.5729942+08:00	0x03	-0.0095	0.0019	0.1723	0.9850	19.85	0.02	358.89
2026-05-12T15:10:53.6290644+08:00	0x07	-0.7900	-0.2198	0.5614	-0.1114	165.81	247.63	25.01
2026-05-12T15:10:53.8036297+08:00	0x02	-0.0482	-0.0004	-0.9948	0.0902	190.33	5.50	359.46
2026-05-12T15:10:53.8840271+08:00	0x01	-0.0145	0.0195	-0.1151	0.9931	346.74	2.41	358.61
2026-05-12T15:10:54.1021482+08:00	0x03	-0.0095	0.0019	0.1723	0.9850	19.85	0.02	358.89
2026-05-12T15:10:54.1366807+08:00	0x06	-0.3084	0.0238	0.9302	0.1975	159.04	325.09	350.44
2026-05-12T15:10:54.1845807+08:00	0x08	-0.0053	-0.0051	0.2256	0.9742	26.08	359.30	359.54
2026-05-12T15:10:54.2141847+08:00	0x07	-0.7780	-0.2162	0.5787	-0.1147	166.98	250.34	25.38
2026-05-12T15:10:54.3236803+08:00	0x02	-0.0482	-0.0004	-0.9948	0.0902	190.33	5.50	359.46
2026-05-12T15:10:54.4114327+08:00	0x05	0.0054	0.0124	0.4328	0.9014	51.29	1.55	359.94
2026-05-12T15:10:54.6356858+08:00	0x03	-0.0095	0.0019	0.1723	0.9850	19.85	0.02	358.89
2026-05-12T15:10:54.7460380+08:00	0x07	-0.7766	-0.2199	0.5791	-0.1147	166.61	250.37	25.65
2026-05-12T15:10:54.8072449+08:00	0x06	-0.3086	0.0232	0.9291	0.2024	158.46	325.10	350.33
2026-05-12T15:10:54.8894994+08:00	0x02	-0.0482	-0.0004	-0.9948	0.0902	190.33	5.50	359.46
2026-05-12T15:10:54.9859450+08:00	0x01	-0.0145	0.0195	-0.1151	0.9931	346.74	2.41	358.61
2026-05-12T15:10:55.1843458+08:00	0x03	-0.0095	0.0019	0.1723	0.9850	19.85	0.02	358.89
2026-05-12T15:10:55.2180237+08:00	0x09	0.0472	-0.1424	-0.4086	0.9003	311.45	342.84	358.21
2026-05-12T15:10:55.3041036+08:00	0x07	-0.7760	-0.2212	0.5795	-0.1140	166.45	250.40	25.68
2026-05-12T15:10:55.4263454+08:00	0x06	-0.3069	0.0231	0.9294	0.2039	158.28	325.31	350.33
2026-05-12T15:10:55.5808157+08:00	0x01	-0.0145	0.0195	-0.1151	0.9931	346.74	2.41	358.61
2026-05-12T15:10:55.6670293+08:00	0x06	-0.3102	0.0240	0.9272	0.2084	157.83	324.97	349.99
2026-05-12T15:10:55.7363844+08:00	0x03	-0.0095	0.0019	0.1723	0.9850	19.85	0.02	358.89
2026-05-12T15:10:55.8081765+08:00	0x07	-0.7758	-0.2171	0.5815	-0.1130	166.86	250.74	25.33
2026-05-12T15:10:55.9909264+08:00	0x02	-0.0482	-0.0004	-0.9948	0.0902	190.33	5.50	359.46
2026-05-12T15:10:56.0418612+08:00	0x08	-0.0053	-0.0051	0.2256	0.9742	26.08	359.30	359.54
2026-05-12T15:10:56.2503096+08:00	0x06	-0.3068	0.0236	0.9285	0.2078	157.85	325.37	350.14
2026-05-12T15:10:56.3221707+08:00	0x09	0.0473	-0.1424	-0.4086	0.9003	311.45	342.83	358.21
2026-05-12T15:10:56.3826878+08:00	0x08	-0.0053	-0.0051	0.2256	0.9742	26.08	359.30	359.54
2026-05-12T15:10:56.5566421+08:00	0x02	-0.0482	-0.0004	-0.9948	0.0902	190.33	5.50	359.46
2026-05-12T15:10:56.5698727+08:00	0x01	-0.0145	0.0195	-0.1151	0.9931	346.74	2.42	358.61
2026-05-12T15:10:56.8030303+08:00	0x09	0.0473	-0.1424	-0.4086	0.9003	311.45	342.83	358.21
2026-05-12T15:10:56.9633788+08:00	0x07	-0.7810	-0.2253	0.5711	-0.1147	165.79	249.07	25.88
2026-05-12T15:10:56.9633788+08:00	0x08	-0.0053	-0.0050	0.2256	0.9742	26.08	359.30	359.54
2026-05-12T15:10:57.0645660+08:00	0x02	-0.0482	-0.0004	-0.9948	0.0902	190.33	5.50	359.46
2026-05-12T15:10:57.3410226+08:00	0x09	0.0473	-0.1424	-0.4086	0.9003	311.45	342.83	358.21
2026-05-12T15:10:57.4354901+08:00	0x07	-0.7781	-0.2307	0.5731	-0.1133	165.21	249.30	26.15
2026-05-12T15:10:57.5400547+08:00	0x02	-0.0482	-0.0004	-0.9948	0.0902	190.33	5.50	359.46
2026-05-12T15:10:57.6382756+08:00	0x01	-0.0145	0.0195	-0.1151	0.9931	346.74	2.41	358.61
2026-05-12T15:10:57.8731297+08:00	0x09	0.0473	-0.1424	-0.4086	0.9003	311.45	342.83	358.21
2026-05-12T15:10:57.9390841+08:00	0x03	-0.0095	0.0018	0.1723	0.9850	19.85	0.02	358.89
2026-05-12T15:10:58.0660546+08:00	0x08	-0.0053	-0.0050	0.2256	0.9742	26.08	359.30	359.54
2026-05-12T15:10:58.0976483+08:00	0x02	-0.0482	-0.0004	-0.9948	0.0902	190.33	5.50	359.46
2026-05-12T15:10:58.2128826+08:00	0x01	-0.0145	0.0195	-0.1151	0.9931	346.74	2.41	358.61
2026-05-12T15:10:58.4024457+08:00	0x09	0.0473	-0.1424	-0.4086	0.9003	311.45	342.83	358.21
2026-05-12T15:10:58.4543135+08:00	0x03	-0.0095	0.0019	0.1723	0.9850	19.85	0.02	358.89
2026-05-12T15:10:58.5645898+08:00	0x07	-0.7783	-0.2253	0.5753	-0.1115	165.72	249.67	25.65
2026-05-12T15:10:58.6812642+08:00	0x01	-0.0145	0.0195	-0.1151	0.9931	346.74	2.42	358.61
2026-05-12T15:10:58.9516943+08:00	0x05	0.0054	0.0124	0.4328	0.9014	51.29	1.55	359.94
2026-05-12T15:10:59.0683873+08:00	0x07	-0.7823	-0.2262	0.5697	-0.1112	165.40	248.80	25.57
2026-05-12T15:10:59.2413453+08:00	0x02	-0.0482	-0.0004	-0.9948	0.0902	190.33	5.50	359.46
2026-05-12T15:10:59.5316331+08:00	0x09	0.0473	-0.1424	-0.4086	0.9003	311.45	342.83	358.21
2026-05-12T15:10:59.6061439+08:00	0x07	-0.7833	-0.2431	0.5619	-0.1082	163.20	247.36	26.27
2026-05-12T15:10:59.7177623+08:00	0x08	-0.0053	-0.0051	0.2256	0.9742	26.08	359.30	359.54
2026-05-12T15:10:59.8261224+08:00	0x01	-0.0145	0.0195	-0.1151	0.9931	346.74	2.41	358.61
2026-05-12T15:10:59.9016692+08:00	0x02	-0.0482	-0.0004	-0.9948	0.0902	190.33	5.50	359.46
2026-05-12T15:11:00.0657352+08:00	0x09	0.0473	-0.1424	-0.4086	0.9003	311.45	342.83	358.21
2026-05-12T15:11:00.1085265+08:00	0x06	-0.3100	0.0208	0.9288	0.2021	158.44	324.88	350.57
2026-05-12T15:11:00.1716072+08:00	0x03	-0.0095	0.0019	0.1723	0.9850	19.85	0.02	358.90
2026-05-12T15:11:00.2105916+08:00	0x02	-0.0482	-0.0004	-0.9948	0.0902	190.33	5.50	359.46
2026-05-12T15:11:00.3152165+08:00	0x01	-0.0145	0.0195	-0.1151	0.9931	346.74	2.42	358.61
2026-05-12T15:11:00.4371316+08:00	0x08	-0.0053	-0.0050	0.2256	0.9742	26.08	359.30	359.54
2026-05-12T15:11:00.5683988+08:00	0x09	0.0473	-0.1424	-0.4086	0.9003	311.45	342.83	358.21
2026-05-12T15:11:00.6649365+08:00	0x07	-0.6988	-0.3694	0.6063	-0.0870	150.01	252.32	34.72
2026-05-12T15:11:00.7340440+08:00	0x03	-0.0095	0.0019	0.1723	0.9850	19.85	0.02	358.90
2026-05-12T15:11:00.8297595+08:00	0x02	-0.0482	-0.0004	-0.9948	0.0902	190.33	5.50	359.46
2026-05-12T15:11:01.1067458+08:00	0x09	0.0473	-0.1424	-0.4086	0.9003	311.45	342.83	358.21
2026-05-12T15:11:01.1908176+08:00	0x06	-0.3520	-0.0982	0.9247	0.1072	164.40	317.48	6.09
2026-05-12T15:11:01.2204193+08:00	0x07	-0.6938	-0.5392	0.4770	-0.0211	119.84	229.59	32.93
2026-05-12T15:11:01.2669810+08:00	0x03	-0.0095	0.0019	0.1723	0.9850	19.85	0.02	358.89
2026-05-12T15:11:01.3212448+08:00	0x08	-0.0053	-0.0050	0.2256	0.9742	26.08	359.30	359.54
2026-05-12T15:11:01.3701606+08:00	0x01	-0.0145	0.0195	-0.1151	0.9931	346.74	2.42	358.61
2026-05-12T15:11:01.6333363+08:00	0x09	0.0473	-0.1424	-0.4086	0.9003	311.45	342.83	358.21
2026-05-12T15:11:01.7291674+08:00	0x07	-0.7319	-0.5271	0.4310	0.0271	119.13	226.44	24.50
2026-05-12T15:11:01.8752143+08:00	0x03	-0.0095	0.0019	0.1723	0.9850	19.85	0.02	358.89
2026-05-12T15:11:01.9624781+08:00	0x02	-0.0482	-0.0004	-0.9948	0.0902	190.33	5.50	359.46
2026-05-12T15:11:02.0632749+08:00	0x08	-0.0053	-0.0050	0.2256	0.9742	26.08	359.30	359.54
2026-05-12T15:11:02.1715866+08:00	0x09	0.0473	-0.1424	-0.4086	0.9003	311.45	342.83	358.21
2026-05-12T15:11:02.2676309+08:00	0x07	-0.8005	-0.4617	0.3678	0.1039	124.09	224.05	9.98
2026-05-12T15:11:02.3056314+08:00	0x06	-0.3490	-0.1415	0.9253	0.0445	169.27	317.41	13.35
2026-05-12T15:11:02.3507007+08:00	0x03	-0.0095	0.0019	0.1723	0.9850	19.85	0.02	358.89
2026-05-12T15:11:02.4254913+08:00	0x01	-0.0145	0.0195	-0.1151	0.9931	346.74	2.42	358.61
2026-05-12T15:11:02.5697441+08:00	0x05	0.0054	0.0124	0.4328	0.9014	51.29	1.55	359.94
2026-05-12T15:11:02.7534653+08:00	0x09	0.0473	-0.1424	-0.4086	0.9003	311.45	342.83	358.21
2026-05-12T15:11:02.8027634+08:00	0x06	-0.3708	-0.1442	0.9172	0.0221	171.25	314.87	14.37
2026-05-12T15:11:02.8606632+08:00	0x07	-0.8232	-0.4463	0.3360	0.1016	125.89	220.51	7.62
2026-05-12T15:11:02.8986177+08:00	0x03	-0.0095	0.0018	0.1723	0.9850	19.85	0.02	358.89
2026-05-12T15:11:02.9841991+08:00	0x01	-0.0145	0.0195	-0.1151	0.9931	346.74	2.42	358.61
2026-05-12T15:11:03.3002331+08:00	0x09	0.0473	-0.1423	-0.4086	0.9003	311.44	342.84	358.21
2026-05-12T15:11:03.3616934+08:00	0x03	-0.0095	0.0018	0.1723	0.9850	19.85	0.02	358.89
2026-05-12T15:11:03.3946799+08:00	0x07	-0.8383	-0.4252	0.3217	0.1138	127.93	219.67	4.75
2026-05-12T15:11:03.4917952+08:00	0x06	-0.3792	-0.1511	0.9128	0.0109	171.97	313.79	15.52
2026-05-12T15:11:03.5592458+08:00	0x01	-0.0145	0.0195	-0.1151	0.9931	346.74	2.42	358.61
2026-05-12T15:11:03.6244055+08:00	0x08	-0.0053	-0.0050	0.2256	0.9742	26.08	359.30	359.54
2026-05-12T15:11:03.8250218+08:00	0x09	0.0473	-0.1424	-0.4086	0.9003	311.45	342.83	358.21
2026-05-12T15:11:03.8888317+08:00	0x06	-0.3852	-0.1595	0.9089	-0.0123	173.95	313.14	17.42
2026-05-12T15:11:04.0101664+08:00	0x08	-0.0053	-0.0050	0.2256	0.9742	26.08	359.30	359.54
2026-05-12T15:11:04.0530508+08:00	0x02	-0.0482	-0.0004	-0.9948	0.0902	190.33	5.50	359.46
2026-05-12T15:11:04.1353364+08:00	0x01	-0.0145	0.0195	-0.1151	0.9931	346.74	2.42	358.61
2026-05-12T15:11:04.3582526+08:00	0x09	0.0473	-0.1424	-0.4086	0.9003	311.45	342.83	358.21
2026-05-12T15:11:04.4613455+08:00	0x06	-0.3886	-0.1682	0.9057	-0.0226	174.56	312.66	18.80
2026-05-12T15:11:04.4935841+08:00	0x03	-0.0095	0.0019	0.1723	0.9850	19.85	0.02	358.89
2026-05-12T15:11:04.5492716+08:00	0x07	-0.8529	-0.4049	0.3068	0.1202	130.08	218.41	2.49
2026-05-12T15:11:04.6376301+08:00	0x01	-0.0145	0.0195	-0.1151	0.9931	346.74	2.42	358.61
2026-05-12T15:11:04.8386745+08:00	0x05	0.0054	0.0124	0.4328	0.9014	51.29	1.55	359.94
2026-05-12T15:11:04.8933027+08:00	0x09	0.0473	-0.1424	-0.4086	0.9003	311.45	342.83	358.22
2026-05-12T15:11:04.9489986+08:00	0x06	-0.3880	-0.1675	0.9059	-0.0264	175.02	312.79	18.91
2026-05-12T15:11:05.0461979+08:00	0x03	-0.0095	0.0019	0.1723	0.9850	19.85	0.02	358.89
2026-05-12T15:11:05.0865967+08:00	0x07	-0.8604	-0.3878	0.3067	0.1237	131.97	218.60	1.43
2026-05-12T15:11:05.1534441+08:00	0x02	-0.0482	-0.0004	-0.9948	0.0902	190.33	5.50	359.46
2026-05-12T15:11:05.3022110+08:00	0x05	0.0054	0.0124	0.4328	0.9014	51.29	1.55	359.94
2026-05-12T15:11:05.4293634+08:00	0x09	0.0473	-0.1424	-0.4086	0.9003	311.45	342.83	358.21
2026-05-12T15:11:05.4849682+08:00	0x06	-0.3851	-0.1697	0.9066	-0.0302	175.38	313.18	19.33
2026-05-12T15:11:05.5874804+08:00	0x03	-0.0095	0.0019	0.1723	0.9850	19.85	0.02	358.89
2026-05-12T15:11:05.7079405+08:00	0x01	-0.0145	0.0195	-0.1151	0.9931	346.74	2.42	358.61
2026-05-12T15:11:05.7226530+08:00	0x02	-0.0482	-0.0004	-0.9948	0.0902	190.33	5.50	359.46
2026-05-12T15:11:05.7847356+08:00	0x07	-0.8626	-0.3847	0.3039	0.1249	132.29	218.35	1.04
2026-05-12T15:11:05.8735109+08:00	0x08	-0.0052	-0.0050	0.2256	0.9742	26.08	359.30	359.54
2026-05-12T15:11:05.9611578+08:00	0x09	0.0473	-0.1424	-0.4086	0.9003	311.45	342.83	358.21
2026-05-12T15:11:06.1754160+08:00	0x03	-0.0095	0.0019	0.1723	0.9850	19.85	0.02	358.89
2026-05-12T15:11:06.2092396+08:00	0x07	-0.8664	-0.3778	0.2995	0.1302	132.90	218.13	0.05
2026-05-12T15:11:06.2884408+08:00	0x01	-0.0145	0.0195	-0.1151	0.9931	346.74	2.42	358.61
2026-05-12T15:11:06.4942074+08:00	0x09	0.0473	-0.1424	-0.4086	0.9003	311.45	342.83	358.21
2026-05-12T15:11:06.7164894+08:00	0x03	-0.0095	0.0019	0.1723	0.9850	19.85	0.02	358.89
2026-05-12T15:11:06.7324471+08:00	0x07	-0.8657	-0.3809	0.2981	0.1287	132.59	217.90	0.25
2026-05-12T15:11:06.7822964+08:00	0x08	-0.0052	-0.0051	0.2256	0.9742	26.08	359.30	359.55
2026-05-12T15:11:06.8069537+08:00	0x02	-0.0482	-0.0004	-0.9948	0.0902	190.33	5.50	359.46
2026-05-12T15:11:06.8530416+08:00	0x01	-0.0145	0.0195	-0.1151	0.9931	346.74	2.42	358.61
2026-05-12T15:11:07.0873073+08:00	0x09	0.0473	-0.1424	-0.4086	0.9003	311.45	342.83	358.21
2026-05-12T15:11:07.1531705+08:00	0x06	-0.3959	-0.1761	0.9004	-0.0382	175.68	311.75	20.33
2026-05-12T15:11:07.2385060+08:00	0x03	-0.0095	0.0019	0.1723	0.9850	19.85	0.02	358.89
2026-05-12T15:11:07.3599195+08:00	0x02	-0.0482	-0.0004	-0.9948	0.0902	190.33	5.50	359.46
2026-05-12T15:11:07.4649585+08:00	0x07	-0.8646	-0.3856	0.2966	0.1262	132.14	217.60	0.61
2026-05-12T15:11:07.6446135+08:00	0x06	-0.3998	-0.1814	0.8968	-0.0548	177.12	311.40	21.66
2026-05-12T15:11:07.6760709+08:00	0x09	0.0473	-0.1424	-0.4086	0.9003	311.45	342.83	358.21
2026-05-12T15:11:07.7986797+08:00	0x03	-0.0095	0.0018	0.1723	0.9850	19.85	0.02	358.89
2026-05-12T15:11:07.8693045+08:00	0x07	-0.8632	-0.3918	0.2939	0.1227	131.52	217.13	1.06
2026-05-12T15:11:07.9209453+08:00	0x02	-0.0482	-0.0004	-0.9948	0.0902	190.33	5.50	359.46
2026-05-12T15:11:08.0226789+08:00	0x05	0.0054	0.0125	0.4328	0.9014	51.29	1.56	359.94
2026-05-12T15:11:08.1589634+08:00	0x09	0.0473	-0.1424	-0.4086	0.9003	311.45	342.83	358.21
2026-05-12T15:11:08.2647687+08:00	0x03	-0.0095	0.0018	0.1723	0.9850	19.85	0.02	358.89
2026-05-12T15:11:08.4359363+08:00	0x08	-0.0053	-0.0051	0.2256	0.9742	26.08	359.30	359.54
2026-05-12T15:11:08.4851114+08:00	0x02	-0.0482	-0.0004	-0.9948	0.0902	190.33	5.50	359.46
2026-05-12T15:11:08.6934550+08:00	0x09	0.0473	-0.1424	-0.4086	0.9003	311.45	342.83	358.21
2026-05-12T15:11:08.8636064+08:00	0x03	-0.0095	0.0019	0.1723	0.9850	19.85	0.02	358.89
2026-05-12T15:11:08.8941028+08:00	0x08	-0.0052	-0.0051	0.2256	0.9742	26.08	359.30	359.55
2026-05-12T15:11:08.9957934+08:00	0x07	-0.8632	-0.3917	0.2940	0.1228	131.54	217.14	1.04
2026-05-12T15:11:09.1790127+08:00	0x09	0.0473	-0.1424	-0.4086	0.9003	311.45	342.83	358.21
2026-05-12T15:11:09.3173159+08:00	0x06	-0.4368	-0.0298	0.8990	0.0143	177.03	308.11	2.35
2026-05-12T15:11:09.3939539+08:00	0x03	-0.0095	0.0019	0.1723	0.9850	19.85	0.02	358.89
2026-05-12T15:11:09.5052229+08:00	0x08	-0.0052	-0.0051	0.2256	0.9742	26.08	359.30	359.55
2026-05-12T15:11:09.5382213+08:00	0x07	-0.8234	-0.1629	0.5385	-0.0741	168.61	244.64	17.31
2026-05-12T15:11:09.7673561+08:00	0x09	0.0473	-0.1424	-0.4086	0.9003	311.45	342.83	358.21
2026-05-12T15:11:09.9181627+08:00	0x06	-0.3614	-0.0237	0.9302	0.0596	172.65	317.54	0.06
2026-05-12T15:11:09.9371117+08:00	0x03	-0.0095	0.0019	0.1723	0.9850	19.85	0.02	358.89
2026-05-12T15:11:10.0863858+08:00	0x08	-0.0053	-0.0051	0.2256	0.9742	26.08	359.30	359.54
2026-05-12T15:11:10.1383327+08:00	0x01	-0.0145	0.0195	-0.1151	0.9931	346.74	2.41	358.61
2026-05-12T15:11:10.2917304+08:00	0x05	0.0054	0.0125	0.4328	0.9014	51.29	1.55	359.94
2026-05-12T15:11:10.3180408+08:00	0x09	0.0473	-0.1424	-0.4086	0.9003	311.45	342.83	358.22
2026-05-12T15:11:10.4927630+08:00	0x03	-0.0095	0.0019	0.1723	0.9850	19.85	0.02	358.89
2026-05-12T15:11:10.5923496+08:00	0x07	-0.8512	-0.0425	0.5214	0.0414	173.37	243.07	358.50
2026-05-12T15:11:10.6571177+08:00	0x02	-0.0482	-0.0004	-0.9948	0.0902	190.33	5.50	359.46
2026-05-12T15:11:10.7290613+08:00	0x08	-0.0053	-0.0051	0.2256	0.9742	26.08	359.30	359.54
2026-05-12T15:11:10.8346238+08:00	0x09	0.0473	-0.1424	-0.4086	0.9003	311.45	342.83	358.22
2026-05-12T15:11:10.8944814+08:00	0x06	-0.3250	-0.0118	0.9376	0.1230	166.19	322.17	356.68
2026-05-12T15:11:11.0259903+08:00	0x03	-0.0095	0.0019	0.1723	0.9850	19.85	0.02	358.89
2026-05-12T15:11:11.1681487+08:00	0x08	-0.0053	-0.0051	0.2256	0.9742	26.08	359.30	359.54
2026-05-12T15:11:11.2064281+08:00	0x07	-0.8557	-0.0367	0.5137	0.0496	173.46	242.11	357.30
2026-05-12T15:11:11.3907760+08:00	0x09	0.0473	-0.1424	-0.4086	0.9003	311.45	342.83	358.22
2026-05-12T15:11:11.4199283+08:00	0x06	-0.3241	-0.0092	0.9361	0.1361	164.84	322.34	355.93
2026-05-12T15:11:11.5565232+08:00	0x03	-0.0095	0.0018	0.1723	0.9850	19.85	0.02	358.89
2026-05-12T15:11:11.6241121+08:00	0x08	-0.0053	-0.0051	0.2256	0.9742	26.08	359.30	359.54
2026-05-12T15:11:11.7143274+08:00	0x01	-0.0145	0.0195	-0.1151	0.9931	346.74	2.41	358.61
2026-05-12T15:11:11.7612123+08:00	0x02	-0.0482	-0.0004	-0.9948	0.0902	190.33	5.50	359.46
2026-05-12T15:11:11.7851482+08:00	0x07	-0.8508	-0.0355	0.5223	0.0460	173.77	243.22	357.64
2026-05-12T15:11:11.8638053+08:00	0x09	0.0473	-0.1424	-0.4086	0.9003	311.45	342.83	358.21
2026-05-12T15:11:11.9698812+08:00	0x06	-0.3252	-0.0019	0.9333	0.1521	163.36	322.38	354.52
2026-05-12T15:11:12.0902936+08:00	0x03	-0.0095	0.0018	0.1723	0.9850	19.85	0.02	358.89
2026-05-12T15:11:12.2516771+08:00	0x08	-0.0053	-0.0051	0.2256	0.9742	26.08	359.30	359.54
2026-05-12T15:11:12.2681668+08:00	0x07	-0.8535	-0.0366	0.5174	0.0498	173.45	242.61	357.30
2026-05-12T15:11:12.4005698+08:00	0x09	0.0473	-0.1424	-0.4086	0.9003	311.45	342.83	358.21
2026-05-12T15:11:12.4933898+08:00	0x06	-0.3273	0.0062	0.9313	0.1599	162.80	322.28	353.33
2026-05-12T15:11:12.6980629+08:00	0x03	-0.0095	0.0018	0.1723	0.9850	19.85	0.02	358.89
2026-05-12T15:11:12.7770619+08:00	0x01	-0.0145	0.0195	-0.1151	0.9931	346.74	2.41	358.61
2026-05-12T15:11:12.8559485+08:00	0x07	-0.8530	-0.0416	0.5183	0.0462	173.17	242.69	357.95
2026-05-12T15:11:12.9529597+08:00	0x09	0.0473	-0.1424	-0.4086	0.9003	311.45	342.83	358.21
2026-05-12T15:11:13.0080745+08:00	0x05	0.0054	0.0125	0.4328	0.9014	51.29	1.55	359.94
2026-05-12T15:11:13.2247036+08:00	0x03	-0.0095	0.0018	0.1723	0.9850	19.85	0.02	358.89
2026-05-12T15:11:13.3117288+08:00	0x08	-0.0053	-0.0051	0.2256	0.9742	26.08	359.30	359.54
2026-05-12T15:11:13.3676010+08:00	0x01	-0.0145	0.0195	-0.1151	0.9931	346.74	2.42	358.61
2026-05-12T15:11:13.3995147+08:00	0x07	-0.8527	-0.0389	0.5192	0.0436	173.60	242.78	358.06
2026-05-12T15:11:13.4440917+08:00	0x02	-0.0482	-0.0004	-0.9948	0.0902	190.33	5.50	359.46
2026-05-12T15:11:13.5207826+08:00	0x09	0.0473	-0.1424	-0.4086	0.9003	311.45	342.83	358.21
2026-05-12T15:11:13.7223292+08:00	0x06	-0.3296	0.0142	0.9278	0.1743	161.50	322.20	351.88
2026-05-12T15:11:13.9220689+08:00	0x08	-0.0053	-0.0051	0.2256	0.9742	26.08	359.30	359.54
2026-05-12T15:11:13.9553259+08:00	0x01	-0.0145	0.0195	-0.1151	0.9931	346.74	2.42	358.61
2026-05-12T15:11:13.9750601+08:00	0x07	-0.8479	-0.0194	0.5269	0.0560	174.71	243.91	355.73
2026-05-12T15:11:14.1490850+08:00	0x06	-0.3033	0.0207	0.9315	0.2000	158.61	325.67	350.81
2026-05-12T15:11:14.2968940+08:00	0x03	-0.0095	0.0018	0.1723	0.9850	19.85	0.02	358.90
2026-05-12T15:11:14.3807039+08:00	0x08	-0.0052	-0.0051	0.2256	0.9742	26.08	359.30	359.55
2026-05-12T15:11:14.5060970+08:00	0x02	-0.0482	-0.0003	-0.9948	0.0902	190.33	5.50	359.47
2026-05-12T15:11:14.5286882+08:00	0x07	-0.8075	-0.0154	0.5881	0.0432	175.65	252.25	357.04
2026-05-12T15:11:14.6558013+08:00	0x09	0.0473	-0.1424	-0.4086	0.9003	311.45	342.83	358.21
2026-05-12T15:11:14.7143807+08:00	0x06	-0.2634	0.0319	0.9474	0.1789	160.97	330.42	351.11
2026-05-12T15:11:14.8979162+08:00	0x03	-0.0095	0.0018	0.1723	0.9850	19.85	0.02	358.90
2026-05-12T15:11:14.9134539+08:00	0x08	-0.0053	-0.0050	0.2256	0.9742	26.08	359.30	359.54
2026-05-12T15:11:15.0382464+08:00	0x01	-0.0145	0.0195	-0.1151	0.9931	346.74	2.41	358.60
2026-05-12T15:11:15.0670417+08:00	0x07	-0.8006	-0.0609	0.5942	0.0467	171.20	253.18	359.86
2026-05-12T15:11:15.1467814+08:00	0x09	0.0473	-0.1424	-0.4086	0.9003	311.45	342.83	358.21
2026-05-12T15:11:15.2296571+08:00	0x02	-0.0481	-0.0003	-0.9948	0.0902	190.33	5.49	359.47
2026-05-12T15:11:15.4341452+08:00	0x03	-0.0095	0.0018	0.1723	0.9850	19.85	0.02	358.89
2026-05-12T15:11:15.4804043+08:00	0x08	-0.0053	-0.0050	0.2256	0.9742	26.08	359.30	359.54
2026-05-12T15:11:15.4943672+08:00	0x01	-0.0145	0.0195	-0.1151	0.9931	346.74	2.41	358.60
2026-05-12T15:11:15.5968127+08:00	0x07	-0.8380	-0.0704	0.5398	0.0366	170.94	245.51	0.84
2026-05-12T15:11:15.7437482+08:00	0x06	-0.2646	0.0315	0.9470	0.1795	160.89	330.28	351.10
2026-05-12T15:11:15.7840191+08:00	0x05	0.0054	0.0123	0.4328	0.9014	51.29	1.54	359.95
2026-05-12T15:11:15.9188404+08:00	0x03	-0.0095	0.0018	0.1723	0.9850	19.85	0.02	358.89
2026-05-12T15:11:15.9897239+08:00	0x08	-0.0053	-0.0051	0.2256	0.9742	26.08	359.30	359.54
2026-05-12T15:11:16.0465599+08:00	0x01	-0.0145	0.0195	-0.1151	0.9931	346.74	2.41	358.61
2026-05-12T15:11:16.0920677+08:00	0x07	-0.8388	-0.0048	0.5381	0.0828	174.37	245.75	352.32
2026-05-12T15:11:16.1837604+08:00	0x02	-0.0482	-0.0003	-0.9948	0.0902	190.33	5.49	359.46
2026-05-12T15:11:16.2584633+08:00	0x09	0.0473	-0.1424	-0.4086	0.9003	311.45	342.83	358.21
2026-05-12T15:11:16.4430375+08:00	0x03	-0.0095	0.0019	0.1723	0.9850	19.85	0.02	358.89
2026-05-12T15:11:16.6038735+08:00	0x01	-0.0145	0.0195	-0.1151	0.9931	346.74	2.42	358.61
2026-05-12T15:11:16.6693795+08:00	0x07	-0.8210	-0.0063	0.5667	0.0699	174.84	249.51	353.82
2026-05-12T15:11:16.7631792+08:00	0x02	-0.0482	-0.0003	-0.9948	0.0902	190.33	5.50	359.46
2026-05-12T15:11:16.8050788+08:00	0x09	0.0473	-0.1424	-0.4086	0.9003	311.45	342.83	358.21
2026-05-12T15:11:16.8679251+08:00	0x06	0.0496	0.0741	0.9804	0.1757	159.22	7.14	352.65
2026-05-12T15:11:17.0530105+08:00	0x03	-0.0095	0.0018	0.1723	0.9850	19.85	0.02	358.90
2026-05-12T15:11:17.1034227+08:00	0x01	-0.0145	0.0195	-0.1151	0.9931	346.74	2.42	358.61
2026-05-12T15:11:17.1556538+08:00	0x07	-0.8628	0.0218	0.5030	0.0461	179.50	240.50	354.17
2026-05-12T15:11:17.2816449+08:00	0x02	-0.0482	-0.0004	-0.9948	0.0902	190.33	5.50	359.46
2026-05-12T15:11:17.3781842+08:00	0x09	0.0473	-0.1424	-0.4086	0.9003	311.45	342.83	358.21
2026-05-12T15:11:17.5780699+08:00	0x03	-0.0095	0.0019	0.1723	0.9850	19.85	0.02	358.90
2026-05-12T15:11:17.6613601+08:00	0x08	-0.0053	-0.0051	0.2256	0.9742	26.08	359.30	359.54
2026-05-12T15:11:17.7460332+08:00	0x07	-0.8671	0.0168	0.4934	0.0667	177.88	239.42	352.40
2026-05-12T15:11:17.8946682+08:00	0x01	-0.0145	0.0195	-0.1151	0.9931	346.74	2.41	358.61
2026-05-12T15:11:17.9255357+08:00	0x09	0.0473	-0.1424	-0.4086	0.9003	311.45	342.83	358.21
2026-05-12T15:11:18.0657179+08:00	0x03	-0.0095	0.0019	0.1723	0.9850	19.85	0.02	358.90
2026-05-12T15:11:18.2373610+08:00	0x07	-0.8420	0.0275	0.5348	0.0663	178.57	244.94	351.89
2026-05-12T15:11:18.2583442+08:00	0x08	-0.0053	-0.0050	0.2256	0.9742	26.08	359.31	359.54
2026-05-12T15:11:18.2783361+08:00	0x01	-0.0145	0.0196	-0.1151	0.9930	346.74	2.42	358.60
2026-05-12T15:11:18.3623971+08:00	0x02	-0.0483	-0.0003	-0.9948	0.0902	190.33	5.51	359.46
2026-05-12T15:11:18.4646049+08:00	0x09	0.0473	-0.1424	-0.4086	0.9003	311.45	342.83	358.21
2026-05-12T15:11:18.6578688+08:00	0x03	-0.0095	0.0019	0.1723	0.9850	19.85	0.02	358.89
2026-05-12T15:11:18.7442285+08:00	0x08	-0.0053	-0.0050	0.2256	0.9742	26.08	359.31	359.54
2026-05-12T15:11:18.8033367+08:00	0x07	-0.7799	0.0104	0.6243	0.0443	177.75	257.45	355.29
2026-05-12T15:11:18.9449956+08:00	0x02	-0.0484	-0.0004	-0.9948	0.0902	190.33	5.52	359.46
2026-05-12T15:11:18.9939482+08:00	0x06	0.0924	0.0946	0.9714	0.1971	156.12	12.66	351.53
2026-05-12T15:11:19.1449494+08:00	0x03	-0.0095	0.0019	0.1723	0.9850	19.85	0.02	358.89
2026-05-12T15:11:19.2518186+08:00	0x01	-0.0145	0.0196	-0.1151	0.9931	346.74	2.42	358.61
2026-05-12T15:11:19.3268707+08:00	0x08	-0.0053	-0.0050	0.2256	0.9742	26.08	359.31	359.54
2026-05-12T15:11:19.4528732+08:00	0x02	-0.0484	-0.0004	-0.9948	0.0902	190.33	5.52	359.46
2026-05-12T15:11:19.5198638+08:00	0x09	0.0473	-0.1424	-0.4086	0.9003	311.45	342.83	358.21
2026-05-12T15:11:19.7607568+08:00	0x03	-0.0095	0.0019	0.1723	0.9850	19.85	0.02	358.90
2026-05-12T15:11:19.7857185+08:00	0x01	-0.0145	0.0195	-0.1151	0.9931	346.74	2.42	358.61
2026-05-12T15:11:19.8902234+08:00	0x07	-0.8871	-0.0378	0.4585	0.0377	174.17	234.76	358.16
2026-05-12T15:11:19.9180227+08:00	0x08	-0.0053	-0.0050	0.2256	0.9742	26.08	359.30	359.54
2026-05-12T15:11:19.9501041+08:00	0x02	-0.0483	-0.0004	-0.9948	0.0902	190.33	5.51	359.46
2026-05-12T15:11:20.1105343+08:00	0x09	0.0473	-0.1424	-0.4086	0.9003	311.45	342.83	358.21
2026-05-12T15:11:20.2617824+08:00	0x05	0.0054	0.0125	0.4328	0.9014	51.29	1.56	359.94
2026-05-12T15:11:20.2942879+08:00	0x03	-0.0095	0.0019	0.1723	0.9850	19.85	0.02	358.89
2026-05-12T15:11:20.4402662+08:00	0x07	-0.8656	-0.0277	0.4994	0.0226	175.95	239.99	359.34
2026-05-12T15:11:20.4708880+08:00	0x08	-0.0053	-0.0050	0.2256	0.9742	26.08	359.30	359.54
2026-05-12T15:11:20.5317337+08:00	0x02	-0.0483	-0.0004	-0.9948	0.0902	190.33	5.51	359.46
2026-05-12T15:11:20.6143199+08:00	0x01	-0.0145	0.0196	-0.1151	0.9931	346.74	2.42	358.61
2026-05-12T15:11:20.7156654+08:00	0x05	0.0054	0.0125	0.4328	0.9014	51.29	1.56	359.94
2026-05-12T15:11:20.8062307+08:00	0x09	0.0473	-0.1424	-0.4086	0.9003	311.45	342.83	358.21
2026-05-12T15:11:20.9085738+08:00	0x01	-0.0145	0.0196	-0.1151	0.9931	346.74	2.42	358.61
2026-05-12T15:11:21.0058625+08:00	0x03	-0.0095	0.0018	0.1723	0.9850	19.85	0.02	358.90
2026-05-12T15:11:21.0388202+08:00	0x07	-0.8709	-0.0373	0.4893	0.0274	174.73	238.69	359.36
2026-05-12T15:11:21.1820647+08:00	0x09	0.0473	-0.1424	-0.4086	0.9003	311.45	342.83	358.21
2026-05-12T15:11:21.2775779+08:00	0x06	0.0718	0.0598	0.9776	0.1886	157.73	9.41	354.85
2026-05-12T15:11:21.3210699+08:00	0x03	-0.0095	0.0018	0.1723	0.9850	19.85	0.02	358.90
2026-05-12T15:11:21.5269474+08:00	0x01	-0.0145	0.0196	-0.1151	0.9931	346.74	2.42	358.61
2026-05-12T15:11:21.5846862+08:00	0x02	-0.0483	-0.0004	-0.9948	0.0902	190.33	5.51	359.46
2026-05-12T15:11:21.7134918+08:00	0x09	0.0473	-0.1424	-0.4086	0.9003	311.45	342.83	358.21
2026-05-12T15:11:21.7529121+08:00	0x06	0.0666	0.0602	0.9774	0.1914	157.44	8.85	354.71
2026-05-12T15:11:21.8372310+08:00	0x03	-0.0095	0.0018	0.1723	0.9850	19.85	0.02	358.89
2026-05-12T15:11:22.0798796+08:00	0x07	-0.8615	-0.0174	0.5070	0.0215	177.03	240.98	358.89
2026-05-12T15:11:22.0948405+08:00	0x08	-0.0053	-0.0050	0.2256	0.9742	26.08	359.30	359.54
2026-05-12T15:11:22.1307473+08:00	0x01	-0.0145	0.0196	-0.1151	0.9931	346.74	2.42	358.61
2026-05-12T15:11:22.2726852+08:00	0x06	0.0642	0.0626	0.9784	0.1863	158.01	8.61	354.34
2026-05-12T15:11:22.3286020+08:00	0x09	0.0473	-0.1424	-0.4086	0.9003	311.45	342.83	358.21
2026-05-12T15:11:22.3863981+08:00	0x03	-0.0095	0.0018	0.1723	0.9850	19.85	0.02	358.89
2026-05-12T15:11:22.5974197+08:00	0x07	-0.8564	-0.0268	0.5151	0.0223	176.05	242.08	359.39
2026-05-12T15:11:22.8344417+08:00	0x06	0.0627	0.0619	0.9794	0.1818	158.56	8.40	354.35
2026-05-12T15:11:22.9202709+08:00	0x03	-0.0095	0.0018	0.1723	0.9850	19.85	0.02	358.89
2026-05-12T15:11:23.1431127+08:00	0x07	-0.8572	-0.0390	0.5131	0.0201	174.98	241.80	0.32
2026-05-12T15:11:23.1995047+08:00	0x08	-0.0053	-0.0051	0.2256	0.9742	26.08	359.30	359.54
2026-05-12T15:11:23.2150910+08:00	0x02	-0.0482	-0.0004	-0.9948	0.0902	190.33	5.50	359.46
2026-05-12T15:11:23.3782891+08:00	0x06	0.0626	0.0635	0.9799	0.1783	158.95	8.40	354.14
2026-05-12T15:11:23.4547988+08:00	0x03	-0.0095	0.0018	0.1723	0.9850	19.85	0.02	358.89
2026-05-12T15:11:23.7190429+08:00	0x07	-0.8600	-0.0383	0.5085	0.0172	175.22	241.17	0.54
2026-05-12T15:11:23.7734079+08:00	0x02	-0.0482	-0.0004	-0.9948	0.0902	190.33	5.50	359.46
2026-05-12T15:11:23.8005388+08:00	0x08	-0.0053	-0.0051	0.2256	0.9742	26.08	359.30	359.54
2026-05-12T15:11:23.9496271+08:00	0x06	0.0600	0.0693	0.9796	0.1791	158.81	8.24	353.43
2026-05-12T15:11:23.9979163+08:00	0x03	-0.0095	0.0018	0.1723	0.9850	19.85	0.02	358.89
2026-05-12T15:11:24.2528048+08:00	0x07	-0.8592	-0.0377	0.5099	0.0154	175.38	241.35	0.69
2026-05-12T15:11:24.2692753+08:00	0x08	-0.0053	-0.0051	0.2256	0.9742	26.08	359.30	359.54
2026-05-12T15:11:24.3401325+08:00	0x01	-0.0145	0.0195	-0.1151	0.9931	346.74	2.41	358.61
2026-05-12T15:11:24.3743967+08:00	0x02	-0.0482	-0.0004	-0.9948	0.0902	190.33	5.50	359.46
2026-05-12T15:11:24.4097253+08:00	0x06	0.0609	0.0669	0.9801	0.1769	159.09	8.27	353.70
2026-05-12T15:11:24.4566279+08:00	0x09	0.0473	-0.1424	-0.4086	0.9003	311.45	342.83	358.21
2026-05-12T15:11:24.6215845+08:00	0x03	-0.0095	0.0018	0.1723	0.9850	19.85	0.02	358.90
2026-05-12T15:11:24.7587277+08:00	0x08	-0.0053	-0.0051	0.2256	0.9742	26.08	359.30	359.54
2026-05-12T15:11:24.7852317+08:00	0x07	-0.8594	-0.0446	0.5091	0.0149	174.73	241.22	1.14
2026-05-12T15:11:24.8592394+08:00	0x02	-0.0482	-0.0004	-0.9948	0.0902	190.33	5.50	359.46
2026-05-12T15:11:25.0214924+08:00	0x06	0.0596	0.0665	0.9810	0.1721	159.65	8.09	353.69
2026-05-12T15:11:25.1087141+08:00	0x09	0.0473	-0.1424	-0.4086	0.9003	311.45	342.83	358.21
2026-05-12T15:11:25.1430760+08:00	0x03	-0.0095	0.0018	0.1723	0.9850	19.85	0.02	358.90
2026-05-12T15:11:25.3581349+08:00	0x08	-0.0052	-0.0051	0.2256	0.9742	26.08	359.30	359.55
2026-05-12T15:11:25.4519505+08:00	0x02	-0.0482	-0.0004	-0.9948	0.0902	190.33	5.50	359.46
2026-05-12T15:11:25.5151453+08:00	0x06	0.0595	0.0642	0.9811	0.1723	159.65	8.02	353.94
2026-05-12T15:11:25.6699642+08:00	0x03	-0.0095	0.0018	0.1723	0.9850	19.85	0.02	358.90
2026-05-12T15:11:25.8319545+08:00	0x08	-0.0053	-0.0051	0.2256	0.9742	26.08	359.30	359.54
2026-05-12T15:11:25.9025829+08:00	0x07	-0.8672	-0.0470	0.4955	0.0164	174.39	239.44	1.04
2026-05-12T15:11:26.1008295+08:00	0x09	0.0473	-0.1424	-0.4086	0.9003	311.45	342.83	358.21
2026-05-12T15:11:26.1387896+08:00	0x06	0.0604	0.0639	0.9806	0.1751	159.32	8.14	354.02
2026-05-12T15:11:26.1934099+08:00	0x03	-0.0095	0.0018	0.1723	0.9850	19.85	0.02	358.90
2026-05-12T15:11:26.3057156+08:00	0x05	0.0054	0.0124	0.4328	0.9014	51.29	1.55	359.94
2026-05-12T15:11:26.4247778+08:00	0x02	-0.0482	-0.0004	-0.9948	0.0902	190.33	5.50	359.46
2026-05-12T15:11:26.4566915+08:00	0x01	-0.0145	0.0196	-0.1151	0.9931	346.74	2.42	358.61
2026-05-12T15:11:26.4894535+08:00	0x07	-0.8628	-0.0486	0.5030	0.0166	174.22	240.42	1.17
2026-05-12T15:11:26.6480146+08:00	0x09	0.0473	-0.1424	-0.4086	0.9003	311.45	342.83	358.21
2026-05-12T15:11:26.7366855+08:00	0x03	-0.0095	0.0018	0.1723	0.9850	19.85	0.02	358.90
2026-05-12T15:11:26.9396369+08:00	0x08	-0.0052	-0.0051	0.2256	0.9742	26.08	359.30	359.55
2026-05-12T15:11:27.0087482+08:00	0x07	-0.7860	-0.1216	0.6057	-0.0233	170.45	254.35	10.60
2026-05-12T15:11:27.0712089+08:00	0x01	-0.0145	0.0195	-0.1151	0.9931	346.74	2.41	358.61
2026-05-12T15:11:27.1162788+08:00	0x09	0.0473	-0.1424	-0.4086	0.9003	311.45	342.83	358.21
2026-05-12T15:11:27.2247885+08:00	0x06	-0.0061	0.0722	0.9901	-0.1205	194.00	358.29	351.86
2026-05-12T15:11:27.2807687+08:00	0x03	-0.0095	0.0018	0.1723	0.9850	19.85	0.02	358.90
2026-05-12T15:11:27.5049009+08:00	0x08	-0.0052	-0.0052	0.2256	0.9742	26.08	359.28	359.55
2026-05-12T15:11:27.5443543+08:00	0x01	-0.0145	0.0196	-0.1151	0.9930	346.74	2.42	358.61
2026-05-12T15:11:27.7208364+08:00	0x07	-0.7886	-0.1195	0.6028	-0.0221	170.53	253.94	10.31
2026-05-12T15:11:27.8001058+08:00	0x06	-0.0041	0.0721	0.9911	-0.1117	192.96	358.60	351.84
2026-05-12T15:11:27.8399510+08:00	0x03	-0.0095	0.0018	0.1723	0.9850	19.85	0.02	358.90
2026-05-12T15:11:27.9159026+08:00	0x09	0.0473	-0.1424	-0.4086	0.9003	311.45	342.83	358.21
2026-05-12T15:11:28.0272842+08:00	0x08	-0.0052	-0.0052	0.2256	0.9742	26.08	359.28	359.56
2026-05-12T15:11:28.0977583+08:00	0x02	-0.0481	-0.0003	-0.9948	0.0902	190.33	5.48	359.47
2026-05-12T15:11:28.1982461+08:00	0x06	-0.2761	-0.0521	0.9426	-0.1804	198.52	329.22	11.41
2026-05-12T15:11:28.3135862+08:00	0x01	-0.0146	0.0196	-0.1151	0.9930	346.74	2.42	358.60
2026-05-12T15:11:28.4320909+08:00	0x05	0.0053	0.0126	0.4328	0.9014	51.29	1.56	359.92
2026-05-12T15:11:28.6078624+08:00	0x08	-0.0052	-0.0053	0.2256	0.9742	26.08	359.28	359.56
2026-05-12T15:11:28.7119515+08:00	0x01	-0.0145	0.0196	-0.1151	0.9930	346.74	2.42	358.61
2026-05-12T15:11:28.7577327+08:00	0x02	-0.0480	-0.0003	-0.9948	0.0902	190.33	5.48	359.47
2026-05-12T15:11:28.7759673+08:00	0x06	-0.3312	-0.0619	0.9409	0.0355	173.79	320.93	5.34
2026-05-12T15:11:28.8581856+08:00	0x07	-0.7036	-0.3822	0.5910	-0.0982	148.51	249.54	36.16
2026-05-12T15:11:28.9474457+08:00	0x09	0.0473	-0.1424	-0.4086	0.9003	311.45	342.83	358.21
2026-05-12T15:11:29.0855968+08:00	0x08	-0.0052	-0.0053	0.2256	0.9742	26.08	359.28	359.56
2026-05-12T15:11:29.1900495+08:00	0x02	-0.0481	-0.0003	-0.9948	0.0902	190.33	5.48	359.47
2026-05-12T15:11:29.2106116+08:00	0x07	-0.5618	-0.2817	0.6966	-0.3461	195.38	289.66	51.38
2026-05-12T15:11:29.2430326+08:00	0x01	-0.0145	0.0196	-0.1151	0.9930	346.74	2.42	358.61
2026-05-12T15:11:29.3566271+08:00	0x06	-0.1672	-0.0260	0.9775	0.1261	165.21	340.52	0.50
2026-05-12T15:11:29.4451272+08:00	0x03	-0.0095	0.0018	0.1723	0.9850	19.85	0.02	358.90
2026-05-12T15:11:29.5321079+08:00	0x09	0.0473	-0.1424	-0.4086	0.9003	311.45	342.83	358.21
2026-05-12T15:11:29.6045938+08:00	0x08	-0.0052	-0.0052	0.2256	0.9742	26.08	359.28	359.55
2026-05-12T15:11:29.7384377+08:00	0x07	-0.4836	-0.3827	0.6282	-0.4744	221.34	314.41	69.99
2026-05-12T15:11:29.7962235+08:00	0x01	-0.0145	0.0196	-0.1151	0.9931	346.74	2.42	358.61
2026-05-12T15:11:29.8279090+08:00	0x09	0.0473	-0.1424	-0.4086	0.9003	311.45	342.83	358.21
2026-05-12T15:11:29.9951172+08:00	0x03	-0.0095	0.0018	0.1723	0.9850	19.85	0.02	358.89
2026-05-12T15:11:30.0761435+08:00	0x06	-0.1655	-0.0036	0.9549	0.2464	151.76	341.41	355.72
2026-05-12T15:11:30.1634082+08:00	0x08	-0.0052	-0.0052	0.2256	0.9742	26.08	359.29	359.55
2026-05-12T15:11:30.2913717+08:00	0x07	-0.3582	-0.4895	0.4259	-0.6714	329.83	53.11	63.88
2026-05-12T15:11:30.4502458+08:00	0x06	-0.1620	0.0124	0.9310	0.3268	142.44	342.78	352.60
2026-05-12T15:11:30.5149725+08:00	0x03	-0.0095	0.0018	0.1723	0.9850	19.85	0.02	358.90
2026-05-12T15:11:30.5473161+08:00	0x09	0.0473	-0.1424	-0.4086	0.9003	311.45	342.83	358.21
2026-05-12T15:11:30.6825811+08:00	0x08	-0.0052	-0.0052	0.2256	0.9742	26.08	359.29	359.55
2026-05-12T15:11:30.8159945+08:00	0x07	-0.2917	-0.5359	0.3353	-0.7179	344.40	65.99	51.09
2026-05-12T15:11:30.8689622+08:00	0x02	-0.0481	-0.0004	-0.9948	0.0902	190.33	5.49	359.46
2026-05-12T15:11:31.0998514+08:00	0x03	-0.0095	0.0019	0.1723	0.9850	19.85	0.02	358.89
2026-05-12T15:11:31.1727288+08:00	0x06	-0.1591	0.0218	0.9108	0.3805	135.96	343.93	350.75
2026-05-12T15:11:31.3651012+08:00	0x01	-0.0145	0.0196	-0.1151	0.9931	346.74	2.42	358.61
2026-05-12T15:11:31.4070394+08:00	0x09	0.0473	-0.1424	-0.4086	0.9003	311.45	342.83	358.21
2026-05-12T15:11:31.5412503+08:00	0x06	-0.1565	0.0295	0.8922	0.4226	130.72	345.00	349.34
2026-05-12T15:11:31.5794900+08:00	0x02	-0.0482	-0.0004	-0.9948	0.0902	190.33	5.49	359.46
2026-05-12T15:11:31.6124012+08:00	0x05	0.0054	0.0125	0.4328	0.9014	51.29	1.56	359.94
2026-05-12T15:11:31.7621722+08:00	0x08	-0.0052	-0.0051	0.2256	0.9742	26.08	359.30	359.55
2026-05-12T15:11:31.9812935+08:00	0x07	-0.1812	-0.5720	0.2333	-0.7652	349.71	70.50	32.97
2026-05-12T15:11:32.0516407+08:00	0x06	-0.1550	0.0342	0.8802	0.4473	127.57	345.69	348.53
2026-05-12T15:11:32.1824774+08:00	0x03	-0.0095	0.0018	0.1723	0.9850	19.85	0.02	358.89
2026-05-12T15:11:32.2518808+08:00	0x08	-0.0052	-0.0051	0.2256	0.9742	26.08	359.30	359.55
2026-05-12T15:11:32.4595370+08:00	0x02	-0.0482	-0.0004	-0.9948	0.0902	190.33	5.49	359.46
2026-05-12T15:11:32.4760017+08:00	0x07	-0.0919	-0.5973	0.1056	-0.7897	356.61	73.73	15.74
2026-05-12T15:11:32.5399132+08:00	0x09	0.0473	-0.1424	-0.4086	0.9003	311.45	342.83	358.21
2026-05-12T15:11:32.7796169+08:00	0x03	-0.0095	0.0018	0.1723	0.9850	19.85	0.02	358.89
2026-05-12T15:11:33.0001131+08:00	0x07	-0.0532	-0.6024	0.0639	-0.7939	357.83	74.20	9.29
2026-05-12T15:11:33.0516578+08:00	0x01	-0.0145	0.0195	-0.1151	0.9931	346.74	2.41	358.61
2026-05-12T15:11:33.0980247+08:00	0x06	-0.1538	0.0363	0.8742	0.4592	126.02	346.08	348.18
2026-05-12T15:11:33.3139411+08:00	0x03	-0.0095	0.0018	0.1723	0.9850	19.85	0.02	358.89
2026-05-12T15:11:33.3462142+08:00	0x08	-0.0052	-0.0051	0.2256	0.9742	26.08	359.30	359.55
2026-05-12T15:11:33.5424200+08:00	0x07	-0.0374	-0.6029	-0.0129	-0.7969	3.77	74.30	2.53
2026-05-12T15:11:33.6095915+08:00	0x09	0.0473	-0.1424	-0.4086	0.9003	311.45	342.83	358.21
2026-05-12T15:11:33.7140878+08:00	0x06	-0.1361	0.0109	0.9150	0.3797	135.79	345.96	352.91
2026-05-12T15:11:33.8491322+08:00	0x03	-0.0095	0.0019	0.1723	0.9850	19.85	0.02	358.89
2026-05-12T15:11:34.0963633+08:00	0x01	-0.0145	0.0196	-0.1151	0.9931	346.74	2.42	358.61
2026-05-12T15:11:34.1275082+08:00	0x02	-0.0482	-0.0004	-0.9948	0.0902	190.33	5.50	359.46
2026-05-12T15:11:34.2025684+08:00	0x06	-0.1280	0.0039	0.9551	0.2673	149.26	345.93	355.65
2026-05-12T15:11:34.3192136+08:00	0x09	0.0473	-0.1424	-0.4086	0.9003	311.45	342.83	358.21
2026-05-12T15:11:34.3572569+08:00	0x05	0.0054	0.0124	0.4328	0.9014	51.29	1.55	359.94
2026-05-12T15:11:34.4076069+08:00	0x03	-0.0095	0.0018	0.1723	0.9850	19.85	0.02	358.89
2026-05-12T15:11:34.4415631+08:00	0x08	-0.0052	-0.0051	0.2256	0.9742	26.08	359.30	359.55
2026-05-12T15:11:34.7075671+08:00	0x01	-0.0145	0.0196	-0.1151	0.9931	346.74	2.42	358.61
2026-05-12T15:11:34.7400303+08:00	0x09	0.0472	-0.1424	-0.4086	0.9003	311.45	342.84	358.21
2026-05-12T15:11:34.8109678+08:00	0x07	0.0110	-0.6053	-0.0458	-0.7946	3.41	74.47	355.82
2026-05-12T15:11:34.8584192+08:00	0x02	-0.0482	-0.0004	-0.9948	0.0902	190.33	5.50	359.46
2026-05-12T15:11:34.9863418+08:00	0x03	-0.0095	0.0019	0.1723	0.9850	19.85	0.02	358.89
2026-05-12T15:11:35.1562051+08:00	0x08	-0.0053	-0.0051	0.2256	0.9742	26.08	359.30	359.54
2026-05-12T15:11:35.2050172+08:00	0x07	-0.2842	-0.5478	-0.2415	-0.7489	43.00	76.03	9.26
2026-05-12T15:11:35.2316173+08:00	0x02	-0.0482	-0.0004	-0.9948	0.0902	190.33	5.50	359.46
2026-05-12T15:11:35.2704730+08:00	0x09	0.0473	-0.1424	-0.4086	0.9003	311.45	342.83	358.21
2026-05-12T15:11:35.2949422+08:00	0x06	-0.1560	0.0758	0.9694	0.1735	161.38	343.62	348.39
2026-05-12T15:11:35.3479967+08:00	0x01	-0.0145	0.0195	-0.1151	0.9931	346.74	2.42	358.61
2026-05-12T15:11:35.5131254+08:00	0x03	-0.0095	0.0019	0.1723	0.9850	19.85	0.02	358.90
2026-05-12T15:11:35.7974300+08:00	0x07	-0.2170	-0.8070	-0.2432	-0.4925	36.83	113.77	349.70
2026-05-12T15:11:35.8470945+08:00	0x02	-0.0482	-0.0004	-0.9948	0.0902	190.33	5.50	359.46
2026-05-12T15:11:35.9310445+08:00	0x06	-0.1525	0.0525	0.9806	0.1111	168.25	343.14	352.13
2026-05-12T15:11:36.0232655+08:00	0x03	-0.0095	0.0019	0.1723	0.9850	19.85	0.02	358.89
2026-05-12T15:11:36.2634170+08:00	0x02	-0.0482	-0.0004	-0.9948	0.0902	190.33	5.50	359.46
2026-05-12T15:11:36.3359851+08:00	0x07	-0.1287	-0.8318	-0.2641	-0.4710	29.22	116.08	341.45
2026-05-12T15:11:36.4743585+08:00	0x06	-0.1516	0.0508	0.9846	0.0702	172.89	342.93	353.03
2026-05-12T15:11:36.5567840+08:00	0x08	-0.0053	-0.0051	0.2256	0.9742	26.08	359.30	359.54
2026-05-12T15:11:36.8681639+08:00	0x07	-0.1449	-0.6983	-0.1769	-0.6784	26.29	90.98	357.11
2026-05-12T15:11:36.8940941+08:00	0x02	-0.0482	-0.0004	-0.9948	0.0902	190.33	5.50	359.46
2026-05-12T15:11:36.9970372+08:00	0x06	-0.0536	0.0703	0.9931	0.0770	171.54	354.45	351.50
2026-05-12T15:11:37.0610094+08:00	0x05	0.0054	0.0125	0.4328	0.9014	51.29	1.55	359.94
2026-05-12T15:11:37.1212423+08:00	0x08	-0.0053	-0.0051	0.2256	0.9742	26.08	359.30	359.54
2026-05-12T15:11:37.3608753+08:00	0x02	-0.0482	-0.0004	-0.9948	0.0902	190.33	5.50	359.46
2026-05-12T15:11:37.4602782+08:00	0x01	-0.0145	0.0195	-0.1151	0.9931	346.74	2.41	358.61
2026-05-12T15:11:37.5723032+08:00	0x06	-0.0992	0.0239	0.9844	0.1431	163.87	349.11	355.67
2026-05-12T15:11:37.6594489+08:00	0x08	-0.0053	-0.0051	0.2256	0.9742	26.08	359.30	359.54
2026-05-12T15:11:37.8759263+08:00	0x02	-0.0482	-0.0004	-0.9948	0.0902	190.33	5.50	359.46
2026-05-12T15:11:37.9323752+08:00	0x01	-0.0145	0.0195	-0.1151	0.9931	346.74	2.41	358.61
2026-05-12T15:11:37.9720764+08:00	0x07	-0.1439	-0.7031	-0.1798	-0.6727	26.43	91.73	356.60
2026-05-12T15:11:38.0430581+08:00	0x06	-0.1194	0.0479	0.9782	0.1628	161.95	347.29	352.37
2026-05-12T15:11:38.1792443+08:00	0x08	-0.0053	-0.0050	0.2256	0.9742	26.08	359.30	359.54
2026-05-12T15:11:38.4471227+08:00	0x01	-0.0145	0.0195	-0.1151	0.9931	346.74	2.41	358.61
2026-05-12T15:11:38.4799036+08:00	0x02	-0.0482	-0.0004	-0.9948	0.0902	190.33	5.50	359.46
2026-05-12T15:11:38.5467053+08:00	0x09	0.0472	-0.1424	-0.4086	0.9003	311.45	342.83	358.21
2026-05-12T15:11:38.5999189+08:00	0x06	-0.1315	0.0120	0.9845	0.1158	166.99	345.13	356.90
2026-05-12T15:11:38.7137615+08:00	0x03	-0.0095	0.0019	0.1723	0.9850	19.85	0.02	358.90
2026-05-12T15:11:38.7716015+08:00	0x08	-0.0053	-0.0050	0.2256	0.9742	26.08	359.30	359.54
2026-05-12T15:11:38.9689954+08:00	0x02	-0.0482	-0.0004	-0.9948	0.0902	190.33	5.50	359.46
2026-05-12T15:11:39.0881896+08:00	0x09	0.0473	-0.1424	-0.4086	0.9003	311.45	342.83	358.21
2026-05-12T15:11:39.3064576+08:00	0x03	-0.0095	0.0019	0.1723	0.9850	19.85	0.02	358.90
2026-05-12T15:11:39.5564909+08:00	0x02	-0.0482	-0.0004	-0.9948	0.0902	190.33	5.50	359.46
2026-05-12T15:11:39.6284748+08:00	0x07	-0.0203	-0.2886	-0.2715	-0.9179	30.92	33.01	353.14
2026-05-12T15:11:39.7886878+08:00	0x06	-0.1318	0.0102	0.9909	-0.0248	182.97	344.83	359.22
2026-05-12T15:11:39.8590070+08:00	0x03	-0.0095	0.0019	0.1723	0.9850	19.85	0.02	358.89
2026-05-12T15:11:40.0161012+08:00	0x02	-0.0482	-0.0004	-0.9948	0.0902	190.33	5.50	359.46
2026-05-12T15:11:40.1305430+08:00	0x01	-0.0145	0.0195	-0.1151	0.9931	346.74	2.41	358.61
2026-05-12T15:11:40.2114414+08:00	0x09	0.0473	-0.1424	-0.4086	0.9003	311.45	342.83	358.21
2026-05-12T15:11:40.2745669+08:00	0x06	-0.1328	0.0071	0.9893	-0.0600	186.93	344.72	0.10
2026-05-12T15:11:40.3828275+08:00	0x03	-0.0095	0.0019	0.1723	0.9850	19.85	0.02	358.89
2026-05-12T15:11:40.6322574+08:00	0x02	-0.0482	-0.0004	-0.9948	0.0902	190.33	5.50	359.46
2026-05-12T15:11:40.6991368+08:00	0x07	0.5708	-0.6923	-0.2131	-0.3868	292.38	154.40	312.56
2026-05-12T15:11:40.9053771+08:00	0x03	-0.0095	0.0019	0.1723	0.9850	19.85	0.02	358.89
2026-05-12T15:11:40.9362946+08:00	0x08	-0.0052	-0.0051	0.2256	0.9742	26.08	359.30	359.55
2026-05-12T15:11:41.1056358+08:00	0x02	-0.0482	-0.0004	-0.9948	0.0902	190.33	5.50	359.46
2026-05-12T15:11:41.2320374+08:00	0x07	0.8489	-0.3151	-0.3581	-0.2276	208.07	215.97	322.25
2026-05-12T15:11:41.2805964+08:00	0x09	0.0473	-0.1424	-0.4086	0.9003	311.45	342.83	358.21
2026-05-12T15:11:41.3123132+08:00	0x01	-0.0145	0.0195	-0.1151	0.9931	346.74	2.41	358.61
2026-05-12T15:11:41.4499661+08:00	0x03	-0.0095	0.0019	0.1723	0.9850	19.85	0.02	358.89
2026-05-12T15:11:41.6240971+08:00	0x02	-0.0482	-0.0004	-0.9948	0.0902	190.33	5.50	359.46
2026-05-12T15:11:41.8063356+08:00	0x01	-0.0145	0.0196	-0.1151	0.9931	346.74	2.42	358.61
2026-05-12T15:11:41.8477851+08:00	0x07	0.8695	-0.1296	-0.4523	-0.1506	185.53	233.87	337.72
2026-05-12T15:11:41.8922008+08:00	0x09	0.0473	-0.1424	-0.4086	0.9003	311.45	342.83	358.21
2026-05-12T15:11:41.9876127+08:00	0x08	-0.0053	-0.0050	0.2256	0.9742	26.08	359.30	359.54
2026-05-12T15:11:42.0090591+08:00	0x03	-0.0095	0.0019	0.1723	0.9850	19.85	0.02	358.89
2026-05-12T15:11:42.1923361+08:00	0x02	-0.0482	-0.0004	-0.9948	0.0902	190.33	5.49	359.46
2026-05-12T15:11:42.2956951+08:00	0x07	0.7818	-0.0505	-0.6102	-0.1178	176.16	256.43	345.77
2026-05-12T15:11:42.4000517+08:00	0x09	0.0473	-0.1424	-0.4086	0.9003	311.45	342.83	358.21
2026-05-12T15:11:42.4333286+08:00	0x06	-0.1327	0.0072	0.9894	-0.0589	186.81	344.72	0.08
2026-05-12T15:11:42.5365892+08:00	0x03	-0.0095	0.0019	0.1723	0.9850	19.85	0.03	358.89
2026-05-12T15:11:42.6673724+08:00	0x02	-0.0481	-0.0004	-0.9948	0.0902	190.33	5.49	359.46
2026-05-12T15:11:42.8895549+08:00	0x01	-0.0145	0.0195	-0.1151	0.9931	346.74	2.42	358.61
2026-05-12T15:11:42.9908894+08:00	0x06	-0.6311	-0.0518	0.7726	0.0466	172.10	281.43	1.21
2026-05-12T15:11:43.0709177+08:00	0x03	-0.0095	0.0019	0.1723	0.9850	19.85	0.03	358.89
2026-05-12T15:11:43.1252383+08:00	0x08	-0.0053	-0.0050	0.2256	0.9742	26.08	359.30	359.54
2026-05-12T15:11:43.2906939+08:00	0x02	-0.0481	-0.0003	-0.9948	0.0902	190.33	5.49	359.46
2026-05-12T15:11:43.4521009+08:00	0x01	-0.0145	0.0195	-0.1151	0.9931	346.74	2.41	358.61
2026-05-12T15:11:43.5068361+08:00	0x06	-0.6683	-0.0097	0.7419	0.0547	174.59	276.13	356.63
2026-05-12T15:11:43.6070233+08:00	0x08	-0.0053	-0.0050	0.2256	0.9742	26.08	359.30	359.54
2026-05-12T15:11:43.6908539+08:00	0x07	0.7810	0.0035	-0.6236	-0.0344	177.23	257.28	357.17
2026-05-12T15:11:43.8069766+08:00	0x02	-0.0481	-0.0004	-0.9948	0.0902	190.33	5.49	359.46
2026-05-12T15:11:43.9300432+08:00	0x07	0.8174	0.0981	-0.5636	0.0682	175.08	248.62	12.83
2026-05-12T15:11:43.9706176+08:00	0x01	-0.0145	0.0195	-0.1151	0.9931	346.74	2.41	358.61
2026-05-12T15:11:44.0880383+08:00	0x06	-0.7446	-0.0345	0.6645	0.0522	173.07	263.61	358.17
2026-05-12T15:11:44.1561565+08:00	0x08	-0.0053	-0.0050	0.2256	0.9742	26.08	359.30	359.54
2026-05-12T15:11:44.1875974+08:00	0x03	-0.0095	0.0019	0.1723	0.9850	19.85	0.02	358.90
2026-05-12T15:11:44.2175870+08:00	0x07	0.7022	0.2215	-0.6362	0.2303	178.70	263.92	37.26
2026-05-12T15:11:44.2865794+08:00	0x02	-0.0481	-0.0004	-0.9948	0.0902	190.33	5.49	359.46
2026-05-12T15:11:44.4504770+08:00	0x01	-0.0145	0.0195	-0.1151	0.9931	346.74	2.41	358.61
2026-05-12T15:11:44.5988056+08:00	0x06	-0.6725	-0.0092	0.7368	0.0691	173.42	275.48	355.45
2026-05-12T15:11:44.6700083+08:00	0x09	0.0473	-0.1424	-0.4086	0.9003	311.45	342.83	358.21
2026-05-12T15:11:44.7020583+08:00	0x08	-0.0053	-0.0050	0.2256	0.9742	26.08	359.30	359.54
2026-05-12T15:11:44.7350788+08:00	0x03	-0.0095	0.0019	0.1723	0.9850	19.85	0.03	358.89
2026-05-12T15:11:44.9989482+08:00	0x02	-0.0481	-0.0004	-0.9948	0.0902	190.33	5.49	359.46
2026-05-12T15:11:45.0343596+08:00	0x01	-0.0145	0.0195	-0.1151	0.9931	346.74	2.42	358.61
2026-05-12T15:11:45.1414819+08:00	0x09	0.0473	-0.1424	-0.4086	0.9003	311.45	342.83	358.21
2026-05-12T15:11:45.1839603+08:00	0x06	-0.6223	-0.0447	0.7805	0.0383	173.37	282.79	1.27
2026-05-12T15:11:45.2486754+08:00	0x08	-0.0053	-0.0050	0.2256	0.9742	26.08	359.30	359.54
2026-05-12T15:11:45.3452302+08:00	0x03	-0.0095	0.0019	0.1723	0.9850	19.85	0.02	358.90
2026-05-12T15:11:45.4170175+08:00	0x02	-0.0482	-0.0004	-0.9948	0.0902	190.33	5.49	359.46
2026-05-12T15:11:45.5545860+08:00	0x01	-0.0145	0.0195	-0.1151	0.9931	346.74	2.42	358.61
2026-05-12T15:11:45.6096431+08:00	0x07	0.8153	0.1048	-0.5643	0.0762	174.98	248.76	14.04
2026-05-12T15:11:45.6855658+08:00	0x06	-0.6067	-0.0240	0.7920	0.0648	172.43	285.25	357.67
2026-05-12T15:11:45.8443670+08:00	0x08	-0.0053	-0.0050	0.2256	0.9742	26.08	359.30	359.54
2026-05-12T15:11:46.0470831+08:00	0x02	-0.0482	-0.0004	-0.9948	0.0902	190.33	5.50	359.46
2026-05-12T15:11:46.1131001+08:00	0x07	0.8435	0.4951	-0.2017	0.0508	121.76	197.61	16.59
2026-05-12T15:11:46.2976162+08:00	0x06	-0.6016	-0.0062	0.7941	0.0859	171.69	286.10	354.63
2026-05-12T15:11:46.4503180+08:00	0x03	-0.0095	0.0019	0.1723	0.9850	19.85	0.03	358.89
2026-05-12T15:11:46.5100235+08:00	0x02	-0.0482	-0.0004	-0.9948	0.0902	190.33	5.50	359.46
2026-05-12T15:11:46.5857499+08:00	0x01	-0.0145	0.0195	-0.1151	0.9931	346.74	2.42	358.61
2026-05-12T15:11:46.6520920+08:00	0x07	0.8683	0.4580	-0.1830	0.0529	126.54	196.19	15.04
2026-05-12T15:11:46.7919371+08:00	0x09	0.0473	-0.1424	-0.4086	0.9003	311.45	342.83	358.21
2026-05-12T15:11:46.9228163+08:00	0x08	-0.0053	-0.0050	0.2256	0.9742	26.08	359.30	359.54
2026-05-12T15:11:47.0456261+08:00	0x02	-0.0482	-0.0004	-0.9948	0.0902	190.33	5.50	359.46
2026-05-12T15:11:47.1859474+08:00	0x07	0.8993	0.3946	-0.1856	0.0326	134.54	198.35	11.84
2026-05-12T15:11:47.2001693+08:00	0x01	-0.0145	0.0195	-0.1151	0.9931	346.74	2.41	358.61
2026-05-12T15:11:47.3380897+08:00	0x09	0.0473	-0.1424	-0.4086	0.9003	311.45	342.83	358.21
2026-05-12T15:11:47.3781053+08:00	0x06	-0.6035	0.0044	0.7919	0.0931	171.77	285.87	353.15
2026-05-12T15:11:47.4878796+08:00	0x03	-0.0095	0.0019	0.1723	0.9850	19.85	0.02	358.89
2026-05-12T15:11:47.6078945+08:00	0x02	-0.0482	-0.0004	-0.9948	0.0902	190.33	5.50	359.46
2026-05-12T15:11:47.6818590+08:00	0x01	-0.0145	0.0195	-0.1151	0.9931	346.74	2.41	358.61
2026-05-12T15:11:47.7809431+08:00	0x07	0.9083	0.3749	-0.1838	0.0276	136.92	198.59	10.83
2026-05-12T15:11:47.9304584+08:00	0x09	0.0473	-0.1424	-0.4086	0.9003	311.45	342.83	358.21
2026-05-12T15:11:47.9886966+08:00	0x05	0.0054	0.0124	0.4328	0.9014	51.29	1.55	359.94
2026-05-12T15:11:48.0898291+08:00	0x03	-0.0095	0.0019	0.1723	0.9850	19.85	0.02	358.89
2026-05-12T15:11:48.1403158+08:00	0x02	-0.0482	-0.0004	-0.9948	0.0902	190.33	5.50	359.46
2026-05-12T15:11:48.2323943+08:00	0x01	-0.0145	0.0195	-0.1151	0.9931	346.74	2.42	358.61
2026-05-12T15:11:48.3290379+08:00	0x07	0.9132	0.3632	-0.1822	0.0306	138.39	198.43	10.85
2026-05-12T15:11:48.4179927+08:00	0x09	0.0473	-0.1424	-0.4086	0.9003	311.45	342.83	358.21
2026-05-12T15:11:48.5944926+08:00	0x08	-0.0053	-0.0051	0.2256	0.9742	26.08	359.30	359.54
2026-05-12T15:11:48.7034430+08:00	0x02	-0.0482	-0.0004	-0.9948	0.0902	190.33	5.50	359.46
2026-05-12T15:11:48.7597906+08:00	0x01	-0.0145	0.0195	-0.1151	0.9931	346.74	2.42	358.61
2026-05-12T15:11:48.8678519+08:00	0x07	0.9183	0.3428	-0.1951	0.0347	141.07	199.95	11.39
2026-05-12T15:11:48.9903331+08:00	0x09	0.0473	-0.1424	-0.4086	0.9003	311.45	342.83	358.21
2026-05-12T15:11:49.1098939+08:00	0x08	-0.0053	-0.0051	0.2256	0.9742	26.08	359.30	359.54
2026-05-12T15:11:49.1751119+08:00	0x03	-0.0095	0.0019	0.1723	0.9850	19.85	0.02	358.89
2026-05-12T15:11:49.2848438+08:00	0x02	-0.0482	-0.0004	-0.9948	0.0902	190.33	5.50	359.46
2026-05-12T15:11:49.4449069+08:00	0x07	0.9153	0.3397	-0.2123	0.0424	141.73	201.65	12.82
2026-05-12T15:11:49.5452610+08:00	0x06	-0.6282	-0.0036	0.7751	0.0667	173.78	282.19	355.51
2026-05-12T15:11:49.6093852+08:00	0x09	0.0473	-0.1424	-0.4086	0.9003	311.45	342.83	358.21
2026-05-12T15:11:49.6907701+08:00	0x03	-0.0095	0.0019	0.1723	0.9850	19.85	0.02	358.89
2026-05-12T15:11:49.7973219+08:00	0x02	-0.0482	-0.0004	-0.9948	0.0902	190.33	5.50	359.46
2026-05-12T15:11:49.8646817+08:00	0x01	-0.0145	0.0195	-0.1151	0.9931	346.74	2.41	358.61
2026-05-12T15:11:49.9823754+08:00	0x07	0.9131	0.3298	-0.2341	0.0518	143.36	203.97	14.42
2026-05-12T15:11:50.1305778+08:00	0x06	-0.6353	-0.0087	0.7699	0.0600	174.05	281.13	356.39
2026-05-12T15:11:50.2023856+08:00	0x08	-0.0053	-0.0051	0.2256	0.9742	26.08	359.30	359.54
2026-05-12T15:11:50.2393625+08:00	0x03	-0.0095	0.0019	0.1723	0.9850	19.85	0.03	358.89
2026-05-12T15:11:50.3914027+08:00	0x02	-0.0482	-0.0004	-0.9948	0.0902	190.33	5.50	359.46
2026-05-12T15:11:50.5746029+08:00	0x07	0.8211	0.2619	-0.4867	0.1428	160.51	236.17	29.30
2026-05-12T15:11:50.6476219+08:00	0x09	0.0473	-0.1424	-0.4086	0.9003	311.45	342.83	358.21
2026-05-12T15:11:50.6800710+08:00	0x05	0.0053	0.0124	0.4328	0.9014	51.29	1.55	359.94
2026-05-12T15:11:50.7866610+08:00	0x03	-0.0095	0.0019	0.1723	0.9850	19.85	0.02	358.89
2026-05-12T15:11:50.8952392+08:00	0x02	-0.0482	-0.0004	-0.9948	0.0902	190.33	5.50	359.46
2026-05-12T15:11:50.9976159+08:00	0x01	-0.0145	0.0195	-0.1151	0.9931	346.74	2.41	358.61
2026-05-12T15:11:51.1116260+08:00	0x07	0.7938	0.2420	-0.5299	0.1748	166.40	243.50	32.27
2026-05-12T15:11:51.1856972+08:00	0x09	0.0473	-0.1424	-0.4086	0.9003	311.45	342.83	358.21
2026-05-12T15:11:51.3415456+08:00	0x03	-0.0095	0.0019	0.1723	0.9850	19.85	0.02	358.90
2026-05-12T15:11:51.3800863+08:00	0x06	-0.6220	-0.0106	0.7817	0.0444	175.26	283.07	357.78
2026-05-12T15:11:51.5333275+08:00	0x01	-0.0145	0.0195	-0.1151	0.9931	346.74	2.42	358.61
2026-05-12T15:11:51.6609349+08:00	0x07	0.7960	0.2438	-0.5267	0.1720	165.87	242.91	32.04
2026-05-12T15:11:51.7262470+08:00	0x09	0.0473	-0.1424	-0.4086	0.9003	311.45	342.83	358.21
2026-05-12T15:11:51.8460192+08:00	0x03	-0.0095	0.0019	0.1723	0.9850	19.85	0.02	358.90
2026-05-12T15:11:51.8946537+08:00	0x08	-0.0053	-0.0051	0.2256	0.9742	26.08	359.30	359.54
2026-05-12T15:11:52.0341441+08:00	0x02	-0.0482	-0.0004	-0.9948	0.0902	190.33	5.50	359.46
2026-05-12T15:11:52.1830735+08:00	0x07	0.9153	0.3399	-0.2123	0.0399	141.68	201.74	12.56
2026-05-12T15:11:52.2930564+08:00	0x06	-0.6202	-0.0269	0.7824	0.0496	173.63	283.26	358.88
2026-05-12T15:11:52.3329396+08:00	0x09	0.0473	-0.1424	-0.4086	0.9003	311.45	342.83	358.21
2026-05-12T15:11:52.3494036+08:00	0x08	-0.0053	-0.0051	0.2256	0.9742	26.08	359.30	359.54
2026-05-12T15:11:52.4442708+08:00	0x03	-0.0095	0.0019	0.1723	0.9850	19.85	0.02	358.90
2026-05-12T15:11:52.5555037+08:00	0x02	-0.0482	-0.0004	-0.9948	0.0902	190.33	5.50	359.46
2026-05-12T15:11:52.6113536+08:00	0x01	-0.0145	0.0195	-0.1151	0.9931	346.74	2.41	358.61
2026-05-12T15:11:52.7260595+08:00	0x07	0.9282	0.3377	-0.1539	0.0278	141.25	195.68	8.95
2026-05-12T15:11:52.7918110+08:00	0x06	-0.6079	-0.0120	0.7909	0.0693	172.85	285.13	356.26
2026-05-12T15:11:52.8598472+08:00	0x09	0.0473	-0.1424	-0.4086	0.9003	311.45	342.83	358.21
2026-05-12T15:11:52.9980422+08:00	0x03	-0.0095	0.0019	0.1723	0.9850	19.85	0.02	358.89
2026-05-12T15:11:53.1248094+08:00	0x02	-0.0482	-0.0004	-0.9948	0.0902	190.33	5.50	359.46
2026-05-12T15:11:53.2591687+08:00	0x07	0.9289	0.3328	-0.1617	0.0182	141.79	196.92	8.13
2026-05-12T15:11:53.2958170+08:00	0x06	-0.6041	-0.0127	0.7942	0.0642	173.26	285.68	356.71
2026-05-12T15:11:53.4087391+08:00	0x09	0.0473	-0.1424	-0.4086	0.9003	311.45	342.83	358.21
2026-05-12T15:11:53.4367845+08:00	0x08	-0.0052	-0.0051	0.2256	0.9742	26.08	359.30	359.55
2026-05-12T15:11:53.5196721+08:00	0x03	-0.0095	0.0019	0.1723	0.9850	19.85	0.03	358.89
2026-05-12T15:11:53.6462126+08:00	0x02	-0.0482	-0.0004	-0.9948	0.0902	190.33	5.50	359.46
2026-05-12T15:11:53.7812384+08:00	0x01	-0.0145	0.0195	-0.1151	0.9931	346.74	2.41	358.61
2026-05-12T15:11:53.9241162+08:00	0x09	0.0473	-0.1424	-0.4086	0.9003	311.45	342.83	358.21
2026-05-12T15:11:53.9972717+08:00	0x08	-0.0053	-0.0051	0.2256	0.9742	26.08	359.30	359.54
2026-05-12T15:11:54.0247280+08:00	0x06	-0.6040	-0.0088	0.7939	0.0694	173.04	285.72	355.99
2026-05-12T15:11:54.1206005+08:00	0x03	-0.0095	0.0019	0.1723	0.9850	19.85	0.03	358.89
2026-05-12T15:11:54.2273132+08:00	0x02	-0.0482	-0.0004	-0.9948	0.0902	190.33	5.50	359.46
2026-05-12T15:11:54.3943324+08:00	0x06	-0.6063	-0.0045	0.7919	0.0723	173.09	285.40	355.38
2026-05-12T15:11:54.4616626+08:00	0x09	0.0473	-0.1424	-0.4086	0.9003	311.45	342.83	358.21
2026-05-12T15:11:54.6471931+08:00	0x03	-0.0095	0.0019	0.1723	0.9850	19.85	0.03	358.89
2026-05-12T15:11:54.7351656+08:00	0x01	-0.0145	0.0196	-0.1151	0.9931	346.74	2.42	358.61
2026-05-12T15:11:54.9112030+08:00	0x02	-0.0482	-0.0004	-0.9948	0.0902	190.33	5.50	359.46
2026-05-12T15:11:54.9241677+08:00	0x07	0.9368	0.3122	-0.1568	0.0193	144.26	196.52	7.70
2026-05-12T15:11:54.9508939+08:00	0x06	-0.6064	0.0022	0.7910	0.0810	172.75	285.42	354.16
2026-05-12T15:11:55.0155268+08:00	0x09	0.0473	-0.1424	-0.4086	0.9003	311.45	342.83	358.21
2026-05-12T15:11:55.1923981+08:00	0x03	-0.0095	0.0019	0.1723	0.9850	19.85	0.03	358.89
2026-05-12T15:11:55.3111266+08:00	0x02	-0.0482	-0.0004	-0.9948	0.0902	190.33	5.50	359.46
2026-05-12T15:11:55.3310306+08:00	0x01	-0.0145	0.0196	-0.1151	0.9931	346.74	2.42	358.61
2026-05-12T15:11:55.4152508+08:00	0x07	0.9407	0.3025	-0.1514	0.0234	145.43	195.85	7.80
2026-05-12T15:11:55.4864904+08:00	0x06	-0.6020	0.0080	0.7933	0.0908	172.22	286.10	352.99
2026-05-12T15:11:55.6172081+08:00	0x08	-0.0053	-0.0051	0.2256	0.9742	26.08	359.30	359.54
2026-05-12T15:11:55.7284970+08:00	0x03	-0.0095	0.0019	0.1723	0.9850	19.85	0.03	358.89
2026-05-12T15:11:55.7929124+08:00	0x02	-0.0482	-0.0004	-0.9948	0.0902	190.33	5.50	359.46
2026-05-12T15:11:55.9943611+08:00	0x07	0.9352	0.3168	-0.1556	0.0296	143.82	196.00	8.86
2026-05-12T15:11:56.0591386+08:00	0x06	-0.5999	0.0039	0.7960	0.0805	172.87	286.36	354.09
2026-05-12T15:11:56.0797600+08:00	0x09	0.0473	-0.1424	-0.4086	0.9003	311.45	342.83	358.21
2026-05-12T15:11:56.1860096+08:00	0x08	-0.0053	-0.0050	0.2256	0.9742	26.08	359.30	359.54
2026-05-12T15:11:56.3217818+08:00	0x03	-0.0095	0.0019	0.1723	0.9850	19.85	0.03	358.89
2026-05-12T15:11:56.4173066+08:00	0x01	-0.0145	0.0195	-0.1151	0.9931	346.74	2.42	358.61
2026-05-12T15:11:56.5362725+08:00	0x07	0.9364	0.3098	-0.1630	0.0245	144.65	197.05	8.45
2026-05-12T15:11:56.5937262+08:00	0x09	0.0473	-0.1424	-0.4086	0.9003	311.45	342.83	358.21
2026-05-12T15:11:56.7042233+08:00	0x08	-0.0053	-0.0050	0.2256	0.9742	26.08	359.30	359.54
2026-05-12T15:11:56.8565783+08:00	0x03	-0.0095	0.0019	0.1723	0.9850	19.85	0.03	358.89
2026-05-12T15:11:56.9259520+08:00	0x01	-0.0145	0.0196	-0.1151	0.9931	346.74	2.42	358.61
2026-05-12T15:11:57.0764467+08:00	0x07	0.9407	0.2978	-0.1607	0.0232	146.06	196.94	8.01
2026-05-12T15:11:57.1100804+08:00	0x09	0.0473	-0.1424	-0.4086	0.9003	311.45	342.83	358.21
2026-05-12T15:11:57.1568061+08:00	0x06	-0.6017	0.0258	0.7911	0.1075	171.89	286.18	350.21
2026-05-12T15:11:57.2958961+08:00	0x08	-0.0053	-0.0051	0.2256	0.9742	26.08	359.30	359.54
2026-05-12T15:11:57.3990138+08:00	0x03	-0.0095	0.0019	0.1723	0.9850	19.85	0.03	358.89
2026-05-12T15:11:57.5251023+08:00	0x01	-0.0145	0.0195	-0.1151	0.9931	346.74	2.41	358.61
2026-05-12T15:11:57.6152816+08:00	0x09	0.0473	-0.1424	-0.4086	0.9003	311.45	342.83	358.21
2026-05-12T15:11:57.7118904+08:00	0x06	-0.6064	0.0083	0.7907	0.0837	172.93	285.44	353.41
2026-05-12T15:11:57.7440690+08:00	0x08	-0.0053	-0.0051	0.2256	0.9742	26.08	359.30	359.54
2026-05-12T15:11:57.9649910+08:00	0x02	-0.0482	-0.0004	-0.9948	0.0902	190.33	5.50	359.46
2026-05-12T15:11:58.0721155+08:00	0x01	-0.0145	0.0196	-0.1151	0.9931	346.74	2.42	358.61
2026-05-12T15:11:58.1588361+08:00	0x07	0.9298	0.3288	-0.1641	0.0212	142.33	197.12	8.48
2026-05-12T15:11:58.3586884+08:00	0x08	-0.0053	-0.0051	0.2256	0.9742	26.08	359.30	359.54
2026-05-12T15:11:58.3907089+08:00	0x05	0.0054	0.0124	0.4328	0.9014	51.29	1.55	359.94
2026-05-12T15:11:58.4910799+08:00	0x03	-0.0095	0.0019	0.1723	0.9850	19.85	0.03	358.89
2026-05-12T15:11:58.5433685+08:00	0x02	-0.0482	-0.0004	-0.9948	0.0902	190.33	5.50	359.46
2026-05-12T15:11:58.7070906+08:00	0x07	0.9238	0.3397	-0.1756	0.0188	141.06	198.39	8.86
2026-05-12T15:11:58.8030440+08:00	0x06	-0.6081	-0.0119	0.7918	0.0564	174.04	285.10	357.15
2026-05-12T15:11:58.9560642+08:00	0x08	-0.0053	-0.0051	0.2256	0.9742	26.08	359.30	359.54
2026-05-12T15:11:59.0149563+08:00	0x03	-0.0095	0.0019	0.1723	0.9850	19.85	0.03	358.89
2026-05-12T15:11:59.0618702+08:00	0x02	-0.0482	-0.0004	-0.9948	0.0902	190.33	5.50	359.46
2026-05-12T15:11:59.2046602+08:00	0x09	0.0473	-0.1424	-0.4086	0.9003	311.45	342.83	358.21
2026-05-12T15:11:59.3358545+08:00	0x06	-0.6087	-0.0142	0.7913	0.0556	173.95	285.00	357.41
2026-05-12T15:11:59.5994674+08:00	0x03	-0.0095	0.0019	0.1723	0.9850	19.85	0.03	358.89
2026-05-12T15:11:59.6283889+08:00	0x02	-0.0482	-0.0004	-0.9948	0.0902	190.33	5.50	359.46
2026-05-12T15:11:59.7038550+08:00	0x09	0.0473	-0.1424	-0.4086	0.9003	311.45	342.83	358.21
2026-05-12T15:11:59.7270421+08:00	0x07	0.9298	0.3179	-0.1850	0.0164	143.73	199.72	8.51
2026-05-12T15:11:59.8800267+08:00	0x01	-0.0145	0.0195	-0.1151	0.9931	346.74	2.41	358.61
2026-05-12T15:11:59.9235080+08:00	0x06	-0.6241	-0.0306	0.7800	0.0333	174.83	282.65	0.36
2026-05-12T15:12:00.1561245+08:00	0x03	-0.0095	0.0019	0.1723	0.9850	19.85	0.03	358.89
2026-05-12T15:12:00.2533340+08:00	0x01	-0.0145	0.0195	-0.1151	0.9931	346.74	2.41	358.61
2026-05-12T15:12:00.3109481+08:00	0x07	0.9296	0.3185	-0.1848	0.0164	143.65	199.68	8.53
2026-05-12T15:12:00.3468954+08:00	0x02	-0.0482	-0.0004	-0.9948	0.0902	190.33	5.50	359.46
2026-05-12T15:12:00.3731612+08:00	0x09	0.0473	-0.1424	-0.4086	0.9003	311.45	342.83	358.21
2026-05-12T15:12:00.5036504+08:00	0x06	-0.6702	-0.0151	0.7391	0.0664	173.18	275.82	356.18
2026-05-12T15:12:00.5270860+08:00	0x08	-0.0053	-0.0050	0.2256	0.9742	26.08	359.30	359.54
2026-05-12T15:12:00.6958798+08:00	0x03	-0.0095	0.0019	0.1723	0.9850	19.85	0.03	358.89
2026-05-12T15:12:00.7299991+08:00	0x01	-0.0145	0.0195	-0.1151	0.9931	346.74	2.41	358.61
2026-05-12T15:12:00.7701866+08:00	0x09	0.0473	-0.1424	-0.4086	0.9003	311.45	342.83	358.21
2026-05-12T15:12:00.8313129+08:00	0x02	-0.0482	-0.0004	-0.9948	0.0902	190.33	5.50	359.46
2026-05-12T15:12:00.8578509+08:00	0x07	0.8203	0.1936	-0.5192	0.1417	169.10	242.17	25.69
2026-05-12T15:12:01.0061471+08:00	0x06	-0.7330	0.0057	0.6725	0.1024	172.47	265.67	350.93
2026-05-12T15:12:01.0329997+08:00	0x08	-0.0053	-0.0050	0.2256	0.9742	26.08	359.30	359.54
2026-05-12T15:12:01.1023892+08:00	0x05	0.0054	0.0124	0.4328	0.9014	51.29	1.55	359.94
2026-05-12T15:12:01.2010736+08:00	0x02	-0.0482	-0.0004	-0.9948	0.0902	190.33	5.50	359.46
2026-05-12T15:12:01.3719229+08:00	0x01	-0.0145	0.0195	-0.1151	0.9931	346.74	2.41	358.61
2026-05-12T15:12:01.4121756+08:00	0x07	0.7275	0.1628	-0.6423	0.1780	179.47	262.75	27.92
2026-05-12T15:12:01.5653577+08:00	0x06	-0.7348	-0.0099	0.6709	0.0993	171.43	265.37	352.38
2026-05-12T15:12:01.6306086+08:00	0x08	-0.0053	-0.0050	0.2256	0.9742	26.08	359.30	359.54
2026-05-12T15:12:01.8200041+08:00	0x03	-0.0095	0.0019	0.1723	0.9850	19.85	0.03	358.89
2026-05-12T15:12:01.9064634+08:00	0x07	0.7166	0.1782	-0.6516	0.1738	178.11	264.07	28.77
2026-05-12T15:12:02.0888089+08:00	0x06	-0.7345	-0.0280	0.6715	0.0936	170.35	265.35	354.27
2026-05-12T15:12:02.1291510+08:00	0x08	-0.0053	-0.0050	0.2256	0.9742	26.08	359.30	359.54
2026-05-12T15:12:02.2878205+08:00	0x02	-0.0482	-0.0004	-0.9948	0.0902	190.33	5.50	359.46
2026-05-12T15:12:02.3670064+08:00	0x03	-0.0095	0.0019	0.1723	0.9850	19.85	0.03	358.89
2026-05-12T15:12:02.4360391+08:00	0x09	0.0473	-0.1424	-0.4086	0.9003	311.45	342.83	358.21
2026-05-12T15:12:02.4751263+08:00	0x01	-0.0145	0.0195	-0.1151	0.9931	346.74	2.41	358.61
2026-05-12T15:12:02.5776321+08:00	0x07	0.7045	0.2039	-0.6582	0.1702	175.79	264.96	30.54
2026-05-12T15:12:02.6711348+08:00	0x06	-0.7363	-0.0389	0.6693	0.0917	169.59	264.97	355.24
2026-05-12T15:12:02.7991077+08:00	0x02	-0.0482	-0.0004	-0.9948	0.0902	190.33	5.50	359.46
2026-05-12T15:12:02.8942168+08:00	0x03	-0.0095	0.0019	0.1723	0.9850	19.85	0.03	358.89
2026-05-12T15:12:02.9840502+08:00	0x09	0.0472	-0.1424	-0.4086	0.9003	311.45	342.84	358.21
2026-05-12T15:12:02.9979986+08:00	0x07	0.6982	0.2163	-0.6591	0.1770	175.35	265.36	32.16
2026-05-12T15:12:03.2307527+08:00	0x06	-0.7364	-0.0443	0.6688	0.0919	169.13	264.91	355.63
2026-05-12T15:12:03.3979523+08:00	0x02	-0.0482	-0.0004	-0.9948	0.0902	190.33	5.50	359.46
2026-05-12T15:12:03.4492899+08:00	0x03	-0.0095	0.0019	0.1723	0.9850	19.85	0.03	358.89
2026-05-12T15:12:03.5078950+08:00	0x09	0.0473	-0.1424	-0.4086	0.9003	311.45	342.83	358.21
2026-05-12T15:12:03.7479377+08:00	0x06	-0.7374	-0.0459	0.6683	0.0862	169.44	264.72	356.23
2026-05-12T15:12:03.7872765+08:00	0x08	-0.0052	-0.0050	0.2256	0.9742	26.08	359.30	359.54
2026-05-12T15:12:03.9056109+08:00	0x02	-0.0482	-0.0004	-0.9948	0.0902	190.33	5.50	359.46
2026-05-12T15:12:03.9853152+08:00	0x03	-0.0095	0.0019	0.1723	0.9850	19.85	0.03	358.89
2026-05-12T15:12:04.0474043+08:00	0x09	0.0473	-0.1424	-0.4086	0.9003	311.45	342.83	358.21
2026-05-12T15:12:04.0894524+08:00	0x07	0.6941	0.2176	-0.6607	0.1853	176.08	266.02	33.01
2026-05-12T15:12:04.3620360+08:00	0x08	-0.0052	-0.0051	0.2256	0.9742	26.08	359.30	359.55
2026-05-12T15:12:04.4492460+08:00	0x06	-0.7350	-0.0446	0.6714	0.0838	169.72	265.15	356.37
2026-05-12T15:12:04.4873020+08:00	0x02	-0.0482	-0.0004	-0.9948	0.0902	190.33	5.50	359.46
2026-05-12T15:12:04.5765958+08:00	0x03	-0.0095	0.0019	0.1723	0.9850	19.85	0.03	358.89
2026-05-12T15:12:04.6085102+08:00	0x09	0.0473	-0.1424	-0.4086	0.9003	311.45	342.83	358.21
2026-05-12T15:12:04.6363958+08:00	0x07	0.6905	0.2242	-0.6601	0.1931	176.21	266.26	34.23
2026-05-12T15:12:04.8111951+08:00	0x01	-0.0145	0.0195	-0.1151	0.9931	346.74	2.41	358.61
2026-05-12T15:12:05.0451259+08:00	0x02	-0.0482	-0.0004	-0.9948	0.0902	190.33	5.50	359.46
2026-05-12T15:12:05.0970295+08:00	0x03	-0.0095	0.0019	0.1723	0.9850	19.85	0.03	358.89
2026-05-12T15:12:05.1319806+08:00	0x07	0.6913	0.2037	-0.6707	0.1755	176.90	267.41	31.06
2026-05-12T15:12:05.1798792+08:00	0x01	-0.0145	0.0195	-0.1151	0.9931	346.74	2.41	358.61
2026-05-12T15:12:05.4136351+08:00	0x06	-0.7346	-0.0545	0.6719	0.0769	169.42	265.11	357.72
2026-05-12T15:12:05.5748394+08:00	0x02	-0.0482	-0.0004	-0.9948	0.0902	190.33	5.50	359.46
2026-05-12T15:12:05.6719434+08:00	0x01	-0.0145	0.0195	-0.1151	0.9931	346.74	2.41	358.61
2026-05-12T15:12:05.7337609+08:00	0x03	-0.0095	0.0019	0.1723	0.9850	19.85	0.03	358.89
2026-05-12T15:12:05.9734129+08:00	0x08	-0.0053	-0.0050	0.2256	0.9742	26.08	359.30	359.54
2026-05-12T15:12:06.1369262+08:00	0x02	-0.0482	-0.0004	-0.9948	0.0902	190.33	5.50	359.46
2026-05-12T15:12:06.2362791+08:00	0x09	0.0473	-0.1424	-0.4086	0.9003	311.45	342.83	358.21
2026-05-12T15:12:06.2532344+08:00	0x03	-0.0095	0.0019	0.1723	0.9850	19.85	0.03	358.89
2026-05-12T15:12:06.2897530+08:00	0x07	0.6946	0.2077	-0.6671	0.1715	176.00	266.57	31.03
2026-05-12T15:12:06.3631782+08:00	0x01	-0.0145	0.0195	-0.1151	0.9931	346.74	2.41	358.61
2026-05-12T15:12:06.5067200+08:00	0x06	-0.7356	-0.0667	0.6707	0.0686	169.03	264.78	359.35
2026-05-12T15:12:06.5619060+08:00	0x08	-0.0053	-0.0051	0.2256	0.9742	26.08	359.30	359.54
2026-05-12T15:12:06.6817852+08:00	0x02	-0.0482	-0.0004	-0.9948	0.0902	190.33	5.50	359.46
2026-05-12T15:12:06.7760584+08:00	0x01	-0.0145	0.0195	-0.1151	0.9931	346.74	2.41	358.61
2026-05-12T15:12:06.8238852+08:00	0x03	-0.0095	0.0019	0.1723	0.9850	19.85	0.02	358.90
2026-05-12T15:12:06.8807781+08:00	0x07	0.6944	0.2050	-0.6693	0.1669	175.93	266.79	30.41
2026-05-12T15:12:07.0346379+08:00	0x06	-0.7346	-0.0537	0.6716	0.0804	169.21	265.12	357.37
2026-05-12T15:12:07.1242379+08:00	0x02	-0.0482	-0.0004	-0.9948	0.0902	190.33	5.50	359.46
2026-05-12T15:12:07.1561890+08:00	0x08	-0.0053	-0.0051	0.2256	0.9742	26.08	359.30	359.54
2026-05-12T15:12:07.2520217+08:00	0x03	-0.0095	0.0019	0.1723	0.9850	19.85	0.02	358.89
2026-05-12T15:12:07.3421329+08:00	0x01	-0.0144	0.0196	-0.1151	0.9931	346.74	2.42	358.62
2026-05-12T15:12:07.5984698+08:00	0x06	-0.7366	-0.0456	0.6694	0.0856	169.50	264.87	356.27
2026-05-12T15:12:07.6380468+08:00	0x07	0.6979	0.1993	-0.6691	0.1598	175.77	266.49	29.32
2026-05-12T15:12:07.7027545+08:00	0x02	-0.0482	-0.0004	-0.9948	0.0902	190.33	5.50	359.46
2026-05-12T15:12:07.8055956+08:00	0x01	-0.0145	0.0195	-0.1151	0.9931	346.74	2.41	358.61
2026-05-12T15:12:07.9591222+08:00	0x07	0.7020	0.1972	-0.6653	0.1603	175.82	265.84	29.17
2026-05-12T15:12:08.0909443+08:00	0x06	-0.7389	-0.0417	0.6674	0.0831	170.04	264.52	356.15
2026-05-12T15:12:08.2462418+08:00	0x07	0.6979	0.1993	-0.6691	0.1598	175.77	266.49	29.32
2026-05-12T15:12:08.3219997+08:00	0x09	0.0472	-0.1424	-0.4086	0.9003	311.45	342.84	358.21
2026-05-12T15:12:08.4059698+08:00	0x03	-0.0095	0.0019	0.1723	0.9850	19.85	0.02	358.90
2026-05-12T15:12:08.5308473+08:00	0x07	0.7053	0.1846	-0.6655	0.1600	176.92	265.91	28.13
2026-05-12T15:12:08.7159022+08:00	0x08	-0.0052	-0.0050	0.2256	0.9742	26.08	359.30	359.54
2026-05-12T15:12:08.7481124+08:00	0x07	0.6979	0.1993	-0.6691	0.1598	175.77	266.49	29.32
2026-05-12T15:12:08.8639177+08:00	0x09	0.0473	-0.1424	-0.4086	0.9003	311.45	342.83	358.21
2026-05-12T15:12:08.9283003+08:00	0x03	-0.0095	0.0019	0.1723	0.9850	19.85	0.02	358.90
2026-05-12T15:12:09.0024153+08:00	0x07	0.6968	0.2033	-0.6643	0.1787	176.92	266.40	31.27
2026-05-12T15:12:09.2661204+08:00	0x07	0.6979	0.1993	-0.6691	0.1598	175.77	266.49	29.32
2026-05-12T15:12:09.3149127+08:00	0x05	0.0054	0.0123	0.4328	0.9014	51.29	1.54	359.94
2026-05-12T15:12:09.3929382+08:00	0x09	0.0473	-0.1424	-0.4086	0.9003	311.45	342.83	358.21
2026-05-12T15:12:09.4337894+08:00	0x02	-0.0481	-0.0003	-0.9948	0.0902	190.33	5.49	359.46
2026-05-12T15:12:09.4826325+08:00	0x03	-0.0095	0.0019	0.1723	0.9850	19.85	0.03	358.89
2026-05-12T15:12:09.5601877+08:00	0x07	0.6899	0.2293	-0.6617	0.1835	174.92	266.06	33.82
2026-05-12T15:12:09.7366623+08:00	0x05	0.0054	0.0124	0.4328	0.9014	51.29	1.54	359.94
2026-05-12T15:12:09.7631292+08:00	0x07	0.6979	0.1993	-0.6691	0.1598	175.77	266.49	29.32
2026-05-12T15:12:09.8872862+08:00	0x02	-0.0481	-0.0003	-0.9948	0.0902	190.33	5.49	359.46
2026-05-12T15:12:09.9512019+08:00	0x09	0.0473	-0.1424	-0.4086	0.9003	311.45	342.83	358.21
2026-05-12T15:12:10.0871143+08:00	0x03	-0.0095	0.0019	0.1723	0.9850	19.85	0.02	358.90
2026-05-12T15:12:10.1512186+08:00	0x07	0.6959	0.2254	-0.6585	0.1768	174.47	265.20	32.88
2026-05-12T15:12:10.2635507+08:00	0x06	-0.7398	-0.0473	0.6653	0.0883	169.17	264.30	356.12
2026-05-12T15:12:10.4165484+08:00	0x02	-0.0482	-0.0004	-0.9948	0.0902	190.33	5.49	359.46
2026-05-12T15:12:10.4874663+08:00	0x08	-0.0053	-0.0050	0.2256	0.9742	26.08	359.30	359.54
2026-05-12T15:12:10.5721494+08:00	0x01	-0.0145	0.0195	-0.1151	0.9931	346.74	2.42	358.60
2026-05-12T15:12:10.6630981+08:00	0x07	0.6993	0.2238	-0.6551	0.1782	174.57	264.66	32.85
2026-05-12T15:12:10.7620731+08:00	0x07	0.6979	0.1993	-0.6691	0.1598	175.77	266.49	29.32
2026-05-12T15:12:10.7878170+08:00	0x06	-0.7404	-0.0414	0.6647	0.0908	169.48	264.26	355.45
2026-05-12T15:12:10.8832677+08:00	0x08	-0.0053	-0.0050	0.2256	0.9742	26.08	359.30	359.54
2026-05-12T15:12:10.9786762+08:00	0x02	-0.0482	-0.0004	-0.9948	0.0902	190.33	5.49	359.46
2026-05-12T15:12:11.0577260+08:00	0x09	0.0473	-0.1424	-0.4086	0.9003	311.45	342.83	358.21
2026-05-12T15:12:11.1219894+08:00	0x01	-0.0145	0.0195	-0.1151	0.9931	346.74	2.42	358.61
2026-05-12T15:12:11.1515054+08:00	0x03	-0.0095	0.0019	0.1723	0.9850	19.85	0.02	358.90
2026-05-12T15:12:11.2282804+08:00	0x07	0.6936	0.2294	-0.6568	0.1867	174.95	265.32	34.08
2026-05-12T15:12:11.2747184+08:00	0x07	0.6979	0.1993	-0.6691	0.1598	175.77	266.49	29.32
2026-05-12T15:12:11.3527048+08:00	0x06	-0.7366	-0.0363	0.6685	0.0965	169.44	264.95	354.63
2026-05-12T15:12:11.4843686+08:00	0x08	-0.0053	-0.0050	0.2256	0.9742	26.08	359.30	359.54
2026-05-12T15:12:11.5924233+08:00	0x09	0.0473	-0.1424	-0.4086	0.9003	311.45	342.83	358.21
2026-05-12T15:12:11.7253054+08:00	0x03	-0.0095	0.0019	0.1723	0.9850	19.85	0.02	358.89
2026-05-12T15:12:11.7661604+08:00	0x07	0.6954	0.2234	-0.6584	0.1819	175.13	265.41	33.17
2026-05-12T15:12:11.7875202+08:00	0x07	0.6979	0.1993	-0.6691	0.1598	175.77	266.49	29.32
2026-05-12T15:12:11.8685098+08:00	0x06	-0.7342	-0.0361	0.6713	0.0953	169.53	265.36	354.75
2026-05-12T15:12:11.9560511+08:00	0x08	-0.0053	-0.0050	0.2256	0.9742	26.08	359.30	359.54
2026-05-12T15:12:12.1313588+08:00	0x09	0.0473	-0.1424	-0.4086	0.9003	311.45	342.83	358.21
2026-05-12T15:12:12.2444258+08:00	0x02	-0.0482	-0.0004	-0.9948	0.0902	190.33	5.49	359.46
2026-05-12T15:12:12.2803940+08:00	0x03	-0.0095	0.0019	0.1723	0.9850	19.85	0.02	358.89
2026-05-12T15:12:12.3957671+08:00	0x01	-0.0145	0.0195	-0.1151	0.9931	346.74	2.42	358.61
2026-05-12T15:12:12.4839455+08:00	0x07	0.6920	0.2305	-0.6580	0.1872	174.96	265.56	34.22
2026-05-12T15:12:12.5237130+08:00	0x08	-0.0053	-0.0051	0.2256	0.9742	26.08	359.30	359.54
2026-05-12T15:12:12.6582865+08:00	0x02	-0.0482	-0.0004	-0.9948	0.0902	190.33	5.50	359.46
2026-05-12T15:12:12.7148976+08:00	0x09	0.0473	-0.1424	-0.4086	0.9003	311.45	342.83	358.21
2026-05-12T15:12:12.8208766+08:00	0x03	-0.0095	0.0019	0.1723	0.9850	19.85	0.02	358.89
2026-05-12T15:12:12.8915135+08:00	0x07	0.6956	0.2273	-0.6564	0.1833	174.79	265.10	33.60
2026-05-12T15:12:12.9628202+08:00	0x06	-0.7383	-0.0296	0.6661	0.1018	169.60	264.69	353.64
2026-05-12T15:12:13.1610619+08:00	0x08	-0.0053	-0.0050	0.2256	0.9742	26.08	359.30	359.54
2026-05-12T15:12:13.1764728+08:00	0x02	-0.0482	-0.0004	-0.9948	0.0902	190.33	5.50	359.46
2026-05-12T15:12:13.2434796+08:00	0x09	0.0473	-0.1424	-0.4086	0.9003	311.45	342.83	358.21
2026-05-12T15:12:13.3328056+08:00	0x01	-0.0145	0.0196	-0.1151	0.9931	346.74	2.42	358.61
2026-05-12T15:12:13.3785777+08:00	0x03	-0.0095	0.0019	0.1723	0.9850	19.85	0.03	358.89
2026-05-12T15:12:13.4221948+08:00	0x07	0.6969	0.2283	-0.6542	0.1849	174.73	264.77	33.82
2026-05-12T15:12:13.5503354+08:00	0x06	-0.7370	-0.0213	0.6666	0.1097	169.67	264.95	352.34
2026-05-12T15:12:13.7301627+08:00	0x08	-0.0053	-0.0051	0.2256	0.9742	26.08	359.30	359.54
2026-05-12T15:12:13.7624398+08:00	0x02	-0.0482	-0.0004	-0.9948	0.0902	190.33	5.50	359.46
2026-05-12T15:12:13.8247052+08:00	0x03	-0.0095	0.0019	0.1723	0.9850	19.85	0.03	358.89
2026-05-12T15:12:13.8793112+08:00	0x01	-0.0145	0.0196	-0.1151	0.9931	346.74	2.42	358.61
2026-05-12T15:12:13.9841824+08:00	0x09	0.0473	-0.1424	-0.4086	0.9003	311.45	342.83	358.21
2026-05-12T15:12:14.0466307+08:00	0x07	0.6940	0.2365	-0.6534	0.1883	174.25	264.75	34.78
2026-05-12T15:12:14.2374691+08:00	0x08	-0.0053	-0.0051	0.2256	0.9742	26.08	359.30	359.54
2026-05-12T15:12:14.2690800+08:00	0x05	0.0054	0.0125	0.4328	0.9014	51.29	1.55	359.94
2026-05-12T15:12:14.3740395+08:00	0x03	-0.0095	0.0019	0.1723	0.9850	19.85	0.03	358.89
2026-05-12T15:12:14.5256086+08:00	0x01	-0.0145	0.0195	-0.1151	0.9931	346.74	2.41	358.61
2026-05-12T15:12:14.6254179+08:00	0x07	0.6939	0.2324	-0.6559	0.1850	174.46	265.07	34.17
2026-05-12T15:12:14.6254179+08:00	0x06	-0.7352	-0.0239	0.6686	0.1089	169.50	265.25	352.64
2026-05-12T15:12:14.8260080+08:00	0x08	-0.0053	-0.0051	0.2256	0.9742	26.08	359.30	359.54
2026-05-12T15:12:14.8509427+08:00	0x02	-0.0482	-0.0004	-0.9948	0.0902	190.33	5.50	359.46
2026-05-12T15:12:14.9174380+08:00	0x03	-0.0095	0.0019	0.1723	0.9850	19.85	0.02	358.89
2026-05-12T15:12:15.0912927+08:00	0x07	0.6916	0.2315	-0.6577	0.1884	174.96	265.56	34.41
2026-05-12T15:12:15.1323113+08:00	0x01	-0.0145	0.0195	-0.1151	0.9931	346.74	2.41	358.61
2026-05-12T15:12:15.2992336+08:00	0x08	-0.0053	-0.0050	0.2256	0.9742	26.08	359.30	359.54
2026-05-12T15:12:15.4190253+08:00	0x02	-0.0482	-0.0004	-0.9948	0.0902	190.33	5.50	359.46
2026-05-12T15:12:15.6141788+08:00	0x01	-0.0145	0.0195	-0.1151	0.9931	346.74	2.41	358.61
2026-05-12T15:12:15.7061900+08:00	0x07	0.6920	0.2287	-0.6586	0.1872	175.16	265.69	34.08
2026-05-12T15:12:15.7311228+08:00	0x06	-0.7311	-0.0298	0.6739	0.1022	169.49	265.92	353.73
2026-05-12T15:12:15.9013481+08:00	0x08	-0.0053	-0.0051	0.2256	0.9742	26.08	359.30	359.54
2026-05-12T15:12:15.9343446+08:00	0x02	-0.0482	-0.0004	-0.9948	0.0902	190.33	5.50	359.46
2026-05-12T15:12:16.0220630+08:00	0x03	-0.0095	0.0019	0.1723	0.9850	19.85	0.02	358.90
2026-05-12T15:12:16.0940555+08:00	0x01	-0.0145	0.0195	-0.1151	0.9931	346.74	2.42	358.61
2026-05-12T15:12:16.1657712+08:00	0x07	0.6914	0.2326	-0.6561	0.1937	175.28	265.51	34.96
2026-05-12T15:12:16.2238966+08:00	0x06	-0.7335	-0.0324	0.6717	0.0984	169.59	265.49	354.21
2026-05-12T15:12:16.3834346+08:00	0x08	-0.0053	-0.0051	0.2256	0.9742	26.08	359.30	359.54
2026-05-12T15:12:16.5045249+08:00	0x02	-0.0482	-0.0004	-0.9948	0.0902	190.33	5.50	359.46
2026-05-12T15:12:16.5367461+08:00	0x03	-0.0095	0.0019	0.1723	0.9850	19.85	0.02	358.90
2026-05-12T15:12:16.6349389+08:00	0x01	-0.0145	0.0195	-0.1151	0.9931	346.74	2.41	358.61
2026-05-12T15:12:16.7305368+08:00	0x07	0.6903	0.2388	-0.6544	0.1955	174.79	265.27	35.63
2026-05-12T15:12:16.9869442+08:00	0x05	0.0053	0.0124	0.4328	0.9014	51.29	1.55	359.94
2026-05-12T15:12:17.0265809+08:00	0x08	-0.0053	-0.0051	0.2256	0.9742	26.08	359.30	359.54
2026-05-12T15:12:17.1268609+08:00	0x03	-0.0095	0.0019	0.1723	0.9850	19.85	0.02	358.90
2026-05-12T15:12:17.1802908+08:00	0x01	-0.0145	0.0195	-0.1151	0.9931	346.74	2.41	358.61
2026-05-12T15:12:17.2894253+08:00	0x07	0.6927	0.2369	-0.6532	0.1934	174.70	264.95	35.27
2026-05-12T15:12:17.4376815+08:00	0x05	0.0053	0.0124	0.4328	0.9014	51.29	1.55	359.94
2026-05-12T15:12:17.6249839+08:00	0x02	-0.0482	-0.0004	-0.9948	0.0902	190.33	5.50	359.46
2026-05-12T15:12:17.6939059+08:00	0x03	-0.0095	0.0019	0.1723	0.9850	19.85	0.02	358.90
2026-05-12T15:12:17.7518745+08:00	0x01	-0.0145	0.0195	-0.1151	0.9931	346.74	2.41	358.61
2026-05-12T15:12:17.8108916+08:00	0x06	-0.7329	-0.0322	0.6727	0.0960	169.79	265.60	354.41
2026-05-12T15:12:17.8431003+08:00	0x07	0.6930	0.2355	-0.6526	0.1959	175.03	264.97	35.37
2026-05-12T15:12:17.9161322+08:00	0x05	0.0053	0.0124	0.4328	0.9014	51.29	1.55	359.94
2026-05-12T15:12:18.1604921+08:00	0x08	-0.0053	-0.0051	0.2256	0.9742	26.08	359.30	359.54
2026-05-12T15:12:18.1664898+08:00	0x02	-0.0482	-0.0004	-0.9948	0.0902	190.33	5.50	359.45
2026-05-12T15:12:18.2027409+08:00	0x09	0.0472	-0.1424	-0.4086	0.9003	311.45	342.84	358.21
2026-05-12T15:12:18.3048734+08:00	0x01	-0.0145	0.0195	-0.1151	0.9931	346.74	2.41	358.61
2026-05-12T15:12:18.6659379+08:00	0x08	-0.0053	-0.0050	0.2256	0.9742	26.08	359.30	359.54
2026-05-12T15:12:18.7013497+08:00	0x02	-0.0482	-0.0004	-0.9948	0.0902	190.33	5.50	359.45
2026-05-12T15:12:18.7390892+08:00	0x03	-0.0095	0.0019	0.1723	0.9850	19.85	0.02	358.90
2026-05-12T15:12:18.8442871+08:00	0x01	-0.0145	0.0195	-0.1151	0.9931	346.74	2.41	358.61
2026-05-12T15:12:18.9702490+08:00	0x06	-0.7315	-0.0292	0.6739	0.1000	169.72	265.86	353.86
2026-05-12T15:12:19.1483777+08:00	0x02	-0.0482	-0.0004	-0.9948	0.0902	190.33	5.50	359.45
2026-05-12T15:12:19.3277631+08:00	0x09	0.0473	-0.1424	-0.4086	0.9003	311.45	342.83	358.21
2026-05-12T15:12:19.3918303+08:00	0x06	-0.7323	-0.0290	0.6729	0.1001	169.74	265.71	353.83
2026-05-12T15:12:19.4405827+08:00	0x07	0.6917	0.2378	-0.6527	0.1976	174.98	265.05	35.72
2026-05-12T15:12:19.7160250+08:00	0x05	0.0054	0.0125	0.4328	0.9014	51.29	1.55	359.94
2026-05-12T15:12:19.7368153+08:00	0x02	-0.0482	-0.0004	-0.9948	0.0902	190.33	5.50	359.45
2026-05-12T15:12:19.8652677+08:00	0x03	-0.0095	0.0018	0.1723	0.9850	19.85	0.02	358.90
2026-05-12T15:12:19.9307253+08:00	0x09	0.0472	-0.1424	-0.4086	0.9003	311.45	342.84	358.21
2026-05-12T15:12:19.9789770+08:00	0x07	0.6922	0.2381	-0.6515	0.1993	175.05	264.93	35.88
2026-05-12T15:12:20.0682617+08:00	0x06	-0.7330	-0.0291	0.6725	0.0984	169.87	265.61	353.97
2026-05-12T15:12:20.2608476+08:00	0x02	-0.0482	-0.0004	-0.9948	0.0902	190.33	5.50	359.45
2026-05-12T15:12:20.4109798+08:00	0x03	-0.0095	0.0019	0.1723	0.9850	19.85	0.02	358.89
2026-05-12T15:12:20.4608381+08:00	0x06	-0.7320	-0.0282	0.6735	0.0985	169.92	265.77	353.90
2026-05-12T15:12:20.5069959+08:00	0x09	0.0472	-0.1424	-0.4086	0.9003	311.45	342.84	358.21
2026-05-12T15:12:20.6250488+08:00	0x05	0.0054	0.0125	0.4328	0.9014	51.29	1.55	359.94
2026-05-12T15:12:20.7938589+08:00	0x08	-0.0053	-0.0051	0.2256	0.9742	26.08	359.30	359.54
2026-05-12T15:12:20.8392174+08:00	0x02	-0.0482	-0.0004	-0.9948	0.0902	190.33	5.50	359.45
2026-05-12T15:12:20.9869391+08:00	0x03	-0.0095	0.0019	0.1723	0.9850	19.85	0.02	358.90
2026-05-12T15:12:21.0313775+08:00	0x06	-0.7315	-0.0298	0.6742	0.0977	169.84	265.85	354.10
2026-05-12T15:12:21.0646933+08:00	0x01	-0.0145	0.0195	-0.1151	0.9931	346.74	2.41	358.61
2026-05-12T15:12:21.2072341+08:00	0x09	0.0473	-0.1424	-0.4086	0.9003	311.45	342.83	358.21
2026-05-12T15:12:21.2584444+08:00	0x07	0.6893	0.2431	-0.6510	0.2048	175.10	265.10	36.79
2026-05-12T15:12:21.3383346+08:00	0x08	-0.0053	-0.0051	0.2256	0.9742	26.08	359.30	359.54
2026-05-12T15:12:21.4987655+08:00	0x03	-0.0095	0.0019	0.1723	0.9850	19.85	0.02	358.90
2026-05-12T15:12:21.5634097+08:00	0x06	-0.7318	-0.0259	0.6735	0.1015	169.88	265.83	353.48
2026-05-12T15:12:21.6290553+08:00	0x01	-0.0145	0.0195	-0.1151	0.9931	346.74	2.41	358.61
2026-05-12T15:12:21.6592198+08:00	0x07	0.6910	0.2398	-0.6513	0.2023	175.17	265.03	36.30
2026-05-12T15:12:21.7489769+08:00	0x07	0.6893	0.2431	-0.6510	0.2048	175.10	265.10	36.79
2026-05-12T15:12:21.8427016+08:00	0x02	-0.0482	-0.0004	-0.9948	0.0902	190.33	5.50	359.45
2026-05-12T15:12:21.8902206+08:00	0x08	-0.0052	-0.0051	0.2256	0.9742	26.08	359.30	359.55
2026-05-12T15:12:22.0448917+08:00	0x03	-0.0095	0.0019	0.1723	0.9850	19.85	0.02	358.90
2026-05-12T15:12:22.1143664+08:00	0x09	0.0473	-0.1424	-0.4086	0.9003	311.45	342.83	358.21
2026-05-12T15:12:22.1502901+08:00	0x06	-0.7321	-0.0265	0.6733	0.1003	169.92	265.77	353.61
2026-05-12T15:12:22.1780748+08:00	0x07	0.6895	0.2431	-0.6506	0.2056	175.14	265.05	36.85
2026-05-12T15:12:22.4422989+08:00	0x02	-0.0482	-0.0004	-0.9948	0.0902	190.33	5.50	359.46
2026-05-12T15:12:22.6072746+08:00	0x03	-0.0095	0.0019	0.1723	0.9850	19.85	0.02	358.90
2026-05-12T15:12:22.6416389+08:00	0x09	0.0473	-0.1423	-0.4086	0.9003	311.45	342.84	358.21
2026-05-12T15:12:22.7638955+08:00	0x07	0.6904	0.2422	-0.6499	0.2057	175.20	264.95	36.79
2026-05-12T15:12:23.0377758+08:00	0x02	-0.0482	-0.0004	-0.9948	0.0902	190.33	5.50	359.45
2026-05-12T15:12:23.1459612+08:00	0x03	-0.0095	0.0019	0.1723	0.9850	19.85	0.02	358.90
2026-05-12T15:12:23.2118958+08:00	0x09	0.0473	-0.1424	-0.4086	0.9003	311.45	342.83	358.21
2026-05-12T15:12:23.2843050+08:00	0x01	-0.0145	0.0195	-0.1151	0.9931	346.74	2.41	358.61
2026-05-12T15:12:23.3163890+08:00	0x07	0.6899	0.2416	-0.6498	0.2082	175.50	265.07	36.96
2026-05-12T15:12:23.4285739+08:00	0x02	-0.0482	-0.0004	-0.9948	0.0902	190.33	5.50	359.46
2026-05-12T15:12:23.5825967+08:00	0x08	-0.0052	-0.0050	0.2256	0.9742	26.08	359.30	359.54
2026-05-12T15:12:23.7094755+08:00	0x03	-0.0095	0.0019	0.1723	0.9850	19.85	0.02	358.89
2026-05-12T15:12:23.7501615+08:00	0x09	0.0473	-0.1424	-0.4086	0.9003	311.45	342.83	358.21
2026-05-12T15:12:23.8020433+08:00	0x07	0.6878	0.2463	-0.6492	0.2115	175.35	265.10	37.65
2026-05-12T15:12:23.8700186+08:00	0x01	-0.0145	0.0195	-0.1151	0.9931	346.74	2.41	358.61
2026-05-12T15:12:23.9978148+08:00	0x02	-0.0482	-0.0004	-0.9948	0.0902	190.33	5.50	359.46
2026-05-12T15:12:24.1987691+08:00	0x08	-0.0053	-0.0051	0.2256	0.9742	26.08	359.30	359.54
2026-05-12T15:12:24.2884686+08:00	0x03	-0.0095	0.0019	0.1723	0.9850	19.85	0.02	358.89
2026-05-12T15:12:24.3529267+08:00	0x06	-0.7331	-0.0254	0.6725	0.0984	170.18	265.61	353.68
2026-05-12T15:12:24.4718547+08:00	0x01	-0.0145	0.0196	-0.1151	0.9931	346.74	2.42	358.61
2026-05-12T15:12:24.5796063+08:00	0x02	-0.0482	-0.0004	-0.9948	0.0902	190.33	5.50	359.46
2026-05-12T15:12:24.6647987+08:00	0x08	-0.0053	-0.0051	0.2256	0.9742	26.08	359.30	359.54
2026-05-12T15:12:24.7862532+08:00	0x03	-0.0095	0.0019	0.1723	0.9850	19.85	0.03	358.89
2026-05-12T15:12:24.8708645+08:00	0x07	0.6919	0.2444	-0.6461	0.2101	175.19	264.46	37.34
2026-05-12T15:12:24.9519823+08:00	0x01	-0.0145	0.0195	-0.1151	0.9931	346.74	2.41	358.61
2026-05-12T15:12:25.1688476+08:00	0x08	-0.0053	-0.0050	0.2256	0.9742	26.08	359.30	359.54
2026-05-12T15:12:25.2656053+08:00	0x02	-0.0482	-0.0004	-0.9948	0.0902	190.33	5.50	359.46
2026-05-12T15:12:25.3301560+08:00	0x03	-0.0095	0.0019	0.1723	0.9850	19.85	0.02	358.89
2026-05-12T15:12:25.4084984+08:00	0x09	0.0473	-0.1424	-0.4086	0.9003	311.45	342.83	358.21
2026-05-12T15:12:25.5372542+08:00	0x07	0.6916	0.2483	-0.6443	0.2119	174.89	264.20	37.81
2026-05-12T15:12:25.6142955+08:00	0x01	-0.0145	0.0195	-0.1151	0.9931	346.74	2.41	358.61
2026-05-12T15:12:25.7482988+08:00	0x08	-0.0053	-0.0051	0.2256	0.9742	26.08	359.30	359.54
2026-05-12T15:12:25.8839881+08:00	0x06	-0.7375	-0.0279	0.6682	0.0938	170.36	264.84	354.20
2026-05-12T15:12:25.9366818+08:00	0x07	0.6904	0.2495	-0.6441	0.2150	175.07	264.32	38.18
2026-05-12T15:12:26.0325563+08:00	0x01	-0.0145	0.0195	-0.1151	0.9931	346.74	2.41	358.61
2026-05-12T15:12:26.0687162+08:00	0x03	-0.0095	0.0019	0.1723	0.9850	19.85	0.02	358.89
2026-05-12T15:12:26.2120261+08:00	0x02	-0.0482	-0.0004	-0.9948	0.0902	190.33	5.50	359.46
2026-05-12T15:12:26.2785939+08:00	0x08	-0.0053	-0.0051	0.2256	0.9742	26.08	359.30	359.54
2026-05-12T15:12:26.3868571+08:00	0x03	-0.0095	0.0019	0.1723	0.9850	19.85	0.02	358.89
2026-05-12T15:12:26.4844108+08:00	0x07	0.6912	0.2512	-0.6429	0.2139	174.73	264.02	38.23
2026-05-12T15:12:26.4999949+08:00	0x09	0.0473	-0.1424	-0.4086	0.9003	311.45	342.83	358.21
2026-05-12T15:12:26.7468890+08:00	0x02	-0.0482	-0.0004	-0.9948	0.0902	190.33	5.49	359.45
2026-05-12T15:12:26.8464612+08:00	0x08	-0.0053	-0.0051	0.2256	0.9742	26.08	359.30	359.54
2026-05-12T15:12:26.9565437+08:00	0x06	-0.7379	-0.0284	0.6677	0.0942	170.30	264.77	354.20
2026-05-12T15:12:26.9719749+08:00	0x09	0.0473	-0.1424	-0.4086	0.9003	311.45	342.83	358.21
2026-05-12T15:12:27.0620543+08:00	0x07	0.6903	0.2523	-0.6432	0.2148	174.73	264.11	38.39
2026-05-12T15:12:27.1800112+08:00	0x03	-0.0095	0.0019	0.1723	0.9850	19.85	0.03	358.89
2026-05-12T15:12:27.3393649+08:00	0x02	-0.0482	-0.0004	-0.9948	0.0902	190.33	5.50	359.46
2026-05-12T15:12:27.4249996+08:00	0x08	-0.0053	-0.0051	0.2256	0.9742	26.08	359.30	359.54
2026-05-12T15:12:27.4558132+08:00	0x03	-0.0095	0.0019	0.1723	0.9850	19.85	0.03	358.89
2026-05-12T15:12:27.5381678+08:00	0x06	-0.7374	-0.0287	0.6683	0.0942	170.27	264.86	354.22
2026-05-12T15:12:27.5554549+08:00	0x09	0.0473	-0.1424	-0.4086	0.9003	311.45	342.83	358.21
2026-05-12T15:12:27.6248730+08:00	0x07	0.6902	0.2518	-0.6436	0.2144	174.77	264.18	38.32
2026-05-12T15:12:27.8580359+08:00	0x02	-0.0482	-0.0004	-0.9948	0.0902	190.33	5.50	359.46
2026-05-12T15:12:27.9323294+08:00	0x08	-0.0053	-0.0051	0.2256	0.9742	26.08	359.30	359.54
2026-05-12T15:12:28.0122916+08:00	0x03	-0.0095	0.0019	0.1723	0.9850	19.85	0.02	358.90
2026-05-12T15:12:28.0679302+08:00	0x06	-0.7357	-0.0294	0.6701	0.0939	170.22	265.15	354.34
2026-05-12T15:12:28.1353002+08:00	0x07	0.6878	0.2521	-0.6455	0.2161	175.03	264.63	38.51
2026-05-12T15:12:28.1893403+08:00	0x01	-0.0145	0.0195	-0.1151	0.9931	346.74	2.41	358.61
2026-05-12T15:12:28.2394601+08:00	0x09	0.0473	-0.1424	-0.4086	0.9003	311.45	342.83	358.21
2026-05-12T15:12:28.4128213+08:00	0x02	-0.0482	-0.0004	-0.9948	0.0902	190.33	5.50	359.46
2026-05-12T15:12:28.5175448+08:00	0x08	-0.0053	-0.0051	0.2256	0.9742	26.08	359.30	359.54
2026-05-12T15:12:28.6130466+08:00	0x09	0.0473	-0.1424	-0.4086	0.9003	311.45	342.83	358.21
2026-05-12T15:12:28.6505307+08:00	0x06	-0.7339	-0.0288	0.6719	0.0952	170.15	265.45	354.21
2026-05-12T15:12:28.7031028+08:00	0x01	-0.0145	0.0195	-0.1151	0.9931	346.74	2.42	358.61
2026-05-12T15:12:28.9384266+08:00	0x02	-0.0482	-0.0004	-0.9948	0.0902	190.33	5.50	359.46
2026-05-12T15:12:29.0190381+08:00	0x08	-0.0053	-0.0051	0.2256	0.9742	26.08	359.30	359.54
2026-05-12T15:12:29.1487590+08:00	0x06	-0.7332	-0.0291	0.6724	0.0972	169.96	265.57	354.06
2026-05-12T15:12:29.2186164+08:00	0x07	0.6845	0.2539	-0.6482	0.2164	175.06	265.14	38.71
2026-05-12T15:12:29.2811124+08:00	0x05	0.0053	0.0125	0.4328	0.9014	51.29	1.55	359.93
2026-05-12T15:12:29.3389571+08:00	0x09	0.0473	-0.1424	-0.4086	0.9003	311.45	342.83	358.21
2026-05-12T15:12:29.5049750+08:00	0x02	-0.0482	-0.0004	-0.9948	0.0902	190.33	5.50	359.46
2026-05-12T15:12:29.6079312+08:00	0x08	-0.0053	-0.0051	0.2256	0.9742	26.08	359.30	359.54
2026-05-12T15:12:29.7199028+08:00	0x06	-0.7325	-0.0293	0.6731	0.0977	169.90	265.69	354.05
2026-05-12T15:12:29.7729320+08:00	0x07	0.6840	0.2529	-0.6493	0.2158	175.18	265.33	38.58
2026-05-12T15:12:29.9111565+08:00	0x09	0.0473	-0.1424	-0.4086	0.9003	311.45	342.83	358.21
2026-05-12T15:12:30.0009805+08:00	0x02	-0.0482	-0.0004	-0.9948	0.0902	190.33	5.50	359.46
2026-05-12T15:12:30.1689362+08:00	0x03	-0.0095	0.0019	0.1723	0.9850	19.85	0.02	358.89
2026-05-12T15:12:30.2489835+08:00	0x06	-0.7306	-0.0307	0.6752	0.0971	169.81	266.00	354.24
2026-05-12T15:12:30.3138708+08:00	0x08	-0.0052	-0.0051	0.2256	0.9742	26.08	359.30	359.55
2026-05-12T15:12:30.3694446+08:00	0x01	-0.0145	0.0195	-0.1151	0.9931	346.74	2.41	358.61
2026-05-12T15:12:30.5066823+08:00	0x02	-0.0482	-0.0004	-0.9948	0.0902	190.33	5.50	359.46
2026-05-12T15:12:30.7173747+08:00	0x03	-0.0095	0.0019	0.1723	0.9850	19.85	0.03	358.89
2026-05-12T15:12:30.8430009+08:00	0x09	0.0473	-0.1424	-0.4086	0.9003	311.45	342.83	358.21
2026-05-12T15:12:30.9240877+08:00	0x08	-0.0052	-0.0051	0.2256	0.9742	26.08	359.30	359.55
2026-05-12T15:12:30.9881155+08:00	0x06	-0.7303	-0.0314	0.6755	0.0969	169.77	266.05	354.31
2026-05-12T15:12:31.2526556+08:00	0x03	-0.0095	0.0019	0.1723	0.9850	19.85	0.03	358.89
2026-05-12T15:12:31.3332053+08:00	0x06	-0.7301	-0.0308	0.6757	0.0977	169.75	266.09	354.20
2026-05-12T15:12:31.3578724+08:00	0x09	0.0473	-0.1423	-0.4086	0.9003	311.45	342.84	358.21
2026-05-12T15:12:31.4078272+08:00	0x07	0.6816	0.2557	-0.6496	0.2191	175.27	265.56	39.12
2026-05-12T15:12:31.4784107+08:00	0x01	-0.0145	0.0195	-0.1151	0.9931	346.74	2.42	358.61
2026-05-12T15:12:31.5926145+08:00	0x02	-0.0482	-0.0004	-0.9948	0.0902	190.33	5.50	359.46
2026-05-12T15:12:31.7659901+08:00	0x03	-0.0095	0.0019	0.1723	0.9850	19.85	0.03	358.89
2026-05-12T15:12:31.9165556+08:00	0x08	-0.0052	-0.0051	0.2256	0.9742	26.08	359.30	359.55
2026-05-12T15:12:31.9736242+08:00	0x09	0.0473	-0.1424	-0.4086	0.9003	311.45	342.83	358.21
2026-05-12T15:12:32.0158990+08:00	0x07	0.6822	0.2525	-0.6512	0.2163	175.39	265.72	38.60
2026-05-12T15:12:32.3085434+08:00	0x03	-0.0095	0.0019	0.1723	0.9850	19.85	0.03	358.89
2026-05-12T15:12:32.3707413+08:00	0x06	-0.7302	-0.0395	0.6762	0.0896	169.67	266.01	355.55
2026-05-12T15:12:32.4777215+08:00	0x09	0.0473	-0.1424	-0.4086	0.9003	311.45	342.83	358.21
2026-05-12T15:12:32.5518811+08:00	0x07	0.6815	0.2565	-0.6485	0.2217	175.39	265.51	39.41
2026-05-12T15:12:32.7188102+08:00	0x02	-0.0482	-0.0004	-0.9948	0.0902	190.33	5.50	359.46
2026-05-12T15:12:32.8820956+08:00	0x03	-0.0095	0.0019	0.1723	0.9850	19.85	0.03	358.89
2026-05-12T15:12:32.9908219+08:00	0x06	-0.7318	-0.0405	0.6745	0.0884	169.69	265.72	355.72
2026-05-12T15:12:33.0331864+08:00	0x07	0.6817	0.2589	-0.6472	0.2223	175.14	265.27	39.66
2026-05-12T15:12:33.2502832+08:00	0x02	-0.0482	-0.0004	-0.9948	0.0902	190.33	5.50	359.46
2026-05-12T15:12:33.4572376+08:00	0x03	-0.0095	0.0019	0.1723	0.9850	19.85	0.02	358.90
2026-05-12T15:12:33.4810918+08:00	0x06	-0.7326	-0.0353	0.6735	0.0918	169.86	265.62	355.01
2026-05-12T15:12:33.5528041+08:00	0x09	0.0472	-0.1424	-0.4086	0.9003	311.45	342.84	358.21
2026-05-12T15:12:33.5763284+08:00	0x07	0.6858	0.2560	-0.6455	0.2178	174.83	264.70	38.99
2026-05-12T15:12:33.7359045+08:00	0x02	-0.0482	-0.0004	-0.9948	0.0902	190.33	5.50	359.46
2026-05-12T15:12:33.9751816+08:00	0x03	-0.0095	0.0019	0.1723	0.9850	19.85	0.03	358.89
2026-05-12T15:12:33.9959612+08:00	0x06	-0.7326	-0.0366	0.6738	0.0891	169.96	265.62	355.34
2026-05-12T15:12:34.0960326+08:00	0x07	0.6886	0.2565	-0.6423	0.2177	174.57	264.09	39.00
2026-05-12T15:12:34.2244092+08:00	0x01	-0.0145	0.0195	-0.1151	0.9931	346.74	2.42	358.61
2026-05-12T15:12:34.3729901+08:00	0x02	-0.0482	-0.0004	-0.9948	0.0902	190.33	5.50	359.46
2026-05-12T15:12:34.5190232+08:00	0x03	-0.0095	0.0019	0.1723	0.9850	19.85	0.03	358.89
2026-05-12T15:12:34.5600039+08:00	0x06	-0.7333	-0.0306	0.6725	0.0952	170.00	265.54	354.35
2026-05-12T15:12:34.6312555+08:00	0x07	0.6861	0.2543	-0.6459	0.2177	175.01	264.78	38.84
2026-05-12T15:12:34.7733225+08:00	0x01	-0.0145	0.0195	-0.1151	0.9931	346.74	2.42	358.61
2026-05-12T15:12:34.8226816+08:00	0x02	-0.0482	-0.0004	-0.9948	0.0902	190.33	5.50	359.46
2026-05-12T15:12:35.0512154+08:00	0x03	-0.0095	0.0019	0.1723	0.9850	19.85	0.03	358.89
2026-05-12T15:12:35.1733216+08:00	0x07	0.6806	0.2630	-0.6458	0.2251	174.95	265.14	40.24
2026-05-12T15:12:35.4373819+08:00	0x01	-0.0145	0.0195	-0.1151	0.9931	346.74	2.41	358.61
2026-05-12T15:12:35.5813027+08:00	0x08	-0.0052	-0.0050	0.2256	0.9742	26.08	359.30	359.54
2026-05-12T15:12:35.6237103+08:00	0x03	-0.0095	0.0019	0.1723	0.9850	19.85	0.03	358.89
2026-05-12T15:12:35.7259786+08:00	0x07	0.6805	0.2599	-0.6483	0.2215	175.05	265.43	39.68
2026-05-12T15:12:35.7582124+08:00	0x09	0.0473	-0.1424	-0.4086	0.9003	311.45	342.83	358.21
2026-05-12T15:12:35.8770077+08:00	0x01	-0.0145	0.0196	-0.1151	0.9931	346.74	2.42	358.61
2026-05-12T15:12:35.9174533+08:00	0x02	-0.0482	-0.0004	-0.9948	0.0902	190.33	5.50	359.46
2026-05-12T15:12:36.0978444+08:00	0x08	-0.0052	-0.0050	0.2256	0.9742	26.08	359.30	359.54
2026-05-12T15:12:36.1728255+08:00	0x06	-0.7288	-0.0363	0.6773	0.0938	169.59	266.26	354.98
2026-05-12T15:12:36.2615888+08:00	0x07	0.6809	0.2599	-0.6485	0.2198	174.87	265.37	39.52
2026-05-12T15:12:36.3578201+08:00	0x09	0.0473	-0.1424	-0.4086	0.9003	311.45	342.83	358.21
2026-05-12T15:12:36.5027169+08:00	0x02	-0.0482	-0.0004	-0.9948	0.0902	190.33	5.50	359.46
2026-05-12T15:12:36.6742509+08:00	0x08	-0.0053	-0.0050	0.2256	0.9742	26.08	359.30	359.54
2026-05-12T15:12:36.7389105+08:00	0x06	-0.7279	-0.0334	0.6782	0.0948	169.74	266.43	354.68
2026-05-12T15:12:36.7918673+08:00	0x07	0.6846	0.2538	-0.6478	0.2175	175.16	265.13	38.80
2026-05-12T15:12:36.8717578+08:00	0x01	-0.0144	0.0196	-0.1151	0.9931	346.74	2.42	358.62
2026-05-12T15:12:36.9049257+08:00	0x09	0.0473	-0.1424	-0.4086	0.9003	311.45	342.83	358.21
2026-05-12T15:12:37.1253417+08:00	0x02	-0.0482	-0.0004	-0.9948	0.0902	190.33	5.50	359.46
2026-05-12T15:12:37.2312223+08:00	0x03	-0.0095	0.0019	0.1723	0.9850	19.85	0.03	358.89
2026-05-12T15:12:37.3155202+08:00	0x06	-0.7294	-0.0347	0.6768	0.0930	169.80	266.17	354.91
2026-05-12T15:12:37.4043993+08:00	0x09	0.0473	-0.1424	-0.4086	0.9003	311.45	342.83	358.21
2026-05-12T15:12:37.4312401+08:00	0x05	0.0054	0.0125	0.4328	0.9014	51.29	1.56	359.94
2026-05-12T15:12:37.7064256+08:00	0x02	-0.0482	-0.0004	-0.9948	0.0902	190.33	5.50	359.46
2026-05-12T15:12:37.7529503+08:00	0x03	-0.0095	0.0019	0.1723	0.9850	19.85	0.02	358.89
2026-05-12T15:12:37.7834881+08:00	0x08	-0.0053	-0.0050	0.2256	0.9742	26.08	359.30	359.54
2026-05-12T15:12:37.8390909+08:00	0x06	-0.7298	-0.0352	0.6763	0.0942	169.66	266.11	354.85
2026-05-12T15:12:37.9268435+08:00	0x07	0.6810	0.2567	-0.6498	0.2191	175.20	265.61	39.21
2026-05-12T15:12:37.9641190+08:00	0x01	-0.0145	0.0196	-0.1151	0.9931	346.74	2.42	358.61
2026-05-12T15:12:38.1380550+08:00	0x09	0.0473	-0.1424	-0.4086	0.9003	311.45	342.83	358.21
2026-05-12T15:12:38.2239810+08:00	0x02	-0.0482	-0.0004	-0.9948	0.0902	190.33	5.50	359.46
2026-05-12T15:12:38.3070250+08:00	0x03	-0.0095	0.0019	0.1723	0.9850	19.85	0.03	358.89
2026-05-12T15:12:38.4077846+08:00	0x06	-0.7319	-0.0346	0.6740	0.0938	169.75	265.75	354.80
2026-05-12T15:12:38.4566202+08:00	0x07	0.6821	0.2568	-0.6486	0.2194	175.13	265.37	39.23
2026-05-12T15:12:38.7704200+08:00	0x05	0.0054	0.0125	0.4328	0.9014	51.29	1.56	359.94
2026-05-12T15:12:38.7943560+08:00	0x02	-0.0482	-0.0004	-0.9948	0.0902	190.33	5.50	359.46
2026-05-12T15:12:38.8650126+08:00	0x08	-0.0053	-0.0050	0.2256	0.9742	26.08	359.30	359.54
2026-05-12T15:12:39.0268199+08:00	0x09	0.0473	-0.1424	-0.4086	0.9003	311.45	342.83	358.21
2026-05-12T15:12:39.0505397+08:00	0x06	-0.7322	-0.0354	0.6735	0.0946	169.63	265.69	354.79
2026-05-12T15:12:39.0771238+08:00	0x07	0.6808	0.2600	-0.6485	0.2201	174.90	265.38	39.56
2026-05-12T15:12:39.2488115+08:00	0x02	-0.0482	-0.0004	-0.9948	0.0902	190.33	5.50	359.46
2026-05-12T15:12:39.3865661+08:00	0x03	-0.0095	0.0019	0.1723	0.9850	19.85	0.03	358.89
2026-05-12T15:12:39.5011540+08:00	0x06	-0.7330	-0.0364	0.6724	0.0961	169.43	265.55	354.73
2026-05-12T15:12:39.5878133+08:00	0x09	0.0473	-0.1424	-0.4086	0.9003	311.45	342.83	358.21
2026-05-12T15:12:39.6565832+08:00	0x07	0.6788	0.2639	-0.6489	0.2201	174.56	265.45	39.89
2026-05-12T15:12:39.8905386+08:00	0x02	-0.0482	-0.0004	-0.9948	0.0902	190.33	5.50	359.46
2026-05-12T15:12:39.9540002+08:00	0x08	-0.0053	-0.0050	0.2256	0.9742	26.08	359.30	359.54
2026-05-12T15:12:40.0252494+08:00	0x06	-0.7338	-0.0360	0.6716	0.0964	169.45	265.43	354.66
2026-05-12T15:12:40.0897958+08:00	0x01	-0.0145	0.0196	-0.1151	0.9931	346.74	2.42	358.61
2026-05-12T15:12:40.1499552+08:00	0x05	0.0054	0.0125	0.4328	0.9014	51.29	1.56	359.94
2026-05-12T15:12:40.3374633+08:00	0x02	-0.0482	-0.0004	-0.9948	0.0902	190.33	5.50	359.46
2026-05-12T15:12:40.4498573+08:00	0x03	-0.0095	0.0019	0.1723	0.9850	19.85	0.03	358.89
2026-05-12T15:12:40.5443560+08:00	0x08	-0.0053	-0.0050	0.2256	0.9742	26.08	359.30	359.54
2026-05-12T15:12:40.6771994+08:00	0x01	-0.0145	0.0196	-0.1151	0.9931	346.74	2.42	358.61
2026-05-12T15:12:40.7131017+08:00	0x09	0.0473	-0.1424	-0.4086	0.9003	311.45	342.83	358.21
2026-05-12T15:12:40.8679758+08:00	0x02	-0.0482	-0.0004	-0.9948	0.0902	190.33	5.50	359.46
2026-05-12T15:12:40.9966733+08:00	0x03	-0.0095	0.0019	0.1723	0.9850	19.85	0.03	358.89
2026-05-12T15:12:41.1093174+08:00	0x08	-0.0053	-0.0050	0.2256	0.9742	26.08	359.30	359.54
2026-05-12T15:12:41.1189015+08:00	0x06	-0.7328	-0.0319	0.6725	0.0989	169.59	265.62	354.14
2026-05-12T15:12:41.1950422+08:00	0x01	-0.0145	0.0196	-0.1151	0.9931	346.74	2.42	358.61
2026-05-12T15:12:41.2081539+08:00	0x07	0.6802	0.2610	-0.6495	0.2178	174.64	265.43	39.44
2026-05-12T15:12:41.3183027+08:00	0x09	0.0473	-0.1424	-0.4086	0.9003	311.45	342.83	358.21
2026-05-12T15:12:41.4338824+08:00	0x02	-0.0482	-0.0004	-0.9948	0.0902	190.33	5.50	359.46
2026-05-12T15:12:41.6193388+08:00	0x08	-0.0052	-0.0050	0.2256	0.9742	26.08	359.30	359.54
2026-05-12T15:12:41.6986001+08:00	0x03	-0.0095	0.0019	0.1723	0.9850	19.85	0.03	358.89
2026-05-12T15:12:41.7942095+08:00	0x07	0.6798	0.2607	-0.6502	0.2171	174.65	265.53	39.36
2026-05-12T15:12:41.9404239+08:00	0x02	-0.0482	-0.0004	-0.9948	0.0902	190.33	5.50	359.46
2026-05-12T15:12:42.0611936+08:00	0x03	-0.0095	0.0019	0.1723	0.9850	19.85	0.03	358.89
2026-05-12T15:12:42.2005423+08:00	0x08	-0.0053	-0.0050	0.2256	0.9742	26.08	359.30	359.54
2026-05-12T15:12:42.2660269+08:00	0x06	-0.7302	-0.0313	0.6751	0.1003	169.50	266.06	354.02
2026-05-12T15:12:42.3889930+08:00	0x01	-0.0145	0.0196	-0.1151	0.9931	346.74	2.42	358.61
2026-05-12T15:12:42.5256499+08:00	0x02	-0.0482	-0.0004	-0.9948	0.0902	190.33	5.50	359.46
2026-05-12T15:12:42.6228729+08:00	0x03	-0.0095	0.0019	0.1723	0.9850	19.85	0.03	358.89
2026-05-12T15:12:42.7120248+08:00	0x08	-0.0052	-0.0050	0.2256	0.9742	26.08	359.30	359.54
2026-05-12T15:12:42.7899407+08:00	0x06	-0.7298	-0.0311	0.6757	0.0996	169.57	266.13	354.06
2026-05-12T15:12:42.8537542+08:00	0x01	-0.0145	0.0196	-0.1151	0.9931	346.74	2.42	358.61
2026-05-12T15:12:42.9080899+08:00	0x09	0.0472	-0.1424	-0.4086	0.9003	311.45	342.83	358.21
2026-05-12T15:12:43.1000015+08:00	0x03	-0.0095	0.0019	0.1723	0.9850	19.85	0.03	358.89
2026-05-12T15:12:43.1809271+08:00	0x07	0.6800	0.2594	-0.6499	0.2191	174.95	265.60	39.43
2026-05-12T15:12:43.2871850+08:00	0x08	-0.0053	-0.0050	0.2256	0.9742	26.08	359.30	359.54
2026-05-12T15:12:43.3301645+08:00	0x02	-0.0482	-0.0004	-0.9948	0.0902	190.33	5.50	359.46
2026-05-12T15:12:43.4309259+08:00	0x01	-0.0145	0.0196	-0.1151	0.9931	346.74	2.42	358.61
2026-05-12T15:12:43.5132124+08:00	0x09	0.0472	-0.1424	-0.4086	0.9003	311.45	342.83	358.21
2026-05-12T15:12:43.6191430+08:00	0x02	-0.0482	-0.0004	-0.9948	0.0902	190.33	5.50	359.46
2026-05-12T15:12:43.7122623+08:00	0x07	0.6800	0.2594	-0.6499	0.2191	174.95	265.60	39.43
2026-05-12T15:12:43.7871735+08:00	0x03	-0.0095	0.0019	0.1723	0.9850	19.85	0.02	358.90
2026-05-12T15:12:43.8799546+08:00	0x06	-0.7298	-0.0317	0.6762	0.0962	169.79	266.13	354.40
2026-05-12T15:12:43.9282408+08:00	0x07	0.6804	0.2580	-0.6488	0.2228	175.38	265.61	39.64
2026-05-12T15:12:43.9692682+08:00	0x08	-0.0052	-0.0050	0.2256	0.9742	26.08	359.30	359.54
2026-05-12T15:12:44.0322348+08:00	0x09	0.0473	-0.1424	-0.4086	0.9003	311.45	342.83	358.21
2026-05-12T15:12:44.2155529+08:00	0x02	-0.0482	-0.0004	-0.9948	0.0902	190.33	5.50	359.46
2026-05-12T15:12:44.3827937+08:00	0x08	-0.0052	-0.0050	0.2256	0.9742	26.08	359.30	359.54
2026-05-12T15:12:44.4493621+08:00	0x06	-0.7315	-0.0316	0.6743	0.0958	169.85	265.83	354.41
2026-05-12T15:12:44.4988603+08:00	0x07	0.6820	0.2605	-0.6461	0.2227	174.96	265.08	39.81
2026-05-12T15:12:44.6983264+08:00	0x03	-0.0095	0.0019	0.1723	0.9850	19.85	0.03	358.89
2026-05-12T15:12:44.7137729+08:00	0x02	-0.0482	-0.0004	-0.9948	0.0902	190.33	5.50	359.46
2026-05-12T15:12:44.9470782+08:00	0x08	-0.0052	-0.0050	0.2256	0.9742	26.08	359.30	359.54
2026-05-12T15:12:45.0361708+08:00	0x06	-0.7318	-0.0367	0.6743	0.0916	169.75	265.76	355.15
2026-05-12T15:12:45.0995188+08:00	0x09	0.0473	-0.1424	-0.4086	0.9003	311.45	342.83	358.21
2026-05-12T15:12:45.2493002+08:00	0x03	-0.0095	0.0019	0.1723	0.9850	19.85	0.03	358.89
2026-05-12T15:12:45.2913594+08:00	0x02	-0.0482	-0.0004	-0.9948	0.0902	190.33	5.50	359.46
2026-05-12T15:12:45.4838050+08:00	0x08	-0.0052	-0.0050	0.2256	0.9742	26.08	359.30	359.54
2026-05-12T15:12:45.5681204+08:00	0x06	-0.7317	-0.0375	0.6743	0.0922	169.64	265.77	355.16
2026-05-12T15:12:45.6004826+08:00	0x05	0.0054	0.0125	0.4328	0.9014	51.29	1.56	359.94
2026-05-12T15:12:45.6262963+08:00	0x01	-0.0145	0.0196	-0.1151	0.9931	346.74	2.42	358.61
2026-05-12T15:12:45.6456377+08:00	0x09	0.0472	-0.1424	-0.4086	0.9003	311.45	342.83	358.21
2026-05-12T15:12:45.8582060+08:00	0x03	-0.0095	0.0019	0.1723	0.9850	19.85	0.03	358.89
2026-05-12T15:12:45.8768440+08:00	0x02	-0.0482	-0.0004	-0.9948	0.0902	190.33	5.50	359.46
2026-05-12T15:12:46.0579299+08:00	0x08	-0.0052	-0.0050	0.2256	0.9742	26.08	359.30	359.54
2026-05-12T15:12:46.1129859+08:00	0x06	-0.7332	-0.0351	0.6725	0.0944	169.67	265.53	354.77
2026-05-12T15:12:46.1454279+08:00	0x07	0.6839	0.2606	-0.6454	0.2187	174.48	264.71	39.46
2026-05-12T15:12:46.2330165+08:00	0x09	0.0472	-0.1424	-0.4086	0.9003	311.45	342.83	358.21
2026-05-12T15:12:46.4033155+08:00	0x02	-0.0482	-0.0004	-0.9948	0.0902	190.33	5.50	359.46
2026-05-12T15:12:46.5800080+08:00	0x08	-0.0052	-0.0050	0.2256	0.9742	26.08	359.30	359.54
2026-05-12T15:12:46.6206812+08:00	0x07	0.6836	0.2625	-0.6446	0.2196	174.35	264.60	39.69
2026-05-12T15:12:46.6397766+08:00	0x06	-0.7351	-0.0364	0.6706	0.0931	169.69	265.20	354.95
2026-05-12T15:12:46.7069323+08:00	0x01	-0.0145	0.0196	-0.1151	0.9931	346.74	2.42	358.61
2026-05-12T15:12:46.7713566+08:00	0x09	0.0472	-0.1424	-0.4086	0.9003	311.45	342.84	358.21
2026-05-12T15:12:46.8588900+08:00	0x03	-0.0095	0.0019	0.1723	0.9850	19.85	0.03	358.89
2026-05-12T15:12:46.9460585+08:00	0x02	-0.0482	-0.0004	-0.9948	0.0902	190.33	5.50	359.46
2026-05-12T15:12:47.1530425+08:00	0x08	-0.0052	-0.0050	0.2256	0.9742	26.08	359.30	359.54
2026-05-12T15:12:47.2103047+08:00	0x07	0.6860	0.2610	-0.6438	0.2163	174.11	264.27	39.26
2026-05-12T15:12:47.3039712+08:00	0x09	0.0472	-0.1424	-0.4086	0.9003	311.45	342.83	358.21
2026-05-12T15:12:47.4448013+08:00	0x03	-0.0095	0.0019	0.1723	0.9850	19.85	0.03	358.89
2026-05-12T15:12:47.5285764+08:00	0x02	-0.0482	-0.0004	-0.9948	0.0902	190.33	5.50	359.46
2026-05-12T15:12:47.6198626+08:00	0x08	-0.0053	-0.0050	0.2256	0.9742	26.08	359.30	359.54
2026-05-12T15:12:47.6970275+08:00	0x07	0.6792	0.2617	-0.6469	0.2274	175.38	265.52	40.35
2026-05-12T15:12:47.7698880+08:00	0x01	-0.0145	0.0196	-0.1151	0.9931	346.74	2.42	358.61
2026-05-12T15:12:47.8472375+08:00	0x09	0.0473	-0.1424	-0.4086	0.9003	311.45	342.83	358.21
2026-05-12T15:12:47.9924520+08:00	0x03	-0.0095	0.0019	0.1723	0.9850	19.85	0.03	358.89
2026-05-12T15:12:48.1440744+08:00	0x02	-0.0482	-0.0004	-0.9948	0.0902	190.33	5.50	359.46
2026-05-12T15:12:48.2661616+08:00	0x01	-0.0145	0.0196	-0.1151	0.9931	346.74	2.42	358.61
2026-05-12T15:12:48.3729548+08:00	0x09	0.0473	-0.1424	-0.4086	0.9003	311.45	342.83	358.21
2026-05-12T15:12:48.5417986+08:00	0x03	-0.0095	0.0019	0.1723	0.9850	19.85	0.03	358.89
2026-05-12T15:12:48.7179296+08:00	0x02	-0.0482	-0.0004	-0.9948	0.0902	190.33	5.50	359.46
2026-05-12T15:12:48.8457265+08:00	0x06	-0.7210	-0.0233	0.6860	0.0950	170.51	267.65	353.97
2026-05-12T15:12:48.9750991+08:00	0x09	0.0473	-0.1424	-0.4086	0.9003	311.45	342.83	358.21
2026-05-12T15:12:49.0700634+08:00	0x03	-0.0095	0.0019	0.1723	0.9850	19.85	0.03	358.89
2026-05-12T15:12:49.2340727+08:00	0x02	-0.0482	-0.0004	-0.9948	0.0902	190.33	5.50	359.46
2026-05-12T15:12:49.3118044+08:00	0x07	0.7039	0.1799	-0.6704	0.1507	176.71	266.42	26.96
2026-05-12T15:12:49.3341614+08:00	0x08	-0.0052	-0.0050	0.2256	0.9742	26.08	359.30	359.54
2026-05-12T15:12:49.3740896+08:00	0x01	-0.0145	0.0196	-0.1151	0.9931	346.74	2.42	358.61
2026-05-12T15:12:49.4580994+08:00	0x09	0.0473	-0.1424	-0.4086	0.9003	311.45	342.83	358.21
2026-05-12T15:12:49.6100865+08:00	0x03	-0.0095	0.0019	0.1723	0.9850	19.85	0.03	358.89
2026-05-12T15:12:49.8253897+08:00	0x02	-0.0482	-0.0004	-0.9948	0.0902	190.33	5.50	359.46
2026-05-12T15:12:49.8914575+08:00	0x07	0.7026	0.1714	-0.6767	0.1382	176.59	267.08	25.22
2026-05-12T15:12:49.9260960+08:00	0x01	-0.0145	0.0196	-0.1151	0.9931	346.74	2.42	358.61
2026-05-12T15:12:50.0402255+08:00	0x09	0.0473	-0.1424	-0.4086	0.9003	311.45	342.83	358.21
2026-05-12T15:12:50.1510469+08:00	0x03	-0.0095	0.0019	0.1723	0.9850	19.85	0.02	358.90
2026-05-12T15:12:50.3648848+08:00	0x08	-0.0052	-0.0051	0.2256	0.9742	26.08	359.30	359.55
2026-05-12T15:12:50.4130473+08:00	0x02	-0.0482	-0.0004	-0.9948	0.0902	190.33	5.50	359.46
2026-05-12T15:12:50.4385989+08:00	0x07	0.7003	0.1808	-0.6752	0.1449	176.32	267.05	26.56
2026-05-12T15:12:50.4940159+08:00	0x01	-0.0145	0.0196	-0.1151	0.9931	346.74	2.42	358.61
2026-05-12T15:12:50.5902302+08:00	0x09	0.0473	-0.1424	-0.4086	0.9003	311.45	342.83	358.21
2026-05-12T15:12:50.6305710+08:00	0x05	0.0054	0.0125	0.4328	0.9014	51.29	1.56	359.94
2026-05-12T15:12:50.6902773+08:00	0x03	-0.0095	0.0019	0.1723	0.9850	19.85	0.03	358.89
2026-05-12T15:12:50.9084744+08:00	0x08	-0.0052	-0.0051	0.2256	0.9742	26.08	359.30	359.55
2026-05-12T15:12:50.9256950+08:00	0x02	-0.0482	-0.0004	-0.9948	0.0902	190.33	5.50	359.46
2026-05-12T15:12:51.0285047+08:00	0x01	-0.0145	0.0196	-0.1151	0.9931	346.74	2.42	358.61
2026-05-12T15:12:51.0808007+08:00	0x07	0.6776	0.2334	-0.6695	0.1952	176.14	268.09	35.24
2026-05-12T15:12:51.1600970+08:00	0x09	0.0472	-0.1424	-0.4086	0.9003	311.45	342.83	358.21
2026-05-12T15:12:51.2303023+08:00	0x03	-0.0095	0.0019	0.1723	0.9850	19.85	0.03	358.89
2026-05-12T15:12:51.4551584+08:00	0x08	-0.0052	-0.0050	0.2256	0.9742	26.08	359.30	359.54
2026-05-12T15:12:51.4778490+08:00	0x02	-0.0482	-0.0004	-0.9948	0.0902	190.33	5.49	359.46
2026-05-12T15:12:51.5082478+08:00	0x06	-0.7059	0.0420	0.6882	0.1621	170.15	269.99	343.35
2026-05-12T15:12:51.5349656+08:00	0x07	0.6935	0.1310	-0.7002	0.1078	178.13	270.23	19.45
2026-05-12T15:12:51.7060479+08:00	0x09	0.0472	-0.1424	-0.4086	0.9003	311.45	342.84	358.21
2026-05-12T15:12:51.7548176+08:00	0x03	-0.0095	0.0019	0.1723	0.9850	19.85	0.02	358.89
2026-05-12T15:12:52.0089971+08:00	0x02	-0.0482	-0.0004	-0.9948	0.0902	190.33	5.49	359.46
2026-05-12T15:12:52.1153337+08:00	0x07	0.7033	0.0947	-0.7012	0.0687	177.83	269.58	13.26
2026-05-12T15:12:52.2238732+08:00	0x01	-0.0144	0.0196	-0.1151	0.9931	346.74	2.42	358.62
2026-05-12T15:12:52.2800868+08:00	0x09	0.0473	-0.1424	-0.4086	0.9003	311.45	342.83	358.21
2026-05-12T15:12:52.3187125+08:00	0x03	-0.0095	0.0019	0.1723	0.9850	19.85	0.03	358.89
2026-05-12T15:12:52.5620611+08:00	0x08	-0.0052	-0.0050	0.2256	0.9742	26.08	359.30	359.54
2026-05-12T15:12:52.5922355+08:00	0x02	-0.0482	-0.0004	-0.9948	0.0902	190.33	5.49	359.46
2026-05-12T15:12:52.6381128+08:00	0x07	0.7105	0.0801	-0.6973	0.0497	177.41	268.68	10.51
2026-05-12T15:12:52.8142907+08:00	0x09	0.0473	-0.1424	-0.4086	0.9003	311.45	342.83	358.21
2026-05-12T15:12:52.8614690+08:00	0x05	0.0054	0.0125	0.4328	0.9014	51.29	1.56	359.94
2026-05-12T15:12:53.1434369+08:00	0x08	-0.0052	-0.0050	0.2256	0.9742	26.08	359.30	359.55
2026-05-12T15:12:53.1580245+08:00	0x06	-0.7138	-0.0353	0.6933	0.0927	169.66	268.77	355.22
2026-05-12T15:12:53.2633686+08:00	0x01	-0.0145	0.0196	-0.1151	0.9931	346.74	2.42	358.61
2026-05-12T15:12:53.3518900+08:00	0x09	0.0473	-0.1424	-0.4086	0.9003	311.45	342.83	358.21
2026-05-12T15:12:53.4407512+08:00	0x03	-0.0095	0.0019	0.1723	0.9850	19.85	0.02	358.90
2026-05-12T15:12:53.6725596+08:00	0x06	-0.7019	-0.0649	0.7074	0.0519	170.52	270.36	1.09
2026-05-12T15:12:53.7787306+08:00	0x01	-0.0144	0.0196	-0.1151	0.9931	346.74	2.42	358.62
2026-05-12T15:12:53.8778110+08:00	0x09	0.0473	-0.1424	-0.4086	0.9003	311.45	342.83	358.21
2026-05-12T15:12:54.0244483+08:00	0x03	-0.0095	0.0019	0.1723	0.9850	19.85	0.03	358.89
2026-05-12T15:12:54.1297698+08:00	0x02	-0.0482	-0.0004	-0.9948	0.0902	190.33	5.50	359.46
2026-05-12T15:12:54.2315991+08:00	0x08	-0.0052	-0.0050	0.2256	0.9742	26.08	359.30	359.54
2026-05-12T15:12:54.3576077+08:00	0x01	-0.0145	0.0196	-0.1151	0.9931	346.74	2.42	358.61
2026-05-12T15:12:54.3839895+08:00	0x07	0.7001	0.0067	-0.7138	0.0174	180.89	271.13	1.94
2026-05-12T15:12:54.5688728+08:00	0x03	-0.0095	0.0019	0.1723	0.9850	19.85	0.03	358.89
2026-05-12T15:12:54.6638436+08:00	0x02	-0.0482	-0.0004	-0.9948	0.0902	190.33	5.49	359.46
2026-05-12T15:12:54.8373278+08:00	0x01	-0.0145	0.0195	-0.1151	0.9931	346.74	2.41	358.61
2026-05-12T15:12:54.9591235+08:00	0x09	0.0473	-0.1424	-0.4086	0.9003	311.45	342.83	358.21
2026-05-12T15:12:55.0052892+08:00	0x08	-0.0052	-0.0050	0.2256	0.9742	26.08	359.30	359.54
2026-05-12T15:12:55.0989312+08:00	0x03	-0.0095	0.0019	0.1723	0.9850	19.85	0.03	358.89
2026-05-12T15:12:55.2413746+08:00	0x06	-0.7009	-0.0912	0.7072	0.0157	171.32	270.04	6.13
2026-05-12T15:12:55.3332579+08:00	0x01	-0.0145	0.0195	-0.1151	0.9931	346.74	2.41	358.61
2026-05-12T15:12:55.4938703+08:00	0x09	0.0473	-0.1424	-0.4086	0.9003	311.45	342.83	358.21
2026-05-12T15:12:55.6859091+08:00	0x03	-0.0095	0.0019	0.1723	0.9850	19.85	0.03	358.89
2026-05-12T15:12:55.7978261+08:00	0x06	-0.7010	-0.0947	0.7068	0.0109	171.42	269.96	6.81
2026-05-12T15:12:55.9011955+08:00	0x08	-0.0052	-0.0050	0.2256	0.9742	26.08	359.30	359.54
2026-05-12T15:12:55.9259171+08:00	0x07	0.6962	-0.1292	-0.6971	-0.1126	181.39	269.83	340.31
