timestamp	device	q0	q1	q2	q3	yaw	pitch	roll
2026-06-22T15:04:19.1178328+08:00	0x06	0.0054	0.0154	-0.4362	0.8997	308.28	1.32	1.33
2026-06-22T15:04:19.2374537+08:00	0x01	0.0674	0.4377	-0.3612	0.8206	323.82	47.77	25.26
2026-06-22T15:04:19.3176100+08:00	0x09	0.0770	0.0011	-0.0220	0.9968	357.47	359.93	8.83
2026-06-22T15:04:19.4485120+08:00	0x04	-0.2102	-0.3398	0.0831	-0.9129	359.43	40.69	26.12
2026-06-22T15:04:19.4686065+08:00	0x08	0.0475	-0.0110	0.2334	0.9712	27.03	0.04	5.58
2026-06-22T15:04:19.5354082+08:00	0x03	-0.1431	0.4456	0.4375	0.7678	43.37	44.86	322.44
2026-06-22T15:04:19.6800920+08:00	0x06	0.0054	0.0154	-0.4362	0.8997	308.28	1.32	1.33
2026-06-22T15:04:19.8333192+08:00	0x01	0.0643	0.4396	-0.3580	0.8212	324.15	48.17	24.86
2026-06-22T15:04:19.9248091+08:00	0x09	0.0770	0.0011	-0.0220	0.9968	357.47	359.93	8.83
2026-06-22T15:04:19.9531580+08:00	0x02	0.0640	0.4939	-0.5241	0.6909	303.81	50.69	37.30
2026-06-22T15:04:20.0226453+08:00	0x07	0.0070	-0.0330	-0.2977	0.9541	325.35	356.15	359.65
2026-06-22T15:04:20.0516131+08:00	0x03	-0.1422	0.4483	0.4350	0.7678	42.93	45.37	322.53
2026-06-22T15:04:20.2360700+08:00	0x06	0.0054	0.0154	-0.4362	0.8997	308.28	1.32	1.33
2026-06-22T15:04:20.4004309+08:00	0x01	0.0623	0.4386	-0.3555	0.8230	324.34	48.12	24.48
2026-06-22T15:04:20.4564585+08:00	0x09	0.0770	0.0011	-0.0220	0.9968	357.47	359.93	8.83
2026-06-22T15:04:20.5335996+08:00	0x04	-0.2088	-0.3448	0.0748	-0.9121	0.48	41.53	25.63
2026-06-22T15:04:20.6319660+08:00	0x07	0.0070	-0.0330	-0.2977	0.9541	325.35	356.15	359.65
2026-06-22T15:04:20.7731204+08:00	0x06	0.0054	0.0154	-0.4362	0.8997	308.28	1.32	1.33
2026-06-22T15:04:20.9039641+08:00	0x01	0.0618	0.4376	-0.3554	0.8236	324.31	48.00	24.39
2026-06-22T15:04:20.9737818+08:00	0x02	0.0664	0.4911	-0.5267	0.6906	303.37	50.09	37.52
2026-06-22T15:04:20.9986514+08:00	0x09	0.0770	0.0011	-0.0220	0.9968	357.47	359.93	8.83
2026-06-22T15:04:21.1213128+08:00	0x04	-0.2060	-0.3456	0.0714	-0.9127	0.77	41.65	25.17
2026-06-22T15:04:21.1569366+08:00	0x07	0.0070	-0.0330	-0.2977	0.9541	325.35	356.15	359.65
2026-06-22T15:04:21.3530896+08:00	0x06	0.0054	0.0154	-0.4362	0.8997	308.28	1.32	1.33
2026-06-22T15:04:21.4833155+08:00	0x01	0.0633	0.4391	-0.3545	0.8231	324.52	48.19	24.55
2026-06-22T15:04:21.5865621+08:00	0x09	0.0770	0.0011	-0.0220	0.9968	357.47	359.93	8.83
2026-06-22T15:04:21.6065117+08:00	0x02	0.0692	0.4931	-0.5273	0.6885	303.43	50.24	37.97
2026-06-22T15:04:21.6743271+08:00	0x07	0.0070	-0.0330	-0.2977	0.9541	325.35	356.15	359.64
2026-06-22T15:04:21.7191532+08:00	0x03	-0.1437	0.4480	0.4343	0.7681	42.80	45.32	322.42
2026-06-22T15:04:21.9535405+08:00	0x06	0.0054	0.0154	-0.4362	0.8997	308.28	1.32	1.33
2026-06-22T15:04:22.0508258+08:00	0x01	0.0616	0.4396	-0.3517	0.8241	324.80	48.35	24.26
2026-06-22T15:04:22.0871374+08:00	0x04	-0.2031	-0.3472	0.0684	-0.9130	1.02	41.87	24.73
2026-06-22T15:04:22.1420130+08:00	0x09	0.0770	0.0011	-0.0220	0.9968	357.47	359.93	8.83
2026-06-22T15:04:22.2193212+08:00	0x08	0.0475	-0.0110	0.2334	0.9712	27.03	0.04	5.58
2026-06-22T15:04:22.2587124+08:00	0x07	0.0070	-0.0330	-0.2977	0.9541	325.35	356.15	359.64
2026-06-22T15:04:22.3051482+08:00	0x03	-0.1436	0.4487	0.4330	0.7684	42.59	45.47	322.46
2026-06-22T15:04:22.5334293+08:00	0x06	0.0054	0.0154	-0.4362	0.8997	308.28	1.32	1.33
2026-06-22T15:04:22.6539763+08:00	0x04	-0.2028	-0.3478	0.0655	-0.9130	1.35	42.00	24.57
2026-06-22T15:04:22.6909148+08:00	0x01	0.0631	0.4384	-0.3519	0.8246	324.81	48.16	24.37
2026-06-22T15:04:22.7280554+08:00	0x08	0.0475	-0.0110	0.2334	0.9712	27.03	0.04	5.58
2026-06-22T15:04:22.8002102+08:00	0x07	0.0070	-0.0330	-0.2977	0.9541	325.35	356.15	359.64
2026-06-22T15:04:22.8443057+08:00	0x03	-0.1438	0.4494	0.4325	0.7683	42.49	45.58	322.43
2026-06-22T15:04:23.1031619+08:00	0x06	0.0054	0.0154	-0.4362	0.8997	308.28	1.32	1.33
2026-06-22T15:04:23.1405409+08:00	0x01	0.0203	0.4235	-0.3417	0.8387	324.02	47.41	18.87
2026-06-22T15:04:23.1966025+08:00	0x09	0.0770	0.0011	-0.0220	0.9968	357.47	359.93	8.83
2026-06-22T15:04:23.2531547+08:00	0x02	-0.0261	0.4205	-0.6630	0.6188	278.07	40.71	31.68
2026-06-22T15:04:23.4177058+08:00	0x03	-0.0867	0.4319	0.4766	0.7608	50.78	43.20	327.07
2026-06-22T15:04:23.6208503+08:00	0x06	0.0054	0.0154	-0.4362	0.8997	308.28	1.32	1.33
2026-06-22T15:04:23.7629130+08:00	0x04	-0.2028	-0.3478	0.0656	-0.9130	1.34	42.00	24.58
2026-06-22T15:04:23.8034447+08:00	0x09	0.0770	0.0011	-0.0220	0.9968	357.47	359.93	8.83
2026-06-22T15:04:23.8203608+08:00	0x02	-0.0233	0.4229	-0.6593	0.6213	278.78	40.93	31.92
2026-06-22T15:04:23.9870347+08:00	0x03	-0.0885	0.4325	0.4753	0.7611	50.54	43.26	326.92
2026-06-22T15:04:24.0243685+08:00	0x07	0.0070	-0.0330	-0.2977	0.9541	325.35	356.15	359.64
2026-06-22T15:04:24.1950505+08:00	0x06	0.0054	0.0154	-0.4362	0.8997	308.28	1.32	1.33
2026-06-22T15:04:24.3528280+08:00	0x02	-0.1888	0.2376	-0.9509	0.0613	193.21	25.45	25.38
2026-06-22T15:04:24.4084298+08:00	0x09	0.0770	0.0011	-0.0220	0.9968	357.47	359.93	8.83
2026-06-22T15:04:24.4543040+08:00	0x03	0.0306	0.4125	0.7296	0.5447	94.63	36.90	325.35
2026-06-22T15:04:24.6677728+08:00	0x06	0.0054	0.0154	-0.4362	0.8997	308.28	1.32	1.33
2026-06-22T15:04:24.8039305+08:00	0x01	0.0216	0.4240	-0.3420	0.8383	324.04	47.43	19.03
2026-06-22T15:04:24.9221573+08:00	0x09	0.0770	0.0011	-0.0220	0.9968	357.47	359.93	8.83
2026-06-22T15:04:24.9388133+08:00	0x02	0.0484	0.1946	-0.9773	-0.0684	170.53	352.49	21.95
2026-06-22T15:04:24.9561414+08:00	0x07	0.0070	-0.0330	-0.2977	0.9541	325.35	356.15	359.64
2026-06-22T15:04:25.0774418+08:00	0x03	-0.0304	0.4276	0.8668	0.2546	140.54	14.62	310.82
2026-06-22T15:04:25.2034106+08:00	0x06	0.0054	0.0154	-0.4362	0.8997	308.28	1.32	1.33
2026-06-22T15:04:25.3205967+08:00	0x01	0.0720	0.4338	-0.8940	0.0863	188.58	354.99	52.00
2026-06-22T15:04:25.4536204+08:00	0x07	0.0070	-0.0330	-0.2977	0.9541	325.35	356.15	359.64
2026-06-22T15:04:25.5018573+08:00	0x08	0.0474	-0.0110	0.2334	0.9712	27.03	0.04	5.58
2026-06-22T15:04:25.6051378+08:00	0x03	-0.0776	0.4290	0.8891	0.1394	163.00	358.30	308.33
2026-06-22T15:04:25.9072755+08:00	0x06	0.0054	0.0154	-0.4362	0.8997	308.28	1.32	1.33
2026-06-22T15:04:25.9072755+08:00	0x01	0.0988	0.4285	-0.8981	-0.0014	172.15	343.75	50.29
2026-06-22T15:04:25.9583047+08:00	0x08	0.0474	-0.0110	0.2334	0.9712	27.03	0.04	5.58
2026-06-22T15:04:26.0373859+08:00	0x07	0.0070	-0.0330	-0.2977	0.9541	325.35	356.15	359.64
2026-06-22T15:04:26.1533694+08:00	0x03	-0.0956	0.4241	0.8957	0.0934	172.11	351.58	308.96
2026-06-22T15:04:26.2713604+08:00	0x06	0.0054	0.0154	-0.4362	0.8997	308.28	1.32	1.33
2026-06-22T15:04:26.4372012+08:00	0x01	0.1195	0.4105	-0.9022	-0.0575	162.91	337.50	46.62
2026-06-22T15:04:26.5037515+08:00	0x09	0.0770	0.0011	-0.0220	0.9968	357.47	359.93	8.83
2026-06-22T15:04:26.5422904+08:00	0x07	0.0070	-0.0330	-0.2977	0.9541	325.35	356.15	359.64
2026-06-22T15:04:26.5673007+08:00	0x08	0.0475	-0.0110	0.2334	0.9712	27.03	0.04	5.58
2026-06-22T15:04:26.6540294+08:00	0x02	0.0658	0.2471	-0.9630	0.0855	188.70	354.45	29.15
2026-06-22T15:04:26.7204093+08:00	0x03	-0.1099	0.4243	0.8966	0.0627	178.27	346.84	309.23
2026-06-22T15:04:26.8603093+08:00	0x06	0.0054	0.0154	-0.4362	0.8997	308.28	1.32	1.33
2026-06-22T15:04:26.9272329+08:00	0x04	-0.3103	-0.1281	-0.4640	-0.8197	65.85	32.74	22.95
2026-06-22T15:04:27.0378089+08:00	0x09	0.0770	0.0011	-0.0220	0.9968	357.47	359.93	8.83
2026-06-22T15:04:27.0714006+08:00	0x07	0.0070	-0.0330	-0.2977	0.9541	325.35	356.15	359.64
2026-06-22T15:04:27.0871250+08:00	0x08	0.0475	-0.0110	0.2334	0.9712	27.03	0.04	5.58
2026-06-22T15:04:27.2338387+08:00	0x03	-0.1072	0.4195	0.8995	0.0580	178.71	347.01	309.90
2026-06-22T15:04:27.4378234+08:00	0x06	0.0054	0.0154	-0.4362	0.8997	308.28	1.32	1.33
2026-06-22T15:04:27.5097856+08:00	0x04	-0.2445	0.0905	0.2728	-0.9261	323.09	340.79	23.80
2026-06-22T15:04:27.5934846+08:00	0x09	0.0770	0.0011	-0.0220	0.9968	357.47	359.93	8.83
2026-06-22T15:04:27.6742641+08:00	0x02	0.0365	0.2402	-0.9502	0.1951	203.60	1.58	28.08
2026-06-22T15:04:27.7598865+08:00	0x03	-0.1140	0.4188	0.9001	0.0381	182.39	344.46	310.30
2026-06-22T15:04:27.9442104+08:00	0x06	0.0054	0.0154	-0.4362	0.8997	308.28	1.32	1.33
2026-06-22T15:04:28.1313127+08:00	0x09	0.0770	0.0011	-0.0220	0.9968	357.47	359.93	8.83
2026-06-22T15:04:28.1755638+08:00	0x08	0.0475	-0.0110	0.2334	0.9712	27.03	0.04	5.58
2026-06-22T15:04:28.2001452+08:00	0x02	0.0337	0.2407	-0.9505	0.1937	203.51	1.90	28.07
2026-06-22T15:04:28.2414852+08:00	0x03	-0.1151	0.4181	0.9005	0.0319	183.43	343.85	310.51
2026-06-22T15:04:28.2649356+08:00	0x01	0.1289	0.4037	-0.9014	-0.0887	158.15	334.63	44.82
2026-06-22T15:04:28.3378305+08:00	0x04	-0.2338	0.1119	0.3441	-0.9024	314.16	337.25	20.18
2026-06-22T15:04:28.5227016+08:00	0x06	0.0054	0.0154	-0.4362	0.8997	308.28	1.32	1.33
2026-06-22T15:04:28.5886073+08:00	0x04	-0.2297	0.1253	0.3791	-0.8876	309.73	335.32	18.23
2026-06-22T15:04:28.6373752+08:00	0x08	0.0475	-0.0110	0.2334	0.9712	27.03	0.04	5.58
2026-06-22T15:04:28.6543296+08:00	0x07	0.0070	-0.0330	-0.2977	0.9541	325.35	356.15	359.64
2026-06-22T15:04:28.7716178+08:00	0x02	0.0304	0.2476	-0.9481	0.1973	204.18	2.62	28.79
2026-06-22T15:04:28.8379493+08:00	0x03	-0.1173	0.4175	0.9007	0.0270	184.34	343.17	310.68
2026-06-22T15:04:28.9883443+08:00	0x06	0.0054	0.0154	-0.4362	0.8997	308.28	1.32	1.33
2026-06-22T15:04:29.1095568+08:00	0x04	-0.2264	0.1310	0.4005	-0.8782	307.10	334.52	17.02
2026-06-22T15:04:29.1717654+08:00	0x01	0.1426	0.3852	-0.8996	-0.1485	150.22	330.75	40.59
2026-06-22T15:04:29.2209273+08:00	0x09	0.0770	0.0011	-0.0220	0.9968	357.47	359.93	8.83
2026-06-22T15:04:29.2540843+08:00	0x07	0.0070	-0.0330	-0.2977	0.9541	325.35	356.15	359.65
2026-06-22T15:04:29.3042499+08:00	0x02	0.0292	0.2466	-0.9481	0.1985	204.36	2.77	28.63
2026-06-22T15:04:29.3385268+08:00	0x08	0.0475	-0.0110	0.2334	0.9712	27.03	0.04	5.58
2026-06-22T15:04:29.3875672+08:00	0x03	-0.1191	0.4156	0.9015	0.0217	185.23	342.57	311.03
2026-06-22T15:04:29.6847488+08:00	0x04	-0.2227	0.1380	0.4304	-0.8638	303.37	333.50	15.43
2026-06-22T15:04:29.7234629+08:00	0x08	0.0475	-0.0110	0.2334	0.9712	27.03	0.05	5.59
2026-06-22T15:04:29.7543753+08:00	0x09	0.0770	0.0011	-0.0220	0.9968	357.47	359.93	8.83
2026-06-22T15:04:29.8709991+08:00	0x02	0.0290	0.2451	-0.9488	0.1971	204.16	2.71	28.46
2026-06-22T15:04:29.9051691+08:00	0x03	-0.1214	0.4161	0.9010	0.0188	185.87	341.98	311.03
2026-06-22T15:04:30.0212829+08:00	0x07	0.0070	-0.0330	-0.2977	0.9541	325.35	356.15	359.64
2026-06-22T15:04:30.0949001+08:00	0x06	0.0054	0.0154	-0.4362	0.8997	308.28	1.32	1.33
2026-06-22T15:04:30.2552285+08:00	0x04	-0.2170	0.1386	0.4398	-0.8604	302.43	333.67	14.57
2026-06-22T15:04:30.3059038+08:00	0x08	0.0475	-0.0110	0.2334	0.9712	27.03	0.04	5.58
2026-06-22T15:04:30.3715026+08:00	0x07	0.0070	-0.0330	-0.2977	0.9541	325.35	356.15	359.65
2026-06-22T15:04:30.4552492+08:00	0x03	-0.1203	0.4133	0.9024	0.0198	185.53	342.31	311.35
2026-06-22T15:04:30.5046968+08:00	0x08	0.0475	-0.0110	0.2334	0.9712	27.03	0.04	5.58
2026-06-22T15:04:30.6243152+08:00	0x06	0.0054	0.0154	-0.4362	0.8997	308.28	1.32	1.33
2026-06-22T15:04:30.7886205+08:00	0x04	-0.2158	0.1392	0.4450	-0.8579	301.81	333.60	14.26
2026-06-22T15:04:30.8220278+08:00	0x08	0.0475	-0.0110	0.2334	0.9712	27.03	0.04	5.58
2026-06-22T15:04:30.9057006+08:00	0x07	0.0070	-0.0330	-0.2977	0.9541	325.35	356.15	359.65
2026-06-22T15:04:31.0047966+08:00	0x03	-0.1204	0.4136	0.9023	0.0195	185.60	342.26	311.32
2026-06-22T15:04:31.0217493+08:00	0x08	0.0475	-0.0110	0.2334	0.9712	27.03	0.04	5.58
2026-06-22T15:04:31.1714206+08:00	0x06	0.0054	0.0154	-0.4362	0.8997	308.28	1.32	1.33
2026-06-22T15:04:31.3057631+08:00	0x01	0.1470	0.3843	-0.8961	-0.1665	147.64	329.38	39.78
2026-06-22T15:04:31.4389441+08:00	0x07	0.0070	-0.0330	-0.2977	0.9541	325.35	356.15	359.64
2026-06-22T15:04:31.5387091+08:00	0x03	-0.1208	0.4146	0.9018	0.0180	185.89	342.07	311.23
2026-06-22T15:04:34.8544088+08:00	0x08	0.0475	-0.0110	0.2334	0.9712	27.03	0.04	5.58
2026-06-22T15:04:34.8544088+08:00	0x06	0.0054	0.0154	-0.4362	0.8997	308.28	1.32	1.33
2026-06-22T15:04:34.8554064+08:00	0x01	0.1517	0.3839	-0.8946	-0.1713	146.81	328.57	39.41
2026-06-22T15:04:34.8554064+08:00	0x04	-0.2164	0.1425	0.4522	-0.8534	300.82	333.11	13.91
2026-06-22T15:04:34.8554064+08:00	0x02	0.0314	0.2438	-0.9486	0.1994	204.35	2.45	28.36
2026-06-22T15:04:34.8554064+08:00	0x03	-0.1214	0.4152	0.9014	0.0171	186.10	341.89	311.18
2026-06-22T15:04:34.8554064+08:00	0x08	0.0475	-0.0110	0.2334	0.9712	27.03	0.04	5.58
2026-06-22T15:04:34.8554064+08:00	0x06	0.0055	0.0154	-0.4362	0.8997	308.28	1.32	1.33
2026-06-22T15:04:34.8554064+08:00	0x01	0.1530	0.3840	-0.8941	-0.1723	146.61	328.34	39.35
2026-06-22T15:04:34.8554064+08:00	0x09	0.0770	0.0011	-0.0220	0.9968	357.47	359.93	8.83
2026-06-22T15:04:34.8554064+08:00	0x07	0.0070	-0.0330	-0.2977	0.9541	325.35	356.15	359.64
2026-06-22T15:04:34.8554064+08:00	0x03	-0.1219	0.4158	0.9011	0.0170	186.17	341.78	311.11
2026-06-22T15:04:34.8554064+08:00	0x08	0.0475	-0.0110	0.2334	0.9712	27.03	0.04	5.58
2026-06-22T15:04:34.8554064+08:00	0x06	0.0054	0.0154	-0.4362	0.8997	308.28	1.32	1.33
2026-06-22T15:04:34.8554064+08:00	0x04	-0.2144	0.1417	0.4569	-0.8516	300.31	333.26	13.63
2026-06-22T15:04:34.8554064+08:00	0x09	0.0770	0.0011	-0.0220	0.9968	357.47	359.93	8.83
2026-06-22T15:04:34.8554064+08:00	0x08	0.0475	-0.0110	0.2334	0.9712	27.03	0.04	5.59
2026-06-22T15:04:34.8554064+08:00	0x08	0.0475	-0.0110	0.2334	0.9712	27.03	0.04	5.58
2026-06-22T15:04:34.8554064+08:00	0x03	-0.1222	0.4145	0.9016	0.0187	185.88	341.90	311.24
2026-06-22T15:04:34.8554064+08:00	0x06	0.0054	0.0154	-0.4362	0.8997	308.28	1.32	1.33
2026-06-22T15:04:34.8554064+08:00	0x08	0.0475	-0.0110	0.2334	0.9712	27.03	0.04	5.59
2026-06-22T15:04:34.8554064+08:00	0x07	0.0070	-0.0330	-0.2977	0.9541	325.35	356.15	359.64
2026-06-22T15:04:34.8554064+08:00	0x09	0.0770	0.0011	-0.0220	0.9968	357.47	359.93	8.83
2026-06-22T15:04:34.8554064+08:00	0x02	0.0335	0.2434	-0.9490	0.1976	204.07	2.12	28.38
2026-06-22T15:04:34.8554064+08:00	0x03	-0.1226	0.4131	0.9022	0.0199	185.68	341.95	311.38
2026-06-22T15:04:34.8554064+08:00	0x06	0.0054	0.0154	-0.4362	0.8997	308.28	1.32	1.33
2026-06-22T15:04:34.8554064+08:00	0x01	0.1560	0.3868	-0.8925	-0.1717	146.35	327.77	39.56
2026-06-22T15:04:34.8554064+08:00	0x09	0.0770	0.0011	-0.0220	0.9968	357.47	359.93	8.83
2026-06-22T15:04:34.8554064+08:00	0x07	0.0070	-0.0330	-0.2977	0.9541	325.35	356.15	359.64
2026-06-22T15:04:34.8554064+08:00	0x03	-0.1227	0.4142	0.9017	0.0193	185.82	341.86	311.26
2026-06-22T15:04:34.8554064+08:00	0x02	0.0334	0.2441	-0.9486	0.1986	204.20	2.19	28.45
2026-06-22T15:04:34.8554064+08:00	0x06	0.0054	0.0154	-0.4362	0.8997	308.28	1.32	1.33
2026-06-22T15:04:34.8554064+08:00	0x01	0.1571	0.3877	-0.8923	-0.1701	146.46	327.62	39.67
2026-06-22T15:04:34.8554064+08:00	0x09	0.0770	0.0011	-0.0220	0.9968	357.47	359.93	8.83
2026-06-22T15:04:34.8564037+08:00	0x03	-0.1228	0.4146	0.9014	0.0199	185.75	341.88	311.20
2026-06-22T15:04:34.8564037+08:00	0x02	0.0348	0.2457	-0.9488	0.1957	203.81	1.97	28.67
2026-06-22T15:04:35.0397900+08:00	0x06	0.0054	0.0154	-0.4362	0.8997	308.28	1.32	1.33
2026-06-22T15:04:35.1240627+08:00	0x08	0.0475	-0.0110	0.2334	0.9712	27.03	0.04	5.59
2026-06-22T15:04:35.1889141+08:00	0x09	0.0770	0.0011	-0.0220	0.9968	357.47	359.93	8.83
2026-06-22T15:04:35.2730658+08:00	0x07	0.0070	-0.0330	-0.2977	0.9541	325.35	356.15	359.64
2026-06-22T15:04:35.3574572+08:00	0x03	-0.1227	0.4132	0.9020	0.0251	184.89	342.28	311.27
2026-06-22T15:04:35.6061602+08:00	0x06	0.0054	0.0154	-0.4362	0.8997	308.28	1.32	1.33
2026-06-22T15:11:51.4289199+08:00	0x08	0.0475	-0.0110	0.2334	0.9712	27.03	0.04	5.58
2026-06-22T15:11:51.4289199+08:00	0x09	0.0770	0.0011	-0.0220	0.9968	357.47	359.93	8.83
2026-06-22T15:11:51.4289199+08:00	0x02	0.0027	0.4104	-0.9115	-0.0276	175.46	357.62	48.42
2026-06-22T15:11:51.4289199+08:00	0x07	0.0070	-0.0330	-0.2977	0.9541	325.35	356.15	359.64
2026-06-22T15:11:51.4289199+08:00	0x03	-0.1227	0.4133	0.9020	0.0249	184.92	342.27	311.27
2026-06-22T15:11:51.4289199+08:00	0x06	0.0054	0.0154	-0.4362	0.8997	308.28	1.32	1.33
2026-06-22T15:11:51.4289199+08:00	0x08	0.0475	-0.0110	0.2334	0.9712	27.03	0.04	5.58
2026-06-22T15:11:51.4289199+08:00	0x09	0.0770	0.0011	-0.0220	0.9968	357.47	359.93	8.83
2026-06-22T15:11:51.4289199+08:00	0x07	0.0070	-0.0330	-0.2977	0.9541	325.35	356.15	359.64
2026-06-22T15:11:51.4289199+08:00	0x02	-0.0117	0.4502	-0.8923	-0.0309	175.69	359.33	53.53
2026-06-22T15:11:51.4289199+08:00	0x06	0.0054	0.0154	-0.4362	0.8997	308.28	1.32	1.33
2026-06-22T15:11:51.4289199+08:00	0x04	-0.3734	0.2086	0.5108	-0.7458	282.26	312.48	20.11
2026-06-22T15:11:51.4289199+08:00	0x08	0.0475	-0.0110	0.2334	0.9712	27.03	0.04	5.59
2026-06-22T15:11:51.4289199+08:00	0x09	0.0770	0.0011	-0.0220	0.9968	357.47	359.93	8.83
2026-06-22T15:11:51.4289199+08:00	0x07	0.0070	-0.0330	-0.2977	0.9541	325.35	356.15	359.64
2026-06-22T15:11:51.4289199+08:00	0x02	0.0242	0.4322	-0.8990	-0.0665	167.18	350.82	50.70
2026-06-22T15:11:51.4289199+08:00	0x03	-0.1426	0.4166	0.7475	0.4973	104.21	18.20	310.12
2026-06-22T15:11:51.4289199+08:00	0x06	0.0054	0.0155	-0.4362	0.8997	308.28	1.32	1.33
2026-06-22T15:11:51.4289199+08:00	0x08	0.0475	-0.0110	0.2334	0.9712	27.03	0.04	5.58
2026-06-22T15:11:51.4289199+08:00	0x09	0.0770	0.0011	-0.0220	0.9968	357.47	359.93	8.83
2026-06-22T15:11:51.4289199+08:00	0x07	0.0070	-0.0330	-0.2977	0.9541	325.35	356.15	359.64
2026-06-22T15:11:51.4289199+08:00	0x02	0.0453	0.4337	-0.8972	-0.0695	165.05	347.13	50.53
2026-06-22T15:11:51.4289199+08:00	0x03	-0.1891	0.4079	0.5716	0.6864	66.42	29.99	313.45
2026-06-22T15:11:51.4289199+08:00	0x06	0.0054	0.0155	-0.4362	0.8997	308.28	1.32	1.33
2026-06-22T15:11:51.4289199+08:00	0x08	0.0475	-0.0110	0.2334	0.9712	27.03	0.04	5.59
2026-06-22T15:11:51.4289199+08:00	0x09	0.0770	0.0011	-0.0220	0.9968	357.47	359.93	8.83
2026-06-22T15:11:51.4299181+08:00	0x02	-0.0354	0.4802	-0.8645	-0.1442	156.59	351.80	57.19
2026-06-22T15:11:51.4299181+08:00	0x03	-0.1744	0.4173	0.5414	0.7087	60.43	34.27	315.64
2026-06-22T15:11:51.4299181+08:00	0x06	0.0054	0.0154	-0.4362	0.8997	308.28	1.32	1.33
2026-06-22T15:11:51.4299181+08:00	0x08	0.0475	-0.0110	0.2334	0.9712	27.03	0.04	5.58
2026-06-22T15:11:51.4299181+08:00	0x04	-0.3825	0.1694	0.4523	-0.7877	289.50	316.68	26.70
2026-06-22T15:11:51.4299181+08:00	0x02	0.0865	0.4463	-0.8849	-0.1014	156.17	337.44	50.57
2026-06-22T15:11:51.4299181+08:00	0x03	-0.1813	0.4235	0.5475	0.6986	61.29	34.33	314.19
2026-06-22T15:11:51.4299181+08:00	0x07	0.0071	-0.0330	-0.2977	0.9541	325.35	356.15	359.65
2026-06-22T15:11:51.4299181+08:00	0x06	0.0054	0.0154	-0.4362	0.8997	308.28	1.32	1.33
2026-06-22T15:11:51.4299181+08:00	0x08	0.0475	-0.0110	0.2334	0.9712	27.03	0.04	5.58
2026-06-22T15:11:51.4299181+08:00	0x01	0.1571	0.3876	-0.8923	-0.1701	146.46	327.62	39.66
2026-06-22T15:11:51.4299181+08:00	0x07	0.0071	-0.0330	-0.2977	0.9541	325.35	356.15	359.65
2026-06-22T15:11:51.4299181+08:00	0x03	-0.1989	0.4340	0.5809	0.6593	67.47	32.10	309.96
2026-06-22T15:11:51.4299181+08:00	0x06	0.0054	0.0154	-0.4362	0.8997	308.28	1.32	1.33
2026-06-22T15:11:51.4299181+08:00	0x08	0.0475	-0.0110	0.2334	0.9712	27.03	0.04	5.58
2026-06-22T15:11:51.4299181+08:00	0x04	-0.3532	0.0946	0.4738	-0.8011	290.06	326.42	28.45
2026-06-22T15:11:51.4299181+08:00	0x01	0.3627	0.4181	-0.7905	0.2622	192.23	317.55	58.34
2026-06-22T15:11:51.4299181+08:00	0x07	0.0070	-0.0330	-0.2977	0.9541	325.35	356.15	359.65
2026-06-22T15:11:51.4299181+08:00	0x03	-0.2150	0.4263	0.5743	0.6650	66.87	30.46	309.14
2026-06-22T15:11:51.4299181+08:00	0x02	0.0888	0.4838	-0.8685	-0.0608	159.94	337.57	56.06
2026-06-22T15:11:51.4299181+08:00	0x06	0.0054	0.0154	-0.4362	0.8997	308.28	1.32	1.33
2026-06-22T15:11:51.4299181+08:00	0x08	0.0475	-0.0110	0.2334	0.9712	27.03	0.04	5.58
2026-06-22T15:11:51.4299181+08:00	0x04	-0.3478	0.0938	0.4602	-0.8115	292.39	327.46	28.56
2026-06-22T15:11:51.4299181+08:00	0x01	0.3795	0.4099	-0.7859	0.2652	191.42	314.75	57.73
2026-06-22T15:11:51.4299181+08:00	0x07	0.0070	-0.0330	-0.2977	0.9541	325.35	356.15	359.65
2026-06-22T15:11:51.4299181+08:00	0x03	-0.1850	0.4465	0.5721	0.6627	64.96	35.51	310.88
2026-06-22T15:11:51.4299181+08:00	0x06	0.0054	0.0154	-0.4362	0.8997	308.28	1.32	1.33
2026-06-22T15:11:51.4299181+08:00	0x08	0.0475	-0.0110	0.2334	0.9712	27.03	0.04	5.58
2026-06-22T15:11:51.4299181+08:00	0x04	-0.4121	0.0767	0.2309	-0.8781	319.76	333.39	43.49
2026-06-22T15:11:51.4299181+08:00	0x01	0.3796	0.4138	-0.7861	0.2581	189.91	313.93	57.85
2026-06-22T15:11:51.4299181+08:00	0x02	0.0927	0.4703	-0.8734	-0.0861	156.37	335.80	53.66
2026-06-22T15:11:51.4299181+08:00	0x07	0.0071	-0.0330	-0.2977	0.9541	325.35	356.15	359.65
2026-06-22T15:11:51.4299181+08:00	0x03	-0.2662	0.4508	0.7450	0.4134	123.81	356.97	296.90
2026-06-22T15:11:51.4299181+08:00	0x04	-0.4103	0.0610	0.3199	-0.8518	307.62	330.80	41.30
2026-06-22T15:11:51.4299181+08:00	0x06	0.0054	0.0154	-0.4362	0.8997	308.28	1.32	1.33
2026-06-22T15:11:51.4299181+08:00	0x02	0.1069	0.4432	-0.8872	-0.0706	159.77	336.64	50.48
2026-06-22T15:11:51.4299181+08:00	0x07	0.0071	-0.0330	-0.2977	0.9541	325.35	356.15	359.65
2026-06-22T15:11:51.4299181+08:00	0x09	0.0770	0.0011	-0.0220	0.9968	357.47	359.93	8.83
2026-06-22T15:11:51.4299181+08:00	0x03	-0.2739	0.4319	0.7349	0.4455	118.82	357.87	298.51
2026-06-22T15:11:51.4299181+08:00	0x06	0.0054	0.0155	-0.4362	0.8997	308.28	1.33	1.33
2026-06-22T15:11:51.4299181+08:00	0x04	-0.4024	0.0946	0.3996	-0.8182	296.04	324.10	35.65
2026-06-22T15:11:51.4299181+08:00	0x02	0.0956	0.4573	-0.8809	-0.0751	158.93	337.18	52.32
2026-06-22T15:11:51.4299181+08:00	0x07	0.0071	-0.0330	-0.2977	0.9541	325.35	356.15	359.65
2026-06-22T15:11:51.4299181+08:00	0x09	0.0770	0.0011	-0.0220	0.9968	357.47	359.93	8.83
2026-06-22T15:11:51.4299181+08:00	0x03	-0.2831	0.4335	0.7426	0.4248	124.32	353.59	297.83
2026-06-22T15:11:51.4299181+08:00	0x08	0.0475	-0.0110	0.2334	0.9712	27.03	0.04	5.59
2026-06-22T15:11:51.4299181+08:00	0x04	-0.4031	0.1060	0.3901	-0.8210	297.04	323.17	35.40
2026-06-22T15:11:51.4299181+08:00	0x02	0.0921	0.4618	-0.8798	-0.0652	160.53	338.23	53.19
2026-06-22T15:11:51.4299181+08:00	0x07	0.0071	-0.0330	-0.2977	0.9541	325.35	356.15	359.65
2026-06-22T15:11:51.4299181+08:00	0x09	0.0770	0.0011	-0.0220	0.9968	357.47	359.93	8.83
2026-06-22T15:11:51.4299181+08:00	0x03	-0.3087	0.4280	0.7593	0.3807	137.60	342.13	297.74
2026-06-22T15:11:51.4299181+08:00	0x06	0.0054	0.0155	-0.4362	0.8997	308.28	1.32	1.33
2026-06-22T15:11:51.4299181+08:00	0x08	0.0475	-0.0110	0.2334	0.9712	27.03	0.04	5.59
2026-06-22T15:11:51.4299181+08:00	0x01	0.3816	0.4417	-0.7713	0.2535	186.39	311.12	61.03
2026-06-22T15:11:51.4309151+08:00	0x07	0.0070	-0.0330	-0.2977	0.9541	325.35	356.15	359.65
2026-06-22T15:11:51.4309151+08:00	0x04	-0.4091	0.1285	0.4453	-0.7860	288.46	318.14	31.92
2026-06-22T15:11:51.4309151+08:00	0x09	0.0770	0.0011	-0.0220	0.9968	357.47	359.93	8.83
2026-06-22T15:11:51.4309151+08:00	0x03	-0.3039	0.4316	0.7544	0.3903	134.66	344.66	297.34
2026-06-22T15:11:51.4309151+08:00	0x08	0.0475	-0.0110	0.2334	0.9712	27.03	0.04	5.58
2026-06-22T15:11:51.4309151+08:00	0x04	-0.3859	0.1311	0.4572	-0.7905	289.02	320.01	29.36
2026-06-22T15:11:51.4309151+08:00	0x07	0.0070	-0.0330	-0.2977	0.9541	325.35	356.15	359.65
2026-06-22T15:11:51.4309151+08:00	0x09	0.0770	0.0011	-0.0220	0.9968	357.47	359.93	8.83
2026-06-22T15:11:51.4309151+08:00	0x03	-0.3149	0.4198	0.7704	0.3621	142.71	338.02	298.97
2026-06-22T15:11:51.4309151+08:00	0x06	0.0054	0.0154	-0.4362	0.8997	308.28	1.32	1.33
2026-06-22T15:11:51.4309151+08:00	0x08	0.0475	-0.0110	0.2334	0.9712	27.03	0.04	5.58
2026-06-22T15:11:51.4309151+08:00	0x02	0.1033	0.4425	-0.8888	-0.0597	161.82	338.06	50.73
2026-06-22T15:11:51.4309151+08:00	0x03	-0.3087	0.4204	0.7665	0.3746	139.29	340.86	298.85
2026-06-22T15:11:51.4309151+08:00	0x09	0.0770	0.0011	-0.0220	0.9968	357.47	359.93	8.83
2026-06-22T15:11:51.4309151+08:00	0x04	-0.3785	0.1352	0.4786	-0.7807	286.74	319.74	27.48
2026-06-22T15:11:51.4309151+08:00	0x01	0.3810	0.4451	-0.7710	0.2496	185.45	310.62	61.23
2026-06-22T15:11:51.4309151+08:00	0x02	0.0986	0.4474	-0.8869	-0.0588	162.00	338.59	51.44
2026-06-22T15:11:51.4309151+08:00	0x07	0.0071	-0.0330	-0.2977	0.9541	325.35	356.15	359.65
2026-06-22T15:11:51.4309151+08:00	0x09	0.0770	0.0011	-0.0220	0.9968	357.47	359.93	8.83
2026-06-22T15:11:51.4309151+08:00	0x03	-0.3144	0.4189	0.7711	0.3621	142.66	338.10	299.10
2026-06-22T15:11:51.4309151+08:00	0x08	0.0475	-0.0110	0.2334	0.9712	27.03	0.04	5.58
2026-06-22T15:11:51.4309151+08:00	0x01	0.3796	0.4446	-0.7719	0.2498	185.72	311.01	61.17
2026-06-22T15:11:51.4309151+08:00	0x02	0.0980	0.4413	-0.8901	-0.0584	162.50	339.09	50.73
2026-06-22T15:11:51.4309151+08:00	0x07	0.0071	-0.0330	-0.2977	0.9541	325.35	356.15	359.65
2026-06-22T15:11:51.4309151+08:00	0x09	0.0770	0.0011	-0.0220	0.9968	357.47	359.93	8.83
2026-06-22T15:11:51.4309151+08:00	0x03	-0.3059	0.4260	0.7617	0.3805	137.45	342.50	298.15
2026-06-22T15:11:51.4309151+08:00	0x08	0.0475	-0.0110	0.2334	0.9712	27.03	0.04	5.58
2026-06-22T15:11:51.4309151+08:00	0x06	0.0054	0.0154	-0.4362	0.8997	308.28	1.32	1.33
2026-06-22T15:11:51.4309151+08:00	0x04	-0.3844	0.1705	0.5089	-0.7511	281.76	314.95	23.82
2026-06-22T15:11:51.4309151+08:00	0x07	0.0071	-0.0330	-0.2977	0.9541	325.35	356.15	359.65
2026-06-22T15:11:51.4309151+08:00	0x09	0.0770	0.0011	-0.0220	0.9968	357.47	359.93	8.83
2026-06-22T15:11:51.4309151+08:00	0x06	0.0054	0.0154	-0.4362	0.8997	308.28	1.32	1.33
2026-06-22T15:11:51.4309151+08:00	0x03	-0.3016	0.4296	0.7617	0.3799	136.96	343.49	297.93
2026-06-22T15:11:51.4309151+08:00	0x08	0.0475	-0.0110	0.2334	0.9712	27.03	0.04	5.58
2026-06-22T15:11:51.4309151+08:00	0x04	-0.3855	0.1797	0.5043	-0.7515	282.22	314.09	23.46
2026-06-22T15:11:51.4309151+08:00	0x07	0.0070	-0.0330	-0.2977	0.9541	325.35	356.15	359.64
2026-06-22T15:11:51.4309151+08:00	0x09	0.0770	0.0011	-0.0220	0.9968	357.47	359.93	8.84
2026-06-22T15:11:51.4309151+08:00	0x03	-0.2999	0.4247	0.7648	0.3805	136.90	343.57	298.61
2026-06-22T15:11:51.4309151+08:00	0x08	0.0475	-0.0110	0.2334	0.9712	27.03	0.04	5.58
2026-06-22T15:11:51.4309151+08:00	0x04	-0.3845	0.1757	0.5056	-0.7521	282.17	314.53	23.62
2026-06-22T15:11:51.4309151+08:00	0x01	0.3803	0.4431	-0.7704	0.2560	186.88	311.54	61.33
2026-06-22T15:11:51.4309151+08:00	0x07	0.0071	-0.0330	-0.2977	0.9541	325.35	356.15	359.65
2026-06-22T15:11:51.4309151+08:00	0x09	0.0770	0.0011	-0.0220	0.9968	357.47	359.93	8.83
2026-06-22T15:11:51.4309151+08:00	0x03	-0.3023	0.4234	0.7641	0.3815	136.98	343.15	298.63
2026-06-22T15:11:51.4309151+08:00	0x08	0.0475	-0.0110	0.2334	0.9712	27.03	0.04	5.58
2026-06-22T15:11:51.4309151+08:00	0x01	0.3799	0.4441	-0.7709	0.2533	186.35	311.30	61.30
2026-06-22T15:11:51.4309151+08:00	0x07	0.0070	-0.0330	-0.2977	0.9541	325.35	356.15	359.64
2026-06-22T15:11:51.4309151+08:00	0x09	0.0770	0.0011	-0.0220	0.9968	357.47	359.93	8.83
2026-06-22T15:11:51.4319114+08:00	0x06	0.0054	0.0154	-0.4362	0.8997	308.28	1.32	1.33
2026-06-22T15:11:51.4319114+08:00	0x03	-0.2918	0.3899	0.7509	0.4461	123.95	350.26	302.24
2026-06-22T15:11:51.4319114+08:00	0x02	0.0959	0.4474	-0.8873	-0.0585	162.26	339.05	51.50
2026-06-22T15:11:51.4319114+08:00	0x08	0.0475	-0.0110	0.2334	0.9712	27.03	0.04	5.59
2026-06-22T15:11:51.4319114+08:00	0x04	-0.3707	0.1438	0.5027	-0.7676	284.05	319.05	25.12
2026-06-22T15:11:51.4319114+08:00	0x07	0.0070	-0.0330	-0.2977	0.9541	325.35	356.15	359.64
2026-06-22T15:11:51.4319114+08:00	0x01	0.3800	0.4419	-0.7727	0.2518	186.29	311.33	60.94
2026-06-22T15:11:51.4319114+08:00	0x03	-0.2963	0.4196	0.7654	0.3877	135.20	344.81	299.30
2026-06-22T15:11:51.4319114+08:00	0x08	0.0475	-0.0110	0.2334	0.9712	27.03	0.04	5.59
2026-06-22T15:11:51.4319114+08:00	0x07	0.0070	-0.0330	-0.2977	0.9541	325.35	356.15	359.64
2026-06-22T15:11:51.4319114+08:00	0x02	0.1022	0.4360	-0.8922	-0.0584	162.50	338.72	50.00
2026-06-22T15:11:51.4319114+08:00	0x06	0.0054	0.0154	-0.4362	0.8997	308.28	1.32	1.33
2026-06-22T15:11:51.4319114+08:00	0x04	-0.3794	0.1514	0.4792	-0.7769	286.40	318.05	26.38
2026-06-22T15:11:51.4319114+08:00	0x09	0.0770	0.0011	-0.0220	0.9968	357.47	359.93	8.83
2026-06-22T15:11:51.4319114+08:00	0x03	-0.3087	0.4064	0.7830	0.3555	143.73	337.90	301.14
2026-06-22T15:11:51.4319114+08:00	0x04	-0.3808	0.1447	0.4883	-0.7718	285.10	318.30	26.51
2026-06-22T15:11:51.4319114+08:00	0x07	0.0070	-0.0330	-0.2977	0.9541	325.35	356.15	359.64
2026-06-22T15:11:51.4319114+08:00	0x09	0.0770	0.0011	-0.0220	0.9968	357.47	359.93	8.83
2026-06-22T15:11:51.4319114+08:00	0x03	-0.3096	0.4129	0.7681	0.3791	138.69	340.81	299.65
2026-06-22T15:11:51.4319114+08:00	0x08	0.0475	-0.0110	0.2334	0.9712	27.03	0.04	5.59
2026-06-22T15:11:51.4319114+08:00	0x04	-0.3859	0.1480	0.5013	-0.7602	282.83	317.09	26.00
2026-06-22T15:11:51.4319114+08:00	0x07	0.0070	-0.0330	-0.2977	0.9541	325.35	356.15	359.64
2026-06-22T15:11:51.4319114+08:00	0x02	0.1074	0.4334	-0.8933	-0.0516	163.34	338.52	49.75
2026-06-22T15:11:51.4319114+08:00	0x09	0.0770	0.0011	-0.0220	0.9968	357.47	359.93	8.83
2026-06-22T15:11:51.4319114+08:00	0x08	0.0475	-0.0110	0.2334	0.9712	27.03	0.04	5.59
2026-06-22T15:11:51.4319114+08:00	0x04	-0.3830	0.1485	0.5053	-0.7589	282.54	317.24	25.54
2026-06-22T15:11:51.4319114+08:00	0x01	0.3785	0.4441	-0.7744	0.2447	185.03	310.86	60.81
2026-06-22T15:11:51.4319114+08:00	0x02	0.1040	0.4433	-0.8889	-0.0508	163.12	338.55	51.04
2026-06-22T15:11:51.4319114+08:00	0x03	-0.3130	0.4076	0.7685	0.3812	138.75	340.16	300.11
2026-06-22T15:11:51.4319114+08:00	0x08	0.0475	-0.0110	0.2334	0.9712	27.03	0.04	5.58
2026-06-22T15:11:51.4319114+08:00	0x04	-0.3769	0.1616	0.5079	-0.7576	282.65	316.60	24.01
2026-06-22T15:11:51.4319114+08:00	0x07	0.0071	-0.0330	-0.2977	0.9541	325.35	356.15	359.65
2026-06-22T15:11:51.4319114+08:00	0x02	0.1009	0.4436	-0.8889	-0.0540	162.83	338.80	51.06
2026-06-22T15:11:51.4319114+08:00	0x06	0.0054	0.0154	-0.4362	0.8997	308.28	1.32	1.33
2026-06-22T15:11:51.4319114+08:00	0x09	0.0770	0.0011	-0.0220	0.9968	357.47	359.93	8.83
2026-06-22T15:11:51.4319114+08:00	0x03	-0.3126	0.4178	0.7662	0.3751	139.68	340.02	298.99
2026-06-22T15:11:51.4319114+08:00	0x08	0.0475	-0.0110	0.2334	0.9712	27.03	0.04	5.58
2026-06-22T15:11:51.4319114+08:00	0x04	-0.3920	0.1635	0.4904	-0.7610	283.61	315.26	25.86
2026-06-22T15:11:51.4329079+08:00	0x07	0.0071	-0.0330	-0.2977	0.9541	325.35	356.15	359.65
2026-06-22T15:11:51.4329079+08:00	0x01	0.3803	0.4405	-0.7756	0.2446	185.16	310.76	60.37
2026-06-22T15:11:51.4329079+08:00	0x02	0.1057	0.4403	-0.8901	-0.0512	163.12	338.43	50.63
2026-06-22T15:11:51.4329079+08:00	0x09	0.0770	0.0011	-0.0220	0.9968	357.47	359.93	8.83
2026-06-22T15:11:51.4329079+08:00	0x08	0.0475	-0.0110	0.2334	0.9712	27.03	0.04	5.59
2026-06-22T15:11:51.4329079+08:00	0x04	-0.3904	0.1558	0.5229	-0.7416	279.39	315.32	24.59
2026-06-22T15:11:51.4329079+08:00	0x07	0.0070	-0.0330	-0.2977	0.9541	325.35	356.15	359.64
2026-06-22T15:11:51.4329079+08:00	0x06	0.0054	0.0155	-0.4362	0.8997	308.28	1.33	1.33
2026-06-22T15:11:51.4329079+08:00	0x09	0.0770	0.0011	-0.0220	0.9968	357.47	359.93	8.83
2026-06-22T15:11:51.4329079+08:00	0x08	0.0475	-0.0110	0.2334	0.9712	27.03	0.04	5.59
2026-06-22T15:11:51.4329079+08:00	0x04	-0.3751	0.1529	0.5343	-0.7419	279.24	316.95	23.15
2026-06-22T15:11:51.4329079+08:00	0x01	0.3799	0.4448	-0.7740	0.2422	184.35	310.26	60.77
2026-06-22T15:11:51.4329079+08:00	0x07	0.0071	-0.0330	-0.2977	0.9541	325.35	356.15	359.65
2026-06-22T15:11:51.4329079+08:00	0x03	-0.3035	0.4169	0.7595	0.3964	134.07	344.42	299.08
2026-06-22T15:11:51.4329079+08:00	0x09	0.0770	0.0011	-0.0220	0.9968	357.47	359.93	8.83
2026-06-22T15:11:51.4329079+08:00	0x08	0.0475	-0.0110	0.2334	0.9712	27.03	0.04	5.59
2026-06-22T15:11:51.4329079+08:00	0x04	-0.3896	0.1630	0.4936	-0.7603	283.41	315.49	25.56
2026-06-22T15:11:51.4329079+08:00	0x01	0.3783	0.4429	-0.7766	0.2401	184.39	310.61	60.41
2026-06-22T15:11:51.4329079+08:00	0x09	0.0770	0.0011	-0.0220	0.9968	357.47	359.93	8.83
2026-06-22T15:11:51.4329079+08:00	0x03	-0.3094	0.4204	0.7647	0.3780	138.62	341.15	298.75
2026-06-22T15:11:51.4329079+08:00	0x08	0.0475	-0.0110	0.2334	0.9712	27.03	0.04	5.59
2026-06-22T15:11:51.4329079+08:00	0x04	-0.3913	0.1541	0.4915	-0.7626	283.60	316.20	26.45
2026-06-22T15:11:51.4329079+08:00	0x02	0.1048	0.4401	-0.8905	-0.0485	163.63	338.79	50.68
2026-06-22T15:11:51.4329079+08:00	0x07	0.0070	-0.0330	-0.2977	0.9541	325.35	356.15	359.64
2026-06-22T15:11:51.4329079+08:00	0x06	0.0054	0.0154	-0.4362	0.8997	308.28	1.32	1.33
2026-06-22T15:11:51.4329079+08:00	0x09	0.0770	0.0011	-0.0220	0.9968	357.47	359.93	8.83
2026-06-22T15:11:51.4329079+08:00	0x04	-0.3917	0.1548	0.5022	-0.7553	282.12	315.81	25.86
2026-06-22T15:11:51.4329079+08:00	0x02	0.0994	0.4437	-0.8892	-0.0500	163.58	339.34	51.19
2026-06-22T15:11:51.4329079+08:00	0x06	0.0054	0.0154	-0.4362	0.8997	308.28	1.32	1.33
2026-06-22T15:11:51.4329079+08:00	0x03	-0.3135	0.4208	0.7684	0.3663	141.61	338.88	298.79
2026-06-22T15:11:51.4329079+08:00	0x07	0.0070	-0.0330	-0.2977	0.9541	325.35	356.15	359.64
2026-06-22T15:11:51.4329079+08:00	0x04	-0.3809	0.1591	0.4974	-0.7630	283.73	316.68	25.03
2026-06-22T15:11:51.4329079+08:00	0x01	0.3780	0.4482	-0.7747	0.2367	183.29	309.91	60.86
2026-06-22T15:11:51.4329079+08:00	0x09	0.0770	0.0011	-0.0220	0.9968	357.47	359.93	8.83
2026-06-22T15:11:51.4329079+08:00	0x03	-0.3153	0.4203	0.7737	0.3541	144.45	336.99	299.12
2026-06-22T15:11:51.4329079+08:00	0x08	0.0475	-0.0110	0.2334	0.9712	27.03	0.04	5.59
2026-06-22T15:11:51.4329079+08:00	0x07	0.0071	-0.0330	-0.2977	0.9541	325.35	356.15	359.65
2026-06-22T15:11:51.4329079+08:00	0x04	-0.3776	0.1641	0.5028	-0.7600	283.25	316.41	24.14
2026-06-22T15:11:51.4329079+08:00	0x09	0.0770	0.0011	-0.0220	0.9968	357.47	359.93	8.83
2026-06-22T15:11:51.4329079+08:00	0x08	0.0475	-0.0110	0.2334	0.9712	27.03	0.04	5.59
2026-06-22T15:11:51.4329079+08:00	0x04	-0.3854	0.1559	0.5233	-0.7438	279.79	315.84	24.22
2026-06-22T15:11:51.4329079+08:00	0x01	0.3743	0.4517	-0.7737	0.2394	183.87	310.67	61.42
2026-06-22T15:11:51.4329079+08:00	0x09	0.0770	0.0011	-0.0220	0.9968	357.47	359.93	8.83
2026-06-22T15:11:51.4329079+08:00	0x03	-0.3055	0.3967	0.7555	0.4226	129.64	345.78	300.95
2026-06-22T15:11:51.4329079+08:00	0x08	0.0475	-0.0110	0.2334	0.9712	27.03	0.04	5.59
2026-06-22T15:11:51.4329079+08:00	0x04	-0.3776	0.1511	0.5239	-0.7484	280.46	317.10	24.00
2026-06-22T15:11:51.4329079+08:00	0x02	0.0992	0.4433	-0.8890	-0.0578	162.37	338.82	50.95
2026-06-22T15:11:51.4329079+08:00	0x09	0.0770	0.0011	-0.0220	0.9968	357.47	359.93	8.83
2026-06-22T15:11:51.4329079+08:00	0x08	0.0475	-0.0110	0.2334	0.9712	27.03	0.04	5.58
2026-06-22T15:11:51.4329079+08:00	0x07	0.0071	-0.0330	-0.2977	0.9541	325.35	356.15	359.65
2026-06-22T15:11:51.4339071+08:00	0x02	0.0984	0.4517	-0.8847	-0.0602	161.52	338.25	51.95
2026-06-22T15:11:51.4339071+08:00	0x06	0.0054	0.0154	-0.4362	0.8997	308.28	1.32	1.33
2026-06-22T15:11:51.4339071+08:00	0x03	-0.2904	0.3865	0.6894	0.5395	102.92	1.79	302.20
2026-06-22T15:11:51.4339071+08:00	0x08	0.0475	-0.0110	0.2334	0.9712	27.03	0.04	5.59
2026-06-22T15:11:51.4339071+08:00	0x07	0.0071	-0.0330	-0.2977	0.9541	325.35	356.15	359.65
2026-06-22T15:11:51.4339071+08:00	0x04	-0.3307	0.1863	0.6792	-0.6282	261.77	316.18	9.35
2026-06-22T15:11:51.4339071+08:00	0x02	0.1081	0.4281	-0.8957	-0.0529	163.39	338.61	49.07
2026-06-22T15:11:51.4339071+08:00	0x09	0.0770	0.0011	-0.0220	0.9968	357.47	359.93	8.83
2026-06-22T15:11:51.4339071+08:00	0x03	-0.2557	0.4078	0.5954	0.6433	73.96	22.32	305.46
2026-06-22T15:11:51.4339071+08:00	0x08	0.0475	-0.0110	0.2334	0.9712	27.03	0.04	5.58
2026-06-22T15:11:51.4339071+08:00	0x07	0.0071	-0.0330	-0.2977	0.9541	325.35	356.15	359.65
2026-06-22T15:11:51.4339071+08:00	0x02	0.1036	0.4286	-0.8962	-0.0486	164.35	339.60	49.30
2026-06-22T15:11:51.4339071+08:00	0x06	0.0054	0.0154	-0.4362	0.8997	308.28	1.32	1.33
2026-06-22T15:11:51.4339071+08:00	0x03	-0.2482	0.4133	0.5807	0.6560	70.01	25.40	306.33
2026-06-22T15:11:51.4339071+08:00	0x08	0.0475	-0.0110	0.2334	0.9712	27.03	0.04	5.58
2026-06-22T15:11:51.4339071+08:00	0x07	0.0070	-0.0331	-0.2977	0.9541	325.35	356.14	359.64
2026-06-22T15:11:51.4339071+08:00	0x04	-0.3611	0.1435	0.5599	-0.7318	276.93	318.65	21.59
2026-06-22T15:11:51.4339071+08:00	0x02	0.1017	0.4285	-0.8965	-0.0484	164.53	339.92	49.33
2026-06-22T15:11:51.4339071+08:00	0x01	0.3765	0.4343	-0.7781	0.2534	187.76	312.85	60.08
2026-06-22T15:11:51.4339071+08:00	0x06	0.0054	0.0154	-0.4362	0.8997	308.28	1.32	1.33
2026-06-22T15:11:51.4339071+08:00	0x08	0.0475	-0.0110	0.2334	0.9712	27.03	0.04	5.59
2026-06-22T15:11:51.4339071+08:00	0x07	0.0070	-0.0331	-0.2977	0.9541	325.35	356.14	359.64
2026-06-22T15:11:51.4339071+08:00	0x02	0.1032	0.4263	-0.8977	-0.0428	165.40	340.18	49.16
2026-06-22T15:11:51.4339071+08:00	0x09	0.0770	0.0011	-0.0220	0.9968	357.47	359.93	8.83
2026-06-22T15:11:51.4339071+08:00	0x03	-0.2288	0.4240	0.6849	0.5466	94.43	15.64	303.81
2026-06-22T15:11:51.4339071+08:00	0x08	0.0475	-0.0110	0.2334	0.9712	27.03	0.04	5.58
2026-06-22T15:11:51.4339071+08:00	0x04	-0.3909	0.0598	0.3121	-0.8639	310.46	333.20	39.64
2026-06-22T15:11:51.4339071+08:00	0x02	0.0979	0.4441	-0.8894	-0.0468	164.19	339.80	51.34
2026-06-22T15:11:51.4339071+08:00	0x09	0.0770	0.0011	-0.0220	0.9968	357.47	359.93	8.83
2026-06-22T15:11:51.4339071+08:00	0x03	-0.2734	0.4369	0.7532	0.4088	127.00	353.36	298.16
2026-06-22T15:11:51.4339071+08:00	0x08	0.0475	-0.0110	0.2334	0.9712	27.03	0.04	5.58
2026-06-22T15:11:51.4339071+08:00	0x04	-0.4050	0.0708	0.3798	-0.8287	299.18	327.30	38.13
2026-06-22T15:11:51.4339071+08:00	0x07	0.0070	-0.0330	-0.2977	0.9541	325.35	356.15	359.64
2026-06-22T15:11:51.4339071+08:00	0x02	0.1004	0.4473	-0.8878	-0.0411	164.72	339.64	51.81
2026-06-22T15:11:51.4339071+08:00	0x09	0.0770	0.0011	-0.0220	0.9968	357.47	359.93	8.83
2026-06-22T15:11:51.4339071+08:00	0x06	0.0054	0.0154	-0.4362	0.8997	308.28	1.32	1.33
2026-06-22T15:11:51.4339071+08:00	0x03	-0.2905	0.4255	0.7578	0.4003	131.44	348.01	298.65
2026-06-22T15:11:51.4339071+08:00	0x04	-0.3966	0.0862	0.4136	-0.8150	294.81	325.05	35.11
2026-06-22T15:11:51.4339071+08:00	0x07	0.0070	-0.0331	-0.2977	0.9541	325.35	356.14	359.64
2026-06-22T15:11:51.4339071+08:00	0x08	0.0475	-0.0110	0.2334	0.9712	27.03	0.04	5.58
2026-06-22T15:11:51.4339071+08:00	0x02	0.0964	0.4502	-0.8864	-0.0469	163.94	339.70	52.11
2026-06-22T15:11:51.4339071+08:00	0x01	0.3743	0.4508	-0.7741	0.2398	184.04	310.78	61.33
2026-06-22T15:11:51.4339071+08:00	0x06	0.0054	0.0155	-0.4362	0.8997	308.28	1.32	1.33
2026-06-22T15:11:51.4339071+08:00	0x08	0.0475	-0.0110	0.2334	0.9712	27.03	0.04	5.58
2026-06-22T15:11:51.4339071+08:00	0x07	0.0070	-0.0330	-0.2977	0.9541	325.35	356.15	359.64
2026-06-22T15:11:51.4339071+08:00	0x04	-0.4003	0.1462	0.4569	-0.7808	287.51	316.99	29.43
2026-06-22T15:11:51.4339071+08:00	0x09	0.0770	0.0011	-0.0220	0.9968	357.47	359.93	8.84
2026-06-22T15:11:51.4339071+08:00	0x03	-0.2923	0.4299	0.7613	0.3875	134.27	346.31	298.22
2026-06-22T15:11:51.4339071+08:00	0x08	0.0475	-0.0110	0.2334	0.9712	27.03	0.04	5.58
2026-06-22T15:11:51.4339071+08:00	0x04	-0.3943	0.1488	0.4814	-0.7685	284.73	316.66	27.57
2026-06-22T15:11:51.4339071+08:00	0x07	0.0071	-0.0330	-0.2977	0.9541	325.35	356.15	359.65
2026-06-22T15:11:51.4339071+08:00	0x09	0.0770	0.0011	-0.0220	0.9968	357.47	359.93	8.84
2026-06-22T15:11:51.4339071+08:00	0x03	-0.3003	0.4186	0.7566	0.4026	132.28	345.95	298.92
2026-06-22T15:11:51.4339071+08:00	0x01	0.3726	0.4502	-0.7748	0.2413	184.60	311.36	61.33
2026-06-22T15:11:51.4339071+08:00	0x08	0.0475	-0.0110	0.2334	0.9712	27.03	0.04	5.58
2026-06-22T15:11:51.4339071+08:00	0x04	-0.3940	0.1416	0.4755	-0.7737	285.65	317.56	28.36
2026-06-22T15:11:51.4339071+08:00	0x07	0.0071	-0.0330	-0.2977	0.9541	325.35	356.15	359.65
2026-06-22T15:11:51.4339071+08:00	0x02	0.1025	0.4298	-0.8955	-0.0526	163.74	339.42	49.38
2026-06-22T15:11:51.4339071+08:00	0x03	-0.3042	0.4191	0.7641	0.3847	136.65	342.92	299.02
2026-06-22T15:11:51.4349040+08:00	0x01	0.3743	0.4507	-0.7749	0.2373	183.60	310.56	61.18
2026-06-22T15:11:51.4349040+08:00	0x06	0.0055	0.0155	-0.4362	0.8997	308.28	1.32	1.34
2026-06-22T15:11:51.4349040+08:00	0x04	-0.4038	0.1396	0.4824	-0.7647	283.76	316.47	28.88
2026-06-22T15:11:51.4349040+08:00	0x02	0.1035	0.4251	-0.8971	-0.0612	162.59	338.93	48.60
2026-06-22T15:11:51.4349040+08:00	0x09	0.0770	0.0011	-0.0220	0.9968	357.47	359.93	8.83
2026-06-22T15:11:51.4349040+08:00	0x06	0.0055	0.0155	-0.4362	0.8997	308.28	1.32	1.34
2026-06-22T15:11:51.4349040+08:00	0x01	0.3759	0.4448	-0.7774	0.2378	184.11	310.78	60.49
2026-06-22T15:11:51.4349040+08:00	0x04	-0.3912	0.1492	0.4814	-0.7701	285.04	316.96	27.31
2026-06-22T15:11:51.4349040+08:00	0x08	0.0474	-0.0110	0.2334	0.9712	27.03	0.04	5.58
2026-06-22T15:11:51.4349040+08:00	0x07	0.0070	-0.0330	-0.2977	0.9541	325.35	356.15	359.64
2026-06-22T15:11:51.4349040+08:00	0x09	0.0770	0.0011	-0.0220	0.9968	357.47	359.93	8.83
2026-06-22T15:11:51.4349040+08:00	0x03	-0.3142	0.4238	0.7653	0.3688	141.04	339.21	298.31
2026-06-22T15:11:51.4349040+08:00	0x08	0.0474	-0.0110	0.2334	0.9712	27.03	0.04	5.58
2026-06-22T15:11:51.4349040+08:00	0x04	-0.3899	0.1787	0.5067	-0.7478	281.49	313.66	23.71
2026-06-22T15:11:51.4349040+08:00	0x07	0.0070	-0.0331	-0.2977	0.9541	325.35	356.14	359.64
2026-06-22T15:11:51.4349040+08:00	0x02	0.1060	0.4286	-0.8956	-0.0545	163.26	338.81	49.12
2026-06-22T15:11:51.4349040+08:00	0x09	0.0770	0.0011	-0.0220	0.9968	357.47	359.93	8.83
2026-06-22T15:11:51.4349040+08:00	0x06	0.0054	0.0155	-0.4362	0.8997	308.28	1.32	1.33
2026-06-22T15:11:51.4349040+08:00	0x08	0.0474	-0.0110	0.2334	0.9712	27.03	0.04	5.58
2026-06-22T15:11:51.4349040+08:00	0x04	-0.3906	0.1550	0.4994	-0.7576	282.59	315.98	25.92
2026-06-22T15:11:51.4349040+08:00	0x07	0.0070	-0.0331	-0.2977	0.9541	325.35	356.14	359.64
2026-06-22T15:11:51.4349040+08:00	0x02	0.1089	0.4257	-0.8969	-0.0496	163.98	338.84	48.84
2026-06-22T15:11:51.4349040+08:00	0x09	0.0770	0.0011	-0.0220	0.9968	357.47	359.93	8.83
2026-06-22T15:11:51.4349040+08:00	0x03	-0.3154	0.4251	0.7676	0.3615	142.75	338.10	298.28
2026-06-22T15:11:51.4349040+08:00	0x06	0.0054	0.0154	-0.4362	0.8997	308.28	1.32	1.33
2026-06-22T15:11:51.4349040+08:00	0x08	0.0475	-0.0110	0.2334	0.9712	27.03	0.04	5.58
2026-06-22T15:11:51.4349040+08:00	0x07	0.0070	-0.0331	-0.2977	0.9541	325.35	356.14	359.64
2026-06-22T15:11:51.4349040+08:00	0x02	0.1062	0.4264	-0.8970	-0.0478	164.41	339.35	49.01
2026-06-22T15:11:51.4349040+08:00	0x06	0.0054	0.0154	-0.4362	0.8997	308.28	1.32	1.33
2026-06-22T15:11:51.4349040+08:00	0x03	-0.3121	0.4229	0.7673	0.3675	141.14	339.41	298.56
2026-06-22T15:11:51.4349040+08:00	0x08	0.0475	-0.0110	0.2334	0.9712	27.03	0.04	5.58
2026-06-22T15:11:51.4349040+08:00	0x07	0.0070	-0.0331	-0.2977	0.9541	325.35	356.14	359.64
2026-06-22T15:11:51.4349040+08:00	0x09	0.0770	0.0011	-0.0220	0.9968	357.47	359.93	8.83
2026-06-22T15:11:51.4349040+08:00	0x03	-0.3089	0.4238	0.7674	0.3689	140.44	340.28	298.56
2026-06-22T15:11:51.4349040+08:00	0x01	0.3750	0.4532	-0.7720	0.2409	183.87	310.50	61.69
2026-06-22T15:11:51.4349040+08:00	0x04	-0.3882	0.1558	0.4860	-0.7674	284.63	316.52	26.38
2026-06-22T15:11:51.4349040+08:00	0x07	0.0070	-0.0331	-0.2977	0.9541	325.35	356.14	359.64
2026-06-22T15:11:51.4349040+08:00	0x03	-0.3184	0.4167	0.7727	0.3577	144.09	336.67	299.34
2026-06-22T15:11:51.4349040+08:00	0x06	0.0054	0.0155	-0.4362	0.8997	308.28	1.33	1.33
2026-06-22T15:11:51.4349040+08:00	0x08	0.0475	-0.0110	0.2334	0.9712	27.03	0.04	5.58
2026-06-22T15:11:51.4349040+08:00	0x04	-0.3985	0.1480	0.5079	-0.7492	280.72	315.54	26.54
2026-06-22T15:11:51.4349040+08:00	0x07	0.0070	-0.0331	-0.2977	0.9541	325.35	356.14	359.64
2026-06-22T15:11:51.4349040+08:00	0x02	0.0977	0.4318	-0.8954	-0.0474	164.79	340.45	49.82
2026-06-22T15:11:51.4349040+08:00	0x03	-0.3171	0.4160	0.7725	0.3602	143.43	337.21	299.42
2026-06-22T15:11:51.4349040+08:00	0x01	0.3728	0.4536	-0.7736	0.2384	183.68	310.74	61.59
2026-06-22T15:11:51.4349040+08:00	0x08	0.0475	-0.0110	0.2334	0.9712	27.03	0.04	5.58
2026-06-22T15:11:51.4349040+08:00	0x07	0.0070	-0.0331	-0.2977	0.9541	325.35	356.14	359.64
2026-06-22T15:11:51.4349040+08:00	0x02	0.0963	0.4379	-0.8929	-0.0408	165.62	340.84	50.73
2026-06-22T15:11:51.4349040+08:00	0x03	-0.3293	0.4134	0.7883	0.3150	153.99	329.61	300.77
2026-06-22T15:11:51.4349040+08:00	0x01	0.3758	0.4525	-0.7735	0.2361	183.01	309.96	61.33
2026-06-22T15:11:51.4349040+08:00	0x08	0.0475	-0.0110	0.2334	0.9712	27.03	0.04	5.58
2026-06-22T15:11:51.4349040+08:00	0x07	0.0070	-0.0331	-0.2977	0.9541	325.35	356.14	359.64
2026-06-22T15:11:51.4349040+08:00	0x02	0.0962	0.4355	-0.8940	-0.0432	165.37	340.81	50.39
2026-06-22T15:11:51.4349040+08:00	0x01	0.3761	0.4503	-0.7724	0.2434	184.48	310.74	61.49
2026-06-22T15:11:51.4349040+08:00	0x03	-0.3422	0.4187	0.7777	0.3205	154.48	327.56	299.46
2026-06-22T15:11:51.4349040+08:00	0x06	0.0054	0.0154	-0.4362	0.8997	308.28	1.32	1.33
2026-06-22T15:11:51.4349040+08:00	0x08	0.0475	-0.0110	0.2334	0.9712	27.03	0.04	5.58
2026-06-22T15:11:51.4349040+08:00	0x07	0.0070	-0.0331	-0.2977	0.9541	325.35	356.14	359.64
2026-06-22T15:11:51.4349040+08:00	0x09	0.0770	0.0011	-0.0220	0.9968	357.47	359.93	8.84
2026-06-22T15:11:51.4359025+08:00	0x02	0.1029	0.4269	-0.8972	-0.0473	164.69	339.88	49.14
2026-06-22T15:11:51.4359211+08:00	0x06	0.0054	0.0155	-0.4362	0.8997	308.28	1.32	1.33
2026-06-22T15:11:51.4359211+08:00	0x03	-0.3442	0.4169	0.7788	0.3179	155.18	326.87	299.73
2026-06-22T15:11:51.4359211+08:00	0x01	0.3771	0.4509	-0.7710	0.2452	184.59	310.62	61.66
2026-06-22T15:11:51.4359211+08:00	0x08	0.0475	-0.0110	0.2334	0.9712	27.03	0.04	5.59
2026-06-22T15:11:51.4359211+08:00	0x04	-0.3841	0.1382	0.5004	-0.7635	283.20	318.24	26.63
2026-06-22T15:11:51.4359211+08:00	0x09	0.0770	0.0011	-0.0220	0.9968	357.47	359.93	8.84
2026-06-22T15:11:51.4359211+08:00	0x07	0.0070	-0.0331	-0.2977	0.9541	325.35	356.14	359.64
2026-06-22T15:11:51.4359211+08:00	0x02	0.0967	0.4357	-0.8934	-0.0509	164.10	340.16	50.24
2026-06-22T15:11:51.4359211+08:00	0x06	0.0054	0.0155	-0.4362	0.8997	308.28	1.32	1.33
2026-06-22T15:11:51.4359211+08:00	0x03	-0.3462	0.4169	0.7793	0.3148	156.04	326.11	299.81
2026-06-22T15:11:51.4359211+08:00	0x01	0.3765	0.4498	-0.7723	0.2440	184.58	310.75	61.45
2026-06-22T15:11:51.4359211+08:00	0x08	0.0475	-0.0110	0.2334	0.9712	27.03	0.04	5.58
2026-06-22T15:11:51.4359211+08:00	0x09	0.0770	0.0011	-0.0220	0.9968	357.47	359.93	8.84
2026-06-22T15:11:51.4359211+08:00	0x07	0.0070	-0.0331	-0.2977	0.9541	325.35	356.14	359.64
2026-06-22T15:11:51.4359211+08:00	0x03	-0.3475	0.4169	0.7795	0.3127	156.59	325.62	299.86
2026-06-22T15:11:51.4359211+08:00	0x08	0.0475	-0.0110	0.2334	0.9712	27.03	0.04	5.59
2026-06-22T15:11:51.4359211+08:00	0x09	0.0770	0.0011	-0.0220	0.9968	357.47	359.93	8.84
2026-06-22T15:11:51.4359211+08:00	0x07	0.0071	-0.0331	-0.2977	0.9541	325.35	356.14	359.65
2026-06-22T15:11:51.4359211+08:00	0x06	0.0054	0.0155	-0.4362	0.8997	308.28	1.32	1.33
2026-06-22T15:11:51.4359211+08:00	0x01	0.3736	0.4508	-0.7725	0.2460	185.23	311.51	61.68
2026-06-22T15:11:51.4359211+08:00	0x08	0.0475	-0.0110	0.2334	0.9712	27.03	0.04	5.59
2026-06-22T15:11:51.4359211+08:00	0x09	0.0770	0.0011	-0.0220	0.9968	357.47	359.93	8.84
2026-06-22T15:11:51.4359211+08:00	0x02	0.0991	0.4349	-0.8930	-0.0598	162.56	339.18	49.90
2026-06-22T15:11:51.4359211+08:00	0x07	0.0071	-0.0331	-0.2977	0.9541	325.35	356.14	359.65
2026-06-22T15:11:51.4359211+08:00	0x06	0.0054	0.0155	-0.4362	0.8997	308.28	1.32	1.33
2026-06-22T15:11:51.4359211+08:00	0x03	-0.3042	0.4027	0.7631	0.4036	133.31	344.16	300.66
2026-06-22T15:11:51.4359211+08:00	0x08	0.0475	-0.0110	0.2334	0.9712	27.03	0.04	5.59
2026-06-22T15:11:51.4359211+08:00	0x07	0.0071	-0.0331	-0.2977	0.9541	325.35	356.14	359.65
2026-06-22T15:11:51.4359211+08:00	0x01	0.3729	0.4555	-0.7696	0.2471	185.02	311.33	62.31
2026-06-22T15:11:51.4359211+08:00	0x06	0.0054	0.0155	-0.4362	0.8997	308.28	1.32	1.33
2026-06-22T15:11:51.4359211+08:00	0x08	0.0475	-0.0110	0.2334	0.9712	27.03	0.04	5.58
2026-06-22T15:11:51.4359211+08:00	0x09	0.0770	0.0011	-0.0220	0.9968	357.47	359.93	8.83
2026-06-22T15:11:51.4359211+08:00	0x07	0.0071	-0.0331	-0.2977	0.9541	325.35	356.14	359.65
2026-06-22T15:11:51.4359211+08:00	0x02	0.0978	0.4421	-0.8898	-0.0572	162.64	339.15	50.85
2026-06-22T15:11:51.4359211+08:00	0x06	0.0054	0.0155	-0.4362	0.8997	308.28	1.33	1.33
2026-06-22T15:11:51.4359211+08:00	0x03	-0.3081	0.4129	0.7917	0.3284	149.07	335.22	301.12
2026-06-22T15:11:51.4359211+08:00	0x01	0.3727	0.4561	-0.7695	0.2469	184.95	311.31	62.37
2026-06-22T15:11:51.4359211+08:00	0x08	0.0475	-0.0110	0.2334	0.9712	27.03	0.05	5.58
2026-06-22T15:11:51.4359211+08:00	0x09	0.0770	0.0011	-0.0220	0.9968	357.47	359.93	8.83
2026-06-22T15:11:51.4359211+08:00	0x04	-0.3804	0.1455	0.5252	-0.7472	280.07	317.28	24.56
2026-06-22T15:11:51.4359211+08:00	0x01	0.3712	0.4554	-0.7702	0.2483	185.49	311.86	62.35
2026-06-22T15:11:51.4359211+08:00	0x06	0.0054	0.0155	-0.4362	0.8997	308.28	1.33	1.33
2026-06-22T15:11:51.4359211+08:00	0x07	0.0071	-0.0331	-0.2977	0.9541	325.35	356.14	359.65
2026-06-22T15:11:51.4359211+08:00	0x03	-0.3185	0.4110	0.7863	0.3338	149.08	333.76	300.80
2026-06-22T15:11:51.4359211+08:00	0x08	0.0475	-0.0110	0.2334	0.9712	27.03	0.04	5.58
2026-06-22T15:11:51.4359211+08:00	0x09	0.0770	0.0011	-0.0220	0.9968	357.47	359.93	8.83
2026-06-22T15:11:51.4359211+08:00	0x07	0.0071	-0.0331	-0.2977	0.9541	325.35	356.14	359.65
2026-06-22T15:11:51.4359211+08:00	0x01	0.3719	0.4544	-0.7717	0.2443	184.77	311.40	62.01
2026-06-22T15:11:51.4359211+08:00	0x07	0.0071	-0.0331	-0.2977	0.9541	325.35	356.14	359.65
2026-06-22T15:11:51.4359211+08:00	0x03	-0.3125	0.4097	0.7776	0.3603	143.07	337.86	300.41
2026-06-22T15:11:51.4359211+08:00	0x04	-0.3899	0.1477	0.5089	-0.7531	281.41	316.49	25.92
2026-06-22T15:11:51.4359211+08:00	0x09	0.0770	0.0011	-0.0220	0.9968	357.47	359.93	8.83
2026-06-22T15:11:51.4359211+08:00	0x07	0.0071	-0.0331	-0.2977	0.9541	325.35	356.14	359.65
2026-06-22T15:11:51.4359211+08:00	0x02	0.0968	0.4350	-0.8934	-0.0575	163.08	339.70	50.01
2026-06-22T15:11:51.4359211+08:00	0x07	0.0071	-0.0331	-0.2977	0.9541	325.35	356.14	359.65
2026-06-22T15:11:51.4359211+08:00	0x06	0.0054	0.0155	-0.4362	0.8997	308.28	1.32	1.33
2026-06-22T15:11:51.4359211+08:00	0x01	0.3724	0.4515	-0.7734	0.2435	184.87	311.49	61.61
2026-06-22T15:11:51.4359211+08:00	0x03	-0.3168	0.4162	0.7916	0.3160	152.47	332.22	300.79
2026-06-22T15:11:51.4359211+08:00	0x08	0.0475	-0.0110	0.2334	0.9712	27.03	0.04	5.58
2026-06-22T15:11:51.4359211+08:00	0x04	-0.3877	0.1555	0.4912	-0.7644	283.98	316.47	26.09
2026-06-22T15:11:51.4359211+08:00	0x09	0.0770	0.0011	-0.0220	0.9968	357.47	359.93	8.83
2026-06-22T15:11:51.4369032+08:00	0x02	0.0933	0.4476	-0.8874	-0.0583	162.49	339.48	51.59
2026-06-22T15:11:51.4369032+08:00	0x07	0.0071	-0.0331	-0.2977	0.9541	325.35	356.14	359.65
2026-06-22T15:11:51.4369032+08:00	0x01	0.3702	0.4550	-0.7707	0.2488	185.76	312.16	62.32
2026-06-22T15:11:51.4369032+08:00	0x06	0.0054	0.0155	-0.4362	0.8997	308.28	1.32	1.33
2026-06-22T15:11:51.4369032+08:00	0x08	0.0475	-0.0110	0.2334	0.9712	27.03	0.04	5.58
2026-06-22T15:11:51.4369032+08:00	0x03	-0.3081	0.4177	0.7795	0.3507	144.46	337.90	299.86
2026-06-22T15:11:51.4369032+08:00	0x04	-0.3873	0.1771	0.5096	-0.7476	281.36	314.02	23.49
2026-06-22T15:11:51.4369032+08:00	0x07	0.0071	-0.0330	-0.2977	0.9541	325.35	356.15	359.65
2026-06-22T15:11:51.4369032+08:00	0x07	0.0071	-0.0331	-0.2977	0.9541	325.35	356.14	359.65
2026-06-22T15:11:51.4369032+08:00	0x09	0.0770	0.0011	-0.0220	0.9968	357.47	359.93	8.83
2026-06-22T15:11:51.4369032+08:00	0x02	0.1012	0.4388	-0.8910	-0.0585	162.38	338.70	50.35
2026-06-22T15:11:51.4369032+08:00	0x03	-0.3152	0.4198	0.7740	0.3541	144.46	336.99	299.19
2026-06-22T15:11:51.4369032+08:00	0x08	0.0474	-0.0110	0.2334	0.9712	27.03	0.04	5.58
2026-06-22T15:11:51.4369032+08:00	0x09	0.0770	0.0011	-0.0220	0.9968	357.47	359.93	8.83
2026-06-22T15:11:51.4369032+08:00	0x07	0.0071	-0.0331	-0.2977	0.9541	325.35	356.14	359.65
2026-06-22T15:11:51.4369032+08:00	0x01	0.3715	0.4554	-0.7703	0.2475	185.31	311.72	62.30
2026-06-22T15:11:51.4369032+08:00	0x03	-0.3239	0.4159	0.7815	0.3336	149.71	332.75	299.97
2026-06-22T15:11:51.4369032+08:00	0x08	0.0474	-0.0110	0.2334	0.9712	27.03	0.04	5.58
2026-06-22T15:11:51.4369032+08:00	0x06	0.0054	0.0155	-0.4362	0.8997	308.28	1.32	1.33
2026-06-22T15:11:51.4369032+08:00	0x09	0.0770	0.0011	-0.0220	0.9968	357.47	359.93	8.83
2026-06-22T15:11:51.4369032+08:00	0x07	0.0071	-0.0331	-0.2977	0.9541	325.35	356.14	359.65
2026-06-22T15:11:51.4369032+08:00	0x07	0.0071	-0.0331	-0.2977	0.9541	325.35	356.14	359.65
2026-06-22T15:11:51.4369032+08:00	0x02	0.0909	0.4461	-0.8888	-0.0523	163.73	340.42	51.58
2026-06-22T15:11:51.4369032+08:00	0x03	-0.3165	0.4182	0.7778	0.3465	146.22	335.78	299.56
2026-06-22T15:11:51.4369032+08:00	0x09	0.0770	0.0011	-0.0220	0.9968	357.47	359.93	8.83
2026-06-22T15:11:51.4369032+08:00	0x07	0.0071	-0.0330	-0.2977	0.9541	325.35	356.15	359.65
2026-06-22T15:11:51.4369032+08:00	0x07	0.0071	-0.0331	-0.2977	0.9541	325.35	356.14	359.65
2026-06-22T15:11:51.4369032+08:00	0x01	0.3711	0.4560	-0.7714	0.2436	184.58	311.37	62.16
2026-06-22T15:11:51.4369032+08:00	0x03	-0.3164	0.4157	0.7760	0.3533	144.82	336.51	299.68
2026-06-22T15:11:51.4369032+08:00	0x09	0.0770	0.0011	-0.0220	0.9968	357.47	359.93	8.83
2026-06-22T15:11:51.4369032+08:00	0x07	0.0071	-0.0330	-0.2977	0.9541	325.35	356.15	359.65
2026-06-22T15:11:51.4369032+08:00	0x07	0.0071	-0.0331	-0.2977	0.9541	325.35	356.14	359.65
2026-06-22T15:11:51.4369032+08:00	0x01	0.3724	0.4565	-0.7721	0.2383	183.41	310.54	61.93
2026-06-22T15:11:51.4369032+08:00	0x06	0.0054	0.0155	-0.4362	0.8997	308.28	1.32	1.33
2026-06-22T15:11:51.4369032+08:00	0x03	-0.3176	0.4174	0.7713	0.3605	143.40	337.20	299.20
2026-06-22T15:11:51.4369032+08:00	0x08	0.0475	-0.0110	0.2334	0.9712	27.03	0.04	5.58
2026-06-22T15:11:51.4369032+08:00	0x09	0.0770	0.0011	-0.0220	0.9968	357.47	359.93	8.83
2026-06-22T15:11:51.4369032+08:00	0x07	0.0071	-0.0330	-0.2977	0.9541	325.35	356.15	359.65
2026-06-22T15:11:51.4369032+08:00	0x01	0.3722	0.4577	-0.7707	0.2406	183.71	310.68	62.22
2026-06-22T15:11:51.4369032+08:00	0x03	-0.3189	0.4023	0.7709	0.3770	140.36	338.29	300.60
2026-06-22T15:11:51.4369032+08:00	0x04	-0.3862	0.1335	0.5231	-0.7479	279.89	317.81	25.97
2026-06-22T15:11:51.4369032+08:00	0x02	0.0970	0.4337	-0.8944	-0.0500	164.34	340.29	50.01
2026-06-22T15:11:51.4369032+08:00	0x07	0.0070	-0.0330	-0.2977	0.9541	325.35	356.15	359.64
2026-06-22T15:11:51.4369032+08:00	0x06	0.0054	0.0155	-0.4362	0.8997	308.28	1.32	1.33
2026-06-22T15:11:51.4369032+08:00	0x03	-0.3218	0.4096	0.7641	0.3805	139.70	338.51	299.44
2026-06-22T15:11:51.4369032+08:00	0x01	0.3736	0.4521	-0.7727	0.2429	184.53	311.09	61.65
2026-06-22T15:11:51.4369032+08:00	0x09	0.0770	0.0011	-0.0220	0.9968	357.47	359.93	8.83
2026-06-22T15:11:51.4369032+08:00	0x02	0.1051	0.4177	-0.9010	-0.0517	164.34	339.71	47.89
2026-06-22T15:11:51.4369032+08:00	0x07	0.0071	-0.0330	-0.2977	0.9541	325.35	356.15	359.65
2026-06-22T15:11:51.4369032+08:00	0x01	0.3747	0.4485	-0.7731	0.2465	185.40	311.49	61.43
2026-06-22T15:11:51.4369032+08:00	0x08	0.0475	-0.0110	0.2334	0.9712	27.03	0.04	5.58
2026-06-22T15:11:51.4369032+08:00	0x03	-0.3245	0.4076	0.7643	0.3799	140.17	337.81	299.58
2026-06-22T15:11:51.4369032+08:00	0x09	0.0770	0.0011	-0.0220	0.9968	357.47	359.93	8.83
2026-06-22T15:11:51.4369032+08:00	0x02	0.1038	0.4170	-0.9015	-0.0518	164.45	339.93	47.83
2026-06-22T15:11:51.4369032+08:00	0x07	0.0071	-0.0330	-0.2977	0.9541	325.35	356.15	359.65
2026-06-22T15:11:51.4379006+08:00	0x01	0.3747	0.4490	-0.7735	0.2444	184.98	311.26	61.37
2026-06-22T15:11:51.4379006+08:00	0x08	0.0475	-0.0110	0.2334	0.9712	27.03	0.04	5.58
2026-06-22T15:11:51.4379006+08:00	0x03	-0.3244	0.4078	0.7639	0.3807	139.97	337.96	299.53
2026-06-22T15:11:51.4379006+08:00	0x09	0.0770	0.0011	-0.0220	0.9968	357.47	359.93	8.84
2026-06-22T15:11:51.4379006+08:00	0x02	0.1033	0.4159	-0.9021	-0.0506	164.72	340.14	47.72
2026-06-22T15:11:51.4379006+08:00	0x01	0.3748	0.4499	-0.7729	0.2445	184.89	311.17	61.49
2026-06-22T15:11:51.4379006+08:00	0x06	0.0054	0.0155	-0.4362	0.8997	308.28	1.32	1.33
2026-06-22T15:11:51.4379006+08:00	0x08	0.0474	-0.0110	0.2334	0.9712	27.03	0.04	5.58
2026-06-22T15:11:51.4379006+08:00	0x03	-0.3245	0.4088	0.7628	0.3818	139.72	338.12	299.37
2026-06-22T15:11:51.4379006+08:00	0x09	0.0770	0.0011	-0.0220	0.9968	357.47	359.93	8.84
2026-06-22T15:11:51.4379006+08:00	0x02	0.1032	0.4164	-0.9019	-0.0502	164.76	340.15	47.80
2026-06-22T15:11:51.4379006+08:00	0x07	0.0071	-0.0331	-0.2977	0.9541	325.35	356.14	359.65
2026-06-22T15:11:51.4379006+08:00	0x01	0.3756	0.4504	-0.7721	0.2449	184.81	310.98	61.57
2026-06-22T15:11:51.4379006+08:00	0x08	0.0475	-0.0110	0.2334	0.9712	27.03	0.04	5.58
2026-06-22T15:11:51.4379006+08:00	0x04	-0.3612	0.1091	0.5160	-0.7690	283.32	322.92	26.29
2026-06-22T15:11:51.4379006+08:00	0x03	-0.3252	0.4099	0.7615	0.3825	139.60	338.12	299.18
2026-06-22T15:11:51.4379006+08:00	0x02	0.1038	0.4155	-0.9023	-0.0496	164.87	340.16	47.69
2026-06-22T15:11:51.4379006+08:00	0x07	0.0071	-0.0331	-0.2977	0.9541	325.35	356.14	359.65
2026-06-22T15:11:51.4379006+08:00	0x06	0.0054	0.0155	-0.4362	0.8997	308.28	1.32	1.33
2026-06-22T15:11:51.4379006+08:00	0x08	0.0475	-0.0110	0.2334	0.9712	27.03	0.04	5.58
2026-06-22T15:11:51.4379006+08:00	0x03	-0.3264	0.4105	0.7612	0.3815	139.92	337.80	299.07
2026-06-22T15:11:51.4379006+08:00	0x09	0.0770	0.0011	-0.0220	0.9968	357.47	359.93	8.84
2026-06-22T15:11:51.4379006+08:00	0x07	0.0071	-0.0331	-0.2977	0.9541	325.35	356.14	359.65
2026-06-22T15:11:51.4379006+08:00	0x01	0.3755	0.4479	-0.7734	0.2453	185.14	311.25	61.29
2026-06-22T15:11:51.4379006+08:00	0x06	0.0054	0.0155	-0.4362	0.8997	308.28	1.33	1.34
2026-06-22T15:11:51.4379006+08:00	0x08	0.0475	-0.0110	0.2334	0.9712	27.03	0.04	5.58
2026-06-22T15:11:51.4379006+08:00	0x03	-0.3270	0.4103	0.7610	0.3816	139.98	337.68	299.06
2026-06-22T15:11:51.4379006+08:00	0x09	0.0770	0.0011	-0.0220	0.9968	357.47	359.93	8.84
2026-06-22T15:11:51.4379006+08:00	0x02	0.1029	0.4127	-0.9037	-0.0484	165.24	340.50	47.40
2026-06-22T15:11:51.4379006+08:00	0x07	0.0071	-0.0331	-0.2977	0.9541	325.35	356.14	359.65
2026-06-22T15:11:51.4379006+08:00	0x01	0.3757	0.4470	-0.7742	0.2445	185.07	311.22	61.13
2026-06-22T15:11:51.4379006+08:00	0x06	0.0054	0.0155	-0.4362	0.8997	308.28	1.33	1.34
2026-06-22T15:11:51.4379006+08:00	0x08	0.0475	-0.0110	0.2334	0.9712	27.03	0.04	5.58
2026-06-22T15:11:51.4379006+08:00	0x04	-0.3528	0.1082	0.5146	-0.7740	284.24	323.90	25.76
2026-06-22T15:11:51.4379006+08:00	0x07	0.0071	-0.0331	-0.2977	0.9541	325.35	356.14	359.65
2026-06-22T15:11:51.4379006+08:00	0x02	0.1026	0.4114	-0.9044	-0.0482	165.35	340.62	47.24
2026-06-22T15:11:51.4379006+08:00	0x01	0.3748	0.4463	-0.7749	0.2446	185.27	311.49	61.05
2026-06-22T15:11:51.4379006+08:00	0x06	0.0054	0.0155	-0.4362	0.8997	308.28	1.33	1.33
2026-06-22T15:11:51.4379006+08:00	0x08	0.0475	-0.0110	0.2334	0.9712	27.03	0.04	5.59
2026-06-22T15:11:51.4379006+08:00	0x03	-0.3292	0.4150	0.7636	0.3693	142.80	335.89	298.73
2026-06-22T15:11:51.4379006+08:00	0x07	0.0071	-0.0331	-0.2977	0.9541	325.35	356.14	359.65
2026-06-22T15:11:51.4379006+08:00	0x02	-0.0960	0.4437	-0.8843	-0.1095	169.44	7.03	53.67
2026-06-22T15:11:51.4379006+08:00	0x09	0.0770	0.0011	-0.0220	0.9968	357.47	359.93	8.83
2026-06-22T15:11:51.4379006+08:00	0x07	0.0071	-0.0331	-0.2977	0.9541	325.35	356.14	359.65
2026-06-22T15:11:51.4379006+08:00	0x08	0.0475	-0.0110	0.2334	0.9712	27.03	0.04	5.59
2026-06-22T15:11:51.4379006+08:00	0x06	0.0054	0.0155	-0.4362	0.8997	308.28	1.33	1.33
2026-06-22T15:11:51.4379006+08:00	0x09	0.0770	0.0011	-0.0220	0.9968	357.47	359.93	8.83
2026-06-22T15:11:51.4379006+08:00	0x08	0.0475	-0.0110	0.2334	0.9712	27.03	0.04	5.59
2026-06-22T15:11:51.4379006+08:00	0x03	-0.2466	0.4730	0.7606	0.3701	130.19	356.69	295.58
2026-06-22T15:11:51.4379006+08:00	0x07	0.0071	-0.0331	-0.2977	0.9541	325.35	356.14	359.65
2026-06-22T15:11:51.4379006+08:00	0x02	-0.0715	0.5212	-0.8097	-0.2602	132.82	340.81	61.78
2026-06-22T15:11:51.4379006+08:00	0x09	0.0770	0.0011	-0.0220	0.9968	357.47	359.93	8.83
2026-06-22T15:11:51.4379006+08:00	0x08	0.0475	-0.0110	0.2334	0.9712	27.03	0.04	5.58
2026-06-22T15:11:51.4379006+08:00	0x04	-0.3530	0.1082	0.5147	-0.7738	284.21	323.87	25.78
2026-06-22T15:11:51.4379006+08:00	0x07	0.0071	-0.0331	-0.2977	0.9541	325.35	356.14	359.65
2026-06-22T15:11:51.4379006+08:00	0x06	0.0054	0.0155	-0.4362	0.8997	308.28	1.33	1.33
2026-06-22T15:11:51.4389000+08:00	0x02	-0.0709	0.4890	-0.8019	-0.3358	122.26	337.24	56.30
2026-06-22T15:11:51.4389000+08:00	0x09	0.0770	0.0011	-0.0220	0.9968	357.47	359.93	8.83
2026-06-22T15:11:51.4389000+08:00	0x08	0.0475	-0.0110	0.2334	0.9712	27.03	0.04	5.58
2026-06-22T15:11:51.4389000+08:00	0x02	-0.0627	0.5284	-0.7688	-0.3546	111.64	327.30	58.98
2026-06-22T15:11:51.4389000+08:00	0x06	0.0054	0.0155	-0.4362	0.8997	308.28	1.33	1.33
2026-06-22T15:11:51.4389000+08:00	0x01	0.3173	0.4931	-0.6756	0.4470	248.58	2.21	71.79
2026-06-22T15:11:51.4389000+08:00	0x09	0.0770	0.0011	-0.0220	0.9968	357.47	359.93	8.83
2026-06-22T15:11:51.4389000+08:00	0x08	0.0475	-0.0110	0.2334	0.9712	27.03	0.04	5.58
2026-06-22T15:11:51.4389000+08:00	0x07	0.0070	-0.0331	-0.2977	0.9541	325.35	356.14	359.64
2026-06-22T15:11:51.4389000+08:00	0x02	-0.0927	0.5657	-0.7778	-0.2578	127.47	336.72	68.09
2026-06-22T15:11:51.4389000+08:00	0x06	0.0054	0.0155	-0.4362	0.8997	308.28	1.33	1.33
2026-06-22T15:11:51.4389000+08:00	0x01	0.2967	0.5226	-0.6096	0.5169	284.15	32.75	70.72
2026-06-22T15:11:51.4389000+08:00	0x09	0.0770	0.0011	-0.0220	0.9968	357.47	359.93	8.83
2026-06-22T15:11:51.4389000+08:00	0x03	-0.3429	0.3264	0.7042	0.5291	113.54	345.99	304.66
2026-06-22T15:11:51.4389000+08:00	0x04	-0.4783	0.2356	0.4651	-0.7067	277.09	299.01	27.18
2026-06-22T15:11:51.4389000+08:00	0x07	0.0071	-0.0331	-0.2977	0.9541	325.35	356.14	359.65
2026-06-22T15:11:51.4389000+08:00	0x02	-0.1076	0.5793	-0.7847	-0.1926	145.10	349.92	71.91
2026-06-22T15:11:51.4389000+08:00	0x01	0.2904	0.5480	-0.6218	0.4783	281.87	35.25	73.59
2026-06-22T15:11:51.4389000+08:00	0x09	0.0770	0.0011	-0.0220	0.9968	357.47	359.93	8.83
2026-06-22T15:11:51.4389000+08:00	0x08	0.0475	-0.0110	0.2334	0.9712	27.03	0.04	5.58
2026-06-22T15:11:51.4389000+08:00	0x07	0.0070	-0.0331	-0.2977	0.9541	325.35	356.14	359.64
2026-06-22T15:11:51.4389000+08:00	0x03	-0.3822	0.2877	0.7020	0.5277	118.05	336.76	306.17
2026-06-22T15:11:51.4389000+08:00	0x02	-0.0629	0.5814	-0.7846	-0.2059	133.73	336.00	69.76
2026-06-22T15:11:51.4389000+08:00	0x09	0.0770	0.0011	-0.0220	0.9968	357.47	359.93	8.83
2026-06-22T15:11:51.4389000+08:00	0x03	-0.4156	0.2966	0.7133	0.4802	129.62	327.23	304.70
2026-06-22T15:11:51.4389000+08:00	0x07	0.0070	-0.0331	-0.2977	0.9541	325.35	356.14	359.64
2026-06-22T15:11:51.4389000+08:00	0x04	-0.5301	0.2971	0.4475	-0.6561	272.38	286.83	25.44
2026-06-22T15:11:51.4389000+08:00	0x02	-0.1594	0.4846	-0.8601	-0.0067	195.09	29.17	56.68
2026-06-22T15:11:51.4389000+08:00	0x01	0.2906	0.5473	-0.6215	0.4794	281.93	35.18	73.50
2026-06-22T15:11:51.4389000+08:00	0x09	0.0770	0.0011	-0.0220	0.9968	357.47	359.93	8.84
2026-06-22T15:11:51.4389000+08:00	0x03	-0.4536	0.2904	0.6759	0.5031	127.95	322.62	301.91
2026-06-22T15:11:51.4389000+08:00	0x04	-0.5615	0.2848	0.4511	-0.6326	267.59	283.44	26.96
2026-06-22T15:11:51.4389000+08:00	0x02	-0.1469	0.4453	-0.8798	0.0776	204.33	30.32	49.53
2026-06-22T15:11:51.4389000+08:00	0x01	0.1869	0.5041	-0.5444	0.6439	303.35	46.57	52.14
2026-06-22T15:11:51.4389000+08:00	0x09	0.0770	0.0011	-0.0220	0.9968	357.47	359.93	8.84
2026-06-22T15:11:51.4389000+08:00	0x03	-0.4661	0.2804	0.6642	0.5128	127.04	320.92	301.73
2026-06-22T15:11:51.4389000+08:00	0x04	-0.5695	0.2714	0.4495	-0.6324	266.57	283.42	28.44
2026-06-22T15:11:51.4389000+08:00	0x07	0.0070	-0.0331	-0.2977	0.9541	325.35	356.14	359.64
2026-06-22T15:11:51.4389000+08:00	0x06	0.0054	0.0155	-0.4362	0.8997	308.28	1.32	1.33
2026-06-22T15:11:51.4389000+08:00	0x02	-0.1577	0.3841	-0.9033	0.1076	204.84	29.29	41.30
2026-06-22T15:11:51.4389000+08:00	0x01	0.2053	0.4948	-0.4832	0.6925	313.91	48.81	49.68
2026-06-22T15:11:51.4389000+08:00	0x09	0.0770	0.0011	-0.0220	0.9968	357.47	359.93	8.84
2026-06-22T15:11:51.4389000+08:00	0x03	-0.4622	0.2740	0.6671	0.5161	126.08	321.70	302.59
2026-06-22T15:11:51.4389000+08:00	0x04	-0.5571	0.2984	0.4724	-0.6144	265.80	282.70	23.73
2026-06-22T15:11:51.4389000+08:00	0x07	0.0070	-0.0331	-0.2977	0.9541	325.35	356.14	359.64
2026-06-22T15:11:51.4398963+08:00	0x06	0.0054	0.0155	-0.4362	0.8997	308.28	1.33	1.33
2026-06-22T15:11:51.4398963+08:00	0x02	-0.0655	0.3782	-0.9213	0.0625	193.13	13.39	43.52
2026-06-22T15:11:51.4398963+08:00	0x01	0.1308	0.4179	-0.5583	0.7047	296.82	35.69	40.61
2026-06-22T15:11:51.4398963+08:00	0x03	-0.4630	0.2893	0.6589	0.5175	125.65	322.43	300.64
2026-06-22T15:11:51.4398963+08:00	0x09	0.0770	0.0011	-0.0220	0.9968	357.47	359.93	8.84
2026-06-22T15:11:51.4398963+08:00	0x07	0.0070	-0.0331	-0.2977	0.9541	325.35	356.14	359.64
2026-06-22T15:11:51.4398963+08:00	0x08	0.0475	-0.0110	0.2334	0.9712	27.03	0.04	5.59
2026-06-22T15:11:51.4398963+08:00	0x02	-0.0790	0.3530	-0.9193	0.1553	205.91	19.04	38.65
2026-06-22T15:11:51.4398963+08:00	0x04	-0.5525	0.3164	0.4767	-0.6061	265.99	281.74	21.60
2026-06-22T15:11:51.4398963+08:00	0x09	0.0770	0.0011	-0.0220	0.9968	357.47	359.93	8.84
2026-06-22T15:11:51.4398963+08:00	0x08	0.0475	-0.0110	0.2334	0.9712	27.03	0.04	5.59
2026-06-22T15:11:51.4398963+08:00	0x07	0.0071	-0.0331	-0.2977	0.9541	325.35	356.14	359.65
2026-06-22T15:11:51.4398963+08:00	0x03	-0.4620	0.2836	0.6671	0.5110	127.05	321.62	301.74
2026-06-22T15:11:51.4398963+08:00	0x04	-0.5435	0.2967	0.4871	-0.6159	265.95	284.60	22.36
2026-06-22T15:11:51.4398963+08:00	0x02	-0.0714	0.3578	-0.9162	0.1654	207.20	18.75	39.21
2026-06-22T15:11:51.4398963+08:00	0x01	0.1118	0.4199	-0.5041	0.7464	305.33	39.56	36.17
2026-06-22T15:11:51.4398963+08:00	0x09	0.0770	0.0011	-0.0220	0.9968	357.47	359.93	8.83
2026-06-22T15:11:51.4398963+08:00	0x08	0.0475	-0.0110	0.2334	0.9712	27.03	0.04	5.58
2026-06-22T15:11:51.4398963+08:00	0x04	-0.5462	0.2940	0.4861	-0.6156	265.69	284.47	22.75
2026-06-22T15:11:51.4398963+08:00	0x07	0.0071	-0.0331	-0.2977	0.9541	325.35	356.14	359.65
2026-06-22T15:11:51.4398963+08:00	0x02	-0.0906	0.3498	-0.9208	0.1466	205.08	20.03	38.14
2026-06-22T15:11:51.4398963+08:00	0x06	0.0054	0.0155	-0.4362	0.8997	308.28	1.33	1.33
2026-06-22T15:11:51.4398963+08:00	0x08	0.0475	-0.0110	0.2334	0.9712	27.03	0.04	5.58
2026-06-22T15:11:51.4398963+08:00	0x07	0.0071	-0.0331	-0.2977	0.9541	325.35	356.14	359.65
2026-06-22T15:11:51.4398963+08:00	0x03	-0.4584	0.2825	0.6788	0.4993	129.22	321.00	302.72
2026-06-22T15:11:51.4404068+08:00	0x04	-0.5436	0.3027	0.4874	-0.6127	265.93	284.07	21.78
2026-06-22T15:11:51.4404068+08:00	0x06	0.0054	0.0155	-0.4362	0.8997	308.28	1.33	1.33
2026-06-22T15:11:51.4404068+08:00	0x09	0.0770	0.0011	-0.0220	0.9968	357.47	359.93	8.84
2026-06-22T15:11:51.4404068+08:00	0x08	0.0475	-0.0110	0.2334	0.9712	27.03	0.04	5.58
2026-06-22T15:11:51.4404068+08:00	0x03	-0.4612	0.2934	0.6796	0.4893	131.51	319.82	301.78
2026-06-22T15:11:51.4404068+08:00	0x04	-0.5378	0.3186	0.4876	-0.6095	266.70	283.47	20.17
2026-06-22T15:11:51.4404068+08:00	0x06	0.0054	0.0155	-0.4362	0.8997	308.28	1.32	1.33
2026-06-22T15:11:51.4404068+08:00	0x02	-0.1265	0.3930	-0.8606	0.2982	230.04	34.44	36.94
2026-06-22T15:11:51.4404068+08:00	0x09	0.0770	0.0011	-0.0220	0.9968	357.47	359.93	8.84
2026-06-22T15:11:51.4404068+08:00	0x07	0.0071	-0.0331	-0.2977	0.9541	325.35	356.14	359.65
2026-06-22T15:11:51.4404068+08:00	0x08	0.0475	-0.0110	0.2334	0.9712	27.03	0.04	5.58
2026-06-22T15:11:51.4404068+08:00	0x01	0.0931	0.4330	-0.5181	0.7318	303.35	41.48	35.79
2026-06-22T15:11:51.4404068+08:00	0x03	-0.4599	0.3006	0.6744	0.4932	130.55	320.75	300.78
2026-06-22T15:11:51.4404068+08:00	0x04	-0.5368	0.3257	0.4893	-0.6052	266.64	282.95	19.33
2026-06-22T15:11:51.4404068+08:00	0x02	-0.1269	0.5077	-0.7900	0.3194	246.12	49.25	46.15
2026-06-22T15:11:51.4404068+08:00	0x06	0.0054	0.0155	-0.4362	0.8997	308.28	1.33	1.33
2026-06-22T15:11:51.4404068+08:00	0x09	0.0770	0.0011	-0.0220	0.9968	357.47	359.93	8.84
2026-06-22T15:11:51.4404068+08:00	0x03	-0.4560	0.2890	0.6686	0.5114	126.41	323.00	301.48
2026-06-22T15:11:51.4404068+08:00	0x02	0.0509	0.5293	-0.8198	-0.2126	130.95	324.62	57.80
2026-06-22T15:11:51.4404068+08:00	0x01	0.2686	0.4710	-0.6854	0.4861	258.52	12.26	65.06
2026-06-22T15:11:51.4404068+08:00	0x09	0.0770	0.0011	-0.0220	0.9968	357.47	359.93	8.84
2026-06-22T15:11:51.4404068+08:00	0x07	0.0071	-0.0331	-0.2977	0.9541	325.35	356.14	359.65
2026-06-22T15:11:51.4404068+08:00	0x04	-0.5507	0.3425	0.4910	-0.5817	264.66	279.60	17.72
2026-06-22T15:11:51.4404068+08:00	0x02	0.1153	0.4093	-0.9050	0.0101	173.46	342.57	48.00
2026-06-22T15:11:51.4404068+08:00	0x06	0.0054	0.0155	-0.4362	0.8997	308.28	1.32	1.33
2026-06-22T15:11:51.4404068+08:00	0x09	0.0770	0.0011	-0.0220	0.9968	357.47	359.93	8.83
2026-06-22T15:11:51.4404068+08:00	0x07	0.0071	-0.0331	-0.2977	0.9541	325.35	356.14	359.65
2026-06-22T15:11:51.4404068+08:00	0x03	-0.4727	0.3482	0.6385	0.4976	130.58	320.38	293.78
2026-06-22T15:11:51.4404068+08:00	0x04	-0.5514	0.3894	0.4510	-0.5838	269.10	275.31	17.02
2026-06-22T15:11:51.4404068+08:00	0x02	0.1322	0.4131	-0.8919	0.1280	190.78	348.23	50.42
2026-06-22T15:11:51.4404068+08:00	0x06	0.0054	0.0155	-0.4362	0.8997	308.28	1.33	1.33
2026-06-22T15:11:51.4409151+08:00	0x09	0.0770	0.0011	-0.0220	0.9968	357.47	359.93	8.84
2026-06-22T15:11:51.4409151+08:00	0x03	-0.4714	0.3820	0.6267	0.4891	132.26	320.54	289.98
2026-06-22T15:11:51.4409151+08:00	0x04	-0.5352	0.4082	0.4626	-0.5770	269.95	275.55	13.89
2026-06-22T15:11:51.4409151+08:00	0x02	0.0555	0.4700	-0.8790	0.0577	185.11	355.52	56.37
2026-06-22T15:11:51.4409151+08:00	0x06	0.0054	0.0155	-0.4362	0.8997	308.28	1.33	1.33
2026-06-22T15:11:51.4409151+08:00	0x09	0.0770	0.0011	-0.0220	0.9968	357.47	359.93	8.84
2026-06-22T15:11:51.4409151+08:00	0x07	0.0071	-0.0331	-0.2977	0.9541	325.35	356.14	359.65
2026-06-22T15:11:51.4409151+08:00	0x03	-0.3908	0.3990	0.6190	0.5522	100.92	353.46	292.25
2026-06-22T15:11:51.4409151+08:00	0x04	-0.5357	0.4076	0.4622	-0.5772	269.93	275.54	13.98
2026-06-22T15:11:51.4409151+08:00	0x06	0.0054	0.0155	-0.4362	0.8997	308.28	1.32	1.33
2026-06-22T15:11:51.4409151+08:00	0x09	0.0770	0.0011	-0.0220	0.9968	357.47	359.93	8.84
2026-06-22T15:11:51.4409151+08:00	0x03	-0.1716	0.4524	0.6507	0.5852	81.16	29.93	307.85
2026-06-22T15:11:51.4409151+08:00	0x04	-0.3002	0.2582	0.7776	-0.4884	246.93	313.66	353.79
2026-06-22T15:11:51.4409151+08:00	0x02	-0.0605	0.5783	-0.7946	0.1750	232.19	42.66	63.87
2026-06-22T15:11:51.4409151+08:00	0x01	0.2909	0.4906	-0.7631	0.3039	208.10	337.35	67.75
2026-06-22T15:11:51.4409151+08:00	0x08	0.0475	-0.0110	0.2334	0.9712	27.03	0.04	5.58
2026-06-22T15:11:51.4409151+08:00	0x07	0.0071	-0.0331	-0.2977	0.9541	325.35	356.14	359.65
2026-06-22T15:11:51.4409151+08:00	0x04	-0.2767	0.1802	0.7310	-0.5972	257.16	321.60	3.84
2026-06-22T15:11:51.4409151+08:00	0x02	-0.0933	0.5938	-0.7898	0.1219	228.85	46.48	66.25
2026-06-22T15:11:51.4409151+08:00	0x06	0.0054	0.0155	-0.4362	0.8997	308.28	1.33	1.33
2026-06-22T15:11:51.4409151+08:00	0x01	0.3542	0.4696	-0.7371	0.3328	205.06	325.75	68.12
2026-06-22T15:11:51.4409151+08:00	0x07	0.0071	-0.0331	-0.2977	0.9541	325.35	356.14	359.65
2026-06-22T15:11:51.4409151+08:00	0x03	-0.2280	0.4333	0.6423	0.5897	82.78	22.74	304.36
2026-06-22T15:11:51.4409151+08:00	0x04	-0.2718	0.1336	0.6648	-0.6829	268.16	326.34	11.16
2026-06-22T15:11:51.4409151+08:00	0x02	-0.0854	0.6135	-0.7786	0.1003	228.96	47.74	69.76
2026-06-22T15:11:51.4409151+08:00	0x01	0.3534	0.4626	-0.7464	0.3224	202.95	324.54	66.71
2026-06-22T15:11:51.4409151+08:00	0x09	0.0770	0.0011	-0.0220	0.9968	357.47	359.93	8.83
2026-06-22T15:11:51.4409151+08:00	0x07	0.0071	-0.0331	-0.2977	0.9541	325.35	356.14	359.65
2026-06-22T15:11:51.4409151+08:00	0x03	-0.2193	0.4414	0.6470	0.5818	83.20	24.09	304.28
2026-06-22T15:11:51.4409151+08:00	0x04	-0.2720	0.1116	0.6132	-0.7332	275.95	328.99	15.19
2026-06-22T15:11:51.4409151+08:00	0x02	-0.0933	0.6150	-0.7756	0.1068	231.81	50.70	69.09
2026-06-22T15:11:51.4414277+08:00	0x09	0.0770	0.0011	-0.0220	0.9968	357.47	359.93	8.83
2026-06-22T15:11:51.4414277+08:00	0x08	0.0475	-0.0110	0.2334	0.9712	27.03	0.05	5.58
2026-06-22T15:11:51.4414277+08:00	0x07	0.0071	-0.0331	-0.2977	0.9541	325.35	356.14	359.65
2026-06-22T15:11:51.4414277+08:00	0x01	0.3530	0.4611	-0.7502	0.3160	201.62	323.79	66.21
2026-06-22T15:11:51.4414277+08:00	0x06	0.0054	0.0155	-0.4362	0.8997	308.28	1.33	1.33
2026-06-22T15:11:51.4414277+08:00	0x02	-0.1003	0.6142	-0.7750	0.1100	233.00	52.20	68.43
2026-06-22T15:11:51.4414277+08:00	0x01	0.3534	0.4601	-0.7513	0.3147	201.30	323.54	66.02
2026-06-22T15:11:51.4414277+08:00	0x08	0.0475	-0.0110	0.2334	0.9712	27.03	0.05	5.58
2026-06-22T15:11:51.4414277+08:00	0x09	0.0770	0.0011	-0.0220	0.9968	357.47	359.93	8.83
2026-06-22T15:11:51.4414277+08:00	0x03	-0.2167	0.4462	0.6403	0.5865	81.21	25.84	304.35
2026-06-22T15:11:51.4414277+08:00	0x06	0.0054	0.0155	-0.4362	0.8997	308.28	1.33	1.33
2026-06-22T15:11:51.4414277+08:00	0x07	0.0071	-0.0331	-0.2977	0.9541	325.35	356.14	359.65
2026-06-22T15:11:51.4414277+08:00	0x02	-0.1012	0.6141	-0.7748	0.1112	233.30	52.48	68.29
2026-06-22T15:11:51.4414277+08:00	0x01	0.3547	0.4582	-0.7529	0.3120	200.60	322.93	65.69
2026-06-22T15:11:51.4414277+08:00	0x09	0.0770	0.0011	-0.0220	0.9968	357.47	359.93	8.83
2026-06-22T15:11:51.4414277+08:00	0x08	0.0475	-0.0110	0.2334	0.9712	27.03	0.04	5.58
2026-06-22T15:11:51.4414277+08:00	0x03	-0.2157	0.4464	0.6389	0.5882	80.80	26.15	304.49
2026-06-22T15:11:51.4414277+08:00	0x06	0.0054	0.0155	-0.4362	0.8997	308.28	1.33	1.33
2026-06-22T15:11:51.4414277+08:00	0x01	0.3562	0.4598	-0.7511	0.3123	200.34	322.53	65.96
2026-06-22T15:11:51.4414277+08:00	0x09	0.0770	0.0011	-0.0220	0.9968	357.47	359.93	8.83
2026-06-22T15:11:51.4414277+08:00	0x08	0.0475	-0.0110	0.2334	0.9712	27.03	0.04	5.58
2026-06-22T15:11:51.4414277+08:00	0x07	0.0071	-0.0331	-0.2977	0.9541	325.35	356.14	359.65
2026-06-22T15:11:51.4414277+08:00	0x03	-0.2157	0.4473	0.6364	0.5903	80.15	26.57	304.52
2026-06-22T15:11:51.4414277+08:00	0x04	-0.2804	0.0785	0.4891	-0.8222	293.24	334.09	22.60
2026-06-22T15:11:51.4414277+08:00	0x06	0.0054	0.0155	-0.4362	0.8997	308.28	1.33	1.33
2026-06-22T15:11:51.4414277+08:00	0x02	-0.0986	0.6135	-0.7748	0.1164	233.85	52.38	68.09
2026-06-22T15:11:51.4414277+08:00	0x01	0.3567	0.4566	-0.7547	0.3079	199.45	321.95	65.33
2026-06-22T15:11:51.4414277+08:00	0x09	0.0770	0.0011	-0.0220	0.9968	357.47	359.93	8.84
2026-06-22T15:11:51.4414277+08:00	0x07	0.0070	-0.0331	-0.2977	0.9541	325.35	356.14	359.64
2026-06-22T15:11:51.4414277+08:00	0x03	-0.2140	0.4470	0.6372	0.5902	80.25	26.62	304.68
2026-06-22T15:11:51.4414277+08:00	0x06	0.0054	0.0155	-0.4362	0.8997	308.28	1.33	1.33
2026-06-22T15:11:51.4414277+08:00	0x02	-0.0965	0.6198	-0.7705	0.1137	235.06	53.65	68.92
2026-06-22T15:11:51.4414277+08:00	0x01	0.3563	0.4549	-0.7565	0.3064	199.28	321.93	65.04
2026-06-22T15:11:51.4414277+08:00	0x08	0.0475	-0.0110	0.2334	0.9712	27.03	0.04	5.58
2026-06-22T15:11:51.4414277+08:00	0x03	-0.2142	0.4466	0.6372	0.5904	80.28	26.54	304.71
2026-06-22T15:11:51.4414277+08:00	0x04	-0.2797	0.0737	0.4661	-0.8361	296.49	335.24	23.52
2026-06-22T15:11:51.4414277+08:00	0x02	-0.0983	0.6189	-0.7708	0.1146	235.16	53.82	68.68
2026-06-22T15:11:51.4414277+08:00	0x09	0.0770	0.0011	-0.0220	0.9968	357.47	359.93	8.83
2026-06-22T15:11:51.4414277+08:00	0x08	0.0475	-0.0110	0.2334	0.9712	27.03	0.04	5.58
2026-06-22T15:11:51.4414277+08:00	0x07	0.0071	-0.0331	-0.2977	0.9541	325.35	356.14	359.65
2026-06-22T15:11:51.4414277+08:00	0x03	-0.2135	0.4468	0.6368	0.5910	80.12	26.70	304.78
2026-06-22T15:11:51.4414277+08:00	0x06	0.0054	0.0155	-0.4362	0.8997	308.28	1.33	1.34
2026-06-22T15:11:51.4414277+08:00	0x04	-0.2801	0.0715	0.4600	-0.8396	297.33	335.60	23.86
2026-06-22T15:11:51.4414277+08:00	0x02	-0.1013	0.6105	-0.7771	0.1148	232.92	51.81	67.75
2026-06-22T15:11:51.4414277+08:00	0x09	0.0770	0.0011	-0.0220	0.9968	357.47	359.93	8.83
2026-06-22T15:11:51.4414277+08:00	0x08	0.0475	-0.0110	0.2334	0.9712	27.03	0.04	5.58
2026-06-22T15:11:51.4414277+08:00	0x01	0.3571	0.4583	-0.7540	0.3066	199.00	321.60	65.51
2026-06-22T15:11:51.4414277+08:00	0x07	0.0070	-0.0331	-0.2977	0.9541	325.35	356.14	359.64
2026-06-22T15:11:51.4414277+08:00	0x03	-0.2143	0.4469	0.6346	0.5929	79.64	26.89	304.78
2026-06-22T15:11:51.4414277+08:00	0x06	0.0054	0.0155	-0.4362	0.8997	308.28	1.33	1.33
2026-06-22T15:11:51.4414277+08:00	0x02	-0.0963	0.6093	-0.7784	0.1163	232.34	50.69	67.85
2026-06-22T15:11:51.4414277+08:00	0x01	0.3586	0.4562	-0.7533	0.3093	199.49	321.67	65.41
2026-06-22T15:11:51.4414277+08:00	0x08	0.0475	-0.0110	0.2334	0.9712	27.03	0.04	5.58
2026-06-22T15:11:51.4414277+08:00	0x07	0.0070	-0.0331	-0.2977	0.9541	325.35	356.14	359.64
2026-06-22T15:11:51.4414277+08:00	0x03	-0.2147	0.4472	0.6330	0.5943	79.25	27.09	304.78
2026-06-22T15:11:51.4424205+08:00	0x06	0.0054	0.0155	-0.4362	0.8997	308.28	1.32	1.33
2026-06-22T15:11:51.4424205+08:00	0x02	-0.0976	0.6096	-0.7784	0.1138	232.06	50.72	67.95
2026-06-22T15:11:51.4424205+08:00	0x09	0.0770	0.0011	-0.0220	0.9968	357.47	359.93	8.83
2026-06-22T15:11:51.4424205+08:00	0x08	0.0475	-0.0110	0.2334	0.9712	27.03	0.04	5.58
2026-06-22T15:11:51.4424205+08:00	0x07	0.0071	-0.0331	-0.2977	0.9541	325.35	356.14	359.65
2026-06-22T15:11:51.4424205+08:00	0x03	-0.2140	0.4460	0.6339	0.5945	79.46	26.90	304.93
2026-06-22T15:11:51.4424205+08:00	0x06	0.0054	0.0155	-0.4362	0.8997	308.28	1.33	1.33
2026-06-22T15:11:51.4424205+08:00	0x04	-0.2905	0.0724	0.4469	-0.8430	298.49	335.05	25.16
2026-06-22T15:11:51.4424205+08:00	0x02	-0.0992	0.6093	-0.7786	0.1129	231.96	50.84	67.87
2026-06-22T15:11:51.4424205+08:00	0x09	0.0770	0.0011	-0.0220	0.9968	357.47	359.93	8.83
2026-06-22T15:11:51.4424205+08:00	0x08	0.0475	-0.0110	0.2334	0.9712	27.03	0.04	5.58
2026-06-22T15:11:51.4424205+08:00	0x07	0.0071	-0.0331	-0.2977	0.9541	325.35	356.14	359.65
2026-06-22T15:11:51.4424205+08:00	0x03	-0.2134	0.4460	0.6360	0.5925	79.94	26.70	304.90
2026-06-22T15:11:51.4424205+08:00	0x04	-0.2885	0.0696	0.4452	-0.8448	298.88	335.56	25.18
2026-06-22T15:11:51.4424205+08:00	0x02	-0.0981	0.6096	-0.7787	0.1117	231.70	50.57	68.03
2026-06-22T15:11:51.4424205+08:00	0x08	0.0475	-0.0110	0.2334	0.9712	27.03	0.04	5.59
2026-06-22T15:11:51.4424205+08:00	0x07	0.0070	-0.0331	-0.2977	0.9541	325.35	356.14	359.64
2026-06-22T15:11:51.4424205+08:00	0x03	-0.2149	0.4448	0.6343	0.5947	79.64	26.60	304.94
2026-06-22T15:11:51.4424205+08:00	0x06	0.0054	0.0155	-0.4362	0.8997	308.28	1.33	1.33
2026-06-22T15:11:51.4424205+08:00	0x09	0.0770	0.0011	-0.0220	0.9968	357.47	359.93	8.83
2026-06-22T15:11:51.4424205+08:00	0x02	-0.0970	0.6128	-0.7764	0.1104	232.29	51.18	68.47
2026-06-22T15:11:51.4424205+08:00	0x07	0.0071	-0.0331	-0.2977	0.9541	325.35	356.14	359.65
2026-06-22T15:11:51.4424205+08:00	0x03	-0.2122	0.4479	0.6379	0.5894	80.30	26.83	304.76
2026-06-22T15:11:51.4424205+08:00	0x06	0.0054	0.0155	-0.4362	0.8997	308.28	1.33	1.33
2026-06-22T15:11:51.4424205+08:00	0x01	0.3595	0.4465	-0.7585	0.3100	200.05	321.93	64.19
2026-06-22T15:11:51.4424205+08:00	0x09	0.0770	0.0011	-0.0220	0.9968	357.47	359.93	8.83
2026-06-22T15:11:51.4424205+08:00	0x07	0.0071	-0.0331	-0.2977	0.9541	325.35	356.14	359.65
2026-06-22T15:11:51.4424205+08:00	0x03	-0.2088	0.4532	0.6422	0.5819	81.05	27.30	304.40
2026-06-22T15:11:51.4424205+08:00	0x06	0.0054	0.0155	-0.4362	0.8997	308.28	1.33	1.33
2026-06-22T15:11:51.4424205+08:00	0x02	-0.0946	0.6044	-0.7830	0.1127	230.00	48.51	67.68
2026-06-22T15:11:51.4424205+08:00	0x09	0.0770	0.0011	-0.0220	0.9968	357.47	359.93	8.84
2026-06-22T15:11:51.4424205+08:00	0x08	0.0475	-0.0110	0.2334	0.9712	27.03	0.04	5.58
2026-06-22T15:11:51.4424205+08:00	0x07	0.0071	-0.0331	-0.2977	0.9541	325.35	356.14	359.65
2026-06-22T15:11:51.4424205+08:00	0x03	-0.2111	0.4497	0.6412	0.5848	81.02	26.75	304.55
2026-06-22T15:11:51.4424205+08:00	0x06	0.0054	0.0155	-0.4362	0.8997	308.28	1.33	1.33
2026-06-22T15:11:51.4424205+08:00	0x02	-0.0831	0.5953	-0.7910	0.1138	226.45	43.91	67.36
2026-06-22T15:11:51.4424205+08:00	0x01	0.3693	0.4308	-0.7639	0.3075	199.02	319.96	62.27
2026-06-22T15:11:51.4424205+08:00	0x09	0.0770	0.0011	-0.0220	0.9968	357.47	359.93	8.84
2026-06-22T15:11:51.4424205+08:00	0x07	0.0071	-0.0331	-0.2977	0.9541	325.35	356.14	359.65
2026-06-22T15:11:51.4424205+08:00	0x03	-0.2101	0.4532	0.6433	0.5802	81.42	27.02	304.22
2026-06-22T15:11:51.4424205+08:00	0x06	0.0054	0.0155	-0.4362	0.8997	308.28	1.33	1.33
2026-06-22T15:11:51.4424205+08:00	0x02	-0.0844	0.5959	-0.7899	0.1174	227.50	44.77	67.16
2026-06-22T15:11:51.4424205+08:00	0x09	0.0770	0.0011	-0.0220	0.9968	357.47	359.93	8.84
2026-06-22T15:11:51.4424205+08:00	0x08	0.0475	-0.0110	0.2334	0.9712	27.03	0.04	5.58
2026-06-22T15:11:51.4424205+08:00	0x07	0.0071	-0.0331	-0.2977	0.9541	325.35	356.14	359.65
2026-06-22T15:11:51.4424205+08:00	0x01	0.3657	0.4274	-0.7649	0.3140	200.98	321.60	62.06
2026-06-22T15:11:51.4424205+08:00	0x06	0.0054	0.0155	-0.4362	0.8997	308.28	1.33	1.33
2026-06-22T15:11:51.4424205+08:00	0x03	-0.1981	0.4692	0.6511	0.5627	82.32	29.32	303.49
2026-06-22T15:11:51.4424205+08:00	0x04	-0.3234	0.0902	0.4292	-0.8385	298.50	331.03	27.71
2026-06-22T15:11:51.4424205+08:00	0x02	-0.0318	0.5598	-0.8038	0.1991	230.41	36.43	62.52
2026-06-22T15:11:51.4424205+08:00	0x09	0.0770	0.0011	-0.0220	0.9968	357.47	359.93	8.83
2026-06-22T15:11:51.4424205+08:00	0x01	0.3314	0.4174	-0.8057	0.2585	195.11	323.62	57.56
2026-06-22T15:11:51.4424205+08:00	0x03	-0.1805	0.5066	0.6896	0.4850	91.91	29.92	299.10
2026-06-22T15:11:51.4424205+08:00	0x06	0.0054	0.0155	-0.4362	0.8997	308.28	1.33	1.33
2026-06-22T15:11:51.4424205+08:00	0x07	0.0071	-0.0331	-0.2977	0.9541	325.35	356.14	359.65
2026-06-22T15:11:51.4424205+08:00	0x04	-0.3371	0.0967	0.4242	-0.8349	298.09	329.31	28.74
2026-06-22T15:11:51.4424205+08:00	0x08	0.0475	-0.0110	0.2334	0.9712	27.03	0.04	5.58
2026-06-22T15:11:51.4424205+08:00	0x09	0.0770	0.0011	-0.0220	0.9968	357.47	359.93	8.83
2026-06-22T15:11:51.4424205+08:00	0x07	0.0071	-0.0331	-0.2977	0.9541	325.35	356.14	359.65
2026-06-22T15:11:51.4434177+08:00	0x03	-0.1764	0.4969	0.6954	0.4882	93.34	28.39	300.30
2026-06-22T15:11:51.4434177+08:00	0x06	0.0054	0.0155	-0.4362	0.8997	308.28	1.33	1.33
2026-06-22T15:11:51.4434177+08:00	0x04	-0.3588	0.0719	0.4537	-0.8126	292.75	328.86	31.19
2026-06-22T15:11:51.4434177+08:00	0x02	0.0449	0.5073	-0.8121	0.2848	232.24	24.18	58.15
2026-06-22T15:11:51.4434177+08:00	0x09	0.0770	0.0011	-0.0220	0.9968	357.47	359.93	8.83
2026-06-22T15:11:51.4434177+08:00	0x01	0.2840	0.3985	-0.8573	0.1600	184.34	325.39	50.72
2026-06-22T15:11:51.4434177+08:00	0x08	0.0475	-0.0110	0.2334	0.9712	27.03	0.04	5.58
2026-06-22T15:11:51.4434177+08:00	0x07	0.0071	-0.0331	-0.2977	0.9541	325.35	356.14	359.64
2026-06-22T15:11:51.4434177+08:00	0x03	-0.1585	0.4952	0.7502	0.4084	111.10	19.95	299.25
2026-06-22T15:11:51.4434177+08:00	0x06	0.0054	0.0155	-0.4362	0.8997	308.28	1.33	1.33
2026-06-22T15:11:51.4434177+08:00	0x04	-0.3498	0.0231	0.4890	-0.7988	289.17	333.33	32.43
2026-06-22T15:11:51.4434177+08:00	0x02	0.0501	0.5032	-0.8120	0.2914	232.56	23.45	57.82
2026-06-22T15:11:51.4434177+08:00	0x01	0.2879	0.3920	-0.8626	0.1390	181.24	323.66	49.14
2026-06-22T15:11:51.4434177+08:00	0x08	0.0475	-0.0110	0.2334	0.9712	27.03	0.04	5.58
2026-06-22T15:11:51.4434177+08:00	0x07	0.0071	-0.0331	-0.2977	0.9541	325.35	356.14	359.64
2026-06-22T15:11:51.4434177+08:00	0x09	0.0770	0.0011	-0.0220	0.9968	357.47	359.93	8.83
2026-06-22T15:11:51.4434177+08:00	0x03	-0.1581	0.4970	0.7857	0.3326	127.92	10.22	297.60
2026-06-22T15:11:51.4434177+08:00	0x06	0.0054	0.0155	-0.4362	0.8997	308.28	1.33	1.33
2026-06-22T15:11:51.4434177+08:00	0x04	-0.3504	0.0138	0.4878	-0.7994	289.43	334.24	33.15
2026-06-22T15:11:51.4434177+08:00	0x02	0.0789	0.4740	-0.8132	0.3284	233.90	18.79	55.36
2026-06-22T15:11:51.4434177+08:00	0x01	0.2955	0.3455	-0.8788	0.1449	184.01	324.44	43.86
2026-06-22T15:11:51.4434177+08:00	0x08	0.0475	-0.0110	0.2334	0.9712	27.03	0.04	5.59
2026-06-22T15:11:51.4434177+08:00	0x07	0.0071	-0.0331	-0.2977	0.9541	325.35	356.14	359.64
2026-06-22T15:11:51.4434177+08:00	0x06	0.0054	0.0155	-0.4362	0.8997	308.28	1.33	1.33
2026-06-22T15:11:51.4434177+08:00	0x04	-0.3564	0.0061	0.4756	-0.8042	290.89	334.94	34.57
2026-06-22T15:11:51.4434177+08:00	0x03	-0.1739	0.4866	0.8155	0.2606	146.78	356.31	297.83
2026-06-22T15:11:51.4434177+08:00	0x02	0.0721	0.4726	-0.8030	0.3558	239.20	22.11	54.13
2026-06-22T15:11:51.4434177+08:00	0x09	0.0770	0.0011	-0.0220	0.9968	357.47	359.93	8.83
2026-06-22T15:11:51.4434177+08:00	0x01	0.3006	0.3331	-0.8817	0.1458	184.42	324.06	42.46
2026-06-22T15:11:51.4434177+08:00	0x08	0.0475	-0.0110	0.2334	0.9712	27.03	0.04	5.59
2026-06-22T15:11:51.4434177+08:00	0x07	0.0071	-0.0331	-0.2977	0.9541	325.35	356.14	359.65
2026-06-22T15:11:51.4434177+08:00	0x03	-0.1864	0.4823	0.8220	0.2386	153.21	350.69	298.13
2026-06-22T15:11:51.4434177+08:00	0x06	0.0054	0.0155	-0.4362	0.8997	308.28	1.33	1.33
2026-06-22T15:11:51.4434177+08:00	0x04	-0.3502	-0.0100	0.4569	-0.8176	294.49	338.08	35.58
2026-06-22T15:11:51.4434177+08:00	0x09	0.0770	0.0011	-0.0220	0.9968	357.47	359.93	8.83
2026-06-22T15:11:51.4434177+08:00	0x01	0.3019	0.3278	-0.8882	0.1118	180.05	322.47	40.53
2026-06-22T15:11:51.4434177+08:00	0x07	0.0071	-0.0331	-0.2977	0.9541	325.35	356.14	359.65
2026-06-22T15:11:51.4434177+08:00	0x06	0.0054	0.0155	-0.4362	0.8997	308.28	1.33	1.33
2026-06-22T15:11:51.4434177+08:00	0x08	0.0475	-0.0110	0.2334	0.9712	27.03	0.04	5.58
2026-06-22T15:11:51.4434177+08:00	0x04	-0.3446	-0.0207	0.4520	-0.8225	295.88	339.98	35.84
2026-06-22T15:11:51.4434177+08:00	0x09	0.0770	0.0011	-0.0220	0.9968	357.47	359.93	8.83
2026-06-22T15:11:51.4434177+08:00	0x02	0.0646	0.4931	-0.7966	0.3436	240.14	25.02	56.10
2026-06-22T15:11:51.4434177+08:00	0x01	0.3080	0.3493	-0.8792	0.1007	177.03	320.22	42.55
2026-06-22T15:11:51.4434177+08:00	0x07	0.0071	-0.0331	-0.2977	0.9541	325.35	356.14	359.65
2026-06-22T15:11:51.4434177+08:00	0x06	0.0054	0.0155	-0.4362	0.8997	308.28	1.33	1.33
2026-06-22T15:11:51.4434177+08:00	0x03	-0.1915	0.4775	0.8057	0.2935	142.02	356.57	298.14
2026-06-22T15:11:51.4434177+08:00	0x09	0.0770	0.0011	-0.0220	0.9968	357.47	359.93	8.83
2026-06-22T15:11:51.4434177+08:00	0x01	0.3206	0.3967	-0.8558	0.0865	170.99	314.98	47.25
2026-06-22T15:11:51.4434177+08:00	0x08	0.0475	-0.0110	0.2334	0.9712	27.03	0.04	5.58
2026-06-22T15:11:51.4434177+08:00	0x07	0.0071	-0.0331	-0.2977	0.9541	325.35	356.13	359.65
2026-06-22T15:11:51.4444150+08:00	0x06	0.0054	0.0155	-0.4362	0.8997	308.28	1.33	1.33
2026-06-22T15:11:51.4444150+08:00	0x03	-0.1958	0.4416	0.8171	0.3146	140.37	355.48	302.35
2026-06-22T15:11:51.4444150+08:00	0x04	-0.3144	-0.0458	0.4523	-0.8334	298.47	345.39	34.43
2026-06-22T15:11:51.4444150+08:00	0x09	0.0770	0.0011	-0.0220	0.9968	357.47	359.93	8.83
2026-06-22T15:11:51.4444150+08:00	0x01	0.3123	0.3920	-0.8623	0.0724	170.02	315.92	46.16
2026-06-22T15:11:51.4444150+08:00	0x08	0.0475	-0.0110	0.2334	0.9712	27.03	0.04	5.59
2026-06-22T15:11:51.4444150+08:00	0x07	0.0071	-0.0331	-0.2977	0.9541	325.35	356.14	359.65
2026-06-22T15:11:51.4444150+08:00	0x06	0.0054	0.0155	-0.4362	0.8997	308.28	1.33	1.33
2026-06-22T15:11:51.4444150+08:00	0x03	-0.2055	0.4158	0.8307	0.3079	143.74	351.49	305.18
2026-06-22T15:11:51.4444150+08:00	0x04	-0.3131	-0.0568	0.4286	-0.8456	302.34	347.80	35.32
2026-06-22T15:11:51.4444150+08:00	0x02	0.1105	0.4710	-0.8157	0.3173	229.34	12.56	56.98
2026-06-22T15:11:51.4444150+08:00	0x09	0.0770	0.0011	-0.0220	0.9968	357.47	359.93	8.83
2026-06-22T15:11:51.4444150+08:00	0x08	0.0475	-0.0110	0.2334	0.9712	27.03	0.04	5.58
2026-06-22T15:11:51.4444150+08:00	0x07	0.0071	-0.0331	-0.2977	0.9541	325.35	356.14	359.65
2026-06-22T15:11:51.4444150+08:00	0x06	0.0054	0.0155	-0.4362	0.8997	308.28	1.33	1.33
2026-06-22T15:11:51.4444150+08:00	0x03	-0.2073	0.4300	0.8252	0.3021	144.43	351.40	303.40
2026-06-22T15:11:51.4444150+08:00	0x09	0.0770	0.0011	-0.0220	0.9968	357.47	359.93	8.83
2026-06-22T15:11:51.4444150+08:00	0x01	0.3107	0.3814	-0.8689	0.0546	168.57	316.00	44.16
2026-06-22T15:11:51.4444150+08:00	0x06	0.0054	0.0155	-0.4362	0.8997	308.28	1.33	1.33
2026-06-22T15:11:51.4444150+08:00	0x03	-0.1978	0.4321	0.8103	0.3430	135.47	357.48	303.29
2026-06-22T15:11:51.4444150+08:00	0x04	-0.3534	-0.0377	0.4049	-0.8425	302.79	343.41	38.75
2026-06-22T15:11:51.4444150+08:00	0x09	0.0770	0.0011	-0.0220	0.9968	357.47	359.93	8.83
2026-06-22T15:11:51.4444150+08:00	0x07	0.0071	-0.0331	-0.2977	0.9541	325.35	356.14	359.64
2026-06-22T15:11:51.4444150+08:00	0x06	0.0054	0.0155	-0.4362	0.8997	308.28	1.33	1.33
2026-06-22T15:11:51.4444150+08:00	0x03	-0.1976	0.4203	0.8132	0.3508	134.72	357.33	304.70
2026-06-22T15:11:51.4444150+08:00	0x09	0.0770	0.0011	-0.0220	0.9968	357.47	359.93	8.83
2026-06-22T15:11:51.4444150+08:00	0x02	0.0833	0.4680	-0.8263	0.3020	227.98	14.82	55.47
2026-06-22T15:11:51.4444150+08:00	0x07	0.0071	-0.0331	-0.2977	0.9541	325.35	356.14	359.64
2026-06-22T15:11:51.4444150+08:00	0x06	0.0054	0.0155	-0.4362	0.8997	308.28	1.33	1.33
2026-06-22T15:11:51.4454108+08:00	0x01	0.2969	0.3885	-0.8698	0.0667	170.56	318.32	45.67
2026-06-22T15:11:51.4454108+08:00	0x03	-0.1939	0.4266	0.8114	0.3494	134.30	358.31	304.13
2026-06-22T15:11:51.4454108+08:00	0x09	0.0770	0.0011	-0.0220	0.9968	357.47	359.93	8.83
2026-06-22T15:11:51.4454108+08:00	0x08	0.0475	-0.0110	0.2334	0.9712	27.03	0.04	5.58
2026-06-22T15:11:51.4454108+08:00	0x07	0.0071	-0.0331	-0.2977	0.9541	325.35	356.14	359.65
2026-06-22T15:11:51.4454108+08:00	0x06	0.0054	0.0155	-0.4362	0.8997	308.28	1.32	1.33
2026-06-22T15:11:51.4454108+08:00	0x04	-0.3381	-0.0385	0.4058	-0.8482	303.71	344.77	37.22
2026-06-22T15:11:51.4454108+08:00	0x02	0.0728	0.4848	-0.8211	0.2924	228.78	17.53	57.00
2026-06-22T15:11:51.4454108+08:00	0x09	0.0770	0.0011	-0.0220	0.9968	357.47	359.93	8.83
2026-06-22T15:11:51.4454108+08:00	0x06	0.0054	0.0155	-0.4362	0.8997	308.28	1.32	1.33
2026-06-22T15:11:51.4454108+08:00	0x03	-0.1900	0.4312	0.8089	0.3517	133.22	359.59	303.78
2026-06-22T15:11:51.4454108+08:00	0x09	0.0770	0.0011	-0.0220	0.9968	357.47	359.93	8.83
2026-06-22T15:11:51.4454108+08:00	0x07	0.0071	-0.0331	-0.2977	0.9541	325.35	356.14	359.65
2026-06-22T15:11:51.4454108+08:00	0x06	0.0054	0.0155	-0.4362	0.8997	308.28	1.32	1.33
2026-06-22T15:11:51.4454108+08:00	0x03	-0.1895	0.4342	0.8088	0.3483	133.62	359.59	303.44
2026-06-22T15:11:51.4454108+08:00	0x04	-0.3416	-0.0315	0.4033	-0.8483	303.66	343.81	37.23
2026-06-22T15:11:51.4454108+08:00	0x09	0.0770	0.0011	-0.0220	0.9968	357.47	359.93	8.83
2026-06-22T15:11:51.4454108+08:00	0x07	0.0071	-0.0331	-0.2977	0.9541	325.35	356.14	359.65
2026-06-22T15:11:51.4454108+08:00	0x08	0.0475	-0.0110	0.2334	0.9712	27.03	0.04	5.58
2026-06-22T15:11:51.4454108+08:00	0x03	-0.1884	0.4368	0.8073	0.3492	133.17	0.09	303.19
2026-06-22T15:11:51.4454108+08:00	0x06	0.0054	0.0155	-0.4362	0.8997	308.28	1.32	1.33
2026-06-22T15:11:51.4454108+08:00	0x04	-0.3364	-0.0327	0.4101	-0.8471	303.03	344.05	36.63
2026-06-22T15:11:51.4454108+08:00	0x09	0.0770	0.0011	-0.0220	0.9968	357.47	359.93	8.83
2026-06-22T15:11:51.4454108+08:00	0x07	0.0071	-0.0331	-0.2977	0.9541	325.35	356.14	359.65
2026-06-22T15:11:51.4454108+08:00	0x08	0.0475	-0.0110	0.2334	0.9712	27.03	0.04	5.58
2026-06-22T15:11:51.4454108+08:00	0x06	0.0054	0.0155	-0.4362	0.8997	308.28	1.32	1.33
2026-06-22T15:11:51.4454108+08:00	0x03	-0.1870	0.4400	0.8057	0.3497	132.71	0.67	302.88
2026-06-22T15:11:51.4454108+08:00	0x04	-0.3537	-0.0204	0.4148	-0.8381	300.79	340.92	37.57
2026-06-22T15:11:51.4454108+08:00	0x09	0.0770	0.0011	-0.0220	0.9968	357.47	359.93	8.83
2026-06-22T15:11:51.4454108+08:00	0x08	0.0475	-0.0110	0.2334	0.9712	27.03	0.04	5.58
2026-06-22T15:11:51.4454108+08:00	0x07	0.0071	-0.0331	-0.2977	0.9541	325.35	356.14	359.65
2026-06-22T15:11:51.4454108+08:00	0x06	0.0054	0.0155	-0.4362	0.8997	308.28	1.32	1.33
2026-06-22T15:11:51.4454108+08:00	0x03	-0.1872	0.4398	0.8057	0.3499	132.69	0.64	302.89
2026-06-22T15:11:51.4454108+08:00	0x04	-0.3468	-0.0214	0.4162	-0.8402	301.10	341.57	36.92
2026-06-22T15:11:51.4464082+08:00	0x09	0.0770	0.0011	-0.0220	0.9968	357.47	359.93	8.83
2026-06-22T15:11:51.4464082+08:00	0x07	0.0071	-0.0331	-0.2977	0.9541	325.35	356.14	359.65
2026-06-22T15:11:51.4464082+08:00	0x01	0.2946	0.3927	-0.8672	0.0833	172.70	319.31	46.90
2026-06-22T15:11:51.4464082+08:00	0x08	0.0475	-0.0110	0.2334	0.9712	27.03	0.04	5.58
2026-06-22T15:11:51.4464082+08:00	0x03	-0.1874	0.4401	0.8055	0.3498	132.70	0.64	302.84
2026-06-22T15:11:51.4464082+08:00	0x04	-0.3468	-0.0213	0.4184	-0.8392	300.77	341.45	36.87
2026-06-22T15:11:51.4464082+08:00	0x09	0.0770	0.0011	-0.0220	0.9968	357.47	359.93	8.83
2026-06-22T15:11:51.4464082+08:00	0x07	0.0071	-0.0331	-0.2977	0.9541	325.35	356.14	359.65
2026-06-22T15:11:51.4464082+08:00	0x03	-0.1871	0.4416	0.8060	0.3469	133.15	0.50	302.68
2026-06-22T15:11:51.4464082+08:00	0x04	-0.3488	-0.0202	0.4178	-0.8387	300.69	341.18	37.01
2026-06-22T15:11:51.4464082+08:00	0x09	0.0770	0.0011	-0.0220	0.9968	357.47	359.93	8.83
2026-06-22T15:11:51.4464082+08:00	0x02	0.0768	0.4826	-0.8245	0.2854	226.87	15.90	57.10
2026-06-22T15:11:51.4464082+08:00	0x01	0.2934	0.3943	-0.8669	0.0833	172.66	319.39	47.10
2026-06-22T15:11:51.4464082+08:00	0x03	-0.1867	0.4431	0.8053	0.3466	133.05	0.69	302.52
2026-06-22T15:11:51.4464082+08:00	0x04	-0.3481	-0.0192	0.4202	-0.8378	300.36	341.02	36.83
2026-06-22T15:11:51.4464082+08:00	0x09	0.0770	0.0011	-0.0220	0.9968	357.47	359.93	8.83
2026-06-22T15:11:51.4464082+08:00	0x02	0.0771	0.4815	-0.8252	0.2851	226.69	15.70	57.00
2026-06-22T15:11:51.4464082+08:00	0x07	0.0071	-0.0331	-0.2977	0.9541	325.35	356.14	359.65
2026-06-22T15:11:51.4464082+08:00	0x06	0.0054	0.0155	-0.4362	0.8997	308.28	1.32	1.33
2026-06-22T15:11:51.4464082+08:00	0x08	0.0475	-0.0110	0.2334	0.9712	27.03	0.04	5.59
2026-06-22T15:11:51.4464082+08:00	0x04	-0.3491	-0.0196	0.4198	-0.8376	300.35	340.99	36.95
2026-06-22T15:11:51.4464082+08:00	0x03	-0.1864	0.4448	0.8047	0.3461	132.99	0.84	302.33
2026-06-22T15:11:51.4464082+08:00	0x02	0.0753	0.4788	-0.8274	0.2837	226.25	15.51	56.62
2026-06-22T15:11:51.4464082+08:00	0x07	0.0071	-0.0331	-0.2977	0.9541	325.35	356.14	359.65
2026-06-22T15:11:51.4464082+08:00	0x06	0.0054	0.0155	-0.4362	0.8997	308.28	1.32	1.33
2026-06-22T15:11:51.4464082+08:00	0x08	0.0475	-0.0110	0.2334	0.9712	27.03	0.04	5.59
2026-06-22T15:11:51.4464082+08:00	0x03	-0.1868	0.4425	0.8043	0.3500	132.43	0.99	302.60
2026-06-22T15:11:51.4464082+08:00	0x04	-0.3571	-0.0150	0.4233	-0.8325	299.11	339.56	37.39
2026-06-22T15:11:51.4464082+08:00	0x09	0.0770	0.0011	-0.0220	0.9968	357.47	359.93	8.83
2026-06-22T15:11:51.4464082+08:00	0x08	0.0475	-0.0110	0.2334	0.9712	27.03	0.04	5.59
2026-06-22T15:11:51.4464082+08:00	0x07	0.0071	-0.0331	-0.2977	0.9541	325.35	356.14	359.65
2026-06-22T15:11:51.4464082+08:00	0x03	-0.1704	0.4472	0.7993	0.3634	128.10	5.54	302.99
2026-06-22T15:11:51.4464082+08:00	0x04	-0.4363	0.0352	0.3873	-0.8115	295.85	327.37	42.91
2026-06-22T15:11:51.4464082+08:00	0x08	0.0475	-0.0110	0.2334	0.9712	27.03	0.04	5.59
2026-06-22T15:11:51.4464082+08:00	0x09	0.0770	0.0011	-0.0220	0.9968	357.47	359.93	8.83
2026-06-22T15:11:51.4464082+08:00	0x06	0.0054	0.0155	-0.4362	0.8997	308.28	1.32	1.33
2026-06-22T15:11:51.4474049+08:00	0x07	0.0071	-0.0331	-0.2977	0.9541	325.35	356.14	359.65
2026-06-22T15:11:51.4474049+08:00	0x03	0.0309	0.4687	0.8181	0.3318	120.77	32.91	311.73
2026-06-22T15:11:51.4474049+08:00	0x04	-0.4340	0.0337	0.3884	-0.8122	295.98	327.76	42.75
2026-06-22T15:11:51.4474049+08:00	0x06	0.0054	0.0155	-0.4362	0.8997	308.28	1.33	1.34
2026-06-22T15:11:51.4474049+08:00	0x01	0.2917	0.4043	-0.8641	0.0695	170.10	318.32	47.66
2026-06-22T15:11:51.4474049+08:00	0x09	0.0770	0.0011	-0.0220	0.9968	357.47	359.93	8.84
2026-06-22T15:11:51.4474049+08:00	0x03	0.1178	0.4026	0.8722	0.2518	135.79	32.20	320.00
2026-06-22T15:11:51.4474049+08:00	0x04	-0.2037	0.4459	-0.2134	-0.8450	12.22	307.91	32.32
2026-06-22T15:11:51.4474049+08:00	0x08	0.0475	-0.0110	0.2334	0.9712	27.03	0.04	5.59
2026-06-22T15:11:51.4474049+08:00	0x01	0.2928	0.3976	-0.8670	0.0671	170.22	318.44	46.78
2026-06-22T15:11:51.4474049+08:00	0x07	0.0071	-0.0331	-0.2977	0.9541	325.35	356.14	359.65
2026-06-22T15:11:51.4474049+08:00	0x03	0.1275	0.2963	0.9331	0.1591	154.30	22.76	329.18
2026-06-22T15:11:51.4474049+08:00	0x04	-0.0112	0.4828	-0.1471	-0.8632	14.26	302.73	9.28
2026-06-22T15:11:51.4474049+08:00	0x01	0.2942	0.3987	-0.8647	0.0823	172.14	318.96	47.56
2026-06-22T15:11:51.4474049+08:00	0x06	0.0054	0.0155	-0.4362	0.8997	308.28	1.33	1.33
2026-06-22T15:11:51.4474049+08:00	0x03	0.0429	0.2431	0.9444	0.2170	151.32	11.99	333.85
2026-06-22T15:11:51.4474049+08:00	0x04	-0.1855	-0.0403	0.4780	-0.8576	300.50	353.35	20.89
2026-06-22T15:11:51.4474049+08:00	0x08	0.0475	-0.0110	0.2334	0.9712	27.03	0.04	5.59
2026-06-22T15:11:51.4474049+08:00	0x09	0.0770	0.0011	-0.0220	0.9968	357.47	359.93	8.83
2026-06-22T15:11:51.4474049+08:00	0x06	0.0054	0.0155	-0.4362	0.8997	308.28	1.33	1.33
2026-06-22T15:11:51.4474049+08:00	0x07	0.0071	-0.0331	-0.2977	0.9541	325.35	356.14	359.65
2026-06-22T15:11:51.4474049+08:00	0x03	-0.1147	0.3972	0.6977	0.5850	90.00	24.85	316.49
2026-06-22T15:11:51.4474049+08:00	0x04	-0.1813	-0.0381	0.4639	-0.8663	302.53	353.74	20.46
2026-06-22T15:11:51.4474049+08:00	0x08	0.0475	-0.0110	0.2334	0.9712	27.03	0.04	5.59
2026-06-22T15:11:51.4474049+08:00	0x09	0.0770	0.0011	-0.0220	0.9968	357.47	359.93	8.83
2026-06-22T15:11:51.4474049+08:00	0x02	0.0053	0.5450	-0.8235	0.1576	215.46	21.88	64.05
2026-06-22T15:11:51.4474049+08:00	0x01	0.3031	0.4667	-0.8047	0.2069	185.96	322.24	61.22
2026-06-22T15:11:51.4474049+08:00	0x07	0.0071	-0.0331	-0.2977	0.9541	325.35	356.14	359.65
2026-06-22T15:11:51.4474049+08:00	0x03	-0.2035	0.4131	0.6521	0.6023	83.83	21.95	308.38
2026-06-22T15:11:51.4474049+08:00	0x07	0.0071	-0.0331	-0.2977	0.9541	325.35	356.14	359.65
2026-06-22T15:11:51.4484027+08:00	0x04	-0.3631	0.2459	0.6819	-0.5854	258.78	308.16	5.15
2026-06-22T15:11:51.4484027+08:00	0x09	0.0770	0.0011	-0.0220	0.9968	357.47	359.93	8.83
2026-06-22T15:11:51.4484027+08:00	0x06	0.0054	0.0155	-0.4362	0.8997	308.28	1.33	1.33
2026-06-22T15:11:51.4484027+08:00	0x01	0.2476	0.4350	-0.8299	0.2465	201.18	338.50	57.58
2026-06-22T15:11:51.4484027+08:00	0x03	-0.2610	0.4004	0.6161	0.6261	79.46	18.31	304.90
2026-06-22T15:11:51.4484027+08:00	0x07	0.0071	-0.0331	-0.2977	0.9541	325.35	356.14	359.65
2026-06-22T15:11:51.4484027+08:00	0x04	-0.4205	0.1895	0.6331	-0.6216	260.67	306.80	16.43
2026-06-22T15:11:51.4484027+08:00	0x09	0.0770	0.0011	-0.0220	0.9968	357.47	359.93	8.83
2026-06-22T15:11:51.4484027+08:00	0x06	0.0054	0.0155	-0.4362	0.8997	308.28	1.33	1.33
2026-06-22T15:11:51.4484027+08:00	0x01	0.2851	0.4420	-0.8064	0.2701	201.62	333.67	60.11
2026-06-22T15:11:51.4484027+08:00	0x03	-0.2296	0.4941	0.6244	0.5597	76.33	33.26	299.06
2026-06-22T15:11:51.4484027+08:00	0x07	0.0071	-0.0331	-0.2977	0.9541	325.35	356.14	359.65
2026-06-22T15:11:51.4484027+08:00	0x08	0.0475	-0.0110	0.2334	0.9712	27.03	0.04	5.58
2026-06-22T15:11:51.4484027+08:00	0x06	0.0054	0.0155	-0.4362	0.8997	308.28	1.33	1.33
2026-06-22T15:11:51.4484027+08:00	0x01	0.3133	0.4302	-0.8125	0.2377	192.72	324.90	58.01
2026-06-22T15:11:51.4484027+08:00	0x03	-0.2060	0.5240	0.6385	0.5248	77.61	38.08	297.71
2026-06-22T15:11:51.4484027+08:00	0x07	0.0071	-0.0331	-0.2977	0.9541	325.35	356.14	359.65
2026-06-22T15:11:51.4484027+08:00	0x09	0.0770	0.0011	-0.0220	0.9968	357.47	359.93	8.83
2026-06-22T15:11:51.4484027+08:00	0x06	0.0054	0.0155	-0.4362	0.8997	308.28	1.33	1.33
2026-06-22T15:11:51.4484027+08:00	0x02	0.0383	0.5436	-0.8247	0.1512	209.76	14.00	65.26
2026-06-22T15:11:51.4484027+08:00	0x03	-0.2121	0.5225	0.6351	0.5280	77.03	37.78	297.43
2026-06-22T15:11:51.4484027+08:00	0x01	0.2953	0.4360	-0.8216	0.2184	190.95	326.51	57.71
2026-06-22T15:11:51.4484027+08:00	0x07	0.0071	-0.0331	-0.2977	0.9541	325.35	356.14	359.65
2026-06-22T15:11:51.4484027+08:00	0x08	0.0475	-0.0110	0.2334	0.9712	27.03	0.04	5.58
2026-06-22T15:11:51.4484027+08:00	0x04	-0.4998	0.2699	0.4778	-0.6701	272.76	292.91	24.32
2026-06-22T15:11:51.4484027+08:00	0x06	0.0054	0.0155	-0.4362	0.8997	308.28	1.33	1.33
2026-06-22T15:11:51.4484027+08:00	0x02	0.0330	0.5492	-0.8234	0.1392	208.33	14.03	66.00
2026-06-22T15:11:51.4484027+08:00	0x03	-0.2111	0.5247	0.6349	0.5264	76.81	38.28	297.32
2026-06-22T15:11:51.4484027+08:00	0x07	0.0071	-0.0331	-0.2977	0.9541	325.35	356.14	359.65
2026-06-22T15:11:51.4484027+08:00	0x08	0.0475	-0.0110	0.2334	0.9712	27.03	0.04	5.59
2026-06-22T15:11:51.4484027+08:00	0x06	0.0054	0.0155	-0.4362	0.8997	308.28	1.32	1.33
2026-06-22T15:11:51.4484027+08:00	0x02	-0.0090	0.5699	-0.8157	0.0991	207.45	20.01	68.11
2026-06-22T15:11:51.4484027+08:00	0x03	-0.2109	0.5189	0.6251	0.5436	74.29	38.89	298.60
2026-06-22T15:11:51.4484027+08:00	0x07	0.0071	-0.0331	-0.2977	0.9541	325.35	356.14	359.65
2026-06-22T15:11:51.4484027+08:00	0x04	-0.4844	0.2382	0.4884	-0.6856	273.41	297.55	25.56
2026-06-22T15:11:51.4484027+08:00	0x06	0.0054	0.0155	-0.4362	0.8997	308.28	1.32	1.33
2026-06-22T15:11:51.4493996+08:00	0x02	-0.0003	0.5237	-0.8502	0.0532	191.50	7.10	62.94
2026-06-22T15:11:51.4493996+08:00	0x01	0.3313	0.4963	-0.7590	0.2606	190.19	319.70	67.82
2026-06-22T15:11:51.4493996+08:00	0x03	-0.2381	0.4865	0.6071	0.5814	72.51	33.80	299.82
2026-06-22T15:11:51.4493996+08:00	0x07	0.0071	-0.0331	-0.2977	0.9541	325.35	356.14	359.65
2026-06-22T15:11:51.4493996+08:00	0x04	-0.4593	0.2157	0.4874	-0.7106	276.58	302.74	26.26
2026-06-22T15:11:51.4493996+08:00	0x09	0.0770	0.0011	-0.0220	0.9968	357.47	359.93	8.84
2026-06-22T15:11:51.4493996+08:00	0x06	0.0054	0.0155	-0.4362	0.8997	308.28	1.32	1.33
2026-06-22T15:11:51.4493996+08:00	0x02	0.0441	0.4829	-0.8745	0.0086	177.05	352.60	57.71
2026-06-22T15:11:51.4493996+08:00	0x03	-0.2300	0.4877	0.6116	0.5790	73.19	34.11	300.36
2026-06-22T15:11:51.4493996+08:00	0x07	0.0071	-0.0331	-0.2977	0.9541	325.35	356.14	359.65
2026-06-22T15:11:51.4493996+08:00	0x09	0.0770	0.0011	-0.0220	0.9968	357.47	359.93	8.84
2026-06-22T15:11:51.4493996+08:00	0x01	0.3338	0.4953	-0.7621	0.2500	187.48	317.66	67.19
2026-06-22T15:11:51.4493996+08:00	0x02	0.0370	0.4984	-0.8662	0.0053	176.85	353.30	59.74
2026-06-22T15:11:51.4493996+08:00	0x03	-0.2293	0.4861	0.6122	0.5800	73.40	33.83	300.56
2026-06-22T15:11:51.4493996+08:00	0x08	0.0475	-0.0110	0.2334	0.9712	27.03	0.04	5.59
2026-06-22T15:11:51.4493996+08:00	0x09	0.0770	0.0011	-0.0220	0.9968	357.47	359.93	8.84
2026-06-22T15:11:51.4493996+08:00	0x07	0.0071	-0.0331	-0.2977	0.9541	325.35	356.14	359.65
2026-06-22T15:11:51.4493996+08:00	0x01	0.3355	0.4933	-0.7619	0.2522	187.87	317.68	67.06
2026-06-22T15:11:51.4493996+08:00	0x02	0.0333	0.5121	-0.8582	0.0112	178.20	354.48	61.61
2026-06-22T15:11:51.4493996+08:00	0x03	-0.2272	0.4878	0.6109	0.5807	72.88	34.46	300.70
2026-06-22T15:11:51.4493996+08:00	0x07	0.0071	-0.0331	-0.2977	0.9541	325.35	356.14	359.65
2026-06-22T15:11:51.4493996+08:00	0x09	0.0771	0.0011	-0.0220	0.9968	357.47	359.93	8.84
2026-06-22T15:11:51.4493996+08:00	0x01	0.3349	0.4911	-0.7637	0.2520	188.15	318.02	66.75
2026-06-22T15:11:51.4493996+08:00	0x06	0.0054	0.0155	-0.4362	0.8997	308.28	1.32	1.33
2026-06-22T15:11:51.4493996+08:00	0x02	0.0365	0.5060	-0.8617	0.0093	177.55	353.72	60.78
2026-06-22T15:11:51.4493996+08:00	0x03	-0.2264	0.4881	0.6115	0.5802	72.96	34.52	300.73
2026-06-22T15:11:51.4493996+08:00	0x07	0.0071	-0.0331	-0.2977	0.9541	325.35	356.14	359.65
2026-06-22T15:11:51.4493996+08:00	0x01	0.3354	0.4905	-0.7640	0.2516	188.06	317.90	66.66
2026-06-22T15:11:51.4493996+08:00	0x02	0.0348	0.5083	-0.8605	0.0071	177.25	353.74	61.07
2026-06-22T15:11:51.4493996+08:00	0x03	-0.2255	0.4878	0.6121	0.5802	73.09	34.46	300.82
2026-06-22T15:11:51.4493996+08:00	0x04	-0.4593	0.1601	0.4131	-0.7699	286.82	310.07	35.10
2026-06-22T15:11:51.4493996+08:00	0x07	0.0071	-0.0331	-0.2977	0.9541	325.35	356.14	359.65
2026-06-22T15:11:51.4493996+08:00	0x06	0.0054	0.0155	-0.4362	0.8997	308.28	1.33	1.34
2026-06-22T15:11:51.4493996+08:00	0x01	0.3326	0.4922	-0.7644	0.2504	188.09	318.31	66.80
2026-06-22T15:11:51.4493996+08:00	0x03	-0.2261	0.4865	0.6120	0.5811	73.16	34.22	300.88
2026-06-22T15:11:51.4503973+08:00	0x04	-0.4608	0.1553	0.4046	-0.7745	287.85	310.67	36.02
2026-06-22T15:11:51.4503973+08:00	0x09	0.0770	0.0011	-0.0220	0.9968	357.47	359.93	8.84
2026-06-22T15:11:51.4503973+08:00	0x06	0.0054	0.0155	-0.4362	0.8997	308.28	1.33	1.34
2026-06-22T15:11:51.4503973+08:00	0x02	0.0298	0.5147	-0.8568	0.0092	178.20	354.94	61.95
2026-06-22T15:11:51.4503973+08:00	0x03	-0.2259	0.4870	0.6114	0.5813	72.99	34.39	300.88
2026-06-22T15:11:51.4503973+08:00	0x09	0.0770	0.0011	-0.0220	0.9968	357.47	359.93	8.84
2026-06-22T15:11:51.4503973+08:00	0x08	0.0475	-0.0110	0.2334	0.9712	27.03	0.04	5.58
2026-06-22T15:11:51.4503973+08:00	0x01	0.3332	0.4887	-0.7664	0.2504	188.35	318.48	66.35
2026-06-22T15:11:51.4503973+08:00	0x02	0.0326	0.5114	-0.8587	0.0067	177.38	354.09	61.49
2026-06-22T15:11:51.4503973+08:00	0x03	-0.2257	0.4872	0.6120	0.5806	73.12	34.36	300.85
2026-06-22T15:11:51.4503973+08:00	0x09	0.0770	0.0011	-0.0220	0.9968	357.47	359.93	8.84
2026-06-22T15:11:51.4503973+08:00	0x08	0.0475	-0.0110	0.2334	0.9712	27.03	0.04	5.58
2026-06-22T15:11:51.4503973+08:00	0x07	0.0071	-0.0331	-0.2977	0.9541	325.35	356.14	359.65
2026-06-22T15:11:51.4503973+08:00	0x01	0.3314	0.4874	-0.7677	0.2516	189.02	319.19	66.21
2026-06-22T15:11:51.4503973+08:00	0x02	0.0329	0.5142	-0.8570	0.0054	177.01	353.81	61.85
2026-06-22T15:11:51.4503973+08:00	0x03	-0.2272	0.4845	0.6053	0.5893	71.60	34.72	301.32
2026-06-22T15:11:51.4503973+08:00	0x09	0.0770	0.0011	-0.0220	0.9968	357.47	359.93	8.84
2026-06-22T15:11:51.4503973+08:00	0x07	0.0071	-0.0331	-0.2977	0.9541	325.35	356.14	359.64
2026-06-22T15:11:51.4503973+08:00	0x01	0.3359	0.4881	-0.7686	0.2414	186.06	316.71	65.84
2026-06-22T15:11:51.4503973+08:00	0x06	0.0054	0.0155	-0.4362	0.8997	308.28	1.33	1.34
2026-06-22T15:11:51.4503973+08:00	0x02	0.0326	0.5171	-0.8553	0.0028	176.44	353.48	62.22
2026-06-22T15:11:51.4503973+08:00	0x09	0.0770	0.0011	-0.0220	0.9968	357.47	359.93	8.84
2026-06-22T15:11:51.4503973+08:00	0x07	0.0071	-0.0331	-0.2977	0.9541	325.35	356.14	359.64
2026-06-22T15:11:51.4503973+08:00	0x06	0.0054	0.0155	-0.4362	0.8997	308.28	1.32	1.33
2026-06-22T15:11:51.4503973+08:00	0x02	0.0343	0.5143	-0.8569	0.0012	175.97	353.00	61.83
2026-06-22T15:11:51.4503973+08:00	0x03	-0.2319	0.4809	0.6031	0.5926	71.47	34.01	301.24
2026-06-22T15:11:51.4503973+08:00	0x09	0.0770	0.0011	-0.0220	0.9968	357.47	359.93	8.84
2026-06-22T15:11:51.4503973+08:00	0x04	-0.4538	0.1481	0.3850	-0.7899	291.45	313.02	37.07
2026-06-22T15:11:51.4503973+08:00	0x07	0.0071	-0.0331	-0.2977	0.9541	325.35	356.14	359.64
2026-06-22T15:11:51.4503973+08:00	0x02	0.0378	0.5100	-0.8594	0.0003	175.47	352.29	61.23
2026-06-22T15:11:51.4503973+08:00	0x04	-0.4590	0.1467	0.3895	-0.7849	290.25	312.33	37.32
2026-06-22T15:11:51.4503973+08:00	0x09	0.0770	0.0011	-0.0220	0.9968	357.47	359.93	8.83
2026-06-22T15:11:51.4513947+08:00	0x08	0.0475	-0.0110	0.2334	0.9712	27.03	0.04	5.59
2026-06-22T15:11:51.4513947+08:00	0x07	0.0071	-0.0331	-0.2977	0.9541	325.35	356.14	359.64
2026-06-22T15:11:51.4513947+08:00	0x03	-0.2249	0.4844	0.6108	0.5846	72.89	34.17	301.28
2026-06-22T15:11:51.4513947+08:00	0x09	0.0770	0.0011	-0.0220	0.9968	357.47	359.93	8.83
2026-06-22T15:11:51.4513947+08:00	0x04	-0.4573	0.1438	0.3906	-0.7859	290.36	312.81	37.33
2026-06-22T15:11:51.4513947+08:00	0x08	0.0475	-0.0110	0.2334	0.9712	27.03	0.04	5.58
2026-06-22T15:11:51.4513947+08:00	0x01	0.3346	0.4870	-0.7689	0.2443	186.98	317.48	65.84
2026-06-22T15:11:51.4513947+08:00	0x06	0.0054	0.0155	-0.4362	0.8997	308.28	1.32	1.33
2026-06-22T15:11:51.4513947+08:00	0x02	0.0293	0.5171	-0.8554	-0.0024	175.76	353.52	62.19
2026-06-22T15:11:51.4513947+08:00	0x03	-0.2250	0.4834	0.6124	0.5836	73.37	33.79	301.26
2026-06-22T15:11:51.4513947+08:00	0x09	0.0770	0.0011	-0.0220	0.9968	357.47	359.93	8.84
2026-06-22T15:11:51.4513947+08:00	0x07	0.0071	-0.0331	-0.2977	0.9541	325.35	356.14	359.64
2026-06-22T15:11:51.4513947+08:00	0x04	-0.4486	0.1390	0.3867	-0.7937	292.00	314.55	37.19
2026-06-22T15:11:51.4513947+08:00	0x06	0.0054	0.0155	-0.4362	0.8997	308.28	1.32	1.33
2026-06-22T15:11:51.4513947+08:00	0x01	0.3349	0.4908	-0.7662	0.2448	186.63	317.11	66.36
2026-06-22T15:11:51.4513947+08:00	0x03	-0.2240	0.4791	0.6105	0.5896	73.01	33.49	301.89
2026-06-22T15:11:51.4513947+08:00	0x09	0.0770	0.0011	-0.0220	0.9968	357.47	359.93	8.84
2026-06-22T15:11:51.4513947+08:00	0x02	0.0330	0.5146	-0.8568	-0.0032	175.20	352.72	61.84
2026-06-22T15:11:51.4513947+08:00	0x08	0.0475	-0.0110	0.2334	0.9712	27.03	0.04	5.58
2026-06-22T15:11:51.4513947+08:00	0x07	0.0071	-0.0331	-0.2977	0.9541	325.35	356.14	359.65
2026-06-22T15:11:51.4513947+08:00	0x02	0.0339	0.5219	-0.8523	-0.0028	174.96	352.36	62.81
2026-06-22T15:11:51.4513947+08:00	0x09	0.0770	0.0011	-0.0220	0.9968	357.47	359.93	8.84
2026-06-22T15:11:51.4513947+08:00	0x04	-0.3515	0.0725	0.3635	-0.8597	305.87	332.88	33.47
2026-06-22T15:11:51.4513947+08:00	0x01	0.3368	0.4798	-0.7707	0.2498	188.48	318.22	65.20
2026-06-22T15:11:51.4513947+08:00	0x02	0.0382	0.5170	-0.8551	-0.0037	174.37	351.49	62.11
2026-06-22T15:11:51.4513947+08:00	0x08	0.0475	-0.0110	0.2334	0.9712	27.03	0.04	5.58
2026-06-22T15:11:51.4513947+08:00	0x01	0.3377	0.4800	-0.7715	0.2456	187.45	317.47	65.03
2026-06-22T15:11:51.4513947+08:00	0x02	0.0515	0.4948	-0.8675	-0.0062	173.11	349.30	59.07
2026-06-22T15:11:51.4513947+08:00	0x03	-0.2186	0.4709	0.6151	0.5934	74.27	32.16	302.99
2026-06-22T15:11:51.4513947+08:00	0x09	0.0770	0.0011	-0.0220	0.9968	357.47	359.93	8.83
2026-06-22T15:11:51.4513947+08:00	0x04	-0.3704	0.0847	0.3938	-0.8370	299.92	328.64	33.59
2026-06-22T15:11:51.4513947+08:00	0x08	0.0475	-0.0110	0.2334	0.9712	27.03	0.04	5.58
2026-06-22T15:11:51.4513947+08:00	0x07	0.0070	-0.0331	-0.2977	0.9541	325.35	356.14	359.64
2026-06-22T15:11:51.4513947+08:00	0x01	0.3363	0.4880	-0.7666	0.2472	187.22	317.33	66.13
2026-06-22T15:11:51.4513947+08:00	0x02	0.0439	0.5041	-0.8624	-0.0110	172.67	349.91	60.29
2026-06-22T15:11:51.4513947+08:00	0x03	-0.2200	0.4687	0.6121	0.5977	73.69	32.10	303.19
2026-06-22T15:11:51.4513947+08:00	0x09	0.0770	0.0011	-0.0220	0.9968	357.47	359.93	8.83
2026-06-22T15:11:51.4513947+08:00	0x08	0.0475	-0.0110	0.2334	0.9712	27.03	0.04	5.59
2026-06-22T15:11:51.4513947+08:00	0x04	-0.3643	0.0891	0.3972	-0.8376	299.84	328.60	32.66
2026-06-22T15:11:51.4513947+08:00	0x06	0.0054	0.0155	-0.4362	0.8997	308.28	1.33	1.33
2026-06-22T15:11:51.4513947+08:00	0x02	0.0427	0.5036	-0.8628	-0.0108	172.87	350.20	60.24
2026-06-22T15:11:51.4513947+08:00	0x03	-0.2193	0.4679	0.6156	0.5949	74.55	31.61	303.16
2026-06-22T15:11:51.4513947+08:00	0x09	0.0770	0.0011	-0.0220	0.9968	357.47	359.93	8.83
2026-06-22T15:11:51.4523939+08:00	0x08	0.0475	-0.0110	0.2334	0.9712	27.03	0.04	5.58
2026-06-22T15:11:51.4523939+08:00	0x04	-0.3593	0.0879	0.4033	-0.8369	299.42	328.97	32.04
2026-06-22T15:11:51.4523939+08:00	0x07	0.0071	-0.0331	-0.2977	0.9541	325.35	356.14	359.65
2026-06-22T15:11:51.4523939+08:00	0x02	0.0447	0.5026	-0.8633	-0.0085	173.13	350.08	60.12
2026-06-22T15:11:51.4523939+08:00	0x09	0.0770	0.0011	-0.0220	0.9968	357.47	359.93	8.83
2026-06-22T15:11:51.4523939+08:00	0x03	-0.2183	0.4681	0.6160	0.5948	74.58	31.68	303.24
2026-06-22T15:11:51.4523939+08:00	0x07	0.0071	-0.0331	-0.2977	0.9541	325.35	356.14	359.65
2026-06-22T15:11:51.4523939+08:00	0x06	0.0054	0.0155	-0.4362	0.8997	308.28	1.33	1.34
2026-06-22T15:11:51.4523939+08:00	0x02	0.0479	0.4975	-0.8661	-0.0108	172.51	349.40	59.40
2026-06-22T15:11:51.4523939+08:00	0x09	0.0770	0.0011	-0.0220	0.9968	357.47	359.93	8.84
2026-06-22T15:11:51.4523939+08:00	0x03	-0.2165	0.4630	0.6210	0.5943	75.90	30.51	303.66
2026-06-22T15:11:51.4523939+08:00	0x08	0.0475	-0.0110	0.2334	0.9712	27.03	0.04	5.59
2026-06-22T15:11:51.4523939+08:00	0x07	0.0071	-0.0331	-0.2977	0.9541	325.35	356.14	359.65
2026-06-22T15:11:51.4523939+08:00	0x06	0.0054	0.0155	-0.4362	0.8997	308.28	1.33	1.34
2026-06-22T15:11:51.4523939+08:00	0x02	0.0485	0.4967	-0.8665	-0.0103	172.58	349.36	59.29
2026-06-22T15:11:51.4523939+08:00	0x09	0.0770	0.0011	-0.0220	0.9968	357.47	359.93	8.84
2026-06-22T15:11:51.4523939+08:00	0x03	-0.2163	0.4635	0.6233	0.5916	76.44	30.31	303.52
2026-06-22T15:11:51.4523939+08:00	0x07	0.0071	-0.0331	-0.2977	0.9541	325.35	356.14	359.65
2026-06-22T15:11:51.4523939+08:00	0x06	0.0054	0.0155	-0.4362	0.8997	308.28	1.33	1.34
2026-06-22T15:11:51.4523939+08:00	0x08	0.0475	-0.0110	0.2334	0.9712	27.03	0.04	5.59
2026-06-22T15:11:51.4523939+08:00	0x02	0.0479	0.4979	-0.8659	-0.0093	172.78	349.53	59.46
2026-06-22T15:11:51.4523939+08:00	0x03	-0.2168	0.4626	0.6232	0.5920	76.49	30.15	303.55
2026-06-22T15:11:51.4523939+08:00	0x08	0.0475	-0.0110	0.2334	0.9712	27.03	0.04	5.58
2026-06-22T15:11:51.4523939+08:00	0x07	0.0071	-0.0331	-0.2977	0.9541	325.35	356.13	359.65
2026-06-22T15:11:51.4523939+08:00	0x04	-0.3797	0.0952	0.4147	-0.8214	296.00	325.80	33.02
2026-06-22T15:11:51.4523939+08:00	0x01	0.3380	0.4847	-0.7678	0.2477	187.37	317.25	65.74
2026-06-22T15:11:51.4523939+08:00	0x06	0.0054	0.0155	-0.4362	0.8997	308.28	1.33	1.34
2026-06-22T15:11:51.4523939+08:00	0x03	-0.2208	0.4648	0.6185	0.5939	75.43	30.68	303.15
2026-06-22T15:11:51.4523939+08:00	0x02	0.0501	0.4976	-0.8659	-0.0092	172.59	349.15	59.41
2026-06-22T15:11:51.4523939+08:00	0x07	0.0071	-0.0331	-0.2977	0.9541	325.35	356.14	359.65
2026-06-22T15:11:51.4523939+08:00	0x06	0.0054	0.0155	-0.4362	0.8997	308.28	1.33	1.34
2026-06-22T15:11:51.4523939+08:00	0x01	0.3390	0.4835	-0.7678	0.2485	187.49	317.18	65.64
2026-06-22T15:11:51.4523939+08:00	0x02	0.0499	0.4975	-0.8660	-0.0093	172.58	349.17	59.40
2026-06-22T15:11:51.4523939+08:00	0x09	0.0770	0.0011	-0.0220	0.9968	357.47	359.93	8.84
2026-06-22T15:11:51.4523939+08:00	0x03	-0.2214	0.4657	0.6183	0.5931	75.39	30.76	303.01
2026-06-22T15:11:51.4523939+08:00	0x07	0.0071	-0.0331	-0.2977	0.9541	325.35	356.14	359.65
2026-06-22T15:11:51.4523939+08:00	0x08	0.0475	-0.0110	0.2334	0.9712	27.03	0.04	5.58
2026-06-22T15:11:51.4523939+08:00	0x04	-0.3703	0.0963	0.4167	-0.8246	296.51	326.53	32.04
2026-06-22T15:11:51.4523939+08:00	0x06	0.0054	0.0155	-0.4362	0.8997	308.28	1.33	1.34
2026-06-22T15:11:51.4523939+08:00	0x02	0.0494	0.4972	-0.8662	-0.0092	172.65	349.27	59.36
2026-06-22T15:11:51.4523939+08:00	0x03	-0.2210	0.4652	0.6196	0.5923	75.72	30.56	303.04
2026-06-22T15:11:51.4523939+08:00	0x07	0.0071	-0.0331	-0.2977	0.9541	325.35	356.14	359.65
2026-06-22T15:11:51.4523939+08:00	0x04	-0.3667	0.0962	0.4186	-0.8253	296.56	326.83	31.65
2026-06-22T15:11:51.4523939+08:00	0x06	0.0054	0.0155	-0.4362	0.8997	308.28	1.33	1.34
2026-06-22T15:11:51.4523939+08:00	0x02	0.0495	0.4964	-0.8666	-0.0093	172.67	349.28	59.26
2026-06-22T15:11:51.4523939+08:00	0x03	-0.2214	0.4658	0.6197	0.5916	75.75	30.58	302.93
2026-06-22T15:11:51.4523939+08:00	0x09	0.0770	0.0011	-0.0220	0.9968	357.47	359.93	8.84
2026-06-22T15:11:51.4523939+08:00	0x07	0.0071	-0.0331	-0.2977	0.9541	325.35	356.14	359.65
2026-06-22T15:11:51.4523939+08:00	0x04	-0.3660	0.0963	0.4183	-0.8257	296.66	326.90	31.59
2026-06-22T15:11:51.4523939+08:00	0x01	0.3381	0.4830	-0.7693	0.2463	187.22	317.19	65.45
2026-06-22T15:11:51.4523939+08:00	0x02	0.0464	0.4984	-0.8656	-0.0101	172.78	349.73	59.54
2026-06-22T15:11:51.4523939+08:00	0x03	-0.2214	0.4662	0.6195	0.5915	75.67	30.69	302.91
2026-06-22T15:11:51.4523939+08:00	0x08	0.0475	-0.0110	0.2334	0.9712	27.03	0.04	5.58
2026-06-22T15:11:51.4523939+08:00	0x01	0.3378	0.4834	-0.7693	0.2460	187.20	317.22	65.48
2026-06-22T15:11:51.4523939+08:00	0x06	0.0054	0.0155	-0.4362	0.8997	308.28	1.33	1.34
2026-06-22T15:11:51.4523939+08:00	0x02	0.0473	0.4972	-0.8663	-0.0093	172.88	349.69	59.38
2026-06-22T15:11:51.4523939+08:00	0x09	0.0770	0.0011	-0.0220	0.9968	357.47	359.93	8.84
2026-06-22T15:11:51.4523939+08:00	0x03	-0.2208	0.4658	0.6200	0.5915	75.79	30.61	302.98
2026-06-22T15:11:51.4523939+08:00	0x08	0.0475	-0.0110	0.2334	0.9712	27.03	0.04	5.58
2026-06-22T15:11:51.4533907+08:00	0x01	0.3382	0.4831	-0.7696	0.2448	186.90	317.00	65.39
2026-06-22T15:11:51.4533907+08:00	0x02	0.0460	0.4979	-0.8659	-0.0098	172.90	349.87	59.48
2026-06-22T15:11:51.4533907+08:00	0x09	0.0770	0.0011	-0.0220	0.9968	357.47	359.93	8.83
2026-06-22T15:11:51.4533907+08:00	0x03	-0.2212	0.4649	0.6212	0.5908	76.14	30.29	302.97
2026-06-22T15:11:51.4533907+08:00	0x07	0.0071	-0.0331	-0.2977	0.9541	325.35	356.14	359.64
2026-06-22T15:11:51.4533907+08:00	0x08	0.0475	-0.0110	0.2334	0.9712	27.03	0.04	5.58
2026-06-22T15:11:51.4533907+08:00	0x06	0.0054	0.0155	-0.4362	0.8997	308.28	1.33	1.34
2026-06-22T15:11:51.4533907+08:00	0x01	0.3384	0.4843	-0.7688	0.2448	186.74	316.82	65.54
2026-06-22T15:11:51.4533907+08:00	0x02	0.0476	0.4992	-0.8651	-0.0108	172.48	349.39	59.62
2026-06-22T15:11:51.4533907+08:00	0x09	0.0770	0.0011	-0.0220	0.9968	357.47	359.93	8.83
2026-06-22T15:11:51.4533907+08:00	0x03	-0.2202	0.4645	0.6209	0.5918	76.01	30.39	303.13
2026-06-22T15:11:51.4533907+08:00	0x07	0.0071	-0.0331	-0.2977	0.9541	325.35	356.14	359.64
2026-06-22T15:11:51.4533907+08:00	0x08	0.0475	-0.0110	0.2334	0.9712	27.03	0.04	5.58
2026-06-22T15:11:51.4533907+08:00	0x04	-0.3603	0.0885	0.4186	-0.8289	297.22	328.25	31.55
2026-06-22T15:11:51.4533907+08:00	0x01	0.3381	0.4850	-0.7681	0.2459	186.95	316.98	65.70
2026-06-22T15:11:51.4533907+08:00	0x02	0.0498	0.4985	-0.8654	-0.0101	172.38	349.05	59.52
2026-06-22T15:11:51.4533907+08:00	0x09	0.0770	0.0011	-0.0220	0.9968	357.47	359.93	8.84
2026-06-22T15:11:51.4533907+08:00	0x03	-0.2205	0.4648	0.6217	0.5906	76.23	30.29	303.03
2026-06-22T15:11:51.4533907+08:00	0x07	0.0071	-0.0331	-0.2977	0.9541	325.35	356.14	359.65
2026-06-22T15:11:51.4533907+08:00	0x06	0.0054	0.0155	-0.4362	0.8997	308.28	1.33	1.34
2026-06-22T15:11:51.4533907+08:00	0x04	-0.3601	0.0878	0.4181	-0.8294	297.33	328.37	31.60
2026-06-22T15:11:51.4533907+08:00	0x01	0.3369	0.4845	-0.7694	0.2446	186.93	317.16	65.55
2026-06-22T15:11:51.4533907+08:00	0x02	0.0479	0.4995	-0.8649	-0.0072	173.13	349.71	59.71
2026-06-22T15:11:51.4533907+08:00	0x09	0.0770	0.0011	-0.0220	0.9968	357.47	359.93	8.84
2026-06-22T15:11:51.4533907+08:00	0x03	-0.2202	0.4647	0.6222	0.5903	76.33	30.25	303.05
2026-06-22T15:11:51.4533907+08:00	0x07	0.0071	-0.0331	-0.2977	0.9541	325.35	356.14	359.65
2026-06-22T15:11:51.4533907+08:00	0x04	-0.3624	0.0887	0.4173	-0.8287	297.24	328.09	31.77
2026-06-22T15:11:51.4533907+08:00	0x06	0.0054	0.0155	-0.4362	0.8997	308.28	1.33	1.34
2026-06-22T15:11:51.4533907+08:00	0x01	0.3367	0.4845	-0.7695	0.2444	186.91	317.18	65.54
2026-06-22T15:11:51.4533907+08:00	0x02	0.0493	0.4973	-0.8661	-0.0105	172.41	349.15	59.36
2026-06-22T15:11:51.4533907+08:00	0x09	0.0770	0.0011	-0.0220	0.9968	357.47	359.93	8.84
2026-06-22T15:11:51.4533907+08:00	0x03	-0.2203	0.4646	0.6235	0.5890	76.68	30.05	302.99
2026-06-22T15:11:51.4533907+08:00	0x07	0.0071	-0.0331	-0.2977	0.9541	325.35	356.14	359.65
2026-06-22T15:11:51.4533907+08:00	0x06	0.0054	0.0155	-0.4362	0.8997	308.28	1.33	1.34
2026-06-22T15:11:51.4533907+08:00	0x01	0.3392	0.4777	-0.7701	0.2526	188.89	318.14	65.10
2026-06-22T15:11:51.4533907+08:00	0x09	0.0770	0.0011	-0.0220	0.9968	357.47	359.93	8.84
2026-06-22T15:11:51.4533907+08:00	0x03	-0.2193	0.4659	0.6249	0.5868	76.93	30.14	302.90
2026-06-22T15:11:51.4533907+08:00	0x07	0.0071	-0.0331	-0.2977	0.9541	325.35	356.14	359.65
2026-06-22T15:11:51.4533907+08:00	0x04	-0.3362	0.0563	0.4385	-0.8316	296.91	333.16	30.65
2026-06-22T15:11:51.4533907+08:00	0x06	0.0054	0.0155	-0.4362	0.8997	308.28	1.33	1.34
2026-06-22T15:11:51.4533907+08:00	0x01	0.3323	0.5085	-0.7667	0.2078	177.21	311.30	66.61
2026-06-22T15:11:51.4533907+08:00	0x09	0.0770	0.0011	-0.0220	0.9968	357.47	359.93	8.83
2026-06-22T15:11:51.4533907+08:00	0x03	-0.2025	0.3952	0.6426	0.6245	81.83	21.07	310.47
2026-06-22T15:11:51.4533907+08:00	0x07	0.0071	-0.0331	-0.2977	0.9541	325.35	356.14	359.64
2026-06-22T15:11:51.4533907+08:00	0x04	-0.3421	0.0126	0.4436	-0.8283	296.61	337.04	33.75
2026-06-22T15:11:51.4533907+08:00	0x06	0.0054	0.0155	-0.4362	0.8997	308.28	1.33	1.34
2026-06-22T15:11:51.4533907+08:00	0x01	0.3367	0.5165	-0.7652	0.1852	170.81	306.50	66.23
2026-06-22T15:11:51.4533907+08:00	0x09	0.0770	0.0011	-0.0220	0.9968	357.47	359.93	8.84
2026-06-22T15:11:51.4533907+08:00	0x02	0.0486	0.5210	-0.8518	-0.0262	168.20	346.33	62.25
2026-06-22T15:11:51.4533907+08:00	0x03	-0.2140	0.3912	0.6544	0.6107	85.30	18.17	309.34
2026-06-22T15:11:51.4533907+08:00	0x08	0.0475	-0.0110	0.2334	0.9712	27.03	0.04	5.59
2026-06-22T15:11:51.4533907+08:00	0x06	0.0054	0.0155	-0.4362	0.8997	308.28	1.33	1.34
2026-06-22T15:11:51.4543880+08:00	0x01	0.3384	0.5126	-0.7660	0.1897	172.03	307.15	66.01
2026-06-22T15:11:51.4543880+08:00	0x09	0.0770	0.0011	-0.0220	0.9968	357.47	359.93	8.84
2026-06-22T15:11:51.4543880+08:00	0x02	0.0471	0.5200	-0.8524	-0.0282	168.03	346.45	62.10
2026-06-22T15:11:51.4543880+08:00	0x03	-0.2159	0.3978	0.6586	0.6012	86.37	18.18	308.41
2026-06-22T15:11:51.4543880+08:00	0x04	-0.3618	0.0247	0.4224	-0.8307	297.93	334.81	35.47
2026-06-22T15:11:51.4543880+08:00	0x07	0.0071	-0.0331	-0.2977	0.9541	325.35	356.14	359.64
2026-06-22T15:11:51.4543880+08:00	0x06	0.0054	0.0155	-0.4362	0.8997	308.28	1.33	1.34
2026-06-22T15:11:51.4543880+08:00	0x01	0.3395	0.5080	-0.7679	0.1927	173.18	307.90	65.63
2026-06-22T15:11:51.4543880+08:00	0x09	0.0770	0.0011	-0.0220	0.9968	357.47	359.93	8.84
2026-06-22T15:11:51.4543880+08:00	0x02	0.0494	0.5155	-0.8550	-0.0273	168.19	346.34	61.50
2026-06-22T15:11:51.4543880+08:00	0x03	-0.2156	0.4008	0.6603	0.5974	86.75	18.34	308.11
2026-06-22T15:11:51.4543880+08:00	0x07	0.0071	-0.0331	-0.2977	0.9541	325.35	356.14	359.64
2026-06-22T15:11:51.4543880+08:00	0x04	-0.3506	0.0222	0.4155	-0.8390	299.85	336.43	34.74
2026-06-22T15:11:51.4543880+08:00	0x06	0.0054	0.0155	-0.4362	0.8997	308.28	1.33	1.34
2026-06-22T15:11:51.4543880+08:00	0x02	0.0551	0.5372	-0.8396	-0.0589	159.18	339.49	63.58
2026-06-22T15:11:51.4543880+08:00	0x09	0.0770	0.0011	-0.0220	0.9968	357.47	359.93	8.84
2026-06-22T15:11:51.4543880+08:00	0x03	-0.1937	0.4118	0.6562	0.6019	84.22	22.41	309.32
2026-06-22T15:11:51.4543880+08:00	0x07	0.0071	-0.0331	-0.2977	0.9541	325.35	356.14	359.64
2026-06-22T15:11:51.4543880+08:00	0x04	-0.4052	-0.0010	0.3063	-0.8614	312.57	339.85	44.32
2026-06-22T15:11:51.4543880+08:00	0x08	0.0475	-0.0110	0.2334	0.9712	27.03	0.04	5.59
2026-06-22T15:11:51.4543880+08:00	0x06	0.0054	0.0155	-0.4362	0.8997	308.28	1.33	1.33
2026-06-22T15:11:51.4543880+08:00	0x01	0.2923	0.5219	-0.7584	0.2590	195.30	328.70	70.56
2026-06-22T15:11:51.4543880+08:00	0x09	0.0770	0.0011	-0.0220	0.9968	357.47	359.93	8.84
2026-06-22T15:11:51.4543880+08:00	0x02	0.0463	0.4600	-0.8819	-0.0924	159.84	343.78	53.39
2026-06-22T15:11:51.4543880+08:00	0x03	-0.2715	0.3909	0.7343	0.4840	114.37	357.87	303.19
2026-06-22T15:11:51.4543880+08:00	0x07	0.0071	-0.0331	-0.2977	0.9541	325.35	356.14	359.64
2026-06-22T15:11:51.4543880+08:00	0x04	-0.4036	-0.0003	0.3097	-0.8609	312.15	339.70	44.04
2026-06-22T15:11:51.4543880+08:00	0x08	0.0475	-0.0110	0.2334	0.9712	27.03	0.04	5.59
2026-06-22T15:11:51.4543880+08:00	0x01	0.2937	0.5215	-0.7587	0.2571	194.50	327.94	70.46
2026-06-22T15:11:51.4543880+08:00	0x02	-0.1828	0.4659	-0.8605	0.0948	211.33	38.92	50.11
2026-06-22T15:11:51.4543880+08:00	0x03	-0.2693	0.3916	0.7323	0.4878	113.36	358.72	303.26
2026-06-22T15:11:51.4543880+08:00	0x07	0.0071	-0.0331	-0.2977	0.9541	325.35	356.14	359.64
2026-06-22T15:11:51.4543880+08:00	0x08	0.0475	-0.0110	0.2334	0.9712	27.03	0.04	5.59
2026-06-22T15:11:51.4543880+08:00	0x01	0.0912	0.5591	-0.6030	0.5617	294.00	55.34	50.96
2026-06-22T15:11:51.4543880+08:00	0x02	-0.1962	0.5767	-0.7930	0.0081	215.53	51.17	65.71
2026-06-22T15:11:51.4543880+08:00	0x03	-0.4085	0.3024	0.8611	0.0146	195.20	304.83	327.82
2026-06-22T15:11:51.4543880+08:00	0x04	-0.5064	0.0243	0.1141	-0.8544	334.54	342.09	59.28
2026-06-22T15:11:51.4543880+08:00	0x06	0.0054	0.0155	-0.4362	0.8997	308.28	1.33	1.33
2026-06-22T15:11:51.4543880+08:00	0x01	0.0999	0.5729	-0.5839	0.5665	298.58	58.70	51.46
2026-06-22T15:11:51.4543880+08:00	0x09	0.0770	0.0011	-0.0220	0.9968	357.47	359.93	8.84
2026-06-22T15:11:51.4543880+08:00	0x03	-0.4273	0.2877	0.8561	0.0420	191.82	303.57	328.10
2026-06-22T15:11:51.4543880+08:00	0x07	0.0071	-0.0331	-0.2977	0.9541	325.35	356.14	359.64
2026-06-22T15:11:51.4543880+08:00	0x08	0.0475	-0.0110	0.2334	0.9712	27.03	0.04	5.59
2026-06-22T15:11:51.4543880+08:00	0x04	-0.5158	0.0769	0.2486	-0.8162	305.36	320.05	53.49
2026-06-22T15:11:51.4543880+08:00	0x01	0.1622	0.6246	-0.4864	0.5890	322.01	73.88	53.01
2026-06-22T15:11:51.4543880+08:00	0x02	-0.1958	0.5735	-0.7954	0.0107	215.26	50.66	65.25
2026-06-22T15:11:51.4543880+08:00	0x09	0.0770	0.0011	-0.0220	0.9968	357.47	359.93	8.84
2026-06-22T15:11:51.4543880+08:00	0x03	-0.4448	0.2521	0.8593	-0.0139	195.87	301.74	335.11
2026-06-22T15:11:51.4543880+08:00	0x07	0.0071	-0.0331	-0.2977	0.9541	325.35	356.14	359.64
2026-06-22T15:11:51.4543880+08:00	0x04	-0.4975	0.1680	0.2442	-0.8152	304.30	310.95	46.82
2026-06-22T15:11:51.4543880+08:00	0x06	0.0054	0.0155	-0.4362	0.8997	308.28	1.33	1.33
2026-06-22T15:11:51.4543880+08:00	0x01	0.1995	0.6714	-0.4004	0.5908	341.11	88.30	50.66
2026-06-22T15:11:51.4543880+08:00	0x02	-0.2767	0.6773	-0.6623	-0.1615	259.33	115.56	80.57
2026-06-22T15:11:51.4543880+08:00	0x09	0.0770	0.0011	-0.0220	0.9968	357.47	359.93	8.83
2026-06-22T15:11:51.4543880+08:00	0x03	-0.4411	0.2448	0.8630	0.0265	190.96	303.26	333.52
2026-06-22T15:11:51.4543880+08:00	0x07	0.0071	-0.0331	-0.2977	0.9541	325.35	356.14	359.64
2026-06-22T15:11:51.4543880+08:00	0x08	0.0475	-0.0110	0.2334	0.9712	27.03	0.04	5.59
2026-06-22T15:11:51.4543880+08:00	0x04	-0.4434	0.2243	0.2834	-0.8202	303.91	309.26	36.88
2026-06-22T15:11:51.4543880+08:00	0x06	0.0054	0.0155	-0.4362	0.8997	308.28	1.33	1.33
2026-06-22T15:11:51.4553852+08:00	0x01	0.1943	0.6862	-0.3832	0.5870	343.80	91.50	48.94
2026-06-22T15:11:51.4553852+08:00	0x09	0.0770	0.0011	-0.0220	0.9968	357.47	359.93	8.83
2026-06-22T15:11:51.4553852+08:00	0x03	-0.4342	0.2351	0.8692	-0.0277	195.86	303.72	337.38
2026-06-22T15:11:51.4553852+08:00	0x04	-0.4317	0.2390	0.3223	-0.8079	299.98	307.68	32.92
2026-06-22T15:11:51.4553852+08:00	0x07	0.0071	-0.0331	-0.2977	0.9541	325.35	356.14	359.64
2026-06-22T15:11:51.4553852+08:00	0x06	0.0054	0.0155	-0.4362	0.8997	308.28	1.33	1.33
2026-06-22T15:11:51.4553852+08:00	0x01	0.1921	0.6891	-0.3784	0.5874	344.30	92.03	48.35
2026-06-22T15:11:51.4553852+08:00	0x09	0.0770	0.0011	-0.0220	0.9968	357.47	359.93	8.84
2026-06-22T15:11:51.4553852+08:00	0x03	-0.4334	0.2233	0.8715	-0.0530	197.72	303.95	339.92
2026-06-22T15:11:51.4553852+08:00	0x07	0.0071	-0.0331	-0.2977	0.9541	325.35	356.14	359.65
2026-06-22T15:11:51.4553852+08:00	0x08	0.0475	-0.0110	0.2334	0.9712	27.03	0.04	5.58
2026-06-22T15:11:51.4553852+08:00	0x06	0.0054	0.0155	-0.4362	0.8997	308.28	1.33	1.33
2026-06-22T15:11:51.4553852+08:00	0x04	-0.4317	0.2588	0.3706	-0.7806	293.73	304.27	28.82
2026-06-22T15:11:51.4553852+08:00	0x09	0.0770	0.0011	-0.0220	0.9968	357.47	359.93	8.84
2026-06-22T15:11:51.4553852+08:00	0x03	-0.4346	0.2242	0.8707	-0.0527	197.78	303.77	339.85
2026-06-22T15:11:51.4553852+08:00	0x07	0.0071	-0.0331	-0.2977	0.9541	325.35	356.13	359.65
2026-06-22T15:11:51.4553852+08:00	0x04	-0.4251	0.2678	0.3790	-0.7771	293.27	303.84	27.24
2026-06-22T15:11:51.4553852+08:00	0x06	0.0054	0.0155	-0.4362	0.8997	308.28	1.33	1.33
2026-06-22T15:11:51.4553852+08:00	0x01	0.1883	0.6917	-0.3706	0.5906	344.84	92.34	47.31
2026-06-22T15:11:51.4553852+08:00	0x03	-0.4352	0.2239	0.8707	-0.0477	197.25	303.76	339.61
2026-06-22T15:11:51.4553852+08:00	0x07	0.0071	-0.0331	-0.2977	0.9541	325.35	356.14	359.65
2026-06-22T15:11:51.4553852+08:00	0x08	0.0475	-0.0110	0.2334	0.9712	27.03	0.04	5.59
2026-06-22T15:11:51.4553852+08:00	0x09	0.0770	0.0011	-0.0220	0.9968	357.47	359.93	8.84
2026-06-22T15:11:51.4553852+08:00	0x03	-0.4374	0.2287	0.8695	0.0195	190.53	304.30	335.50
2026-06-22T15:11:51.4553852+08:00	0x07	0.0071	-0.0331	-0.2977	0.9541	325.35	356.14	359.65
2026-06-22T15:11:51.4553852+08:00	0x08	0.0475	-0.0110	0.2334	0.9712	27.03	0.04	5.59
2026-06-22T15:11:51.4553852+08:00	0x04	-0.4605	0.2861	0.4094	-0.7338	285.57	297.35	26.20
2026-06-22T15:11:51.4553852+08:00	0x09	0.0770	0.0011	-0.0220	0.9968	357.47	359.93	8.83
2026-06-22T15:11:51.4553852+08:00	0x02	-0.2582	0.7035	-0.6257	-0.2168	312.31	171.64	82.86
2026-06-22T15:11:51.4553852+08:00	0x03	-0.4402	0.2280	0.8682	0.0199	190.52	303.94	335.58
2026-06-22T15:11:51.4553852+08:00	0x07	0.0071	-0.0331	-0.2977	0.9541	325.35	356.14	359.65
2026-06-22T15:11:51.4553852+08:00	0x08	0.0475	-0.0110	0.2334	0.9712	27.03	0.04	5.59
2026-06-22T15:11:51.4553852+08:00	0x04	-0.4575	0.2865	0.4170	-0.7313	285.00	297.53	25.48
2026-06-22T15:11:51.4553852+08:00	0x09	0.0770	0.0011	-0.0220	0.9968	357.47	359.93	8.84
2026-06-22T15:11:51.4553852+08:00	0x03	-0.4414	0.2261	0.8682	0.0180	190.62	303.82	335.89
2026-06-22T15:11:51.4553852+08:00	0x07	0.0071	-0.0331	-0.2977	0.9541	325.35	356.14	359.65
2026-06-22T15:11:51.4553852+08:00	0x08	0.0475	-0.0110	0.2334	0.9712	27.03	0.04	5.58
2026-06-22T15:11:51.4553852+08:00	0x09	0.0770	0.0011	-0.0220	0.9968	357.47	359.93	8.84
2026-06-22T15:11:51.4553852+08:00	0x01	0.1905	0.6946	-0.3585	0.5939	346.48	93.12	46.41
2026-06-22T15:11:51.4553852+08:00	0x03	-0.4412	0.2269	0.8681	0.0190	190.56	303.84	335.75
2026-06-22T15:11:51.4553852+08:00	0x07	0.0071	-0.0331	-0.2977	0.9541	325.35	356.14	359.65
2026-06-22T15:11:51.4553852+08:00	0x06	0.0054	0.0155	-0.4362	0.8997	308.28	1.33	1.34
2026-06-22T15:11:51.4553852+08:00	0x04	-0.4513	0.2783	0.4210	-0.7359	285.29	299.00	25.47
2026-06-22T15:11:51.4553852+08:00	0x09	0.0770	0.0011	-0.0220	0.9968	357.47	359.93	8.84
2026-06-22T15:11:51.4553852+08:00	0x01	0.1909	0.6939	-0.3597	0.5938	346.35	92.99	46.54
2026-06-22T15:11:51.4553852+08:00	0x07	0.0071	-0.0331	-0.2977	0.9541	325.35	356.14	359.65
2026-06-22T15:11:51.4553852+08:00	0x08	0.0475	-0.0110	0.2334	0.9712	27.03	0.04	5.59
2026-06-22T15:11:51.4553852+08:00	0x04	-0.4474	0.2749	0.4254	-0.7371	285.23	299.71	25.20
2026-06-22T15:11:51.4553852+08:00	0x09	0.0770	0.0011	-0.0220	0.9968	357.47	359.93	8.84
2026-06-22T15:11:51.4553852+08:00	0x01	0.1904	0.6933	-0.3574	0.5960	346.44	92.82	46.27
2026-06-22T15:11:51.4553852+08:00	0x02	-0.2397	0.7068	-0.6260	-0.2262	331.23	189.77	83.36
2026-06-22T15:11:51.4553852+08:00	0x07	0.0071	-0.0331	-0.2977	0.9541	325.35	356.14	359.65
2026-06-22T15:11:51.4553852+08:00	0x04	-0.4496	0.2754	0.4265	-0.7349	284.84	299.39	25.21
2026-06-22T15:11:51.4553852+08:00	0x09	0.0770	0.0011	-0.0220	0.9968	357.47	359.93	8.84
2026-06-22T15:11:51.4553852+08:00	0x06	0.0054	0.0155	-0.4362	0.8997	308.28	1.32	1.33
2026-06-22T15:11:51.4553852+08:00	0x03	-0.4407	0.2292	0.8676	0.0237	190.21	303.90	335.25
2026-06-22T15:11:51.4553852+08:00	0x07	0.0071	-0.0331	-0.2977	0.9541	325.35	356.14	359.65
2026-06-22T15:11:51.4553852+08:00	0x08	0.0475	-0.0110	0.2334	0.9712	27.03	0.04	5.59
2026-06-22T15:11:51.4564870+08:00	0x09	0.0770	0.0011	-0.0220	0.9968	357.47	359.93	8.84
2026-06-22T15:11:51.4564870+08:00	0x01	0.1860	0.6975	-0.3553	0.5938	346.53	93.48	45.78
2026-06-22T15:11:51.4564870+08:00	0x07	0.0071	-0.0331	-0.2977	0.9541	325.35	356.14	359.65
2026-06-22T15:11:51.4564870+08:00	0x06	0.0054	0.0155	-0.4362	0.8997	308.28	1.32	1.33
2026-06-22T15:11:51.4564870+08:00	0x04	-0.4448	0.2697	0.4303	-0.7378	284.98	300.45	25.10
2026-06-22T15:11:51.4564870+08:00	0x09	0.0771	0.0011	-0.0220	0.9968	357.47	359.93	8.84
2026-06-22T15:11:51.4564870+08:00	0x03	-0.4335	0.2289	0.8712	0.0251	189.82	304.92	335.13
2026-06-22T15:11:51.4564870+08:00	0x07	0.0071	-0.0331	-0.2977	0.9541	325.35	356.14	359.65
2026-06-22T15:11:51.4564870+08:00	0x04	-0.4466	0.2721	0.4304	-0.7357	284.74	299.99	25.02
2026-06-22T15:11:51.4564870+08:00	0x06	0.0054	0.0155	-0.4362	0.8997	308.28	1.32	1.33
2026-06-22T15:11:51.4564870+08:00	0x09	0.0770	0.0011	-0.0220	0.9968	357.47	359.93	8.84
2026-06-22T15:11:51.4564870+08:00	0x02	-0.2380	0.7080	-0.6199	-0.2404	341.73	201.36	82.86
2026-06-22T15:11:51.4564870+08:00	0x07	0.0071	-0.0331	-0.2977	0.9541	325.35	356.14	359.65
2026-06-22T15:11:51.4564870+08:00	0x08	0.0475	-0.0110	0.2334	0.9712	27.03	0.04	5.59
2026-06-22T15:11:51.4564870+08:00	0x03	-0.4339	0.2269	0.8717	0.0227	189.96	304.91	335.47
2026-06-22T15:11:51.4564870+08:00	0x07	0.0071	-0.0331	-0.2977	0.9541	325.35	356.14	359.65
2026-06-22T15:11:51.4564870+08:00	0x09	0.0770	0.0011	-0.0220	0.9968	357.47	359.93	8.84
2026-06-22T15:11:51.4564870+08:00	0x08	0.0475	-0.0110	0.2334	0.9712	27.03	0.04	5.58
2026-06-22T15:11:51.4564870+08:00	0x04	-0.4424	0.2739	0.4288	-0.7385	285.38	300.32	24.74
2026-06-22T15:11:51.4564870+08:00	0x06	0.0054	0.0155	-0.4362	0.8997	308.28	1.32	1.33
2026-06-22T15:11:51.4564870+08:00	0x09	0.0770	0.0011	-0.0220	0.9968	357.47	359.93	8.84
2026-06-22T15:11:51.4564870+08:00	0x03	-0.4317	0.2266	0.8728	0.0209	190.07	305.18	335.57
2026-06-22T15:11:51.4564870+08:00	0x07	0.0071	-0.0331	-0.2977	0.9541	325.35	356.14	359.65
2026-06-22T15:11:51.4564870+08:00	0x06	0.0054	0.0155	-0.4362	0.8997	308.28	1.32	1.33
2026-06-22T15:11:51.4564870+08:00	0x08	0.0475	-0.0110	0.2334	0.9712	27.03	0.04	5.58
2026-06-22T15:11:51.4564870+08:00	0x04	-0.4480	0.2664	0.4178	-0.7441	286.16	300.64	26.37
2026-06-22T15:11:51.4564870+08:00	0x09	0.0770	0.0011	-0.0220	0.9968	357.47	359.93	8.84
2026-06-22T15:11:51.4564870+08:00	0x03	-0.4347	0.2217	0.8728	0.0133	190.65	304.82	336.52
2026-06-22T15:11:51.4564870+08:00	0x01	0.1906	0.6985	-0.3656	0.5848	346.26	94.10	47.21
2026-06-22T15:11:51.4564870+08:00	0x07	0.0071	-0.0331	-0.2977	0.9541	325.35	356.14	359.65
2026-06-22T15:11:51.4564870+08:00	0x04	-0.4456	0.2619	0.4223	-0.7446	285.93	301.28	26.26
2026-06-22T15:11:51.4569987+08:00	0x09	0.0770	0.0011	-0.0220	0.9968	357.47	359.93	8.84
2026-06-22T15:11:51.4569987+08:00	0x01	0.1920	0.6979	-0.3644	0.5858	346.47	94.05	47.19
2026-06-22T15:11:51.4569987+08:00	0x02	-0.2299	0.7070	-0.6210	-0.2485	352.38	212.01	82.87
2026-06-22T15:11:51.4569987+08:00	0x04	-0.4436	0.2634	0.4287	-0.7416	285.36	301.23	25.60
2026-06-22T15:11:51.4569987+08:00	0x06	0.0054	0.0155	-0.4362	0.8997	308.28	1.32	1.33
2026-06-22T15:11:51.4569987+08:00	0x09	0.0770	0.0011	-0.0220	0.9968	357.47	359.93	8.84
2026-06-22T15:11:51.4569987+08:00	0x07	0.0070	-0.0331	-0.2977	0.9541	325.35	356.14	359.64
2026-06-22T15:11:51.4569987+08:00	0x03	-0.4311	0.2289	0.8724	0.0262	189.63	305.27	335.04
2026-06-22T15:11:51.4569987+08:00	0x02	-0.2293	0.7066	-0.6210	-0.2500	353.75	213.45	82.87
2026-06-22T15:11:51.4569987+08:00	0x04	-0.4427	0.2651	0.4278	-0.7421	285.56	301.19	25.48
2026-06-22T15:11:51.4569987+08:00	0x08	0.0475	-0.0110	0.2334	0.9712	27.03	0.04	5.58
2026-06-22T15:11:51.4569987+08:00	0x09	0.0770	0.0011	-0.0220	0.9968	357.47	359.93	8.84
2026-06-22T15:11:51.4569987+08:00	0x03	-0.4316	0.2284	0.8723	0.0241	189.84	305.19	335.21
2026-06-22T15:11:51.4569987+08:00	0x02	-0.2268	0.7037	-0.6251	-0.2502	356.82	216.31	83.34
2026-06-22T15:11:51.4569987+08:00	0x04	-0.4526	0.2600	0.4173	-0.7439	285.79	300.76	27.15
2026-06-22T15:11:51.4569987+08:00	0x06	0.0054	0.0155	-0.4362	0.8997	308.28	1.32	1.33
2026-06-22T15:11:51.4569987+08:00	0x09	0.0770	0.0011	-0.0220	0.9968	357.47	359.93	8.84
2026-06-22T15:11:51.4569987+08:00	0x03	-0.4315	0.2277	0.8725	0.0256	189.63	305.24	335.20
2026-06-22T15:11:51.4569987+08:00	0x07	0.0070	-0.0331	-0.2977	0.9541	325.35	356.14	359.64
2026-06-22T15:11:51.4569987+08:00	0x02	-0.2170	0.7064	-0.6268	-0.2469	1.42	219.79	83.11
2026-06-22T15:11:51.4569987+08:00	0x04	-0.4493	0.2608	0.4253	-0.7411	285.18	300.91	26.37
2026-06-22T15:11:51.4569987+08:00	0x08	0.0475	-0.0110	0.2334	0.9712	27.03	0.04	5.59
2026-06-22T15:11:51.4569987+08:00	0x09	0.0770	0.0011	-0.0220	0.9968	357.47	359.93	8.84
2026-06-22T15:11:51.4569987+08:00	0x03	-0.4168	0.2151	0.8803	0.0720	183.35	308.55	333.98
2026-06-22T15:11:51.4569987+08:00	0x07	0.0070	-0.0331	-0.2977	0.9541	325.35	356.14	359.64
2026-06-22T15:11:51.4569987+08:00	0x02	-0.3139	0.6772	-0.6516	-0.1354	259.48	116.84	75.34
2026-06-22T15:11:51.4569987+08:00	0x04	-0.3006	0.0666	0.5008	-0.8090	290.49	333.23	24.81
2026-06-22T15:11:51.4569987+08:00	0x06	0.0054	0.0155	-0.4362	0.8997	308.28	1.32	1.33
2026-06-22T15:11:51.4569987+08:00	0x09	0.0770	0.0011	-0.0220	0.9968	357.47	359.93	8.84
2026-06-22T15:11:51.4569987+08:00	0x03	-0.4221	0.1986	0.8794	-0.0953	200.37	305.89	344.40
2026-06-22T15:11:51.4569987+08:00	0x01	0.1950	0.6951	-0.3480	0.5981	347.98	93.48	45.81
2026-06-22T15:11:51.4569987+08:00	0x07	0.0070	-0.0331	-0.2977	0.9541	325.35	356.14	359.64
2026-06-22T15:11:51.4569987+08:00	0x06	0.0054	0.0155	-0.4362	0.8997	308.28	1.32	1.33
2026-06-22T15:11:51.4569987+08:00	0x04	-0.3556	0.0682	0.4779	-0.8003	289.65	328.68	30.27
2026-06-22T15:11:51.4569987+08:00	0x09	0.0770	0.0011	-0.0220	0.9968	357.47	359.93	8.84
2026-06-22T15:11:51.4569987+08:00	0x03	-0.3991	0.1799	0.8981	0.0423	184.15	311.32	339.09
2026-06-22T15:11:51.4569987+08:00	0x01	0.1948	0.6823	-0.3672	0.6014	344.97	90.60	47.34
2026-06-22T15:11:51.4569987+08:00	0x07	0.0071	-0.0331	-0.2977	0.9541	325.35	356.14	359.64
2026-06-22T15:11:51.4569987+08:00	0x02	-0.2356	0.6750	-0.6750	-0.1821	252.87	107.26	85.66
2026-06-22T15:11:51.4569987+08:00	0x04	-0.3154	0.1774	0.6503	-0.6679	267.39	318.75	10.99
2026-06-22T15:11:51.4569987+08:00	0x06	0.0054	0.0155	-0.4362	0.8997	308.28	1.32	1.33
2026-06-22T15:11:51.4569987+08:00	0x09	0.0770	0.0011	-0.0220	0.9968	357.47	359.93	8.84
2026-06-22T15:11:51.4569987+08:00	0x03	-0.3888	0.2872	0.8734	0.0593	188.23	309.55	326.78
2026-06-22T15:11:51.4569987+08:00	0x01	0.1104	0.6112	-0.4698	0.6273	319.61	70.98	45.47
2026-06-22T15:11:51.4569987+08:00	0x02	-0.1618	0.5803	-0.7872	-0.1322	175.98	20.25	73.00
2026-06-22T15:11:51.4569987+08:00	0x08	0.0475	-0.0110	0.2334	0.9712	27.03	0.04	5.59
2026-06-22T15:11:51.4569987+08:00	0x06	0.0054	0.0155	-0.4362	0.8997	308.28	1.33	1.34
2026-06-22T15:11:51.4569987+08:00	0x09	0.0770	0.0011	-0.0220	0.9968	357.47	359.93	8.84
2026-06-22T15:11:51.4569987+08:00	0x03	-0.3914	0.2864	0.8715	0.0727	186.73	309.59	326.21
2026-06-22T15:11:51.4569987+08:00	0x07	0.0070	-0.0331	-0.2977	0.9541	325.35	356.14	359.64
2026-06-22T15:11:51.4569987+08:00	0x02	-0.1585	0.5867	-0.7740	-0.1778	160.22	7.98	74.70
2026-06-22T15:11:51.4569987+08:00	0x04	-0.3344	0.1766	0.5962	-0.7082	273.89	317.74	15.25
2026-06-22T15:11:51.4569987+08:00	0x09	0.0770	0.0011	-0.0220	0.9968	357.47	359.93	8.84
2026-06-22T15:11:51.4569987+08:00	0x03	-0.3969	0.3019	0.8656	0.0451	191.23	307.29	326.05
2026-06-22T15:11:51.4569987+08:00	0x07	0.0071	-0.0331	-0.2977	0.9541	325.35	356.14	359.64
2026-06-22T15:11:51.4569987+08:00	0x02	0.0182	0.6309	-0.7173	-0.2951	93.81	297.02	63.43
2026-06-22T15:11:51.4569987+08:00	0x04	-0.3527	0.1250	0.5893	-0.7160	273.47	320.44	20.96
2026-06-22T15:11:51.4569987+08:00	0x06	0.0054	0.0155	-0.4362	0.8997	308.28	1.33	1.34
2026-06-22T15:11:51.4569987+08:00	0x09	0.0770	0.0011	-0.0220	0.9968	357.47	359.93	8.84
2026-06-22T15:11:51.4569987+08:00	0x03	-0.3802	0.2854	0.8623	0.1745	173.82	314.58	321.33
2026-06-22T15:11:51.4569987+08:00	0x07	0.0071	-0.0331	-0.2977	0.9541	325.35	356.14	359.64
2026-06-22T15:11:51.4579919+08:00	0x02	0.0313	0.6852	-0.6576	-0.3115	73.60	277.18	61.85
2026-06-22T15:11:51.4579919+08:00	0x06	0.0054	0.0155	-0.4362	0.8997	308.28	1.32	1.33
2026-06-22T15:11:51.4579919+08:00	0x04	-0.4306	0.1976	0.4507	-0.7565	284.65	308.73	28.26
2026-06-22T15:11:51.4579919+08:00	0x08	0.0475	-0.0110	0.2334	0.9712	27.03	0.04	5.58
2026-06-22T15:11:51.4579919+08:00	0x09	0.0770	0.0011	-0.0220	0.9968	357.47	359.93	8.84
2026-06-22T15:11:51.4579919+08:00	0x07	0.0071	-0.0331	-0.2977	0.9541	325.35	356.14	359.64
2026-06-22T15:11:51.4579919+08:00	0x01	0.3471	0.5383	-0.5735	0.5107	295.52	40.22	76.41
2026-06-22T15:11:51.4579919+08:00	0x02	0.0404	0.7101	-0.6450	-0.2795	68.50	268.51	63.31
2026-06-22T15:11:51.4579919+08:00	0x06	0.0054	0.0155	-0.4362	0.8997	308.28	1.32	1.33
2026-06-22T15:11:51.4579919+08:00	0x08	0.0475	-0.0110	0.2334	0.9712	27.03	0.04	5.58
2026-06-22T15:11:51.4579919+08:00	0x03	-0.3627	0.2817	0.7925	0.4012	140.27	328.89	312.48
2026-06-22T15:11:51.4579919+08:00	0x09	0.0770	0.0011	-0.0220	0.9968	357.47	359.93	8.84
2026-06-22T15:11:51.4579919+08:00	0x01	0.3362	0.5192	-0.5729	0.5377	293.74	36.41	73.04
2026-06-22T15:11:51.4579919+08:00	0x06	0.0054	0.0155	-0.4362	0.8997	308.28	1.33	1.34
2026-06-22T15:11:51.4579919+08:00	0x03	-0.3636	0.2820	0.7953	0.3947	141.38	328.34	312.64
2026-06-22T15:11:51.4579919+08:00	0x07	0.0071	-0.0331	-0.2977	0.9541	325.35	356.13	359.64
2026-06-22T15:11:51.4579919+08:00	0x02	-0.0208	0.6834	-0.7270	-0.0639	131.89	318.76	85.03
2026-06-22T15:11:51.4579919+08:00	0x09	0.0770	0.0011	-0.0220	0.9968	357.47	359.93	8.84
2026-06-22T15:11:51.4579919+08:00	0x08	0.0475	-0.0110	0.2334	0.9712	27.03	0.04	5.59
2026-06-22T15:11:51.4579919+08:00	0x06	0.0054	0.0155	-0.4362	0.8997	308.28	1.32	1.33
2026-06-22T15:11:51.4579919+08:00	0x04	-0.2992	0.2037	0.7613	-0.5380	250.24	317.56	0.67
2026-06-22T15:11:51.4579919+08:00	0x09	0.0771	0.0011	-0.0220	0.9968	357.47	359.93	8.84
2026-06-22T15:11:51.4579919+08:00	0x07	0.0071	-0.0331	-0.2977	0.9541	325.35	356.13	359.64
2026-06-22T15:11:51.4579919+08:00	0x06	0.0054	0.0155	-0.4362	0.8997	308.28	1.32	1.33
2026-06-22T15:11:51.4579919+08:00	0x02	-0.0240	0.6651	-0.7460	-0.0248	177.48	1.44	83.44
2026-06-22T15:11:51.4579919+08:00	0x04	-0.3211	0.1332	0.7118	-0.6103	257.05	320.75	11.67
2026-06-22T15:11:51.4579919+08:00	0x03	-0.2938	0.2993	0.7053	0.5715	104.90	353.63	310.71
2026-06-22T15:11:51.4579919+08:00	0x09	0.0771	0.0011	-0.0220	0.9968	357.47	359.93	8.84
2026-06-22T15:11:51.4579919+08:00	0x07	0.0071	-0.0331	-0.2977	0.9541	325.35	356.14	359.64
2026-06-22T15:11:51.4579919+08:00	0x01	0.3142	0.4905	-0.3917	0.7122	333.27	54.62	56.29
2026-06-22T15:11:51.4579919+08:00	0x02	-0.0458	0.6661	-0.7444	-0.0100	202.32	26.85	83.02
2026-06-22T15:11:51.4579919+08:00	0x08	0.0475	-0.0110	0.2334	0.9712	27.03	0.04	5.59
2026-06-22T15:11:51.4579919+08:00	0x04	-0.3316	0.1017	0.6517	-0.6745	265.81	323.14	18.35
2026-06-22T15:11:51.4579919+08:00	0x03	-0.2634	0.3300	0.5962	0.6829	76.78	11.99	311.14
2026-06-22T15:11:51.4579919+08:00	0x09	0.0771	0.0011	-0.0220	0.9968	357.47	359.93	8.84
2026-06-22T15:11:51.4579919+08:00	0x07	0.0071	-0.0331	-0.2977	0.9541	325.35	356.14	359.64
2026-06-22T15:11:51.4579919+08:00	0x02	-0.0524	0.6627	-0.7470	0.0089	214.23	37.77	81.54
2026-06-22T15:11:51.4579919+08:00	0x01	0.3058	0.4965	-0.4030	0.7054	331.51	54.82	56.26
2026-06-22T15:11:51.4579919+08:00	0x08	0.0475	-0.0110	0.2334	0.9712	27.03	0.04	5.58
2026-06-22T15:11:51.4579919+08:00	0x04	-0.3704	0.1037	0.5761	-0.7212	273.90	320.69	24.51
2026-06-22T15:11:51.4579919+08:00	0x03	-0.2525	0.3497	0.5901	0.6825	74.35	15.95	310.77
2026-06-22T15:11:51.4579919+08:00	0x09	0.0771	0.0011	-0.0220	0.9968	357.47	359.93	8.84
2026-06-22T15:11:51.4579919+08:00	0x07	0.0071	-0.0331	-0.2977	0.9541	325.35	356.14	359.64
2026-06-22T15:11:51.4579919+08:00	0x08	0.0475	-0.0110	0.2334	0.9712	27.03	0.04	5.59
2026-06-22T15:11:51.4579919+08:00	0x06	0.0054	0.0155	-0.4362	0.8997	308.28	1.33	1.34
2026-06-22T15:11:51.4579919+08:00	0x01	0.2921	0.5267	-0.4134	0.6829	332.22	60.13	56.55
2026-06-22T15:11:51.4579919+08:00	0x03	-0.3802	0.2882	0.8622	0.1705	174.50	314.35	321.20
2026-06-22T15:11:51.4579919+08:00	0x09	0.0771	0.0011	-0.0220	0.9968	357.47	359.93	8.84
2026-06-22T15:11:51.4579919+08:00	0x07	0.0071	-0.0331	-0.2977	0.9541	325.35	356.14	359.64
2026-06-22T15:11:51.4579919+08:00	0x01	0.2855	0.5924	-0.4094	0.6324	340.30	75.30	57.79
2026-06-22T15:11:51.4579919+08:00	0x08	0.0475	-0.0110	0.2334	0.9712	27.03	0.04	5.58
2026-06-22T15:11:51.4579919+08:00	0x04	-0.3693	0.1037	0.5784	-0.7199	273.66	320.75	24.32
2026-06-22T15:11:51.4579919+08:00	0x03	-0.4036	0.2401	0.8810	0.0571	186.06	309.26	332.02
2026-06-22T15:11:51.4579919+08:00	0x09	0.0771	0.0011	-0.0220	0.9968	357.47	359.93	8.84
2026-06-22T15:11:51.4579919+08:00	0x02	-0.1881	0.7260	-0.6600	-0.0452	285.23	124.35	77.22
2026-06-22T15:11:51.4579919+08:00	0x01	0.3547	0.6264	-0.3949	0.5709	359.15	94.77	64.11
2026-06-22T15:11:51.4579919+08:00	0x07	0.0071	-0.0331	-0.2977	0.9541	325.35	356.14	359.64
2026-06-22T15:11:51.4579919+08:00	0x04	-0.5014	-0.0258	0.3302	-0.7993	299.07	329.69	54.94
2026-06-22T15:11:51.4579919+08:00	0x03	-0.3626	0.1484	0.8780	0.2752	154.97	321.31	332.61
2026-06-22T15:11:51.4579919+08:00	0x09	0.0771	0.0011	-0.0220	0.9968	357.47	359.93	8.84
2026-06-22T15:11:51.4579919+08:00	0x07	0.0071	-0.0331	-0.2977	0.9541	325.35	356.14	359.64
2026-06-22T15:11:51.4589893+08:00	0x08	0.0475	-0.0110	0.2334	0.9712	27.03	0.04	5.59
2026-06-22T15:11:51.4589893+08:00	0x01	0.3723	0.5678	-0.3872	0.6237	351.90	79.49	64.71
2026-06-22T15:11:51.4589893+08:00	0x03	-0.2775	0.1804	0.6483	0.6857	89.61	351.81	322.09
2026-06-22T15:11:51.4589893+08:00	0x09	0.0771	0.0011	-0.0220	0.9968	357.47	359.93	8.84
2026-06-22T15:11:51.4589893+08:00	0x07	0.0071	-0.0331	-0.2977	0.9541	325.35	356.13	359.65
2026-06-22T15:11:51.4589893+08:00	0x02	-0.0876	0.6426	-0.7576	0.0733	233.86	55.03	73.93
2026-06-22T15:11:51.4589893+08:00	0x06	0.0054	0.0155	-0.4362	0.8997	308.28	1.33	1.34
2026-06-22T15:11:51.4589893+08:00	0x08	0.0475	-0.0110	0.2334	0.9712	27.03	0.04	5.59
2026-06-22T15:11:51.4589893+08:00	0x04	-0.2966	0.1770	0.7106	-0.6130	259.23	320.02	6.44
2026-06-22T15:11:51.4589893+08:00	0x03	-0.2251	0.3068	0.5801	0.7202	72.08	14.27	317.14
2026-06-22T15:11:51.4589893+08:00	0x09	0.0771	0.0011	-0.0220	0.9968	357.47	359.93	8.84
2026-06-22T15:11:51.4589893+08:00	0x07	0.0071	-0.0331	-0.2977	0.9541	325.35	356.14	359.64
2026-06-22T15:11:51.4589893+08:00	0x06	0.0054	0.0155	-0.4362	0.8997	308.28	1.33	1.34
2026-06-22T15:11:51.4589893+08:00	0x08	0.0475	-0.0110	0.2334	0.9712	27.03	0.04	5.59
2026-06-22T15:11:51.4589893+08:00	0x03	-0.2444	0.3228	0.6297	0.6629	82.65	10.13	313.06
2026-06-22T15:11:51.4589893+08:00	0x09	0.0771	0.0011	-0.0220	0.9968	357.47	359.93	8.84
2026-06-22T15:11:51.4589893+08:00	0x07	0.0071	-0.0331	-0.2977	0.9541	325.35	356.13	359.65
2026-06-22T15:11:51.4589893+08:00	0x06	0.0054	0.0155	-0.4362	0.8997	308.28	1.33	1.34
2026-06-22T15:11:51.4589893+08:00	0x08	0.0475	-0.0110	0.2334	0.9712	27.03	0.04	5.58
2026-06-22T15:11:51.4589893+08:00	0x04	-0.3359	0.1091	0.6713	-0.6517	262.38	321.68	16.94
2026-06-22T15:11:51.4589893+08:00	0x03	-0.2313	0.3478	0.6253	0.6592	80.50	14.58	312.28
2026-06-22T15:11:51.4589893+08:00	0x07	0.0071	-0.0331	-0.2977	0.9541	325.35	356.13	359.65
2026-06-22T15:11:51.4589893+08:00	0x01	0.2857	0.5354	-0.4471	0.6571	327.21	59.57	58.68
2026-06-22T15:11:51.4589893+08:00	0x06	0.0054	0.0155	-0.4362	0.8997	308.28	1.33	1.34
2026-06-22T15:11:51.4589893+08:00	0x08	0.0475	-0.0110	0.2334	0.9712	27.03	0.04	5.58
2026-06-22T15:11:51.4589893+08:00	0x03	-0.2419	0.3037	0.6260	0.6763	81.93	8.79	314.97
2026-06-22T15:11:51.4589893+08:00	0x04	-0.3346	0.0274	0.6370	-0.6939	267.75	329.06	25.43
2026-06-22T15:11:51.4589893+08:00	0x07	0.0071	-0.0331	-0.2977	0.9541	325.35	356.14	359.64
2026-06-22T15:11:51.4589893+08:00	0x01	0.2565	0.5882	-0.4458	0.6241	331.59	70.75	57.63
2026-06-22T15:11:51.4589893+08:00	0x02	-0.1760	0.6034	-0.7688	0.1182	238.25	63.07	62.38
2026-06-22T15:11:51.4589893+08:00	0x08	0.0475	-0.0110	0.2334	0.9712	27.03	0.04	5.58
2026-06-22T15:11:51.4589893+08:00	0x03	-0.2318	0.2739	0.6365	0.6827	83.67	6.08	318.30
2026-06-22T15:11:51.4589893+08:00	0x07	0.0071	-0.0331	-0.2977	0.9541	325.35	356.14	359.64
2026-06-22T15:11:51.4589893+08:00	0x02	-0.1546	0.6142	-0.7697	0.0801	233.40	59.55	67.03
2026-06-22T15:11:51.4589893+08:00	0x08	0.0475	-0.0110	0.2334	0.9712	27.03	0.04	5.58
2026-06-22T15:11:51.4589893+08:00	0x06	0.0054	0.0155	-0.4362	0.8997	308.28	1.33	1.34
2026-06-22T15:11:51.4589893+08:00	0x04	-0.3906	0.0187	0.3259	-0.8607	309.96	337.54	41.32
2026-06-22T15:11:51.4589893+08:00	0x03	-0.2280	0.2972	0.6853	0.6246	93.43	4.67	316.20
2026-06-22T15:11:51.4589893+08:00	0x09	0.0770	0.0011	-0.0220	0.9968	357.47	359.93	8.84
2026-06-22T15:11:51.4589893+08:00	0x07	0.0071	-0.0331	-0.2977	0.9541	325.35	356.14	359.64
2026-06-22T15:11:51.4589893+08:00	0x01	0.2585	0.5834	-0.4601	0.6173	328.97	68.96	58.87
2026-06-22T15:11:51.4589893+08:00	0x04	-0.3896	0.0190	0.3361	-0.8572	308.52	337.05	40.94
2026-06-22T15:11:51.4589893+08:00	0x08	0.0475	-0.0110	0.2334	0.9712	27.03	0.04	5.58
2026-06-22T15:11:51.4589893+08:00	0x03	-0.1698	0.4480	0.7569	0.4445	111.32	14.65	303.99
2026-06-22T15:11:51.4589893+08:00	0x07	0.0071	-0.0331	-0.2977	0.9541	325.35	356.13	359.64
2026-06-22T15:11:51.4589893+08:00	0x02	-0.1537	0.6202	-0.7683	0.0389	227.72	57.17	70.22
2026-06-22T15:11:51.4589893+08:00	0x08	0.0475	-0.0110	0.2334	0.9712	27.03	0.04	5.58
2026-06-22T15:11:51.4589893+08:00	0x04	-0.4167	0.1253	0.2294	-0.8706	317.37	326.61	41.93
2026-06-22T15:11:51.4589893+08:00	0x03	-0.2854	0.2701	0.8253	0.4055	135.55	339.97	317.36
2026-06-22T15:11:51.4589893+08:00	0x07	0.0071	-0.0331	-0.2977	0.9541	325.35	356.14	359.64
2026-06-22T15:11:51.4589893+08:00	0x02	-0.1238	0.6255	-0.7703	-0.0020	214.92	45.22	74.62
2026-06-22T15:11:51.4589893+08:00	0x01	0.2808	0.5990	-0.4870	0.5702	329.24	73.07	64.65
2026-06-22T15:11:51.4589893+08:00	0x08	0.0475	-0.0110	0.2334	0.9712	27.03	0.04	5.59
2026-06-22T15:11:51.4589893+08:00	0x09	0.0770	0.0011	-0.0220	0.9968	357.47	359.93	8.83
2026-06-22T15:11:51.4589893+08:00	0x03	-0.3098	0.3241	0.8006	0.3976	137.39	338.28	310.06
2026-06-22T15:11:51.4589893+08:00	0x07	0.0071	-0.0331	-0.2977	0.9541	325.35	356.13	359.64
2026-06-22T15:11:51.4589893+08:00	0x02	-0.1168	0.6489	-0.7360	-0.1536	146.06	348.16	82.33
2026-06-22T15:11:51.4589893+08:00	0x08	0.0475	-0.0110	0.2334	0.9712	27.03	0.04	5.58
2026-06-22T15:11:51.4589893+08:00	0x04	-0.5251	0.2419	0.3692	-0.7276	282.53	294.14	35.84
2026-06-22T15:11:51.4589893+08:00	0x09	0.0770	0.0011	-0.0220	0.9968	357.47	359.93	8.83
2026-06-22T15:11:51.4589893+08:00	0x03	-0.3241	0.3064	0.8242	0.3491	146.46	331.99	313.01
2026-06-22T15:11:51.4599866+08:00	0x07	0.0071	-0.0331	-0.2977	0.9541	325.35	356.14	359.64
2026-06-22T15:11:51.4599866+08:00	0x01	0.2231	0.5986	-0.5075	0.5782	320.31	68.48	59.95
2026-06-22T15:11:51.4599866+08:00	0x08	0.0475	-0.0110	0.2334	0.9712	27.03	0.04	5.59
2026-06-22T15:11:51.4599866+08:00	0x04	-0.5443	0.3493	0.3581	-0.6735	279.94	280.77	28.88
2026-06-22T15:11:51.4599866+08:00	0x03	-0.3062	0.4102	0.7593	0.4019	133.47	344.13	299.66
2026-06-22T15:11:51.4599866+08:00	0x07	0.0071	-0.0331	-0.2977	0.9541	325.35	356.13	359.65
2026-06-22T15:11:51.4599866+08:00	0x02	-0.1938	0.6808	-0.7063	-0.0102	253.72	90.46	74.93
2026-06-22T15:11:51.4599866+08:00	0x08	0.0475	-0.0110	0.2334	0.9712	27.03	0.04	5.59
2026-06-22T15:11:51.4599866+08:00	0x04	-0.5438	0.3461	0.3585	-0.6752	279.99	281.15	29.09
2026-06-22T15:11:51.4599866+08:00	0x03	-0.3068	0.4071	0.7614	0.4004	134.02	343.62	300.03
2026-06-22T15:11:51.4599866+08:00	0x09	0.0770	0.0011	-0.0220	0.9968	357.47	359.93	8.84
2026-06-22T15:11:51.4599866+08:00	0x01	0.2572	0.5851	-0.4916	0.5915	323.87	67.38	61.58
2026-06-22T15:11:51.4599866+08:00	0x02	-0.0534	0.6459	-0.7601	-0.0457	179.81	7.87	80.72
2026-06-22T15:11:51.4599866+08:00	0x08	0.0475	-0.0110	0.2334	0.9712	27.03	0.04	5.59
2026-06-22T15:11:51.4599866+08:00	0x04	-0.0694	0.4179	0.0646	-0.9036	349.91	310.00	4.10
2026-06-22T15:11:51.4599866+08:00	0x09	0.0770	0.0011	-0.0220	0.9968	357.47	359.93	8.84
2026-06-22T15:11:51.4599866+08:00	0x03	-0.0040	0.3607	0.9316	0.0450	173.72	1.93	317.75
2026-06-22T15:11:51.4599866+08:00	0x07	0.0071	-0.0331	-0.2977	0.9541	325.35	356.14	359.64
2026-06-22T15:11:51.4599866+08:00	0x02	-0.0436	0.6474	-0.7599	-0.0398	178.53	5.32	80.87
2026-06-22T15:11:51.4599866+08:00	0x04	0.1079	0.4342	0.0778	-0.8910	357.33	308.39	344.94
2026-06-22T15:11:51.4599866+08:00	0x07	0.0071	-0.0331	-0.2977	0.9541	325.35	356.14	359.64
2026-06-22T15:11:51.4599866+08:00	0x09	0.0770	0.0011	-0.0220	0.9968	357.47	359.93	8.83
2026-06-22T15:11:51.4599866+08:00	0x01	0.2861	0.5799	-0.4482	0.6172	332.99	70.38	60.81
2026-06-22T15:11:51.4599866+08:00	0x04	-0.2729	0.3291	0.4487	-0.7848	296.89	309.80	7.64
2026-06-22T15:11:51.4599866+08:00	0x08	0.0475	-0.0110	0.2334	0.9712	27.03	0.04	5.58
2026-06-22T15:11:51.4599866+08:00	0x03	-0.2722	0.3349	0.8696	0.2399	160.42	333.51	314.52
2026-06-22T15:11:51.4599866+08:00	0x09	0.0770	0.0011	-0.0220	0.9968	357.47	359.93	8.83
2026-06-22T15:11:51.4599866+08:00	0x06	0.0054	0.0155	-0.4362	0.8997	308.28	1.33	1.34
2026-06-22T15:11:51.4599866+08:00	0x02	-0.0739	0.6502	-0.7524	-0.0745	173.59	5.66	81.71
2026-06-22T15:11:51.4599866+08:00	0x04	-0.3760	0.1750	0.4247	-0.8048	293.62	317.51	27.16
2026-06-22T15:11:51.4599866+08:00	0x07	0.0071	-0.0331	-0.2977	0.9541	325.35	356.14	359.64
2026-06-22T15:11:51.4599866+08:00	0x03	-0.3491	0.2626	0.8970	0.0676	184.16	316.31	328.78
2026-06-22T15:11:51.4599866+08:00	0x01	0.3222	0.5820	-0.4217	0.6161	341.69	75.55	62.61
2026-06-22T15:11:51.4599866+08:00	0x09	0.0770	0.0011	-0.0220	0.9968	357.47	359.93	8.83
2026-06-22T15:11:51.4599866+08:00	0x06	0.0054	0.0155	-0.4362	0.8997	308.28	1.33	1.34
2026-06-22T15:11:51.4599866+08:00	0x02	-0.0717	0.6598	-0.7411	-0.1012	153.02	347.09	82.98
2026-06-22T15:11:51.4599866+08:00	0x08	0.0475	-0.0110	0.2334	0.9712	27.03	0.04	5.58
2026-06-22T15:11:51.4599866+08:00	0x04	-0.3902	0.1584	0.4200	-0.8039	293.22	317.94	29.62
2026-06-22T15:11:51.4599866+08:00	0x03	-0.3635	0.2403	0.8991	0.0413	186.51	314.37	332.48
2026-06-22T15:11:51.4599866+08:00	0x01	0.3286	0.5740	-0.4260	0.6173	340.55	73.73	63.47
2026-06-22T15:11:51.4599866+08:00	0x02	-0.0677	0.6589	-0.7427	-0.0985	153.08	346.60	82.76
2026-06-22T15:11:51.4599866+08:00	0x06	0.0054	0.0155	-0.4362	0.8997	308.28	1.33	1.34
2026-06-22T15:11:51.4599866+08:00	0x04	-0.3973	0.1531	0.4164	-0.8034	293.12	317.86	30.72
2026-06-22T15:11:51.4599866+08:00	0x03	-0.3746	0.2353	0.8965	0.0228	188.67	312.64	333.96
2026-06-22T15:11:51.4599866+08:00	0x07	0.0071	-0.0331	-0.2977	0.9541	325.35	356.14	359.65
2026-06-22T15:11:51.4599866+08:00	0x01	0.3297	0.5724	-0.4254	0.6186	340.51	73.42	63.50
2026-06-22T15:11:51.4599866+08:00	0x06	0.0054	0.0155	-0.4362	0.8997	308.28	1.33	1.34
2026-06-22T15:11:51.4599866+08:00	0x02	-0.0679	0.6601	-0.7414	-0.0995	151.94	345.56	82.93
2026-06-22T15:11:51.4599866+08:00	0x09	0.0770	0.0011	-0.0220	0.9968	357.47	359.93	8.83
2026-06-22T15:11:51.4599866+08:00	0x04	-0.3824	0.2468	0.5160	-0.7257	280.57	307.88	17.47
2026-06-22T15:11:51.4599866+08:00	0x07	0.0071	-0.0331	-0.2977	0.9541	325.35	356.14	359.64
2026-06-22T15:11:51.4599866+08:00	0x03	-0.3509	0.2151	0.8650	0.2871	155.04	323.82	325.00
2026-06-22T15:11:51.4599866+08:00	0x01	0.3241	0.5022	-0.4666	0.6520	321.42	50.98	63.03
2026-06-22T15:11:51.4599866+08:00	0x06	0.0054	0.0155	-0.4362	0.8997	308.28	1.33	1.34
2026-06-22T15:11:51.4609844+08:00	0x04	-0.3830	0.2441	0.5132	-0.7283	280.90	308.12	17.90
2026-06-22T15:11:51.4609844+08:00	0x02	-0.0218	0.6215	-0.7818	-0.0447	169.14	354.57	76.85
2026-06-22T15:11:51.4609844+08:00	0x03	-0.3520	0.2159	0.8669	0.2794	156.11	323.39	325.18
2026-06-22T15:11:51.4609844+08:00	0x07	0.0071	-0.0331	-0.2977	0.9541	325.35	356.13	359.65
2026-06-22T15:11:51.4609844+08:00	0x09	0.0770	0.0011	-0.0220	0.9968	357.47	359.93	8.83
2026-06-22T15:11:51.4609844+08:00	0x01	0.2617	0.4582	-0.4082	0.7449	325.19	46.63	49.82
2026-06-22T15:11:51.4609844+08:00	0x08	0.0475	-0.0110	0.2334	0.9712	27.03	0.04	5.59
2026-06-22T15:11:51.4609844+08:00	0x04	-0.2544	0.3067	0.8311	-0.3881	237.48	315.92	341.80
2026-06-22T15:11:51.4609844+08:00	0x02	-0.0218	0.6215	-0.7818	-0.0447	169.14	354.57	76.85
2026-06-22T15:11:51.4609844+08:00	0x03	-0.2464	0.3515	0.6586	0.6180	89.01	9.88	309.86
2026-06-22T15:11:51.4609844+08:00	0x02	-0.0228	0.5826	-0.8070	0.0940	210.43	24.56	69.40
2026-06-22T15:11:51.4609844+08:00	0x07	0.0071	-0.0331	-0.2977	0.9541	325.35	356.14	359.65
2026-06-22T15:11:51.4609844+08:00	0x01	0.2550	0.4266	-0.4091	0.7653	322.65	41.28	47.67
2026-06-22T15:11:51.4609844+08:00	0x08	0.0475	-0.0110	0.2334	0.9712	27.03	0.04	5.59
2026-06-22T15:11:51.4609844+08:00	0x06	0.0054	0.0155	-0.4362	0.8997	308.28	1.33	1.34
2026-06-22T15:11:51.4609844+08:00	0x04	-0.3043	0.2006	0.7440	-0.5600	252.99	317.31	2.43
2026-06-22T15:11:51.4609844+08:00	0x02	0.0261	0.6195	-0.7808	0.0769	201.70	13.28	76.26
2026-06-22T15:11:51.4609844+08:00	0x03	-0.1996	0.3878	0.6841	0.5846	91.40	16.23	310.19
2026-06-22T15:11:51.4609844+08:00	0x07	0.0071	-0.0331	-0.2977	0.9541	325.35	356.14	359.65
2026-06-22T15:11:51.4609844+08:00	0x01	0.3728	0.4823	-0.4161	0.6747	331.74	52.98	64.75
2026-06-22T15:11:51.4609844+08:00	0x09	0.0770	0.0011	-0.0220	0.9968	357.47	359.93	8.84
2026-06-22T15:11:51.4609844+08:00	0x06	0.0054	0.0155	-0.4362	0.8997	308.28	1.33	1.34
2026-06-22T15:11:51.4609844+08:00	0x02	-0.1059	0.6402	-0.7608	-0.0081	214.38	43.69	77.39
2026-06-22T15:11:51.4609844+08:00	0x04	-0.3716	0.1018	0.6525	-0.6525	262.16	318.69	20.62
2026-06-22T15:11:51.4609844+08:00	0x03	-0.1715	0.4383	0.6635	0.5815	84.43	26.87	308.63
2026-06-22T15:11:51.4609844+08:00	0x07	0.0071	-0.0331	-0.2977	0.9541	325.35	356.14	359.65
2026-06-22T15:11:51.4609844+08:00	0x09	0.0770	0.0011	-0.0220	0.9968	357.47	359.93	8.84
2026-06-22T15:11:51.4609844+08:00	0x01	0.3776	0.5410	-0.4444	0.6061	337.86	67.97	69.79
2026-06-22T15:11:51.4609844+08:00	0x06	0.0054	0.0155	-0.4362	0.8997	308.28	1.33	1.34
2026-06-22T15:11:51.4609844+08:00	0x04	-0.3700	0.1036	0.6549	-0.6507	261.93	318.69	20.23
2026-06-22T15:11:51.4609844+08:00	0x03	-0.3244	0.2357	0.7922	0.4601	128.95	336.35	317.78
2026-06-22T15:11:51.4609844+08:00	0x07	0.0071	-0.0331	-0.2977	0.9541	325.35	356.14	359.65
2026-06-22T15:11:51.4609844+08:00	0x01	0.3122	0.5307	-0.4202	0.6665	333.14	61.49	59.57
2026-06-22T15:11:51.4609844+08:00	0x06	0.0054	0.0155	-0.4362	0.8997	308.28	1.33	1.34
2026-06-22T15:11:51.4609844+08:00	0x02	-0.1147	0.6463	-0.7440	0.1246	248.21	67.39	68.93
2026-06-22T15:11:51.4609844+08:00	0x04	-0.4430	0.0024	0.2814	-0.8512	313.02	337.35	48.84
2026-06-22T15:11:51.4609844+08:00	0x03	-0.3697	0.2164	0.8719	0.2373	162.27	319.44	326.44
2026-06-22T15:11:51.4609844+08:00	0x07	0.0071	-0.0331	-0.2977	0.9541	325.35	356.14	359.65
2026-06-22T15:11:51.4609844+08:00	0x01	0.2316	0.5481	-0.2141	0.7747	354.45	68.74	36.41
2026-06-22T15:11:51.4609844+08:00	0x08	0.0475	-0.0110	0.2334	0.9712	27.03	0.05	5.58
2026-06-22T15:11:51.4609844+08:00	0x02	-0.1411	0.7045	-0.6881	0.1016	272.23	95.48	70.19
2026-06-22T15:11:51.4609844+08:00	0x04	-0.4749	0.0525	0.2321	-0.8473	314.87	330.34	51.29
2026-06-22T15:11:51.4609844+08:00	0x09	0.0770	0.0011	-0.0220	0.9968	357.47	359.93	8.84
2026-06-22T15:11:51.4609844+08:00	0x07	0.0071	-0.0331	-0.2977	0.9541	325.35	356.14	359.65
2026-06-22T15:11:51.4609844+08:00	0x01	0.2216	0.5820	-0.1940	0.7580	357.49	74.27	34.18
2026-06-22T15:11:51.4609844+08:00	0x02	-0.1504	0.6980	-0.6953	0.0823	267.86	93.46	71.06
2026-06-22T15:11:51.4609844+08:00	0x04	-0.4660	0.0547	0.2975	-0.8315	305.46	326.66	47.94
2026-06-22T15:11:51.4619814+08:00	0x03	-0.3362	0.1638	0.8924	0.2526	157.40	324.32	332.47
2026-06-22T15:11:51.4619814+08:00	0x09	0.0770	0.0011	-0.0220	0.9968	357.47	359.93	8.84
2026-06-22T15:11:51.4619814+08:00	0x01	0.2150	0.6000	-0.1829	0.7485	358.93	77.12	32.77
2026-06-22T15:11:51.4619814+08:00	0x08	0.0475	-0.0110	0.2334	0.9712	27.03	0.05	5.58
2026-06-22T15:11:51.4619814+08:00	0x02	-0.1538	0.6998	-0.6917	0.0902	269.28	94.51	70.11
2026-06-22T15:11:51.4619814+08:00	0x04	-0.4890	0.0717	0.2730	-0.8253	305.59	323.00	50.18
2026-06-22T15:11:51.4619814+08:00	0x03	-0.3882	0.1742	0.8956	0.1296	173.89	314.46	335.63
2026-06-22T15:11:51.4619814+08:00	0x09	0.0770	0.0011	-0.0220	0.9968	357.47	359.93	8.84
2026-06-22T15:11:51.4619814+08:00	0x06	0.0054	0.0155	-0.4362	0.8997	308.28	1.33	1.34
2026-06-22T15:11:51.4619814+08:00	0x07	0.0071	-0.0331	-0.2977	0.9541	325.35	356.14	359.65
2026-06-22T15:11:51.4619814+08:00	0x02	-0.1464	0.7127	-0.6775	0.1079	276.29	99.46	69.08
2026-06-22T15:11:51.4619814+08:00	0x04	-0.5037	0.0823	0.3147	-0.8003	296.66	316.86	48.98
2026-06-22T15:11:51.4619814+08:00	0x03	-0.4130	0.1571	0.8929	0.0865	178.49	310.62	339.39
2026-06-22T15:11:51.4619814+08:00	0x07	0.0071	-0.0331	-0.2977	0.9541	325.35	356.14	359.65
2026-06-22T15:11:51.4619814+08:00	0x06	0.0054	0.0155	-0.4362	0.8997	308.28	1.33	1.34
2026-06-22T15:11:51.4619814+08:00	0x02	-0.1097	0.7239	-0.6767	0.0776	282.84	105.47	74.30
2026-06-22T15:11:51.4619814+08:00	0x04	-0.5011	0.1044	0.3622	-0.7790	289.39	312.16	44.84
2026-06-22T15:11:51.4619814+08:00	0x03	-0.4113	0.1443	0.8963	0.0814	178.35	310.98	341.00
2026-06-22T15:11:51.4619814+08:00	0x07	0.0071	-0.0331	-0.2977	0.9541	325.35	356.14	359.65
2026-06-22T15:11:51.4619814+08:00	0x01	0.1763	0.6039	-0.1073	0.7698	2.99	76.85	23.64
2026-06-22T15:11:51.4619814+08:00	0x08	0.0475	-0.0110	0.2334	0.9712	27.03	0.04	5.58
2026-06-22T15:11:51.4619814+08:00	0x02	-0.1189	0.7278	-0.6688	0.0946	284.46	106.45	71.98
2026-06-22T15:11:51.4619814+08:00	0x04	-0.4896	0.2647	0.3453	-0.7557	289.87	297.27	33.86
2026-06-22T15:11:51.4619814+08:00	0x03	-0.4114	0.1447	0.8962	0.0815	178.35	310.97	340.95
2026-06-22T15:11:51.4619814+08:00	0x01	0.1845	0.6096	-0.1032	0.7640	4.23	78.08	24.07
2026-06-22T15:11:51.4619814+08:00	0x09	0.0770	0.0011	-0.0220	0.9968	357.47	359.93	8.84
2026-06-22T15:11:51.4619814+08:00	0x06	0.0054	0.0155	-0.4362	0.8997	308.28	1.33	1.34
2026-06-22T15:11:51.4619814+08:00	0x08	0.0475	-0.0110	0.2334	0.9712	27.03	0.04	5.58
2026-06-22T15:11:51.4619814+08:00	0x02	-0.0914	0.7373	-0.6644	0.0812	292.48	113.31	74.77
2026-06-22T15:11:51.4619814+08:00	0x03	-0.4386	0.1604	0.8840	0.0230	186.03	306.28	342.32
2026-06-22T15:11:51.4619814+08:00	0x04	-0.4554	0.1353	0.4518	-0.7551	282.40	311.70	34.44
2026-06-22T15:11:51.4619814+08:00	0x09	0.0771	0.0011	-0.0220	0.9968	357.47	359.93	8.84
2026-06-22T15:11:51.4619814+08:00	0x08	0.0475	-0.0110	0.2334	0.9712	27.03	0.04	5.59
2026-06-22T15:11:51.4619814+08:00	0x07	0.0071	-0.0331	-0.2977	0.9541	325.35	356.14	359.65
2026-06-22T15:11:51.4619814+08:00	0x04	-0.5085	0.0981	0.4370	-0.7354	277.75	308.23	41.47
2026-06-22T15:11:51.4619814+08:00	0x09	0.0771	0.0011	-0.0220	0.9968	357.47	359.93	8.84
2026-06-22T15:11:51.4619814+08:00	0x01	0.1339	0.6095	-0.0619	0.7790	4.00	76.66	16.50
2026-06-22T15:11:51.4619814+08:00	0x02	-0.1428	0.7119	-0.6770	0.1202	276.62	98.48	68.38
2026-06-22T15:11:51.4619814+08:00	0x07	0.0071	-0.0331	-0.2977	0.9541	325.35	356.14	359.65
2026-06-22T15:11:51.4619814+08:00	0x08	0.0475	-0.0110	0.2334	0.9712	27.03	0.04	5.59
2026-06-22T15:11:51.4619814+08:00	0x04	-0.4785	0.1423	0.4629	-0.7325	277.95	307.60	34.70
2026-06-22T15:11:51.4619814+08:00	0x03	-0.5223	0.1027	0.8462	0.0258	183.73	296.25	348.42
2026-06-22T15:11:51.4619814+08:00	0x01	0.0995	0.6048	-0.0368	0.7893	3.64	75.29	11.63
2026-06-22T15:11:51.4619814+08:00	0x07	0.0071	-0.0331	-0.2977	0.9541	325.35	356.14	359.65
2026-06-22T15:11:51.4619814+08:00	0x06	0.0054	0.0155	-0.4362	0.8997	308.28	1.33	1.34
2026-06-22T15:11:51.4619814+08:00	0x02	-0.1419	0.7075	-0.6829	0.1140	274.34	96.65	69.05
2026-06-22T15:11:51.4619814+08:00	0x08	0.0475	-0.0110	0.2334	0.9712	27.03	0.04	5.59
2026-06-22T15:11:51.4619814+08:00	0x04	-0.4650	0.1548	0.4726	-0.7325	278.23	307.96	32.33
2026-06-22T15:11:51.4619814+08:00	0x03	-0.5276	0.1069	0.8422	0.0292	183.74	295.47	347.82
2026-06-22T15:11:51.4619814+08:00	0x01	0.1043	0.6081	-0.0436	0.7858	3.43	75.85	12.53
2026-06-22T15:11:51.4619814+08:00	0x07	0.0071	-0.0331	-0.2977	0.9541	325.35	356.14	359.65
2026-06-22T15:11:51.4619814+08:00	0x08	0.0475	-0.0110	0.2334	0.9712	27.03	0.04	5.58
2026-06-22T15:11:51.4619814+08:00	0x02	-0.1292	0.7059	-0.6859	0.1210	274.23	94.90	69.56
2026-06-22T15:11:51.4619814+08:00	0x04	-0.4702	0.1637	0.4663	-0.7312	278.37	306.64	32.34
2026-06-22T15:11:51.4619814+08:00	0x03	-0.5309	0.1069	0.8404	0.0229	184.39	294.98	348.23
2026-06-22T15:11:51.4619814+08:00	0x09	0.0771	0.0011	-0.0220	0.9968	357.47	359.93	8.84
2026-06-22T15:11:51.4619814+08:00	0x07	0.0071	-0.0331	-0.2977	0.9541	325.35	356.14	359.65
2026-06-22T15:11:51.4629786+08:00	0x08	0.0475	-0.0110	0.2334	0.9712	27.03	0.04	5.59
2026-06-22T15:11:51.4629786+08:00	0x04	-0.4667	0.1263	0.4293	-0.7629	284.22	311.90	37.12
2026-06-22T15:11:51.4629786+08:00	0x03	-0.5226	0.0812	0.8481	0.0324	181.73	296.57	350.12
2026-06-22T15:11:51.4629786+08:00	0x09	0.0771	0.0011	-0.0220	0.9968	357.47	359.93	8.84
2026-06-22T15:11:51.4629786+08:00	0x07	0.0071	-0.0331	-0.2977	0.9541	325.35	356.14	359.65
2026-06-22T15:11:51.4629786+08:00	0x06	0.0054	0.0155	-0.4362	0.8997	308.28	1.33	1.34
2026-06-22T15:11:51.4629786+08:00	0x03	-0.5196	0.0611	0.8522	-0.0097	184.61	297.04	354.60
2026-06-22T15:11:51.4629786+08:00	0x09	0.0771	0.0011	-0.0220	0.9968	357.47	359.93	8.84
2026-06-22T15:11:51.4629786+08:00	0x07	0.0071	-0.0331	-0.2977	0.9541	325.35	356.14	359.64
2026-06-22T15:11:51.4629786+08:00	0x06	0.0054	0.0155	-0.4362	0.8997	308.28	1.33	1.34
2026-06-22T15:11:51.4629786+08:00	0x08	0.0475	-0.0110	0.2334	0.9712	27.03	0.04	5.59
2026-06-22T15:11:51.4629786+08:00	0x02	-0.1101	0.7180	-0.6773	0.1162	280.45	99.95	71.28
2026-06-22T15:11:51.4629786+08:00	0x03	-0.5226	0.0625	0.8502	-0.0118	184.92	296.62	354.61
2026-06-22T15:11:51.4629786+08:00	0x09	0.0771	0.0011	-0.0220	0.9968	357.47	359.93	8.84
2026-06-22T15:11:51.4629786+08:00	0x07	0.0071	-0.0331	-0.2977	0.9541	325.35	356.14	359.64
2026-06-22T15:11:51.4629786+08:00	0x01	0.1261	0.6023	-0.0268	0.7878	6.48	75.56	13.35
2026-06-22T15:11:51.4629786+08:00	0x02	-0.1119	0.7227	-0.6727	0.1128	282.57	102.50	71.27
2026-06-22T15:11:51.4629786+08:00	0x06	0.0054	0.0155	-0.4362	0.8997	308.28	1.33	1.34
2026-06-22T15:11:51.4629786+08:00	0x04	-0.4516	0.1048	0.4238	-0.7781	287.16	316.24	37.88
2026-06-22T15:11:51.4629786+08:00	0x03	-0.5227	0.0600	0.8503	-0.0121	184.79	296.62	354.87
2026-06-22T15:11:51.4629786+08:00	0x09	0.0771	0.0011	-0.0220	0.9968	357.47	359.93	8.84
2026-06-22T15:11:51.4629786+08:00	0x07	0.0071	-0.0331	-0.2977	0.9541	325.35	356.14	359.64
2026-06-22T15:11:51.4629786+08:00	0x06	0.0054	0.0155	-0.4362	0.8997	308.28	1.33	1.34
2026-06-22T15:11:51.4629786+08:00	0x02	-0.1114	0.7299	-0.6654	0.1104	286.18	106.26	71.20
2026-06-22T15:11:51.4629786+08:00	0x09	0.0771	0.0011	-0.0220	0.9968	357.47	359.93	8.84
2026-06-22T15:11:51.4629786+08:00	0x03	-0.5215	0.0580	0.8512	-0.0092	184.39	296.81	354.88
2026-06-22T15:11:51.4629786+08:00	0x04	-0.4453	0.1051	0.4307	-0.7779	286.93	316.73	37.03
2026-06-22T15:11:51.4629786+08:00	0x01	0.1333	0.6096	-0.0306	0.7808	6.80	76.81	14.21
2026-06-22T15:11:51.4629786+08:00	0x02	-0.1075	0.7328	-0.6633	0.1072	287.94	107.97	71.64
2026-06-22T15:11:51.4629786+08:00	0x04	-0.4427	0.1043	0.4347	-0.7773	286.68	316.98	36.70
2026-06-22T15:11:51.4629786+08:00	0x07	0.0071	-0.0331	-0.2977	0.9541	325.35	356.14	359.64
2026-06-22T15:11:51.4629786+08:00	0x01	0.1311	0.6087	-0.0276	0.7820	6.89	76.62	13.80
2026-06-22T15:11:51.4629786+08:00	0x06	0.0054	0.0155	-0.4362	0.8997	308.28	1.33	1.34
2026-06-22T15:11:51.4629786+08:00	0x08	0.0475	-0.0110	0.2334	0.9712	27.03	0.04	5.59
2026-06-22T15:11:51.4629786+08:00	0x04	-0.4603	0.1107	0.4344	-0.7663	284.53	314.09	37.53
2026-06-22T15:11:51.4629786+08:00	0x09	0.0771	0.0011	-0.0220	0.9968	357.47	359.93	8.84
2026-06-22T15:11:51.4629786+08:00	0x03	-0.5194	0.0585	0.8525	-0.0084	184.33	297.10	354.78
2026-06-22T15:11:51.4629786+08:00	0x02	-0.1072	0.7293	-0.6677	0.1039	286.15	106.43	72.11
2026-06-22T15:11:51.4629786+08:00	0x08	0.0475	-0.0110	0.2334	0.9712	27.03	0.04	5.58
2026-06-22T15:11:51.4629786+08:00	0x04	-0.4504	0.1172	0.4421	-0.7668	284.55	314.44	35.95
2026-06-22T15:11:51.4629786+08:00	0x03	-0.5219	0.0639	0.8506	-0.0080	184.63	296.70	354.23
2026-06-22T15:11:51.4629786+08:00	0x01	0.1293	0.6060	-0.0310	0.7843	6.39	76.16	13.91
2026-06-22T15:11:51.4629786+08:00	0x02	-0.1090	0.7292	-0.6670	0.1070	285.99	106.15	71.71
2026-06-22T15:11:51.4629786+08:00	0x08	0.0475	-0.0110	0.2334	0.9712	27.03	0.04	5.59
2026-06-22T15:11:51.4629786+08:00	0x04	-0.4785	0.1855	0.4481	-0.7320	279.57	304.04	32.30
2026-06-22T15:11:51.4629786+08:00	0x07	0.0071	-0.0331	-0.2977	0.9541	325.35	356.14	359.64
2026-06-22T15:11:51.4629786+08:00	0x09	0.0771	0.0011	-0.0220	0.9968	357.47	359.93	8.84
2026-06-22T15:11:51.4629786+08:00	0x02	-0.1139	0.7279	-0.6677	0.1066	284.97	105.57	71.40
2026-06-22T15:11:51.4629786+08:00	0x04	-0.4986	0.1467	0.4277	-0.7396	279.98	305.55	37.74
2026-06-22T15:11:51.4629786+08:00	0x07	0.0071	-0.0331	-0.2977	0.9541	325.35	356.14	359.64
2026-06-22T15:11:51.4629786+08:00	0x06	0.0054	0.0155	-0.4362	0.8997	308.28	1.33	1.34
2026-06-22T15:11:51.4629786+08:00	0x02	-0.1156	0.7295	-0.6659	0.1050	285.63	106.50	71.31
2026-06-22T15:11:51.4629786+08:00	0x08	0.0475	-0.0110	0.2334	0.9712	27.03	0.04	5.58
2026-06-22T15:11:51.4629786+08:00	0x04	-0.4943	0.1407	0.4193	-0.7484	281.76	307.04	38.46
2026-06-22T15:11:51.4629786+08:00	0x03	-0.4810	0.0745	0.8732	0.0238	181.75	302.17	351.20
2026-06-22T15:11:51.4629786+08:00	0x01	0.1215	0.6161	-0.0262	0.7778	6.42	77.49	12.78
2026-06-22T15:11:51.4629786+08:00	0x07	0.0071	-0.0331	-0.2977	0.9541	325.35	356.14	359.64
2026-06-22T15:11:51.4629786+08:00	0x02	-0.1105	0.7316	-0.6653	0.0990	287.08	108.03	72.12
2026-06-22T15:11:51.4629786+08:00	0x08	0.0475	-0.0110	0.2334	0.9712	27.03	0.04	5.59
2026-06-22T15:11:51.4629786+08:00	0x04	-0.4939	0.1481	0.4275	-0.7425	280.63	306.10	37.36
2026-06-22T15:11:51.4629786+08:00	0x03	-0.4819	0.0760	0.8726	0.0234	181.88	302.03	351.08
2026-06-22T15:11:51.4639755+08:00	0x06	0.0054	0.0155	-0.4362	0.8997	308.28	1.33	1.34
2026-06-22T15:11:51.4639755+08:00	0x08	0.0475	-0.0110	0.2334	0.9712	27.03	0.04	5.59
2026-06-22T15:11:51.4639755+08:00	0x04	-0.4452	0.1753	0.4119	-0.7755	288.39	310.33	33.10
2026-06-22T15:11:51.4639755+08:00	0x03	-0.4810	0.0875	0.8717	-0.0340	188.31	301.72	353.12
2026-06-22T15:11:51.4639755+08:00	0x09	0.0771	0.0011	-0.0220	0.9968	357.47	359.93	8.84
2026-06-22T15:11:51.4639755+08:00	0x06	0.0054	0.0155	-0.4362	0.8997	308.28	1.33	1.34
2026-06-22T15:11:51.4639755+08:00	0x02	-0.1125	0.7337	-0.6636	0.0925	288.06	109.70	72.38
2026-06-22T15:11:51.4639755+08:00	0x04	-0.4760	0.1544	0.4448	-0.7428	280.60	307.40	34.74
2026-06-22T15:11:51.4639755+08:00	0x03	-0.4734	0.0789	0.8763	0.0416	180.10	303.24	349.76
2026-06-22T15:11:51.4639755+08:00	0x09	0.0771	0.0011	-0.0220	0.9968	357.47	359.93	8.84
2026-06-22T15:11:51.4639755+08:00	0x07	0.0071	-0.0331	-0.2977	0.9541	325.35	356.14	359.64
2026-06-22T15:11:51.4639755+08:00	0x08	0.0475	-0.0110	0.2334	0.9712	27.03	0.04	5.58
2026-06-22T15:11:51.4639755+08:00	0x04	-0.4773	0.1730	0.4306	-0.7462	282.13	305.90	34.29
2026-06-22T15:11:51.4639755+08:00	0x01	0.1169	0.6191	-0.0244	0.7762	6.29	77.83	12.22
2026-06-22T15:11:51.4639755+08:00	0x09	0.0771	0.0011	-0.0220	0.9968	357.47	359.93	8.84
2026-06-22T15:11:51.4639755+08:00	0x07	0.0071	-0.0331	-0.2977	0.9541	325.35	356.14	359.64
2026-06-22T15:11:51.4639755+08:00	0x06	0.0054	0.0155	-0.4362	0.8997	308.28	1.33	1.33
2026-06-22T15:11:51.4639755+08:00	0x08	0.0475	-0.0110	0.2334	0.9712	27.03	0.04	5.58
2026-06-22T15:11:51.4639755+08:00	0x02	-0.1089	0.7325	-0.6646	0.0995	287.69	108.46	72.17
2026-06-22T15:11:51.4639755+08:00	0x01	0.1215	0.6175	-0.0291	0.7766	6.17	77.69	12.98
2026-06-22T15:11:51.4639755+08:00	0x09	0.0771	0.0011	-0.0220	0.9968	357.47	359.93	8.84
2026-06-22T15:11:51.4639755+08:00	0x03	-0.4749	0.1003	0.8733	0.0405	181.44	302.77	347.66
2026-06-22T15:11:51.4639755+08:00	0x06	0.0054	0.0155	-0.4362	0.8997	308.28	1.33	1.34
2026-06-22T15:11:51.4639755+08:00	0x08	0.0475	-0.0110	0.2334	0.9712	27.03	0.04	5.58
2026-06-22T15:11:51.4639755+08:00	0x02	-0.1087	0.7272	-0.6708	0.0969	284.87	105.83	72.66
2026-06-22T15:11:51.4639755+08:00	0x04	-0.4886	0.1790	0.4797	-0.7065	274.18	302.42	31.25
2026-06-22T15:11:51.4639755+08:00	0x01	0.1221	0.6065	-0.0622	0.7832	3.02	75.92	15.47
2026-06-22T15:11:51.4639755+08:00	0x09	0.0771	0.0011	-0.0220	0.9968	357.47	359.93	8.84
2026-06-22T15:11:51.4639755+08:00	0x07	0.0071	-0.0331	-0.2977	0.9541	325.35	356.14	359.64
2026-06-22T15:11:51.4639755+08:00	0x02	-0.0646	0.7170	-0.6928	0.0431	281.77	103.52	81.04
2026-06-22T15:11:51.4639755+08:00	0x08	0.0475	-0.0110	0.2334	0.9712	27.03	0.04	5.59
2026-06-22T15:11:51.4639755+08:00	0x04	-0.4883	0.1788	0.4782	-0.7077	274.41	302.52	31.34
2026-06-22T15:11:51.4639755+08:00	0x01	0.1818	0.5440	-0.2214	0.7886	349.74	66.27	31.85
2026-06-22T15:11:51.4639755+08:00	0x03	-0.4749	0.0997	0.8734	0.0405	181.40	302.78	347.73
2026-06-22T15:11:51.4639755+08:00	0x09	0.0771	0.0011	-0.0220	0.9968	357.47	359.93	8.84
2026-06-22T15:11:51.4639755+08:00	0x08	0.0475	-0.0110	0.2334	0.9712	27.03	0.04	5.59
2026-06-22T15:11:51.4639755+08:00	0x07	0.0071	-0.0331	-0.2977	0.9541	325.35	356.14	359.64
2026-06-22T15:11:51.4639755+08:00	0x04	-0.2977	0.3012	0.7625	-0.4891	249.82	310.59	350.32
2026-06-22T15:11:51.4639755+08:00	0x01	0.1801	0.5462	-0.2167	0.7888	350.21	66.64	31.39
2026-06-22T15:11:51.4639755+08:00	0x03	-0.2891	0.2694	0.7398	0.5446	111.93	348.95	314.48
2026-06-22T15:11:51.4639755+08:00	0x09	0.0770	0.0011	-0.0220	0.9968	357.47	359.93	8.84
2026-06-22T15:11:51.4639755+08:00	0x02	0.0682	0.5192	-0.8467	-0.0940	152.57	334.74	60.04
2026-06-22T15:11:51.4639755+08:00	0x04	-0.3050	0.1852	0.7601	-0.5431	250.00	318.27	2.85
2026-06-22T15:11:51.4639755+08:00	0x07	0.0071	-0.0331	-0.2977	0.9541	325.35	356.13	359.65
2026-06-22T15:11:51.4639755+08:00	0x03	-0.2246	0.4289	0.7327	0.4783	108.95	8.69	302.50
2026-06-22T15:11:51.4639755+08:00	0x09	0.0770	0.0011	-0.0220	0.9968	357.47	359.93	8.84
2026-06-22T15:11:51.4639755+08:00	0x02	0.0615	0.5490	-0.8330	-0.0295	163.55	340.90	65.65
2026-06-22T15:11:51.4639755+08:00	0x04	-0.3581	0.2308	0.7011	-0.5718	256.09	309.75	4.92
2026-06-22T15:11:51.4639755+08:00	0x01	0.2424	0.4274	-0.4828	0.7249	310.20	36.72	49.83
2026-06-22T15:11:51.4639755+08:00	0x09	0.0770	0.0011	-0.0220	0.9968	357.47	359.93	8.84
2026-06-22T15:11:51.4639755+08:00	0x03	-0.1722	0.4573	0.7396	0.4629	106.22	17.88	303.30
2026-06-22T15:11:51.4639755+08:00	0x06	0.0054	0.0155	-0.4362	0.8997	308.28	1.33	1.34
2026-06-22T15:11:51.4639755+08:00	0x04	-0.4072	0.3067	0.6021	-0.6146	266.73	298.98	7.54
2026-06-22T15:11:51.4639755+08:00	0x03	-0.1307	0.5309	0.7161	0.4339	97.07	34.22	299.10
2026-06-22T15:11:51.4639755+08:00	0x09	0.0770	0.0011	-0.0220	0.9968	357.47	359.93	8.84
2026-06-22T15:11:51.4639755+08:00	0x07	0.0071	-0.0331	-0.2977	0.9541	325.35	356.14	359.65
2026-06-22T15:11:51.4639755+08:00	0x02	0.0155	0.4655	-0.8848	-0.0125	176.30	356.05	55.43
2026-06-22T15:11:51.4639755+08:00	0x08	0.0475	-0.0110	0.2334	0.9712	27.03	0.04	5.59
2026-06-22T15:11:51.4639755+08:00	0x06	0.0054	0.0155	-0.4362	0.8997	308.28	1.33	1.34
2026-06-22T15:11:51.4639755+08:00	0x04	-0.3834	0.2156	0.5907	-0.6765	270.49	309.47	15.31
2026-06-22T15:11:51.4639755+08:00	0x01	0.2790	0.4357	-0.6108	0.5993	281.34	21.33	60.08
2026-06-22T15:11:51.4639755+08:00	0x09	0.0771	0.0011	-0.0220	0.9968	357.47	359.93	8.84
2026-06-22T15:11:51.4639755+08:00	0x02	-0.0162	0.5255	-0.8497	0.0401	190.85	8.86	63.09
2026-06-22T15:11:51.4639755+08:00	0x07	0.0071	-0.0331	-0.2977	0.9541	325.35	356.14	359.65
2026-06-22T15:11:51.4650146+08:00	0x08	0.0475	-0.0110	0.2334	0.9712	27.03	0.04	5.59
2026-06-22T15:11:51.4650146+08:00	0x04	-0.3135	0.1343	0.5939	-0.7287	275.89	323.49	17.30
2026-06-22T15:11:51.4650146+08:00	0x01	0.2658	0.4177	-0.7403	0.4548	242.26	358.48	59.34
2026-06-22T15:11:51.4650146+08:00	0x09	0.0770	0.0011	-0.0220	0.9968	357.47	359.93	8.84
2026-06-22T15:11:51.4650146+08:00	0x07	0.0071	-0.0331	-0.2977	0.9541	325.35	356.14	359.65
2026-06-22T15:11:51.4650146+08:00	0x08	0.0475	-0.0110	0.2334	0.9712	27.03	0.04	5.59
2026-06-22T15:11:51.4650146+08:00	0x06	0.0054	0.0155	-0.4362	0.8997	308.28	1.33	1.34
2026-06-22T15:11:51.4650146+08:00	0x04	-0.3210	0.1211	0.5581	-0.7555	280.52	324.70	20.48
2026-06-22T15:11:51.4650146+08:00	0x03	-0.1657	0.5284	0.7057	0.4420	96.48	31.09	296.84
2026-06-22T15:11:51.4650146+08:00	0x01	0.2949	0.4619	-0.7378	0.3942	229.67	349.93	66.07
2026-06-22T15:11:51.4650146+08:00	0x07	0.0071	-0.0331	-0.2977	0.9541	325.35	356.14	359.65
2026-06-22T15:11:51.4650146+08:00	0x02	-0.0109	0.5196	-0.8529	0.0490	191.77	8.60	62.29
2026-06-22T15:11:51.4650146+08:00	0x06	0.0054	0.0155	-0.4362	0.8997	308.28	1.33	1.34
2026-06-22T15:11:51.4650146+08:00	0x04	-0.3193	0.1061	0.5378	-0.7730	283.61	326.74	22.31
2026-06-22T15:11:51.4650146+08:00	0x01	0.3218	0.4586	-0.7473	0.3574	216.42	337.63	66.26
2026-06-22T15:11:51.4650146+08:00	0x09	0.0770	0.0011	-0.0220	0.9968	357.47	359.93	8.84
2026-06-22T15:11:51.4650146+08:00	0x03	-0.1778	0.4680	0.6736	0.5437	87.04	28.37	304.54
2026-06-22T15:11:51.4650146+08:00	0x02	-0.0027	0.5227	-0.8514	0.0431	189.62	6.25	62.85
2026-06-22T15:11:51.4650146+08:00	0x08	0.0475	-0.0110	0.2334	0.9712	27.03	0.04	5.59
2026-06-22T15:11:51.4650146+08:00	0x06	0.0054	0.0155	-0.4362	0.8997	308.28	1.33	1.34
2026-06-22T15:11:51.4650146+08:00	0x04	-0.3113	0.0868	0.5263	-0.7865	285.96	329.59	23.47
2026-06-22T15:11:51.4650146+08:00	0x03	-0.1754	0.4670	0.6716	0.5479	86.35	28.80	304.98
2026-06-22T15:11:51.4650146+08:00	0x09	0.0771	0.0011	-0.0220	0.9968	357.47	359.93	8.84
2026-06-22T15:11:51.4650146+08:00	0x07	0.0071	-0.0331	-0.2977	0.9541	325.35	356.14	359.65
2026-06-22T15:11:51.4650146+08:00	0x02	-0.0038	0.5285	-0.8481	0.0364	188.53	5.82	63.67
2026-06-22T15:11:51.4650146+08:00	0x06	0.0054	0.0155	-0.4362	0.8997	308.28	1.33	1.34
2026-06-22T15:11:51.4650146+08:00	0x04	-0.3025	0.0711	0.5058	-0.8047	289.60	332.48	24.52
2026-06-22T15:11:51.4650146+08:00	0x01	0.3277	0.4597	-0.7569	0.3292	208.66	331.93	65.73
2026-06-22T15:11:51.4650146+08:00	0x09	0.0771	0.0011	-0.0220	0.9968	357.47	359.93	8.84
2026-06-22T15:11:51.4650146+08:00	0x07	0.0071	-0.0331	-0.2977	0.9541	325.35	356.14	359.64
2026-06-22T15:11:51.4650146+08:00	0x02	-0.0021	0.5356	-0.8439	0.0320	187.57	5.08	64.66
2026-06-22T15:11:51.4650146+08:00	0x06	0.0054	0.0155	-0.4362	0.8997	308.28	1.33	1.34
2026-06-22T15:11:51.4650146+08:00	0x04	-0.3073	0.0711	0.4887	-0.8135	291.69	332.56	25.50
2026-06-22T15:11:51.4650146+08:00	0x01	0.3379	0.4659	-0.7627	0.2951	199.05	324.54	65.51
2026-06-22T15:11:51.4650146+08:00	0x09	0.0771	0.0011	-0.0220	0.9968	357.47	359.93	8.84
2026-06-22T15:11:51.4650146+08:00	0x02	0.0029	0.5365	-0.8434	0.0288	186.14	3.51	64.85
2026-06-22T15:11:51.4650146+08:00	0x06	0.0054	0.0155	-0.4362	0.8997	308.28	1.33	1.34
2026-06-22T15:11:51.4650146+08:00	0x04	-0.3073	0.0645	0.4746	-0.8223	293.74	333.64	26.37
2026-06-22T15:11:51.4650146+08:00	0x09	0.0771	0.0011	-0.0220	0.9968	357.47	359.93	8.84
2026-06-22T15:11:51.4650146+08:00	0x03	-0.1766	0.4682	0.6663	0.5528	85.04	29.48	304.99
2026-06-22T15:11:51.4650146+08:00	0x08	0.0475	-0.0110	0.2334	0.9712	27.03	0.04	5.58
2026-06-22T15:11:51.4650146+08:00	0x02	0.0081	0.5277	-0.8490	0.0244	184.25	1.55	63.70
2026-06-22T15:11:51.4650146+08:00	0x04	-0.3076	0.0614	0.4663	-0.8271	294.91	334.18	26.85
2026-06-22T15:11:51.4650146+08:00	0x03	-0.1775	0.4677	0.6654	0.5540	84.86	29.46	305.00
2026-06-22T15:11:51.4650146+08:00	0x01	0.3460	0.4581	-0.7647	0.2928	197.74	322.57	64.58
2026-06-22T15:11:51.4650146+08:00	0x07	0.0071	-0.0331	-0.2977	0.9541	325.35	356.14	359.64
2026-06-22T15:11:51.4650146+08:00	0x06	0.0054	0.0155	-0.4362	0.8997	308.28	1.33	1.34
2026-06-22T15:11:51.4650146+08:00	0x02	0.0096	0.5295	-0.8480	0.0224	183.64	0.98	63.95
2026-06-22T15:11:51.4650146+08:00	0x04	-0.2985	0.0526	0.4613	-0.8339	296.33	336.02	26.70
2026-06-22T15:11:51.4650146+08:00	0x09	0.0771	0.0011	-0.0220	0.9968	357.47	359.93	8.84
2026-06-22T15:11:51.4650146+08:00	0x03	-0.1781	0.4653	0.6652	0.5562	84.86	29.13	305.20
2026-06-22T15:11:51.4650146+08:00	0x08	0.0475	-0.0110	0.2334	0.9712	27.03	0.04	5.59
2026-06-22T15:11:51.4650146+08:00	0x02	0.0159	0.5483	-0.8360	0.0119	180.37	358.07	66.52
2026-06-22T15:11:51.4650146+08:00	0x06	0.0054	0.0155	-0.4362	0.8997	308.28	1.33	1.34
2026-06-22T15:11:51.4650146+08:00	0x04	-0.3097	0.0468	0.4699	-0.8253	294.49	335.38	27.85
2026-06-22T15:11:51.4650146+08:00	0x03	-0.1631	0.4675	0.6684	0.5550	84.84	30.56	306.29
2026-06-22T15:11:51.4650146+08:00	0x07	0.0071	-0.0331	-0.2977	0.9541	325.35	356.14	359.64
2026-06-22T15:11:51.4650146+08:00	0x09	0.0771	0.0011	-0.0220	0.9968	357.47	359.93	8.84
2026-06-22T15:11:51.4659708+08:00	0x08	0.0475	-0.0110	0.2334	0.9712	27.03	0.04	5.59
2026-06-22T15:11:51.4659708+08:00	0x06	0.0054	0.0155	-0.4362	0.8997	308.28	1.33	1.34
2026-06-22T15:11:51.4659708+08:00	0x02	0.0304	0.5467	-0.8368	0.0019	175.74	353.06	66.21
2026-06-22T15:11:51.4659708+08:00	0x04	-0.3606	0.0686	0.4746	-0.8000	289.69	328.25	30.79
2026-06-22T15:11:51.4659708+08:00	0x09	0.0771	0.0011	-0.0220	0.9968	357.47	359.93	8.84
2026-06-22T15:11:51.4659708+08:00	0x07	0.0071	-0.0331	-0.2977	0.9541	325.35	356.13	359.64
2026-06-22T15:11:51.4659708+08:00	0x08	0.0475	-0.0110	0.2334	0.9712	27.03	0.04	5.59
2026-06-22T15:11:51.4659708+08:00	0x06	0.0054	0.0155	-0.4362	0.8997	308.28	1.33	1.34
2026-06-22T15:11:51.4659708+08:00	0x04	-0.3543	0.0716	0.4602	-0.8109	292.20	329.09	30.57
2026-06-22T15:11:51.4659708+08:00	0x01	0.3614	0.4551	-0.7565	0.3001	197.14	319.87	64.88
2026-06-22T15:11:51.4659708+08:00	0x03	-0.1829	0.4754	0.6518	0.5619	81.50	31.59	304.38
2026-06-22T15:11:51.4659708+08:00	0x08	0.0475	-0.0110	0.2334	0.9712	27.03	0.04	5.58
2026-06-22T15:11:51.4659708+08:00	0x02	0.0038	0.5985	-0.8009	-0.0190	172.94	354.20	73.45
2026-06-22T15:11:51.4659708+08:00	0x04	-0.4142	0.0915	0.4160	-0.8043	292.63	322.46	36.18
2026-06-22T15:11:51.4659708+08:00	0x01	0.2931	0.4437	-0.7863	0.3145	209.86	337.28	61.90
2026-06-22T15:11:51.4659708+08:00	0x09	0.0771	0.0011	-0.0220	0.9968	357.47	359.93	8.84
2026-06-22T15:11:51.4659708+08:00	0x07	0.0070	-0.0331	-0.2977	0.9541	325.35	356.14	359.64
2026-06-22T15:11:51.4659708+08:00	0x08	0.0475	-0.0110	0.2334	0.9712	27.03	0.04	5.58
2026-06-22T15:11:51.4659708+08:00	0x02	0.0323	0.5083	-0.8602	0.0245	181.12	356.36	61.17
2026-06-22T15:11:51.4659708+08:00	0x06	0.0054	0.0155	-0.4362	0.8997	308.28	1.33	1.34
2026-06-22T15:11:51.4659708+08:00	0x01	0.3041	0.4861	-0.7689	0.2827	200.73	330.61	66.86
2026-06-22T15:11:51.4659708+08:00	0x09	0.0771	0.0011	-0.0220	0.9968	357.47	359.93	8.84
2026-06-22T15:11:51.4659708+08:00	0x07	0.0071	-0.0331	-0.2977	0.9541	325.35	356.14	359.64
2026-06-22T15:11:51.4659708+08:00	0x02	0.0089	0.5450	-0.8383	0.0070	180.27	358.95	66.06
2026-06-22T15:11:51.4659708+08:00	0x04	-0.3853	0.0902	0.4305	-0.8112	293.41	325.16	33.20
2026-06-22T15:11:51.4659708+08:00	0x03	-0.1802	0.5034	0.6707	0.5141	86.01	32.79	300.62
2026-06-22T15:11:51.4659708+08:00	0x01	0.3267	0.4534	-0.7772	0.2893	200.00	326.83	63.35
2026-06-22T15:11:51.4659708+08:00	0x07	0.0071	-0.0331	-0.2977	0.9541	325.35	356.14	359.64
2026-06-22T15:11:51.4659708+08:00	0x02	0.0391	0.5243	-0.8503	-0.0219	170.13	348.69	62.87
2026-06-22T15:11:51.4659708+08:00	0x04	-0.3863	0.0923	0.4289	-0.8114	293.50	324.90	33.22
2026-06-22T15:11:51.4659708+08:00	0x01	0.3308	0.4489	-0.7800	0.2841	198.56	325.39	62.65
2026-06-22T15:11:51.4659708+08:00	0x03	-0.1790	0.5040	0.6703	0.5145	85.81	33.07	300.71
2026-06-22T15:11:51.4659708+08:00	0x09	0.0771	0.0011	-0.0220	0.9968	357.47	359.93	8.84
2026-06-22T15:11:51.4659708+08:00	0x07	0.0071	-0.0331	-0.2977	0.9541	325.35	356.14	359.64
2026-06-22T15:11:51.4659708+08:00	0x02	0.0435	0.5220	-0.8514	-0.0258	168.87	347.39	62.46
2026-06-22T15:11:51.4659708+08:00	0x04	-0.3863	0.0920	0.4300	-0.8108	293.35	324.89	33.18
2026-06-22T15:11:51.4659708+08:00	0x06	0.0054	0.0155	-0.4362	0.8997	308.28	1.33	1.34
2026-06-22T15:11:51.4659708+08:00	0x07	0.0070	-0.0331	-0.2977	0.9541	325.35	356.14	359.64
2026-06-22T15:11:51.4659708+08:00	0x09	0.0771	0.0011	-0.0220	0.9968	357.47	359.93	8.84
2026-06-22T15:11:51.4659708+08:00	0x02	0.0439	0.5283	-0.8476	-0.0226	169.11	347.34	63.32
2026-06-22T15:11:51.4659708+08:00	0x06	0.0054	0.0155	-0.4362	0.8997	308.28	1.33	1.34
2026-06-22T15:11:51.4659708+08:00	0x03	-0.1803	0.5028	0.6685	0.5175	85.39	33.05	300.81
2026-06-22T15:11:51.4659708+08:00	0x07	0.0071	-0.0331	-0.2977	0.9541	325.35	356.14	359.65
2026-06-22T15:11:51.4659708+08:00	0x09	0.0771	0.0011	-0.0220	0.9968	357.47	359.93	8.84
2026-06-22T15:11:51.4659708+08:00	0x02	0.0408	0.5313	-0.8458	-0.0252	168.79	347.49	63.73
2026-06-22T15:11:51.4659708+08:00	0x04	-0.3862	0.0934	0.4293	-0.8111	293.44	324.78	33.11
2026-06-22T15:11:51.4659708+08:00	0x06	0.0054	0.0155	-0.4362	0.8997	308.28	1.33	1.34
2026-06-22T15:11:51.4659708+08:00	0x03	-0.1804	0.5025	0.6684	0.5178	85.38	33.01	300.84
2026-06-22T15:11:51.4659708+08:00	0x09	0.0771	0.0011	-0.0220	0.9968	357.47	359.93	8.84
2026-06-22T15:11:51.4659708+08:00	0x07	0.0071	-0.0331	-0.2977	0.9541	325.35	356.14	359.65
2026-06-22T15:11:51.4659708+08:00	0x02	0.0422	0.5300	-0.8465	-0.0265	168.40	347.09	63.52
2026-06-22T15:11:51.4659708+08:00	0x06	0.0054	0.0155	-0.4362	0.8997	308.28	1.33	1.34
2026-06-22T15:11:51.4659708+08:00	0x03	-0.1810	0.5020	0.6686	0.5180	85.46	32.85	300.83
2026-06-22T15:11:51.4659708+08:00	0x01	0.3315	0.4481	-0.7834	0.2749	196.65	324.21	62.17
2026-06-22T15:11:51.4659708+08:00	0x09	0.0771	0.0011	-0.0220	0.9968	357.47	359.93	8.84
2026-06-22T15:11:51.4659708+08:00	0x02	0.0429	0.5291	-0.8470	-0.0284	167.97	346.76	63.37
2026-06-22T15:11:51.4659708+08:00	0x03	-0.1806	0.5019	0.6686	0.5181	85.44	32.88	300.87
2026-06-22T15:11:51.4659708+08:00	0x01	0.3307	0.4501	-0.7834	0.2725	196.17	324.05	62.31
2026-06-22T15:11:51.4659708+08:00	0x09	0.0771	0.0011	-0.0220	0.9968	357.47	359.93	8.84
2026-06-22T15:11:51.4659708+08:00	0x08	0.0475	-0.0110	0.2334	0.9712	27.03	0.04	5.58
2026-06-22T15:11:51.4659708+08:00	0x06	0.0054	0.0155	-0.4362	0.8997	308.28	1.33	1.34
2026-06-22T15:11:51.4659708+08:00	0x02	0.0435	0.5350	-0.8433	-0.0289	167.40	346.19	64.12
2026-06-22T15:11:51.4659708+08:00	0x04	-0.3947	0.0982	0.4281	-0.8070	292.72	323.43	33.57
2026-06-22T15:11:51.4659708+08:00	0x03	-0.1805	0.5011	0.6672	0.5208	85.05	33.00	301.06
2026-06-22T15:11:51.4670094+08:00	0x07	0.0071	-0.0331	-0.2977	0.9541	325.35	356.14	359.64
2026-06-22T15:11:51.4670094+08:00	0x08	0.0475	-0.0110	0.2334	0.9712	27.03	0.04	5.58
2026-06-22T15:11:51.4670094+08:00	0x06	0.0054	0.0155	-0.4362	0.8997	308.28	1.33	1.34
2026-06-22T15:11:51.4670094+08:00	0x04	-0.3933	0.0970	0.4274	-0.8082	292.98	323.73	33.57
2026-06-22T15:11:51.4670094+08:00	0x03	-0.1845	0.5005	0.6665	0.5207	85.14	32.58	300.75
2026-06-22T15:11:51.4670094+08:00	0x07	0.0071	-0.0331	-0.2977	0.9541	325.35	356.14	359.64
2026-06-22T15:11:51.4670094+08:00	0x08	0.0475	-0.0110	0.2334	0.9712	27.03	0.05	5.58
2026-06-22T15:11:51.4670094+08:00	0x02	0.0484	0.5326	-0.8446	-0.0237	168.02	345.97	63.82
2026-06-22T15:11:51.4670094+08:00	0x06	0.0054	0.0155	-0.4362	0.8997	308.28	1.33	1.34
2026-06-22T15:11:51.4670094+08:00	0x04	-0.4044	0.1030	0.4249	-0.8033	292.16	322.00	34.21
2026-06-22T15:11:51.4670094+08:00	0x03	-0.1849	0.5015	0.6647	0.5219	84.62	32.94	300.71
2026-06-22T15:11:51.4670094+08:00	0x01	0.3402	0.4391	-0.7843	0.2763	196.25	322.76	61.25
2026-06-22T15:11:51.4670094+08:00	0x08	0.0475	-0.0110	0.2334	0.9712	27.03	0.05	5.58
2026-06-22T15:11:51.4670094+08:00	0x06	0.0054	0.0155	-0.4362	0.8997	308.28	1.33	1.34
2026-06-22T15:11:51.4670094+08:00	0x04	-0.3980	0.1019	0.4270	-0.8056	292.50	322.74	33.65
2026-06-22T15:11:51.4670094+08:00	0x07	0.0071	-0.0331	-0.2977	0.9541	325.35	356.14	359.64
2026-06-22T15:11:51.4670094+08:00	0x03	-0.1839	0.5010	0.6649	0.5226	84.62	32.96	300.86
2026-06-22T15:11:51.4670094+08:00	0x09	0.0771	0.0011	-0.0220	0.9968	357.47	359.93	8.84
2026-06-22T15:11:51.4670094+08:00	0x02	0.0501	0.5293	-0.8466	-0.0237	167.99	345.79	63.37
2026-06-22T15:11:51.4670094+08:00	0x04	-0.3983	0.1032	0.4280	-0.8047	292.30	322.53	33.55
2026-06-22T15:11:51.4670094+08:00	0x03	-0.1837	0.4998	0.6650	0.5237	84.65	32.81	301.01
2026-06-22T15:11:51.4670094+08:00	0x07	0.0071	-0.0331	-0.2977	0.9541	325.35	356.14	359.64
2026-06-22T15:11:51.4670094+08:00	0x01	0.3391	0.4430	-0.7849	0.2696	194.87	322.13	61.43
2026-06-22T15:11:51.4670094+08:00	0x09	0.0771	0.0011	-0.0220	0.9968	357.47	359.93	8.84
2026-06-22T15:11:51.4670094+08:00	0x06	0.0054	0.0155	-0.4362	0.8997	308.28	1.33	1.34
2026-06-22T15:11:51.4670094+08:00	0x02	0.0488	0.5263	-0.8486	-0.0229	168.55	346.39	63.00
2026-06-22T15:11:51.4670094+08:00	0x04	-0.3847	0.1012	0.4311	-0.8099	293.18	324.06	32.40
2026-06-22T15:11:51.4670094+08:00	0x07	0.0071	-0.0331	-0.2977	0.9541	325.35	356.13	359.64
2026-06-22T15:11:51.4670094+08:00	0x01	0.3340	0.4538	-0.7838	0.2611	193.23	321.87	62.35
2026-06-22T15:11:51.4670094+08:00	0x09	0.0771	0.0011	-0.0220	0.9968	357.47	359.93	8.84
2026-06-22T15:11:51.4670094+08:00	0x02	0.0386	0.5418	-0.8393	-0.0223	169.10	347.75	65.20
2026-06-22T15:11:51.4670094+08:00	0x04	-0.3776	0.1003	0.4303	-0.8138	293.94	324.90	31.88
2026-06-22T15:11:51.4670094+08:00	0x07	0.0071	-0.0331	-0.2977	0.9541	325.35	356.13	359.65
2026-06-22T15:11:51.4670094+08:00	0x08	0.0475	-0.0110	0.2334	0.9712	27.03	0.04	5.58
2026-06-22T15:11:51.4670094+08:00	0x09	0.0771	0.0011	-0.0220	0.9968	357.47	359.93	8.84
2026-06-22T15:11:51.4670094+08:00	0x06	0.0054	0.0155	-0.4362	0.8997	308.28	1.33	1.34
2026-06-22T15:11:51.4670094+08:00	0x02	0.0417	0.5418	-0.8392	-0.0204	169.09	347.33	65.19
2026-06-22T15:11:51.4670094+08:00	0x04	-0.3796	0.0997	0.4320	-0.8120	293.54	324.70	32.03
2026-06-22T15:11:51.4670094+08:00	0x03	-0.1800	0.4974	0.6638	0.5288	84.11	33.09	301.72
2026-06-22T15:11:51.4670094+08:00	0x07	0.0071	-0.0331	-0.2977	0.9541	325.35	356.13	359.65
2026-06-22T15:11:51.4670094+08:00	0x09	0.0771	0.0011	-0.0220	0.9968	357.47	359.93	8.84
2026-06-22T15:11:51.4670094+08:00	0x02	0.0414	0.5422	-0.8388	-0.0255	167.96	346.63	65.17
2026-06-22T15:11:51.4670094+08:00	0x03	-0.1806	0.4953	0.6607	0.5343	83.33	33.21	302.06
2026-06-22T15:11:51.4670094+08:00	0x04	-0.3771	0.0997	0.4300	-0.8142	294.04	325.03	31.89
2026-06-22T15:11:51.4670094+08:00	0x07	0.0071	-0.0331	-0.2977	0.9541	325.35	356.13	359.64
2026-06-22T15:11:51.4670094+08:00	0x09	0.0771	0.0011	-0.0220	0.9968	357.47	359.93	8.84
2026-06-22T15:11:51.4670094+08:00	0x08	0.0475	-0.0110	0.2334	0.9712	27.03	0.04	5.58
2026-06-22T15:11:51.4670094+08:00	0x03	-0.1810	0.4958	0.6618	0.5324	83.65	33.07	301.90
2026-06-22T15:11:51.4670094+08:00	0x07	0.0071	-0.0331	-0.2977	0.9541	325.35	356.14	359.64
2026-06-22T15:11:51.4670094+08:00	0x08	0.0475	-0.0110	0.2334	0.9712	27.03	0.04	5.59
2026-06-22T15:11:51.4670094+08:00	0x02	0.0485	0.5362	-0.8421	-0.0319	165.96	344.58	64.15
2026-06-22T15:11:51.4670094+08:00	0x04	-0.3877	0.1028	0.4241	-0.8119	293.85	323.83	32.84
2026-06-22T15:11:51.4670094+08:00	0x01	0.3383	0.4530	-0.7821	0.2621	192.88	321.03	62.36
2026-06-22T15:11:51.4670094+08:00	0x07	0.0071	-0.0331	-0.2977	0.9541	325.35	356.14	359.64
2026-06-22T15:11:51.4670094+08:00	0x09	0.0771	0.0011	-0.0220	0.9968	357.47	359.93	8.84
2026-06-22T15:11:51.4670094+08:00	0x02	0.0502	0.5370	-0.8415	-0.0321	165.63	344.13	64.22
2026-06-22T15:11:51.4670094+08:00	0x03	-0.1825	0.4946	0.6603	0.5348	83.35	32.96	301.97
2026-06-22T15:11:51.4670094+08:00	0x01	0.3412	0.4479	-0.7831	0.2640	193.22	320.85	61.84
2026-06-22T15:11:51.4670094+08:00	0x09	0.0771	0.0011	-0.0220	0.9968	357.47	359.93	8.84
2026-06-22T15:11:51.4670094+08:00	0x06	0.0054	0.0155	-0.4362	0.8997	308.28	1.32	1.33
2026-06-22T15:11:51.4670094+08:00	0x02	0.0493	0.5375	-0.8411	-0.0357	164.91	343.78	64.24
2026-06-22T15:11:51.4670094+08:00	0x04	-0.3904	0.1003	0.4247	-0.8107	293.56	323.79	33.21
2026-06-22T15:11:51.4680082+08:00	0x03	-0.1794	0.4957	0.6620	0.5327	83.61	33.20	302.05
2026-06-22T15:11:51.4680082+08:00	0x01	0.3398	0.4500	-0.7818	0.2661	193.67	321.28	62.19
2026-06-22T15:11:51.4680082+08:00	0x08	0.0475	-0.0110	0.2334	0.9712	27.03	0.04	5.59
2026-06-22T15:11:51.4680082+08:00	0x09	0.0771	0.0011	-0.0220	0.9968	357.47	359.93	8.84
2026-06-22T15:11:51.4680082+08:00	0x06	0.0054	0.0155	-0.4362	0.8997	308.28	1.33	1.34
2026-06-22T15:11:51.4680082+08:00	0x03	-0.1788	0.4970	0.6622	0.5315	83.60	33.40	301.96
2026-06-22T15:11:51.4680082+08:00	0x01	0.3404	0.4485	-0.7819	0.2676	193.99	321.40	62.07
2026-06-22T15:11:51.4680082+08:00	0x07	0.0071	-0.0331	-0.2977	0.9541	325.35	356.13	359.65
2026-06-22T15:11:51.4680082+08:00	0x08	0.0475	-0.0110	0.2334	0.9712	27.03	0.04	5.59
2026-06-22T15:11:51.4680082+08:00	0x09	0.0771	0.0010	-0.0220	0.9968	357.47	359.92	8.84
2026-06-22T15:11:51.4680082+08:00	0x06	0.0055	0.0155	-0.4362	0.8997	308.28	1.33	1.34
2026-06-22T15:11:51.4680082+08:00	0x03	-0.1798	0.4957	0.6608	0.5342	83.28	33.33	302.10
2026-06-22T15:11:51.4680082+08:00	0x04	-0.3884	0.1047	0.4261	-0.8103	293.47	323.49	32.70
2026-06-22T15:11:51.4680082+08:00	0x02	0.0524	0.5340	-0.8431	-0.0367	164.56	343.26	63.70
2026-06-22T15:11:51.4680082+08:00	0x01	0.3387	0.4481	-0.7831	0.2668	194.08	321.70	61.95
2026-06-22T15:11:51.4680082+08:00	0x09	0.0771	0.0010	-0.0220	0.9968	357.47	359.92	8.84
2026-06-22T15:11:51.4680082+08:00	0x07	0.0071	-0.0331	-0.2977	0.9541	325.35	356.14	359.65
2026-06-22T15:11:51.4680082+08:00	0x06	0.0054	0.0155	-0.4362	0.8997	308.28	1.33	1.34
2026-06-22T15:11:51.4680082+08:00	0x02	0.0524	0.5314	-0.8449	-0.0332	165.53	343.93	63.43
2026-06-22T15:11:51.4680082+08:00	0x03	-0.1782	0.5007	0.6593	0.5319	82.69	34.37	301.82
2026-06-22T15:11:51.4680082+08:00	0x01	0.3358	0.4504	-0.7814	0.2716	195.26	322.77	62.41
2026-06-22T15:11:51.4680082+08:00	0x08	0.0474	-0.0110	0.2334	0.9712	27.03	0.04	5.58
2026-06-22T15:11:51.4680082+08:00	0x07	0.0071	-0.0331	-0.2977	0.9541	325.35	356.14	359.65
2026-06-22T15:11:51.4680082+08:00	0x09	0.0771	0.0011	-0.0220	0.9968	357.47	359.93	8.84
2026-06-22T15:11:51.4680082+08:00	0x06	0.0054	0.0155	-0.4362	0.8997	308.28	1.33	1.34
2026-06-22T15:11:51.4680082+08:00	0x04	-0.3844	0.1069	0.4261	-0.8119	293.79	323.67	32.22
2026-06-22T15:11:51.4680082+08:00	0x02	0.0512	0.5318	-0.8446	-0.0351	165.24	343.90	63.47
2026-06-22T15:11:51.4680082+08:00	0x07	0.0071	-0.0331	-0.2977	0.9541	325.35	356.14	359.65
2026-06-22T15:11:51.4680082+08:00	0x03	-0.1790	0.4995	0.6596	0.5323	82.85	34.08	301.84
2026-06-22T15:11:51.4680082+08:00	0x09	0.0771	0.0011	-0.0220	0.9968	357.47	359.93	8.84
2026-06-22T15:11:51.4680082+08:00	0x06	0.0054	0.0155	-0.4362	0.8997	308.28	1.33	1.34
2026-06-22T15:11:51.4680082+08:00	0x04	-0.3834	0.1072	0.4268	-0.8120	293.78	323.71	32.08
2026-06-22T15:11:51.4680082+08:00	0x07	0.0071	-0.0331	-0.2977	0.9541	325.35	356.14	359.65
2026-06-22T15:11:51.4680082+08:00	0x08	0.0475	-0.0110	0.2334	0.9712	27.03	0.04	5.58
2026-06-22T15:11:51.4680082+08:00	0x09	0.0771	0.0011	-0.0220	0.9968	357.47	359.93	8.84
2026-06-22T15:11:51.4680082+08:00	0x06	0.0054	0.0155	-0.4362	0.8997	308.28	1.33	1.34
2026-06-22T15:11:51.4680082+08:00	0x03	-0.1785	0.4991	0.6604	0.5319	83.03	33.98	301.88
2026-06-22T15:11:51.4680082+08:00	0x07	0.0071	-0.0331	-0.2977	0.9541	325.35	356.14	359.65
2026-06-22T15:11:51.4680082+08:00	0x01	0.3350	0.4490	-0.7841	0.2672	194.58	322.52	62.02
2026-06-22T15:11:51.4680082+08:00	0x09	0.0771	0.0011	-0.0220	0.9968	357.47	359.93	8.84
2026-06-22T15:11:51.4680082+08:00	0x06	0.0054	0.0155	-0.4362	0.8997	308.28	1.33	1.34
2026-06-22T15:11:51.4680082+08:00	0x03	-0.1766	0.4985	0.6596	0.5341	82.72	34.21	302.20
2026-06-22T15:11:51.4680082+08:00	0x07	0.0071	-0.0331	-0.2977	0.9541	325.35	356.14	359.64
2026-06-22T15:11:51.4680082+08:00	0x01	0.3361	0.4499	-0.7831	0.2670	194.35	322.22	62.15
2026-06-22T15:11:51.4680082+08:00	0x09	0.0771	0.0011	-0.0220	0.9968	357.47	359.93	8.84
2026-06-22T15:11:51.4680082+08:00	0x06	0.0055	0.0155	-0.4362	0.8997	308.28	1.33	1.34
2026-06-22T15:11:51.4680082+08:00	0x03	-0.1776	0.4955	0.6593	0.5370	82.76	33.74	302.43
2026-06-22T15:11:51.4680082+08:00	0x04	-0.3927	0.1081	0.4291	-0.8062	292.60	322.58	32.71
2026-06-22T15:11:51.4680082+08:00	0x07	0.0071	-0.0331	-0.2977	0.9541	325.35	356.14	359.64
2026-06-22T15:11:51.4680082+08:00	0x09	0.0771	0.0011	-0.0220	0.9968	357.47	359.93	8.84
2026-06-22T15:11:51.4680082+08:00	0x06	0.0054	0.0155	-0.4362	0.8997	308.28	1.33	1.34
2026-06-22T15:11:51.4680082+08:00	0x04	-0.3880	0.1074	0.4275	-0.8095	293.27	323.21	32.43
2026-06-22T15:11:51.4680082+08:00	0x03	-0.1775	0.4960	0.6588	0.5371	82.60	33.89	302.42
2026-06-22T15:11:51.4680082+08:00	0x01	0.3379	0.4480	-0.7833	0.2674	194.31	321.95	61.96
2026-06-22T15:11:51.4680082+08:00	0x07	0.0071	-0.0331	-0.2977	0.9541	325.35	356.14	359.65
2026-06-22T15:11:51.4680082+08:00	0x09	0.0771	0.0011	-0.0220	0.9968	357.47	359.93	8.84
2026-06-22T15:11:51.4680082+08:00	0x06	0.0054	0.0155	-0.4362	0.8997	308.28	1.33	1.34
2026-06-22T15:11:51.4680082+08:00	0x02	0.0482	0.5447	-0.8362	-0.0414	163.19	342.62	65.10
2026-06-22T15:11:51.4709584+08:00	0x03	-0.1777	0.4946	0.6639	0.5320	84.06	32.96	302.24
2026-06-22T15:11:51.4709584+08:00	0x01	0.3368	0.4501	-0.7831	0.2660	194.05	321.95	62.14
2026-06-22T15:11:51.4709584+08:00	0x08	0.0475	-0.0110	0.2334	0.9712	27.03	0.04	5.58
2026-06-22T15:11:51.4709584+08:00	0x09	0.0771	0.0011	-0.0220	0.9968	357.47	359.93	8.84
2026-06-22T15:11:51.4709584+08:00	0x06	0.0054	0.0155	-0.4362	0.8997	308.28	1.33	1.34
2026-06-22T15:11:51.4709584+08:00	0x02	0.0486	0.5457	-0.8355	-0.0428	162.74	342.26	65.19
2026-06-22T15:11:51.4709584+08:00	0x04	-0.3799	0.0965	0.4285	-0.8141	294.06	325.13	32.41
2026-06-22T15:11:51.4709584+08:00	0x03	-0.1762	0.4960	0.6634	0.5318	83.79	33.39	302.28
2026-06-22T15:11:51.4709584+08:00	0x01	0.3349	0.4521	-0.7827	0.2661	194.20	322.30	62.38
2026-06-22T15:11:51.4709584+08:00	0x07	0.0071	-0.0331	-0.2977	0.9541	325.35	356.14	359.65
2026-06-22T15:11:51.4709584+08:00	0x09	0.0771	0.0011	-0.0220	0.9968	357.47	359.93	8.84
2026-06-22T15:11:51.4709584+08:00	0x06	0.0054	0.0155	-0.4362	0.8997	308.28	1.33	1.34
2026-06-22T15:11:51.4709584+08:00	0x04	-0.3886	0.0961	0.4274	-0.8106	293.43	324.32	33.22
2026-06-22T15:11:51.4709584+08:00	0x03	-0.1751	0.4949	0.6646	0.5317	84.10	33.17	302.43
2026-06-22T15:11:51.4709584+08:00	0x01	0.3349	0.4545	-0.7816	0.2655	193.93	322.12	62.65
2026-06-22T15:11:51.4709584+08:00	0x07	0.0071	-0.0331	-0.2977	0.9541	325.35	356.14	359.65
2026-06-22T15:11:51.4709584+08:00	0x09	0.0771	0.0011	-0.0220	0.9968	357.47	359.93	8.84
2026-06-22T15:11:51.4709584+08:00	0x02	0.0495	0.5508	-0.8320	-0.0447	161.68	341.28	65.80
2026-06-22T15:11:51.4709584+08:00	0x04	-0.3826	0.0942	0.4278	-0.8135	293.95	325.12	32.81
2026-06-22T15:11:51.4709584+08:00	0x03	-0.1801	0.4930	0.6621	0.5349	83.71	32.77	302.27
2026-06-22T15:11:51.4709584+08:00	0x01	0.3356	0.4550	-0.7811	0.2649	193.67	321.86	62.70
2026-06-22T15:11:51.4709584+08:00	0x08	0.0475	-0.0110	0.2334	0.9712	27.03	0.04	5.59
2026-06-22T15:11:51.4709584+08:00	0x07	0.0071	-0.0331	-0.2977	0.9541	325.35	356.14	359.65
2026-06-22T15:11:51.4709584+08:00	0x09	0.0771	0.0011	-0.0220	0.9968	357.47	359.93	8.84
2026-06-22T15:11:51.4709584+08:00	0x02	0.0492	0.5550	-0.8292	-0.0440	161.45	341.02	66.36
2026-06-22T15:11:51.4709584+08:00	0x03	-0.1815	0.4923	0.6620	0.5353	83.78	32.54	302.22
2026-06-22T15:11:51.4709584+08:00	0x01	0.3360	0.4540	-0.7819	0.2640	193.51	321.72	62.53
2026-06-22T15:11:51.4709584+08:00	0x08	0.0475	-0.0110	0.2334	0.9712	27.03	0.04	5.58
2026-06-22T15:11:51.4716424+08:00	0x09	0.0771	0.0011	-0.0220	0.9968	357.47	359.93	8.84
2026-06-22T15:11:51.4716424+08:00	0x01	0.3355	0.4540	-0.7818	0.2648	193.74	321.92	62.57
2026-06-22T15:11:51.4716424+08:00	0x02	0.0495	0.5536	-0.8300	-0.0467	160.93	340.69	66.12
2026-06-22T15:11:51.4716424+08:00	0x04	-0.3760	0.0931	0.4271	-0.8170	294.65	325.93	32.34
2026-06-22T15:11:51.4716424+08:00	0x03	-0.1808	0.4934	0.6626	0.5338	83.89	32.66	302.14
2026-06-22T15:11:51.4716424+08:00	0x08	0.0475	-0.0110	0.2334	0.9712	27.03	0.04	5.58
2026-06-22T15:11:51.4716424+08:00	0x07	0.0071	-0.0331	-0.2977	0.9541	325.35	356.14	359.64
2026-06-22T15:11:51.4716424+08:00	0x09	0.0771	0.0011	-0.0220	0.9968	357.47	359.93	8.84
2026-06-22T15:11:51.4716424+08:00	0x06	0.0054	0.0155	-0.4362	0.8997	308.28	1.33	1.33
2026-06-22T15:11:51.4716424+08:00	0x02	0.0500	0.5505	-0.8320	-0.0468	161.14	340.88	65.70
2026-06-22T15:11:51.4716424+08:00	0x03	-0.1794	0.4945	0.6639	0.5315	84.16	32.77	302.08
2026-06-22T15:11:51.4716424+08:00	0x04	-0.3790	0.0913	0.4252	-0.8168	294.69	325.89	32.78
2026-06-22T15:11:51.4716424+08:00	0x08	0.0475	-0.0110	0.2334	0.9712	27.03	0.04	5.59
2026-06-22T15:11:51.4716424+08:00	0x07	0.0071	-0.0331	-0.2977	0.9541	325.35	356.14	359.64
2026-06-22T15:11:51.4716424+08:00	0x01	0.3342	0.4538	-0.7819	0.2665	194.27	322.42	62.59
2026-06-22T15:11:51.4716424+08:00	0x03	-0.1783	0.4947	0.6661	0.5290	84.68	32.61	302.05
2026-06-22T15:11:51.4716424+08:00	0x02	0.0503	0.5476	-0.8339	-0.0463	161.53	341.20	65.32
2026-06-22T15:11:51.4716424+08:00	0x04	-0.3748	0.0864	0.4252	-0.8193	295.15	326.83	32.74
2026-06-22T15:11:51.4716424+08:00	0x08	0.0475	-0.0110	0.2334	0.9712	27.03	0.04	5.58
2026-06-22T15:11:51.4716424+08:00	0x09	0.0771	0.0011	-0.0220	0.9968	357.47	359.93	8.84
2026-06-22T15:11:51.4716424+08:00	0x01	0.3335	0.4546	-0.7819	0.2660	194.21	322.48	62.66
2026-06-22T15:11:51.4716424+08:00	0x03	-0.1771	0.4954	0.6647	0.5304	84.23	33.01	302.17
2026-06-22T15:11:51.4716424+08:00	0x06	0.0054	0.0155	-0.4362	0.8997	308.28	1.33	1.33
2026-06-22T15:11:51.4716424+08:00	0x04	-0.3816	0.0939	0.4249	-0.8155	294.45	325.36	32.86
2026-06-22T15:11:51.4716424+08:00	0x08	0.0475	-0.0110	0.2334	0.9712	27.03	0.05	5.58
2026-06-22T15:11:51.4716424+08:00	0x09	0.0771	0.0011	-0.0220	0.9968	357.47	359.93	8.84
2026-06-22T15:11:51.4716424+08:00	0x07	0.0071	-0.0331	-0.2977	0.9541	325.35	356.13	359.65
2026-06-22T15:11:51.4716424+08:00	0x02	0.0502	0.5487	-0.8331	-0.0473	161.21	340.97	65.45
2026-06-22T15:11:51.4716424+08:00	0x03	-0.1777	0.4943	0.6656	0.5301	84.54	32.68	302.17
2026-06-22T15:11:51.4716424+08:00	0x04	-0.3766	0.0906	0.4260	-0.8176	294.80	326.17	32.59
2026-06-22T15:11:51.4716424+08:00	0x08	0.0475	-0.0110	0.2334	0.9712	27.03	0.04	5.58
2026-06-22T15:11:51.4716424+08:00	0x09	0.0771	0.0011	-0.0220	0.9968	357.47	359.93	8.84
2026-06-22T15:11:51.4716424+08:00	0x06	0.0054	0.0155	-0.4362	0.8997	308.28	1.33	1.34
2026-06-22T15:11:51.4721911+08:00	0x07	0.0071	-0.0331	-0.2977	0.9541	325.35	356.13	359.65
2026-06-22T15:11:51.4721911+08:00	0x03	-0.1797	0.4931	0.6653	0.5311	84.57	32.36	302.13
2026-06-22T15:11:51.4721911+08:00	0x02	0.0512	0.5499	-0.8324	-0.0465	161.13	340.74	65.60
2026-06-22T15:11:51.4721911+08:00	0x04	-0.3779	0.0873	0.4259	-0.8175	294.77	326.40	32.92
2026-06-22T15:11:51.4721911+08:00	0x08	0.0475	-0.0110	0.2334	0.9712	27.03	0.05	5.58
2026-06-22T15:11:51.4721911+08:00	0x07	0.0071	-0.0331	-0.2977	0.9541	325.35	356.13	359.65
2026-06-22T15:11:51.4721911+08:00	0x01	0.3353	0.4533	-0.7816	0.2667	194.18	322.21	62.56
2026-06-22T15:11:51.4721911+08:00	0x03	-0.1812	0.4925	0.6653	0.5311	84.68	32.13	302.03
2026-06-22T15:11:51.4721911+08:00	0x04	-0.3759	0.0879	0.4260	-0.8182	294.90	326.52	32.70
2026-06-22T15:11:51.4721911+08:00	0x08	0.0475	-0.0110	0.2334	0.9712	27.03	0.04	5.59
2026-06-22T15:11:51.4721911+08:00	0x01	0.3350	0.4535	-0.7820	0.2656	193.99	322.15	62.53
2026-06-22T15:11:51.4721911+08:00	0x09	0.0771	0.0011	-0.0220	0.9968	357.47	359.93	8.84
2026-06-22T15:11:51.4721911+08:00	0x04	-0.3813	0.0915	0.4260	-0.8153	294.37	325.60	32.95
2026-06-22T15:11:51.4721911+08:00	0x08	0.0475	-0.0110	0.2334	0.9712	27.03	0.04	5.58
2026-06-22T15:11:51.4721911+08:00	0x07	0.0071	-0.0331	-0.2977	0.9541	325.35	356.13	359.65
2026-06-22T15:11:51.4721911+08:00	0x01	0.3338	0.4543	-0.7823	0.2650	193.98	322.30	62.59
2026-06-22T15:11:51.4721911+08:00	0x03	-0.1795	0.4926	0.6665	0.5300	84.91	32.14	302.11
2026-06-22T15:11:51.4721911+08:00	0x02	0.0505	0.5485	-0.8333	-0.0472	161.19	340.92	65.42
2026-06-22T15:11:51.4721911+08:00	0x04	-0.3764	0.0907	0.4263	-0.8175	294.77	326.17	32.55
2026-06-22T15:11:51.4721911+08:00	0x08	0.0475	-0.0110	0.2334	0.9712	27.03	0.05	5.59
2026-06-22T15:11:51.4721911+08:00	0x01	0.3332	0.4547	-0.7823	0.2649	194.03	322.41	62.62
2026-06-22T15:11:51.4721911+08:00	0x07	0.0071	-0.0331	-0.2977	0.9541	325.35	356.13	359.64
2026-06-22T15:11:51.4721911+08:00	0x09	0.0771	0.0011	-0.0220	0.9968	357.47	359.93	8.84
2026-06-22T15:11:51.4721911+08:00	0x03	-0.1789	0.4933	0.6667	0.5292	84.94	32.26	302.09
2026-06-22T15:11:51.4721911+08:00	0x04	-0.3756	0.0883	0.4266	-0.8180	294.85	326.49	32.62
2026-06-22T15:11:51.4721911+08:00	0x08	0.0475	-0.0110	0.2334	0.9712	27.03	0.05	5.58
2026-06-22T15:11:51.4721911+08:00	0x07	0.0071	-0.0331	-0.2977	0.9541	325.35	356.13	359.65
2026-06-22T15:11:51.4721911+08:00	0x01	0.3346	0.4539	-0.7819	0.2659	194.08	322.25	62.59
2026-06-22T15:11:51.4721911+08:00	0x09	0.0771	0.0011	-0.0220	0.9968	357.47	359.93	8.84
2026-06-22T15:11:51.4721911+08:00	0x03	-0.1806	0.4927	0.6665	0.5295	85.00	32.03	302.00
2026-06-22T15:11:51.4721911+08:00	0x04	-0.3729	0.0881	0.4262	-0.8194	295.13	326.79	32.42
2026-06-22T15:11:51.4721911+08:00	0x08	0.0475	-0.0110	0.2334	0.9712	27.03	0.04	5.59
2026-06-22T15:11:51.4721911+08:00	0x07	0.0071	-0.0331	-0.2977	0.9541	325.35	356.13	359.64
2026-06-22T15:11:51.4721911+08:00	0x06	0.0054	0.0155	-0.4362	0.8997	308.28	1.33	1.34
2026-06-22T15:11:51.4721911+08:00	0x03	-0.1811	0.4925	0.6664	0.5296	85.01	31.96	301.97
2026-06-22T15:11:51.4721911+08:00	0x02	0.0519	0.5485	-0.8332	-0.0481	160.80	340.48	65.36
2026-06-22T15:11:51.4721911+08:00	0x04	-0.3803	0.0900	0.4253	-0.8163	294.58	325.89	32.99
2026-06-22T15:11:51.4721911+08:00	0x09	0.0771	0.0011	-0.0220	0.9968	357.47	359.93	8.84
2026-06-22T15:11:51.4721911+08:00	0x08	0.0475	-0.0110	0.2334	0.9712	27.03	0.04	5.59
2026-06-22T15:11:51.4721911+08:00	0x06	0.0054	0.0155	-0.4362	0.8997	308.28	1.33	1.34
2026-06-22T15:11:51.4721911+08:00	0x01	0.3327	0.4563	-0.7812	0.2659	194.20	322.57	62.87
2026-06-22T15:11:51.4721911+08:00	0x03	-0.1794	0.4937	0.6660	0.5297	84.75	32.36	302.05
2026-06-22T15:11:51.4721911+08:00	0x07	0.0071	-0.0331	-0.2977	0.9541	325.35	356.13	359.64
2026-06-22T15:11:51.4721911+08:00	0x02	0.0520	0.5454	-0.8352	-0.0464	161.47	341.01	65.00
2026-06-22T15:11:51.4721911+08:00	0x08	0.0475	-0.0110	0.2334	0.9712	27.03	0.04	5.58
2026-06-22T15:11:51.4721911+08:00	0x06	0.0054	0.0155	-0.4362	0.8997	308.28	1.33	1.34
2026-06-22T15:11:51.4721911+08:00	0x01	0.3315	0.4573	-0.7812	0.2660	194.33	322.82	62.98
2026-06-22T15:11:51.4721911+08:00	0x02	0.0505	0.5439	-0.8364	-0.0460	161.92	341.55	64.84
2026-06-22T15:11:51.4721911+08:00	0x07	0.0071	-0.0331	-0.2977	0.9541	325.35	356.13	359.64
2026-06-22T15:11:51.4721911+08:00	0x08	0.0475	-0.0110	0.2334	0.9712	27.03	0.04	5.58
2026-06-22T15:11:51.4721911+08:00	0x06	0.0054	0.0155	-0.4362	0.8997	308.28	1.33	1.33
2026-06-22T15:11:51.4721911+08:00	0x07	0.0071	-0.0331	-0.2977	0.9541	325.35	356.14	359.64
2026-06-22T15:11:51.4721911+08:00	0x02	0.0509	0.5431	-0.8368	-0.0464	161.86	341.49	64.72
2026-06-22T15:11:51.4721911+08:00	0x04	-0.3689	0.0934	0.4230	-0.8223	295.82	326.75	31.86
2026-06-22T15:11:51.4721911+08:00	0x08	0.0475	-0.0110	0.2334	0.9712	27.03	0.04	5.58
2026-06-22T15:11:51.4721911+08:00	0x09	0.0771	0.0011	-0.0220	0.9968	357.47	359.93	8.85
2026-06-22T15:11:51.4721911+08:00	0x07	0.0071	-0.0331	-0.2977	0.9541	325.35	356.14	359.64
2026-06-22T15:11:51.4721911+08:00	0x04	-0.3682	0.0952	0.4235	-0.8222	295.78	326.62	31.66
2026-06-22T15:11:51.4721911+08:00	0x08	0.0475	-0.0110	0.2334	0.9712	27.03	0.04	5.58
2026-06-22T15:11:51.4721911+08:00	0x09	0.0771	0.0011	-0.0220	0.9968	357.47	359.93	8.85
2026-06-22T15:11:51.4721911+08:00	0x03	-0.1807	0.4953	0.6636	0.5307	84.14	32.78	301.87
2026-06-22T15:11:51.4721911+08:00	0x01	0.3336	0.4529	-0.7827	0.2666	194.42	322.60	62.47
2026-06-22T15:11:51.4721911+08:00	0x07	0.0071	-0.0331	-0.2977	0.9541	325.35	356.13	359.65
2026-06-22T15:11:51.4721911+08:00	0x08	0.0475	-0.0110	0.2334	0.9712	27.03	0.04	5.58
2026-06-22T15:11:51.4721911+08:00	0x09	0.0771	0.0011	-0.0220	0.9968	357.47	359.93	8.84
2026-06-22T15:11:51.4732329+08:00	0x07	0.0071	-0.0331	-0.2977	0.9541	325.35	356.13	359.65
2026-06-22T15:11:51.4732329+08:00	0x03	-0.1802	0.4947	0.6641	0.5308	84.25	32.68	301.96
2026-06-22T15:11:51.4732329+08:00	0x06	0.0054	0.0155	-0.4362	0.8997	308.28	1.33	1.34
2026-06-22T15:11:51.4732329+08:00	0x01	0.3334	0.4530	-0.7825	0.2669	194.50	322.68	62.50
2026-06-22T15:11:51.4732329+08:00	0x04	-0.3715	0.0979	0.4251	-0.8196	295.23	325.95	31.72
2026-06-22T15:11:51.4732329+08:00	0x02	0.0503	0.5461	-0.8350	-0.0463	161.68	341.35	65.12
2026-06-22T15:11:51.4732329+08:00	0x08	0.0475	-0.0110	0.2334	0.9712	27.03	0.04	5.59
2026-06-22T15:11:51.4732329+08:00	0x09	0.0771	0.0011	-0.0220	0.9968	357.47	359.93	8.84
2026-06-22T15:11:51.4732329+08:00	0x03	-0.1810	0.4935	0.6639	0.5319	84.27	32.47	302.03
2026-06-22T15:11:51.4732329+08:00	0x07	0.0071	-0.0331	-0.2977	0.9541	325.35	356.14	359.65
2026-06-22T15:11:51.4732329+08:00	0x01	0.3339	0.4548	-0.7816	0.2662	194.19	322.41	62.70
2026-06-22T15:11:51.4732329+08:00	0x04	-0.3713	0.0970	0.4264	-0.8191	295.08	326.01	31.70
2026-06-22T15:11:51.4732329+08:00	0x02	0.0505	0.5478	-0.8337	-0.0466	161.40	341.07	65.34
2026-06-22T15:11:51.4732329+08:00	0x08	0.0475	-0.0110	0.2334	0.9712	27.03	0.04	5.58
2026-06-22T15:11:51.4732329+08:00	0x09	0.0771	0.0011	-0.0220	0.9968	357.47	359.93	8.84
2026-06-22T15:11:51.4732329+08:00	0x03	-0.1813	0.4932	0.6637	0.5323	84.23	32.43	302.04
2026-06-22T15:11:51.4732329+08:00	0x01	0.3333	0.4533	-0.7828	0.2658	194.28	322.56	62.48
2026-06-22T15:11:51.4732329+08:00	0x02	0.0523	0.5462	-0.8348	-0.0445	161.79	341.14	65.14
2026-06-22T15:11:51.4732329+08:00	0x08	0.0475	-0.0110	0.2334	0.9712	27.03	0.04	5.58
2026-06-22T15:11:51.4732329+08:00	0x07	0.0071	-0.0331	-0.2977	0.9541	325.35	356.13	359.65
2026-06-22T15:11:51.4732329+08:00	0x09	0.0771	0.0011	-0.0220	0.9968	357.47	359.93	8.84
2026-06-22T15:11:51.4732329+08:00	0x03	-0.1808	0.4937	0.6641	0.5315	84.30	32.49	302.01
2026-06-22T15:11:51.4732329+08:00	0x01	0.3327	0.4541	-0.7826	0.2657	194.29	322.65	62.57
2026-06-22T15:11:51.4732329+08:00	0x04	-0.3680	0.0971	0.4270	-0.8203	295.28	326.31	31.38
2026-06-22T15:11:51.4732329+08:00	0x08	0.0475	-0.0110	0.2334	0.9712	27.03	0.04	5.58
2026-06-22T15:11:51.4732329+08:00	0x06	0.0054	0.0155	-0.4362	0.8997	308.28	1.33	1.34
2026-06-22T15:11:51.4732329+08:00	0x09	0.0771	0.0011	-0.0220	0.9968	357.47	359.93	8.84
2026-06-22T15:11:51.4732329+08:00	0x03	-0.1808	0.4932	0.6642	0.5318	84.36	32.40	302.05
2026-06-22T15:11:51.4732329+08:00	0x01	0.3325	0.4550	-0.7825	0.2647	194.06	322.53	62.64
2026-06-22T15:11:51.4732329+08:00	0x04	-0.3672	0.0965	0.4271	-0.8206	295.34	326.44	31.35
2026-06-22T15:11:51.4732329+08:00	0x08	0.0475	-0.0110	0.2334	0.9712	27.03	0.04	5.59
2026-06-22T15:11:51.4732329+08:00	0x07	0.0071	-0.0331	-0.2977	0.9541	325.35	356.14	359.64
2026-06-22T15:11:51.4732329+08:00	0x03	-0.1811	0.4929	0.6643	0.5320	84.38	32.33	302.06
2026-06-22T15:11:51.4732329+08:00	0x01	0.3326	0.4555	-0.7825	0.2639	193.85	322.40	62.67
2026-06-22T15:11:51.4732329+08:00	0x02	0.0493	0.5467	-0.8345	-0.0472	161.53	341.36	65.21
2026-06-22T15:11:51.4732329+08:00	0x08	0.0475	-0.0110	0.2334	0.9712	27.03	0.04	5.58
2026-06-22T15:11:51.4732329+08:00	0x07	0.0071	-0.0331	-0.2977	0.9541	325.35	356.13	359.65
2026-06-22T15:11:51.4732329+08:00	0x06	0.0054	0.0155	-0.4362	0.8997	308.28	1.33	1.34
2026-06-22T15:11:51.4732329+08:00	0x01	0.3335	0.4559	-0.7820	0.2634	193.62	322.13	62.71
2026-06-22T15:11:51.4732329+08:00	0x04	-0.3667	0.0948	0.4271	-0.8210	295.41	326.66	31.41
2026-06-22T15:11:51.4732329+08:00	0x08	0.0475	-0.0110	0.2334	0.9712	27.03	0.04	5.58
2026-06-22T15:11:51.4732329+08:00	0x09	0.0771	0.0010	-0.0220	0.9968	357.47	359.92	8.84
2026-06-22T15:11:51.4732329+08:00	0x07	0.0071	-0.0331	-0.2977	0.9541	325.35	356.14	359.64
2026-06-22T15:11:51.4732329+08:00	0x06	0.0054	0.0155	-0.4362	0.8997	308.28	1.33	1.34
2026-06-22T15:11:51.4732329+08:00	0x04	-0.3687	0.0940	0.4270	-0.8203	295.27	326.57	31.64
2026-06-22T15:11:51.4732329+08:00	0x02	0.0483	0.5550	-0.8291	-0.0480	160.66	340.63	66.29
2026-06-22T15:11:51.4732329+08:00	0x08	0.0475	-0.0110	0.2334	0.9712	27.03	0.04	5.58
2026-06-22T15:11:51.4732329+08:00	0x09	0.0771	0.0010	-0.0220	0.9968	357.47	359.92	8.84
2026-06-22T15:11:51.4732329+08:00	0x03	-0.1810	0.4915	0.6633	0.5345	84.15	32.29	302.27
2026-06-22T15:11:51.4732329+08:00	0x06	0.0054	0.0155	-0.4362	0.8997	308.28	1.33	1.34
2026-06-22T15:11:51.4732329+08:00	0x01	0.3328	0.4577	-0.7808	0.2649	193.89	322.37	63.00
2026-06-22T15:11:51.4732329+08:00	0x04	-0.3676	0.0934	0.4264	-0.8212	295.46	326.76	31.61
2026-06-22T15:11:51.4732329+08:00	0x09	0.0771	0.0010	-0.0220	0.9968	357.47	359.92	8.84
2026-06-22T15:11:51.4732329+08:00	0x03	-0.1799	0.4925	0.6639	0.5333	84.22	32.46	302.25
2026-06-22T15:11:51.4732329+08:00	0x08	0.0475	-0.0110	0.2334	0.9712	27.03	0.04	5.58
2026-06-22T15:11:51.4732329+08:00	0x02	0.0523	0.5472	-0.8339	-0.0495	160.56	340.32	65.16
2026-06-22T15:11:51.4732329+08:00	0x04	-0.3657	0.0945	0.4270	-0.8216	295.52	326.81	31.35
2026-06-22T15:11:51.4732329+08:00	0x08	0.0475	-0.0110	0.2334	0.9712	27.03	0.04	5.58
2026-06-22T15:11:51.4732329+08:00	0x03	-0.1801	0.4933	0.6636	0.5328	84.13	32.59	302.16
2026-06-22T15:11:51.4732329+08:00	0x06	0.0055	0.0155	-0.4362	0.8997	308.28	1.33	1.34
2026-06-22T15:11:51.4732329+08:00	0x02	0.0533	0.5439	-0.8360	-0.0496	160.75	340.45	64.70
2026-06-22T15:11:51.4742282+08:00	0x04	-0.3653	0.0949	0.4264	-0.8220	295.63	326.82	31.31
2026-06-22T15:11:51.4742357+08:00	0x08	0.0475	-0.0110	0.2334	0.9712	27.03	0.04	5.58
2026-06-22T15:11:51.4742357+08:00	0x03	-0.1801	0.4932	0.6635	0.5330	84.10	32.59	302.17
2026-06-22T15:11:51.4742357+08:00	0x09	0.0771	0.0011	-0.0220	0.9968	357.47	359.93	8.84
2026-06-22T15:11:51.4742357+08:00	0x02	0.0542	0.5402	-0.8383	-0.0497	160.97	340.59	64.20
2026-06-22T15:11:51.4742357+08:00	0x04	-0.3677	0.0956	0.4262	-0.8210	295.44	326.52	31.48
2026-06-22T15:11:51.4742357+08:00	0x09	0.0771	0.0011	-0.0220	0.9968	357.47	359.93	8.84
2026-06-22T15:11:51.4742357+08:00	0x07	0.0071	-0.0331	-0.2977	0.9541	325.35	356.14	359.64
2026-06-22T15:11:51.4742357+08:00	0x03	-0.1811	0.4930	0.6632	0.5333	84.08	32.50	302.11
2026-06-22T15:11:51.4742357+08:00	0x02	0.0557	0.5385	-0.8393	-0.0485	161.18	340.58	63.98
2026-06-22T15:11:51.4742357+08:00	0x04	-0.3710	0.0952	0.4259	-0.8197	295.21	326.26	31.81
2026-06-22T15:11:51.4742357+08:00	0x08	0.0475	-0.0110	0.2334	0.9712	27.03	0.05	5.59
2026-06-22T15:11:51.4742357+08:00	0x03	-0.1815	0.4923	0.6637	0.5332	84.26	32.29	302.12
2026-06-22T15:11:51.4742357+08:00	0x07	0.0071	-0.0331	-0.2977	0.9541	325.35	356.14	359.65
2026-06-22T15:11:51.4742357+08:00	0x06	0.0054	0.0155	-0.4362	0.8997	308.28	1.33	1.34
2026-06-22T15:11:51.4742357+08:00	0x01	0.3374	0.4521	-0.7825	0.2637	193.38	321.47	62.30
2026-06-22T15:11:51.4742357+08:00	0x08	0.0475	-0.0110	0.2334	0.9712	27.03	0.04	5.58
2026-06-22T15:11:51.4742357+08:00	0x03	-0.1833	0.4914	0.6640	0.5329	84.48	31.94	302.01
2026-06-22T15:11:51.4742357+08:00	0x07	0.0071	-0.0331	-0.2977	0.9541	325.35	356.14	359.64
2026-06-22T15:11:51.4742357+08:00	0x02	0.0550	0.5413	-0.8378	-0.0449	161.80	340.97	64.43
2026-06-22T15:11:51.4742357+08:00	0x01	0.3412	0.4496	-0.7804	0.2692	194.11	321.33	62.30
2026-06-22T15:11:51.4742357+08:00	0x08	0.0475	-0.0110	0.2334	0.9712	27.03	0.04	5.59
2026-06-22T15:11:51.4742357+08:00	0x03	-0.1376	0.5079	0.7431	0.4135	106.66	25.79	299.71
2026-06-22T15:11:51.4742357+08:00	0x09	0.0771	0.0011	-0.0220	0.9968	357.47	359.93	8.85
2026-06-22T15:11:51.4742357+08:00	0x06	0.0054	0.0155	-0.4362	0.8997	308.28	1.33	1.34
2026-06-22T15:11:51.4742357+08:00	0x02	0.0521	0.5391	-0.8396	-0.0425	162.94	342.13	64.26
2026-06-22T15:11:51.4742357+08:00	0x01	0.3388	0.4607	-0.7777	0.2610	192.06	320.38	63.31
2026-06-22T15:11:51.4742357+08:00	0x04	-0.3709	0.0952	0.4259	-0.8198	295.22	326.27	31.80
2026-06-22T15:11:51.4742357+08:00	0x03	-0.2879	0.4820	0.8060	0.1875	176.96	322.52	297.76
2026-06-22T15:11:51.4742357+08:00	0x09	0.0771	0.0011	-0.0220	0.9968	357.47	359.93	8.84
2026-06-22T15:11:51.4742357+08:00	0x02	0.0426	0.5602	-0.8260	-0.0449	161.68	341.86	67.18
2026-06-22T15:11:51.4742357+08:00	0x07	0.0071	-0.0331	-0.2977	0.9541	325.35	356.13	359.64
2026-06-22T15:11:51.4742357+08:00	0x01	0.3351	0.4748	-0.7753	0.2474	188.70	318.73	64.43
2026-06-22T15:11:51.4742357+08:00	0x08	0.0475	-0.0110	0.2334	0.9712	27.03	0.04	5.58
2026-06-22T15:11:51.4742357+08:00	0x04	-0.4785	0.3123	-0.3238	-0.7541	29.69	335.09	67.51
2026-06-22T15:11:51.4747844+08:00	0x03	-0.3019	0.4688	0.8139	0.1632	181.96	318.18	300.50
2026-06-22T15:11:51.4747844+08:00	0x09	0.0771	0.0011	-0.0220	0.9968	357.47	359.93	8.84
2026-06-22T15:11:51.4747844+08:00	0x07	0.0071	-0.0331	-0.2977	0.9541	325.35	356.13	359.64
2026-06-22T15:11:51.4747844+08:00	0x02	0.0439	0.5551	-0.8291	-0.0495	160.95	341.42	66.38
2026-06-22T15:11:51.4747844+08:00	0x04	-0.4269	0.3672	-0.2489	-0.7880	8.75	314.97	58.83
2026-06-22T15:11:51.4747844+08:00	0x03	-0.2980	0.4631	0.8220	0.1450	184.06	317.90	302.03
2026-06-22T15:11:51.4747844+08:00	0x09	0.0771	0.0010	-0.0220	0.9968	357.47	359.92	8.84
2026-06-22T15:11:51.4747844+08:00	0x02	0.0444	0.5471	-0.8341	-0.0546	160.53	341.38	65.21
2026-06-22T15:11:51.4747844+08:00	0x07	0.0071	-0.0331	-0.2977	0.9541	325.35	356.13	359.65
2026-06-22T15:11:51.4747844+08:00	0x01	0.3298	0.4896	-0.7727	0.2333	185.24	317.16	65.58
2026-06-22T15:11:51.4747844+08:00	0x08	0.0475	-0.0110	0.2334	0.9712	27.03	0.04	5.58
2026-06-22T15:11:51.4747844+08:00	0x04	-0.3727	0.4196	-0.1637	-0.8113	355.98	303.52	47.91
2026-06-22T15:11:51.4747844+08:00	0x03	-0.2949	0.4589	0.8252	0.1462	183.14	318.94	302.47
2026-06-22T15:11:51.4747844+08:00	0x09	0.0771	0.0011	-0.0220	0.9968	357.47	359.93	8.84
2026-06-22T15:11:51.4747844+08:00	0x07	0.0071	-0.0331	-0.2977	0.9541	325.35	356.13	359.64
2026-06-22T15:11:51.4747844+08:00	0x02	0.0422	0.5562	-0.8280	-0.0570	159.34	340.56	66.38
2026-06-22T15:11:51.4747844+08:00	0x01	0.3303	0.4980	-0.7706	0.2215	181.74	314.72	66.04
2026-06-22T15:11:51.4747844+08:00	0x03	-0.2905	0.4872	0.7831	0.2550	163.61	329.92	294.33
2026-06-22T15:11:51.4747844+08:00	0x09	0.0771	0.0010	-0.0220	0.9968	357.47	359.92	8.84
2026-06-22T15:11:51.4747844+08:00	0x07	0.0071	-0.0331	-0.2977	0.9541	325.35	356.13	359.64
2026-06-22T15:11:51.4747844+08:00	0x01	0.3338	0.4844	-0.7741	0.2341	185.29	316.72	64.98
2026-06-22T15:11:51.4747844+08:00	0x04	-0.2926	0.5509	0.2612	-0.7367	314.39	282.95	8.24
2026-06-22T15:11:51.4747844+08:00	0x03	-0.2818	0.5078	0.7504	0.3157	146.64	342.55	289.95
2026-06-22T15:11:51.4747844+08:00	0x09	0.0771	0.0010	-0.0220	0.9968	357.47	359.92	8.84
2026-06-22T15:11:51.4747844+08:00	0x07	0.0071	-0.0331	-0.2977	0.9541	325.35	356.13	359.64
2026-06-22T15:11:51.4747844+08:00	0x06	0.0055	0.0155	-0.4362	0.8997	308.28	1.33	1.34
2026-06-22T15:11:51.4747844+08:00	0x01	0.3350	0.4736	-0.7763	0.2465	188.65	318.75	64.23
2026-06-22T15:11:51.4747844+08:00	0x04	-0.2738	0.5609	0.2897	-0.7256	313.16	282.79	4.14
2026-06-22T15:11:51.4747844+08:00	0x08	0.0475	-0.0110	0.2334	0.9712	27.03	0.04	5.58
2026-06-22T15:11:51.4747844+08:00	0x03	-0.2716	0.5127	0.7407	0.3387	137.64	350.43	289.36
2026-06-22T15:11:51.4747844+08:00	0x09	0.0771	0.0011	-0.0220	0.9968	357.47	359.93	8.84
2026-06-22T15:11:51.4747844+08:00	0x07	0.0071	-0.0331	-0.2977	0.9541	325.35	356.13	359.64
2026-06-22T15:11:51.4747844+08:00	0x01	0.3355	0.4735	-0.7769	0.2442	188.13	318.38	64.11
2026-06-22T15:11:51.4747844+08:00	0x02	0.0471	0.5571	-0.8272	-0.0561	158.71	339.46	66.41
2026-06-22T15:11:51.4753363+08:00	0x04	-0.3037	0.5481	0.3617	-0.6903	303.65	282.40	1.31
2026-06-22T15:11:51.4753363+08:00	0x08	0.0475	-0.0110	0.2334	0.9712	27.03	0.04	5.58
2026-06-22T15:11:51.4753363+08:00	0x09	0.0771	0.0011	-0.0220	0.9968	357.47	359.93	8.84
2026-06-22T15:11:51.4753363+08:00	0x07	0.0071	-0.0331	-0.2977	0.9541	325.35	356.14	359.64
2026-06-22T15:11:51.4753363+08:00	0x01	0.3318	0.4756	-0.7762	0.2474	189.15	319.49	64.49
2026-06-22T15:11:51.4753363+08:00	0x06	0.0055	0.0155	-0.4362	0.8997	308.28	1.33	1.34
2026-06-22T15:11:51.4753363+08:00	0x04	-0.3012	0.5283	0.3928	-0.6899	300.66	285.10	0.03
2026-06-22T15:11:51.4753363+08:00	0x08	0.0475	-0.0110	0.2334	0.9712	27.03	0.04	5.58
2026-06-22T15:11:51.4753363+08:00	0x09	0.0771	0.0011	-0.0220	0.9968	357.47	359.93	8.84
2026-06-22T15:11:51.4753363+08:00	0x02	0.0464	0.5504	-0.8317	-0.0563	159.54	340.36	65.54
2026-06-22T15:11:51.4753363+08:00	0x07	0.0071	-0.0331	-0.2977	0.9541	325.35	356.13	359.64
2026-06-22T15:11:51.4753363+08:00	0x04	-0.3013	0.5289	0.3919	-0.6899	300.75	285.02	0.07
2026-06-22T15:11:51.4753363+08:00	0x08	0.0475	-0.0110	0.2334	0.9712	27.03	0.05	5.58
2026-06-22T15:11:51.4753363+08:00	0x03	-0.1541	0.4941	0.6717	0.5300	84.88	34.31	304.19
2026-06-22T15:11:51.4753363+08:00	0x02	0.0477	0.5420	-0.8373	-0.0539	160.75	341.26	64.49
2026-06-22T15:11:51.4753363+08:00	0x09	0.0771	0.0011	-0.0220	0.9968	357.47	359.93	8.84
2026-06-22T15:11:51.4753363+08:00	0x06	0.0054	0.0155	-0.4362	0.8997	308.28	1.33	1.34
2026-06-22T15:11:51.4753363+08:00	0x04	-0.2846	0.5299	0.4759	-0.6417	292.89	286.20	352.00
2026-06-22T15:11:51.4753363+08:00	0x03	-0.1569	0.4870	0.6738	0.5331	85.68	32.86	304.56
2026-06-22T15:11:51.4753363+08:00	0x08	0.0475	-0.0110	0.2334	0.9712	27.03	0.05	5.58
2026-06-22T15:11:51.4753363+08:00	0x02	0.0481	0.5499	-0.8321	-0.0532	160.03	340.46	65.52
2026-06-22T15:11:51.4753363+08:00	0x06	0.0054	0.0155	-0.4362	0.8997	308.28	1.33	1.34
2026-06-22T15:11:51.4753363+08:00	0x07	0.0071	-0.0331	-0.2977	0.9541	325.35	356.14	359.64
2026-06-22T15:11:51.4753363+08:00	0x04	-0.3109	0.5155	0.4827	-0.6360	290.02	286.06	354.13
2026-06-22T15:11:51.4753363+08:00	0x01	0.3406	0.4529	-0.7835	0.2550	191.19	319.76	62.06
2026-06-22T15:11:51.4753363+08:00	0x03	-0.1405	0.4763	0.6405	0.5858	77.19	36.73	309.22
2026-06-22T15:11:51.4753363+08:00	0x09	0.0770	0.0010	-0.0220	0.9968	357.47	359.92	8.84
2026-06-22T15:11:51.4753363+08:00	0x02	0.0501	0.5407	-0.8385	-0.0440	162.71	342.20	64.48
2026-06-22T15:11:51.4753363+08:00	0x01	0.3473	0.4377	-0.7800	0.2819	196.50	321.85	61.47
2026-06-22T15:11:51.4753363+08:00	0x07	0.0071	-0.0331	-0.2977	0.9541	325.35	356.13	359.64
2026-06-22T15:11:51.4753363+08:00	0x04	-0.3101	0.5160	0.4825	-0.6362	290.11	286.06	354.07
2026-06-22T15:11:51.4753363+08:00	0x08	0.0475	-0.0110	0.2334	0.9712	27.03	0.05	5.58
2026-06-22T15:11:51.4753363+08:00	0x09	0.0770	0.0010	-0.0220	0.9968	357.47	359.92	8.84
2026-06-22T15:11:51.4753363+08:00	0x03	-0.1410	0.4767	0.6415	0.5843	77.43	36.64	309.08
2026-06-22T15:11:51.4753363+08:00	0x02	0.0475	0.5441	-0.8367	-0.0390	163.87	343.16	65.08
2026-06-22T15:11:51.4753363+08:00	0x06	0.0054	0.0155	-0.4362	0.8997	308.28	1.33	1.34
2026-06-22T15:11:51.4753363+08:00	0x07	0.0071	-0.0331	-0.2977	0.9541	325.35	356.13	359.64
2026-06-22T15:11:51.4753363+08:00	0x01	0.3538	0.4246	-0.7813	0.2902	198.00	321.79	60.31
2026-06-22T15:11:51.4753363+08:00	0x04	-0.3589	0.2823	0.5883	-0.6674	272.91	306.11	8.45
2026-06-22T15:11:51.4753363+08:00	0x08	0.0475	-0.0110	0.2334	0.9712	27.03	0.05	5.58
2026-06-22T15:11:51.4753363+08:00	0x03	-0.1147	0.4576	0.6484	0.5975	78.79	35.66	313.07
2026-06-22T15:11:51.4753363+08:00	0x02	0.0460	0.5332	-0.8441	-0.0320	166.49	345.33	63.79
2026-06-22T15:11:51.4753363+08:00	0x06	0.0054	0.0155	-0.4362	0.8997	308.28	1.33	1.34
2026-06-22T15:11:51.4753363+08:00	0x07	0.0071	-0.0331	-0.2977	0.9541	325.35	356.13	359.64
2026-06-22T15:11:51.4753363+08:00	0x01	0.3503	0.4254	-0.7807	0.2949	199.28	322.99	60.54
2026-06-22T15:11:51.4753363+08:00	0x04	-0.3575	0.2845	0.5922	-0.6637	272.48	306.02	7.91
2026-06-22T15:11:51.4753363+08:00	0x08	0.0475	-0.0110	0.2334	0.9712	27.03	0.05	5.58
2026-06-22T15:11:51.4753363+08:00	0x09	0.0771	0.0010	-0.0220	0.9968	357.47	359.92	8.84
2026-06-22T15:11:51.4753363+08:00	0x03	-0.1595	0.4536	0.6647	0.5718	83.93	29.70	308.24
2026-06-22T15:11:51.4753363+08:00	0x02	0.0477	0.5402	-0.8395	-0.0328	165.58	344.34	64.68
2026-06-22T15:11:51.4753363+08:00	0x07	0.0071	-0.0331	-0.2977	0.9541	325.35	356.13	359.64
2026-06-22T15:11:51.4753363+08:00	0x04	-0.3193	0.0910	0.5350	-0.7769	284.12	328.22	23.50
2026-06-22T15:11:51.4753363+08:00	0x09	0.0771	0.0010	-0.0220	0.9968	357.47	359.92	8.84
2026-06-22T15:11:51.4753363+08:00	0x03	-0.1625	0.4612	0.6610	0.5692	83.06	30.73	307.38
2026-06-22T15:11:51.4753363+08:00	0x02	0.0457	0.5464	-0.8356	-0.0345	164.96	344.04	65.49
2026-06-22T15:11:51.4753363+08:00	0x04	-0.3131	0.0867	0.5141	-0.7939	287.56	329.78	24.08
2026-06-22T15:11:51.4753363+08:00	0x01	0.3433	0.4354	-0.7805	0.2890	198.54	323.59	61.40
2026-06-22T15:11:51.4753363+08:00	0x09	0.0771	0.0011	-0.0220	0.9968	357.47	359.93	8.84
2026-06-22T15:11:51.4753363+08:00	0x08	0.0475	-0.0110	0.2334	0.9712	27.03	0.05	5.58
2026-06-22T15:11:51.4753363+08:00	0x03	-0.1665	0.4626	0.6639	0.5635	83.94	30.16	306.69
2026-06-22T15:11:51.4753363+08:00	0x06	0.0054	0.0155	-0.4362	0.8997	308.28	1.33	1.34
2026-06-22T15:11:51.4753363+08:00	0x07	0.0071	-0.0331	-0.2977	0.9541	325.35	356.13	359.64
2026-06-22T15:11:51.4753363+08:00	0x04	-0.3079	0.0758	0.4966	-0.8080	290.48	331.80	24.98
2026-06-22T15:11:51.4753363+08:00	0x09	0.0771	0.0011	-0.0220	0.9968	357.47	359.93	8.84
2026-06-22T15:11:51.4763709+08:00	0x03	-0.1684	0.4642	0.6625	0.5632	83.68	30.33	306.42
2026-06-22T15:11:51.4763709+08:00	0x06	0.0054	0.0155	-0.4362	0.8997	308.28	1.33	1.34
2026-06-22T15:11:51.4763709+08:00	0x01	0.3448	0.4318	-0.7805	0.2923	199.15	323.71	61.12
2026-06-22T15:11:51.4763709+08:00	0x04	-0.3164	0.0766	0.4808	-0.8141	292.09	331.44	26.21
2026-06-22T15:11:51.4763709+08:00	0x07	0.0071	-0.0331	-0.2977	0.9541	325.35	356.13	359.65
2026-06-22T15:11:51.4763709+08:00	0x09	0.0771	0.0011	-0.0220	0.9968	357.47	359.93	8.84
2026-06-22T15:11:51.4763709+08:00	0x03	-0.1690	0.4637	0.6629	0.5630	83.82	30.15	306.38
2026-06-22T15:11:51.4763709+08:00	0x06	0.0054	0.0155	-0.4362	0.8997	308.28	1.33	1.34
2026-06-22T15:11:51.4763709+08:00	0x01	0.3435	0.4317	-0.7817	0.2909	199.06	323.86	61.01
2026-06-22T15:11:51.4763709+08:00	0x04	-0.3139	0.0733	0.4719	-0.8206	293.55	332.27	26.48
2026-06-22T15:11:51.4763709+08:00	0x08	0.0475	-0.0110	0.2334	0.9712	27.03	0.04	5.58
2026-06-22T15:11:51.4763709+08:00	0x09	0.0771	0.0011	-0.0220	0.9968	357.47	359.93	8.84
2026-06-22T15:11:51.4763709+08:00	0x02	0.0500	0.5501	-0.8328	-0.0369	163.46	342.37	65.86
2026-06-22T15:11:51.4763709+08:00	0x06	0.0054	0.0155	-0.4362	0.8997	308.28	1.33	1.33
2026-06-22T15:11:51.4763709+08:00	0x01	0.3421	0.4327	-0.7819	0.2905	199.11	324.09	61.09
2026-06-22T15:11:51.4763709+08:00	0x07	0.0071	-0.0331	-0.2977	0.9541	325.35	356.13	359.65
2026-06-22T15:11:51.4763709+08:00	0x08	0.0475	-0.0110	0.2334	0.9712	27.03	0.05	5.58
2026-06-22T15:11:51.4763709+08:00	0x03	-0.1690	0.4649	0.6636	0.5612	83.96	30.23	306.22
2026-06-22T15:11:51.4763709+08:00	0x02	0.0483	0.5500	-0.8330	-0.0361	163.89	342.88	65.90
2026-06-22T15:11:51.4763709+08:00	0x09	0.0771	0.0011	-0.0220	0.9968	357.47	359.93	8.84
2026-06-22T15:11:51.4763709+08:00	0x07	0.0071	-0.0331	-0.2977	0.9541	325.35	356.13	359.65
2026-06-22T15:11:51.4763709+08:00	0x04	-0.3059	0.0678	0.4602	-0.8307	295.77	333.87	26.48
2026-06-22T15:11:51.4763709+08:00	0x09	0.0771	0.0011	-0.0220	0.9968	357.47	359.93	8.84
2026-06-22T15:11:51.4763709+08:00	0x02	0.0480	0.5533	-0.8308	-0.0371	163.39	342.49	66.31
2026-06-22T15:11:51.4763709+08:00	0x03	-0.1739	0.4650	0.6603	0.5636	83.38	30.13	305.90
2026-06-22T15:11:51.4763709+08:00	0x07	0.0071	-0.0331	-0.2977	0.9541	325.35	356.13	359.65
2026-06-22T15:11:51.4763709+08:00	0x06	0.0054	0.0155	-0.4362	0.8997	308.28	1.33	1.33
2026-06-22T15:11:51.4763709+08:00	0x04	-0.3070	0.0683	0.4590	-0.8309	295.87	333.76	26.58
2026-06-22T15:11:51.4763709+08:00	0x08	0.0475	-0.0110	0.2334	0.9712	27.03	0.04	5.59
2026-06-22T15:11:51.4763709+08:00	0x09	0.0771	0.0011	-0.0220	0.9968	357.47	359.93	8.84
2026-06-22T15:11:51.4763709+08:00	0x03	-0.1727	0.4640	0.6592	0.5660	83.07	30.27	306.17
2026-06-22T15:11:51.4763709+08:00	0x07	0.0071	-0.0331	-0.2977	0.9541	325.35	356.13	359.65
2026-06-22T15:11:51.4763709+08:00	0x04	-0.3168	0.0697	0.4558	-0.8289	295.63	332.88	27.49
2026-06-22T15:11:51.4763709+08:00	0x09	0.0771	0.0011	-0.0220	0.9968	357.47	359.93	8.84
2026-06-22T15:11:51.4763709+08:00	0x03	-0.1698	0.4650	0.6582	0.5671	82.67	30.80	306.41
2026-06-22T15:11:51.4763709+08:00	0x06	0.0054	0.0155	-0.4362	0.8997	308.28	1.33	1.33
2026-06-22T15:11:51.4763709+08:00	0x07	0.0071	-0.0331	-0.2977	0.9541	325.35	356.13	359.65
2026-06-22T15:11:51.4763709+08:00	0x01	0.3401	0.4390	-0.7808	0.2862	198.21	323.86	61.67
2026-06-22T15:11:51.4763709+08:00	0x04	-0.3125	0.0658	0.4487	-0.8347	296.97	333.89	27.55
2026-06-22T15:11:51.4763709+08:00	0x08	0.0475	-0.0110	0.2334	0.9712	27.03	0.04	5.58
2026-06-22T15:11:51.4763709+08:00	0x03	-0.1704	0.4644	0.6589	0.5667	82.88	30.59	306.38
2026-06-22T15:11:51.4763709+08:00	0x09	0.0771	0.0011	-0.0220	0.9968	357.47	359.93	8.84
2026-06-22T15:11:51.4763709+08:00	0x07	0.0071	-0.0331	-0.2977	0.9541	325.35	356.13	359.65
2026-06-22T15:11:51.4763709+08:00	0x04	-0.3078	0.0634	0.4472	-0.8374	297.52	334.58	27.32
2026-06-22T15:11:51.4763709+08:00	0x08	0.0475	-0.0110	0.2334	0.9712	27.03	0.04	5.59
2026-06-22T15:11:51.4763709+08:00	0x03	-0.1707	0.4648	0.6583	0.5669	82.74	30.68	306.33
2026-06-22T15:11:51.4763709+08:00	0x06	0.0054	0.0155	-0.4362	0.8997	308.28	1.33	1.33
2026-06-22T15:11:51.4763709+08:00	0x01	0.3378	0.4428	-0.7798	0.2859	198.28	324.22	62.09
2026-06-22T15:11:51.4763709+08:00	0x07	0.0071	-0.0331	-0.2977	0.9541	325.35	356.14	359.64
2026-06-22T15:11:51.4763709+08:00	0x04	-0.3064	0.0653	0.4449	-0.8390	297.90	334.57	27.13
2026-06-22T15:11:51.4763709+08:00	0x08	0.0475	-0.0110	0.2334	0.9712	27.03	0.04	5.59
2026-06-22T15:11:51.4763709+08:00	0x03	-0.1719	0.4650	0.6579	0.5670	82.68	30.63	306.22
2026-06-22T15:11:51.4763709+08:00	0x09	0.0771	0.0011	-0.0220	0.9968	357.47	359.93	8.85
2026-06-22T15:11:51.4763709+08:00	0x06	0.0054	0.0155	-0.4362	0.8997	308.28	1.33	1.33
2026-06-22T15:11:51.4763709+08:00	0x04	-0.3089	0.0677	0.4421	-0.8394	298.08	334.19	27.31
2026-06-22T15:11:51.4763709+08:00	0x08	0.0475	-0.0110	0.2334	0.9712	27.03	0.04	5.59
2026-06-22T15:11:51.4763709+08:00	0x09	0.0771	0.0011	-0.0220	0.9968	357.47	359.93	8.85
2026-06-22T15:11:51.4763709+08:00	0x02	0.0497	0.5488	-0.8336	-0.0381	163.35	342.39	65.67
2026-06-22T15:11:51.4763709+08:00	0x06	0.0054	0.0156	-0.4362	0.8997	308.28	1.33	1.34
2026-06-22T15:11:51.4763709+08:00	0x07	0.0071	-0.0331	-0.2977	0.9541	325.35	356.14	359.64
2026-06-22T15:11:51.4763709+08:00	0x04	-0.3038	0.0660	0.4445	-0.8401	298.09	334.71	26.86
2026-06-22T15:11:51.4763709+08:00	0x08	0.0475	-0.0110	0.2334	0.9712	27.03	0.04	5.59
2026-06-22T15:11:51.4773764+08:00	0x09	0.0771	0.0011	-0.0220	0.9968	357.47	359.93	8.85
2026-06-22T15:11:51.4773764+08:00	0x03	-0.1737	0.4638	0.6557	0.5699	82.25	30.56	306.27
2026-06-22T15:11:51.4773764+08:00	0x02	0.0516	0.5537	-0.8301	-0.0418	161.73	340.92	66.19
2026-06-22T15:11:51.4773764+08:00	0x06	0.0054	0.0155	-0.4362	0.8997	308.28	1.33	1.34
2026-06-22T15:11:51.4773764+08:00	0x04	-0.3009	0.0660	0.4447	-0.8410	298.26	334.96	26.58
2026-06-22T15:11:51.4773764+08:00	0x07	0.0071	-0.0331	-0.2977	0.9541	325.35	356.14	359.64
2026-06-22T15:11:51.4773764+08:00	0x09	0.0771	0.0011	-0.0220	0.9968	357.47	359.93	8.85
2026-06-22T15:11:51.4773764+08:00	0x08	0.0475	-0.0110	0.2334	0.9712	27.03	0.04	5.59
2026-06-22T15:11:51.4773764+08:00	0x03	-0.1756	0.4656	0.6537	0.5701	81.82	30.84	306.00
2026-06-22T15:11:51.4773764+08:00	0x06	0.0054	0.0155	-0.4362	0.8997	308.28	1.33	1.34
2026-06-22T15:11:51.4773764+08:00	0x04	-0.2964	0.0608	0.4519	-0.8392	297.63	335.64	26.26
2026-06-22T15:11:51.4773764+08:00	0x07	0.0071	-0.0331	-0.2977	0.9541	325.35	356.14	359.64
2026-06-22T15:11:51.4773764+08:00	0x09	0.0771	0.0011	-0.0220	0.9968	357.47	359.93	8.84
2026-06-22T15:11:51.4773764+08:00	0x03	-0.1784	0.4558	0.6497	0.5816	81.17	29.81	306.88
2026-06-22T15:11:51.4773764+08:00	0x02	0.0500	0.5670	-0.8210	-0.0439	159.95	339.45	67.92
2026-06-22T15:11:51.4773764+08:00	0x06	0.0054	0.0155	-0.4362	0.8997	308.28	1.33	1.33
2026-06-22T15:11:51.4773764+08:00	0x04	-0.2955	0.0616	0.4470	-0.8420	298.34	335.77	26.27
2026-06-22T15:11:51.4773764+08:00	0x08	0.0475	-0.0110	0.2334	0.9712	27.03	0.04	5.58
2026-06-22T15:11:51.4773764+08:00	0x03	-0.1723	0.4597	0.6445	0.5862	79.57	31.46	307.38
2026-06-22T15:11:51.4773764+08:00	0x06	0.0054	0.0155	-0.4362	0.8997	308.28	1.33	1.34
2026-06-22T15:11:51.4773764+08:00	0x07	0.0071	-0.0331	-0.2977	0.9541	325.35	356.13	359.64
2026-06-22T15:11:51.4773764+08:00	0x01	0.3517	0.4523	-0.7713	0.2771	194.03	319.64	63.21
2026-06-22T15:11:51.4773764+08:00	0x04	-0.3027	0.0639	0.4378	-0.8442	299.12	335.24	27.07
2026-06-22T15:11:51.4773764+08:00	0x09	0.0771	0.0011	-0.0220	0.9968	357.47	359.93	8.84
2026-06-22T15:11:51.4773764+08:00	0x08	0.0475	-0.0110	0.2334	0.9712	27.03	0.04	5.58
2026-06-22T15:11:51.4773764+08:00	0x02	0.0530	0.5650	-0.8223	-0.0423	160.12	339.24	67.62
2026-06-22T15:11:51.4773764+08:00	0x07	0.0071	-0.0331	-0.2977	0.9541	325.35	356.13	359.64
2026-06-22T15:11:51.4773764+08:00	0x01	0.3760	0.4465	-0.7573	0.2928	194.07	315.96	63.70
2026-06-22T15:11:51.4773764+08:00	0x04	-0.2914	0.0558	0.4419	-0.8466	299.38	336.86	26.37
2026-06-22T15:11:51.4773764+08:00	0x09	0.0771	0.0011	-0.0220	0.9968	357.47	359.93	8.84
2026-06-22T15:11:51.4773764+08:00	0x08	0.0475	-0.0110	0.2334	0.9712	27.03	0.04	5.58
2026-06-22T15:11:51.4773764+08:00	0x03	-0.1539	0.4728	0.6135	0.6135	71.79	37.73	309.74
2026-06-22T15:11:51.4773764+08:00	0x06	0.0054	0.0155	-0.4362	0.8997	308.28	1.33	1.34
2026-06-22T15:11:51.4773764+08:00	0x07	0.0071	-0.0331	-0.2977	0.9541	325.35	356.14	359.64
2026-06-22T15:11:51.4773764+08:00	0x04	-0.2981	0.0533	0.4408	-0.8450	299.18	336.64	27.18
2026-06-22T15:11:51.4773764+08:00	0x09	0.0771	0.0010	-0.0220	0.9968	357.47	359.92	8.84
2026-06-22T15:11:51.4773764+08:00	0x03	-0.1384	0.4818	0.5928	0.6303	67.14	41.71	311.78
2026-06-22T15:11:51.4773764+08:00	0x06	0.0054	0.0156	-0.4362	0.8997	308.28	1.33	1.34
2026-06-22T15:11:51.4773764+08:00	0x01	0.3904	0.4160	-0.7219	0.3917	214.75	325.74	65.02
2026-06-22T15:11:51.4773764+08:00	0x07	0.0071	-0.0331	-0.2977	0.9541	325.35	356.13	359.65
2026-06-22T15:11:51.4773764+08:00	0x04	-0.2969	0.0550	0.4325	-0.8495	300.36	336.81	27.19
2026-06-22T15:11:51.4773764+08:00	0x09	0.0771	0.0010	-0.0220	0.9968	357.47	359.92	8.85
2026-06-22T15:11:51.4773764+08:00	0x03	-0.1337	0.4763	0.6068	0.6221	70.05	40.14	311.89
2026-06-22T15:11:51.4773764+08:00	0x07	0.0071	-0.0331	-0.2977	0.9541	325.35	356.13	359.65
2026-06-22T15:11:51.4773764+08:00	0x01	0.3870	0.4226	-0.7476	0.3357	202.73	319.34	63.09
2026-06-22T15:11:51.4773764+08:00	0x04	-0.3299	0.0652	0.4176	-0.8441	300.10	333.51	30.17
2026-06-22T15:11:51.4773764+08:00	0x08	0.0475	-0.0110	0.2334	0.9712	27.03	0.04	5.58
2026-06-22T15:11:51.4773764+08:00	0x03	-0.1582	0.4996	0.6033	0.6011	68.63	42.28	307.52
2026-06-22T15:11:51.4773764+08:00	0x07	0.0071	-0.0331	-0.2977	0.9541	325.35	356.13	359.65
2026-06-22T15:11:51.4773764+08:00	0x01	0.3476	0.4579	-0.7638	0.2934	197.64	322.26	64.62
2026-06-22T15:11:51.4773764+08:00	0x04	-0.3570	0.0739	0.4107	-0.8357	298.88	330.42	32.41
2026-06-22T15:11:51.4773764+08:00	0x09	0.0771	0.0011	-0.0220	0.9968	357.47	359.93	8.85
2026-06-22T15:11:51.4773764+08:00	0x03	-0.1465	0.5015	0.6171	0.5885	71.35	42.03	307.69
2026-06-22T15:11:51.4773764+08:00	0x07	0.0071	-0.0331	-0.2977	0.9541	325.35	356.14	359.64
2026-06-22T15:11:51.4773764+08:00	0x01	0.3159	0.4652	-0.7714	0.2980	203.06	330.25	64.95
2026-06-22T15:11:51.4773764+08:00	0x06	0.0054	0.0156	-0.4362	0.8997	308.28	1.33	1.34
2026-06-22T15:11:51.4773764+08:00	0x04	-0.3338	0.0661	0.4206	-0.8410	299.40	332.98	30.38
2026-06-22T15:11:51.4773764+08:00	0x08	0.0475	-0.0110	0.2334	0.9712	27.03	0.04	5.58
2026-06-22T15:11:51.4773764+08:00	0x02	0.0301	0.5518	-0.8334	0.0024	175.73	353.04	66.91
2026-06-22T15:11:51.4773764+08:00	0x03	-0.1619	0.4788	0.6402	0.5785	77.69	35.32	306.83
2026-06-22T15:11:51.4773764+08:00	0x07	0.0071	-0.0331	-0.2977	0.9541	325.35	356.14	359.64
2026-06-22T15:11:51.4773764+08:00	0x04	-0.3070	0.0536	0.4384	-0.8430	298.95	335.95	28.07
2026-06-22T15:11:51.4773764+08:00	0x09	0.0771	0.0011	-0.0220	0.9968	357.47	359.93	8.84
2026-06-22T15:11:51.4784140+08:00	0x02	0.0297	0.5879	-0.8080	-0.0233	166.72	346.19	71.58
2026-06-22T15:11:51.4784140+08:00	0x06	0.0054	0.0155	-0.4362	0.8997	308.28	1.33	1.34
2026-06-22T15:11:51.4784140+08:00	0x07	0.0071	-0.0331	-0.2977	0.9541	325.35	356.14	359.64
2026-06-22T15:11:51.4784140+08:00	0x01	0.3433	0.4544	-0.7666	0.2966	199.15	323.83	64.21
2026-06-22T15:11:51.4784140+08:00	0x03	-0.1653	0.4717	0.6419	0.5815	78.38	33.93	307.08
2026-06-22T15:11:51.4784140+08:00	0x04	-0.3161	0.0602	0.4320	-0.8425	299.13	334.72	28.73
2026-06-22T15:11:51.4784140+08:00	0x08	0.0475	-0.0110	0.2334	0.9712	27.03	0.04	5.58
2026-06-22T15:11:51.4784140+08:00	0x09	0.0771	0.0011	-0.0220	0.9968	357.47	359.93	8.85
2026-06-22T15:11:51.4784140+08:00	0x06	0.0055	0.0155	-0.4362	0.8997	308.28	1.33	1.34
2026-06-22T15:11:51.4784140+08:00	0x03	-0.1670	0.4722	0.6439	0.5784	78.92	33.61	306.75
2026-06-22T15:11:51.4784140+08:00	0x07	0.0071	-0.0331	-0.2977	0.9541	325.35	356.13	359.64
2026-06-22T15:11:51.4784140+08:00	0x01	0.3397	0.4554	-0.7672	0.2977	199.85	324.78	64.30
2026-06-22T15:11:51.4784140+08:00	0x04	-0.3125	0.0571	0.4300	-0.8451	299.69	335.41	28.62
2026-06-22T15:11:51.4784140+08:00	0x09	0.0771	0.0010	-0.0220	0.9968	357.47	359.92	8.85
2026-06-22T15:11:51.4784140+08:00	0x02	0.0359	0.5935	-0.8036	-0.0261	163.96	343.16	72.18
2026-06-22T15:11:51.4784140+08:00	0x06	0.0054	0.0155	-0.4362	0.8997	308.28	1.33	1.34
2026-06-22T15:11:51.4784140+08:00	0x07	0.0071	-0.0331	-0.2977	0.9541	325.35	356.13	359.64
2026-06-22T15:11:51.4784140+08:00	0x01	0.3361	0.4574	-0.7684	0.2956	199.84	325.32	64.38
2026-06-22T15:11:51.4784140+08:00	0x04	-0.3060	0.0537	0.4289	-0.8483	300.33	336.35	28.23
2026-06-22T15:11:51.4784140+08:00	0x03	-0.1679	0.4723	0.6454	0.5764	79.30	33.38	306.57
2026-06-22T15:11:51.4784140+08:00	0x09	0.0771	0.0010	-0.0220	0.9968	357.47	359.92	8.84
2026-06-22T15:11:51.4784140+08:00	0x03	-0.1643	0.4726	0.6458	0.5767	79.26	33.69	306.88
2026-06-22T15:11:51.4784140+08:00	0x04	-0.3135	0.0407	0.4372	-0.8420	298.94	336.81	29.49
2026-06-22T15:11:51.4784140+08:00	0x09	0.0771	0.0010	-0.0220	0.9968	357.47	359.92	8.84
2026-06-22T15:11:51.4784140+08:00	0x03	-0.1645	0.4641	0.6583	0.5694	82.45	31.19	307.03
2026-06-22T15:11:51.4784140+08:00	0x07	0.0071	-0.0331	-0.2977	0.9541	325.35	356.14	359.64
2026-06-22T15:11:51.4784140+08:00	0x01	0.3351	0.4713	-0.7666	0.2791	195.65	322.87	65.46
2026-06-22T15:11:51.4784140+08:00	0x04	-0.3114	0.0399	0.4335	-0.8447	299.60	337.20	29.44
2026-06-22T15:11:51.4784140+08:00	0x09	0.0771	0.0010	-0.0220	0.9968	357.47	359.92	8.84
2026-06-22T15:11:51.4784140+08:00	0x06	0.0054	0.0155	-0.4362	0.8997	308.28	1.33	1.34
2026-06-22T15:11:51.4784140+08:00	0x03	-0.1691	0.4645	0.6548	0.5717	81.80	31.20	306.71
2026-06-22T15:11:51.4784140+08:00	0x07	0.0071	-0.0331	-0.2977	0.9541	325.35	356.14	359.64
2026-06-22T15:11:51.4784140+08:00	0x01	0.3349	0.4685	-0.7655	0.2869	197.56	324.07	65.44
2026-06-22T15:11:51.4784140+08:00	0x04	-0.3131	0.0451	0.4252	-0.8480	300.56	336.81	29.52
2026-06-22T15:11:51.4784140+08:00	0x02	0.0364	0.5966	-0.8008	-0.0381	159.89	340.03	72.31
2026-06-22T15:11:51.4784140+08:00	0x09	0.0771	0.0010	-0.0220	0.9968	357.47	359.92	8.84
2026-06-22T15:11:51.4784140+08:00	0x08	0.0475	-0.0110	0.2334	0.9712	27.03	0.04	5.58
2026-06-22T15:11:51.4784140+08:00	0x03	-0.1702	0.4661	0.6512	0.5742	80.95	31.71	306.63
2026-06-22T15:11:51.4784140+08:00	0x07	0.0071	-0.0331	-0.2977	0.9541	325.35	356.14	359.64
2026-06-22T15:11:51.4784140+08:00	0x04	-0.3195	0.0479	0.4221	-0.8470	300.52	336.08	30.05
2026-06-22T15:11:51.4784140+08:00	0x02	0.0397	0.5959	-0.8012	-0.0385	159.20	339.10	72.13
2026-06-22T15:11:51.4784140+08:00	0x09	0.0771	0.0011	-0.0220	0.9968	357.47	359.93	8.84
2026-06-22T15:11:51.4784140+08:00	0x03	-0.1730	0.4670	0.6482	0.5760	80.32	31.91	306.42
2026-06-22T15:11:51.4784140+08:00	0x07	0.0071	-0.0331	-0.2977	0.9541	325.35	356.14	359.64
2026-06-22T15:11:51.4784140+08:00	0x01	0.3430	0.4580	-0.7670	0.2903	197.66	322.98	64.39
2026-06-22T15:11:51.4784140+08:00	0x04	-0.3210	0.0469	0.4227	-0.8462	300.36	336.05	30.24
2026-06-22T15:11:51.4784140+08:00	0x02	0.0409	0.5998	-0.7981	-0.0398	157.92	337.83	72.59
2026-06-22T15:11:51.4784140+08:00	0x06	0.0054	0.0155	-0.4362	0.8997	308.28	1.33	1.34
2026-06-22T15:11:51.4784140+08:00	0x08	0.0475	-0.0110	0.2334	0.9712	27.03	0.04	5.58
2026-06-22T15:11:51.4784140+08:00	0x03	-0.1737	0.4648	0.6487	0.5770	80.52	31.50	306.54
2026-06-22T15:11:51.4784140+08:00	0x07	0.0071	-0.0331	-0.2977	0.9541	325.35	356.14	359.64
2026-06-22T15:11:51.4784140+08:00	0x01	0.3422	0.4578	-0.7671	0.2913	197.99	323.30	64.39
2026-06-22T15:11:51.4784140+08:00	0x02	0.0417	0.5991	-0.7985	-0.0410	157.50	337.44	72.44
2026-06-22T15:11:51.4784140+08:00	0x09	0.0771	0.0011	-0.0220	0.9968	357.47	359.93	8.84
2026-06-22T15:11:51.4784140+08:00	0x03	-0.1728	0.4655	0.6499	0.5753	80.76	31.54	306.49
2026-06-22T15:11:51.4784140+08:00	0x07	0.0071	-0.0331	-0.2977	0.9541	325.35	356.14	359.64
2026-06-22T15:11:51.4784140+08:00	0x02	0.0411	0.5990	-0.7986	-0.0412	157.58	337.58	72.44
2026-06-22T15:11:51.4784140+08:00	0x06	0.0054	0.0155	-0.4362	0.8997	308.28	1.33	1.34
2026-06-22T15:11:51.4784140+08:00	0x03	-0.1718	0.4671	0.6504	0.5738	80.79	31.78	306.41
2026-06-22T15:11:51.4784140+08:00	0x07	0.0071	-0.0331	-0.2977	0.9541	325.35	356.14	359.64
2026-06-22T15:11:51.4784140+08:00	0x04	-0.3161	0.0495	0.4195	-0.8495	301.07	336.28	29.70
2026-06-22T15:11:51.4794167+08:00	0x09	0.0771	0.0011	-0.0220	0.9968	357.47	359.93	8.84
2026-06-22T15:11:51.4794167+08:00	0x02	0.0420	0.5974	-0.7997	-0.0436	157.01	337.14	72.13
2026-06-22T15:11:51.4794167+08:00	0x06	0.0054	0.0155	-0.4362	0.8997	308.28	1.33	1.34
2026-06-22T15:11:51.4794167+08:00	0x03	-0.1723	0.4669	0.6501	0.5742	80.74	31.74	306.39
2026-06-22T15:11:51.4794167+08:00	0x07	0.0071	-0.0331	-0.2977	0.9541	325.35	356.13	359.65
2026-06-22T15:11:51.4794167+08:00	0x01	0.3332	0.4640	-0.7687	0.2878	198.25	324.77	64.84
2026-06-22T15:11:51.4794167+08:00	0x09	0.0771	0.0011	-0.0220	0.9968	357.47	359.93	8.85
2026-06-22T15:11:51.4794167+08:00	0x08	0.0475	-0.0110	0.2334	0.9712	27.03	0.04	5.58
2026-06-22T15:11:51.4794167+08:00	0x06	0.0054	0.0155	-0.4362	0.8997	308.28	1.33	1.34
2026-06-22T15:11:51.4794167+08:00	0x03	-0.1729	0.4671	0.6500	0.5739	80.76	31.71	306.32
2026-06-22T15:11:51.4794167+08:00	0x07	0.0071	-0.0331	-0.2977	0.9541	325.35	356.13	359.64
2026-06-22T15:11:51.4794167+08:00	0x01	0.3329	0.4641	-0.7687	0.2878	198.29	324.85	64.85
2026-06-22T15:11:51.4794167+08:00	0x02	0.0421	0.5985	-0.7988	-0.0439	156.68	336.83	72.26
2026-06-22T15:11:51.4794167+08:00	0x09	0.0771	0.0011	-0.0220	0.9968	357.47	359.93	8.85
2026-06-22T15:11:51.4794167+08:00	0x08	0.0475	-0.0110	0.2334	0.9712	27.03	0.04	5.58
2026-06-22T15:11:51.4794167+08:00	0x06	0.0054	0.0155	-0.4362	0.8997	308.28	1.33	1.34
2026-06-22T15:11:51.4794167+08:00	0x03	-0.1731	0.4672	0.6490	0.5749	80.52	31.82	306.34
2026-06-22T15:11:51.4794167+08:00	0x07	0.0071	-0.0331	-0.2977	0.9541	325.35	356.13	359.64
2026-06-22T15:11:51.4794167+08:00	0x02	0.0435	0.5986	-0.7986	-0.0442	156.29	336.36	72.23
2026-06-22T15:11:51.4794167+08:00	0x09	0.0771	0.0011	-0.0220	0.9968	357.47	359.93	8.84
2026-06-22T15:11:51.4794167+08:00	0x08	0.0475	-0.0110	0.2334	0.9712	27.03	0.04	5.58
2026-06-22T15:11:51.4794167+08:00	0x06	0.0054	0.0155	-0.4362	0.8997	308.28	1.33	1.34
2026-06-22T15:11:51.4794167+08:00	0x04	-0.3128	0.0494	0.4170	-0.8520	301.62	336.66	29.45
2026-06-22T15:11:51.4794167+08:00	0x07	0.0071	-0.0331	-0.2977	0.9541	325.35	356.13	359.64
2026-06-22T15:11:51.4794167+08:00	0x09	0.0771	0.0011	-0.0220	0.9968	357.47	359.93	8.84
2026-06-22T15:11:51.4794167+08:00	0x06	0.0054	0.0155	-0.4362	0.8997	308.28	1.33	1.34
2026-06-22T15:11:51.4794167+08:00	0x03	-0.1747	0.4668	0.6481	0.5758	80.37	31.74	306.27
2026-06-22T15:11:51.4794167+08:00	0x08	0.0475	-0.0110	0.2334	0.9712	27.03	0.04	5.58
2026-06-22T15:11:51.4794167+08:00	0x04	-0.3110	0.0491	0.4176	-0.8524	301.66	336.81	29.28
2026-06-22T15:11:51.4794167+08:00	0x01	0.3323	0.4653	-0.7679	0.2887	198.52	325.07	65.03
2026-06-22T15:11:51.4794167+08:00	0x09	0.0771	0.0011	-0.0220	0.9968	357.47	359.93	8.84
2026-06-22T15:11:51.4794167+08:00	0x02	0.0433	0.5961	-0.8006	-0.0428	157.19	337.15	71.95
2026-06-22T15:11:51.4794167+08:00	0x03	-0.1762	0.4668	0.6485	0.5750	80.54	31.54	306.10
2026-06-22T15:11:51.4794167+08:00	0x04	-0.3093	0.0486	0.4172	-0.8531	301.82	337.01	29.16
2026-06-22T15:11:51.4794167+08:00	0x07	0.0071	-0.0331	-0.2977	0.9541	325.35	356.13	359.64
2026-06-22T15:11:51.4794167+08:00	0x01	0.3319	0.4657	-0.7679	0.2887	198.57	325.16	65.07
2026-06-22T15:11:51.4794167+08:00	0x02	0.0433	0.5934	-0.8025	-0.0454	156.95	337.12	71.51
2026-06-22T15:11:51.4794167+08:00	0x09	0.0771	0.0011	-0.0220	0.9968	357.47	359.93	8.84
2026-06-22T15:11:51.4794167+08:00	0x08	0.0475	-0.0110	0.2334	0.9712	27.03	0.04	5.58
2026-06-22T15:11:51.4794167+08:00	0x03	-0.1761	0.4666	0.6486	0.5749	80.57	31.52	306.12
2026-06-22T15:11:51.4794167+08:00	0x07	0.0071	-0.0331	-0.2977	0.9541	325.35	356.13	359.64
2026-06-22T15:11:51.4794167+08:00	0x01	0.3316	0.4639	-0.7695	0.2878	198.51	325.18	64.78
2026-06-22T15:11:51.4794167+08:00	0x02	0.0490	0.5923	-0.8030	-0.0444	156.29	335.91	71.24
2026-06-22T15:11:51.4794167+08:00	0x06	0.0054	0.0155	-0.4362	0.8997	308.28	1.33	1.33
2026-06-22T15:11:51.4794167+08:00	0x03	-0.1745	0.4677	0.6482	0.5750	80.38	31.85	306.19
2026-06-22T15:11:51.4794167+08:00	0x08	0.0475	-0.0110	0.2334	0.9712	27.03	0.05	5.58
2026-06-22T15:11:51.4794167+08:00	0x04	-0.3087	0.0475	0.4161	-0.8540	302.04	337.22	29.19
2026-06-22T15:11:51.4794167+08:00	0x01	0.3311	0.4666	-0.7690	0.2852	197.87	324.85	65.02
2026-06-22T15:11:51.4794167+08:00	0x02	0.0502	0.5862	-0.8075	-0.0425	157.59	336.95	70.46
2026-06-22T15:11:51.4794167+08:00	0x09	0.0771	0.0011	-0.0220	0.9968	357.47	359.93	8.84
2026-06-22T15:11:51.4794167+08:00	0x08	0.0475	-0.0110	0.2334	0.9712	27.03	0.05	5.58
2026-06-22T15:11:51.4794167+08:00	0x06	0.0054	0.0155	-0.4362	0.8997	308.28	1.33	1.34
2026-06-22T15:11:51.4794167+08:00	0x03	-0.1751	0.4669	0.6481	0.5756	80.39	31.71	306.22
2026-06-22T15:11:51.4794167+08:00	0x07	0.0071	-0.0331	-0.2977	0.9541	325.35	356.13	359.64
2026-06-22T15:11:51.4794167+08:00	0x01	0.3331	0.4667	-0.7677	0.2862	197.79	324.50	65.13
2026-06-22T15:11:51.4794167+08:00	0x09	0.0771	0.0011	-0.0220	0.9968	357.47	359.93	8.84
2026-06-22T15:11:51.4794167+08:00	0x02	0.0492	0.5877	-0.8065	-0.0413	157.85	337.21	70.72
2026-06-22T15:11:51.4794167+08:00	0x08	0.0475	-0.0110	0.2334	0.9712	27.03	0.05	5.58
2026-06-22T15:11:51.4794167+08:00	0x03	-0.1760	0.4671	0.6470	0.5764	80.16	31.77	306.16
2026-06-22T15:11:51.4794167+08:00	0x07	0.0071	-0.0332	-0.2977	0.9541	325.35	356.13	359.64
2026-06-22T15:11:51.4794167+08:00	0x01	0.3343	0.4648	-0.7682	0.2864	197.74	324.30	64.91
2026-06-22T15:11:51.4794167+08:00	0x04	-0.3089	0.0461	0.4155	-0.8543	302.13	337.37	29.30
2026-06-22T15:11:51.4794167+08:00	0x09	0.0771	0.0011	-0.0220	0.9968	357.47	359.93	8.84
2026-06-22T15:11:51.4794167+08:00	0x08	0.0475	-0.0110	0.2334	0.9712	27.03	0.05	5.58
2026-06-22T15:11:51.4804531+08:00	0x03	-0.1771	0.4667	0.6468	0.5766	80.18	31.63	306.10
2026-06-22T15:11:51.4804531+08:00	0x07	0.0071	-0.0331	-0.2977	0.9541	325.35	356.13	359.64
2026-06-22T15:11:51.4804531+08:00	0x01	0.3345	0.4643	-0.7687	0.2857	197.59	324.19	64.82
2026-06-22T15:11:51.4804531+08:00	0x02	0.0485	0.5896	-0.8050	-0.0447	156.77	336.46	70.89
2026-06-22T15:11:51.4804531+08:00	0x09	0.0771	0.0011	-0.0220	0.9968	357.47	359.93	8.84
2026-06-22T15:11:51.4804531+08:00	0x08	0.0475	-0.0110	0.2334	0.9712	27.03	0.05	5.58
2026-06-22T15:11:51.4804531+08:00	0x03	-0.1762	0.4666	0.6472	0.5766	80.22	31.66	306.18
2026-06-22T15:11:51.4804531+08:00	0x07	0.0071	-0.0331	-0.2977	0.9541	325.35	356.13	359.64
2026-06-22T15:11:51.4804531+08:00	0x01	0.3324	0.4662	-0.7680	0.2870	198.11	324.81	65.08
2026-06-22T15:11:51.4804531+08:00	0x09	0.0771	0.0011	-0.0220	0.9968	357.47	359.93	8.84
2026-06-22T15:11:51.4804531+08:00	0x08	0.0475	-0.0110	0.2334	0.9712	27.03	0.05	5.58
2026-06-22T15:11:51.4804531+08:00	0x06	0.0054	0.0155	-0.4362	0.8997	308.28	1.33	1.33
2026-06-22T15:11:51.4804531+08:00	0x07	0.0071	-0.0331	-0.2977	0.9541	325.35	356.13	359.64
2026-06-22T15:11:51.4804531+08:00	0x01	0.3329	0.4635	-0.7695	0.2867	198.09	324.73	64.72
2026-06-22T15:11:51.4804531+08:00	0x09	0.0771	0.0011	-0.0220	0.9968	357.47	359.93	8.84
2026-06-22T15:11:51.4804531+08:00	0x08	0.0475	-0.0110	0.2334	0.9712	27.03	0.04	5.58
2026-06-22T15:11:51.4804531+08:00	0x04	-0.3125	0.0451	0.4129	-0.8543	302.29	337.28	29.78
2026-06-22T15:11:51.4804531+08:00	0x07	0.0071	-0.0331	-0.2977	0.9541	325.35	356.13	359.64
2026-06-22T15:11:51.4804531+08:00	0x02	0.0505	0.5865	-0.8071	-0.0451	156.79	336.34	70.43
2026-06-22T15:11:51.4804531+08:00	0x01	0.3317	0.4641	-0.7693	0.2876	198.45	325.12	64.81
2026-06-22T15:11:51.4804531+08:00	0x09	0.0771	0.0011	-0.0220	0.9968	357.47	359.93	8.85
2026-06-22T15:11:51.4804531+08:00	0x03	-0.1737	0.4714	0.6481	0.5724	80.23	32.41	305.92
2026-06-22T15:11:51.4804531+08:00	0x04	-0.3153	0.0501	0.4118	-0.8535	302.17	336.56	29.81
2026-06-22T15:11:51.4804531+08:00	0x07	0.0071	-0.0331	-0.2977	0.9541	325.35	356.13	359.64
2026-06-22T15:11:51.4804531+08:00	0x02	0.0499	0.5845	-0.8087	-0.0419	158.05	337.40	70.27
2026-06-22T15:11:51.4804531+08:00	0x09	0.0771	0.0011	-0.0220	0.9968	357.47	359.93	8.84
2026-06-22T15:11:51.4804531+08:00	0x08	0.0475	-0.0110	0.2334	0.9712	27.03	0.04	5.58
2026-06-22T15:11:51.4804531+08:00	0x03	-0.1752	0.4721	0.6469	0.5726	79.98	32.51	305.76
2026-06-22T15:11:51.4804531+08:00	0x07	0.0071	-0.0331	-0.2977	0.9541	325.35	356.13	359.64
2026-06-22T15:11:51.4804531+08:00	0x02	0.0500	0.5845	-0.8086	-0.0444	157.40	336.94	70.20
2026-06-22T15:11:51.4804531+08:00	0x01	0.3271	0.4626	-0.7708	0.2914	200.03	326.77	64.65
2026-06-22T15:11:51.4804531+08:00	0x09	0.0771	0.0011	-0.0220	0.9968	357.47	359.93	8.84
2026-06-22T15:11:51.4804531+08:00	0x06	0.0054	0.0155	-0.4362	0.8997	308.28	1.33	1.33
2026-06-22T15:11:51.4804531+08:00	0x04	-0.3204	0.0522	0.4104	-0.8522	302.00	335.96	30.21
2026-06-22T15:11:51.4804531+08:00	0x01	0.3265	0.4640	-0.7707	0.2901	199.77	326.69	64.77
2026-06-22T15:11:51.4804531+08:00	0x02	0.0499	0.5847	-0.8085	-0.0448	157.26	336.84	70.21
2026-06-22T15:11:51.4804531+08:00	0x09	0.0771	0.0011	-0.0220	0.9968	357.47	359.93	8.84
2026-06-22T15:11:51.4804531+08:00	0x08	0.0475	-0.0110	0.2334	0.9712	27.03	0.04	5.58
2026-06-22T15:11:51.4804531+08:00	0x07	0.0071	-0.0331	-0.2977	0.9541	325.35	356.13	359.64
2026-06-22T15:11:51.4804531+08:00	0x01	0.3260	0.4650	-0.7703	0.2902	199.82	326.80	64.89
2026-06-22T15:11:51.4804531+08:00	0x09	0.0771	0.0011	-0.0220	0.9968	357.47	359.93	8.84
2026-06-22T15:11:51.4804531+08:00	0x08	0.0475	-0.0110	0.2334	0.9712	27.03	0.04	5.58
2026-06-22T15:11:51.4804531+08:00	0x03	-0.1746	0.4686	0.6508	0.5713	80.98	31.66	305.96
2026-06-22T15:11:51.4804531+08:00	0x07	0.0071	-0.0331	-0.2977	0.9541	325.35	356.13	359.64
2026-06-22T15:11:51.4804531+08:00	0x04	-0.3035	0.0368	0.4151	-0.8569	302.71	338.83	29.31
2026-06-22T15:11:51.4804531+08:00	0x02	0.0508	0.5860	-0.8075	-0.0442	157.06	336.52	70.37
2026-06-22T15:11:51.4804531+08:00	0x01	0.3277	0.4642	-0.7700	0.2901	199.59	326.41	64.83
2026-06-22T15:11:51.4804531+08:00	0x09	0.0771	0.0011	-0.0220	0.9968	357.47	359.93	8.84
2026-06-22T15:11:51.4804531+08:00	0x06	0.0054	0.0155	-0.4362	0.8997	308.28	1.33	1.34
2026-06-22T15:11:51.4804531+08:00	0x07	0.0071	-0.0331	-0.2977	0.9541	325.35	356.13	359.64
2026-06-22T15:11:51.4804531+08:00	0x02	0.0519	0.5865	-0.8071	-0.0449	156.61	336.03	70.38
2026-06-22T15:11:51.4804531+08:00	0x09	0.0771	0.0011	-0.0220	0.9968	357.47	359.93	8.84
2026-06-22T15:11:51.4804531+08:00	0x08	0.0475	-0.0110	0.2334	0.9712	27.03	0.04	5.58
2026-06-22T15:11:51.4804531+08:00	0x03	-0.1731	0.4700	0.6502	0.5712	80.75	32.04	306.00
2026-06-22T15:11:51.4804531+08:00	0x04	-0.3184	0.0483	0.4163	-0.8503	301.39	336.34	30.09
2026-06-22T15:11:51.4804531+08:00	0x02	0.0523	0.5857	-0.8075	-0.0454	156.51	335.93	70.26
2026-06-22T15:11:51.4804531+08:00	0x01	0.3284	0.4638	-0.7702	0.2895	199.36	326.16	64.77
2026-06-22T15:11:51.4804531+08:00	0x09	0.0771	0.0011	-0.0220	0.9968	357.47	359.93	8.84
2026-06-22T15:11:51.4804531+08:00	0x08	0.0475	-0.0110	0.2334	0.9712	27.03	0.04	5.58
2026-06-22T15:11:51.4804531+08:00	0x07	0.0071	-0.0331	-0.2977	0.9541	325.35	356.13	359.64
2026-06-22T15:11:51.4804531+08:00	0x03	-0.1738	0.4696	0.6515	0.5700	81.10	31.78	305.91
2026-06-22T15:11:51.4814511+08:00	0x02	0.0525	0.5850	-0.8080	-0.0458	156.49	335.93	70.15
2026-06-22T15:11:51.4814583+08:00	0x01	0.3286	0.4631	-0.7707	0.2892	199.30	326.10	64.67
2026-06-22T15:11:51.4814583+08:00	0x09	0.0771	0.0011	-0.0220	0.9968	357.47	359.93	8.84
2026-06-22T15:11:51.4814583+08:00	0x08	0.0475	-0.0110	0.2334	0.9712	27.03	0.05	5.58
2026-06-22T15:11:51.4814583+08:00	0x07	0.0071	-0.0331	-0.2977	0.9541	325.35	356.13	359.64
2026-06-22T15:11:51.4814583+08:00	0x04	-0.3133	0.0464	0.4154	-0.8527	301.87	336.99	29.72
2026-06-22T15:11:51.4814583+08:00	0x02	0.0510	0.5856	-0.8078	-0.0444	157.02	336.48	70.31
2026-06-22T15:11:51.4814583+08:00	0x01	0.3283	0.4636	-0.7706	0.2889	199.26	326.12	64.71
2026-06-22T15:11:51.4814583+08:00	0x09	0.0771	0.0011	-0.0220	0.9968	357.47	359.93	8.84
2026-06-22T15:11:51.4814583+08:00	0x08	0.0475	-0.0110	0.2334	0.9712	27.03	0.05	5.59
2026-06-22T15:11:51.4814583+08:00	0x03	-0.1739	0.4698	0.6510	0.5703	80.98	31.85	305.91
2026-06-22T15:11:51.4814583+08:00	0x02	0.0520	0.5865	-0.8069	-0.0465	156.15	335.70	70.34
2026-06-22T15:11:51.4814583+08:00	0x01	0.3288	0.4624	-0.7711	0.2889	199.22	326.02	64.57
2026-06-22T15:11:51.4814583+08:00	0x09	0.0771	0.0011	-0.0220	0.9968	357.47	359.93	8.84
2026-06-22T15:11:51.4814583+08:00	0x08	0.0475	-0.0110	0.2334	0.9712	27.03	0.05	5.59
2026-06-22T15:11:51.4814583+08:00	0x07	0.0071	-0.0331	-0.2977	0.9541	325.35	356.13	359.64
2026-06-22T15:11:51.4814583+08:00	0x04	-0.3034	0.0409	0.4162	-0.8562	302.48	338.35	29.04
2026-06-22T15:11:51.4814583+08:00	0x02	0.0521	0.5861	-0.8073	-0.0461	156.30	335.81	70.29
2026-06-22T15:11:51.4814583+08:00	0x03	-0.1749	0.4690	0.6519	0.5696	81.27	31.55	305.83
2026-06-22T15:11:51.4814583+08:00	0x01	0.3299	0.4626	-0.7705	0.2890	199.08	325.77	64.62
2026-06-22T15:11:51.4814583+08:00	0x09	0.0771	0.0011	-0.0220	0.9968	357.47	359.93	8.85
2026-06-22T15:11:51.4814583+08:00	0x06	0.0054	0.0155	-0.4362	0.8997	308.28	1.33	1.34
2026-06-22T15:11:51.4814583+08:00	0x03	-0.1756	0.4682	0.6506	0.5715	81.01	31.53	305.90
2026-06-22T15:11:51.4814583+08:00	0x02	0.0539	0.5866	-0.8068	-0.0462	155.86	335.23	70.30
2026-06-22T15:11:51.4814583+08:00	0x01	0.3309	0.4619	-0.7705	0.2888	198.92	325.53	64.55
2026-06-22T15:11:51.4814583+08:00	0x09	0.0771	0.0011	-0.0220	0.9968	357.47	359.93	8.85
2026-06-22T15:11:51.4814583+08:00	0x07	0.0071	-0.0331	-0.2977	0.9541	325.35	356.13	359.64
2026-06-22T15:11:51.4814583+08:00	0x03	-0.1749	0.4682	0.6507	0.5717	80.99	31.58	305.98
2026-06-22T15:11:51.4814583+08:00	0x06	0.0054	0.0155	-0.4362	0.8997	308.28	1.33	1.34
2026-06-22T15:11:51.4814583+08:00	0x01	0.3292	0.4627	-0.7710	0.2883	199.04	325.86	64.59
2026-06-22T15:11:51.4814583+08:00	0x09	0.0771	0.0011	-0.0220	0.9968	357.47	359.93	8.85
2026-06-22T15:11:51.4814583+08:00	0x03	-0.1736	0.4678	0.6506	0.5725	80.91	31.67	306.16
2026-06-22T15:11:51.4814583+08:00	0x08	0.0475	-0.0110	0.2334	0.9712	27.03	0.04	5.58
2026-06-22T15:11:51.4814583+08:00	0x02	0.0520	0.5898	-0.8045	-0.0473	155.36	334.98	70.74
2026-06-22T15:11:51.4814583+08:00	0x01	0.3318	0.4620	-0.7709	0.2868	198.35	325.06	64.50
2026-06-22T15:11:51.4814583+08:00	0x08	0.0475	-0.0110	0.2334	0.9712	27.03	0.04	5.58
2026-06-22T15:11:51.4814583+08:00	0x03	-0.1749	0.4663	0.6501	0.5739	80.88	31.42	306.19
2026-06-22T15:11:51.4814583+08:00	0x04	-0.3193	0.0488	0.4160	-0.8501	301.36	336.22	30.15
2026-06-22T15:11:51.4814583+08:00	0x01	0.3309	0.4637	-0.7701	0.2870	198.46	325.25	64.71
2026-06-22T15:11:51.4814583+08:00	0x09	0.0771	0.0011	-0.0220	0.9968	357.47	359.93	8.85
2026-06-22T15:11:51.4814583+08:00	0x08	0.0475	-0.0110	0.2334	0.9712	27.03	0.04	5.58
2026-06-22T15:11:51.4814583+08:00	0x07	0.0071	-0.0331	-0.2977	0.9541	325.35	356.13	359.64
2026-06-22T15:11:51.4814583+08:00	0x04	-0.3149	0.0469	0.4155	-0.8521	301.75	336.81	29.85
2026-06-22T15:11:51.4814583+08:00	0x02	0.0532	0.5901	-0.8041	-0.0484	154.81	334.42	70.71
2026-06-22T15:11:51.4814583+08:00	0x01	0.3304	0.4641	-0.7700	0.2873	198.58	325.39	64.77
2026-06-22T15:11:51.4814583+08:00	0x09	0.0771	0.0010	-0.0220	0.9968	357.47	359.92	8.85
2026-06-22T15:11:51.4814583+08:00	0x08	0.0475	-0.0110	0.2334	0.9712	27.03	0.04	5.58
2026-06-22T15:11:51.4814583+08:00	0x07	0.0071	-0.0331	-0.2977	0.9541	325.35	356.13	359.64
2026-06-22T15:11:51.4814583+08:00	0x02	0.0522	0.5873	-0.8061	-0.0499	155.08	334.89	70.34
2026-06-22T15:11:51.4814583+08:00	0x01	0.3274	0.4672	-0.7700	0.2857	198.51	325.78	65.03
2026-06-22T15:11:51.4814583+08:00	0x09	0.0771	0.0010	-0.0220	0.9968	357.47	359.92	8.85
2026-06-22T15:11:51.4814583+08:00	0x03	-0.1747	0.4661	0.6518	0.5722	81.29	31.21	306.14
2026-06-22T15:11:51.4814583+08:00	0x07	0.0071	-0.0331	-0.2977	0.9541	325.35	356.13	359.65
2026-06-22T15:11:51.4814583+08:00	0x04	-0.2982	0.0385	0.4171	-0.8577	302.70	338.98	28.64
2026-06-22T15:11:51.4814583+08:00	0x02	0.0516	0.5917	-0.8029	-0.0510	154.10	334.05	70.88
2026-06-22T15:11:51.4814583+08:00	0x09	0.0772	0.0010	-0.0220	0.9968	357.47	359.92	8.85
2026-06-22T15:11:51.4814583+08:00	0x03	-0.1733	0.4666	0.6549	0.5686	81.99	31.04	306.07
2026-06-22T15:11:51.4814583+08:00	0x06	0.0054	0.0155	-0.4362	0.8997	308.28	1.33	1.33
2026-06-22T15:11:51.4814583+08:00	0x07	0.0071	-0.0331	-0.2977	0.9541	325.35	356.13	359.64
2026-06-22T15:11:51.4814583+08:00	0x02	0.0524	0.5858	-0.8074	-0.0472	156.02	335.58	70.21
2026-06-22T15:11:51.4814583+08:00	0x01	0.3275	0.4666	-0.7704	0.2855	198.48	325.76	64.96
2026-06-22T15:11:51.4814583+08:00	0x06	0.0054	0.0155	-0.4362	0.8997	308.28	1.33	1.33
2026-06-22T15:11:51.4814583+08:00	0x03	-0.1719	0.4685	0.6546	0.5679	81.81	31.44	306.04
2026-06-22T15:11:51.4814583+08:00	0x07	0.0071	-0.0331	-0.2977	0.9541	325.35	356.13	359.64
2026-06-22T15:11:51.4814583+08:00	0x02	0.0537	0.5867	-0.8064	-0.0509	154.65	334.43	70.19
2026-06-22T15:11:51.4824969+08:00	0x01	0.3275	0.4670	-0.7703	0.2852	198.41	325.72	64.99
2026-06-22T15:11:51.4824969+08:00	0x09	0.0771	0.0011	-0.0220	0.9968	357.47	359.93	8.85
2026-06-22T15:11:51.4824969+08:00	0x03	-0.1717	0.4684	0.6549	0.5676	81.87	31.43	306.05
2026-06-22T15:11:51.4824969+08:00	0x07	0.0071	-0.0331	-0.2977	0.9541	325.35	356.13	359.64
2026-06-22T15:11:51.4824969+08:00	0x04	-0.3051	0.0438	0.4178	-0.8547	302.10	337.84	29.01
2026-06-22T15:11:51.4824969+08:00	0x02	0.0545	0.5870	-0.8062	-0.0507	154.53	334.22	70.20
2026-06-22T15:11:51.4824969+08:00	0x01	0.3291	0.4652	-0.7701	0.2868	198.59	325.59	64.86
2026-06-22T15:11:51.4824969+08:00	0x09	0.0771	0.0011	-0.0220	0.9968	357.47	359.93	8.85
2026-06-22T15:11:51.4824969+08:00	0x03	-0.1733	0.4688	0.6521	0.5700	81.25	31.66	306.00
2026-06-22T15:11:51.4824969+08:00	0x04	-0.3066	0.0455	0.4173	-0.8543	302.05	337.56	29.07
2026-06-22T15:11:51.4824969+08:00	0x06	0.0054	0.0155	-0.4362	0.8997	308.28	1.33	1.34
2026-06-22T15:11:51.4824969+08:00	0x02	0.0556	0.5867	-0.8063	-0.0504	154.45	334.02	70.14
2026-06-22T15:11:51.4824969+08:00	0x01	0.3295	0.4647	-0.7703	0.2867	198.55	325.52	64.80
2026-06-22T15:11:51.4824969+08:00	0x09	0.0771	0.0011	-0.0220	0.9968	357.47	359.93	8.85
2026-06-22T15:11:51.4824969+08:00	0x03	-0.1729	0.4692	0.6517	0.5703	81.13	31.78	306.03
2026-06-22T15:11:51.4824969+08:00	0x07	0.0071	-0.0331	-0.2977	0.9541	325.35	356.13	359.64
2026-06-22T15:11:51.4824969+08:00	0x02	0.0533	0.5862	-0.8069	-0.0489	155.34	334.98	70.19
2026-06-22T15:11:51.4824969+08:00	0x01	0.3280	0.4658	-0.7706	0.2857	198.50	325.71	64.87
2026-06-22T15:11:51.4824969+08:00	0x03	-0.1728	0.4691	0.6522	0.5698	81.24	31.73	306.01
2026-06-22T15:11:51.4824969+08:00	0x08	0.0475	-0.0110	0.2334	0.9712	27.03	0.04	5.58
2026-06-22T15:11:51.4824969+08:00	0x04	-0.3025	0.0461	0.4164	-0.8561	302.40	337.84	28.66
2026-06-22T15:11:51.4824969+08:00	0x02	0.0538	0.5861	-0.8069	-0.0501	154.96	334.65	70.13
2026-06-22T15:11:51.4824969+08:00	0x01	0.3277	0.4659	-0.7708	0.2854	198.47	325.72	64.86
2026-06-22T15:11:51.4824969+08:00	0x03	-0.1733	0.4686	0.6524	0.5699	81.33	31.58	306.01
2026-06-22T15:11:51.4824969+08:00	0x08	0.0475	-0.0110	0.2334	0.9712	27.03	0.04	5.58
2026-06-22T15:11:51.4824969+08:00	0x09	0.0771	0.0011	-0.0220	0.9968	357.47	359.93	8.85
2026-06-22T15:11:51.4824969+08:00	0x07	0.0071	-0.0331	-0.2977	0.9541	325.35	356.13	359.65
2026-06-22T15:11:51.4824969+08:00	0x02	0.0540	0.5863	-0.8068	-0.0497	154.99	334.64	70.16
2026-06-22T15:11:51.4824969+08:00	0x01	0.3277	0.4665	-0.7707	0.2845	198.25	325.59	64.90
2026-06-22T15:11:51.4824969+08:00	0x03	-0.1735	0.4686	0.6524	0.5698	81.33	31.58	305.99
2026-06-22T15:11:51.4824969+08:00	0x08	0.0475	-0.0110	0.2334	0.9712	27.03	0.05	5.58
2026-06-22T15:11:51.4824969+08:00	0x04	-0.3026	0.0449	0.4158	-0.8565	302.51	338.00	28.75
2026-06-22T15:11:51.4824969+08:00	0x02	0.0539	0.5865	-0.8066	-0.0507	154.71	334.45	70.15
2026-06-22T15:11:51.4824969+08:00	0x01	0.3292	0.4658	-0.7702	0.2854	198.25	325.37	64.88
2026-06-22T15:11:51.4824969+08:00	0x09	0.0771	0.0011	-0.0220	0.9968	357.47	359.93	8.85
2026-06-22T15:11:51.4824969+08:00	0x08	0.0475	-0.0110	0.2334	0.9712	27.03	0.05	5.58
2026-06-22T15:11:51.4824969+08:00	0x07	0.0071	-0.0331	-0.2977	0.9541	325.35	356.13	359.65
2026-06-22T15:11:51.4824969+08:00	0x04	-0.3078	0.0434	0.4145	-0.8553	302.39	337.79	29.38
2026-06-22T15:11:51.4824969+08:00	0x02	0.0559	0.5860	-0.8067	-0.0517	154.17	333.83	70.00
2026-06-22T15:11:51.4824969+08:00	0x01	0.3292	0.4647	-0.7709	0.2852	198.25	325.37	64.73
2026-06-22T15:11:51.4824969+08:00	0x09	0.0771	0.0011	-0.0220	0.9968	357.47	359.93	8.85
2026-06-22T15:11:51.4824969+08:00	0x08	0.0475	-0.0110	0.2334	0.9712	27.03	0.05	5.58
2026-06-22T15:11:51.4824969+08:00	0x07	0.0071	-0.0331	-0.2977	0.9541	325.35	356.14	359.64
2026-06-22T15:11:51.4824969+08:00	0x04	-0.3063	0.0447	0.4141	-0.8560	302.52	337.78	29.17
2026-06-22T15:11:51.4824969+08:00	0x01	0.3278	0.4660	-0.7707	0.2854	198.44	325.69	64.87
2026-06-22T15:11:51.4824969+08:00	0x09	0.0771	0.0011	-0.0220	0.9968	357.47	359.93	8.85
2026-06-22T15:11:51.4824969+08:00	0x08	0.0475	-0.0110	0.2334	0.9712	27.03	0.05	5.58
2026-06-22T15:11:51.4824969+08:00	0x07	0.0071	-0.0331	-0.2977	0.9541	325.35	356.13	359.64
2026-06-22T15:11:51.4824969+08:00	0x02	0.0533	0.5891	-0.8047	-0.0511	154.26	334.07	70.49
2026-06-22T15:11:51.4824969+08:00	0x01	0.3275	0.4659	-0.7709	0.2852	198.45	325.75	64.84
2026-06-22T15:11:51.4824969+08:00	0x09	0.0771	0.0011	-0.0220	0.9968	357.47	359.93	8.84
2026-06-22T15:11:51.4824969+08:00	0x03	-0.1742	0.4670	0.6523	0.5710	81.37	31.32	306.08
2026-06-22T15:11:51.4824969+08:00	0x07	0.0071	-0.0331	-0.2977	0.9541	325.35	356.13	359.64
2026-06-22T15:11:51.4824969+08:00	0x02	0.0492	0.5923	-0.8027	-0.0496	154.83	334.86	71.09
2026-06-22T15:11:51.4835035+08:00	0x01	0.3277	0.4669	-0.7705	0.2846	198.26	325.60	64.96
2026-06-22T15:11:51.4835035+08:00	0x09	0.0771	0.0011	-0.0220	0.9968	357.47	359.93	8.85
2026-06-22T15:11:51.4835035+08:00	0x03	-0.1737	0.4669	0.6519	0.5718	81.25	31.39	306.17
2026-06-22T15:11:51.4835035+08:00	0x07	0.0071	-0.0331	-0.2977	0.9541	325.35	356.13	359.65
2026-06-22T15:11:51.4835035+08:00	0x02	0.0516	0.5966	-0.7993	-0.0502	153.38	333.26	71.54
2026-06-22T15:11:51.4835035+08:00	0x01	0.3287	0.4663	-0.7700	0.2858	198.39	325.53	64.95
2026-06-22T15:11:51.4835035+08:00	0x06	0.0054	0.0155	-0.4362	0.8997	308.28	1.33	1.34
2026-06-22T15:11:51.4835035+08:00	0x07	0.0071	-0.0331	-0.2977	0.9541	325.35	356.13	359.65
2026-06-22T15:11:51.4835035+08:00	0x04	-0.3085	0.0442	0.4138	-0.8554	302.44	337.67	29.42
2026-06-22T15:11:51.4835035+08:00	0x09	0.0771	0.0010	-0.0220	0.9968	357.47	359.92	8.85
2026-06-22T15:11:51.4835035+08:00	0x03	-0.1738	0.4659	0.6523	0.5720	81.38	31.22	306.23
2026-06-22T15:11:51.4835035+08:00	0x07	0.0071	-0.0331	-0.2977	0.9541	325.35	356.13	359.64
2026-06-22T15:11:51.4835035+08:00	0x01	0.3273	0.4668	-0.7705	0.2852	198.46	325.78	64.96
2026-06-22T15:11:51.4835035+08:00	0x04	-0.3089	0.0446	0.4134	-0.8554	302.46	337.61	29.44
2026-06-22T15:11:51.4835035+08:00	0x09	0.0771	0.0011	-0.0220	0.9968	357.47	359.93	8.85
2026-06-22T15:11:51.4835035+08:00	0x06	0.0054	0.0155	-0.4362	0.8997	308.28	1.33	1.33
2026-06-22T15:11:51.4835035+08:00	0x08	0.0475	-0.0110	0.2334	0.9712	27.03	0.04	5.58
2026-06-22T15:11:51.4835035+08:00	0x03	-0.1730	0.4664	0.6525	0.5717	81.37	31.34	306.26
2026-06-22T15:11:51.4835035+08:00	0x07	0.0071	-0.0331	-0.2977	0.9541	325.35	356.13	359.65
2026-06-22T15:11:51.4835035+08:00	0x01	0.3272	0.4670	-0.7705	0.2849	198.40	325.76	64.97
2026-06-22T15:11:51.4835035+08:00	0x04	-0.3087	0.0443	0.4130	-0.8557	302.53	337.68	29.46
2026-06-22T15:11:51.4835035+08:00	0x09	0.0771	0.0011	-0.0220	0.9968	357.47	359.93	8.85
2026-06-22T15:11:51.4835035+08:00	0x01	0.3271	0.4676	-0.7703	0.2844	198.26	325.68	65.03
2026-06-22T15:11:51.4835035+08:00	0x06	0.0054	0.0155	-0.4362	0.8997	308.28	1.33	1.33
2026-06-22T15:11:51.4835035+08:00	0x03	-0.1722	0.4659	0.6523	0.5725	81.31	31.37	306.39
2026-06-22T15:11:51.4835035+08:00	0x08	0.0475	-0.0110	0.2334	0.9712	27.03	0.04	5.58
2026-06-22T15:11:51.4835035+08:00	0x02	0.0527	0.5918	-0.8027	-0.0525	153.50	333.48	70.81
2026-06-22T15:11:51.4835035+08:00	0x07	0.0071	-0.0331	-0.2977	0.9541	325.35	356.13	359.65
2026-06-22T15:11:51.4835035+08:00	0x04	-0.3081	0.0454	0.4133	-0.8557	302.51	337.59	29.32
2026-06-22T15:11:51.4835035+08:00	0x09	0.0771	0.0010	-0.0220	0.9968	357.47	359.92	8.85
2026-06-22T15:11:51.4835035+08:00	0x01	0.3273	0.4681	-0.7699	0.2846	198.25	325.65	65.10
2026-06-22T15:11:51.4835035+08:00	0x06	0.0054	0.0155	-0.4362	0.8997	308.28	1.33	1.33
2026-06-22T15:11:51.4835035+08:00	0x03	-0.1738	0.4647	0.6524	0.5729	81.43	31.05	306.34
2026-06-22T15:11:51.4835035+08:00	0x07	0.0071	-0.0331	-0.2977	0.9541	325.35	356.13	359.65
2026-06-22T15:11:51.4835035+08:00	0x04	-0.3094	0.0402	0.4132	-0.8555	302.54	338.06	29.74
2026-06-22T15:11:51.4835035+08:00	0x09	0.0771	0.0010	-0.0220	0.9968	357.47	359.92	8.85
2026-06-22T15:11:51.4835035+08:00	0x03	-0.1747	0.4646	0.6522	0.5729	81.42	30.98	306.27
2026-06-22T15:11:51.4835035+08:00	0x08	0.0475	-0.0110	0.2334	0.9712	27.03	0.04	5.58
2026-06-22T15:11:51.4835035+08:00	0x07	0.0071	-0.0331	-0.2977	0.9541	325.35	356.14	359.64
2026-06-22T15:11:51.4835035+08:00	0x02	0.0539	0.5925	-0.8021	-0.0518	153.33	333.16	70.89
2026-06-22T15:11:51.4835035+08:00	0x09	0.0771	0.0010	-0.0220	0.9968	357.47	359.92	8.85
2026-06-22T15:11:51.4835035+08:00	0x01	0.3289	0.4655	-0.7705	0.2854	198.31	325.46	64.84
2026-06-22T15:11:51.4835035+08:00	0x06	0.0054	0.0155	-0.4362	0.8997	308.28	1.33	1.33
2026-06-22T15:11:51.4835035+08:00	0x03	-0.1736	0.4659	0.6514	0.5732	81.14	31.34	306.30
2026-06-22T15:11:51.4835035+08:00	0x07	0.0071	-0.0331	-0.2977	0.9541	325.35	356.14	359.64
2026-06-22T15:11:51.4835035+08:00	0x04	-0.3062	0.0444	0.4143	-0.8559	302.50	337.82	29.17
2026-06-22T15:11:51.4835035+08:00	0x02	0.0522	0.5933	-0.8016	-0.0523	153.34	333.35	71.03
2026-06-22T15:11:51.4835035+08:00	0x09	0.0771	0.0010	-0.0220	0.9968	357.47	359.92	8.85
2026-06-22T15:11:51.4835035+08:00	0x06	0.0054	0.0155	-0.4362	0.8997	308.28	1.33	1.33
2026-06-22T15:11:51.4835035+08:00	0x07	0.0071	-0.0331	-0.2977	0.9541	325.35	356.14	359.64
2026-06-22T15:11:51.4835035+08:00	0x08	0.0475	-0.0110	0.2334	0.9712	27.03	0.04	5.58
2026-06-22T15:11:51.4835035+08:00	0x04	-0.3065	0.0440	0.4146	-0.8557	302.44	337.82	29.21
2026-06-22T15:11:51.4835035+08:00	0x09	0.0771	0.0010	-0.0220	0.9968	357.47	359.92	8.85
2026-06-22T15:11:51.4835035+08:00	0x01	0.3258	0.4702	-0.7697	0.2835	198.13	325.80	65.30
2026-06-22T15:11:51.4835035+08:00	0x06	0.0054	0.0155	-0.4362	0.8997	308.28	1.33	1.33
2026-06-22T15:11:51.4835035+08:00	0x03	-0.1739	0.4638	0.6536	0.5723	81.74	30.80	306.36
2026-06-22T15:11:51.4835035+08:00	0x07	0.0071	-0.0331	-0.2977	0.9541	325.35	356.14	359.64
2026-06-22T15:11:51.4835035+08:00	0x04	-0.3053	0.0392	0.4146	-0.8564	302.63	338.45	29.36
2026-06-22T15:11:51.4835035+08:00	0x09	0.0771	0.0011	-0.0220	0.9968	357.47	359.93	8.85
2026-06-22T15:11:51.4835035+08:00	0x06	0.0054	0.0155	-0.4362	0.8997	308.28	1.33	1.33
2026-06-22T15:11:51.4835035+08:00	0x03	-0.1741	0.4640	0.6545	0.5710	81.97	30.69	306.27
2026-06-22T15:11:51.4835035+08:00	0x04	-0.3060	0.0383	0.4141	-0.8564	302.66	338.49	29.49
2026-06-22T15:11:51.4835035+08:00	0x09	0.0771	0.0011	-0.0220	0.9968	357.47	359.93	8.85
2026-06-22T15:11:51.4835035+08:00	0x07	0.0071	-0.0331	-0.2977	0.9541	325.35	356.13	359.65
2026-06-22T15:11:51.4835035+08:00	0x06	0.0054	0.0155	-0.4362	0.8997	308.28	1.33	1.33
2026-06-22T15:11:51.4845400+08:00	0x01	0.3281	0.4680	-0.7700	0.2836	197.91	325.33	65.07
2026-06-22T15:11:51.4845400+08:00	0x03	-0.1744	0.4648	0.6539	0.5710	81.82	30.84	306.20
2026-06-22T15:11:51.4845400+08:00	0x02	0.0535	0.5926	-0.8020	-0.0522	153.27	333.17	70.90
2026-06-22T15:11:51.4845400+08:00	0x07	0.0071	-0.0331	-0.2977	0.9541	325.35	356.13	359.64
2026-06-22T15:11:51.4845400+08:00	0x09	0.0771	0.0011	-0.0220	0.9968	357.47	359.93	8.85
2026-06-22T15:11:51.4845400+08:00	0x06	0.0054	0.0155	-0.4362	0.8997	308.28	1.33	1.33
2026-06-22T15:11:51.4845400+08:00	0x03	-0.1761	0.4623	0.6536	0.5728	81.87	30.39	306.28
2026-06-22T15:11:51.4845400+08:00	0x07	0.0071	-0.0331	-0.2977	0.9541	325.35	356.13	359.64
2026-06-22T15:11:51.4845400+08:00	0x02	0.0507	0.5983	-0.7978	-0.0549	151.95	332.30	71.63
2026-06-22T15:11:51.4845400+08:00	0x04	-0.2995	0.0369	0.4163	-0.8577	302.78	339.08	28.88
2026-06-22T15:11:51.4845400+08:00	0x09	0.0772	0.0011	-0.0220	0.9968	357.47	359.93	8.85
2026-06-22T15:11:51.4845400+08:00	0x06	0.0054	0.0155	-0.4362	0.8997	308.28	1.33	1.34
2026-06-22T15:11:51.4845400+08:00	0x03	-0.1745	0.4624	0.6540	0.5727	81.90	30.51	306.42
2026-06-22T15:11:51.4845400+08:00	0x07	0.0071	-0.0331	-0.2977	0.9541	325.35	356.13	359.64
2026-06-22T15:11:51.4845400+08:00	0x02	0.0513	0.5959	-0.7997	-0.0521	153.06	333.12	71.40
2026-06-22T15:11:51.4845400+08:00	0x04	-0.2986	0.0367	0.4134	-0.8594	303.24	339.28	28.87
2026-06-22T15:11:51.4845400+08:00	0x01	0.3274	0.4674	-0.7707	0.2834	198.01	325.50	64.97
2026-06-22T15:11:51.4845400+08:00	0x06	0.0054	0.0155	-0.4362	0.8997	308.28	1.33	1.33
2026-06-22T15:11:51.4845400+08:00	0x09	0.0772	0.0011	-0.0220	0.9968	357.47	359.93	8.85
2026-06-22T15:11:51.4845400+08:00	0x08	0.0475	-0.0110	0.2334	0.9712	27.03	0.04	5.58
2026-06-22T15:11:51.4845400+08:00	0x07	0.0071	-0.0331	-0.2977	0.9541	325.35	356.13	359.64
2026-06-22T15:11:51.4845400+08:00	0x02	0.0517	0.5963	-0.7992	-0.0546	152.23	332.46	71.36
2026-06-22T15:11:51.4845400+08:00	0x04	-0.2984	0.0369	0.4149	-0.8587	303.02	339.20	28.81
2026-06-22T15:11:51.4845400+08:00	0x01	0.3266	0.4688	-0.7702	0.2834	198.05	325.63	65.13
2026-06-22T15:11:51.4845400+08:00	0x06	0.0054	0.0155	-0.4362	0.8997	308.28	1.33	1.33
2026-06-22T15:11:51.4845400+08:00	0x03	-0.1752	0.4622	0.6547	0.5718	82.12	30.33	306.33
2026-06-22T15:11:51.4845400+08:00	0x07	0.0071	-0.0331	-0.2977	0.9541	325.35	356.13	359.64
2026-06-22T15:11:51.4845400+08:00	0x02	0.0517	0.5956	-0.7998	-0.0537	152.62	332.78	71.29
2026-06-22T15:11:51.4845400+08:00	0x04	-0.3021	0.0374	0.4154	-0.8572	302.73	338.85	29.13
2026-06-22T15:11:51.4845400+08:00	0x09	0.0771	0.0010	-0.0220	0.9968	357.47	359.92	8.85
2026-06-22T15:11:51.4845400+08:00	0x01	0.3271	0.4682	-0.7703	0.2836	198.05	325.55	65.07
2026-06-22T15:11:51.4845400+08:00	0x06	0.0054	0.0155	-0.4362	0.8997	308.28	1.33	1.33
2026-06-22T15:11:51.4845400+08:00	0x08	0.0475	-0.0110	0.2334	0.9712	27.03	0.04	5.58
2026-06-22T15:11:51.4845400+08:00	0x02	0.0523	0.5963	-0.7992	-0.0542	152.21	332.36	71.35
2026-06-22T15:11:51.4845400+08:00	0x07	0.0071	-0.0331	-0.2977	0.9541	325.35	356.13	359.65
2026-06-22T15:11:51.4845400+08:00	0x04	-0.3054	0.0371	0.4148	-0.8563	302.63	338.65	29.49
2026-06-22T15:11:51.4845400+08:00	0x01	0.3281	0.4681	-0.7697	0.2842	198.03	325.40	65.11
2026-06-22T15:11:51.4845400+08:00	0x08	0.0475	-0.0110	0.2334	0.9712	27.03	0.04	5.58
2026-06-22T15:11:51.4845400+08:00	0x06	0.0054	0.0155	-0.4362	0.8997	308.28	1.33	1.33
2026-06-22T15:11:51.4845400+08:00	0x03	-0.1756	0.4630	0.6544	0.5715	82.03	30.43	306.23
2026-06-22T15:11:51.4845400+08:00	0x07	0.0071	-0.0331	-0.2977	0.9541	325.35	356.13	359.65
2026-06-22T15:11:51.4845400+08:00	0x04	-0.2999	0.0363	0.4149	-0.8583	302.96	339.16	28.99
2026-06-22T15:11:51.4845400+08:00	0x09	0.0771	0.0011	-0.0220	0.9968	357.47	359.93	8.85
2026-06-22T15:11:51.4845400+08:00	0x01	0.3274	0.4681	-0.7699	0.2845	198.22	325.61	65.10
2026-06-22T15:11:51.4845400+08:00	0x06	0.0054	0.0155	-0.4362	0.8997	308.28	1.33	1.33
2026-06-22T15:11:51.4845400+08:00	0x08	0.0475	-0.0110	0.2334	0.9712	27.03	0.04	5.58
2026-06-22T15:11:51.4845400+08:00	0x03	-0.1755	0.4628	0.6544	0.5717	82.03	30.41	306.26
2026-06-22T15:11:51.4855015+08:00	0x07	0.0071	-0.0331	-0.2977	0.9541	325.35	356.13	359.65
2026-06-22T15:11:51.4855015+08:00	0x02	0.0518	0.5959	-0.7996	-0.0539	152.47	332.65	71.32
2026-06-22T15:11:51.4855015+08:00	0x04	-0.3030	0.0393	0.4165	-0.8563	302.49	338.54	29.09
2026-06-22T15:11:51.4855015+08:00	0x09	0.0771	0.0011	-0.0220	0.9968	357.47	359.93	8.85
2026-06-22T15:11:51.4855015+08:00	0x01	0.3266	0.4676	-0.7709	0.2835	198.14	325.69	64.98
2026-06-22T15:11:51.4855015+08:00	0x06	0.0054	0.0155	-0.4362	0.8997	308.28	1.33	1.33
2026-06-22T15:11:51.4855015+08:00	0x03	-0.1741	0.4639	0.6550	0.5704	82.10	30.62	306.25
2026-06-22T15:11:51.4855015+08:00	0x07	0.0071	-0.0331	-0.2977	0.9541	325.35	356.14	359.64
2026-06-22T15:11:51.4855015+08:00	0x02	0.0526	0.5944	-0.8007	-0.0528	152.93	332.95	71.14
2026-06-22T15:11:51.4855015+08:00	0x09	0.0771	0.0011	-0.0220	0.9968	357.47	359.93	8.84
2026-06-22T15:11:51.4855015+08:00	0x04	-0.2985	0.0351	0.4178	-0.8574	302.67	339.30	28.85
2026-06-22T15:11:51.4855015+08:00	0x01	0.3279	0.4685	-0.7702	0.2823	197.63	325.17	65.08
2026-06-22T15:11:51.4855015+08:00	0x08	0.0475	-0.0110	0.2334	0.9712	27.03	0.04	5.58
2026-06-22T15:11:51.4855015+08:00	0x03	-0.1759	0.4618	0.6546	0.5721	82.14	30.22	306.31
2026-06-22T15:11:51.4855015+08:00	0x06	0.0054	0.0155	-0.4362	0.8997	308.28	1.33	1.33
2026-06-22T15:11:51.4855015+08:00	0x07	0.0071	-0.0331	-0.2977	0.9541	325.35	356.14	359.64
2026-06-22T15:11:51.4855015+08:00	0x02	0.0542	0.5950	-0.8001	-0.0541	152.17	332.16	71.12
2026-06-22T15:11:51.4855015+08:00	0x04	-0.3005	0.0342	0.4166	-0.8573	302.73	339.28	29.13
2026-06-22T15:11:51.4855015+08:00	0x08	0.0475	-0.0110	0.2334	0.9712	27.03	0.05	5.58
2026-06-22T15:11:51.4855015+08:00	0x03	-0.1752	0.4630	0.6537	0.5724	81.84	30.56	306.30
2026-06-22T15:11:51.4855015+08:00	0x07	0.0071	-0.0331	-0.2977	0.9541	325.35	356.13	359.65
2026-06-22T15:11:51.4855015+08:00	0x02	0.0524	0.5940	-0.8009	-0.0544	152.62	332.78	71.05
2026-06-22T15:11:51.4855015+08:00	0x09	0.0771	0.0011	-0.0220	0.9968	357.47	359.93	8.85
2026-06-22T15:11:51.4855015+08:00	0x01	0.3270	0.4694	-0.7694	0.2839	198.07	325.57	65.25
2026-06-22T15:11:51.4855015+08:00	0x06	0.0054	0.0155	-0.4362	0.8997	308.28	1.33	1.33
2026-06-22T15:11:51.4855015+08:00	0x07	0.0071	-0.0331	-0.2977	0.9541	325.35	356.13	359.65
2026-06-22T15:11:51.4855015+08:00	0x02	0.0524	0.5953	-0.7998	-0.0556	152.03	332.29	71.18
2026-06-22T15:11:51.4855015+08:00	0x09	0.0771	0.0011	-0.0220	0.9968	357.47	359.93	8.84
2026-06-22T15:11:51.4855015+08:00	0x04	-0.2980	0.0352	0.4184	-0.8573	302.61	339.30	28.78
2026-06-22T15:11:51.4855015+08:00	0x08	0.0475	-0.0110	0.2334	0.9712	27.03	0.04	5.59
2026-06-22T15:11:51.4855015+08:00	0x03	-0.1752	0.4621	0.6532	0.5737	81.74	30.50	306.43
2026-06-22T15:11:51.4860098+08:00	0x07	0.0071	-0.0331	-0.2977	0.9541	325.35	356.13	359.65
2026-06-22T15:11:51.4860132+08:00	0x09	0.0771	0.0011	-0.0220	0.9968	357.47	359.93	8.84
2026-06-22T15:11:51.4860132+08:00	0x08	0.0475	-0.0110	0.2334	0.9712	27.03	0.04	5.59
2026-06-22T15:11:51.4860132+08:00	0x03	-0.1759	0.4602	0.6543	0.5737	82.09	30.06	306.47
2026-06-22T15:11:51.4860132+08:00	0x07	0.0071	-0.0331	-0.2977	0.9541	325.35	356.13	359.64
2026-06-22T15:11:51.4860132+08:00	0x02	0.0516	0.5960	-0.7994	-0.0561	151.92	332.29	71.26
2026-06-22T15:11:51.4860132+08:00	0x04	-0.2953	0.0322	0.4182	-0.8584	302.84	339.84	28.69
2026-06-22T15:11:51.4860132+08:00	0x09	0.0771	0.0011	-0.0220	0.9968	357.47	359.93	8.85
2026-06-22T15:11:51.4860132+08:00	0x08	0.0475	-0.0110	0.2334	0.9712	27.03	0.04	5.58
2026-06-22T15:11:51.4860132+08:00	0x03	-0.1762	0.4597	0.6547	0.5736	82.20	29.94	306.48
2026-06-22T15:11:51.4860132+08:00	0x07	0.0071	-0.0331	-0.2977	0.9541	325.35	356.13	359.65
2026-06-22T15:11:51.4860132+08:00	0x02	0.0517	0.5973	-0.7983	-0.0562	151.60	331.97	71.44
2026-06-22T15:11:51.4860132+08:00	0x06	0.0054	0.0155	-0.4362	0.8997	308.28	1.33	1.33
2026-06-22T15:11:51.4860132+08:00	0x04	-0.2981	0.0305	0.4183	-0.8575	302.71	339.82	29.06
2026-06-22T15:11:51.4860132+08:00	0x01	0.3276	0.4696	-0.7698	0.2819	197.54	325.17	65.20
2026-06-22T15:11:51.4860132+08:00	0x08	0.0475	-0.0110	0.2334	0.9712	27.03	0.04	5.58
2026-06-22T15:11:51.4860132+08:00	0x09	0.0771	0.0011	-0.0220	0.9968	357.47	359.93	8.85
2026-06-22T15:11:51.4860132+08:00	0x06	0.0054	0.0155	-0.4362	0.8997	308.28	1.33	1.33
2026-06-22T15:11:51.4860132+08:00	0x03	-0.1780	0.4581	0.6542	0.5749	82.21	29.60	306.48
2026-06-22T15:11:51.4860132+08:00	0x07	0.0071	-0.0331	-0.2977	0.9541	325.35	356.13	359.64
2026-06-22T15:11:51.4860132+08:00	0x04	-0.2995	0.0309	0.4182	-0.8570	302.63	339.66	29.17
2026-06-22T15:11:51.4860132+08:00	0x08	0.0475	-0.0110	0.2334	0.9712	27.03	0.04	5.58
2026-06-22T15:11:51.4860132+08:00	0x06	0.0054	0.0155	-0.4362	0.8997	308.28	1.33	1.33
2026-06-22T15:11:51.4860132+08:00	0x03	-0.1780	0.4577	0.6546	0.5747	82.32	29.51	306.50
2026-06-22T15:11:51.4860132+08:00	0x07	0.0071	-0.0331	-0.2977	0.9541	325.35	356.13	359.64
2026-06-22T15:11:51.4860132+08:00	0x02	0.0521	0.5986	-0.7974	-0.0559	151.32	331.64	71.59
2026-06-22T15:11:51.4860132+08:00	0x04	-0.2977	0.0309	0.4180	-0.8577	302.76	339.80	29.01
2026-06-22T15:11:51.4860132+08:00	0x09	0.0772	0.0011	-0.0220	0.9968	357.47	359.93	8.85
2026-06-22T15:11:51.4860132+08:00	0x08	0.0475	-0.0110	0.2334	0.9712	27.03	0.04	5.58
2026-06-22T15:11:51.4860132+08:00	0x03	-0.1775	0.4581	0.6552	0.5739	82.42	29.55	306.48
2026-06-22T15:11:51.4860132+08:00	0x07	0.0071	-0.0331	-0.2977	0.9541	325.35	356.14	359.64
2026-06-22T15:11:51.4860132+08:00	0x01	0.3263	0.4700	-0.7706	0.2806	197.42	325.28	65.17
2026-06-22T15:11:51.4860132+08:00	0x09	0.0772	0.0011	-0.0220	0.9968	357.47	359.93	8.85
2026-06-22T15:11:51.4860132+08:00	0x02	0.0520	0.5988	-0.7972	-0.0567	151.07	331.46	71.59
2026-06-22T15:11:51.4860132+08:00	0x08	0.0475	-0.0110	0.2334	0.9712	27.03	0.05	5.58
2026-06-22T15:11:51.4860132+08:00	0x03	-0.1777	0.4578	0.6558	0.5735	82.58	29.42	306.47
2026-06-22T15:11:51.4860132+08:00	0x07	0.0071	-0.0331	-0.2977	0.9541	325.35	356.14	359.64
2026-06-22T15:11:51.4860132+08:00	0x09	0.0772	0.0011	-0.0220	0.9968	357.47	359.93	8.85
2026-06-22T15:11:51.4860132+08:00	0x08	0.0475	-0.0110	0.2334	0.9712	27.03	0.04	5.58
2026-06-22T15:11:51.4860132+08:00	0x06	0.0054	0.0155	-0.4362	0.8997	308.28	1.33	1.33
2026-06-22T15:11:51.4860132+08:00	0x07	0.0071	-0.0331	-0.2977	0.9541	325.35	356.14	359.64
2026-06-22T15:11:51.4860132+08:00	0x02	0.0516	0.5986	-0.7976	-0.0538	152.00	332.18	71.67
2026-06-22T15:11:51.4860132+08:00	0x09	0.0771	0.0011	-0.0220	0.9968	357.47	359.93	8.85
2026-06-22T15:11:51.4860132+08:00	0x03	-0.1780	0.4575	0.6560	0.5734	82.65	29.33	306.46
2026-06-22T15:11:51.4860132+08:00	0x06	0.0054	0.0155	-0.4362	0.8997	308.28	1.33	1.33
2026-06-22T15:11:51.4860132+08:00	0x07	0.0071	-0.0331	-0.2977	0.9541	325.35	356.13	359.65
2026-06-22T15:11:51.4860132+08:00	0x02	0.0525	0.5987	-0.7974	-0.0554	151.37	331.61	71.60
2026-06-22T15:11:51.4860132+08:00	0x01	0.3277	0.4688	-0.7711	0.2798	197.10	324.89	65.00
2026-06-22T15:11:51.4860132+08:00	0x09	0.0771	0.0011	-0.0220	0.9968	357.47	359.93	8.84
2026-06-22T15:11:51.4860132+08:00	0x03	-0.1788	0.4574	0.6554	0.5738	82.56	29.30	306.41
2026-06-22T15:11:51.4860132+08:00	0x08	0.0475	-0.0110	0.2334	0.9712	27.03	0.05	5.59
2026-06-22T15:11:51.4860132+08:00	0x06	0.0054	0.0155	-0.4362	0.8997	308.28	1.33	1.33
2026-06-22T15:11:51.4860132+08:00	0x02	0.0523	0.5996	-0.7967	-0.0556	151.16	331.44	71.72
2026-06-22T15:11:51.4860132+08:00	0x07	0.0071	-0.0331	-0.2977	0.9541	325.35	356.13	359.65
2026-06-22T15:11:51.4860132+08:00	0x01	0.3275	0.4688	-0.7712	0.2796	197.08	324.90	65.00
2026-06-22T15:11:51.4860132+08:00	0x04	-0.2907	0.0286	0.4200	-0.8592	302.92	340.52	28.40
2026-06-22T15:11:51.4860132+08:00	0x03	-0.1786	0.4572	0.6557	0.5738	82.60	29.27	306.45
2026-06-22T15:11:51.4860132+08:00	0x07	0.0071	-0.0331	-0.2977	0.9541	325.35	356.13	359.64
2026-06-22T15:11:51.4860132+08:00	0x09	0.0771	0.0011	-0.0220	0.9968	357.47	359.93	8.84
2026-06-22T15:11:51.4860132+08:00	0x01	0.3269	0.4687	-0.7715	0.2796	197.19	325.06	64.97
2026-06-22T15:11:51.4860132+08:00	0x04	-0.2888	0.0290	0.4202	-0.8598	303.00	340.62	28.18
2026-06-22T15:11:51.4860132+08:00	0x08	0.0475	-0.0110	0.2334	0.9712	27.03	0.05	5.58
2026-06-22T15:11:51.4870058+08:00	0x03	-0.1786	0.4571	0.6558	0.5737	82.63	29.25	306.45
2026-06-22T15:11:51.4870058+08:00	0x02	0.0509	0.6002	-0.7963	-0.0548	151.53	331.84	71.87
2026-06-22T15:11:51.4870058+08:00	0x09	0.0771	0.0011	-0.0220	0.9968	357.47	359.93	8.85
2026-06-22T15:11:51.4870058+08:00	0x01	0.3264	0.4698	-0.7713	0.2791	197.10	325.08	65.08
2026-06-22T15:11:51.4870058+08:00	0x04	-0.2916	0.0301	0.4211	-0.8583	302.70	340.26	28.38
2026-06-22T15:11:51.4870058+08:00	0x07	0.0071	-0.0331	-0.2977	0.9541	325.35	356.13	359.64
2026-06-22T15:11:51.4870058+08:00	0x03	-0.1780	0.4571	0.6556	0.5741	82.58	29.31	306.51
2026-06-22T15:11:51.4870058+08:00	0x08	0.0475	-0.0110	0.2334	0.9712	27.03	0.05	5.58
2026-06-22T15:11:51.4870058+08:00	0x06	0.0054	0.0155	-0.4362	0.8997	308.28	1.33	1.33
2026-06-22T15:11:51.4870058+08:00	0x07	0.0071	-0.0331	-0.2977	0.9541	325.35	356.13	359.64
2026-06-22T15:11:51.4870058+08:00	0x01	0.3265	0.4697	-0.7715	0.2787	197.00	325.01	65.04
2026-06-22T15:11:51.4870058+08:00	0x04	-0.2924	0.0313	0.4200	-0.8586	302.79	340.10	28.41
2026-06-22T15:11:51.4870058+08:00	0x08	0.0475	-0.0110	0.2334	0.9712	27.03	0.05	5.58
2026-06-22T15:11:51.4870058+08:00	0x06	0.0054	0.0155	-0.4362	0.8997	308.28	1.33	1.33
2026-06-22T15:11:51.4870058+08:00	0x07	0.0071	-0.0331	-0.2977	0.9541	325.35	356.13	359.64
2026-06-22T15:11:51.4870058+08:00	0x09	0.0771	0.0011	-0.0220	0.9968	357.47	359.93	8.85
2026-06-22T15:11:51.4870058+08:00	0x01	0.3265	0.4697	-0.7714	0.2789	197.03	325.03	65.06
2026-06-22T15:11:51.4870058+08:00	0x04	-0.2925	0.0314	0.4196	-0.8587	302.82	340.10	28.43
2026-06-22T15:11:51.4870058+08:00	0x06	0.0054	0.0155	-0.4362	0.8997	308.28	1.33	1.33
2026-06-22T15:11:51.4870058+08:00	0x01	0.3270	0.4698	-0.7711	0.2789	196.96	324.90	65.08
2026-06-22T15:11:51.4870058+08:00	0x09	0.0771	0.0011	-0.0220	0.9968	357.47	359.93	8.85
2026-06-22T15:11:51.4870058+08:00	0x04	-0.2937	0.0315	0.4191	-0.8586	302.83	340.01	28.55
2026-06-22T15:11:51.4870058+08:00	0x03	-0.1777	0.4576	0.6552	0.5742	82.45	29.46	306.51
2026-06-22T15:11:51.4870058+08:00	0x06	0.0054	0.0155	-0.4362	0.8997	308.28	1.33	1.33
2026-06-22T15:11:51.4870058+08:00	0x07	0.0071	-0.0331	-0.2977	0.9541	325.35	356.13	359.64
2026-06-22T15:11:51.4870058+08:00	0x09	0.0772	0.0011	-0.0220	0.9968	357.47	359.93	8.85
2026-06-22T15:11:51.4870058+08:00	0x08	0.0475	-0.0110	0.2334	0.9712	27.03	0.04	5.58
2026-06-22T15:11:51.4870058+08:00	0x04	-0.2950	0.0322	0.4195	-0.8579	302.68	339.82	28.63
2026-06-22T15:11:51.4870058+08:00	0x03	-0.1776	0.4575	0.6549	0.5747	82.36	29.50	306.54
2026-06-22T15:11:51.4870058+08:00	0x07	0.0071	-0.0332	-0.2977	0.9541	325.35	356.13	359.64
2026-06-22T15:11:51.4870058+08:00	0x01	0.3270	0.4692	-0.7714	0.2789	196.99	324.93	65.01
2026-06-22T15:11:51.4870058+08:00	0x09	0.0771	0.0011	-0.0220	0.9968	357.47	359.93	8.85
2026-06-22T15:11:51.4870058+08:00	0x04	-0.2987	0.0336	0.4192	-0.8567	302.48	339.39	28.92
2026-06-22T15:11:51.4870058+08:00	0x03	-0.1773	0.4571	0.6551	0.5748	82.40	29.46	306.60
2026-06-22T15:11:51.4870058+08:00	0x07	0.0071	-0.0332	-0.2977	0.9541	325.35	356.13	359.64
2026-06-22T15:11:51.4870058+08:00	0x02	0.0491	0.6003	-0.7962	-0.0566	151.34	331.95	71.89
2026-06-22T15:11:51.4870058+08:00	0x09	0.0772	0.0011	-0.0220	0.9968	357.47	359.93	8.85
2026-06-22T15:11:51.4870058+08:00	0x04	-0.2974	0.0328	0.4185	-0.8575	302.66	339.60	28.85
2026-06-22T15:11:51.4870058+08:00	0x03	-0.1768	0.4580	0.6558	0.5735	82.54	29.53	306.54
2026-06-22T15:11:51.4870058+08:00	0x07	0.0071	-0.0332	-0.2977	0.9541	325.35	356.13	359.64
2026-06-22T15:11:51.4870058+08:00	0x02	0.0508	0.5984	-0.7976	-0.0563	151.51	331.96	71.59
2026-06-22T15:11:51.4870058+08:00	0x08	0.0475	-0.0110	0.2334	0.9712	27.03	0.04	5.58
2026-06-22T15:11:51.4870058+08:00	0x03	-0.1764	0.4584	0.6559	0.5732	82.54	29.60	306.53
2026-06-22T15:11:51.4870058+08:00	0x07	0.0071	-0.0331	-0.2977	0.9541	325.35	356.13	359.65
2026-06-22T15:11:51.4870058+08:00	0x02	0.0512	0.5991	-0.7970	-0.0569	151.12	331.58	71.65
2026-06-22T15:11:51.4870058+08:00	0x09	0.0772	0.0011	-0.0220	0.9968	357.47	359.93	8.85
2026-06-22T15:11:51.4870058+08:00	0x04	-0.2936	0.0315	0.4179	-0.8592	303.00	340.06	28.57
2026-06-22T15:11:51.4870058+08:00	0x03	-0.1776	0.4581	0.6556	0.5734	82.54	29.48	306.46
2026-06-22T15:11:51.4870058+08:00	0x06	0.0054	0.0155	-0.4362	0.8997	308.28	1.33	1.33
2026-06-22T15:11:51.4870058+08:00	0x07	0.0071	-0.0331	-0.2977	0.9541	325.35	356.13	359.64
2026-06-22T15:11:51.4870058+08:00	0x02	0.0515	0.5996	-0.7968	-0.0540	151.77	331.97	71.81
2026-06-22T15:11:51.4870058+08:00	0x01	0.3271	0.4690	-0.7708	0.2809	197.41	325.17	65.07
2026-06-22T15:11:51.4870058+08:00	0x08	0.0475	-0.0110	0.2334	0.9712	27.03	0.04	5.58
2026-06-22T15:11:51.4870058+08:00	0x06	0.0054	0.0155	-0.4362	0.8997	308.28	1.33	1.34
2026-06-22T15:11:51.4870058+08:00	0x03	-0.1788	0.4577	0.6555	0.5735	82.56	29.33	306.38
2026-06-22T15:11:51.4870058+08:00	0x07	0.0071	-0.0331	-0.2977	0.9541	325.35	356.14	359.64
2026-06-22T15:11:51.4870058+08:00	0x01	0.3262	0.4691	-0.7711	0.2810	197.56	325.39	65.07
2026-06-22T15:11:51.4870058+08:00	0x02	0.0534	0.5968	-0.7986	-0.0560	151.43	331.65	71.32
2026-06-22T15:11:51.4870058+08:00	0x08	0.0475	-0.0110	0.2334	0.9712	27.03	0.04	5.59
2026-06-22T15:11:51.4870058+08:00	0x03	-0.1784	0.4581	0.6561	0.5726	82.69	29.35	306.36
2026-06-22T15:11:51.4870058+08:00	0x07	0.0071	-0.0331	-0.2977	0.9541	325.35	356.14	359.64
2026-06-22T15:11:51.4870058+08:00	0x06	0.0054	0.0155	-0.4362	0.8997	308.28	1.33	1.33
2026-06-22T15:11:51.4870058+08:00	0x09	0.0771	0.0011	-0.0220	0.9968	357.47	359.93	8.85
2026-06-22T15:11:51.4870058+08:00	0x08	0.0475	-0.0110	0.2334	0.9712	27.03	0.04	5.58
2026-06-22T15:11:51.4870058+08:00	0x01	0.3260	0.4703	-0.7707	0.2804	197.41	325.33	65.19
2026-06-22T15:11:51.4870058+08:00	0x03	-0.1777	0.4572	0.6561	0.5736	82.66	29.32	306.52
2026-06-22T15:11:51.4870058+08:00	0x01	0.3258	0.4708	-0.7706	0.2800	197.33	325.31	65.23
2026-06-22T15:11:51.4870058+08:00	0x02	0.0519	0.5972	-0.7984	-0.0573	151.29	331.74	71.37
2026-06-22T15:11:51.4870058+08:00	0x04	-0.2860	0.0281	0.4188	-0.8614	303.36	340.97	27.98
2026-06-22T15:11:51.4870058+08:00	0x09	0.0771	0.0011	-0.0220	0.9968	357.47	359.93	8.85
2026-06-22T15:11:51.4870058+08:00	0x03	-0.1776	0.4576	0.6564	0.5728	82.74	29.33	306.46
2026-06-22T15:11:51.4870058+08:00	0x07	0.0071	-0.0331	-0.2977	0.9541	325.35	356.14	359.64
2026-06-22T15:11:51.4870058+08:00	0x02	0.0517	0.5982	-0.7977	-0.0566	151.29	331.70	71.53
2026-06-22T15:11:51.4870058+08:00	0x08	0.0475	-0.0110	0.2334	0.9712	27.03	0.04	5.58
2026-06-22T15:11:51.4870058+08:00	0x03	-0.1783	0.4574	0.6560	0.5733	82.67	29.29	306.44
2026-06-22T15:11:51.4870058+08:00	0x02	0.0530	0.5982	-0.7974	-0.0581	150.64	331.06	71.44
2026-06-22T15:11:51.4870058+08:00	0x03	-0.1792	0.4566	0.6558	0.5739	82.68	29.12	306.44
2026-06-22T15:11:51.4870058+08:00	0x07	0.0071	-0.0331	-0.2977	0.9541	325.35	356.13	359.65
2026-06-22T15:11:51.4870058+08:00	0x02	0.0525	0.5986	-0.7972	-0.0583	150.60	331.09	71.49
2026-06-22T15:11:51.4870058+08:00	0x01	0.3258	0.4707	-0.7705	0.2803	197.41	325.35	65.23
2026-06-22T15:11:51.4870058+08:00	0x08	0.0475	-0.0110	0.2334	0.9712	27.03	0.04	5.58
2026-06-22T15:11:51.4870058+08:00	0x09	0.0771	0.0011	-0.0220	0.9968	357.47	359.93	8.84
2026-06-22T15:11:51.4870058+08:00	0x04	-0.2950	0.0317	0.4195	-0.8579	302.69	339.88	28.66
2026-06-22T15:11:51.4870058+08:00	0x03	-0.1786	0.4564	0.6560	0.5740	82.70	29.13	306.51
2026-06-22T15:11:51.4870058+08:00	0x07	0.0071	-0.0331	-0.2977	0.9541	325.35	356.13	359.64
2026-06-22T15:11:51.4870058+08:00	0x02	0.0510	0.5977	-0.7981	-0.0564	151.59	332.03	71.50
2026-06-22T15:11:51.4884225+08:00	0x09	0.0771	0.0011	-0.0220	0.9968	357.47	359.93	8.84
2026-06-22T15:11:51.4884275+08:00	0x03	-0.1758	0.4583	0.6545	0.5750	82.16	29.82	306.66
2026-06-22T15:11:51.4884275+08:00	0x07	0.0071	-0.0331	-0.2977	0.9541	325.35	356.13	359.64
2026-06-22T15:11:51.4884275+08:00	0x06	0.0054	0.0155	-0.4362	0.8997	308.28	1.33	1.34
2026-06-22T15:11:51.4884275+08:00	0x02	0.0513	0.5980	-0.7977	-0.0577	151.10	331.62	71.48
2026-06-22T15:11:51.4884275+08:00	0x09	0.0771	0.0011	-0.0220	0.9968	357.47	359.93	8.84
2026-06-22T15:11:51.4884275+08:00	0x01	0.3252	0.4713	-0.7710	0.2786	197.10	325.26	65.23
2026-06-22T15:11:51.4884275+08:00	0x04	-0.2980	0.0345	0.4181	-0.8574	302.66	339.39	28.82
2026-06-22T15:11:51.4884275+08:00	0x03	-0.1763	0.4584	0.6545	0.5748	82.18	29.79	306.61
2026-06-22T15:11:51.4884275+08:00	0x07	0.0071	-0.0331	-0.2977	0.9541	325.35	356.13	359.64
2026-06-22T15:11:51.4884275+08:00	0x09	0.0771	0.0011	-0.0220	0.9968	357.47	359.93	8.85
2026-06-22T15:11:51.4884275+08:00	0x01	0.3250	0.4714	-0.7710	0.2787	197.13	325.30	65.25
2026-06-22T15:11:51.4884275+08:00	0x03	-0.1755	0.4592	0.6544	0.5746	82.11	29.97	306.62
2026-06-22T15:11:51.4884275+08:00	0x06	0.0054	0.0156	-0.4362	0.8997	308.28	1.33	1.34
2026-06-22T15:11:51.4884275+08:00	0x07	0.0071	-0.0331	-0.2977	0.9541	325.35	356.13	359.64
2026-06-22T15:11:51.4884275+08:00	0x02	0.0531	0.5983	-0.7973	-0.0590	150.35	330.84	71.41
2026-06-22T15:11:51.4884275+08:00	0x04	-0.2904	0.0322	0.4155	-0.8614	303.50	340.31	28.26
2026-06-22T15:11:51.4884275+08:00	0x03	-0.1775	0.4579	0.6542	0.5752	82.18	29.64	306.56
2026-06-22T15:11:51.4884275+08:00	0x01	0.3262	0.4707	-0.7706	0.2795	197.16	325.14	65.21
2026-06-22T15:11:51.4884275+08:00	0x07	0.0071	-0.0331	-0.2977	0.9541	325.35	356.13	359.64
2026-06-22T15:11:51.4884275+08:00	0x02	0.0535	0.5988	-0.7970	-0.0583	150.37	330.77	71.48
2026-06-22T15:11:51.4884275+08:00	0x09	0.0771	0.0011	-0.0220	0.9968	357.47	359.93	8.85
2026-06-22T15:11:51.4884275+08:00	0x04	-0.2956	0.0321	0.4152	-0.8598	303.25	339.94	28.80
2026-06-22T15:11:51.4884275+08:00	0x08	0.0475	-0.0110	0.2334	0.9712	27.03	0.04	5.58
2026-06-22T15:11:51.4884275+08:00	0x03	-0.1766	0.4590	0.6539	0.5749	82.05	29.89	306.54
2026-06-22T15:11:51.4884275+08:00	0x07	0.0071	-0.0331	-0.2977	0.9541	325.35	356.13	359.64
2026-06-22T15:11:51.4884275+08:00	0x09	0.0772	0.0011	-0.0220	0.9968	357.47	359.93	8.85
2026-06-22T15:11:51.4884275+08:00	0x08	0.0474	-0.0110	0.2334	0.9712	27.03	0.04	5.58
2026-06-22T15:11:51.4884275+08:00	0x04	-0.2926	0.0327	0.4156	-0.8606	303.35	340.09	28.45
2026-06-22T15:11:51.4884275+08:00	0x06	0.0054	0.0155	-0.4362	0.8997	308.28	1.33	1.34
2026-06-22T15:11:51.4884275+08:00	0x07	0.0071	-0.0331	-0.2977	0.9541	325.35	356.13	359.64
2026-06-22T15:11:51.4884275+08:00	0x04	-0.2928	0.0331	0.4160	-0.8603	303.27	340.02	28.44
2026-06-22T15:11:51.4884275+08:00	0x08	0.0474	-0.0110	0.2334	0.9712	27.03	0.04	5.58
2026-06-22T15:11:51.4884275+08:00	0x06	0.0054	0.0155	-0.4362	0.8997	308.28	1.33	1.34
2026-06-22T15:11:51.4884275+08:00	0x03	-0.1768	0.4592	0.6536	0.5751	81.97	29.94	306.53
2026-06-22T15:11:51.4884275+08:00	0x09	0.0772	0.0011	-0.0220	0.9968	357.47	359.93	8.85
2026-06-22T15:11:51.4884275+08:00	0x02	0.0559	0.6036	-0.7928	-0.0639	147.33	327.99	71.78
2026-06-22T15:11:51.4884275+08:00	0x04	-0.2933	0.0341	0.4162	-0.8600	303.20	339.86	28.43
2026-06-22T15:11:51.4884275+08:00	0x06	0.0054	0.0155	-0.4362	0.8997	308.28	1.33	1.34
2026-06-22T15:11:51.4884275+08:00	0x03	-0.1772	0.4588	0.6538	0.5751	82.04	29.83	306.52
2026-06-22T15:11:51.4884275+08:00	0x09	0.0771	0.0011	-0.0220	0.9968	357.47	359.93	8.85
2026-06-22T15:11:51.4884275+08:00	0x02	0.0624	0.5969	-0.7968	-0.0707	146.00	326.68	70.45
2026-06-22T15:11:51.4884275+08:00	0x01	0.3243	0.4776	-0.7655	0.2840	198.11	325.96	66.27
2026-06-22T15:11:51.4884275+08:00	0x03	-0.1781	0.4583	0.6532	0.5758	81.97	29.74	306.50
2026-06-22T15:11:51.4884275+08:00	0x09	0.0772	0.0011	-0.0220	0.9968	357.47	359.93	8.85
2026-06-22T15:11:51.4884275+08:00	0x02	0.0660	0.5953	-0.7973	-0.0749	144.72	325.46	69.95
2026-06-22T15:11:51.4884275+08:00	0x01	0.3235	0.4769	-0.7658	0.2853	198.56	326.36	66.21
2026-06-22T15:11:51.4884275+08:00	0x04	-0.2953	0.0341	0.4164	-0.8592	303.06	339.71	28.63
2026-06-22T15:11:51.4884275+08:00	0x06	0.0054	0.0155	-0.4362	0.8997	308.28	1.33	1.34
2026-06-22T15:11:51.4884275+08:00	0x09	0.0772	0.0010	-0.0220	0.9968	357.47	359.92	8.85
2026-06-22T15:11:51.4884275+08:00	0x02	0.0671	0.5938	-0.7980	-0.0782	144.10	325.01	69.59
2026-06-22T15:11:51.4884275+08:00	0x01	0.3248	0.4737	-0.7683	0.2827	197.92	325.79	65.70
2026-06-22T15:11:51.4884275+08:00	0x08	0.0474	-0.0110	0.2334	0.9712	27.03	0.04	5.58
2026-06-22T15:11:51.4884275+08:00	0x06	0.0054	0.0155	-0.4362	0.8997	308.28	1.33	1.34
2026-06-22T15:11:51.4884275+08:00	0x03	-0.1744	0.4683	0.6537	0.5682	81.71	31.29	305.85
2026-06-22T15:11:51.4884275+08:00	0x09	0.0772	0.0010	-0.0220	0.9968	357.47	359.92	8.85
2026-06-22T15:11:51.4884275+08:00	0x02	0.0864	0.5124	-0.8521	-0.0629	157.26	335.28	59.58
2026-06-22T15:11:51.4884275+08:00	0x01	0.3118	0.4825	-0.7690	0.2804	199.07	328.42	66.48
2026-06-22T15:11:51.4884275+08:00	0x08	0.0475	-0.0110	0.2334	0.9712	27.03	0.04	5.58
2026-06-22T15:11:51.4884275+08:00	0x06	0.0054	0.0155	-0.4362	0.8997	308.28	1.33	1.33
2026-06-22T15:11:51.4884275+08:00	0x03	-0.1684	0.4883	0.6630	0.5418	83.41	33.26	303.90
2026-06-22T15:11:51.4884275+08:00	0x09	0.0772	0.0010	-0.0220	0.9968	357.47	359.92	8.85
2026-06-22T15:11:51.4884275+08:00	0x04	-0.3266	0.0478	0.4032	-0.8535	302.68	336.20	31.26
2026-06-22T15:11:51.4884275+08:00	0x01	0.2770	0.4726	-0.7873	0.2830	205.06	337.13	64.28
2026-06-22T15:11:51.4884275+08:00	0x03	-0.1589	0.5086	0.6784	0.5057	86.85	34.66	301.69
2026-06-22T15:11:51.4894642+08:00	0x07	0.0071	-0.0332	-0.2977	0.9541	325.35	356.13	359.64
2026-06-22T15:11:51.4894642+08:00	0x02	-0.0831	0.4438	-0.8921	0.0165	189.68	15.39	52.10
2026-06-22T15:11:51.4894642+08:00	0x01	0.2780	0.4729	-0.7868	0.2829	204.90	336.89	64.35
2026-06-22T15:11:51.4894642+08:00	0x09	0.0772	0.0011	-0.0220	0.9968	357.47	359.93	8.85
2026-06-22T15:11:51.4894642+08:00	0x06	0.0054	0.0155	-0.4362	0.8997	308.28	1.33	1.33
2026-06-22T15:11:51.4894642+08:00	0x03	-0.1345	0.4792	0.6896	0.5260	88.79	32.28	306.63
2026-06-22T15:11:51.4894642+08:00	0x07	0.0071	-0.0331	-0.2977	0.9541	325.35	356.13	359.64
2026-06-22T15:11:51.4894642+08:00	0x09	0.0771	0.0011	-0.0220	0.9968	357.47	359.93	8.85
2026-06-22T15:11:51.4894642+08:00	0x01	0.1828	0.4211	-0.6438	0.6122	279.33	25.85	49.99
2026-06-22T15:11:51.4894642+08:00	0x04	-0.3257	0.0474	0.4036	-0.8537	302.70	336.31	31.18
2026-06-22T15:11:51.4894642+08:00	0x06	0.0054	0.0155	-0.4362	0.8997	308.28	1.33	1.33
2026-06-22T15:11:51.4894642+08:00	0x03	-0.1352	0.4801	0.6893	0.5254	88.74	32.34	306.49
2026-06-22T15:11:51.4894642+08:00	0x07	0.0071	-0.0331	-0.2977	0.9541	325.35	356.13	359.64
2026-06-22T15:11:51.4894642+08:00	0x09	0.0771	0.0011	-0.0220	0.9968	357.47	359.93	8.85
2026-06-22T15:11:51.4894642+08:00	0x04	-0.3602	-0.0805	-0.0183	-0.9292	7.09	12.61	41.79
2026-06-22T15:11:51.4894642+08:00	0x08	0.0474	-0.0110	0.2334	0.9712	27.03	0.04	5.58
2026-06-22T15:11:51.4894642+08:00	0x06	0.0054	0.0155	-0.4362	0.8997	308.28	1.33	1.33
2026-06-22T15:11:51.4894642+08:00	0x03	-0.3346	0.3582	0.8631	0.1215	182.41	316.63	315.60
2026-06-22T15:11:51.4894642+08:00	0x09	0.0771	0.0011	-0.0220	0.9968	357.47	359.93	8.84
2026-06-22T15:11:51.4894642+08:00	0x02	-0.2456	0.5834	-0.7713	-0.0670	210.57	56.56	68.87
2026-06-22T15:11:51.4894642+08:00	0x07	0.0071	-0.0331	-0.2977	0.9541	325.35	356.13	359.64
2026-06-22T15:11:51.4894642+08:00	0x08	0.0474	-0.0110	0.2334	0.9712	27.03	0.04	5.58
2026-06-22T15:11:51.4894642+08:00	0x06	0.0054	0.0155	-0.4362	0.8997	308.28	1.33	1.34
2026-06-22T15:11:51.4894642+08:00	0x03	-0.3647	0.2918	0.8837	0.0297	190.95	311.95	327.49
2026-06-22T15:11:51.4894642+08:00	0x07	0.0071	-0.0331	-0.2977	0.9541	325.35	356.13	359.64
2026-06-22T15:11:51.4894642+08:00	0x09	0.0771	0.0011	-0.0220	0.9968	357.47	359.93	8.84
2026-06-22T15:11:51.4894642+08:00	0x02	-0.1929	0.6460	-0.7266	-0.1322	203.67	50.32	81.82
2026-06-22T15:11:51.4894642+08:00	0x01	0.1716	0.4719	-0.5416	0.6742	301.96	42.27	47.94
2026-06-22T15:11:51.4894642+08:00	0x08	0.0475	-0.0110	0.2334	0.9712	27.03	0.04	5.58
2026-06-22T15:11:51.4894642+08:00	0x06	0.0054	0.0155	-0.4362	0.8997	308.28	1.33	1.33
2026-06-22T15:11:51.4894642+08:00	0x07	0.0071	-0.0331	-0.2977	0.9541	325.35	356.13	359.64
2026-06-22T15:11:51.4894642+08:00	0x09	0.0771	0.0011	-0.0220	0.9968	357.47	359.93	8.84
2026-06-22T15:11:51.4894642+08:00	0x02	-0.1386	0.6170	-0.7358	-0.2423	123.17	334.63	77.19
2026-06-22T15:11:51.4894642+08:00	0x08	0.0474	-0.0110	0.2334	0.9712	27.03	0.04	5.58
2026-06-22T15:11:51.4894642+08:00	0x06	0.0054	0.0155	-0.4362	0.8997	308.28	1.33	1.33
2026-06-22T15:11:51.4894642+08:00	0x07	0.0071	-0.0331	-0.2977	0.9541	325.35	356.13	359.64
2026-06-22T15:11:51.4894642+08:00	0x02	-0.1293	0.6153	-0.7379	-0.2455	121.05	332.01	76.28
2026-06-22T15:11:51.4894642+08:00	0x09	0.0771	0.0011	-0.0220	0.9968	357.47	359.93	8.85
2026-06-22T15:11:51.4894642+08:00	0x08	0.0474	-0.0110	0.2334	0.9712	27.03	0.04	5.58
2026-06-22T15:11:51.4894642+08:00	0x06	0.0054	0.0155	-0.4362	0.8997	308.28	1.33	1.34
2026-06-22T15:11:51.4894642+08:00	0x03	-0.3401	0.3820	0.8461	0.1505	180.45	316.00	311.53
2026-06-22T15:11:51.4894642+08:00	0x04	-0.3431	0.2840	0.3357	-0.8300	305.63	310.68	22.27
2026-06-22T15:11:51.4894642+08:00	0x09	0.0771	0.0011	-0.0220	0.9968	357.47	359.93	8.85
2026-06-22T15:11:51.4894642+08:00	0x02	-0.1317	0.6143	-0.7370	-0.2494	120.44	331.94	76.19
2026-06-22T15:11:51.4894642+08:00	0x08	0.0474	-0.0110	0.2334	0.9712	27.03	0.04	5.58
2026-06-22T15:11:51.4894642+08:00	0x07	0.0071	-0.0331	-0.2977	0.9541	325.35	356.13	359.64
2026-06-22T15:11:51.4894642+08:00	0x06	0.0054	0.0155	-0.4362	0.8997	308.28	1.33	1.33
2026-06-22T15:11:51.4894642+08:00	0x09	0.0771	0.0011	-0.0220	0.9968	357.47	359.93	8.85
2026-06-22T15:11:51.4894642+08:00	0x04	-0.4831	0.1271	0.3597	-0.7881	291.69	312.44	42.07
2026-06-22T15:11:51.4894642+08:00	0x08	0.0474	-0.0110	0.2334	0.9712	27.03	0.04	5.58
2026-06-22T15:11:51.4894642+08:00	0x02	-0.1710	0.6047	-0.7272	-0.2761	120.79	337.91	76.89
2026-06-22T15:11:51.4894642+08:00	0x06	0.0054	0.0155	-0.4362	0.8997	308.28	1.33	1.34
2026-06-22T15:11:51.4894642+08:00	0x03	-0.3086	0.2310	0.8783	0.2829	154.20	329.66	324.52
2026-06-22T15:11:51.4894642+08:00	0x09	0.0772	0.0011	-0.0220	0.9968	357.47	359.93	8.85
2026-06-22T15:11:51.4894642+08:00	0x08	0.0475	-0.0110	0.2334	0.9712	27.03	0.04	5.58
2026-06-22T15:11:51.4894642+08:00	0x01	0.0946	0.5680	-0.5020	0.6453	311.49	62.17	43.82
2026-06-22T15:11:51.4894642+08:00	0x07	0.0071	-0.0332	-0.2977	0.9541	325.35	356.13	359.64
2026-06-22T15:11:51.4894642+08:00	0x06	0.0054	0.0155	-0.4362	0.8997	308.28	1.33	1.33
2026-06-22T15:11:51.4894642+08:00	0x09	0.0772	0.0011	-0.0220	0.9968	357.47	359.93	8.85
2026-06-22T15:11:51.4894642+08:00	0x02	-0.1199	0.5682	-0.8140	-0.0120	198.25	29.16	68.11
2026-06-22T15:11:51.4894642+08:00	0x01	0.0290	0.5085	-0.5597	0.6538	297.90	52.73	37.37
2026-06-22T15:11:51.4904615+08:00	0x07	0.0071	-0.0332	-0.2977	0.9541	325.35	356.13	359.65
2026-06-22T15:11:51.4904689+08:00	0x03	-0.3280	0.3028	0.7635	0.4668	126.54	340.06	309.78
2026-06-22T15:11:51.4904689+08:00	0x09	0.0772	0.0011	-0.0220	0.9968	357.47	359.93	8.85
2026-06-22T15:11:51.4904689+08:00	0x02	-0.1600	0.5493	-0.8173	0.0690	216.70	44.32	61.13
2026-06-22T15:11:51.4904689+08:00	0x01	0.0193	0.4756	-0.5194	0.7097	302.60	50.14	31.43
2026-06-22T15:11:51.4904689+08:00	0x07	0.0071	-0.0331	-0.2977	0.9541	325.35	356.13	359.65
2026-06-22T15:11:51.4904689+08:00	0x03	-0.3441	0.3305	0.7427	0.4699	125.85	339.79	305.48
2026-06-22T15:11:51.4904689+08:00	0x09	0.0771	0.0011	-0.0220	0.9968	357.47	359.93	8.85
2026-06-22T15:11:51.4904689+08:00	0x01	0.0510	0.4090	-0.5445	0.7305	298.06	39.38	31.32
2026-06-22T15:11:51.4904689+08:00	0x04	-0.4792	0.1319	0.3593	-0.7899	292.16	312.47	41.48
2026-06-22T15:11:51.4904689+08:00	0x03	-0.1777	0.4153	0.7372	0.5025	104.20	14.70	307.73
2026-06-22T15:11:51.4904689+08:00	0x07	0.0071	-0.0331	-0.2977	0.9541	325.35	356.13	359.64
2026-06-22T15:11:51.4904689+08:00	0x06	0.0054	0.0155	-0.4362	0.8997	308.28	1.33	1.33
2026-06-22T15:11:51.4904689+08:00	0x09	0.0771	0.0011	-0.0220	0.9968	357.47	359.93	8.85
2026-06-22T15:11:51.4904689+08:00	0x02	0.1149	0.4389	-0.8911	-0.0094	169.17	340.10	51.27
2026-06-22T15:11:51.4904689+08:00	0x07	0.0071	-0.0331	-0.2977	0.9541	325.35	356.13	359.65
2026-06-22T15:11:51.4904689+08:00	0x03	-0.1947	0.4262	0.6981	0.5413	94.91	18.67	306.30
2026-06-22T15:11:51.4904689+08:00	0x09	0.0772	0.0011	-0.0220	0.9968	357.47	359.93	8.85
2026-06-22T15:11:51.4904689+08:00	0x04	-0.2069	0.3337	0.7687	-0.5049	253.69	316.55	342.29
2026-06-22T15:11:51.4904689+08:00	0x08	0.0475	-0.0110	0.2334	0.9712	27.03	0.04	5.58
2026-06-22T15:11:51.4904689+08:00	0x07	0.0071	-0.0331	-0.2977	0.9541	325.35	356.13	359.65
2026-06-22T15:11:51.4904689+08:00	0x03	-0.2102	0.3953	0.6748	0.5868	89.90	16.74	308.74
2026-06-22T15:11:51.4904689+08:00	0x09	0.0772	0.0011	-0.0220	0.9968	357.47	359.93	8.85
2026-06-22T15:11:51.4904689+08:00	0x08	0.0475	-0.0110	0.2334	0.9712	27.03	0.04	5.58
2026-06-22T15:11:51.4904689+08:00	0x02	0.1067	0.4429	-0.8902	-0.0070	170.01	341.46	51.91
2026-06-22T15:11:51.4904689+08:00	0x07	0.0071	-0.0331	-0.2977	0.9541	325.35	356.13	359.65
2026-06-22T15:11:51.4904689+08:00	0x03	-0.2091	0.3872	0.6742	0.5932	89.69	16.14	309.64
2026-06-22T15:11:51.4904689+08:00	0x01	0.2223	0.4092	-0.5807	0.6678	290.91	26.99	50.54
2026-06-22T15:11:51.4904689+08:00	0x04	-0.3277	0.1187	0.5963	-0.7232	274.51	323.38	19.42
2026-06-22T15:11:51.4904689+08:00	0x02	-0.0305	0.5086	-0.8605	0.0002	183.72	6.26	61.07
2026-06-22T15:11:51.4904689+08:00	0x09	0.0772	0.0011	-0.0220	0.9968	357.47	359.93	8.85
2026-06-22T15:11:51.4904689+08:00	0x07	0.0071	-0.0332	-0.2977	0.9541	325.35	356.13	359.65
2026-06-22T15:11:51.4904689+08:00	0x03	-0.2084	0.4167	0.6760	0.5709	90.08	18.92	306.74
2026-06-22T15:11:51.4904689+08:00	0x09	0.0772	0.0011	-0.0220	0.9968	357.47	359.93	8.85
2026-06-22T15:11:51.4904689+08:00	0x04	-0.3106	0.0960	0.5569	-0.7643	281.59	328.00	21.58
2026-06-22T15:11:51.4910188+08:00	0x08	0.0475	-0.0110	0.2334	0.9712	27.03	0.04	5.58
2026-06-22T15:11:51.4910188+08:00	0x02	-0.0744	0.5817	-0.8042	0.0967	218.49	36.65	67.10
2026-06-22T15:11:51.4910188+08:00	0x07	0.0071	-0.0332	-0.2977	0.9541	325.35	356.13	359.65
2026-06-22T15:11:51.4910188+08:00	0x03	-0.2092	0.4105	0.6618	0.5913	86.59	19.92	307.73
2026-06-22T15:11:51.4910188+08:00	0x09	0.0771	0.0011	-0.0220	0.9968	357.47	359.93	8.85
2026-06-22T15:11:51.4910188+08:00	0x01	0.2637	0.4916	-0.7435	0.3688	229.75	355.51	67.74
2026-06-22T15:11:51.4910188+08:00	0x04	-0.3002	0.0710	0.5414	-0.7822	284.72	331.70	23.12
2026-06-22T15:11:51.4910188+08:00	0x02	-0.0451	0.5835	-0.8057	0.0912	213.43	29.63	68.75
2026-06-22T15:11:51.4910188+08:00	0x08	0.0475	-0.0110	0.2334	0.9712	27.03	0.04	5.58
2026-06-22T15:11:51.4910188+08:00	0x06	0.0054	0.0155	-0.4362	0.8997	308.28	1.33	1.33
2026-06-22T15:11:51.4910188+08:00	0x07	0.0071	-0.0332	-0.2977	0.9541	325.35	356.13	359.65
2026-06-22T15:11:51.4910188+08:00	0x03	-0.1954	0.4284	0.6701	0.5738	87.57	22.42	307.02
2026-06-22T15:11:51.4910188+08:00	0x08	0.0475	-0.0110	0.2334	0.9712	27.03	0.04	5.59
2026-06-22T15:11:51.4910188+08:00	0x04	-0.2854	0.0559	0.5160	-0.8057	289.44	335.16	23.72
2026-06-22T15:11:51.4910188+08:00	0x01	0.2972	0.4901	-0.7421	0.3473	218.87	343.64	69.06
2026-06-22T15:11:51.4910188+08:00	0x07	0.0071	-0.0332	-0.2977	0.9541	325.35	356.13	359.65
2026-06-22T15:11:51.4910188+08:00	0x03	-0.1866	0.4309	0.6699	0.5751	86.92	23.72	307.64
2026-06-22T15:11:51.4910188+08:00	0x09	0.0771	0.0011	-0.0220	0.9968	357.47	359.93	8.85
2026-06-22T15:11:51.4910188+08:00	0x04	-0.2862	0.0559	0.5038	-0.8131	291.10	335.44	24.15
2026-06-22T15:11:51.4910188+08:00	0x08	0.0475	-0.0110	0.2334	0.9712	27.03	0.04	5.58
2026-06-22T15:11:51.4910188+08:00	0x02	-0.0202	0.6054	-0.7956	0.0075	187.77	8.81	74.38
2026-06-22T15:11:51.4910188+08:00	0x07	0.0071	-0.0332	-0.2977	0.9541	325.35	356.13	359.65
2026-06-22T15:11:51.4910188+08:00	0x03	-0.1839	0.4375	0.6715	0.5690	87.11	24.54	307.16
2026-06-22T15:11:51.4910188+08:00	0x09	0.0772	0.0011	-0.0220	0.9968	357.47	359.93	8.85
2026-06-22T15:11:51.4910188+08:00	0x06	0.0054	0.0155	-0.4362	0.8997	308.28	1.33	1.34
2026-06-22T15:11:51.4910188+08:00	0x08	0.0475	-0.0110	0.2334	0.9712	27.03	0.04	5.58
2026-06-22T15:11:51.4910188+08:00	0x07	0.0071	-0.0332	-0.2977	0.9541	325.35	356.13	359.65
2026-06-22T15:11:51.4910188+08:00	0x03	-0.1860	0.4411	0.6700	0.5674	86.83	24.88	306.66
2026-06-22T15:11:51.4910188+08:00	0x09	0.0771	0.0011	-0.0220	0.9968	357.47	359.93	8.85
2026-06-22T15:11:51.4910188+08:00	0x01	0.3254	0.4573	-0.7641	0.3181	206.42	330.86	64.93
2026-06-22T15:11:51.4915223+08:00	0x04	-0.2820	0.0392	0.4765	-0.8318	295.40	338.27	25.58
2026-06-22T15:11:51.4915280+08:00	0x08	0.0475	-0.0110	0.2334	0.9712	27.03	0.04	5.58
2026-06-22T15:11:51.4915280+08:00	0x07	0.0071	-0.0332	-0.2977	0.9541	325.35	356.13	359.64
2026-06-22T15:11:51.4915280+08:00	0x03	-0.1829	0.4453	0.6693	0.5659	86.43	25.78	306.57
2026-06-22T15:11:51.4915280+08:00	0x01	0.3275	0.4477	-0.7698	0.3158	205.77	330.07	63.65
2026-06-22T15:11:51.4915280+08:00	0x04	-0.2970	0.0489	0.4560	-0.8375	297.21	336.70	26.93
2026-06-22T15:11:51.4915280+08:00	0x02	0.0293	0.5739	-0.8177	-0.0328	165.56	345.85	69.50
2026-06-22T15:11:51.4915280+08:00	0x06	0.0054	0.0155	-0.4362	0.8997	308.28	1.33	1.34
2026-06-22T15:11:51.4915280+08:00	0x09	0.0771	0.0011	-0.0220	0.9968	357.47	359.93	8.85
2026-06-22T15:11:51.4915280+08:00	0x01	0.3213	0.4604	-0.7717	0.2989	202.60	329.16	64.50
2026-06-22T15:11:51.4915280+08:00	0x04	-0.2996	0.0381	0.4623	-0.8337	296.35	337.38	27.66
2026-06-22T15:11:51.4915280+08:00	0x02	0.0319	0.5986	-0.7989	-0.0492	157.27	338.68	72.42
2026-06-22T15:11:51.4915280+08:00	0x07	0.0071	-0.0332	-0.2977	0.9541	325.35	356.13	359.64
2026-06-22T15:11:51.4915280+08:00	0x03	-0.1822	0.4421	0.6713	0.5663	86.90	25.27	306.88
2026-06-22T15:11:51.4915280+08:00	0x01	0.3227	0.4569	-0.7744	0.2957	201.81	328.48	63.96
2026-06-22T15:11:51.4915280+08:00	0x04	-0.3056	0.0396	0.4504	-0.8380	297.62	337.13	28.46
2026-06-22T15:11:51.4915280+08:00	0x08	0.0475	-0.0110	0.2334	0.9712	27.03	0.04	5.58
2026-06-22T15:11:51.4915280+08:00	0x02	0.0407	0.5977	-0.7987	-0.0573	153.31	334.67	71.80
2026-06-22T15:11:51.4915280+08:00	0x06	0.0054	0.0155	-0.4362	0.8997	308.28	1.33	1.34
2026-06-22T15:11:51.4915280+08:00	0x03	-0.1813	0.4427	0.6715	0.5659	86.91	25.41	306.90
2026-06-22T15:11:51.4915280+08:00	0x01	0.3254	0.4539	-0.7750	0.2958	201.55	327.92	63.64
2026-06-22T15:11:51.4915280+08:00	0x08	0.0475	-0.0110	0.2334	0.9712	27.03	0.04	5.58
2026-06-22T15:11:51.4915280+08:00	0x04	-0.3036	0.0381	0.4445	-0.8419	298.59	337.66	28.51
2026-06-22T15:11:51.4915280+08:00	0x09	0.0771	0.0011	-0.0220	0.9968	357.47	359.93	8.85
2026-06-22T15:11:51.4915280+08:00	0x01	0.3048	0.4417	-0.7390	0.4073	230.12	347.93	64.30
2026-06-22T15:11:51.4915280+08:00	0x04	-0.3273	0.0426	0.4274	-0.8417	299.36	335.81	30.97
2026-06-22T15:11:51.4915280+08:00	0x08	0.0475	-0.0110	0.2334	0.9712	27.03	0.04	5.58
2026-06-22T15:11:51.4915280+08:00	0x06	0.0054	0.0155	-0.4362	0.8997	308.28	1.33	1.33
2026-06-22T15:11:51.4915280+08:00	0x01	0.3055	0.4421	-0.7402	0.4041	229.27	347.33	64.35
2026-06-22T15:11:51.4915280+08:00	0x04	-0.3258	0.0130	0.4864	-0.8106	291.53	336.77	31.03
2026-06-22T15:11:51.4915280+08:00	0x09	0.0771	0.0011	-0.0220	0.9968	357.47	359.93	8.85
2026-06-22T15:11:51.4915280+08:00	0x06	0.0054	0.0155	-0.4362	0.8997	308.28	1.33	1.33
2026-06-22T15:11:51.4915280+08:00	0x03	-0.2085	0.3595	0.6946	0.5872	94.44	11.46	311.90
2026-06-22T15:11:51.4915280+08:00	0x01	0.0741	0.4338	-0.5869	0.6796	292.25	39.37	37.58
2026-06-22T15:11:51.4915280+08:00	0x04	-0.2960	-0.0296	0.5166	-0.8029	289.72	342.58	30.39
2026-06-22T15:11:51.4915280+08:00	0x02	-0.1118	0.4258	-0.8722	0.2133	220.54	31.59	44.03
2026-06-22T15:11:51.4915280+08:00	0x06	0.0054	0.0155	-0.4362	0.8997	308.28	1.33	1.33
2026-06-22T15:11:51.4915280+08:00	0x09	0.0771	0.0011	-0.0220	0.9968	357.47	359.93	8.85
2026-06-22T15:11:51.4915280+08:00	0x03	-0.2103	0.3400	0.7097	0.5801	98.02	8.03	313.39
2026-06-22T15:11:51.4915280+08:00	0x01	0.0764	0.4339	-0.5838	0.6819	292.79	39.40	37.65
2026-06-22T15:11:51.4915280+08:00	0x04	-0.2913	-0.0515	0.4726	-0.8301	296.94	347.04	32.16
2026-06-22T15:11:51.4915280+08:00	0x02	-0.1187	0.4249	-0.8710	0.2160	221.18	32.58	43.55
2026-06-22T15:11:51.4915280+08:00	0x06	0.0054	0.0155	-0.4362	0.8997	308.28	1.33	1.33
2026-06-22T15:11:51.4915280+08:00	0x03	-0.2114	0.3430	0.7148	0.5716	99.41	7.58	312.95
2026-06-22T15:11:51.4915280+08:00	0x04	-0.2920	-0.0570	0.4363	-0.8492	302.38	349.13	33.07
2026-06-22T15:11:51.4915280+08:00	0x02	-0.1163	0.4141	-0.8750	0.2220	220.96	31.59	42.31
2026-06-22T15:11:51.4915280+08:00	0x06	0.0054	0.0155	-0.4362	0.8997	308.28	1.33	1.33
2026-06-22T15:11:51.4915280+08:00	0x07	0.0071	-0.0331	-0.2977	0.9541	325.35	356.14	359.64
2026-06-22T15:11:51.4915280+08:00	0x03	-0.2125	0.3474	0.7146	0.5688	99.52	7.80	312.42
2026-06-22T15:11:51.4915280+08:00	0x04	-0.2958	-0.0601	0.4067	-0.8622	306.58	350.49	33.99
2026-06-22T15:11:51.4915280+08:00	0x08	0.0475	-0.0110	0.2334	0.9712	27.03	0.04	5.58
2026-06-22T15:11:51.4915280+08:00	0x06	0.0054	0.0155	-0.4362	0.8997	308.28	1.33	1.33
2026-06-22T15:11:51.4915280+08:00	0x09	0.0771	0.0011	-0.0220	0.9968	357.47	359.93	8.85
2026-06-22T15:11:51.4915280+08:00	0x01	0.1004	0.4283	-0.4763	0.7613	309.45	42.24	34.11
2026-06-22T15:11:51.4915280+08:00	0x04	-0.2956	-0.0635	0.3938	-0.8681	308.56	351.47	34.28
2026-06-22T15:11:51.4915280+08:00	0x08	0.0475	-0.0110	0.2334	0.9712	27.03	0.04	5.58
2026-06-22T15:11:51.4915280+08:00	0x06	0.0054	0.0155	-0.4362	0.8997	308.28	1.33	1.33
2026-06-22T15:11:51.4915280+08:00	0x07	0.0071	-0.0331	-0.2977	0.9541	325.35	356.14	359.64
2026-06-22T15:11:51.4915280+08:00	0x01	0.0793	0.4369	-0.4292	0.7865	315.62	45.64	29.98
2026-06-22T15:11:51.4915280+08:00	0x08	0.0475	-0.0110	0.2334	0.9712	27.03	0.04	5.58
2026-06-22T15:11:51.4915280+08:00	0x04	-0.3254	-0.0443	0.3499	-0.8773	312.88	349.17	37.01
2026-06-22T15:11:51.4915280+08:00	0x02	-0.1283	0.3938	-0.9029	0.1153	205.00	26.14	42.97
2026-06-22T15:11:51.4915280+08:00	0x06	0.0054	0.0155	-0.4362	0.8997	308.28	1.33	1.33
2026-06-22T15:11:51.4915280+08:00	0x09	0.0771	0.0011	-0.0220	0.9968	357.47	359.93	8.85
2026-06-22T15:11:51.4925663+08:00	0x01	0.1124	0.4352	-0.5190	0.7270	303.57	40.90	37.96
2026-06-22T15:11:51.4925663+08:00	0x04	-0.3612	-0.0070	0.3103	-0.8793	315.31	344.00	39.76
2026-06-22T15:11:51.4925663+08:00	0x06	0.0054	0.0155	-0.4362	0.8997	308.28	1.33	1.33
2026-06-22T15:11:51.4925663+08:00	0x09	0.0771	0.0011	-0.0220	0.9968	357.47	359.93	8.85
2026-06-22T15:11:51.4925663+08:00	0x01	0.1798	0.4403	-0.6035	0.6401	288.63	32.33	49.59
2026-06-22T15:11:51.4925663+08:00	0x08	0.0475	-0.0110	0.2334	0.9712	27.03	0.04	5.58
2026-06-22T15:11:51.4925663+08:00	0x02	-0.0610	0.4788	-0.8757	-0.0133	183.71	9.99	57.16
2026-06-22T15:11:51.4925663+08:00	0x06	0.0054	0.0155	-0.4362	0.8997	308.28	1.33	1.33
2026-06-22T15:11:51.4925663+08:00	0x09	0.0771	0.0011	-0.0220	0.9968	357.47	359.93	8.85
2026-06-22T15:11:51.4925663+08:00	0x07	0.0071	-0.0331	-0.2977	0.9541	325.35	356.13	359.65
2026-06-22T15:11:51.4925663+08:00	0x01	0.1327	0.4438	-0.4392	0.7698	316.04	44.79	36.45
2026-06-22T15:11:51.4925663+08:00	0x03	-0.2079	0.4263	0.6933	0.5425	94.76	17.57	305.24
2026-06-22T15:11:51.4925663+08:00	0x02	-0.2015	0.4152	-0.8419	0.2796	231.97	44.87	35.90
2026-06-22T15:11:51.4925663+08:00	0x06	0.0054	0.0155	-0.4362	0.8997	308.28	1.33	1.33
2026-06-22T15:11:51.4925663+08:00	0x07	0.0071	-0.0331	-0.2977	0.9541	325.35	356.14	359.64
2026-06-22T15:11:51.4925663+08:00	0x09	0.0771	0.0011	-0.0220	0.9968	357.47	359.93	8.85
2026-06-22T15:11:51.4925663+08:00	0x03	-0.2100	0.3793	0.7066	0.5593	97.83	11.54	309.56
2026-06-22T15:11:51.4925663+08:00	0x01	0.0709	0.4763	-0.4341	0.7613	315.93	51.06	31.44
2026-06-22T15:11:51.4925663+08:00	0x04	-0.3082	-0.0319	0.4466	-0.8394	299.38	344.65	33.09
2026-06-22T15:11:51.4925663+08:00	0x08	0.0475	-0.0110	0.2334	0.9712	27.03	0.05	5.58
2026-06-22T15:11:51.4925663+08:00	0x02	-0.1548	0.4073	-0.8668	0.2424	224.78	36.91	39.13
2026-06-22T15:11:51.4925663+08:00	0x06	0.0054	0.0155	-0.4362	0.8997	308.28	1.33	1.34
2026-06-22T15:11:51.4925663+08:00	0x09	0.0771	0.0011	-0.0220	0.9968	357.47	359.93	8.85
2026-06-22T15:11:51.4925663+08:00	0x01	0.0954	0.4728	-0.4198	0.7688	318.58	50.42	32.94
2026-06-22T15:11:51.4925663+08:00	0x08	0.0475	-0.0110	0.2334	0.9712	27.03	0.04	5.58
2026-06-22T15:11:51.4925663+08:00	0x04	-0.2932	-0.0497	0.4372	-0.8488	302.01	348.20	32.76
2026-06-22T15:11:51.4925663+08:00	0x06	0.0054	0.0155	-0.4362	0.8997	308.28	1.33	1.34
2026-06-22T15:11:51.4925663+08:00	0x07	0.0071	-0.0331	-0.2977	0.9541	325.35	356.13	359.65
2026-06-22T15:11:51.4925663+08:00	0x03	-0.2159	0.3442	0.7160	0.5678	100.10	6.96	312.44
2026-06-22T15:11:51.4925663+08:00	0x01	0.0968	0.4743	-0.4066	0.7749	320.40	51.00	32.39
2026-06-22T15:11:51.4925663+08:00	0x08	0.0475	-0.0110	0.2334	0.9712	27.03	0.04	5.58
2026-06-22T15:11:51.4925663+08:00	0x02	-0.1632	0.4270	-0.8621	0.2188	223.75	38.81	41.67
2026-06-22T15:11:51.4925663+08:00	0x06	0.0054	0.0155	-0.4362	0.8997	308.28	1.33	1.34
2026-06-22T15:11:51.4925663+08:00	0x07	0.0071	-0.0331	-0.2977	0.9541	325.35	356.13	359.65
2026-06-22T15:11:51.4925663+08:00	0x03	-0.2156	0.3448	0.7177	0.5653	100.53	6.85	312.39
2026-06-22T15:11:51.4925663+08:00	0x01	0.0776	0.4789	-0.3929	0.7812	321.54	52.40	29.84
2026-06-22T15:11:51.4925663+08:00	0x08	0.0475	-0.0110	0.2334	0.9712	27.03	0.04	5.58
2026-06-22T15:11:51.4925663+08:00	0x02	-0.1647	0.4184	-0.8653	0.2214	223.36	38.30	40.64
2026-06-22T15:11:51.4925663+08:00	0x09	0.0771	0.0011	-0.0220	0.9968	357.47	359.93	8.85
2026-06-22T15:11:51.4925663+08:00	0x03	-0.2153	0.3456	0.7187	0.5636	100.77	6.83	312.31
2026-06-22T15:11:51.4925663+08:00	0x01	0.0645	0.4769	-0.4165	0.7713	317.98	51.79	29.78
2026-06-22T15:11:51.4925663+08:00	0x08	0.0475	-0.0110	0.2334	0.9712	27.03	0.04	5.58
2026-06-22T15:11:51.4925663+08:00	0x02	-0.1666	0.4006	-0.8824	0.1820	216.57	35.20	40.26
2026-06-22T15:11:51.4925663+08:00	0x06	0.0054	0.0155	-0.4362	0.8997	308.28	1.33	1.33
2026-06-22T15:11:51.4925663+08:00	0x09	0.0771	0.0011	-0.0220	0.9968	357.47	359.93	8.85
2026-06-22T15:11:51.4925663+08:00	0x03	-0.2114	0.3560	0.7219	0.5544	101.46	7.76	311.55
2026-06-22T15:11:51.4925663+08:00	0x01	0.0204	0.4566	-0.5492	0.6996	297.83	46.64	32.01
2026-06-22T15:11:51.4925663+08:00	0x02	-0.0851	0.3507	-0.9131	0.1898	210.78	21.31	37.46
2026-06-22T15:11:51.4925663+08:00	0x04	-0.3093	-0.0542	0.3732	-0.8730	310.62	350.37	35.48
2026-06-22T15:11:51.4925663+08:00	0x07	0.0071	-0.0331	-0.2977	0.9541	325.35	356.13	359.64
2026-06-22T15:11:51.4925663+08:00	0x09	0.0772	0.0011	-0.0220	0.9968	357.47	359.93	8.85
2026-06-22T15:11:51.4925663+08:00	0x03	-0.2123	0.3685	0.7110	0.5601	98.97	9.86	310.38
2026-06-22T15:11:51.4925663+08:00	0x01	-0.0061	0.4459	-0.5573	0.7005	295.73	46.35	29.24
2026-06-22T15:11:51.4925663+08:00	0x04	-0.3162	-0.0479	0.3670	-0.8735	310.98	349.43	35.99
2026-06-22T15:11:51.4925663+08:00	0x02	-0.0442	0.3312	-0.8917	0.3053	223.99	19.90	34.31
2026-06-22T15:11:51.4925663+08:00	0x07	0.0071	-0.0331	-0.2977	0.9541	325.35	356.13	359.64
2026-06-22T15:11:51.4925663+08:00	0x09	0.0772	0.0011	-0.0220	0.9968	357.47	359.93	8.85
2026-06-22T15:11:51.4925663+08:00	0x03	-0.2132	0.3675	0.7092	0.5625	98.60	9.86	310.43
2026-06-22T15:11:51.4925663+08:00	0x01	0.0222	0.4251	-0.4408	0.7902	312.01	45.66	24.20
2026-06-22T15:11:51.4925663+08:00	0x02	-0.1296	0.3653	-0.8669	0.3134	229.94	32.97	33.51
2026-06-22T15:11:51.4925663+08:00	0x04	-0.3048	-0.0546	0.3810	-0.8712	309.72	350.37	34.94
2026-06-22T15:11:51.4925663+08:00	0x07	0.0071	-0.0331	-0.2977	0.9541	325.35	356.13	359.65
2026-06-22T15:11:51.4935702+08:00	0x06	0.0054	0.0155	-0.4362	0.8997	308.28	1.33	1.33
2026-06-22T15:11:51.4935702+08:00	0x03	-0.2140	0.3526	0.7215	0.5561	101.51	7.21	311.68
2026-06-22T15:11:51.4935702+08:00	0x01	0.0452	0.4390	-0.3977	0.8044	318.55	47.68	24.96
2026-06-22T15:11:51.4935702+08:00	0x04	-0.2975	-0.0645	0.3906	-0.8688	308.96	351.60	34.56
2026-06-22T15:11:51.4935702+08:00	0x02	-0.1426	0.3831	-0.8686	0.2800	227.30	34.77	35.86
2026-06-22T15:11:51.4935702+08:00	0x09	0.0772	0.0011	-0.0220	0.9968	357.47	359.93	8.85
2026-06-22T15:11:51.4935702+08:00	0x07	0.0071	-0.0331	-0.2977	0.9541	325.35	356.13	359.65
2026-06-22T15:11:51.4935702+08:00	0x03	-0.2140	0.3494	0.7250	0.5537	102.32	6.58	311.97
2026-06-22T15:11:51.4935702+08:00	0x01	0.0542	0.4409	-0.3942	0.8045	319.36	47.77	25.78
2026-06-22T15:11:51.4935702+08:00	0x08	0.0475	-0.0110	0.2334	0.9712	27.03	0.04	5.58
2026-06-22T15:11:51.4935702+08:00	0x02	-0.1270	0.3865	-0.8778	0.2528	223.39	32.02	37.90
2026-06-22T15:11:51.4935702+08:00	0x07	0.0071	-0.0331	-0.2977	0.9541	325.35	356.13	359.65
2026-06-22T15:11:51.4935702+08:00	0x09	0.0772	0.0011	-0.0220	0.9968	357.47	359.93	8.85
2026-06-22T15:11:51.4935702+08:00	0x03	-0.2144	0.3479	0.7258	0.5533	102.55	6.32	312.07
2026-06-22T15:11:51.4935702+08:00	0x01	0.0577	0.4457	-0.3872	0.8050	320.48	48.47	25.98
2026-06-22T15:11:51.4935702+08:00	0x04	-0.2936	-0.0723	0.3831	-0.8728	310.46	353.11	34.61
2026-06-22T15:11:51.4935702+08:00	0x07	0.0071	-0.0331	-0.2977	0.9541	325.35	356.13	359.65
2026-06-22T15:11:51.4935702+08:00	0x06	0.0054	0.0155	-0.4362	0.8997	308.28	1.33	1.33
2026-06-22T15:11:51.4935702+08:00	0x03	-0.2142	0.3462	0.7292	0.5500	103.36	5.85	312.22
2026-06-22T15:11:51.4935702+08:00	0x01	0.0478	0.4539	-0.3866	0.8014	320.40	49.81	25.31
2026-06-22T15:11:51.4935702+08:00	0x02	-0.1343	0.3961	-0.8757	0.2412	222.86	33.26	38.97
2026-06-22T15:11:51.4935702+08:00	0x07	0.0071	-0.0332	-0.2977	0.9541	325.35	356.13	359.64
2026-06-22T15:11:51.4935702+08:00	0x03	-0.2093	0.3606	0.7215	0.5528	101.26	8.42	311.26
2026-06-22T15:11:51.4935702+08:00	0x08	0.0475	-0.0110	0.2334	0.9712	27.03	0.04	5.58
2026-06-22T15:11:51.4935702+08:00	0x02	-0.0907	0.3899	-0.9038	0.1513	207.90	22.54	42.64
2026-06-22T15:11:51.4935702+08:00	0x07	0.0071	-0.0332	-0.2977	0.9541	325.35	356.13	359.65
2026-06-22T15:11:51.4935702+08:00	0x09	0.0771	0.0011	-0.0220	0.9968	357.47	359.93	8.85
2026-06-22T15:11:51.4935702+08:00	0x03	-0.2103	0.4076	0.7005	0.5467	96.71	14.61	306.77
2026-06-22T15:11:51.4935702+08:00	0x01	0.1642	0.4209	-0.5288	0.7185	301.89	36.08	42.93
2026-06-22T15:11:51.4935702+08:00	0x02	0.0131	0.4359	-0.8951	0.0932	194.46	5.32	51.51
2026-06-22T15:11:51.4935702+08:00	0x07	0.0071	-0.0332	-0.2977	0.9541	325.35	356.13	359.65
2026-06-22T15:11:51.4935702+08:00	0x09	0.0772	0.0011	-0.0220	0.9968	357.47	359.93	8.85
2026-06-22T15:11:51.4935702+08:00	0x03	-0.2034	0.4293	0.6935	0.5417	94.43	18.43	305.33
2026-06-22T15:11:51.4935702+08:00	0x08	0.0475	-0.0110	0.2334	0.9712	27.03	0.04	5.58
2026-06-22T15:11:51.4935702+08:00	0x02	-0.0221	0.5020	-0.8546	0.1310	208.07	18.89	58.45
2026-06-22T15:11:51.4935702+08:00	0x09	0.0771	0.0011	-0.0220	0.9968	357.47	359.93	8.85
2026-06-22T15:11:51.4935702+08:00	0x03	-0.2008	0.4297	0.6879	0.5493	92.67	19.60	305.72
2026-06-22T15:11:51.4935702+08:00	0x07	0.0071	-0.0332	-0.2977	0.9541	325.35	356.13	359.64
2026-06-22T15:11:51.4935702+08:00	0x01	0.2051	0.4421	-0.5298	0.6941	302.60	37.05	48.87
2026-06-22T15:11:51.4935702+08:00	0x02	-0.0313	0.5205	-0.8400	0.1499	214.54	24.57	59.89
2026-06-22T15:11:51.4935702+08:00	0x07	0.0071	-0.0332	-0.2977	0.9541	325.35	356.13	359.65
2026-06-22T15:11:51.4935702+08:00	0x06	0.0054	0.0155	-0.4362	0.8997	308.28	1.33	1.33
2026-06-22T15:11:51.4935702+08:00	0x09	0.0772	0.0011	-0.0220	0.9968	357.47	359.93	8.85
2026-06-22T15:11:51.4935702+08:00	0x03	-0.1969	0.4310	0.6878	0.5500	92.30	20.25	305.97
2026-06-22T15:11:51.4935702+08:00	0x08	0.0475	-0.0110	0.2334	0.9712	27.03	0.04	5.58
2026-06-22T15:11:51.4935702+08:00	0x04	-0.3780	0.0526	0.3874	-0.8392	300.97	331.73	36.41
2026-06-22T15:11:51.4935702+08:00	0x02	-0.0307	0.5256	-0.8366	0.1512	215.37	25.27	60.48
2026-06-22T15:11:51.4935702+08:00	0x07	0.0071	-0.0332	-0.2977	0.9541	325.35	356.13	359.65
2026-06-22T15:11:51.4935702+08:00	0x09	0.0772	0.0011	-0.0220	0.9968	357.47	359.93	8.85
2026-06-22T15:11:51.4935702+08:00	0x03	-0.1936	0.4333	0.6869	0.5504	91.81	21.01	306.06
2026-06-22T15:11:51.4935702+08:00	0x04	-0.3736	0.0585	0.4025	-0.8336	299.03	330.84	35.16
2026-06-22T15:11:51.4935702+08:00	0x07	0.0071	-0.0332	-0.2977	0.9541	325.35	356.13	359.65
2026-06-22T15:11:51.4935702+08:00	0x09	0.0772	0.0011	-0.0220	0.9968	357.47	359.93	8.85
2026-06-22T15:11:51.4935702+08:00	0x03	-0.1928	0.4341	0.6860	0.5511	91.52	21.29	306.08
2026-06-22T15:11:51.4935702+08:00	0x08	0.0475	-0.0110	0.2334	0.9712	27.03	0.04	5.58
2026-06-22T15:11:51.4935702+08:00	0x04	-0.3639	0.0606	0.4128	-0.8328	298.33	331.12	33.79
2026-06-22T15:11:51.4935702+08:00	0x07	0.0071	-0.0332	-0.2977	0.9541	325.35	356.13	359.65
2026-06-22T15:11:51.4935702+08:00	0x09	0.0772	0.0011	-0.0220	0.9968	357.47	359.93	8.85
2026-06-22T15:11:51.4935702+08:00	0x03	-0.1941	0.4356	0.6840	0.5520	91.08	21.56	305.88
2026-06-22T15:11:51.4935702+08:00	0x06	0.0054	0.0155	-0.4362	0.8997	308.28	1.33	1.33
2026-06-22T15:11:51.4935702+08:00	0x08	0.0475	-0.0110	0.2334	0.9712	27.03	0.04	5.58
2026-06-22T15:11:51.4945613+08:00	0x04	-0.3597	0.0640	0.4198	-0.8308	297.60	330.88	32.95
2026-06-22T15:11:51.4945613+08:00	0x07	0.0071	-0.0332	-0.2977	0.9541	325.35	356.13	359.65
2026-06-22T15:11:51.4945613+08:00	0x02	-0.0388	0.5250	-0.8354	0.1579	217.38	27.37	59.88
2026-06-22T15:11:51.4945613+08:00	0x03	-0.1951	0.4355	0.6822	0.5540	90.67	21.66	305.87
2026-06-22T15:11:51.4945613+08:00	0x09	0.0772	0.0011	-0.0220	0.9968	357.47	359.93	8.85
2026-06-22T15:11:51.4945613+08:00	0x04	-0.3683	0.0710	0.4254	-0.8236	295.97	329.08	33.11
2026-06-22T15:11:51.4945613+08:00	0x07	0.0071	-0.0331	-0.2977	0.9541	325.35	356.13	359.65
2026-06-22T15:11:51.4945613+08:00	0x09	0.0772	0.0011	-0.0220	0.9968	357.47	359.93	8.85
2026-06-22T15:11:51.4945613+08:00	0x06	0.0054	0.0155	-0.4362	0.8997	308.28	1.33	1.33
2026-06-22T15:11:51.4945613+08:00	0x08	0.0474	-0.0110	0.2334	0.9712	27.03	0.04	5.58
2026-06-22T15:11:51.4945613+08:00	0x04	-0.3653	0.0717	0.4282	-0.8234	295.81	329.21	32.69
2026-06-22T15:11:51.4945613+08:00	0x02	-0.0490	0.5312	-0.8305	0.1603	219.64	30.29	60.06
2026-06-22T15:11:51.4945613+08:00	0x09	0.0772	0.0011	-0.0220	0.9968	357.47	359.93	8.85
2026-06-22T15:11:51.4945613+08:00	0x03	-0.1921	0.4362	0.6822	0.5545	90.45	22.10	306.08
2026-06-22T15:11:51.4945613+08:00	0x04	-0.3622	0.0680	0.4304	-0.8240	295.83	329.80	32.57
2026-06-22T15:11:51.4945613+08:00	0x07	0.0071	-0.0331	-0.2977	0.9541	325.35	356.13	359.65
2026-06-22T15:11:51.4945613+08:00	0x09	0.0772	0.0011	-0.0220	0.9968	357.47	359.93	8.85
2026-06-22T15:11:51.4945613+08:00	0x03	-0.1921	0.4355	0.6821	0.5551	90.42	22.05	306.15
2026-06-22T15:11:51.4945613+08:00	0x08	0.0474	-0.0110	0.2334	0.9712	27.03	0.04	5.58
2026-06-22T15:11:51.4945613+08:00	0x04	-0.3692	0.0739	0.4317	-0.8197	294.95	328.45	32.79
2026-06-22T15:11:51.4945613+08:00	0x02	-0.0530	0.5262	-0.8334	0.1603	219.29	30.27	59.33
2026-06-22T15:11:51.4945613+08:00	0x07	0.0071	-0.0331	-0.2977	0.9541	325.35	356.13	359.65
2026-06-22T15:11:51.4945613+08:00	0x09	0.0772	0.0011	-0.0220	0.9968	357.47	359.93	8.85
2026-06-22T15:11:51.4945613+08:00	0x03	-0.1907	0.4367	0.6827	0.5540	90.47	22.26	306.14
2026-06-22T15:11:51.4945613+08:00	0x04	-0.3577	0.0635	0.4357	-0.8235	295.53	330.50	32.26
2026-06-22T15:11:51.4945613+08:00	0x01	0.2460	0.4446	-0.5464	0.6658	298.99	33.76	54.43
2026-06-22T15:11:51.4945613+08:00	0x07	0.0071	-0.0331	-0.2977	0.9541	325.35	356.13	359.65
2026-06-22T15:11:51.4945613+08:00	0x09	0.0771	0.0011	-0.0220	0.9968	357.47	359.93	8.85
2026-06-22T15:11:51.4945613+08:00	0x06	0.0054	0.0155	-0.4362	0.8997	308.28	1.33	1.33
2026-06-22T15:11:51.4945613+08:00	0x03	-0.1907	0.4381	0.6824	0.5532	90.40	22.44	306.01
2026-06-22T15:11:51.4945613+08:00	0x04	-0.3682	0.0742	0.4329	-0.8194	294.85	328.46	32.63
2026-06-22T15:11:51.4945613+08:00	0x02	-0.0591	0.5317	-0.8296	0.1599	220.57	32.10	59.69
2026-06-22T15:11:51.4945613+08:00	0x03	-0.1921	0.4359	0.6812	0.5559	90.19	22.20	306.16
2026-06-22T15:11:51.4945613+08:00	0x01	0.2525	0.4472	-0.5467	0.6614	298.92	33.72	55.38
2026-06-22T15:11:51.4945613+08:00	0x07	0.0071	-0.0331	-0.2977	0.9541	325.35	356.13	359.65
2026-06-22T15:11:51.4945613+08:00	0x09	0.0771	0.0011	-0.0220	0.9968	357.47	359.93	8.85
2026-06-22T15:11:51.4945613+08:00	0x06	0.0054	0.0155	-0.4362	0.8997	308.28	1.33	1.33
2026-06-22T15:11:51.4945613+08:00	0x02	-0.0638	0.5300	-0.8300	0.1616	221.03	32.79	59.22
2026-06-22T15:11:51.4945613+08:00	0x01	0.2509	0.4490	-0.5467	0.6608	299.07	34.11	55.33
2026-06-22T15:11:51.4945613+08:00	0x07	0.0071	-0.0331	-0.2977	0.9541	325.35	356.13	359.65
2026-06-22T15:11:51.4945613+08:00	0x06	0.0054	0.0155	-0.4362	0.8997	308.28	1.33	1.33
2026-06-22T15:11:51.4945613+08:00	0x03	-0.1907	0.4376	0.6835	0.5522	90.70	22.24	306.02
2026-06-22T15:11:51.4945613+08:00	0x01	0.2504	0.4494	-0.5462	0.6610	299.21	34.26	55.29
2026-06-22T15:11:51.4945613+08:00	0x06	0.0054	0.0155	-0.4362	0.8997	308.28	1.33	1.33
2026-06-22T15:11:51.4945613+08:00	0x07	0.0071	-0.0331	-0.2977	0.9541	325.35	356.13	359.65
2026-06-22T15:11:51.4945613+08:00	0x02	-0.0648	0.5324	-0.8283	0.1621	221.57	33.39	59.43
2026-06-22T15:11:51.4945613+08:00	0x03	-0.1906	0.4368	0.6835	0.5529	90.69	22.17	306.11
2026-06-22T15:11:51.4945613+08:00	0x04	-0.3685	0.0726	0.4352	-0.8183	294.54	328.52	32.68
2026-06-22T15:11:51.4945613+08:00	0x06	0.0054	0.0155	-0.4362	0.8997	308.28	1.33	1.33
2026-06-22T15:11:51.4945613+08:00	0x09	0.0772	0.0011	-0.0220	0.9968	357.47	359.93	8.85
2026-06-22T15:11:51.4945613+08:00	0x03	-0.1896	0.4376	0.6834	0.5528	90.58	22.39	306.13
2026-06-22T15:11:51.4945613+08:00	0x08	0.0475	-0.0110	0.2334	0.9712	27.03	0.05	5.58
2026-06-22T15:11:51.4945613+08:00	0x04	-0.3669	0.0736	0.4337	-0.8197	294.87	328.63	32.52
2026-06-22T15:11:51.4955589+08:00	0x06	0.0054	0.0155	-0.4362	0.8997	308.28	1.33	1.33
2026-06-22T15:11:51.4955589+08:00	0x09	0.0772	0.0011	-0.0220	0.9968	357.47	359.93	8.85
2026-06-22T15:11:51.4955589+08:00	0x03	-0.1894	0.4382	0.6831	0.5527	90.50	22.51	306.10
2026-06-22T15:11:51.4955589+08:00	0x01	0.2504	0.4533	-0.5460	0.6586	299.50	34.92	55.57
2026-06-22T15:11:51.4955589+08:00	0x04	-0.3668	0.0731	0.4328	-0.8203	295.02	328.73	32.58
2026-06-22T15:11:51.4955589+08:00	0x09	0.0772	0.0011	-0.0220	0.9968	357.47	359.93	8.85
2026-06-22T15:11:51.4955589+08:00	0x06	0.0054	0.0155	-0.4362	0.8997	308.28	1.33	1.33
2026-06-22T15:11:51.4955589+08:00	0x07	0.0071	-0.0332	-0.2977	0.9541	325.35	356.13	359.65
2026-06-22T15:11:51.4955589+08:00	0x03	-0.1890	0.4395	0.6827	0.5523	90.35	22.76	306.02
2026-06-22T15:11:51.4955589+08:00	0x01	0.2487	0.4528	-0.5466	0.6591	299.38	34.88	55.37
2026-06-22T15:11:51.4955589+08:00	0x08	0.0474	-0.0110	0.2334	0.9712	27.03	0.04	5.58
2026-06-22T15:11:51.4955589+08:00	0x09	0.0771	0.0011	-0.0220	0.9968	357.47	359.93	8.85
2026-06-22T15:11:51.4955589+08:00	0x07	0.0071	-0.0332	-0.2977	0.9541	325.35	356.13	359.65
2026-06-22T15:11:51.4955589+08:00	0x03	-0.1884	0.4404	0.6825	0.5520	90.27	22.94	305.98
2026-06-22T15:11:51.4955589+08:00	0x07	0.0071	-0.0332	-0.2977	0.9541	325.35	356.13	359.65
2026-06-22T15:11:51.4955589+08:00	0x08	0.0475	-0.0110	0.2334	0.9712	27.03	0.04	5.58
2026-06-22T15:11:51.4955589+08:00	0x04	-0.3615	0.0715	0.4312	-0.8236	295.71	329.47	32.26
2026-06-22T15:11:51.4955589+08:00	0x09	0.0772	0.0011	-0.0220	0.9968	357.47	359.93	8.85
2026-06-22T15:11:51.4955589+08:00	0x02	-0.0670	0.5393	-0.8242	0.1595	222.37	34.60	60.17
2026-06-22T15:11:51.4955589+08:00	0x06	0.0054	0.0155	-0.4362	0.8997	308.28	1.33	1.33
2026-06-22T15:11:51.4955589+08:00	0x03	-0.1900	0.4405	0.6827	0.5511	90.43	22.74	305.81
2026-06-22T15:11:51.4955589+08:00	0x01	0.2496	0.4533	-0.5468	0.6582	299.35	34.89	55.52
2026-06-22T15:11:51.4955589+08:00	0x07	0.0071	-0.0332	-0.2977	0.9541	325.35	356.13	359.64
2026-06-22T15:11:51.4955589+08:00	0x09	0.0772	0.0011	-0.0220	0.9968	357.47	359.93	8.85
2026-06-22T15:11:51.4955589+08:00	0x04	-0.3559	0.0690	0.4312	-0.8262	296.20	330.27	31.91
2026-06-22T15:11:51.4955589+08:00	0x02	-0.0681	0.5384	-0.8244	0.1609	222.58	34.78	59.97
2026-06-22T15:11:51.4955589+08:00	0x06	0.0054	0.0155	-0.4362	0.8997	308.28	1.33	1.33
2026-06-22T15:11:51.4955589+08:00	0x03	-0.1906	0.4402	0.6828	0.5510	90.51	22.61	305.78
2026-06-22T15:11:51.4955589+08:00	0x07	0.0071	-0.0332	-0.2977	0.9541	325.35	356.13	359.64
2026-06-22T15:11:51.4955589+08:00	0x01	0.2492	0.4541	-0.5464	0.6582	299.50	35.09	55.51
2026-06-22T15:11:51.4955589+08:00	0x04	-0.3518	0.0686	0.4323	-0.8275	296.38	330.66	31.52
2026-06-22T15:11:51.4955589+08:00	0x09	0.0772	0.0011	-0.0220	0.9968	357.47	359.93	8.85
2026-06-22T15:11:51.4955589+08:00	0x02	-0.0701	0.5355	-0.8260	0.1614	222.38	34.72	59.55
2026-06-22T15:11:51.4955589+08:00	0x06	0.0054	0.0155	-0.4362	0.8997	308.28	1.33	1.33
2026-06-22T15:11:51.4955589+08:00	0x01	0.2487	0.4564	-0.5459	0.6572	299.75	35.53	55.60
2026-06-22T15:11:51.4955589+08:00	0x03	-0.1885	0.4425	0.6829	0.5499	90.36	23.09	305.74
2026-06-22T15:11:51.4955589+08:00	0x04	-0.3603	0.0733	0.4316	-0.8237	295.71	329.38	32.02
2026-06-22T15:11:51.4955589+08:00	0x09	0.0772	0.0011	-0.0220	0.9968	357.47	359.93	8.85
2026-06-22T15:11:51.4955589+08:00	0x02	-0.0697	0.5353	-0.8262	0.1611	222.26	34.58	59.56
2026-06-22T15:11:51.4955589+08:00	0x06	0.0054	0.0155	-0.4362	0.8997	308.28	1.33	1.33
2026-06-22T15:11:51.4955589+08:00	0x03	-0.1893	0.4429	0.6816	0.5509	90.08	23.21	305.68
2026-06-22T15:11:51.4955589+08:00	0x01	0.2505	0.4547	-0.5461	0.6574	299.55	35.12	55.70
2026-06-22T15:11:51.4955589+08:00	0x04	-0.3580	0.0716	0.4310	-0.8252	296.01	329.81	31.94
2026-06-22T15:11:51.4955589+08:00	0x07	0.0071	-0.0331	-0.2977	0.9541	325.35	356.13	359.65
2026-06-22T15:11:51.4955589+08:00	0x06	0.0054	0.0155	-0.4362	0.8997	308.28	1.33	1.34
2026-06-22T15:11:51.4955589+08:00	0x03	-0.1892	0.4438	0.6812	0.5507	89.96	23.38	305.62
2026-06-22T15:11:51.4955589+08:00	0x07	0.0071	-0.0331	-0.2977	0.9541	325.35	356.13	359.65
2026-06-22T15:11:51.4955589+08:00	0x08	0.0474	-0.0110	0.2334	0.9712	27.03	0.04	5.58
2026-06-22T15:11:51.4955589+08:00	0x09	0.0772	0.0011	-0.0220	0.9968	357.47	359.93	8.85
2026-06-22T15:11:51.4955589+08:00	0x04	-0.3579	0.0719	0.4299	-0.8258	296.17	329.83	31.96
2026-06-22T15:11:51.4955589+08:00	0x02	-0.0674	0.5345	-0.8268	0.1619	222.08	34.14	59.54
2026-06-22T15:11:51.4955589+08:00	0x03	-0.1889	0.4437	0.6821	0.5497	90.19	23.28	305.61
2026-06-22T15:11:51.4955589+08:00	0x08	0.0474	-0.0110	0.2334	0.9712	27.03	0.05	5.58
2026-06-22T15:11:51.4955589+08:00	0x07	0.0071	-0.0331	-0.2977	0.9541	325.35	356.13	359.64
2026-06-22T15:11:51.4955589+08:00	0x09	0.0772	0.0011	-0.0220	0.9968	357.47	359.93	8.85
2026-06-22T15:11:51.4955589+08:00	0x02	-0.0715	0.5336	-0.8275	0.1593	221.83	34.45	59.35
2026-06-22T15:11:51.4955589+08:00	0x06	0.0054	0.0155	-0.4362	0.8997	308.28	1.33	1.34
2026-06-22T15:11:51.4955589+08:00	0x03	-0.1898	0.4416	0.6831	0.5498	90.52	22.82	305.70
2026-06-22T15:11:51.4955589+08:00	0x08	0.0474	-0.0110	0.2334	0.9712	27.03	0.05	5.58
2026-06-22T15:11:51.4955589+08:00	0x07	0.0071	-0.0331	-0.2977	0.9541	325.35	356.13	359.65
2026-06-22T15:11:51.4965977+08:00	0x09	0.0772	0.0011	-0.0220	0.9968	357.47	359.93	8.85
2026-06-22T15:11:51.4966025+08:00	0x04	-0.3458	0.0593	0.4322	-0.8307	297.02	332.19	31.55
2026-06-22T15:11:51.4966025+08:00	0x02	-0.0697	0.5381	-0.8250	0.1580	222.14	34.73	59.97
2026-06-22T15:11:51.4966025+08:00	0x03	-0.1898	0.4414	0.6841	0.5488	90.78	22.66	305.69
2026-06-22T15:11:51.4966025+08:00	0x07	0.0071	-0.0331	-0.2977	0.9541	325.35	356.13	359.65
2026-06-22T15:11:51.4966025+08:00	0x01	0.2520	0.4556	-0.5469	0.6557	299.42	35.10	55.96
2026-06-22T15:11:51.4966814+08:00	0x09	0.0772	0.0011	-0.0220	0.9968	357.47	359.93	8.85
2026-06-22T15:11:51.4966814+08:00	0x02	-0.0688	0.5372	-0.8256	0.1581	221.94	34.44	59.92
2026-06-22T15:11:51.4966814+08:00	0x06	0.0054	0.0155	-0.4362	0.8997	308.28	1.33	1.34
2026-06-22T15:11:51.4966814+08:00	0x03	-0.1907	0.4405	0.6830	0.5505	90.57	22.61	305.73
2026-06-22T15:11:51.4966814+08:00	0x07	0.0071	-0.0331	-0.2977	0.9541	325.35	356.13	359.65
2026-06-22T15:11:51.4966814+08:00	0x01	0.2511	0.4558	-0.5457	0.6569	299.70	35.31	55.82
2026-06-22T15:11:51.4966814+08:00	0x04	-0.3446	0.0596	0.4322	-0.8312	297.11	332.28	31.42
2026-06-22T15:11:51.4966814+08:00	0x02	-0.0689	0.5382	-0.8251	0.1574	221.99	34.56	60.05
2026-06-22T15:11:51.4966814+08:00	0x06	0.0054	0.0155	-0.4362	0.8997	308.28	1.33	1.34
2026-06-22T15:11:51.4966814+08:00	0x03	-0.1906	0.4394	0.6827	0.5518	90.47	22.54	305.87
2026-06-22T15:11:51.4966814+08:00	0x07	0.0071	-0.0331	-0.2977	0.9541	325.35	356.13	359.65
2026-06-22T15:11:51.4966814+08:00	0x09	0.0772	0.0011	-0.0220	0.9968	357.47	359.93	8.85
2026-06-22T15:11:51.4966814+08:00	0x04	-0.3543	0.0637	0.4342	-0.8258	296.01	330.87	32.00
2026-06-22T15:11:51.4966814+08:00	0x02	-0.0737	0.5381	-0.8250	0.1560	222.14	35.23	59.88
2026-06-22T15:11:51.4966814+08:00	0x01	0.2561	0.4560	-0.5466	0.6539	299.39	34.94	56.46
2026-06-22T15:11:51.4966814+08:00	0x03	-0.1908	0.4393	0.6824	0.5522	90.39	22.56	305.87
2026-06-22T15:11:51.4966814+08:00	0x07	0.0071	-0.0331	-0.2977	0.9541	325.35	356.13	359.65
2026-06-22T15:11:51.4966814+08:00	0x08	0.0474	-0.0110	0.2334	0.9712	27.03	0.04	5.58
2026-06-22T15:11:51.4966814+08:00	0x09	0.0772	0.0011	-0.0220	0.9968	357.47	359.93	8.85
2026-06-22T15:11:51.4966814+08:00	0x04	-0.3543	0.0616	0.4331	-0.8265	296.20	331.13	32.16
2026-06-22T15:11:51.4966814+08:00	0x02	-0.0715	0.5364	-0.8268	0.1536	221.23	34.33	59.88
2026-06-22T15:11:51.4966814+08:00	0x06	0.0054	0.0155	-0.4362	0.8997	308.28	1.33	1.33
2026-06-22T15:11:51.4966814+08:00	0x03	-0.1915	0.4382	0.6828	0.5523	90.57	22.29	305.91
2026-06-22T15:11:51.4966814+08:00	0x07	0.0071	-0.0331	-0.2977	0.9541	325.35	356.13	359.65
2026-06-22T15:11:51.4966814+08:00	0x08	0.0475	-0.0110	0.2334	0.9712	27.03	0.04	5.58
2026-06-22T15:11:51.4966814+08:00	0x09	0.0772	0.0011	-0.0220	0.9968	357.47	359.93	8.85
2026-06-22T15:11:51.4966814+08:00	0x04	-0.3570	0.0631	0.4321	-0.8258	296.11	330.76	32.34
2026-06-22T15:11:51.4966814+08:00	0x03	-0.1906	0.4395	0.6828	0.5516	90.51	22.53	305.86
2026-06-22T15:11:51.4966814+08:00	0x08	0.0474	-0.0110	0.2334	0.9712	27.03	0.04	5.58
2026-06-22T15:11:51.4966814+08:00	0x07	0.0071	-0.0331	-0.2977	0.9541	325.35	356.13	359.65
2026-06-22T15:11:51.4966814+08:00	0x09	0.0772	0.0011	-0.0220	0.9968	357.47	359.93	8.85
2026-06-22T15:11:51.4966814+08:00	0x04	-0.3598	0.0664	0.4300	-0.8254	296.11	330.22	32.46
2026-06-22T15:11:51.4966814+08:00	0x06	0.0054	0.0155	-0.4362	0.8997	308.28	1.33	1.34
2026-06-22T15:11:51.4966814+08:00	0x03	-0.1895	0.4397	0.6820	0.5529	90.19	22.81	305.98
2026-06-22T15:11:51.4966814+08:00	0x07	0.0071	-0.0331	-0.2977	0.9541	325.35	356.13	359.65
2026-06-22T15:11:51.4966814+08:00	0x01	0.2599	0.4547	-0.5471	0.6529	299.11	34.43	56.83
2026-06-22T15:11:51.4966814+08:00	0x08	0.0474	-0.0110	0.2334	0.9712	27.03	0.04	5.58
2026-06-22T15:11:51.4966814+08:00	0x04	-0.3587	0.0638	0.4286	-0.8267	296.44	330.65	32.58
2026-06-22T15:11:51.4966814+08:00	0x06	0.0054	0.0155	-0.4362	0.8997	308.28	1.33	1.33
2026-06-22T15:11:51.4966814+08:00	0x03	-0.1892	0.4396	0.6822	0.5528	90.22	22.81	306.00
2026-06-22T15:11:51.4966814+08:00	0x07	0.0071	-0.0331	-0.2977	0.9541	325.35	356.13	359.65
2026-06-22T15:11:51.4966814+08:00	0x08	0.0475	-0.0110	0.2334	0.9712	27.03	0.04	5.58
2026-06-22T15:11:51.4966814+08:00	0x09	0.0772	0.0011	-0.0220	0.9968	357.47	359.93	8.85
2026-06-22T15:11:51.4966814+08:00	0x02	-0.0734	0.5392	-0.8255	0.1497	221.13	34.73	60.26
2026-06-22T15:11:51.4966814+08:00	0x04	-0.3528	0.0598	0.4295	-0.8291	296.86	331.60	32.25
2026-06-22T15:11:51.4966814+08:00	0x06	0.0054	0.0155	-0.4362	0.8997	308.28	1.33	1.33
2026-06-22T15:11:51.4966814+08:00	0x03	-0.1905	0.4388	0.6819	0.5533	90.25	22.60	305.97
2026-06-22T15:11:51.4966814+08:00	0x07	0.0071	-0.0331	-0.2977	0.9541	325.35	356.13	359.65
2026-06-22T15:11:51.4966814+08:00	0x04	-0.3544	0.0592	0.4287	-0.8289	296.87	331.55	32.46
2026-06-22T15:11:51.4966814+08:00	0x02	-0.0687	0.5346	-0.8285	0.1518	220.37	33.40	59.89
2026-06-22T15:11:51.4966814+08:00	0x03	-0.1923	0.4375	0.6806	0.5554	90.03	22.43	305.99
2026-06-22T15:11:51.4966814+08:00	0x08	0.0475	-0.0110	0.2334	0.9712	27.03	0.04	5.58
2026-06-22T15:11:51.4966814+08:00	0x07	0.0071	-0.0331	-0.2977	0.9541	325.35	356.13	359.65
2026-06-22T15:11:51.4966814+08:00	0x04	-0.3616	0.0615	0.4298	-0.8251	296.09	330.57	32.94
2026-06-22T15:11:51.4966814+08:00	0x06	0.0054	0.0155	-0.4362	0.8997	308.28	1.33	1.33
2026-06-22T15:11:51.4966814+08:00	0x03	-0.1902	0.4371	0.6820	0.5547	90.24	22.46	306.18
2026-06-22T15:11:51.4966814+08:00	0x02	-0.0685	0.5388	-0.8263	0.1489	220.47	33.72	60.47
2026-06-22T15:11:51.4966814+08:00	0x07	0.0071	-0.0331	-0.2977	0.9541	325.35	356.13	359.65
2026-06-22T15:11:51.4966814+08:00	0x08	0.0475	-0.0110	0.2334	0.9712	27.03	0.04	5.58
2026-06-22T15:11:51.4976386+08:00	0x01	0.2621	0.4545	-0.5472	0.6521	299.01	34.24	57.07
2026-06-22T15:11:51.4976386+08:00	0x02	-0.0703	0.5407	-0.8250	0.1488	220.91	34.33	60.60
2026-06-22T15:11:51.4976386+08:00	0x03	-0.1890	0.4389	0.6825	0.5531	90.29	22.71	306.09
2026-06-22T15:11:51.4976386+08:00	0x06	0.0054	0.0155	-0.4362	0.8997	308.28	1.33	1.33
2026-06-22T15:11:51.4976386+08:00	0x07	0.0071	-0.0331	-0.2977	0.9541	325.35	356.13	359.65
2026-06-22T15:11:51.4976386+08:00	0x04	-0.3511	0.0563	0.4286	-0.8306	297.19	332.16	32.35
2026-06-22T15:11:51.4976386+08:00	0x02	-0.0735	0.5402	-0.8250	0.1489	221.16	34.84	60.39
2026-06-22T15:11:51.4976386+08:00	0x06	0.0054	0.0155	-0.4362	0.8997	308.28	1.33	1.33
2026-06-22T15:11:51.4976386+08:00	0x03	-0.1898	0.4374	0.6820	0.5545	90.23	22.53	306.18
2026-06-22T15:11:51.4976386+08:00	0x08	0.0475	-0.0110	0.2334	0.9712	27.03	0.05	5.58
2026-06-22T15:11:51.4976386+08:00	0x07	0.0071	-0.0331	-0.2977	0.9541	325.35	356.13	359.65
2026-06-22T15:11:51.4976386+08:00	0x09	0.0772	0.0011	-0.0220	0.9968	357.47	359.93	8.85
2026-06-22T15:11:51.4976386+08:00	0x04	-0.3464	0.0550	0.4286	-0.8326	297.57	332.74	31.98
2026-06-22T15:11:51.4976386+08:00	0x03	-0.1906	0.4368	0.6823	0.5544	90.37	22.33	306.16
2026-06-22T15:11:51.4976386+08:00	0x08	0.0475	-0.0110	0.2334	0.9712	27.03	0.05	5.58
2026-06-22T15:11:51.4976386+08:00	0x07	0.0071	-0.0331	-0.2977	0.9541	325.35	356.13	359.65
2026-06-22T15:11:51.4976386+08:00	0x01	0.2638	0.4561	-0.5458	0.6516	299.39	34.56	57.30
2026-06-22T15:11:51.4976386+08:00	0x02	-0.0746	0.5394	-0.8255	0.1486	221.07	34.86	60.26
2026-06-22T15:11:51.4976386+08:00	0x03	-0.1907	0.4363	0.6824	0.5547	90.38	22.27	306.20
2026-06-22T15:11:51.4976386+08:00	0x08	0.0475	-0.0110	0.2334	0.9712	27.03	0.04	5.58
2026-06-22T15:11:51.4976386+08:00	0x09	0.0771	0.0011	-0.0220	0.9968	357.47	359.93	8.85
2026-06-22T15:11:51.4976386+08:00	0x01	0.2611	0.4518	-0.5447	0.6565	299.43	34.15	56.62
2026-06-22T15:11:51.4976386+08:00	0x02	-0.0685	0.5409	-0.8254	0.1467	220.38	33.82	60.79
2026-06-22T15:11:51.4976386+08:00	0x04	-0.3491	0.0525	0.4305	-0.8307	297.15	332.68	32.33
2026-06-22T15:11:51.4976386+08:00	0x03	-0.1927	0.4344	0.6813	0.5568	90.26	21.96	306.25
2026-06-22T15:11:51.4976386+08:00	0x09	0.0772	0.0011	-0.0220	0.9968	357.47	359.93	8.85
2026-06-22T15:11:51.4976386+08:00	0x08	0.0474	-0.0110	0.2334	0.9712	27.03	0.04	5.58
2026-06-22T15:11:51.4976386+08:00	0x04	-0.3491	0.0521	0.4301	-0.8309	297.21	332.74	32.36
2026-06-22T15:11:51.4976386+08:00	0x03	-0.1905	0.4367	0.6818	0.5551	90.22	22.40	306.20
2026-06-22T15:11:51.4976386+08:00	0x06	0.0054	0.0155	-0.4362	0.8997	308.28	1.33	1.34
2026-06-22T15:11:51.4976386+08:00	0x07	0.0071	-0.0331	-0.2977	0.9541	325.35	356.13	359.65
2026-06-22T15:11:51.4976386+08:00	0x01	0.2644	0.4502	-0.5461	0.6552	298.92	33.50	56.94
2026-06-22T15:11:51.4976386+08:00	0x04	-0.3538	0.0562	0.4271	-0.8302	297.19	331.98	32.64
2026-06-22T15:11:51.4976386+08:00	0x03	-0.1920	0.4364	0.6816	0.5550	90.29	22.22	306.09
2026-06-22T15:11:51.4976386+08:00	0x06	0.0054	0.0155	-0.4362	0.8997	308.28	1.33	1.34
2026-06-22T15:11:51.4976386+08:00	0x08	0.0474	-0.0110	0.2334	0.9712	27.03	0.04	5.58
2026-06-22T15:11:51.4976386+08:00	0x07	0.0071	-0.0331	-0.2977	0.9541	325.35	356.14	359.64
2026-06-22T15:11:51.4976386+08:00	0x09	0.0772	0.0011	-0.0220	0.9968	357.47	359.93	8.85
2026-06-22T15:11:51.4976386+08:00	0x04	-0.3569	0.0588	0.4277	-0.8284	296.81	331.39	32.75
2026-06-22T15:11:51.4976386+08:00	0x02	-0.0760	0.5350	-0.8280	0.1498	220.71	34.52	59.67
2026-06-22T15:11:51.4976386+08:00	0x09	0.0772	0.0011	-0.0220	0.9968	357.47	359.93	8.85
2026-06-22T15:11:51.4976386+08:00	0x08	0.0475	-0.0110	0.2334	0.9712	27.03	0.05	5.58
2026-06-22T15:11:51.4976386+08:00	0x04	-0.3565	0.0580	0.4274	-0.8288	296.91	331.53	32.77
2026-06-22T15:11:51.4976386+08:00	0x02	-0.0806	0.5388	-0.8249	0.1506	221.88	36.00	59.85
2026-06-22T15:11:51.4976386+08:00	0x06	0.0054	0.0155	-0.4362	0.8997	308.28	1.33	1.33
2026-06-22T15:11:51.4976386+08:00	0x03	-0.1927	0.4345	0.6816	0.5563	90.33	21.94	306.23
2026-06-22T15:11:51.4976386+08:00	0x07	0.0071	-0.0331	-0.2977	0.9541	325.35	356.14	359.64
2026-06-22T15:11:51.4976386+08:00	0x01	0.2654	0.4589	-0.5423	0.6518	300.32	35.33	57.54
2026-06-22T15:11:51.4976386+08:00	0x02	-0.0827	0.5307	-0.8301	0.1499	220.68	35.02	58.89
2026-06-22T15:11:51.4976386+08:00	0x03	-0.1934	0.4332	0.6812	0.5576	90.28	21.77	306.31
2026-06-22T15:11:51.4976386+08:00	0x08	0.0475	-0.0110	0.2334	0.9712	27.03	0.05	5.58
2026-06-22T15:11:51.4976386+08:00	0x09	0.0772	0.0011	-0.0220	0.9968	357.47	359.93	8.85
2026-06-22T15:11:51.4976386+08:00	0x07	0.0071	-0.0331	-0.2977	0.9541	325.35	356.14	359.64
2026-06-22T15:11:51.4976386+08:00	0x01	0.2670	0.4628	-0.5412	0.6493	300.81	36.03	57.96
2026-06-22T15:11:51.4976386+08:00	0x04	-0.3578	0.0585	0.4267	-0.8285	296.89	331.37	32.88
2026-06-22T15:11:51.4976386+08:00	0x06	0.0054	0.0155	-0.4362	0.8997	308.28	1.33	1.33
2026-06-22T15:11:51.4976386+08:00	0x03	-0.1925	0.4348	0.6809	0.5570	90.13	22.09	306.24
2026-06-22T15:11:51.4976386+08:00	0x09	0.0772	0.0011	-0.0220	0.9968	357.47	359.93	8.85
2026-06-22T15:11:51.4976386+08:00	0x01	0.2637	0.4619	-0.5417	0.6510	300.70	36.01	57.52
2026-06-22T15:11:51.4976386+08:00	0x04	-0.3560	0.0597	0.4267	-0.8292	297.00	331.41	32.65
2026-06-22T15:11:51.4976386+08:00	0x03	-0.1921	0.4363	0.6810	0.5558	90.13	22.27	306.11
2026-06-22T15:11:51.4976386+08:00	0x09	0.0772	0.0011	-0.0220	0.9968	357.47	359.93	8.85
2026-06-22T15:11:51.4986388+08:00	0x07	0.0071	-0.0331	-0.2977	0.9541	325.35	356.13	359.65
2026-06-22T15:11:51.4986388+08:00	0x01	0.2634	0.4592	-0.5435	0.6514	300.13	35.38	57.39
2026-06-22T15:11:51.4986388+08:00	0x04	-0.3572	0.0602	0.4279	-0.8281	296.73	331.21	32.69
2026-06-22T15:11:51.4986388+08:00	0x06	0.0054	0.0155	-0.4362	0.8997	308.28	1.33	1.33
2026-06-22T15:11:51.4986388+08:00	0x02	-0.0765	0.5360	-0.8273	0.1500	220.95	34.78	59.75
2026-06-22T15:11:51.4986388+08:00	0x08	0.0475	-0.0110	0.2334	0.9712	27.03	0.05	5.58
2026-06-22T15:11:51.4986388+08:00	0x09	0.0772	0.0011	-0.0220	0.9968	357.47	359.93	8.85
2026-06-22T15:11:51.4986388+08:00	0x07	0.0071	-0.0331	-0.2977	0.9541	325.35	356.13	359.65
2026-06-22T15:11:51.4986388+08:00	0x04	-0.3562	0.0613	0.4266	-0.8291	296.98	331.24	32.57
2026-06-22T15:11:51.4986388+08:00	0x02	-0.0773	0.5354	-0.8276	0.1502	220.97	34.84	59.64
2026-06-22T15:11:51.4986388+08:00	0x06	0.0054	0.0155	-0.4362	0.8997	308.28	1.33	1.33
2026-06-22T15:11:51.4986388+08:00	0x03	-0.1901	0.4390	0.6819	0.5533	90.22	22.67	305.99
2026-06-22T15:11:51.4986388+08:00	0x07	0.0071	-0.0331	-0.2977	0.9541	325.35	356.13	359.65
2026-06-22T15:11:51.4986388+08:00	0x09	0.0772	0.0010	-0.0220	0.9968	357.47	359.92	8.85
2026-06-22T15:11:51.4986388+08:00	0x04	-0.3559	0.0613	0.4265	-0.8292	297.01	331.26	32.55
2026-06-22T15:11:51.4986388+08:00	0x01	0.2634	0.4585	-0.5449	0.6508	299.77	35.09	57.40
2026-06-22T15:11:51.4986388+08:00	0x02	-0.0795	0.5334	-0.8284	0.1515	221.08	35.03	59.27
2026-06-22T15:11:51.4986388+08:00	0x03	-0.1908	0.4374	0.6815	0.5548	90.16	22.48	306.11
2026-06-22T15:11:51.4986388+08:00	0x06	0.0054	0.0155	-0.4362	0.8997	308.28	1.33	1.33
2026-06-22T15:11:51.4986388+08:00	0x08	0.0474	-0.0110	0.2334	0.9712	27.03	0.05	5.58
2026-06-22T15:11:51.4986388+08:00	0x09	0.0772	0.0010	-0.0220	0.9968	357.47	359.92	8.85
2026-06-22T15:11:51.4986388+08:00	0x04	-0.3579	0.0608	0.4265	-0.8284	296.86	331.13	32.76
2026-06-22T15:11:51.4986388+08:00	0x02	-0.0831	0.5344	-0.8279	0.1484	221.01	35.52	59.35
2026-06-22T15:11:51.4986388+08:00	0x03	-0.1913	0.4358	0.6828	0.5544	90.54	22.08	306.18
2026-06-22T15:11:51.4986388+08:00	0x06	0.0054	0.0155	-0.4362	0.8997	308.28	1.33	1.33
2026-06-22T15:11:51.4986388+08:00	0x07	0.0071	-0.0332	-0.2977	0.9541	325.35	356.13	359.65
2026-06-22T15:11:51.4986388+08:00	0x08	0.0475	-0.0110	0.2334	0.9712	27.03	0.05	5.58
2026-06-22T15:11:51.4986388+08:00	0x01	0.2624	0.4563	-0.5457	0.6520	299.46	34.69	57.16
2026-06-22T15:11:51.4986388+08:00	0x04	-0.3592	0.0595	0.4259	-0.8283	296.88	331.17	32.99
2026-06-22T15:11:51.4986388+08:00	0x02	-0.0711	0.5337	-0.8296	0.1482	219.78	33.30	59.81
2026-06-22T15:11:51.4986388+08:00	0x06	0.0054	0.0155	-0.4362	0.8997	308.28	1.33	1.33
2026-06-22T15:11:51.4986388+08:00	0x03	-0.1910	0.4374	0.6824	0.5536	90.43	22.33	306.05
2026-06-22T15:11:51.4986388+08:00	0x07	0.0071	-0.0332	-0.2977	0.9541	325.35	356.13	359.65
2026-06-22T15:11:51.4986388+08:00	0x09	0.0772	0.0011	-0.0220	0.9968	357.47	359.93	8.85
2026-06-22T15:11:51.4986388+08:00	0x01	0.2532	0.4524	-0.5487	0.6559	298.80	34.31	55.95
2026-06-22T15:11:51.4986388+08:00	0x02	-0.0489	0.5111	-0.8471	0.1369	212.65	25.24	58.49
2026-06-22T15:11:51.4986388+08:00	0x06	0.0054	0.0155	-0.4362	0.8997	308.28	1.33	1.33
2026-06-22T15:11:51.4986388+08:00	0x03	-0.1935	0.4359	0.6806	0.5561	90.14	22.11	306.04
2026-06-22T15:11:51.4986388+08:00	0x07	0.0071	-0.0332	-0.2977	0.9541	325.35	356.13	359.65
2026-06-22T15:11:51.4986388+08:00	0x09	0.0772	0.0011	-0.0220	0.9968	357.47	359.93	8.85
2026-06-22T15:11:51.4986388+08:00	0x01	0.2515	0.4413	-0.5642	0.6509	294.80	30.99	55.63
2026-06-22T15:11:51.4986388+08:00	0x06	0.0054	0.0155	-0.4362	0.8997	308.28	1.33	1.33
2026-06-22T15:11:51.4986388+08:00	0x03	-0.1937	0.4357	0.6795	0.5576	89.86	22.20	306.08
2026-06-22T15:11:51.4986388+08:00	0x09	0.0772	0.0011	-0.0220	0.9968	357.47	359.93	8.85
2026-06-22T15:11:51.4986388+08:00	0x04	-0.3775	0.0740	0.4243	-0.8197	295.28	327.90	33.78
2026-06-22T15:11:51.4986388+08:00	0x02	-0.0273	0.4774	-0.8730	0.0964	200.29	14.44	55.91
2026-06-22T15:11:51.4986388+08:00	0x06	0.0054	0.0155	-0.4362	0.8997	308.28	1.33	1.33
2026-06-22T15:11:51.4986388+08:00	0x03	-0.1889	0.4476	0.6820	0.5466	90.18	23.69	305.20
2026-06-22T15:11:51.4986388+08:00	0x07	0.0071	-0.0332	-0.2977	0.9541	325.35	356.13	359.65
2026-06-22T15:11:51.4986388+08:00	0x08	0.0474	-0.0110	0.2334	0.9712	27.03	0.04	5.58
2026-06-22T15:11:51.4986388+08:00	0x02	-0.0180	0.4893	-0.8718	-0.0100	180.02	2.38	58.61
2026-06-22T15:11:51.4986388+08:00	0x01	0.2049	0.4880	-0.7142	0.4580	257.08	19.34	62.23
2026-06-22T15:11:51.4986388+08:00	0x06	0.0054	0.0155	-0.4362	0.8997	308.28	1.33	1.33
2026-06-22T15:11:51.4986388+08:00	0x09	0.0772	0.0011	-0.0220	0.9968	357.47	359.93	8.85
2026-06-22T15:11:51.4986388+08:00	0x01	0.2474	0.5279	-0.7173	0.3816	242.11	8.50	71.11
2026-06-22T15:11:51.4986388+08:00	0x04	-0.3664	0.0737	0.4301	-0.8218	295.41	328.81	32.61
2026-06-22T15:11:51.4986388+08:00	0x02	-0.0295	0.5778	-0.8136	0.0573	201.35	19.07	69.53
2026-06-22T15:11:51.4986388+08:00	0x06	0.0054	0.0155	-0.4362	0.8997	308.28	1.33	1.33
2026-06-22T15:11:51.4986388+08:00	0x03	-0.1907	0.4465	0.6693	0.5624	86.91	25.04	305.69
2026-06-22T15:11:51.4986388+08:00	0x09	0.0772	0.0011	-0.0220	0.9968	357.47	359.93	8.85
2026-06-22T15:11:51.4986388+08:00	0x08	0.0474	-0.0110	0.2334	0.9712	27.03	0.04	5.58
2026-06-22T15:11:51.4986388+08:00	0x07	0.0071	-0.0332	-0.2977	0.9541	325.35	356.13	359.65
2026-06-22T15:11:51.4996339+08:00	0x04	-0.3392	0.0685	0.4342	-0.8317	297.07	331.75	30.31
2026-06-22T15:11:51.4996339+08:00	0x06	0.0054	0.0155	-0.4362	0.8997	308.28	1.33	1.33
2026-06-22T15:11:51.4996339+08:00	0x03	-0.1909	0.4444	0.6646	0.5696	85.73	25.39	306.08
2026-06-22T15:11:51.4996339+08:00	0x02	-0.0220	0.5865	-0.8090	0.0310	193.76	13.02	71.39
2026-06-22T15:11:51.4996339+08:00	0x08	0.0474	-0.0110	0.2334	0.9712	27.03	0.04	5.58
2026-06-22T15:11:51.4996339+08:00	0x07	0.0071	-0.0331	-0.2977	0.9541	325.35	356.13	359.65
2026-06-22T15:11:51.4996339+08:00	0x09	0.0772	0.0011	-0.0220	0.9968	357.47	359.93	8.86
2026-06-22T15:11:51.4996339+08:00	0x01	0.2969	0.4901	-0.7374	0.3577	221.88	345.75	69.26
2026-06-22T15:11:51.4996339+08:00	0x04	-0.3337	0.0716	0.4322	-0.8347	297.68	331.99	29.68
2026-06-22T15:11:51.4996339+08:00	0x06	0.0054	0.0155	-0.4362	0.8997	308.28	1.33	1.33
2026-06-22T15:11:51.4996339+08:00	0x03	-0.1875	0.4476	0.6632	0.5697	85.15	26.29	306.15
2026-06-22T15:11:51.4996339+08:00	0x08	0.0474	-0.0110	0.2334	0.9712	27.03	0.04	5.58
2026-06-22T15:11:51.4996339+08:00	0x07	0.0071	-0.0331	-0.2977	0.9541	325.35	356.13	359.65
2026-06-22T15:11:51.4996339+08:00	0x04	-0.3350	0.0739	0.4304	-0.8349	297.81	331.70	29.71
2026-06-22T15:11:51.4996339+08:00	0x09	0.0772	0.0011	-0.0220	0.9968	357.47	359.93	8.85
2026-06-22T15:11:51.4996339+08:00	0x02	-0.0232	0.6001	-0.7992	0.0239	193.34	13.28	73.37
2026-06-22T15:11:51.4996339+08:00	0x06	0.0054	0.0155	-0.4362	0.8997	308.28	1.33	1.33
2026-06-22T15:11:51.4996339+08:00	0x03	-0.1847	0.4486	0.6633	0.5698	84.99	26.70	306.33
2026-06-22T15:11:51.4996339+08:00	0x08	0.0474	-0.0110	0.2334	0.9712	27.03	0.05	5.58
2026-06-22T15:11:51.4996339+08:00	0x07	0.0071	-0.0331	-0.2977	0.9541	325.35	356.13	359.65
2026-06-22T15:11:51.4996339+08:00	0x09	0.0772	0.0011	-0.0220	0.9968	357.47	359.93	8.85
2026-06-22T15:11:51.4996339+08:00	0x01	0.3084	0.4845	-0.7464	0.3364	213.74	338.45	68.53
2026-06-22T15:11:51.4996339+08:00	0x02	-0.0229	0.5979	-0.8009	0.0236	192.95	12.89	73.07
2026-06-22T15:11:51.4996339+08:00	0x03	-0.1854	0.4467	0.6648	0.5693	85.43	26.22	306.39
2026-06-22T15:11:51.4996339+08:00	0x06	0.0054	0.0155	-0.4362	0.8997	308.28	1.33	1.33
2026-06-22T15:11:51.4996339+08:00	0x07	0.0071	-0.0331	-0.2977	0.9541	325.35	356.13	359.65
2026-06-22T15:11:51.4996339+08:00	0x04	-0.3263	0.0642	0.4270	-0.8409	299.07	333.60	29.60
2026-06-22T15:11:51.4996339+08:00	0x01	0.3123	0.4827	-0.7486	0.3303	211.45	336.33	68.28
2026-06-22T15:11:51.4996339+08:00	0x06	0.0054	0.0155	-0.4362	0.8997	308.28	1.33	1.33
2026-06-22T15:11:51.4996339+08:00	0x08	0.0475	-0.0110	0.2334	0.9712	27.03	0.05	5.58
2026-06-22T15:11:51.4996339+08:00	0x07	0.0071	-0.0331	-0.2977	0.9541	325.35	356.13	359.65
2026-06-22T15:11:51.4996339+08:00	0x04	-0.3201	0.0623	0.4255	-0.8442	299.73	334.39	29.17
2026-06-22T15:11:51.4996339+08:00	0x09	0.0772	0.0011	-0.0220	0.9968	357.47	359.93	8.85
2026-06-22T15:11:51.4996339+08:00	0x02	-0.0242	0.5974	-0.8013	0.0216	192.55	12.76	73.00
2026-06-22T15:11:51.4996339+08:00	0x06	0.0054	0.0155	-0.4362	0.8997	308.28	1.33	1.33
2026-06-22T15:11:51.4996339+08:00	0x03	-0.1852	0.4471	0.6633	0.5708	85.04	26.47	306.43
2026-06-22T15:11:51.4996339+08:00	0x08	0.0475	-0.0110	0.2334	0.9712	27.03	0.05	5.58
2026-06-22T15:11:51.4996339+08:00	0x09	0.0772	0.0011	-0.0220	0.9968	357.47	359.93	8.85
2026-06-22T15:11:51.4996339+08:00	0x01	0.3177	0.4889	-0.7439	0.3266	209.60	334.41	69.21
2026-06-22T15:11:51.4996339+08:00	0x04	-0.3301	0.0652	0.4283	-0.8386	298.60	333.12	29.86
2026-06-22T15:11:51.4996339+08:00	0x02	-0.0154	0.5782	-0.8153	0.0272	190.68	9.71	70.38
2026-06-22T15:11:51.4996339+08:00	0x06	0.0054	0.0155	-0.4362	0.8997	308.28	1.33	1.33
2026-06-22T15:11:51.4996339+08:00	0x08	0.0475	-0.0110	0.2334	0.9712	27.03	0.05	5.58
2026-06-22T15:11:51.4996339+08:00	0x03	-0.1846	0.4487	0.6641	0.5688	85.18	26.63	306.30
2026-06-22T15:11:51.4996339+08:00	0x07	0.0071	-0.0331	-0.2977	0.9541	325.35	356.13	359.65
2026-06-22T15:11:51.4996339+08:00	0x09	0.0772	0.0011	-0.0220	0.9968	357.47	359.93	8.85
2026-06-22T15:11:51.4996339+08:00	0x02	-0.0051	0.5667	-0.8233	0.0296	188.71	6.68	68.90
2026-06-22T15:11:51.4996339+08:00	0x04	-0.3263	0.0602	0.4231	-0.8431	299.68	334.16	29.95
2026-06-22T15:11:51.4996339+08:00	0x06	0.0054	0.0155	-0.4362	0.8997	308.28	1.33	1.33
2026-06-22T15:11:51.4996339+08:00	0x03	-0.1838	0.4508	0.6649	0.5665	85.30	26.86	306.13
2026-06-22T15:11:51.4996339+08:00	0x08	0.0475	-0.0110	0.2334	0.9712	27.03	0.05	5.58
2026-06-22T15:11:51.4996339+08:00	0x09	0.0772	0.0011	-0.0220	0.9968	357.47	359.93	8.85
2026-06-22T15:11:51.4996339+08:00	0x01	0.3157	0.4835	-0.7510	0.3203	208.25	333.74	68.20
2026-06-22T15:11:51.4996339+08:00	0x02	0.0190	0.5186	-0.8548	-0.0065	176.20	355.16	62.41
2026-06-22T15:11:51.4996339+08:00	0x06	0.0054	0.0155	-0.4362	0.8997	308.28	1.33	1.33
2026-06-22T15:11:51.4996339+08:00	0x03	-0.1862	0.4511	0.6642	0.5663	85.27	26.71	305.89
2026-06-22T15:11:51.4996339+08:00	0x08	0.0475	-0.0110	0.2334	0.9712	27.03	0.05	5.58
2026-06-22T15:11:51.4996339+08:00	0x09	0.0772	0.0011	-0.0220	0.9968	357.47	359.93	8.85
2026-06-22T15:11:51.4996339+08:00	0x01	0.3277	0.4519	-0.7751	0.2960	201.34	327.44	63.45
2026-06-22T15:11:51.4996339+08:00	0x02	0.0974	0.4462	-0.8867	-0.0718	160.09	337.89	51.02
2026-06-22T15:11:51.4996339+08:00	0x06	0.0054	0.0155	-0.4362	0.8997	308.28	1.33	1.33
2026-06-22T15:11:51.5006177+08:00	0x03	-0.1851	0.4535	0.6636	0.5655	85.01	27.20	305.79
2026-06-22T15:11:51.5006177+08:00	0x09	0.0772	0.0011	-0.0220	0.9968	357.47	359.93	8.85
2026-06-22T15:11:51.5006177+08:00	0x07	0.0071	-0.0331	-0.2977	0.9541	325.35	356.13	359.65
2026-06-22T15:11:51.5006177+08:00	0x04	-0.3375	0.0704	0.4176	-0.8407	299.45	332.30	30.58
2026-06-22T15:11:51.5006177+08:00	0x06	0.0054	0.0155	-0.4362	0.8997	308.28	1.33	1.34
2026-06-22T15:11:51.5006177+08:00	0x03	-0.1816	0.4595	0.6646	0.5606	84.98	28.15	305.48
2026-06-22T15:11:51.5006177+08:00	0x08	0.0474	-0.0110	0.2334	0.9712	27.03	0.05	5.58
2026-06-22T15:11:51.5006177+08:00	0x07	0.0071	-0.0331	-0.2977	0.9541	325.35	356.13	359.64
2026-06-22T15:11:51.5006177+08:00	0x09	0.0772	0.0011	-0.0220	0.9968	357.47	359.93	8.85
2026-06-22T15:11:51.5006177+08:00	0x02	0.1250	0.3830	-0.9125	-0.0710	162.07	337.30	42.94
2026-06-22T15:11:51.5006177+08:00	0x06	0.0054	0.0155	-0.4362	0.8997	308.28	1.33	1.33
2026-06-22T15:11:51.5006177+08:00	0x08	0.0474	-0.0110	0.2334	0.9712	27.03	0.05	5.58
2026-06-22T15:11:51.5006177+08:00	0x03	-0.1788	0.4614	0.6668	0.5573	85.37	28.39	305.46
2026-06-22T15:11:51.5006177+08:00	0x07	0.0071	-0.0331	-0.2977	0.9541	325.35	356.13	359.65
2026-06-22T15:11:51.5006177+08:00	0x01	0.3506	0.4244	-0.7846	0.2852	197.45	321.97	60.00
2026-06-22T15:11:51.5006177+08:00	0x02	0.1243	0.3782	-0.9149	-0.0673	162.87	337.82	42.48
2026-06-22T15:11:51.5006177+08:00	0x06	0.0054	0.0155	-0.4362	0.8997	308.28	1.33	1.33
2026-06-22T15:11:51.5006177+08:00	0x03	-0.1752	0.4625	0.6713	0.5521	86.31	28.33	305.48
2026-06-22T15:11:51.5006177+08:00	0x09	0.0772	0.0011	-0.0220	0.9968	357.47	359.93	8.85
2026-06-22T15:11:51.5006177+08:00	0x01	0.3506	0.4260	-0.7846	0.2829	196.94	321.69	60.09
2026-06-22T15:11:51.5006177+08:00	0x04	-0.3405	0.0634	0.4203	-0.8386	299.00	332.68	31.19
2026-06-22T15:11:51.5006177+08:00	0x02	0.1198	0.3801	-0.9148	-0.0656	163.27	338.48	42.83
2026-06-22T15:11:51.5006177+08:00	0x06	0.0054	0.0155	-0.4362	0.8997	308.28	1.33	1.33
2026-06-22T15:11:51.5006177+08:00	0x03	-0.1762	0.4593	0.6724	0.5531	86.69	27.71	305.66
2026-06-22T15:11:51.5006177+08:00	0x07	0.0071	-0.0331	-0.2977	0.9541	325.35	356.13	359.65
2026-06-22T15:11:51.5006177+08:00	0x02	0.1180	0.3817	-0.9145	-0.0636	163.59	338.77	43.09
2026-06-22T15:11:51.5006177+08:00	0x08	0.0475	-0.0110	0.2334	0.9712	27.03	0.04	5.58
2026-06-22T15:11:51.5006177+08:00	0x03	-0.1778	0.4617	0.6718	0.5512	86.61	27.89	305.27
2026-06-22T15:11:51.5006177+08:00	0x04	-0.3272	0.0609	0.4186	-0.8450	300.23	334.18	30.13
2026-06-22T15:11:51.5006177+08:00	0x09	0.0772	0.0011	-0.0220	0.9968	357.47	359.93	8.85
2026-06-22T15:11:51.5006177+08:00	0x01	0.3551	0.4214	-0.7851	0.2826	196.60	320.88	59.59
2026-06-22T15:11:51.5006177+08:00	0x02	0.1178	0.3845	-0.9135	-0.0624	163.63	338.74	43.45
2026-06-22T15:11:51.5006177+08:00	0x06	0.0054	0.0155	-0.4362	0.8997	308.28	1.33	1.33
2026-06-22T15:11:51.5006177+08:00	0x03	-0.1777	0.4620	0.6692	0.5542	85.91	28.28	305.38
2026-06-22T15:11:51.5006177+08:00	0x02	0.1193	0.3866	-0.9124	-0.0613	163.60	338.49	43.71
2026-06-22T15:11:51.5006177+08:00	0x06	0.0054	0.0155	-0.4362	0.8997	308.28	1.33	1.33
2026-06-22T15:11:51.5006177+08:00	0x08	0.0475	-0.0110	0.2334	0.9712	27.03	0.04	5.58
2026-06-22T15:11:51.5006177+08:00	0x09	0.0772	0.0011	-0.0220	0.9968	357.47	359.93	8.85
2026-06-22T15:11:51.5006177+08:00	0x03	-0.1765	0.4637	0.6680	0.5547	85.51	28.76	305.39
2026-06-22T15:11:51.5006177+08:00	0x02	0.1243	0.3854	-0.9124	-0.0592	163.68	337.93	43.51
2026-06-22T15:11:51.5006177+08:00	0x06	0.0054	0.0155	-0.4362	0.8997	308.28	1.33	1.33
2026-06-22T15:11:51.5006177+08:00	0x08	0.0475	-0.0110	0.2334	0.9712	27.03	0.05	5.58
2026-06-22T15:11:51.5006177+08:00	0x03	-0.1759	0.4646	0.6671	0.5552	85.23	29.05	305.40
2026-06-22T15:11:51.5006177+08:00	0x07	0.0071	-0.0332	-0.2977	0.9541	325.35	356.13	359.65
2026-06-22T15:11:51.5006177+08:00	0x02	0.0593	0.4878	-0.8706	0.0230	178.04	351.11	58.45
2026-06-22T15:11:51.5006177+08:00	0x06	0.0054	0.0155	-0.4362	0.8997	308.28	1.33	1.33
2026-06-22T15:11:51.5006177+08:00	0x08	0.0475	-0.0110	0.2334	0.9712	27.03	0.05	5.58
2026-06-22T15:11:51.5006177+08:00	0x04	-0.3568	0.0806	0.4108	-0.8351	298.74	329.71	31.98
2026-06-22T15:11:51.5006177+08:00	0x09	0.0771	0.0011	-0.0220	0.9968	357.47	359.93	8.85
2026-06-22T15:11:51.5006177+08:00	0x07	0.0071	-0.0332	-0.2977	0.9541	325.35	356.13	359.65
2026-06-22T15:11:51.5006177+08:00	0x02	0.1169	0.3727	-0.9206	-0.0014	172.91	342.71	43.30
2026-06-22T15:11:51.5006177+08:00	0x06	0.0054	0.0155	-0.4362	0.8997	308.28	1.33	1.33
2026-06-22T15:11:51.5006177+08:00	0x08	0.0475	-0.0110	0.2334	0.9712	27.03	0.05	5.58
2026-06-22T15:11:51.5015869+08:00	0x04	-0.3696	0.0652	0.4324	-0.8199	294.99	329.30	33.34
2026-06-22T15:11:51.5015869+08:00	0x03	-0.1695	0.4714	0.6799	0.5355	88.19	28.86	304.66
2026-06-22T15:11:51.5015869+08:00	0x09	0.0771	0.0011	-0.0220	0.9968	357.47	359.93	8.85
2026-06-22T15:11:51.5015869+08:00	0x01	0.2932	0.4362	-0.7899	0.3159	210.09	337.26	60.98
2026-06-22T15:11:51.5015869+08:00	0x06	0.0054	0.0155	-0.4362	0.8997	308.28	1.33	1.33
2026-06-22T15:11:51.5015869+08:00	0x08	0.0475	-0.0110	0.2334	0.9712	27.03	0.05	5.58
2026-06-22T15:11:51.5015869+08:00	0x04	-0.3406	0.0199	0.4586	-0.8205	294.39	335.78	32.73
2026-06-22T15:11:51.5015869+08:00	0x09	0.0772	0.0011	-0.0220	0.9968	357.47	359.93	8.85
2026-06-22T15:11:51.5015869+08:00	0x01	0.3053	0.5154	-0.7585	0.2567	192.50	324.89	69.81
2026-06-22T15:11:51.5015869+08:00	0x06	0.0054	0.0155	-0.4362	0.8997	308.28	1.33	1.33
2026-06-22T15:11:51.5015869+08:00	0x08	0.0475	-0.0110	0.2334	0.9712	27.03	0.05	5.58
2026-06-22T15:11:51.5015869+08:00	0x03	-0.1825	0.4197	0.6874	0.5639	91.08	20.95	308.47
2026-06-22T15:11:51.5015869+08:00	0x07	0.0071	-0.0332	-0.2977	0.9541	325.35	356.13	359.65
2026-06-22T15:11:51.5015869+08:00	0x01	0.3215	0.4922	-0.7627	0.2696	194.35	323.90	67.54
2026-06-22T15:11:51.5015869+08:00	0x06	0.0054	0.0155	-0.4362	0.8997	308.28	1.33	1.33
2026-06-22T15:11:51.5015869+08:00	0x08	0.0475	-0.0110	0.2334	0.9712	27.03	0.05	5.58
2026-06-22T15:11:51.5015869+08:00	0x04	-0.3485	0.0370	0.4269	-0.8336	298.03	334.54	33.33
2026-06-22T15:11:51.5015869+08:00	0x07	0.0071	-0.0332	-0.2977	0.9541	325.35	356.13	359.65
2026-06-22T15:11:51.5015869+08:00	0x02	0.0835	0.5036	-0.8569	-0.0714	156.84	335.82	58.34
2026-06-22T15:11:51.5015869+08:00	0x01	0.3240	0.4863	-0.7648	0.2713	194.73	323.83	66.88
2026-06-22T15:11:51.5015869+08:00	0x09	0.0772	0.0011	-0.0220	0.9968	357.47	359.93	8.85
2026-06-22T15:11:51.5015869+08:00	0x06	0.0054	0.0155	-0.4362	0.8997	308.28	1.33	1.34
2026-06-22T15:11:51.5015869+08:00	0x08	0.0475	-0.0110	0.2334	0.9712	27.03	0.04	5.58
2026-06-22T15:11:51.5015869+08:00	0x04	-0.3525	0.0387	0.4208	-0.8350	298.56	334.23	33.79
2026-06-22T15:11:51.5015869+08:00	0x07	0.0071	-0.0332	-0.2977	0.9541	325.35	356.13	359.65
2026-06-22T15:11:51.5015869+08:00	0x03	-0.1845	0.4340	0.6838	0.5569	90.30	22.59	306.97
2026-06-22T15:11:51.5015869+08:00	0x09	0.0772	0.0011	-0.0220	0.9968	357.47	359.93	8.85
2026-06-22T15:11:51.5015869+08:00	0x08	0.0475	-0.0110	0.2334	0.9712	27.03	0.05	5.58
2026-06-22T15:11:51.5015869+08:00	0x06	0.0054	0.0155	-0.4362	0.8997	308.28	1.33	1.33
2026-06-22T15:11:51.5015869+08:00	0x04	-0.3552	0.0383	0.4160	-0.8362	299.04	334.22	34.21
2026-06-22T15:11:51.5015869+08:00	0x07	0.0071	-0.0332	-0.2977	0.9541	325.35	356.12	359.64
2026-06-22T15:11:51.5015869+08:00	0x02	0.0961	0.4824	-0.8660	-0.0902	154.34	333.84	54.90
2026-06-22T15:11:51.5015869+08:00	0x09	0.0772	0.0011	-0.0220	0.9968	357.47	359.93	8.85
2026-06-22T15:11:51.5015869+08:00	0x06	0.0054	0.0155	-0.4362	0.8997	308.28	1.33	1.33
2026-06-22T15:11:51.5015869+08:00	0x08	0.0475	-0.0110	0.2334	0.9712	27.03	0.05	5.58
2026-06-22T15:11:51.5015869+08:00	0x04	-0.3514	0.0306	0.4158	-0.8382	299.54	335.42	34.31
2026-06-22T15:11:51.5015869+08:00	0x03	-0.1843	0.4307	0.6868	0.5557	91.08	21.90	307.21
2026-06-22T15:11:51.5015869+08:00	0x07	0.0071	-0.0332	-0.2977	0.9541	325.35	356.12	359.64
2026-06-22T15:11:51.5015869+08:00	0x09	0.0772	0.0011	-0.0220	0.9968	357.47	359.93	8.85
2026-06-22T15:11:51.5015869+08:00	0x06	0.0054	0.0155	-0.4362	0.8997	308.28	1.33	1.34
2026-06-22T15:11:51.5015869+08:00	0x08	0.0474	-0.0110	0.2334	0.9712	27.03	0.05	5.58
2026-06-22T15:11:51.5015869+08:00	0x07	0.0071	-0.0332	-0.2977	0.9541	325.35	356.13	359.65
2026-06-22T15:11:51.5015869+08:00	0x03	-0.1853	0.4176	0.6911	0.5600	92.22	19.95	308.30
2026-06-22T15:11:51.5015869+08:00	0x09	0.0772	0.0011	-0.0220	0.9968	357.47	359.93	8.85
2026-06-22T15:11:51.5015869+08:00	0x06	0.0054	0.0155	-0.4362	0.8997	308.28	1.33	1.34
2026-06-22T15:11:51.5015869+08:00	0x08	0.0474	-0.0110	0.2334	0.9712	27.03	0.05	5.58
2026-06-22T15:11:51.5015869+08:00	0x04	-0.3376	0.0005	0.4140	-0.8454	301.51	340.04	34.78
2026-06-22T15:11:51.5015869+08:00	0x07	0.0071	-0.0332	-0.2977	0.9541	325.35	356.13	359.65
2026-06-22T15:11:51.5015869+08:00	0x03	-0.1900	0.4014	0.7000	0.5593	94.73	16.81	309.24
2026-06-22T15:11:51.5015869+08:00	0x02	0.0850	0.4971	-0.8558	-0.1151	149.57	332.13	56.23
2026-06-22T15:11:51.5015869+08:00	0x09	0.0772	0.0011	-0.0220	0.9968	357.47	359.93	8.85
2026-06-22T15:11:51.5015869+08:00	0x06	0.0054	0.0155	-0.4362	0.8997	308.28	1.33	1.33
2026-06-22T15:11:51.5015869+08:00	0x08	0.0474	-0.0110	0.2334	0.9712	27.03	0.05	5.58
2026-06-22T15:11:51.5015869+08:00	0x04	-0.3234	-0.0240	0.4223	-0.8465	301.84	343.60	34.60
2026-06-22T15:11:51.5015869+08:00	0x03	-0.1904	0.3997	0.7100	0.5477	97.35	15.40	309.10
2026-06-22T15:11:51.5015869+08:00	0x07	0.0071	-0.0332	-0.2977	0.9541	325.35	356.12	359.65
2026-06-22T15:11:51.5015869+08:00	0x02	0.0879	0.4932	-0.8569	-0.1213	148.68	331.51	55.48
2026-06-22T15:11:51.5015869+08:00	0x09	0.0772	0.0011	-0.0220	0.9968	357.47	359.93	8.85
2026-06-22T15:11:51.5015869+08:00	0x06	0.0054	0.0155	-0.4362	0.8997	308.28	1.33	1.33
2026-06-22T15:11:51.5015869+08:00	0x08	0.0474	-0.0110	0.2334	0.9712	27.03	0.05	5.58
2026-06-22T15:11:51.5015869+08:00	0x03	-0.1769	0.4299	0.7041	0.5369	95.11	20.52	307.32
2026-06-22T15:11:51.5025840+08:00	0x04	-0.3277	-0.0204	0.4098	-0.8510	303.29	343.40	35.06
2026-06-22T15:11:51.5025840+08:00	0x09	0.0772	0.0011	-0.0220	0.9968	357.47	359.93	8.85
2026-06-22T15:11:51.5025840+08:00	0x06	0.0054	0.0155	-0.4362	0.8997	308.28	1.33	1.33
2026-06-22T15:11:51.5025840+08:00	0x08	0.0475	-0.0110	0.2334	0.9712	27.03	0.05	5.58
2026-06-22T15:11:51.5025840+08:00	0x03	-0.1340	0.4593	0.7233	0.4979	97.85	25.92	307.07
2026-06-22T15:11:51.5025840+08:00	0x07	0.0071	-0.0332	-0.2977	0.9541	325.35	356.13	359.65
2026-06-22T15:11:51.5025840+08:00	0x06	0.0054	0.0155	-0.4362	0.8997	308.28	1.33	1.33
2026-06-22T15:11:51.5025840+08:00	0x08	0.0475	-0.0110	0.2334	0.9712	27.03	0.05	5.58
2026-06-22T15:11:51.5025840+08:00	0x09	0.0772	0.0011	-0.0220	0.9968	357.47	359.93	8.85
2026-06-22T15:11:51.5025840+08:00	0x07	0.0071	-0.0332	-0.2977	0.9541	325.35	356.12	359.64
2026-06-22T15:11:51.5025840+08:00	0x06	0.0054	0.0155	-0.4362	0.8997	308.28	1.33	1.33
2026-06-22T15:11:51.5025840+08:00	0x01	0.2597	0.3394	-0.8214	0.3776	222.51	344.97	48.92
2026-06-22T15:11:51.5025840+08:00	0x08	0.0475	-0.0110	0.2334	0.9712	27.03	0.05	5.58
2026-06-22T15:11:51.5025840+08:00	0x02	0.0878	0.4933	-0.8569	-0.1211	148.70	331.53	55.50
2026-06-22T15:11:51.5025840+08:00	0x07	0.0071	-0.0332	-0.2977	0.9541	325.35	356.12	359.64
2026-06-22T15:11:51.5025840+08:00	0x03	-0.1353	0.4585	0.7228	0.4991	97.77	25.76	307.08
2026-06-22T15:11:51.5025840+08:00	0x06	0.0054	0.0155	-0.4362	0.8997	308.28	1.33	1.33
2026-06-22T15:11:51.5025840+08:00	0x09	0.0772	0.0011	-0.0220	0.9968	357.47	359.93	8.85
2026-06-22T15:11:51.5025840+08:00	0x08	0.0475	-0.0110	0.2334	0.9712	27.03	0.04	5.58
2026-06-22T15:11:51.5025840+08:00	0x07	0.0071	-0.0332	-0.2977	0.9541	325.35	356.13	359.65
2026-06-22T15:11:51.5025840+08:00	0x03	0.1478	0.4665	0.8171	0.3048	120.79	45.27	317.76
2026-06-22T15:11:51.5025840+08:00	0x09	0.0772	0.0011	-0.0220	0.9968	357.47	359.93	8.85
2026-06-22T15:11:51.5025840+08:00	0x06	0.0054	0.0155	-0.4362	0.8997	308.28	1.33	1.34
2026-06-22T15:11:51.5025840+08:00	0x08	0.0475	-0.0110	0.2334	0.9712	27.03	0.04	5.58
2026-06-22T15:11:51.5025840+08:00	0x04	-0.3276	-0.0206	0.4102	-0.8509	303.25	343.41	35.05
2026-06-22T15:11:51.5025840+08:00	0x07	0.0071	-0.0332	-0.2977	0.9541	325.35	356.13	359.65
2026-06-22T15:11:51.5025840+08:00	0x03	0.1451	0.4671	0.8187	0.3008	121.36	44.84	317.35
2026-06-22T15:11:51.5025840+08:00	0x09	0.0772	0.0011	-0.0220	0.9968	357.47	359.93	8.85
2026-06-22T15:11:51.5025840+08:00	0x06	0.0054	0.0155	-0.4362	0.8997	308.28	1.33	1.33
2026-06-22T15:11:51.5025840+08:00	0x01	0.2608	0.3681	-0.8295	0.3293	214.67	342.21	51.48
2026-06-22T15:11:51.5025840+08:00	0x04	-0.0201	0.5812	-0.0887	-0.8086	6.96	289.06	7.79
2026-06-22T15:11:51.5025840+08:00	0x07	0.0071	-0.0332	-0.2977	0.9541	325.35	356.13	359.65
2026-06-22T15:11:51.5025840+08:00	0x01	0.2838	0.3719	-0.8196	0.3306	213.25	338.70	52.88
2026-06-22T15:11:51.5025840+08:00	0x09	0.0772	0.0011	-0.0220	0.9968	357.47	359.93	8.85
2026-06-22T15:11:51.5025840+08:00	0x06	0.0054	0.0155	-0.4362	0.8997	308.28	1.33	1.33
2026-06-22T15:11:51.5025840+08:00	0x04	0.2961	0.5831	-0.0356	-0.7557	25.89	279.11	336.05
2026-06-22T15:11:51.5025840+08:00	0x07	0.0071	-0.0332	-0.2977	0.9541	325.35	356.13	359.65
2026-06-22T15:11:51.5025840+08:00	0x09	0.0772	0.0011	-0.0220	0.9968	357.47	359.93	8.85
2026-06-22T15:11:51.5025840+08:00	0x03	-0.0609	0.4931	0.6255	0.6015	73.13	45.60	316.35
2026-06-22T15:11:51.5025840+08:00	0x06	0.0054	0.0155	-0.4362	0.8997	308.28	1.33	1.33
2026-06-22T15:11:51.5025840+08:00	0x08	0.0475	-0.0110	0.2334	0.9712	27.03	0.04	5.58
2026-06-22T15:11:51.5025840+08:00	0x07	0.0071	-0.0332	-0.2977	0.9541	325.35	356.13	359.65
2026-06-22T15:11:51.5025840+08:00	0x09	0.0772	0.0011	-0.0220	0.9968	357.47	359.93	8.85
2026-06-22T15:11:51.5025840+08:00	0x03	-0.1990	0.4529	0.6431	0.5846	80.70	28.17	305.40
2026-06-22T15:11:51.5025840+08:00	0x06	0.0054	0.0155	-0.4362	0.8997	308.28	1.33	1.33
2026-06-22T15:11:51.5025840+08:00	0x04	-0.3002	0.1788	0.6342	-0.6897	270.89	320.31	10.80
2026-06-22T15:11:51.5025840+08:00	0x07	0.0071	-0.0332	-0.2977	0.9541	325.35	356.13	359.65
2026-06-22T15:11:51.5025840+08:00	0x03	-0.2036	0.4608	0.6457	0.5738	81.45	28.36	304.03
2026-06-22T15:11:51.5025840+08:00	0x01	0.3415	0.4412	-0.7677	0.3151	203.88	326.86	63.21
2026-06-22T15:11:51.5025840+08:00	0x06	0.0054	0.0155	-0.4362	0.8997	308.28	1.33	1.33
2026-06-22T15:11:51.5025840+08:00	0x08	0.0475	-0.0110	0.2334	0.9712	27.03	0.05	5.58
2026-06-22T15:11:51.5025840+08:00	0x04	-0.3047	0.1555	0.5790	-0.7401	278.59	322.72	15.72
2026-06-22T15:11:51.5025840+08:00	0x09	0.0772	0.0011	-0.0220	0.9968	357.47	359.93	8.85
2026-06-22T15:11:51.5025840+08:00	0x01	0.3348	0.4452	-0.7662	0.3205	205.87	329.04	63.73
2026-06-22T15:11:51.5025840+08:00	0x06	0.0054	0.0156	-0.4362	0.8997	308.28	1.34	1.34
2026-06-22T15:11:51.5025840+08:00	0x08	0.0475	-0.0110	0.2334	0.9712	27.03	0.05	5.58
2026-06-22T15:11:51.5025840+08:00	0x07	0.0071	-0.0332	-0.2977	0.9541	325.35	356.13	359.65
2026-06-22T15:11:51.5025840+08:00	0x09	0.0772	0.0011	-0.0220	0.9968	357.47	359.93	8.85
2026-06-22T15:11:51.5025840+08:00	0x08	0.0475	-0.0110	0.2334	0.9712	27.03	0.05	5.58
2026-06-22T15:11:51.5025840+08:00	0x07	0.0071	-0.0332	-0.2977	0.9541	325.35	356.13	359.65
2026-06-22T15:11:51.5025840+08:00	0x02	0.0702	0.4516	-0.8277	0.3256	231.38	16.99	52.49
2026-06-22T15:11:51.5025840+08:00	0x03	-0.1471	0.4542	0.6884	0.5460	89.18	28.34	308.18
2026-06-22T15:11:51.5035811+08:00	0x01	0.1840	0.4946	-0.8087	0.2599	212.40	354.78	63.58
2026-06-22T15:11:51.5035811+08:00	0x08	0.0475	-0.0110	0.2334	0.9712	27.03	0.05	5.58
2026-06-22T15:11:51.5035811+08:00	0x04	-0.3046	0.1562	0.5807	-0.7386	278.35	322.64	15.58
2026-06-22T15:11:51.5035811+08:00	0x09	0.0772	0.0011	-0.0220	0.9968	357.47	359.93	8.85
2026-06-22T15:11:51.5035811+08:00	0x03	-0.1400	0.4491	0.8230	0.3184	134.67	5.70	304.07
2026-06-22T15:11:51.5035811+08:00	0x06	0.0054	0.0155	-0.4362	0.8997	308.28	1.33	1.33
2026-06-22T15:11:51.5035811+08:00	0x08	0.0474	-0.0110	0.2334	0.9712	27.03	0.05	5.58
2026-06-22T15:11:51.5035811+08:00	0x04	-0.3746	0.2470	-0.1923	-0.8728	13.13	334.33	48.49
2026-06-22T15:11:51.5035811+08:00	0x03	-0.1528	0.4561	0.8419	0.2443	149.65	356.33	302.56
2026-06-22T15:11:51.5035811+08:00	0x06	0.0054	0.0155	-0.4362	0.8997	308.28	1.33	1.33
2026-06-22T15:11:51.5035811+08:00	0x07	0.0071	-0.0332	-0.2977	0.9541	325.35	356.13	359.65
2026-06-22T15:11:51.5035811+08:00	0x08	0.0474	-0.0110	0.2334	0.9712	27.03	0.04	5.58
2026-06-22T15:11:51.5035811+08:00	0x04	-0.3182	0.2874	-0.1946	-0.8822	12.53	328.78	42.32
2026-06-22T15:11:51.5035811+08:00	0x01	0.1195	0.5255	-0.8029	0.2548	221.73	10.27	64.79
2026-06-22T15:11:51.5035811+08:00	0x07	0.0071	-0.0332	-0.2977	0.9541	325.35	356.13	359.65
2026-06-22T15:11:51.5035811+08:00	0x09	0.0772	0.0011	-0.0220	0.9968	357.47	359.93	8.85
2026-06-22T15:11:51.5035811+08:00	0x06	0.0054	0.0155	-0.4362	0.8997	308.28	1.33	1.34
2026-06-22T15:11:51.5035811+08:00	0x08	0.0474	-0.0110	0.2334	0.9712	27.03	0.04	5.58
2026-06-22T15:11:51.5035811+08:00	0x04	-0.2700	0.3237	-0.1018	-0.9011	0.59	320.66	33.53
2026-06-22T15:11:51.5035811+08:00	0x07	0.0071	-0.0332	-0.2977	0.9541	325.35	356.13	359.65
2026-06-22T15:11:51.5035811+08:00	0x09	0.0772	0.0011	-0.0220	0.9968	357.47	359.93	8.85
2026-06-22T15:11:51.5035811+08:00	0x06	0.0054	0.0155	-0.4362	0.8997	308.28	1.33	1.34
2026-06-22T15:11:51.5035811+08:00	0x08	0.0474	-0.0110	0.2334	0.9712	27.03	0.04	5.58
2026-06-22T15:11:51.5035811+08:00	0x04	-0.2575	0.3315	-0.0690	-0.9050	356.94	318.92	30.79
2026-06-22T15:11:51.5035811+08:00	0x03	-0.1740	0.4465	0.8589	0.1806	163.88	345.72	303.92
2026-06-22T15:11:51.5035811+08:00	0x07	0.0071	-0.0332	-0.2977	0.9541	325.35	356.13	359.65
2026-06-22T15:11:51.5035811+08:00	0x09	0.0772	0.0011	-0.0220	0.9968	357.47	359.93	8.85
2026-06-22T15:11:51.5035811+08:00	0x08	0.0474	-0.0110	0.2334	0.9712	27.03	0.04	5.58
2026-06-22T15:11:51.5035811+08:00	0x04	-0.1828	0.4156	0.0123	-0.8909	349.44	308.26	18.39
2026-06-22T15:11:51.5035811+08:00	0x09	0.0772	0.0011	-0.0220	0.9968	357.47	359.93	8.85
2026-06-22T15:11:51.5035811+08:00	0x02	-0.1790	0.4350	-0.8164	-0.3350	135.43	0.08	56.12
2026-06-22T15:11:51.5035811+08:00	0x03	-0.1210	0.5287	0.8017	0.2513	138.85	9.87	294.70
2026-06-22T15:11:51.5035811+08:00	0x08	0.0474	-0.0110	0.2334	0.9712	27.03	0.04	5.58
2026-06-22T15:11:51.5035811+08:00	0x04	-0.0750	0.5134	0.1396	-0.8434	341.79	297.50	359.03
2026-06-22T15:11:51.5035811+08:00	0x03	-0.0530	0.5948	0.7211	0.3513	95.87	49.96	296.49
2026-06-22T15:11:51.5035811+08:00	0x01	0.1975	0.3436	-0.9177	0.0266	173.49	333.34	39.87
2026-06-22T15:11:51.5035811+08:00	0x08	0.0474	-0.0110	0.2334	0.9712	27.03	0.04	5.58
2026-06-22T15:11:51.5035811+08:00	0x04	-0.0519	0.5303	0.1440	-0.8339	342.79	295.67	356.21
2026-06-22T15:11:51.5035811+08:00	0x07	0.0071	-0.0332	-0.2977	0.9541	325.35	356.13	359.65
2026-06-22T15:11:51.5035811+08:00	0x09	0.0772	0.0011	-0.0220	0.9968	357.47	359.93	8.85
2026-06-22T15:11:51.5035811+08:00	0x03	-0.0266	0.6185	0.6934	0.3687	85.58	60.88	298.68
2026-06-22T15:11:51.5035811+08:00	0x01	0.2023	0.3219	-0.9249	-0.0003	170.63	332.22	36.54
2026-06-22T15:11:51.5035811+08:00	0x08	0.0474	-0.0110	0.2334	0.9712	27.03	0.04	5.58
2026-06-22T15:11:51.5035811+08:00	0x04	-0.1544	0.5139	0.2430	-0.8081	326.54	295.09	359.99
2026-06-22T15:11:51.5035811+08:00	0x07	0.0071	-0.0332	-0.2977	0.9541	325.35	356.13	359.65
2026-06-22T15:11:51.5035811+08:00	0x09	0.0772	0.0011	-0.0220	0.9968	357.47	359.93	8.85
2026-06-22T15:11:51.5035811+08:00	0x02	-0.1508	0.2869	-0.4196	-0.8478	46.06	335.50	29.77
2026-06-22T15:11:51.5035811+08:00	0x08	0.0475	-0.0110	0.2334	0.9712	27.03	0.04	5.58
2026-06-22T15:11:51.5035811+08:00	0x04	-0.2110	0.4879	0.2869	-0.7969	318.38	295.82	3.23
2026-06-22T15:11:51.5035811+08:00	0x07	0.0071	-0.0332	-0.2977	0.9541	325.35	356.13	359.65
2026-06-22T15:11:51.5035811+08:00	0x09	0.0772	0.0011	-0.0220	0.9968	357.47	359.93	8.85
2026-06-22T15:11:51.5035811+08:00	0x03	-0.1044	0.5288	0.6934	0.4782	88.28	40.74	303.57
2026-06-22T15:11:51.5035811+08:00	0x08	0.0475	-0.0110	0.2334	0.9712	27.03	0.05	5.58
2026-06-22T15:11:51.5035811+08:00	0x07	0.0071	-0.0331	-0.2977	0.9541	325.35	356.13	359.65
2026-06-22T15:11:51.5035811+08:00	0x09	0.0772	0.0011	-0.0220	0.9968	357.47	359.93	8.85
2026-06-22T15:11:51.5035811+08:00	0x03	-0.1144	0.4843	0.6596	0.5634	80.68	38.02	309.86
2026-06-22T15:11:51.5035811+08:00	0x02	0.1811	0.4333	-0.7622	-0.4456	105.21	310.17	29.94
2026-06-22T15:11:51.5035811+08:00	0x06	0.0054	0.0155	-0.4362	0.8997	308.28	1.33	1.34
2026-06-22T15:11:51.5035811+08:00	0x04	-0.2093	0.4887	0.2856	-0.7973	318.62	295.80	3.13
2026-06-22T15:11:51.5035811+08:00	0x08	0.0475	-0.0110	0.2334	0.9712	27.03	0.05	5.58
2026-06-22T15:11:51.5035811+08:00	0x07	0.0071	-0.0332	-0.2977	0.9541	325.35	356.13	359.65
2026-06-22T15:11:51.5045783+08:00	0x06	0.0054	0.0155	-0.4362	0.8997	308.28	1.33	1.33
2026-06-22T15:11:51.5045783+08:00	0x08	0.0475	-0.0110	0.2334	0.9712	27.03	0.04	5.58
2026-06-22T15:11:51.5045783+08:00	0x07	0.0071	-0.0332	-0.2977	0.9541	325.35	356.13	359.65
2026-06-22T15:11:51.5045783+08:00	0x01	0.3286	0.4369	-0.7696	0.3298	208.83	331.59	62.78
2026-06-22T15:11:51.5045783+08:00	0x02	0.1610	0.5207	-0.7869	-0.2894	114.98	306.19	46.58
2026-06-22T15:11:51.5045783+08:00	0x08	0.0474	-0.0110	0.2334	0.9712	27.03	0.04	5.58
2026-06-22T15:11:51.5045783+08:00	0x07	0.0071	-0.0331	-0.2977	0.9541	325.35	356.13	359.65
2026-06-22T15:11:51.5045783+08:00	0x09	0.0772	0.0011	-0.0220	0.9968	357.47	359.93	8.85
2026-06-22T15:11:51.5045783+08:00	0x02	0.1475	0.5272	-0.7988	-0.2495	119.98	308.78	50.23
2026-06-22T15:11:51.5045783+08:00	0x08	0.0475	-0.0110	0.2334	0.9712	27.03	0.04	5.58
2026-06-22T15:11:51.5045783+08:00	0x07	0.0071	-0.0331	-0.2977	0.9541	325.35	356.13	359.65
2026-06-22T15:11:51.5045783+08:00	0x03	-0.1894	0.4717	0.6396	0.5766	78.86	31.98	304.73
2026-06-22T15:11:51.5045783+08:00	0x02	0.1310	0.5353	-0.8056	-0.2176	124.08	311.47	53.65
2026-06-22T15:11:51.5045783+08:00	0x06	0.0054	0.0155	-0.4362	0.8997	308.28	1.33	1.33
2026-06-22T15:11:51.5045783+08:00	0x08	0.0475	-0.0110	0.2334	0.9712	27.03	0.05	5.58
2026-06-22T15:11:51.5045783+08:00	0x07	0.0071	-0.0332	-0.2977	0.9541	325.35	356.13	359.65
2026-06-22T15:11:51.5045783+08:00	0x03	-0.1849	0.4736	0.6419	0.5739	79.17	32.38	304.89
2026-06-22T15:11:51.5045783+08:00	0x09	0.0772	0.0011	-0.0220	0.9968	357.47	359.93	8.85
2026-06-22T15:11:51.5045783+08:00	0x06	0.0054	0.0155	-0.4362	0.8997	308.28	1.33	1.33
2026-06-22T15:11:51.5045783+08:00	0x02	0.1182	0.5379	-0.8112	-0.1963	127.67	314.30	55.73
2026-06-22T15:11:51.5045783+08:00	0x08	0.0475	-0.0110	0.2334	0.9712	27.03	0.05	5.58
2026-06-22T15:11:51.5045783+08:00	0x07	0.0071	-0.0332	-0.2977	0.9541	325.35	356.13	359.65
2026-06-22T15:11:51.5045783+08:00	0x03	-0.1838	0.4731	0.6436	0.5729	79.54	32.22	304.96
2026-06-22T15:11:51.5045783+08:00	0x09	0.0772	0.0011	-0.0220	0.9968	357.47	359.93	8.85
2026-06-22T15:11:51.5045783+08:00	0x06	0.0054	0.0155	-0.4362	0.8997	308.28	1.33	1.33
2026-06-22T15:11:51.5045783+08:00	0x03	-0.1836	0.4723	0.6439	0.5733	79.62	32.09	305.05
2026-06-22T15:11:51.5045783+08:00	0x08	0.0475	-0.0110	0.2334	0.9712	27.03	0.05	5.58
2026-06-22T15:11:51.5045783+08:00	0x09	0.0772	0.0011	-0.0220	0.9968	357.47	359.93	8.85
2026-06-22T15:11:51.5045783+08:00	0x01	0.3134	0.4475	-0.7593	0.3535	216.24	338.39	64.31
2026-06-22T15:11:51.5045783+08:00	0x04	-0.3060	0.2093	0.7304	-0.5737	255.26	316.55	2.60
2026-06-22T15:11:51.5045783+08:00	0x02	0.1046	0.5440	-0.8145	-0.1723	131.48	317.19	58.23
2026-06-22T15:11:51.5045783+08:00	0x03	-0.1836	0.4706	0.6421	0.5766	79.23	32.09	305.30
2026-06-22T15:11:51.5045783+08:00	0x07	0.0071	-0.0332	-0.2977	0.9541	325.35	356.13	359.65
2026-06-22T15:11:51.5045783+08:00	0x01	0.3142	0.4480	-0.7582	0.3546	216.42	338.41	64.44
2026-06-22T15:11:51.5045783+08:00	0x09	0.0772	0.0011	-0.0220	0.9968	357.47	359.93	8.85
2026-06-22T15:11:51.5045783+08:00	0x06	0.0054	0.0155	-0.4362	0.8997	308.28	1.33	1.33
2026-06-22T15:11:51.5045783+08:00	0x03	-0.1829	0.4702	0.6416	0.5778	79.08	32.16	305.45
2026-06-22T15:11:51.5045783+08:00	0x07	0.0071	-0.0332	-0.2977	0.9541	325.35	356.13	359.65
2026-06-22T15:11:51.5045783+08:00	0x09	0.0772	0.0011	-0.0220	0.9968	357.47	359.93	8.85
2026-06-22T15:11:51.5045783+08:00	0x02	0.0956	0.5471	-0.8153	-0.1635	133.13	318.84	59.42
2026-06-22T15:11:51.5045783+08:00	0x03	-0.1823	0.4705	0.6417	0.5776	79.08	32.23	305.47
2026-06-22T15:11:51.5045783+08:00	0x08	0.0474	-0.0110	0.2334	0.9712	27.03	0.05	5.58
2026-06-22T15:11:51.5045783+08:00	0x07	0.0071	-0.0332	-0.2977	0.9541	325.35	356.13	359.65
2026-06-22T15:11:51.5045783+08:00	0x09	0.0772	0.0011	-0.0220	0.9968	357.47	359.93	8.85
2026-06-22T15:11:51.5045783+08:00	0x06	0.0054	0.0155	-0.4362	0.8997	308.28	1.33	1.33
2026-06-22T15:11:51.5045783+08:00	0x02	0.0920	0.5461	-0.8170	-0.1607	134.11	319.88	59.64
2026-06-22T15:11:51.5045783+08:00	0x03	-0.1820	0.4705	0.6408	0.5787	78.84	32.37	305.54
2026-06-22T15:11:51.5045783+08:00	0x07	0.0071	-0.0332	-0.2977	0.9541	325.35	356.13	359.65
2026-06-22T15:11:51.5045783+08:00	0x08	0.0474	-0.0110	0.2334	0.9712	27.03	0.05	5.58
2026-06-22T15:11:51.5045783+08:00	0x09	0.0772	0.0011	-0.0220	0.9968	357.47	359.93	8.85
2026-06-22T15:11:51.5045783+08:00	0x06	0.0054	0.0155	-0.4362	0.8997	308.28	1.33	1.33
2026-06-22T15:11:51.5045783+08:00	0x03	-0.1823	0.4710	0.6404	0.5786	78.75	32.45	305.49
2026-06-22T15:11:51.5045783+08:00	0x07	0.0071	-0.0332	-0.2977	0.9541	325.35	356.13	359.65
2026-06-22T15:11:51.5045783+08:00	0x08	0.0474	-0.0110	0.2334	0.9712	27.03	0.04	5.58
2026-06-22T15:11:51.5045783+08:00	0x09	0.0772	0.0011	-0.0220	0.9968	357.47	359.93	8.85
2026-06-22T15:11:51.5045783+08:00	0x04	-0.3421	0.0954	0.4755	-0.8048	290.69	327.36	27.39
2026-06-22T15:11:51.5045783+08:00	0x06	0.0054	0.0155	-0.4362	0.8997	308.28	1.33	1.33
2026-06-22T15:11:51.5045783+08:00	0x02	0.0933	0.5557	-0.8116	-0.1543	133.40	318.51	60.83
2026-06-22T15:11:51.5045783+08:00	0x03	-0.1849	0.4695	0.6400	0.5794	78.82	32.06	305.39
2026-06-22T15:11:51.5045783+08:00	0x01	0.3138	0.4452	-0.7577	0.3596	217.58	339.09	64.19
2026-06-22T15:11:51.5045783+08:00	0x08	0.0474	-0.0110	0.2334	0.9712	27.03	0.05	5.58
2026-06-22T15:11:51.5045783+08:00	0x09	0.0772	0.0011	-0.0220	0.9968	357.47	359.93	8.85
2026-06-22T15:11:51.5055758+08:00	0x04	-0.3573	0.0823	0.4238	-0.8282	296.87	329.01	31.47
2026-06-22T15:11:51.5055758+08:00	0x03	-0.1857	0.4681	0.6402	0.5801	78.92	31.79	305.43
2026-06-22T15:11:51.5055758+08:00	0x06	0.0054	0.0155	-0.4362	0.8997	308.28	1.33	1.33
2026-06-22T15:11:51.5055758+08:00	0x02	0.0927	0.5591	-0.8093	-0.1545	132.76	317.93	61.20
2026-06-22T15:11:51.5055758+08:00	0x07	0.0071	-0.0332	-0.2977	0.9541	325.35	356.13	359.65
2026-06-22T15:11:51.5055758+08:00	0x01	0.3121	0.4468	-0.7573	0.3599	217.91	339.59	64.33
2026-06-22T15:11:51.5055758+08:00	0x04	-0.3592	0.0813	0.4208	-0.8290	297.15	329.04	31.81
2026-06-22T15:11:51.5055758+08:00	0x02	0.0896	0.5515	-0.8149	-0.1542	134.50	319.92	60.59
2026-06-22T15:11:51.5055758+08:00	0x03	-0.1842	0.4689	0.6410	0.5790	79.03	31.94	305.46
2026-06-22T15:11:51.5055758+08:00	0x06	0.0054	0.0155	-0.4362	0.8997	308.28	1.33	1.33
2026-06-22T15:11:51.5055758+08:00	0x07	0.0071	-0.0332	-0.2977	0.9541	325.35	356.13	359.65
2026-06-22T15:11:51.5055758+08:00	0x09	0.0771	0.0011	-0.0220	0.9968	357.47	359.93	8.85
2026-06-22T15:11:51.5055758+08:00	0x04	-0.3547	0.0793	0.4193	-0.8319	297.76	329.74	31.58
2026-06-22T15:11:51.5055758+08:00	0x02	0.0885	0.5515	-0.8154	-0.1522	134.95	320.28	60.74
2026-06-22T15:11:51.5055758+08:00	0x03	-0.1841	0.4691	0.6413	0.5786	79.09	31.94	305.44
2026-06-22T15:11:51.5055758+08:00	0x06	0.0054	0.0155	-0.4362	0.8997	308.28	1.33	1.33
2026-06-22T15:11:51.5055758+08:00	0x07	0.0071	-0.0332	-0.2977	0.9541	325.35	356.13	359.65
2026-06-22T15:11:51.5055758+08:00	0x09	0.0771	0.0011	-0.0220	0.9968	357.47	359.93	8.85
2026-06-22T15:11:51.5055758+08:00	0x04	-0.3523	0.0787	0.4192	-0.8330	297.97	330.03	31.39
2026-06-22T15:11:51.5055758+08:00	0x03	-0.1837	0.4698	0.6413	0.5782	79.07	32.06	305.42
2026-06-22T15:11:51.5055758+08:00	0x06	0.0054	0.0155	-0.4362	0.8997	308.28	1.33	1.33
2026-06-22T15:11:51.5055758+08:00	0x07	0.0071	-0.0332	-0.2977	0.9541	325.35	356.13	359.65
2026-06-22T15:11:51.5055758+08:00	0x09	0.0772	0.0011	-0.0220	0.9968	357.47	359.93	8.85
2026-06-22T15:11:51.5055758+08:00	0x01	0.3107	0.4480	-0.7570	0.3602	218.21	340.00	64.44
2026-06-22T15:11:51.5055758+08:00	0x03	-0.1801	0.4723	0.6405	0.5781	78.64	32.83	305.58
2026-06-22T15:11:51.5055758+08:00	0x06	0.0054	0.0155	-0.4362	0.8997	308.28	1.33	1.33
2026-06-22T15:11:51.5055758+08:00	0x06	0.0054	0.0155	-0.4362	0.8997	308.28	1.33	1.33
2026-06-22T15:11:51.5055758+08:00	0x07	0.0071	-0.0332	-0.2977	0.9541	325.35	356.13	359.65
2026-06-22T15:11:51.5055758+08:00	0x09	0.0772	0.0010	-0.0220	0.9968	357.47	359.92	8.85
2026-06-22T15:11:51.5055758+08:00	0x01	0.3021	0.4353	-0.7751	0.3441	215.14	338.95	61.98
2026-06-22T15:11:51.5055758+08:00	0x06	0.0054	0.0155	-0.4362	0.8997	308.28	1.33	1.34
2026-06-22T15:11:51.5055758+08:00	0x02	0.1762	0.4213	-0.8702	-0.1850	140.79	321.57	41.92
2026-06-22T15:11:51.5055758+08:00	0x06	0.0054	0.0155	-0.4362	0.8997	308.28	1.33	1.33
2026-06-22T15:11:51.5055758+08:00	0x08	0.0474	-0.0110	0.2334	0.9712	27.03	0.04	5.58
2026-06-22T15:11:51.5055758+08:00	0x04	-0.3828	0.0243	0.2513	-0.8887	321.29	341.54	41.92
2026-06-22T15:11:51.5055758+08:00	0x06	0.0054	0.0155	-0.4362	0.8997	308.28	1.33	1.33
2026-06-22T15:11:51.5055758+08:00	0x03	-0.2469	0.4467	0.7656	0.3915	127.84	356.62	298.67
2026-06-22T15:11:51.5055758+08:00	0x06	0.0054	0.0156	-0.4362	0.8997	308.28	1.34	1.34
2026-06-22T15:11:51.5055758+08:00	0x08	0.0474	-0.0110	0.2334	0.9712	27.03	0.04	5.58
2026-06-22T15:11:51.5055758+08:00	0x07	0.0071	-0.0332	-0.2977	0.9541	325.35	356.13	359.65
2026-06-22T15:11:51.5055758+08:00	0x06	0.0054	0.0155	-0.4362	0.8997	308.28	1.33	1.33
2026-06-22T15:11:51.5055758+08:00	0x06	0.0054	0.0156	-0.4362	0.8997	308.28	1.34	1.34
2026-06-22T15:11:51.5055758+08:00	0x04	-0.3726	0.0661	0.3632	-0.8514	304.47	331.76	35.91
2026-06-22T15:11:51.5055758+08:00	0x03	-0.2442	0.4490	0.7644	0.3930	127.05	357.54	298.55
2026-06-22T15:11:51.5055758+08:00	0x01	0.3231	0.4456	-0.7843	0.2861	200.12	327.41	62.11
2026-06-22T15:11:51.5055758+08:00	0x08	0.0474	-0.0110	0.2334	0.9712	27.03	0.04	5.58
2026-06-22T15:11:51.5055758+08:00	0x09	0.0772	0.0011	-0.0220	0.9968	357.47	359.93	8.85
2026-06-22T15:11:51.5055758+08:00	0x06	0.0054	0.0155	-0.4362	0.8997	308.28	1.33	1.33
2026-06-22T15:11:51.5055758+08:00	0x04	-0.3617	0.0727	0.3603	-0.8568	305.55	332.11	34.57
2026-06-22T15:11:51.5055758+08:00	0x03	-0.2656	0.4432	0.7864	0.3386	141.83	345.83	298.72
2026-06-22T15:11:51.5055758+08:00	0x01	0.3304	0.4483	-0.7812	0.2822	198.25	325.28	62.48
2026-06-22T15:11:51.5055758+08:00	0x09	0.0772	0.0011	-0.0220	0.9968	357.47	359.93	8.85
2026-06-22T15:11:51.5055758+08:00	0x04	-0.3700	0.0833	0.4150	-0.8270	297.03	328.01	32.87
2026-06-22T15:11:51.5055758+08:00	0x06	0.0054	0.0155	-0.4362	0.8997	308.28	1.33	1.33
2026-06-22T15:11:51.5055758+08:00	0x06	0.0054	0.0156	-0.4362	0.8997	308.28	1.33	1.34
2026-06-22T15:11:51.5055758+08:00	0x02	0.1257	0.4321	-0.8896	-0.0783	158.02	333.92	48.51
2026-06-22T15:11:51.5055758+08:00	0x08	0.0474	-0.0110	0.2334	0.9712	27.03	0.05	5.58
2026-06-22T15:11:51.5055758+08:00	0x01	0.3297	0.4461	-0.7866	0.2713	196.26	324.28	61.72
2026-06-22T15:11:51.5055758+08:00	0x07	0.0071	-0.0332	-0.2977	0.9541	325.35	356.13	359.65
2026-06-22T15:11:51.5055758+08:00	0x04	-0.3682	0.1391	0.4835	-0.7818	286.93	320.27	26.19
2026-06-22T15:11:51.5055758+08:00	0x06	0.0054	0.0156	-0.4362	0.8997	308.28	1.33	1.34
2026-06-22T15:11:51.5065731+08:00	0x03	-0.2419	0.4284	0.7333	0.4692	111.83	5.23	301.20
2026-06-22T15:11:51.5065731+08:00	0x01	0.3416	0.4220	-0.7835	0.3021	201.87	325.67	60.19
2026-06-22T15:11:51.5065731+08:00	0x08	0.0474	-0.0110	0.2334	0.9712	27.03	0.05	5.58
2026-06-22T15:11:51.5065731+08:00	0x07	0.0071	-0.0332	-0.2977	0.9541	325.35	356.13	359.65
2026-06-22T15:11:51.5065731+08:00	0x02	0.0890	0.5125	-0.8516	-0.0639	156.78	334.68	59.50
2026-06-22T15:11:51.5065731+08:00	0x06	0.0054	0.0156	-0.4362	0.8997	308.28	1.33	1.34
2026-06-22T15:11:51.5065731+08:00	0x03	-0.2188	0.4282	0.6772	0.5570	91.30	18.57	304.56
2026-06-22T15:11:51.5065731+08:00	0x08	0.0474	-0.0110	0.2334	0.9712	27.03	0.04	5.58
2026-06-22T15:11:51.5065731+08:00	0x01	0.3431	0.4095	-0.7904	0.2997	201.67	325.31	58.54
2026-06-22T15:11:51.5065731+08:00	0x04	-0.3109	0.1260	0.5864	-0.7373	277.19	324.62	18.10
2026-06-22T15:11:51.5065731+08:00	0x09	0.0772	0.0011	-0.0220	0.9968	357.47	359.93	8.85
2026-06-22T15:11:51.5065731+08:00	0x06	0.0054	0.0155	-0.4362	0.8997	308.28	1.33	1.33
2026-06-22T15:11:51.5065731+08:00	0x02	0.0919	0.5149	-0.8495	-0.0689	155.31	333.37	59.56
2026-06-22T15:11:51.5065731+08:00	0x03	-0.2115	0.4322	0.6658	0.5702	87.62	21.48	305.24
2026-06-22T15:11:51.5065731+08:00	0x01	0.3422	0.4101	-0.7912	0.2978	201.40	325.30	58.51
2026-06-22T15:11:51.5065731+08:00	0x07	0.0071	-0.0332	-0.2977	0.9541	325.35	356.13	359.65
2026-06-22T15:11:51.5065731+08:00	0x06	0.0054	0.0155	-0.4362	0.8997	308.28	1.33	1.33
2026-06-22T15:11:51.5065731+08:00	0x02	0.0922	0.5206	-0.8456	-0.0735	153.77	332.21	60.10
2026-06-22T15:11:51.5065731+08:00	0x08	0.0475	-0.0110	0.2334	0.9712	27.03	0.05	5.58
2026-06-22T15:11:51.5065731+08:00	0x01	0.3419	0.4132	-0.7904	0.2959	200.96	325.12	58.82
2026-06-22T15:11:51.5065731+08:00	0x09	0.0772	0.0011	-0.0220	0.9968	357.47	359.93	8.85
2026-06-22T15:11:51.5065731+08:00	0x04	-0.3619	0.0989	0.4618	-0.8037	290.94	325.52	29.37
2026-06-22T15:11:51.5065731+08:00	0x06	0.0054	0.0155	-0.4362	0.8997	308.28	1.33	1.34
2026-06-22T15:11:51.5065731+08:00	0x03	-0.1687	0.4249	0.6682	0.5870	85.52	25.16	310.02
2026-06-22T15:11:51.5065731+08:00	0x01	0.3440	0.4224	-0.7853	0.2943	200.06	324.35	59.98
2026-06-22T15:11:51.5065731+08:00	0x08	0.0475	-0.0110	0.2334	0.9712	27.03	0.05	5.58
2026-06-22T15:11:51.5065731+08:00	0x09	0.0772	0.0011	-0.0220	0.9968	357.47	359.93	8.85
2026-06-22T15:11:51.5065731+08:00	0x06	0.0054	0.0155	-0.4362	0.8997	308.28	1.33	1.34
2026-06-22T15:11:51.5065731+08:00	0x02	0.1052	0.4519	-0.8834	-0.0654	160.15	336.73	51.69
2026-06-22T15:11:51.5065731+08:00	0x03	-0.1771	0.4421	0.7094	0.5196	96.80	20.85	305.78
2026-06-22T15:11:51.5065731+08:00	0x01	0.3390	0.4376	-0.7810	0.2891	199.00	324.46	61.59
2026-06-22T15:11:51.5065731+08:00	0x07	0.0071	-0.0332	-0.2977	0.9541	325.35	356.12	359.64
2026-06-22T15:11:51.5065731+08:00	0x04	-0.3545	0.0907	0.3411	-0.8659	308.22	331.42	33.51
2026-06-22T15:11:51.5065731+08:00	0x06	0.0054	0.0155	-0.4362	0.8997	308.28	1.33	1.34
2026-06-22T15:11:51.5065731+08:00	0x02	0.1087	0.4312	-0.8932	-0.0667	161.03	337.39	49.10
2026-06-22T15:11:51.5065731+08:00	0x03	-0.2357	0.4375	0.7831	0.3739	131.67	355.25	300.51
2026-06-22T15:11:51.5065731+08:00	0x08	0.0475	-0.0110	0.2334	0.9712	27.03	0.05	5.58
2026-06-22T15:11:51.5065731+08:00	0x07	0.0071	-0.0332	-0.2977	0.9541	325.35	356.13	359.65
2026-06-22T15:11:51.5065731+08:00	0x09	0.0772	0.0011	-0.0220	0.9968	357.47	359.93	8.85
2026-06-22T15:11:51.5065731+08:00	0x06	0.0054	0.0155	-0.4362	0.8997	308.28	1.33	1.33
2026-06-22T15:11:51.5065731+08:00	0x02	0.1158	0.4299	-0.8927	-0.0695	160.19	336.18	48.72
2026-06-22T15:11:51.5065731+08:00	0x03	-0.2474	0.4229	0.7696	0.4095	126.08	356.21	301.40
2026-06-22T15:11:51.5065731+08:00	0x01	0.3386	0.4403	-0.7803	0.2873	198.58	324.28	61.85
2026-06-22T15:11:51.5065731+08:00	0x07	0.0071	-0.0332	-0.2977	0.9541	325.35	356.12	359.64
2026-06-22T15:11:51.5065731+08:00	0x08	0.0475	-0.0110	0.2334	0.9712	27.03	0.05	5.58
2026-06-22T15:11:51.5065731+08:00	0x09	0.0772	0.0011	-0.0220	0.9968	357.47	359.93	8.85
2026-06-22T15:11:51.5065731+08:00	0x06	0.0054	0.0155	-0.4362	0.8997	308.28	1.33	1.33
2026-06-22T15:11:51.5065731+08:00	0x02	0.1165	0.4276	-0.8947	-0.0562	162.31	337.10	48.76
2026-06-22T15:11:51.5065731+08:00	0x03	-0.2019	0.4321	0.6572	0.5836	84.74	23.67	306.53
2026-06-22T15:11:51.5065731+08:00	0x01	0.3423	0.4230	-0.7859	0.2938	200.13	324.63	59.99
2026-06-22T15:11:51.5065731+08:00	0x09	0.0772	0.0010	-0.0220	0.9968	357.47	359.92	8.85
2026-06-22T15:11:51.5065731+08:00	0x07	0.0071	-0.0332	-0.2977	0.9541	325.35	356.12	359.64
2026-06-22T15:11:51.5065731+08:00	0x02	0.1155	0.4297	-0.8939	-0.0550	162.45	337.22	49.06
2026-06-22T15:11:51.5065731+08:00	0x03	-0.1868	0.4414	0.6528	0.5866	82.62	26.88	307.30
2026-06-22T15:11:51.5065731+08:00	0x01	0.3388	0.4279	-0.7854	0.2920	200.03	325.08	60.45
2026-06-22T15:11:51.5065731+08:00	0x08	0.0475	-0.0110	0.2334	0.9712	27.03	0.05	5.58
2026-06-22T15:11:51.5065731+08:00	0x06	0.0054	0.0155	-0.4362	0.8997	308.28	1.33	1.33
2026-06-22T15:11:51.5065731+08:00	0x02	0.1078	0.4368	-0.8917	-0.0499	163.37	338.39	50.19
2026-06-22T15:11:51.5065731+08:00	0x03	-0.2331	0.4473	0.7569	0.4156	121.17	2.21	299.44
2026-06-22T15:11:51.5065731+08:00	0x01	0.3350	0.4471	-0.7788	0.2853	198.31	324.63	62.56
2026-06-22T15:11:51.5075721+08:00	0x08	0.0475	-0.0110	0.2334	0.9712	27.03	0.04	5.58
2026-06-22T15:11:51.5075721+08:00	0x09	0.0772	0.0010	-0.0220	0.9968	357.47	359.92	8.85
2026-06-22T15:11:51.5075721+08:00	0x04	-0.3523	0.0683	0.3757	-0.8544	304.22	332.80	33.42
2026-06-22T15:11:51.5075721+08:00	0x03	-0.2612	0.4244	0.7843	0.3694	135.72	349.18	300.83
2026-06-22T15:11:51.5075721+08:00	0x02	0.1095	0.4365	-0.8915	-0.0512	163.05	338.03	50.10
2026-06-22T15:11:51.5075721+08:00	0x01	0.3353	0.4455	-0.7804	0.2831	197.91	324.37	62.27
2026-06-22T15:11:51.5075721+08:00	0x08	0.0475	-0.0110	0.2334	0.9712	27.03	0.05	5.58
2026-06-22T15:11:51.5075721+08:00	0x07	0.0071	-0.0332	-0.2977	0.9541	325.35	356.13	359.65
2026-06-22T15:11:51.5075721+08:00	0x09	0.0772	0.0010	-0.0220	0.9968	357.47	359.92	8.85
2026-06-22T15:11:51.5075721+08:00	0x04	-0.3724	0.0892	0.4254	-0.8200	295.27	326.76	32.34
2026-06-22T15:11:51.5075721+08:00	0x02	0.1129	0.4332	-0.8929	-0.0493	163.31	337.82	49.67
2026-06-22T15:11:51.5075721+08:00	0x03	-0.2561	0.4141	0.7662	0.4194	125.33	355.10	301.86
2026-06-22T15:11:51.5075721+08:00	0x01	0.3331	0.4480	-0.7818	0.2777	196.98	324.16	62.32
2026-06-22T15:11:51.5075721+08:00	0x09	0.0772	0.0011	-0.0220	0.9968	357.47	359.93	8.85
2026-06-22T15:11:51.5075721+08:00	0x07	0.0071	-0.0332	-0.2977	0.9541	325.35	356.13	359.65
2026-06-22T15:11:51.5075721+08:00	0x02	0.1006	0.4438	-0.8888	-0.0545	162.76	338.80	51.07
2026-06-22T15:11:51.5075721+08:00	0x03	-0.2460	0.4104	0.7567	0.4456	119.40	359.30	302.83
2026-06-22T15:11:51.5075721+08:00	0x01	0.3356	0.4459	-0.7824	0.2765	196.53	323.55	62.04
2026-06-22T15:11:51.5075721+08:00	0x08	0.0475	-0.0110	0.2334	0.9712	27.03	0.05	5.58
2026-06-22T15:11:51.5075721+08:00	0x07	0.0071	-0.0332	-0.2977	0.9541	325.35	356.13	359.65
2026-06-22T15:11:51.5075721+08:00	0x04	-0.3382	0.1108	0.5389	-0.7635	281.97	324.45	23.39
2026-06-22T15:11:51.5075721+08:00	0x01	0.3327	0.4358	-0.7826	0.2948	201.02	326.52	61.44
2026-06-22T15:11:51.5075721+08:00	0x03	-0.2161	0.4299	0.7314	0.4832	107.40	10.49	303.09
2026-06-22T15:11:51.5075721+08:00	0x08	0.0475	-0.0110	0.2334	0.9712	27.03	0.05	5.58
2026-06-22T15:11:51.5075721+08:00	0x06	0.0054	0.0155	-0.4362	0.8997	308.28	1.33	1.34
2026-06-22T15:11:51.5075721+08:00	0x07	0.0071	-0.0332	-0.2977	0.9541	325.35	356.13	359.65
2026-06-22T15:11:51.5075721+08:00	0x04	-0.3127	0.1545	0.6284	-0.6953	270.87	321.22	13.93
2026-06-22T15:11:51.5075721+08:00	0x03	-0.1959	0.4426	0.6696	0.5634	87.37	23.98	305.57
2026-06-22T15:11:51.5075721+08:00	0x08	0.0474	-0.0110	0.2334	0.9712	27.03	0.05	5.58
2026-06-22T15:11:51.5075721+08:00	0x01	0.3166	0.4409	-0.7513	0.3755	220.88	340.60	64.18
2026-06-22T15:11:51.5075721+08:00	0x06	0.0054	0.0155	-0.4362	0.8997	308.28	1.33	1.34
2026-06-22T15:11:51.5075721+08:00	0x02	0.0426	0.5147	-0.8562	-0.0161	171.37	349.15	61.64
2026-06-22T15:11:51.5075721+08:00	0x04	-0.3182	0.1336	0.5888	-0.7309	276.28	323.19	17.93
2026-06-22T15:11:51.5075721+08:00	0x01	0.3209	0.4312	-0.7554	0.3747	219.79	339.03	63.13
2026-06-22T15:11:51.5085697+08:00	0x08	0.0474	-0.0110	0.2334	0.9712	27.03	0.05	5.58
2026-06-22T15:11:51.5085697+08:00	0x06	0.0054	0.0155	-0.4362	0.8997	308.28	1.33	1.34
2026-06-22T15:11:51.5085697+08:00	0x02	0.0586	0.5088	-0.8581	-0.0360	165.80	343.91	60.35
2026-06-22T15:11:51.5085697+08:00	0x07	0.0071	-0.0332	-0.2977	0.9541	325.35	356.13	359.65
2026-06-22T15:11:51.5085697+08:00	0x03	-0.1842	0.4462	0.6478	0.5893	81.20	28.28	307.32
2026-06-22T15:11:51.5085697+08:00	0x08	0.0475	-0.0110	0.2334	0.9712	27.03	0.05	5.58
2026-06-22T15:11:51.5085697+08:00	0x07	0.0071	-0.0332	-0.2977	0.9541	325.35	356.13	359.65
2026-06-22T15:11:51.5085697+08:00	0x09	0.0772	0.0011	-0.0220	0.9968	357.47	359.93	8.85
2026-06-22T15:11:51.5085697+08:00	0x02	0.0733	0.5100	-0.8560	-0.0424	162.80	340.21	60.10
2026-06-22T15:11:51.5085697+08:00	0x04	-0.3179	0.0975	0.5226	-0.7851	285.92	328.07	23.41
2026-06-22T15:11:51.5085697+08:00	0x03	-0.1826	0.4473	0.6447	0.5924	80.35	28.92	307.53
2026-06-22T15:11:51.5085697+08:00	0x01	0.3277	0.4245	-0.7623	0.3624	216.04	335.69	62.21
2026-06-22T15:11:51.5085697+08:00	0x08	0.0475	-0.0110	0.2334	0.9712	27.03	0.05	5.58
2026-06-22T15:11:51.5085697+08:00	0x06	0.0054	0.0155	-0.4362	0.8997	308.28	1.33	1.33
2026-06-22T15:11:51.5085697+08:00	0x02	0.0639	0.5384	-0.8394	-0.0392	162.12	340.06	64.00
2026-06-22T15:11:51.5085697+08:00	0x04	-0.3478	0.0910	0.4971	-0.7897	287.27	326.57	27.31
2026-06-22T15:11:51.5085697+08:00	0x03	-0.1767	0.4443	0.6558	0.5842	82.76	27.89	307.89
2026-06-22T15:11:51.5085697+08:00	0x09	0.0772	0.0011	-0.0220	0.9968	357.47	359.93	8.85
2026-06-22T15:11:51.5085697+08:00	0x07	0.0071	-0.0332	-0.2977	0.9541	325.35	356.13	359.65
2026-06-22T15:11:51.5085697+08:00	0x04	-0.3088	0.0773	0.4996	-0.8056	289.98	331.49	24.86
2026-06-22T15:11:51.5085697+08:00	0x03	-0.1887	0.4483	0.6520	0.5817	82.40	27.60	306.48
2026-06-22T15:11:51.5085697+08:00	0x09	0.0772	0.0011	-0.0220	0.9968	357.47	359.93	8.85
2026-06-22T15:11:51.5085697+08:00	0x07	0.0071	-0.0332	-0.2977	0.9541	325.35	356.13	359.65
2026-06-22T15:11:51.5085697+08:00	0x06	0.0054	0.0155	-0.4362	0.8997	308.28	1.33	1.33
2026-06-22T15:11:51.5085697+08:00	0x04	-0.3094	0.0738	0.4788	-0.8183	292.89	332.40	25.83
2026-06-22T15:11:51.5085697+08:00	0x03	-0.1874	0.4504	0.6522	0.5802	82.34	27.97	306.40
2026-06-22T15:11:51.5085697+08:00	0x09	0.0772	0.0011	-0.0220	0.9968	357.47	359.93	8.85
2026-06-22T15:11:51.5085697+08:00	0x07	0.0071	-0.0332	-0.2977	0.9541	325.35	356.13	359.65
2026-06-22T15:11:51.5085697+08:00	0x04	-0.3039	0.0675	0.4647	-0.8289	295.29	333.93	26.17
2026-06-22T15:11:51.5085697+08:00	0x03	-0.1909	0.4477	0.6520	0.5813	82.55	27.30	306.31
2026-06-22T15:11:51.5085697+08:00	0x06	0.0054	0.0155	-0.4362	0.8997	308.28	1.33	1.33
2026-06-22T15:11:51.5085697+08:00	0x09	0.0772	0.0011	-0.0220	0.9968	357.47	359.93	8.85
2026-06-22T15:11:51.5085697+08:00	0x02	0.0597	0.6092	-0.7860	-0.0869	139.21	321.45	71.31
2026-06-22T15:11:51.5085697+08:00	0x07	0.0071	-0.0332	-0.2977	0.9541	325.35	356.13	359.65
2026-06-22T15:11:51.5085697+08:00	0x04	-0.3026	0.0679	0.4565	-0.8339	296.49	334.25	26.28
2026-06-22T15:11:51.5085697+08:00	0x03	-0.1926	0.4492	0.6502	0.5817	82.15	27.53	306.07
2026-06-22T15:11:51.5085697+08:00	0x08	0.0474	-0.0110	0.2334	0.9712	27.03	0.04	5.58
2026-06-22T15:11:51.5085697+08:00	0x06	0.0054	0.0156	-0.4362	0.8997	308.28	1.34	1.34
2026-06-22T15:11:51.5085697+08:00	0x09	0.0772	0.0011	-0.0220	0.9968	357.47	359.93	8.85
2026-06-22T15:11:51.5085697+08:00	0x07	0.0071	-0.0332	-0.2977	0.9541	325.35	356.12	359.64
2026-06-22T15:11:51.5085697+08:00	0x02	0.0623	0.6095	-0.7855	-0.0874	138.58	320.64	71.20
2026-06-22T15:11:51.5085697+08:00	0x04	-0.3009	0.0648	0.4493	-0.8387	297.64	334.94	26.52
2026-06-22T15:11:51.5085697+08:00	0x03	-0.1913	0.4512	0.6492	0.5817	81.82	28.01	306.06
2026-06-22T15:11:51.5085697+08:00	0x01	0.3244	0.4311	-0.7718	0.3365	210.82	333.25	62.10
2026-06-22T15:11:51.5085697+08:00	0x06	0.0054	0.0156	-0.4362	0.8997	308.28	1.34	1.34
2026-06-22T15:11:51.5085697+08:00	0x09	0.0772	0.0011	-0.0220	0.9968	357.47	359.93	8.85
2026-06-22T15:11:51.5085697+08:00	0x07	0.0071	-0.0332	-0.2977	0.9541	325.35	356.12	359.64
2026-06-22T15:11:51.5085697+08:00	0x02	0.0607	0.6107	-0.7842	-0.0914	137.50	320.02	71.22
2026-06-22T15:11:51.5085697+08:00	0x04	-0.3007	0.0620	0.4451	-0.8412	298.28	335.38	26.79
2026-06-22T15:11:51.5085697+08:00	0x03	-0.1900	0.4507	0.6494	0.5822	81.80	28.06	306.22
2026-06-22T15:11:51.5085697+08:00	0x01	0.3234	0.4324	-0.7715	0.3364	210.92	333.47	62.23
2026-06-22T15:11:51.5085697+08:00	0x08	0.0475	-0.0110	0.2334	0.9712	27.03	0.04	5.58
2026-06-22T15:11:51.5085697+08:00	0x06	0.0054	0.0155	-0.4362	0.8997	308.28	1.33	1.33
2026-06-22T15:11:51.5085697+08:00	0x09	0.0772	0.0011	-0.0220	0.9968	357.47	359.93	8.85
2026-06-22T15:11:51.5085697+08:00	0x07	0.0071	-0.0332	-0.2977	0.9541	325.35	356.12	359.64
2026-06-22T15:11:51.5085697+08:00	0x02	0.0618	0.6083	-0.7860	-0.0914	138.00	320.44	70.91
2026-06-22T15:11:51.5085697+08:00	0x04	-0.2970	0.0609	0.4425	-0.8439	298.88	335.86	26.58
2026-06-22T15:11:51.5095659+08:00	0x03	-0.1897	0.4514	0.6492	0.5820	81.71	28.21	306.20
2026-06-22T15:11:51.5095659+08:00	0x01	0.3237	0.4315	-0.7717	0.3369	211.00	333.46	62.14
2026-06-22T15:11:51.5095659+08:00	0x08	0.0475	-0.0110	0.2334	0.9712	27.03	0.04	5.58
2026-06-22T15:11:51.5095659+08:00	0x06	0.0054	0.0155	-0.4362	0.8997	308.28	1.33	1.33
2026-06-22T15:11:51.5095659+08:00	0x07	0.0071	-0.0332	-0.2977	0.9541	325.35	356.12	359.64
2026-06-22T15:11:51.5095659+08:00	0x04	-0.3067	0.0647	0.4401	-0.8415	298.55	334.75	27.34
2026-06-22T15:11:51.5095659+08:00	0x03	-0.1887	0.4517	0.6484	0.5831	81.46	28.44	306.32
2026-06-22T15:11:51.5095659+08:00	0x01	0.3223	0.4339	-0.7707	0.3375	211.29	333.87	62.42
2026-06-22T15:11:51.5095659+08:00	0x06	0.0054	0.0156	-0.4362	0.8997	308.28	1.34	1.34
2026-06-22T15:11:51.5095659+08:00	0x02	0.0694	0.5974	-0.7930	-0.0967	138.53	320.78	69.09
2026-06-22T15:11:51.5095659+08:00	0x09	0.0771	0.0011	-0.0220	0.9968	357.47	359.93	8.85
2026-06-22T15:11:51.5095659+08:00	0x08	0.0475	-0.0110	0.2334	0.9712	27.03	0.04	5.58
2026-06-22T15:11:51.5095659+08:00	0x07	0.0071	-0.0332	-0.2977	0.9541	325.35	356.12	359.64
2026-06-22T15:11:51.5095659+08:00	0x04	-0.3055	0.0647	0.4375	-0.8433	298.99	334.94	27.30
2026-06-22T15:11:51.5095659+08:00	0x03	-0.1877	0.4527	0.6476	0.5834	81.19	28.76	306.35
2026-06-22T15:11:51.5095659+08:00	0x01	0.3236	0.4323	-0.7703	0.3393	211.52	333.80	62.32
2026-06-22T15:11:51.5095659+08:00	0x09	0.0771	0.0011	-0.0220	0.9968	357.47	359.93	8.85
2026-06-22T15:11:51.5095659+08:00	0x07	0.0071	-0.0332	-0.2977	0.9541	325.35	356.12	359.64
2026-06-22T15:11:51.5095659+08:00	0x04	-0.3298	0.0691	0.4364	-0.8342	297.42	332.45	29.34
2026-06-22T15:11:51.5095659+08:00	0x03	-0.1754	0.4560	0.6462	0.5863	80.20	30.51	307.35
2026-06-22T15:11:51.5095659+08:00	0x01	0.3183	0.4285	-0.7786	0.3300	210.16	333.68	61.32
2026-06-22T15:11:51.5095659+08:00	0x06	0.0054	0.0156	-0.4362	0.8997	308.28	1.34	1.34
2026-06-22T15:11:51.5095659+08:00	0x09	0.0771	0.0011	-0.0220	0.9968	357.47	359.93	8.85
2026-06-22T15:11:51.5095659+08:00	0x02	0.1437	0.4689	-0.8588	-0.1485	142.95	323.36	49.70
2026-06-22T15:11:51.5095659+08:00	0x07	0.0071	-0.0332	-0.2977	0.9541	325.35	356.12	359.64
2026-06-22T15:11:51.5095659+08:00	0x03	-0.2324	0.4477	0.7482	0.4309	117.54	4.43	299.50
2026-06-22T15:11:51.5095659+08:00	0x01	0.3201	0.4411	-0.7881	0.2861	200.65	328.14	61.45
2026-06-22T15:11:51.5095659+08:00	0x09	0.0772	0.0011	-0.0220	0.9968	357.47	359.93	8.85
2026-06-22T15:11:51.5095659+08:00	0x07	0.0071	-0.0332	-0.2977	0.9541	325.35	356.12	359.64
2026-06-22T15:11:51.5095659+08:00	0x08	0.0475	-0.0110	0.2334	0.9712	27.03	0.04	5.58
2026-06-22T15:11:51.5095659+08:00	0x04	-0.3806	0.0544	0.3041	-0.8716	312.59	335.14	39.08
2026-06-22T15:11:51.5095659+08:00	0x03	-0.2467	0.4424	0.7599	0.4073	124.62	358.29	299.15
2026-06-22T15:11:51.5095659+08:00	0x01	0.3236	0.4505	-0.7802	0.2891	200.50	327.56	62.89
2026-06-22T15:11:51.5095659+08:00	0x09	0.0772	0.0011	-0.0220	0.9968	357.47	359.93	8.85
2026-06-22T15:11:51.5095659+08:00	0x06	0.0054	0.0156	-0.4362	0.8997	308.28	1.34	1.34
2026-06-22T15:11:51.5095659+08:00	0x07	0.0071	-0.0332	-0.2977	0.9541	325.35	356.12	359.65
2026-06-22T15:11:51.5095659+08:00	0x04	-0.3664	0.0467	0.3962	-0.8406	300.80	333.10	35.38
2026-06-22T15:11:51.5095659+08:00	0x03	-0.2374	0.4089	0.7347	0.4865	110.26	5.07	303.71
2026-06-22T15:11:51.5095659+08:00	0x08	0.0475	-0.0110	0.2334	0.9712	27.03	0.05	5.58
2026-06-22T15:11:51.5095659+08:00	0x09	0.0772	0.0011	-0.0220	0.9968	357.47	359.93	8.85
2026-06-22T15:11:51.5095659+08:00	0x07	0.0071	-0.0332	-0.2977	0.9541	325.35	356.12	359.64
2026-06-22T15:11:51.5095659+08:00	0x04	-0.3367	0.1297	0.5993	-0.7146	273.33	321.47	19.01
2026-06-22T15:11:51.5095659+08:00	0x01	0.3186	0.4580	-0.7709	0.3072	204.90	330.92	64.41
2026-06-22T15:11:51.5095659+08:00	0x03	-0.2017	0.4318	0.6620	0.5785	85.92	23.08	306.39
2026-06-22T15:11:51.5095659+08:00	0x06	0.0054	0.0156	-0.4362	0.8997	308.28	1.33	1.34
2026-06-22T15:11:51.5095659+08:00	0x08	0.0474	-0.0110	0.2334	0.9712	27.03	0.05	5.58
2026-06-22T15:11:51.5095659+08:00	0x07	0.0071	-0.0332	-0.2977	0.9541	325.35	356.12	359.64
2026-06-22T15:11:51.5095659+08:00	0x04	-0.3273	0.1093	0.5498	-0.7607	281.28	325.37	22.20
2026-06-22T15:11:51.5095659+08:00	0x03	-0.2047	0.4344	0.6530	0.5857	83.84	24.14	306.19
2026-06-22T15:11:51.5095659+08:00	0x09	0.0772	0.0011	-0.0220	0.9968	357.47	359.93	8.85
2026-06-22T15:11:51.5095659+08:00	0x06	0.0054	0.0156	-0.4362	0.8997	308.28	1.34	1.34
2026-06-22T15:11:51.5095659+08:00	0x02	0.0441	0.5844	-0.8070	-0.0724	151.20	333.54	69.53
2026-06-22T15:11:51.5095659+08:00	0x07	0.0071	-0.0332	-0.2977	0.9541	325.35	356.12	359.64
2026-06-22T15:11:51.5095659+08:00	0x04	-0.2903	0.0817	0.5286	-0.7935	287.10	331.91	21.98
2026-06-22T15:11:51.5095659+08:00	0x03	-0.1975	0.4431	0.6532	0.5813	83.30	25.92	306.05
2026-06-22T15:11:51.5095659+08:00	0x01	0.3227	0.4349	-0.7742	0.3277	209.13	332.58	62.23
2026-06-22T15:11:51.5095659+08:00	0x09	0.0772	0.0011	-0.0220	0.9968	357.47	359.93	8.85
2026-06-22T15:11:51.5095659+08:00	0x06	0.0054	0.0156	-0.4362	0.8997	308.28	1.33	1.34
2026-06-22T15:11:51.5095659+08:00	0x02	0.0470	0.6177	-0.7807	-0.0830	139.97	322.92	73.05
2026-06-22T15:11:51.5095659+08:00	0x07	0.0071	-0.0332	-0.2977	0.9541	325.35	356.12	359.65
2026-06-22T15:11:51.5095659+08:00	0x04	-0.2889	0.0723	0.5000	-0.8132	291.29	333.71	23.43
2026-06-22T15:11:51.5095659+08:00	0x01	0.3224	0.4347	-0.7734	0.3302	209.69	332.93	62.28
2026-06-22T15:11:51.5095659+08:00	0x09	0.0772	0.0011	-0.0220	0.9968	357.47	359.93	8.85
2026-06-22T15:11:51.5106046+08:00	0x02	0.0437	0.6263	-0.7739	-0.0826	137.87	321.04	74.21
2026-06-22T15:11:51.5106046+08:00	0x08	0.0475	-0.0110	0.2334	0.9712	27.03	0.05	5.58
2026-06-22T15:11:51.5106046+08:00	0x07	0.0071	-0.0332	-0.2977	0.9541	325.35	356.12	359.64
2026-06-22T15:11:51.5106046+08:00	0x04	-0.2873	0.0671	0.4813	-0.8254	294.04	334.88	24.18
2026-06-22T15:11:51.5106046+08:00	0x01	0.3219	0.4397	-0.7711	0.3295	209.59	333.04	62.89
2026-06-22T15:11:51.5106046+08:00	0x03	-0.1923	0.4507	0.6461	0.5852	81.10	28.22	306.15
2026-06-22T15:11:51.5106046+08:00	0x09	0.0772	0.0011	-0.0220	0.9968	357.47	359.93	8.85
2026-06-22T15:11:51.5106046+08:00	0x08	0.0475	-0.0110	0.2334	0.9712	27.03	0.05	5.58
2026-06-22T15:11:51.5106046+08:00	0x02	0.0508	0.6209	-0.7774	-0.0869	137.19	320.15	73.05
2026-06-22T15:11:51.5106046+08:00	0x07	0.0071	-0.0332	-0.2977	0.9541	325.35	356.13	359.65
2026-06-22T15:11:51.5106046+08:00	0x04	-0.2868	0.0600	0.4666	-0.8345	296.19	336.05	25.00
2026-06-22T15:11:51.5106046+08:00	0x01	0.3244	0.4366	-0.7729	0.3268	208.70	332.11	62.49
2026-06-22T15:11:51.5106046+08:00	0x09	0.0772	0.0011	-0.0220	0.9968	357.47	359.93	8.85
2026-06-22T15:11:51.5106046+08:00	0x08	0.0475	-0.0110	0.2334	0.9712	27.03	0.05	5.58
2026-06-22T15:11:51.5106046+08:00	0x02	0.0580	0.6197	-0.7771	-0.0930	134.76	317.63	72.26
2026-06-22T15:11:51.5106046+08:00	0x04	-0.2893	0.0517	0.4532	-0.8416	298.02	337.12	26.11
2026-06-22T15:11:51.5106046+08:00	0x03	-0.1915	0.4491	0.6443	0.5887	80.66	28.32	306.47
2026-06-22T15:11:51.5106046+08:00	0x09	0.0772	0.0011	-0.0220	0.9968	357.47	359.93	8.85
2026-06-22T15:11:51.5106046+08:00	0x08	0.0475	-0.0110	0.2334	0.9712	27.03	0.05	5.58
2026-06-22T15:11:51.5106046+08:00	0x06	0.0054	0.0156	-0.4362	0.8997	308.28	1.34	1.34
2026-06-22T15:11:51.5106046+08:00	0x04	-0.2851	0.0485	0.4466	-0.8467	299.21	337.97	26.07
2026-06-22T15:11:51.5106046+08:00	0x01	0.3234	0.4360	-0.7721	0.3304	209.60	332.76	62.50
2026-06-22T15:11:51.5106046+08:00	0x03	-0.1903	0.4499	0.6437	0.5892	80.43	28.61	306.55
2026-06-22T15:11:51.5106046+08:00	0x08	0.0475	-0.0110	0.2334	0.9712	27.03	0.05	5.58
2026-06-22T15:11:51.5106046+08:00	0x07	0.0071	-0.0332	-0.2977	0.9541	325.35	356.13	359.65
2026-06-22T15:11:51.5106046+08:00	0x02	0.0580	0.6282	-0.7690	-0.1030	129.33	313.02	72.60
2026-06-22T15:11:51.5106046+08:00	0x04	-0.2839	0.0462	0.4412	-0.8501	300.07	338.48	26.23
2026-06-22T15:11:51.5106046+08:00	0x03	-0.1893	0.4502	0.6425	0.5905	80.10	28.87	306.67
2026-06-22T15:11:51.5106046+08:00	0x09	0.0772	0.0011	-0.0220	0.9968	357.47	359.93	8.85
2026-06-22T15:11:51.5106046+08:00	0x08	0.0475	-0.0110	0.2334	0.9712	27.03	0.05	5.58
2026-06-22T15:11:51.5106046+08:00	0x07	0.0071	-0.0332	-0.2977	0.9541	325.35	356.13	359.65
2026-06-22T15:11:51.5106046+08:00	0x04	-0.2848	0.0461	0.4365	-0.8522	300.66	338.57	26.43
2026-06-22T15:11:51.5106046+08:00	0x03	-0.1899	0.4492	0.6417	0.5919	79.96	28.79	306.74
2026-06-22T15:11:51.5106046+08:00	0x09	0.0772	0.0011	-0.0220	0.9968	357.47	359.93	8.85
2026-06-22T15:11:51.5106046+08:00	0x08	0.0475	-0.0110	0.2334	0.9712	27.03	0.05	5.58
2026-06-22T15:11:51.5106046+08:00	0x07	0.0071	-0.0332	-0.2977	0.9541	325.35	356.13	359.65
2026-06-22T15:11:51.5106046+08:00	0x02	0.0594	0.6299	-0.7671	-0.1062	127.71	311.55	72.51
2026-06-22T15:11:51.5106046+08:00	0x01	0.3208	0.4382	-0.7723	0.3294	209.71	333.23	62.66
2026-06-22T15:11:51.5106046+08:00	0x04	-0.2915	0.0460	0.4362	-0.8501	300.33	338.07	27.09
2026-06-22T15:11:51.5106046+08:00	0x03	-0.1869	0.4510	0.6411	0.5922	79.62	29.37	306.91
2026-06-22T15:11:51.5106046+08:00	0x09	0.0772	0.0011	-0.0220	0.9968	357.47	359.93	8.85
2026-06-22T15:11:51.5106046+08:00	0x02	0.0627	0.6190	-0.7764	-0.1004	132.41	315.50	71.55
2026-06-22T15:11:51.5106046+08:00	0x01	0.3257	0.4164	-0.7769	0.3421	211.83	333.37	60.44
2026-06-22T15:11:51.5106046+08:00	0x04	-0.3102	0.0559	0.4204	-0.8508	301.19	336.05	28.74
2026-06-22T15:11:51.5106046+08:00	0x09	0.0772	0.0011	-0.0220	0.9968	357.47	359.93	8.85
2026-06-22T15:11:51.5106046+08:00	0x08	0.0475	-0.0110	0.2334	0.9712	27.03	0.05	5.58
2026-06-22T15:11:51.5106046+08:00	0x06	0.0054	0.0155	-0.4362	0.8997	308.28	1.33	1.33
2026-06-22T15:11:51.5106046+08:00	0x02	0.0642	0.5938	-0.7963	-0.0959	140.35	322.97	68.97
2026-06-22T15:11:51.5106046+08:00	0x04	-0.3116	0.0569	0.4231	-0.8489	300.71	335.74	28.74
2026-06-22T15:11:51.5106046+08:00	0x09	0.0771	0.0011	-0.0220	0.9968	357.47	359.93	8.85
2026-06-22T15:11:51.5106046+08:00	0x03	-0.1780	0.4729	0.6541	0.5629	81.89	31.47	305.02
2026-06-22T15:11:51.5106046+08:00	0x07	0.0071	-0.0332	-0.2977	0.9541	325.35	356.13	359.65
2026-06-22T15:11:51.5106046+08:00	0x08	0.0475	-0.0110	0.2334	0.9712	27.03	0.05	5.58
2026-06-22T15:11:51.5106046+08:00	0x01	0.3306	0.4057	-0.7793	0.3445	211.80	332.46	59.34
2026-06-22T15:11:51.5106046+08:00	0x09	0.0771	0.0011	-0.0220	0.9968	357.47	359.93	8.85
2026-06-22T15:11:51.5106046+08:00	0x08	0.0475	-0.0110	0.2334	0.9712	27.03	0.05	5.58
2026-06-22T15:11:51.5106046+08:00	0x04	-0.3101	0.0575	0.4263	-0.8478	300.35	335.68	28.48
2026-06-22T15:11:51.5106046+08:00	0x07	0.0071	-0.0332	-0.2977	0.9541	325.35	356.13	359.65
2026-06-22T15:11:51.5106046+08:00	0x04	-0.3133	0.0578	0.4267	-0.8464	300.08	335.37	28.75
2026-06-22T15:11:51.5106046+08:00	0x09	0.0772	0.0011	-0.0220	0.9968	357.47	359.93	8.85
2026-06-22T15:11:51.5116026+08:00	0x08	0.0474	-0.0110	0.2334	0.9712	27.03	0.04	5.58
2026-06-22T15:11:51.5116026+08:00	0x03	-0.1866	0.4606	0.6521	0.5725	82.10	29.30	305.47
2026-06-22T15:11:51.5116026+08:00	0x02	0.0684	0.6108	-0.7816	-0.1067	132.70	315.85	70.09
2026-06-22T15:11:51.5116026+08:00	0x06	0.0054	0.0155	-0.4362	0.8997	308.28	1.33	1.34
2026-06-22T15:11:51.5116026+08:00	0x04	-0.3107	0.0569	0.4305	-0.8455	299.74	335.56	28.46
2026-06-22T15:11:51.5116026+08:00	0x08	0.0474	-0.0110	0.2334	0.9712	27.03	0.04	5.58
2026-06-22T15:11:51.5116026+08:00	0x09	0.0772	0.0011	-0.0220	0.9968	357.47	359.93	8.85
2026-06-22T15:11:51.5116026+08:00	0x03	-0.1783	0.4643	0.6498	0.5748	81.01	30.86	306.06
2026-06-22T15:11:51.5116026+08:00	0x04	-0.3068	0.0543	0.4307	-0.8470	300.01	336.15	28.23
2026-06-22T15:11:51.5116026+08:00	0x01	0.3299	0.4206	-0.7745	0.3383	210.58	332.15	61.01
2026-06-22T15:11:51.5116026+08:00	0x09	0.0772	0.0011	-0.0220	0.9968	357.47	359.93	8.85
2026-06-22T15:11:51.5116026+08:00	0x08	0.0474	-0.0110	0.2334	0.9712	27.03	0.04	5.58
2026-06-22T15:11:51.5116026+08:00	0x03	-0.1785	0.4628	0.6512	0.5744	81.39	30.49	306.12
2026-06-22T15:11:51.5116026+08:00	0x06	0.0054	0.0155	-0.4362	0.8997	308.28	1.33	1.34
2026-06-22T15:11:51.5116026+08:00	0x09	0.0772	0.0011	-0.0220	0.9968	357.47	359.93	8.85
2026-06-22T15:11:51.5116026+08:00	0x01	0.3303	0.4168	-0.7762	0.3386	210.60	332.04	60.54
2026-06-22T15:11:51.5116026+08:00	0x09	0.0772	0.0011	-0.0220	0.9968	357.47	359.93	8.85
2026-06-22T15:11:51.5116026+08:00	0x03	-0.1789	0.4633	0.6513	0.5738	81.43	30.51	306.03
2026-06-22T15:11:51.5116026+08:00	0x02	0.0718	0.6072	-0.7838	-0.1088	132.83	315.88	69.43
2026-06-22T15:11:51.5116026+08:00	0x01	0.3295	0.4192	-0.7754	0.3383	210.62	332.21	60.81
2026-06-22T15:11:51.5116026+08:00	0x04	-0.3037	0.0541	0.4302	-0.8484	300.28	336.44	27.95
2026-06-22T15:11:51.5116026+08:00	0x08	0.0474	-0.0110	0.2334	0.9712	27.03	0.04	5.58
2026-06-22T15:11:51.5116026+08:00	0x09	0.0772	0.0011	-0.0220	0.9968	357.47	359.93	8.85
2026-06-22T15:11:51.5116026+08:00	0x07	0.0071	-0.0332	-0.2977	0.9541	325.35	356.13	359.65
2026-06-22T15:11:51.5116026+08:00	0x06	0.0054	0.0155	-0.4362	0.8997	308.28	1.33	1.34
2026-06-22T15:11:51.5116026+08:00	0x04	-0.3034	0.0534	0.4306	-0.8484	300.26	336.53	27.95
2026-06-22T15:11:51.5116026+08:00	0x09	0.0772	0.0011	-0.0220	0.9968	357.47	359.93	8.85
2026-06-22T15:11:51.5116026+08:00	0x09	0.0772	0.0011	-0.0220	0.9968	357.47	359.93	8.85
2026-06-22T15:11:51.5116026+08:00	0x08	0.0475	-0.0110	0.2334	0.9712	27.03	0.04	5.58
2026-06-22T15:11:51.5116026+08:00	0x07	0.0071	-0.0332	-0.2977	0.9541	325.35	356.13	359.65
2026-06-22T15:11:51.5116026+08:00	0x03	-0.1808	0.4599	0.6509	0.5763	81.50	29.94	306.19
2026-06-22T15:11:51.5116026+08:00	0x02	0.0734	0.5960	-0.7931	-0.1021	137.12	319.49	68.49
2026-06-22T15:11:51.5116026+08:00	0x06	0.0054	0.0155	-0.4362	0.8997	308.28	1.33	1.34
2026-06-22T15:11:51.5116026+08:00	0x04	-0.3043	0.0514	0.4329	-0.8470	299.92	336.59	28.09
2026-06-22T15:11:51.5116026+08:00	0x09	0.0772	0.0011	-0.0220	0.9968	357.47	359.93	8.85
2026-06-22T15:11:51.5116026+08:00	0x01	0.3322	0.4229	-0.7759	0.3297	208.50	330.69	61.09
2026-06-22T15:11:51.5116026+08:00	0x09	0.0772	0.0011	-0.0220	0.9968	357.47	359.93	8.85
2026-06-22T15:11:51.5116026+08:00	0x08	0.0475	-0.0110	0.2334	0.9712	27.03	0.04	5.58
2026-06-22T15:11:51.5116026+08:00	0x03	-0.1804	0.4593	0.6496	0.5783	81.18	30.06	306.34
2026-06-22T15:11:51.5116026+08:00	0x07	0.0071	-0.0332	-0.2977	0.9541	325.35	356.12	359.64
2026-06-22T15:11:51.5116026+08:00	0x06	0.0054	0.0155	-0.4362	0.8997	308.28	1.33	1.33
2026-06-22T15:11:51.5116026+08:00	0x02	0.0796	0.5956	-0.7926	-0.1033	136.15	318.10	68.08
2026-06-22T15:11:51.5116026+08:00	0x09	0.0772	0.0011	-0.0220	0.9968	357.47	359.93	8.85
2026-06-22T15:11:51.5116026+08:00	0x04	-0.3202	0.0497	0.4303	-0.8425	299.30	335.54	29.79
2026-06-22T15:11:51.5116026+08:00	0x09	0.0772	0.0011	-0.0220	0.9968	357.47	359.93	8.85
2026-06-22T15:11:51.5116026+08:00	0x08	0.0475	-0.0110	0.2334	0.9712	27.03	0.04	5.58
2026-06-22T15:11:51.5116026+08:00	0x03	-0.1729	0.4611	0.6539	0.5744	81.82	30.52	306.71
2026-06-22T15:11:51.5116026+08:00	0x06	0.0054	0.0155	-0.4362	0.8997	308.28	1.33	1.34
2026-06-22T15:11:51.5116026+08:00	0x02	0.0778	0.5884	-0.7981	-0.1039	138.02	320.17	67.37
2026-06-22T15:11:51.5116026+08:00	0x04	-0.3170	0.0509	0.4285	-0.8446	299.73	335.75	29.46
2026-06-22T15:11:51.5116026+08:00	0x01	0.3324	0.4203	-0.7765	0.3315	208.88	330.84	60.82
2026-06-22T15:11:51.5116026+08:00	0x09	0.0772	0.0011	-0.0220	0.9968	357.47	359.93	8.85
2026-06-22T15:11:51.5116026+08:00	0x08	0.0475	-0.0110	0.2334	0.9712	27.03	0.05	5.58
2026-06-22T15:11:51.5116026+08:00	0x07	0.0071	-0.0332	-0.2977	0.9541	325.35	356.13	359.65
2026-06-22T15:11:51.5116026+08:00	0x06	0.0054	0.0155	-0.4362	0.8997	308.28	1.33	1.34
2026-06-22T15:11:51.5116026+08:00	0x01	0.3320	0.4191	-0.7774	0.3313	208.88	330.88	60.64
2026-06-22T15:11:51.5116026+08:00	0x04	-0.3184	0.0569	0.4281	-0.8439	299.58	335.00	29.24
2026-06-22T15:11:51.5116026+08:00	0x08	0.0475	-0.0110	0.2334	0.9712	27.03	0.04	5.58
2026-06-22T15:11:51.5116026+08:00	0x03	-0.1756	0.4598	0.6529	0.5757	81.72	30.22	306.62
2026-06-22T15:11:51.5116026+08:00	0x09	0.0772	0.0011	-0.0220	0.9968	357.47	359.93	8.85
2026-06-22T15:11:51.5116026+08:00	0x02	0.0781	0.5892	-0.7973	-0.1051	137.51	319.74	67.39
2026-06-22T15:11:51.5116026+08:00	0x04	-0.3182	0.0480	0.4312	-0.8429	299.33	335.86	29.67
2026-06-22T15:11:51.5125991+08:00	0x09	0.0772	0.0011	-0.0220	0.9968	357.47	359.93	8.85
2026-06-22T15:11:51.5125991+08:00	0x07	0.0071	-0.0332	-0.2977	0.9541	325.35	356.13	359.65
2026-06-22T15:11:51.5125991+08:00	0x03	-0.1725	0.4596	0.6575	0.5715	82.72	29.96	306.71
2026-06-22T15:11:51.5125991+08:00	0x06	0.0054	0.0155	-0.4362	0.8997	308.28	1.33	1.34
2026-06-22T15:11:51.5125991+08:00	0x02	0.0830	0.5827	-0.8016	-0.1050	138.44	320.27	66.45
2026-06-22T15:11:51.5125991+08:00	0x04	-0.3463	0.0615	0.4292	-0.8319	297.37	332.04	31.57
2026-06-22T15:11:51.5125991+08:00	0x09	0.0772	0.0011	-0.0220	0.9968	357.47	359.93	8.85
2026-06-22T15:11:51.5125991+08:00	0x08	0.0475	-0.0110	0.2334	0.9712	27.03	0.05	5.58
2026-06-22T15:11:51.5125991+08:00	0x03	-0.1692	0.4585	0.6584	0.5724	82.80	30.04	307.11
2026-06-22T15:11:51.5125991+08:00	0x02	0.0836	0.5781	-0.8053	-0.1016	140.07	321.56	66.08
2026-06-22T15:11:51.5125991+08:00	0x04	-0.3262	0.0475	0.4238	-0.8436	299.84	335.51	30.67
2026-06-22T15:11:51.5125991+08:00	0x09	0.0772	0.0011	-0.0220	0.9968	357.47	359.93	8.85
2026-06-22T15:11:51.5125991+08:00	0x07	0.0071	-0.0332	-0.2977	0.9541	325.35	356.13	359.65
2026-06-22T15:11:51.5125991+08:00	0x03	-0.1662	0.4585	0.6628	0.5682	83.72	29.83	307.19
2026-06-22T15:11:51.5125991+08:00	0x04	-0.3364	0.0552	0.4257	-0.8382	298.71	333.72	31.13
2026-06-22T15:11:51.5125991+08:00	0x09	0.0772	0.0011	-0.0220	0.9968	357.47	359.93	8.85
2026-06-22T15:11:51.5125991+08:00	0x08	0.0475	-0.0110	0.2334	0.9712	27.03	0.04	5.58
2026-06-22T15:11:51.5125991+08:00	0x07	0.0071	-0.0332	-0.2977	0.9541	325.35	356.13	359.65
2026-06-22T15:11:51.5125991+08:00	0x02	0.0796	0.5772	-0.8061	-0.1037	140.32	322.32	66.07
2026-06-22T15:11:51.5125991+08:00	0x06	0.0054	0.0156	-0.4362	0.8997	308.28	1.34	1.34
2026-06-22T15:11:51.5125991+08:00	0x04	-0.3309	0.0543	0.4304	-0.8380	298.46	334.13	30.52
2026-06-22T15:11:51.5125991+08:00	0x01	0.3317	0.4200	-0.7788	0.3272	208.08	330.49	60.61
2026-06-22T15:11:51.6656134+08:00	0x09	0.0772	0.0011	-0.0220	0.9968	357.47	359.93	8.85
2026-06-22T15:11:51.7299568+08:00	0x07	0.0071	-0.0332	-0.2977	0.9541	325.35	356.13	359.65
2026-06-22T15:11:51.7799456+08:00	0x03	-0.1733	0.4570	0.6580	0.5728	82.92	29.50	306.87
2026-06-22T15:11:51.8970511+08:00	0x03	-0.1682	0.4587	0.6615	0.5690	83.49	29.82	307.04
2026-06-22T15:11:51.8970511+08:00	0x06	0.0054	0.0155	-0.4362	0.8997	308.28	1.33	1.33
2026-06-22T15:11:51.9967220+08:00	0x04	-0.3312	0.0632	0.4351	-0.8349	297.62	333.00	29.87
2026-06-22T15:11:52.1335405+08:00	0x09	0.0772	0.0011	-0.0220	0.9968	357.47	359.93	8.85
2026-06-22T15:12:45.1203144+08:00	0x07	0.0071	-0.0332	-0.2977	0.9541	325.35	356.13	359.64
2026-06-22T15:12:45.1203144+08:00	0x03	-0.1724	0.4575	0.6563	0.5746	82.46	29.84	306.99
2026-06-22T15:12:45.1203144+08:00	0x03	-0.1682	0.4587	0.6615	0.5690	83.49	29.82	307.04
2026-06-22T15:12:45.1203144+08:00	0x06	0.0054	0.0156	-0.4362	0.8997	308.28	1.34	1.34
2026-06-22T15:12:45.1203144+08:00	0x09	0.0772	0.0011	-0.0220	0.9968	357.47	359.93	8.85
2026-06-22T15:12:45.1203144+08:00	0x08	0.0474	-0.0110	0.2334	0.9712	27.03	0.05	5.58
2026-06-22T15:12:45.1203144+08:00	0x07	0.0071	-0.0332	-0.2977	0.9541	325.35	356.13	359.64
2026-06-22T15:12:45.1203144+08:00	0x03	-0.1722	0.4584	0.6568	0.5735	82.54	29.92	306.90
2026-06-22T15:12:45.1203144+08:00	0x03	-0.1682	0.4587	0.6615	0.5690	83.49	29.82	307.04
2026-06-22T15:12:45.1203144+08:00	0x06	0.0054	0.0155	-0.4362	0.8997	308.28	1.33	1.33
2026-06-22T15:12:45.1203144+08:00	0x01	0.3282	0.4249	-0.7779	0.3267	208.33	331.19	61.09
2026-06-22T15:12:45.1203144+08:00	0x09	0.0772	0.0011	-0.0220	0.9968	357.47	359.93	8.85
2026-06-22T15:12:45.1203144+08:00	0x08	0.0474	-0.0110	0.2334	0.9712	27.03	0.05	5.58
2026-06-22T15:12:45.1203144+08:00	0x07	0.0071	-0.0332	-0.2977	0.9541	325.35	356.12	359.64
2026-06-22T15:12:45.1203144+08:00	0x03	-0.1727	0.4593	0.6575	0.5718	82.71	29.91	306.73
2026-06-22T15:12:45.1203144+08:00	0x06	0.0054	0.0155	-0.4362	0.8997	308.28	1.33	1.33
2026-06-22T15:12:45.1203144+08:00	0x04	-0.3181	0.0578	0.4309	-0.8425	299.20	334.84	29.10
2026-06-22T15:12:45.1203144+08:00	0x09	0.0772	0.0011	-0.0220	0.9968	357.47	359.93	8.85
2026-06-22T15:12:45.1203144+08:00	0x07	0.0071	-0.0332	-0.2977	0.9541	325.35	356.12	359.64
2026-06-22T15:12:45.1203144+08:00	0x03	-0.1750	0.4581	0.6584	0.5710	83.08	29.42	306.58
2026-06-22T15:12:45.1203144+08:00	0x02	0.0819	0.5781	-0.8051	-0.1043	139.72	321.57	66.04
2026-06-22T15:12:45.1203144+08:00	0x06	0.0054	0.0155	-0.4362	0.8997	308.28	1.33	1.33
2026-06-22T15:12:45.1203144+08:00	0x01	0.3286	0.4266	-0.7761	0.3282	208.57	331.29	61.38
2026-06-22T15:12:45.1203144+08:00	0x09	0.0772	0.0011	-0.0220	0.9968	357.47	359.93	8.85
2026-06-22T15:12:45.1203144+08:00	0x08	0.0475	-0.0110	0.2334	0.9712	27.03	0.04	5.58
2026-06-22T15:12:45.1203144+08:00	0x07	0.0071	-0.0332	-0.2977	0.9541	325.35	356.12	359.64
2026-06-22T15:12:45.1203144+08:00	0x03	-0.1780	0.4564	0.6578	0.5721	83.12	28.97	306.48
2026-06-22T15:12:45.1203144+08:00	0x06	0.0054	0.0155	-0.4362	0.8997	308.28	1.33	1.33
2026-06-22T15:12:45.1203144+08:00	0x04	-0.3082	0.0477	0.4318	-0.8463	299.89	336.70	28.72
2026-06-22T15:12:45.1203144+08:00	0x09	0.0772	0.0011	-0.0220	0.9968	357.47	359.93	8.85
2026-06-22T15:12:45.1203144+08:00	0x07	0.0071	-0.0332	-0.2977	0.9541	325.35	356.13	359.65
2026-06-22T15:12:45.1203144+08:00	0x02	0.0779	0.5863	-0.7992	-0.1068	137.86	320.25	67.01
2026-06-22T15:12:45.1203144+08:00	0x06	0.0054	0.0155	-0.4362	0.8997	308.28	1.33	1.33
2026-06-22T15:12:45.1203144+08:00	0x04	-0.3042	0.0467	0.4332	-0.8472	299.98	337.09	28.35
2026-06-22T15:12:45.1213119+08:00	0x08	0.0475	-0.0110	0.2334	0.9712	27.03	0.04	5.58
2026-06-22T15:12:45.1213119+08:00	0x07	0.0071	-0.0332	-0.2977	0.9541	325.35	356.13	359.65
2026-06-22T15:12:45.1213119+08:00	0x03	-0.1784	0.4554	0.6598	0.5704	83.66	28.59	306.44
2026-06-22T15:12:45.1213119+08:00	0x02	0.0794	0.5868	-0.7987	-0.1072	137.48	319.77	66.97
2026-06-22T15:12:45.1213119+08:00	0x06	0.0054	0.0156	-0.4362	0.8997	308.28	1.34	1.33
2026-06-22T15:12:45.1213119+08:00	0x04	-0.3042	0.0465	0.4333	-0.8471	299.96	337.10	28.36
2026-06-22T15:12:45.1213119+08:00	0x09	0.0772	0.0011	-0.0220	0.9968	357.47	359.93	8.85
2026-06-22T15:12:45.1213119+08:00	0x07	0.0071	-0.0332	-0.2977	0.9541	325.35	356.13	359.65
2026-06-22T15:12:45.1213119+08:00	0x03	-0.1783	0.4557	0.6597	0.5703	83.63	28.64	306.42
2026-06-22T15:12:45.1213119+08:00	0x06	0.0054	0.0155	-0.4362	0.8997	308.28	1.33	1.33
2026-06-22T15:12:45.1213119+08:00	0x04	-0.3028	0.0451	0.4337	-0.8474	300.01	337.34	28.30
2026-06-22T15:12:45.1213119+08:00	0x08	0.0475	-0.0110	0.2334	0.9712	27.03	0.04	5.58
2026-06-22T15:12:45.1213119+08:00	0x03	-0.1775	0.4564	0.6604	0.5693	83.73	28.74	306.40
2026-06-22T15:12:45.1213119+08:00	0x02	0.0815	0.5859	-0.7990	-0.1079	137.26	319.45	66.74
2026-06-22T15:12:45.1213119+08:00	0x06	0.0054	0.0155	-0.4362	0.8997	308.28	1.33	1.33
2026-06-22T15:12:45.1213119+08:00	0x04	-0.3049	0.0448	0.4331	-0.8471	299.98	337.24	28.53
2026-06-22T15:12:45.1213119+08:00	0x08	0.0475	-0.0110	0.2334	0.9712	27.03	0.04	5.58
2026-06-22T15:12:45.1213119+08:00	0x01	0.3281	0.4247	-0.7790	0.3241	207.81	330.91	60.98
2026-06-22T15:12:45.1213119+08:00	0x07	0.0071	-0.0332	-0.2977	0.9541	325.35	356.13	359.65
2026-06-22T15:12:45.1213119+08:00	0x02	0.0840	0.5840	-0.8003	-0.1072	137.56	319.48	66.44
2026-06-22T15:12:45.1213119+08:00	0x04	-0.3045	0.0450	0.4329	-0.8472	300.02	337.25	28.49
2026-06-22T15:12:45.1213119+08:00	0x09	0.0772	0.0011	-0.0220	0.9968	357.47	359.93	8.85
2026-06-22T15:12:45.1213119+08:00	0x07	0.0071	-0.0332	-0.2977	0.9541	325.35	356.13	359.65
2026-06-22T15:12:45.1213119+08:00	0x03	-0.1802	0.4550	0.6600	0.5700	83.80	28.33	306.30
2026-06-22T15:12:45.1213119+08:00	0x06	0.0054	0.0156	-0.4362	0.8997	308.28	1.34	1.34
2026-06-22T15:12:45.1213119+08:00	0x04	-0.3033	0.0450	0.4328	-0.8477	300.11	337.35	28.38
2026-06-22T15:12:45.1213119+08:00	0x02	0.0830	0.5855	-0.7991	-0.1083	137.12	319.21	66.60
2026-06-22T15:12:45.1213119+08:00	0x08	0.0475	-0.0110	0.2334	0.9712	27.03	0.04	5.58
2026-06-22T15:12:45.1213119+08:00	0x09	0.0772	0.0011	-0.0220	0.9968	357.47	359.93	8.85
2026-06-22T15:12:45.1213119+08:00	0x07	0.0071	-0.0332	-0.2977	0.9541	325.35	356.12	359.64
2026-06-22T15:12:45.1213119+08:00	0x03	-0.1793	0.4550	0.6605	0.5697	83.88	28.36	306.35
2026-06-22T15:12:45.1213119+08:00	0x06	0.0054	0.0156	-0.4362	0.8997	308.28	1.34	1.34
2026-06-22T15:12:45.1213119+08:00	0x04	-0.3029	0.0459	0.4325	-0.8480	300.16	337.29	28.30
2026-06-22T15:12:45.1213119+08:00	0x01	0.3284	0.4232	-0.7803	0.3227	207.50	330.67	60.75
2026-06-22T15:12:45.1213119+08:00	0x09	0.0772	0.0011	-0.0220	0.9968	357.47	359.93	8.85
2026-06-22T15:12:45.1213119+08:00	0x07	0.0071	-0.0332	-0.2977	0.9541	325.35	356.12	359.64
2026-06-22T15:12:45.1213119+08:00	0x08	0.0475	-0.0110	0.2334	0.9712	27.03	0.05	5.58
2026-06-22T15:12:45.1213119+08:00	0x03	-0.1752	0.4565	0.6595	0.5710	83.39	29.07	306.66
2026-06-22T15:12:45.1213119+08:00	0x02	0.0828	0.5831	-0.8010	-0.1077	137.80	319.86	66.38
2026-06-22T15:12:45.1213119+08:00	0x04	-0.3185	0.0529	0.4319	-0.8422	299.13	335.29	29.39
2026-06-22T15:12:45.1213119+08:00	0x07	0.0071	-0.0332	-0.2977	0.9541	325.35	356.12	359.65
2026-06-22T15:12:45.1213119+08:00	0x09	0.0772	0.0011	-0.0220	0.9968	357.47	359.93	8.85
2026-06-22T15:12:45.1213119+08:00	0x01	0.3275	0.4244	-0.7801	0.3226	207.57	330.86	60.87
2026-06-22T15:12:45.1213119+08:00	0x03	-0.1751	0.4567	0.6595	0.5709	83.38	29.11	306.66
2026-06-22T15:12:45.1213119+08:00	0x02	0.0833	0.5839	-0.8003	-0.1081	137.48	319.53	66.43
2026-06-22T15:12:45.1213119+08:00	0x01	0.3285	0.4230	-0.7803	0.3228	207.51	330.66	60.73
2026-06-22T15:12:45.1213119+08:00	0x04	-0.3133	0.0506	0.4312	-0.8446	299.61	336.00	29.05
2026-06-22T15:12:45.1213119+08:00	0x07	0.0071	-0.0332	-0.2977	0.9541	325.35	356.12	359.64
2026-06-22T15:12:45.1213119+08:00	0x09	0.0772	0.0011	-0.0220	0.9968	357.47	359.93	8.85
2026-06-22T15:12:45.1213119+08:00	0x03	-0.1774	0.4559	0.6592	0.5711	83.44	28.82	306.52
2026-06-22T15:12:45.1213119+08:00	0x06	0.0054	0.0156	-0.4362	0.8997	308.28	1.34	1.34
2026-06-22T15:12:45.1213119+08:00	0x04	-0.3129	0.0486	0.4313	-0.8448	299.65	336.24	29.13
2026-06-22T15:12:45.1213119+08:00	0x07	0.0071	-0.0332	-0.2977	0.9541	325.35	356.12	359.65
2026-06-22T15:12:45.1213119+08:00	0x01	0.3291	0.4229	-0.7799	0.3233	207.55	330.59	60.75
2026-06-22T15:12:45.1213119+08:00	0x09	0.0772	0.0011	-0.0220	0.9968	357.47	359.93	8.85
2026-06-22T15:12:45.1223086+08:00	0x03	-0.1789	0.4551	0.6590	0.5715	83.48	28.59	306.46
2026-06-22T15:12:45.1223086+08:00	0x06	0.0054	0.0156	-0.4362	0.8997	308.28	1.34	1.34
2026-06-22T15:12:45.1223086+08:00	0x02	0.0844	0.5844	-0.7999	-0.1074	137.37	319.28	66.46
2026-06-22T15:12:45.1223086+08:00	0x04	-0.3100	0.0481	0.4319	-0.8456	299.76	336.50	28.86
2026-06-22T15:12:45.1223086+08:00	0x07	0.0071	-0.0332	-0.2977	0.9541	325.35	356.12	359.65
2026-06-22T15:12:45.1223086+08:00	0x08	0.0474	-0.0110	0.2334	0.9712	27.03	0.04	5.58
2026-06-22T15:12:45.1223086+08:00	0x09	0.0772	0.0011	-0.0220	0.9968	357.47	359.93	8.85
2026-06-22T15:12:45.1223086+08:00	0x03	-0.1776	0.4564	0.6596	0.5701	83.55	28.80	306.43
2026-06-22T15:12:45.1223086+08:00	0x02	0.0831	0.5826	-0.8011	-0.1090	137.61	319.75	66.26
2026-06-22T15:12:45.1223086+08:00	0x04	-0.3085	0.0494	0.4316	-0.8462	299.88	336.50	28.65
2026-06-22T15:12:45.1223086+08:00	0x08	0.0474	-0.0110	0.2334	0.9712	27.03	0.04	5.58
2026-06-22T15:12:45.1223086+08:00	0x07	0.0071	-0.0332	-0.2977	0.9541	325.35	356.12	359.65
2026-06-22T15:12:45.1223086+08:00	0x09	0.0772	0.0011	-0.0220	0.9968	357.47	359.93	8.85
2026-06-22T15:12:45.1223086+08:00	0x03	-0.1775	0.4557	0.6593	0.5710	83.48	28.77	306.52
2026-06-22T15:12:45.1223086+08:00	0x06	0.0054	0.0156	-0.4362	0.8997	308.28	1.34	1.34
2026-06-22T15:12:45.1223086+08:00	0x04	-0.3078	0.0486	0.4321	-0.8463	299.86	336.62	28.61
2026-06-22T15:12:45.1223086+08:00	0x08	0.0475	-0.0110	0.2334	0.9712	27.03	0.04	5.58
2026-06-22T15:12:45.1223086+08:00	0x09	0.0772	0.0011	-0.0220	0.9968	357.47	359.93	8.85
2026-06-22T15:12:45.1223086+08:00	0x01	0.3275	0.4252	-0.7797	0.3225	207.53	330.85	60.96
2026-06-22T15:12:45.1223086+08:00	0x06	0.0054	0.0155	-0.4362	0.8997	308.28	1.33	1.33
2026-06-22T15:12:45.1223086+08:00	0x01	0.3283	0.4245	-0.7800	0.3221	207.37	330.64	60.88
2026-06-22T15:12:45.1223086+08:00	0x04	-0.3130	0.0523	0.4317	-0.8444	299.52	335.82	28.91
2026-06-22T15:12:45.1223086+08:00	0x07	0.0071	-0.0332	-0.2977	0.9541	325.35	356.12	359.65
2026-06-22T15:12:45.1223086+08:00	0x03	-0.1785	0.4561	0.6583	0.5717	83.27	28.83	306.44
2026-06-22T15:12:45.1223086+08:00	0x06	0.0054	0.0155	-0.4362	0.8997	308.28	1.33	1.33
2026-06-22T15:12:45.1223086+08:00	0x04	-0.3179	0.0537	0.4308	-0.8429	299.30	335.30	29.32
2026-06-22T15:12:45.1223086+08:00	0x09	0.0772	0.0011	-0.0220	0.9968	357.47	359.93	8.85
2026-06-22T15:12:45.1223086+08:00	0x03	-0.1784	0.4561	0.6578	0.5722	83.15	28.90	306.47
2026-06-22T15:12:45.1223086+08:00	0x01	0.3287	0.4227	-0.7805	0.3227	207.48	330.61	60.69
2026-06-22T15:12:45.1223086+08:00	0x07	0.0071	-0.0332	-0.2977	0.9541	325.35	356.12	359.65
2026-06-22T15:12:45.1223086+08:00	0x04	-0.3161	0.0519	0.4297	-0.8442	299.60	335.67	29.28
2026-06-22T15:12:45.1223086+08:00	0x02	0.0845	0.5803	-0.8027	-0.1086	138.03	320.03	65.96
2026-06-22T15:12:45.1223086+08:00	0x03	-0.1778	0.4560	0.6595	0.5705	83.53	28.75	306.45
2026-06-22T15:12:45.1223086+08:00	0x04	-0.3067	0.0479	0.4312	-0.8472	300.07	336.83	28.58
2026-06-22T15:12:45.1223086+08:00	0x07	0.0071	-0.0332	-0.2977	0.9541	325.35	356.12	359.65
2026-06-22T15:12:45.1223086+08:00	0x01	0.3261	0.4240	-0.7811	0.3222	207.65	331.10	60.74
2026-06-22T15:12:45.1223086+08:00	0x08	0.0474	-0.0110	0.2334	0.9712	27.03	0.04	5.58
2026-06-22T15:12:45.1223086+08:00	0x03	-0.1771	0.4567	0.6602	0.5694	83.66	28.82	306.42
2026-06-22T15:12:45.1223086+08:00	0x02	0.0840	0.5819	-0.8012	-0.1110	137.24	319.47	66.04
2026-06-22T15:12:45.1223086+08:00	0x04	-0.3119	0.0493	0.4312	-0.8452	299.71	336.24	28.99
2026-06-22T15:12:45.1223086+08:00	0x08	0.0475	-0.0110	0.2334	0.9712	27.03	0.05	5.58
2026-06-22T15:12:45.1223086+08:00	0x07	0.0071	-0.0332	-0.2977	0.9541	325.35	356.12	359.64
2026-06-22T15:12:45.1223086+08:00	0x03	-0.1780	0.4566	0.6604	0.5690	83.76	28.70	306.33
2026-06-22T15:12:45.1223086+08:00	0x09	0.0772	0.0011	-0.0220	0.9968	357.47	359.93	8.85
2026-06-22T15:12:45.1223086+08:00	0x04	-0.3124	0.0499	0.4306	-0.8453	299.76	336.17	29.02
2026-06-22T15:12:45.1223086+08:00	0x07	0.0071	-0.0332	-0.2977	0.9541	325.35	356.12	359.64
2026-06-22T15:12:45.1223086+08:00	0x03	-0.1784	0.4567	0.6601	0.5691	83.71	28.70	306.30
2026-06-22T15:12:45.1223086+08:00	0x01	0.3257	0.4224	-0.7816	0.3235	207.98	331.31	60.58
2026-06-22T15:12:45.1223086+08:00	0x04	-0.3146	0.0493	0.4307	-0.8444	299.61	336.03	29.27
2026-06-22T15:12:45.1223086+08:00	0x09	0.0772	0.0011	-0.0220	0.9968	357.47	359.93	8.85
2026-06-22T15:12:45.1233064+08:00	0x07	0.0071	-0.0332	-0.2977	0.9541	325.35	356.12	359.64
2026-06-22T15:12:45.1233064+08:00	0x03	-0.1795	0.4567	0.6589	0.5701	83.48	28.73	306.24
2026-06-22T15:12:45.1233064+08:00	0x06	0.0054	0.0155	-0.4362	0.8997	308.28	1.33	1.33
2026-06-22T15:12:45.1233064+08:00	0x04	-0.3173	0.0497	0.4305	-0.8435	299.46	335.78	29.51
2026-06-22T15:12:45.1233064+08:00	0x08	0.0475	-0.0110	0.2334	0.9712	27.03	0.05	5.58
2026-06-22T15:12:45.1233064+08:00	0x07	0.0071	-0.0332	-0.2977	0.9541	325.35	356.12	359.65
2026-06-22T15:12:45.1233064+08:00	0x02	0.0870	0.5762	-0.8053	-0.1093	138.48	320.33	65.37
2026-06-22T15:12:45.1233064+08:00	0x06	0.0054	0.0155	-0.4362	0.8997	308.28	1.33	1.34
2026-06-22T15:12:45.1233064+08:00	0x03	-0.1807	0.4564	0.6582	0.5708	83.37	28.66	306.19
2026-06-22T15:12:45.1233064+08:00	0x08	0.0475	-0.0110	0.2334	0.9712	27.03	0.05	5.58
2026-06-22T15:12:45.1233064+08:00	0x01	0.3285	0.4153	-0.7818	0.3292	208.88	331.32	59.95
2026-06-22T15:12:45.1233064+08:00	0x02	0.0851	0.5729	-0.8080	-0.1081	139.63	321.54	65.16
2026-06-22T15:12:45.1233064+08:00	0x09	0.0772	0.0011	-0.0220	0.9968	357.47	359.93	8.85
2026-06-22T15:12:45.1233064+08:00	0x04	-0.3251	0.0507	0.4299	-0.8408	299.00	335.04	30.20
2026-06-22T15:12:45.1233064+08:00	0x09	0.0772	0.0011	-0.0220	0.9968	357.47	359.93	8.85
2026-06-22T15:12:45.1233064+08:00	0x07	0.0071	-0.0332	-0.2977	0.9541	325.35	356.13	359.65
2026-06-22T15:12:45.1233064+08:00	0x03	-0.1887	0.4580	0.6566	0.5688	83.38	28.21	305.30
2026-06-22T15:12:45.1233064+08:00	0x04	-0.3364	0.0512	0.4262	-0.8382	298.73	334.14	31.35
2026-06-22T15:12:45.1233064+08:00	0x08	0.0475	-0.0110	0.2334	0.9712	27.03	0.05	5.58
2026-06-22T15:12:45.1233064+08:00	0x09	0.0772	0.0011	-0.0220	0.9968	357.47	359.93	8.85
2026-06-22T15:12:45.1233064+08:00	0x01	0.3247	0.4027	-0.7860	0.3387	211.26	332.93	58.53
2026-06-22T15:12:45.1233064+08:00	0x07	0.0071	-0.0332	-0.2977	0.9541	325.35	356.13	359.65
2026-06-22T15:12:45.1233064+08:00	0x06	0.0054	0.0155	-0.4362	0.8997	308.28	1.33	1.33
2026-06-22T15:12:45.1233064+08:00	0x03	-0.1878	0.4636	0.6570	0.5640	83.36	28.92	304.81
2026-06-22T15:12:45.1233064+08:00	0x04	-0.3368	0.0551	0.4288	-0.8365	298.26	333.59	31.07
2026-06-22T15:12:45.1233064+08:00	0x09	0.0771	0.0011	-0.0220	0.9968	357.47	359.93	8.85
2026-06-22T15:12:45.1233064+08:00	0x01	0.3242	0.4040	-0.7858	0.3379	211.14	332.95	58.65
2026-06-22T15:12:45.1233064+08:00	0x07	0.0071	-0.0332	-0.2977	0.9541	325.35	356.13	359.65
2026-06-22T15:12:45.1233064+08:00	0x02	0.0884	0.5355	-0.8342	-0.0980	147.63	328.43	61.17
2026-06-22T15:12:45.1233064+08:00	0x03	-0.1895	0.4628	0.6582	0.5628	83.77	28.50	304.67
2026-06-22T15:12:45.1233064+08:00	0x06	0.0054	0.0155	-0.4362	0.8997	308.28	1.33	1.33
2026-06-22T15:12:45.1233064+08:00	0x04	-0.3444	0.0537	0.4251	-0.8353	298.24	333.19	31.98
2026-06-22T15:12:45.1233064+08:00	0x08	0.0475	-0.0110	0.2334	0.9712	27.03	0.05	5.58
2026-06-22T15:12:45.1233064+08:00	0x09	0.0771	0.0011	-0.0220	0.9968	357.47	359.93	8.85
2026-06-22T15:12:45.1233064+08:00	0x07	0.0071	-0.0332	-0.2977	0.9541	325.35	356.13	359.65
2026-06-22T15:12:45.1233064+08:00	0x02	0.0886	0.5399	-0.8315	-0.0963	147.30	327.94	61.74
2026-06-22T15:12:45.1233064+08:00	0x06	0.0054	0.0155	-0.4362	0.8997	308.28	1.33	1.33
2026-06-22T15:12:45.1233064+08:00	0x04	-0.3485	0.0486	0.4328	-0.8300	296.95	333.05	32.44
2026-06-22T15:12:45.1233064+08:00	0x08	0.0475	-0.0110	0.2334	0.9712	27.03	0.05	5.58
2026-06-22T15:12:45.1233064+08:00	0x01	0.3356	0.3449	-0.8019	0.3542	213.36	331.31	52.26
2026-06-22T15:12:45.1233064+08:00	0x07	0.0071	-0.0332	-0.2977	0.9541	325.35	356.13	359.65
2026-06-22T15:12:45.1233064+08:00	0x02	0.1254	0.5038	-0.8546	-0.0051	164.65	334.53	59.30
2026-06-22T15:12:45.1233064+08:00	0x09	0.0771	0.0011	-0.0220	0.9968	357.47	359.93	8.85
2026-06-22T15:12:45.1233064+08:00	0x06	0.0054	0.0155	-0.4362	0.8997	308.28	1.33	1.33
2026-06-22T15:12:45.1233064+08:00	0x04	-0.4068	0.0445	0.4136	-0.8133	294.75	328.41	38.67
2026-06-22T15:12:45.1233064+08:00	0x08	0.0475	-0.0110	0.2334	0.9712	27.03	0.05	5.58
2026-06-22T15:12:45.1233064+08:00	0x02	0.1213	0.4745	-0.8621	0.1303	191.99	350.67	58.18
2026-06-22T15:12:45.1233064+08:00	0x03	-0.1613	0.5159	0.6747	0.5027	85.80	35.90	300.88
2026-06-22T15:12:45.1243041+08:00	0x06	0.0054	0.0155	-0.4362	0.8997	308.28	1.33	1.33
2026-06-22T15:12:45.1243041+08:00	0x07	0.0071	-0.0332	-0.2977	0.9541	325.35	356.13	359.65
2026-06-22T15:12:45.1243041+08:00	0x04	-0.4498	0.0512	0.3902	-0.8017	293.41	323.72	42.94
2026-06-22T15:12:45.1243041+08:00	0x09	0.0771	0.0011	-0.0220	0.9968	357.47	359.93	8.85
2026-06-22T15:12:45.1243041+08:00	0x08	0.0474	-0.0110	0.2334	0.9712	27.03	0.05	5.58
2026-06-22T15:12:45.1243041+08:00	0x07	0.0071	-0.0331	-0.2977	0.9541	325.35	356.13	359.65
2026-06-22T15:12:45.1243041+08:00	0x06	0.0054	0.0155	-0.4362	0.8997	308.28	1.33	1.33
2026-06-22T15:12:45.1243041+08:00	0x03	-0.1980	0.4714	0.4746	0.7165	46.32	45.62	313.02
2026-06-22T15:12:45.1243041+08:00	0x04	-0.4734	-0.0386	0.5034	-0.7218	273.73	322.52	46.24
2026-06-22T15:12:45.1243041+08:00	0x08	0.0475	-0.0110	0.2334	0.9712	27.03	0.04	5.58
2026-06-22T15:12:45.1243041+08:00	0x09	0.0771	0.0011	-0.0220	0.9968	357.47	359.93	8.85
2026-06-22T15:12:45.1243041+08:00	0x07	0.0071	-0.0332	-0.2977	0.9541	325.35	356.13	359.65
2026-06-22T15:12:45.1243041+08:00	0x02	0.2262	0.4805	-0.8322	0.1595	185.64	332.89	60.68
2026-06-22T15:12:45.1243041+08:00	0x03	-0.2885	0.4705	0.4631	0.6935	42.51	44.60	303.28
2026-06-22T15:12:45.1243041+08:00	0x06	0.0054	0.0156	-0.4362	0.8997	308.28	1.34	1.34
2026-06-22T15:12:45.1243041+08:00	0x08	0.0475	-0.0110	0.2334	0.9712	27.03	0.04	5.58
2026-06-22T15:12:45.1243041+08:00	0x09	0.0771	0.0011	-0.0220	0.9968	357.47	359.93	8.85
2026-06-22T15:12:45.1243041+08:00	0x07	0.0071	-0.0332	-0.2977	0.9541	325.35	356.13	359.65
2026-06-22T15:12:45.1243041+08:00	0x01	0.3352	0.3467	-0.8014	0.3537	213.29	331.36	52.45
2026-06-22T15:12:45.1243041+08:00	0x02	0.3023	0.5228	-0.7954	0.0511	152.34	302.33	59.60
2026-06-22T15:12:45.1243041+08:00	0x06	0.0054	0.0155	-0.4362	0.8997	308.28	1.33	1.33
2026-06-22T15:12:45.1243041+08:00	0x04	-0.4729	-0.0359	0.5002	-0.7245	274.34	322.58	46.15
2026-06-22T15:12:45.1243041+08:00	0x08	0.0474	-0.0110	0.2334	0.9712	27.03	0.04	5.58
2026-06-22T15:12:45.1243041+08:00	0x07	0.0071	-0.0332	-0.2977	0.9541	325.35	356.13	359.65
2026-06-22T15:12:45.1243041+08:00	0x03	-0.2858	0.4706	0.4635	0.6943	42.63	44.61	303.58
2026-06-22T15:12:45.1243041+08:00	0x06	0.0054	0.0155	-0.4362	0.8997	308.28	1.33	1.33
2026-06-22T15:12:45.1243041+08:00	0x04	-0.6163	-0.1418	0.4992	-0.5923	238.21	294.09	60.65
2026-06-22T15:12:45.1243041+08:00	0x08	0.0474	-0.0110	0.2334	0.9712	27.03	0.04	5.58
2026-06-22T15:12:45.1243041+08:00	0x01	0.5075	0.2085	-0.6943	0.4658	222.24	307.94	49.67
2026-06-22T15:12:45.1243041+08:00	0x09	0.0772	0.0011	-0.0220	0.9968	357.47	359.93	8.85
2026-06-22T15:12:45.1243041+08:00	0x03	-0.2049	0.4871	0.4138	0.7413	35.82	51.37	315.02
2026-06-22T15:12:45.1243041+08:00	0x02	0.3001	0.5217	-0.7968	0.0543	153.27	303.18	59.76
2026-06-22T15:12:45.1243041+08:00	0x04	-0.5049	-0.3249	0.3102	-0.7371	336.54	30.71	71.06
2026-06-22T15:12:45.1243041+08:00	0x08	0.0474	-0.0110	0.2334	0.9712	27.03	0.04	5.58
2026-06-22T15:12:45.1243041+08:00	0x01	0.5491	0.3211	-0.7366	0.2299	178.83	286.09	46.51
2026-06-22T15:12:45.1243041+08:00	0x09	0.0772	0.0011	-0.0220	0.9968	357.47	359.93	8.85
2026-06-22T15:12:45.1243041+08:00	0x03	-0.2820	0.5273	0.4162	0.6850	28.89	59.71	304.39
2026-06-22T15:12:45.1243041+08:00	0x02	0.1766	0.6436	-0.7180	0.1977	211.21	0.47	83.74
2026-06-22T15:12:45.1243041+08:00	0x04	-0.5037	-0.3297	0.3195	-0.7318	334.86	30.30	71.41
2026-06-22T15:12:45.1243041+08:00	0x01	0.5330	0.3289	-0.7000	0.3431	193.31	292.49	55.71
2026-06-22T15:12:45.1243041+08:00	0x09	0.0772	0.0011	-0.0220	0.9968	357.47	359.93	8.85
2026-06-22T15:12:45.1243041+08:00	0x07	0.0071	-0.0332	-0.2977	0.9541	325.35	356.13	359.65
2026-06-22T15:12:45.1243041+08:00	0x03	-0.4585	0.4513	0.5913	0.4863	126.58	329.06	281.58
2026-06-22T15:12:45.1243041+08:00	0x02	0.1835	0.6443	-0.7119	0.2105	217.98	5.58	84.10
2026-06-22T15:12:45.1243041+08:00	0x04	-0.3332	-0.5157	0.3561	-0.7044	343.22	63.30	56.79
2026-06-22T15:12:45.1243041+08:00	0x08	0.0475	-0.0110	0.2334	0.9712	27.03	0.05	5.58
2026-06-22T15:12:45.1243041+08:00	0x07	0.0071	-0.0332	-0.2977	0.9541	325.35	356.13	359.65
2026-06-22T15:12:45.1243041+08:00	0x09	0.0772	0.0011	-0.0220	0.9968	357.47	359.93	8.85
2026-06-22T15:12:45.1243041+08:00	0x03	-0.4162	0.4613	0.5360	0.5715	70.98	19.57	284.00
2026-06-22T15:12:45.1243041+08:00	0x02	0.2005	0.6333	-0.6356	0.3933	294.40	64.24	74.33
2026-06-22T15:12:45.1243041+08:00	0x04	-0.3889	-0.4782	0.0620	-0.7850	21.71	71.13	42.06
2026-06-22T15:12:45.1243041+08:00	0x01	0.4884	0.3884	-0.6516	0.4313	209.25	306.28	68.05
2026-06-22T15:12:45.1243041+08:00	0x09	0.0772	0.0011	-0.0220	0.9968	357.47	359.93	8.85
2026-06-22T15:12:45.1253017+08:00	0x03	-0.4718	0.4117	0.6576	0.4189	152.34	308.06	290.49
2026-06-22T15:12:45.1253017+08:00	0x02	0.2010	0.6351	-0.6291	0.4006	297.16	66.26	73.77
2026-06-22T15:12:45.1253017+08:00	0x04	-0.2712	-0.5727	0.3709	-0.6789	341.54	71.14	52.47
2026-06-22T15:12:45.1253017+08:00	0x09	0.0772	0.0011	-0.0220	0.9968	357.47	359.93	8.85
2026-06-22T15:12:45.1253017+08:00	0x08	0.0475	-0.0110	0.2334	0.9712	27.03	0.05	5.58
2026-06-22T15:12:45.1253017+08:00	0x07	0.0071	-0.0332	-0.2977	0.9541	325.35	356.13	359.65
2026-06-22T15:12:45.1253017+08:00	0x02	0.3061	0.5865	-0.6234	0.4168	282.42	40.71	80.53
2026-06-22T15:12:45.1253017+08:00	0x03	-0.4167	0.4401	0.5531	0.5717	81.22	9.06	285.59
2026-06-22T15:12:45.1253017+08:00	0x07	0.0071	-0.0332	-0.2977	0.9541	325.35	356.13	359.65
2026-06-22T15:12:45.1253017+08:00	0x01	0.5062	0.3871	-0.6620	0.3946	198.55	297.25	65.78
2026-06-22T15:12:45.1253017+08:00	0x08	0.0475	-0.0110	0.2334	0.9712	27.03	0.05	5.58
2026-06-22T15:12:45.1253017+08:00	0x03	-0.4965	0.4003	0.6210	0.4556	147.53	306.49	288.27
2026-06-22T15:12:45.1253017+08:00	0x06	0.0054	0.0155	-0.4362	0.8997	308.28	1.33	1.33
2026-06-22T15:12:45.1253017+08:00	0x04	-0.3075	-0.5068	-0.0766	-0.8017	28.54	70.94	24.54
2026-06-22T15:12:45.1253017+08:00	0x08	0.0475	-0.0110	0.2334	0.9712	27.03	0.05	5.58
2026-06-22T15:12:45.1253017+08:00	0x07	0.0071	-0.0332	-0.2977	0.9541	325.35	356.13	359.65
2026-06-22T15:12:45.1253017+08:00	0x03	-0.4134	0.4626	0.4709	0.6271	44.14	39.65	287.40
2026-06-22T15:12:45.1253017+08:00	0x02	0.3352	0.5566	-0.6617	0.3742	230.60	350.18	80.90
2026-06-22T15:12:45.1253017+08:00	0x04	-0.3169	-0.5484	0.3623	-0.6838	344.59	69.19	56.18
2026-06-22T15:12:45.1253017+08:00	0x09	0.0772	0.0011	-0.0220	0.9968	357.47	359.93	8.85
2026-06-22T15:12:45.1253017+08:00	0x08	0.0475	-0.0110	0.2334	0.9712	27.03	0.05	5.58
2026-06-22T15:12:45.1253017+08:00	0x03	-0.3295	0.5307	0.3458	0.7002	13.89	66.91	304.07
2026-06-22T15:12:45.1253017+08:00	0x06	0.0054	0.0156	-0.4362	0.8997	308.28	1.34	1.34
2026-06-22T15:12:45.1253017+08:00	0x04	-0.3674	-0.5574	0.1907	-0.7197	11.61	80.68	47.85
2026-06-22T15:12:45.1253017+08:00	0x07	0.0071	-0.0332	-0.2977	0.9541	325.35	356.12	359.64
2026-06-22T15:12:45.1253017+08:00	0x08	0.0475	-0.0110	0.2334	0.9712	27.03	0.05	5.58
2026-06-22T15:12:45.1253017+08:00	0x01	0.5057	0.3872	-0.6617	0.3957	198.85	297.49	65.86
2026-06-22T15:12:45.1253017+08:00	0x03	-0.3322	0.5289	0.3497	0.6983	14.37	66.52	303.51
2026-06-22T15:12:45.1253017+08:00	0x04	-0.3561	-0.5307	0.3726	-0.6729	345.25	67.80	61.00
2026-06-22T15:12:45.1253017+08:00	0x07	0.0071	-0.0332	-0.2977	0.9541	325.35	356.12	359.64
2026-06-22T15:12:45.1253017+08:00	0x09	0.0772	0.0011	-0.0220	0.9968	357.47	359.93	8.85
2026-06-22T15:12:45.1253017+08:00	0x01	0.6120	0.1104	-0.7753	0.1103	182.17	283.76	17.83
2026-06-22T15:12:45.1253017+08:00	0x03	-0.1838	0.5534	0.1351	0.8011	0.83	69.08	333.65
2026-06-22T15:12:45.1253017+08:00	0x06	0.0054	0.0156	-0.4362	0.8997	308.28	1.34	1.34
2026-06-22T15:12:45.1253017+08:00	0x07	0.0071	-0.0332	-0.2977	0.9541	325.35	356.12	359.65
2026-06-22T15:12:45.1253017+08:00	0x09	0.0772	0.0011	-0.0220	0.9968	357.47	359.93	8.85
2026-06-22T15:12:45.1253017+08:00	0x03	-0.0020	0.5883	-0.0938	0.8032	351.14	71.97	6.15
2026-06-22T15:12:45.1253017+08:00	0x08	0.0475	-0.0110	0.2334	0.9712	27.03	0.05	5.59
2026-06-22T15:12:45.1253017+08:00	0x06	0.0054	0.0156	-0.4362	0.8997	308.28	1.34	1.34
2026-06-22T15:12:45.1253017+08:00	0x07	0.0071	-0.0332	-0.2977	0.9541	325.35	356.12	359.65
2026-06-22T15:12:45.1253017+08:00	0x01	0.6733	0.0372	-0.7335	-0.0855	169.87	275.21	356.53
2026-06-22T15:12:45.1253017+08:00	0x02	0.3343	0.5575	-0.6606	0.3755	232.03	351.57	81.00
2026-06-22T15:12:45.1253017+08:00	0x03	0.1376	0.6053	-0.2075	0.7561	350.46	75.03	27.34
2026-06-22T15:12:45.1253017+08:00	0x06	0.0054	0.0156	-0.4362	0.8997	308.28	1.34	1.34
2026-06-22T15:12:45.1253017+08:00	0x09	0.0772	0.0011	-0.0220	0.9968	357.47	359.93	8.85
2026-06-22T15:12:45.1253017+08:00	0x07	0.0071	-0.0332	-0.2977	0.9541	325.35	356.12	359.65
2026-06-22T15:12:45.1253017+08:00	0x08	0.0475	-0.0110	0.2334	0.9712	27.03	0.05	5.58
2026-06-22T15:12:45.1253017+08:00	0x01	0.6444	-0.2104	-0.6724	-0.2972	170.08	276.23	318.24
2026-06-22T15:12:45.1253017+08:00	0x09	0.0772	0.0011	-0.0220	0.9968	357.47	359.93	8.85
2026-06-22T15:12:45.1253017+08:00	0x02	0.7115	-0.1330	-0.5737	-0.3834	159.50	266.17	315.72
2026-06-22T15:12:45.1253017+08:00	0x06	0.0054	0.0156	-0.4362	0.8997	308.28	1.34	1.34
2026-06-22T15:12:45.1253017+08:00	0x04	-0.5243	-0.3511	0.3213	-0.7061	340.65	37.96	75.03
2026-06-22T15:12:45.1262989+08:00	0x08	0.0474	-0.0110	0.2334	0.9712	27.03	0.05	5.58
2026-06-22T15:12:45.1262989+08:00	0x07	0.0071	-0.0332	-0.2977	0.9541	325.35	356.12	359.64
2026-06-22T15:12:45.1262989+08:00	0x09	0.0772	0.0011	-0.0220	0.9968	357.47	359.93	8.85
2026-06-22T15:12:45.1262989+08:00	0x02	0.6766	-0.2562	-0.5014	-0.4746	162.84	263.86	295.96
2026-06-22T15:12:45.1262989+08:00	0x01	0.6407	-0.2162	-0.6759	-0.2932	170.77	276.60	318.09
2026-06-22T15:12:45.1262989+08:00	0x03	0.1116	0.5986	-0.0406	0.7922	4.07	74.61	13.03
2026-06-22T15:12:45.1262989+08:00	0x04	-0.4395	-0.4313	0.1900	-0.7647	9.29	63.87	56.73
2026-06-22T15:12:45.1262989+08:00	0x07	0.0071	-0.0332	-0.2977	0.9541	325.35	356.12	359.64
2026-06-22T15:12:45.1262989+08:00	0x01	0.6459	-0.2122	-0.6723	-0.2929	170.79	275.79	318.42
2026-06-22T15:12:45.1262989+08:00	0x02	0.6514	-0.3181	-0.4536	-0.5185	167.84	258.98	285.43
2026-06-22T15:12:45.1262989+08:00	0x03	0.1384	0.5975	-0.1288	0.7793	357.82	74.54	21.69
2026-06-22T15:12:45.1262989+08:00	0x04	-0.3838	-0.4734	0.1324	-0.7817	13.13	68.06	46.50
2026-06-22T15:12:45.1262989+08:00	0x07	0.0071	-0.0332	-0.2977	0.9541	325.35	356.13	359.65
2026-06-22T15:12:45.1262989+08:00	0x08	0.0474	-0.0110	0.2334	0.9712	27.03	0.04	5.58
2026-06-22T15:12:45.1262989+08:00	0x01	0.6404	-0.2121	-0.6819	-0.2826	171.38	276.80	319.36
2026-06-22T15:12:45.1262989+08:00	0x02	0.6291	-0.3631	-0.4251	-0.5400	179.14	248.84	278.80
2026-06-22T15:12:45.1262989+08:00	0x03	0.1038	0.6142	-0.0608	0.7799	1.93	76.67	13.68
2026-06-22T15:12:45.1262989+08:00	0x04	-0.3648	-0.4902	0.1177	-0.7828	13.79	69.61	43.35
2026-06-22T15:12:45.1262989+08:00	0x07	0.0071	-0.0332	-0.2977	0.9541	325.35	356.13	359.65
2026-06-22T15:12:45.1262989+08:00	0x01	0.6333	-0.2075	-0.6916	-0.2785	170.84	278.36	320.22
2026-06-22T15:12:45.1262989+08:00	0x09	0.0772	0.0011	-0.0220	0.9968	357.47	359.93	8.85
2026-06-22T15:12:45.1262989+08:00	0x02	0.6062	-0.3953	-0.3880	-0.5707	225.23	202.06	272.93
2026-06-22T15:12:45.1262989+08:00	0x03	0.0980	0.6218	-0.0632	0.7745	1.41	77.69	13.32
2026-06-22T15:12:45.1262989+08:00	0x04	-0.3013	-0.5175	0.1727	-0.7820	3.15	68.16	40.54
2026-06-22T15:12:45.1262989+08:00	0x07	0.0071	-0.0332	-0.2977	0.9541	325.35	356.13	359.65
2026-06-22T15:12:45.1262989+08:00	0x01	0.6430	-0.1927	-0.6951	-0.2574	172.10	277.09	323.21
2026-06-22T15:12:45.1262989+08:00	0x09	0.0772	0.0011	-0.0220	0.9968	357.47	359.93	8.85
2026-06-22T15:12:45.1262989+08:00	0x06	0.0054	0.0155	-0.4362	0.8997	308.28	1.33	1.33
2026-06-22T15:12:45.1262989+08:00	0x02	0.5843	-0.4231	-0.3662	-0.5878	307.43	120.48	274.62
2026-06-22T15:12:45.1262989+08:00	0x04	-0.2310	-0.5849	0.0861	-0.7728	8.87	76.39	27.24
2026-06-22T15:12:45.1262989+08:00	0x07	0.0071	-0.0332	-0.2977	0.9541	325.35	356.13	359.65
2026-06-22T15:12:45.1262989+08:00	0x09	0.0772	0.0011	-0.0220	0.9968	357.47	359.93	8.85
2026-06-22T15:12:45.1262989+08:00	0x08	0.0475	-0.0110	0.2334	0.9712	27.03	0.04	5.58
2026-06-22T15:12:45.1262989+08:00	0x06	0.0054	0.0155	-0.4362	0.8997	308.28	1.33	1.33
2026-06-22T15:12:45.1262989+08:00	0x03	0.0077	0.6265	-0.1984	0.7537	342.56	77.14	15.08
2026-06-22T15:12:45.1262989+08:00	0x04	-0.2175	-0.5900	0.2385	-0.7401	353.05	74.79	37.11
2026-06-22T15:12:45.1262989+08:00	0x07	0.0071	-0.0331	-0.2977	0.9541	325.35	356.13	359.65
2026-06-22T15:12:45.1262989+08:00	0x01	0.6117	-0.1244	-0.7591	-0.1848	171.89	284.04	335.48
2026-06-22T15:12:45.1262989+08:00	0x08	0.0475	-0.0110	0.2334	0.9712	27.03	0.04	5.58
2026-06-22T15:12:45.1262989+08:00	0x09	0.0772	0.0011	-0.0220	0.9968	357.47	359.93	8.85
2026-06-22T15:12:45.1262989+08:00	0x02	0.6498	-0.0715	-0.6500	-0.3875	149.21	280.43	323.37
2026-06-22T15:12:45.1262989+08:00	0x04	-0.2179	-0.5900	0.2340	-0.7414	353.56	74.89	36.82
2026-06-22T15:12:45.1262989+08:00	0x03	-0.0392	0.5343	-0.2286	0.8128	335.14	64.34	10.41
2026-06-22T15:12:45.1262989+08:00	0x07	0.0071	-0.0331	-0.2977	0.9541	325.35	356.13	359.65
2026-06-22T15:12:45.1262989+08:00	0x09	0.0772	0.0011	-0.0220	0.9968	357.47	359.93	8.85
2026-06-22T15:12:45.1272958+08:00	0x03	-0.0796	0.4296	-0.3739	0.8181	316.14	50.96	11.01
2026-06-22T15:12:45.1272958+08:00	0x07	0.0071	-0.0331	-0.2977	0.9541	325.35	356.13	359.65
2026-06-22T15:12:45.1272958+08:00	0x08	0.0475	-0.0110	0.2334	0.9712	27.03	0.04	5.58
2026-06-22T15:12:45.1272958+08:00	0x09	0.0772	0.0011	-0.0220	0.9968	357.47	359.93	8.85
2026-06-22T15:12:45.1272958+08:00	0x01	0.5807	-0.1833	-0.7226	-0.3271	160.13	289.75	319.85
2026-06-22T15:12:45.1272958+08:00	0x04	-0.1010	-0.6615	-0.0306	-0.7425	10.38	83.96	6.29
2026-06-22T15:12:45.1272958+08:00	0x03	-0.0784	0.4329	-0.3697	0.8184	316.71	51.36	11.05
2026-06-22T15:12:45.1272958+08:00	0x06	0.0054	0.0156	-0.4362	0.8997	308.28	1.34	1.34
2026-06-22T15:12:45.1272958+08:00	0x07	0.0071	-0.0331	-0.2977	0.9541	325.35	356.13	359.65
2026-06-22T15:12:45.1272958+08:00	0x01	0.5819	-0.1816	-0.7240	-0.3229	160.54	289.51	320.30
2026-06-22T15:12:45.1272958+08:00	0x08	0.0475	-0.0110	0.2334	0.9712	27.03	0.04	5.58
2026-06-22T15:12:45.1272958+08:00	0x09	0.0772	0.0011	-0.0220	0.9968	357.47	359.93	8.85
2026-06-22T15:12:45.1272958+08:00	0x03	-0.1187	0.4417	-0.4900	0.7421	300.58	53.00	14.87
2026-06-22T15:12:45.1272958+08:00	0x06	0.0054	0.0156	-0.4362	0.8997	308.28	1.33	1.34
2026-06-22T15:12:45.1272958+08:00	0x02	0.6502	-0.0827	-0.6437	-0.3951	149.25	280.35	321.67
2026-06-22T15:12:45.1272958+08:00	0x07	0.0071	-0.0332	-0.2977	0.9541	325.35	356.13	359.65
2026-06-22T15:12:45.1272958+08:00	0x01	0.5195	-0.3951	-0.5741	-0.4945	141.66	305.75	284.68
2026-06-22T15:12:45.1272958+08:00	0x09	0.0772	0.0011	-0.0220	0.9968	357.47	359.93	8.85
2026-06-22T15:12:45.1272958+08:00	0x04	-0.4648	-0.7307	-0.0122	-0.5000	50.61	123.96	26.54
2026-06-22T15:12:45.1272958+08:00	0x03	-0.0319	0.4608	-0.5688	0.6805	293.59	49.18	28.74
2026-06-22T15:12:45.1272958+08:00	0x02	0.3745	-0.5811	-0.1839	-0.6988	344.71	86.24	312.52
2026-06-22T15:12:45.1272958+08:00	0x08	0.0475	-0.0110	0.2334	0.9712	27.03	0.05	5.58
2026-06-22T15:12:45.1272958+08:00	0x01	0.5481	-0.3672	-0.5809	-0.4767	151.24	294.30	288.34
2026-06-22T15:12:45.1272958+08:00	0x09	0.0772	0.0011	-0.0220	0.9968	357.47	359.93	8.85
2026-06-22T15:12:45.1272958+08:00	0x04	-0.4183	-0.7666	-0.0986	-0.4771	49.39	122.84	14.35
2026-06-22T15:12:45.1272958+08:00	0x06	0.0054	0.0156	-0.4362	0.8997	308.28	1.33	1.34
2026-06-22T15:12:45.1272958+08:00	0x03	-0.0905	0.4622	-0.5039	0.7241	300.32	53.80	19.56
2026-06-22T15:12:45.1272958+08:00	0x07	0.0071	-0.0332	-0.2977	0.9541	325.35	356.13	359.65
2026-06-22T15:12:45.1272958+08:00	0x02	0.3536	-0.6102	-0.0802	-0.7044	336.62	89.63	323.42
2026-06-22T15:12:45.1272958+08:00	0x09	0.0772	0.0011	-0.0220	0.9968	357.47	359.93	8.85
2026-06-22T15:12:45.1272958+08:00	0x04	-0.2912	-0.8293	-0.1561	-0.4506	38.59	123.03	0.20
2026-06-22T15:12:45.1272958+08:00	0x06	0.0054	0.0156	-0.4362	0.8997	308.28	1.33	1.34
2026-06-22T15:12:45.1272958+08:00	0x07	0.0071	-0.0332	-0.2977	0.9541	325.35	356.12	359.65
2026-06-22T15:12:45.1272958+08:00	0x02	0.3472	-0.6132	-0.1403	-0.6955	342.23	89.48	319.08
2026-06-22T15:12:45.1272958+08:00	0x01	0.4553	-0.4326	-0.5132	-0.5850	74.14	10.41	282.40
2026-06-22T15:12:45.1272958+08:00	0x09	0.0772	0.0011	-0.0220	0.9968	357.47	359.93	8.85
2026-06-22T15:12:45.1272958+08:00	0x04	-0.3809	-0.8333	-0.1237	-0.3811	47.03	132.95	4.83
2026-06-22T15:12:45.1272958+08:00	0x03	-0.0507	0.5222	-0.6154	0.5882	286.99	56.42	35.67
2026-06-22T15:12:45.1272958+08:00	0x07	0.0071	-0.0332	-0.2977	0.9541	325.35	356.12	359.65
2026-06-22T15:12:45.1272958+08:00	0x08	0.0475	-0.0110	0.2334	0.9712	27.03	0.05	5.58
2026-06-22T15:12:45.1272958+08:00	0x01	0.4582	-0.4308	-0.5155	-0.5820	76.68	7.90	282.18
2026-06-22T15:12:45.1272958+08:00	0x09	0.0772	0.0011	-0.0220	0.9968	357.47	359.93	8.85
2026-06-22T15:12:45.1272958+08:00	0x04	-0.5638	-0.7392	-0.0849	-0.3584	68.64	139.35	16.18
2026-06-22T15:12:45.1272958+08:00	0x07	0.0071	-0.0332	-0.2977	0.9541	325.35	356.12	359.65
2026-06-22T15:12:45.1272958+08:00	0x08	0.0475	-0.0110	0.2334	0.9712	27.03	0.05	5.58
2026-06-22T15:12:45.1272958+08:00	0x01	0.3790	-0.5058	-0.3963	-0.6659	19.92	61.69	295.09
2026-06-22T15:12:45.1272958+08:00	0x09	0.0772	0.0011	-0.0220	0.9968	357.47	359.93	8.85
2026-06-22T15:12:45.1272958+08:00	0x06	0.0054	0.0156	-0.4362	0.8997	308.28	1.33	1.34
2026-06-22T15:12:45.1272958+08:00	0x03	-0.0519	0.5207	-0.6124	0.5926	287.42	56.40	35.18
2026-06-22T15:12:45.1272958+08:00	0x07	0.0071	-0.0332	-0.2977	0.9541	325.35	356.12	359.65
2026-06-22T15:12:45.1282929+08:00	0x08	0.0475	-0.0110	0.2334	0.9712	27.03	0.05	5.58
2026-06-22T15:12:45.1282929+08:00	0x01	0.3870	-0.5226	-0.4210	-0.6323	20.30	65.28	291.64
2026-06-22T15:12:45.1282929+08:00	0x09	0.0772	0.0011	-0.0220	0.9968	357.47	359.93	8.85
2026-06-22T15:12:45.1282929+08:00	0x06	0.0054	0.0156	-0.4362	0.8997	308.28	1.34	1.34
2026-06-22T15:12:45.1282929+08:00	0x03	0.0992	0.4766	-0.7258	0.4860	263.15	31.24	52.03
2026-06-22T15:12:45.1282929+08:00	0x02	0.2391	-0.6690	-0.0489	-0.7021	344.08	90.59	336.35
2026-06-22T15:12:45.1282929+08:00	0x07	0.0071	-0.0332	-0.2977	0.9541	325.35	356.13	359.65
2026-06-22T15:12:45.1282929+08:00	0x08	0.0475	-0.0110	0.2334	0.9712	27.03	0.05	5.58
2026-06-22T15:12:45.1282929+08:00	0x01	0.3801	-0.5303	-0.3896	-0.6500	14.22	69.31	294.86
2026-06-22T15:12:45.1282929+08:00	0x09	0.0772	0.0011	-0.0220	0.9968	357.47	359.93	8.85
2026-06-22T15:12:45.1282929+08:00	0x06	0.0054	0.0156	-0.4362	0.8997	308.28	1.34	1.34
2026-06-22T15:12:45.1282929+08:00	0x07	0.0071	-0.0332	-0.2977	0.9541	325.35	356.13	359.65
2026-06-22T15:12:45.1282929+08:00	0x08	0.0475	-0.0110	0.2334	0.9712	27.03	0.05	5.59
2026-06-22T15:12:45.1282929+08:00	0x01	0.4325	-0.4880	-0.4835	-0.5840	42.02	45.39	282.30
2026-06-22T15:12:45.1282929+08:00	0x09	0.0772	0.0011	-0.0220	0.9968	357.47	359.93	8.85
2026-06-22T15:12:45.1282929+08:00	0x04	-0.2511	-0.8517	-0.2214	-0.4032	38.00	125.86	349.94
2026-06-22T15:12:45.1282929+08:00	0x02	0.3457	-0.6096	-0.1528	-0.6968	343.73	88.63	318.08
2026-06-22T15:12:45.1282929+08:00	0x08	0.0475	-0.0110	0.2334	0.9712	27.03	0.05	5.58
2026-06-22T15:12:45.1282929+08:00	0x01	0.5148	-0.3630	-0.6358	-0.4462	150.23	301.98	292.95
2026-06-22T15:12:45.1282929+08:00	0x09	0.0772	0.0011	-0.0220	0.9968	357.47	359.93	8.85
2026-06-22T15:12:45.1282929+08:00	0x03	-0.0707	0.5053	-0.4505	0.7326	308.60	59.20	20.59
2026-06-22T15:12:45.1282929+08:00	0x04	-0.2611	-0.8499	-0.2176	-0.4026	38.84	126.06	350.81
2026-06-22T15:12:45.1282929+08:00	0x07	0.0071	-0.0332	-0.2977	0.9541	325.35	356.13	359.65
2026-06-22T15:12:45.1282929+08:00	0x02	0.3212	-0.6286	-0.1751	-0.6863	347.42	89.74	318.63
2026-06-22T15:12:45.1282929+08:00	0x01	0.5009	-0.3815	-0.5385	-0.5600	110.28	331.58	283.62
2026-06-22T15:12:45.1282929+08:00	0x09	0.0772	0.0011	-0.0220	0.9968	357.47	359.93	8.85
2026-06-22T15:12:45.1282929+08:00	0x03	-0.0269	0.4687	-0.4952	0.7310	304.14	51.85	25.15
2026-06-22T15:12:45.1282929+08:00	0x04	-0.1011	-0.8867	-0.2780	-0.3552	24.55	130.84	335.09
2026-06-22T15:12:45.1282929+08:00	0x07	0.0071	-0.0332	-0.2977	0.9541	325.35	356.13	359.65
2026-06-22T15:12:45.1282929+08:00	0x02	0.3675	-0.5928	-0.0378	-0.7156	332.31	88.11	325.20
2026-06-22T15:12:45.1282929+08:00	0x08	0.0475	-0.0110	0.2334	0.9712	27.03	0.05	5.58
2026-06-22T15:12:45.1282929+08:00	0x01	0.5607	-0.3020	-0.6699	-0.3816	161.85	289.93	303.64
2026-06-22T15:12:45.1282929+08:00	0x06	0.0054	0.0156	-0.4362	0.8997	308.28	1.34	1.34
2026-06-22T15:12:45.1282929+08:00	0x03	-0.1429	0.4588	-0.3068	0.8216	320.51	57.40	2.68
2026-06-22T15:12:45.1282929+08:00	0x07	0.0071	-0.0332	-0.2977	0.9541	325.35	356.13	359.65
2026-06-22T15:12:45.1282929+08:00	0x02	0.4655	-0.5234	-0.2727	-0.6596	343.02	87.54	295.91
2026-06-22T15:12:45.1282929+08:00	0x08	0.0475	-0.0110	0.2334	0.9712	27.03	0.05	5.58
2026-06-22T15:12:45.1282929+08:00	0x01	0.5875	-0.3014	-0.6541	-0.3690	166.75	283.19	304.13
2026-06-22T15:12:45.1282929+08:00	0x09	0.0772	0.0011	-0.0220	0.9968	357.47	359.93	8.85
2026-06-22T15:12:45.1282929+08:00	0x06	0.0054	0.0156	-0.4362	0.8997	308.28	1.34	1.34
2026-06-22T15:12:45.1282929+08:00	0x07	0.0072	-0.0332	-0.2977	0.9541	325.35	356.13	359.65
2026-06-22T15:12:45.1282929+08:00	0x02	0.3235	-0.5505	0.0016	-0.7696	335.60	77.73	330.26
2026-06-22T15:12:45.1282929+08:00	0x08	0.0475	-0.0110	0.2334	0.9712	27.03	0.05	5.58
2026-06-22T15:12:45.1282929+08:00	0x09	0.0772	0.0011	-0.0220	0.9968	357.47	359.93	8.85
2026-06-22T15:12:45.1282929+08:00	0x03	0.0551	0.4616	-0.5718	0.6759	295.21	44.66	37.05
2026-06-22T15:12:45.1282929+08:00	0x04	-0.2811	-0.8427	-0.2662	-0.3741	43.86	126.55	346.21
2026-06-22T15:12:45.1282929+08:00	0x07	0.0072	-0.0332	-0.2977	0.9541	325.35	356.13	359.65
2026-06-22T15:12:45.1282929+08:00	0x02	0.3249	-0.5688	-0.1018	-0.7487	344.22	79.76	322.96
2026-06-22T15:12:45.1282929+08:00	0x08	0.0475	-0.0110	0.2334	0.9712	27.03	0.05	5.58
2026-06-22T15:12:45.1282929+08:00	0x01	0.4894	-0.3963	-0.6502	-0.4251	153.06	304.64	291.34
2026-06-22T15:12:45.1282929+08:00	0x03	0.0225	0.4919	-0.5779	0.6508	294.40	50.03	36.72
2026-06-22T15:12:45.1282929+08:00	0x09	0.0772	0.0011	-0.0220	0.9968	357.47	359.93	8.85
2026-06-22T15:12:45.1282929+08:00	0x07	0.0072	-0.0332	-0.2977	0.9541	325.35	356.13	359.65
2026-06-22T15:12:45.1282929+08:00	0x04	-0.2708	-0.8477	-0.1955	-0.4122	38.61	125.96	353.78
2026-06-22T15:12:45.1282929+08:00	0x08	0.0475	-0.0110	0.2334	0.9712	27.03	0.04	5.58
2026-06-22T15:12:45.1282929+08:00	0x09	0.0772	0.0011	-0.0220	0.9968	357.47	359.93	8.85
2026-06-22T15:12:45.1282929+08:00	0x03	0.0910	0.4770	-0.6700	0.5615	277.33	38.06	47.84
2026-06-22T15:12:45.1282929+08:00	0x04	-0.3867	-0.8010	-0.1906	-0.4153	51.07	125.63	0.90
2026-06-22T15:12:45.1282929+08:00	0x07	0.0072	-0.0332	-0.2977	0.9541	325.35	356.12	359.65
2026-06-22T15:12:45.1282929+08:00	0x02	0.1945	-0.6557	0.1902	-0.7043	328.46	86.30	358.60
2026-06-22T15:12:45.1282929+08:00	0x08	0.0475	-0.0110	0.2334	0.9712	27.03	0.04	5.58
2026-06-22T15:12:45.1282929+08:00	0x01	0.4597	-0.4402	-0.6178	-0.4618	138.29	319.60	284.43
2026-06-22T15:12:45.1292899+08:00	0x09	0.0772	0.0011	-0.0220	0.9968	357.47	359.93	8.85
2026-06-22T15:12:45.1292899+08:00	0x03	0.0099	0.4876	-0.5759	0.6561	294.27	50.16	35.07
2026-06-22T15:12:45.1292899+08:00	0x06	0.0054	0.0156	-0.4362	0.8997	308.28	1.33	1.34
2026-06-22T15:12:45.1292899+08:00	0x04	-0.3178	-0.8253	-0.1866	-0.4280	43.21	124.36	357.94
2026-06-22T15:12:45.1292899+08:00	0x02	0.1583	-0.6769	-0.0274	-0.7183	349.55	88.01	344.67
2026-06-22T15:12:45.1292899+08:00	0x07	0.0071	-0.0332	-0.2977	0.9541	325.35	356.12	359.65
2026-06-22T15:12:45.1292899+08:00	0x08	0.0475	-0.0110	0.2334	0.9712	27.03	0.04	5.58
2026-06-22T15:12:45.1292899+08:00	0x09	0.0772	0.0011	-0.0220	0.9968	357.47	359.93	8.85
2026-06-22T15:12:45.1292899+08:00	0x03	0.1090	0.4347	-0.7308	0.5149	262.05	25.72	48.38
2026-06-22T15:12:45.1292899+08:00	0x04	-0.5600	-0.6485	-0.0468	-0.5135	64.55	123.10	30.96
2026-06-22T15:12:45.1292899+08:00	0x07	0.0071	-0.0332	-0.2977	0.9541	325.35	356.13	359.65
2026-06-22T15:12:45.1292899+08:00	0x08	0.0475	-0.0110	0.2334	0.9712	27.03	0.05	5.58
2026-06-22T15:12:45.1292899+08:00	0x01	0.3443	-0.5188	-0.4714	-0.6245	36.03	55.23	293.19
2026-06-22T15:12:45.1292899+08:00	0x09	0.0772	0.0011	-0.0220	0.9968	357.47	359.93	8.85
2026-06-22T15:12:45.1292899+08:00	0x06	0.0054	0.0155	-0.4362	0.8997	308.28	1.33	1.34
2026-06-22T15:12:45.1292899+08:00	0x04	-0.5535	-0.6551	-0.0511	-0.5117	63.84	122.94	29.97
2026-06-22T15:12:45.1292899+08:00	0x02	0.1595	-0.6768	-0.0208	-0.7184	348.91	88.04	345.09
2026-06-22T15:12:45.1292899+08:00	0x08	0.0475	-0.0110	0.2334	0.9712	27.03	0.05	5.59
2026-06-22T15:12:45.1292899+08:00	0x09	0.0772	0.0011	-0.0220	0.9968	357.47	359.93	8.85
2026-06-22T15:12:45.1292899+08:00	0x06	0.0054	0.0156	-0.4362	0.8997	308.28	1.33	1.34
2026-06-22T15:12:45.1292899+08:00	0x04	-0.7879	-0.3192	0.2330	-0.4723	141.07	188.39	63.25
2026-06-22T15:12:45.1292899+08:00	0x07	0.0072	-0.0332	-0.2977	0.9541	325.35	356.12	359.65
2026-06-22T15:12:45.1292899+08:00	0x01	0.3481	-0.5170	-0.4763	-0.6202	37.23	54.22	292.44
2026-06-22T15:12:45.1292899+08:00	0x09	0.0772	0.0011	-0.0220	0.9968	357.47	359.93	8.85
2026-06-22T15:12:45.1292899+08:00	0x06	0.0054	0.0156	-0.4362	0.8997	308.28	1.33	1.34
2026-06-22T15:12:45.1292899+08:00	0x03	0.1061	0.4366	-0.7267	0.5196	263.22	26.67	48.15
2026-06-22T15:12:45.1292899+08:00	0x04	-0.8259	0.1466	0.4772	-0.2622	210.99	244.80	17.05
2026-06-22T15:12:45.1292899+08:00	0x02	-0.0966	-0.6278	0.3195	-0.7032	337.13	76.78	32.48
2026-06-22T15:12:45.1292899+08:00	0x07	0.0072	-0.0332	-0.2977	0.9541	325.35	356.12	359.65
2026-06-22T15:12:45.1292899+08:00	0x08	0.0475	-0.0110	0.2334	0.9712	27.03	0.05	5.58
2026-06-22T15:12:45.1292899+08:00	0x01	-0.1951	-0.5442	0.2048	-0.7898	352.46	66.96	32.08
2026-06-22T15:12:45.1292899+08:00	0x09	0.0772	0.0011	-0.0220	0.9968	357.47	359.93	8.85
2026-06-22T15:12:45.1292899+08:00	0x06	0.0054	0.0155	-0.4362	0.8997	308.28	1.33	1.34
2026-06-22T15:12:45.1292899+08:00	0x03	0.4310	0.0821	-0.7286	-0.5260	117.36	310.72	340.51
2026-06-22T15:12:45.1292899+08:00	0x04	-0.7675	0.3787	0.5011	-0.1284	226.23	241.79	349.49
2026-06-22T15:12:45.1292899+08:00	0x07	0.0071	-0.0332	-0.2977	0.9541	325.35	356.13	359.65
2026-06-22T15:12:45.1292899+08:00	0x08	0.0475	-0.0110	0.2334	0.9712	27.03	0.05	5.58
2026-06-22T15:12:45.1292899+08:00	0x09	0.0772	0.0011	-0.0220	0.9968	357.47	359.93	8.85
2026-06-22T15:12:45.1292899+08:00	0x06	0.0054	0.0155	-0.4362	0.8997	308.28	1.33	1.34
2026-06-22T15:12:45.1292899+08:00	0x03	0.3564	-0.0814	-0.4920	-0.7901	70.00	343.14	319.96
2026-06-22T15:12:45.1292899+08:00	0x04	-0.5486	0.5409	0.5999	0.2158	226.12	246.23	297.66
2026-06-22T15:12:45.1292899+08:00	0x07	0.0071	-0.0332	-0.2977	0.9541	325.35	356.13	359.65
2026-06-22T15:12:45.1292899+08:00	0x08	0.0475	-0.0110	0.2334	0.9712	27.03	0.05	5.58
2026-06-22T15:12:45.1292899+08:00	0x09	0.0772	0.0011	-0.0220	0.9968	357.47	359.93	8.85
2026-06-22T15:12:45.1292899+08:00	0x06	0.0054	0.0156	-0.4362	0.8997	308.28	1.33	1.34
2026-06-22T15:12:45.1302876+08:00	0x04	-0.3695	0.5333	0.5101	0.5647	41.38	54.94	285.98
2026-06-22T15:12:45.1302876+08:00	0x03	0.3775	-0.2777	-0.4139	-0.7804	49.53	12.16	305.01
2026-06-22T15:12:45.1302876+08:00	0x07	0.0071	-0.0332	-0.2977	0.9541	325.35	356.13	359.65
2026-06-22T15:12:45.1302876+08:00	0x08	0.0475	-0.0110	0.2334	0.9712	27.03	0.05	5.58
2026-06-22T15:12:45.1302876+08:00	0x09	0.0772	0.0011	-0.0220	0.9968	357.47	359.93	8.86
2026-06-22T15:12:45.1302876+08:00	0x06	0.0054	0.0156	-0.4362	0.8997	308.28	1.33	1.34
2026-06-22T15:12:45.1302876+08:00	0x04	-0.5468	0.5780	0.1819	0.5778	308.52	119.58	302.64
2026-06-22T15:12:45.1302876+08:00	0x08	0.0475	-0.0110	0.2334	0.9712	27.03	0.05	5.58
2026-06-22T15:12:45.1302876+08:00	0x01	-0.3729	-0.4803	0.5333	-0.5881	299.64	32.69	71.96
2026-06-22T15:12:45.1302876+08:00	0x06	0.0054	0.0156	-0.4362	0.8997	308.28	1.33	1.34
2026-06-22T15:12:45.1302876+08:00	0x09	0.0772	0.0011	-0.0220	0.9968	357.47	359.93	8.85
2026-06-22T15:12:45.1302876+08:00	0x04	-0.1822	0.6618	0.3046	0.6604	12.16	85.67	319.93
2026-06-22T15:12:45.1302876+08:00	0x07	0.0071	-0.0332	-0.2977	0.9541	325.35	356.13	359.65
2026-06-22T15:12:45.1302876+08:00	0x08	0.0475	-0.0110	0.2334	0.9712	27.03	0.05	5.59
2026-06-22T15:12:45.1302876+08:00	0x01	-0.4166	-0.2895	0.4858	-0.7117	291.87	0.85	60.97
2026-06-22T15:12:45.1302876+08:00	0x09	0.0772	0.0011	-0.0220	0.9968	357.47	359.93	8.85
2026-06-22T15:12:45.1302876+08:00	0x06	0.0054	0.0155	-0.4362	0.8997	308.28	1.33	1.34
2026-06-22T15:12:45.1302876+08:00	0x04	0.1702	0.5111	0.4413	0.7177	55.62	64.60	348.07
2026-06-22T15:12:45.1302876+08:00	0x07	0.0071	-0.0332	-0.2977	0.9541	325.35	356.13	359.65
2026-06-22T15:12:45.1302876+08:00	0x08	0.0475	-0.0110	0.2334	0.9712	27.03	0.05	5.59
2026-06-22T15:12:45.1302876+08:00	0x01	-0.3779	-0.4078	0.7259	-0.4048	219.44	330.20	63.90
2026-06-22T15:12:45.1302876+08:00	0x06	0.0054	0.0156	-0.4362	0.8997	308.28	1.33	1.34
2026-06-22T15:12:45.1302876+08:00	0x04	0.3911	0.2000	0.3624	0.8220	60.16	44.92	29.87
2026-06-22T15:12:45.1302876+08:00	0x09	0.0772	0.0011	-0.0220	0.9968	357.47	359.93	8.85
2026-06-22T15:12:45.1302876+08:00	0x07	0.0071	-0.0332	-0.2977	0.9541	325.35	356.13	359.65
2026-06-22T15:12:45.1302876+08:00	0x02	-0.3201	-0.5629	0.7352	-0.2005	167.09	303.39	72.94
2026-06-22T15:12:45.1302876+08:00	0x01	-0.3794	-0.4079	0.7390	-0.3790	213.40	326.45	62.92
2026-06-22T15:12:45.1302876+08:00	0x06	0.0054	0.0156	-0.4362	0.8997	308.28	1.33	1.34
2026-06-22T15:12:45.1302876+08:00	0x03	0.6878	-0.2736	-0.2449	-0.6261	226.51	176.56	275.52
2026-06-22T15:12:45.1302876+08:00	0x09	0.0772	0.0011	-0.0220	0.9968	357.47	359.93	8.85
2026-06-22T15:12:45.1302876+08:00	0x07	0.0071	-0.0332	-0.2977	0.9541	325.35	356.13	359.65
2026-06-22T15:12:45.1302876+08:00	0x08	0.0475	-0.0110	0.2334	0.9712	27.03	0.05	5.58
2026-06-22T15:12:45.1302876+08:00	0x01	-0.3897	-0.3839	0.7516	-0.3685	210.44	322.97	59.81
2026-06-22T15:12:45.1302876+08:00	0x06	0.0054	0.0156	-0.4362	0.8997	308.28	1.33	1.34
2026-06-22T15:12:45.1302876+08:00	0x03	0.1807	-0.4509	-0.5315	-0.6940	57.24	39.40	313.11
2026-06-22T15:12:45.1302876+08:00	0x09	0.0772	0.0011	-0.0220	0.9968	357.47	359.93	8.85
2026-06-22T15:12:45.1302876+08:00	0x07	0.0072	-0.0332	-0.2977	0.9541	325.35	356.13	359.65
2026-06-22T15:12:45.1302876+08:00	0x02	-0.0662	-0.5406	0.8381	0.0317	163.22	340.35	64.42
2026-06-22T15:12:45.1302876+08:00	0x01	-0.3732	-0.3803	0.8110	-0.2416	190.31	315.72	52.86
2026-06-22T15:12:45.1302876+08:00	0x06	0.0054	0.0156	-0.4362	0.8997	308.28	1.33	1.34
2026-06-22T15:12:45.1302876+08:00	0x03	0.1625	-0.4538	-0.5376	-0.6918	58.24	40.25	314.53
2026-06-22T15:12:45.1302876+08:00	0x09	0.0772	0.0011	-0.0220	0.9968	357.47	359.93	8.85
2026-06-22T15:12:45.1302876+08:00	0x07	0.0072	-0.0332	-0.2977	0.9541	325.35	356.13	359.65
2026-06-22T15:12:45.1302876+08:00	0x04	0.3554	0.1989	0.1145	0.9061	25.82	33.47	36.77
2026-06-22T15:12:45.1302876+08:00	0x08	0.0475	-0.0110	0.2334	0.9712	27.03	0.05	5.58
2026-06-22T15:12:45.1302876+08:00	0x01	-0.3744	-0.3830	0.8110	-0.2353	189.06	314.96	52.89
2026-06-22T15:12:45.1302876+08:00	0x06	0.0054	0.0156	-0.4362	0.8997	308.28	1.33	1.34
2026-06-22T15:12:45.1302876+08:00	0x03	0.1625	-0.4538	-0.5376	-0.6918	58.24	40.25	314.53
2026-06-22T15:12:45.1302876+08:00	0x04	0.4048	0.0805	-0.2582	0.8735	324.39	354.07	48.48
2026-06-22T15:12:45.1302876+08:00	0x09	0.0772	0.0011	-0.0220	0.9968	357.47	359.93	8.85
2026-06-22T15:12:45.1302876+08:00	0x07	0.0071	-0.0332	-0.2977	0.9541	325.35	356.12	359.65
2026-06-22T15:12:45.1302876+08:00	0x02	-0.1708	-0.4494	0.8741	-0.0689	176.78	336.25	54.02
2026-06-22T15:12:45.1302876+08:00	0x08	0.0475	-0.0110	0.2334	0.9712	27.03	0.05	5.59
2026-06-22T15:12:45.1302876+08:00	0x01	-0.3542	-0.3743	0.8371	-0.1835	183.69	315.82	49.17
2026-06-22T15:12:45.1302876+08:00	0x06	0.0054	0.0156	-0.4362	0.8997	308.28	1.34	1.34
2026-06-22T15:12:45.1302876+08:00	0x03	0.1625	-0.4538	-0.5376	-0.6918	58.24	40.25	314.53
2026-06-22T15:12:45.1302876+08:00	0x09	0.0772	0.0011	-0.0220	0.9968	357.47	359.93	8.85
2026-06-22T15:12:45.1302876+08:00	0x07	0.0071	-0.0332	-0.2977	0.9541	325.35	356.13	359.65
2026-06-22T15:12:45.1302876+08:00	0x08	0.0475	-0.0110	0.2334	0.9712	27.03	0.05	5.58
2026-06-22T15:12:45.1302876+08:00	0x01	-0.3512	-0.3657	0.8548	-0.1111	174.60	313.11	44.68
2026-06-22T15:12:45.1302876+08:00	0x06	0.0054	0.0156	-0.4362	0.8997	308.28	1.34	1.34
2026-06-22T15:12:45.1302876+08:00	0x03	0.0898	-0.3472	-0.6785	-0.6411	85.53	23.52	324.10
2026-06-22T15:12:45.1312849+08:00	0x07	0.0072	-0.0332	-0.2977	0.9541	325.35	356.12	359.65
2026-06-22T15:12:45.1312849+08:00	0x04	0.3974	0.0593	-0.3191	0.8583	313.82	347.36	46.06
2026-06-22T15:12:45.1312849+08:00	0x01	-0.3486	-0.3436	0.8694	-0.0675	170.80	312.93	40.14
2026-06-22T15:12:45.1312849+08:00	0x03	0.0576	-0.2374	-0.7598	-0.6025	100.30	12.70	334.52
2026-06-22T15:12:45.1312849+08:00	0x07	0.0071	-0.0332	-0.2977	0.9541	325.35	356.12	359.65
2026-06-22T15:15:00.4287208+08:00	0x01	-0.3469	-0.3512	0.8672	-0.0654	170.08	312.69	40.88
2026-06-22T15:15:00.4287208+08:00	0x09	0.0772	0.0011	-0.0220	0.9968	357.47	359.93	8.85
2026-06-22T15:15:00.4287208+08:00	0x03	0.0586	-0.2408	-0.7576	-0.6038	99.91	12.97	334.17
2026-06-22T15:15:00.4296777+08:00	0x08	0.0475	-0.0110	0.2334	0.9712	27.03	0.05	5.59
2026-06-22T15:15:00.4296777+08:00	0x07	0.0071	-0.0332	-0.2977	0.9541	325.35	356.12	359.65
2026-06-22T15:15:00.4296777+08:00	0x06	0.0054	0.0156	-0.4362	0.8997	308.28	1.34	1.34
2026-06-22T15:15:00.4296777+08:00	0x03	0.0309	-0.1835	-0.7976	-0.5737	106.88	9.83	340.84
2026-06-22T15:15:00.4296777+08:00	0x09	0.0772	0.0011	-0.0220	0.9968	357.47	359.93	8.85
2026-06-22T15:15:00.4296777+08:00	0x07	0.0072	-0.0332	-0.2977	0.9541	325.35	356.12	359.65
2026-06-22T15:15:00.4296777+08:00	0x04	0.3950	0.0515	-0.3796	0.8350	303.97	342.60	44.33
2026-06-22T15:15:00.4296777+08:00	0x01	-0.3511	-0.3514	0.8663	-0.0533	168.33	311.59	40.25
2026-06-22T15:15:00.4296777+08:00	0x03	0.0088	-0.1399	-0.8229	-0.5506	111.42	8.26	346.12
2026-06-22T15:15:00.4296777+08:00	0x09	0.0772	0.0011	-0.0220	0.9968	357.47	359.93	8.85
2026-06-22T15:15:00.4296777+08:00	0x02	-0.1922	-0.4232	0.8681	-0.1743	193.53	341.84	53.30
2026-06-22T15:15:00.4296777+08:00	0x04	0.3733	0.0581	-0.3965	0.8367	303.27	344.45	42.13
2026-06-22T15:15:00.4296777+08:00	0x07	0.0071	-0.0332	-0.2977	0.9541	325.35	356.12	359.65
2026-06-22T15:15:00.4296777+08:00	0x06	0.0054	0.0156	-0.4362	0.8997	308.28	1.34	1.34
2026-06-22T15:15:00.4296777+08:00	0x01	-0.3527	-0.3501	0.8663	-0.0515	168.12	311.35	40.00
2026-06-22T15:15:00.4296777+08:00	0x09	0.0772	0.0011	-0.0220	0.9968	357.47	359.93	8.85
2026-06-22T15:15:00.4296777+08:00	0x02	-0.1692	-0.4197	0.8476	-0.2772	213.58	354.76	53.63
2026-06-22T15:15:00.4296777+08:00	0x04	0.3758	0.0584	-0.3939	0.8368	303.50	344.40	42.45
2026-06-22T15:15:00.4296777+08:00	0x06	0.0054	0.0156	-0.4362	0.8997	308.28	1.33	1.34
2026-06-22T15:15:00.4296777+08:00	0x03	-0.0342	-0.0726	-0.8584	-0.5067	118.55	7.63	354.84
2026-06-22T15:15:00.4296777+08:00	0x09	0.0772	0.0011	-0.0220	0.9968	357.47	359.93	8.86
2026-06-22T15:15:00.4296777+08:00	0x04	0.3762	0.0515	-0.3915	0.8382	303.61	343.70	42.14
2026-06-22T15:15:00.4296777+08:00	0x01	-0.3543	-0.3216	0.8777	-0.0281	167.29	311.92	35.76
2026-06-22T15:15:00.4296777+08:00	0x03	-0.0372	-0.0564	-0.8653	-0.4966	120.09	6.93	356.52
2026-06-22T15:15:00.4296777+08:00	0x06	0.0054	0.0156	-0.4362	0.8997	308.28	1.33	1.34
2026-06-22T15:15:00.4296777+08:00	0x09	0.0772	0.0011	-0.0220	0.9968	357.47	359.93	8.86
2026-06-22T15:15:00.4296777+08:00	0x04	0.3724	0.0484	-0.3905	0.8405	303.95	343.74	41.59
2026-06-22T15:15:00.4296777+08:00	0x06	0.0054	0.0156	-0.4362	0.8997	308.28	1.33	1.34
2026-06-22T15:15:00.4296777+08:00	0x09	0.0772	0.0011	-0.0220	0.9968	357.47	359.93	8.86
2026-06-22T15:15:00.4296777+08:00	0x08	0.0475	-0.0110	0.2334	0.9712	27.03	0.05	5.58
2026-06-22T15:15:00.4296777+08:00	0x02	-0.1778	-0.4232	0.8305	-0.3154	220.14	357.19	54.61
2026-06-22T15:15:00.4296777+08:00	0x04	0.3823	0.0432	-0.3946	0.8344	302.35	341.93	42.23
2026-06-22T15:15:00.4296777+08:00	0x03	-0.0462	-0.0404	-0.8659	-0.4965	120.25	6.90	358.62
2026-06-22T15:15:00.4296777+08:00	0x09	0.0772	0.0011	-0.0220	0.9968	357.47	359.93	8.85
2026-06-22T15:15:00.4296777+08:00	0x02	-0.1687	-0.4376	0.8274	-0.3090	220.48	359.10	55.93
2026-06-22T15:15:00.4296777+08:00	0x07	0.0071	-0.0332	-0.2977	0.9541	325.35	356.12	359.65
2026-06-22T15:15:00.4296777+08:00	0x08	0.0475	-0.0110	0.2334	0.9712	27.03	0.05	5.59
2026-06-22T15:15:00.4296777+08:00	0x03	-0.0480	-0.0345	-0.8614	-0.5045	119.25	6.75	359.37
2026-06-22T15:15:00.4296777+08:00	0x01	-0.3613	-0.3587	0.8600	-0.0334	164.75	308.86	39.88
2026-06-22T15:15:00.4296777+08:00	0x09	0.0772	0.0011	-0.0220	0.9968	357.47	359.93	8.85
2026-06-22T15:15:00.4296777+08:00	0x06	0.0054	0.0156	-0.4362	0.8997	308.28	1.34	1.34
2026-06-22T15:15:00.4296777+08:00	0x07	0.0072	-0.0332	-0.2977	0.9541	325.35	356.12	359.65
2026-06-22T15:15:00.4306742+08:00	0x03	-0.0436	-0.0244	-0.8620	-0.5044	119.34	5.73	0.11
2026-06-22T15:15:00.4306742+08:00	0x09	0.0772	0.0011	-0.0220	0.9968	357.47	359.93	8.85
2026-06-22T15:15:00.4306742+08:00	0x04	0.3783	0.0465	-0.3896	0.8384	303.56	343.00	42.11
2026-06-22T15:15:00.4306742+08:00	0x07	0.0072	-0.0332	-0.2977	0.9541	325.35	356.12	359.65
2026-06-22T15:15:00.4306742+08:00	0x03	-0.0402	-0.0189	-0.8639	-0.5017	119.72	5.07	0.44
2026-06-22T15:15:00.4306742+08:00	0x06	0.0054	0.0156	-0.4362	0.8997	308.28	1.34	1.34
2026-06-22T15:15:00.4306742+08:00	0x02	-0.1673	-0.4275	0.8335	-0.3076	219.69	358.42	54.63
2026-06-22T15:15:00.4306742+08:00	0x09	0.0772	0.0011	-0.0220	0.9968	357.47	359.93	8.85
2026-06-22T15:15:00.4306742+08:00	0x07	0.0072	-0.0332	-0.2977	0.9541	325.35	356.12	359.65
2026-06-22T15:15:00.4306742+08:00	0x04	0.3772	0.0482	-0.3915	0.8379	303.42	343.21	42.06
2026-06-22T15:15:00.4306742+08:00	0x01	-0.3574	-0.3678	0.8580	-0.0284	163.61	308.67	40.65
2026-06-22T15:15:00.4306742+08:00	0x03	-0.0388	-0.0146	-0.8665	-0.4975	120.31	4.69	0.76
2026-06-22T15:15:00.4306742+08:00	0x09	0.0772	0.0011	-0.0220	0.9968	357.47	359.93	8.85
2026-06-22T15:15:00.4306742+08:00	0x04	0.3690	0.0545	-0.3903	0.8418	304.45	344.79	41.59
2026-06-22T15:15:00.4306742+08:00	0x08	0.0475	-0.0110	0.2334	0.9712	27.03	0.05	5.58
2026-06-22T15:15:00.4306742+08:00	0x03	-0.0396	-0.0119	-0.8667	-0.4971	120.38	4.61	1.08
2026-06-22T15:15:00.4306742+08:00	0x09	0.0772	0.0011	-0.0220	0.9968	357.47	359.93	8.85
2026-06-22T15:15:00.4306742+08:00	0x04	0.3692	0.0553	-0.3890	0.8422	304.66	344.94	41.67
2026-06-22T15:15:00.4306742+08:00	0x07	0.0072	-0.0332	-0.2977	0.9541	325.35	356.13	359.65
2026-06-22T15:15:00.4306742+08:00	0x03	-0.0395	-0.0110	-0.8669	-0.4968	120.41	4.55	1.16
2026-06-22T15:15:00.4306742+08:00	0x01	-0.3566	-0.3715	0.8567	-0.0280	163.29	308.51	41.04
2026-06-22T15:15:00.4306742+08:00	0x06	0.0054	0.0156	-0.4362	0.8997	308.28	1.34	1.34
2026-06-22T15:15:00.4306742+08:00	0x02	-0.1657	-0.4297	0.8337	-0.3046	219.39	358.55	54.83
2026-06-22T15:15:00.4306742+08:00	0x07	0.0072	-0.0332	-0.2977	0.9541	325.35	356.13	359.65
2026-06-22T15:15:00.4306742+08:00	0x08	0.0475	-0.0110	0.2334	0.9712	27.03	0.05	5.58
2026-06-22T15:15:00.4306742+08:00	0x06	0.0054	0.0155	-0.4362	0.8997	308.28	1.33	1.33
2026-06-22T15:15:00.4306742+08:00	0x03	-0.0406	-0.0099	-0.8668	-0.4968	120.41	4.60	1.33
2026-06-22T15:15:00.4306742+08:00	0x09	0.0772	0.0011	-0.0220	0.9968	357.47	359.93	8.85
2026-06-22T15:15:00.4306742+08:00	0x04	0.3674	0.0586	-0.3879	0.8433	305.07	345.56	41.69
2026-06-22T15:15:00.4306742+08:00	0x07	0.0071	-0.0332	-0.2977	0.9541	325.35	356.13	359.65
2026-06-22T15:15:00.4306742+08:00	0x03	-0.0392	-0.0089	-0.8671	-0.4964	120.47	4.41	1.35
2026-06-22T15:15:00.4306742+08:00	0x06	0.0054	0.0156	-0.4362	0.8997	308.28	1.33	1.34
2026-06-22T15:15:00.4306742+08:00	0x09	0.0772	0.0011	-0.0220	0.9968	357.47	359.93	8.85
2026-06-22T15:15:00.4306742+08:00	0x04	0.3580	0.0633	-0.3837	0.8489	306.55	347.19	41.02
2026-06-22T15:15:00.4306742+08:00	0x08	0.0475	-0.0110	0.2334	0.9712	27.03	0.05	5.58
2026-06-22T15:15:00.4306742+08:00	0x07	0.0071	-0.0332	-0.2977	0.9541	325.35	356.13	359.65
2026-06-22T15:15:00.4306742+08:00	0x06	0.0054	0.0156	-0.4362	0.8997	308.28	1.34	1.34
2026-06-22T15:15:00.4306742+08:00	0x01	-0.3558	-0.3743	0.8558	-0.0293	163.24	308.48	41.42
2026-06-22T15:15:00.4306742+08:00	0x09	0.0772	0.0011	-0.0220	0.9968	357.47	359.93	8.85
2026-06-22T15:15:00.4306742+08:00	0x04	0.3610	0.0611	-0.3855	0.8469	305.98	346.56	41.20
2026-06-22T15:15:00.4306742+08:00	0x08	0.0475	-0.0110	0.2334	0.9712	27.03	0.05	5.58
2026-06-22T15:15:00.4306742+08:00	0x07	0.0071	-0.0332	-0.2977	0.9541	325.35	356.13	359.65
2026-06-22T15:15:00.4306742+08:00	0x03	-0.0374	-0.0093	-0.8693	-0.4927	120.96	4.25	1.18
2026-06-22T15:15:00.4306742+08:00	0x01	-0.3556	-0.3740	0.8561	-0.0287	163.21	308.51	41.36
2026-06-22T15:15:00.4306742+08:00	0x09	0.0772	0.0011	-0.0220	0.9968	357.47	359.93	8.85
2026-06-22T15:15:00.4306742+08:00	0x04	0.3555	0.0638	-0.3853	0.8492	306.48	347.36	40.77
2026-06-22T15:15:00.4306742+08:00	0x02	-0.1642	-0.4311	0.8340	-0.3027	219.22	358.71	54.94
2026-06-22T15:15:00.4306742+08:00	0x08	0.0475	-0.0110	0.2334	0.9712	27.03	0.05	5.59
2026-06-22T15:15:00.4306742+08:00	0x06	0.0054	0.0156	-0.4362	0.8997	308.28	1.34	1.34
2026-06-22T15:15:00.4306742+08:00	0x07	0.0071	-0.0332	-0.2977	0.9541	325.35	356.12	359.65
2026-06-22T15:15:00.4306742+08:00	0x09	0.0772	0.0011	-0.0220	0.9968	357.47	359.93	8.86
2026-06-22T15:15:00.4306742+08:00	0x04	0.3597	0.0624	-0.3878	0.8464	305.76	346.71	41.09
2026-06-22T15:15:00.4306742+08:00	0x07	0.0071	-0.0332	-0.2977	0.9541	325.35	356.12	359.65
2026-06-22T15:15:00.4306742+08:00	0x06	0.0054	0.0156	-0.4362	0.8997	308.28	1.34	1.34
2026-06-22T15:15:00.4306742+08:00	0x08	0.0475	-0.0110	0.2334	0.9712	27.03	0.05	5.59
2026-06-22T15:15:00.4306742+08:00	0x01	-0.3555	-0.3724	0.8568	-0.0292	163.42	308.66	41.21
2026-06-22T15:15:00.4306742+08:00	0x09	0.0772	0.0011	-0.0220	0.9968	357.47	359.93	8.86
2026-06-22T15:15:00.4306742+08:00	0x02	-0.1669	-0.4293	0.8338	-0.3044	219.24	358.31	54.83
2026-06-22T15:15:00.4306742+08:00	0x08	0.0475	-0.0110	0.2334	0.9712	27.03	0.05	5.59
2026-06-22T15:15:00.4306742+08:00	0x07	0.0071	-0.0332	-0.2977	0.9541	325.35	356.13	359.65
2026-06-22T15:15:00.4316720+08:00	0x01	-0.3550	-0.3698	0.8581	-0.0287	163.60	308.90	40.93
2026-06-22T15:15:00.4316720+08:00	0x09	0.0772	0.0011	-0.0220	0.9968	357.47	359.93	8.86
2026-06-22T15:15:00.4316720+08:00	0x03	-0.0378	-0.0114	-0.8701	-0.4914	121.13	4.42	0.99
2026-06-22T15:15:00.4316720+08:00	0x02	-0.1711	-0.4252	0.8340	-0.3073	219.24	357.63	54.52
2026-06-22T15:15:00.4316720+08:00	0x07	0.0071	-0.0332	-0.2977	0.9541	325.35	356.13	359.65
2026-06-22T15:15:00.4316720+08:00	0x08	0.0475	-0.0110	0.2334	0.9712	27.03	0.05	5.59
2026-06-22T15:15:00.4316720+08:00	0x06	0.0054	0.0156	-0.4362	0.8997	308.28	1.33	1.34
2026-06-22T15:15:00.4316720+08:00	0x03	-0.0385	-0.0100	-0.8713	-0.4891	121.44	4.41	1.16
2026-06-22T15:15:00.4316720+08:00	0x01	-0.3548	-0.3648	0.8605	-0.0261	163.72	309.18	40.26
2026-06-22T15:15:00.4316720+08:00	0x09	0.0772	0.0011	-0.0220	0.9968	357.47	359.93	8.85
2026-06-22T15:15:00.4316720+08:00	0x07	0.0071	-0.0332	-0.2977	0.9541	325.35	356.13	359.65
2026-06-22T15:15:00.4316720+08:00	0x03	-0.0406	-0.0082	-0.8707	-0.4901	121.31	4.52	1.46
2026-06-22T15:15:00.4316720+08:00	0x09	0.0772	0.0011	-0.0220	0.9968	357.47	359.93	8.85
2026-06-22T15:15:00.4316720+08:00	0x08	0.0475	-0.0110	0.2334	0.9712	27.03	0.05	5.58
2026-06-22T15:15:00.4316720+08:00	0x07	0.0071	-0.0332	-0.2977	0.9541	325.35	356.13	359.65
2026-06-22T15:15:00.4316720+08:00	0x06	0.0054	0.0156	-0.4362	0.8997	308.28	1.33	1.34
2026-06-22T15:15:00.4316720+08:00	0x03	-0.0420	-0.0078	-0.8685	-0.4938	120.83	4.63	1.60
2026-06-22T15:15:00.4316720+08:00	0x01	-0.3546	-0.3731	0.8567	-0.0325	163.80	308.87	41.48
2026-06-22T15:15:00.4316720+08:00	0x09	0.0772	0.0011	-0.0220	0.9968	357.47	359.93	8.85
2026-06-22T15:15:00.4316720+08:00	0x08	0.0475	-0.0110	0.2334	0.9712	27.03	0.05	5.58
2026-06-22T15:15:00.4316720+08:00	0x06	0.0054	0.0156	-0.4362	0.8997	308.28	1.33	1.34
2026-06-22T15:15:00.4316720+08:00	0x03	-0.0411	-0.0039	-0.8675	-0.4958	120.58	4.31	1.95
2026-06-22T15:15:00.4316720+08:00	0x01	-0.3565	-0.3768	0.8543	-0.0338	163.55	308.36	41.90
2026-06-22T15:15:00.4316720+08:00	0x09	0.0772	0.0011	-0.0220	0.9968	357.47	359.93	8.85
2026-06-22T15:15:00.4316720+08:00	0x08	0.0475	-0.0110	0.2334	0.9712	27.03	0.05	5.58
2026-06-22T15:15:00.4316720+08:00	0x07	0.0071	-0.0332	-0.2977	0.9541	325.35	356.13	359.65
2026-06-22T15:15:00.4316720+08:00	0x06	0.0054	0.0156	-0.4362	0.8997	308.28	1.33	1.34
2026-06-22T15:15:00.4316720+08:00	0x02	-0.1653	-0.4243	0.8385	-0.2992	218.11	357.72	54.15
2026-06-22T15:15:00.4316720+08:00	0x03	-0.0402	-0.0064	-0.8679	-0.4951	120.66	4.37	1.65
2026-06-22T15:15:00.4316720+08:00	0x09	0.0772	0.0011	-0.0220	0.9968	357.47	359.93	8.85
2026-06-22T15:15:00.4316720+08:00	0x01	-0.3692	-0.4742	0.7767	-0.1886	173.19	305.12	61.15
2026-06-22T15:15:00.4316720+08:00	0x04	0.3527	0.0666	-0.3944	0.8460	305.36	347.43	40.49
2026-06-22T15:15:00.4316720+08:00	0x07	0.0071	-0.0332	-0.2977	0.9541	325.35	356.13	359.65
2026-06-22T15:15:00.4316720+08:00	0x06	0.0054	0.0156	-0.4362	0.8997	308.28	1.34	1.34
2026-06-22T15:15:00.4316720+08:00	0x03	-0.0375	0.0041	-0.8648	-0.5007	119.94	3.49	2.56
2026-06-22T15:15:00.4316720+08:00	0x01	-0.4076	-0.4908	0.7403	-0.2121	168.64	295.20	64.10
2026-06-22T15:15:00.4316720+08:00	0x02	-0.1655	-0.4244	0.8384	-0.2994	218.14	357.72	54.16
2026-06-22T15:15:00.4316720+08:00	0x07	0.0071	-0.0332	-0.2977	0.9541	325.35	356.13	359.65
2026-06-22T15:15:00.4316720+08:00	0x06	0.0054	0.0156	-0.4362	0.8997	308.28	1.33	1.34
2026-06-22T15:15:00.4316720+08:00	0x01	-0.4139	-0.4965	0.7310	-0.2187	167.49	292.96	65.08
2026-06-22T15:15:00.4316720+08:00	0x02	0.0430	-0.5496	0.8332	0.0429	176.47	3.58	66.86
2026-06-22T15:15:00.4316720+08:00	0x08	0.0475	-0.0110	0.2334	0.9712	27.03	0.05	5.59
2026-06-22T15:15:00.4316720+08:00	0x04	0.3554	0.0652	-0.3910	0.8465	305.64	347.21	40.74
2026-06-22T15:15:00.4326691+08:00	0x06	0.0054	0.0156	-0.4362	0.8997	308.28	1.33	1.34
2026-06-22T15:15:00.4326691+08:00	0x07	0.0071	-0.0332	-0.2977	0.9541	325.35	356.13	359.65
2026-06-22T15:15:00.4326691+08:00	0x09	0.0772	0.0011	-0.0220	0.9968	357.47	359.93	8.85
2026-06-22T15:15:00.4326691+08:00	0x08	0.0475	-0.0110	0.2334	0.9712	27.03	0.05	5.59
2026-06-22T15:15:00.4326691+08:00	0x02	-0.0714	-0.5914	0.7945	0.1182	135.04	318.91	67.34
2026-06-22T15:15:00.4326691+08:00	0x07	0.0071	-0.0332	-0.2977	0.9541	325.35	356.13	359.65
2026-06-22T15:15:00.4326691+08:00	0x06	0.0054	0.0156	-0.4362	0.8997	308.28	1.33	1.34
2026-06-22T15:15:00.4326691+08:00	0x01	-0.4372	-0.4976	0.7013	-0.2634	169.85	289.24	68.17
2026-06-22T15:15:00.4326691+08:00	0x02	-0.0745	-0.6116	0.7769	0.1296	126.74	311.28	68.59
2026-06-22T15:15:00.4326691+08:00	0x08	0.0475	-0.0110	0.2334	0.9712	27.03	0.05	5.58
2026-06-22T15:15:00.4326691+08:00	0x07	0.0071	-0.0332	-0.2977	0.9541	325.35	356.12	359.65
2026-06-22T15:15:00.4326691+08:00	0x04	0.3461	0.0697	-0.3884	0.8512	306.81	348.69	40.05
2026-06-22T15:15:00.4326691+08:00	0x03	-0.0318	0.0050	-0.8590	-0.5109	118.57	2.85	2.35
2026-06-22T15:15:00.4326691+08:00	0x09	0.0772	0.0011	-0.0220	0.9968	357.47	359.93	8.85
2026-06-22T15:15:00.4326691+08:00	0x02	-0.0692	-0.6177	0.7749	0.1151	128.57	312.35	70.28
2026-06-22T15:15:00.4326691+08:00	0x07	0.0071	-0.0332	-0.2977	0.9541	325.35	356.12	359.65
2026-06-22T15:15:00.4326691+08:00	0x04	0.3495	0.0660	-0.3874	0.8506	306.63	348.02	40.21
2026-06-22T15:15:00.4326691+08:00	0x03	-0.0254	0.0014	-0.8651	-0.5010	119.88	2.44	1.60
2026-06-22T15:15:00.4326691+08:00	0x01	-0.4297	-0.5074	0.6952	-0.2731	170.48	289.87	70.09
2026-06-22T15:15:00.4326691+08:00	0x09	0.0772	0.0011	-0.0220	0.9968	357.47	359.93	8.86
2026-06-22T15:15:00.4326691+08:00	0x02	-0.0609	-0.6242	0.7716	0.1063	129.53	313.26	71.87
2026-06-22T15:15:00.4326691+08:00	0x04	0.3568	0.0614	-0.3904	0.8465	305.53	346.69	40.69
2026-06-22T15:15:00.4326691+08:00	0x07	0.0071	-0.0332	-0.2977	0.9541	325.35	356.12	359.65
2026-06-22T15:15:00.4326691+08:00	0x06	0.0054	0.0156	-0.4362	0.8997	308.28	1.33	1.34
2026-06-22T15:15:00.4326691+08:00	0x03	-0.0290	0.0004	-0.8661	-0.4991	120.13	2.86	1.70
2026-06-22T15:15:00.4326691+08:00	0x09	0.0772	0.0011	-0.0220	0.9968	357.47	359.93	8.86
2026-06-22T15:15:00.4326691+08:00	0x01	-0.4282	-0.5123	0.6899	-0.2797	170.58	289.60	71.16
2026-06-22T15:15:00.4326691+08:00	0x08	0.0475	-0.0110	0.2334	0.9712	27.03	0.05	5.58
2026-06-22T15:15:00.4326691+08:00	0x07	0.0071	-0.0332	-0.2977	0.9541	325.35	356.12	359.65
2026-06-22T15:15:00.4326691+08:00	0x03	-0.0320	-0.0025	-0.8658	-0.4994	120.09	3.32	1.58
2026-06-22T15:15:00.4326691+08:00	0x01	-0.4269	-0.5123	0.6890	-0.2838	171.60	290.38	71.49
2026-06-22T15:15:00.4326691+08:00	0x08	0.0475	-0.0110	0.2334	0.9712	27.03	0.05	5.58
2026-06-22T15:15:00.4326691+08:00	0x07	0.0071	-0.0332	-0.2977	0.9541	325.35	356.12	359.65
2026-06-22T15:15:00.4326691+08:00	0x04	0.3634	0.0576	-0.3891	0.8446	305.14	345.73	41.19
2026-06-22T15:15:00.4326691+08:00	0x06	0.0054	0.0156	-0.4362	0.8997	308.28	1.33	1.34
2026-06-22T15:15:00.4326691+08:00	0x03	-0.0340	-0.0038	-0.8658	-0.4991	120.12	3.60	1.57
2026-06-22T15:15:00.4326691+08:00	0x09	0.0772	0.0011	-0.0220	0.9968	357.47	359.93	8.86
2026-06-22T15:15:00.4326691+08:00	0x01	-0.4255	-0.5150	0.6869	-0.2860	171.56	290.31	71.99
2026-06-22T15:15:00.4326691+08:00	0x08	0.0475	-0.0110	0.2334	0.9712	27.03	0.05	5.58
2026-06-22T15:15:00.4326691+08:00	0x04	0.3632	0.0584	-0.3874	0.8454	305.45	345.94	41.25
2026-06-22T15:15:00.4326691+08:00	0x03	-0.0333	-0.0063	-0.8673	-0.4967	120.44	3.68	1.27
2026-06-22T15:15:00.4326691+08:00	0x09	0.0772	0.0011	-0.0220	0.9968	357.47	359.93	8.86
2026-06-22T15:15:00.4326691+08:00	0x01	-0.4071	-0.4942	0.7172	-0.2750	178.75	299.99	68.88
2026-06-22T15:15:00.4326691+08:00	0x02	-0.0349	-0.5989	0.7909	0.1204	137.51	324.55	69.88
2026-06-22T15:15:00.4336665+08:00	0x08	0.0475	-0.0110	0.2334	0.9712	27.03	0.05	5.58
2026-06-22T15:15:00.4336665+08:00	0x04	0.3718	0.0557	-0.3792	0.8455	306.00	345.32	42.14
2026-06-22T15:15:00.4336665+08:00	0x06	0.0054	0.0156	-0.4362	0.8997	308.28	1.33	1.34
2026-06-22T15:15:00.4336665+08:00	0x07	0.0071	-0.0332	-0.2977	0.9541	325.35	356.12	359.65
2026-06-22T15:15:00.4336665+08:00	0x03	-0.0368	-0.0300	-0.8720	-0.4871	121.58	5.37	359.06
2026-06-22T15:15:00.4336665+08:00	0x09	0.0772	0.0011	-0.0220	0.9968	357.47	359.93	8.85
2026-06-22T15:15:00.4336665+08:00	0x08	0.0475	-0.0110	0.2334	0.9712	27.03	0.05	5.58
2026-06-22T15:15:00.4336665+08:00	0x06	0.0054	0.0156	-0.4362	0.8997	308.28	1.33	1.34
2026-06-22T15:15:00.4336665+08:00	0x01	-0.4076	-0.4949	0.7163	-0.2753	178.57	299.73	68.98
2026-06-22T15:15:00.4336665+08:00	0x02	-0.0357	-0.5997	0.7904	0.1200	137.30	324.24	69.95
2026-06-22T15:15:00.4336665+08:00	0x09	0.0772	0.0011	-0.0220	0.9968	357.47	359.93	8.85
2026-06-22T15:15:00.4336665+08:00	0x08	0.0475	-0.0110	0.2334	0.9712	27.03	0.05	5.58
2026-06-22T15:15:00.4336665+08:00	0x07	0.0071	-0.0332	-0.2977	0.9541	325.35	356.12	359.65
2026-06-22T15:15:00.4336665+08:00	0x06	0.0055	0.0155	-0.4362	0.8997	308.28	1.33	1.34
2026-06-22T15:15:00.4336665+08:00	0x03	-0.0553	-0.0542	-0.8830	-0.4630	124.47	8.51	357.45
2026-06-22T15:15:00.4336665+08:00	0x09	0.0772	0.0011	-0.0220	0.9968	357.47	359.93	8.85
2026-06-22T15:15:00.4336665+08:00	0x01	0.1020	-0.4210	0.9011	0.0170	184.90	15.19	49.66
2026-06-22T15:15:00.4336665+08:00	0x08	0.0475	-0.0110	0.2334	0.9712	27.03	0.05	5.58
2026-06-22T15:15:00.4336665+08:00	0x07	0.0071	-0.0332	-0.2977	0.9541	325.35	356.12	359.65
2026-06-22T15:15:00.4336665+08:00	0x03	-0.0498	-0.0661	-0.8974	-0.4335	128.11	8.46	355.68
2026-06-22T15:15:00.4336665+08:00	0x09	0.0772	0.0011	-0.0220	0.9968	357.47	359.93	8.85
2026-06-22T15:15:00.4336665+08:00	0x01	-0.1876	-0.3613	0.7528	-0.5172	252.41	7.77	47.57
2026-06-22T15:15:00.4336665+08:00	0x02	-0.0971	-0.5366	0.8035	0.2388	122.43	314.50	54.68
2026-06-22T15:15:00.4336665+08:00	0x07	0.0071	-0.0332	-0.2977	0.9541	325.35	356.12	359.65
2026-06-22T15:15:00.4336665+08:00	0x04	0.4670	-0.0262	-0.3698	0.8028	295.15	325.43	46.92
2026-06-22T15:15:00.4336665+08:00	0x03	-0.0522	-0.1282	-0.9180	-0.3716	134.80	11.24	348.66
2026-06-22T15:15:00.4336665+08:00	0x09	0.0772	0.0011	-0.0220	0.9968	357.47	359.93	8.85
2026-06-22T15:15:00.4336665+08:00	0x01	-0.3379	-0.3357	0.7523	-0.4551	231.79	339.62	54.36
2026-06-22T15:15:00.4336665+08:00	0x08	0.0475	-0.0110	0.2334	0.9712	27.03	0.05	5.58
2026-06-22T15:15:00.4336665+08:00	0x07	0.0071	-0.0332	-0.2977	0.9541	325.35	356.12	359.65
2026-06-22T15:15:00.4336665+08:00	0x04	0.4171	-0.0244	-0.3655	0.8318	301.48	332.04	42.53
2026-06-22T15:15:00.4336665+08:00	0x06	0.0055	0.0156	-0.4362	0.8997	308.28	1.33	1.34
2026-06-22T15:15:00.4336665+08:00	0x03	-0.0747	-0.1084	-0.9314	-0.3393	139.01	12.43	351.30
2026-06-22T15:15:00.4336665+08:00	0x09	0.0772	0.0011	-0.0220	0.9968	357.47	359.93	8.85
2026-06-22T15:15:00.4336665+08:00	0x02	-0.1645	-0.5084	0.8421	-0.0731	174.66	334.71	61.68
2026-06-22T15:15:00.4346635+08:00	0x07	0.0071	-0.0332	-0.2977	0.9541	325.35	356.12	359.65
2026-06-22T15:15:00.4346635+08:00	0x04	0.4032	-0.0352	-0.3708	0.8359	301.67	331.98	40.39
2026-06-22T15:15:00.4346635+08:00	0x03	-0.0931	-0.1173	-0.9284	-0.3399	138.62	14.81	351.11
2026-06-22T15:15:00.4346635+08:00	0x09	0.0772	0.0011	-0.0220	0.9968	357.47	359.93	8.85
2026-06-22T15:15:00.4346635+08:00	0x01	-0.3792	-0.3121	0.7746	-0.3983	217.95	326.78	51.79
2026-06-22T15:15:00.4346635+08:00	0x02	-0.1413	-0.5241	0.8326	-0.1103	184.76	343.75	64.67
2026-06-22T15:15:00.4346635+08:00	0x08	0.0475	-0.0110	0.2334	0.9712	27.03	0.05	5.58
2026-06-22T15:15:00.4346635+08:00	0x06	0.0054	0.0156	-0.4362	0.8997	308.28	1.33	1.34
2026-06-22T15:15:00.4346635+08:00	0x03	-0.0989	-0.0758	-0.9241	-0.3612	136.83	13.78	356.06
2026-06-22T15:15:00.4346635+08:00	0x09	0.0772	0.0011	-0.0220	0.9968	357.47	359.93	8.85
2026-06-22T15:15:00.4346635+08:00	0x01	-0.3626	-0.3190	0.7660	-0.4242	223.80	331.91	52.78
2026-06-22T15:15:00.4346635+08:00	0x02	-0.0846	-0.5071	0.8577	-0.0071	171.38	343.69	60.59
2026-06-22T15:15:00.4346635+08:00	0x07	0.0071	-0.0332	-0.2977	0.9541	325.35	356.12	359.65
2026-06-22T15:15:00.4346635+08:00	0x06	0.0054	0.0156	-0.4362	0.8997	308.28	1.33	1.34
2026-06-22T15:15:00.4346635+08:00	0x09	0.0772	0.0011	-0.0220	0.9968	357.47	359.93	8.85
2026-06-22T15:15:00.4346635+08:00	0x01	-0.3354	-0.3714	0.8393	-0.2123	189.60	320.92	49.98
2026-06-22T15:15:00.4346635+08:00	0x08	0.0475	-0.0110	0.2334	0.9712	27.03	0.05	5.58
2026-06-22T15:15:00.4346635+08:00	0x03	-0.1440	-0.0746	-0.8873	-0.4318	128.03	18.66	359.54
2026-06-22T15:15:00.4346635+08:00	0x07	0.0071	-0.0332	-0.2977	0.9541	325.35	356.12	359.65
2026-06-22T15:15:00.4346635+08:00	0x06	0.0055	0.0156	-0.4362	0.8997	308.28	1.33	1.34
2026-06-22T15:15:00.4346635+08:00	0x03	-0.1368	-0.0444	-0.8665	-0.4781	122.67	16.25	3.09
2026-06-22T15:15:00.4346635+08:00	0x01	-0.3441	-0.3686	0.8474	-0.1662	182.39	316.86	47.65
2026-06-22T15:15:00.4346635+08:00	0x07	0.0071	-0.0332	-0.2977	0.9541	325.35	356.12	359.65
2026-06-22T15:15:00.4346635+08:00	0x06	0.0054	0.0156	-0.4362	0.8997	308.28	1.33	1.34
2026-06-22T15:15:00.4346635+08:00	0x03	-0.0979	-0.0370	-0.8855	-0.4528	125.98	11.94	1.32
2026-06-22T15:15:00.4346635+08:00	0x09	0.0772	0.0011	-0.0220	0.9968	357.47	359.93	8.85
2026-06-22T15:15:00.4346635+08:00	0x08	0.0475	-0.0110	0.2334	0.9712	27.03	0.05	5.58
2026-06-22T15:15:00.4346635+08:00	0x02	-0.0863	-0.5078	0.8571	-0.0102	171.75	343.67	60.71
2026-06-22T15:15:00.4346635+08:00	0x07	0.0071	-0.0332	-0.2977	0.9541	325.35	356.12	359.65
2026-06-22T15:15:00.4346635+08:00	0x04	0.3725	-0.0077	-0.4303	0.8222	296.28	335.24	37.29
2026-06-22T15:15:00.4346635+08:00	0x03	-0.0752	-0.0604	-0.9094	-0.4045	131.77	10.71	357.19
2026-06-22T15:15:00.4346635+08:00	0x06	0.0054	0.0156	-0.4362	0.8997	308.28	1.33	1.34
2026-06-22T15:15:00.4346635+08:00	0x01	-0.3237	-0.3269	0.8754	-0.1481	183.67	320.82	41.93
2026-06-22T15:15:00.4346635+08:00	0x07	0.0071	-0.0332	-0.2977	0.9541	325.35	356.12	359.65
2026-06-22T15:15:00.4346635+08:00	0x06	0.0054	0.0156	-0.4362	0.8997	308.28	1.33	1.34
2026-06-22T15:15:00.4356606+08:00	0x03	-0.0918	-0.0484	-0.8968	-0.4300	128.72	11.90	359.54
2026-06-22T15:15:00.4356606+08:00	0x09	0.0772	0.0011	-0.0220	0.9968	357.47	359.93	8.85
2026-06-22T15:15:00.4356606+08:00	0x01	-0.3327	-0.3631	0.8636	-0.1082	175.61	316.08	44.36
2026-06-22T15:15:00.4356606+08:00	0x06	0.0054	0.0156	-0.4362	0.8997	308.28	1.33	1.34
2026-06-22T15:15:00.4356606+08:00	0x04	0.3578	-0.0009	-0.4336	0.8270	297.14	337.26	36.23
2026-06-22T15:15:00.4356606+08:00	0x07	0.0071	-0.0332	-0.2977	0.9541	325.35	356.12	359.65
2026-06-22T15:15:00.4356606+08:00	0x03	-0.0978	-0.0317	-0.8818	-0.4603	125.07	11.64	1.96
2026-06-22T15:15:00.4356606+08:00	0x09	0.0772	0.0011	-0.0220	0.9968	357.47	359.93	8.85
2026-06-22T15:15:00.4356606+08:00	0x01	-0.3460	-0.3746	0.8541	-0.1026	173.15	313.03	45.30
2026-06-22T15:15:00.4356606+08:00	0x07	0.0072	-0.0332	-0.2977	0.9541	325.35	356.12	359.65
2026-06-22T15:15:00.4356606+08:00	0x06	0.0054	0.0156	-0.4362	0.8997	308.28	1.33	1.34
2026-06-22T15:15:00.4356606+08:00	0x04	0.3464	0.0129	-0.4265	0.8354	299.38	340.17	36.14
2026-06-22T15:15:00.4356606+08:00	0x03	-0.0913	-0.0227	-0.8797	-0.4661	124.40	10.49	2.59
2026-06-22T15:15:00.4356606+08:00	0x08	0.0475	-0.0110	0.2334	0.9712	27.03	0.05	5.58
2026-06-22T15:15:00.4356606+08:00	0x01	-0.3484	-0.3819	0.8497	-0.1040	172.58	312.24	46.17
2026-06-22T15:15:00.4356606+08:00	0x07	0.0072	-0.0332	-0.2977	0.9541	325.35	356.12	359.65
2026-06-22T15:15:00.4356606+08:00	0x09	0.0772	0.0011	-0.0220	0.9968	357.47	359.93	8.85
2026-06-22T15:15:00.4356606+08:00	0x02	-0.2041	-0.3543	0.8967	-0.1695	192.98	339.73	44.79
2026-06-22T15:15:00.4356606+08:00	0x04	0.3485	0.0134	-0.4196	0.8380	300.26	340.36	36.54
2026-06-22T15:15:00.4356606+08:00	0x03	-0.0823	-0.0236	-0.8813	-0.4647	124.56	9.62	2.00
2026-06-22T15:15:00.4356606+08:00	0x01	-0.3470	-0.3771	0.8529	-0.0993	172.44	312.55	45.42
2026-06-22T15:15:00.4356606+08:00	0x09	0.0772	0.0011	-0.0220	0.9968	357.47	359.93	8.85
2026-06-22T15:15:00.4356606+08:00	0x09	0.0772	0.0011	-0.0220	0.9968	357.47	359.93	8.85
2026-06-22T15:15:00.4356606+08:00	0x07	0.0071	-0.0332	-0.2977	0.9541	325.35	356.12	359.65
2026-06-22T15:15:00.4356606+08:00	0x06	0.0054	0.0156	-0.4362	0.8997	308.28	1.34	1.34
2026-06-22T15:15:00.4356606+08:00	0x03	-0.0785	-0.0230	-0.8814	-0.4653	124.49	9.20	1.86
2026-06-22T15:15:00.4356606+08:00	0x09	0.0772	0.0011	-0.0220	0.9968	357.47	359.93	8.85
2026-06-22T15:15:00.4356606+08:00	0x07	0.0072	-0.0332	-0.2977	0.9541	325.35	356.12	359.65
2026-06-22T15:15:00.4356606+08:00	0x06	0.0054	0.0156	-0.4362	0.8997	308.28	1.33	1.34
2026-06-22T15:15:00.4356606+08:00	0x03	-0.0746	-0.0232	-0.8829	-0.4630	124.77	8.82	1.61
2026-06-22T15:15:00.4356606+08:00	0x02	-0.1540	-0.3982	0.8714	-0.2416	207.80	353.19	50.21
2026-06-22T15:15:00.4356606+08:00	0x09	0.0772	0.0011	-0.0220	0.9968	357.47	359.93	8.85
2026-06-22T15:15:00.4356606+08:00	0x08	0.0475	-0.0110	0.2334	0.9712	27.03	0.05	5.58
2026-06-22T15:15:00.4356606+08:00	0x07	0.0071	-0.0332	-0.2977	0.9541	325.35	356.12	359.65
2026-06-22T15:15:00.4356606+08:00	0x04	0.3361	0.0238	-0.4096	0.8478	302.88	343.09	36.12
2026-06-22T15:15:00.4366573+08:00	0x03	-0.0721	-0.0251	-0.8828	-0.4634	124.71	8.67	1.29
2026-06-22T15:15:00.4366573+08:00	0x02	-0.1509	-0.4011	0.8703	-0.2426	208.25	353.86	50.48
2026-06-22T15:15:00.4366573+08:00	0x09	0.0772	0.0011	-0.0220	0.9968	357.47	359.93	8.85
2026-06-22T15:15:00.4366573+08:00	0x07	0.0071	-0.0332	-0.2977	0.9541	325.35	356.13	359.65
2026-06-22T15:15:00.4366573+08:00	0x04	0.3428	0.0225	-0.4109	0.8445	302.20	342.30	36.69
2026-06-22T15:15:00.4366573+08:00	0x03	-0.0699	-0.0274	-0.8839	-0.4615	124.93	8.56	0.92
2026-06-22T15:15:00.4366573+08:00	0x01	-0.3475	-0.3798	0.8516	-0.0990	172.16	312.30	45.70
2026-06-22T15:15:00.4366573+08:00	0x09	0.0772	0.0011	-0.0220	0.9968	357.47	359.93	8.85
2026-06-22T15:15:00.4366573+08:00	0x02	-0.1503	-0.4028	0.8703	-0.2403	207.95	353.83	50.65
2026-06-22T15:15:00.4366573+08:00	0x07	0.0072	-0.0332	-0.2977	0.9541	325.35	356.13	359.65
2026-06-22T15:15:00.4366573+08:00	0x04	0.3342	0.0284	-0.4082	0.8491	303.34	343.84	36.20
2026-06-22T15:15:00.4366573+08:00	0x03	-0.0708	-0.0262	-0.8837	-0.4620	124.88	8.59	1.10
2026-06-22T15:15:00.4366573+08:00	0x01	-0.3470	-0.3805	0.8516	-0.0978	171.97	312.27	45.72
2026-06-22T15:15:00.4366573+08:00	0x07	0.0072	-0.0332	-0.2977	0.9541	325.35	356.12	359.65
2026-06-22T15:15:00.4366573+08:00	0x04	0.3332	0.0282	-0.4064	0.8503	303.65	343.99	36.13
2026-06-22T15:15:00.4366573+08:00	0x03	-0.0702	-0.0246	-0.8829	-0.4636	124.69	8.44	1.24
2026-06-22T15:15:00.4366573+08:00	0x01	-0.3462	-0.3788	0.8528	-0.0971	172.08	312.49	45.50
2026-06-22T15:15:00.4366573+08:00	0x02	-0.1516	-0.4008	0.8707	-0.2412	207.97	353.63	50.46
2026-06-22T15:15:00.4366573+08:00	0x09	0.0772	0.0011	-0.0220	0.9968	357.47	359.93	8.85
2026-06-22T15:15:00.4366573+08:00	0x04	0.3499	0.0201	-0.4080	0.8430	302.06	341.54	37.33
2026-06-22T15:15:00.4366573+08:00	0x03	-0.0705	-0.0251	-0.8817	-0.4658	124.40	8.49	1.22
2026-06-22T15:15:00.4366573+08:00	0x01	-0.3462	-0.3794	0.8525	-0.0971	172.02	312.44	45.58
2026-06-22T15:15:00.4366573+08:00	0x08	0.0475	-0.0110	0.2334	0.9712	27.03	0.05	5.58
2026-06-22T15:15:00.4366573+08:00	0x02	-0.1503	-0.4016	0.8708	-0.2406	207.96	353.81	50.51
2026-06-22T15:15:00.4366573+08:00	0x09	0.0772	0.0011	-0.0220	0.9968	357.47	359.93	8.85
2026-06-22T15:15:00.4366573+08:00	0x06	0.0054	0.0156	-0.4362	0.8997	308.28	1.33	1.34
2026-06-22T15:15:00.4366573+08:00	0x03	-0.0692	-0.0240	-0.8821	-0.4653	124.47	8.30	1.27
2026-06-22T15:15:00.4366573+08:00	0x01	-0.3459	-0.3792	0.8528	-0.0961	171.92	312.45	45.51
2026-06-22T15:15:00.4366573+08:00	0x02	-0.1512	-0.4004	0.8710	-0.2412	207.98	353.68	50.39
2026-06-22T15:15:00.4366573+08:00	0x06	0.0054	0.0156	-0.4362	0.8997	308.28	1.33	1.34
2026-06-22T15:15:00.4366573+08:00	0x04	0.3468	0.0226	-0.4053	0.8456	302.76	342.24	37.22
2026-06-22T15:15:00.4366573+08:00	0x08	0.0475	-0.0110	0.2334	0.9712	27.03	0.05	5.58
2026-06-22T15:15:00.4366573+08:00	0x07	0.0071	-0.0332	-0.2977	0.9541	325.35	356.12	359.65
2026-06-22T15:15:00.4366573+08:00	0x03	-0.0683	-0.0232	-0.8823	-0.4651	124.50	8.17	1.30
2026-06-22T15:15:00.4366573+08:00	0x09	0.0772	0.0011	-0.0220	0.9968	357.47	359.93	8.85
2026-06-22T15:15:00.4366573+08:00	0x01	-0.3465	-0.3796	0.8524	-0.0965	171.92	312.36	45.56
2026-06-22T15:15:00.4366573+08:00	0x02	-0.1528	-0.4001	0.8708	-0.2413	207.87	353.41	50.41
2026-06-22T15:15:00.4366573+08:00	0x06	0.0055	0.0156	-0.4362	0.8997	308.28	1.33	1.34
2026-06-22T15:15:00.4366573+08:00	0x03	-0.0682	-0.0236	-0.8822	-0.4652	124.48	8.19	1.25
2026-06-22T15:15:00.4366573+08:00	0x09	0.0772	0.0011	-0.0220	0.9968	357.47	359.93	8.85
2026-06-22T15:15:00.4366573+08:00	0x07	0.0071	-0.0332	-0.2977	0.9541	325.35	356.12	359.65
2026-06-22T15:15:00.4376557+08:00	0x08	0.0475	-0.0110	0.2334	0.9712	27.03	0.05	5.58
2026-06-22T15:15:00.4376557+08:00	0x04	0.3501	0.0222	-0.4041	0.8448	302.70	341.97	37.55
2026-06-22T15:15:00.4376557+08:00	0x03	-0.0674	-0.0251	-0.8827	-0.4644	124.57	8.18	1.04
2026-06-22T15:15:00.4376557+08:00	0x09	0.0772	0.0011	-0.0220	0.9968	357.47	359.93	8.85
2026-06-22T15:15:00.4376557+08:00	0x07	0.0071	-0.0332	-0.2977	0.9541	325.35	356.12	359.65
2026-06-22T15:15:00.4376557+08:00	0x06	0.0054	0.0156	-0.4362	0.8997	308.28	1.33	1.34
2026-06-22T15:15:00.4376557+08:00	0x02	-0.1542	-0.3988	0.8701	-0.2452	208.40	353.46	50.32
2026-06-22T15:15:00.4376557+08:00	0x03	-0.0679	-0.0246	-0.8828	-0.4642	124.61	8.21	1.13
2026-06-22T15:15:00.4376557+08:00	0x09	0.0772	0.0011	-0.0220	0.9968	357.47	359.93	8.85
2026-06-22T15:15:00.4376557+08:00	0x07	0.0071	-0.0332	-0.2977	0.9541	325.35	356.12	359.65
2026-06-22T15:15:00.4376557+08:00	0x04	0.3522	0.0205	-0.4065	0.8427	302.13	341.46	37.62
2026-06-22T15:15:00.4376557+08:00	0x06	0.0054	0.0156	-0.4362	0.8997	308.28	1.33	1.34
2026-06-22T15:15:00.4376557+08:00	0x03	-0.0677	-0.0244	-0.8830	-0.4638	124.66	8.17	1.13
2026-06-22T15:15:00.4376557+08:00	0x09	0.0772	0.0011	-0.0220	0.9968	357.47	359.93	8.86
2026-06-22T15:15:00.4376557+08:00	0x02	-0.1517	-0.3994	0.8700	-0.2459	208.71	353.93	50.32
2026-06-22T15:15:00.4376557+08:00	0x07	0.0071	-0.0332	-0.2977	0.9541	325.35	356.12	359.64
2026-06-22T15:15:00.4376557+08:00	0x06	0.0054	0.0156	-0.4362	0.8997	308.28	1.33	1.34
2026-06-22T15:15:00.4376557+08:00	0x03	-0.0687	-0.0244	-0.8838	-0.4622	124.87	8.28	1.17
2026-06-22T15:15:00.4376557+08:00	0x01	-0.3458	-0.3776	0.8537	-0.0952	171.94	312.53	45.28
2026-06-22T15:15:00.4376557+08:00	0x09	0.0772	0.0011	-0.0220	0.9968	357.47	359.93	8.86
2026-06-22T15:15:00.4376557+08:00	0x07	0.0071	-0.0332	-0.2977	0.9541	325.35	356.13	359.65
2026-06-22T15:15:00.4376557+08:00	0x08	0.0475	-0.0110	0.2334	0.9712	27.03	0.05	5.58
2026-06-22T15:15:00.4376557+08:00	0x04	0.3307	0.0278	-0.4020	0.8534	304.46	344.35	35.93
2026-06-22T15:15:00.4376557+08:00	0x06	0.0054	0.0156	-0.4362	0.8997	308.28	1.34	1.34
2026-06-22T15:15:00.4376557+08:00	0x03	-0.0817	-0.0305	-0.8835	-0.4603	125.06	9.93	1.23
2026-06-22T15:15:00.4376557+08:00	0x01	-0.3410	-0.3552	0.8659	-0.0882	173.03	314.30	42.48
2026-06-22T15:15:00.4376557+08:00	0x09	0.0772	0.0011	-0.0220	0.9968	357.47	359.93	8.86
2026-06-22T15:15:00.4376557+08:00	0x07	0.0071	-0.0332	-0.2977	0.9541	325.35	356.13	359.65
2026-06-22T15:15:00.4376557+08:00	0x08	0.0475	-0.0110	0.2334	0.9712	27.03	0.05	5.59
2026-06-22T15:15:00.4376557+08:00	0x04	0.3309	0.0453	-0.2557	0.9072	326.28	353.61	38.58
2026-06-22T15:15:00.4376557+08:00	0x06	0.0054	0.0156	-0.4362	0.8997	308.28	1.33	1.34
2026-06-22T15:15:00.4376557+08:00	0x03	0.0119	-0.0150	-0.9290	-0.3696	136.62	359.36	357.90
2026-06-22T15:15:00.4376557+08:00	0x09	0.0772	0.0011	-0.0220	0.9968	357.47	359.93	8.86
2026-06-22T15:15:00.4376557+08:00	0x02	-0.1637	-0.3998	0.8587	-0.2757	212.97	354.47	50.98
2026-06-22T15:15:00.4376557+08:00	0x08	0.0475	-0.0110	0.2334	0.9712	27.03	0.05	5.59
2026-06-22T15:15:00.4376557+08:00	0x06	0.0054	0.0156	-0.4362	0.8997	308.28	1.34	1.34
2026-06-22T15:15:00.4376557+08:00	0x04	0.3557	0.0129	-0.3621	0.8615	308.26	342.51	38.48
2026-06-22T15:15:00.4376557+08:00	0x03	-0.0880	-0.0366	-0.8992	-0.4270	129.25	10.93	0.54
2026-06-22T15:15:00.4376557+08:00	0x09	0.0772	0.0011	-0.0220	0.9968	357.47	359.93	8.86
2026-06-22T15:15:00.4376557+08:00	0x07	0.0072	-0.0332	-0.2977	0.9541	325.35	356.12	359.65
2026-06-22T15:15:00.4376557+08:00	0x08	0.0475	-0.0110	0.2334	0.9712	27.03	0.05	5.59
2026-06-22T15:15:00.4376557+08:00	0x06	0.0054	0.0156	-0.4362	0.8997	308.28	1.34	1.34
2026-06-22T15:15:00.4376557+08:00	0x03	-0.0794	-0.0089	-0.9039	-0.4203	130.35	8.70	2.90
2026-06-22T15:15:00.4376557+08:00	0x04	0.3168	-0.0017	-0.4260	0.8475	301.11	341.15	32.37
2026-06-22T15:15:00.4376557+08:00	0x09	0.0772	0.0011	-0.0220	0.9968	357.47	359.93	8.86
2026-06-22T15:15:00.4386538+08:00	0x02	-0.1623	-0.4013	0.8580	-0.2767	213.28	354.84	51.11
2026-06-22T15:15:00.4386538+08:00	0x07	0.0071	-0.0332	-0.2977	0.9541	325.35	356.12	359.65
2026-06-22T15:15:00.4386538+08:00	0x06	0.0055	0.0156	-0.4362	0.8997	308.28	1.34	1.34
2026-06-22T15:15:00.4386538+08:00	0x03	-0.0842	-0.0259	-0.8975	-0.4320	128.72	10.00	1.50
2026-06-22T15:15:00.4386538+08:00	0x09	0.0772	0.0011	-0.0220	0.9968	357.47	359.93	8.85
2026-06-22T15:15:00.4386538+08:00	0x02	-0.1628	-0.4002	0.8578	-0.2785	213.53	354.86	51.01
2026-06-22T15:15:00.4386538+08:00	0x07	0.0071	-0.0332	-0.2977	0.9541	325.35	356.12	359.65
2026-06-22T15:15:00.4386538+08:00	0x06	0.0054	0.0156	-0.4362	0.8997	308.28	1.34	1.34
2026-06-22T15:15:00.4386538+08:00	0x08	0.0475	-0.0110	0.2334	0.9712	27.03	0.05	5.58
2026-06-22T15:15:00.4386538+08:00	0x03	-0.0743	-0.0169	-0.8981	-0.4331	128.66	8.52	1.95
2026-06-22T15:15:00.4386538+08:00	0x04	0.3278	-0.0012	-0.4438	0.8340	297.82	339.53	33.07
2026-06-22T15:15:00.4386538+08:00	0x09	0.0772	0.0011	-0.0220	0.9968	357.47	359.93	8.85
2026-06-22T15:15:00.4386538+08:00	0x07	0.0071	-0.0332	-0.2977	0.9541	325.35	356.12	359.65
2026-06-22T15:15:00.4386538+08:00	0x02	-0.1748	-0.3804	0.8662	-0.2729	211.16	351.65	48.97
2026-06-22T15:15:00.4386538+08:00	0x06	0.0054	0.0156	-0.4362	0.8997	308.28	1.34	1.34
2026-06-22T15:15:00.4386538+08:00	0x04	0.3396	-0.0359	-0.5256	0.7792	284.42	331.70	29.43
2026-06-22T15:15:00.4386538+08:00	0x04	0.3278	-0.0012	-0.4438	0.8340	297.82	339.53	33.07
2026-06-22T15:15:00.4386538+08:00	0x03	-0.1115	-0.0506	-0.8501	-0.5121	118.06	13.98	1.61
2026-06-22T15:15:00.4386538+08:00	0x09	0.0772	0.0011	-0.0220	0.9968	357.47	359.93	8.85
2026-06-22T15:15:00.4386538+08:00	0x02	-0.1704	-0.3837	0.8663	-0.2707	211.18	352.31	49.21
2026-06-22T15:15:00.4386538+08:00	0x06	0.0054	0.0156	-0.4362	0.8997	308.28	1.34	1.34
2026-06-22T15:15:00.4386538+08:00	0x04	0.3582	-0.0498	-0.5006	0.7865	286.39	329.39	30.90
2026-06-22T15:15:00.4386538+08:00	0x03	-0.0744	-0.0348	-0.8496	-0.5210	117.05	9.36	1.05
2026-06-22T15:15:00.4386538+08:00	0x07	0.0071	-0.0332	-0.2977	0.9541	325.35	356.12	359.65
2026-06-22T15:15:00.4386538+08:00	0x02	-0.1661	-0.3870	0.8647	-0.2737	212.06	353.34	49.48
2026-06-22T15:15:00.4386538+08:00	0x09	0.0772	0.0011	-0.0220	0.9968	357.47	359.93	8.85
2026-06-22T15:15:00.4386538+08:00	0x06	0.0054	0.0156	-0.4362	0.8997	308.28	1.34	1.34
2026-06-22T15:15:00.4386538+08:00	0x01	-0.3406	-0.3578	0.8666	-0.0705	170.60	313.48	41.92
2026-06-22T15:15:00.4386538+08:00	0x03	-0.0592	-0.0257	-0.8506	-0.5218	117.01	7.33	1.03
2026-06-22T15:15:00.4386538+08:00	0x07	0.0072	-0.0332	-0.2977	0.9541	325.35	356.12	359.65
2026-06-22T15:15:00.4386538+08:00	0x02	-0.1671	-0.3855	0.8643	-0.2765	212.41	353.33	49.36
2026-06-22T15:15:00.4386538+08:00	0x06	0.0054	0.0156	-0.4362	0.8997	308.28	1.33	1.34
2026-06-22T15:15:00.4386538+08:00	0x04	0.3602	-0.0400	-0.4637	0.8084	291.73	331.59	33.04
2026-06-22T15:15:00.4386538+08:00	0x03	-0.0500	-0.0210	-0.8521	-0.5206	117.20	6.15	0.93
2026-06-22T15:15:00.4386538+08:00	0x09	0.0772	0.0011	-0.0220	0.9968	357.47	359.93	8.86
2026-06-22T15:15:00.4386538+08:00	0x02	-0.1654	-0.3864	0.8635	-0.2788	212.94	353.81	49.43
2026-06-22T15:15:00.4386538+08:00	0x08	0.0475	-0.0110	0.2334	0.9712	27.03	0.05	5.58
2026-06-22T15:15:00.4386538+08:00	0x04	0.3603	-0.0357	-0.4564	0.8128	292.87	332.33	33.58
2026-06-22T15:15:00.4386538+08:00	0x06	0.0054	0.0156	-0.4362	0.8997	308.28	1.33	1.34
2026-06-22T15:15:00.4386538+08:00	0x03	-0.0449	-0.0163	-0.8518	-0.5216	117.09	5.36	1.09
2026-06-22T15:15:00.4386538+08:00	0x07	0.0072	-0.0332	-0.2977	0.9541	325.35	356.12	359.65
2026-06-22T15:15:00.4386538+08:00	0x09	0.0772	0.0011	-0.0220	0.9968	357.47	359.93	8.86
2026-06-22T15:15:00.4386538+08:00	0x06	0.0054	0.0156	-0.4362	0.8997	308.28	1.33	1.34
2026-06-22T15:15:00.4386538+08:00	0x04	0.3631	-0.0319	-0.4478	0.8165	293.96	332.81	34.35
2026-06-22T15:15:00.4386538+08:00	0x01	-0.3409	-0.3555	0.8676	-0.0682	170.46	313.48	41.56
2026-06-22T15:15:00.4386538+08:00	0x03	-0.0400	-0.0130	-0.8519	-0.5220	117.05	4.69	1.12
2026-06-22T15:15:00.4386538+08:00	0x09	0.0772	0.0011	-0.0220	0.9968	357.47	359.93	8.85
2026-06-22T15:15:00.4386538+08:00	0x02	-0.1636	-0.3876	0.8633	-0.2786	213.06	354.12	49.50
2026-06-22T15:15:00.4386538+08:00	0x07	0.0072	-0.0332	-0.2977	0.9541	325.35	356.12	359.65
2026-06-22T15:15:00.4386538+08:00	0x08	0.0475	-0.0110	0.2334	0.9712	27.03	0.05	5.58
2026-06-22T15:15:00.4386538+08:00	0x06	0.0054	0.0156	-0.4362	0.8997	308.28	1.34	1.34
2026-06-22T15:15:00.4386538+08:00	0x01	-0.3411	-0.3559	0.8673	-0.0697	170.60	313.48	41.67
2026-06-22T15:15:00.4386538+08:00	0x03	-0.0377	-0.0117	-0.8532	-0.5201	117.30	4.39	1.10
2026-06-22T15:15:00.4386538+08:00	0x09	0.0772	0.0011	-0.0220	0.9968	357.47	359.93	8.85
2026-06-22T15:15:00.4386538+08:00	0x02	-0.1643	-0.3870	0.8634	-0.2789	213.05	354.01	49.45
2026-06-22T15:15:00.4396512+08:00	0x04	0.3629	-0.0279	-0.4418	0.8200	294.93	333.51	34.78
2026-06-22T15:15:00.4396512+08:00	0x01	-0.3411	-0.3550	0.8677	-0.0689	170.58	313.50	41.54
2026-06-22T15:15:00.4396512+08:00	0x06	0.0054	0.0156	-0.4362	0.8997	308.28	1.34	1.34
2026-06-22T15:15:00.4396512+08:00	0x03	-0.0368	-0.0079	-0.8537	-0.5193	117.42	4.08	1.42
2026-06-22T15:15:00.4396512+08:00	0x07	0.0071	-0.0332	-0.2977	0.9541	325.35	356.12	359.65
2026-06-22T15:15:00.4396512+08:00	0x09	0.0772	0.0011	-0.0220	0.9968	357.47	359.93	8.85
2026-06-22T15:15:00.4396512+08:00	0x08	0.0475	-0.0110	0.2334	0.9712	27.03	0.05	5.58
2026-06-22T15:15:00.4396512+08:00	0x04	0.3604	-0.0244	-0.4410	0.8216	295.33	334.15	34.80
2026-06-22T15:15:00.4396512+08:00	0x03	-0.0370	-0.0060	-0.8539	-0.5191	117.47	3.98	1.62
2026-06-22T15:15:00.4396512+08:00	0x02	-0.1633	-0.3882	0.8628	-0.2795	213.25	354.26	49.57
2026-06-22T15:15:00.4396512+08:00	0x09	0.0772	0.0011	-0.0220	0.9968	357.47	359.93	8.85
2026-06-22T15:15:00.4396512+08:00	0x08	0.0475	-0.0110	0.2334	0.9712	27.03	0.05	5.58
2026-06-22T15:15:00.4396512+08:00	0x06	0.0054	0.0156	-0.4362	0.8997	308.28	1.34	1.34
2026-06-22T15:15:00.4396512+08:00	0x01	-0.3418	-0.3595	0.8656	-0.0680	170.09	313.10	41.98
2026-06-22T15:15:00.4396512+08:00	0x03	-0.0365	-0.0054	-0.8540	-0.5190	117.47	3.90	1.64
2026-06-22T15:15:00.4396512+08:00	0x02	-0.1627	-0.3899	0.8623	-0.2791	213.27	354.40	49.76
2026-06-22T15:15:00.4396512+08:00	0x09	0.0772	0.0011	-0.0220	0.9968	357.47	359.93	8.85
2026-06-22T15:15:00.4396512+08:00	0x07	0.0071	-0.0332	-0.2977	0.9541	325.35	356.12	359.65
2026-06-22T15:15:00.4396512+08:00	0x06	0.0054	0.0156	-0.4362	0.8997	308.28	1.34	1.34
2026-06-22T15:15:00.4396512+08:00	0x01	-0.3428	-0.3620	0.8642	-0.0687	169.93	312.83	42.28
2026-06-22T15:15:00.4396512+08:00	0x03	-0.0362	-0.0039	-0.8540	-0.5190	117.49	3.78	1.77
2026-06-22T15:15:00.4396512+08:00	0x02	-0.1610	-0.3915	0.8624	-0.2778	213.22	354.65	49.88
2026-06-22T15:15:00.4396512+08:00	0x07	0.0071	-0.0332	-0.2977	0.9541	325.35	356.12	359.65
2026-06-22T15:15:00.4396512+08:00	0x09	0.0772	0.0011	-0.0220	0.9968	357.47	359.93	8.85
2026-06-22T15:15:00.4396512+08:00	0x04	0.3543	-0.0180	-0.4377	0.8262	296.43	335.57	34.73
2026-06-22T15:15:00.4396512+08:00	0x01	-0.3428	-0.3636	0.8635	-0.0683	169.75	312.71	42.43
2026-06-22T15:15:00.4396512+08:00	0x03	-0.0359	-0.0036	-0.8544	-0.5183	117.57	3.73	1.78
2026-06-22T15:15:00.4396512+08:00	0x02	-0.1604	-0.3917	0.8627	-0.2767	213.09	354.66	49.88
2026-06-22T15:15:00.4396512+08:00	0x07	0.0071	-0.0332	-0.2977	0.9541	325.35	356.12	359.65
2026-06-22T15:15:00.4396512+08:00	0x04	0.3403	-0.0145	-0.4388	0.8316	297.40	337.21	33.59
2026-06-22T15:15:00.4396512+08:00	0x06	0.0054	0.0156	-0.4362	0.8997	308.28	1.34	1.34
2026-06-22T15:15:00.4396512+08:00	0x01	-0.3431	-0.3649	0.8627	-0.0701	169.86	312.66	42.67
2026-06-22T15:15:00.4396512+08:00	0x03	-0.0356	-0.0020	-0.8545	-0.5182	117.60	3.62	1.92
2026-06-22T15:15:00.4396512+08:00	0x07	0.0071	-0.0332	-0.2977	0.9541	325.35	356.12	359.65
2026-06-22T15:15:00.4396512+08:00	0x02	-0.1594	-0.3916	0.8645	-0.2719	212.33	354.43	49.80
2026-06-22T15:15:00.4396512+08:00	0x09	0.0772	0.0011	-0.0220	0.9968	357.47	359.93	8.85
2026-06-22T15:15:00.4396512+08:00	0x08	0.0475	-0.0110	0.2334	0.9712	27.03	0.05	5.58
2026-06-22T15:15:00.4396512+08:00	0x04	0.3516	-0.0167	-0.4363	0.8281	296.87	336.03	34.59
2026-06-22T15:15:00.4396512+08:00	0x03	-0.0349	-0.0030	-0.8541	-0.5189	117.50	3.59	1.78
2026-06-22T15:15:00.4396512+08:00	0x02	-0.1546	-0.3961	0.8675	-0.2580	210.46	354.29	50.09
2026-06-22T15:15:00.4396512+08:00	0x07	0.0071	-0.0332	-0.2977	0.9541	325.35	356.12	359.65
2026-06-22T15:15:00.4396512+08:00	0x08	0.0475	-0.0110	0.2334	0.9712	27.03	0.05	5.59
2026-06-22T15:15:00.4396512+08:00	0x04	0.3533	-0.0190	-0.4346	0.8282	296.94	335.70	34.66
2026-06-22T15:15:00.4396512+08:00	0x01	-0.3436	-0.3760	0.8536	-0.1094	174.11	313.65	45.81
2026-06-22T15:15:00.4396512+08:00	0x02	-0.1445	-0.4006	0.8770	-0.2225	205.33	353.27	50.08
2026-06-22T15:15:00.4396512+08:00	0x07	0.0071	-0.0332	-0.2977	0.9541	325.35	356.12	359.65
2026-06-22T15:15:00.4396512+08:00	0x09	0.0772	0.0011	-0.0220	0.9968	357.47	359.93	8.86
2026-06-22T15:15:00.4396512+08:00	0x06	0.0054	0.0156	-0.4362	0.8997	308.28	1.34	1.34
2026-06-22T15:15:00.4396512+08:00	0x01	-0.3486	-0.3809	0.8486	-0.1155	174.19	312.83	46.63
2026-06-22T15:15:00.4396512+08:00	0x03	-0.0362	0.0044	-0.8432	-0.5363	115.16	3.23	2.65
2026-06-22T15:15:00.4396512+08:00	0x07	0.0071	-0.0332	-0.2977	0.9541	325.35	356.12	359.65
2026-06-22T15:15:00.4396512+08:00	0x08	0.0475	-0.0110	0.2334	0.9712	27.03	0.05	5.58
2026-06-22T15:15:00.4396512+08:00	0x02	-0.1193	-0.4309	0.8734	-0.1932	202.95	356.00	53.02
2026-06-22T15:15:00.4396512+08:00	0x04	0.3767	0.0022	-0.3798	0.8449	303.75	338.48	39.66
2026-06-22T15:15:00.4396512+08:00	0x03	-0.0277	-0.0024	-0.8365	-0.5473	113.65	2.81	1.51
2026-06-22T15:15:00.4396512+08:00	0x07	0.0071	-0.0332	-0.2977	0.9541	325.35	356.12	359.65
2026-06-22T15:15:00.4396512+08:00	0x09	0.0772	0.0011	-0.0220	0.9968	357.47	359.93	8.85
2026-06-22T15:15:00.4406900+08:00	0x06	0.0054	0.0156	-0.4362	0.8997	308.28	1.33	1.34
2026-06-22T15:15:00.4406900+08:00	0x01	-0.3503	-0.4459	0.8054	-0.1729	176.42	311.04	57.06
2026-06-22T15:15:00.4406900+08:00	0x03	0.0563	-0.0013	-0.8711	-0.4879	121.65	354.43	356.72
2026-06-22T15:15:00.4406900+08:00	0x02	-0.0528	-0.5171	0.8490	-0.0946	193.35	1.03	62.63
2026-06-22T15:15:00.4406900+08:00	0x07	0.0071	-0.0332	-0.2977	0.9541	325.35	356.12	359.65
2026-06-22T15:15:00.4406900+08:00	0x09	0.0772	0.0011	-0.0220	0.9968	357.47	359.93	8.85
2026-06-22T15:15:00.4406900+08:00	0x06	0.0054	0.0156	-0.4362	0.8997	308.28	1.34	1.34
2026-06-22T15:15:00.4406900+08:00	0x03	0.0354	-0.0190	-0.8701	-0.4912	121.19	357.53	356.11
2026-06-22T15:15:00.4406900+08:00	0x02	-0.0538	-0.4942	0.8669	-0.0379	181.41	353.70	59.41
2026-06-22T15:15:00.4406900+08:00	0x07	0.0071	-0.0332	-0.2977	0.9541	325.35	356.12	359.65
2026-06-22T15:15:00.4406900+08:00	0x09	0.0772	0.0011	-0.0220	0.9968	357.47	359.93	8.86
2026-06-22T15:15:00.4406900+08:00	0x08	0.0475	-0.0110	0.2334	0.9712	27.03	0.05	5.58
2026-06-22T15:15:00.4406900+08:00	0x06	0.0054	0.0156	-0.4362	0.8997	308.28	1.33	1.34
2026-06-22T15:15:00.4406900+08:00	0x01	-0.3826	-0.4689	0.7696	-0.2038	174.61	303.93	61.36
2026-06-22T15:15:00.4406900+08:00	0x03	0.0088	0.0022	-0.8707	-0.4917	121.09	358.99	359.73
2026-06-22T15:15:00.4406900+08:00	0x02	-0.0610	-0.4988	0.8646	0.0054	172.05	347.38	59.52
2026-06-22T15:15:00.4406900+08:00	0x09	0.0772	0.0011	-0.0220	0.9968	357.47	359.93	8.86
2026-06-22T15:15:00.4406900+08:00	0x06	0.0054	0.0156	-0.4362	0.8997	308.28	1.34	1.34
2026-06-22T15:15:00.4406900+08:00	0x04	0.3736	-0.0574	-0.4098	0.8302	298.02	330.66	34.97
2026-06-22T15:15:00.4406900+08:00	0x01	-0.3789	-0.4724	0.7685	-0.2065	175.05	304.54	61.96
2026-06-22T15:15:00.4406900+08:00	0x03	0.0237	0.0059	-0.8742	-0.4849	121.99	357.29	359.28
2026-06-22T15:15:00.4406900+08:00	0x02	-0.0793	-0.4937	0.8658	0.0192	167.69	342.63	58.42
2026-06-22T15:15:00.4406900+08:00	0x07	0.0071	-0.0332	-0.2977	0.9541	325.35	356.12	359.65
2026-06-22T15:15:00.4406900+08:00	0x09	0.0772	0.0011	-0.0220	0.9968	357.47	359.93	8.86
2026-06-22T15:15:00.4406900+08:00	0x06	0.0054	0.0156	-0.4362	0.8997	308.28	1.33	1.34
2026-06-22T15:15:00.4406900+08:00	0x01	-0.3804	-0.4746	0.7637	-0.2164	176.17	304.71	62.81
2026-06-22T15:15:00.4406900+08:00	0x08	0.0475	-0.0110	0.2334	0.9712	27.03	0.05	5.58
2026-06-22T15:15:00.4406900+08:00	0x03	0.0223	-0.0005	-0.8734	-0.4865	121.79	357.79	358.71
2026-06-22T15:15:00.4406900+08:00	0x04	0.3853	-0.1005	-0.4480	0.8005	290.79	323.46	31.79
2026-06-22T15:15:00.4406900+08:00	0x02	-0.0862	-0.4857	0.8692	0.0350	164.62	340.29	56.95
2026-06-22T15:15:00.4406900+08:00	0x09	0.0772	0.0011	-0.0220	0.9968	357.47	359.93	8.85
2026-06-22T15:15:00.4406900+08:00	0x08	0.0475	-0.0110	0.2334	0.9712	27.03	0.05	5.58
2026-06-22T15:15:00.4406900+08:00	0x07	0.0071	-0.0332	-0.2977	0.9541	325.35	356.12	359.65
2026-06-22T15:15:00.4406900+08:00	0x04	0.3882	-0.1044	-0.4588	0.7924	288.96	322.37	31.29
2026-06-22T15:15:00.4406900+08:00	0x01	-0.3789	-0.4744	0.7650	-0.2149	176.16	304.96	62.71
2026-06-22T15:15:00.4406900+08:00	0x03	0.0174	-0.0012	-0.8755	-0.4830	122.25	358.32	358.92
2026-06-22T15:15:00.4406900+08:00	0x02	-0.0888	-0.4910	0.8658	0.0370	163.64	339.26	57.53
2026-06-22T15:15:00.4406900+08:00	0x09	0.0772	0.0011	-0.0220	0.9968	357.47	359.93	8.85
2026-06-22T15:15:00.4406900+08:00	0x08	0.0475	-0.0110	0.2334	0.9712	27.03	0.05	5.58
2026-06-22T15:15:00.4406900+08:00	0x06	0.0054	0.0156	-0.4362	0.8997	308.28	1.33	1.34
2026-06-22T15:15:00.4406900+08:00	0x04	0.4049	-0.1171	-0.4575	0.7830	287.36	319.33	31.80
2026-06-22T15:15:00.4406900+08:00	0x03	0.0293	-0.0042	-0.8757	-0.4819	122.40	357.29	357.96
2026-06-22T15:15:00.4406900+08:00	0x02	-0.0929	-0.4820	0.8703	0.0400	163.34	338.86	56.26
2026-06-22T15:15:00.4406900+08:00	0x07	0.0071	-0.0332	-0.2977	0.9541	325.35	356.12	359.65
2026-06-22T15:15:00.4406900+08:00	0x09	0.0772	0.0011	-0.0220	0.9968	357.47	359.93	8.85
2026-06-22T15:15:00.4406900+08:00	0x06	0.0054	0.0156	-0.4362	0.8997	308.28	1.33	1.34
2026-06-22T15:15:00.4406900+08:00	0x01	-0.3779	-0.4748	0.7645	-0.2175	176.69	305.37	62.91
2026-06-22T15:15:00.4416446+08:00	0x04	0.3923	-0.0849	-0.4856	0.7766	285.05	322.89	31.79
2026-06-22T15:15:00.4416446+08:00	0x03	0.0158	0.0032	-0.8693	-0.4940	120.80	358.25	359.42
2026-06-22T15:15:00.4416446+08:00	0x02	-0.0991	-0.4674	0.8774	0.0444	163.04	338.38	54.22
2026-06-22T15:15:00.4416446+08:00	0x09	0.0772	0.0011	-0.0220	0.9968	357.47	359.93	8.85
2026-06-22T15:15:00.4416446+08:00	0x07	0.0071	-0.0332	-0.2977	0.9541	325.35	356.12	359.65
2026-06-22T15:15:00.4416446+08:00	0x06	0.0054	0.0156	-0.4362	0.8997	308.28	1.33	1.34
2026-06-22T15:15:00.4416446+08:00	0x01	-0.3763	-0.4764	0.7637	-0.2196	177.06	305.73	63.24
2026-06-22T15:15:00.4416446+08:00	0x03	0.0168	0.0112	-0.8702	-0.4922	121.01	357.70	0.17
2026-06-22T15:15:00.4416446+08:00	0x02	-0.1111	-0.4641	0.8774	0.0496	161.38	336.13	53.46
2026-06-22T15:15:00.4416446+08:00	0x09	0.0772	0.0011	-0.0220	0.9968	357.47	359.93	8.85
2026-06-22T15:15:00.4416446+08:00	0x08	0.0475	-0.0110	0.2334	0.9712	27.03	0.05	5.58
2026-06-22T15:15:00.4416446+08:00	0x07	0.0071	-0.0332	-0.2977	0.9541	325.35	356.13	359.65
2026-06-22T15:15:00.4416446+08:00	0x06	0.0054	0.0156	-0.4362	0.8997	308.28	1.33	1.34
2026-06-22T15:15:00.4416446+08:00	0x04	0.3872	-0.0659	-0.5110	0.7646	282.06	324.32	31.65
2026-06-22T15:15:00.4416446+08:00	0x03	0.0059	-0.0109	-0.8780	-0.4784	122.83	0.00	358.58
2026-06-22T15:15:00.4416446+08:00	0x09	0.0772	0.0011	-0.0220	0.9968	357.47	359.93	8.85
2026-06-22T15:15:00.4416446+08:00	0x02	-0.1069	-0.4675	0.8759	0.0532	160.89	336.30	53.86
2026-06-22T15:15:00.4416446+08:00	0x08	0.0475	-0.0110	0.2334	0.9712	27.03	0.05	5.58
2026-06-22T15:15:00.4416446+08:00	0x06	0.0054	0.0156	-0.4362	0.8997	308.28	1.33	1.34
2026-06-22T15:15:00.4416446+08:00	0x04	0.3631	-0.1063	-0.5274	0.7607	281.56	322.65	26.12
2026-06-22T15:15:00.4416446+08:00	0x03	-0.0122	0.0013	-0.8797	-0.4753	123.25	1.16	0.79
2026-06-22T15:15:00.4416446+08:00	0x02	-0.1066	-0.4668	0.8763	0.0538	160.86	336.36	53.76
2026-06-22T15:15:00.4416446+08:00	0x07	0.0071	-0.0332	-0.2977	0.9541	325.35	356.13	359.65
2026-06-22T15:15:00.4416446+08:00	0x06	0.0055	0.0156	-0.4362	0.8997	308.28	1.34	1.34
2026-06-22T15:15:00.4416446+08:00	0x04	0.3536	-0.1057	-0.5274	0.7653	282.38	323.68	25.45
2026-06-22T15:15:00.4416446+08:00	0x03	-0.0186	0.0048	-0.8795	-0.4756	123.22	1.62	1.50
2026-06-22T15:15:00.4416446+08:00	0x02	-0.1089	-0.4685	0.8750	0.0554	160.27	335.72	53.89
2026-06-22T15:15:00.4416446+08:00	0x08	0.0475	-0.0110	0.2334	0.9712	27.03	0.05	5.59
2026-06-22T15:15:00.4416446+08:00	0x06	0.0054	0.0156	-0.4362	0.8997	308.28	1.34	1.34
2026-06-22T15:15:00.4416446+08:00	0x03	-0.0153	0.0037	-0.8774	-0.4796	122.69	1.33	1.21
2026-06-22T15:15:00.4416446+08:00	0x02	-0.1095	-0.4664	0.8760	0.0561	160.26	335.70	53.59
2026-06-22T15:15:00.4416446+08:00	0x07	0.0071	-0.0332	-0.2977	0.9541	325.35	356.12	359.65
2026-06-22T15:15:00.4416446+08:00	0x06	0.0055	0.0156	-0.4362	0.8997	308.28	1.34	1.34
2026-06-22T15:15:00.4416446+08:00	0x01	-0.3788	-0.4682	0.7676	-0.2195	177.83	306.16	62.25
2026-06-22T15:15:00.4416446+08:00	0x03	-0.0114	0.0060	-0.8685	-0.4955	120.59	0.80	1.25
2026-06-22T15:15:00.4416446+08:00	0x09	0.0772	0.0011	-0.0220	0.9968	357.47	359.93	8.85
2026-06-22T15:15:00.4416446+08:00	0x02	-0.0984	-0.4785	0.8702	0.0645	158.85	335.98	55.09
2026-06-22T15:15:00.4416446+08:00	0x08	0.0475	-0.0110	0.2334	0.9712	27.03	0.05	5.58
2026-06-22T15:15:00.4416446+08:00	0x04	0.3673	-0.1314	-0.5618	0.7296	276.17	319.02	22.85
2026-06-22T15:15:00.4416446+08:00	0x06	0.0054	0.0156	-0.4362	0.8997	308.28	1.34	1.34
2026-06-22T15:15:00.4416446+08:00	0x07	0.0071	-0.0332	-0.2977	0.9541	325.35	356.12	359.65
2026-06-22T15:15:00.4416446+08:00	0x03	-0.1112	-0.0243	-0.7786	-0.6171	103.79	11.78	5.71
2026-06-22T15:15:00.4416446+08:00	0x02	-0.1087	-0.4608	0.8781	0.0690	158.63	335.24	52.58
2026-06-22T15:15:00.4416446+08:00	0x09	0.0772	0.0011	-0.0220	0.9968	357.47	359.93	8.85
2026-06-22T15:15:00.4416446+08:00	0x06	0.0054	0.0156	-0.4362	0.8997	308.28	1.33	1.34
2026-06-22T15:15:00.4416446+08:00	0x01	-0.3806	-0.4539	0.7729	-0.2276	180.76	308.01	61.02
2026-06-22T15:15:00.4416446+08:00	0x03	-0.0505	-0.0197	-0.7601	-0.6476	99.24	5.88	2.03
2026-06-22T15:15:00.4416446+08:00	0x02	-0.1152	-0.4510	0.8825	0.0681	159.01	334.97	51.28
2026-06-22T15:15:00.4426433+08:00	0x09	0.0772	0.0011	-0.0220	0.9968	357.47	359.93	8.85
2026-06-22T15:15:00.4426433+08:00	0x06	0.0054	0.0156	-0.4362	0.8997	308.28	1.34	1.34
2026-06-22T15:15:00.4426433+08:00	0x04	0.3535	-0.1019	-0.5794	0.7273	274.92	322.59	23.34
2026-06-22T15:15:00.4426433+08:00	0x01	-0.3827	-0.4491	0.7759	-0.2233	180.31	307.68	60.21
2026-06-22T15:15:00.4426433+08:00	0x03	-0.0186	-0.0053	-0.7557	-0.6546	98.22	2.01	0.94
2026-06-22T15:15:00.4426433+08:00	0x07	0.0072	-0.0332	-0.2977	0.9541	325.35	356.12	359.65
2026-06-22T15:15:00.4426433+08:00	0x09	0.0772	0.0011	-0.0220	0.9968	357.47	359.93	8.85
2026-06-22T15:15:00.4426433+08:00	0x08	0.0475	-0.0110	0.2334	0.9712	27.03	0.05	5.58
2026-06-22T15:15:00.4426433+08:00	0x06	0.0054	0.0156	-0.4362	0.8997	308.28	1.34	1.34
2026-06-22T15:15:00.4426433+08:00	0x01	-0.3841	-0.4468	0.7771	-0.2213	180.07	307.43	59.82
2026-06-22T15:15:00.4426433+08:00	0x03	0.0074	0.0115	-0.7527	-0.6583	97.65	358.49	0.44
2026-06-22T15:15:00.4426433+08:00	0x02	-0.1145	-0.4533	0.8815	0.0665	159.14	335.03	51.62
2026-06-22T15:15:00.4426433+08:00	0x08	0.0475	-0.0110	0.2334	0.9712	27.03	0.05	5.58
2026-06-22T15:15:00.4426433+08:00	0x04	0.3633	-0.0695	-0.5088	0.7773	284.53	326.67	29.61
2026-06-22T15:15:00.4426433+08:00	0x06	0.0054	0.0156	-0.4362	0.8997	308.28	1.34	1.34
2026-06-22T15:15:00.4426433+08:00	0x01	-0.3851	-0.4450	0.7781	-0.2199	179.94	307.31	59.51
2026-06-22T15:15:00.4426433+08:00	0x02	-0.1144	-0.4524	0.8820	0.0658	159.33	335.17	51.53
2026-06-22T15:15:00.4426433+08:00	0x09	0.0772	0.0011	-0.0220	0.9968	357.47	359.93	8.86
2026-06-22T15:15:00.4426433+08:00	0x06	0.0054	0.0156	-0.4362	0.8997	308.28	1.33	1.34
2026-06-22T15:15:00.4426433+08:00	0x04	0.3638	-0.0587	-0.4863	0.7923	287.88	328.47	31.29
2026-06-22T15:15:00.4426433+08:00	0x03	0.0358	0.0259	-0.7450	-0.6656	96.47	354.96	359.49
2026-06-22T15:15:00.4426433+08:00	0x02	-0.1145	-0.4538	0.8813	0.0661	159.17	335.01	51.68
2026-06-22T15:15:00.4426433+08:00	0x08	0.0475	-0.0110	0.2334	0.9712	27.03	0.05	5.58
2026-06-22T15:15:00.4426433+08:00	0x09	0.0772	0.0011	-0.0220	0.9968	357.47	359.93	8.86
2026-06-22T15:15:00.4426433+08:00	0x06	0.0054	0.0156	-0.4362	0.8997	308.28	1.34	1.34
2026-06-22T15:15:00.4426433+08:00	0x04	0.3628	-0.0486	-0.4704	0.8029	290.41	330.19	32.48
2026-06-22T15:15:00.4426433+08:00	0x08	0.0475	-0.0110	0.2334	0.9712	27.03	0.05	5.59
2026-06-22T15:15:00.4426433+08:00	0x07	0.0071	-0.0332	-0.2977	0.9541	325.35	356.12	359.65
2026-06-22T15:15:00.4426433+08:00	0x04	0.3518	0.0080	-0.3115	0.8827	315.73	344.75	38.75
2026-06-22T15:15:00.4426433+08:00	0x03	0.1045	0.0848	-0.7911	-0.5967	105.87	344.54	0.55
2026-06-22T15:15:00.4426433+08:00	0x02	-0.1043	-0.4841	0.8659	0.0706	156.82	333.96	55.45
2026-06-22T15:15:00.4426433+08:00	0x09	0.0772	0.0011	-0.0220	0.9968	357.47	359.93	8.86
2026-06-22T15:15:00.4426433+08:00	0x06	0.0054	0.0156	-0.4362	0.8997	308.28	1.34	1.34
2026-06-22T15:15:00.4426433+08:00	0x03	0.1224	0.0466	-0.8482	-0.5133	117.98	345.19	357.33
2026-06-22T15:15:00.4426433+08:00	0x02	-0.1029	-0.4800	0.8680	0.0742	156.68	334.24	54.89
2026-06-22T15:15:00.4426433+08:00	0x09	0.0772	0.0011	-0.0220	0.9968	357.47	359.93	8.86
2026-06-22T15:15:00.4426433+08:00	0x04	0.3682	-0.0481	-0.3647	0.8539	305.11	334.16	36.42
2026-06-22T15:15:00.4426433+08:00	0x02	-0.0927	-0.5037	0.8566	0.0623	157.58	335.02	58.37
2026-06-22T15:15:00.4426433+08:00	0x08	0.0475	-0.0110	0.2334	0.9712	27.03	0.05	5.58
2026-06-22T15:15:00.4426433+08:00	0x03	0.0942	0.0304	-0.8730	-0.4776	122.84	348.84	357.89
2026-06-22T15:15:00.4426433+08:00	0x01	-0.3796	-0.4714	0.7648	-0.2208	177.49	305.67	62.71
2026-06-22T15:15:00.4426433+08:00	0x04	0.3580	-0.0434	-0.3747	0.8542	304.60	335.17	35.38
2026-06-22T15:15:00.4426433+08:00	0x02	-0.0916	-0.5150	0.8498	0.0640	156.23	333.92	59.73
2026-06-22T15:15:00.4426433+08:00	0x08	0.0475	-0.0110	0.2334	0.9712	27.03	0.05	5.58
2026-06-22T15:15:00.4426433+08:00	0x07	0.0071	-0.0332	-0.2977	0.9541	325.35	356.12	359.65
2026-06-22T15:15:00.4426433+08:00	0x03	0.0701	0.0282	-0.8763	-0.4759	123.06	351.39	359.01
2026-06-22T15:15:00.4426433+08:00	0x06	0.0054	0.0156	-0.4362	0.8997	308.28	1.34	1.34
2026-06-22T15:15:00.4436402+08:00	0x02	-0.0921	-0.5096	0.8523	0.0736	154.98	333.41	58.78
2026-06-22T15:15:00.4436402+08:00	0x08	0.0475	-0.0110	0.2334	0.9712	27.03	0.05	5.58
2026-06-22T15:15:00.4436402+08:00	0x07	0.0071	-0.0332	-0.2977	0.9541	325.35	356.12	359.65
2026-06-22T15:15:00.4436402+08:00	0x09	0.0772	0.0011	-0.0220	0.9968	357.47	359.93	8.85
2026-06-22T15:15:00.4436402+08:00	0x03	0.0369	0.0247	-0.8556	-0.5158	117.82	354.92	0.24
2026-06-22T15:15:00.4436402+08:00	0x04	0.3660	-0.0222	-0.4524	0.8129	293.23	333.32	35.10
2026-06-22T15:15:00.4436402+08:00	0x02	-0.0973	-0.5052	0.8542	0.0751	154.65	332.78	58.05
2026-06-22T15:15:00.4436402+08:00	0x09	0.0772	0.0011	-0.0220	0.9968	357.47	359.93	8.86
2026-06-22T15:15:00.4436402+08:00	0x08	0.0475	-0.0110	0.2334	0.9712	27.03	0.05	5.58
2026-06-22T15:15:00.4436402+08:00	0x07	0.0071	-0.0332	-0.2977	0.9541	325.35	356.12	359.65
2026-06-22T15:15:00.4436402+08:00	0x06	0.0054	0.0156	-0.4362	0.8997	308.28	1.34	1.34
2026-06-22T15:15:00.4436402+08:00	0x03	0.0389	0.0272	-0.8554	-0.5157	117.82	354.58	0.36
2026-06-22T15:15:00.4436402+08:00	0x04	0.3834	-0.0558	-0.4839	0.7847	286.51	326.77	33.21
2026-06-22T15:15:00.4436402+08:00	0x02	-0.1010	-0.5085	0.8515	0.0779	153.43	331.48	58.25
2026-06-22T15:15:00.4436402+08:00	0x09	0.0772	0.0011	-0.0220	0.9968	357.47	359.93	8.86
2026-06-22T15:15:00.4436402+08:00	0x08	0.0475	-0.0110	0.2334	0.9712	27.03	0.04	5.58
2026-06-22T15:15:00.4436402+08:00	0x03	0.0204	-0.0185	-0.8533	-0.5207	117.24	359.11	356.97
2026-06-22T15:15:00.4436402+08:00	0x04	0.3669	-0.1220	-0.5571	0.7349	276.90	320.00	23.79
2026-06-22T15:15:00.4436402+08:00	0x02	-0.1003	-0.5063	0.8529	0.0791	153.53	331.74	57.96
2026-06-22T15:15:00.4436402+08:00	0x09	0.0772	0.0011	-0.0220	0.9968	357.47	359.93	8.86
2026-06-22T15:15:00.4436402+08:00	0x08	0.0475	-0.0110	0.2334	0.9712	27.03	0.04	5.58
2026-06-22T15:15:00.4436402+08:00	0x06	0.0054	0.0156	-0.4362	0.8997	308.28	1.34	1.34
2026-06-22T15:15:00.4436402+08:00	0x03	-0.0795	-0.0365	-0.7919	-0.6044	105.49	9.80	2.20
2026-06-22T15:15:00.4436402+08:00	0x09	0.0772	0.0011	-0.0220	0.9968	357.47	359.93	8.86
2026-06-22T15:15:00.4436402+08:00	0x02	-0.1070	-0.5007	0.8553	0.0797	153.38	331.08	57.08
2026-06-22T15:15:00.4436402+08:00	0x08	0.0475	-0.0110	0.2334	0.9712	27.03	0.04	5.58
2026-06-22T15:15:00.4436402+08:00	0x06	0.0054	0.0156	-0.4362	0.8997	308.28	1.34	1.34
2026-06-22T15:15:00.4436402+08:00	0x04	0.3474	-0.1135	-0.5985	0.7129	272.59	321.75	21.07
2026-06-22T15:15:00.4436402+08:00	0x07	0.0072	-0.0332	-0.2977	0.9541	325.35	356.12	359.65
2026-06-22T15:15:00.4436402+08:00	0x09	0.0772	0.0011	-0.0220	0.9968	357.47	359.93	8.86
2026-06-22T15:15:00.4436402+08:00	0x08	0.0475	-0.0110	0.2334	0.9712	27.03	0.05	5.58
2026-06-22T15:15:00.4436402+08:00	0x07	0.0071	-0.0332	-0.2977	0.9541	325.35	356.12	359.65
2026-06-22T15:15:00.4436402+08:00	0x06	0.0054	0.0156	-0.4362	0.8997	308.28	1.34	1.34
2026-06-22T15:15:00.4436402+08:00	0x03	-0.0001	-0.0052	-0.7687	-0.6396	100.47	0.39	359.55
2026-06-22T15:15:00.4436402+08:00	0x04	0.3700	-0.1014	-0.5459	0.7448	278.33	321.81	26.14
2026-06-22T15:15:00.4436402+08:00	0x02	-0.1072	-0.5052	0.8527	0.0787	153.05	330.64	57.64
2026-06-22T15:15:00.4436402+08:00	0x09	0.0772	0.0011	-0.0220	0.9968	357.47	359.93	8.86
2026-06-22T15:15:00.4436402+08:00	0x08	0.0475	-0.0110	0.2334	0.9712	27.03	0.05	5.58
2026-06-22T15:15:00.4436402+08:00	0x07	0.0071	-0.0332	-0.2977	0.9541	325.35	356.12	359.65
2026-06-22T15:15:00.4436402+08:00	0x06	0.0054	0.0156	-0.4362	0.8997	308.28	1.34	1.34
2026-06-22T15:15:00.4436402+08:00	0x04	0.3723	-0.0880	-0.5137	0.7680	282.86	323.80	28.78
2026-06-22T15:15:00.4436402+08:00	0x03	0.0212	0.0074	-0.7655	-0.6431	99.95	357.59	359.09
2026-06-22T15:15:00.4436402+08:00	0x02	-0.1093	-0.5088	0.8501	0.0801	152.20	329.75	57.95
2026-06-22T15:15:00.4436402+08:00	0x09	0.0772	0.0011	-0.0220	0.9968	357.47	359.93	8.85
2026-06-22T15:15:00.4436402+08:00	0x07	0.0071	-0.0332	-0.2977	0.9541	325.35	356.12	359.65
2026-06-22T15:15:00.4436402+08:00	0x01	-0.3836	-0.4450	0.7747	-0.2338	182.41	308.71	60.33
2026-06-22T15:15:00.4436402+08:00	0x03	0.0342	0.0149	-0.7604	-0.6484	99.14	355.91	358.76
2026-06-22T15:15:00.4436402+08:00	0x02	-0.1107	-0.5118	0.8480	0.0815	151.48	329.02	58.21
2026-06-22T15:15:00.4436402+08:00	0x08	0.0475	-0.0110	0.2334	0.9712	27.03	0.05	5.58
2026-06-22T15:15:00.4436402+08:00	0x04	0.3782	-0.0669	-0.4691	0.7953	288.97	326.81	32.60
2026-06-22T15:15:00.4446363+08:00	0x03	0.0423	0.0189	-0.7571	-0.6516	98.63	354.91	358.49
2026-06-22T15:15:00.4446363+08:00	0x09	0.0772	0.0011	-0.0220	0.9968	357.47	359.93	8.86
2026-06-22T15:15:00.4446363+08:00	0x02	-0.1093	-0.5121	0.8480	0.0819	151.49	329.19	58.28
2026-06-22T15:15:00.4446363+08:00	0x08	0.0475	-0.0110	0.2334	0.9712	27.03	0.05	5.58
2026-06-22T15:15:00.4446363+08:00	0x04	0.3790	-0.0618	-0.4533	0.8044	291.25	327.86	33.62
2026-06-22T15:15:00.4446363+08:00	0x09	0.0772	0.0011	-0.0220	0.9968	357.47	359.93	8.85
2026-06-22T15:15:00.4446363+08:00	0x02	-0.1074	-0.5117	0.8485	0.0819	151.74	329.59	58.30
2026-06-22T15:15:00.4446363+08:00	0x06	0.0054	0.0156	-0.4362	0.8997	308.28	1.34	1.34
2026-06-22T15:15:00.4446363+08:00	0x01	-0.3819	-0.4448	0.7761	-0.2321	182.36	308.96	60.21
2026-06-22T15:15:00.4446363+08:00	0x03	0.0540	0.0231	-0.7564	-0.6515	98.64	353.58	357.97
2026-06-22T15:15:00.4446363+08:00	0x09	0.0772	0.0011	-0.0220	0.9968	357.47	359.93	8.85
2026-06-22T15:15:00.4446363+08:00	0x02	-0.1071	-0.5105	0.8492	0.0823	151.83	329.75	58.14
2026-06-22T15:15:00.4446363+08:00	0x06	0.0054	0.0156	-0.4362	0.8997	308.28	1.34	1.34
2026-06-22T15:15:00.4446363+08:00	0x08	0.0475	-0.0110	0.2334	0.9712	27.03	0.05	5.58
2026-06-22T15:15:00.4446363+08:00	0x07	0.0072	-0.0332	-0.2977	0.9541	325.35	356.12	359.65
2026-06-22T15:15:00.4446363+08:00	0x03	0.0555	0.0255	-0.7553	-0.6525	98.46	353.28	358.05
2026-06-22T15:15:00.4446363+08:00	0x09	0.0772	0.0011	-0.0220	0.9968	357.47	359.93	8.85
2026-06-22T15:15:00.4446363+08:00	0x06	0.0054	0.0156	-0.4362	0.8997	308.28	1.34	1.34
2026-06-22T15:15:00.4446363+08:00	0x07	0.0072	-0.0332	-0.2977	0.9541	325.35	356.12	359.65
2026-06-22T15:15:00.4446363+08:00	0x01	-0.3823	-0.4436	0.7769	-0.2312	182.29	308.92	60.00
2026-06-22T15:15:00.4446363+08:00	0x03	0.0578	0.0266	-0.7553	-0.6522	98.50	352.98	357.99
2026-06-22T15:15:00.4446363+08:00	0x02	-0.1068	-0.5092	0.8500	0.0826	151.96	329.91	58.00
2026-06-22T15:15:00.4446363+08:00	0x08	0.0475	-0.0110	0.2334	0.9712	27.03	0.05	5.58
2026-06-22T15:15:00.4446363+08:00	0x07	0.0072	-0.0332	-0.2977	0.9541	325.35	356.12	359.65
2026-06-22T15:15:00.4446363+08:00	0x04	0.3752	-0.0493	-0.4259	0.8218	295.76	330.69	35.07
2026-06-22T15:15:00.4446363+08:00	0x02	-0.1074	-0.5095	0.8497	0.0828	151.82	329.75	58.01
2026-06-22T15:15:00.4446363+08:00	0x06	0.0054	0.0156	-0.4362	0.8997	308.28	1.34	1.34
2026-06-22T15:15:00.4446363+08:00	0x07	0.0072	-0.0332	-0.2977	0.9541	325.35	356.12	359.65
2026-06-22T15:15:00.4446363+08:00	0x09	0.0772	0.0011	-0.0220	0.9968	357.47	359.93	8.85
2026-06-22T15:15:00.4446363+08:00	0x03	0.0609	0.0281	-0.7529	-0.6547	98.12	352.61	357.86
2026-06-22T15:15:00.4446363+08:00	0x02	-0.1072	-0.5092	0.8499	0.0828	151.88	329.83	57.98
2026-06-22T15:15:00.4446363+08:00	0x09	0.0772	0.0011	-0.0220	0.9968	357.47	359.93	8.85
2026-06-22T15:15:00.4446363+08:00	0x06	0.0054	0.0156	-0.4362	0.8997	308.28	1.34	1.34
2026-06-22T15:15:00.4446363+08:00	0x04	0.3839	-0.0537	-0.4203	0.8204	295.71	329.56	35.79
2026-06-22T15:15:00.4446363+08:00	0x08	0.0475	-0.0110	0.2334	0.9712	27.03	0.05	5.58
2026-06-22T15:15:00.4446363+08:00	0x03	0.0645	0.0307	-0.7494	-0.6583	97.56	352.12	357.77
2026-06-22T15:15:00.4446363+08:00	0x02	-0.1066	-0.5083	0.8505	0.0827	152.06	330.04	57.89
2026-06-22T15:15:00.4446363+08:00	0x09	0.0772	0.0011	-0.0220	0.9968	357.47	359.93	8.85
2026-06-22T15:15:00.4446363+08:00	0x07	0.0072	-0.0332	-0.2977	0.9541	325.35	356.12	359.65
2026-06-22T15:15:00.4446363+08:00	0x06	0.0054	0.0156	-0.4362	0.8997	308.28	1.33	1.34
2026-06-22T15:15:00.4446363+08:00	0x08	0.0475	-0.0110	0.2334	0.9712	27.03	0.05	5.58
2026-06-22T15:15:00.4446363+08:00	0x01	-0.3819	-0.4445	0.7763	-0.2322	182.41	309.00	60.17
2026-06-22T15:15:00.4446363+08:00	0x08	0.0475	-0.0110	0.2334	0.9712	27.03	0.05	5.58
2026-06-22T15:15:00.4446363+08:00	0x03	0.0648	0.0316	-0.7508	-0.6566	97.81	352.01	357.85
2026-06-22T15:15:00.4446363+08:00	0x07	0.0072	-0.0332	-0.2977	0.9541	325.35	356.12	359.65
2026-06-22T15:15:00.4446363+08:00	0x09	0.0772	0.0011	-0.0220	0.9968	357.47	359.93	8.85
2026-06-22T15:15:00.4446363+08:00	0x08	0.0475	-0.0110	0.2334	0.9712	27.03	0.05	5.59
2026-06-22T15:15:00.4446363+08:00	0x01	-0.3817	-0.4436	0.7769	-0.2324	182.57	309.15	60.07
2026-06-22T15:15:00.4446363+08:00	0x04	0.3808	-0.0497	-0.4174	0.8236	296.49	330.44	35.85
2026-06-22T15:15:00.4446363+08:00	0x02	-0.1063	-0.5076	0.8510	0.0826	152.18	330.19	57.82
2026-06-22T15:15:00.4446363+08:00	0x09	0.0772	0.0011	-0.0220	0.9968	357.47	359.93	8.85
2026-06-22T15:15:00.4446363+08:00	0x03	0.0654	0.0314	-0.7504	-0.6570	97.76	351.97	357.78
2026-06-22T15:15:00.4446363+08:00	0x06	0.0054	0.0156	-0.4362	0.8997	308.28	1.34	1.34
2026-06-22T15:15:00.4446363+08:00	0x08	0.0475	-0.0110	0.2334	0.9712	27.03	0.05	5.59
2026-06-22T15:15:00.4446363+08:00	0x01	-0.3821	-0.4446	0.7758	-0.2333	182.56	309.05	60.24
2026-06-22T15:15:00.4446363+08:00	0x02	-0.1063	-0.5089	0.8502	0.0825	152.06	330.04	57.98
2026-06-22T15:15:00.4446363+08:00	0x09	0.0772	0.0011	-0.0220	0.9968	357.47	359.93	8.85
2026-06-22T15:15:00.4446363+08:00	0x08	0.0475	-0.0110	0.2334	0.9712	27.03	0.05	5.58
2026-06-22T15:15:00.4456330+08:00	0x07	0.0072	-0.0332	-0.2977	0.9541	325.35	356.12	359.65
2026-06-22T15:15:00.4456330+08:00	0x06	0.0054	0.0156	-0.4362	0.8997	308.28	1.34	1.34
2026-06-22T15:15:00.4456330+08:00	0x01	-0.3828	-0.4448	0.7754	-0.2332	182.45	308.87	60.26
2026-06-22T15:15:00.4456330+08:00	0x03	0.0655	0.0315	-0.7508	-0.6565	97.83	351.96	357.78
2026-06-22T15:15:00.4456330+08:00	0x09	0.0772	0.0011	-0.0220	0.9968	357.47	359.93	8.85
2026-06-22T15:15:00.4456330+08:00	0x02	-0.1069	-0.5106	0.8491	0.0825	151.80	329.75	58.16
2026-06-22T15:15:00.4456330+08:00	0x08	0.0475	-0.0110	0.2334	0.9712	27.03	0.05	5.58
2026-06-22T15:15:00.4456330+08:00	0x07	0.0071	-0.0332	-0.2977	0.9541	325.35	356.12	359.65
2026-06-22T15:15:00.4456330+08:00	0x04	0.3731	-0.0467	-0.4180	0.8270	297.14	331.52	35.31
2026-06-22T15:15:00.4456330+08:00	0x03	0.0667	0.0311	-0.7519	-0.6552	98.03	351.89	357.67
2026-06-22T15:15:00.4456330+08:00	0x09	0.0772	0.0011	-0.0220	0.9968	357.47	359.93	8.85
2026-06-22T15:15:00.4456330+08:00	0x07	0.0071	-0.0332	-0.2977	0.9541	325.35	356.12	359.65
2026-06-22T15:15:00.4456330+08:00	0x06	0.0054	0.0156	-0.4362	0.8997	308.28	1.33	1.34
2026-06-22T15:15:00.4456330+08:00	0x04	0.3694	-0.0480	-0.4168	0.8291	297.58	331.78	34.93
2026-06-22T15:15:00.4456330+08:00	0x02	-0.1065	-0.5105	0.8493	0.0826	151.85	329.83	58.16
2026-06-22T15:15:00.4456330+08:00	0x09	0.0772	0.0011	-0.0220	0.9968	357.47	359.93	8.85
2026-06-22T15:15:00.4456330+08:00	0x07	0.0071	-0.0332	-0.2977	0.9541	325.35	356.12	359.65
2026-06-22T15:15:00.4456330+08:00	0x06	0.0054	0.0156	-0.4362	0.8997	308.28	1.33	1.34
2026-06-22T15:15:00.4456330+08:00	0x04	0.3723	-0.0490	-0.4164	0.8280	297.37	331.41	35.15
2026-06-22T15:15:00.4456330+08:00	0x03	0.0689	0.0313	-0.7489	-0.6583	97.55	351.70	357.49
2026-06-22T15:15:00.4456330+08:00	0x01	-0.3833	-0.4420	0.7766	-0.2339	182.79	309.07	59.97
2026-06-22T15:15:00.4456330+08:00	0x08	0.0475	-0.0110	0.2334	0.9712	27.03	0.05	5.59
2026-06-22T15:15:00.4456330+08:00	0x07	0.0071	-0.0332	-0.2977	0.9541	325.35	356.12	359.65
2026-06-22T15:15:00.4456330+08:00	0x06	0.0054	0.0156	-0.4362	0.8997	308.28	1.33	1.34
2026-06-22T15:15:00.4456330+08:00	0x04	0.3764	-0.0485	-0.4189	0.8249	296.69	330.96	35.48
2026-06-22T15:15:00.4456330+08:00	0x02	-0.1075	-0.5162	0.8454	0.0853	150.59	328.72	58.70
2026-06-22T15:15:00.4456330+08:00	0x03	0.0682	0.0320	-0.7496	-0.6575	97.66	351.70	357.61
2026-06-22T15:15:00.4456330+08:00	0x09	0.0772	0.0011	-0.0220	0.9968	357.47	359.93	8.85
2026-06-22T15:15:00.4456330+08:00	0x08	0.0475	-0.0110	0.2334	0.9712	27.03	0.05	5.59
2026-06-22T15:15:00.4456330+08:00	0x07	0.0072	-0.0332	-0.2977	0.9541	325.35	356.12	359.65
2026-06-22T15:15:00.4456330+08:00	0x06	0.0054	0.0156	-0.4362	0.8997	308.28	1.34	1.34
2026-06-22T15:15:00.4456330+08:00	0x02	-0.1076	-0.5160	0.8455	0.0858	150.50	328.66	58.65
2026-06-22T15:15:00.4456330+08:00	0x01	-0.3830	-0.4401	0.7789	-0.2300	182.40	309.01	59.51
2026-06-22T15:15:00.4456330+08:00	0x03	0.0679	0.0310	-0.7507	-0.6564	97.84	351.79	357.56
2026-06-22T15:15:00.4456330+08:00	0x04	0.3751	-0.0515	-0.4199	0.8248	296.59	330.72	35.13
2026-06-22T15:15:00.4456330+08:00	0x09	0.0772	0.0011	-0.0220	0.9968	357.47	359.93	8.85
2026-06-22T15:15:00.4456330+08:00	0x07	0.0072	-0.0332	-0.2977	0.9541	325.35	356.12	359.65
2026-06-22T15:15:00.4456330+08:00	0x06	0.0054	0.0156	-0.4362	0.8997	308.28	1.34	1.34
2026-06-22T15:15:00.4456330+08:00	0x04	0.3778	-0.0529	-0.4187	0.8241	296.49	330.35	35.34
2026-06-22T15:15:00.4456330+08:00	0x03	0.0678	0.0299	-0.7508	-0.6564	97.86	351.88	357.47
2026-06-22T15:15:00.4456330+08:00	0x09	0.0772	0.0011	-0.0220	0.9968	357.47	359.93	8.85
2026-06-22T15:15:00.4456330+08:00	0x07	0.0072	-0.0332	-0.2977	0.9541	325.35	356.12	359.65
2026-06-22T15:15:00.4456330+08:00	0x06	0.0054	0.0156	-0.4362	0.8997	308.28	1.33	1.34
2026-06-22T15:15:00.4456330+08:00	0x02	-0.1074	-0.5159	0.8455	0.0860	150.49	328.69	58.65
2026-06-22T15:15:00.4456330+08:00	0x03	0.0675	0.0297	-0.7509	-0.6563	97.87	351.92	357.48
2026-06-22T15:15:00.4456330+08:00	0x09	0.0772	0.0011	-0.0220	0.9968	357.47	359.93	8.85
2026-06-22T15:15:00.4456330+08:00	0x07	0.0072	-0.0332	-0.2977	0.9541	325.35	356.12	359.65
2026-06-22T15:15:00.4456330+08:00	0x04	0.3776	-0.0539	-0.4180	0.8245	296.59	330.29	35.28
2026-06-22T15:15:00.4456330+08:00	0x03	0.0684	0.0290	-0.7484	-0.6591	97.45	351.91	357.32
2026-06-22T15:15:00.4456330+08:00	0x09	0.0772	0.0011	-0.0220	0.9968	357.47	359.93	8.85
2026-06-22T15:15:00.4456330+08:00	0x08	0.0475	-0.0110	0.2334	0.9712	27.03	0.05	5.59
2026-06-22T15:15:00.4456330+08:00	0x06	0.0054	0.0156	-0.4362	0.8997	308.28	1.33	1.34
2026-06-22T15:15:00.4456330+08:00	0x02	-0.1084	-0.5171	0.8446	0.0862	150.22	328.34	58.75
2026-06-22T15:15:00.4456330+08:00	0x04	0.3843	-0.0681	-0.4145	0.8221	296.19	328.24	35.14
2026-06-22T15:15:00.4456330+08:00	0x03	0.0697	0.0164	-0.7484	-0.6594	97.48	352.74	356.14
2026-06-22T15:15:00.4456330+08:00	0x08	0.0475	-0.0110	0.2334	0.9712	27.03	0.05	5.59
2026-06-22T15:15:00.4456330+08:00	0x07	0.0072	-0.0332	-0.2977	0.9541	325.35	356.12	359.65
2026-06-22T15:15:00.4456330+08:00	0x06	0.0054	0.0156	-0.4362	0.8997	308.28	1.33	1.34
2026-06-22T15:15:00.4456330+08:00	0x02	-0.1090	-0.5172	0.8445	0.0862	150.15	328.23	58.73
2026-06-22T15:15:00.4466301+08:00	0x03	0.0698	0.0187	-0.7489	-0.6588	97.56	352.56	356.33
2026-06-22T15:15:00.4466301+08:00	0x09	0.0772	0.0011	-0.0220	0.9968	357.47	359.93	8.85
2026-06-22T15:15:00.4466301+08:00	0x06	0.0054	0.0156	-0.4362	0.8997	308.28	1.33	1.34
2026-06-22T15:15:00.4466301+08:00	0x07	0.0071	-0.0332	-0.2977	0.9541	325.35	356.12	359.65
2026-06-22T15:15:00.4466301+08:00	0x02	-0.1084	-0.5163	0.8452	0.0859	150.38	328.48	58.66
2026-06-22T15:15:00.4466301+08:00	0x04	0.3821	-0.0623	-0.4106	0.8255	297.06	329.25	35.43
2026-06-22T15:15:00.4466301+08:00	0x01	-0.3860	-0.4352	0.7783	-0.2361	183.53	309.25	59.29
2026-06-22T15:15:00.4466301+08:00	0x03	0.0680	0.0193	-0.7490	-0.6588	97.56	352.67	356.53
2026-06-22T15:15:00.4466301+08:00	0x09	0.0772	0.0011	-0.0220	0.9968	357.47	359.93	8.85
2026-06-22T15:15:00.4466301+08:00	0x08	0.0475	-0.0110	0.2334	0.9712	27.03	0.05	5.59
2026-06-22T15:15:00.4466301+08:00	0x06	0.0054	0.0156	-0.4362	0.8997	308.28	1.33	1.34
2026-06-22T15:15:00.4466301+08:00	0x07	0.0072	-0.0332	-0.2977	0.9541	325.35	356.12	359.65
2026-06-22T15:15:00.4466301+08:00	0x01	-0.3859	-0.4357	0.7789	-0.2336	183.10	309.05	59.20
2026-06-22T15:15:00.4466301+08:00	0x03	0.0648	0.0237	-0.7507	-0.6571	97.79	352.62	357.16
2026-06-22T15:15:00.4466301+08:00	0x09	0.0772	0.0011	-0.0220	0.9968	357.47	359.93	8.85
2026-06-22T15:15:00.4466301+08:00	0x08	0.0475	-0.0110	0.2334	0.9712	27.03	0.05	5.59
2026-06-22T15:15:00.4466301+08:00	0x07	0.0072	-0.0332	-0.2977	0.9541	325.35	356.12	359.65
2026-06-22T15:15:00.4466301+08:00	0x02	-0.1085	-0.5161	0.8452	0.0867	150.25	328.41	58.61
2026-06-22T15:15:00.4466301+08:00	0x04	0.3833	-0.0613	-0.4124	0.8242	296.74	329.16	35.54
2026-06-22T15:15:00.4466301+08:00	0x06	0.0054	0.0156	-0.4362	0.8997	308.28	1.33	1.34
2026-06-22T15:15:00.4466301+08:00	0x03	0.0666	0.0245	-0.7497	-0.6580	97.65	352.40	357.09
2026-06-22T15:15:00.4466301+08:00	0x09	0.0772	0.0011	-0.0220	0.9968	357.47	359.93	8.85
2026-06-22T15:15:00.4466301+08:00	0x08	0.0475	-0.0110	0.2334	0.9712	27.03	0.05	5.59
2026-06-22T15:15:00.4466301+08:00	0x07	0.0072	-0.0332	-0.2977	0.9541	325.35	356.12	359.65
2026-06-22T15:15:00.4466301+08:00	0x02	-0.1083	-0.5152	0.8458	0.0866	150.38	328.55	58.51
2026-06-22T15:15:00.4466301+08:00	0x01	-0.3884	-0.4319	0.7803	-0.2318	182.90	308.70	58.66
2026-06-22T15:15:00.4466301+08:00	0x03	0.0657	0.0232	-0.7500	-0.6577	97.70	352.57	357.04
2026-06-22T15:15:00.4466301+08:00	0x09	0.0772	0.0011	-0.0220	0.9968	357.47	359.93	8.85
2026-06-22T15:15:00.4466301+08:00	0x08	0.0475	-0.0110	0.2334	0.9712	27.03	0.05	5.59
2026-06-22T15:15:00.4466301+08:00	0x06	0.0054	0.0156	-0.4362	0.8997	308.28	1.34	1.34
2026-06-22T15:15:00.4466301+08:00	0x02	-0.1075	-0.5184	0.8438	0.0882	149.79	328.17	58.85
2026-06-22T15:15:00.4466301+08:00	0x07	0.0072	-0.0332	-0.2977	0.9541	325.35	356.12	359.65
2026-06-22T15:15:00.4466301+08:00	0x01	-0.3926	-0.4295	0.7812	-0.2263	181.78	307.62	58.07
2026-06-22T15:15:00.4466301+08:00	0x03	0.0660	0.0244	-0.7500	-0.6577	97.69	352.46	357.12
2026-06-22T15:15:00.4466301+08:00	0x08	0.0475	-0.0110	0.2334	0.9712	27.03	0.05	5.59
2026-06-22T15:15:00.4466301+08:00	0x07	0.0072	-0.0332	-0.2977	0.9541	325.35	356.12	359.65
2026-06-22T15:15:00.4466301+08:00	0x02	-0.1080	-0.5218	0.8416	0.0877	149.39	327.68	59.25
2026-06-22T15:15:00.4466301+08:00	0x04	0.3823	-0.0661	-0.4147	0.8231	296.39	328.65	35.06
2026-06-22T15:15:00.4466301+08:00	0x06	0.0054	0.0156	-0.4362	0.8997	308.28	1.34	1.34
2026-06-22T15:15:00.4466301+08:00	0x09	0.0772	0.0011	-0.0220	0.9968	357.47	359.93	8.85
2026-06-22T15:15:00.4466301+08:00	0x03	0.0637	0.0243	-0.7459	-0.6626	96.95	352.68	357.24
2026-06-22T15:15:00.4466301+08:00	0x08	0.0475	-0.0110	0.2334	0.9712	27.03	0.05	5.59
2026-06-22T15:15:00.4466301+08:00	0x06	0.0054	0.0156	-0.4362	0.8997	308.28	1.33	1.34
2026-06-22T15:15:00.4466301+08:00	0x07	0.0072	-0.0332	-0.2977	0.9541	325.35	356.12	359.65
2026-06-22T15:15:00.4466301+08:00	0x02	-0.1084	-0.5206	0.8422	0.0885	149.35	327.68	59.06
2026-06-22T15:15:00.4466301+08:00	0x01	-0.3891	-0.4356	0.7776	-0.2327	182.56	308.29	59.16
2026-06-22T15:15:00.4466301+08:00	0x09	0.0772	0.0011	-0.0220	0.9968	357.47	359.93	8.85
2026-06-22T15:15:00.4466301+08:00	0x07	0.0072	-0.0332	-0.2977	0.9541	325.35	356.13	359.65
2026-06-22T15:15:00.4466301+08:00	0x03	0.0654	0.0214	-0.7477	-0.6605	97.28	352.74	356.88
2026-06-22T15:15:00.4466301+08:00	0x04	0.3808	-0.0651	-0.4096	0.8264	297.26	329.12	35.17
2026-06-22T15:15:00.4466301+08:00	0x01	-0.3829	-0.4430	0.7877	-0.1915	175.99	305.94	57.62
2026-06-22T15:15:00.4466301+08:00	0x09	0.0772	0.0011	-0.0220	0.9968	357.47	359.93	8.85
2026-06-22T15:15:00.4466301+08:00	0x03	0.0635	0.0072	-0.7522	-0.6558	98.05	353.96	355.85
2026-06-22T15:15:00.4466301+08:00	0x08	0.0475	-0.0110	0.2334	0.9712	27.03	0.05	5.59
2026-06-22T15:15:00.4466301+08:00	0x07	0.0071	-0.0332	-0.2977	0.9541	325.35	356.13	359.65
2026-06-22T15:15:00.4476278+08:00	0x02	-0.2062	-0.4017	0.8613	0.2332	135.06	317.51	36.56
2026-06-22T15:15:00.4476278+08:00	0x01	-0.3968	-0.4025	0.8245	0.0287	151.46	298.06	39.86
2026-06-22T15:15:00.4476278+08:00	0x09	0.0772	0.0011	-0.0220	0.9968	357.47	359.93	8.85
2026-06-22T15:15:00.4476278+08:00	0x06	0.0054	0.0156	-0.4362	0.8997	308.28	1.34	1.34
2026-06-22T15:15:00.4476278+08:00	0x04	0.4159	-0.0851	-0.3977	0.8134	295.19	323.73	37.51
2026-06-22T15:15:00.4476278+08:00	0x02	-0.1303	-0.4569	0.8766	0.0764	156.10	331.47	51.36
2026-06-22T15:15:00.4476278+08:00	0x08	0.0475	-0.0110	0.2334	0.9712	27.03	0.05	5.59
2026-06-22T15:15:00.4476278+08:00	0x07	0.0072	-0.0332	-0.2977	0.9541	325.35	356.13	359.65
2026-06-22T15:15:00.4476278+08:00	0x01	-0.3590	-0.3964	0.8006	-0.2702	195.34	319.88	55.96
2026-06-22T15:15:00.4476278+08:00	0x03	0.0666	-0.0102	-0.7646	-0.6410	100.31	354.88	354.20
2026-06-22T15:15:00.4476278+08:00	0x09	0.0772	0.0011	-0.0220	0.9968	357.47	359.93	8.85
2026-06-22T15:15:00.4476278+08:00	0x06	0.0054	0.0156	-0.4362	0.8997	308.28	1.33	1.34
2026-06-22T15:15:00.4476278+08:00	0x02	-0.0774	-0.4817	0.8729	0.0066	170.88	344.90	57.13
2026-06-22T15:15:00.4476278+08:00	0x04	0.4121	-0.0847	-0.4154	0.8065	293.07	323.44	36.46
2026-06-22T15:15:00.4476278+08:00	0x07	0.0072	-0.0332	-0.2977	0.9541	325.35	356.12	359.65
2026-06-22T15:15:00.4476278+08:00	0x01	-0.3676	-0.4285	0.7743	-0.2858	195.20	318.18	60.89
2026-06-22T15:15:00.4476278+08:00	0x09	0.0772	0.0011	-0.0220	0.9968	357.47	359.93	8.85
2026-06-22T15:15:00.4476278+08:00	0x08	0.0475	-0.0110	0.2334	0.9712	27.03	0.05	5.59
2026-06-22T15:15:00.4476278+08:00	0x03	0.0581	0.0065	-0.7630	-0.6438	99.86	354.42	356.28
2026-06-22T15:15:00.4476278+08:00	0x02	-0.0938	-0.4655	0.8797	0.0250	166.93	341.07	54.52
2026-06-22T15:15:00.4476278+08:00	0x04	0.4037	-0.0782	-0.4243	0.8068	292.79	324.70	35.81
2026-06-22T15:15:00.4476278+08:00	0x01	-0.3808	-0.4232	0.7726	-0.2811	193.04	315.11	60.22
2026-06-22T15:15:00.4476278+08:00	0x03	0.0563	0.0109	-0.7592	-0.6483	99.18	354.27	356.76
2026-06-22T15:15:00.4476278+08:00	0x09	0.0772	0.0011	-0.0220	0.9968	357.47	359.93	8.85
2026-06-22T15:15:00.4476278+08:00	0x08	0.0475	-0.0110	0.2334	0.9712	27.03	0.05	5.59
2026-06-22T15:15:00.4476278+08:00	0x07	0.0072	-0.0332	-0.2977	0.9541	325.35	356.12	359.65
2026-06-22T15:15:00.4476278+08:00	0x02	-0.1043	-0.4439	0.8892	0.0378	165.15	339.44	51.41
2026-06-22T15:15:00.4476278+08:00	0x04	0.4029	-0.0796	-0.4256	0.8064	292.65	324.58	35.60
2026-06-22T15:15:00.4476278+08:00	0x01	-0.3825	-0.4215	0.7724	-0.2819	193.10	314.91	60.08
2026-06-22T15:15:00.4476278+08:00	0x03	0.0563	0.0102	-0.7595	-0.6480	99.23	354.33	356.70
2026-06-22T15:15:00.4476278+08:00	0x09	0.0772	0.0011	-0.0220	0.9968	357.47	359.93	8.85
2026-06-22T15:15:00.4476278+08:00	0x08	0.0475	-0.0110	0.2334	0.9712	27.03	0.05	5.59
2026-06-22T15:15:00.4476278+08:00	0x07	0.0072	-0.0332	-0.2977	0.9541	325.35	356.12	359.65
2026-06-22T15:15:00.4476278+08:00	0x02	-0.1095	-0.4333	0.8935	0.0446	164.29	338.69	49.86
2026-06-22T15:15:00.4476278+08:00	0x01	-0.3827	-0.4203	0.7721	-0.2841	193.56	315.13	60.06
2026-06-22T15:15:00.4476278+08:00	0x03	0.0568	0.0100	-0.7597	-0.6477	99.26	354.29	356.66
2026-06-22T15:15:00.4476278+08:00	0x09	0.0772	0.0011	-0.0220	0.9968	357.47	359.93	8.85
2026-06-22T15:15:00.4476278+08:00	0x08	0.0475	-0.0110	0.2334	0.9712	27.03	0.05	5.58
2026-06-22T15:15:00.4476278+08:00	0x06	0.0054	0.0156	-0.4362	0.8997	308.28	1.34	1.34
2026-06-22T15:15:00.4486247+08:00	0x07	0.0072	-0.0332	-0.2977	0.9541	325.35	356.12	359.65
2026-06-22T15:15:00.4486247+08:00	0x04	0.4007	-0.0813	-0.4258	0.8072	292.80	324.63	35.28
2026-06-22T15:15:00.4486247+08:00	0x03	0.0566	0.0100	-0.7601	-0.6473	99.33	354.32	356.67
2026-06-22T15:15:00.4486247+08:00	0x09	0.0772	0.0011	-0.0220	0.9968	357.47	359.93	8.85
2026-06-22T15:15:00.4486247+08:00	0x08	0.0475	-0.0110	0.2334	0.9712	27.03	0.05	5.58
2026-06-22T15:15:00.4486247+08:00	0x07	0.0072	-0.0332	-0.2977	0.9541	325.35	356.12	359.65
2026-06-22T15:15:00.4486247+08:00	0x02	-0.1130	-0.4284	0.8949	0.0535	162.93	337.78	48.99
2026-06-22T15:15:00.4486247+08:00	0x04	0.4000	-0.0802	-0.4268	0.8071	292.74	324.78	35.25
2026-06-22T15:15:00.4486247+08:00	0x03	0.0563	0.0095	-0.7599	-0.6475	99.30	354.37	356.65
2026-06-22T15:15:00.4486247+08:00	0x09	0.0772	0.0011	-0.0220	0.9968	357.47	359.93	8.85
2026-06-22T15:15:00.4486247+08:00	0x06	0.0054	0.0156	-0.4362	0.8997	308.28	1.34	1.34
2026-06-22T15:15:00.4486247+08:00	0x08	0.0475	-0.0110	0.2334	0.9712	27.03	0.05	5.59
2026-06-22T15:15:00.4486247+08:00	0x02	-0.1155	-0.4277	0.8948	0.0556	162.47	337.28	48.81
2026-06-22T15:15:00.4486247+08:00	0x04	0.4049	-0.0815	-0.4268	0.8045	292.24	324.11	35.59
2026-06-22T15:15:00.4486247+08:00	0x01	-0.3823	-0.4222	0.7694	-0.2891	194.36	315.56	60.55
2026-06-22T15:15:00.4486247+08:00	0x03	0.0553	0.0099	-0.7595	-0.6480	99.22	354.44	356.75
2026-06-22T15:15:00.4486247+08:00	0x09	0.0772	0.0011	-0.0220	0.9968	357.47	359.93	8.86
2026-06-22T15:15:00.4486247+08:00	0x06	0.0054	0.0156	-0.4362	0.8997	308.28	1.34	1.34
2026-06-22T15:15:00.4486247+08:00	0x02	-0.1155	-0.4266	0.8952	0.0566	162.38	337.27	48.65
2026-06-22T15:15:00.4486247+08:00	0x04	0.3992	-0.0818	-0.4270	0.8072	292.76	324.69	35.07
2026-06-22T15:15:00.4486247+08:00	0x03	0.0563	0.0080	-0.7599	-0.6475	99.30	354.49	356.52
2026-06-22T15:15:00.4486247+08:00	0x01	-0.3808	-0.4230	0.7694	-0.2900	194.68	315.96	60.66
2026-06-22T15:15:00.4486247+08:00	0x09	0.0772	0.0011	-0.0220	0.9968	357.47	359.93	8.86
2026-06-22T15:15:00.4486247+08:00	0x06	0.0054	0.0156	-0.4362	0.8997	308.28	1.34	1.34
2026-06-22T15:15:00.4486247+08:00	0x02	-0.1162	-0.4242	0.8963	0.0573	162.37	337.27	48.33
2026-06-22T15:15:00.4486247+08:00	0x04	0.3968	-0.0814	-0.4278	0.8080	292.88	324.96	34.87
2026-06-22T15:15:00.4486247+08:00	0x01	-0.3803	-0.4235	0.7694	-0.2899	194.67	316.02	60.72
2026-06-22T15:15:00.4486247+08:00	0x03	0.0558	0.0085	-0.7598	-0.6477	99.27	354.49	356.59
2026-06-22T15:15:00.4486247+08:00	0x07	0.0072	-0.0332	-0.2977	0.9541	325.35	356.12	359.65
2026-06-22T15:15:00.4486247+08:00	0x09	0.0772	0.0011	-0.0220	0.9968	357.47	359.93	8.86
2026-06-22T15:15:00.4486247+08:00	0x06	0.0054	0.0156	-0.4362	0.8997	308.28	1.34	1.34
2026-06-22T15:15:00.4486247+08:00	0x02	-0.1170	-0.4260	0.8952	0.0590	161.95	336.92	48.49
2026-06-22T15:15:00.4486247+08:00	0x07	0.0072	-0.0332	-0.2977	0.9541	325.35	356.12	359.65
2026-06-22T15:15:00.4486247+08:00	0x01	-0.3827	-0.4276	0.7681	-0.2841	193.00	314.71	60.97
2026-06-22T15:15:00.4486247+08:00	0x09	0.0772	0.0011	-0.0220	0.9968	357.47	359.93	8.86
2026-06-22T15:15:00.4486247+08:00	0x03	0.0398	0.0373	-0.7686	-0.6374	100.65	353.76	0.38
2026-06-22T15:15:00.4486247+08:00	0x06	0.0054	0.0156	-0.4362	0.8997	308.28	1.34	1.34
2026-06-22T15:15:00.4486247+08:00	0x02	-0.1165	-0.4284	0.8940	0.0608	161.57	336.75	48.74
2026-06-22T15:15:00.4486247+08:00	0x07	0.0072	-0.0332	-0.2977	0.9541	325.35	356.12	359.65
2026-06-22T15:15:00.4486247+08:00	0x01	-0.3827	-0.4335	0.7674	-0.2770	191.21	313.65	61.33
2026-06-22T15:15:00.4496222+08:00	0x03	0.0694	0.0415	-0.8533	-0.5151	117.77	350.72	359.96
2026-06-22T15:15:00.4496222+08:00	0x09	0.0772	0.0011	-0.0220	0.9968	357.47	359.93	8.86
2026-06-22T15:15:00.4496222+08:00	0x02	-0.1173	-0.4140	0.8991	0.0804	159.44	336.22	46.52
2026-06-22T15:15:00.4496222+08:00	0x07	0.0072	-0.0332	-0.2977	0.9541	325.35	356.12	359.65
2026-06-22T15:15:00.4496222+08:00	0x03	0.0215	0.0238	-0.8218	-0.5688	110.59	356.42	0.84
2026-06-22T15:15:00.4496222+08:00	0x09	0.0772	0.0011	-0.0220	0.9968	357.47	359.93	8.86
2026-06-22T15:15:00.4496222+08:00	0x06	0.0054	0.0156	-0.4362	0.8997	308.28	1.33	1.34
2026-06-22T15:15:00.4496222+08:00	0x02	-0.1112	-0.4148	0.8987	0.0885	158.56	336.58	46.54
2026-06-22T15:15:00.4496222+08:00	0x07	0.0072	-0.0332	-0.2977	0.9541	325.35	356.12	359.65
2026-06-22T15:15:00.4496222+08:00	0x01	-0.3848	-0.4236	0.7710	-0.2794	192.20	314.04	60.25
2026-06-22T15:15:00.4496222+08:00	0x03	0.0066	0.0005	-0.7772	-0.6292	102.02	359.38	359.56
2026-06-22T15:15:00.4496222+08:00	0x09	0.0772	0.0011	-0.0220	0.9968	357.47	359.93	8.86
2026-06-22T15:15:00.4496222+08:00	0x08	0.0475	-0.0110	0.2334	0.9712	27.03	0.05	5.59
2026-06-22T15:15:00.4496222+08:00	0x02	-0.1230	-0.4127	0.8982	0.0879	158.05	334.99	46.03
2026-06-22T15:15:00.4496222+08:00	0x07	0.0072	-0.0332	-0.2977	0.9541	325.35	356.12	359.65
2026-06-22T15:15:00.4496222+08:00	0x01	-0.3845	-0.4212	0.7728	-0.2785	192.25	314.16	59.90
2026-06-22T15:15:00.4496222+08:00	0x03	0.0189	0.0050	-0.7739	-0.6330	101.46	357.96	359.08
2026-06-22T15:15:00.4496222+08:00	0x06	0.0054	0.0156	-0.4362	0.8997	308.28	1.34	1.34
2026-06-22T15:15:00.4496222+08:00	0x02	-0.1243	-0.4113	0.8988	0.0869	158.22	334.95	45.87
2026-06-22T15:15:00.4496222+08:00	0x07	0.0072	-0.0332	-0.2977	0.9541	325.35	356.12	359.65
2026-06-22T15:15:00.4496222+08:00	0x01	-0.3851	-0.4198	0.7736	-0.2774	192.11	314.03	59.68
2026-06-22T15:15:00.4496222+08:00	0x03	0.0273	0.0082	-0.7720	-0.6349	101.16	356.99	358.74
2026-06-22T15:15:00.4496222+08:00	0x06	0.0054	0.0156	-0.4362	0.8997	308.28	1.34	1.34
2026-06-22T15:15:00.4496222+08:00	0x09	0.0772	0.0011	-0.0220	0.9968	357.47	359.93	8.85
2026-06-22T15:15:00.4496222+08:00	0x08	0.0475	-0.0110	0.2334	0.9712	27.03	0.05	5.59
2026-06-22T15:15:00.4496222+08:00	0x02	-0.1232	-0.4101	0.8997	0.0851	158.61	335.28	45.80
2026-06-22T15:15:00.4496222+08:00	0x07	0.0071	-0.0332	-0.2977	0.9541	325.35	356.12	359.65
2026-06-22T15:15:00.4496222+08:00	0x01	-0.3863	-0.4182	0.7738	-0.2776	192.13	313.90	59.51
2026-06-22T15:15:00.4496222+08:00	0x03	0.0356	0.0086	-0.7695	-0.6376	100.77	356.23	358.16
2026-06-22T15:15:00.4496222+08:00	0x09	0.0772	0.0011	-0.0220	0.9968	357.47	359.93	8.85
2026-06-22T15:15:00.4496222+08:00	0x06	0.0054	0.0156	-0.4362	0.8997	308.28	1.34	1.34
2026-06-22T15:15:00.4496222+08:00	0x02	-0.1232	-0.4095	0.9001	0.0833	158.92	335.42	45.78
2026-06-22T15:15:00.4496222+08:00	0x04	0.3869	-0.0694	-0.4442	0.8051	291.69	326.60	34.15
2026-06-22T15:15:00.4496222+08:00	0x07	0.0072	-0.0332	-0.2977	0.9541	325.35	356.12	359.65
2026-06-22T15:15:00.4496222+08:00	0x01	-0.3865	-0.4188	0.7728	-0.2793	192.33	313.95	59.68
2026-06-22T15:15:00.4496222+08:00	0x03	0.0398	0.0097	-0.7668	-0.6406	100.33	355.79	357.93
2026-06-22T15:15:00.4496222+08:00	0x09	0.0772	0.0011	-0.0220	0.9968	357.47	359.93	8.86
2026-06-22T15:15:00.4506200+08:00	0x02	-0.1221	-0.4098	0.9002	0.0828	159.04	335.60	45.85
2026-06-22T15:15:00.4506200+08:00	0x04	0.3906	-0.0707	-0.4404	0.8053	291.88	326.24	34.53
2026-06-22T15:15:00.4506200+08:00	0x07	0.0072	-0.0332	-0.2977	0.9541	325.35	356.12	359.65
2026-06-22T15:15:00.4506200+08:00	0x01	-0.3863	-0.4185	0.7733	-0.2786	192.27	313.95	59.60
2026-06-22T15:15:00.4506200+08:00	0x03	0.0433	0.0104	-0.7649	-0.6426	100.02	355.42	357.72
2026-06-22T15:15:00.4506200+08:00	0x08	0.0475	-0.0110	0.2334	0.9712	27.03	0.05	5.59
2026-06-22T15:15:00.4506200+08:00	0x09	0.0772	0.0011	-0.0220	0.9968	357.47	359.93	8.85
2026-06-22T15:15:00.4506200+08:00	0x06	0.0054	0.0156	-0.4362	0.8997	308.28	1.34	1.34
2026-06-22T15:15:00.4506200+08:00	0x04	0.3897	-0.0678	-0.4361	0.8083	292.62	326.80	34.81
2026-06-22T15:15:00.4506200+08:00	0x07	0.0072	-0.0332	-0.2977	0.9541	325.35	356.12	359.65
2026-06-22T15:15:00.4506200+08:00	0x02	-0.1206	-0.4102	0.9001	0.0833	159.04	335.77	45.92
2026-06-22T15:15:00.4506200+08:00	0x01	-0.3872	-0.4162	0.7748	-0.2767	192.02	313.74	59.23
2026-06-22T15:15:00.4506200+08:00	0x03	0.0450	0.0155	-0.7653	-0.6419	100.10	354.90	358.04
2026-06-22T15:15:00.4506200+08:00	0x09	0.0772	0.0011	-0.0220	0.9968	357.47	359.93	8.85
2026-06-22T15:15:00.4506200+08:00	0x02	-0.1210	-0.4092	0.9005	0.0836	159.03	335.76	45.79
2026-06-22T15:15:00.4506200+08:00	0x04	0.3910	-0.0678	-0.4332	0.8092	292.92	326.78	35.04
2026-06-22T15:15:00.4506200+08:00	0x07	0.0072	-0.0332	-0.2977	0.9541	325.35	356.12	359.65
2026-06-22T15:15:00.4506200+08:00	0x01	-0.3878	-0.4144	0.7757	-0.2759	191.95	313.66	58.97
2026-06-22T15:15:00.4506200+08:00	0x03	0.0460	0.0155	-0.7658	-0.6412	100.21	354.81	357.98
2026-06-22T15:15:00.4506200+08:00	0x09	0.0772	0.0011	-0.0220	0.9968	357.47	359.93	8.85
2026-06-22T15:15:00.4506200+08:00	0x08	0.0475	-0.0110	0.2334	0.9712	27.03	0.05	5.58
2026-06-22T15:15:00.4506200+08:00	0x06	0.0054	0.0156	-0.4362	0.8997	308.28	1.34	1.34
2026-06-22T15:15:00.4506200+08:00	0x02	-0.1215	-0.4071	0.9014	0.0835	159.14	335.82	45.53
2026-06-22T15:15:00.4506200+08:00	0x04	0.3889	-0.0657	-0.4318	0.8111	293.36	327.28	35.04
2026-06-22T15:15:00.4506200+08:00	0x07	0.0072	-0.0332	-0.2977	0.9541	325.35	356.12	359.65
2026-06-22T15:15:00.4506200+08:00	0x01	-0.3874	-0.4148	0.7760	-0.2752	191.84	313.65	58.98
2026-06-22T15:15:00.4506200+08:00	0x08	0.0475	-0.0110	0.2334	0.9712	27.03	0.05	5.58
2026-06-22T15:15:00.4506200+08:00	0x09	0.0772	0.0011	-0.0220	0.9968	357.47	359.93	8.85
2026-06-22T15:15:00.4506200+08:00	0x02	-0.1215	-0.4045	0.9026	0.0826	159.42	336.01	45.25
2026-06-22T15:15:00.4506200+08:00	0x07	0.0072	-0.0332	-0.2977	0.9541	325.35	356.12	359.65
2026-06-22T15:15:00.4506200+08:00	0x01	-0.3848	-0.4229	0.7735	-0.2735	191.21	313.56	59.85
2026-06-22T15:15:00.4506200+08:00	0x08	0.0475	-0.0110	0.2334	0.9712	27.03	0.05	5.58
2026-06-22T15:15:00.4506200+08:00	0x09	0.0772	0.0011	-0.0220	0.9968	357.47	359.93	8.85
2026-06-22T15:15:00.4506200+08:00	0x06	0.0054	0.0156	-0.4362	0.8997	308.28	1.34	1.34
2026-06-22T15:15:00.4506200+08:00	0x04	0.3552	-0.0008	-0.3243	0.8767	313.34	342.77	38.49
2026-06-22T15:15:00.4506200+08:00	0x02	-0.1188	-0.4207	0.8954	0.0851	158.23	335.28	47.15
2026-06-22T15:15:00.4506200+08:00	0x01	-0.3896	-0.4217	0.7730	-0.2699	190.09	312.29	59.57
2026-06-22T15:15:00.4516184+08:00	0x03	0.1007	0.0389	-0.8558	-0.5059	119.04	347.77	357.98
2026-06-22T15:15:00.4516184+08:00	0x09	0.0772	0.0011	-0.0220	0.9968	357.47	359.93	8.85
2026-06-22T15:15:00.4516184+08:00	0x02	-0.1199	-0.4136	0.8984	0.0860	158.47	335.51	46.27
2026-06-22T15:15:00.4516184+08:00	0x04	0.3488	-0.0120	-0.3797	0.8567	305.40	339.33	36.06
2026-06-22T15:15:00.4516184+08:00	0x01	-0.3896	-0.4249	0.7728	-0.2653	189.00	311.67	59.71
2026-06-22T15:15:00.4516184+08:00	0x08	0.0475	-0.0110	0.2334	0.9712	27.03	0.05	5.59
2026-06-22T15:15:00.4516184+08:00	0x09	0.0772	0.0011	-0.0220	0.9968	357.47	359.93	8.85
2026-06-22T15:15:00.4516184+08:00	0x06	0.0054	0.0156	-0.4362	0.8997	308.28	1.34	1.34
2026-06-22T15:15:00.4516184+08:00	0x02	-0.1222	-0.4076	0.9009	0.0852	158.81	335.58	45.53
2026-06-22T15:15:00.4516184+08:00	0x04	0.3391	-0.0277	-0.4210	0.8408	299.76	336.62	33.16
2026-06-22T15:15:00.4516184+08:00	0x07	0.0072	-0.0332	-0.2977	0.9541	325.35	356.12	359.65
2026-06-22T15:15:00.4516184+08:00	0x01	-0.3881	-0.4274	0.7727	-0.2640	188.74	311.70	59.93
2026-06-22T15:15:00.4516184+08:00	0x03	0.0358	0.0150	-0.8728	-0.4866	121.74	355.58	359.50
2026-06-22T15:15:00.4516184+08:00	0x06	0.0054	0.0156	-0.4362	0.8997	308.28	1.34	1.34
2026-06-22T15:15:00.4516184+08:00	0x02	-0.1180	-0.4070	0.9015	0.0875	158.78	336.10	45.49
2026-06-22T15:15:00.4516184+08:00	0x04	0.3572	-0.0488	-0.4646	0.8088	291.71	330.96	32.17
2026-06-22T15:15:00.4516184+08:00	0x07	0.0072	-0.0332	-0.2977	0.9541	325.35	356.12	359.65
2026-06-22T15:15:00.4516184+08:00	0x01	-0.3877	-0.4258	0.7739	-0.2637	188.89	311.89	59.70
2026-06-22T15:15:00.4516184+08:00	0x03	-0.0380	-0.0008	-0.8292	-0.5576	112.24	3.67	2.35
2026-06-22T15:15:00.4516184+08:00	0x08	0.0475	-0.0110	0.2334	0.9712	27.03	0.05	5.58
2026-06-22T15:15:00.4516184+08:00	0x06	0.0054	0.0156	-0.4362	0.8997	308.28	1.34	1.34
2026-06-22T15:15:00.4516184+08:00	0x02	-0.1184	-0.4031	0.9032	0.0882	158.87	336.22	45.01
2026-06-22T15:15:00.4516184+08:00	0x04	0.3713	-0.1108	-0.5588	0.7333	276.32	320.47	24.87
2026-06-22T15:15:00.4516184+08:00	0x07	0.0072	-0.0332	-0.2977	0.9541	325.35	356.12	359.65
2026-06-22T15:15:00.4516184+08:00	0x06	0.0054	0.0156	-0.4362	0.8997	308.28	1.34	1.34
2026-06-22T15:15:00.4516184+08:00	0x01	-0.3852	-0.4267	0.7730	-0.2683	189.92	312.77	60.05
2026-06-22T15:15:00.4516184+08:00	0x03	-0.0534	-0.0169	-0.7788	-0.6248	102.64	5.99	2.31
2026-06-22T15:15:00.4516184+08:00	0x02	-0.1228	-0.4011	0.9036	0.0866	158.97	335.78	44.72
2026-06-22T15:15:00.4516184+08:00	0x04	0.3490	-0.0881	-0.5472	0.7557	280.06	325.20	25.53
2026-06-22T15:15:00.4516184+08:00	0x06	0.0054	0.0156	-0.4362	0.8997	308.28	1.34	1.34
2026-06-22T15:15:00.4516184+08:00	0x03	-0.0199	-0.0053	-0.7763	-0.6300	101.89	2.15	0.97
2026-06-22T15:15:00.4516184+08:00	0x09	0.0772	0.0011	-0.0220	0.9968	357.47	359.93	8.85
2026-06-22T15:15:00.4516184+08:00	0x02	-0.1212	-0.4022	0.9033	0.0876	158.85	335.91	44.86
2026-06-22T15:15:00.4516184+08:00	0x08	0.0475	-0.0110	0.2334	0.9712	27.03	0.05	5.58
2026-06-22T15:15:00.4516184+08:00	0x01	-0.3861	-0.4236	0.7742	-0.2686	190.13	312.81	59.69
2026-06-22T15:15:00.4516184+08:00	0x03	0.0004	0.0047	-0.7734	-0.6338	101.33	359.62	0.38
2026-06-22T15:15:00.4516184+08:00	0x09	0.0772	0.0011	-0.0220	0.9968	357.47	359.93	8.85
2026-06-22T15:15:00.4516184+08:00	0x02	-0.1217	-0.3998	0.9043	0.0869	159.06	336.00	44.58
2026-06-22T15:15:00.4516184+08:00	0x09	0.0772	0.0011	-0.0220	0.9968	357.47	359.93	8.85
2026-06-22T15:15:00.4516184+08:00	0x07	0.0072	-0.0332	-0.2977	0.9541	325.35	356.12	359.65
2026-06-22T15:15:00.4526565+08:00	0x01	-0.3867	-0.4217	0.7749	-0.2686	190.21	312.79	59.46
2026-06-22T15:15:00.4526565+08:00	0x03	0.0121	0.0097	-0.7713	-0.6363	100.95	358.22	359.98
2026-06-22T15:15:00.4526565+08:00	0x02	-0.1217	-0.3990	0.9047	0.0861	159.23	336.10	44.51
2026-06-22T15:15:00.4526565+08:00	0x04	0.3653	-0.0586	-0.4710	0.8008	289.95	328.91	31.99
2026-06-22T15:15:00.4526565+08:00	0x07	0.0072	-0.0332	-0.2977	0.9541	325.35	356.12	359.65
2026-06-22T15:15:00.4526565+08:00	0x01	-0.3871	-0.4208	0.7750	-0.2691	190.34	312.83	59.39
2026-06-22T15:15:00.4526565+08:00	0x06	0.0054	0.0156	-0.4362	0.8997	308.28	1.33	1.34
2026-06-22T15:15:00.4526565+08:00	0x03	0.0240	0.0144	-0.7681	-0.6397	100.43	356.83	359.51
2026-06-22T15:15:00.4526565+08:00	0x07	0.0072	-0.0332	-0.2977	0.9541	325.35	356.12	359.65
2026-06-22T15:15:00.4526565+08:00	0x04	0.3690	-0.0530	-0.4579	0.8071	291.61	329.61	33.17
2026-06-22T15:15:00.4526565+08:00	0x01	-0.3879	-0.4215	0.7736	-0.2710	190.50	312.76	59.58
2026-06-22T15:15:00.4526565+08:00	0x09	0.0772	0.0011	-0.0220	0.9968	357.47	359.93	8.86
2026-06-22T15:15:00.4526565+08:00	0x03	0.0304	0.0183	-0.7657	-0.6422	100.05	355.98	359.36
2026-06-22T15:15:00.4526565+08:00	0x06	0.0054	0.0156	-0.4362	0.8997	308.28	1.33	1.34
2026-06-22T15:15:00.4526565+08:00	0x02	-0.1229	-0.4005	0.9040	0.0848	159.26	335.91	44.69
2026-06-22T15:15:00.4526565+08:00	0x09	0.0772	0.0011	-0.0220	0.9968	357.47	359.93	8.86
2026-06-22T15:15:00.4526565+08:00	0x08	0.0475	-0.0110	0.2334	0.9712	27.03	0.05	5.58
2026-06-22T15:15:00.4526565+08:00	0x01	-0.3881	-0.4214	0.7738	-0.2702	190.36	312.67	59.53
2026-06-22T15:15:00.4526565+08:00	0x03	0.0343	0.0211	-0.7646	-0.6432	99.88	355.43	359.31
2026-06-22T15:15:00.4526565+08:00	0x07	0.0072	-0.0332	-0.2977	0.9541	325.35	356.12	359.65
2026-06-22T15:15:00.4526565+08:00	0x09	0.0772	0.0011	-0.0220	0.9968	357.47	359.93	8.86
2026-06-22T15:15:00.4526565+08:00	0x08	0.0475	-0.0110	0.2334	0.9712	27.03	0.05	5.58
2026-06-22T15:15:00.4526565+08:00	0x01	-0.3867	-0.4206	0.7749	-0.2702	190.59	313.01	59.41
2026-06-22T15:15:00.4526565+08:00	0x03	0.0398	0.0211	-0.7644	-0.6432	99.89	354.95	358.91
2026-06-22T15:15:00.4526565+08:00	0x07	0.0072	-0.0332	-0.2977	0.9541	325.35	356.12	359.65
2026-06-22T15:15:00.4526565+08:00	0x02	-0.1207	-0.3997	0.9048	0.0842	159.53	336.32	44.66
2026-06-22T15:15:00.4526565+08:00	0x09	0.0772	0.0011	-0.0220	0.9968	357.47	359.93	8.86
2026-06-22T15:15:00.4526565+08:00	0x08	0.0475	-0.0110	0.2334	0.9712	27.03	0.04	5.58
2026-06-22T15:15:00.4526565+08:00	0x06	0.0054	0.0156	-0.4362	0.8997	308.28	1.34	1.34
2026-06-22T15:15:00.4526565+08:00	0x01	-0.3877	-0.4215	0.7742	-0.2696	190.28	312.69	59.51
2026-06-22T15:15:00.4526565+08:00	0x03	0.0419	0.0233	-0.7635	-0.6440	99.76	354.61	358.94
2026-06-22T15:15:00.4526565+08:00	0x07	0.0072	-0.0332	-0.2977	0.9541	325.35	356.12	359.65
2026-06-22T15:15:00.4526565+08:00	0x02	-0.1222	-0.4029	0.9031	0.0852	159.10	335.86	44.98
2026-06-22T15:15:00.4526565+08:00	0x09	0.0772	0.0011	-0.0220	0.9968	357.47	359.93	8.86
2026-06-22T15:15:00.4526565+08:00	0x04	0.3739	-0.0402	-0.4371	0.8171	294.45	331.31	35.16
2026-06-22T15:15:00.4526565+08:00	0x08	0.0475	-0.0110	0.2334	0.9712	27.03	0.05	5.59
2026-06-22T15:15:00.4526565+08:00	0x06	0.0054	0.0156	-0.4362	0.8997	308.28	1.33	1.34
2026-06-22T15:15:00.4526565+08:00	0x07	0.0072	-0.0332	-0.2977	0.9541	325.35	356.12	359.65
2026-06-22T15:15:00.4526565+08:00	0x02	-0.1213	-0.4538	0.8778	0.0932	154.37	331.95	50.73
2026-06-22T15:15:00.4526565+08:00	0x04	0.3762	-0.0579	-0.4270	0.8203	295.34	329.63	34.59
2026-06-22T15:15:00.4536540+08:00	0x09	0.0772	0.0011	-0.0220	0.9968	357.47	359.93	8.85
2026-06-22T15:15:00.4536540+08:00	0x08	0.0475	-0.0110	0.2334	0.9712	27.03	0.05	5.59
2026-06-22T15:15:00.4536540+08:00	0x01	-0.3797	-0.4026	0.7595	-0.3419	205.79	322.12	60.60
2026-06-22T15:15:00.4536540+08:00	0x06	0.0054	0.0156	-0.4362	0.8997	308.28	1.33	1.34
2026-06-22T15:15:00.4536540+08:00	0x07	0.0072	-0.0332	-0.2977	0.9541	325.35	356.12	359.65
2026-06-22T15:15:00.4536540+08:00	0x02	-0.0809	-0.5073	0.8541	-0.0814	186.89	353.29	61.61
2026-06-22T15:15:00.4536540+08:00	0x04	0.4333	-0.1081	-0.3759	0.8120	295.90	320.18	38.48
2026-06-22T15:15:00.4536540+08:00	0x08	0.0475	-0.0110	0.2334	0.9712	27.03	0.05	5.59
2026-06-22T15:15:00.4536540+08:00	0x06	0.0054	0.0156	-0.4362	0.8997	308.28	1.34	1.34
2026-06-22T15:15:00.4536540+08:00	0x03	0.0689	-0.0216	-0.8432	-0.5328	115.72	354.62	353.69
2026-06-22T15:15:00.4536540+08:00	0x07	0.0072	-0.0332	-0.2977	0.9541	325.35	356.12	359.65
2026-06-22T15:15:00.4536540+08:00	0x02	-0.0887	-0.5459	0.8228	-0.1307	197.75	359.53	67.15
2026-06-22T15:15:00.4536540+08:00	0x09	0.0772	0.0011	-0.0220	0.9968	357.47	359.93	8.86
2026-06-22T15:15:00.4536540+08:00	0x08	0.0475	-0.0110	0.2334	0.9712	27.03	0.05	5.59
2026-06-22T15:15:00.4536540+08:00	0x01	-0.4450	-0.3539	0.6428	-0.5134	237.20	329.45	65.76
2026-06-22T15:15:00.4536540+08:00	0x06	0.0054	0.0156	-0.4362	0.8997	308.28	1.34	1.34
2026-06-22T15:15:00.4536540+08:00	0x03	0.0384	-0.0156	-0.8473	-0.5294	116.10	357.21	356.15
2026-06-22T15:15:00.4536540+08:00	0x07	0.0072	-0.0332	-0.2977	0.9541	325.35	356.12	359.65
2026-06-22T15:15:00.4536540+08:00	0x02	-0.0138	-0.4552	0.8899	0.0265	174.17	355.24	54.04
2026-06-22T15:15:00.4536540+08:00	0x09	0.0772	0.0011	-0.0220	0.9968	357.47	359.93	8.85
2026-06-22T15:15:00.4536540+08:00	0x06	0.0054	0.0156	-0.4362	0.8997	308.28	1.34	1.34
2026-06-22T15:15:00.4536540+08:00	0x03	0.0057	-0.0074	-0.8262	-0.5633	111.44	359.94	358.93
2026-06-22T15:15:00.4536540+08:00	0x07	0.0072	-0.0332	-0.2977	0.9541	325.35	356.12	359.65
2026-06-22T15:15:00.4536540+08:00	0x02	-0.0799	-0.4514	0.8887	-0.0079	174.41	346.91	53.47
2026-06-22T15:15:00.4536540+08:00	0x04	0.3819	-0.0890	-0.4552	0.7994	290.27	324.72	31.98
2026-06-22T15:15:00.4536540+08:00	0x09	0.0772	0.0011	-0.0220	0.9968	357.47	359.93	8.85
2026-06-22T15:15:00.4536540+08:00	0x06	0.0054	0.0156	-0.4362	0.8997	308.28	1.34	1.34
2026-06-22T15:15:00.4536540+08:00	0x03	0.0041	-0.0071	-0.8091	-0.5876	108.03	0.10	359.07
2026-06-22T15:15:00.4536540+08:00	0x07	0.0072	-0.0332	-0.2977	0.9541	325.35	356.12	359.65
2026-06-22T15:15:00.4536540+08:00	0x09	0.0772	0.0011	-0.0220	0.9968	357.47	359.93	8.85
2026-06-22T15:15:00.4536540+08:00	0x04	0.3788	-0.0907	-0.4569	0.7997	290.29	324.80	31.54
2026-06-22T15:15:00.4536540+08:00	0x08	0.0475	-0.0110	0.2334	0.9712	27.03	0.05	5.58
2026-06-22T15:15:00.4536540+08:00	0x06	0.0054	0.0156	-0.4362	0.8997	308.28	1.34	1.34
2026-06-22T15:15:00.4536540+08:00	0x03	0.0068	-0.0020	-0.7986	-0.6018	106.00	359.51	359.35
2026-06-22T15:15:00.4536540+08:00	0x02	-0.0909	-0.4604	0.8805	0.0674	160.35	338.35	52.99
2026-06-22T15:15:00.4536540+08:00	0x07	0.0072	-0.0332	-0.2977	0.9541	325.35	356.12	359.65
2026-06-22T15:15:00.4536540+08:00	0x04	0.3812	-0.0965	-0.4577	0.7974	289.87	323.95	31.30
2026-06-22T15:15:00.4536540+08:00	0x08	0.0475	-0.0110	0.2334	0.9712	27.03	0.05	5.58
2026-06-22T15:15:00.4546267+08:00	0x06	0.0054	0.0156	-0.4362	0.8997	308.28	1.34	1.34
2026-06-22T15:15:00.4546267+08:00	0x03	0.0120	0.0047	-0.7870	-0.6168	103.84	358.59	359.58
2026-06-22T15:15:00.4546267+08:00	0x02	-0.0885	-0.4582	0.8809	0.0789	158.81	337.99	52.50
2026-06-22T15:15:00.4546267+08:00	0x04	0.3781	-0.0920	-0.4519	0.8027	291.03	324.94	31.60
2026-06-22T15:15:00.4546267+08:00	0x09	0.0772	0.0011	-0.0220	0.9968	357.47	359.93	8.85
2026-06-22T15:15:00.4546267+08:00	0x06	0.0054	0.0156	-0.4362	0.8997	308.28	1.34	1.34
2026-06-22T15:15:00.4546267+08:00	0x03	0.0172	0.0056	-0.7893	-0.6138	104.27	358.06	359.30
2026-06-22T15:15:00.4546267+08:00	0x07	0.0072	-0.0332	-0.2977	0.9541	325.35	356.12	359.65
2026-06-22T15:15:00.4546267+08:00	0x08	0.0475	-0.0110	0.2334	0.9712	27.03	0.04	5.59
2026-06-22T15:15:00.4546267+08:00	0x01	-0.4161	-0.4181	0.7796	-0.2104	177.97	302.74	55.79
2026-06-22T15:15:00.4546267+08:00	0x09	0.0772	0.0011	-0.0220	0.9968	357.47	359.93	8.86
2026-06-22T15:15:00.4546267+08:00	0x06	0.0054	0.0156	-0.4362	0.8997	308.28	1.34	1.34
2026-06-22T15:15:00.4546267+08:00	0x03	0.0226	0.0238	-0.7948	-0.6059	105.34	356.29	0.60
2026-06-22T15:15:00.4546267+08:00	0x07	0.0072	-0.0332	-0.2977	0.9541	325.35	356.12	359.65
2026-06-22T15:15:00.4546267+08:00	0x08	0.0475	-0.0110	0.2334	0.9712	27.03	0.04	5.58
2026-06-22T15:15:00.4546267+08:00	0x09	0.0772	0.0011	-0.0220	0.9968	357.47	359.93	8.85
2026-06-22T15:15:00.4546267+08:00	0x06	0.0054	0.0156	-0.4362	0.8997	308.28	1.34	1.34
2026-06-22T15:15:00.4546267+08:00	0x03	0.0221	0.0221	-0.7972	-0.6028	105.80	356.45	0.49
2026-06-22T15:15:00.4546267+08:00	0x02	-0.0861	-0.4429	0.8866	0.1016	156.40	337.74	50.17
2026-06-22T15:15:00.4546267+08:00	0x07	0.0072	-0.0332	-0.2977	0.9541	325.35	356.12	359.65
2026-06-22T15:15:00.4546267+08:00	0x04	0.3780	-0.0508	-0.4470	0.8092	292.45	329.35	34.49
2026-06-22T15:15:00.4546267+08:00	0x01	-0.4161	-0.4266	0.7787	-0.1961	174.93	301.08	55.85
2026-06-22T15:15:00.4546267+08:00	0x09	0.0772	0.0011	-0.0220	0.9968	357.47	359.93	8.85
2026-06-22T15:15:00.4546267+08:00	0x06	0.0054	0.0156	-0.4362	0.8997	308.28	1.34	1.34
2026-06-22T15:15:00.4546267+08:00	0x03	0.0204	0.0205	-0.7991	-0.6006	106.13	356.72	0.48
2026-06-22T15:15:00.4546267+08:00	0x07	0.0072	-0.0332	-0.2977	0.9541	325.35	356.12	359.65
2026-06-22T15:15:00.4546267+08:00	0x02	-0.0879	-0.4421	0.8863	0.1063	155.59	337.18	49.91
2026-06-22T15:15:00.4546267+08:00	0x08	0.0475	-0.0110	0.2334	0.9712	27.03	0.05	5.58
2026-06-22T15:15:00.4546267+08:00	0x01	-0.4145	-0.4243	0.7806	-0.1968	175.48	301.67	55.65
2026-06-22T15:15:00.4546267+08:00	0x09	0.0772	0.0011	-0.0220	0.9968	357.47	359.93	8.85
2026-06-22T15:15:00.4546267+08:00	0x06	0.0054	0.0156	-0.4362	0.8997	308.28	1.34	1.34
2026-06-22T15:15:00.4546267+08:00	0x07	0.0072	-0.0332	-0.2977	0.9541	325.35	356.12	359.65
2026-06-22T15:15:00.4546267+08:00	0x02	-0.0892	-0.4367	0.8887	0.1072	155.73	337.29	49.21
2026-06-22T15:15:00.4546267+08:00	0x03	0.0230	0.0128	-0.8015	-0.5974	106.62	357.01	359.59
2026-06-22T15:15:00.4546267+08:00	0x04	0.3850	-0.0498	-0.4321	0.8140	294.00	329.36	35.71
2026-06-22T15:15:00.4546267+08:00	0x01	-0.4152	-0.4224	0.7814	-0.1962	175.54	301.68	55.40
2026-06-22T15:15:00.4546267+08:00	0x06	0.0054	0.0156	-0.4362	0.8997	308.28	1.34	1.34
2026-06-22T15:15:00.4546267+08:00	0x03	0.0230	0.0111	-0.8041	-0.5940	107.11	357.13	359.46
2026-06-22T15:15:00.4546267+08:00	0x07	0.0072	-0.0332	-0.2977	0.9541	325.35	356.12	359.65
2026-06-22T15:15:00.4546267+08:00	0x02	-0.0902	-0.4372	0.8881	0.1101	155.19	336.91	49.16
2026-06-22T15:15:00.4546267+08:00	0x08	0.0475	-0.0110	0.2334	0.9712	27.03	0.05	5.58
2026-06-22T15:15:00.4546267+08:00	0x09	0.0772	0.0011	-0.0220	0.9968	357.47	359.93	8.85
2026-06-22T15:15:00.4546267+08:00	0x06	0.0054	0.0156	-0.4362	0.8997	308.28	1.34	1.34
2026-06-22T15:15:00.4546267+08:00	0x03	0.0204	0.0122	-0.8038	-0.5944	107.05	357.28	359.73
2026-06-22T15:15:00.4546267+08:00	0x07	0.0072	-0.0332	-0.2977	0.9541	325.35	356.12	359.65
2026-06-22T15:15:00.4546267+08:00	0x02	-0.0913	-0.4384	0.8871	0.1119	154.74	336.52	49.23
2026-06-22T15:15:00.4546267+08:00	0x04	0.3792	-0.0416	-0.4230	0.8219	296.00	331.23	36.03
2026-06-22T15:15:00.4546267+08:00	0x09	0.0772	0.0011	-0.0220	0.9968	357.47	359.93	8.85
2026-06-22T15:15:00.4546267+08:00	0x06	0.0054	0.0156	-0.4362	0.8997	308.28	1.34	1.34
2026-06-22T15:15:00.4546267+08:00	0x07	0.0072	-0.0332	-0.2977	0.9541	325.35	356.12	359.65
2026-06-22T15:15:00.4546267+08:00	0x02	-0.0919	-0.4377	0.8872	0.1131	154.57	336.41	49.10
2026-06-22T15:15:00.4546267+08:00	0x08	0.0475	-0.0110	0.2334	0.9712	27.03	0.05	5.59
2026-06-22T15:15:00.4546267+08:00	0x01	-0.4167	-0.4215	0.7810	-0.1968	175.57	301.52	55.33
2026-06-22T15:15:00.4546267+08:00	0x04	0.3849	-0.0445	-0.4213	0.8200	295.68	330.42	36.42
2026-06-22T15:15:00.4546267+08:00	0x06	0.0054	0.0156	-0.4362	0.8997	308.28	1.34	1.34
2026-06-22T15:15:00.4546267+08:00	0x07	0.0072	-0.0332	-0.2977	0.9541	325.35	356.12	359.65
2026-06-22T15:15:00.4546267+08:00	0x02	-0.0949	-0.4426	0.8843	0.1141	153.85	335.50	49.57
2026-06-22T15:15:00.4561331+08:00	0x01	-0.4156	-0.4210	0.7825	-0.1944	175.41	301.65	55.12
2026-06-22T15:15:00.4561331+08:00	0x09	0.0772	0.0011	-0.0220	0.9968	357.47	359.93	8.85
2026-06-22T15:15:00.4561331+08:00	0x06	0.0054	0.0156	-0.4362	0.8997	308.28	1.34	1.34
2026-06-22T15:15:00.4561331+08:00	0x03	0.0177	0.0116	-0.8042	-0.5940	107.11	357.58	359.87
2026-06-22T15:15:00.4561331+08:00	0x02	-0.0936	-0.4397	0.8861	0.1131	154.31	336.00	49.29
2026-06-22T15:15:00.4561331+08:00	0x04	0.3822	-0.0416	-0.4202	0.8220	296.15	331.06	36.40
2026-06-22T15:15:00.4561331+08:00	0x08	0.0475	-0.0110	0.2334	0.9712	27.03	0.05	5.58
2026-06-22T15:15:00.4561331+08:00	0x06	0.0054	0.0156	-0.4362	0.8997	308.28	1.33	1.34
2026-06-22T15:15:00.4561331+08:00	0x07	0.0072	-0.0332	-0.2977	0.9541	325.35	356.12	359.65
2026-06-22T15:15:00.4561331+08:00	0x03	0.0169	0.0142	-0.8043	-0.5939	107.11	357.48	0.16
2026-06-22T15:15:00.4561331+08:00	0x02	-0.0928	-0.4373	0.8873	0.1133	154.50	336.27	49.03
2026-06-22T15:15:00.4561331+08:00	0x04	0.3864	-0.0425	-0.4198	0.8201	295.81	330.54	36.74
2026-06-22T15:15:00.4561331+08:00	0x01	-0.4178	-0.4175	0.7833	-0.1939	175.52	301.53	54.69
2026-06-22T15:15:00.4561331+08:00	0x09	0.0772	0.0011	-0.0220	0.9968	357.47	359.93	8.85
2026-06-22T15:15:00.4561331+08:00	0x06	0.0054	0.0156	-0.4362	0.8997	308.28	1.33	1.34
2026-06-22T15:15:00.4561331+08:00	0x03	0.0223	0.0163	-0.8115	-0.5837	108.55	356.84	0.02
2026-06-22T15:15:00.4561331+08:00	0x02	-0.0954	-0.4343	0.8887	0.1123	154.70	336.17	48.62
2026-06-22T15:15:00.4561331+08:00	0x04	0.3925	-0.0468	-0.4171	0.8184	295.54	329.55	37.12
2026-06-22T15:15:00.4561331+08:00	0x01	-0.4249	-0.4013	0.7866	-0.1992	177.36	301.93	53.18
2026-06-22T15:15:00.4561331+08:00	0x09	0.0772	0.0011	-0.0220	0.9968	357.47	359.93	8.85
2026-06-22T15:15:00.4561331+08:00	0x06	0.0054	0.0156	-0.4362	0.8997	308.28	1.33	1.34
2026-06-22T15:15:00.4561331+08:00	0x07	0.0072	-0.0332	-0.2977	0.9541	325.35	356.12	359.65
2026-06-22T15:15:00.4561331+08:00	0x03	0.0176	0.0060	-0.8153	-0.5788	109.26	357.96	359.39
2026-06-22T15:15:00.4561331+08:00	0x02	-0.0949	-0.4357	0.8879	0.1128	154.56	336.11	48.80
2026-06-22T15:15:00.4561331+08:00	0x04	0.3861	-0.0449	-0.4149	0.8226	296.49	330.53	36.73
2026-06-22T15:15:00.4561331+08:00	0x08	0.0475	-0.0110	0.2334	0.9712	27.03	0.05	5.58
2026-06-22T15:15:00.4561331+08:00	0x09	0.0772	0.0011	-0.0220	0.9968	357.47	359.93	8.86
2026-06-22T15:15:00.4561331+08:00	0x06	0.0054	0.0156	-0.4362	0.8997	308.28	1.34	1.34
2026-06-22T15:15:00.4561331+08:00	0x03	0.0112	0.0013	-0.8163	-0.5776	109.44	358.87	359.37
2026-06-22T15:15:00.4561331+08:00	0x04	0.3910	-0.0486	-0.4146	0.8203	296.02	329.64	36.95
2026-06-22T15:15:00.4561331+08:00	0x02	-0.0948	-0.4367	0.8874	0.1133	154.42	336.02	48.90
2026-06-22T15:15:00.4561331+08:00	0x01	-0.4243	-0.4032	0.7855	-0.2008	177.43	301.95	53.51
2026-06-22T15:15:00.4561331+08:00	0x09	0.0772	0.0011	-0.0220	0.9968	357.47	359.93	8.86
2026-06-22T15:15:00.4561331+08:00	0x06	0.0054	0.0156	-0.4362	0.8997	308.28	1.33	1.34
2026-06-22T15:15:00.4561331+08:00	0x03	0.0098	0.0021	-0.8144	-0.5802	109.08	358.95	359.55
2026-06-22T15:15:00.4561331+08:00	0x07	0.0072	-0.0332	-0.2977	0.9541	325.35	356.12	359.65
2026-06-22T15:15:00.4561331+08:00	0x02	-0.0968	-0.4408	0.8850	0.1144	153.80	335.32	49.30
2026-06-22T15:15:00.4561331+08:00	0x08	0.0475	-0.0110	0.2334	0.9712	27.03	0.05	5.58
2026-06-22T15:15:00.4561331+08:00	0x09	0.0772	0.0011	-0.0220	0.9968	357.47	359.93	8.85
2026-06-22T15:15:00.4561331+08:00	0x06	0.0054	0.0156	-0.4362	0.8997	308.28	1.34	1.34
2026-06-22T15:15:00.4561331+08:00	0x03	0.0080	0.0021	-0.8145	-0.5801	109.08	359.11	359.66
2026-06-22T15:15:00.4561331+08:00	0x04	0.3889	-0.0474	-0.4127	0.8223	296.51	330.07	36.90
2026-06-22T15:15:00.4571721+08:00	0x08	0.0474	-0.0110	0.2334	0.9712	27.03	0.05	5.58
2026-06-22T15:15:00.4571721+08:00	0x09	0.0772	0.0011	-0.0220	0.9968	357.47	359.93	8.85
2026-06-22T15:15:00.4571721+08:00	0x06	0.0054	0.0156	-0.4362	0.8997	308.28	1.34	1.34
2026-06-22T15:15:00.4571721+08:00	0x03	0.0086	-0.0021	-0.8151	-0.5793	109.20	359.34	359.23
2026-06-22T15:15:00.4571721+08:00	0x04	0.3916	-0.0548	-0.4131	0.8203	296.03	328.97	36.67
2026-06-22T15:15:00.4571721+08:00	0x08	0.0475	-0.0110	0.2334	0.9712	27.03	0.05	5.58
2026-06-22T15:15:00.4571721+08:00	0x09	0.0772	0.0011	-0.0220	0.9968	357.47	359.93	8.85
2026-06-22T15:15:00.4571721+08:00	0x01	-0.4247	-0.3960	0.7867	-0.2095	179.36	302.96	53.23
2026-06-22T15:15:00.4571721+08:00	0x03	0.0018	-0.0287	-0.8087	-0.5876	107.95	1.76	357.22
2026-06-22T15:15:00.4571721+08:00	0x04	0.4114	-0.0692	-0.4070	0.8126	294.69	325.54	37.75
2026-06-22T15:15:00.4571721+08:00	0x08	0.0475	-0.0110	0.2334	0.9712	27.03	0.05	5.58
2026-06-22T15:15:00.4571721+08:00	0x01	-0.3710	-0.3986	0.8387	-0.0001	156.58	303.19	41.97
2026-06-22T15:15:00.4571721+08:00	0x09	0.0772	0.0011	-0.0220	0.9968	357.47	359.93	8.85
2026-06-22T15:15:00.4571721+08:00	0x06	0.0054	0.0156	-0.4362	0.8997	308.28	1.34	1.34
2026-06-22T15:15:00.4571721+08:00	0x07	0.0071	-0.0332	-0.2977	0.9541	325.35	356.12	359.65
2026-06-22T15:15:00.4571721+08:00	0x02	-0.1556	-0.4113	0.8896	0.1235	151.16	328.33	43.89
2026-06-22T15:15:00.4571721+08:00	0x08	0.0475	-0.0110	0.2334	0.9712	27.03	0.05	5.58
2026-06-22T15:15:00.4571721+08:00	0x01	-0.3711	-0.3768	0.8370	-0.1405	176.24	310.52	47.31
2026-06-22T15:15:00.4571721+08:00	0x06	0.0054	0.0156	-0.4362	0.8997	308.28	1.34	1.34
2026-06-22T15:15:00.4571721+08:00	0x02	-0.0803	-0.4601	0.8840	0.0210	169.09	344.04	54.10
2026-06-22T15:15:00.4571721+08:00	0x09	0.0772	0.0011	-0.0220	0.9968	357.47	359.93	8.85
2026-06-22T15:15:00.4571721+08:00	0x07	0.0072	-0.0332	-0.2977	0.9541	325.35	356.12	359.65
2026-06-22T15:15:00.4571721+08:00	0x08	0.0475	-0.0110	0.2334	0.9712	27.03	0.05	5.58
2026-06-22T15:15:00.4571721+08:00	0x01	-0.4031	-0.3954	0.7858	-0.2523	187.91	309.86	55.57
2026-06-22T15:15:00.4571721+08:00	0x09	0.0772	0.0011	-0.0220	0.9968	357.47	359.93	8.85
2026-06-22T15:15:00.4571721+08:00	0x06	0.0054	0.0156	-0.4362	0.8997	308.28	1.34	1.34
2026-06-22T15:15:00.4571721+08:00	0x02	-0.0493	-0.4752	0.8777	0.0364	168.52	347.43	56.17
2026-06-22T15:15:00.4571721+08:00	0x03	0.0120	-0.0196	-0.7984	-0.6017	105.98	0.25	357.38
2026-06-22T15:15:00.4571721+08:00	0x07	0.0072	-0.0332	-0.2977	0.9541	325.35	356.12	359.65
2026-06-22T15:15:00.4571721+08:00	0x08	0.0475	-0.0110	0.2334	0.9712	27.03	0.05	5.58
2026-06-22T15:15:00.4571721+08:00	0x01	-0.4282	-0.3843	0.7736	-0.2657	188.28	306.42	55.29
2026-06-22T15:15:00.4571721+08:00	0x09	0.0772	0.0011	-0.0220	0.9968	357.47	359.93	8.85
2026-06-22T15:15:00.4571721+08:00	0x06	0.0054	0.0156	-0.4362	0.8997	308.28	1.34	1.34
2026-06-22T15:15:00.4571721+08:00	0x02	-0.0636	-0.4556	0.8861	0.0566	164.70	344.11	53.15
2026-06-22T15:15:00.4571721+08:00	0x04	0.4062	-0.0971	-0.4256	0.8028	291.98	322.38	34.71
2026-06-22T15:15:00.4571721+08:00	0x08	0.0475	-0.0110	0.2334	0.9712	27.03	0.05	5.58
2026-06-22T15:15:00.4571721+08:00	0x01	-0.4315	-0.3781	0.7707	-0.2772	190.22	306.88	55.29
2026-06-22T15:15:00.4571721+08:00	0x06	0.0054	0.0156	-0.4362	0.8997	308.28	1.34	1.34
2026-06-22T15:15:00.4571721+08:00	0x07	0.0072	-0.0332	-0.2977	0.9541	325.35	356.12	359.65
2026-06-22T15:15:00.4581682+08:00	0x03	0.0133	-0.0218	-0.7965	-0.6041	105.64	0.29	357.08
2026-06-22T15:15:00.4581682+08:00	0x02	-0.0709	-0.4492	0.8883	0.0651	163.05	342.55	52.06
2026-06-22T15:15:00.4581682+08:00	0x04	0.4131	-0.1023	-0.4293	0.7966	290.68	320.93	34.77
2026-06-22T15:15:00.4581682+08:00	0x08	0.0475	-0.0110	0.2334	0.9712	27.03	0.05	5.58
2026-06-22T15:15:00.4581682+08:00	0x01	-0.4334	-0.3775	0.7692	-0.2793	190.37	306.65	55.37
2026-06-22T15:15:00.4581682+08:00	0x09	0.0772	0.0011	-0.0220	0.9968	357.47	359.93	8.85
2026-06-22T15:15:00.4581682+08:00	0x02	-0.0741	-0.4484	0.8880	0.0705	161.94	341.63	51.80
2026-06-22T15:15:00.4581682+08:00	0x06	0.0054	0.0156	-0.4362	0.8997	308.28	1.34	1.34
2026-06-22T15:15:00.4581682+08:00	0x04	0.4085	-0.1021	-0.4315	0.7978	290.84	321.39	34.32
2026-06-22T15:15:00.4581682+08:00	0x01	-0.4332	-0.3780	0.7684	-0.2813	190.68	306.81	55.54
2026-06-22T15:15:00.4581682+08:00	0x08	0.0475	-0.0110	0.2334	0.9712	27.03	0.05	5.58
2026-06-22T15:15:00.4581682+08:00	0x09	0.0772	0.0011	-0.0220	0.9968	357.47	359.93	8.85
2026-06-22T15:15:00.4581682+08:00	0x06	0.0054	0.0156	-0.4362	0.8997	308.28	1.34	1.34
2026-06-22T15:15:00.4581682+08:00	0x02	-0.0751	-0.4474	0.8880	0.0756	161.10	341.14	51.55
2026-06-22T15:15:00.4581682+08:00	0x01	-0.4333	-0.3765	0.7688	-0.2817	190.84	306.89	55.40
2026-06-22T15:15:00.4581682+08:00	0x04	0.4171	-0.1078	-0.4323	0.7921	289.75	319.79	34.59
2026-06-22T15:15:00.4581682+08:00	0x09	0.0772	0.0011	-0.0220	0.9968	357.47	359.93	8.86
2026-06-22T15:15:00.4581682+08:00	0x06	0.0054	0.0156	-0.4362	0.8997	308.28	1.34	1.34
2026-06-22T15:15:00.4581682+08:00	0x07	0.0072	-0.0332	-0.2977	0.9541	325.35	356.12	359.65
2026-06-22T15:15:00.4581682+08:00	0x02	-0.0760	-0.4466	0.8879	0.0797	160.42	340.73	51.35
2026-06-22T15:15:00.4581682+08:00	0x04	0.4127	-0.1069	-0.4342	0.7936	289.96	320.32	34.21
2026-06-22T15:15:00.4581682+08:00	0x08	0.0474	-0.0110	0.2334	0.9712	27.03	0.05	5.58
2026-06-22T15:15:00.4581682+08:00	0x01	-0.4329	-0.3771	0.7694	-0.2802	190.62	306.85	55.37
2026-06-22T15:15:00.4581682+08:00	0x03	0.0167	-0.0147	-0.7940	-0.6075	105.17	359.50	357.50
2026-06-22T15:15:00.4581682+08:00	0x09	0.0772	0.0011	-0.0220	0.9968	357.47	359.93	8.86
2026-06-22T15:15:00.4581682+08:00	0x06	0.0054	0.0156	-0.4362	0.8997	308.28	1.34	1.34
2026-06-22T15:15:00.4581682+08:00	0x03	0.0180	-0.0122	-0.7932	-0.6086	105.02	359.21	357.63
2026-06-22T15:15:00.4581682+08:00	0x07	0.0072	-0.0332	-0.2977	0.9541	325.35	356.12	359.65
2026-06-22T15:15:00.4581682+08:00	0x08	0.0474	-0.0110	0.2334	0.9712	27.03	0.05	5.58
2026-06-22T15:15:00.4581682+08:00	0x09	0.0772	0.0011	-0.0220	0.9968	357.47	359.93	8.86
2026-06-22T15:15:00.4581682+08:00	0x06	0.0054	0.0156	-0.4362	0.8997	308.28	1.34	1.34
2026-06-22T15:15:00.4581682+08:00	0x07	0.0072	-0.0333	-0.2977	0.9541	325.35	356.11	359.65
2026-06-22T15:15:00.4581682+08:00	0x04	0.4141	-0.1066	-0.4366	0.7916	289.50	320.11	34.23
2026-06-22T15:15:00.4581682+08:00	0x01	-0.4309	-0.3800	0.7689	-0.2804	190.60	307.08	55.70
2026-06-22T15:15:00.4581682+08:00	0x09	0.0772	0.0011	-0.0220	0.9968	357.47	359.93	8.86
2026-06-22T15:15:00.4581682+08:00	0x06	0.0054	0.0156	-0.4362	0.8997	308.28	1.34	1.34
2026-06-22T15:15:00.4581682+08:00	0x07	0.0072	-0.0333	-0.2977	0.9541	325.35	356.12	359.65
2026-06-22T15:15:00.4581682+08:00	0x03	0.0190	-0.0125	-0.7927	-0.6092	104.93	359.15	357.54
2026-06-22T15:15:00.4581682+08:00	0x01	-0.4310	-0.3819	0.7673	-0.2821	190.70	307.07	56.03
2026-06-22T15:15:00.4591642+08:00	0x09	0.0772	0.0011	-0.0220	0.9968	357.47	359.93	8.86
2026-06-22T15:15:00.4591642+08:00	0x06	0.0054	0.0156	-0.4362	0.8997	308.28	1.34	1.34
2026-06-22T15:15:00.4591642+08:00	0x07	0.0072	-0.0333	-0.2977	0.9541	325.35	356.12	359.65
2026-06-22T15:15:00.4591642+08:00	0x04	0.4106	-0.1024	-0.4394	0.7924	289.53	320.82	34.10
2026-06-22T15:15:00.4591642+08:00	0x03	0.0177	-0.0159	-0.7917	-0.6104	104.75	359.51	357.32
2026-06-22T15:15:00.4591642+08:00	0x08	0.0474	-0.0110	0.2334	0.9712	27.03	0.05	5.58
2026-06-22T15:15:00.4591642+08:00	0x09	0.0772	0.0011	-0.0220	0.9968	357.47	359.93	8.86
2026-06-22T15:15:00.4591642+08:00	0x06	0.0054	0.0156	-0.4362	0.8997	308.28	1.34	1.34
2026-06-22T15:15:00.4591642+08:00	0x04	0.4186	-0.1066	-0.4363	0.7893	289.06	319.59	34.60
2026-06-22T15:15:00.4591642+08:00	0x03	0.0208	-0.0217	-0.7916	-0.6102	104.76	359.63	356.57
2026-06-22T15:15:00.4591642+08:00	0x09	0.0772	0.0011	-0.0220	0.9968	357.47	359.93	8.86
2026-06-22T15:15:00.4591642+08:00	0x06	0.0054	0.0156	-0.4362	0.8997	308.28	1.33	1.34
2026-06-22T15:15:00.4591642+08:00	0x04	0.4196	-0.1060	-0.4380	0.7879	288.72	319.47	34.64
2026-06-22T15:15:00.4591642+08:00	0x07	0.0072	-0.0333	-0.2977	0.9541	325.35	356.12	359.65
2026-06-22T15:15:00.4591642+08:00	0x03	0.0214	-0.0256	-0.7953	-0.6053	105.45	359.83	356.18
2026-06-22T15:15:00.4591642+08:00	0x09	0.0772	0.0011	-0.0220	0.9968	357.47	359.93	8.86
2026-06-22T15:15:00.4591642+08:00	0x06	0.0054	0.0156	-0.4362	0.8997	308.28	1.33	1.34
2026-06-22T15:15:00.4591642+08:00	0x07	0.0072	-0.0333	-0.2977	0.9541	325.35	356.12	359.65
2026-06-22T15:15:00.4591642+08:00	0x02	-0.1970	-0.3612	0.9036	0.1194	153.26	326.24	37.28
2026-06-22T15:15:00.4591642+08:00	0x03	0.0179	-0.0247	-0.7947	-0.6062	105.33	0.09	356.51
2026-06-22T15:15:00.4591642+08:00	0x09	0.0772	0.0011	-0.0220	0.9968	357.47	359.93	8.86
2026-06-22T15:15:00.4591642+08:00	0x06	0.0054	0.0156	-0.4362	0.8997	308.28	1.33	1.34
2026-06-22T15:15:00.4591642+08:00	0x07	0.0072	-0.0332	-0.2977	0.9541	325.35	356.12	359.65
2026-06-22T15:15:00.4591642+08:00	0x03	0.0186	-0.0269	-0.7987	-0.6008	106.09	0.16	356.25
2026-06-22T15:15:00.4591642+08:00	0x01	-0.3779	-0.3732	0.8451	0.0610	151.66	302.50	35.78
2026-06-22T15:15:00.4591642+08:00	0x09	0.0772	0.0011	-0.0220	0.9968	357.47	359.93	8.86
2026-06-22T15:15:00.4591642+08:00	0x08	0.0475	-0.0110	0.2334	0.9712	27.03	0.05	5.59
2026-06-22T15:15:00.4591642+08:00	0x06	0.0054	0.0156	-0.4362	0.8997	308.28	1.33	1.34
2026-06-22T15:15:00.4591642+08:00	0x04	0.4210	-0.1022	-0.4400	0.7865	288.35	319.61	34.91
2026-06-22T15:15:00.4591642+08:00	0x02	-0.1972	-0.3725	0.9042	0.0693	159.10	327.67	40.26
2026-06-22T15:15:00.4591642+08:00	0x08	0.0475	-0.0110	0.2334	0.9712	27.03	0.05	5.59
2026-06-22T15:15:00.4591642+08:00	0x09	0.0772	0.0011	-0.0220	0.9968	357.47	359.93	8.86
2026-06-22T15:15:00.4591642+08:00	0x06	0.0054	0.0156	-0.4362	0.8997	308.28	1.33	1.34
2026-06-22T15:15:00.4591642+08:00	0x07	0.0072	-0.0332	-0.2977	0.9541	325.35	356.12	359.65
2026-06-22T15:15:00.4591642+08:00	0x02	-0.0750	-0.4363	0.8952	0.0512	165.65	343.61	50.67
2026-06-22T15:15:00.4591642+08:00	0x08	0.0475	-0.0110	0.2334	0.9712	27.03	0.05	5.58
2026-06-22T15:15:00.4591642+08:00	0x01	-0.3700	-0.3607	0.8258	-0.2257	189.42	316.10	49.71
2026-06-22T15:15:00.4591642+08:00	0x09	0.0772	0.0011	-0.0220	0.9968	357.47	359.93	8.86
2026-06-22T15:15:00.4591642+08:00	0x06	0.0054	0.0156	-0.4362	0.8997	308.28	1.33	1.34
2026-06-22T15:15:00.4601614+08:00	0x04	0.4258	-0.1069	-0.4364	0.7854	288.29	318.72	35.14
2026-06-22T15:15:00.4601614+08:00	0x07	0.0072	-0.0332	-0.2977	0.9541	325.35	356.12	359.65
2026-06-22T15:15:00.4601614+08:00	0x02	-0.0262	-0.4986	0.8664	0.0072	175.62	354.03	59.72
2026-06-22T15:15:00.4601614+08:00	0x03	0.0167	-0.0239	-0.8029	-0.5954	106.88	0.09	356.66
2026-06-22T15:15:00.4601614+08:00	0x09	0.0772	0.0011	-0.0220	0.9968	357.47	359.93	8.86
2026-06-22T15:15:00.4601614+08:00	0x07	0.0072	-0.0332	-0.2977	0.9541	325.35	356.12	359.65
2026-06-22T15:15:00.4601614+08:00	0x06	0.0054	0.0156	-0.4362	0.8997	308.28	1.34	1.34
2026-06-22T15:15:00.4601614+08:00	0x02	-0.0398	-0.4656	0.8836	0.0289	171.12	350.20	55.14
2026-06-22T15:15:00.4601614+08:00	0x03	0.0122	-0.0156	-0.7994	-0.6005	106.18	359.96	357.73
2026-06-22T15:15:00.4601614+08:00	0x08	0.0475	-0.0110	0.2334	0.9712	27.03	0.05	5.58
2026-06-22T15:15:00.4601614+08:00	0x09	0.0772	0.0011	-0.0220	0.9968	357.47	359.93	8.86
2026-06-22T15:15:00.4601614+08:00	0x06	0.0054	0.0156	-0.4362	0.8997	308.28	1.34	1.34
2026-06-22T15:15:00.4601614+08:00	0x04	0.4188	-0.1019	-0.4433	0.7859	288.13	319.78	34.61
2026-06-22T15:15:00.4601614+08:00	0x03	0.0132	-0.0172	-0.8001	-0.5995	106.31	359.97	357.52
2026-06-22T15:15:00.4601614+08:00	0x01	-0.4301	-0.3867	0.7706	-0.2678	188.18	306.00	55.72
2026-06-22T15:15:00.4601614+08:00	0x01	-0.4323	-0.3844	0.7734	-0.2593	186.88	305.18	54.96
2026-06-22T15:15:00.4601614+08:00	0x07	0.0072	-0.0332	-0.2977	0.9541	325.35	356.12	359.65
2026-06-22T15:15:00.4601614+08:00	0x09	0.0772	0.0011	-0.0220	0.9968	357.47	359.93	8.85
2026-06-22T15:15:00.4601614+08:00	0x07	0.0072	-0.0332	-0.2977	0.9541	325.35	356.12	359.65
2026-06-22T15:15:00.4601614+08:00	0x04	0.4188	-0.1028	-0.4430	0.7860	288.16	319.69	34.56
2026-06-22T15:15:00.4601614+08:00	0x03	0.0142	-0.0175	-0.8002	-0.5994	106.33	359.90	357.42
2026-06-22T15:15:00.4601614+08:00	0x01	-0.4323	-0.3844	0.7734	-0.2593	186.88	305.18	54.96
2026-06-22T15:15:00.4601614+08:00	0x01	-0.4287	-0.3872	0.7689	-0.2741	189.24	306.65	56.14
2026-06-22T15:15:00.4601614+08:00	0x07	0.0072	-0.0332	-0.2977	0.9541	325.35	356.12	359.65
2026-06-22T15:15:00.4601614+08:00	0x09	0.0772	0.0011	-0.0220	0.9968	357.47	359.93	8.85
2026-06-22T15:15:00.4601614+08:00	0x07	0.0072	-0.0332	-0.2977	0.9541	325.35	356.12	359.65
2026-06-22T15:15:00.4601614+08:00	0x04	0.4160	-0.1017	-0.4436	0.7873	288.39	320.12	34.38
2026-06-22T15:15:00.4601614+08:00	0x03	0.0143	-0.0182	-0.8005	-0.5989	106.39	359.94	357.35
2026-06-22T15:15:00.4601614+08:00	0x01	-0.4323	-0.3844	0.7734	-0.2593	186.88	305.18	54.96
2026-06-22T15:15:00.4601614+08:00	0x08	0.0475	-0.0110	0.2334	0.9712	27.03	0.04	5.59
2026-06-22T15:15:00.4601614+08:00	0x07	0.0072	-0.0332	-0.2977	0.9541	325.35	356.12	359.65
2026-06-22T15:15:00.4601614+08:00	0x09	0.0772	0.0011	-0.0220	0.9968	357.47	359.93	8.85
2026-06-22T15:15:00.4601614+08:00	0x07	0.0072	-0.0332	-0.2977	0.9541	325.35	356.12	359.65
2026-06-22T15:15:00.4601614+08:00	0x02	-0.1017	-0.4397	0.8897	0.0693	160.58	337.79	50.20
2026-06-22T15:15:00.4601614+08:00	0x04	0.4173	-0.1025	-0.4427	0.7870	288.37	319.92	34.48
2026-06-22T15:15:00.4601614+08:00	0x03	0.0146	-0.0202	-0.8010	-0.5981	106.50	0.05	357.15
2026-06-22T15:15:00.4601614+08:00	0x01	-0.4212	-0.3744	0.7908	-0.2389	185.89	306.83	52.50
2026-06-22T15:15:00.4601614+08:00	0x07	0.0072	-0.0332	-0.2977	0.9541	325.35	356.12	359.65
2026-06-22T15:15:00.4601614+08:00	0x09	0.0772	0.0011	-0.0220	0.9968	357.47	359.93	8.86
2026-06-22T15:15:00.4601614+08:00	0x04	0.4144	-0.1003	-0.4451	0.7875	288.37	320.38	34.29
2026-06-22T15:15:00.4611668+08:00	0x03	0.0134	-0.0187	-0.7994	-0.6003	106.19	0.06	357.37
2026-06-22T15:15:00.4611668+08:00	0x06	0.0054	0.0156	-0.4362	0.8997	308.28	1.33	1.34
2026-06-22T15:15:00.4611668+08:00	0x07	0.0072	-0.0332	-0.2977	0.9541	325.35	356.12	359.65
2026-06-22T15:15:00.4611668+08:00	0x09	0.0772	0.0011	-0.0220	0.9968	357.47	359.93	8.85
2026-06-22T15:15:00.4611668+08:00	0x07	0.0072	-0.0333	-0.2977	0.9541	325.35	356.12	359.65
2026-06-22T15:15:00.4611668+08:00	0x03	0.0144	-0.0193	-0.7994	-0.6003	106.19	0.01	357.25
2026-06-22T15:15:00.4611668+08:00	0x06	0.0054	0.0156	-0.4362	0.8997	308.28	1.34	1.34
2026-06-22T15:15:00.4611668+08:00	0x07	0.0072	-0.0332	-0.2977	0.9541	325.35	356.12	359.65
2026-06-22T15:15:00.4611668+08:00	0x08	0.0475	-0.0110	0.2334	0.9712	27.03	0.05	5.59
2026-06-22T15:15:00.4611668+08:00	0x09	0.0772	0.0011	-0.0220	0.9968	357.47	359.93	8.85
2026-06-22T15:15:00.4611668+08:00	0x07	0.0072	-0.0333	-0.2977	0.9541	325.35	356.12	359.65
2026-06-22T15:15:00.4611668+08:00	0x03	0.0140	-0.0191	-0.8004	-0.5991	106.37	0.02	357.29
2026-06-22T15:15:00.4611668+08:00	0x04	0.4174	-0.1029	-0.4442	0.7861	288.15	319.82	34.39
2026-06-22T15:15:00.4611668+08:00	0x07	0.0072	-0.0332	-0.2977	0.9541	325.35	356.12	359.65
2026-06-22T15:15:00.4611668+08:00	0x08	0.0475	-0.0110	0.2334	0.9712	27.03	0.05	5.59
2026-06-22T15:15:00.4611668+08:00	0x01	-0.4338	-0.3766	0.7817	-0.2429	185.06	304.48	53.08
2026-06-22T15:15:00.4611668+08:00	0x09	0.0772	0.0011	-0.0220	0.9968	357.47	359.93	8.85
2026-06-22T15:15:00.4611668+08:00	0x07	0.0072	-0.0333	-0.2977	0.9541	325.35	356.11	359.65
2026-06-22T15:15:00.4611668+08:00	0x02	-0.1010	-0.4323	0.8938	0.0635	162.01	338.77	49.46
2026-06-22T15:15:00.4611668+08:00	0x07	0.0072	-0.0332	-0.2977	0.9541	325.35	356.12	359.65
2026-06-22T15:15:00.4611668+08:00	0x03	0.0125	-0.0203	-0.8007	-0.5986	106.43	0.25	357.28
2026-06-22T15:15:00.4611668+08:00	0x01	-0.4344	-0.3749	0.7821	-0.2432	185.20	304.49	52.91
2026-06-22T15:15:00.4611668+08:00	0x09	0.0772	0.0011	-0.0220	0.9968	357.47	359.93	8.85
2026-06-22T15:15:00.4611668+08:00	0x07	0.0072	-0.0333	-0.2977	0.9541	325.35	356.11	359.65
2026-06-22T15:15:00.4611668+08:00	0x03	0.0128	-0.0214	-0.8015	-0.5975	106.58	0.30	357.16
2026-06-22T15:15:00.4611668+08:00	0x02	-0.1015	-0.4303	0.8949	0.0615	162.39	338.93	49.25
2026-06-22T15:15:00.4611668+08:00	0x07	0.0072	-0.0332	-0.2977	0.9541	325.35	356.12	359.65
2026-06-22T15:15:00.4611668+08:00	0x01	-0.4342	-0.3751	0.7814	-0.2451	185.47	304.62	53.05
2026-06-22T15:15:00.4611668+08:00	0x09	0.0772	0.0011	-0.0220	0.9968	357.47	359.93	8.86
2026-06-22T15:15:00.4611668+08:00	0x07	0.0072	-0.0333	-0.2977	0.9541	325.35	356.12	359.65
2026-06-22T15:15:00.4611668+08:00	0x03	0.0113	-0.0199	-0.7993	-0.6005	106.16	0.33	357.40
2026-06-22T15:15:00.4611668+08:00	0x04	0.4241	-0.1072	-0.4427	0.7827	287.57	318.65	34.68
2026-06-22T15:15:00.4611668+08:00	0x08	0.0475	-0.0110	0.2334	0.9712	27.03	0.05	5.59
2026-06-22T15:15:00.4611668+08:00	0x01	-0.4346	-0.3762	0.7811	-0.2438	185.15	304.39	53.10
2026-06-22T15:15:00.4611668+08:00	0x09	0.0772	0.0011	-0.0220	0.9968	357.47	359.93	8.86
2026-06-22T15:15:00.4611668+08:00	0x07	0.0072	-0.0333	-0.2977	0.9541	325.35	356.12	359.65
2026-06-22T15:15:00.4611668+08:00	0x02	-0.1005	-0.4336	0.8933	0.0617	162.24	338.89	49.67
2026-06-22T15:15:00.4611668+08:00	0x08	0.0475	-0.0110	0.2334	0.9712	27.03	0.05	5.59
2026-06-22T15:15:00.4611668+08:00	0x01	-0.4346	-0.3780	0.7798	-0.2453	185.19	304.34	53.40
2026-06-22T15:15:00.4611668+08:00	0x06	0.0054	0.0156	-0.4362	0.8997	308.28	1.34	1.34
2026-06-22T15:15:00.4611668+08:00	0x07	0.0072	-0.0333	-0.2977	0.9541	325.35	356.12	359.65
2026-06-22T15:15:00.4611668+08:00	0x04	0.4183	-0.1030	-0.4419	0.7869	288.37	319.79	34.56
2026-06-22T15:15:00.4622047+08:00	0x03	0.0133	-0.0193	-0.7995	-0.6002	106.20	0.11	357.31
2026-06-22T15:15:00.4622047+08:00	0x08	0.0475	-0.0110	0.2334	0.9712	27.03	0.05	5.58
2026-06-22T15:15:00.4622047+08:00	0x09	0.0772	0.0011	-0.0220	0.9968	357.47	359.93	8.86
2026-06-22T15:15:00.5095122+08:00	0x07	0.0072	-0.0332	-0.2977	0.9541	325.35	356.12	359.65
2026-06-22T15:15:00.5510396+08:00	0x06	0.0054	0.0156	-0.4362	0.8997	308.28	1.34	1.34
2026-06-22T15:15:00.6018219+08:00	0x02	-0.1002	-0.4330	0.8937	0.0616	162.32	338.99	49.60
2026-06-22T15:15:00.7028720+08:00	0x01	-0.4340	-0.3763	0.7811	-0.2449	185.36	304.57	53.17
2026-06-22T15:15:00.7508460+08:00	0x03	0.0139	-0.0190	-0.7995	-0.6002	106.21	0.04	357.30
2026-06-22T15:15:00.9301153+08:00	0x08	0.0475	-0.0110	0.2334	0.9712	27.03	0.05	5.58
2026-06-22T15:15:00.9404729+08:00	0x09	0.0772	0.0011	-0.0220	0.9968	357.47	359.93	8.86
2026-06-22T15:15:01.1023610+08:00	0x04	0.4195	-0.1038	-0.4415	0.7863	288.29	319.57	34.62
2026-06-22T15:15:01.1522961+08:00	0x03	0.0124	-0.0207	-0.7995	-0.6001	106.21	0.29	357.25
2026-06-22T15:15:01.2036788+08:00	0x08	0.0475	-0.0110	0.2334	0.9712	27.03	0.05	5.58
2026-06-22T15:15:01.3361918+08:00	0x01	-0.4145	-0.3903	0.7742	-0.2766	190.93	309.56	56.47
2026-06-22T15:15:01.5021927+08:00	0x09	0.0772	0.0011	-0.0220	0.9968	357.47	359.93	8.86
2026-06-22T15:15:01.6704554+08:00	0x07	0.0072	-0.0332	-0.2977	0.9541	325.35	356.12	359.65
2026-06-22T15:15:01.7023253+08:00	0x03	0.0108	-0.0140	-0.7954	-0.6058	105.41	359.99	357.98
